/home/xln/miniconda3/envs/elpis_torch/lib/python3.12/site-packages/torch/nn/modules/transformer.py:379: UserWarning: enable_nested_tensor is True, but self.use_nested_tensor is False because encoder_layer.norm_first was True
  warnings.warn(
Detected K=116, D=960
Using experiment ID: F
Epoch 001 | Batch 10 | val_kld=0.504562 | val_ordacc@10=0.049301 | val_recall@10=0.478227
Epoch 001 | Step 10 | lr=1.000000e-03 | loss=0.936534
Epoch 001 | Batch 20 | val_kld=0.270290 | val_ordacc@10=0.103096 | val_recall@10=0.641045
Epoch 001 | Step 20 | lr=1.000000e-03 | loss=0.350019
Epoch 001 | Batch 30 | val_kld=0.194355 | val_ordacc@10=0.144694 | val_recall@10=0.715379
Epoch 001 | Step 30 | lr=1.000000e-03 | loss=0.206732
Epoch 001 | Batch 40 | val_kld=0.148229 | val_ordacc@10=0.182479 | val_recall@10=0.749122
Epoch 001 | Step 40 | lr=1.000000e-03 | loss=0.169705
Epoch 001 | Batch 50 | val_kld=0.126591 | val_ordacc@10=0.198964 | val_recall@10=0.762026
Epoch 001 | Step 50 | lr=1.000000e-03 | loss=0.133212
Epoch 001 | Batch 60 | val_kld=0.112661 | val_ordacc@10=0.209420 | val_recall@10=0.768845
Epoch 001 | Step 60 | lr=1.000000e-03 | loss=0.123669
Epoch 001 | Batch 70 | val_kld=0.102602 | val_ordacc@10=0.217652 | val_recall@10=0.774811
Epoch 001 | Step 70 | lr=1.000000e-03 | loss=0.117863
Epoch 001 | Batch 80 | val_kld=0.096674 | val_ordacc@10=0.225745 | val_recall@10=0.783456
Epoch 001 | Step 80 | lr=1.000000e-03 | loss=0.106811
Epoch 001 | Batch 90 | val_kld=0.091778 | val_ordacc@10=0.227869 | val_recall@10=0.784744
Epoch 001 | Step 90 | lr=1.000000e-03 | loss=0.101075
Epoch 001 | Batch 100 | val_kld=0.086613 | val_ordacc@10=0.232629 | val_recall@10=0.781765
Epoch 001 | Step 100 | lr=1.000000e-03 | loss=0.095669
Epoch 001 | Batch 110 | val_kld=0.081809 | val_ordacc@10=0.237762 | val_recall@10=0.789350
Epoch 001 | Step 110 | lr=1.000000e-03 | loss=0.092909
Epoch 001 | Batch 120 | val_kld=0.082151 | val_ordacc@10=0.237181 | val_recall@10=0.789219
Epoch 001 | Step 120 | lr=1.000000e-03 | loss=0.085507
Epoch 001 | Batch 130 | val_kld=0.082538 | val_ordacc@10=0.232655 | val_recall@10=0.780662
Epoch 001 | Step 130 | lr=1.000000e-03 | loss=0.090519
Epoch 001 | Batch 140 | val_kld=0.078608 | val_ordacc@10=0.229932 | val_recall@10=0.788205
Epoch 001 | Step 140 | lr=1.000000e-03 | loss=0.082181
Epoch 001 | Batch 150 | val_kld=0.076498 | val_ordacc@10=0.239693 | val_recall@10=0.788554
Epoch 001 | Step 150 | lr=1.000000e-03 | loss=0.083105
Epoch 001 | Batch 160 | val_kld=0.073853 | val_ordacc@10=0.242840 | val_recall@10=0.791570
Epoch 001 | Step 160 | lr=1.000000e-03 | loss=0.081278
Epoch 001 | Batch 170 | val_kld=0.069941 | val_ordacc@10=0.251574 | val_recall@10=0.799669
Epoch 001 | Step 170 | lr=1.000000e-03 | loss=0.080432
Epoch 001 | Batch 180 | val_kld=0.067428 | val_ordacc@10=0.257448 | val_recall@10=0.799023
Epoch 001 | Step 180 | lr=1.000000e-03 | loss=0.074482
Epoch 001 | Batch 190 | val_kld=0.068168 | val_ordacc@10=0.251531 | val_recall@10=0.799233
Epoch 001 | Step 190 | lr=1.000000e-03 | loss=0.074953
Epoch 001 | Batch 200 | val_kld=0.065921 | val_ordacc@10=0.256228 | val_recall@10=0.799680
Epoch 001 | Step 200 | lr=1.000000e-03 | loss=0.072228
Epoch 001 | Batch 210 | val_kld=0.070148 | val_ordacc@10=0.242666 | val_recall@10=0.787939
Epoch 001 | Step 210 | lr=1.000000e-03 | loss=0.075890
Epoch 001 | Batch 220 | val_kld=0.067622 | val_ordacc@10=0.251488 | val_recall@10=0.797560
Epoch 001 | Step 220 | lr=1.000000e-03 | loss=0.073126
Epoch 001 | Batch 230 | val_kld=0.065863 | val_ordacc@10=0.255439 | val_recall@10=0.796045
Epoch 001 | Step 230 | lr=1.000000e-03 | loss=0.069213
Epoch 001 | Batch 240 | val_kld=0.062431 | val_ordacc@10=0.263823 | val_recall@10=0.798473
Epoch 001 | Step 240 | lr=1.000000e-03 | loss=0.070127
Epoch 001 | Batch 250 | val_kld=0.060787 | val_ordacc@10=0.265957 | val_recall@10=0.801317
Epoch 001 | Step 250 | lr=1.000000e-03 | loss=0.069048
Epoch 001 | Batch 260 | val_kld=0.060138 | val_ordacc@10=0.266501 | val_recall@10=0.797581
Epoch 001 | Step 260 | lr=1.000000e-03 | loss=0.065642
Epoch 001 | Batch 270 | val_kld=0.059223 | val_ordacc@10=0.265371 | val_recall@10=0.801880
Epoch 001 | Step 270 | lr=1.000000e-03 | loss=0.067947
Epoch 001 | Batch 280 | val_kld=0.060974 | val_ordacc@10=0.264490 | val_recall@10=0.797243
Epoch 001 | Step 280 | lr=1.000000e-03 | loss=0.067241
Epoch 001 | Batch 290 | val_kld=0.061537 | val_ordacc@10=0.258092 | val_recall@10=0.806468
Epoch 001 | Step 290 | lr=1.000000e-03 | loss=0.067290
Epoch 001 | Batch 300 | val_kld=0.060460 | val_ordacc@10=0.261897 | val_recall@10=0.797164
Epoch 001 | Step 300 | lr=1.000000e-03 | loss=0.062320
Epoch 001 | Batch 310 | val_kld=0.059571 | val_ordacc@10=0.266582 | val_recall@10=0.801246
Epoch 001 | Step 310 | lr=1.000000e-03 | loss=0.067602
Epoch 001 | Batch 320 | val_kld=0.060140 | val_ordacc@10=0.258813 | val_recall@10=0.796415
Epoch 001 | Step 320 | lr=1.000000e-03 | loss=0.063384
Epoch 001 | Batch 330 | val_kld=0.058917 | val_ordacc@10=0.268549 | val_recall@10=0.801474
Epoch 001 | Step 330 | lr=1.000000e-03 | loss=0.064565
Epoch 001 | Batch 340 | val_kld=0.058305 | val_ordacc@10=0.263931 | val_recall@10=0.803542
Epoch 001 | Step 340 | lr=1.000000e-03 | loss=0.063532
Epoch 001 | Batch 350 | val_kld=0.056371 | val_ordacc@10=0.273123 | val_recall@10=0.805007
Epoch 001 | Step 350 | lr=1.000000e-03 | loss=0.060606
Epoch 001 | Batch 360 | val_kld=0.055465 | val_ordacc@10=0.273618 | val_recall@10=0.801673
Epoch 001 | Step 360 | lr=1.000000e-03 | loss=0.062562
Epoch 001 | Batch 370 | val_kld=0.056000 | val_ordacc@10=0.268978 | val_recall@10=0.803335
Epoch 001 | Step 370 | lr=1.000000e-03 | loss=0.059562
Epoch 001 | Batch 380 | val_kld=0.057074 | val_ordacc@10=0.267642 | val_recall@10=0.800066
Epoch 001 | Step 380 | lr=1.000000e-03 | loss=0.057442
Epoch 001 | Batch 390 | val_kld=0.056303 | val_ordacc@10=0.267053 | val_recall@10=0.801999
Epoch 001 | Step 390 | lr=1.000000e-03 | loss=0.061493
Epoch 001 | Batch 400 | val_kld=0.055313 | val_ordacc@10=0.275192 | val_recall@10=0.808475
Epoch 001 | Step 400 | lr=1.000000e-03 | loss=0.061567
Epoch 001 | Batch 410 | val_kld=0.056832 | val_ordacc@10=0.267948 | val_recall@10=0.803571
Epoch 001 | Step 410 | lr=1.000000e-03 | loss=0.065730
Epoch 001 | Batch 420 | val_kld=0.055384 | val_ordacc@10=0.269788 | val_recall@10=0.804632
Epoch 001 | Step 420 | lr=1.000000e-03 | loss=0.061234
Epoch 001 | Batch 430 | val_kld=0.055226 | val_ordacc@10=0.273572 | val_recall@10=0.803889
Epoch 001 | Step 430 | lr=1.000000e-03 | loss=0.063170
Epoch 001 | Batch 440 | val_kld=0.055169 | val_ordacc@10=0.274138 | val_recall@10=0.804556
Epoch 001 | Step 440 | lr=1.000000e-03 | loss=0.060342
Epoch 001 | Batch 450 | val_kld=0.056327 | val_ordacc@10=0.271377 | val_recall@10=0.798588
Epoch 001 | Step 450 | lr=1.000000e-03 | loss=0.058923
Epoch 001 | Batch 460 | val_kld=0.055624 | val_ordacc@10=0.269790 | val_recall@10=0.799238
Epoch 001 | Step 460 | lr=1.000000e-03 | loss=0.058777
Epoch 001 | Batch 470 | val_kld=0.057448 | val_ordacc@10=0.265357 | val_recall@10=0.804070
Epoch 001 | Step 470 | lr=1.000000e-03 | loss=0.061373
Epoch 001 | Batch 480 | val_kld=0.055718 | val_ordacc@10=0.271431 | val_recall@10=0.800621
Epoch 001 | Step 480 | lr=1.000000e-03 | loss=0.060125
Epoch 001 | Batch 490 | val_kld=0.052882 | val_ordacc@10=0.279147 | val_recall@10=0.809837
Epoch 001 | Step 490 | lr=1.000000e-03 | loss=0.059182
Epoch 001 | Batch 500 | val_kld=0.051961 | val_ordacc@10=0.277752 | val_recall@10=0.807721
Epoch 001 | Step 500 | lr=1.000000e-03 | loss=0.056920
Epoch 001 | Batch 510 | val_kld=0.051881 | val_ordacc@10=0.282541 | val_recall@10=0.804566
Epoch 001 | Step 510 | lr=1.000000e-03 | loss=0.054649
Epoch 001 | Batch 520 | val_kld=0.051652 | val_ordacc@10=0.280883 | val_recall@10=0.807472
Epoch 001 | Step 520 | lr=1.000000e-03 | loss=0.053612
Epoch 001 | Batch 530 | val_kld=0.051932 | val_ordacc@10=0.280459 | val_recall@10=0.802071
Epoch 001 | Step 530 | lr=1.000000e-03 | loss=0.057536
Epoch 001 | Batch 540 | val_kld=0.051938 | val_ordacc@10=0.278082 | val_recall@10=0.812626
Epoch 001 | Step 540 | lr=1.000000e-03 | loss=0.056849
Epoch 001 | Batch 550 | val_kld=0.051921 | val_ordacc@10=0.276670 | val_recall@10=0.804695
Epoch 001 | Step 550 | lr=1.000000e-03 | loss=0.055779
Epoch 001 | Batch 560 | val_kld=0.052345 | val_ordacc@10=0.280454 | val_recall@10=0.804627
Epoch 001 | Step 560 | lr=1.000000e-03 | loss=0.054033
Epoch 001 | Batch 570 | val_kld=0.052830 | val_ordacc@10=0.280256 | val_recall@10=0.805768
Epoch 001 | Step 570 | lr=1.000000e-03 | loss=0.057256
Epoch 001 | Batch 580 | val_kld=0.051577 | val_ordacc@10=0.279228 | val_recall@10=0.806043
Epoch 001 | Step 580 | lr=1.000000e-03 | loss=0.054124
Epoch 001 | Batch 590 | val_kld=0.051348 | val_ordacc@10=0.281215 | val_recall@10=0.810219
Epoch 001 | Step 590 | lr=1.000000e-03 | loss=0.055979
Epoch 001 | Batch 600 | val_kld=0.050697 | val_ordacc@10=0.284262 | val_recall@10=0.806135
Epoch 001 | Step 600 | lr=1.000000e-03 | loss=0.056108
Epoch 001 | Batch 610 | val_kld=0.052566 | val_ordacc@10=0.279807 | val_recall@10=0.809695
Epoch 001 | Step 610 | lr=1.000000e-03 | loss=0.052681
Epoch 001 | Batch 620 | val_kld=0.050352 | val_ordacc@10=0.282660 | val_recall@10=0.809804
Epoch 001 | Step 620 | lr=1.000000e-03 | loss=0.056894
Epoch 001 | Batch 630 | val_kld=0.050976 | val_ordacc@10=0.281897 | val_recall@10=0.804021
Epoch 001 | Step 630 | lr=1.000000e-03 | loss=0.057135
Epoch 001 | Batch 640 | val_kld=0.050993 | val_ordacc@10=0.278909 | val_recall@10=0.804254
Epoch 001 | Step 640 | lr=1.000000e-03 | loss=0.055502
Epoch 001 | Batch 650 | val_kld=0.050337 | val_ordacc@10=0.281770 | val_recall@10=0.807165
Epoch 001 | Step 650 | lr=1.000000e-03 | loss=0.055193
Epoch 001 | Batch 660 | val_kld=0.050370 | val_ordacc@10=0.282108 | val_recall@10=0.804236
Epoch 001 | Step 660 | lr=1.000000e-03 | loss=0.055806
Epoch 001 | Batch 670 | val_kld=0.050334 | val_ordacc@10=0.283767 | val_recall@10=0.810329
Epoch 001 | Step 670 | lr=1.000000e-03 | loss=0.055218
Epoch 001 | Batch 680 | val_kld=0.053846 | val_ordacc@10=0.271685 | val_recall@10=0.810363
Epoch 001 | Step 680 | lr=1.000000e-03 | loss=0.055429
Epoch 001 | Batch 690 | val_kld=0.049733 | val_ordacc@10=0.290187 | val_recall@10=0.809887
Epoch 001 | Step 690 | lr=1.000000e-03 | loss=0.054247
Epoch 001 | Batch 700 | val_kld=0.050362 | val_ordacc@10=0.285655 | val_recall@10=0.803707
Epoch 001 | Step 700 | lr=1.000000e-03 | loss=0.053625
Epoch 001 | Batch 710 | val_kld=0.049790 | val_ordacc@10=0.284365 | val_recall@10=0.807465
Epoch 001 | Step 710 | lr=1.000000e-03 | loss=0.054337
Epoch 001 | Batch 720 | val_kld=0.049187 | val_ordacc@10=0.287357 | val_recall@10=0.814202
Epoch 001 | Step 720 | lr=1.000000e-03 | loss=0.051607
Epoch 001 | Batch 730 | val_kld=0.048083 | val_ordacc@10=0.289919 | val_recall@10=0.804731
Epoch 001 | Step 730 | lr=1.000000e-03 | loss=0.052176
Epoch 001 | Batch 740 | val_kld=0.048098 | val_ordacc@10=0.290891 | val_recall@10=0.810972
Epoch 001 | Step 740 | lr=1.000000e-03 | loss=0.053295
Epoch 001 | Batch 750 | val_kld=0.049017 | val_ordacc@10=0.287589 | val_recall@10=0.812381
Epoch 001 | Step 750 | lr=1.000000e-03 | loss=0.055195
Epoch 001 | Batch 760 | val_kld=0.047952 | val_ordacc@10=0.292192 | val_recall@10=0.809976
Epoch 001 | Step 760 | lr=1.000000e-03 | loss=0.053886
Epoch 001 | Batch 770 | val_kld=0.049816 | val_ordacc@10=0.286153 | val_recall@10=0.805953
Epoch 001 | Step 770 | lr=1.000000e-03 | loss=0.055040
Epoch 001 | Batch 780 | val_kld=0.049037 | val_ordacc@10=0.287758 | val_recall@10=0.812469
Epoch 001 | Step 780 | lr=1.000000e-03 | loss=0.053356
Epoch 001 | Batch 790 | val_kld=0.049723 | val_ordacc@10=0.284147 | val_recall@10=0.808770
Epoch 001 | Step 790 | lr=1.000000e-03 | loss=0.053064
Epoch 001 | Batch 800 | val_kld=0.048223 | val_ordacc@10=0.288724 | val_recall@10=0.809944
Epoch 001 | Step 800 | lr=1.000000e-03 | loss=0.055893
Epoch 001 | Batch 810 | val_kld=0.049103 | val_ordacc@10=0.286150 | val_recall@10=0.804057
Epoch 001 | Step 810 | lr=1.000000e-03 | loss=0.054263
Epoch 001 | Batch 820 | val_kld=0.049595 | val_ordacc@10=0.284471 | val_recall@10=0.809379
Epoch 001 | Step 820 | lr=1.000000e-03 | loss=0.050948
Epoch 001 | Batch 830 | val_kld=0.047941 | val_ordacc@10=0.286653 | val_recall@10=0.809153
Epoch 001 | Step 830 | lr=1.000000e-03 | loss=0.050802
Epoch 001 | Batch 840 | val_kld=0.048047 | val_ordacc@10=0.290267 | val_recall@10=0.807198
Epoch 001 | Step 840 | lr=1.000000e-03 | loss=0.055097
Epoch 001 | Batch 850 | val_kld=0.048069 | val_ordacc@10=0.287555 | val_recall@10=0.810936
Epoch 001 | Step 850 | lr=1.000000e-03 | loss=0.050695
Epoch 001 | Batch 860 | val_kld=0.047766 | val_ordacc@10=0.289646 | val_recall@10=0.810673
Epoch 001 | Step 860 | lr=1.000000e-03 | loss=0.052623
Epoch 001 | Batch 870 | val_kld=0.048795 | val_ordacc@10=0.284579 | val_recall@10=0.809047
Epoch 001 | Step 870 | lr=1.000000e-03 | loss=0.051889
Epoch 001 | Batch 880 | val_kld=0.047554 | val_ordacc@10=0.290903 | val_recall@10=0.812414
Epoch 001 | Step 880 | lr=1.000000e-03 | loss=0.049910
Epoch 001 | Batch 890 | val_kld=0.048646 | val_ordacc@10=0.287626 | val_recall@10=0.808006
Epoch 001 | Step 890 | lr=1.000000e-03 | loss=0.054190
Epoch 001 | Batch 900 | val_kld=0.047640 | val_ordacc@10=0.288575 | val_recall@10=0.807491
Epoch 001 | Step 900 | lr=1.000000e-03 | loss=0.052290
Epoch 001 | Batch 910 | val_kld=0.048390 | val_ordacc@10=0.288775 | val_recall@10=0.805517
Epoch 001 | Step 910 | lr=1.000000e-03 | loss=0.050370
Epoch 001 | Batch 920 | val_kld=0.047728 | val_ordacc@10=0.289921 | val_recall@10=0.811245
Epoch 001 | Step 920 | lr=1.000000e-03 | loss=0.053865
Epoch 001 | Batch 930 | val_kld=0.047816 | val_ordacc@10=0.289324 | val_recall@10=0.811347
Epoch 001 | Step 930 | lr=1.000000e-03 | loss=0.050874
Epoch 001 | Batch 940 | val_kld=0.047102 | val_ordacc@10=0.290625 | val_recall@10=0.809654
Epoch 001 | Step 940 | lr=1.000000e-03 | loss=0.050352
Epoch 001 | Batch 950 | val_kld=0.047433 | val_ordacc@10=0.290777 | val_recall@10=0.806450
Epoch 001 | Step 950 | lr=1.000000e-03 | loss=0.053282
Epoch 001 | Batch 960 | val_kld=0.047781 | val_ordacc@10=0.289085 | val_recall@10=0.810195
Epoch 001 | Step 960 | lr=1.000000e-03 | loss=0.051367
epoch 001 | train_kld=0.089997 | val_kld=0.047592 | val_mae=0.003082 | val_mse=0.000121 | ord_acc@10=0.2899 | recall@10=0.8040
Epoch 002 | Step 10 | lr=9.938442e-04 | loss=0.050790
Epoch 002 | Step 20 | lr=9.938442e-04 | loss=0.050783
Epoch 002 | Step 30 | lr=9.938442e-04 | loss=0.048622
Epoch 002 | Step 40 | lr=9.938442e-04 | loss=0.051786
Epoch 002 | Step 50 | lr=9.938442e-04 | loss=0.048799
Epoch 002 | Step 60 | lr=9.938442e-04 | loss=0.050545
Epoch 002 | Step 70 | lr=9.938442e-04 | loss=0.050967
Epoch 002 | Step 80 | lr=9.938442e-04 | loss=0.048624
Epoch 002 | Step 90 | lr=9.938442e-04 | loss=0.049443
Epoch 002 | Step 100 | lr=9.938442e-04 | loss=0.051872
Epoch 002 | Step 110 | lr=9.938442e-04 | loss=0.049798
Epoch 002 | Step 120 | lr=9.938442e-04 | loss=0.050713
Epoch 002 | Step 130 | lr=9.938442e-04 | loss=0.051682
Epoch 002 | Step 140 | lr=9.938442e-04 | loss=0.050311
Epoch 002 | Step 150 | lr=9.938442e-04 | loss=0.048107
Epoch 002 | Step 160 | lr=9.938442e-04 | loss=0.051554
Epoch 002 | Step 170 | lr=9.938442e-04 | loss=0.050209
Epoch 002 | Step 180 | lr=9.938442e-04 | loss=0.052789
Epoch 002 | Step 190 | lr=9.938442e-04 | loss=0.050442
Epoch 002 | Step 200 | lr=9.938442e-04 | loss=0.048145
Epoch 002 | Step 210 | lr=9.938442e-04 | loss=0.050260
Epoch 002 | Step 220 | lr=9.938442e-04 | loss=0.051004
Epoch 002 | Step 230 | lr=9.938442e-04 | loss=0.050164
Epoch 002 | Step 240 | lr=9.938442e-04 | loss=0.049290
Epoch 002 | Step 250 | lr=9.938442e-04 | loss=0.049081
Epoch 002 | Step 260 | lr=9.938442e-04 | loss=0.048087
Epoch 002 | Step 270 | lr=9.938442e-04 | loss=0.051310
Epoch 002 | Step 280 | lr=9.938442e-04 | loss=0.049396
Epoch 002 | Step 290 | lr=9.938442e-04 | loss=0.048752
Epoch 002 | Step 300 | lr=9.938442e-04 | loss=0.049924
Epoch 002 | Step 310 | lr=9.938442e-04 | loss=0.049193
Epoch 002 | Step 320 | lr=9.938442e-04 | loss=0.048996
Epoch 002 | Step 330 | lr=9.938442e-04 | loss=0.050891
Epoch 002 | Step 340 | lr=9.938442e-04 | loss=0.050349
Epoch 002 | Step 350 | lr=9.938442e-04 | loss=0.048385
Epoch 002 | Step 360 | lr=9.938442e-04 | loss=0.047936
Epoch 002 | Step 370 | lr=9.938442e-04 | loss=0.048116
Epoch 002 | Step 380 | lr=9.938442e-04 | loss=0.051083
Epoch 002 | Step 390 | lr=9.938442e-04 | loss=0.049307
Epoch 002 | Step 400 | lr=9.938442e-04 | loss=0.049794
Epoch 002 | Step 410 | lr=9.938442e-04 | loss=0.048299
Epoch 002 | Step 420 | lr=9.938442e-04 | loss=0.048858
Epoch 002 | Step 430 | lr=9.938442e-04 | loss=0.047553
Epoch 002 | Step 440 | lr=9.938442e-04 | loss=0.048402
Epoch 002 | Step 450 | lr=9.938442e-04 | loss=0.051787
Epoch 002 | Step 460 | lr=9.938442e-04 | loss=0.050496
Epoch 002 | Step 470 | lr=9.938442e-04 | loss=0.048527
Epoch 002 | Step 480 | lr=9.938442e-04 | loss=0.049589
Epoch 002 | Step 490 | lr=9.938442e-04 | loss=0.046462
Epoch 002 | Step 500 | lr=9.938442e-04 | loss=0.049185
Epoch 002 | Step 510 | lr=9.938442e-04 | loss=0.048133
Epoch 002 | Step 520 | lr=9.938442e-04 | loss=0.050689
Epoch 002 | Step 530 | lr=9.938442e-04 | loss=0.048659
Epoch 002 | Step 540 | lr=9.938442e-04 | loss=0.047358
Epoch 002 | Step 550 | lr=9.938442e-04 | loss=0.047295
Epoch 002 | Step 560 | lr=9.938442e-04 | loss=0.049251
Epoch 002 | Step 570 | lr=9.938442e-04 | loss=0.048214
Epoch 002 | Step 580 | lr=9.938442e-04 | loss=0.048534
Epoch 002 | Step 590 | lr=9.938442e-04 | loss=0.046763
Epoch 002 | Step 600 | lr=9.938442e-04 | loss=0.048239
Epoch 002 | Step 610 | lr=9.938442e-04 | loss=0.047117
Epoch 002 | Step 620 | lr=9.938442e-04 | loss=0.050048
Epoch 002 | Step 630 | lr=9.938442e-04 | loss=0.048077
Epoch 002 | Step 640 | lr=9.938442e-04 | loss=0.049267
Epoch 002 | Step 650 | lr=9.938442e-04 | loss=0.046663
Epoch 002 | Step 660 | lr=9.938442e-04 | loss=0.048320
Epoch 002 | Step 670 | lr=9.938442e-04 | loss=0.049686
Epoch 002 | Step 680 | lr=9.938442e-04 | loss=0.051073
Epoch 002 | Step 690 | lr=9.938442e-04 | loss=0.047049
Epoch 002 | Step 700 | lr=9.938442e-04 | loss=0.046903
Epoch 002 | Step 710 | lr=9.938442e-04 | loss=0.048701
Epoch 002 | Step 720 | lr=9.938442e-04 | loss=0.048517
Epoch 002 | Step 730 | lr=9.938442e-04 | loss=0.048076
Epoch 002 | Step 740 | lr=9.938442e-04 | loss=0.048555
Epoch 002 | Step 750 | lr=9.938442e-04 | loss=0.045438
Epoch 002 | Step 760 | lr=9.938442e-04 | loss=0.046987
Epoch 002 | Step 770 | lr=9.938442e-04 | loss=0.048430
Epoch 002 | Step 780 | lr=9.938442e-04 | loss=0.047489
Epoch 002 | Step 790 | lr=9.938442e-04 | loss=0.045425
Epoch 002 | Step 800 | lr=9.938442e-04 | loss=0.047753
Epoch 002 | Step 810 | lr=9.938442e-04 | loss=0.046689
Epoch 002 | Step 820 | lr=9.938442e-04 | loss=0.046782
Epoch 002 | Step 830 | lr=9.938442e-04 | loss=0.047667
Epoch 002 | Step 840 | lr=9.938442e-04 | loss=0.045589
Epoch 002 | Step 850 | lr=9.938442e-04 | loss=0.049581
Epoch 002 | Step 860 | lr=9.938442e-04 | loss=0.046619
Epoch 002 | Step 870 | lr=9.938442e-04 | loss=0.048158
Epoch 002 | Step 880 | lr=9.938442e-04 | loss=0.048456
Epoch 002 | Step 890 | lr=9.938442e-04 | loss=0.047116
Epoch 002 | Step 900 | lr=9.938442e-04 | loss=0.048376
Epoch 002 | Step 910 | lr=9.938442e-04 | loss=0.047325
Epoch 002 | Step 920 | lr=9.938442e-04 | loss=0.047507
Epoch 002 | Step 930 | lr=9.938442e-04 | loss=0.047512
Epoch 002 | Step 940 | lr=9.938442e-04 | loss=0.047545
Epoch 002 | Step 950 | lr=9.938442e-04 | loss=0.046400
Epoch 002 | Step 960 | lr=9.938442e-04 | loss=0.046002
epoch 002 | train_kld=0.048688 | val_kld=0.043855 | val_mae=0.002902 | val_mse=0.000109 | ord_acc@10=0.3010 | recall@10=0.8138
Epoch 003 | Step 10 | lr=9.755283e-04 | loss=0.044951
Epoch 003 | Step 20 | lr=9.755283e-04 | loss=0.046727
Epoch 003 | Step 30 | lr=9.755283e-04 | loss=0.047416
Epoch 003 | Step 40 | lr=9.755283e-04 | loss=0.045178
Epoch 003 | Step 50 | lr=9.755283e-04 | loss=0.045108
Epoch 003 | Step 60 | lr=9.755283e-04 | loss=0.046087
Epoch 003 | Step 70 | lr=9.755283e-04 | loss=0.044881
Epoch 003 | Step 80 | lr=9.755283e-04 | loss=0.045780
Epoch 003 | Step 90 | lr=9.755283e-04 | loss=0.045028
Epoch 003 | Step 100 | lr=9.755283e-04 | loss=0.048245
Epoch 003 | Step 110 | lr=9.755283e-04 | loss=0.045410
Epoch 003 | Step 120 | lr=9.755283e-04 | loss=0.046790
Epoch 003 | Step 130 | lr=9.755283e-04 | loss=0.046304
Epoch 003 | Step 140 | lr=9.755283e-04 | loss=0.045904
Epoch 003 | Step 150 | lr=9.755283e-04 | loss=0.045035
Epoch 003 | Step 160 | lr=9.755283e-04 | loss=0.043747
Epoch 003 | Step 170 | lr=9.755283e-04 | loss=0.047766
Epoch 003 | Step 180 | lr=9.755283e-04 | loss=0.047745
Epoch 003 | Step 190 | lr=9.755283e-04 | loss=0.045648
Epoch 003 | Step 200 | lr=9.755283e-04 | loss=0.046116
Epoch 003 | Step 210 | lr=9.755283e-04 | loss=0.045407
Epoch 003 | Step 220 | lr=9.755283e-04 | loss=0.047826
Epoch 003 | Step 230 | lr=9.755283e-04 | loss=0.044337
Epoch 003 | Step 240 | lr=9.755283e-04 | loss=0.044018
Epoch 003 | Step 250 | lr=9.755283e-04 | loss=0.046190
Epoch 003 | Step 260 | lr=9.755283e-04 | loss=0.047883
Epoch 003 | Step 270 | lr=9.755283e-04 | loss=0.046495
Epoch 003 | Step 280 | lr=9.755283e-04 | loss=0.048395
Epoch 003 | Step 290 | lr=9.755283e-04 | loss=0.045998
Epoch 003 | Step 300 | lr=9.755283e-04 | loss=0.048301
Epoch 003 | Step 310 | lr=9.755283e-04 | loss=0.045242
Epoch 003 | Step 320 | lr=9.755283e-04 | loss=0.044295
Epoch 003 | Step 330 | lr=9.755283e-04 | loss=0.046593
Epoch 003 | Step 340 | lr=9.755283e-04 | loss=0.044834
Epoch 003 | Step 350 | lr=9.755283e-04 | loss=0.045002
Epoch 003 | Step 360 | lr=9.755283e-04 | loss=0.046904
Epoch 003 | Step 370 | lr=9.755283e-04 | loss=0.044527
Epoch 003 | Step 380 | lr=9.755283e-04 | loss=0.044354
Epoch 003 | Step 390 | lr=9.755283e-04 | loss=0.045897
Epoch 003 | Step 400 | lr=9.755283e-04 | loss=0.046186
Epoch 003 | Step 410 | lr=9.755283e-04 | loss=0.047082
Epoch 003 | Step 420 | lr=9.755283e-04 | loss=0.045783
Epoch 003 | Step 430 | lr=9.755283e-04 | loss=0.044921
Epoch 003 | Step 440 | lr=9.755283e-04 | loss=0.045281
Epoch 003 | Step 450 | lr=9.755283e-04 | loss=0.046105
Epoch 003 | Step 460 | lr=9.755283e-04 | loss=0.044121
Epoch 003 | Step 470 | lr=9.755283e-04 | loss=0.045221
Epoch 003 | Step 480 | lr=9.755283e-04 | loss=0.045604
Epoch 003 | Step 490 | lr=9.755283e-04 | loss=0.045346
Epoch 003 | Step 500 | lr=9.755283e-04 | loss=0.045987
Epoch 003 | Step 510 | lr=9.755283e-04 | loss=0.045660
Epoch 003 | Step 520 | lr=9.755283e-04 | loss=0.045603
Epoch 003 | Step 530 | lr=9.755283e-04 | loss=0.045210
Epoch 003 | Step 540 | lr=9.755283e-04 | loss=0.045061
Epoch 003 | Step 550 | lr=9.755283e-04 | loss=0.045930
Epoch 003 | Step 560 | lr=9.755283e-04 | loss=0.045964
Epoch 003 | Step 570 | lr=9.755283e-04 | loss=0.046163
Epoch 003 | Step 580 | lr=9.755283e-04 | loss=0.045528
Epoch 003 | Step 590 | lr=9.755283e-04 | loss=0.045083
Epoch 003 | Step 600 | lr=9.755283e-04 | loss=0.043846
Epoch 003 | Step 610 | lr=9.755283e-04 | loss=0.045764
Epoch 003 | Step 620 | lr=9.755283e-04 | loss=0.045768
Epoch 003 | Step 630 | lr=9.755283e-04 | loss=0.043898
Epoch 003 | Step 640 | lr=9.755283e-04 | loss=0.045184
Epoch 003 | Step 650 | lr=9.755283e-04 | loss=0.046891
Epoch 003 | Step 660 | lr=9.755283e-04 | loss=0.043723
Epoch 003 | Step 670 | lr=9.755283e-04 | loss=0.042022
Epoch 003 | Step 680 | lr=9.755283e-04 | loss=0.045213
Epoch 003 | Step 690 | lr=9.755283e-04 | loss=0.044785
Epoch 003 | Step 700 | lr=9.755283e-04 | loss=0.045548
Epoch 003 | Step 710 | lr=9.755283e-04 | loss=0.046042
Epoch 003 | Step 720 | lr=9.755283e-04 | loss=0.045351
Epoch 003 | Step 730 | lr=9.755283e-04 | loss=0.044265
Epoch 003 | Step 740 | lr=9.755283e-04 | loss=0.042950
Epoch 003 | Step 750 | lr=9.755283e-04 | loss=0.046706
Epoch 003 | Step 760 | lr=9.755283e-04 | loss=0.046093
Epoch 003 | Step 770 | lr=9.755283e-04 | loss=0.046938
Epoch 003 | Step 780 | lr=9.755283e-04 | loss=0.045912
Epoch 003 | Step 790 | lr=9.755283e-04 | loss=0.045958
Epoch 003 | Step 800 | lr=9.755283e-04 | loss=0.045057
Epoch 003 | Step 810 | lr=9.755283e-04 | loss=0.045807
Epoch 003 | Step 820 | lr=9.755283e-04 | loss=0.045036
Epoch 003 | Step 830 | lr=9.755283e-04 | loss=0.043211
Epoch 003 | Step 840 | lr=9.755283e-04 | loss=0.045401
Epoch 003 | Step 850 | lr=9.755283e-04 | loss=0.045138
Epoch 003 | Step 860 | lr=9.755283e-04 | loss=0.045372
Epoch 003 | Step 870 | lr=9.755283e-04 | loss=0.046122
Epoch 003 | Step 880 | lr=9.755283e-04 | loss=0.045085
Epoch 003 | Step 890 | lr=9.755283e-04 | loss=0.044742
Epoch 003 | Step 900 | lr=9.755283e-04 | loss=0.042525
Epoch 003 | Step 910 | lr=9.755283e-04 | loss=0.045653
Epoch 003 | Step 920 | lr=9.755283e-04 | loss=0.043323
Epoch 003 | Step 930 | lr=9.755283e-04 | loss=0.045346
Epoch 003 | Step 940 | lr=9.755283e-04 | loss=0.045367
Epoch 003 | Step 950 | lr=9.755283e-04 | loss=0.046570
Epoch 003 | Step 960 | lr=9.755283e-04 | loss=0.043925
epoch 003 | train_kld=0.045909 | val_kld=0.042673 | val_mae=0.002882 | val_mse=0.000104 | ord_acc@10=0.3025 | recall@10=0.8147
Epoch 004 | Step 10 | lr=9.455033e-04 | loss=0.045261
Epoch 004 | Step 20 | lr=9.455033e-04 | loss=0.045156
Epoch 004 | Step 30 | lr=9.455033e-04 | loss=0.044464
Epoch 004 | Step 40 | lr=9.455033e-04 | loss=0.045077
Epoch 004 | Step 50 | lr=9.455033e-04 | loss=0.047984
Epoch 004 | Step 60 | lr=9.455033e-04 | loss=0.044293
Epoch 004 | Step 70 | lr=9.455033e-04 | loss=0.043675
Epoch 004 | Step 80 | lr=9.455033e-04 | loss=0.044729
Epoch 004 | Step 90 | lr=9.455033e-04 | loss=0.045891
Epoch 004 | Step 100 | lr=9.455033e-04 | loss=0.044812
Epoch 004 | Step 110 | lr=9.455033e-04 | loss=0.045196
Epoch 004 | Step 120 | lr=9.455033e-04 | loss=0.044410
Epoch 004 | Step 130 | lr=9.455033e-04 | loss=0.043500
Epoch 004 | Step 140 | lr=9.455033e-04 | loss=0.043864
Epoch 004 | Step 150 | lr=9.455033e-04 | loss=0.046785
Epoch 004 | Step 160 | lr=9.455033e-04 | loss=0.045358
Epoch 004 | Step 170 | lr=9.455033e-04 | loss=0.046129
Epoch 004 | Step 180 | lr=9.455033e-04 | loss=0.043292
Epoch 004 | Step 190 | lr=9.455033e-04 | loss=0.044790
Epoch 004 | Step 200 | lr=9.455033e-04 | loss=0.044466
Epoch 004 | Step 210 | lr=9.455033e-04 | loss=0.046456
Epoch 004 | Step 220 | lr=9.455033e-04 | loss=0.044654
Epoch 004 | Step 230 | lr=9.455033e-04 | loss=0.044505
Epoch 004 | Step 240 | lr=9.455033e-04 | loss=0.042558
Epoch 004 | Step 250 | lr=9.455033e-04 | loss=0.043178
Epoch 004 | Step 260 | lr=9.455033e-04 | loss=0.045502
Epoch 004 | Step 270 | lr=9.455033e-04 | loss=0.044629
Epoch 004 | Step 280 | lr=9.455033e-04 | loss=0.044365
Epoch 004 | Step 290 | lr=9.455033e-04 | loss=0.044822
Epoch 004 | Step 300 | lr=9.455033e-04 | loss=0.044277
Epoch 004 | Step 310 | lr=9.455033e-04 | loss=0.046494
Epoch 004 | Step 320 | lr=9.455033e-04 | loss=0.044452
Epoch 004 | Step 330 | lr=9.455033e-04 | loss=0.046988
Epoch 004 | Step 340 | lr=9.455033e-04 | loss=0.045380
Epoch 004 | Step 350 | lr=9.455033e-04 | loss=0.045965
Epoch 004 | Step 360 | lr=9.455033e-04 | loss=0.045272
Epoch 004 | Step 370 | lr=9.455033e-04 | loss=0.044174
Epoch 004 | Step 380 | lr=9.455033e-04 | loss=0.044782
Epoch 004 | Step 390 | lr=9.455033e-04 | loss=0.043885
Epoch 004 | Step 400 | lr=9.455033e-04 | loss=0.044736
Epoch 004 | Step 410 | lr=9.455033e-04 | loss=0.044496
Epoch 004 | Step 420 | lr=9.455033e-04 | loss=0.045254
Epoch 004 | Step 430 | lr=9.455033e-04 | loss=0.044834
Epoch 004 | Step 440 | lr=9.455033e-04 | loss=0.044248
Epoch 004 | Step 450 | lr=9.455033e-04 | loss=0.044021
Epoch 004 | Step 460 | lr=9.455033e-04 | loss=0.044041
Epoch 004 | Step 470 | lr=9.455033e-04 | loss=0.044237
Epoch 004 | Step 480 | lr=9.455033e-04 | loss=0.043875
Epoch 004 | Step 490 | lr=9.455033e-04 | loss=0.042704
Epoch 004 | Step 500 | lr=9.455033e-04 | loss=0.045636
Epoch 004 | Step 510 | lr=9.455033e-04 | loss=0.044133
Epoch 004 | Step 520 | lr=9.455033e-04 | loss=0.044380
Epoch 004 | Step 530 | lr=9.455033e-04 | loss=0.043704
Epoch 004 | Step 540 | lr=9.455033e-04 | loss=0.045675
Epoch 004 | Step 550 | lr=9.455033e-04 | loss=0.044106
Epoch 004 | Step 560 | lr=9.455033e-04 | loss=0.043130
Epoch 004 | Step 570 | lr=9.455033e-04 | loss=0.044371
Epoch 004 | Step 580 | lr=9.455033e-04 | loss=0.042251
Epoch 004 | Step 590 | lr=9.455033e-04 | loss=0.042667
Epoch 004 | Step 600 | lr=9.455033e-04 | loss=0.042519
Epoch 004 | Step 610 | lr=9.455033e-04 | loss=0.044826
Epoch 004 | Step 620 | lr=9.455033e-04 | loss=0.044623
Epoch 004 | Step 630 | lr=9.455033e-04 | loss=0.043750
Epoch 004 | Step 640 | lr=9.455033e-04 | loss=0.044846
Epoch 004 | Step 650 | lr=9.455033e-04 | loss=0.043442
Epoch 004 | Step 660 | lr=9.455033e-04 | loss=0.044240
Epoch 004 | Step 670 | lr=9.455033e-04 | loss=0.044523
Epoch 004 | Step 680 | lr=9.455033e-04 | loss=0.047323
Epoch 004 | Step 690 | lr=9.455033e-04 | loss=0.045438
Epoch 004 | Step 700 | lr=9.455033e-04 | loss=0.045810
Epoch 004 | Step 710 | lr=9.455033e-04 | loss=0.045035
Epoch 004 | Step 720 | lr=9.455033e-04 | loss=0.045574
Epoch 004 | Step 730 | lr=9.455033e-04 | loss=0.044992
Epoch 004 | Step 740 | lr=9.455033e-04 | loss=0.043745
Epoch 004 | Step 750 | lr=9.455033e-04 | loss=0.043749
Epoch 004 | Step 760 | lr=9.455033e-04 | loss=0.046677
Epoch 004 | Step 770 | lr=9.455033e-04 | loss=0.044943
Epoch 004 | Step 780 | lr=9.455033e-04 | loss=0.045511
Epoch 004 | Step 790 | lr=9.455033e-04 | loss=0.043266
Epoch 004 | Step 800 | lr=9.455033e-04 | loss=0.044906
Epoch 004 | Step 810 | lr=9.455033e-04 | loss=0.044689
Epoch 004 | Step 820 | lr=9.455033e-04 | loss=0.045981
Epoch 004 | Step 830 | lr=9.455033e-04 | loss=0.044852
Epoch 004 | Step 840 | lr=9.455033e-04 | loss=0.042590
Epoch 004 | Step 850 | lr=9.455033e-04 | loss=0.044315
Epoch 004 | Step 860 | lr=9.455033e-04 | loss=0.046170
Epoch 004 | Step 870 | lr=9.455033e-04 | loss=0.045310
Epoch 004 | Step 880 | lr=9.455033e-04 | loss=0.043796
Epoch 004 | Step 890 | lr=9.455033e-04 | loss=0.043266
Epoch 004 | Step 900 | lr=9.455033e-04 | loss=0.044105
Epoch 004 | Step 910 | lr=9.455033e-04 | loss=0.043623
Epoch 004 | Step 920 | lr=9.455033e-04 | loss=0.043861
Epoch 004 | Step 930 | lr=9.455033e-04 | loss=0.043495
Epoch 004 | Step 940 | lr=9.455033e-04 | loss=0.042053
Epoch 004 | Step 950 | lr=9.455033e-04 | loss=0.045543
Epoch 004 | Step 960 | lr=9.455033e-04 | loss=0.043415
epoch 004 | train_kld=0.044445 | val_kld=0.041630 | val_mae=0.002795 | val_mse=0.000097 | ord_acc@10=0.3054 | recall@10=0.8156
Epoch 005 | Step 10 | lr=9.045085e-04 | loss=0.044587
Epoch 005 | Step 20 | lr=9.045085e-04 | loss=0.043378
Epoch 005 | Step 30 | lr=9.045085e-04 | loss=0.044341
Epoch 005 | Step 40 | lr=9.045085e-04 | loss=0.043910
Epoch 005 | Step 50 | lr=9.045085e-04 | loss=0.042920
Epoch 005 | Step 60 | lr=9.045085e-04 | loss=0.042644
Epoch 005 | Step 70 | lr=9.045085e-04 | loss=0.044183
Epoch 005 | Step 80 | lr=9.045085e-04 | loss=0.041924
Epoch 005 | Step 90 | lr=9.045085e-04 | loss=0.041260
Epoch 005 | Step 100 | lr=9.045085e-04 | loss=0.043865
Epoch 005 | Step 110 | lr=9.045085e-04 | loss=0.043567
Epoch 005 | Step 120 | lr=9.045085e-04 | loss=0.045468
Epoch 005 | Step 130 | lr=9.045085e-04 | loss=0.043302
Epoch 005 | Step 140 | lr=9.045085e-04 | loss=0.042827
Epoch 005 | Step 150 | lr=9.045085e-04 | loss=0.043971
Epoch 005 | Step 160 | lr=9.045085e-04 | loss=0.044078
Epoch 005 | Step 170 | lr=9.045085e-04 | loss=0.045360
Epoch 005 | Step 180 | lr=9.045085e-04 | loss=0.043862
Epoch 005 | Step 190 | lr=9.045085e-04 | loss=0.044600
Epoch 005 | Step 200 | lr=9.045085e-04 | loss=0.043448
Epoch 005 | Step 210 | lr=9.045085e-04 | loss=0.042555
Epoch 005 | Step 220 | lr=9.045085e-04 | loss=0.044518
Epoch 005 | Step 230 | lr=9.045085e-04 | loss=0.042715
Epoch 005 | Step 240 | lr=9.045085e-04 | loss=0.042719
Epoch 005 | Step 250 | lr=9.045085e-04 | loss=0.041687
Epoch 005 | Step 260 | lr=9.045085e-04 | loss=0.043672
Epoch 005 | Step 270 | lr=9.045085e-04 | loss=0.043150
Epoch 005 | Step 280 | lr=9.045085e-04 | loss=0.042370
Epoch 005 | Step 290 | lr=9.045085e-04 | loss=0.041988
Epoch 005 | Step 300 | lr=9.045085e-04 | loss=0.045055
Epoch 005 | Step 310 | lr=9.045085e-04 | loss=0.044840
Epoch 005 | Step 320 | lr=9.045085e-04 | loss=0.043467
Epoch 005 | Step 330 | lr=9.045085e-04 | loss=0.043523
Epoch 005 | Step 340 | lr=9.045085e-04 | loss=0.044424
Epoch 005 | Step 350 | lr=9.045085e-04 | loss=0.043537
Epoch 005 | Step 360 | lr=9.045085e-04 | loss=0.044374
Epoch 005 | Step 370 | lr=9.045085e-04 | loss=0.046402
Epoch 005 | Step 380 | lr=9.045085e-04 | loss=0.045182
Epoch 005 | Step 390 | lr=9.045085e-04 | loss=0.044052
Epoch 005 | Step 400 | lr=9.045085e-04 | loss=0.043480
Epoch 005 | Step 410 | lr=9.045085e-04 | loss=0.043663
Epoch 005 | Step 420 | lr=9.045085e-04 | loss=0.043678
Epoch 005 | Step 430 | lr=9.045085e-04 | loss=0.044822
Epoch 005 | Step 440 | lr=9.045085e-04 | loss=0.043182
Epoch 005 | Step 450 | lr=9.045085e-04 | loss=0.043200
Epoch 005 | Step 460 | lr=9.045085e-04 | loss=0.043414
Epoch 005 | Step 470 | lr=9.045085e-04 | loss=0.046335
Epoch 005 | Step 480 | lr=9.045085e-04 | loss=0.043353
Epoch 005 | Step 490 | lr=9.045085e-04 | loss=0.042871
Epoch 005 | Step 500 | lr=9.045085e-04 | loss=0.042257
Epoch 005 | Step 510 | lr=9.045085e-04 | loss=0.042662
Epoch 005 | Step 520 | lr=9.045085e-04 | loss=0.042392
Epoch 005 | Step 530 | lr=9.045085e-04 | loss=0.044222
Epoch 005 | Step 540 | lr=9.045085e-04 | loss=0.042825
Epoch 005 | Step 550 | lr=9.045085e-04 | loss=0.042944
Epoch 005 | Step 560 | lr=9.045085e-04 | loss=0.045764
Epoch 005 | Step 570 | lr=9.045085e-04 | loss=0.042457
Epoch 005 | Step 580 | lr=9.045085e-04 | loss=0.044344
Epoch 005 | Step 590 | lr=9.045085e-04 | loss=0.043770
Epoch 005 | Step 600 | lr=9.045085e-04 | loss=0.043077
Epoch 005 | Step 610 | lr=9.045085e-04 | loss=0.042271
Epoch 005 | Step 620 | lr=9.045085e-04 | loss=0.043726
Epoch 005 | Step 630 | lr=9.045085e-04 | loss=0.041330
Epoch 005 | Step 640 | lr=9.045085e-04 | loss=0.043515
Epoch 005 | Step 650 | lr=9.045085e-04 | loss=0.045831
Epoch 005 | Step 660 | lr=9.045085e-04 | loss=0.044126
Epoch 005 | Step 670 | lr=9.045085e-04 | loss=0.042919
Epoch 005 | Step 680 | lr=9.045085e-04 | loss=0.044065
Epoch 005 | Step 690 | lr=9.045085e-04 | loss=0.043587
Epoch 005 | Step 700 | lr=9.045085e-04 | loss=0.044457
Epoch 005 | Step 710 | lr=9.045085e-04 | loss=0.042750
Epoch 005 | Step 720 | lr=9.045085e-04 | loss=0.042811
Epoch 005 | Step 730 | lr=9.045085e-04 | loss=0.044081
Epoch 005 | Step 740 | lr=9.045085e-04 | loss=0.043681
Epoch 005 | Step 750 | lr=9.045085e-04 | loss=0.041415
Epoch 005 | Step 760 | lr=9.045085e-04 | loss=0.041913
Epoch 005 | Step 770 | lr=9.045085e-04 | loss=0.044441
Epoch 005 | Step 780 | lr=9.045085e-04 | loss=0.044208
Epoch 005 | Step 790 | lr=9.045085e-04 | loss=0.045326
Epoch 005 | Step 800 | lr=9.045085e-04 | loss=0.042055
Epoch 005 | Step 810 | lr=9.045085e-04 | loss=0.042173
Epoch 005 | Step 820 | lr=9.045085e-04 | loss=0.042479
Epoch 005 | Step 830 | lr=9.045085e-04 | loss=0.043728
Epoch 005 | Step 840 | lr=9.045085e-04 | loss=0.041855
Epoch 005 | Step 850 | lr=9.045085e-04 | loss=0.043801
Epoch 005 | Step 860 | lr=9.045085e-04 | loss=0.041413
Epoch 005 | Step 870 | lr=9.045085e-04 | loss=0.045745
Epoch 005 | Step 880 | lr=9.045085e-04 | loss=0.040923
Epoch 005 | Step 890 | lr=9.045085e-04 | loss=0.042452
Epoch 005 | Step 900 | lr=9.045085e-04 | loss=0.042653
Epoch 005 | Step 910 | lr=9.045085e-04 | loss=0.043527
Epoch 005 | Step 920 | lr=9.045085e-04 | loss=0.040979
Epoch 005 | Step 930 | lr=9.045085e-04 | loss=0.041750
Epoch 005 | Step 940 | lr=9.045085e-04 | loss=0.042652
Epoch 005 | Step 950 | lr=9.045085e-04 | loss=0.040189
Epoch 005 | Step 960 | lr=9.045085e-04 | loss=0.043625
epoch 005 | train_kld=0.043258 | val_kld=0.041134 | val_mae=0.002781 | val_mse=0.000097 | ord_acc@10=0.3081 | recall@10=0.8215
Epoch 006 | Step 10 | lr=8.535534e-04 | loss=0.041849
Epoch 006 | Step 20 | lr=8.535534e-04 | loss=0.043162
Epoch 006 | Step 30 | lr=8.535534e-04 | loss=0.040499
Epoch 006 | Step 40 | lr=8.535534e-04 | loss=0.043212
Epoch 006 | Step 50 | lr=8.535534e-04 | loss=0.042332
Epoch 006 | Step 60 | lr=8.535534e-04 | loss=0.043465
Epoch 006 | Step 70 | lr=8.535534e-04 | loss=0.041835
Epoch 006 | Step 80 | lr=8.535534e-04 | loss=0.041929
Epoch 006 | Step 90 | lr=8.535534e-04 | loss=0.043285
Epoch 006 | Step 100 | lr=8.535534e-04 | loss=0.043805
Epoch 006 | Step 110 | lr=8.535534e-04 | loss=0.043479
Epoch 006 | Step 120 | lr=8.535534e-04 | loss=0.041937
Epoch 006 | Step 130 | lr=8.535534e-04 | loss=0.042074
Epoch 006 | Step 140 | lr=8.535534e-04 | loss=0.042404
Epoch 006 | Step 150 | lr=8.535534e-04 | loss=0.042403
Epoch 006 | Step 160 | lr=8.535534e-04 | loss=0.040788
Epoch 006 | Step 170 | lr=8.535534e-04 | loss=0.042084
Epoch 006 | Step 180 | lr=8.535534e-04 | loss=0.043691
Epoch 006 | Step 190 | lr=8.535534e-04 | loss=0.041270
Epoch 006 | Step 200 | lr=8.535534e-04 | loss=0.043396
Epoch 006 | Step 210 | lr=8.535534e-04 | loss=0.040994
Epoch 006 | Step 220 | lr=8.535534e-04 | loss=0.042718
Epoch 006 | Step 230 | lr=8.535534e-04 | loss=0.042790
Epoch 006 | Step 240 | lr=8.535534e-04 | loss=0.043265
Epoch 006 | Step 250 | lr=8.535534e-04 | loss=0.041908
Epoch 006 | Step 260 | lr=8.535534e-04 | loss=0.042919
Epoch 006 | Step 270 | lr=8.535534e-04 | loss=0.044804
Epoch 006 | Step 280 | lr=8.535534e-04 | loss=0.041524
Epoch 006 | Step 290 | lr=8.535534e-04 | loss=0.041879
Epoch 006 | Step 300 | lr=8.535534e-04 | loss=0.042320
Epoch 006 | Step 310 | lr=8.535534e-04 | loss=0.042842
Epoch 006 | Step 320 | lr=8.535534e-04 | loss=0.041796
Epoch 006 | Step 330 | lr=8.535534e-04 | loss=0.043272
Epoch 006 | Step 340 | lr=8.535534e-04 | loss=0.043656
Epoch 006 | Step 350 | lr=8.535534e-04 | loss=0.041963
Epoch 006 | Step 360 | lr=8.535534e-04 | loss=0.041624
Epoch 006 | Step 370 | lr=8.535534e-04 | loss=0.042343
Epoch 006 | Step 380 | lr=8.535534e-04 | loss=0.042105
Epoch 006 | Step 390 | lr=8.535534e-04 | loss=0.043084
Epoch 006 | Step 400 | lr=8.535534e-04 | loss=0.041845
Epoch 006 | Step 410 | lr=8.535534e-04 | loss=0.042936
Epoch 006 | Step 420 | lr=8.535534e-04 | loss=0.042409
Epoch 006 | Step 430 | lr=8.535534e-04 | loss=0.041528
Epoch 006 | Step 440 | lr=8.535534e-04 | loss=0.041541
Epoch 006 | Step 450 | lr=8.535534e-04 | loss=0.042845
Epoch 006 | Step 460 | lr=8.535534e-04 | loss=0.042054
Epoch 006 | Step 470 | lr=8.535534e-04 | loss=0.041070
Epoch 006 | Step 480 | lr=8.535534e-04 | loss=0.043917
Epoch 006 | Step 490 | lr=8.535534e-04 | loss=0.039247
Epoch 006 | Step 500 | lr=8.535534e-04 | loss=0.041348
Epoch 006 | Step 510 | lr=8.535534e-04 | loss=0.041898
Epoch 006 | Step 520 | lr=8.535534e-04 | loss=0.042222
Epoch 006 | Step 530 | lr=8.535534e-04 | loss=0.040859
Epoch 006 | Step 540 | lr=8.535534e-04 | loss=0.041598
Epoch 006 | Step 550 | lr=8.535534e-04 | loss=0.043037
Epoch 006 | Step 560 | lr=8.535534e-04 | loss=0.041731
Epoch 006 | Step 570 | lr=8.535534e-04 | loss=0.041072
Epoch 006 | Step 580 | lr=8.535534e-04 | loss=0.043572
Epoch 006 | Step 590 | lr=8.535534e-04 | loss=0.042930
Epoch 006 | Step 600 | lr=8.535534e-04 | loss=0.043214
Epoch 006 | Step 610 | lr=8.535534e-04 | loss=0.043816
Epoch 006 | Step 620 | lr=8.535534e-04 | loss=0.040995
Epoch 006 | Step 630 | lr=8.535534e-04 | loss=0.041086
Epoch 006 | Step 640 | lr=8.535534e-04 | loss=0.042226
Epoch 006 | Step 650 | lr=8.535534e-04 | loss=0.043141
Epoch 006 | Step 660 | lr=8.535534e-04 | loss=0.041264
Epoch 006 | Step 670 | lr=8.535534e-04 | loss=0.042264
Epoch 006 | Step 680 | lr=8.535534e-04 | loss=0.043020
Epoch 006 | Step 690 | lr=8.535534e-04 | loss=0.043669
Epoch 006 | Step 700 | lr=8.535534e-04 | loss=0.041917
Epoch 006 | Step 710 | lr=8.535534e-04 | loss=0.042383
Epoch 006 | Step 720 | lr=8.535534e-04 | loss=0.042456
Epoch 006 | Step 730 | lr=8.535534e-04 | loss=0.039579
Epoch 006 | Step 740 | lr=8.535534e-04 | loss=0.041109
Epoch 006 | Step 750 | lr=8.535534e-04 | loss=0.043935
Epoch 006 | Step 760 | lr=8.535534e-04 | loss=0.040031
Epoch 006 | Step 770 | lr=8.535534e-04 | loss=0.042606
Epoch 006 | Step 780 | lr=8.535534e-04 | loss=0.042294
Epoch 006 | Step 790 | lr=8.535534e-04 | loss=0.040773
Epoch 006 | Step 800 | lr=8.535534e-04 | loss=0.042642
Epoch 006 | Step 810 | lr=8.535534e-04 | loss=0.042687
Epoch 006 | Step 820 | lr=8.535534e-04 | loss=0.039810
Epoch 006 | Step 830 | lr=8.535534e-04 | loss=0.041051
Epoch 006 | Step 840 | lr=8.535534e-04 | loss=0.042645
Epoch 006 | Step 850 | lr=8.535534e-04 | loss=0.041143
Epoch 006 | Step 860 | lr=8.535534e-04 | loss=0.044088
Epoch 006 | Step 870 | lr=8.535534e-04 | loss=0.044199
Epoch 006 | Step 880 | lr=8.535534e-04 | loss=0.043223
Epoch 006 | Step 890 | lr=8.535534e-04 | loss=0.040989
Epoch 006 | Step 900 | lr=8.535534e-04 | loss=0.042017
Epoch 006 | Step 910 | lr=8.535534e-04 | loss=0.041322
Epoch 006 | Step 920 | lr=8.535534e-04 | loss=0.040832
Epoch 006 | Step 930 | lr=8.535534e-04 | loss=0.041836
Epoch 006 | Step 940 | lr=8.535534e-04 | loss=0.040273
Epoch 006 | Step 950 | lr=8.535534e-04 | loss=0.042015
Epoch 006 | Step 960 | lr=8.535534e-04 | loss=0.042316
epoch 006 | train_kld=0.042367 | val_kld=0.040335 | val_mae=0.002786 | val_mse=0.000091 | ord_acc@10=0.3109 | recall@10=0.8139
Epoch 007 | Step 10 | lr=7.938926e-04 | loss=0.043609
Epoch 007 | Step 20 | lr=7.938926e-04 | loss=0.042746
Epoch 007 | Step 30 | lr=7.938926e-04 | loss=0.040974
Epoch 007 | Step 40 | lr=7.938926e-04 | loss=0.040300
Epoch 007 | Step 50 | lr=7.938926e-04 | loss=0.041825
Epoch 007 | Step 60 | lr=7.938926e-04 | loss=0.044258
Epoch 007 | Step 70 | lr=7.938926e-04 | loss=0.039898
Epoch 007 | Step 80 | lr=7.938926e-04 | loss=0.040561
Epoch 007 | Step 90 | lr=7.938926e-04 | loss=0.042051
Epoch 007 | Step 100 | lr=7.938926e-04 | loss=0.040402
Epoch 007 | Step 110 | lr=7.938926e-04 | loss=0.040764
Epoch 007 | Step 120 | lr=7.938926e-04 | loss=0.043198
Epoch 007 | Step 130 | lr=7.938926e-04 | loss=0.042023
Epoch 007 | Step 140 | lr=7.938926e-04 | loss=0.041050
Epoch 007 | Step 150 | lr=7.938926e-04 | loss=0.042381
Epoch 007 | Step 160 | lr=7.938926e-04 | loss=0.041093
Epoch 007 | Step 170 | lr=7.938926e-04 | loss=0.042551
Epoch 007 | Step 180 | lr=7.938926e-04 | loss=0.039016
Epoch 007 | Step 190 | lr=7.938926e-04 | loss=0.041194
Epoch 007 | Step 200 | lr=7.938926e-04 | loss=0.041235
Epoch 007 | Step 210 | lr=7.938926e-04 | loss=0.042044
Epoch 007 | Step 220 | lr=7.938926e-04 | loss=0.041903
Epoch 007 | Step 230 | lr=7.938926e-04 | loss=0.038510
Epoch 007 | Step 240 | lr=7.938926e-04 | loss=0.041818
Epoch 007 | Step 250 | lr=7.938926e-04 | loss=0.041713
Epoch 007 | Step 260 | lr=7.938926e-04 | loss=0.043587
Epoch 007 | Step 270 | lr=7.938926e-04 | loss=0.040693
Epoch 007 | Step 280 | lr=7.938926e-04 | loss=0.041622
Epoch 007 | Step 290 | lr=7.938926e-04 | loss=0.041586
Epoch 007 | Step 300 | lr=7.938926e-04 | loss=0.042379
Epoch 007 | Step 310 | lr=7.938926e-04 | loss=0.042416
Epoch 007 | Step 320 | lr=7.938926e-04 | loss=0.042492
Epoch 007 | Step 330 | lr=7.938926e-04 | loss=0.041329
Epoch 007 | Step 340 | lr=7.938926e-04 | loss=0.044016
Epoch 007 | Step 350 | lr=7.938926e-04 | loss=0.039844
Epoch 007 | Step 360 | lr=7.938926e-04 | loss=0.040593
Epoch 007 | Step 370 | lr=7.938926e-04 | loss=0.040769
Epoch 007 | Step 380 | lr=7.938926e-04 | loss=0.041170
Epoch 007 | Step 390 | lr=7.938926e-04 | loss=0.042138
Epoch 007 | Step 400 | lr=7.938926e-04 | loss=0.043602
Epoch 007 | Step 410 | lr=7.938926e-04 | loss=0.042475
Epoch 007 | Step 420 | lr=7.938926e-04 | loss=0.041073
Epoch 007 | Step 430 | lr=7.938926e-04 | loss=0.043536
Epoch 007 | Step 440 | lr=7.938926e-04 | loss=0.044147
Epoch 007 | Step 450 | lr=7.938926e-04 | loss=0.040431
Epoch 007 | Step 460 | lr=7.938926e-04 | loss=0.041698
Epoch 007 | Step 470 | lr=7.938926e-04 | loss=0.039517
Epoch 007 | Step 480 | lr=7.938926e-04 | loss=0.042721
Epoch 007 | Step 490 | lr=7.938926e-04 | loss=0.039891
Epoch 007 | Step 500 | lr=7.938926e-04 | loss=0.041575
Epoch 007 | Step 510 | lr=7.938926e-04 | loss=0.042480
Epoch 007 | Step 520 | lr=7.938926e-04 | loss=0.041035
Epoch 007 | Step 530 | lr=7.938926e-04 | loss=0.039951
Epoch 007 | Step 540 | lr=7.938926e-04 | loss=0.040033
Epoch 007 | Step 550 | lr=7.938926e-04 | loss=0.039870
Epoch 007 | Step 560 | lr=7.938926e-04 | loss=0.042251
Epoch 007 | Step 570 | lr=7.938926e-04 | loss=0.041409
Epoch 007 | Step 580 | lr=7.938926e-04 | loss=0.040555
Epoch 007 | Step 590 | lr=7.938926e-04 | loss=0.039679
Epoch 007 | Step 600 | lr=7.938926e-04 | loss=0.039054
Epoch 007 | Step 610 | lr=7.938926e-04 | loss=0.041579
Epoch 007 | Step 620 | lr=7.938926e-04 | loss=0.041302
Epoch 007 | Step 630 | lr=7.938926e-04 | loss=0.041336
Epoch 007 | Step 640 | lr=7.938926e-04 | loss=0.039967
Epoch 007 | Step 650 | lr=7.938926e-04 | loss=0.040648
Epoch 007 | Step 660 | lr=7.938926e-04 | loss=0.041172
Epoch 007 | Step 670 | lr=7.938926e-04 | loss=0.041813
Epoch 007 | Step 680 | lr=7.938926e-04 | loss=0.043727
Epoch 007 | Step 690 | lr=7.938926e-04 | loss=0.039961
Epoch 007 | Step 700 | lr=7.938926e-04 | loss=0.040859
Epoch 007 | Step 710 | lr=7.938926e-04 | loss=0.040523
Epoch 007 | Step 720 | lr=7.938926e-04 | loss=0.041649
Epoch 007 | Step 730 | lr=7.938926e-04 | loss=0.041178
Epoch 007 | Step 740 | lr=7.938926e-04 | loss=0.042923
Epoch 007 | Step 750 | lr=7.938926e-04 | loss=0.042548
Epoch 007 | Step 760 | lr=7.938926e-04 | loss=0.042771
Epoch 007 | Step 770 | lr=7.938926e-04 | loss=0.039927
Epoch 007 | Step 780 | lr=7.938926e-04 | loss=0.041419
Epoch 007 | Step 790 | lr=7.938926e-04 | loss=0.042257
Epoch 007 | Step 800 | lr=7.938926e-04 | loss=0.040708
Epoch 007 | Step 810 | lr=7.938926e-04 | loss=0.039183
Epoch 007 | Step 820 | lr=7.938926e-04 | loss=0.040684
Epoch 007 | Step 830 | lr=7.938926e-04 | loss=0.041289
Epoch 007 | Step 840 | lr=7.938926e-04 | loss=0.042505
Epoch 007 | Step 850 | lr=7.938926e-04 | loss=0.041757
Epoch 007 | Step 860 | lr=7.938926e-04 | loss=0.040974
Epoch 007 | Step 870 | lr=7.938926e-04 | loss=0.043699
Epoch 007 | Step 880 | lr=7.938926e-04 | loss=0.042333
Epoch 007 | Step 890 | lr=7.938926e-04 | loss=0.041805
Epoch 007 | Step 900 | lr=7.938926e-04 | loss=0.042299
Epoch 007 | Step 910 | lr=7.938926e-04 | loss=0.042414
Epoch 007 | Step 920 | lr=7.938926e-04 | loss=0.042047
Epoch 007 | Step 930 | lr=7.938926e-04 | loss=0.041401
Epoch 007 | Step 940 | lr=7.938926e-04 | loss=0.040147
Epoch 007 | Step 950 | lr=7.938926e-04 | loss=0.041190
Epoch 007 | Step 960 | lr=7.938926e-04 | loss=0.040806
epoch 007 | train_kld=0.041601 | val_kld=0.040287 | val_mae=0.002776 | val_mse=0.000093 | ord_acc@10=0.3072 | recall@10=0.8207
Epoch 008 | Step 10 | lr=7.269952e-04 | loss=0.041441
Epoch 008 | Step 20 | lr=7.269952e-04 | loss=0.040169
Epoch 008 | Step 30 | lr=7.269952e-04 | loss=0.042342
Epoch 008 | Step 40 | lr=7.269952e-04 | loss=0.042970
Epoch 008 | Step 50 | lr=7.269952e-04 | loss=0.040435
Epoch 008 | Step 60 | lr=7.269952e-04 | loss=0.042232
Epoch 008 | Step 70 | lr=7.269952e-04 | loss=0.040425
Epoch 008 | Step 80 | lr=7.269952e-04 | loss=0.040547
Epoch 008 | Step 90 | lr=7.269952e-04 | loss=0.040434
Epoch 008 | Step 100 | lr=7.269952e-04 | loss=0.042597
Epoch 008 | Step 110 | lr=7.269952e-04 | loss=0.040812
Epoch 008 | Step 120 | lr=7.269952e-04 | loss=0.039475
Epoch 008 | Step 130 | lr=7.269952e-04 | loss=0.041508
Epoch 008 | Step 140 | lr=7.269952e-04 | loss=0.040368
Epoch 008 | Step 150 | lr=7.269952e-04 | loss=0.039871
Epoch 008 | Step 160 | lr=7.269952e-04 | loss=0.041165
Epoch 008 | Step 170 | lr=7.269952e-04 | loss=0.040238
Epoch 008 | Step 180 | lr=7.269952e-04 | loss=0.040432
Epoch 008 | Step 190 | lr=7.269952e-04 | loss=0.041951
Epoch 008 | Step 200 | lr=7.269952e-04 | loss=0.041397
Epoch 008 | Step 210 | lr=7.269952e-04 | loss=0.041020
Epoch 008 | Step 220 | lr=7.269952e-04 | loss=0.039645
Epoch 008 | Step 230 | lr=7.269952e-04 | loss=0.040793
Epoch 008 | Step 240 | lr=7.269952e-04 | loss=0.039938
Epoch 008 | Step 250 | lr=7.269952e-04 | loss=0.041188
Epoch 008 | Step 260 | lr=7.269952e-04 | loss=0.039404
Epoch 008 | Step 270 | lr=7.269952e-04 | loss=0.038821
Epoch 008 | Step 280 | lr=7.269952e-04 | loss=0.043473
Epoch 008 | Step 290 | lr=7.269952e-04 | loss=0.040821
Epoch 008 | Step 300 | lr=7.269952e-04 | loss=0.041210
Epoch 008 | Step 310 | lr=7.269952e-04 | loss=0.041113
Epoch 008 | Step 320 | lr=7.269952e-04 | loss=0.041343
Epoch 008 | Step 330 | lr=7.269952e-04 | loss=0.039492
Epoch 008 | Step 340 | lr=7.269952e-04 | loss=0.041002
Epoch 008 | Step 350 | lr=7.269952e-04 | loss=0.040634
Epoch 008 | Step 360 | lr=7.269952e-04 | loss=0.040799
Epoch 008 | Step 370 | lr=7.269952e-04 | loss=0.039840
Epoch 008 | Step 380 | lr=7.269952e-04 | loss=0.040148
Epoch 008 | Step 390 | lr=7.269952e-04 | loss=0.039564
Epoch 008 | Step 400 | lr=7.269952e-04 | loss=0.041681
Epoch 008 | Step 410 | lr=7.269952e-04 | loss=0.041303
Epoch 008 | Step 420 | lr=7.269952e-04 | loss=0.040775
Epoch 008 | Step 430 | lr=7.269952e-04 | loss=0.039470
Epoch 008 | Step 440 | lr=7.269952e-04 | loss=0.040704
Epoch 008 | Step 450 | lr=7.269952e-04 | loss=0.041972
Epoch 008 | Step 460 | lr=7.269952e-04 | loss=0.039666
Epoch 008 | Step 470 | lr=7.269952e-04 | loss=0.039059
Epoch 008 | Step 480 | lr=7.269952e-04 | loss=0.041529
Epoch 008 | Step 490 | lr=7.269952e-04 | loss=0.041490
Epoch 008 | Step 500 | lr=7.269952e-04 | loss=0.043160
Epoch 008 | Step 510 | lr=7.269952e-04 | loss=0.040597
Epoch 008 | Step 520 | lr=7.269952e-04 | loss=0.041177
Epoch 008 | Step 530 | lr=7.269952e-04 | loss=0.040360
Epoch 008 | Step 540 | lr=7.269952e-04 | loss=0.038979
Epoch 008 | Step 550 | lr=7.269952e-04 | loss=0.041311
Epoch 008 | Step 560 | lr=7.269952e-04 | loss=0.041337
Epoch 008 | Step 570 | lr=7.269952e-04 | loss=0.041561
Epoch 008 | Step 580 | lr=7.269952e-04 | loss=0.040068
Epoch 008 | Step 590 | lr=7.269952e-04 | loss=0.040579
Epoch 008 | Step 600 | lr=7.269952e-04 | loss=0.039688
Epoch 008 | Step 610 | lr=7.269952e-04 | loss=0.041265
Epoch 008 | Step 620 | lr=7.269952e-04 | loss=0.041699
Epoch 008 | Step 630 | lr=7.269952e-04 | loss=0.040042
Epoch 008 | Step 640 | lr=7.269952e-04 | loss=0.040029
Epoch 008 | Step 650 | lr=7.269952e-04 | loss=0.041977
Epoch 008 | Step 660 | lr=7.269952e-04 | loss=0.040097
Epoch 008 | Step 670 | lr=7.269952e-04 | loss=0.039235
Epoch 008 | Step 680 | lr=7.269952e-04 | loss=0.039857
Epoch 008 | Step 690 | lr=7.269952e-04 | loss=0.040077
Epoch 008 | Step 700 | lr=7.269952e-04 | loss=0.040324
Epoch 008 | Step 710 | lr=7.269952e-04 | loss=0.039512
Epoch 008 | Step 720 | lr=7.269952e-04 | loss=0.041011
Epoch 008 | Step 730 | lr=7.269952e-04 | loss=0.041623
Epoch 008 | Step 740 | lr=7.269952e-04 | loss=0.039643
Epoch 008 | Step 750 | lr=7.269952e-04 | loss=0.040971
Epoch 008 | Step 760 | lr=7.269952e-04 | loss=0.040499
Epoch 008 | Step 770 | lr=7.269952e-04 | loss=0.040357
Epoch 008 | Step 780 | lr=7.269952e-04 | loss=0.040074
Epoch 008 | Step 790 | lr=7.269952e-04 | loss=0.043018
Epoch 008 | Step 800 | lr=7.269952e-04 | loss=0.039301
Epoch 008 | Step 810 | lr=7.269952e-04 | loss=0.041002
Epoch 008 | Step 820 | lr=7.269952e-04 | loss=0.039938
Epoch 008 | Step 830 | lr=7.269952e-04 | loss=0.039886
Epoch 008 | Step 840 | lr=7.269952e-04 | loss=0.040908
Epoch 008 | Step 850 | lr=7.269952e-04 | loss=0.040388
Epoch 008 | Step 860 | lr=7.269952e-04 | loss=0.039821
Epoch 008 | Step 870 | lr=7.269952e-04 | loss=0.042759
Epoch 008 | Step 880 | lr=7.269952e-04 | loss=0.042734
Epoch 008 | Step 890 | lr=7.269952e-04 | loss=0.040581
Epoch 008 | Step 900 | lr=7.269952e-04 | loss=0.039667
Epoch 008 | Step 910 | lr=7.269952e-04 | loss=0.040818
Epoch 008 | Step 920 | lr=7.269952e-04 | loss=0.038879
Epoch 008 | Step 930 | lr=7.269952e-04 | loss=0.043857
Epoch 008 | Step 940 | lr=7.269952e-04 | loss=0.040971
Epoch 008 | Step 950 | lr=7.269952e-04 | loss=0.041491
Epoch 008 | Step 960 | lr=7.269952e-04 | loss=0.043116
epoch 008 | train_kld=0.040859 | val_kld=0.039516 | val_mae=0.002710 | val_mse=0.000088 | ord_acc@10=0.3165 | recall@10=0.8223
Epoch 009 | Step 10 | lr=6.545085e-04 | loss=0.042948
Epoch 009 | Step 20 | lr=6.545085e-04 | loss=0.041111
Epoch 009 | Step 30 | lr=6.545085e-04 | loss=0.040519
Epoch 009 | Step 40 | lr=6.545085e-04 | loss=0.039778
Epoch 009 | Step 50 | lr=6.545085e-04 | loss=0.042671
Epoch 009 | Step 60 | lr=6.545085e-04 | loss=0.039780
Epoch 009 | Step 70 | lr=6.545085e-04 | loss=0.038894
Epoch 009 | Step 80 | lr=6.545085e-04 | loss=0.039961
Epoch 009 | Step 90 | lr=6.545085e-04 | loss=0.041269
Epoch 009 | Step 100 | lr=6.545085e-04 | loss=0.039612
Epoch 009 | Step 110 | lr=6.545085e-04 | loss=0.040102
Epoch 009 | Step 120 | lr=6.545085e-04 | loss=0.040074
Epoch 009 | Step 130 | lr=6.545085e-04 | loss=0.040103
Epoch 009 | Step 140 | lr=6.545085e-04 | loss=0.041376
Epoch 009 | Step 150 | lr=6.545085e-04 | loss=0.039704
Epoch 009 | Step 160 | lr=6.545085e-04 | loss=0.042099
Epoch 009 | Step 170 | lr=6.545085e-04 | loss=0.040252
Epoch 009 | Step 180 | lr=6.545085e-04 | loss=0.039883
Epoch 009 | Step 190 | lr=6.545085e-04 | loss=0.039399
Epoch 009 | Step 200 | lr=6.545085e-04 | loss=0.039791
Epoch 009 | Step 210 | lr=6.545085e-04 | loss=0.040624
Epoch 009 | Step 220 | lr=6.545085e-04 | loss=0.039265
Epoch 009 | Step 230 | lr=6.545085e-04 | loss=0.038977
Epoch 009 | Step 240 | lr=6.545085e-04 | loss=0.041231
Epoch 009 | Step 250 | lr=6.545085e-04 | loss=0.040513
Epoch 009 | Step 260 | lr=6.545085e-04 | loss=0.040564
Epoch 009 | Step 270 | lr=6.545085e-04 | loss=0.040567
Epoch 009 | Step 280 | lr=6.545085e-04 | loss=0.039485
Epoch 009 | Step 290 | lr=6.545085e-04 | loss=0.040635
Epoch 009 | Step 300 | lr=6.545085e-04 | loss=0.041030
Epoch 009 | Step 310 | lr=6.545085e-04 | loss=0.039659
Epoch 009 | Step 320 | lr=6.545085e-04 | loss=0.039064
Epoch 009 | Step 330 | lr=6.545085e-04 | loss=0.040249
Epoch 009 | Step 340 | lr=6.545085e-04 | loss=0.042012
Epoch 009 | Step 350 | lr=6.545085e-04 | loss=0.039427
Epoch 009 | Step 360 | lr=6.545085e-04 | loss=0.041464
Epoch 009 | Step 370 | lr=6.545085e-04 | loss=0.039638
Epoch 009 | Step 380 | lr=6.545085e-04 | loss=0.036977
Epoch 009 | Step 390 | lr=6.545085e-04 | loss=0.040524
Epoch 009 | Step 400 | lr=6.545085e-04 | loss=0.039967
Epoch 009 | Step 410 | lr=6.545085e-04 | loss=0.040803
Epoch 009 | Step 420 | lr=6.545085e-04 | loss=0.038870
Epoch 009 | Step 430 | lr=6.545085e-04 | loss=0.041857
Epoch 009 | Step 440 | lr=6.545085e-04 | loss=0.041420
Epoch 009 | Step 450 | lr=6.545085e-04 | loss=0.038467
Epoch 009 | Step 460 | lr=6.545085e-04 | loss=0.039360
Epoch 009 | Step 470 | lr=6.545085e-04 | loss=0.039375
Epoch 009 | Step 480 | lr=6.545085e-04 | loss=0.041115
Epoch 009 | Step 490 | lr=6.545085e-04 | loss=0.039896
Epoch 009 | Step 500 | lr=6.545085e-04 | loss=0.041764
Epoch 009 | Step 510 | lr=6.545085e-04 | loss=0.043717
Epoch 009 | Step 520 | lr=6.545085e-04 | loss=0.040243
Epoch 009 | Step 530 | lr=6.545085e-04 | loss=0.038950
Epoch 009 | Step 540 | lr=6.545085e-04 | loss=0.039183
Epoch 009 | Step 550 | lr=6.545085e-04 | loss=0.039795
Epoch 009 | Step 560 | lr=6.545085e-04 | loss=0.040017
Epoch 009 | Step 570 | lr=6.545085e-04 | loss=0.040294
Epoch 009 | Step 580 | lr=6.545085e-04 | loss=0.038198
Epoch 009 | Step 590 | lr=6.545085e-04 | loss=0.040638
Epoch 009 | Step 600 | lr=6.545085e-04 | loss=0.039551
Epoch 009 | Step 610 | lr=6.545085e-04 | loss=0.040987
Epoch 009 | Step 620 | lr=6.545085e-04 | loss=0.041111
Epoch 009 | Step 630 | lr=6.545085e-04 | loss=0.037729
Epoch 009 | Step 640 | lr=6.545085e-04 | loss=0.042140
Epoch 009 | Step 650 | lr=6.545085e-04 | loss=0.040094
Epoch 009 | Step 660 | lr=6.545085e-04 | loss=0.039247
Epoch 009 | Step 670 | lr=6.545085e-04 | loss=0.038732
Epoch 009 | Step 680 | lr=6.545085e-04 | loss=0.039728
Epoch 009 | Step 690 | lr=6.545085e-04 | loss=0.041854
Epoch 009 | Step 700 | lr=6.545085e-04 | loss=0.040418
Epoch 009 | Step 710 | lr=6.545085e-04 | loss=0.041914
Epoch 009 | Step 720 | lr=6.545085e-04 | loss=0.041853
Epoch 009 | Step 730 | lr=6.545085e-04 | loss=0.040060
Epoch 009 | Step 740 | lr=6.545085e-04 | loss=0.041194
Epoch 009 | Step 750 | lr=6.545085e-04 | loss=0.038379
Epoch 009 | Step 760 | lr=6.545085e-04 | loss=0.040195
Epoch 009 | Step 770 | lr=6.545085e-04 | loss=0.039547
Epoch 009 | Step 780 | lr=6.545085e-04 | loss=0.039355
Epoch 009 | Step 790 | lr=6.545085e-04 | loss=0.040765
Epoch 009 | Step 800 | lr=6.545085e-04 | loss=0.039838
Epoch 009 | Step 810 | lr=6.545085e-04 | loss=0.039044
Epoch 009 | Step 820 | lr=6.545085e-04 | loss=0.039913
Epoch 009 | Step 830 | lr=6.545085e-04 | loss=0.039035
Epoch 009 | Step 840 | lr=6.545085e-04 | loss=0.038532
Epoch 009 | Step 850 | lr=6.545085e-04 | loss=0.040102
Epoch 009 | Step 860 | lr=6.545085e-04 | loss=0.039012
Epoch 009 | Step 870 | lr=6.545085e-04 | loss=0.040434
Epoch 009 | Step 880 | lr=6.545085e-04 | loss=0.040618
Epoch 009 | Step 890 | lr=6.545085e-04 | loss=0.042035
Epoch 009 | Step 900 | lr=6.545085e-04 | loss=0.040039
Epoch 009 | Step 910 | lr=6.545085e-04 | loss=0.039037
Epoch 009 | Step 920 | lr=6.545085e-04 | loss=0.039947
Epoch 009 | Step 930 | lr=6.545085e-04 | loss=0.040069
Epoch 009 | Step 940 | lr=6.545085e-04 | loss=0.040564
Epoch 009 | Step 950 | lr=6.545085e-04 | loss=0.039652
Epoch 009 | Step 960 | lr=6.545085e-04 | loss=0.039333
epoch 009 | train_kld=0.040172 | val_kld=0.038856 | val_mae=0.002714 | val_mse=0.000086 | ord_acc@10=0.3164 | recall@10=0.8171
Epoch 010 | Step 10 | lr=5.782172e-04 | loss=0.038781
Epoch 010 | Step 20 | lr=5.782172e-04 | loss=0.041706
Epoch 010 | Step 30 | lr=5.782172e-04 | loss=0.038537
Epoch 010 | Step 40 | lr=5.782172e-04 | loss=0.040158
Epoch 010 | Step 50 | lr=5.782172e-04 | loss=0.040262
Epoch 010 | Step 60 | lr=5.782172e-04 | loss=0.038835
Epoch 010 | Step 70 | lr=5.782172e-04 | loss=0.040222
Epoch 010 | Step 80 | lr=5.782172e-04 | loss=0.038936
Epoch 010 | Step 90 | lr=5.782172e-04 | loss=0.040518
Epoch 010 | Step 100 | lr=5.782172e-04 | loss=0.038568
Epoch 010 | Step 110 | lr=5.782172e-04 | loss=0.039137
Epoch 010 | Step 120 | lr=5.782172e-04 | loss=0.038923
Epoch 010 | Step 130 | lr=5.782172e-04 | loss=0.038036
Epoch 010 | Step 140 | lr=5.782172e-04 | loss=0.038944
Epoch 010 | Step 150 | lr=5.782172e-04 | loss=0.038046
Epoch 010 | Step 160 | lr=5.782172e-04 | loss=0.040383
Epoch 010 | Step 170 | lr=5.782172e-04 | loss=0.040003
Epoch 010 | Step 180 | lr=5.782172e-04 | loss=0.039764
Epoch 010 | Step 190 | lr=5.782172e-04 | loss=0.038701
Epoch 010 | Step 200 | lr=5.782172e-04 | loss=0.039101
Epoch 010 | Step 210 | lr=5.782172e-04 | loss=0.039092
Epoch 010 | Step 220 | lr=5.782172e-04 | loss=0.039281
Epoch 010 | Step 230 | lr=5.782172e-04 | loss=0.038164
Epoch 010 | Step 240 | lr=5.782172e-04 | loss=0.038750
Epoch 010 | Step 250 | lr=5.782172e-04 | loss=0.039975
Epoch 010 | Step 260 | lr=5.782172e-04 | loss=0.038604
Epoch 010 | Step 270 | lr=5.782172e-04 | loss=0.040872
Epoch 010 | Step 280 | lr=5.782172e-04 | loss=0.039992
Epoch 010 | Step 290 | lr=5.782172e-04 | loss=0.041250
Epoch 010 | Step 300 | lr=5.782172e-04 | loss=0.041303
Epoch 010 | Step 310 | lr=5.782172e-04 | loss=0.039909
Epoch 010 | Step 320 | lr=5.782172e-04 | loss=0.040886
Epoch 010 | Step 330 | lr=5.782172e-04 | loss=0.039492
Epoch 010 | Step 340 | lr=5.782172e-04 | loss=0.039531
Epoch 010 | Step 350 | lr=5.782172e-04 | loss=0.039362
Epoch 010 | Step 360 | lr=5.782172e-04 | loss=0.040586
Epoch 010 | Step 370 | lr=5.782172e-04 | loss=0.039495
Epoch 010 | Step 380 | lr=5.782172e-04 | loss=0.038460
Epoch 010 | Step 390 | lr=5.782172e-04 | loss=0.039782
Epoch 010 | Step 400 | lr=5.782172e-04 | loss=0.039077
Epoch 010 | Step 410 | lr=5.782172e-04 | loss=0.037972
Epoch 010 | Step 420 | lr=5.782172e-04 | loss=0.040193
Epoch 010 | Step 430 | lr=5.782172e-04 | loss=0.040147
Epoch 010 | Step 440 | lr=5.782172e-04 | loss=0.039535
Epoch 010 | Step 450 | lr=5.782172e-04 | loss=0.040288
Epoch 010 | Step 460 | lr=5.782172e-04 | loss=0.039061
Epoch 010 | Step 470 | lr=5.782172e-04 | loss=0.038965
Epoch 010 | Step 480 | lr=5.782172e-04 | loss=0.041028
Epoch 010 | Step 490 | lr=5.782172e-04 | loss=0.037831
Epoch 010 | Step 500 | lr=5.782172e-04 | loss=0.040811
Epoch 010 | Step 510 | lr=5.782172e-04 | loss=0.039669
Epoch 010 | Step 520 | lr=5.782172e-04 | loss=0.038560
Epoch 010 | Step 530 | lr=5.782172e-04 | loss=0.038354
Epoch 010 | Step 540 | lr=5.782172e-04 | loss=0.039390
Epoch 010 | Step 550 | lr=5.782172e-04 | loss=0.039658
Epoch 010 | Step 560 | lr=5.782172e-04 | loss=0.040077
Epoch 010 | Step 570 | lr=5.782172e-04 | loss=0.039239
Epoch 010 | Step 580 | lr=5.782172e-04 | loss=0.038986
Epoch 010 | Step 590 | lr=5.782172e-04 | loss=0.038732
Epoch 010 | Step 600 | lr=5.782172e-04 | loss=0.039718
Epoch 010 | Step 610 | lr=5.782172e-04 | loss=0.038594
Epoch 010 | Step 620 | lr=5.782172e-04 | loss=0.039009
Epoch 010 | Step 630 | lr=5.782172e-04 | loss=0.037550
Epoch 010 | Step 640 | lr=5.782172e-04 | loss=0.039753
Epoch 010 | Step 650 | lr=5.782172e-04 | loss=0.040620
Epoch 010 | Step 660 | lr=5.782172e-04 | loss=0.039113
Epoch 010 | Step 670 | lr=5.782172e-04 | loss=0.039767
Epoch 010 | Step 680 | lr=5.782172e-04 | loss=0.037868
Epoch 010 | Step 690 | lr=5.782172e-04 | loss=0.040171
Epoch 010 | Step 700 | lr=5.782172e-04 | loss=0.040413
Epoch 010 | Step 710 | lr=5.782172e-04 | loss=0.040205
Epoch 010 | Step 720 | lr=5.782172e-04 | loss=0.039511
Epoch 010 | Step 730 | lr=5.782172e-04 | loss=0.040703
Epoch 010 | Step 740 | lr=5.782172e-04 | loss=0.037974
Epoch 010 | Step 750 | lr=5.782172e-04 | loss=0.039933
Epoch 010 | Step 760 | lr=5.782172e-04 | loss=0.040744
Epoch 010 | Step 770 | lr=5.782172e-04 | loss=0.039333
Epoch 010 | Step 780 | lr=5.782172e-04 | loss=0.039856
Epoch 010 | Step 790 | lr=5.782172e-04 | loss=0.040174
Epoch 010 | Step 800 | lr=5.782172e-04 | loss=0.038739
Epoch 010 | Step 810 | lr=5.782172e-04 | loss=0.037015
Epoch 010 | Step 820 | lr=5.782172e-04 | loss=0.038034
Epoch 010 | Step 830 | lr=5.782172e-04 | loss=0.038735
Epoch 010 | Step 840 | lr=5.782172e-04 | loss=0.039169
Epoch 010 | Step 850 | lr=5.782172e-04 | loss=0.039665
Epoch 010 | Step 860 | lr=5.782172e-04 | loss=0.039185
Epoch 010 | Step 870 | lr=5.782172e-04 | loss=0.039375
Epoch 010 | Step 880 | lr=5.782172e-04 | loss=0.039557
Epoch 010 | Step 890 | lr=5.782172e-04 | loss=0.039993
Epoch 010 | Step 900 | lr=5.782172e-04 | loss=0.039120
Epoch 010 | Step 910 | lr=5.782172e-04 | loss=0.038840
Epoch 010 | Step 920 | lr=5.782172e-04 | loss=0.038170
Epoch 010 | Step 930 | lr=5.782172e-04 | loss=0.039047
Epoch 010 | Step 940 | lr=5.782172e-04 | loss=0.041777
Epoch 010 | Step 950 | lr=5.782172e-04 | loss=0.039242
Epoch 010 | Step 960 | lr=5.782172e-04 | loss=0.038406
epoch 010 | train_kld=0.039546 | val_kld=0.038371 | val_mae=0.002696 | val_mse=0.000083 | ord_acc@10=0.3212 | recall@10=0.8196
Epoch 011 | Step 10 | lr=5.000000e-04 | loss=0.038436
Epoch 011 | Step 20 | lr=5.000000e-04 | loss=0.039073
Epoch 011 | Step 30 | lr=5.000000e-04 | loss=0.038884
Epoch 011 | Step 40 | lr=5.000000e-04 | loss=0.040714
Epoch 011 | Step 50 | lr=5.000000e-04 | loss=0.039311
Epoch 011 | Step 60 | lr=5.000000e-04 | loss=0.037518
Epoch 011 | Step 70 | lr=5.000000e-04 | loss=0.040379
Epoch 011 | Step 80 | lr=5.000000e-04 | loss=0.038703
Epoch 011 | Step 90 | lr=5.000000e-04 | loss=0.039982
Epoch 011 | Step 100 | lr=5.000000e-04 | loss=0.041380
Epoch 011 | Step 110 | lr=5.000000e-04 | loss=0.038390
Epoch 011 | Step 120 | lr=5.000000e-04 | loss=0.038488
Epoch 011 | Step 130 | lr=5.000000e-04 | loss=0.039897
Epoch 011 | Step 140 | lr=5.000000e-04 | loss=0.037458
Epoch 011 | Step 150 | lr=5.000000e-04 | loss=0.039195
Epoch 011 | Step 160 | lr=5.000000e-04 | loss=0.041216
Epoch 011 | Step 170 | lr=5.000000e-04 | loss=0.037942
Epoch 011 | Step 180 | lr=5.000000e-04 | loss=0.037669
Epoch 011 | Step 190 | lr=5.000000e-04 | loss=0.039459
Epoch 011 | Step 200 | lr=5.000000e-04 | loss=0.038324
Epoch 011 | Step 210 | lr=5.000000e-04 | loss=0.037322
Epoch 011 | Step 220 | lr=5.000000e-04 | loss=0.040120
Epoch 011 | Step 230 | lr=5.000000e-04 | loss=0.040617
Epoch 011 | Step 240 | lr=5.000000e-04 | loss=0.039736
Epoch 011 | Step 250 | lr=5.000000e-04 | loss=0.040161
Epoch 011 | Step 260 | lr=5.000000e-04 | loss=0.038040
Epoch 011 | Step 270 | lr=5.000000e-04 | loss=0.038778
Epoch 011 | Step 280 | lr=5.000000e-04 | loss=0.039102
Epoch 011 | Step 290 | lr=5.000000e-04 | loss=0.039871
Epoch 011 | Step 300 | lr=5.000000e-04 | loss=0.040246
Epoch 011 | Step 310 | lr=5.000000e-04 | loss=0.038525
Epoch 011 | Step 320 | lr=5.000000e-04 | loss=0.038509
Epoch 011 | Step 330 | lr=5.000000e-04 | loss=0.038723
Epoch 011 | Step 340 | lr=5.000000e-04 | loss=0.039951
Epoch 011 | Step 350 | lr=5.000000e-04 | loss=0.039000
Epoch 011 | Step 360 | lr=5.000000e-04 | loss=0.038371
Epoch 011 | Step 370 | lr=5.000000e-04 | loss=0.037751
Epoch 011 | Step 380 | lr=5.000000e-04 | loss=0.037018
Epoch 011 | Step 390 | lr=5.000000e-04 | loss=0.040052
Epoch 011 | Step 400 | lr=5.000000e-04 | loss=0.039696
Epoch 011 | Step 410 | lr=5.000000e-04 | loss=0.039262
Epoch 011 | Step 420 | lr=5.000000e-04 | loss=0.038622
Epoch 011 | Step 430 | lr=5.000000e-04 | loss=0.038970
Epoch 011 | Step 440 | lr=5.000000e-04 | loss=0.039621
Epoch 011 | Step 450 | lr=5.000000e-04 | loss=0.038179
Epoch 011 | Step 460 | lr=5.000000e-04 | loss=0.037719
Epoch 011 | Step 470 | lr=5.000000e-04 | loss=0.040560
Epoch 011 | Step 480 | lr=5.000000e-04 | loss=0.038884
Epoch 011 | Step 490 | lr=5.000000e-04 | loss=0.039619
Epoch 011 | Step 500 | lr=5.000000e-04 | loss=0.039001
Epoch 011 | Step 510 | lr=5.000000e-04 | loss=0.038843
Epoch 011 | Step 520 | lr=5.000000e-04 | loss=0.038690
Epoch 011 | Step 530 | lr=5.000000e-04 | loss=0.040104
Epoch 011 | Step 540 | lr=5.000000e-04 | loss=0.037864
Epoch 011 | Step 550 | lr=5.000000e-04 | loss=0.036360
Epoch 011 | Step 560 | lr=5.000000e-04 | loss=0.039143
Epoch 011 | Step 570 | lr=5.000000e-04 | loss=0.037863
Epoch 011 | Step 580 | lr=5.000000e-04 | loss=0.039604
Epoch 011 | Step 590 | lr=5.000000e-04 | loss=0.039823
Epoch 011 | Step 600 | lr=5.000000e-04 | loss=0.039415
Epoch 011 | Step 610 | lr=5.000000e-04 | loss=0.039633
Epoch 011 | Step 620 | lr=5.000000e-04 | loss=0.038692
Epoch 011 | Step 630 | lr=5.000000e-04 | loss=0.039018
Epoch 011 | Step 640 | lr=5.000000e-04 | loss=0.040040
Epoch 011 | Step 650 | lr=5.000000e-04 | loss=0.039483
Epoch 011 | Step 660 | lr=5.000000e-04 | loss=0.037459
Epoch 011 | Step 670 | lr=5.000000e-04 | loss=0.038290
Epoch 011 | Step 680 | lr=5.000000e-04 | loss=0.038470
Epoch 011 | Step 690 | lr=5.000000e-04 | loss=0.039307
Epoch 011 | Step 700 | lr=5.000000e-04 | loss=0.038517
Epoch 011 | Step 710 | lr=5.000000e-04 | loss=0.037606
Epoch 011 | Step 720 | lr=5.000000e-04 | loss=0.039447
Epoch 011 | Step 730 | lr=5.000000e-04 | loss=0.038662
Epoch 011 | Step 740 | lr=5.000000e-04 | loss=0.037730
Epoch 011 | Step 750 | lr=5.000000e-04 | loss=0.037860
Epoch 011 | Step 760 | lr=5.000000e-04 | loss=0.039362
Epoch 011 | Step 770 | lr=5.000000e-04 | loss=0.037395
Epoch 011 | Step 780 | lr=5.000000e-04 | loss=0.039962
Epoch 011 | Step 790 | lr=5.000000e-04 | loss=0.039735
Epoch 011 | Step 800 | lr=5.000000e-04 | loss=0.039192
Epoch 011 | Step 810 | lr=5.000000e-04 | loss=0.038550
Epoch 011 | Step 820 | lr=5.000000e-04 | loss=0.040345
Epoch 011 | Step 830 | lr=5.000000e-04 | loss=0.039108
Epoch 011 | Step 840 | lr=5.000000e-04 | loss=0.038451
Epoch 011 | Step 850 | lr=5.000000e-04 | loss=0.040404
Epoch 011 | Step 860 | lr=5.000000e-04 | loss=0.038061
Epoch 011 | Step 870 | lr=5.000000e-04 | loss=0.038286
Epoch 011 | Step 880 | lr=5.000000e-04 | loss=0.040511
Epoch 011 | Step 890 | lr=5.000000e-04 | loss=0.037876
Epoch 011 | Step 900 | lr=5.000000e-04 | loss=0.039319
Epoch 011 | Step 910 | lr=5.000000e-04 | loss=0.038907
Epoch 011 | Step 920 | lr=5.000000e-04 | loss=0.041860
Epoch 011 | Step 930 | lr=5.000000e-04 | loss=0.038994
Epoch 011 | Step 940 | lr=5.000000e-04 | loss=0.039887
Epoch 011 | Step 950 | lr=5.000000e-04 | loss=0.037732
Epoch 011 | Step 960 | lr=5.000000e-04 | loss=0.038943
epoch 011 | train_kld=0.038927 | val_kld=0.037817 | val_mae=0.002645 | val_mse=0.000081 | ord_acc@10=0.3217 | recall@10=0.8234
Epoch 012 | Step 10 | lr=4.217828e-04 | loss=0.039566
Epoch 012 | Step 20 | lr=4.217828e-04 | loss=0.039915
Epoch 012 | Step 30 | lr=4.217828e-04 | loss=0.038438
Epoch 012 | Step 40 | lr=4.217828e-04 | loss=0.037275
Epoch 012 | Step 50 | lr=4.217828e-04 | loss=0.038997
Epoch 012 | Step 60 | lr=4.217828e-04 | loss=0.039725
Epoch 012 | Step 70 | lr=4.217828e-04 | loss=0.038764
Epoch 012 | Step 80 | lr=4.217828e-04 | loss=0.039063
Epoch 012 | Step 90 | lr=4.217828e-04 | loss=0.038462
Epoch 012 | Step 100 | lr=4.217828e-04 | loss=0.038524
Epoch 012 | Step 110 | lr=4.217828e-04 | loss=0.038204
Epoch 012 | Step 120 | lr=4.217828e-04 | loss=0.037790
Epoch 012 | Step 130 | lr=4.217828e-04 | loss=0.039069
Epoch 012 | Step 140 | lr=4.217828e-04 | loss=0.038016
Epoch 012 | Step 150 | lr=4.217828e-04 | loss=0.038825
Epoch 012 | Step 160 | lr=4.217828e-04 | loss=0.037521
Epoch 012 | Step 170 | lr=4.217828e-04 | loss=0.036536
Epoch 012 | Step 180 | lr=4.217828e-04 | loss=0.040573
Epoch 012 | Step 190 | lr=4.217828e-04 | loss=0.039493
Epoch 012 | Step 200 | lr=4.217828e-04 | loss=0.037419
Epoch 012 | Step 210 | lr=4.217828e-04 | loss=0.037366
Epoch 012 | Step 220 | lr=4.217828e-04 | loss=0.037894
Epoch 012 | Step 230 | lr=4.217828e-04 | loss=0.038734
Epoch 012 | Step 240 | lr=4.217828e-04 | loss=0.039665
Epoch 012 | Step 250 | lr=4.217828e-04 | loss=0.038892
Epoch 012 | Step 260 | lr=4.217828e-04 | loss=0.039071
Epoch 012 | Step 270 | lr=4.217828e-04 | loss=0.037054
Epoch 012 | Step 280 | lr=4.217828e-04 | loss=0.038177
Epoch 012 | Step 290 | lr=4.217828e-04 | loss=0.038289
Epoch 012 | Step 300 | lr=4.217828e-04 | loss=0.037677
Epoch 012 | Step 310 | lr=4.217828e-04 | loss=0.039721
Epoch 012 | Step 320 | lr=4.217828e-04 | loss=0.038585
Epoch 012 | Step 330 | lr=4.217828e-04 | loss=0.036888
Epoch 012 | Step 340 | lr=4.217828e-04 | loss=0.039402
Epoch 012 | Step 350 | lr=4.217828e-04 | loss=0.038269
Epoch 012 | Step 360 | lr=4.217828e-04 | loss=0.038168
Epoch 012 | Step 370 | lr=4.217828e-04 | loss=0.039821
Epoch 012 | Step 380 | lr=4.217828e-04 | loss=0.036777
Epoch 012 | Step 390 | lr=4.217828e-04 | loss=0.040123
Epoch 012 | Step 400 | lr=4.217828e-04 | loss=0.038057
Epoch 012 | Step 410 | lr=4.217828e-04 | loss=0.039737
Epoch 012 | Step 420 | lr=4.217828e-04 | loss=0.038505
Epoch 012 | Step 430 | lr=4.217828e-04 | loss=0.038333
Epoch 012 | Step 440 | lr=4.217828e-04 | loss=0.039336
Epoch 012 | Step 450 | lr=4.217828e-04 | loss=0.038368
Epoch 012 | Step 460 | lr=4.217828e-04 | loss=0.036220
Epoch 012 | Step 470 | lr=4.217828e-04 | loss=0.036368
Epoch 012 | Step 480 | lr=4.217828e-04 | loss=0.039617
Epoch 012 | Step 490 | lr=4.217828e-04 | loss=0.039094
Epoch 012 | Step 500 | lr=4.217828e-04 | loss=0.039596
Epoch 012 | Step 510 | lr=4.217828e-04 | loss=0.037694
Epoch 012 | Step 520 | lr=4.217828e-04 | loss=0.038727
Epoch 012 | Step 530 | lr=4.217828e-04 | loss=0.038754
Epoch 012 | Step 540 | lr=4.217828e-04 | loss=0.038371
Epoch 012 | Step 550 | lr=4.217828e-04 | loss=0.039755
Epoch 012 | Step 560 | lr=4.217828e-04 | loss=0.038335
Epoch 012 | Step 570 | lr=4.217828e-04 | loss=0.037181
Epoch 012 | Step 580 | lr=4.217828e-04 | loss=0.037528
Epoch 012 | Step 590 | lr=4.217828e-04 | loss=0.038372
Epoch 012 | Step 600 | lr=4.217828e-04 | loss=0.038209
Epoch 012 | Step 610 | lr=4.217828e-04 | loss=0.038104
Epoch 012 | Step 620 | lr=4.217828e-04 | loss=0.037906
Epoch 012 | Step 630 | lr=4.217828e-04 | loss=0.038407
Epoch 012 | Step 640 | lr=4.217828e-04 | loss=0.039267
Epoch 012 | Step 650 | lr=4.217828e-04 | loss=0.039224
Epoch 012 | Step 660 | lr=4.217828e-04 | loss=0.038065
Epoch 012 | Step 670 | lr=4.217828e-04 | loss=0.037861
Epoch 012 | Step 680 | lr=4.217828e-04 | loss=0.040010
Epoch 012 | Step 690 | lr=4.217828e-04 | loss=0.039988
Epoch 012 | Step 700 | lr=4.217828e-04 | loss=0.038215
Epoch 012 | Step 710 | lr=4.217828e-04 | loss=0.039360
Epoch 012 | Step 720 | lr=4.217828e-04 | loss=0.039605
Epoch 012 | Step 730 | lr=4.217828e-04 | loss=0.036768
Epoch 012 | Step 740 | lr=4.217828e-04 | loss=0.040540
Epoch 012 | Step 750 | lr=4.217828e-04 | loss=0.039308
Epoch 012 | Step 760 | lr=4.217828e-04 | loss=0.038762
Epoch 012 | Step 770 | lr=4.217828e-04 | loss=0.038887
Epoch 012 | Step 780 | lr=4.217828e-04 | loss=0.038203
Epoch 012 | Step 790 | lr=4.217828e-04 | loss=0.038935
Epoch 012 | Step 800 | lr=4.217828e-04 | loss=0.038434
Epoch 012 | Step 810 | lr=4.217828e-04 | loss=0.037160
Epoch 012 | Step 820 | lr=4.217828e-04 | loss=0.039688
Epoch 012 | Step 830 | lr=4.217828e-04 | loss=0.039199
Epoch 012 | Step 840 | lr=4.217828e-04 | loss=0.038490
Epoch 012 | Step 850 | lr=4.217828e-04 | loss=0.038766
Epoch 012 | Step 860 | lr=4.217828e-04 | loss=0.038606
Epoch 012 | Step 870 | lr=4.217828e-04 | loss=0.038743
Epoch 012 | Step 880 | lr=4.217828e-04 | loss=0.038735
Epoch 012 | Step 890 | lr=4.217828e-04 | loss=0.038114
Epoch 012 | Step 900 | lr=4.217828e-04 | loss=0.039321
Epoch 012 | Step 910 | lr=4.217828e-04 | loss=0.037594
Epoch 012 | Step 920 | lr=4.217828e-04 | loss=0.037586
Epoch 012 | Step 930 | lr=4.217828e-04 | loss=0.037363
Epoch 012 | Step 940 | lr=4.217828e-04 | loss=0.038127
Epoch 012 | Step 950 | lr=4.217828e-04 | loss=0.037927
Epoch 012 | Step 960 | lr=4.217828e-04 | loss=0.038374
epoch 012 | train_kld=0.038360 | val_kld=0.037439 | val_mae=0.002624 | val_mse=0.000080 | ord_acc@10=0.3237 | recall@10=0.8192
Epoch 013 | Step 10 | lr=3.454915e-04 | loss=0.037930
Epoch 013 | Step 20 | lr=3.454915e-04 | loss=0.037325
Epoch 013 | Step 30 | lr=3.454915e-04 | loss=0.035889
Epoch 013 | Step 40 | lr=3.454915e-04 | loss=0.037931
Epoch 013 | Step 50 | lr=3.454915e-04 | loss=0.038261
Epoch 013 | Step 60 | lr=3.454915e-04 | loss=0.036788
Epoch 013 | Step 70 | lr=3.454915e-04 | loss=0.037887
Epoch 013 | Step 80 | lr=3.454915e-04 | loss=0.038085
Epoch 013 | Step 90 | lr=3.454915e-04 | loss=0.038002
Epoch 013 | Step 100 | lr=3.454915e-04 | loss=0.037002
Epoch 013 | Step 110 | lr=3.454915e-04 | loss=0.037284
Epoch 013 | Step 120 | lr=3.454915e-04 | loss=0.037563
Epoch 013 | Step 130 | lr=3.454915e-04 | loss=0.038409
Epoch 013 | Step 140 | lr=3.454915e-04 | loss=0.038402
Epoch 013 | Step 150 | lr=3.454915e-04 | loss=0.037903
Epoch 013 | Step 160 | lr=3.454915e-04 | loss=0.038011
Epoch 013 | Step 170 | lr=3.454915e-04 | loss=0.036207
Epoch 013 | Step 180 | lr=3.454915e-04 | loss=0.038791
Epoch 013 | Step 190 | lr=3.454915e-04 | loss=0.037739
Epoch 013 | Step 200 | lr=3.454915e-04 | loss=0.037638
Epoch 013 | Step 210 | lr=3.454915e-04 | loss=0.038541
Epoch 013 | Step 220 | lr=3.454915e-04 | loss=0.039487
Epoch 013 | Step 230 | lr=3.454915e-04 | loss=0.038515
Epoch 013 | Step 240 | lr=3.454915e-04 | loss=0.036246
Epoch 013 | Step 250 | lr=3.454915e-04 | loss=0.038159
Epoch 013 | Step 260 | lr=3.454915e-04 | loss=0.037389
Epoch 013 | Step 270 | lr=3.454915e-04 | loss=0.037545
Epoch 013 | Step 280 | lr=3.454915e-04 | loss=0.037664
Epoch 013 | Step 290 | lr=3.454915e-04 | loss=0.036154
Epoch 013 | Step 300 | lr=3.454915e-04 | loss=0.037034
Epoch 013 | Step 310 | lr=3.454915e-04 | loss=0.037044
Epoch 013 | Step 320 | lr=3.454915e-04 | loss=0.038451
Epoch 013 | Step 330 | lr=3.454915e-04 | loss=0.036972
Epoch 013 | Step 340 | lr=3.454915e-04 | loss=0.037405
Epoch 013 | Step 350 | lr=3.454915e-04 | loss=0.038567
Epoch 013 | Step 360 | lr=3.454915e-04 | loss=0.037391
Epoch 013 | Step 370 | lr=3.454915e-04 | loss=0.037087
Epoch 013 | Step 380 | lr=3.454915e-04 | loss=0.038318
Epoch 013 | Step 390 | lr=3.454915e-04 | loss=0.039134
Epoch 013 | Step 400 | lr=3.454915e-04 | loss=0.038641
Epoch 013 | Step 410 | lr=3.454915e-04 | loss=0.038442
Epoch 013 | Step 420 | lr=3.454915e-04 | loss=0.037953
Epoch 013 | Step 430 | lr=3.454915e-04 | loss=0.038643
Epoch 013 | Step 440 | lr=3.454915e-04 | loss=0.036367
Epoch 013 | Step 450 | lr=3.454915e-04 | loss=0.037498
Epoch 013 | Step 460 | lr=3.454915e-04 | loss=0.039606
Epoch 013 | Step 470 | lr=3.454915e-04 | loss=0.038310
Epoch 013 | Step 480 | lr=3.454915e-04 | loss=0.037768
Epoch 013 | Step 490 | lr=3.454915e-04 | loss=0.037980
Epoch 013 | Step 500 | lr=3.454915e-04 | loss=0.037221
Epoch 013 | Step 510 | lr=3.454915e-04 | loss=0.038214
Epoch 013 | Step 520 | lr=3.454915e-04 | loss=0.037608
Epoch 013 | Step 530 | lr=3.454915e-04 | loss=0.038130
Epoch 013 | Step 540 | lr=3.454915e-04 | loss=0.037196
Epoch 013 | Step 550 | lr=3.454915e-04 | loss=0.039549
Epoch 013 | Step 560 | lr=3.454915e-04 | loss=0.037922
Epoch 013 | Step 570 | lr=3.454915e-04 | loss=0.037871
Epoch 013 | Step 580 | lr=3.454915e-04 | loss=0.038747
Epoch 013 | Step 590 | lr=3.454915e-04 | loss=0.036954
Epoch 013 | Step 600 | lr=3.454915e-04 | loss=0.038263
Epoch 013 | Step 610 | lr=3.454915e-04 | loss=0.039579
Epoch 013 | Step 620 | lr=3.454915e-04 | loss=0.037811
Epoch 013 | Step 630 | lr=3.454915e-04 | loss=0.036210
Epoch 013 | Step 640 | lr=3.454915e-04 | loss=0.038071
Epoch 013 | Step 650 | lr=3.454915e-04 | loss=0.038330
Epoch 013 | Step 660 | lr=3.454915e-04 | loss=0.039028
Epoch 013 | Step 670 | lr=3.454915e-04 | loss=0.038440
Epoch 013 | Step 680 | lr=3.454915e-04 | loss=0.037582
Epoch 013 | Step 690 | lr=3.454915e-04 | loss=0.037571
Epoch 013 | Step 700 | lr=3.454915e-04 | loss=0.037613
Epoch 013 | Step 710 | lr=3.454915e-04 | loss=0.037414
Epoch 013 | Step 720 | lr=3.454915e-04 | loss=0.037112
Epoch 013 | Step 730 | lr=3.454915e-04 | loss=0.038439
Epoch 013 | Step 740 | lr=3.454915e-04 | loss=0.038432
Epoch 013 | Step 750 | lr=3.454915e-04 | loss=0.038607
Epoch 013 | Step 760 | lr=3.454915e-04 | loss=0.038102
Epoch 013 | Step 770 | lr=3.454915e-04 | loss=0.035944
Epoch 013 | Step 780 | lr=3.454915e-04 | loss=0.038631
Epoch 013 | Step 790 | lr=3.454915e-04 | loss=0.039037
Epoch 013 | Step 800 | lr=3.454915e-04 | loss=0.037925
Epoch 013 | Step 810 | lr=3.454915e-04 | loss=0.037198
Epoch 013 | Step 820 | lr=3.454915e-04 | loss=0.039478
Epoch 013 | Step 830 | lr=3.454915e-04 | loss=0.038597
Epoch 013 | Step 840 | lr=3.454915e-04 | loss=0.038546
Epoch 013 | Step 850 | lr=3.454915e-04 | loss=0.035626
Epoch 013 | Step 860 | lr=3.454915e-04 | loss=0.040520
Epoch 013 | Step 870 | lr=3.454915e-04 | loss=0.038217
Epoch 013 | Step 880 | lr=3.454915e-04 | loss=0.037400
Epoch 013 | Step 890 | lr=3.454915e-04 | loss=0.036334
Epoch 013 | Step 900 | lr=3.454915e-04 | loss=0.036486
Epoch 013 | Step 910 | lr=3.454915e-04 | loss=0.038476
Epoch 013 | Step 920 | lr=3.454915e-04 | loss=0.039718
Epoch 013 | Step 930 | lr=3.454915e-04 | loss=0.036694
Epoch 013 | Step 940 | lr=3.454915e-04 | loss=0.036469
Epoch 013 | Step 950 | lr=3.454915e-04 | loss=0.037510
Epoch 013 | Step 960 | lr=3.454915e-04 | loss=0.037738
epoch 013 | train_kld=0.037809 | val_kld=0.037088 | val_mae=0.002601 | val_mse=0.000078 | ord_acc@10=0.3248 | recall@10=0.8194
Epoch 014 | Step 10 | lr=2.730048e-04 | loss=0.037271
Epoch 014 | Step 20 | lr=2.730048e-04 | loss=0.036926
Epoch 014 | Step 30 | lr=2.730048e-04 | loss=0.037120
Epoch 014 | Step 40 | lr=2.730048e-04 | loss=0.036170
Epoch 014 | Step 50 | lr=2.730048e-04 | loss=0.037473
Epoch 014 | Step 60 | lr=2.730048e-04 | loss=0.036410
Epoch 014 | Step 70 | lr=2.730048e-04 | loss=0.037715
Epoch 014 | Step 80 | lr=2.730048e-04 | loss=0.037790
Epoch 014 | Step 90 | lr=2.730048e-04 | loss=0.039100
Epoch 014 | Step 100 | lr=2.730048e-04 | loss=0.036219
Epoch 014 | Step 110 | lr=2.730048e-04 | loss=0.036588
Epoch 014 | Step 120 | lr=2.730048e-04 | loss=0.037916
Epoch 014 | Step 130 | lr=2.730048e-04 | loss=0.037943
Epoch 014 | Step 140 | lr=2.730048e-04 | loss=0.035742
Epoch 014 | Step 150 | lr=2.730048e-04 | loss=0.036083
Epoch 014 | Step 160 | lr=2.730048e-04 | loss=0.039167
Epoch 014 | Step 170 | lr=2.730048e-04 | loss=0.037254
Epoch 014 | Step 180 | lr=2.730048e-04 | loss=0.037965
Epoch 014 | Step 190 | lr=2.730048e-04 | loss=0.037343
Epoch 014 | Step 200 | lr=2.730048e-04 | loss=0.036749
Epoch 014 | Step 210 | lr=2.730048e-04 | loss=0.037903
Epoch 014 | Step 220 | lr=2.730048e-04 | loss=0.036033
Epoch 014 | Step 230 | lr=2.730048e-04 | loss=0.037953
Epoch 014 | Step 240 | lr=2.730048e-04 | loss=0.036734
Epoch 014 | Step 250 | lr=2.730048e-04 | loss=0.037491
Epoch 014 | Step 260 | lr=2.730048e-04 | loss=0.036336
Epoch 014 | Step 270 | lr=2.730048e-04 | loss=0.037017
Epoch 014 | Step 280 | lr=2.730048e-04 | loss=0.035253
Epoch 014 | Step 290 | lr=2.730048e-04 | loss=0.037287
Epoch 014 | Step 300 | lr=2.730048e-04 | loss=0.037836
Epoch 014 | Step 310 | lr=2.730048e-04 | loss=0.036300
Epoch 014 | Step 320 | lr=2.730048e-04 | loss=0.036805
Epoch 014 | Step 330 | lr=2.730048e-04 | loss=0.037522
Epoch 014 | Step 340 | lr=2.730048e-04 | loss=0.037018
Epoch 014 | Step 350 | lr=2.730048e-04 | loss=0.037482
Epoch 014 | Step 360 | lr=2.730048e-04 | loss=0.037898
Epoch 014 | Step 370 | lr=2.730048e-04 | loss=0.038194
Epoch 014 | Step 380 | lr=2.730048e-04 | loss=0.037445
Epoch 014 | Step 390 | lr=2.730048e-04 | loss=0.037503
Epoch 014 | Step 400 | lr=2.730048e-04 | loss=0.036494
Epoch 014 | Step 410 | lr=2.730048e-04 | loss=0.037045
Epoch 014 | Step 420 | lr=2.730048e-04 | loss=0.037660
Epoch 014 | Step 430 | lr=2.730048e-04 | loss=0.038128
Epoch 014 | Step 440 | lr=2.730048e-04 | loss=0.037682
Epoch 014 | Step 450 | lr=2.730048e-04 | loss=0.037867
Epoch 014 | Step 460 | lr=2.730048e-04 | loss=0.037433
Epoch 014 | Step 470 | lr=2.730048e-04 | loss=0.036807
Epoch 014 | Step 480 | lr=2.730048e-04 | loss=0.037761
Epoch 014 | Step 490 | lr=2.730048e-04 | loss=0.038361
Epoch 014 | Step 500 | lr=2.730048e-04 | loss=0.040305
Epoch 014 | Step 510 | lr=2.730048e-04 | loss=0.039321
Epoch 014 | Step 520 | lr=2.730048e-04 | loss=0.038341
Epoch 014 | Step 530 | lr=2.730048e-04 | loss=0.037255
Epoch 014 | Step 540 | lr=2.730048e-04 | loss=0.038700
Epoch 014 | Step 550 | lr=2.730048e-04 | loss=0.035739
Epoch 014 | Step 560 | lr=2.730048e-04 | loss=0.038423
Epoch 014 | Step 570 | lr=2.730048e-04 | loss=0.038629
Epoch 014 | Step 580 | lr=2.730048e-04 | loss=0.037799
Epoch 014 | Step 590 | lr=2.730048e-04 | loss=0.038444
Epoch 014 | Step 600 | lr=2.730048e-04 | loss=0.037949
Epoch 014 | Step 610 | lr=2.730048e-04 | loss=0.039102
Epoch 014 | Step 620 | lr=2.730048e-04 | loss=0.038488
Epoch 014 | Step 630 | lr=2.730048e-04 | loss=0.037213
Epoch 014 | Step 640 | lr=2.730048e-04 | loss=0.038586
Epoch 014 | Step 650 | lr=2.730048e-04 | loss=0.038670
Epoch 014 | Step 660 | lr=2.730048e-04 | loss=0.036899
Epoch 014 | Step 670 | lr=2.730048e-04 | loss=0.037261
Epoch 014 | Step 680 | lr=2.730048e-04 | loss=0.039245
Epoch 014 | Step 690 | lr=2.730048e-04 | loss=0.036040
Epoch 014 | Step 700 | lr=2.730048e-04 | loss=0.035919
Epoch 014 | Step 710 | lr=2.730048e-04 | loss=0.036895
Epoch 014 | Step 720 | lr=2.730048e-04 | loss=0.040522
Epoch 014 | Step 730 | lr=2.730048e-04 | loss=0.036638
Epoch 014 | Step 740 | lr=2.730048e-04 | loss=0.036974
Epoch 014 | Step 750 | lr=2.730048e-04 | loss=0.036879
Epoch 014 | Step 760 | lr=2.730048e-04 | loss=0.035796
Epoch 014 | Step 770 | lr=2.730048e-04 | loss=0.036354
Epoch 014 | Step 780 | lr=2.730048e-04 | loss=0.037586
Epoch 014 | Step 790 | lr=2.730048e-04 | loss=0.037154
Epoch 014 | Step 800 | lr=2.730048e-04 | loss=0.038667
Epoch 014 | Step 810 | lr=2.730048e-04 | loss=0.037958
Epoch 014 | Step 820 | lr=2.730048e-04 | loss=0.037186
Epoch 014 | Step 830 | lr=2.730048e-04 | loss=0.037528
Epoch 014 | Step 840 | lr=2.730048e-04 | loss=0.036796
Epoch 014 | Step 850 | lr=2.730048e-04 | loss=0.036904
Epoch 014 | Step 860 | lr=2.730048e-04 | loss=0.038234
Epoch 014 | Step 870 | lr=2.730048e-04 | loss=0.037908
Epoch 014 | Step 880 | lr=2.730048e-04 | loss=0.037524
Epoch 014 | Step 890 | lr=2.730048e-04 | loss=0.036213
Epoch 014 | Step 900 | lr=2.730048e-04 | loss=0.038967
Epoch 014 | Step 910 | lr=2.730048e-04 | loss=0.037229
Epoch 014 | Step 920 | lr=2.730048e-04 | loss=0.037791
Epoch 014 | Step 930 | lr=2.730048e-04 | loss=0.037563
Epoch 014 | Step 940 | lr=2.730048e-04 | loss=0.037605
Epoch 014 | Step 950 | lr=2.730048e-04 | loss=0.037320
Epoch 014 | Step 960 | lr=2.730048e-04 | loss=0.037559
epoch 014 | train_kld=0.037304 | val_kld=0.036857 | val_mae=0.002593 | val_mse=0.000076 | ord_acc@10=0.3235 | recall@10=0.8206
Epoch 015 | Step 10 | lr=2.061074e-04 | loss=0.035632
Epoch 015 | Step 20 | lr=2.061074e-04 | loss=0.037122
Epoch 015 | Step 30 | lr=2.061074e-04 | loss=0.036790
Epoch 015 | Step 40 | lr=2.061074e-04 | loss=0.037177
Epoch 015 | Step 50 | lr=2.061074e-04 | loss=0.036942
Epoch 015 | Step 60 | lr=2.061074e-04 | loss=0.036061
Epoch 015 | Step 70 | lr=2.061074e-04 | loss=0.036023
Epoch 015 | Step 80 | lr=2.061074e-04 | loss=0.038576
Epoch 015 | Step 90 | lr=2.061074e-04 | loss=0.037199
Epoch 015 | Step 100 | lr=2.061074e-04 | loss=0.036615
Epoch 015 | Step 110 | lr=2.061074e-04 | loss=0.034733
Epoch 015 | Step 120 | lr=2.061074e-04 | loss=0.037974
Epoch 015 | Step 130 | lr=2.061074e-04 | loss=0.035291
Epoch 015 | Step 140 | lr=2.061074e-04 | loss=0.037086
Epoch 015 | Step 150 | lr=2.061074e-04 | loss=0.036647
Epoch 015 | Step 160 | lr=2.061074e-04 | loss=0.036944
Epoch 015 | Step 170 | lr=2.061074e-04 | loss=0.035446
Epoch 015 | Step 180 | lr=2.061074e-04 | loss=0.036895
Epoch 015 | Step 190 | lr=2.061074e-04 | loss=0.036949
Epoch 015 | Step 200 | lr=2.061074e-04 | loss=0.037253
Epoch 015 | Step 210 | lr=2.061074e-04 | loss=0.035983
Epoch 015 | Step 220 | lr=2.061074e-04 | loss=0.038986
Epoch 015 | Step 230 | lr=2.061074e-04 | loss=0.037134
Epoch 015 | Step 240 | lr=2.061074e-04 | loss=0.035990
Epoch 015 | Step 250 | lr=2.061074e-04 | loss=0.037586
Epoch 015 | Step 260 | lr=2.061074e-04 | loss=0.036939
Epoch 015 | Step 270 | lr=2.061074e-04 | loss=0.037651
Epoch 015 | Step 280 | lr=2.061074e-04 | loss=0.037435
Epoch 015 | Step 290 | lr=2.061074e-04 | loss=0.036489
Epoch 015 | Step 300 | lr=2.061074e-04 | loss=0.035646
Epoch 015 | Step 310 | lr=2.061074e-04 | loss=0.037566
Epoch 015 | Step 320 | lr=2.061074e-04 | loss=0.037144
Epoch 015 | Step 330 | lr=2.061074e-04 | loss=0.036580
Epoch 015 | Step 340 | lr=2.061074e-04 | loss=0.036901
Epoch 015 | Step 350 | lr=2.061074e-04 | loss=0.035751
Epoch 015 | Step 360 | lr=2.061074e-04 | loss=0.037063
Epoch 015 | Step 370 | lr=2.061074e-04 | loss=0.035363
Epoch 015 | Step 380 | lr=2.061074e-04 | loss=0.038688
Epoch 015 | Step 390 | lr=2.061074e-04 | loss=0.037875
Epoch 015 | Step 400 | lr=2.061074e-04 | loss=0.037039
Epoch 015 | Step 410 | lr=2.061074e-04 | loss=0.037582
Epoch 015 | Step 420 | lr=2.061074e-04 | loss=0.036023
Epoch 015 | Step 430 | lr=2.061074e-04 | loss=0.038898
Epoch 015 | Step 440 | lr=2.061074e-04 | loss=0.036376
Epoch 015 | Step 450 | lr=2.061074e-04 | loss=0.037786
Epoch 015 | Step 460 | lr=2.061074e-04 | loss=0.036384
Epoch 015 | Step 470 | lr=2.061074e-04 | loss=0.038349
Epoch 015 | Step 480 | lr=2.061074e-04 | loss=0.035397
Epoch 015 | Step 490 | lr=2.061074e-04 | loss=0.035637
Epoch 015 | Step 500 | lr=2.061074e-04 | loss=0.036723
Epoch 015 | Step 510 | lr=2.061074e-04 | loss=0.038078
Epoch 015 | Step 520 | lr=2.061074e-04 | loss=0.038274
Epoch 015 | Step 530 | lr=2.061074e-04 | loss=0.035102
Epoch 015 | Step 540 | lr=2.061074e-04 | loss=0.036895
Epoch 015 | Step 550 | lr=2.061074e-04 | loss=0.037794
Epoch 015 | Step 560 | lr=2.061074e-04 | loss=0.036126
Epoch 015 | Step 570 | lr=2.061074e-04 | loss=0.035113
Epoch 015 | Step 580 | lr=2.061074e-04 | loss=0.035991
Epoch 015 | Step 590 | lr=2.061074e-04 | loss=0.035469
Epoch 015 | Step 600 | lr=2.061074e-04 | loss=0.038697
Epoch 015 | Step 610 | lr=2.061074e-04 | loss=0.036433
Epoch 015 | Step 620 | lr=2.061074e-04 | loss=0.036782
Epoch 015 | Step 630 | lr=2.061074e-04 | loss=0.036456
Epoch 015 | Step 640 | lr=2.061074e-04 | loss=0.037533
Epoch 015 | Step 650 | lr=2.061074e-04 | loss=0.036599
Epoch 015 | Step 660 | lr=2.061074e-04 | loss=0.038241
Epoch 015 | Step 670 | lr=2.061074e-04 | loss=0.037904
Epoch 015 | Step 680 | lr=2.061074e-04 | loss=0.036401
Epoch 015 | Step 690 | lr=2.061074e-04 | loss=0.037569
Epoch 015 | Step 700 | lr=2.061074e-04 | loss=0.038670
Epoch 015 | Step 710 | lr=2.061074e-04 | loss=0.036819
Epoch 015 | Step 720 | lr=2.061074e-04 | loss=0.038764
Epoch 015 | Step 730 | lr=2.061074e-04 | loss=0.036964
Epoch 015 | Step 740 | lr=2.061074e-04 | loss=0.038302
Epoch 015 | Step 750 | lr=2.061074e-04 | loss=0.037073
Epoch 015 | Step 760 | lr=2.061074e-04 | loss=0.037502
Epoch 015 | Step 770 | lr=2.061074e-04 | loss=0.037492
Epoch 015 | Step 780 | lr=2.061074e-04 | loss=0.036355
Epoch 015 | Step 790 | lr=2.061074e-04 | loss=0.037204
Epoch 015 | Step 800 | lr=2.061074e-04 | loss=0.036715
Epoch 015 | Step 810 | lr=2.061074e-04 | loss=0.035115
Epoch 015 | Step 820 | lr=2.061074e-04 | loss=0.037053
Epoch 015 | Step 830 | lr=2.061074e-04 | loss=0.036658
Epoch 015 | Step 840 | lr=2.061074e-04 | loss=0.036648
Epoch 015 | Step 850 | lr=2.061074e-04 | loss=0.037007
Epoch 015 | Step 860 | lr=2.061074e-04 | loss=0.035987
Epoch 015 | Step 870 | lr=2.061074e-04 | loss=0.036624
Epoch 015 | Step 880 | lr=2.061074e-04 | loss=0.036700
Epoch 015 | Step 890 | lr=2.061074e-04 | loss=0.037140
Epoch 015 | Step 900 | lr=2.061074e-04 | loss=0.037341
Epoch 015 | Step 910 | lr=2.061074e-04 | loss=0.036920
Epoch 015 | Step 920 | lr=2.061074e-04 | loss=0.036890
Epoch 015 | Step 930 | lr=2.061074e-04 | loss=0.036475
Epoch 015 | Step 940 | lr=2.061074e-04 | loss=0.037097
Epoch 015 | Step 950 | lr=2.061074e-04 | loss=0.036680
Epoch 015 | Step 960 | lr=2.061074e-04 | loss=0.035092
epoch 015 | train_kld=0.036849 | val_kld=0.036440 | val_mae=0.002559 | val_mse=0.000074 | ord_acc@10=0.3263 | recall@10=0.8191
Epoch 016 | Step 10 | lr=1.464466e-04 | loss=0.036585
Epoch 016 | Step 20 | lr=1.464466e-04 | loss=0.036759
Epoch 016 | Step 30 | lr=1.464466e-04 | loss=0.036318
Epoch 016 | Step 40 | lr=1.464466e-04 | loss=0.036347
Epoch 016 | Step 50 | lr=1.464466e-04 | loss=0.037766
Epoch 016 | Step 60 | lr=1.464466e-04 | loss=0.036310
Epoch 016 | Step 70 | lr=1.464466e-04 | loss=0.037674
Epoch 016 | Step 80 | lr=1.464466e-04 | loss=0.036784
Epoch 016 | Step 90 | lr=1.464466e-04 | loss=0.037022
Epoch 016 | Step 100 | lr=1.464466e-04 | loss=0.036981
Epoch 016 | Step 110 | lr=1.464466e-04 | loss=0.037565
Epoch 016 | Step 120 | lr=1.464466e-04 | loss=0.037748
Epoch 016 | Step 130 | lr=1.464466e-04 | loss=0.037399
Epoch 016 | Step 140 | lr=1.464466e-04 | loss=0.036333
Epoch 016 | Step 150 | lr=1.464466e-04 | loss=0.036975
Epoch 016 | Step 160 | lr=1.464466e-04 | loss=0.037185
Epoch 016 | Step 170 | lr=1.464466e-04 | loss=0.037004
Epoch 016 | Step 180 | lr=1.464466e-04 | loss=0.035514
Epoch 016 | Step 190 | lr=1.464466e-04 | loss=0.035990
Epoch 016 | Step 200 | lr=1.464466e-04 | loss=0.038509
Epoch 016 | Step 210 | lr=1.464466e-04 | loss=0.036886
Epoch 016 | Step 220 | lr=1.464466e-04 | loss=0.035818
Epoch 016 | Step 230 | lr=1.464466e-04 | loss=0.036404
Epoch 016 | Step 240 | lr=1.464466e-04 | loss=0.035568
Epoch 016 | Step 250 | lr=1.464466e-04 | loss=0.037691
Epoch 016 | Step 260 | lr=1.464466e-04 | loss=0.037290
Epoch 016 | Step 270 | lr=1.464466e-04 | loss=0.035032
Epoch 016 | Step 280 | lr=1.464466e-04 | loss=0.035556
Epoch 016 | Step 290 | lr=1.464466e-04 | loss=0.035917
Epoch 016 | Step 300 | lr=1.464466e-04 | loss=0.036942
Epoch 016 | Step 310 | lr=1.464466e-04 | loss=0.035387
Epoch 016 | Step 320 | lr=1.464466e-04 | loss=0.035756
Epoch 016 | Step 330 | lr=1.464466e-04 | loss=0.036371
Epoch 016 | Step 340 | lr=1.464466e-04 | loss=0.035909
Epoch 016 | Step 350 | lr=1.464466e-04 | loss=0.035647
Epoch 016 | Step 360 | lr=1.464466e-04 | loss=0.036898
Epoch 016 | Step 370 | lr=1.464466e-04 | loss=0.037196
Epoch 016 | Step 380 | lr=1.464466e-04 | loss=0.037320
Epoch 016 | Step 390 | lr=1.464466e-04 | loss=0.035237
Epoch 016 | Step 400 | lr=1.464466e-04 | loss=0.035412
Epoch 016 | Step 410 | lr=1.464466e-04 | loss=0.035502
Epoch 016 | Step 420 | lr=1.464466e-04 | loss=0.037107
Epoch 016 | Step 430 | lr=1.464466e-04 | loss=0.035627
Epoch 016 | Step 440 | lr=1.464466e-04 | loss=0.036413
Epoch 016 | Step 450 | lr=1.464466e-04 | loss=0.034673
Epoch 016 | Step 460 | lr=1.464466e-04 | loss=0.036524
Epoch 016 | Step 470 | lr=1.464466e-04 | loss=0.036241
Epoch 016 | Step 480 | lr=1.464466e-04 | loss=0.036705
Epoch 016 | Step 490 | lr=1.464466e-04 | loss=0.035925
Epoch 016 | Step 500 | lr=1.464466e-04 | loss=0.036481
Epoch 016 | Step 510 | lr=1.464466e-04 | loss=0.034858
Epoch 016 | Step 520 | lr=1.464466e-04 | loss=0.035037
Epoch 016 | Step 530 | lr=1.464466e-04 | loss=0.036586
Epoch 016 | Step 540 | lr=1.464466e-04 | loss=0.035999
Epoch 016 | Step 550 | lr=1.464466e-04 | loss=0.035261
Epoch 016 | Step 560 | lr=1.464466e-04 | loss=0.035388
Epoch 016 | Step 570 | lr=1.464466e-04 | loss=0.036758
Epoch 016 | Step 580 | lr=1.464466e-04 | loss=0.036773
Epoch 016 | Step 590 | lr=1.464466e-04 | loss=0.035521
Epoch 016 | Step 600 | lr=1.464466e-04 | loss=0.034909
Epoch 016 | Step 610 | lr=1.464466e-04 | loss=0.035382
Epoch 016 | Step 620 | lr=1.464466e-04 | loss=0.037190
Epoch 016 | Step 630 | lr=1.464466e-04 | loss=0.034133
Epoch 016 | Step 640 | lr=1.464466e-04 | loss=0.036142
Epoch 016 | Step 650 | lr=1.464466e-04 | loss=0.035823
Epoch 016 | Step 660 | lr=1.464466e-04 | loss=0.036895
Epoch 016 | Step 670 | lr=1.464466e-04 | loss=0.035534
Epoch 016 | Step 680 | lr=1.464466e-04 | loss=0.037603
Epoch 016 | Step 690 | lr=1.464466e-04 | loss=0.035917
Epoch 016 | Step 700 | lr=1.464466e-04 | loss=0.036227
Epoch 016 | Step 710 | lr=1.464466e-04 | loss=0.038519
Epoch 016 | Step 720 | lr=1.464466e-04 | loss=0.035401
Epoch 016 | Step 730 | lr=1.464466e-04 | loss=0.035499
Epoch 016 | Step 740 | lr=1.464466e-04 | loss=0.034726
Epoch 016 | Step 750 | lr=1.464466e-04 | loss=0.037574
Epoch 016 | Step 760 | lr=1.464466e-04 | loss=0.035169
Epoch 016 | Step 770 | lr=1.464466e-04 | loss=0.035929
Epoch 016 | Step 780 | lr=1.464466e-04 | loss=0.037078
Epoch 016 | Step 790 | lr=1.464466e-04 | loss=0.036327
Epoch 016 | Step 800 | lr=1.464466e-04 | loss=0.035849
Epoch 016 | Step 810 | lr=1.464466e-04 | loss=0.036673
Epoch 016 | Step 820 | lr=1.464466e-04 | loss=0.036401
Epoch 016 | Step 830 | lr=1.464466e-04 | loss=0.036699
Epoch 016 | Step 840 | lr=1.464466e-04 | loss=0.036858
Epoch 016 | Step 850 | lr=1.464466e-04 | loss=0.037624
Epoch 016 | Step 860 | lr=1.464466e-04 | loss=0.035815
Epoch 016 | Step 870 | lr=1.464466e-04 | loss=0.037046
Epoch 016 | Step 880 | lr=1.464466e-04 | loss=0.037904
Epoch 016 | Step 890 | lr=1.464466e-04 | loss=0.037965
Epoch 016 | Step 900 | lr=1.464466e-04 | loss=0.036710
Epoch 016 | Step 910 | lr=1.464466e-04 | loss=0.036634
Epoch 016 | Step 920 | lr=1.464466e-04 | loss=0.037298
Epoch 016 | Step 930 | lr=1.464466e-04 | loss=0.037246
Epoch 016 | Step 940 | lr=1.464466e-04 | loss=0.037593
Epoch 016 | Step 950 | lr=1.464466e-04 | loss=0.038076
Epoch 016 | Step 960 | lr=1.464466e-04 | loss=0.036491
epoch 016 | train_kld=0.036441 | val_kld=0.036120 | val_mae=0.002546 | val_mse=0.000073 | ord_acc@10=0.3283 | recall@10=0.8246
Epoch 017 | Step 10 | lr=9.549150e-05 | loss=0.035379
Epoch 017 | Step 20 | lr=9.549150e-05 | loss=0.035931
Epoch 017 | Step 30 | lr=9.549150e-05 | loss=0.034171
Epoch 017 | Step 40 | lr=9.549150e-05 | loss=0.036150
Epoch 017 | Step 50 | lr=9.549150e-05 | loss=0.035831
Epoch 017 | Step 60 | lr=9.549150e-05 | loss=0.037114
Epoch 017 | Step 70 | lr=9.549150e-05 | loss=0.036770
Epoch 017 | Step 80 | lr=9.549150e-05 | loss=0.036758
Epoch 017 | Step 90 | lr=9.549150e-05 | loss=0.035102
Epoch 017 | Step 100 | lr=9.549150e-05 | loss=0.035955
Epoch 017 | Step 110 | lr=9.549150e-05 | loss=0.035262
Epoch 017 | Step 120 | lr=9.549150e-05 | loss=0.035299
Epoch 017 | Step 130 | lr=9.549150e-05 | loss=0.036844
Epoch 017 | Step 140 | lr=9.549150e-05 | loss=0.034879
Epoch 017 | Step 150 | lr=9.549150e-05 | loss=0.034251
Epoch 017 | Step 160 | lr=9.549150e-05 | loss=0.035785
Epoch 017 | Step 170 | lr=9.549150e-05 | loss=0.034224
Epoch 017 | Step 180 | lr=9.549150e-05 | loss=0.035852
Epoch 017 | Step 190 | lr=9.549150e-05 | loss=0.037124
Epoch 017 | Step 200 | lr=9.549150e-05 | loss=0.036089
Epoch 017 | Step 210 | lr=9.549150e-05 | loss=0.035641
Epoch 017 | Step 220 | lr=9.549150e-05 | loss=0.035254
Epoch 017 | Step 230 | lr=9.549150e-05 | loss=0.035866
Epoch 017 | Step 240 | lr=9.549150e-05 | loss=0.035730
Epoch 017 | Step 250 | lr=9.549150e-05 | loss=0.036808
Epoch 017 | Step 260 | lr=9.549150e-05 | loss=0.038240
Epoch 017 | Step 270 | lr=9.549150e-05 | loss=0.035390
Epoch 017 | Step 280 | lr=9.549150e-05 | loss=0.035854
Epoch 017 | Step 290 | lr=9.549150e-05 | loss=0.034821
Epoch 017 | Step 300 | lr=9.549150e-05 | loss=0.036340
Epoch 017 | Step 310 | lr=9.549150e-05 | loss=0.035859
Epoch 017 | Step 320 | lr=9.549150e-05 | loss=0.038001
Epoch 017 | Step 330 | lr=9.549150e-05 | loss=0.036286
Epoch 017 | Step 340 | lr=9.549150e-05 | loss=0.036512
Epoch 017 | Step 350 | lr=9.549150e-05 | loss=0.036148
Epoch 017 | Step 360 | lr=9.549150e-05 | loss=0.036824
Epoch 017 | Step 370 | lr=9.549150e-05 | loss=0.035463
Epoch 017 | Step 380 | lr=9.549150e-05 | loss=0.036348
Epoch 017 | Step 390 | lr=9.549150e-05 | loss=0.037206
Epoch 017 | Step 400 | lr=9.549150e-05 | loss=0.035757
Epoch 017 | Step 410 | lr=9.549150e-05 | loss=0.035652
Epoch 017 | Step 420 | lr=9.549150e-05 | loss=0.034342
Epoch 017 | Step 430 | lr=9.549150e-05 | loss=0.035470
Epoch 017 | Step 440 | lr=9.549150e-05 | loss=0.035040
Epoch 017 | Step 450 | lr=9.549150e-05 | loss=0.036272
Epoch 017 | Step 460 | lr=9.549150e-05 | loss=0.035464
Epoch 017 | Step 470 | lr=9.549150e-05 | loss=0.034341
Epoch 017 | Step 480 | lr=9.549150e-05 | loss=0.035769
Epoch 017 | Step 490 | lr=9.549150e-05 | loss=0.036491
Epoch 017 | Step 500 | lr=9.549150e-05 | loss=0.036762
Epoch 017 | Step 510 | lr=9.549150e-05 | loss=0.037416
Epoch 017 | Step 520 | lr=9.549150e-05 | loss=0.035193
Epoch 017 | Step 530 | lr=9.549150e-05 | loss=0.036172
Epoch 017 | Step 540 | lr=9.549150e-05 | loss=0.037836
Epoch 017 | Step 550 | lr=9.549150e-05 | loss=0.035533
Epoch 017 | Step 560 | lr=9.549150e-05 | loss=0.036135
Epoch 017 | Step 570 | lr=9.549150e-05 | loss=0.035028
Epoch 017 | Step 580 | lr=9.549150e-05 | loss=0.035629
Epoch 017 | Step 590 | lr=9.549150e-05 | loss=0.035100
Epoch 017 | Step 600 | lr=9.549150e-05 | loss=0.036666
Epoch 017 | Step 610 | lr=9.549150e-05 | loss=0.035779
Epoch 017 | Step 620 | lr=9.549150e-05 | loss=0.036079
Epoch 017 | Step 630 | lr=9.549150e-05 | loss=0.037045
Epoch 017 | Step 640 | lr=9.549150e-05 | loss=0.035893
Epoch 017 | Step 650 | lr=9.549150e-05 | loss=0.035108
Epoch 017 | Step 660 | lr=9.549150e-05 | loss=0.036974
Epoch 017 | Step 670 | lr=9.549150e-05 | loss=0.035825
Epoch 017 | Step 680 | lr=9.549150e-05 | loss=0.036205
Epoch 017 | Step 690 | lr=9.549150e-05 | loss=0.035596
Epoch 017 | Step 700 | lr=9.549150e-05 | loss=0.037028
Epoch 017 | Step 710 | lr=9.549150e-05 | loss=0.036488
Epoch 017 | Step 720 | lr=9.549150e-05 | loss=0.036543
Epoch 017 | Step 730 | lr=9.549150e-05 | loss=0.036993
Epoch 017 | Step 740 | lr=9.549150e-05 | loss=0.034892
Epoch 017 | Step 750 | lr=9.549150e-05 | loss=0.037795
Epoch 017 | Step 760 | lr=9.549150e-05 | loss=0.036035
Epoch 017 | Step 770 | lr=9.549150e-05 | loss=0.035600
Epoch 017 | Step 780 | lr=9.549150e-05 | loss=0.036690
Epoch 017 | Step 790 | lr=9.549150e-05 | loss=0.035840
Epoch 017 | Step 800 | lr=9.549150e-05 | loss=0.038208
Epoch 017 | Step 810 | lr=9.549150e-05 | loss=0.036495
Epoch 017 | Step 820 | lr=9.549150e-05 | loss=0.037055
Epoch 017 | Step 830 | lr=9.549150e-05 | loss=0.036988
Epoch 017 | Step 840 | lr=9.549150e-05 | loss=0.036038
Epoch 017 | Step 850 | lr=9.549150e-05 | loss=0.035730
Epoch 017 | Step 860 | lr=9.549150e-05 | loss=0.035765
Epoch 017 | Step 870 | lr=9.549150e-05 | loss=0.036989
Epoch 017 | Step 880 | lr=9.549150e-05 | loss=0.034591
Epoch 017 | Step 890 | lr=9.549150e-05 | loss=0.035437
Epoch 017 | Step 900 | lr=9.549150e-05 | loss=0.037587
Epoch 017 | Step 910 | lr=9.549150e-05 | loss=0.035968
Epoch 017 | Step 920 | lr=9.549150e-05 | loss=0.034580
Epoch 017 | Step 930 | lr=9.549150e-05 | loss=0.035882
Epoch 017 | Step 940 | lr=9.549150e-05 | loss=0.037174
Epoch 017 | Step 950 | lr=9.549150e-05 | loss=0.035786
Epoch 017 | Step 960 | lr=9.549150e-05 | loss=0.037649
epoch 017 | train_kld=0.036074 | val_kld=0.036020 | val_mae=0.002551 | val_mse=0.000073 | ord_acc@10=0.3290 | recall@10=0.8245
Epoch 018 | Step 10 | lr=5.449674e-05 | loss=0.036828
Epoch 018 | Step 20 | lr=5.449674e-05 | loss=0.036698
Epoch 018 | Step 30 | lr=5.449674e-05 | loss=0.036393
Epoch 018 | Step 40 | lr=5.449674e-05 | loss=0.035726
Epoch 018 | Step 50 | lr=5.449674e-05 | loss=0.035317
Epoch 018 | Step 60 | lr=5.449674e-05 | loss=0.036485
Epoch 018 | Step 70 | lr=5.449674e-05 | loss=0.036389
Epoch 018 | Step 80 | lr=5.449674e-05 | loss=0.036856
Epoch 018 | Step 90 | lr=5.449674e-05 | loss=0.037692
Epoch 018 | Step 100 | lr=5.449674e-05 | loss=0.033810
Epoch 018 | Step 110 | lr=5.449674e-05 | loss=0.033648
Epoch 018 | Step 120 | lr=5.449674e-05 | loss=0.036717
Epoch 018 | Step 130 | lr=5.449674e-05 | loss=0.035238
Epoch 018 | Step 140 | lr=5.449674e-05 | loss=0.034528
Epoch 018 | Step 150 | lr=5.449674e-05 | loss=0.034402
Epoch 018 | Step 160 | lr=5.449674e-05 | loss=0.034901
Epoch 018 | Step 170 | lr=5.449674e-05 | loss=0.036244
Epoch 018 | Step 180 | lr=5.449674e-05 | loss=0.036804
Epoch 018 | Step 190 | lr=5.449674e-05 | loss=0.034917
Epoch 018 | Step 200 | lr=5.449674e-05 | loss=0.034735
Epoch 018 | Step 210 | lr=5.449674e-05 | loss=0.036704
Epoch 018 | Step 220 | lr=5.449674e-05 | loss=0.034369
Epoch 018 | Step 230 | lr=5.449674e-05 | loss=0.036412
Epoch 018 | Step 240 | lr=5.449674e-05 | loss=0.035722
Epoch 018 | Step 250 | lr=5.449674e-05 | loss=0.033654
Epoch 018 | Step 260 | lr=5.449674e-05 | loss=0.033953
Epoch 018 | Step 270 | lr=5.449674e-05 | loss=0.035103
Epoch 018 | Step 280 | lr=5.449674e-05 | loss=0.037690
Epoch 018 | Step 290 | lr=5.449674e-05 | loss=0.036243
Epoch 018 | Step 300 | lr=5.449674e-05 | loss=0.035386
Epoch 018 | Step 310 | lr=5.449674e-05 | loss=0.036284
Epoch 018 | Step 320 | lr=5.449674e-05 | loss=0.036115
Epoch 018 | Step 330 | lr=5.449674e-05 | loss=0.035575
Epoch 018 | Step 340 | lr=5.449674e-05 | loss=0.036542
Epoch 018 | Step 350 | lr=5.449674e-05 | loss=0.036570
Epoch 018 | Step 360 | lr=5.449674e-05 | loss=0.036167
Epoch 018 | Step 370 | lr=5.449674e-05 | loss=0.036375
Epoch 018 | Step 380 | lr=5.449674e-05 | loss=0.035161
Epoch 018 | Step 390 | lr=5.449674e-05 | loss=0.034646
Epoch 018 | Step 400 | lr=5.449674e-05 | loss=0.037289
Epoch 018 | Step 410 | lr=5.449674e-05 | loss=0.035173
Epoch 018 | Step 420 | lr=5.449674e-05 | loss=0.036582
Epoch 018 | Step 430 | lr=5.449674e-05 | loss=0.036894
Epoch 018 | Step 440 | lr=5.449674e-05 | loss=0.035873
Epoch 018 | Step 450 | lr=5.449674e-05 | loss=0.037221
Epoch 018 | Step 460 | lr=5.449674e-05 | loss=0.036013
Epoch 018 | Step 470 | lr=5.449674e-05 | loss=0.035655
Epoch 018 | Step 480 | lr=5.449674e-05 | loss=0.036715
Epoch 018 | Step 490 | lr=5.449674e-05 | loss=0.036311
Epoch 018 | Step 500 | lr=5.449674e-05 | loss=0.035713
Epoch 018 | Step 510 | lr=5.449674e-05 | loss=0.036327
Epoch 018 | Step 520 | lr=5.449674e-05 | loss=0.036737
Epoch 018 | Step 530 | lr=5.449674e-05 | loss=0.035417
Epoch 018 | Step 540 | lr=5.449674e-05 | loss=0.035592
Epoch 018 | Step 550 | lr=5.449674e-05 | loss=0.036349
Epoch 018 | Step 560 | lr=5.449674e-05 | loss=0.034882
Epoch 018 | Step 570 | lr=5.449674e-05 | loss=0.036489
Epoch 018 | Step 580 | lr=5.449674e-05 | loss=0.036799
Epoch 018 | Step 590 | lr=5.449674e-05 | loss=0.037184
Epoch 018 | Step 600 | lr=5.449674e-05 | loss=0.035589
Epoch 018 | Step 610 | lr=5.449674e-05 | loss=0.037076
Epoch 018 | Step 620 | lr=5.449674e-05 | loss=0.034534
Epoch 018 | Step 630 | lr=5.449674e-05 | loss=0.035687
Epoch 018 | Step 640 | lr=5.449674e-05 | loss=0.036595
Epoch 018 | Step 650 | lr=5.449674e-05 | loss=0.036798
Epoch 018 | Step 660 | lr=5.449674e-05 | loss=0.034370
Epoch 018 | Step 670 | lr=5.449674e-05 | loss=0.035568
Epoch 018 | Step 680 | lr=5.449674e-05 | loss=0.034796
Epoch 018 | Step 690 | lr=5.449674e-05 | loss=0.036540
Epoch 018 | Step 700 | lr=5.449674e-05 | loss=0.037206
Epoch 018 | Step 710 | lr=5.449674e-05 | loss=0.036502
Epoch 018 | Step 720 | lr=5.449674e-05 | loss=0.035496
Epoch 018 | Step 730 | lr=5.449674e-05 | loss=0.036889
Epoch 018 | Step 740 | lr=5.449674e-05 | loss=0.037038
Epoch 018 | Step 750 | lr=5.449674e-05 | loss=0.035505
Epoch 018 | Step 760 | lr=5.449674e-05 | loss=0.035638
Epoch 018 | Step 770 | lr=5.449674e-05 | loss=0.037610
Epoch 018 | Step 780 | lr=5.449674e-05 | loss=0.035830
Epoch 018 | Step 790 | lr=5.449674e-05 | loss=0.034371
Epoch 018 | Step 800 | lr=5.449674e-05 | loss=0.036290
Epoch 018 | Step 810 | lr=5.449674e-05 | loss=0.036389
Epoch 018 | Step 820 | lr=5.449674e-05 | loss=0.034829
Epoch 018 | Step 830 | lr=5.449674e-05 | loss=0.036669
Epoch 018 | Step 840 | lr=5.449674e-05 | loss=0.036041
Epoch 018 | Step 850 | lr=5.449674e-05 | loss=0.035461
Epoch 018 | Step 860 | lr=5.449674e-05 | loss=0.037049
Epoch 018 | Step 870 | lr=5.449674e-05 | loss=0.036660
Epoch 018 | Step 880 | lr=5.449674e-05 | loss=0.035900
Epoch 018 | Step 890 | lr=5.449674e-05 | loss=0.035011
Epoch 018 | Step 900 | lr=5.449674e-05 | loss=0.036463
Epoch 018 | Step 910 | lr=5.449674e-05 | loss=0.035103
Epoch 018 | Step 920 | lr=5.449674e-05 | loss=0.036011
Epoch 018 | Step 930 | lr=5.449674e-05 | loss=0.036524
Epoch 018 | Step 940 | lr=5.449674e-05 | loss=0.035916
Epoch 018 | Step 950 | lr=5.449674e-05 | loss=0.036931
Epoch 018 | Step 960 | lr=5.449674e-05 | loss=0.036624
epoch 018 | train_kld=0.035802 | val_kld=0.035790 | val_mae=0.002525 | val_mse=0.000071 | ord_acc@10=0.3282 | recall@10=0.8233
Epoch 019 | Step 10 | lr=2.447174e-05 | loss=0.035779
Epoch 019 | Step 20 | lr=2.447174e-05 | loss=0.036488
Epoch 019 | Step 30 | lr=2.447174e-05 | loss=0.036657
Epoch 019 | Step 40 | lr=2.447174e-05 | loss=0.034842
Epoch 019 | Step 50 | lr=2.447174e-05 | loss=0.036919
Epoch 019 | Step 60 | lr=2.447174e-05 | loss=0.035626
Epoch 019 | Step 70 | lr=2.447174e-05 | loss=0.034471
Epoch 019 | Step 80 | lr=2.447174e-05 | loss=0.035827
Epoch 019 | Step 90 | lr=2.447174e-05 | loss=0.034810
Epoch 019 | Step 100 | lr=2.447174e-05 | loss=0.034690
Epoch 019 | Step 110 | lr=2.447174e-05 | loss=0.035073
Epoch 019 | Step 120 | lr=2.447174e-05 | loss=0.034342
Epoch 019 | Step 130 | lr=2.447174e-05 | loss=0.035468
Epoch 019 | Step 140 | lr=2.447174e-05 | loss=0.034670
Epoch 019 | Step 150 | lr=2.447174e-05 | loss=0.034544
Epoch 019 | Step 160 | lr=2.447174e-05 | loss=0.036618
Epoch 019 | Step 170 | lr=2.447174e-05 | loss=0.035045
Epoch 019 | Step 180 | lr=2.447174e-05 | loss=0.034888
Epoch 019 | Step 190 | lr=2.447174e-05 | loss=0.035937
Epoch 019 | Step 200 | lr=2.447174e-05 | loss=0.036492
Epoch 019 | Step 210 | lr=2.447174e-05 | loss=0.034365
Epoch 019 | Step 220 | lr=2.447174e-05 | loss=0.036125
Epoch 019 | Step 230 | lr=2.447174e-05 | loss=0.035299
Epoch 019 | Step 240 | lr=2.447174e-05 | loss=0.036586
Epoch 019 | Step 250 | lr=2.447174e-05 | loss=0.037192
Epoch 019 | Step 260 | lr=2.447174e-05 | loss=0.036046
Epoch 019 | Step 270 | lr=2.447174e-05 | loss=0.034615
Epoch 019 | Step 280 | lr=2.447174e-05 | loss=0.034632
Epoch 019 | Step 290 | lr=2.447174e-05 | loss=0.034332
Epoch 019 | Step 300 | lr=2.447174e-05 | loss=0.036588
Epoch 019 | Step 310 | lr=2.447174e-05 | loss=0.034879
Epoch 019 | Step 320 | lr=2.447174e-05 | loss=0.036024
Epoch 019 | Step 330 | lr=2.447174e-05 | loss=0.034504
Epoch 019 | Step 340 | lr=2.447174e-05 | loss=0.037113
Epoch 019 | Step 350 | lr=2.447174e-05 | loss=0.035583
Epoch 019 | Step 360 | lr=2.447174e-05 | loss=0.034671
Epoch 019 | Step 370 | lr=2.447174e-05 | loss=0.035488
Epoch 019 | Step 380 | lr=2.447174e-05 | loss=0.036171
Epoch 019 | Step 390 | lr=2.447174e-05 | loss=0.037143
Epoch 019 | Step 400 | lr=2.447174e-05 | loss=0.036243
Epoch 019 | Step 410 | lr=2.447174e-05 | loss=0.034643
Epoch 019 | Step 420 | lr=2.447174e-05 | loss=0.035325
Epoch 019 | Step 430 | lr=2.447174e-05 | loss=0.036115
Epoch 019 | Step 440 | lr=2.447174e-05 | loss=0.035721
Epoch 019 | Step 450 | lr=2.447174e-05 | loss=0.035659
Epoch 019 | Step 460 | lr=2.447174e-05 | loss=0.034902
Epoch 019 | Step 470 | lr=2.447174e-05 | loss=0.036265
Epoch 019 | Step 480 | lr=2.447174e-05 | loss=0.035073
Epoch 019 | Step 490 | lr=2.447174e-05 | loss=0.037206
Epoch 019 | Step 500 | lr=2.447174e-05 | loss=0.035953
Epoch 019 | Step 510 | lr=2.447174e-05 | loss=0.034752
Epoch 019 | Step 520 | lr=2.447174e-05 | loss=0.034118
Epoch 019 | Step 530 | lr=2.447174e-05 | loss=0.034124
Epoch 019 | Step 540 | lr=2.447174e-05 | loss=0.035986
Epoch 019 | Step 550 | lr=2.447174e-05 | loss=0.035793
Epoch 019 | Step 560 | lr=2.447174e-05 | loss=0.035253
Epoch 019 | Step 570 | lr=2.447174e-05 | loss=0.034587
Epoch 019 | Step 580 | lr=2.447174e-05 | loss=0.036032
Epoch 019 | Step 590 | lr=2.447174e-05 | loss=0.035412
Epoch 019 | Step 600 | lr=2.447174e-05 | loss=0.035939
Epoch 019 | Step 610 | lr=2.447174e-05 | loss=0.035272
Epoch 019 | Step 620 | lr=2.447174e-05 | loss=0.034047
Epoch 019 | Step 630 | lr=2.447174e-05 | loss=0.035309
Epoch 019 | Step 640 | lr=2.447174e-05 | loss=0.035684
Epoch 019 | Step 650 | lr=2.447174e-05 | loss=0.036457
Epoch 019 | Step 660 | lr=2.447174e-05 | loss=0.036703
Epoch 019 | Step 670 | lr=2.447174e-05 | loss=0.033927
Epoch 019 | Step 680 | lr=2.447174e-05 | loss=0.035687
Epoch 019 | Step 690 | lr=2.447174e-05 | loss=0.034358
Epoch 019 | Step 700 | lr=2.447174e-05 | loss=0.035995
Epoch 019 | Step 710 | lr=2.447174e-05 | loss=0.037974
Epoch 019 | Step 720 | lr=2.447174e-05 | loss=0.035224
Epoch 019 | Step 730 | lr=2.447174e-05 | loss=0.035753
Epoch 019 | Step 740 | lr=2.447174e-05 | loss=0.035126
Epoch 019 | Step 750 | lr=2.447174e-05 | loss=0.036745
Epoch 019 | Step 760 | lr=2.447174e-05 | loss=0.035866
Epoch 019 | Step 770 | lr=2.447174e-05 | loss=0.035462
Epoch 019 | Step 780 | lr=2.447174e-05 | loss=0.036269
Epoch 019 | Step 790 | lr=2.447174e-05 | loss=0.035705
Epoch 019 | Step 800 | lr=2.447174e-05 | loss=0.035076
Epoch 019 | Step 810 | lr=2.447174e-05 | loss=0.035799
Epoch 019 | Step 820 | lr=2.447174e-05 | loss=0.034429
Epoch 019 | Step 830 | lr=2.447174e-05 | loss=0.035460
Epoch 019 | Step 840 | lr=2.447174e-05 | loss=0.035244
Epoch 019 | Step 850 | lr=2.447174e-05 | loss=0.036654
Epoch 019 | Step 860 | lr=2.447174e-05 | loss=0.035330
Epoch 019 | Step 870 | lr=2.447174e-05 | loss=0.036983
Epoch 019 | Step 880 | lr=2.447174e-05 | loss=0.035421
Epoch 019 | Step 890 | lr=2.447174e-05 | loss=0.034820
Epoch 019 | Step 900 | lr=2.447174e-05 | loss=0.034246
Epoch 019 | Step 910 | lr=2.447174e-05 | loss=0.036220
Epoch 019 | Step 920 | lr=2.447174e-05 | loss=0.036254
Epoch 019 | Step 930 | lr=2.447174e-05 | loss=0.035442
Epoch 019 | Step 940 | lr=2.447174e-05 | loss=0.035478
Epoch 019 | Step 950 | lr=2.447174e-05 | loss=0.035208
Epoch 019 | Step 960 | lr=2.447174e-05 | loss=0.035713
epoch 019 | train_kld=0.035581 | val_kld=0.035682 | val_mae=0.002513 | val_mse=0.000071 | ord_acc@10=0.3312 | recall@10=0.8224
Epoch 020 | Step 10 | lr=6.155830e-06 | loss=0.036231
Epoch 020 | Step 20 | lr=6.155830e-06 | loss=0.035357
Epoch 020 | Step 30 | lr=6.155830e-06 | loss=0.034330
Epoch 020 | Step 40 | lr=6.155830e-06 | loss=0.035884
Epoch 020 | Step 50 | lr=6.155830e-06 | loss=0.034991
Epoch 020 | Step 60 | lr=6.155830e-06 | loss=0.034002
Epoch 020 | Step 70 | lr=6.155830e-06 | loss=0.034230
Epoch 020 | Step 80 | lr=6.155830e-06 | loss=0.036288
Epoch 020 | Step 90 | lr=6.155830e-06 | loss=0.034020
Epoch 020 | Step 100 | lr=6.155830e-06 | loss=0.036466
Epoch 020 | Step 110 | lr=6.155830e-06 | loss=0.034160
Epoch 020 | Step 120 | lr=6.155830e-06 | loss=0.035130
Epoch 020 | Step 130 | lr=6.155830e-06 | loss=0.036372
Epoch 020 | Step 140 | lr=6.155830e-06 | loss=0.035619
Epoch 020 | Step 150 | lr=6.155830e-06 | loss=0.034297
Epoch 020 | Step 160 | lr=6.155830e-06 | loss=0.034439
Epoch 020 | Step 170 | lr=6.155830e-06 | loss=0.035388
Epoch 020 | Step 180 | lr=6.155830e-06 | loss=0.035085
Epoch 020 | Step 190 | lr=6.155830e-06 | loss=0.036826
Epoch 020 | Step 200 | lr=6.155830e-06 | loss=0.036010
Epoch 020 | Step 210 | lr=6.155830e-06 | loss=0.035630
Epoch 020 | Step 220 | lr=6.155830e-06 | loss=0.033242
Epoch 020 | Step 230 | lr=6.155830e-06 | loss=0.036664
Epoch 020 | Step 240 | lr=6.155830e-06 | loss=0.035837
Epoch 020 | Step 250 | lr=6.155830e-06 | loss=0.033673
Epoch 020 | Step 260 | lr=6.155830e-06 | loss=0.035544
Epoch 020 | Step 270 | lr=6.155830e-06 | loss=0.034791
Epoch 020 | Step 280 | lr=6.155830e-06 | loss=0.035740
Epoch 020 | Step 290 | lr=6.155830e-06 | loss=0.035813
Epoch 020 | Step 300 | lr=6.155830e-06 | loss=0.034717
Epoch 020 | Step 310 | lr=6.155830e-06 | loss=0.034888
Epoch 020 | Step 320 | lr=6.155830e-06 | loss=0.035650
Epoch 020 | Step 330 | lr=6.155830e-06 | loss=0.034809
Epoch 020 | Step 340 | lr=6.155830e-06 | loss=0.034390
Epoch 020 | Step 350 | lr=6.155830e-06 | loss=0.034884
Epoch 020 | Step 360 | lr=6.155830e-06 | loss=0.034463
Epoch 020 | Step 370 | lr=6.155830e-06 | loss=0.037320
Epoch 020 | Step 380 | lr=6.155830e-06 | loss=0.034938
Epoch 020 | Step 390 | lr=6.155830e-06 | loss=0.035348
Epoch 020 | Step 400 | lr=6.155830e-06 | loss=0.036055
Epoch 020 | Step 410 | lr=6.155830e-06 | loss=0.034911
Epoch 020 | Step 420 | lr=6.155830e-06 | loss=0.034450
Epoch 020 | Step 430 | lr=6.155830e-06 | loss=0.037058
Epoch 020 | Step 440 | lr=6.155830e-06 | loss=0.036990
Epoch 020 | Step 450 | lr=6.155830e-06 | loss=0.035725
Epoch 020 | Step 460 | lr=6.155830e-06 | loss=0.034858
Epoch 020 | Step 470 | lr=6.155830e-06 | loss=0.035103
Epoch 020 | Step 480 | lr=6.155830e-06 | loss=0.035389
Epoch 020 | Step 490 | lr=6.155830e-06 | loss=0.035411
Epoch 020 | Step 500 | lr=6.155830e-06 | loss=0.034837
Epoch 020 | Step 510 | lr=6.155830e-06 | loss=0.035470
Epoch 020 | Step 520 | lr=6.155830e-06 | loss=0.035643
Epoch 020 | Step 530 | lr=6.155830e-06 | loss=0.034749
Epoch 020 | Step 540 | lr=6.155830e-06 | loss=0.035314
Epoch 020 | Step 550 | lr=6.155830e-06 | loss=0.036049
Epoch 020 | Step 560 | lr=6.155830e-06 | loss=0.034953
Epoch 020 | Step 570 | lr=6.155830e-06 | loss=0.034743
Epoch 020 | Step 580 | lr=6.155830e-06 | loss=0.035373
Epoch 020 | Step 590 | lr=6.155830e-06 | loss=0.034692
Epoch 020 | Step 600 | lr=6.155830e-06 | loss=0.035194
Epoch 020 | Step 610 | lr=6.155830e-06 | loss=0.035736
Epoch 020 | Step 620 | lr=6.155830e-06 | loss=0.035775
Epoch 020 | Step 630 | lr=6.155830e-06 | loss=0.038142
Epoch 020 | Step 640 | lr=6.155830e-06 | loss=0.035947
Epoch 020 | Step 650 | lr=6.155830e-06 | loss=0.036271
Epoch 020 | Step 660 | lr=6.155830e-06 | loss=0.033901
Epoch 020 | Step 670 | lr=6.155830e-06 | loss=0.034012
Epoch 020 | Step 680 | lr=6.155830e-06 | loss=0.035611
Epoch 020 | Step 690 | lr=6.155830e-06 | loss=0.035790
Epoch 020 | Step 700 | lr=6.155830e-06 | loss=0.036438
Epoch 020 | Step 710 | lr=6.155830e-06 | loss=0.036437
Epoch 020 | Step 720 | lr=6.155830e-06 | loss=0.033808
Epoch 020 | Step 730 | lr=6.155830e-06 | loss=0.035201
Epoch 020 | Step 740 | lr=6.155830e-06 | loss=0.035704
Epoch 020 | Step 750 | lr=6.155830e-06 | loss=0.035266
Epoch 020 | Step 760 | lr=6.155830e-06 | loss=0.033393
Epoch 020 | Step 770 | lr=6.155830e-06 | loss=0.035613
Epoch 020 | Step 780 | lr=6.155830e-06 | loss=0.036103
Epoch 020 | Step 790 | lr=6.155830e-06 | loss=0.034767
Epoch 020 | Step 800 | lr=6.155830e-06 | loss=0.036099
Epoch 020 | Step 810 | lr=6.155830e-06 | loss=0.036493
Epoch 020 | Step 820 | lr=6.155830e-06 | loss=0.035543
Epoch 020 | Step 830 | lr=6.155830e-06 | loss=0.037185
Epoch 020 | Step 840 | lr=6.155830e-06 | loss=0.037607
Epoch 020 | Step 850 | lr=6.155830e-06 | loss=0.035901
Epoch 020 | Step 860 | lr=6.155830e-06 | loss=0.036379
Epoch 020 | Step 870 | lr=6.155830e-06 | loss=0.036106
Epoch 020 | Step 880 | lr=6.155830e-06 | loss=0.036446
Epoch 020 | Step 890 | lr=6.155830e-06 | loss=0.033866
Epoch 020 | Step 900 | lr=6.155830e-06 | loss=0.037047
Epoch 020 | Step 910 | lr=6.155830e-06 | loss=0.035049
Epoch 020 | Step 920 | lr=6.155830e-06 | loss=0.035034
Epoch 020 | Step 930 | lr=6.155830e-06 | loss=0.036753
Epoch 020 | Step 940 | lr=6.155830e-06 | loss=0.034412
Epoch 020 | Step 950 | lr=6.155830e-06 | loss=0.035523
Epoch 020 | Step 960 | lr=6.155830e-06 | loss=0.034275
/mnt/hdd/xln/PycharmProjects/PredictLeafNode/src/model/cluster_dist_transformer_original.py:844: FutureWarning: You are using `torch.load` with `weights_only=False` (the current default value), which uses the default pickle module implicitly. It is possible to construct malicious pickle data which will execute arbitrary code during unpickling (See https://github.com/pytorch/pytorch/blob/main/SECURITY.md#untrusted-models for more details). In a future release, the default value for `weights_only` will be flipped to `True`. This limits the functions that could be executed during unpickling. Arbitrary objects will no longer be allowed to be loaded via this mode unless they are explicitly allowlisted by the user via `torch.serialization.add_safe_globals`. We recommend you start setting `weights_only=True` for any use case where you don't have full control of the loaded file. Please open an issue on GitHub for any issues related to this experimental feature.
  ckpt = torch.load(best_path, map_location=device)
epoch 020 | train_kld=0.035455 | val_kld=0.035617 | val_mae=0.002514 | val_mse=0.000071 | ord_acc@10=0.3312 | recall@10=0.8220
Saved epoch 1 batch metrics plot to input/Training_data/gist1M_learn/leafsize20K/F_model_d256_L4_H8_ff512_topk10_bs512_ep20_lr0.001_wd0.01_bilinear_normalizeTrue_posTrue_gatingFalse_loss_typehybrid_use_type_embedTrue/model_d256_L4_H8_ff512_topk10_bs512_ep20_lr0.001_wd0.01_bilinear_normalizeTrue_posTrue_gatingFalse_loss_typehybrid_use_type_embedTrue_epoch1_batch_metrics@10.png
Saved epoch metrics plot to input/Training_data/gist1M_learn/leafsize20K/F_model_d256_L4_H8_ff512_topk10_bs512_ep20_lr0.001_wd0.01_bilinear_normalizeTrue_posTrue_gatingFalse_loss_typehybrid_use_type_embedTrue/model_d256_L4_H8_ff512_topk10_bs512_ep20_lr0.001_wd0.01_bilinear_normalizeTrue_posTrue_gatingFalse_loss_typehybrid_use_type_embedTrue_epoch_metrics.png
best val_kld: 0.035617 at epoch 20
Loaded checkpoint from input/Training_data/gist1M_learn/leafsize20K/F_model_d256_L4_H8_ff512_topk10_bs512_ep20_lr0.001_wd0.01_bilinear_normalizeTrue_posTrue_gatingFalse_loss_typehybrid_use_type_embedTrue/model_d256_L4_H8_ff512_topk10_bs512_ep20_lr0.001_wd0.01_bilinear_normalizeTrue_posTrue_gatingFalse_loss_typehybrid_use_type_embedTrue.pt (epoch=20)
[TEST] kld=0.037828 | mae=0.002599 | mse=0.000072 | ord_acc@10=0.3199 | recall@10=0.8252
Saving model predictions to file...
Saved predictions -> input/Training_data/gist1M_learn/leafsize20K/F_model_d256_L4_H8_ff512_topk10_bs512_ep20_lr0.001_wd0.01_bilinear_normalizeTrue_posTrue_gatingFalse_loss_typehybrid_use_type_embedTrue/model_d256_L4_H8_ff512_topk10_bs512_ep20_lr0.001_wd0.01_bilinear_normalizeTrue_posTrue_gatingFalse_loss_typehybrid_use_type_embedTrue_pred.txt
