/home/xln/miniconda3/envs/elpis_torch/lib/python3.12/site-packages/torch/nn/modules/transformer.py:379: UserWarning: enable_nested_tensor is True, but self.use_nested_tensor is False because encoder_layer.norm_first was True
  warnings.warn(
Detected K=116, D=960
Using experiment ID: F
Epoch 001 | Batch 10 | val_kld=0.001930 | val_ordacc@10=0.009712 | val_recall@10=0.107181
Epoch 001 | Step 10 | lr=1.000000e-03 | loss=0.002715
Epoch 001 | Batch 20 | val_kld=0.001728 | val_ordacc@10=0.015354 | val_recall@10=0.156808
Epoch 001 | Step 20 | lr=1.000000e-03 | loss=0.001912
Epoch 001 | Batch 30 | val_kld=0.001493 | val_ordacc@10=0.046412 | val_recall@10=0.382449
Epoch 001 | Step 30 | lr=1.000000e-03 | loss=0.001617
Epoch 001 | Batch 40 | val_kld=0.001151 | val_ordacc@10=0.089465 | val_recall@10=0.580196
Epoch 001 | Step 40 | lr=1.000000e-03 | loss=0.001182
Epoch 001 | Batch 50 | val_kld=0.000877 | val_ordacc@10=0.119406 | val_recall@10=0.659381
Epoch 001 | Step 50 | lr=1.000000e-03 | loss=0.000990
Epoch 001 | Batch 60 | val_kld=0.000759 | val_ordacc@10=0.130985 | val_recall@10=0.658469
Epoch 001 | Step 60 | lr=1.000000e-03 | loss=0.000908
Epoch 001 | Batch 70 | val_kld=0.000696 | val_ordacc@10=0.149187 | val_recall@10=0.687598
Epoch 001 | Step 70 | lr=1.000000e-03 | loss=0.000800
Epoch 001 | Batch 80 | val_kld=0.000593 | val_ordacc@10=0.161652 | val_recall@10=0.709670
Epoch 001 | Step 80 | lr=1.000000e-03 | loss=0.000716
Epoch 001 | Batch 90 | val_kld=0.000504 | val_ordacc@10=0.185333 | val_recall@10=0.727823
Epoch 001 | Step 90 | lr=1.000000e-03 | loss=0.000573
Epoch 001 | Batch 100 | val_kld=0.000484 | val_ordacc@10=0.183882 | val_recall@10=0.735628
Epoch 001 | Step 100 | lr=1.000000e-03 | loss=0.000625
Epoch 001 | Batch 110 | val_kld=0.000459 | val_ordacc@10=0.191773 | val_recall@10=0.737765
Epoch 001 | Step 110 | lr=1.000000e-03 | loss=0.000533
Epoch 001 | Batch 120 | val_kld=0.000443 | val_ordacc@10=0.190039 | val_recall@10=0.744074
Epoch 001 | Step 120 | lr=1.000000e-03 | loss=0.000468
Epoch 001 | Batch 130 | val_kld=0.000395 | val_ordacc@10=0.203271 | val_recall@10=0.754177
Epoch 001 | Step 130 | lr=1.000000e-03 | loss=0.000484
Epoch 001 | Batch 140 | val_kld=0.000405 | val_ordacc@10=0.200955 | val_recall@10=0.761698
Epoch 001 | Step 140 | lr=1.000000e-03 | loss=0.000399
Epoch 001 | Batch 150 | val_kld=0.000359 | val_ordacc@10=0.213923 | val_recall@10=0.766539
Epoch 001 | Step 150 | lr=1.000000e-03 | loss=0.000428
Epoch 001 | Batch 160 | val_kld=0.000331 | val_ordacc@10=0.219242 | val_recall@10=0.764833
Epoch 001 | Step 160 | lr=1.000000e-03 | loss=0.000377
Epoch 001 | Batch 170 | val_kld=0.000333 | val_ordacc@10=0.216933 | val_recall@10=0.758793
Epoch 001 | Step 170 | lr=1.000000e-03 | loss=0.000405
Epoch 001 | Batch 180 | val_kld=0.000335 | val_ordacc@10=0.211903 | val_recall@10=0.766545
Epoch 001 | Step 180 | lr=1.000000e-03 | loss=0.000344
Epoch 001 | Batch 190 | val_kld=0.000327 | val_ordacc@10=0.208596 | val_recall@10=0.762513
Epoch 001 | Step 190 | lr=1.000000e-03 | loss=0.000371
Epoch 001 | Batch 200 | val_kld=0.000360 | val_ordacc@10=0.195769 | val_recall@10=0.762512
Epoch 001 | Step 200 | lr=1.000000e-03 | loss=0.000348
Epoch 001 | Batch 210 | val_kld=0.000301 | val_ordacc@10=0.227636 | val_recall@10=0.773623
Epoch 001 | Step 210 | lr=1.000000e-03 | loss=0.000355
Epoch 001 | Batch 220 | val_kld=0.000286 | val_ordacc@10=0.220775 | val_recall@10=0.771410
Epoch 001 | Step 220 | lr=1.000000e-03 | loss=0.000329
Epoch 001 | Batch 230 | val_kld=0.000272 | val_ordacc@10=0.233046 | val_recall@10=0.774827
Epoch 001 | Step 230 | lr=1.000000e-03 | loss=0.000316
Epoch 001 | Batch 240 | val_kld=0.000274 | val_ordacc@10=0.226975 | val_recall@10=0.770497
Epoch 001 | Step 240 | lr=1.000000e-03 | loss=0.000355
Epoch 001 | Batch 250 | val_kld=0.000307 | val_ordacc@10=0.225824 | val_recall@10=0.764599
Epoch 001 | Step 250 | lr=1.000000e-03 | loss=0.000393
Epoch 001 | Batch 260 | val_kld=0.000346 | val_ordacc@10=0.203506 | val_recall@10=0.746973
Epoch 001 | Step 260 | lr=1.000000e-03 | loss=0.000379
Epoch 001 | Batch 270 | val_kld=0.000270 | val_ordacc@10=0.230999 | val_recall@10=0.770886
Epoch 001 | Step 270 | lr=1.000000e-03 | loss=0.000345
Epoch 001 | Batch 280 | val_kld=0.000269 | val_ordacc@10=0.229718 | val_recall@10=0.773204
Epoch 001 | Step 280 | lr=1.000000e-03 | loss=0.000342
Epoch 001 | Batch 290 | val_kld=0.000256 | val_ordacc@10=0.230185 | val_recall@10=0.782087
Epoch 001 | Step 290 | lr=1.000000e-03 | loss=0.000279
Epoch 001 | Batch 300 | val_kld=0.000301 | val_ordacc@10=0.199129 | val_recall@10=0.764736
Epoch 001 | Step 300 | lr=1.000000e-03 | loss=0.000326
Epoch 001 | Batch 310 | val_kld=0.000270 | val_ordacc@10=0.218946 | val_recall@10=0.764483
Epoch 001 | Step 310 | lr=1.000000e-03 | loss=0.000305
Epoch 001 | Batch 320 | val_kld=0.000257 | val_ordacc@10=0.238015 | val_recall@10=0.789954
Epoch 001 | Step 320 | lr=1.000000e-03 | loss=0.000276
Epoch 001 | Batch 330 | val_kld=0.000240 | val_ordacc@10=0.233909 | val_recall@10=0.784605
Epoch 001 | Step 330 | lr=1.000000e-03 | loss=0.000310
Epoch 001 | Batch 340 | val_kld=0.000271 | val_ordacc@10=0.227563 | val_recall@10=0.784450
Epoch 001 | Step 340 | lr=1.000000e-03 | loss=0.000331
Epoch 001 | Batch 350 | val_kld=0.000246 | val_ordacc@10=0.228968 | val_recall@10=0.779903
Epoch 001 | Step 350 | lr=1.000000e-03 | loss=0.000339
Epoch 001 | Batch 360 | val_kld=0.000224 | val_ordacc@10=0.240621 | val_recall@10=0.782725
Epoch 001 | Step 360 | lr=1.000000e-03 | loss=0.000303
Epoch 001 | Batch 370 | val_kld=0.000242 | val_ordacc@10=0.233352 | val_recall@10=0.775233
Epoch 001 | Step 370 | lr=1.000000e-03 | loss=0.000247
Epoch 001 | Batch 380 | val_kld=0.000227 | val_ordacc@10=0.240881 | val_recall@10=0.792766
Epoch 001 | Step 380 | lr=1.000000e-03 | loss=0.000312
Epoch 001 | Batch 390 | val_kld=0.000220 | val_ordacc@10=0.241395 | val_recall@10=0.788858
Epoch 001 | Step 390 | lr=1.000000e-03 | loss=0.000250
Epoch 001 | Batch 400 | val_kld=0.000198 | val_ordacc@10=0.251058 | val_recall@10=0.791013
Epoch 001 | Step 400 | lr=1.000000e-03 | loss=0.000219
Epoch 001 | Batch 410 | val_kld=0.000192 | val_ordacc@10=0.250334 | val_recall@10=0.793711
Epoch 001 | Step 410 | lr=1.000000e-03 | loss=0.000209
Epoch 001 | Batch 420 | val_kld=0.000192 | val_ordacc@10=0.249355 | val_recall@10=0.790326
Epoch 001 | Step 420 | lr=1.000000e-03 | loss=0.000269
Epoch 001 | Batch 430 | val_kld=0.000197 | val_ordacc@10=0.251241 | val_recall@10=0.790873
Epoch 001 | Step 430 | lr=1.000000e-03 | loss=0.000212
Epoch 001 | Batch 440 | val_kld=0.000187 | val_ordacc@10=0.255090 | val_recall@10=0.795072
Epoch 001 | Step 440 | lr=1.000000e-03 | loss=0.000217
Epoch 001 | Batch 450 | val_kld=0.000190 | val_ordacc@10=0.249004 | val_recall@10=0.795448
Epoch 001 | Step 450 | lr=1.000000e-03 | loss=0.000212
Epoch 001 | Batch 460 | val_kld=0.000188 | val_ordacc@10=0.248949 | val_recall@10=0.787764
Epoch 001 | Step 460 | lr=1.000000e-03 | loss=0.000245
Epoch 001 | Batch 470 | val_kld=0.000194 | val_ordacc@10=0.254845 | val_recall@10=0.793352
Epoch 001 | Step 470 | lr=1.000000e-03 | loss=0.000264
Epoch 001 | Batch 480 | val_kld=0.000217 | val_ordacc@10=0.236726 | val_recall@10=0.791298
Epoch 001 | Step 480 | lr=1.000000e-03 | loss=0.000263
Epoch 001 | Batch 490 | val_kld=0.000217 | val_ordacc@10=0.241517 | val_recall@10=0.782557
Epoch 001 | Step 490 | lr=1.000000e-03 | loss=0.000230
Epoch 001 | Batch 500 | val_kld=0.000202 | val_ordacc@10=0.247020 | val_recall@10=0.795683
Epoch 001 | Step 500 | lr=1.000000e-03 | loss=0.000222
Epoch 001 | Batch 510 | val_kld=0.000191 | val_ordacc@10=0.253956 | val_recall@10=0.792262
Epoch 001 | Step 510 | lr=1.000000e-03 | loss=0.000206
Epoch 001 | Batch 520 | val_kld=0.000205 | val_ordacc@10=0.250122 | val_recall@10=0.788130
Epoch 001 | Step 520 | lr=1.000000e-03 | loss=0.000213
Epoch 001 | Batch 530 | val_kld=0.000176 | val_ordacc@10=0.259131 | val_recall@10=0.798580
Epoch 001 | Step 530 | lr=1.000000e-03 | loss=0.000222
Epoch 001 | Batch 540 | val_kld=0.000176 | val_ordacc@10=0.257622 | val_recall@10=0.796296
Epoch 001 | Step 540 | lr=1.000000e-03 | loss=0.000217
Epoch 001 | Batch 550 | val_kld=0.000173 | val_ordacc@10=0.260898 | val_recall@10=0.798015
Epoch 001 | Step 550 | lr=1.000000e-03 | loss=0.000215
Epoch 001 | Batch 560 | val_kld=0.000190 | val_ordacc@10=0.250615 | val_recall@10=0.797564
Epoch 001 | Step 560 | lr=1.000000e-03 | loss=0.000209
Epoch 001 | Batch 570 | val_kld=0.000184 | val_ordacc@10=0.255707 | val_recall@10=0.795132
Epoch 001 | Step 570 | lr=1.000000e-03 | loss=0.000230
Epoch 001 | Batch 580 | val_kld=0.000185 | val_ordacc@10=0.253282 | val_recall@10=0.794935
Epoch 001 | Step 580 | lr=1.000000e-03 | loss=0.000215
Epoch 001 | Batch 590 | val_kld=0.000190 | val_ordacc@10=0.255804 | val_recall@10=0.795900
Epoch 001 | Step 590 | lr=1.000000e-03 | loss=0.000188
Epoch 001 | Batch 600 | val_kld=0.000168 | val_ordacc@10=0.259770 | val_recall@10=0.797649
Epoch 001 | Step 600 | lr=1.000000e-03 | loss=0.000185
Epoch 001 | Batch 610 | val_kld=0.000175 | val_ordacc@10=0.258176 | val_recall@10=0.799235
Epoch 001 | Step 610 | lr=1.000000e-03 | loss=0.000199
Epoch 001 | Batch 620 | val_kld=0.000166 | val_ordacc@10=0.263319 | val_recall@10=0.801377
Epoch 001 | Step 620 | lr=1.000000e-03 | loss=0.000228
Epoch 001 | Batch 630 | val_kld=0.000172 | val_ordacc@10=0.263805 | val_recall@10=0.803583
Epoch 001 | Step 630 | lr=1.000000e-03 | loss=0.000183
Epoch 001 | Batch 640 | val_kld=0.000177 | val_ordacc@10=0.258005 | val_recall@10=0.795587
Epoch 001 | Step 640 | lr=1.000000e-03 | loss=0.000197
Epoch 001 | Batch 650 | val_kld=0.000182 | val_ordacc@10=0.249927 | val_recall@10=0.797695
Epoch 001 | Step 650 | lr=1.000000e-03 | loss=0.000206
Epoch 001 | Batch 660 | val_kld=0.000164 | val_ordacc@10=0.260430 | val_recall@10=0.799190
Epoch 001 | Step 660 | lr=1.000000e-03 | loss=0.000267
Epoch 001 | Batch 670 | val_kld=0.000170 | val_ordacc@10=0.260484 | val_recall@10=0.799032
Epoch 001 | Step 670 | lr=1.000000e-03 | loss=0.000211
Epoch 001 | Batch 680 | val_kld=0.000180 | val_ordacc@10=0.262945 | val_recall@10=0.805320
Epoch 001 | Step 680 | lr=1.000000e-03 | loss=0.000170
Epoch 001 | Batch 690 | val_kld=0.000169 | val_ordacc@10=0.262184 | val_recall@10=0.800325
Epoch 001 | Step 690 | lr=1.000000e-03 | loss=0.000193
Epoch 001 | Batch 700 | val_kld=0.000163 | val_ordacc@10=0.265810 | val_recall@10=0.802353
Epoch 001 | Step 700 | lr=1.000000e-03 | loss=0.000187
Epoch 001 | Batch 710 | val_kld=0.000167 | val_ordacc@10=0.265503 | val_recall@10=0.805141
Epoch 001 | Step 710 | lr=1.000000e-03 | loss=0.000201
Epoch 001 | Batch 720 | val_kld=0.000160 | val_ordacc@10=0.266175 | val_recall@10=0.799823
Epoch 001 | Step 720 | lr=1.000000e-03 | loss=0.000185
Epoch 001 | Batch 730 | val_kld=0.000166 | val_ordacc@10=0.263772 | val_recall@10=0.801335
Epoch 001 | Step 730 | lr=1.000000e-03 | loss=0.000178
Epoch 001 | Batch 740 | val_kld=0.000157 | val_ordacc@10=0.263573 | val_recall@10=0.803399
Epoch 001 | Step 740 | lr=1.000000e-03 | loss=0.000184
Epoch 001 | Batch 750 | val_kld=0.000173 | val_ordacc@10=0.264444 | val_recall@10=0.805085
Epoch 001 | Step 750 | lr=1.000000e-03 | loss=0.000187
Epoch 001 | Batch 760 | val_kld=0.000182 | val_ordacc@10=0.255162 | val_recall@10=0.801327
Epoch 001 | Step 760 | lr=1.000000e-03 | loss=0.000196
Epoch 001 | Batch 770 | val_kld=0.000157 | val_ordacc@10=0.266472 | val_recall@10=0.802303
Epoch 001 | Step 770 | lr=1.000000e-03 | loss=0.000181
Epoch 001 | Batch 780 | val_kld=0.000167 | val_ordacc@10=0.265917 | val_recall@10=0.800375
Epoch 001 | Step 780 | lr=1.000000e-03 | loss=0.000203
Epoch 001 | Batch 790 | val_kld=0.000174 | val_ordacc@10=0.258726 | val_recall@10=0.802144
Epoch 001 | Step 790 | lr=1.000000e-03 | loss=0.000179
Epoch 001 | Batch 800 | val_kld=0.000289 | val_ordacc@10=0.237379 | val_recall@10=0.802104
Epoch 001 | Step 800 | lr=1.000000e-03 | loss=0.000215
Epoch 001 | Batch 810 | val_kld=0.000170 | val_ordacc@10=0.261124 | val_recall@10=0.799104
Epoch 001 | Step 810 | lr=1.000000e-03 | loss=0.000200
Epoch 001 | Batch 820 | val_kld=0.000176 | val_ordacc@10=0.260326 | val_recall@10=0.802460
Epoch 001 | Step 820 | lr=1.000000e-03 | loss=0.000186
Epoch 001 | Batch 830 | val_kld=0.000165 | val_ordacc@10=0.263514 | val_recall@10=0.802469
Epoch 001 | Step 830 | lr=1.000000e-03 | loss=0.000223
Epoch 001 | Batch 840 | val_kld=0.000153 | val_ordacc@10=0.268492 | val_recall@10=0.805307
Epoch 001 | Step 840 | lr=1.000000e-03 | loss=0.000189
Epoch 001 | Batch 850 | val_kld=0.000153 | val_ordacc@10=0.268424 | val_recall@10=0.807921
Epoch 001 | Step 850 | lr=1.000000e-03 | loss=0.000158
Epoch 001 | Batch 860 | val_kld=0.000148 | val_ordacc@10=0.269464 | val_recall@10=0.803201
Epoch 001 | Step 860 | lr=1.000000e-03 | loss=0.000185
Epoch 001 | Batch 870 | val_kld=0.000147 | val_ordacc@10=0.271777 | val_recall@10=0.803473
Epoch 001 | Step 870 | lr=1.000000e-03 | loss=0.000167
Epoch 001 | Batch 880 | val_kld=0.000152 | val_ordacc@10=0.269208 | val_recall@10=0.807073
Epoch 001 | Step 880 | lr=1.000000e-03 | loss=0.000166
Epoch 001 | Batch 890 | val_kld=0.000147 | val_ordacc@10=0.273922 | val_recall@10=0.808475
Epoch 001 | Step 890 | lr=1.000000e-03 | loss=0.000169
Epoch 001 | Batch 900 | val_kld=0.000150 | val_ordacc@10=0.268108 | val_recall@10=0.808832
Epoch 001 | Step 900 | lr=1.000000e-03 | loss=0.000206
Epoch 001 | Batch 910 | val_kld=0.000162 | val_ordacc@10=0.264529 | val_recall@10=0.797017
Epoch 001 | Step 910 | lr=1.000000e-03 | loss=0.000172
Epoch 001 | Batch 920 | val_kld=0.000157 | val_ordacc@10=0.268038 | val_recall@10=0.804537
Epoch 001 | Step 920 | lr=1.000000e-03 | loss=0.000180
Epoch 001 | Batch 930 | val_kld=0.000154 | val_ordacc@10=0.270502 | val_recall@10=0.806513
Epoch 001 | Step 930 | lr=1.000000e-03 | loss=0.000183
Epoch 001 | Batch 940 | val_kld=0.000164 | val_ordacc@10=0.264442 | val_recall@10=0.806368
Epoch 001 | Step 940 | lr=1.000000e-03 | loss=0.000170
Epoch 001 | Batch 950 | val_kld=0.000157 | val_ordacc@10=0.266906 | val_recall@10=0.809828
Epoch 001 | Step 950 | lr=1.000000e-03 | loss=0.000176
Epoch 001 | Batch 960 | val_kld=0.000157 | val_ordacc@10=0.263463 | val_recall@10=0.806234
Epoch 001 | Step 960 | lr=1.000000e-03 | loss=0.000185
epoch 001 | train_kld=0.000367 | val_kld=0.000153 | val_mae=0.003454 | val_mse=0.000153 | ord_acc@10=0.2693 | recall@10=0.7996
Epoch 002 | Step 10 | lr=9.938442e-04 | loss=0.000184
Epoch 002 | Step 20 | lr=9.938442e-04 | loss=0.000166
Epoch 002 | Step 30 | lr=9.938442e-04 | loss=0.000180
Epoch 002 | Step 40 | lr=9.938442e-04 | loss=0.000220
Epoch 002 | Step 50 | lr=9.938442e-04 | loss=0.000200
Epoch 002 | Step 60 | lr=9.938442e-04 | loss=0.000177
Epoch 002 | Step 70 | lr=9.938442e-04 | loss=0.000172
Epoch 002 | Step 80 | lr=9.938442e-04 | loss=0.000169
Epoch 002 | Step 90 | lr=9.938442e-04 | loss=0.000184
Epoch 002 | Step 100 | lr=9.938442e-04 | loss=0.000178
Epoch 002 | Step 110 | lr=9.938442e-04 | loss=0.000178
Epoch 002 | Step 120 | lr=9.938442e-04 | loss=0.000192
Epoch 002 | Step 130 | lr=9.938442e-04 | loss=0.000167
Epoch 002 | Step 140 | lr=9.938442e-04 | loss=0.000183
Epoch 002 | Step 150 | lr=9.938442e-04 | loss=0.000165
Epoch 002 | Step 160 | lr=9.938442e-04 | loss=0.000171
Epoch 002 | Step 170 | lr=9.938442e-04 | loss=0.000159
Epoch 002 | Step 180 | lr=9.938442e-04 | loss=0.000198
Epoch 002 | Step 190 | lr=9.938442e-04 | loss=0.000181
Epoch 002 | Step 200 | lr=9.938442e-04 | loss=0.000156
Epoch 002 | Step 210 | lr=9.938442e-04 | loss=0.000153
Epoch 002 | Step 220 | lr=9.938442e-04 | loss=0.000161
Epoch 002 | Step 230 | lr=9.938442e-04 | loss=0.000158
Epoch 002 | Step 240 | lr=9.938442e-04 | loss=0.000165
Epoch 002 | Step 250 | lr=9.938442e-04 | loss=0.000174
Epoch 002 | Step 260 | lr=9.938442e-04 | loss=0.000193
Epoch 002 | Step 270 | lr=9.938442e-04 | loss=0.000169
Epoch 002 | Step 280 | lr=9.938442e-04 | loss=0.000153
Epoch 002 | Step 290 | lr=9.938442e-04 | loss=0.000161
Epoch 002 | Step 300 | lr=9.938442e-04 | loss=0.000156
Epoch 002 | Step 310 | lr=9.938442e-04 | loss=0.000174
Epoch 002 | Step 320 | lr=9.938442e-04 | loss=0.000175
Epoch 002 | Step 330 | lr=9.938442e-04 | loss=0.000160
Epoch 002 | Step 340 | lr=9.938442e-04 | loss=0.000181
Epoch 002 | Step 350 | lr=9.938442e-04 | loss=0.000169
Epoch 002 | Step 360 | lr=9.938442e-04 | loss=0.000161
Epoch 002 | Step 370 | lr=9.938442e-04 | loss=0.000153
Epoch 002 | Step 380 | lr=9.938442e-04 | loss=0.000160
Epoch 002 | Step 390 | lr=9.938442e-04 | loss=0.000151
Epoch 002 | Step 400 | lr=9.938442e-04 | loss=0.000160
Epoch 002 | Step 410 | lr=9.938442e-04 | loss=0.000148
Epoch 002 | Step 420 | lr=9.938442e-04 | loss=0.000152
Epoch 002 | Step 430 | lr=9.938442e-04 | loss=0.000154
Epoch 002 | Step 440 | lr=9.938442e-04 | loss=0.000142
Epoch 002 | Step 450 | lr=9.938442e-04 | loss=0.000142
Epoch 002 | Step 460 | lr=9.938442e-04 | loss=0.000147
Epoch 002 | Step 470 | lr=9.938442e-04 | loss=0.000144
Epoch 002 | Step 480 | lr=9.938442e-04 | loss=0.000157
Epoch 002 | Step 490 | lr=9.938442e-04 | loss=0.000157
Epoch 002 | Step 500 | lr=9.938442e-04 | loss=0.000154
Epoch 002 | Step 510 | lr=9.938442e-04 | loss=0.000163
Epoch 002 | Step 520 | lr=9.938442e-04 | loss=0.000155
Epoch 002 | Step 530 | lr=9.938442e-04 | loss=0.000158
Epoch 002 | Step 540 | lr=9.938442e-04 | loss=0.000141
Epoch 002 | Step 550 | lr=9.938442e-04 | loss=0.000131
Epoch 002 | Step 560 | lr=9.938442e-04 | loss=0.000133
Epoch 002 | Step 570 | lr=9.938442e-04 | loss=0.000144
Epoch 002 | Step 580 | lr=9.938442e-04 | loss=0.000149
Epoch 002 | Step 590 | lr=9.938442e-04 | loss=0.000140
Epoch 002 | Step 600 | lr=9.938442e-04 | loss=0.000152
Epoch 002 | Step 610 | lr=9.938442e-04 | loss=0.000154
Epoch 002 | Step 620 | lr=9.938442e-04 | loss=0.000146
Epoch 002 | Step 630 | lr=9.938442e-04 | loss=0.000142
Epoch 002 | Step 640 | lr=9.938442e-04 | loss=0.000145
Epoch 002 | Step 650 | lr=9.938442e-04 | loss=0.000131
Epoch 002 | Step 660 | lr=9.938442e-04 | loss=0.000165
Epoch 002 | Step 670 | lr=9.938442e-04 | loss=0.000144
Epoch 002 | Step 680 | lr=9.938442e-04 | loss=0.000155
Epoch 002 | Step 690 | lr=9.938442e-04 | loss=0.000146
Epoch 002 | Step 700 | lr=9.938442e-04 | loss=0.000143
Epoch 002 | Step 710 | lr=9.938442e-04 | loss=0.000156
Epoch 002 | Step 720 | lr=9.938442e-04 | loss=0.000140
Epoch 002 | Step 730 | lr=9.938442e-04 | loss=0.000154
Epoch 002 | Step 740 | lr=9.938442e-04 | loss=0.000178
Epoch 002 | Step 750 | lr=9.938442e-04 | loss=0.000166
Epoch 002 | Step 760 | lr=9.938442e-04 | loss=0.000175
Epoch 002 | Step 770 | lr=9.938442e-04 | loss=0.000151
Epoch 002 | Step 780 | lr=9.938442e-04 | loss=0.000169
Epoch 002 | Step 790 | lr=9.938442e-04 | loss=0.000144
Epoch 002 | Step 800 | lr=9.938442e-04 | loss=0.000141
Epoch 002 | Step 810 | lr=9.938442e-04 | loss=0.000132
Epoch 002 | Step 820 | lr=9.938442e-04 | loss=0.000157
Epoch 002 | Step 830 | lr=9.938442e-04 | loss=0.000148
Epoch 002 | Step 840 | lr=9.938442e-04 | loss=0.000154
Epoch 002 | Step 850 | lr=9.938442e-04 | loss=0.000140
Epoch 002 | Step 860 | lr=9.938442e-04 | loss=0.000137
Epoch 002 | Step 870 | lr=9.938442e-04 | loss=0.000138
Epoch 002 | Step 880 | lr=9.938442e-04 | loss=0.000149
Epoch 002 | Step 890 | lr=9.938442e-04 | loss=0.000139
Epoch 002 | Step 900 | lr=9.938442e-04 | loss=0.000140
Epoch 002 | Step 910 | lr=9.938442e-04 | loss=0.000134
Epoch 002 | Step 920 | lr=9.938442e-04 | loss=0.000133
Epoch 002 | Step 930 | lr=9.938442e-04 | loss=0.000135
Epoch 002 | Step 940 | lr=9.938442e-04 | loss=0.000152
Epoch 002 | Step 950 | lr=9.938442e-04 | loss=0.000141
Epoch 002 | Step 960 | lr=9.938442e-04 | loss=0.000152
epoch 002 | train_kld=0.000157 | val_kld=0.000127 | val_mae=0.003219 | val_mse=0.000127 | ord_acc@10=0.2847 | recall@10=0.8126
Epoch 003 | Step 10 | lr=9.755283e-04 | loss=0.000146
Epoch 003 | Step 20 | lr=9.755283e-04 | loss=0.000129
Epoch 003 | Step 30 | lr=9.755283e-04 | loss=0.000140
Epoch 003 | Step 40 | lr=9.755283e-04 | loss=0.000154
Epoch 003 | Step 50 | lr=9.755283e-04 | loss=0.000138
Epoch 003 | Step 60 | lr=9.755283e-04 | loss=0.000135
Epoch 003 | Step 70 | lr=9.755283e-04 | loss=0.000148
Epoch 003 | Step 80 | lr=9.755283e-04 | loss=0.000151
Epoch 003 | Step 90 | lr=9.755283e-04 | loss=0.000139
Epoch 003 | Step 100 | lr=9.755283e-04 | loss=0.000140
Epoch 003 | Step 110 | lr=9.755283e-04 | loss=0.000143
Epoch 003 | Step 120 | lr=9.755283e-04 | loss=0.000138
Epoch 003 | Step 130 | lr=9.755283e-04 | loss=0.000137
Epoch 003 | Step 140 | lr=9.755283e-04 | loss=0.000148
Epoch 003 | Step 150 | lr=9.755283e-04 | loss=0.000163
Epoch 003 | Step 160 | lr=9.755283e-04 | loss=0.000143
Epoch 003 | Step 170 | lr=9.755283e-04 | loss=0.000134
Epoch 003 | Step 180 | lr=9.755283e-04 | loss=0.000137
Epoch 003 | Step 190 | lr=9.755283e-04 | loss=0.000139
Epoch 003 | Step 200 | lr=9.755283e-04 | loss=0.000147
Epoch 003 | Step 210 | lr=9.755283e-04 | loss=0.000149
Epoch 003 | Step 220 | lr=9.755283e-04 | loss=0.000149
Epoch 003 | Step 230 | lr=9.755283e-04 | loss=0.000181
Epoch 003 | Step 240 | lr=9.755283e-04 | loss=0.000162
Epoch 003 | Step 250 | lr=9.755283e-04 | loss=0.000169
Epoch 003 | Step 260 | lr=9.755283e-04 | loss=0.000139
Epoch 003 | Step 270 | lr=9.755283e-04 | loss=0.000143
Epoch 003 | Step 280 | lr=9.755283e-04 | loss=0.000160
Epoch 003 | Step 290 | lr=9.755283e-04 | loss=0.000131
Epoch 003 | Step 300 | lr=9.755283e-04 | loss=0.000182
Epoch 003 | Step 310 | lr=9.755283e-04 | loss=0.000157
Epoch 003 | Step 320 | lr=9.755283e-04 | loss=0.000143
Epoch 003 | Step 330 | lr=9.755283e-04 | loss=0.000141
Epoch 003 | Step 340 | lr=9.755283e-04 | loss=0.000142
Epoch 003 | Step 350 | lr=9.755283e-04 | loss=0.000129
Epoch 003 | Step 360 | lr=9.755283e-04 | loss=0.000134
Epoch 003 | Step 370 | lr=9.755283e-04 | loss=0.000128
Epoch 003 | Step 380 | lr=9.755283e-04 | loss=0.000128
Epoch 003 | Step 390 | lr=9.755283e-04 | loss=0.000127
Epoch 003 | Step 400 | lr=9.755283e-04 | loss=0.000146
Epoch 003 | Step 410 | lr=9.755283e-04 | loss=0.000135
Epoch 003 | Step 420 | lr=9.755283e-04 | loss=0.000130
Epoch 003 | Step 430 | lr=9.755283e-04 | loss=0.000145
Epoch 003 | Step 440 | lr=9.755283e-04 | loss=0.000137
Epoch 003 | Step 450 | lr=9.755283e-04 | loss=0.000146
Epoch 003 | Step 460 | lr=9.755283e-04 | loss=0.000141
Epoch 003 | Step 470 | lr=9.755283e-04 | loss=0.000141
Epoch 003 | Step 480 | lr=9.755283e-04 | loss=0.000131
Epoch 003 | Step 490 | lr=9.755283e-04 | loss=0.000121
Epoch 003 | Step 500 | lr=9.755283e-04 | loss=0.000127
Epoch 003 | Step 510 | lr=9.755283e-04 | loss=0.000130
Epoch 003 | Step 520 | lr=9.755283e-04 | loss=0.000133
Epoch 003 | Step 530 | lr=9.755283e-04 | loss=0.000129
Epoch 003 | Step 540 | lr=9.755283e-04 | loss=0.000132
Epoch 003 | Step 550 | lr=9.755283e-04 | loss=0.000139
Epoch 003 | Step 560 | lr=9.755283e-04 | loss=0.000147
Epoch 003 | Step 570 | lr=9.755283e-04 | loss=0.000129
Epoch 003 | Step 580 | lr=9.755283e-04 | loss=0.000129
Epoch 003 | Step 590 | lr=9.755283e-04 | loss=0.000142
Epoch 003 | Step 600 | lr=9.755283e-04 | loss=0.000130
Epoch 003 | Step 610 | lr=9.755283e-04 | loss=0.000138
Epoch 003 | Step 620 | lr=9.755283e-04 | loss=0.000141
Epoch 003 | Step 630 | lr=9.755283e-04 | loss=0.000154
Epoch 003 | Step 640 | lr=9.755283e-04 | loss=0.000145
Epoch 003 | Step 650 | lr=9.755283e-04 | loss=0.000129
Epoch 003 | Step 660 | lr=9.755283e-04 | loss=0.000133
Epoch 003 | Step 670 | lr=9.755283e-04 | loss=0.000124
Epoch 003 | Step 680 | lr=9.755283e-04 | loss=0.000134
Epoch 003 | Step 690 | lr=9.755283e-04 | loss=0.000138
Epoch 003 | Step 700 | lr=9.755283e-04 | loss=0.000124
Epoch 003 | Step 710 | lr=9.755283e-04 | loss=0.000129
Epoch 003 | Step 720 | lr=9.755283e-04 | loss=0.000123
Epoch 003 | Step 730 | lr=9.755283e-04 | loss=0.000155
Epoch 003 | Step 740 | lr=9.755283e-04 | loss=0.000130
Epoch 003 | Step 750 | lr=9.755283e-04 | loss=0.000131
Epoch 003 | Step 760 | lr=9.755283e-04 | loss=0.000133
Epoch 003 | Step 770 | lr=9.755283e-04 | loss=0.000138
Epoch 003 | Step 780 | lr=9.755283e-04 | loss=0.000152
Epoch 003 | Step 790 | lr=9.755283e-04 | loss=0.000139
Epoch 003 | Step 800 | lr=9.755283e-04 | loss=0.000132
Epoch 003 | Step 810 | lr=9.755283e-04 | loss=0.000128
Epoch 003 | Step 820 | lr=9.755283e-04 | loss=0.000143
Epoch 003 | Step 830 | lr=9.755283e-04 | loss=0.000139
Epoch 003 | Step 840 | lr=9.755283e-04 | loss=0.000145
Epoch 003 | Step 850 | lr=9.755283e-04 | loss=0.000132
Epoch 003 | Step 860 | lr=9.755283e-04 | loss=0.000136
Epoch 003 | Step 870 | lr=9.755283e-04 | loss=0.000129
Epoch 003 | Step 880 | lr=9.755283e-04 | loss=0.000139
Epoch 003 | Step 890 | lr=9.755283e-04 | loss=0.000149
Epoch 003 | Step 900 | lr=9.755283e-04 | loss=0.000132
Epoch 003 | Step 910 | lr=9.755283e-04 | loss=0.000129
Epoch 003 | Step 920 | lr=9.755283e-04 | loss=0.000131
Epoch 003 | Step 930 | lr=9.755283e-04 | loss=0.000118
Epoch 003 | Step 940 | lr=9.755283e-04 | loss=0.000140
Epoch 003 | Step 950 | lr=9.755283e-04 | loss=0.000132
Epoch 003 | Step 960 | lr=9.755283e-04 | loss=0.000142
epoch 003 | train_kld=0.000140 | val_kld=0.000137 | val_mae=0.003279 | val_mse=0.000137 | ord_acc@10=0.2738 | recall@10=0.8200
Epoch 004 | Step 10 | lr=9.455033e-04 | loss=0.000125
Epoch 004 | Step 20 | lr=9.455033e-04 | loss=0.000130
Epoch 004 | Step 30 | lr=9.455033e-04 | loss=0.000142
Epoch 004 | Step 40 | lr=9.455033e-04 | loss=0.000123
Epoch 004 | Step 50 | lr=9.455033e-04 | loss=0.000138
Epoch 004 | Step 60 | lr=9.455033e-04 | loss=0.000136
Epoch 004 | Step 70 | lr=9.455033e-04 | loss=0.000123
Epoch 004 | Step 80 | lr=9.455033e-04 | loss=0.000131
Epoch 004 | Step 90 | lr=9.455033e-04 | loss=0.000130
Epoch 004 | Step 100 | lr=9.455033e-04 | loss=0.000140
Epoch 004 | Step 110 | lr=9.455033e-04 | loss=0.000130
Epoch 004 | Step 120 | lr=9.455033e-04 | loss=0.000138
Epoch 004 | Step 130 | lr=9.455033e-04 | loss=0.000126
Epoch 004 | Step 140 | lr=9.455033e-04 | loss=0.000121
Epoch 004 | Step 150 | lr=9.455033e-04 | loss=0.000131
Epoch 004 | Step 160 | lr=9.455033e-04 | loss=0.000133
Epoch 004 | Step 170 | lr=9.455033e-04 | loss=0.000135
Epoch 004 | Step 180 | lr=9.455033e-04 | loss=0.000129
Epoch 004 | Step 190 | lr=9.455033e-04 | loss=0.000124
Epoch 004 | Step 200 | lr=9.455033e-04 | loss=0.000137
Epoch 004 | Step 210 | lr=9.455033e-04 | loss=0.000133
Epoch 004 | Step 220 | lr=9.455033e-04 | loss=0.000141
Epoch 004 | Step 230 | lr=9.455033e-04 | loss=0.000140
Epoch 004 | Step 240 | lr=9.455033e-04 | loss=0.000129
Epoch 004 | Step 250 | lr=9.455033e-04 | loss=0.000127
Epoch 004 | Step 260 | lr=9.455033e-04 | loss=0.000125
Epoch 004 | Step 270 | lr=9.455033e-04 | loss=0.000137
Epoch 004 | Step 280 | lr=9.455033e-04 | loss=0.000128
Epoch 004 | Step 290 | lr=9.455033e-04 | loss=0.000125
Epoch 004 | Step 300 | lr=9.455033e-04 | loss=0.000130
Epoch 004 | Step 310 | lr=9.455033e-04 | loss=0.000145
Epoch 004 | Step 320 | lr=9.455033e-04 | loss=0.000130
Epoch 004 | Step 330 | lr=9.455033e-04 | loss=0.000139
Epoch 004 | Step 340 | lr=9.455033e-04 | loss=0.000128
Epoch 004 | Step 350 | lr=9.455033e-04 | loss=0.000119
Epoch 004 | Step 360 | lr=9.455033e-04 | loss=0.000129
Epoch 004 | Step 370 | lr=9.455033e-04 | loss=0.000146
Epoch 004 | Step 380 | lr=9.455033e-04 | loss=0.000133
Epoch 004 | Step 390 | lr=9.455033e-04 | loss=0.000119
Epoch 004 | Step 400 | lr=9.455033e-04 | loss=0.000132
Epoch 004 | Step 410 | lr=9.455033e-04 | loss=0.000131
Epoch 004 | Step 420 | lr=9.455033e-04 | loss=0.000144
Epoch 004 | Step 430 | lr=9.455033e-04 | loss=0.000142
Epoch 004 | Step 440 | lr=9.455033e-04 | loss=0.000142
Epoch 004 | Step 450 | lr=9.455033e-04 | loss=0.000138
Epoch 004 | Step 460 | lr=9.455033e-04 | loss=0.000122
Epoch 004 | Step 470 | lr=9.455033e-04 | loss=0.000132
Epoch 004 | Step 480 | lr=9.455033e-04 | loss=0.000128
Epoch 004 | Step 490 | lr=9.455033e-04 | loss=0.000124
Epoch 004 | Step 500 | lr=9.455033e-04 | loss=0.000132
Epoch 004 | Step 510 | lr=9.455033e-04 | loss=0.000126
Epoch 004 | Step 520 | lr=9.455033e-04 | loss=0.000121
Epoch 004 | Step 530 | lr=9.455033e-04 | loss=0.000130
Epoch 004 | Step 540 | lr=9.455033e-04 | loss=0.000124
Epoch 004 | Step 550 | lr=9.455033e-04 | loss=0.000130
Epoch 004 | Step 560 | lr=9.455033e-04 | loss=0.000126
Epoch 004 | Step 570 | lr=9.455033e-04 | loss=0.000129
Epoch 004 | Step 580 | lr=9.455033e-04 | loss=0.000128
Epoch 004 | Step 590 | lr=9.455033e-04 | loss=0.000126
Epoch 004 | Step 600 | lr=9.455033e-04 | loss=0.000138
Epoch 004 | Step 610 | lr=9.455033e-04 | loss=0.000124
Epoch 004 | Step 620 | lr=9.455033e-04 | loss=0.000125
Epoch 004 | Step 630 | lr=9.455033e-04 | loss=0.000132
Epoch 004 | Step 640 | lr=9.455033e-04 | loss=0.000146
Epoch 004 | Step 650 | lr=9.455033e-04 | loss=0.000136
Epoch 004 | Step 660 | lr=9.455033e-04 | loss=0.000145
Epoch 004 | Step 670 | lr=9.455033e-04 | loss=0.000151
Epoch 004 | Step 680 | lr=9.455033e-04 | loss=0.000152
Epoch 004 | Step 690 | lr=9.455033e-04 | loss=0.000149
Epoch 004 | Step 700 | lr=9.455033e-04 | loss=0.000135
Epoch 004 | Step 710 | lr=9.455033e-04 | loss=0.000129
Epoch 004 | Step 720 | lr=9.455033e-04 | loss=0.000139
Epoch 004 | Step 730 | lr=9.455033e-04 | loss=0.000139
Epoch 004 | Step 740 | lr=9.455033e-04 | loss=0.000126
Epoch 004 | Step 750 | lr=9.455033e-04 | loss=0.000129
Epoch 004 | Step 760 | lr=9.455033e-04 | loss=0.000122
Epoch 004 | Step 770 | lr=9.455033e-04 | loss=0.000136
Epoch 004 | Step 780 | lr=9.455033e-04 | loss=0.000138
Epoch 004 | Step 790 | lr=9.455033e-04 | loss=0.000134
Epoch 004 | Step 800 | lr=9.455033e-04 | loss=0.000132
Epoch 004 | Step 810 | lr=9.455033e-04 | loss=0.000144
Epoch 004 | Step 820 | lr=9.455033e-04 | loss=0.000130
Epoch 004 | Step 830 | lr=9.455033e-04 | loss=0.000129
Epoch 004 | Step 840 | lr=9.455033e-04 | loss=0.000134
Epoch 004 | Step 850 | lr=9.455033e-04 | loss=0.000131
Epoch 004 | Step 860 | lr=9.455033e-04 | loss=0.000128
Epoch 004 | Step 870 | lr=9.455033e-04 | loss=0.000120
Epoch 004 | Step 880 | lr=9.455033e-04 | loss=0.000138
Epoch 004 | Step 890 | lr=9.455033e-04 | loss=0.000127
Epoch 004 | Step 900 | lr=9.455033e-04 | loss=0.000135
Epoch 004 | Step 910 | lr=9.455033e-04 | loss=0.000135
Epoch 004 | Step 920 | lr=9.455033e-04 | loss=0.000121
Epoch 004 | Step 930 | lr=9.455033e-04 | loss=0.000126
Epoch 004 | Step 940 | lr=9.455033e-04 | loss=0.000123
Epoch 004 | Step 950 | lr=9.455033e-04 | loss=0.000142
Epoch 004 | Step 960 | lr=9.455033e-04 | loss=0.000130
epoch 004 | train_kld=0.000131 | val_kld=0.000118 | val_mae=0.003019 | val_mse=0.000118 | ord_acc@10=0.2887 | recall@10=0.8130
Epoch 005 | Step 10 | lr=9.045085e-04 | loss=0.000122
Epoch 005 | Step 20 | lr=9.045085e-04 | loss=0.000120
Epoch 005 | Step 30 | lr=9.045085e-04 | loss=0.000130
Epoch 005 | Step 40 | lr=9.045085e-04 | loss=0.000131
Epoch 005 | Step 50 | lr=9.045085e-04 | loss=0.000121
Epoch 005 | Step 60 | lr=9.045085e-04 | loss=0.000123
Epoch 005 | Step 70 | lr=9.045085e-04 | loss=0.000118
Epoch 005 | Step 80 | lr=9.045085e-04 | loss=0.000130
Epoch 005 | Step 90 | lr=9.045085e-04 | loss=0.000117
Epoch 005 | Step 100 | lr=9.045085e-04 | loss=0.000131
Epoch 005 | Step 110 | lr=9.045085e-04 | loss=0.000120
Epoch 005 | Step 120 | lr=9.045085e-04 | loss=0.000136
Epoch 005 | Step 130 | lr=9.045085e-04 | loss=0.000122
Epoch 005 | Step 140 | lr=9.045085e-04 | loss=0.000118
Epoch 005 | Step 150 | lr=9.045085e-04 | loss=0.000121
Epoch 005 | Step 160 | lr=9.045085e-04 | loss=0.000121
Epoch 005 | Step 170 | lr=9.045085e-04 | loss=0.000123
Epoch 005 | Step 180 | lr=9.045085e-04 | loss=0.000121
Epoch 005 | Step 190 | lr=9.045085e-04 | loss=0.000121
Epoch 005 | Step 200 | lr=9.045085e-04 | loss=0.000129
Epoch 005 | Step 210 | lr=9.045085e-04 | loss=0.000121
Epoch 005 | Step 220 | lr=9.045085e-04 | loss=0.000128
Epoch 005 | Step 230 | lr=9.045085e-04 | loss=0.000128
Epoch 005 | Step 240 | lr=9.045085e-04 | loss=0.000118
Epoch 005 | Step 250 | lr=9.045085e-04 | loss=0.000134
Epoch 005 | Step 260 | lr=9.045085e-04 | loss=0.000130
Epoch 005 | Step 270 | lr=9.045085e-04 | loss=0.000114
Epoch 005 | Step 280 | lr=9.045085e-04 | loss=0.000124
Epoch 005 | Step 290 | lr=9.045085e-04 | loss=0.000127
Epoch 005 | Step 300 | lr=9.045085e-04 | loss=0.000126
Epoch 005 | Step 310 | lr=9.045085e-04 | loss=0.000123
Epoch 005 | Step 320 | lr=9.045085e-04 | loss=0.000128
Epoch 005 | Step 330 | lr=9.045085e-04 | loss=0.000137
Epoch 005 | Step 340 | lr=9.045085e-04 | loss=0.000126
Epoch 005 | Step 350 | lr=9.045085e-04 | loss=0.000146
Epoch 005 | Step 360 | lr=9.045085e-04 | loss=0.000141
Epoch 005 | Step 370 | lr=9.045085e-04 | loss=0.000130
Epoch 005 | Step 380 | lr=9.045085e-04 | loss=0.000126
Epoch 005 | Step 390 | lr=9.045085e-04 | loss=0.000128
Epoch 005 | Step 400 | lr=9.045085e-04 | loss=0.000119
Epoch 005 | Step 410 | lr=9.045085e-04 | loss=0.000122
Epoch 005 | Step 420 | lr=9.045085e-04 | loss=0.000126
Epoch 005 | Step 430 | lr=9.045085e-04 | loss=0.000115
Epoch 005 | Step 440 | lr=9.045085e-04 | loss=0.000116
Epoch 005 | Step 450 | lr=9.045085e-04 | loss=0.000120
Epoch 005 | Step 460 | lr=9.045085e-04 | loss=0.000124
Epoch 005 | Step 470 | lr=9.045085e-04 | loss=0.000115
Epoch 005 | Step 480 | lr=9.045085e-04 | loss=0.000134
Epoch 005 | Step 490 | lr=9.045085e-04 | loss=0.000130
Epoch 005 | Step 500 | lr=9.045085e-04 | loss=0.000137
Epoch 005 | Step 510 | lr=9.045085e-04 | loss=0.000131
Epoch 005 | Step 520 | lr=9.045085e-04 | loss=0.000130
Epoch 005 | Step 530 | lr=9.045085e-04 | loss=0.000125
Epoch 005 | Step 540 | lr=9.045085e-04 | loss=0.000131
Epoch 005 | Step 550 | lr=9.045085e-04 | loss=0.000114
Epoch 005 | Step 560 | lr=9.045085e-04 | loss=0.000129
Epoch 005 | Step 570 | lr=9.045085e-04 | loss=0.000117
Epoch 005 | Step 580 | lr=9.045085e-04 | loss=0.000144
Epoch 005 | Step 590 | lr=9.045085e-04 | loss=0.000123
Epoch 005 | Step 600 | lr=9.045085e-04 | loss=0.000123
Epoch 005 | Step 610 | lr=9.045085e-04 | loss=0.000126
Epoch 005 | Step 620 | lr=9.045085e-04 | loss=0.000130
Epoch 005 | Step 630 | lr=9.045085e-04 | loss=0.000123
Epoch 005 | Step 640 | lr=9.045085e-04 | loss=0.000114
Epoch 005 | Step 650 | lr=9.045085e-04 | loss=0.000138
Epoch 005 | Step 660 | lr=9.045085e-04 | loss=0.000112
Epoch 005 | Step 670 | lr=9.045085e-04 | loss=0.000116
Epoch 005 | Step 680 | lr=9.045085e-04 | loss=0.000121
Epoch 005 | Step 690 | lr=9.045085e-04 | loss=0.000124
Epoch 005 | Step 700 | lr=9.045085e-04 | loss=0.000127
Epoch 005 | Step 710 | lr=9.045085e-04 | loss=0.000131
Epoch 005 | Step 720 | lr=9.045085e-04 | loss=0.000117
Epoch 005 | Step 730 | lr=9.045085e-04 | loss=0.000118
Epoch 005 | Step 740 | lr=9.045085e-04 | loss=0.000117
Epoch 005 | Step 750 | lr=9.045085e-04 | loss=0.000125
Epoch 005 | Step 760 | lr=9.045085e-04 | loss=0.000124
Epoch 005 | Step 770 | lr=9.045085e-04 | loss=0.000133
Epoch 005 | Step 780 | lr=9.045085e-04 | loss=0.000122
Epoch 005 | Step 790 | lr=9.045085e-04 | loss=0.000118
Epoch 005 | Step 800 | lr=9.045085e-04 | loss=0.000141
Epoch 005 | Step 810 | lr=9.045085e-04 | loss=0.000140
Epoch 005 | Step 820 | lr=9.045085e-04 | loss=0.000118
Epoch 005 | Step 830 | lr=9.045085e-04 | loss=0.000145
Epoch 005 | Step 840 | lr=9.045085e-04 | loss=0.000133
Epoch 005 | Step 850 | lr=9.045085e-04 | loss=0.000129
Epoch 005 | Step 860 | lr=9.045085e-04 | loss=0.000118
Epoch 005 | Step 870 | lr=9.045085e-04 | loss=0.000124
Epoch 005 | Step 880 | lr=9.045085e-04 | loss=0.000122
Epoch 005 | Step 890 | lr=9.045085e-04 | loss=0.000117
Epoch 005 | Step 900 | lr=9.045085e-04 | loss=0.000120
Epoch 005 | Step 910 | lr=9.045085e-04 | loss=0.000124
Epoch 005 | Step 920 | lr=9.045085e-04 | loss=0.000130
Epoch 005 | Step 930 | lr=9.045085e-04 | loss=0.000124
Epoch 005 | Step 940 | lr=9.045085e-04 | loss=0.000131
Epoch 005 | Step 950 | lr=9.045085e-04 | loss=0.000125
Epoch 005 | Step 960 | lr=9.045085e-04 | loss=0.000118
epoch 005 | train_kld=0.000124 | val_kld=0.000110 | val_mae=0.002963 | val_mse=0.000110 | ord_acc@10=0.2960 | recall@10=0.8208
Epoch 006 | Step 10 | lr=8.535534e-04 | loss=0.000120
Epoch 006 | Step 20 | lr=8.535534e-04 | loss=0.000113
Epoch 006 | Step 30 | lr=8.535534e-04 | loss=0.000117
Epoch 006 | Step 40 | lr=8.535534e-04 | loss=0.000117
Epoch 006 | Step 50 | lr=8.535534e-04 | loss=0.000119
Epoch 006 | Step 60 | lr=8.535534e-04 | loss=0.000120
Epoch 006 | Step 70 | lr=8.535534e-04 | loss=0.000122
Epoch 006 | Step 80 | lr=8.535534e-04 | loss=0.000116
Epoch 006 | Step 90 | lr=8.535534e-04 | loss=0.000118
Epoch 006 | Step 100 | lr=8.535534e-04 | loss=0.000116
Epoch 006 | Step 110 | lr=8.535534e-04 | loss=0.000126
Epoch 006 | Step 120 | lr=8.535534e-04 | loss=0.000117
Epoch 006 | Step 130 | lr=8.535534e-04 | loss=0.000116
Epoch 006 | Step 140 | lr=8.535534e-04 | loss=0.000125
Epoch 006 | Step 150 | lr=8.535534e-04 | loss=0.000122
Epoch 006 | Step 160 | lr=8.535534e-04 | loss=0.000115
Epoch 006 | Step 170 | lr=8.535534e-04 | loss=0.000119
Epoch 006 | Step 180 | lr=8.535534e-04 | loss=0.000118
Epoch 006 | Step 190 | lr=8.535534e-04 | loss=0.000116
Epoch 006 | Step 200 | lr=8.535534e-04 | loss=0.000108
Epoch 006 | Step 210 | lr=8.535534e-04 | loss=0.000112
Epoch 006 | Step 220 | lr=8.535534e-04 | loss=0.000119
Epoch 006 | Step 230 | lr=8.535534e-04 | loss=0.000130
Epoch 006 | Step 240 | lr=8.535534e-04 | loss=0.000127
Epoch 006 | Step 250 | lr=8.535534e-04 | loss=0.000120
Epoch 006 | Step 260 | lr=8.535534e-04 | loss=0.000117
Epoch 006 | Step 270 | lr=8.535534e-04 | loss=0.000126
Epoch 006 | Step 280 | lr=8.535534e-04 | loss=0.000112
Epoch 006 | Step 290 | lr=8.535534e-04 | loss=0.000108
Epoch 006 | Step 300 | lr=8.535534e-04 | loss=0.000119
Epoch 006 | Step 310 | lr=8.535534e-04 | loss=0.000116
Epoch 006 | Step 320 | lr=8.535534e-04 | loss=0.000114
Epoch 006 | Step 330 | lr=8.535534e-04 | loss=0.000114
Epoch 006 | Step 340 | lr=8.535534e-04 | loss=0.000118
Epoch 006 | Step 350 | lr=8.535534e-04 | loss=0.000111
Epoch 006 | Step 360 | lr=8.535534e-04 | loss=0.000115
Epoch 006 | Step 370 | lr=8.535534e-04 | loss=0.000125
Epoch 006 | Step 380 | lr=8.535534e-04 | loss=0.000117
Epoch 006 | Step 390 | lr=8.535534e-04 | loss=0.000118
Epoch 006 | Step 400 | lr=8.535534e-04 | loss=0.000118
Epoch 006 | Step 410 | lr=8.535534e-04 | loss=0.000122
Epoch 006 | Step 420 | lr=8.535534e-04 | loss=0.000117
Epoch 006 | Step 430 | lr=8.535534e-04 | loss=0.000110
Epoch 006 | Step 440 | lr=8.535534e-04 | loss=0.000117
Epoch 006 | Step 450 | lr=8.535534e-04 | loss=0.000117
Epoch 006 | Step 460 | lr=8.535534e-04 | loss=0.000113
Epoch 006 | Step 470 | lr=8.535534e-04 | loss=0.000115
Epoch 006 | Step 480 | lr=8.535534e-04 | loss=0.000113
Epoch 006 | Step 490 | lr=8.535534e-04 | loss=0.000106
Epoch 006 | Step 500 | lr=8.535534e-04 | loss=0.000115
Epoch 006 | Step 510 | lr=8.535534e-04 | loss=0.000113
Epoch 006 | Step 520 | lr=8.535534e-04 | loss=0.000110
Epoch 006 | Step 530 | lr=8.535534e-04 | loss=0.000106
Epoch 006 | Step 540 | lr=8.535534e-04 | loss=0.000108
Epoch 006 | Step 550 | lr=8.535534e-04 | loss=0.000111
Epoch 006 | Step 560 | lr=8.535534e-04 | loss=0.000112
Epoch 006 | Step 570 | lr=8.535534e-04 | loss=0.000114
Epoch 006 | Step 580 | lr=8.535534e-04 | loss=0.000115
Epoch 006 | Step 590 | lr=8.535534e-04 | loss=0.000110
Epoch 006 | Step 600 | lr=8.535534e-04 | loss=0.000122
Epoch 006 | Step 610 | lr=8.535534e-04 | loss=0.000117
Epoch 006 | Step 620 | lr=8.535534e-04 | loss=0.000109
Epoch 006 | Step 630 | lr=8.535534e-04 | loss=0.000111
Epoch 006 | Step 640 | lr=8.535534e-04 | loss=0.000114
Epoch 006 | Step 650 | lr=8.535534e-04 | loss=0.000121
Epoch 006 | Step 660 | lr=8.535534e-04 | loss=0.000116
Epoch 006 | Step 670 | lr=8.535534e-04 | loss=0.000119
Epoch 006 | Step 680 | lr=8.535534e-04 | loss=0.000110
Epoch 006 | Step 690 | lr=8.535534e-04 | loss=0.000126
Epoch 006 | Step 700 | lr=8.535534e-04 | loss=0.000115
Epoch 006 | Step 710 | lr=8.535534e-04 | loss=0.000120
Epoch 006 | Step 720 | lr=8.535534e-04 | loss=0.000121
Epoch 006 | Step 730 | lr=8.535534e-04 | loss=0.000112
Epoch 006 | Step 740 | lr=8.535534e-04 | loss=0.000119
Epoch 006 | Step 750 | lr=8.535534e-04 | loss=0.000118
Epoch 006 | Step 760 | lr=8.535534e-04 | loss=0.000099
Epoch 006 | Step 770 | lr=8.535534e-04 | loss=0.000121
Epoch 006 | Step 780 | lr=8.535534e-04 | loss=0.000114
Epoch 006 | Step 790 | lr=8.535534e-04 | loss=0.000114
Epoch 006 | Step 800 | lr=8.535534e-04 | loss=0.000115
Epoch 006 | Step 810 | lr=8.535534e-04 | loss=0.000125
Epoch 006 | Step 820 | lr=8.535534e-04 | loss=0.000122
Epoch 006 | Step 830 | lr=8.535534e-04 | loss=0.000113
Epoch 006 | Step 840 | lr=8.535534e-04 | loss=0.000114
Epoch 006 | Step 850 | lr=8.535534e-04 | loss=0.000117
Epoch 006 | Step 860 | lr=8.535534e-04 | loss=0.000114
Epoch 006 | Step 870 | lr=8.535534e-04 | loss=0.000125
Epoch 006 | Step 880 | lr=8.535534e-04 | loss=0.000125
Epoch 006 | Step 890 | lr=8.535534e-04 | loss=0.000120
Epoch 006 | Step 900 | lr=8.535534e-04 | loss=0.000124
Epoch 006 | Step 910 | lr=8.535534e-04 | loss=0.000130
Epoch 006 | Step 920 | lr=8.535534e-04 | loss=0.000122
Epoch 006 | Step 930 | lr=8.535534e-04 | loss=0.000117
Epoch 006 | Step 940 | lr=8.535534e-04 | loss=0.000120
Epoch 006 | Step 950 | lr=8.535534e-04 | loss=0.000126
Epoch 006 | Step 960 | lr=8.535534e-04 | loss=0.000114
epoch 006 | train_kld=0.000117 | val_kld=0.000106 | val_mae=0.002892 | val_mse=0.000106 | ord_acc@10=0.2993 | recall@10=0.8228
Epoch 007 | Step 10 | lr=7.938926e-04 | loss=0.000112
Epoch 007 | Step 20 | lr=7.938926e-04 | loss=0.000111
Epoch 007 | Step 30 | lr=7.938926e-04 | loss=0.000108
Epoch 007 | Step 40 | lr=7.938926e-04 | loss=0.000121
Epoch 007 | Step 50 | lr=7.938926e-04 | loss=0.000123
Epoch 007 | Step 60 | lr=7.938926e-04 | loss=0.000115
Epoch 007 | Step 70 | lr=7.938926e-04 | loss=0.000108
Epoch 007 | Step 80 | lr=7.938926e-04 | loss=0.000103
Epoch 007 | Step 90 | lr=7.938926e-04 | loss=0.000110
Epoch 007 | Step 100 | lr=7.938926e-04 | loss=0.000106
Epoch 007 | Step 110 | lr=7.938926e-04 | loss=0.000112
Epoch 007 | Step 120 | lr=7.938926e-04 | loss=0.000131
Epoch 007 | Step 130 | lr=7.938926e-04 | loss=0.000115
Epoch 007 | Step 140 | lr=7.938926e-04 | loss=0.000108
Epoch 007 | Step 150 | lr=7.938926e-04 | loss=0.000109
Epoch 007 | Step 160 | lr=7.938926e-04 | loss=0.000109
Epoch 007 | Step 170 | lr=7.938926e-04 | loss=0.000112
Epoch 007 | Step 180 | lr=7.938926e-04 | loss=0.000113
Epoch 007 | Step 190 | lr=7.938926e-04 | loss=0.000115
Epoch 007 | Step 200 | lr=7.938926e-04 | loss=0.000108
Epoch 007 | Step 210 | lr=7.938926e-04 | loss=0.000117
Epoch 007 | Step 220 | lr=7.938926e-04 | loss=0.000111
Epoch 007 | Step 230 | lr=7.938926e-04 | loss=0.000103
Epoch 007 | Step 240 | lr=7.938926e-04 | loss=0.000105
Epoch 007 | Step 250 | lr=7.938926e-04 | loss=0.000108
Epoch 007 | Step 260 | lr=7.938926e-04 | loss=0.000111
Epoch 007 | Step 270 | lr=7.938926e-04 | loss=0.000107
Epoch 007 | Step 280 | lr=7.938926e-04 | loss=0.000110
Epoch 007 | Step 290 | lr=7.938926e-04 | loss=0.000108
Epoch 007 | Step 300 | lr=7.938926e-04 | loss=0.000111
Epoch 007 | Step 310 | lr=7.938926e-04 | loss=0.000109
Epoch 007 | Step 320 | lr=7.938926e-04 | loss=0.000119
Epoch 007 | Step 330 | lr=7.938926e-04 | loss=0.000116
Epoch 007 | Step 340 | lr=7.938926e-04 | loss=0.000113
Epoch 007 | Step 350 | lr=7.938926e-04 | loss=0.000112
Epoch 007 | Step 360 | lr=7.938926e-04 | loss=0.000110
Epoch 007 | Step 370 | lr=7.938926e-04 | loss=0.000104
Epoch 007 | Step 380 | lr=7.938926e-04 | loss=0.000110
Epoch 007 | Step 390 | lr=7.938926e-04 | loss=0.000122
Epoch 007 | Step 400 | lr=7.938926e-04 | loss=0.000114
Epoch 007 | Step 410 | lr=7.938926e-04 | loss=0.000119
Epoch 007 | Step 420 | lr=7.938926e-04 | loss=0.000107
Epoch 007 | Step 430 | lr=7.938926e-04 | loss=0.000108
Epoch 007 | Step 440 | lr=7.938926e-04 | loss=0.000112
Epoch 007 | Step 450 | lr=7.938926e-04 | loss=0.000115
Epoch 007 | Step 460 | lr=7.938926e-04 | loss=0.000115
Epoch 007 | Step 470 | lr=7.938926e-04 | loss=0.000116
Epoch 007 | Step 480 | lr=7.938926e-04 | loss=0.000113
Epoch 007 | Step 490 | lr=7.938926e-04 | loss=0.000110
Epoch 007 | Step 500 | lr=7.938926e-04 | loss=0.000113
Epoch 007 | Step 510 | lr=7.938926e-04 | loss=0.000112
Epoch 007 | Step 520 | lr=7.938926e-04 | loss=0.000110
Epoch 007 | Step 530 | lr=7.938926e-04 | loss=0.000105
Epoch 007 | Step 540 | lr=7.938926e-04 | loss=0.000139
Epoch 007 | Step 550 | lr=7.938926e-04 | loss=0.000123
Epoch 007 | Step 560 | lr=7.938926e-04 | loss=0.000113
Epoch 007 | Step 570 | lr=7.938926e-04 | loss=0.000112
Epoch 007 | Step 580 | lr=7.938926e-04 | loss=0.000117
Epoch 007 | Step 590 | lr=7.938926e-04 | loss=0.000126
Epoch 007 | Step 600 | lr=7.938926e-04 | loss=0.000130
Epoch 007 | Step 610 | lr=7.938926e-04 | loss=0.000130
Epoch 007 | Step 620 | lr=7.938926e-04 | loss=0.000119
Epoch 007 | Step 630 | lr=7.938926e-04 | loss=0.000124
Epoch 007 | Step 640 | lr=7.938926e-04 | loss=0.000119
Epoch 007 | Step 650 | lr=7.938926e-04 | loss=0.000106
Epoch 007 | Step 660 | lr=7.938926e-04 | loss=0.000118
Epoch 007 | Step 670 | lr=7.938926e-04 | loss=0.000112
Epoch 007 | Step 680 | lr=7.938926e-04 | loss=0.000115
Epoch 007 | Step 690 | lr=7.938926e-04 | loss=0.000112
Epoch 007 | Step 700 | lr=7.938926e-04 | loss=0.000106
Epoch 007 | Step 710 | lr=7.938926e-04 | loss=0.000102
Epoch 007 | Step 720 | lr=7.938926e-04 | loss=0.000108
Epoch 007 | Step 730 | lr=7.938926e-04 | loss=0.000109
Epoch 007 | Step 740 | lr=7.938926e-04 | loss=0.000114
Epoch 007 | Step 750 | lr=7.938926e-04 | loss=0.000104
Epoch 007 | Step 760 | lr=7.938926e-04 | loss=0.000113
Epoch 007 | Step 770 | lr=7.938926e-04 | loss=0.000106
Epoch 007 | Step 780 | lr=7.938926e-04 | loss=0.000105
Epoch 007 | Step 790 | lr=7.938926e-04 | loss=0.000114
Epoch 007 | Step 800 | lr=7.938926e-04 | loss=0.000113
Epoch 007 | Step 810 | lr=7.938926e-04 | loss=0.000104
Epoch 007 | Step 820 | lr=7.938926e-04 | loss=0.000111
Epoch 007 | Step 830 | lr=7.938926e-04 | loss=0.000112
Epoch 007 | Step 840 | lr=7.938926e-04 | loss=0.000118
Epoch 007 | Step 850 | lr=7.938926e-04 | loss=0.000115
Epoch 007 | Step 860 | lr=7.938926e-04 | loss=0.000110
Epoch 007 | Step 870 | lr=7.938926e-04 | loss=0.000114
Epoch 007 | Step 880 | lr=7.938926e-04 | loss=0.000117
Epoch 007 | Step 890 | lr=7.938926e-04 | loss=0.000108
Epoch 007 | Step 900 | lr=7.938926e-04 | loss=0.000118
Epoch 007 | Step 910 | lr=7.938926e-04 | loss=0.000115
Epoch 007 | Step 920 | lr=7.938926e-04 | loss=0.000114
Epoch 007 | Step 930 | lr=7.938926e-04 | loss=0.000108
Epoch 007 | Step 940 | lr=7.938926e-04 | loss=0.000112
Epoch 007 | Step 950 | lr=7.938926e-04 | loss=0.000107
Epoch 007 | Step 960 | lr=7.938926e-04 | loss=0.000110
epoch 007 | train_kld=0.000113 | val_kld=0.000102 | val_mae=0.002878 | val_mse=0.000102 | ord_acc@10=0.2986 | recall@10=0.8175
Epoch 008 | Step 10 | lr=7.269952e-04 | loss=0.000104
Epoch 008 | Step 20 | lr=7.269952e-04 | loss=0.000104
Epoch 008 | Step 30 | lr=7.269952e-04 | loss=0.000108
Epoch 008 | Step 40 | lr=7.269952e-04 | loss=0.000112
Epoch 008 | Step 50 | lr=7.269952e-04 | loss=0.000105
Epoch 008 | Step 60 | lr=7.269952e-04 | loss=0.000116
Epoch 008 | Step 70 | lr=7.269952e-04 | loss=0.000109
Epoch 008 | Step 80 | lr=7.269952e-04 | loss=0.000107
Epoch 008 | Step 90 | lr=7.269952e-04 | loss=0.000105
Epoch 008 | Step 100 | lr=7.269952e-04 | loss=0.000105
Epoch 008 | Step 110 | lr=7.269952e-04 | loss=0.000104
Epoch 008 | Step 120 | lr=7.269952e-04 | loss=0.000106
Epoch 008 | Step 130 | lr=7.269952e-04 | loss=0.000110
Epoch 008 | Step 140 | lr=7.269952e-04 | loss=0.000102
Epoch 008 | Step 150 | lr=7.269952e-04 | loss=0.000104
Epoch 008 | Step 160 | lr=7.269952e-04 | loss=0.000102
Epoch 008 | Step 170 | lr=7.269952e-04 | loss=0.000106
Epoch 008 | Step 180 | lr=7.269952e-04 | loss=0.000109
Epoch 008 | Step 190 | lr=7.269952e-04 | loss=0.000108
Epoch 008 | Step 200 | lr=7.269952e-04 | loss=0.000108
Epoch 008 | Step 210 | lr=7.269952e-04 | loss=0.000112
Epoch 008 | Step 220 | lr=7.269952e-04 | loss=0.000108
Epoch 008 | Step 230 | lr=7.269952e-04 | loss=0.000103
Epoch 008 | Step 240 | lr=7.269952e-04 | loss=0.000100
Epoch 008 | Step 250 | lr=7.269952e-04 | loss=0.000105
Epoch 008 | Step 260 | lr=7.269952e-04 | loss=0.000098
Epoch 008 | Step 270 | lr=7.269952e-04 | loss=0.000104
Epoch 008 | Step 280 | lr=7.269952e-04 | loss=0.000109
Epoch 008 | Step 290 | lr=7.269952e-04 | loss=0.000104
Epoch 008 | Step 300 | lr=7.269952e-04 | loss=0.000101
Epoch 008 | Step 310 | lr=7.269952e-04 | loss=0.000108
Epoch 008 | Step 320 | lr=7.269952e-04 | loss=0.000105
Epoch 008 | Step 330 | lr=7.269952e-04 | loss=0.000102
Epoch 008 | Step 340 | lr=7.269952e-04 | loss=0.000114
Epoch 008 | Step 350 | lr=7.269952e-04 | loss=0.000106
Epoch 008 | Step 360 | lr=7.269952e-04 | loss=0.000101
Epoch 008 | Step 370 | lr=7.269952e-04 | loss=0.000109
Epoch 008 | Step 380 | lr=7.269952e-04 | loss=0.000114
Epoch 008 | Step 390 | lr=7.269952e-04 | loss=0.000108
Epoch 008 | Step 400 | lr=7.269952e-04 | loss=0.000105
Epoch 008 | Step 410 | lr=7.269952e-04 | loss=0.000108
Epoch 008 | Step 420 | lr=7.269952e-04 | loss=0.000118
Epoch 008 | Step 430 | lr=7.269952e-04 | loss=0.000108
Epoch 008 | Step 440 | lr=7.269952e-04 | loss=0.000104
Epoch 008 | Step 450 | lr=7.269952e-04 | loss=0.000108
Epoch 008 | Step 460 | lr=7.269952e-04 | loss=0.000098
Epoch 008 | Step 470 | lr=7.269952e-04 | loss=0.000107
Epoch 008 | Step 480 | lr=7.269952e-04 | loss=0.000105
Epoch 008 | Step 490 | lr=7.269952e-04 | loss=0.000103
Epoch 008 | Step 500 | lr=7.269952e-04 | loss=0.000109
Epoch 008 | Step 510 | lr=7.269952e-04 | loss=0.000104
Epoch 008 | Step 520 | lr=7.269952e-04 | loss=0.000108
Epoch 008 | Step 530 | lr=7.269952e-04 | loss=0.000101
Epoch 008 | Step 540 | lr=7.269952e-04 | loss=0.000099
Epoch 008 | Step 550 | lr=7.269952e-04 | loss=0.000106
Epoch 008 | Step 560 | lr=7.269952e-04 | loss=0.000103
Epoch 008 | Step 570 | lr=7.269952e-04 | loss=0.000102
Epoch 008 | Step 580 | lr=7.269952e-04 | loss=0.000101
Epoch 008 | Step 590 | lr=7.269952e-04 | loss=0.000100
Epoch 008 | Step 600 | lr=7.269952e-04 | loss=0.000101
Epoch 008 | Step 610 | lr=7.269952e-04 | loss=0.000119
Epoch 008 | Step 620 | lr=7.269952e-04 | loss=0.000101
Epoch 008 | Step 630 | lr=7.269952e-04 | loss=0.000113
Epoch 008 | Step 640 | lr=7.269952e-04 | loss=0.000107
Epoch 008 | Step 650 | lr=7.269952e-04 | loss=0.000108
Epoch 008 | Step 660 | lr=7.269952e-04 | loss=0.000101
Epoch 008 | Step 670 | lr=7.269952e-04 | loss=0.000101
Epoch 008 | Step 680 | lr=7.269952e-04 | loss=0.000107
Epoch 008 | Step 690 | lr=7.269952e-04 | loss=0.000105
Epoch 008 | Step 700 | lr=7.269952e-04 | loss=0.000105
Epoch 008 | Step 710 | lr=7.269952e-04 | loss=0.000101
Epoch 008 | Step 720 | lr=7.269952e-04 | loss=0.000112
Epoch 008 | Step 730 | lr=7.269952e-04 | loss=0.000102
Epoch 008 | Step 740 | lr=7.269952e-04 | loss=0.000110
Epoch 008 | Step 750 | lr=7.269952e-04 | loss=0.000107
Epoch 008 | Step 760 | lr=7.269952e-04 | loss=0.000115
Epoch 008 | Step 770 | lr=7.269952e-04 | loss=0.000107
Epoch 008 | Step 780 | lr=7.269952e-04 | loss=0.000113
Epoch 008 | Step 790 | lr=7.269952e-04 | loss=0.000106
Epoch 008 | Step 800 | lr=7.269952e-04 | loss=0.000102
Epoch 008 | Step 810 | lr=7.269952e-04 | loss=0.000106
Epoch 008 | Step 820 | lr=7.269952e-04 | loss=0.000111
Epoch 008 | Step 830 | lr=7.269952e-04 | loss=0.000103
Epoch 008 | Step 840 | lr=7.269952e-04 | loss=0.000106
Epoch 008 | Step 850 | lr=7.269952e-04 | loss=0.000110
Epoch 008 | Step 860 | lr=7.269952e-04 | loss=0.000099
Epoch 008 | Step 870 | lr=7.269952e-04 | loss=0.000105
Epoch 008 | Step 880 | lr=7.269952e-04 | loss=0.000104
Epoch 008 | Step 890 | lr=7.269952e-04 | loss=0.000101
Epoch 008 | Step 900 | lr=7.269952e-04 | loss=0.000107
Epoch 008 | Step 910 | lr=7.269952e-04 | loss=0.000108
Epoch 008 | Step 920 | lr=7.269952e-04 | loss=0.000106
Epoch 008 | Step 930 | lr=7.269952e-04 | loss=0.000100
Epoch 008 | Step 940 | lr=7.269952e-04 | loss=0.000106
Epoch 008 | Step 950 | lr=7.269952e-04 | loss=0.000114
Epoch 008 | Step 960 | lr=7.269952e-04 | loss=0.000107
epoch 008 | train_kld=0.000107 | val_kld=0.000111 | val_mae=0.002948 | val_mse=0.000111 | ord_acc@10=0.2978 | recall@10=0.8200
Epoch 009 | Step 10 | lr=6.545085e-04 | loss=0.000113
Epoch 009 | Step 20 | lr=6.545085e-04 | loss=0.000106
Epoch 009 | Step 30 | lr=6.545085e-04 | loss=0.000106
Epoch 009 | Step 40 | lr=6.545085e-04 | loss=0.000100
Epoch 009 | Step 50 | lr=6.545085e-04 | loss=0.000100
Epoch 009 | Step 60 | lr=6.545085e-04 | loss=0.000098
Epoch 009 | Step 70 | lr=6.545085e-04 | loss=0.000098
Epoch 009 | Step 80 | lr=6.545085e-04 | loss=0.000096
Epoch 009 | Step 90 | lr=6.545085e-04 | loss=0.000109
Epoch 009 | Step 100 | lr=6.545085e-04 | loss=0.000102
Epoch 009 | Step 110 | lr=6.545085e-04 | loss=0.000102
Epoch 009 | Step 120 | lr=6.545085e-04 | loss=0.000101
Epoch 009 | Step 130 | lr=6.545085e-04 | loss=0.000105
Epoch 009 | Step 140 | lr=6.545085e-04 | loss=0.000105
Epoch 009 | Step 150 | lr=6.545085e-04 | loss=0.000097
Epoch 009 | Step 160 | lr=6.545085e-04 | loss=0.000097
Epoch 009 | Step 170 | lr=6.545085e-04 | loss=0.000101
Epoch 009 | Step 180 | lr=6.545085e-04 | loss=0.000100
Epoch 009 | Step 190 | lr=6.545085e-04 | loss=0.000102
Epoch 009 | Step 200 | lr=6.545085e-04 | loss=0.000096
Epoch 009 | Step 210 | lr=6.545085e-04 | loss=0.000100
Epoch 009 | Step 220 | lr=6.545085e-04 | loss=0.000100
Epoch 009 | Step 230 | lr=6.545085e-04 | loss=0.000093
Epoch 009 | Step 240 | lr=6.545085e-04 | loss=0.000113
Epoch 009 | Step 250 | lr=6.545085e-04 | loss=0.000103
Epoch 009 | Step 260 | lr=6.545085e-04 | loss=0.000107
Epoch 009 | Step 270 | lr=6.545085e-04 | loss=0.000096
Epoch 009 | Step 280 | lr=6.545085e-04 | loss=0.000099
Epoch 009 | Step 290 | lr=6.545085e-04 | loss=0.000101
Epoch 009 | Step 300 | lr=6.545085e-04 | loss=0.000100
Epoch 009 | Step 310 | lr=6.545085e-04 | loss=0.000099
Epoch 009 | Step 320 | lr=6.545085e-04 | loss=0.000096
Epoch 009 | Step 330 | lr=6.545085e-04 | loss=0.000107
Epoch 009 | Step 340 | lr=6.545085e-04 | loss=0.000105
Epoch 009 | Step 350 | lr=6.545085e-04 | loss=0.000111
Epoch 009 | Step 360 | lr=6.545085e-04 | loss=0.000104
Epoch 009 | Step 370 | lr=6.545085e-04 | loss=0.000100
Epoch 009 | Step 380 | lr=6.545085e-04 | loss=0.000102
Epoch 009 | Step 390 | lr=6.545085e-04 | loss=0.000102
Epoch 009 | Step 400 | lr=6.545085e-04 | loss=0.000098
Epoch 009 | Step 410 | lr=6.545085e-04 | loss=0.000107
Epoch 009 | Step 420 | lr=6.545085e-04 | loss=0.000106
Epoch 009 | Step 430 | lr=6.545085e-04 | loss=0.000104
Epoch 009 | Step 440 | lr=6.545085e-04 | loss=0.000104
Epoch 009 | Step 450 | lr=6.545085e-04 | loss=0.000103
Epoch 009 | Step 460 | lr=6.545085e-04 | loss=0.000100
Epoch 009 | Step 470 | lr=6.545085e-04 | loss=0.000098
Epoch 009 | Step 480 | lr=6.545085e-04 | loss=0.000099
Epoch 009 | Step 490 | lr=6.545085e-04 | loss=0.000101
Epoch 009 | Step 500 | lr=6.545085e-04 | loss=0.000100
Epoch 009 | Step 510 | lr=6.545085e-04 | loss=0.000107
Epoch 009 | Step 520 | lr=6.545085e-04 | loss=0.000102
Epoch 009 | Step 530 | lr=6.545085e-04 | loss=0.000102
Epoch 009 | Step 540 | lr=6.545085e-04 | loss=0.000103
Epoch 009 | Step 550 | lr=6.545085e-04 | loss=0.000105
Epoch 009 | Step 560 | lr=6.545085e-04 | loss=0.000101
Epoch 009 | Step 570 | lr=6.545085e-04 | loss=0.000106
Epoch 009 | Step 580 | lr=6.545085e-04 | loss=0.000101
Epoch 009 | Step 590 | lr=6.545085e-04 | loss=0.000100
Epoch 009 | Step 600 | lr=6.545085e-04 | loss=0.000114
Epoch 009 | Step 610 | lr=6.545085e-04 | loss=0.000098
Epoch 009 | Step 620 | lr=6.545085e-04 | loss=0.000104
Epoch 009 | Step 630 | lr=6.545085e-04 | loss=0.000099
Epoch 009 | Step 640 | lr=6.545085e-04 | loss=0.000101
Epoch 009 | Step 650 | lr=6.545085e-04 | loss=0.000101
Epoch 009 | Step 660 | lr=6.545085e-04 | loss=0.000099
Epoch 009 | Step 670 | lr=6.545085e-04 | loss=0.000105
Epoch 009 | Step 680 | lr=6.545085e-04 | loss=0.000102
Epoch 009 | Step 690 | lr=6.545085e-04 | loss=0.000099
Epoch 009 | Step 700 | lr=6.545085e-04 | loss=0.000100
Epoch 009 | Step 710 | lr=6.545085e-04 | loss=0.000101
Epoch 009 | Step 720 | lr=6.545085e-04 | loss=0.000111
Epoch 009 | Step 730 | lr=6.545085e-04 | loss=0.000103
Epoch 009 | Step 740 | lr=6.545085e-04 | loss=0.000109
Epoch 009 | Step 750 | lr=6.545085e-04 | loss=0.000104
Epoch 009 | Step 760 | lr=6.545085e-04 | loss=0.000101
Epoch 009 | Step 770 | lr=6.545085e-04 | loss=0.000100
Epoch 009 | Step 780 | lr=6.545085e-04 | loss=0.000104
Epoch 009 | Step 790 | lr=6.545085e-04 | loss=0.000106
Epoch 009 | Step 800 | lr=6.545085e-04 | loss=0.000103
Epoch 009 | Step 810 | lr=6.545085e-04 | loss=0.000102
Epoch 009 | Step 820 | lr=6.545085e-04 | loss=0.000105
Epoch 009 | Step 830 | lr=6.545085e-04 | loss=0.000099
Epoch 009 | Step 840 | lr=6.545085e-04 | loss=0.000095
Epoch 009 | Step 850 | lr=6.545085e-04 | loss=0.000102
Epoch 009 | Step 860 | lr=6.545085e-04 | loss=0.000095
Epoch 009 | Step 870 | lr=6.545085e-04 | loss=0.000106
Epoch 009 | Step 880 | lr=6.545085e-04 | loss=0.000109
Epoch 009 | Step 890 | lr=6.545085e-04 | loss=0.000109
Epoch 009 | Step 900 | lr=6.545085e-04 | loss=0.000096
Epoch 009 | Step 910 | lr=6.545085e-04 | loss=0.000106
Epoch 009 | Step 920 | lr=6.545085e-04 | loss=0.000100
Epoch 009 | Step 930 | lr=6.545085e-04 | loss=0.000097
Epoch 009 | Step 940 | lr=6.545085e-04 | loss=0.000100
Epoch 009 | Step 950 | lr=6.545085e-04 | loss=0.000101
Epoch 009 | Step 960 | lr=6.545085e-04 | loss=0.000102
epoch 009 | train_kld=0.000102 | val_kld=0.000093 | val_mae=0.002759 | val_mse=0.000093 | ord_acc@10=0.3107 | recall@10=0.8242
Epoch 010 | Step 10 | lr=5.782172e-04 | loss=0.000095
Epoch 010 | Step 20 | lr=5.782172e-04 | loss=0.000095
Epoch 010 | Step 30 | lr=5.782172e-04 | loss=0.000095
Epoch 010 | Step 40 | lr=5.782172e-04 | loss=0.000100
Epoch 010 | Step 50 | lr=5.782172e-04 | loss=0.000096
Epoch 010 | Step 60 | lr=5.782172e-04 | loss=0.000108
Epoch 010 | Step 70 | lr=5.782172e-04 | loss=0.000097
Epoch 010 | Step 80 | lr=5.782172e-04 | loss=0.000093
Epoch 010 | Step 90 | lr=5.782172e-04 | loss=0.000095
Epoch 010 | Step 100 | lr=5.782172e-04 | loss=0.000092
Epoch 010 | Step 110 | lr=5.782172e-04 | loss=0.000093
Epoch 010 | Step 120 | lr=5.782172e-04 | loss=0.000096
Epoch 010 | Step 130 | lr=5.782172e-04 | loss=0.000094
Epoch 010 | Step 140 | lr=5.782172e-04 | loss=0.000103
Epoch 010 | Step 150 | lr=5.782172e-04 | loss=0.000098
Epoch 010 | Step 160 | lr=5.782172e-04 | loss=0.000097
Epoch 010 | Step 170 | lr=5.782172e-04 | loss=0.000102
Epoch 010 | Step 180 | lr=5.782172e-04 | loss=0.000094
Epoch 010 | Step 190 | lr=5.782172e-04 | loss=0.000100
Epoch 010 | Step 200 | lr=5.782172e-04 | loss=0.000093
Epoch 010 | Step 210 | lr=5.782172e-04 | loss=0.000099
Epoch 010 | Step 220 | lr=5.782172e-04 | loss=0.000093
Epoch 010 | Step 230 | lr=5.782172e-04 | loss=0.000095
Epoch 010 | Step 240 | lr=5.782172e-04 | loss=0.000093
Epoch 010 | Step 250 | lr=5.782172e-04 | loss=0.000094
Epoch 010 | Step 260 | lr=5.782172e-04 | loss=0.000101
Epoch 010 | Step 270 | lr=5.782172e-04 | loss=0.000102
Epoch 010 | Step 280 | lr=5.782172e-04 | loss=0.000093
Epoch 010 | Step 290 | lr=5.782172e-04 | loss=0.000099
Epoch 010 | Step 300 | lr=5.782172e-04 | loss=0.000097
Epoch 010 | Step 310 | lr=5.782172e-04 | loss=0.000096
Epoch 010 | Step 320 | lr=5.782172e-04 | loss=0.000104
Epoch 010 | Step 330 | lr=5.782172e-04 | loss=0.000087
Epoch 010 | Step 340 | lr=5.782172e-04 | loss=0.000098
Epoch 010 | Step 350 | lr=5.782172e-04 | loss=0.000092
Epoch 010 | Step 360 | lr=5.782172e-04 | loss=0.000103
Epoch 010 | Step 370 | lr=5.782172e-04 | loss=0.000096
Epoch 010 | Step 380 | lr=5.782172e-04 | loss=0.000104
Epoch 010 | Step 390 | lr=5.782172e-04 | loss=0.000103
Epoch 010 | Step 400 | lr=5.782172e-04 | loss=0.000097
Epoch 010 | Step 410 | lr=5.782172e-04 | loss=0.000092
Epoch 010 | Step 420 | lr=5.782172e-04 | loss=0.000098
Epoch 010 | Step 430 | lr=5.782172e-04 | loss=0.000097
Epoch 010 | Step 440 | lr=5.782172e-04 | loss=0.000106
Epoch 010 | Step 450 | lr=5.782172e-04 | loss=0.000098
Epoch 010 | Step 460 | lr=5.782172e-04 | loss=0.000092
Epoch 010 | Step 470 | lr=5.782172e-04 | loss=0.000091
Epoch 010 | Step 480 | lr=5.782172e-04 | loss=0.000099
Epoch 010 | Step 490 | lr=5.782172e-04 | loss=0.000098
Epoch 010 | Step 500 | lr=5.782172e-04 | loss=0.000101
Epoch 010 | Step 510 | lr=5.782172e-04 | loss=0.000100
Epoch 010 | Step 520 | lr=5.782172e-04 | loss=0.000094
Epoch 010 | Step 530 | lr=5.782172e-04 | loss=0.000091
Epoch 010 | Step 540 | lr=5.782172e-04 | loss=0.000097
Epoch 010 | Step 550 | lr=5.782172e-04 | loss=0.000100
Epoch 010 | Step 560 | lr=5.782172e-04 | loss=0.000105
Epoch 010 | Step 570 | lr=5.782172e-04 | loss=0.000097
Epoch 010 | Step 580 | lr=5.782172e-04 | loss=0.000091
Epoch 010 | Step 590 | lr=5.782172e-04 | loss=0.000101
Epoch 010 | Step 600 | lr=5.782172e-04 | loss=0.000101
Epoch 010 | Step 610 | lr=5.782172e-04 | loss=0.000095
Epoch 010 | Step 620 | lr=5.782172e-04 | loss=0.000096
Epoch 010 | Step 630 | lr=5.782172e-04 | loss=0.000099
Epoch 010 | Step 640 | lr=5.782172e-04 | loss=0.000102
Epoch 010 | Step 650 | lr=5.782172e-04 | loss=0.000096
Epoch 010 | Step 660 | lr=5.782172e-04 | loss=0.000098
Epoch 010 | Step 670 | lr=5.782172e-04 | loss=0.000096
Epoch 010 | Step 680 | lr=5.782172e-04 | loss=0.000099
Epoch 010 | Step 690 | lr=5.782172e-04 | loss=0.000101
Epoch 010 | Step 700 | lr=5.782172e-04 | loss=0.000097
Epoch 010 | Step 710 | lr=5.782172e-04 | loss=0.000098
Epoch 010 | Step 720 | lr=5.782172e-04 | loss=0.000097
Epoch 010 | Step 730 | lr=5.782172e-04 | loss=0.000095
Epoch 010 | Step 740 | lr=5.782172e-04 | loss=0.000099
Epoch 010 | Step 750 | lr=5.782172e-04 | loss=0.000102
Epoch 010 | Step 760 | lr=5.782172e-04 | loss=0.000104
Epoch 010 | Step 770 | lr=5.782172e-04 | loss=0.000100
Epoch 010 | Step 780 | lr=5.782172e-04 | loss=0.000100
Epoch 010 | Step 790 | lr=5.782172e-04 | loss=0.000096
Epoch 010 | Step 800 | lr=5.782172e-04 | loss=0.000098
Epoch 010 | Step 810 | lr=5.782172e-04 | loss=0.000097
Epoch 010 | Step 820 | lr=5.782172e-04 | loss=0.000091
Epoch 010 | Step 830 | lr=5.782172e-04 | loss=0.000098
Epoch 010 | Step 840 | lr=5.782172e-04 | loss=0.000096
Epoch 010 | Step 850 | lr=5.782172e-04 | loss=0.000093
Epoch 010 | Step 860 | lr=5.782172e-04 | loss=0.000103
Epoch 010 | Step 870 | lr=5.782172e-04 | loss=0.000095
Epoch 010 | Step 880 | lr=5.782172e-04 | loss=0.000100
Epoch 010 | Step 890 | lr=5.782172e-04 | loss=0.000098
Epoch 010 | Step 900 | lr=5.782172e-04 | loss=0.000095
Epoch 010 | Step 910 | lr=5.782172e-04 | loss=0.000090
Epoch 010 | Step 920 | lr=5.782172e-04 | loss=0.000099
Epoch 010 | Step 930 | lr=5.782172e-04 | loss=0.000097
Epoch 010 | Step 940 | lr=5.782172e-04 | loss=0.000110
Epoch 010 | Step 950 | lr=5.782172e-04 | loss=0.000093
Epoch 010 | Step 960 | lr=5.782172e-04 | loss=0.000096
epoch 010 | train_kld=0.000098 | val_kld=0.000092 | val_mae=0.002773 | val_mse=0.000092 | ord_acc@10=0.3081 | recall@10=0.8238
Epoch 011 | Step 10 | lr=5.000000e-04 | loss=0.000090
Epoch 011 | Step 20 | lr=5.000000e-04 | loss=0.000100
Epoch 011 | Step 30 | lr=5.000000e-04 | loss=0.000095
Epoch 011 | Step 40 | lr=5.000000e-04 | loss=0.000094
Epoch 011 | Step 50 | lr=5.000000e-04 | loss=0.000090
Epoch 011 | Step 60 | lr=5.000000e-04 | loss=0.000097
Epoch 011 | Step 70 | lr=5.000000e-04 | loss=0.000091
Epoch 011 | Step 80 | lr=5.000000e-04 | loss=0.000090
Epoch 011 | Step 90 | lr=5.000000e-04 | loss=0.000097
Epoch 011 | Step 100 | lr=5.000000e-04 | loss=0.000096
Epoch 011 | Step 110 | lr=5.000000e-04 | loss=0.000095
Epoch 011 | Step 120 | lr=5.000000e-04 | loss=0.000100
Epoch 011 | Step 130 | lr=5.000000e-04 | loss=0.000092
Epoch 011 | Step 140 | lr=5.000000e-04 | loss=0.000088
Epoch 011 | Step 150 | lr=5.000000e-04 | loss=0.000091
Epoch 011 | Step 160 | lr=5.000000e-04 | loss=0.000094
Epoch 011 | Step 170 | lr=5.000000e-04 | loss=0.000086
Epoch 011 | Step 180 | lr=5.000000e-04 | loss=0.000091
Epoch 011 | Step 190 | lr=5.000000e-04 | loss=0.000096
Epoch 011 | Step 200 | lr=5.000000e-04 | loss=0.000093
Epoch 011 | Step 210 | lr=5.000000e-04 | loss=0.000094
Epoch 011 | Step 220 | lr=5.000000e-04 | loss=0.000097
Epoch 011 | Step 230 | lr=5.000000e-04 | loss=0.000093
Epoch 011 | Step 240 | lr=5.000000e-04 | loss=0.000089
Epoch 011 | Step 250 | lr=5.000000e-04 | loss=0.000088
Epoch 011 | Step 260 | lr=5.000000e-04 | loss=0.000092
Epoch 011 | Step 270 | lr=5.000000e-04 | loss=0.000090
Epoch 011 | Step 280 | lr=5.000000e-04 | loss=0.000098
Epoch 011 | Step 290 | lr=5.000000e-04 | loss=0.000088
Epoch 011 | Step 300 | lr=5.000000e-04 | loss=0.000096
Epoch 011 | Step 310 | lr=5.000000e-04 | loss=0.000092
Epoch 011 | Step 320 | lr=5.000000e-04 | loss=0.000094
Epoch 011 | Step 330 | lr=5.000000e-04 | loss=0.000094
Epoch 011 | Step 340 | lr=5.000000e-04 | loss=0.000094
Epoch 011 | Step 350 | lr=5.000000e-04 | loss=0.000093
Epoch 011 | Step 360 | lr=5.000000e-04 | loss=0.000089
Epoch 011 | Step 370 | lr=5.000000e-04 | loss=0.000086
Epoch 011 | Step 380 | lr=5.000000e-04 | loss=0.000097
Epoch 011 | Step 390 | lr=5.000000e-04 | loss=0.000090
Epoch 011 | Step 400 | lr=5.000000e-04 | loss=0.000090
Epoch 011 | Step 410 | lr=5.000000e-04 | loss=0.000095
Epoch 011 | Step 420 | lr=5.000000e-04 | loss=0.000094
Epoch 011 | Step 430 | lr=5.000000e-04 | loss=0.000091
Epoch 011 | Step 440 | lr=5.000000e-04 | loss=0.000094
Epoch 011 | Step 450 | lr=5.000000e-04 | loss=0.000093
Epoch 011 | Step 460 | lr=5.000000e-04 | loss=0.000100
Epoch 011 | Step 470 | lr=5.000000e-04 | loss=0.000097
Epoch 011 | Step 480 | lr=5.000000e-04 | loss=0.000098
Epoch 011 | Step 490 | lr=5.000000e-04 | loss=0.000094
Epoch 011 | Step 500 | lr=5.000000e-04 | loss=0.000099
Epoch 011 | Step 510 | lr=5.000000e-04 | loss=0.000094
Epoch 011 | Step 520 | lr=5.000000e-04 | loss=0.000098
Epoch 011 | Step 530 | lr=5.000000e-04 | loss=0.000093
Epoch 011 | Step 540 | lr=5.000000e-04 | loss=0.000096
Epoch 011 | Step 550 | lr=5.000000e-04 | loss=0.000099
Epoch 011 | Step 560 | lr=5.000000e-04 | loss=0.000095
Epoch 011 | Step 570 | lr=5.000000e-04 | loss=0.000092
Epoch 011 | Step 580 | lr=5.000000e-04 | loss=0.000094
Epoch 011 | Step 590 | lr=5.000000e-04 | loss=0.000096
Epoch 011 | Step 600 | lr=5.000000e-04 | loss=0.000094
Epoch 011 | Step 610 | lr=5.000000e-04 | loss=0.000095
Epoch 011 | Step 620 | lr=5.000000e-04 | loss=0.000091
Epoch 011 | Step 630 | lr=5.000000e-04 | loss=0.000092
Epoch 011 | Step 640 | lr=5.000000e-04 | loss=0.000097
Epoch 011 | Step 650 | lr=5.000000e-04 | loss=0.000093
Epoch 011 | Step 660 | lr=5.000000e-04 | loss=0.000093
Epoch 011 | Step 670 | lr=5.000000e-04 | loss=0.000092
Epoch 011 | Step 680 | lr=5.000000e-04 | loss=0.000090
Epoch 011 | Step 690 | lr=5.000000e-04 | loss=0.000099
Epoch 011 | Step 700 | lr=5.000000e-04 | loss=0.000093
Epoch 011 | Step 710 | lr=5.000000e-04 | loss=0.000095
Epoch 011 | Step 720 | lr=5.000000e-04 | loss=0.000098
Epoch 011 | Step 730 | lr=5.000000e-04 | loss=0.000094
Epoch 011 | Step 740 | lr=5.000000e-04 | loss=0.000091
Epoch 011 | Step 750 | lr=5.000000e-04 | loss=0.000094
Epoch 011 | Step 760 | lr=5.000000e-04 | loss=0.000089
Epoch 011 | Step 770 | lr=5.000000e-04 | loss=0.000091
Epoch 011 | Step 780 | lr=5.000000e-04 | loss=0.000092
Epoch 011 | Step 790 | lr=5.000000e-04 | loss=0.000098
Epoch 011 | Step 800 | lr=5.000000e-04 | loss=0.000101
Epoch 011 | Step 810 | lr=5.000000e-04 | loss=0.000098
Epoch 011 | Step 820 | lr=5.000000e-04 | loss=0.000105
Epoch 011 | Step 830 | lr=5.000000e-04 | loss=0.000092
Epoch 011 | Step 840 | lr=5.000000e-04 | loss=0.000098
Epoch 011 | Step 850 | lr=5.000000e-04 | loss=0.000095
Epoch 011 | Step 860 | lr=5.000000e-04 | loss=0.000087
Epoch 011 | Step 870 | lr=5.000000e-04 | loss=0.000096
Epoch 011 | Step 880 | lr=5.000000e-04 | loss=0.000094
Epoch 011 | Step 890 | lr=5.000000e-04 | loss=0.000090
Epoch 011 | Step 900 | lr=5.000000e-04 | loss=0.000100
Epoch 011 | Step 910 | lr=5.000000e-04 | loss=0.000095
Epoch 011 | Step 920 | lr=5.000000e-04 | loss=0.000096
Epoch 011 | Step 930 | lr=5.000000e-04 | loss=0.000096
Epoch 011 | Step 940 | lr=5.000000e-04 | loss=0.000092
Epoch 011 | Step 950 | lr=5.000000e-04 | loss=0.000096
Epoch 011 | Step 960 | lr=5.000000e-04 | loss=0.000098
epoch 011 | train_kld=0.000094 | val_kld=0.000087 | val_mae=0.002708 | val_mse=0.000087 | ord_acc@10=0.3133 | recall@10=0.8279
Epoch 012 | Step 10 | lr=4.217828e-04 | loss=0.000091
Epoch 012 | Step 20 | lr=4.217828e-04 | loss=0.000095
Epoch 012 | Step 30 | lr=4.217828e-04 | loss=0.000094
Epoch 012 | Step 40 | lr=4.217828e-04 | loss=0.000090
Epoch 012 | Step 50 | lr=4.217828e-04 | loss=0.000085
Epoch 012 | Step 60 | lr=4.217828e-04 | loss=0.000091
Epoch 012 | Step 70 | lr=4.217828e-04 | loss=0.000093
Epoch 012 | Step 80 | lr=4.217828e-04 | loss=0.000091
Epoch 012 | Step 90 | lr=4.217828e-04 | loss=0.000089
Epoch 012 | Step 100 | lr=4.217828e-04 | loss=0.000093
Epoch 012 | Step 110 | lr=4.217828e-04 | loss=0.000092
Epoch 012 | Step 120 | lr=4.217828e-04 | loss=0.000095
Epoch 012 | Step 130 | lr=4.217828e-04 | loss=0.000087
Epoch 012 | Step 140 | lr=4.217828e-04 | loss=0.000091
Epoch 012 | Step 150 | lr=4.217828e-04 | loss=0.000088
Epoch 012 | Step 160 | lr=4.217828e-04 | loss=0.000087
Epoch 012 | Step 170 | lr=4.217828e-04 | loss=0.000087
Epoch 012 | Step 180 | lr=4.217828e-04 | loss=0.000087
Epoch 012 | Step 190 | lr=4.217828e-04 | loss=0.000089
Epoch 012 | Step 200 | lr=4.217828e-04 | loss=0.000088
Epoch 012 | Step 210 | lr=4.217828e-04 | loss=0.000089
Epoch 012 | Step 220 | lr=4.217828e-04 | loss=0.000090
Epoch 012 | Step 230 | lr=4.217828e-04 | loss=0.000093
Epoch 012 | Step 240 | lr=4.217828e-04 | loss=0.000099
Epoch 012 | Step 250 | lr=4.217828e-04 | loss=0.000096
Epoch 012 | Step 260 | lr=4.217828e-04 | loss=0.000086
Epoch 012 | Step 270 | lr=4.217828e-04 | loss=0.000085
Epoch 012 | Step 280 | lr=4.217828e-04 | loss=0.000089
Epoch 012 | Step 290 | lr=4.217828e-04 | loss=0.000088
Epoch 012 | Step 300 | lr=4.217828e-04 | loss=0.000091
Epoch 012 | Step 310 | lr=4.217828e-04 | loss=0.000088
Epoch 012 | Step 320 | lr=4.217828e-04 | loss=0.000091
Epoch 012 | Step 330 | lr=4.217828e-04 | loss=0.000085
Epoch 012 | Step 340 | lr=4.217828e-04 | loss=0.000091
Epoch 012 | Step 350 | lr=4.217828e-04 | loss=0.000086
Epoch 012 | Step 360 | lr=4.217828e-04 | loss=0.000092
Epoch 012 | Step 370 | lr=4.217828e-04 | loss=0.000090
Epoch 012 | Step 380 | lr=4.217828e-04 | loss=0.000091
Epoch 012 | Step 390 | lr=4.217828e-04 | loss=0.000091
Epoch 012 | Step 400 | lr=4.217828e-04 | loss=0.000093
Epoch 012 | Step 410 | lr=4.217828e-04 | loss=0.000094
Epoch 012 | Step 420 | lr=4.217828e-04 | loss=0.000088
Epoch 012 | Step 430 | lr=4.217828e-04 | loss=0.000092
Epoch 012 | Step 440 | lr=4.217828e-04 | loss=0.000085
Epoch 012 | Step 450 | lr=4.217828e-04 | loss=0.000091
Epoch 012 | Step 460 | lr=4.217828e-04 | loss=0.000089
Epoch 012 | Step 470 | lr=4.217828e-04 | loss=0.000089
Epoch 012 | Step 480 | lr=4.217828e-04 | loss=0.000096
Epoch 012 | Step 490 | lr=4.217828e-04 | loss=0.000094
Epoch 012 | Step 500 | lr=4.217828e-04 | loss=0.000095
Epoch 012 | Step 510 | lr=4.217828e-04 | loss=0.000092
Epoch 012 | Step 520 | lr=4.217828e-04 | loss=0.000094
Epoch 012 | Step 530 | lr=4.217828e-04 | loss=0.000091
Epoch 012 | Step 540 | lr=4.217828e-04 | loss=0.000085
Epoch 012 | Step 550 | lr=4.217828e-04 | loss=0.000085
Epoch 012 | Step 560 | lr=4.217828e-04 | loss=0.000090
Epoch 012 | Step 570 | lr=4.217828e-04 | loss=0.000091
Epoch 012 | Step 580 | lr=4.217828e-04 | loss=0.000090
Epoch 012 | Step 590 | lr=4.217828e-04 | loss=0.000089
Epoch 012 | Step 600 | lr=4.217828e-04 | loss=0.000089
Epoch 012 | Step 610 | lr=4.217828e-04 | loss=0.000089
Epoch 012 | Step 620 | lr=4.217828e-04 | loss=0.000091
Epoch 012 | Step 630 | lr=4.217828e-04 | loss=0.000088
Epoch 012 | Step 640 | lr=4.217828e-04 | loss=0.000093
Epoch 012 | Step 650 | lr=4.217828e-04 | loss=0.000091
Epoch 012 | Step 660 | lr=4.217828e-04 | loss=0.000093
Epoch 012 | Step 670 | lr=4.217828e-04 | loss=0.000086
Epoch 012 | Step 680 | lr=4.217828e-04 | loss=0.000089
Epoch 012 | Step 690 | lr=4.217828e-04 | loss=0.000091
Epoch 012 | Step 700 | lr=4.217828e-04 | loss=0.000093
Epoch 012 | Step 710 | lr=4.217828e-04 | loss=0.000092
Epoch 012 | Step 720 | lr=4.217828e-04 | loss=0.000091
Epoch 012 | Step 730 | lr=4.217828e-04 | loss=0.000086
Epoch 012 | Step 740 | lr=4.217828e-04 | loss=0.000091
Epoch 012 | Step 750 | lr=4.217828e-04 | loss=0.000095
Epoch 012 | Step 760 | lr=4.217828e-04 | loss=0.000086
Epoch 012 | Step 770 | lr=4.217828e-04 | loss=0.000091
Epoch 012 | Step 780 | lr=4.217828e-04 | loss=0.000088
Epoch 012 | Step 790 | lr=4.217828e-04 | loss=0.000090
Epoch 012 | Step 800 | lr=4.217828e-04 | loss=0.000094
Epoch 012 | Step 810 | lr=4.217828e-04 | loss=0.000089
Epoch 012 | Step 820 | lr=4.217828e-04 | loss=0.000089
Epoch 012 | Step 830 | lr=4.217828e-04 | loss=0.000086
Epoch 012 | Step 840 | lr=4.217828e-04 | loss=0.000083
Epoch 012 | Step 850 | lr=4.217828e-04 | loss=0.000091
Epoch 012 | Step 860 | lr=4.217828e-04 | loss=0.000094
Epoch 012 | Step 870 | lr=4.217828e-04 | loss=0.000089
Epoch 012 | Step 880 | lr=4.217828e-04 | loss=0.000085
Epoch 012 | Step 890 | lr=4.217828e-04 | loss=0.000085
Epoch 012 | Step 900 | lr=4.217828e-04 | loss=0.000086
Epoch 012 | Step 910 | lr=4.217828e-04 | loss=0.000090
Epoch 012 | Step 920 | lr=4.217828e-04 | loss=0.000089
Epoch 012 | Step 930 | lr=4.217828e-04 | loss=0.000089
Epoch 012 | Step 940 | lr=4.217828e-04 | loss=0.000092
Epoch 012 | Step 950 | lr=4.217828e-04 | loss=0.000089
Epoch 012 | Step 960 | lr=4.217828e-04 | loss=0.000088
epoch 012 | train_kld=0.000090 | val_kld=0.000087 | val_mae=0.002689 | val_mse=0.000087 | ord_acc@10=0.3167 | recall@10=0.8269
Epoch 013 | Step 10 | lr=3.454915e-04 | loss=0.000089
Epoch 013 | Step 20 | lr=3.454915e-04 | loss=0.000084
Epoch 013 | Step 30 | lr=3.454915e-04 | loss=0.000087
Epoch 013 | Step 40 | lr=3.454915e-04 | loss=0.000084
Epoch 013 | Step 50 | lr=3.454915e-04 | loss=0.000089
Epoch 013 | Step 60 | lr=3.454915e-04 | loss=0.000084
Epoch 013 | Step 70 | lr=3.454915e-04 | loss=0.000086
Epoch 013 | Step 80 | lr=3.454915e-04 | loss=0.000086
Epoch 013 | Step 90 | lr=3.454915e-04 | loss=0.000084
Epoch 013 | Step 100 | lr=3.454915e-04 | loss=0.000087
Epoch 013 | Step 110 | lr=3.454915e-04 | loss=0.000090
Epoch 013 | Step 120 | lr=3.454915e-04 | loss=0.000082
Epoch 013 | Step 130 | lr=3.454915e-04 | loss=0.000083
Epoch 013 | Step 140 | lr=3.454915e-04 | loss=0.000087
Epoch 013 | Step 150 | lr=3.454915e-04 | loss=0.000083
Epoch 013 | Step 160 | lr=3.454915e-04 | loss=0.000088
Epoch 013 | Step 170 | lr=3.454915e-04 | loss=0.000081
Epoch 013 | Step 180 | lr=3.454915e-04 | loss=0.000086
Epoch 013 | Step 190 | lr=3.454915e-04 | loss=0.000086
Epoch 013 | Step 200 | lr=3.454915e-04 | loss=0.000088
Epoch 013 | Step 210 | lr=3.454915e-04 | loss=0.000087
Epoch 013 | Step 220 | lr=3.454915e-04 | loss=0.000088
Epoch 013 | Step 230 | lr=3.454915e-04 | loss=0.000087
Epoch 013 | Step 240 | lr=3.454915e-04 | loss=0.000090
Epoch 013 | Step 250 | lr=3.454915e-04 | loss=0.000091
Epoch 013 | Step 260 | lr=3.454915e-04 | loss=0.000085
Epoch 013 | Step 270 | lr=3.454915e-04 | loss=0.000083
Epoch 013 | Step 280 | lr=3.454915e-04 | loss=0.000082
Epoch 013 | Step 290 | lr=3.454915e-04 | loss=0.000084
Epoch 013 | Step 300 | lr=3.454915e-04 | loss=0.000086
Epoch 013 | Step 310 | lr=3.454915e-04 | loss=0.000085
Epoch 013 | Step 320 | lr=3.454915e-04 | loss=0.000084
Epoch 013 | Step 330 | lr=3.454915e-04 | loss=0.000085
Epoch 013 | Step 340 | lr=3.454915e-04 | loss=0.000082
Epoch 013 | Step 350 | lr=3.454915e-04 | loss=0.000084
Epoch 013 | Step 360 | lr=3.454915e-04 | loss=0.000082
Epoch 013 | Step 370 | lr=3.454915e-04 | loss=0.000083
Epoch 013 | Step 380 | lr=3.454915e-04 | loss=0.000087
Epoch 013 | Step 390 | lr=3.454915e-04 | loss=0.000088
Epoch 013 | Step 400 | lr=3.454915e-04 | loss=0.000086
Epoch 013 | Step 410 | lr=3.454915e-04 | loss=0.000086
Epoch 013 | Step 420 | lr=3.454915e-04 | loss=0.000088
Epoch 013 | Step 430 | lr=3.454915e-04 | loss=0.000089
Epoch 013 | Step 440 | lr=3.454915e-04 | loss=0.000083
Epoch 013 | Step 450 | lr=3.454915e-04 | loss=0.000086
Epoch 013 | Step 460 | lr=3.454915e-04 | loss=0.000090
Epoch 013 | Step 470 | lr=3.454915e-04 | loss=0.000089
Epoch 013 | Step 480 | lr=3.454915e-04 | loss=0.000091
Epoch 013 | Step 490 | lr=3.454915e-04 | loss=0.000087
Epoch 013 | Step 500 | lr=3.454915e-04 | loss=0.000086
Epoch 013 | Step 510 | lr=3.454915e-04 | loss=0.000087
Epoch 013 | Step 520 | lr=3.454915e-04 | loss=0.000082
Epoch 013 | Step 530 | lr=3.454915e-04 | loss=0.000086
Epoch 013 | Step 540 | lr=3.454915e-04 | loss=0.000085
Epoch 013 | Step 550 | lr=3.454915e-04 | loss=0.000093
Epoch 013 | Step 560 | lr=3.454915e-04 | loss=0.000089
Epoch 013 | Step 570 | lr=3.454915e-04 | loss=0.000090
Epoch 013 | Step 580 | lr=3.454915e-04 | loss=0.000089
Epoch 013 | Step 590 | lr=3.454915e-04 | loss=0.000083
Epoch 013 | Step 600 | lr=3.454915e-04 | loss=0.000084
Epoch 013 | Step 610 | lr=3.454915e-04 | loss=0.000091
Epoch 013 | Step 620 | lr=3.454915e-04 | loss=0.000086
Epoch 013 | Step 630 | lr=3.454915e-04 | loss=0.000087
Epoch 013 | Step 640 | lr=3.454915e-04 | loss=0.000088
Epoch 013 | Step 650 | lr=3.454915e-04 | loss=0.000091
Epoch 013 | Step 660 | lr=3.454915e-04 | loss=0.000087
Epoch 013 | Step 670 | lr=3.454915e-04 | loss=0.000084
Epoch 013 | Step 680 | lr=3.454915e-04 | loss=0.000084
Epoch 013 | Step 690 | lr=3.454915e-04 | loss=0.000088
Epoch 013 | Step 700 | lr=3.454915e-04 | loss=0.000094
Epoch 013 | Step 710 | lr=3.454915e-04 | loss=0.000085
Epoch 013 | Step 720 | lr=3.454915e-04 | loss=0.000090
Epoch 013 | Step 730 | lr=3.454915e-04 | loss=0.000085
Epoch 013 | Step 740 | lr=3.454915e-04 | loss=0.000084
Epoch 013 | Step 750 | lr=3.454915e-04 | loss=0.000088
Epoch 013 | Step 760 | lr=3.454915e-04 | loss=0.000087
Epoch 013 | Step 770 | lr=3.454915e-04 | loss=0.000081
Epoch 013 | Step 780 | lr=3.454915e-04 | loss=0.000089
Epoch 013 | Step 790 | lr=3.454915e-04 | loss=0.000088
Epoch 013 | Step 800 | lr=3.454915e-04 | loss=0.000087
Epoch 013 | Step 810 | lr=3.454915e-04 | loss=0.000084
Epoch 013 | Step 820 | lr=3.454915e-04 | loss=0.000090
Epoch 013 | Step 830 | lr=3.454915e-04 | loss=0.000083
Epoch 013 | Step 840 | lr=3.454915e-04 | loss=0.000092
Epoch 013 | Step 850 | lr=3.454915e-04 | loss=0.000086
Epoch 013 | Step 860 | lr=3.454915e-04 | loss=0.000088
Epoch 013 | Step 870 | lr=3.454915e-04 | loss=0.000088
Epoch 013 | Step 880 | lr=3.454915e-04 | loss=0.000092
Epoch 013 | Step 890 | lr=3.454915e-04 | loss=0.000086
Epoch 013 | Step 900 | lr=3.454915e-04 | loss=0.000089
Epoch 013 | Step 910 | lr=3.454915e-04 | loss=0.000091
Epoch 013 | Step 920 | lr=3.454915e-04 | loss=0.000089
Epoch 013 | Step 930 | lr=3.454915e-04 | loss=0.000087
Epoch 013 | Step 940 | lr=3.454915e-04 | loss=0.000087
Epoch 013 | Step 950 | lr=3.454915e-04 | loss=0.000083
Epoch 013 | Step 960 | lr=3.454915e-04 | loss=0.000089
epoch 013 | train_kld=0.000086 | val_kld=0.000083 | val_mae=0.002666 | val_mse=0.000083 | ord_acc@10=0.3192 | recall@10=0.8268
Epoch 014 | Step 10 | lr=2.730048e-04 | loss=0.000087
Epoch 014 | Step 20 | lr=2.730048e-04 | loss=0.000086
Epoch 014 | Step 30 | lr=2.730048e-04 | loss=0.000084
Epoch 014 | Step 40 | lr=2.730048e-04 | loss=0.000086
Epoch 014 | Step 50 | lr=2.730048e-04 | loss=0.000083
Epoch 014 | Step 60 | lr=2.730048e-04 | loss=0.000083
Epoch 014 | Step 70 | lr=2.730048e-04 | loss=0.000083
Epoch 014 | Step 80 | lr=2.730048e-04 | loss=0.000083
Epoch 014 | Step 90 | lr=2.730048e-04 | loss=0.000086
Epoch 014 | Step 100 | lr=2.730048e-04 | loss=0.000081
Epoch 014 | Step 110 | lr=2.730048e-04 | loss=0.000084
Epoch 014 | Step 120 | lr=2.730048e-04 | loss=0.000081
Epoch 014 | Step 130 | lr=2.730048e-04 | loss=0.000080
Epoch 014 | Step 140 | lr=2.730048e-04 | loss=0.000078
Epoch 014 | Step 150 | lr=2.730048e-04 | loss=0.000084
Epoch 014 | Step 160 | lr=2.730048e-04 | loss=0.000087
Epoch 014 | Step 170 | lr=2.730048e-04 | loss=0.000083
Epoch 014 | Step 180 | lr=2.730048e-04 | loss=0.000085
Epoch 014 | Step 190 | lr=2.730048e-04 | loss=0.000087
Epoch 014 | Step 200 | lr=2.730048e-04 | loss=0.000083
Epoch 014 | Step 210 | lr=2.730048e-04 | loss=0.000082
Epoch 014 | Step 220 | lr=2.730048e-04 | loss=0.000084
Epoch 014 | Step 230 | lr=2.730048e-04 | loss=0.000086
Epoch 014 | Step 240 | lr=2.730048e-04 | loss=0.000084
Epoch 014 | Step 250 | lr=2.730048e-04 | loss=0.000085
Epoch 014 | Step 260 | lr=2.730048e-04 | loss=0.000086
Epoch 014 | Step 270 | lr=2.730048e-04 | loss=0.000086
Epoch 014 | Step 280 | lr=2.730048e-04 | loss=0.000081
Epoch 014 | Step 290 | lr=2.730048e-04 | loss=0.000087
Epoch 014 | Step 300 | lr=2.730048e-04 | loss=0.000084
Epoch 014 | Step 310 | lr=2.730048e-04 | loss=0.000083
Epoch 014 | Step 320 | lr=2.730048e-04 | loss=0.000087
Epoch 014 | Step 330 | lr=2.730048e-04 | loss=0.000083
Epoch 014 | Step 340 | lr=2.730048e-04 | loss=0.000086
Epoch 014 | Step 350 | lr=2.730048e-04 | loss=0.000080
Epoch 014 | Step 360 | lr=2.730048e-04 | loss=0.000085
Epoch 014 | Step 370 | lr=2.730048e-04 | loss=0.000082
Epoch 014 | Step 380 | lr=2.730048e-04 | loss=0.000080
Epoch 014 | Step 390 | lr=2.730048e-04 | loss=0.000085
Epoch 014 | Step 400 | lr=2.730048e-04 | loss=0.000085
Epoch 014 | Step 410 | lr=2.730048e-04 | loss=0.000079
Epoch 014 | Step 420 | lr=2.730048e-04 | loss=0.000080
Epoch 014 | Step 430 | lr=2.730048e-04 | loss=0.000084
Epoch 014 | Step 440 | lr=2.730048e-04 | loss=0.000089
Epoch 014 | Step 450 | lr=2.730048e-04 | loss=0.000084
Epoch 014 | Step 460 | lr=2.730048e-04 | loss=0.000088
Epoch 014 | Step 470 | lr=2.730048e-04 | loss=0.000084
Epoch 014 | Step 480 | lr=2.730048e-04 | loss=0.000085
Epoch 014 | Step 490 | lr=2.730048e-04 | loss=0.000084
Epoch 014 | Step 500 | lr=2.730048e-04 | loss=0.000087
Epoch 014 | Step 510 | lr=2.730048e-04 | loss=0.000081
Epoch 014 | Step 520 | lr=2.730048e-04 | loss=0.000087
Epoch 014 | Step 530 | lr=2.730048e-04 | loss=0.000086
Epoch 014 | Step 540 | lr=2.730048e-04 | loss=0.000081
Epoch 014 | Step 550 | lr=2.730048e-04 | loss=0.000078
Epoch 014 | Step 560 | lr=2.730048e-04 | loss=0.000089
Epoch 014 | Step 570 | lr=2.730048e-04 | loss=0.000082
Epoch 014 | Step 580 | lr=2.730048e-04 | loss=0.000085
Epoch 014 | Step 590 | lr=2.730048e-04 | loss=0.000084
Epoch 014 | Step 600 | lr=2.730048e-04 | loss=0.000088
Epoch 014 | Step 610 | lr=2.730048e-04 | loss=0.000086
Epoch 014 | Step 620 | lr=2.730048e-04 | loss=0.000085
Epoch 014 | Step 630 | lr=2.730048e-04 | loss=0.000085
Epoch 014 | Step 640 | lr=2.730048e-04 | loss=0.000083
Epoch 014 | Step 650 | lr=2.730048e-04 | loss=0.000087
Epoch 014 | Step 660 | lr=2.730048e-04 | loss=0.000084
Epoch 014 | Step 670 | lr=2.730048e-04 | loss=0.000080
Epoch 014 | Step 680 | lr=2.730048e-04 | loss=0.000086
Epoch 014 | Step 690 | lr=2.730048e-04 | loss=0.000079
Epoch 014 | Step 700 | lr=2.730048e-04 | loss=0.000080
Epoch 014 | Step 710 | lr=2.730048e-04 | loss=0.000080
Epoch 014 | Step 720 | lr=2.730048e-04 | loss=0.000089
Epoch 014 | Step 730 | lr=2.730048e-04 | loss=0.000082
Epoch 014 | Step 740 | lr=2.730048e-04 | loss=0.000081
Epoch 014 | Step 750 | lr=2.730048e-04 | loss=0.000082
Epoch 014 | Step 760 | lr=2.730048e-04 | loss=0.000085
Epoch 014 | Step 770 | lr=2.730048e-04 | loss=0.000079
Epoch 014 | Step 780 | lr=2.730048e-04 | loss=0.000085
Epoch 014 | Step 790 | lr=2.730048e-04 | loss=0.000085
Epoch 014 | Step 800 | lr=2.730048e-04 | loss=0.000083
Epoch 014 | Step 810 | lr=2.730048e-04 | loss=0.000081
Epoch 014 | Step 820 | lr=2.730048e-04 | loss=0.000081
Epoch 014 | Step 830 | lr=2.730048e-04 | loss=0.000083
Epoch 014 | Step 840 | lr=2.730048e-04 | loss=0.000083
Epoch 014 | Step 850 | lr=2.730048e-04 | loss=0.000083
Epoch 014 | Step 860 | lr=2.730048e-04 | loss=0.000087
Epoch 014 | Step 870 | lr=2.730048e-04 | loss=0.000086
Epoch 014 | Step 880 | lr=2.730048e-04 | loss=0.000082
Epoch 014 | Step 890 | lr=2.730048e-04 | loss=0.000084
Epoch 014 | Step 900 | lr=2.730048e-04 | loss=0.000083
Epoch 014 | Step 910 | lr=2.730048e-04 | loss=0.000082
Epoch 014 | Step 920 | lr=2.730048e-04 | loss=0.000080
Epoch 014 | Step 930 | lr=2.730048e-04 | loss=0.000082
Epoch 014 | Step 940 | lr=2.730048e-04 | loss=0.000079
Epoch 014 | Step 950 | lr=2.730048e-04 | loss=0.000082
Epoch 014 | Step 960 | lr=2.730048e-04 | loss=0.000084
epoch 014 | train_kld=0.000083 | val_kld=0.000081 | val_mae=0.002620 | val_mse=0.000081 | ord_acc@10=0.3191 | recall@10=0.8309
Epoch 015 | Step 10 | lr=2.061074e-04 | loss=0.000083
Epoch 015 | Step 20 | lr=2.061074e-04 | loss=0.000084
Epoch 015 | Step 30 | lr=2.061074e-04 | loss=0.000084
Epoch 015 | Step 40 | lr=2.061074e-04 | loss=0.000078
Epoch 015 | Step 50 | lr=2.061074e-04 | loss=0.000081
Epoch 015 | Step 60 | lr=2.061074e-04 | loss=0.000079
Epoch 015 | Step 70 | lr=2.061074e-04 | loss=0.000083
Epoch 015 | Step 80 | lr=2.061074e-04 | loss=0.000083
Epoch 015 | Step 90 | lr=2.061074e-04 | loss=0.000082
Epoch 015 | Step 100 | lr=2.061074e-04 | loss=0.000083
Epoch 015 | Step 110 | lr=2.061074e-04 | loss=0.000076
Epoch 015 | Step 120 | lr=2.061074e-04 | loss=0.000084
Epoch 015 | Step 130 | lr=2.061074e-04 | loss=0.000082
Epoch 015 | Step 140 | lr=2.061074e-04 | loss=0.000078
Epoch 015 | Step 150 | lr=2.061074e-04 | loss=0.000079
Epoch 015 | Step 160 | lr=2.061074e-04 | loss=0.000079
Epoch 015 | Step 170 | lr=2.061074e-04 | loss=0.000078
Epoch 015 | Step 180 | lr=2.061074e-04 | loss=0.000080
Epoch 015 | Step 190 | lr=2.061074e-04 | loss=0.000078
Epoch 015 | Step 200 | lr=2.061074e-04 | loss=0.000078
Epoch 015 | Step 210 | lr=2.061074e-04 | loss=0.000079
Epoch 015 | Step 220 | lr=2.061074e-04 | loss=0.000081
Epoch 015 | Step 230 | lr=2.061074e-04 | loss=0.000080
Epoch 015 | Step 240 | lr=2.061074e-04 | loss=0.000081
Epoch 015 | Step 250 | lr=2.061074e-04 | loss=0.000079
Epoch 015 | Step 260 | lr=2.061074e-04 | loss=0.000080
Epoch 015 | Step 270 | lr=2.061074e-04 | loss=0.000086
Epoch 015 | Step 280 | lr=2.061074e-04 | loss=0.000081
Epoch 015 | Step 290 | lr=2.061074e-04 | loss=0.000074
Epoch 015 | Step 300 | lr=2.061074e-04 | loss=0.000078
Epoch 015 | Step 310 | lr=2.061074e-04 | loss=0.000078
Epoch 015 | Step 320 | lr=2.061074e-04 | loss=0.000082
Epoch 015 | Step 330 | lr=2.061074e-04 | loss=0.000082
Epoch 015 | Step 340 | lr=2.061074e-04 | loss=0.000077
Epoch 015 | Step 350 | lr=2.061074e-04 | loss=0.000080
Epoch 015 | Step 360 | lr=2.061074e-04 | loss=0.000085
Epoch 015 | Step 370 | lr=2.061074e-04 | loss=0.000076
Epoch 015 | Step 380 | lr=2.061074e-04 | loss=0.000085
Epoch 015 | Step 390 | lr=2.061074e-04 | loss=0.000080
Epoch 015 | Step 400 | lr=2.061074e-04 | loss=0.000081
Epoch 015 | Step 410 | lr=2.061074e-04 | loss=0.000081
Epoch 015 | Step 420 | lr=2.061074e-04 | loss=0.000080
Epoch 015 | Step 430 | lr=2.061074e-04 | loss=0.000085
Epoch 015 | Step 440 | lr=2.061074e-04 | loss=0.000077
Epoch 015 | Step 450 | lr=2.061074e-04 | loss=0.000083
Epoch 015 | Step 460 | lr=2.061074e-04 | loss=0.000080
Epoch 015 | Step 470 | lr=2.061074e-04 | loss=0.000081
Epoch 015 | Step 480 | lr=2.061074e-04 | loss=0.000078
Epoch 015 | Step 490 | lr=2.061074e-04 | loss=0.000075
Epoch 015 | Step 500 | lr=2.061074e-04 | loss=0.000079
Epoch 015 | Step 510 | lr=2.061074e-04 | loss=0.000081
Epoch 015 | Step 520 | lr=2.061074e-04 | loss=0.000082
Epoch 015 | Step 530 | lr=2.061074e-04 | loss=0.000082
Epoch 015 | Step 540 | lr=2.061074e-04 | loss=0.000083
Epoch 015 | Step 550 | lr=2.061074e-04 | loss=0.000080
Epoch 015 | Step 560 | lr=2.061074e-04 | loss=0.000083
Epoch 015 | Step 570 | lr=2.061074e-04 | loss=0.000081
Epoch 015 | Step 580 | lr=2.061074e-04 | loss=0.000081
Epoch 015 | Step 590 | lr=2.061074e-04 | loss=0.000075
Epoch 015 | Step 600 | lr=2.061074e-04 | loss=0.000081
Epoch 015 | Step 610 | lr=2.061074e-04 | loss=0.000084
Epoch 015 | Step 620 | lr=2.061074e-04 | loss=0.000081
Epoch 015 | Step 630 | lr=2.061074e-04 | loss=0.000083
Epoch 015 | Step 640 | lr=2.061074e-04 | loss=0.000079
Epoch 015 | Step 650 | lr=2.061074e-04 | loss=0.000081
Epoch 015 | Step 660 | lr=2.061074e-04 | loss=0.000086
Epoch 015 | Step 670 | lr=2.061074e-04 | loss=0.000081
Epoch 015 | Step 680 | lr=2.061074e-04 | loss=0.000081
Epoch 015 | Step 690 | lr=2.061074e-04 | loss=0.000083
Epoch 015 | Step 700 | lr=2.061074e-04 | loss=0.000084
Epoch 015 | Step 710 | lr=2.061074e-04 | loss=0.000083
Epoch 015 | Step 720 | lr=2.061074e-04 | loss=0.000081
Epoch 015 | Step 730 | lr=2.061074e-04 | loss=0.000084
Epoch 015 | Step 740 | lr=2.061074e-04 | loss=0.000091
Epoch 015 | Step 750 | lr=2.061074e-04 | loss=0.000081
Epoch 015 | Step 760 | lr=2.061074e-04 | loss=0.000080
Epoch 015 | Step 770 | lr=2.061074e-04 | loss=0.000081
Epoch 015 | Step 780 | lr=2.061074e-04 | loss=0.000080
Epoch 015 | Step 790 | lr=2.061074e-04 | loss=0.000077
Epoch 015 | Step 800 | lr=2.061074e-04 | loss=0.000081
Epoch 015 | Step 810 | lr=2.061074e-04 | loss=0.000077
Epoch 015 | Step 820 | lr=2.061074e-04 | loss=0.000081
Epoch 015 | Step 830 | lr=2.061074e-04 | loss=0.000079
Epoch 015 | Step 840 | lr=2.061074e-04 | loss=0.000082
Epoch 015 | Step 850 | lr=2.061074e-04 | loss=0.000081
Epoch 015 | Step 860 | lr=2.061074e-04 | loss=0.000084
Epoch 015 | Step 870 | lr=2.061074e-04 | loss=0.000083
Epoch 015 | Step 880 | lr=2.061074e-04 | loss=0.000079
Epoch 015 | Step 890 | lr=2.061074e-04 | loss=0.000082
Epoch 015 | Step 900 | lr=2.061074e-04 | loss=0.000080
Epoch 015 | Step 910 | lr=2.061074e-04 | loss=0.000082
Epoch 015 | Step 920 | lr=2.061074e-04 | loss=0.000086
Epoch 015 | Step 930 | lr=2.061074e-04 | loss=0.000079
Epoch 015 | Step 940 | lr=2.061074e-04 | loss=0.000076
Epoch 015 | Step 950 | lr=2.061074e-04 | loss=0.000077
Epoch 015 | Step 960 | lr=2.061074e-04 | loss=0.000083
epoch 015 | train_kld=0.000081 | val_kld=0.000080 | val_mae=0.002596 | val_mse=0.000080 | ord_acc@10=0.3233 | recall@10=0.8308
Epoch 016 | Step 10 | lr=1.464466e-04 | loss=0.000080
Epoch 016 | Step 20 | lr=1.464466e-04 | loss=0.000079
Epoch 016 | Step 30 | lr=1.464466e-04 | loss=0.000078
Epoch 016 | Step 40 | lr=1.464466e-04 | loss=0.000076
Epoch 016 | Step 50 | lr=1.464466e-04 | loss=0.000080
Epoch 016 | Step 60 | lr=1.464466e-04 | loss=0.000075
Epoch 016 | Step 70 | lr=1.464466e-04 | loss=0.000079
Epoch 016 | Step 80 | lr=1.464466e-04 | loss=0.000079
Epoch 016 | Step 90 | lr=1.464466e-04 | loss=0.000078
Epoch 016 | Step 100 | lr=1.464466e-04 | loss=0.000079
Epoch 016 | Step 110 | lr=1.464466e-04 | loss=0.000077
Epoch 016 | Step 120 | lr=1.464466e-04 | loss=0.000080
Epoch 016 | Step 130 | lr=1.464466e-04 | loss=0.000082
Epoch 016 | Step 140 | lr=1.464466e-04 | loss=0.000075
Epoch 016 | Step 150 | lr=1.464466e-04 | loss=0.000079
Epoch 016 | Step 160 | lr=1.464466e-04 | loss=0.000077
Epoch 016 | Step 170 | lr=1.464466e-04 | loss=0.000080
Epoch 016 | Step 180 | lr=1.464466e-04 | loss=0.000075
Epoch 016 | Step 190 | lr=1.464466e-04 | loss=0.000079
Epoch 016 | Step 200 | lr=1.464466e-04 | loss=0.000078
Epoch 016 | Step 210 | lr=1.464466e-04 | loss=0.000076
Epoch 016 | Step 220 | lr=1.464466e-04 | loss=0.000079
Epoch 016 | Step 230 | lr=1.464466e-04 | loss=0.000082
Epoch 016 | Step 240 | lr=1.464466e-04 | loss=0.000077
Epoch 016 | Step 250 | lr=1.464466e-04 | loss=0.000084
Epoch 016 | Step 260 | lr=1.464466e-04 | loss=0.000078
Epoch 016 | Step 270 | lr=1.464466e-04 | loss=0.000075
Epoch 016 | Step 280 | lr=1.464466e-04 | loss=0.000084
Epoch 016 | Step 290 | lr=1.464466e-04 | loss=0.000075
Epoch 016 | Step 300 | lr=1.464466e-04 | loss=0.000076
Epoch 016 | Step 310 | lr=1.464466e-04 | loss=0.000079
Epoch 016 | Step 320 | lr=1.464466e-04 | loss=0.000075
Epoch 016 | Step 330 | lr=1.464466e-04 | loss=0.000079
Epoch 016 | Step 340 | lr=1.464466e-04 | loss=0.000078
Epoch 016 | Step 350 | lr=1.464466e-04 | loss=0.000076
Epoch 016 | Step 360 | lr=1.464466e-04 | loss=0.000079
Epoch 016 | Step 370 | lr=1.464466e-04 | loss=0.000076
Epoch 016 | Step 380 | lr=1.464466e-04 | loss=0.000076
Epoch 016 | Step 390 | lr=1.464466e-04 | loss=0.000076
Epoch 016 | Step 400 | lr=1.464466e-04 | loss=0.000076
Epoch 016 | Step 410 | lr=1.464466e-04 | loss=0.000076
Epoch 016 | Step 420 | lr=1.464466e-04 | loss=0.000078
Epoch 016 | Step 430 | lr=1.464466e-04 | loss=0.000077
Epoch 016 | Step 440 | lr=1.464466e-04 | loss=0.000077
Epoch 016 | Step 450 | lr=1.464466e-04 | loss=0.000077
Epoch 016 | Step 460 | lr=1.464466e-04 | loss=0.000074
Epoch 016 | Step 470 | lr=1.464466e-04 | loss=0.000076
Epoch 016 | Step 480 | lr=1.464466e-04 | loss=0.000077
Epoch 016 | Step 490 | lr=1.464466e-04 | loss=0.000078
Epoch 016 | Step 500 | lr=1.464466e-04 | loss=0.000081
Epoch 016 | Step 510 | lr=1.464466e-04 | loss=0.000078
Epoch 016 | Step 520 | lr=1.464466e-04 | loss=0.000073
Epoch 016 | Step 530 | lr=1.464466e-04 | loss=0.000078
Epoch 016 | Step 540 | lr=1.464466e-04 | loss=0.000076
Epoch 016 | Step 550 | lr=1.464466e-04 | loss=0.000075
Epoch 016 | Step 560 | lr=1.464466e-04 | loss=0.000080
Epoch 016 | Step 570 | lr=1.464466e-04 | loss=0.000078
Epoch 016 | Step 580 | lr=1.464466e-04 | loss=0.000079
Epoch 016 | Step 590 | lr=1.464466e-04 | loss=0.000079
Epoch 016 | Step 600 | lr=1.464466e-04 | loss=0.000078
Epoch 016 | Step 610 | lr=1.464466e-04 | loss=0.000078
Epoch 016 | Step 620 | lr=1.464466e-04 | loss=0.000078
Epoch 016 | Step 630 | lr=1.464466e-04 | loss=0.000076
Epoch 016 | Step 640 | lr=1.464466e-04 | loss=0.000077
Epoch 016 | Step 650 | lr=1.464466e-04 | loss=0.000078
Epoch 016 | Step 660 | lr=1.464466e-04 | loss=0.000077
Epoch 016 | Step 670 | lr=1.464466e-04 | loss=0.000076
Epoch 016 | Step 680 | lr=1.464466e-04 | loss=0.000077
Epoch 016 | Step 690 | lr=1.464466e-04 | loss=0.000077
Epoch 016 | Step 700 | lr=1.464466e-04 | loss=0.000078
Epoch 016 | Step 710 | lr=1.464466e-04 | loss=0.000078
Epoch 016 | Step 720 | lr=1.464466e-04 | loss=0.000077
Epoch 016 | Step 730 | lr=1.464466e-04 | loss=0.000078
Epoch 016 | Step 740 | lr=1.464466e-04 | loss=0.000076
Epoch 016 | Step 750 | lr=1.464466e-04 | loss=0.000079
Epoch 016 | Step 760 | lr=1.464466e-04 | loss=0.000078
Epoch 016 | Step 770 | lr=1.464466e-04 | loss=0.000079
Epoch 016 | Step 780 | lr=1.464466e-04 | loss=0.000080
Epoch 016 | Step 790 | lr=1.464466e-04 | loss=0.000083
Epoch 016 | Step 800 | lr=1.464466e-04 | loss=0.000077
Epoch 016 | Step 810 | lr=1.464466e-04 | loss=0.000080
Epoch 016 | Step 820 | lr=1.464466e-04 | loss=0.000079
Epoch 016 | Step 830 | lr=1.464466e-04 | loss=0.000076
Epoch 016 | Step 840 | lr=1.464466e-04 | loss=0.000076
Epoch 016 | Step 850 | lr=1.464466e-04 | loss=0.000080
Epoch 016 | Step 860 | lr=1.464466e-04 | loss=0.000082
Epoch 016 | Step 870 | lr=1.464466e-04 | loss=0.000077
Epoch 016 | Step 880 | lr=1.464466e-04 | loss=0.000077
Epoch 016 | Step 890 | lr=1.464466e-04 | loss=0.000080
Epoch 016 | Step 900 | lr=1.464466e-04 | loss=0.000080
Epoch 016 | Step 910 | lr=1.464466e-04 | loss=0.000078
Epoch 016 | Step 920 | lr=1.464466e-04 | loss=0.000080
Epoch 016 | Step 930 | lr=1.464466e-04 | loss=0.000080
Epoch 016 | Step 940 | lr=1.464466e-04 | loss=0.000086
Epoch 016 | Step 950 | lr=1.464466e-04 | loss=0.000081
Epoch 016 | Step 960 | lr=1.464466e-04 | loss=0.000082
epoch 016 | train_kld=0.000078 | val_kld=0.000078 | val_mae=0.002583 | val_mse=0.000078 | ord_acc@10=0.3236 | recall@10=0.8318
Epoch 017 | Step 10 | lr=9.549150e-05 | loss=0.000077
Epoch 017 | Step 20 | lr=9.549150e-05 | loss=0.000077
Epoch 017 | Step 30 | lr=9.549150e-05 | loss=0.000075
Epoch 017 | Step 40 | lr=9.549150e-05 | loss=0.000078
Epoch 017 | Step 50 | lr=9.549150e-05 | loss=0.000076
Epoch 017 | Step 60 | lr=9.549150e-05 | loss=0.000077
Epoch 017 | Step 70 | lr=9.549150e-05 | loss=0.000078
Epoch 017 | Step 80 | lr=9.549150e-05 | loss=0.000079
Epoch 017 | Step 90 | lr=9.549150e-05 | loss=0.000077
Epoch 017 | Step 100 | lr=9.549150e-05 | loss=0.000074
Epoch 017 | Step 110 | lr=9.549150e-05 | loss=0.000076
Epoch 017 | Step 120 | lr=9.549150e-05 | loss=0.000079
Epoch 017 | Step 130 | lr=9.549150e-05 | loss=0.000077
Epoch 017 | Step 140 | lr=9.549150e-05 | loss=0.000075
Epoch 017 | Step 150 | lr=9.549150e-05 | loss=0.000078
Epoch 017 | Step 160 | lr=9.549150e-05 | loss=0.000076
Epoch 017 | Step 170 | lr=9.549150e-05 | loss=0.000078
Epoch 017 | Step 180 | lr=9.549150e-05 | loss=0.000076
Epoch 017 | Step 190 | lr=9.549150e-05 | loss=0.000075
Epoch 017 | Step 200 | lr=9.549150e-05 | loss=0.000079
Epoch 017 | Step 210 | lr=9.549150e-05 | loss=0.000076
Epoch 017 | Step 220 | lr=9.549150e-05 | loss=0.000075
Epoch 017 | Step 230 | lr=9.549150e-05 | loss=0.000078
Epoch 017 | Step 240 | lr=9.549150e-05 | loss=0.000076
Epoch 017 | Step 250 | lr=9.549150e-05 | loss=0.000077
Epoch 017 | Step 260 | lr=9.549150e-05 | loss=0.000077
Epoch 017 | Step 270 | lr=9.549150e-05 | loss=0.000077
Epoch 017 | Step 280 | lr=9.549150e-05 | loss=0.000077
Epoch 017 | Step 290 | lr=9.549150e-05 | loss=0.000076
Epoch 017 | Step 300 | lr=9.549150e-05 | loss=0.000081
Epoch 017 | Step 310 | lr=9.549150e-05 | loss=0.000077
Epoch 017 | Step 320 | lr=9.549150e-05 | loss=0.000080
Epoch 017 | Step 330 | lr=9.549150e-05 | loss=0.000072
Epoch 017 | Step 340 | lr=9.549150e-05 | loss=0.000075
Epoch 017 | Step 350 | lr=9.549150e-05 | loss=0.000074
Epoch 017 | Step 360 | lr=9.549150e-05 | loss=0.000078
Epoch 017 | Step 370 | lr=9.549150e-05 | loss=0.000073
Epoch 017 | Step 380 | lr=9.549150e-05 | loss=0.000079
Epoch 017 | Step 390 | lr=9.549150e-05 | loss=0.000076
Epoch 017 | Step 400 | lr=9.549150e-05 | loss=0.000078
Epoch 017 | Step 410 | lr=9.549150e-05 | loss=0.000076
Epoch 017 | Step 420 | lr=9.549150e-05 | loss=0.000072
Epoch 017 | Step 430 | lr=9.549150e-05 | loss=0.000079
Epoch 017 | Step 440 | lr=9.549150e-05 | loss=0.000071
Epoch 017 | Step 450 | lr=9.549150e-05 | loss=0.000076
Epoch 017 | Step 460 | lr=9.549150e-05 | loss=0.000077
Epoch 017 | Step 470 | lr=9.549150e-05 | loss=0.000073
Epoch 017 | Step 480 | lr=9.549150e-05 | loss=0.000074
Epoch 017 | Step 490 | lr=9.549150e-05 | loss=0.000075
Epoch 017 | Step 500 | lr=9.549150e-05 | loss=0.000073
Epoch 017 | Step 510 | lr=9.549150e-05 | loss=0.000077
Epoch 017 | Step 520 | lr=9.549150e-05 | loss=0.000076
Epoch 017 | Step 530 | lr=9.549150e-05 | loss=0.000076
Epoch 017 | Step 540 | lr=9.549150e-05 | loss=0.000080
Epoch 017 | Step 550 | lr=9.549150e-05 | loss=0.000078
Epoch 017 | Step 560 | lr=9.549150e-05 | loss=0.000073
Epoch 017 | Step 570 | lr=9.549150e-05 | loss=0.000078
Epoch 017 | Step 580 | lr=9.549150e-05 | loss=0.000077
Epoch 017 | Step 590 | lr=9.549150e-05 | loss=0.000075
Epoch 017 | Step 600 | lr=9.549150e-05 | loss=0.000076
Epoch 017 | Step 610 | lr=9.549150e-05 | loss=0.000077
Epoch 017 | Step 620 | lr=9.549150e-05 | loss=0.000077
Epoch 017 | Step 630 | lr=9.549150e-05 | loss=0.000077
Epoch 017 | Step 640 | lr=9.549150e-05 | loss=0.000078
Epoch 017 | Step 650 | lr=9.549150e-05 | loss=0.000075
Epoch 017 | Step 660 | lr=9.549150e-05 | loss=0.000080
Epoch 017 | Step 670 | lr=9.549150e-05 | loss=0.000071
Epoch 017 | Step 680 | lr=9.549150e-05 | loss=0.000074
Epoch 017 | Step 690 | lr=9.549150e-05 | loss=0.000074
Epoch 017 | Step 700 | lr=9.549150e-05 | loss=0.000076
Epoch 017 | Step 710 | lr=9.549150e-05 | loss=0.000076
Epoch 017 | Step 720 | lr=9.549150e-05 | loss=0.000075
Epoch 017 | Step 730 | lr=9.549150e-05 | loss=0.000078
Epoch 017 | Step 740 | lr=9.549150e-05 | loss=0.000075
Epoch 017 | Step 750 | lr=9.549150e-05 | loss=0.000081
Epoch 017 | Step 760 | lr=9.549150e-05 | loss=0.000073
Epoch 017 | Step 770 | lr=9.549150e-05 | loss=0.000077
Epoch 017 | Step 780 | lr=9.549150e-05 | loss=0.000079
Epoch 017 | Step 790 | lr=9.549150e-05 | loss=0.000078
Epoch 017 | Step 800 | lr=9.549150e-05 | loss=0.000078
Epoch 017 | Step 810 | lr=9.549150e-05 | loss=0.000076
Epoch 017 | Step 820 | lr=9.549150e-05 | loss=0.000076
Epoch 017 | Step 830 | lr=9.549150e-05 | loss=0.000077
Epoch 017 | Step 840 | lr=9.549150e-05 | loss=0.000075
Epoch 017 | Step 850 | lr=9.549150e-05 | loss=0.000076
Epoch 017 | Step 860 | lr=9.549150e-05 | loss=0.000074
Epoch 017 | Step 870 | lr=9.549150e-05 | loss=0.000076
Epoch 017 | Step 880 | lr=9.549150e-05 | loss=0.000075
Epoch 017 | Step 890 | lr=9.549150e-05 | loss=0.000073
Epoch 017 | Step 900 | lr=9.549150e-05 | loss=0.000080
Epoch 017 | Step 910 | lr=9.549150e-05 | loss=0.000074
Epoch 017 | Step 920 | lr=9.549150e-05 | loss=0.000077
Epoch 017 | Step 930 | lr=9.549150e-05 | loss=0.000079
Epoch 017 | Step 940 | lr=9.549150e-05 | loss=0.000077
Epoch 017 | Step 950 | lr=9.549150e-05 | loss=0.000080
Epoch 017 | Step 960 | lr=9.549150e-05 | loss=0.000090
epoch 017 | train_kld=0.000076 | val_kld=0.000077 | val_mae=0.002570 | val_mse=0.000077 | ord_acc@10=0.3247 | recall@10=0.8306
Epoch 018 | Step 10 | lr=5.449674e-05 | loss=0.000076
Epoch 018 | Step 20 | lr=5.449674e-05 | loss=0.000073
Epoch 018 | Step 30 | lr=5.449674e-05 | loss=0.000073
Epoch 018 | Step 40 | lr=5.449674e-05 | loss=0.000073
Epoch 018 | Step 50 | lr=5.449674e-05 | loss=0.000072
Epoch 018 | Step 60 | lr=5.449674e-05 | loss=0.000073
Epoch 018 | Step 70 | lr=5.449674e-05 | loss=0.000076
Epoch 018 | Step 80 | lr=5.449674e-05 | loss=0.000076
Epoch 018 | Step 90 | lr=5.449674e-05 | loss=0.000075
Epoch 018 | Step 100 | lr=5.449674e-05 | loss=0.000073
Epoch 018 | Step 110 | lr=5.449674e-05 | loss=0.000072
Epoch 018 | Step 120 | lr=5.449674e-05 | loss=0.000079
Epoch 018 | Step 130 | lr=5.449674e-05 | loss=0.000074
Epoch 018 | Step 140 | lr=5.449674e-05 | loss=0.000075
Epoch 018 | Step 150 | lr=5.449674e-05 | loss=0.000073
Epoch 018 | Step 160 | lr=5.449674e-05 | loss=0.000074
Epoch 018 | Step 170 | lr=5.449674e-05 | loss=0.000075
Epoch 018 | Step 180 | lr=5.449674e-05 | loss=0.000073
Epoch 018 | Step 190 | lr=5.449674e-05 | loss=0.000074
Epoch 018 | Step 200 | lr=5.449674e-05 | loss=0.000070
Epoch 018 | Step 210 | lr=5.449674e-05 | loss=0.000078
Epoch 018 | Step 220 | lr=5.449674e-05 | loss=0.000075
Epoch 018 | Step 230 | lr=5.449674e-05 | loss=0.000078
Epoch 018 | Step 240 | lr=5.449674e-05 | loss=0.000072
Epoch 018 | Step 250 | lr=5.449674e-05 | loss=0.000072
Epoch 018 | Step 260 | lr=5.449674e-05 | loss=0.000074
Epoch 018 | Step 270 | lr=5.449674e-05 | loss=0.000073
Epoch 018 | Step 280 | lr=5.449674e-05 | loss=0.000085
Epoch 018 | Step 290 | lr=5.449674e-05 | loss=0.000073
Epoch 018 | Step 300 | lr=5.449674e-05 | loss=0.000076
Epoch 018 | Step 310 | lr=5.449674e-05 | loss=0.000075
Epoch 018 | Step 320 | lr=5.449674e-05 | loss=0.000075
Epoch 018 | Step 330 | lr=5.449674e-05 | loss=0.000075
Epoch 018 | Step 340 | lr=5.449674e-05 | loss=0.000076
Epoch 018 | Step 350 | lr=5.449674e-05 | loss=0.000076
Epoch 018 | Step 360 | lr=5.449674e-05 | loss=0.000076
Epoch 018 | Step 370 | lr=5.449674e-05 | loss=0.000076
Epoch 018 | Step 380 | lr=5.449674e-05 | loss=0.000075
Epoch 018 | Step 390 | lr=5.449674e-05 | loss=0.000073
Epoch 018 | Step 400 | lr=5.449674e-05 | loss=0.000076
Epoch 018 | Step 410 | lr=5.449674e-05 | loss=0.000075
Epoch 018 | Step 420 | lr=5.449674e-05 | loss=0.000076
Epoch 018 | Step 430 | lr=5.449674e-05 | loss=0.000076
Epoch 018 | Step 440 | lr=5.449674e-05 | loss=0.000073
Epoch 018 | Step 450 | lr=5.449674e-05 | loss=0.000073
Epoch 018 | Step 460 | lr=5.449674e-05 | loss=0.000074
Epoch 018 | Step 470 | lr=5.449674e-05 | loss=0.000077
Epoch 018 | Step 480 | lr=5.449674e-05 | loss=0.000076
Epoch 018 | Step 490 | lr=5.449674e-05 | loss=0.000072
Epoch 018 | Step 500 | lr=5.449674e-05 | loss=0.000074
Epoch 018 | Step 510 | lr=5.449674e-05 | loss=0.000075
Epoch 018 | Step 520 | lr=5.449674e-05 | loss=0.000077
Epoch 018 | Step 530 | lr=5.449674e-05 | loss=0.000069
Epoch 018 | Step 540 | lr=5.449674e-05 | loss=0.000072
Epoch 018 | Step 550 | lr=5.449674e-05 | loss=0.000075
Epoch 018 | Step 560 | lr=5.449674e-05 | loss=0.000077
Epoch 018 | Step 570 | lr=5.449674e-05 | loss=0.000071
Epoch 018 | Step 580 | lr=5.449674e-05 | loss=0.000075
Epoch 018 | Step 590 | lr=5.449674e-05 | loss=0.000081
Epoch 018 | Step 600 | lr=5.449674e-05 | loss=0.000072
Epoch 018 | Step 610 | lr=5.449674e-05 | loss=0.000075
Epoch 018 | Step 620 | lr=5.449674e-05 | loss=0.000074
Epoch 018 | Step 630 | lr=5.449674e-05 | loss=0.000073
Epoch 018 | Step 640 | lr=5.449674e-05 | loss=0.000076
Epoch 018 | Step 650 | lr=5.449674e-05 | loss=0.000077
Epoch 018 | Step 660 | lr=5.449674e-05 | loss=0.000073
Epoch 018 | Step 670 | lr=5.449674e-05 | loss=0.000075
Epoch 018 | Step 680 | lr=5.449674e-05 | loss=0.000075
Epoch 018 | Step 690 | lr=5.449674e-05 | loss=0.000071
Epoch 018 | Step 700 | lr=5.449674e-05 | loss=0.000074
Epoch 018 | Step 710 | lr=5.449674e-05 | loss=0.000076
Epoch 018 | Step 720 | lr=5.449674e-05 | loss=0.000075
Epoch 018 | Step 730 | lr=5.449674e-05 | loss=0.000078
Epoch 018 | Step 740 | lr=5.449674e-05 | loss=0.000075
Epoch 018 | Step 750 | lr=5.449674e-05 | loss=0.000073
Epoch 018 | Step 760 | lr=5.449674e-05 | loss=0.000074
Epoch 018 | Step 770 | lr=5.449674e-05 | loss=0.000075
Epoch 018 | Step 780 | lr=5.449674e-05 | loss=0.000074
Epoch 018 | Step 790 | lr=5.449674e-05 | loss=0.000074
Epoch 018 | Step 800 | lr=5.449674e-05 | loss=0.000074
Epoch 018 | Step 810 | lr=5.449674e-05 | loss=0.000077
Epoch 018 | Step 820 | lr=5.449674e-05 | loss=0.000070
Epoch 018 | Step 830 | lr=5.449674e-05 | loss=0.000074
Epoch 018 | Step 840 | lr=5.449674e-05 | loss=0.000074
Epoch 018 | Step 850 | lr=5.449674e-05 | loss=0.000075
Epoch 018 | Step 860 | lr=5.449674e-05 | loss=0.000075
Epoch 018 | Step 870 | lr=5.449674e-05 | loss=0.000079
Epoch 018 | Step 880 | lr=5.449674e-05 | loss=0.000072
Epoch 018 | Step 890 | lr=5.449674e-05 | loss=0.000073
Epoch 018 | Step 900 | lr=5.449674e-05 | loss=0.000075
Epoch 018 | Step 910 | lr=5.449674e-05 | loss=0.000076
Epoch 018 | Step 920 | lr=5.449674e-05 | loss=0.000074
Epoch 018 | Step 930 | lr=5.449674e-05 | loss=0.000073
Epoch 018 | Step 940 | lr=5.449674e-05 | loss=0.000071
Epoch 018 | Step 950 | lr=5.449674e-05 | loss=0.000074
Epoch 018 | Step 960 | lr=5.449674e-05 | loss=0.000074
epoch 018 | train_kld=0.000075 | val_kld=0.000075 | val_mae=0.002555 | val_mse=0.000075 | ord_acc@10=0.3271 | recall@10=0.8314
Epoch 019 | Step 10 | lr=2.447174e-05 | loss=0.000073
Epoch 019 | Step 20 | lr=2.447174e-05 | loss=0.000071
Epoch 019 | Step 30 | lr=2.447174e-05 | loss=0.000076
Epoch 019 | Step 40 | lr=2.447174e-05 | loss=0.000074
Epoch 019 | Step 50 | lr=2.447174e-05 | loss=0.000074
Epoch 019 | Step 60 | lr=2.447174e-05 | loss=0.000071
Epoch 019 | Step 70 | lr=2.447174e-05 | loss=0.000073
Epoch 019 | Step 80 | lr=2.447174e-05 | loss=0.000071
Epoch 019 | Step 90 | lr=2.447174e-05 | loss=0.000073
Epoch 019 | Step 100 | lr=2.447174e-05 | loss=0.000075
Epoch 019 | Step 110 | lr=2.447174e-05 | loss=0.000072
Epoch 019 | Step 120 | lr=2.447174e-05 | loss=0.000080
Epoch 019 | Step 130 | lr=2.447174e-05 | loss=0.000073
Epoch 019 | Step 140 | lr=2.447174e-05 | loss=0.000073
Epoch 019 | Step 150 | lr=2.447174e-05 | loss=0.000072
Epoch 019 | Step 160 | lr=2.447174e-05 | loss=0.000073
Epoch 019 | Step 170 | lr=2.447174e-05 | loss=0.000072
Epoch 019 | Step 180 | lr=2.447174e-05 | loss=0.000073
Epoch 019 | Step 190 | lr=2.447174e-05 | loss=0.000072
Epoch 019 | Step 200 | lr=2.447174e-05 | loss=0.000074
Epoch 019 | Step 210 | lr=2.447174e-05 | loss=0.000070
Epoch 019 | Step 220 | lr=2.447174e-05 | loss=0.000074
Epoch 019 | Step 230 | lr=2.447174e-05 | loss=0.000072
Epoch 019 | Step 240 | lr=2.447174e-05 | loss=0.000076
Epoch 019 | Step 250 | lr=2.447174e-05 | loss=0.000074
Epoch 019 | Step 260 | lr=2.447174e-05 | loss=0.000076
Epoch 019 | Step 270 | lr=2.447174e-05 | loss=0.000073
Epoch 019 | Step 280 | lr=2.447174e-05 | loss=0.000074
Epoch 019 | Step 290 | lr=2.447174e-05 | loss=0.000070
Epoch 019 | Step 300 | lr=2.447174e-05 | loss=0.000076
Epoch 019 | Step 310 | lr=2.447174e-05 | loss=0.000076
Epoch 019 | Step 320 | lr=2.447174e-05 | loss=0.000072
Epoch 019 | Step 330 | lr=2.447174e-05 | loss=0.000071
Epoch 019 | Step 340 | lr=2.447174e-05 | loss=0.000074
Epoch 019 | Step 350 | lr=2.447174e-05 | loss=0.000073
Epoch 019 | Step 360 | lr=2.447174e-05 | loss=0.000076
Epoch 019 | Step 370 | lr=2.447174e-05 | loss=0.000076
Epoch 019 | Step 380 | lr=2.447174e-05 | loss=0.000075
Epoch 019 | Step 390 | lr=2.447174e-05 | loss=0.000075
Epoch 019 | Step 400 | lr=2.447174e-05 | loss=0.000076
Epoch 019 | Step 410 | lr=2.447174e-05 | loss=0.000071
Epoch 019 | Step 420 | lr=2.447174e-05 | loss=0.000073
Epoch 019 | Step 430 | lr=2.447174e-05 | loss=0.000076
Epoch 019 | Step 440 | lr=2.447174e-05 | loss=0.000075
Epoch 019 | Step 450 | lr=2.447174e-05 | loss=0.000069
Epoch 019 | Step 460 | lr=2.447174e-05 | loss=0.000071
Epoch 019 | Step 470 | lr=2.447174e-05 | loss=0.000074
Epoch 019 | Step 480 | lr=2.447174e-05 | loss=0.000071
Epoch 019 | Step 490 | lr=2.447174e-05 | loss=0.000078
Epoch 019 | Step 500 | lr=2.447174e-05 | loss=0.000075
Epoch 019 | Step 510 | lr=2.447174e-05 | loss=0.000072
Epoch 019 | Step 520 | lr=2.447174e-05 | loss=0.000074
Epoch 019 | Step 530 | lr=2.447174e-05 | loss=0.000074
Epoch 019 | Step 540 | lr=2.447174e-05 | loss=0.000074
Epoch 019 | Step 550 | lr=2.447174e-05 | loss=0.000080
Epoch 019 | Step 560 | lr=2.447174e-05 | loss=0.000075
Epoch 019 | Step 570 | lr=2.447174e-05 | loss=0.000073
Epoch 019 | Step 580 | lr=2.447174e-05 | loss=0.000073
Epoch 019 | Step 590 | lr=2.447174e-05 | loss=0.000072
Epoch 019 | Step 600 | lr=2.447174e-05 | loss=0.000071
Epoch 019 | Step 610 | lr=2.447174e-05 | loss=0.000073
Epoch 019 | Step 620 | lr=2.447174e-05 | loss=0.000074
Epoch 019 | Step 630 | lr=2.447174e-05 | loss=0.000075
Epoch 019 | Step 640 | lr=2.447174e-05 | loss=0.000074
Epoch 019 | Step 650 | lr=2.447174e-05 | loss=0.000075
Epoch 019 | Step 660 | lr=2.447174e-05 | loss=0.000074
Epoch 019 | Step 670 | lr=2.447174e-05 | loss=0.000071
Epoch 019 | Step 680 | lr=2.447174e-05 | loss=0.000074
Epoch 019 | Step 690 | lr=2.447174e-05 | loss=0.000074
Epoch 019 | Step 700 | lr=2.447174e-05 | loss=0.000080
Epoch 019 | Step 710 | lr=2.447174e-05 | loss=0.000078
Epoch 019 | Step 720 | lr=2.447174e-05 | loss=0.000076
Epoch 019 | Step 730 | lr=2.447174e-05 | loss=0.000075
Epoch 019 | Step 740 | lr=2.447174e-05 | loss=0.000072
Epoch 019 | Step 750 | lr=2.447174e-05 | loss=0.000073
Epoch 019 | Step 760 | lr=2.447174e-05 | loss=0.000074
Epoch 019 | Step 770 | lr=2.447174e-05 | loss=0.000074
Epoch 019 | Step 780 | lr=2.447174e-05 | loss=0.000074
Epoch 019 | Step 790 | lr=2.447174e-05 | loss=0.000074
Epoch 019 | Step 800 | lr=2.447174e-05 | loss=0.000075
Epoch 019 | Step 810 | lr=2.447174e-05 | loss=0.000069
Epoch 019 | Step 820 | lr=2.447174e-05 | loss=0.000075
Epoch 019 | Step 830 | lr=2.447174e-05 | loss=0.000075
Epoch 019 | Step 840 | lr=2.447174e-05 | loss=0.000074
Epoch 019 | Step 850 | lr=2.447174e-05 | loss=0.000074
Epoch 019 | Step 860 | lr=2.447174e-05 | loss=0.000074
Epoch 019 | Step 870 | lr=2.447174e-05 | loss=0.000075
Epoch 019 | Step 880 | lr=2.447174e-05 | loss=0.000073
Epoch 019 | Step 890 | lr=2.447174e-05 | loss=0.000075
Epoch 019 | Step 900 | lr=2.447174e-05 | loss=0.000072
Epoch 019 | Step 910 | lr=2.447174e-05 | loss=0.000072
Epoch 019 | Step 920 | lr=2.447174e-05 | loss=0.000075
Epoch 019 | Step 930 | lr=2.447174e-05 | loss=0.000076
Epoch 019 | Step 940 | lr=2.447174e-05 | loss=0.000074
Epoch 019 | Step 950 | lr=2.447174e-05 | loss=0.000074
Epoch 019 | Step 960 | lr=2.447174e-05 | loss=0.000073
epoch 019 | train_kld=0.000074 | val_kld=0.000075 | val_mae=0.002536 | val_mse=0.000075 | ord_acc@10=0.3265 | recall@10=0.8325
Epoch 020 | Step 10 | lr=6.155830e-06 | loss=0.000074
Epoch 020 | Step 20 | lr=6.155830e-06 | loss=0.000073
Epoch 020 | Step 30 | lr=6.155830e-06 | loss=0.000069
Epoch 020 | Step 40 | lr=6.155830e-06 | loss=0.000073
Epoch 020 | Step 50 | lr=6.155830e-06 | loss=0.000072
Epoch 020 | Step 60 | lr=6.155830e-06 | loss=0.000069
Epoch 020 | Step 70 | lr=6.155830e-06 | loss=0.000072
Epoch 020 | Step 80 | lr=6.155830e-06 | loss=0.000072
Epoch 020 | Step 90 | lr=6.155830e-06 | loss=0.000071
Epoch 020 | Step 100 | lr=6.155830e-06 | loss=0.000076
Epoch 020 | Step 110 | lr=6.155830e-06 | loss=0.000069
Epoch 020 | Step 120 | lr=6.155830e-06 | loss=0.000072
Epoch 020 | Step 130 | lr=6.155830e-06 | loss=0.000074
Epoch 020 | Step 140 | lr=6.155830e-06 | loss=0.000072
Epoch 020 | Step 150 | lr=6.155830e-06 | loss=0.000072
Epoch 020 | Step 160 | lr=6.155830e-06 | loss=0.000073
Epoch 020 | Step 170 | lr=6.155830e-06 | loss=0.000075
Epoch 020 | Step 180 | lr=6.155830e-06 | loss=0.000072
Epoch 020 | Step 190 | lr=6.155830e-06 | loss=0.000072
Epoch 020 | Step 200 | lr=6.155830e-06 | loss=0.000074
Epoch 020 | Step 210 | lr=6.155830e-06 | loss=0.000074
Epoch 020 | Step 220 | lr=6.155830e-06 | loss=0.000071
Epoch 020 | Step 230 | lr=6.155830e-06 | loss=0.000076
Epoch 020 | Step 240 | lr=6.155830e-06 | loss=0.000071
Epoch 020 | Step 250 | lr=6.155830e-06 | loss=0.000075
Epoch 020 | Step 260 | lr=6.155830e-06 | loss=0.000071
Epoch 020 | Step 270 | lr=6.155830e-06 | loss=0.000070
Epoch 020 | Step 280 | lr=6.155830e-06 | loss=0.000072
Epoch 020 | Step 290 | lr=6.155830e-06 | loss=0.000077
Epoch 020 | Step 300 | lr=6.155830e-06 | loss=0.000069
Epoch 020 | Step 310 | lr=6.155830e-06 | loss=0.000073
Epoch 020 | Step 320 | lr=6.155830e-06 | loss=0.000074
Epoch 020 | Step 330 | lr=6.155830e-06 | loss=0.000070
Epoch 020 | Step 340 | lr=6.155830e-06 | loss=0.000070
Epoch 020 | Step 350 | lr=6.155830e-06 | loss=0.000074
Epoch 020 | Step 360 | lr=6.155830e-06 | loss=0.000071
Epoch 020 | Step 370 | lr=6.155830e-06 | loss=0.000074
Epoch 020 | Step 380 | lr=6.155830e-06 | loss=0.000070
Epoch 020 | Step 390 | lr=6.155830e-06 | loss=0.000073
Epoch 020 | Step 400 | lr=6.155830e-06 | loss=0.000070
Epoch 020 | Step 410 | lr=6.155830e-06 | loss=0.000074
Epoch 020 | Step 420 | lr=6.155830e-06 | loss=0.000073
Epoch 020 | Step 430 | lr=6.155830e-06 | loss=0.000076
Epoch 020 | Step 440 | lr=6.155830e-06 | loss=0.000076
Epoch 020 | Step 450 | lr=6.155830e-06 | loss=0.000071
Epoch 020 | Step 460 | lr=6.155830e-06 | loss=0.000069
Epoch 020 | Step 470 | lr=6.155830e-06 | loss=0.000072
Epoch 020 | Step 480 | lr=6.155830e-06 | loss=0.000075
Epoch 020 | Step 490 | lr=6.155830e-06 | loss=0.000070
Epoch 020 | Step 500 | lr=6.155830e-06 | loss=0.000072
Epoch 020 | Step 510 | lr=6.155830e-06 | loss=0.000073
Epoch 020 | Step 520 | lr=6.155830e-06 | loss=0.000076
Epoch 020 | Step 530 | lr=6.155830e-06 | loss=0.000071
Epoch 020 | Step 540 | lr=6.155830e-06 | loss=0.000072
Epoch 020 | Step 550 | lr=6.155830e-06 | loss=0.000076
Epoch 020 | Step 560 | lr=6.155830e-06 | loss=0.000072
Epoch 020 | Step 570 | lr=6.155830e-06 | loss=0.000071
Epoch 020 | Step 580 | lr=6.155830e-06 | loss=0.000073
Epoch 020 | Step 590 | lr=6.155830e-06 | loss=0.000073
Epoch 020 | Step 600 | lr=6.155830e-06 | loss=0.000071
Epoch 020 | Step 610 | lr=6.155830e-06 | loss=0.000075
Epoch 020 | Step 620 | lr=6.155830e-06 | loss=0.000074
Epoch 020 | Step 630 | lr=6.155830e-06 | loss=0.000074
Epoch 020 | Step 640 | lr=6.155830e-06 | loss=0.000074
Epoch 020 | Step 650 | lr=6.155830e-06 | loss=0.000074
Epoch 020 | Step 660 | lr=6.155830e-06 | loss=0.000072
Epoch 020 | Step 670 | lr=6.155830e-06 | loss=0.000070
Epoch 020 | Step 680 | lr=6.155830e-06 | loss=0.000073
Epoch 020 | Step 690 | lr=6.155830e-06 | loss=0.000073
Epoch 020 | Step 700 | lr=6.155830e-06 | loss=0.000072
Epoch 020 | Step 710 | lr=6.155830e-06 | loss=0.000078
Epoch 020 | Step 720 | lr=6.155830e-06 | loss=0.000075
Epoch 020 | Step 730 | lr=6.155830e-06 | loss=0.000070
Epoch 020 | Step 740 | lr=6.155830e-06 | loss=0.000071
Epoch 020 | Step 750 | lr=6.155830e-06 | loss=0.000070
Epoch 020 | Step 760 | lr=6.155830e-06 | loss=0.000068
Epoch 020 | Step 770 | lr=6.155830e-06 | loss=0.000071
Epoch 020 | Step 780 | lr=6.155830e-06 | loss=0.000074
Epoch 020 | Step 790 | lr=6.155830e-06 | loss=0.000070
Epoch 020 | Step 800 | lr=6.155830e-06 | loss=0.000073
Epoch 020 | Step 810 | lr=6.155830e-06 | loss=0.000075
Epoch 020 | Step 820 | lr=6.155830e-06 | loss=0.000074
Epoch 020 | Step 830 | lr=6.155830e-06 | loss=0.000078
Epoch 020 | Step 840 | lr=6.155830e-06 | loss=0.000074
Epoch 020 | Step 850 | lr=6.155830e-06 | loss=0.000074
Epoch 020 | Step 860 | lr=6.155830e-06 | loss=0.000075
Epoch 020 | Step 870 | lr=6.155830e-06 | loss=0.000075
Epoch 020 | Step 880 | lr=6.155830e-06 | loss=0.000075
Epoch 020 | Step 890 | lr=6.155830e-06 | loss=0.000069
Epoch 020 | Step 900 | lr=6.155830e-06 | loss=0.000075
Epoch 020 | Step 910 | lr=6.155830e-06 | loss=0.000072
Epoch 020 | Step 920 | lr=6.155830e-06 | loss=0.000071
Epoch 020 | Step 930 | lr=6.155830e-06 | loss=0.000074
Epoch 020 | Step 940 | lr=6.155830e-06 | loss=0.000072
Epoch 020 | Step 950 | lr=6.155830e-06 | loss=0.000073
Epoch 020 | Step 960 | lr=6.155830e-06 | loss=0.000070
/mnt/hdd/xln/PycharmProjects/PredictLeafNode/src/model/cluster_dist_transformer_original.py:844: FutureWarning: You are using `torch.load` with `weights_only=False` (the current default value), which uses the default pickle module implicitly. It is possible to construct malicious pickle data which will execute arbitrary code during unpickling (See https://github.com/pytorch/pytorch/blob/main/SECURITY.md#untrusted-models for more details). In a future release, the default value for `weights_only` will be flipped to `True`. This limits the functions that could be executed during unpickling. Arbitrary objects will no longer be allowed to be loaded via this mode unless they are explicitly allowlisted by the user via `torch.serialization.add_safe_globals`. We recommend you start setting `weights_only=True` for any use case where you don't have full control of the loaded file. Please open an issue on GitHub for any issues related to this experimental feature.
  ckpt = torch.load(best_path, map_location=device)
epoch 020 | train_kld=0.000073 | val_kld=0.000074 | val_mae=0.002537 | val_mse=0.000074 | ord_acc@10=0.3290 | recall@10=0.8331
Saved epoch 1 batch metrics plot to input/Training_data/gist1M_learn/leafsize20K/F_model_d256_L4_H8_ff512_topk10_bs512_ep20_lr0.001_wd0.01_bilinear_normalizeTrue_posTrue_gatingFalse_loss_typemse_use_type_embedTrue/model_d256_L4_H8_ff512_topk10_bs512_ep20_lr0.001_wd0.01_bilinear_normalizeTrue_posTrue_gatingFalse_loss_typemse_use_type_embedTrue_epoch1_batch_metrics@10.png
Saved epoch metrics plot to input/Training_data/gist1M_learn/leafsize20K/F_model_d256_L4_H8_ff512_topk10_bs512_ep20_lr0.001_wd0.01_bilinear_normalizeTrue_posTrue_gatingFalse_loss_typemse_use_type_embedTrue/model_d256_L4_H8_ff512_topk10_bs512_ep20_lr0.001_wd0.01_bilinear_normalizeTrue_posTrue_gatingFalse_loss_typemse_use_type_embedTrue_epoch_metrics.png
best val_kld: 0.000074 at epoch 20
Loaded checkpoint from input/Training_data/gist1M_learn/leafsize20K/F_model_d256_L4_H8_ff512_topk10_bs512_ep20_lr0.001_wd0.01_bilinear_normalizeTrue_posTrue_gatingFalse_loss_typemse_use_type_embedTrue/model_d256_L4_H8_ff512_topk10_bs512_ep20_lr0.001_wd0.01_bilinear_normalizeTrue_posTrue_gatingFalse_loss_typemse_use_type_embedTrue.pt (epoch=20)
[TEST] kld=0.000076 | mae=0.002638 | mse=0.000076 | ord_acc@10=0.3129 | recall@10=0.8329
Saving model predictions to file...
Saved predictions -> input/Training_data/gist1M_learn/leafsize20K/F_model_d256_L4_H8_ff512_topk10_bs512_ep20_lr0.001_wd0.01_bilinear_normalizeTrue_posTrue_gatingFalse_loss_typemse_use_type_embedTrue/model_d256_L4_H8_ff512_topk10_bs512_ep20_lr0.001_wd0.01_bilinear_normalizeTrue_posTrue_gatingFalse_loss_typemse_use_type_embedTrue_pred.txt
