/home/xln/miniconda3/envs/elpis_torch/lib/python3.12/site-packages/torch/nn/modules/transformer.py:379: UserWarning: enable_nested_tensor is True, but self.use_nested_tensor is False because encoder_layer.norm_first was True
  warnings.warn(
Detected K=116, D=960
Using experiment ID: F
Epoch 001 | Batch 10 | val_kld=393.822839 | val_ordacc@10=0.009650 | val_recall@10=0.130544
Epoch 001 | Step 10 | lr=1.000000e-03 | loss=1361.742310
Epoch 001 | Batch 20 | val_kld=99.380510 | val_ordacc@10=0.030818 | val_recall@10=0.336725
Epoch 001 | Step 20 | lr=1.000000e-03 | loss=147.460907
Epoch 001 | Batch 30 | val_kld=35.059490 | val_ordacc@10=0.072263 | val_recall@10=0.557430
Epoch 001 | Step 30 | lr=1.000000e-03 | loss=63.587914
Epoch 001 | Batch 40 | val_kld=27.035824 | val_ordacc@10=0.089135 | val_recall@10=0.616847
Epoch 001 | Step 40 | lr=1.000000e-03 | loss=37.852386
Epoch 001 | Batch 50 | val_kld=32.795072 | val_ordacc@10=0.071845 | val_recall@10=0.582261
Epoch 001 | Step 50 | lr=1.000000e-03 | loss=43.977386
Epoch 001 | Batch 60 | val_kld=20.638701 | val_ordacc@10=0.094167 | val_recall@10=0.654427
Epoch 001 | Step 60 | lr=1.000000e-03 | loss=32.134872
Epoch 001 | Batch 70 | val_kld=26.708147 | val_ordacc@10=0.076932 | val_recall@10=0.588932
Epoch 001 | Step 70 | lr=1.000000e-03 | loss=30.043602
Epoch 001 | Batch 80 | val_kld=24.015791 | val_ordacc@10=0.080217 | val_recall@10=0.626059
Epoch 001 | Step 80 | lr=1.000000e-03 | loss=21.014618
Epoch 001 | Batch 90 | val_kld=19.380012 | val_ordacc@10=0.095446 | val_recall@10=0.658828
Epoch 001 | Step 90 | lr=1.000000e-03 | loss=25.585911
Epoch 001 | Batch 100 | val_kld=22.346765 | val_ordacc@10=0.092489 | val_recall@10=0.634858
Epoch 001 | Step 100 | lr=1.000000e-03 | loss=23.925505
Epoch 001 | Batch 110 | val_kld=25.618996 | val_ordacc@10=0.076165 | val_recall@10=0.610883
Epoch 001 | Step 110 | lr=1.000000e-03 | loss=17.468216
Epoch 001 | Batch 120 | val_kld=21.974928 | val_ordacc@10=0.090083 | val_recall@10=0.635913
Epoch 001 | Step 120 | lr=1.000000e-03 | loss=31.455748
Epoch 001 | Batch 130 | val_kld=23.767991 | val_ordacc@10=0.089378 | val_recall@10=0.636507
Epoch 001 | Step 130 | lr=1.000000e-03 | loss=19.585232
Epoch 001 | Batch 140 | val_kld=15.313396 | val_ordacc@10=0.108786 | val_recall@10=0.701414
Epoch 001 | Step 140 | lr=1.000000e-03 | loss=18.177383
Epoch 001 | Batch 150 | val_kld=14.268781 | val_ordacc@10=0.121533 | val_recall@10=0.715100
Epoch 001 | Step 150 | lr=1.000000e-03 | loss=20.767359
Epoch 001 | Batch 160 | val_kld=17.887254 | val_ordacc@10=0.102990 | val_recall@10=0.668454
Epoch 001 | Step 160 | lr=1.000000e-03 | loss=15.446149
Epoch 001 | Batch 170 | val_kld=16.897020 | val_ordacc@10=0.106637 | val_recall@10=0.688235
Epoch 001 | Step 170 | lr=1.000000e-03 | loss=22.587378
Epoch 001 | Batch 180 | val_kld=20.491281 | val_ordacc@10=0.093313 | val_recall@10=0.653895
Epoch 001 | Step 180 | lr=1.000000e-03 | loss=16.892036
Epoch 001 | Batch 190 | val_kld=17.705216 | val_ordacc@10=0.095450 | val_recall@10=0.674888
Epoch 001 | Step 190 | lr=1.000000e-03 | loss=13.854263
Epoch 001 | Batch 200 | val_kld=13.767952 | val_ordacc@10=0.118895 | val_recall@10=0.719246
Epoch 001 | Step 200 | lr=1.000000e-03 | loss=18.959095
Epoch 001 | Batch 210 | val_kld=12.724642 | val_ordacc@10=0.131396 | val_recall@10=0.731017
Epoch 001 | Step 210 | lr=1.000000e-03 | loss=20.237488
Epoch 001 | Batch 220 | val_kld=23.127051 | val_ordacc@10=0.078682 | val_recall@10=0.627399
Epoch 001 | Step 220 | lr=1.000000e-03 | loss=16.053316
Epoch 001 | Batch 230 | val_kld=16.510872 | val_ordacc@10=0.117269 | val_recall@10=0.691367
Epoch 001 | Step 230 | lr=1.000000e-03 | loss=41.227745
Epoch 001 | Batch 240 | val_kld=15.868336 | val_ordacc@10=0.116673 | val_recall@10=0.691018
Epoch 001 | Step 240 | lr=1.000000e-03 | loss=15.576554
Epoch 001 | Batch 250 | val_kld=16.789237 | val_ordacc@10=0.115582 | val_recall@10=0.693475
Epoch 001 | Step 250 | lr=1.000000e-03 | loss=14.160091
Epoch 001 | Batch 260 | val_kld=27.070840 | val_ordacc@10=0.090764 | val_recall@10=0.587136
Epoch 001 | Step 260 | lr=1.000000e-03 | loss=14.393782
Epoch 001 | Batch 270 | val_kld=21.205339 | val_ordacc@10=0.102186 | val_recall@10=0.633620
Epoch 001 | Step 270 | lr=1.000000e-03 | loss=17.940838
Epoch 001 | Batch 280 | val_kld=19.068545 | val_ordacc@10=0.108123 | val_recall@10=0.658400
Epoch 001 | Step 280 | lr=1.000000e-03 | loss=19.501987
Epoch 001 | Batch 290 | val_kld=13.935666 | val_ordacc@10=0.123096 | val_recall@10=0.715827
Epoch 001 | Step 290 | lr=1.000000e-03 | loss=14.775567
Epoch 001 | Batch 300 | val_kld=14.285202 | val_ordacc@10=0.110783 | val_recall@10=0.709778
Epoch 001 | Step 300 | lr=1.000000e-03 | loss=15.381400
Epoch 001 | Batch 310 | val_kld=21.604726 | val_ordacc@10=0.081226 | val_recall@10=0.639660
Epoch 001 | Step 310 | lr=1.000000e-03 | loss=14.169926
Epoch 001 | Batch 320 | val_kld=19.949285 | val_ordacc@10=0.103227 | val_recall@10=0.662325
Epoch 001 | Step 320 | lr=1.000000e-03 | loss=22.239254
Epoch 001 | Batch 330 | val_kld=18.071361 | val_ordacc@10=0.101519 | val_recall@10=0.668404
Epoch 001 | Step 330 | lr=1.000000e-03 | loss=17.257072
Epoch 001 | Batch 340 | val_kld=16.095636 | val_ordacc@10=0.107620 | val_recall@10=0.695279
Epoch 001 | Step 340 | lr=1.000000e-03 | loss=24.557253
Epoch 001 | Batch 350 | val_kld=12.369213 | val_ordacc@10=0.113066 | val_recall@10=0.732869
Epoch 001 | Step 350 | lr=1.000000e-03 | loss=15.657516
Epoch 001 | Batch 360 | val_kld=17.742360 | val_ordacc@10=0.089013 | val_recall@10=0.675108
Epoch 001 | Step 360 | lr=1.000000e-03 | loss=16.161785
Epoch 001 | Batch 370 | val_kld=14.549275 | val_ordacc@10=0.122361 | val_recall@10=0.709336
Epoch 001 | Step 370 | lr=1.000000e-03 | loss=16.472801
Epoch 001 | Batch 380 | val_kld=18.513436 | val_ordacc@10=0.106761 | val_recall@10=0.667326
Epoch 001 | Step 380 | lr=1.000000e-03 | loss=15.638453
Epoch 001 | Batch 390 | val_kld=15.962605 | val_ordacc@10=0.099749 | val_recall@10=0.691203
Epoch 001 | Step 390 | lr=1.000000e-03 | loss=18.476803
Epoch 001 | Batch 400 | val_kld=16.982885 | val_ordacc@10=0.107667 | val_recall@10=0.684758
Epoch 001 | Step 400 | lr=1.000000e-03 | loss=18.991898
Epoch 001 | Batch 410 | val_kld=18.892991 | val_ordacc@10=0.094400 | val_recall@10=0.661890
Epoch 001 | Step 410 | lr=1.000000e-03 | loss=18.338484
Epoch 001 | Batch 420 | val_kld=12.785099 | val_ordacc@10=0.128398 | val_recall@10=0.730234
Epoch 001 | Step 420 | lr=1.000000e-03 | loss=17.927187
Epoch 001 | Batch 430 | val_kld=14.501382 | val_ordacc@10=0.121087 | val_recall@10=0.708502
Epoch 001 | Step 430 | lr=1.000000e-03 | loss=16.910994
Epoch 001 | Batch 440 | val_kld=12.010194 | val_ordacc@10=0.131359 | val_recall@10=0.735895
Epoch 001 | Step 440 | lr=1.000000e-03 | loss=17.611105
Epoch 001 | Batch 450 | val_kld=12.779134 | val_ordacc@10=0.126224 | val_recall@10=0.727822
Epoch 001 | Step 450 | lr=1.000000e-03 | loss=14.877680
Epoch 001 | Batch 460 | val_kld=12.456483 | val_ordacc@10=0.119579 | val_recall@10=0.732330
Epoch 001 | Step 460 | lr=1.000000e-03 | loss=17.555052
Epoch 001 | Batch 470 | val_kld=13.947922 | val_ordacc@10=0.115593 | val_recall@10=0.718566
Epoch 001 | Step 470 | lr=1.000000e-03 | loss=21.067743
Epoch 001 | Batch 480 | val_kld=12.783918 | val_ordacc@10=0.124027 | val_recall@10=0.726830
Epoch 001 | Step 480 | lr=1.000000e-03 | loss=18.468485
Epoch 001 | Batch 490 | val_kld=15.655542 | val_ordacc@10=0.102631 | val_recall@10=0.699375
Epoch 001 | Step 490 | lr=1.000000e-03 | loss=19.199390
Epoch 001 | Batch 500 | val_kld=18.758457 | val_ordacc@10=0.094896 | val_recall@10=0.662804
Epoch 001 | Step 500 | lr=1.000000e-03 | loss=23.493107
Epoch 001 | Batch 510 | val_kld=28.158014 | val_ordacc@10=0.065456 | val_recall@10=0.582479
Epoch 001 | Step 510 | lr=1.000000e-03 | loss=15.891326
Epoch 001 | Batch 520 | val_kld=12.391216 | val_ordacc@10=0.118334 | val_recall@10=0.731781
Epoch 001 | Step 520 | lr=1.000000e-03 | loss=12.166227
Epoch 001 | Batch 530 | val_kld=15.149153 | val_ordacc@10=0.111894 | val_recall@10=0.708551
Epoch 001 | Step 530 | lr=1.000000e-03 | loss=17.167294
Epoch 001 | Batch 540 | val_kld=12.318818 | val_ordacc@10=0.122301 | val_recall@10=0.731979
Epoch 001 | Step 540 | lr=1.000000e-03 | loss=21.718540
Epoch 001 | Batch 550 | val_kld=14.856145 | val_ordacc@10=0.114091 | val_recall@10=0.706297
Epoch 001 | Step 550 | lr=1.000000e-03 | loss=17.695374
Epoch 001 | Batch 560 | val_kld=36.106729 | val_ordacc@10=0.064439 | val_recall@10=0.541783
Epoch 001 | Step 560 | lr=1.000000e-03 | loss=14.806716
Epoch 001 | Batch 570 | val_kld=15.265387 | val_ordacc@10=0.112093 | val_recall@10=0.704979
Epoch 001 | Step 570 | lr=1.000000e-03 | loss=16.657473
Epoch 001 | Batch 580 | val_kld=16.398443 | val_ordacc@10=0.099039 | val_recall@10=0.690869
Epoch 001 | Step 580 | lr=1.000000e-03 | loss=19.112144
Epoch 001 | Batch 590 | val_kld=12.451893 | val_ordacc@10=0.127058 | val_recall@10=0.729433
Epoch 001 | Step 590 | lr=1.000000e-03 | loss=15.435623
Epoch 001 | Batch 600 | val_kld=14.554024 | val_ordacc@10=0.105341 | val_recall@10=0.707567
Epoch 001 | Step 600 | lr=1.000000e-03 | loss=16.642994
Epoch 001 | Batch 610 | val_kld=11.338678 | val_ordacc@10=0.131108 | val_recall@10=0.748272
Epoch 001 | Step 610 | lr=1.000000e-03 | loss=18.267178
Epoch 001 | Batch 620 | val_kld=12.409070 | val_ordacc@10=0.127380 | val_recall@10=0.734610
Epoch 001 | Step 620 | lr=1.000000e-03 | loss=13.124374
Epoch 001 | Batch 630 | val_kld=10.005178 | val_ordacc@10=0.148888 | val_recall@10=0.760811
Epoch 001 | Step 630 | lr=1.000000e-03 | loss=14.227713
Epoch 001 | Batch 640 | val_kld=13.870082 | val_ordacc@10=0.124631 | val_recall@10=0.712982
Epoch 001 | Step 640 | lr=1.000000e-03 | loss=18.856903
Epoch 001 | Batch 650 | val_kld=17.769689 | val_ordacc@10=0.106407 | val_recall@10=0.667804
Epoch 001 | Step 650 | lr=1.000000e-03 | loss=17.614317
Epoch 001 | Batch 660 | val_kld=10.780725 | val_ordacc@10=0.135591 | val_recall@10=0.753304
Epoch 001 | Step 660 | lr=1.000000e-03 | loss=12.880177
Epoch 001 | Batch 670 | val_kld=12.822834 | val_ordacc@10=0.123262 | val_recall@10=0.729857
Epoch 001 | Step 670 | lr=1.000000e-03 | loss=16.992764
Epoch 001 | Batch 680 | val_kld=9.991075 | val_ordacc@10=0.140408 | val_recall@10=0.760777
Epoch 001 | Step 680 | lr=1.000000e-03 | loss=15.138915
Epoch 001 | Batch 690 | val_kld=9.154441 | val_ordacc@10=0.152400 | val_recall@10=0.774586
Epoch 001 | Step 690 | lr=1.000000e-03 | loss=13.350906
Epoch 001 | Batch 700 | val_kld=9.558602 | val_ordacc@10=0.140194 | val_recall@10=0.768214
Epoch 001 | Step 700 | lr=1.000000e-03 | loss=14.107138
Epoch 001 | Batch 710 | val_kld=8.861253 | val_ordacc@10=0.147209 | val_recall@10=0.777408
Epoch 001 | Step 710 | lr=1.000000e-03 | loss=14.937765
Epoch 001 | Batch 720 | val_kld=11.240571 | val_ordacc@10=0.127412 | val_recall@10=0.743298
Epoch 001 | Step 720 | lr=1.000000e-03 | loss=13.893260
Epoch 001 | Batch 730 | val_kld=8.688349 | val_ordacc@10=0.158503 | val_recall@10=0.779812
Epoch 001 | Step 730 | lr=1.000000e-03 | loss=15.603600
Epoch 001 | Batch 740 | val_kld=9.044717 | val_ordacc@10=0.152661 | val_recall@10=0.775375
Epoch 001 | Step 740 | lr=1.000000e-03 | loss=13.586302
Epoch 001 | Batch 750 | val_kld=9.378978 | val_ordacc@10=0.155049 | val_recall@10=0.770984
Epoch 001 | Step 750 | lr=1.000000e-03 | loss=14.942748
Epoch 001 | Batch 760 | val_kld=8.871917 | val_ordacc@10=0.140457 | val_recall@10=0.777553
Epoch 001 | Step 760 | lr=1.000000e-03 | loss=14.769220
Epoch 001 | Batch 770 | val_kld=9.931546 | val_ordacc@10=0.133921 | val_recall@10=0.761137
Epoch 001 | Step 770 | lr=1.000000e-03 | loss=14.235496
Epoch 001 | Batch 780 | val_kld=8.132168 | val_ordacc@10=0.159601 | val_recall@10=0.786505
Epoch 001 | Step 780 | lr=1.000000e-03 | loss=14.546300
Epoch 001 | Batch 790 | val_kld=8.168017 | val_ordacc@10=0.161397 | val_recall@10=0.787539
Epoch 001 | Step 790 | lr=1.000000e-03 | loss=13.602346
Epoch 001 | Batch 800 | val_kld=8.247648 | val_ordacc@10=0.153825 | val_recall@10=0.784959
Epoch 001 | Step 800 | lr=1.000000e-03 | loss=13.715328
Epoch 001 | Batch 810 | val_kld=8.057202 | val_ordacc@10=0.158444 | val_recall@10=0.788390
Epoch 001 | Step 810 | lr=1.000000e-03 | loss=14.448484
Epoch 001 | Batch 820 | val_kld=7.940054 | val_ordacc@10=0.156301 | val_recall@10=0.790496
Epoch 001 | Step 820 | lr=1.000000e-03 | loss=13.102886
Epoch 001 | Batch 830 | val_kld=8.305720 | val_ordacc@10=0.146779 | val_recall@10=0.785135
Epoch 001 | Step 830 | lr=1.000000e-03 | loss=13.992517
Epoch 001 | Batch 840 | val_kld=8.495426 | val_ordacc@10=0.146608 | val_recall@10=0.780336
Epoch 001 | Step 840 | lr=1.000000e-03 | loss=13.598223
Epoch 001 | Batch 850 | val_kld=7.886586 | val_ordacc@10=0.161618 | val_recall@10=0.789765
Epoch 001 | Step 850 | lr=1.000000e-03 | loss=13.284410
Epoch 001 | Batch 860 | val_kld=9.937037 | val_ordacc@10=0.156439 | val_recall@10=0.761898
Epoch 001 | Step 860 | lr=1.000000e-03 | loss=14.156524
Epoch 001 | Batch 870 | val_kld=7.855446 | val_ordacc@10=0.168407 | val_recall@10=0.792153
Epoch 001 | Step 870 | lr=1.000000e-03 | loss=13.011978
Epoch 001 | Batch 880 | val_kld=7.621079 | val_ordacc@10=0.165824 | val_recall@10=0.794829
Epoch 001 | Step 880 | lr=1.000000e-03 | loss=12.947146
Epoch 001 | Batch 890 | val_kld=7.994791 | val_ordacc@10=0.165572 | val_recall@10=0.788570
Epoch 001 | Step 890 | lr=1.000000e-03 | loss=14.419720
Epoch 001 | Batch 900 | val_kld=7.863629 | val_ordacc@10=0.165728 | val_recall@10=0.791316
Epoch 001 | Step 900 | lr=1.000000e-03 | loss=14.842505
Epoch 001 | Batch 910 | val_kld=8.285981 | val_ordacc@10=0.156745 | val_recall@10=0.785648
Epoch 001 | Step 910 | lr=1.000000e-03 | loss=13.693129
Epoch 001 | Batch 920 | val_kld=8.137071 | val_ordacc@10=0.159843 | val_recall@10=0.787625
Epoch 001 | Step 920 | lr=1.000000e-03 | loss=15.907549
Epoch 001 | Batch 930 | val_kld=8.669071 | val_ordacc@10=0.148773 | val_recall@10=0.778583
Epoch 001 | Step 930 | lr=1.000000e-03 | loss=14.932104
Epoch 001 | Batch 940 | val_kld=8.136977 | val_ordacc@10=0.166448 | val_recall@10=0.789294
Epoch 001 | Step 940 | lr=1.000000e-03 | loss=14.716513
Epoch 001 | Batch 950 | val_kld=8.385777 | val_ordacc@10=0.155234 | val_recall@10=0.782734
Epoch 001 | Step 950 | lr=1.000000e-03 | loss=14.765146
Epoch 001 | Batch 960 | val_kld=8.290511 | val_ordacc@10=0.162321 | val_recall@10=0.785458
Epoch 001 | Step 960 | lr=1.000000e-03 | loss=13.410405
epoch 001 | train_kld=26.789801 | val_kld=8.199871 | val_mae=0.014984 | val_mse=0.001652 | ord_acc@10=0.1673 | recall@10=0.7858
Epoch 002 | Step 10 | lr=9.938442e-04 | loss=14.564240
Epoch 002 | Step 20 | lr=9.938442e-04 | loss=14.828088
Epoch 002 | Step 30 | lr=9.938442e-04 | loss=13.750420
Epoch 002 | Step 40 | lr=9.938442e-04 | loss=13.447649
Epoch 002 | Step 50 | lr=9.938442e-04 | loss=14.132484
Epoch 002 | Step 60 | lr=9.938442e-04 | loss=14.232086
Epoch 002 | Step 70 | lr=9.938442e-04 | loss=14.132352
Epoch 002 | Step 80 | lr=9.938442e-04 | loss=12.902767
Epoch 002 | Step 90 | lr=9.938442e-04 | loss=14.219385
Epoch 002 | Step 100 | lr=9.938442e-04 | loss=14.701393
Epoch 002 | Step 110 | lr=9.938442e-04 | loss=14.077484
Epoch 002 | Step 120 | lr=9.938442e-04 | loss=14.075470
Epoch 002 | Step 130 | lr=9.938442e-04 | loss=13.736374
Epoch 002 | Step 140 | lr=9.938442e-04 | loss=14.788315
Epoch 002 | Step 150 | lr=9.938442e-04 | loss=13.107442
Epoch 002 | Step 160 | lr=9.938442e-04 | loss=15.722064
Epoch 002 | Step 170 | lr=9.938442e-04 | loss=14.195650
Epoch 002 | Step 180 | lr=9.938442e-04 | loss=14.249446
Epoch 002 | Step 190 | lr=9.938442e-04 | loss=14.285147
Epoch 002 | Step 200 | lr=9.938442e-04 | loss=14.297888
Epoch 002 | Step 210 | lr=9.938442e-04 | loss=15.293192
Epoch 002 | Step 220 | lr=9.938442e-04 | loss=15.233822
Epoch 002 | Step 230 | lr=9.938442e-04 | loss=15.051765
Epoch 002 | Step 240 | lr=9.938442e-04 | loss=13.943375
Epoch 002 | Step 250 | lr=9.938442e-04 | loss=13.776584
Epoch 002 | Step 260 | lr=9.938442e-04 | loss=14.461482
Epoch 002 | Step 270 | lr=9.938442e-04 | loss=16.098116
Epoch 002 | Step 280 | lr=9.938442e-04 | loss=13.119892
Epoch 002 | Step 290 | lr=9.938442e-04 | loss=44.607273
Epoch 002 | Step 300 | lr=9.938442e-04 | loss=55.922634
Epoch 002 | Step 310 | lr=9.938442e-04 | loss=75.019638
Epoch 002 | Step 320 | lr=9.938442e-04 | loss=33.271969
Epoch 002 | Step 330 | lr=9.938442e-04 | loss=37.530006
Epoch 002 | Step 340 | lr=9.938442e-04 | loss=25.387022
Epoch 002 | Step 350 | lr=9.938442e-04 | loss=29.272362
Epoch 002 | Step 360 | lr=9.938442e-04 | loss=23.798119
Epoch 002 | Step 370 | lr=9.938442e-04 | loss=18.369980
Epoch 002 | Step 380 | lr=9.938442e-04 | loss=26.153996
Epoch 002 | Step 390 | lr=9.938442e-04 | loss=16.568611
Epoch 002 | Step 400 | lr=9.938442e-04 | loss=16.324570
Epoch 002 | Step 410 | lr=9.938442e-04 | loss=14.508820
Epoch 002 | Step 420 | lr=9.938442e-04 | loss=17.787788
Epoch 002 | Step 430 | lr=9.938442e-04 | loss=15.286313
Epoch 002 | Step 440 | lr=9.938442e-04 | loss=13.490190
Epoch 002 | Step 450 | lr=9.938442e-04 | loss=15.266979
Epoch 002 | Step 460 | lr=9.938442e-04 | loss=15.291524
Epoch 002 | Step 470 | lr=9.938442e-04 | loss=14.059665
Epoch 002 | Step 480 | lr=9.938442e-04 | loss=15.336042
Epoch 002 | Step 490 | lr=9.938442e-04 | loss=14.093950
Epoch 002 | Step 500 | lr=9.938442e-04 | loss=14.250030
Epoch 002 | Step 510 | lr=9.938442e-04 | loss=14.591158
Epoch 002 | Step 520 | lr=9.938442e-04 | loss=14.970583
Epoch 002 | Step 530 | lr=9.938442e-04 | loss=15.113726
Epoch 002 | Step 540 | lr=9.938442e-04 | loss=14.690083
Epoch 002 | Step 550 | lr=9.938442e-04 | loss=14.576687
Epoch 002 | Step 560 | lr=9.938442e-04 | loss=15.469822
Epoch 002 | Step 570 | lr=9.938442e-04 | loss=15.058880
Epoch 002 | Step 580 | lr=9.938442e-04 | loss=15.946669
Epoch 002 | Step 590 | lr=9.938442e-04 | loss=14.453261
Epoch 002 | Step 600 | lr=9.938442e-04 | loss=15.553555
Epoch 002 | Step 610 | lr=9.938442e-04 | loss=15.496966
Epoch 002 | Step 620 | lr=9.938442e-04 | loss=15.425274
Epoch 002 | Step 630 | lr=9.938442e-04 | loss=16.032761
Epoch 002 | Step 640 | lr=9.938442e-04 | loss=14.660646
Epoch 002 | Step 650 | lr=9.938442e-04 | loss=14.616846
Epoch 002 | Step 660 | lr=9.938442e-04 | loss=13.157024
Epoch 002 | Step 670 | lr=9.938442e-04 | loss=15.827250
Epoch 002 | Step 680 | lr=9.938442e-04 | loss=14.673160
Epoch 002 | Step 690 | lr=9.938442e-04 | loss=15.060052
Epoch 002 | Step 700 | lr=9.938442e-04 | loss=14.572724
Epoch 002 | Step 710 | lr=9.938442e-04 | loss=15.508880
Epoch 002 | Step 720 | lr=9.938442e-04 | loss=15.239556
Epoch 002 | Step 730 | lr=9.938442e-04 | loss=16.055126
Epoch 002 | Step 740 | lr=9.938442e-04 | loss=14.503407
Epoch 002 | Step 750 | lr=9.938442e-04 | loss=14.572531
Epoch 002 | Step 760 | lr=9.938442e-04 | loss=13.923388
Epoch 002 | Step 770 | lr=9.938442e-04 | loss=14.659784
Epoch 002 | Step 780 | lr=9.938442e-04 | loss=14.385099
Epoch 002 | Step 790 | lr=9.938442e-04 | loss=14.038782
Epoch 002 | Step 800 | lr=9.938442e-04 | loss=15.349522
Epoch 002 | Step 810 | lr=9.938442e-04 | loss=14.792837
Epoch 002 | Step 820 | lr=9.938442e-04 | loss=13.544088
Epoch 002 | Step 830 | lr=9.938442e-04 | loss=70.509415
Epoch 002 | Step 840 | lr=9.938442e-04 | loss=96.363495
Epoch 002 | Step 850 | lr=9.938442e-04 | loss=79.676445
Epoch 002 | Step 860 | lr=9.938442e-04 | loss=92.477066
Epoch 002 | Step 870 | lr=9.938442e-04 | loss=37.045113
Epoch 002 | Step 880 | lr=9.938442e-04 | loss=44.014481
Epoch 002 | Step 890 | lr=9.938442e-04 | loss=34.574955
Epoch 002 | Step 900 | lr=9.938442e-04 | loss=67.927086
Epoch 002 | Step 910 | lr=9.938442e-04 | loss=35.972298
Epoch 002 | Step 920 | lr=9.938442e-04 | loss=21.545376
Epoch 002 | Step 930 | lr=9.938442e-04 | loss=21.136669
Epoch 002 | Step 940 | lr=9.938442e-04 | loss=36.127926
Epoch 002 | Step 950 | lr=9.938442e-04 | loss=23.416431
Epoch 002 | Step 960 | lr=9.938442e-04 | loss=28.471584
epoch 002 | train_kld=21.113159 | val_kld=11.889931 | val_mae=0.014965 | val_mse=0.001650 | ord_acc@10=0.1309 | recall@10=0.7398
Epoch 003 | Step 10 | lr=9.755283e-04 | loss=16.075703
Epoch 003 | Step 20 | lr=9.755283e-04 | loss=16.747818
Epoch 003 | Step 30 | lr=9.755283e-04 | loss=17.488819
Epoch 003 | Step 40 | lr=9.755283e-04 | loss=16.289051
Epoch 003 | Step 50 | lr=9.755283e-04 | loss=15.969672
Epoch 003 | Step 60 | lr=9.755283e-04 | loss=15.876492
Epoch 003 | Step 70 | lr=9.755283e-04 | loss=16.475620
Epoch 003 | Step 80 | lr=9.755283e-04 | loss=14.463064
Epoch 003 | Step 90 | lr=9.755283e-04 | loss=14.767849
Epoch 003 | Step 100 | lr=9.755283e-04 | loss=14.936860
Epoch 003 | Step 110 | lr=9.755283e-04 | loss=16.272844
Epoch 003 | Step 120 | lr=9.755283e-04 | loss=16.654491
Epoch 003 | Step 130 | lr=9.755283e-04 | loss=16.272259
Epoch 003 | Step 140 | lr=9.755283e-04 | loss=14.853289
Epoch 003 | Step 150 | lr=9.755283e-04 | loss=14.450210
Epoch 003 | Step 160 | lr=9.755283e-04 | loss=14.855328
Epoch 003 | Step 170 | lr=9.755283e-04 | loss=16.817684
Epoch 003 | Step 180 | lr=9.755283e-04 | loss=17.251301
Epoch 003 | Step 190 | lr=9.755283e-04 | loss=16.850800
Epoch 003 | Step 200 | lr=9.755283e-04 | loss=14.847308
Epoch 003 | Step 210 | lr=9.755283e-04 | loss=15.442129
Epoch 003 | Step 220 | lr=9.755283e-04 | loss=14.649679
Epoch 003 | Step 230 | lr=9.755283e-04 | loss=14.446766
Epoch 003 | Step 240 | lr=9.755283e-04 | loss=15.424059
Epoch 003 | Step 250 | lr=9.755283e-04 | loss=15.311273
Epoch 003 | Step 260 | lr=9.755283e-04 | loss=17.042591
Epoch 003 | Step 270 | lr=9.755283e-04 | loss=15.990629
Epoch 003 | Step 280 | lr=9.755283e-04 | loss=17.929733
Epoch 003 | Step 290 | lr=9.755283e-04 | loss=15.134035
Epoch 003 | Step 300 | lr=9.755283e-04 | loss=15.485256
Epoch 003 | Step 310 | lr=9.755283e-04 | loss=14.746552
Epoch 003 | Step 320 | lr=9.755283e-04 | loss=14.482132
Epoch 003 | Step 330 | lr=9.755283e-04 | loss=15.567158
Epoch 003 | Step 340 | lr=9.755283e-04 | loss=15.261796
Epoch 003 | Step 350 | lr=9.755283e-04 | loss=14.787266
Epoch 003 | Step 360 | lr=9.755283e-04 | loss=15.579859
Epoch 003 | Step 370 | lr=9.755283e-04 | loss=15.341336
Epoch 003 | Step 380 | lr=9.755283e-04 | loss=14.140940
Epoch 003 | Step 390 | lr=9.755283e-04 | loss=16.003071
Epoch 003 | Step 400 | lr=9.755283e-04 | loss=15.292566
Epoch 003 | Step 410 | lr=9.755283e-04 | loss=16.005630
Epoch 003 | Step 420 | lr=9.755283e-04 | loss=16.005623
Epoch 003 | Step 430 | lr=9.755283e-04 | loss=15.310512
Epoch 003 | Step 440 | lr=9.755283e-04 | loss=15.551639
Epoch 003 | Step 450 | lr=9.755283e-04 | loss=13.897085
Epoch 003 | Step 460 | lr=9.755283e-04 | loss=15.469517
Epoch 003 | Step 470 | lr=9.755283e-04 | loss=15.323245
Epoch 003 | Step 480 | lr=9.755283e-04 | loss=15.387416
Epoch 003 | Step 490 | lr=9.755283e-04 | loss=16.123493
Epoch 003 | Step 500 | lr=9.755283e-04 | loss=15.528408
Epoch 003 | Step 510 | lr=9.755283e-04 | loss=15.777188
Epoch 003 | Step 520 | lr=9.755283e-04 | loss=14.676815
Epoch 003 | Step 530 | lr=9.755283e-04 | loss=15.353981
Epoch 003 | Step 540 | lr=9.755283e-04 | loss=16.926281
Epoch 003 | Step 550 | lr=9.755283e-04 | loss=15.176972
Epoch 003 | Step 560 | lr=9.755283e-04 | loss=15.772076
Epoch 003 | Step 570 | lr=9.755283e-04 | loss=16.700535
Epoch 003 | Step 580 | lr=9.755283e-04 | loss=14.707554
Epoch 003 | Step 590 | lr=9.755283e-04 | loss=15.153916
Epoch 003 | Step 600 | lr=9.755283e-04 | loss=16.133694
Epoch 003 | Step 610 | lr=9.755283e-04 | loss=14.943577
Epoch 003 | Step 620 | lr=9.755283e-04 | loss=15.692513
Epoch 003 | Step 630 | lr=9.755283e-04 | loss=15.135935
Epoch 003 | Step 640 | lr=9.755283e-04 | loss=14.930720
Epoch 003 | Step 650 | lr=9.755283e-04 | loss=17.128899
Epoch 003 | Step 660 | lr=9.755283e-04 | loss=14.602411
Epoch 003 | Step 670 | lr=9.755283e-04 | loss=13.899586
Epoch 003 | Step 680 | lr=9.755283e-04 | loss=16.241392
Epoch 003 | Step 690 | lr=9.755283e-04 | loss=14.399777
Epoch 003 | Step 700 | lr=9.755283e-04 | loss=15.135902
Epoch 003 | Step 710 | lr=9.755283e-04 | loss=15.400099
Epoch 003 | Step 720 | lr=9.755283e-04 | loss=16.228558
Epoch 003 | Step 730 | lr=9.755283e-04 | loss=15.461637
Epoch 003 | Step 740 | lr=9.755283e-04 | loss=15.130771
Epoch 003 | Step 750 | lr=9.755283e-04 | loss=14.746022
Epoch 003 | Step 760 | lr=9.755283e-04 | loss=16.436317
Epoch 003 | Step 770 | lr=9.755283e-04 | loss=14.879388
Epoch 003 | Step 780 | lr=9.755283e-04 | loss=14.681902
Epoch 003 | Step 790 | lr=9.755283e-04 | loss=16.813364
Epoch 003 | Step 800 | lr=9.755283e-04 | loss=14.938404
Epoch 003 | Step 810 | lr=9.755283e-04 | loss=16.028481
Epoch 003 | Step 820 | lr=9.755283e-04 | loss=16.243950
Epoch 003 | Step 830 | lr=9.755283e-04 | loss=14.602399
Epoch 003 | Step 840 | lr=9.755283e-04 | loss=14.887079
Epoch 003 | Step 850 | lr=9.755283e-04 | loss=15.992561
Epoch 003 | Step 860 | lr=9.755283e-04 | loss=15.931028
Epoch 003 | Step 870 | lr=9.755283e-04 | loss=15.289780
Epoch 003 | Step 880 | lr=9.755283e-04 | loss=14.858867
Epoch 003 | Step 890 | lr=9.755283e-04 | loss=14.448462
Epoch 003 | Step 900 | lr=9.755283e-04 | loss=14.197088
Epoch 003 | Step 910 | lr=9.755283e-04 | loss=15.430834
Epoch 003 | Step 920 | lr=9.755283e-04 | loss=15.459059
Epoch 003 | Step 930 | lr=9.755283e-04 | loss=16.600456
Epoch 003 | Step 940 | lr=9.755283e-04 | loss=15.769426
Epoch 003 | Step 950 | lr=9.755283e-04 | loss=14.951183
Epoch 003 | Step 960 | lr=9.755283e-04 | loss=14.479227
epoch 003 | train_kld=15.914549 | val_kld=7.136749 | val_mae=0.014988 | val_mse=0.001653 | ord_acc@10=0.1864 | recall@10=0.8036
Epoch 004 | Step 10 | lr=9.455033e-04 | loss=14.489505
Epoch 004 | Step 20 | lr=9.455033e-04 | loss=16.672277
Epoch 004 | Step 30 | lr=9.455033e-04 | loss=15.741192
Epoch 004 | Step 40 | lr=9.455033e-04 | loss=14.889621
Epoch 004 | Step 50 | lr=9.455033e-04 | loss=17.259666
Epoch 004 | Step 60 | lr=9.455033e-04 | loss=14.663919
Epoch 004 | Step 70 | lr=9.455033e-04 | loss=16.107983
Epoch 004 | Step 80 | lr=9.455033e-04 | loss=15.638594
Epoch 004 | Step 90 | lr=9.455033e-04 | loss=16.518372
Epoch 004 | Step 100 | lr=9.455033e-04 | loss=16.161844
Epoch 004 | Step 110 | lr=9.455033e-04 | loss=16.095161
Epoch 004 | Step 120 | lr=9.455033e-04 | loss=14.922964
Epoch 004 | Step 130 | lr=9.455033e-04 | loss=14.925539
Epoch 004 | Step 140 | lr=9.455033e-04 | loss=16.210583
Epoch 004 | Step 150 | lr=9.455033e-04 | loss=14.830625
Epoch 004 | Step 160 | lr=9.455033e-04 | loss=15.164074
Epoch 004 | Step 170 | lr=9.455033e-04 | loss=16.167002
Epoch 004 | Step 180 | lr=9.455033e-04 | loss=15.571904
Epoch 004 | Step 190 | lr=9.455033e-04 | loss=15.394939
Epoch 004 | Step 200 | lr=9.455033e-04 | loss=15.641157
Epoch 004 | Step 210 | lr=9.455033e-04 | loss=16.413219
Epoch 004 | Step 220 | lr=9.455033e-04 | loss=16.013073
Epoch 004 | Step 230 | lr=9.455033e-04 | loss=16.472219
Epoch 004 | Step 240 | lr=9.455033e-04 | loss=15.066605
Epoch 004 | Step 250 | lr=9.455033e-04 | loss=15.389788
Epoch 004 | Step 260 | lr=9.455033e-04 | loss=14.969145
Epoch 004 | Step 270 | lr=9.455033e-04 | loss=15.351311
Epoch 004 | Step 280 | lr=9.455033e-04 | loss=15.312843
Epoch 004 | Step 290 | lr=9.455033e-04 | loss=14.607477
Epoch 004 | Step 300 | lr=9.455033e-04 | loss=14.474094
Epoch 004 | Step 310 | lr=9.455033e-04 | loss=15.359013
Epoch 004 | Step 320 | lr=9.455033e-04 | loss=16.128494
Epoch 004 | Step 330 | lr=9.455033e-04 | loss=14.291992
Epoch 004 | Step 340 | lr=9.455033e-04 | loss=15.861750
Epoch 004 | Step 350 | lr=9.455033e-04 | loss=15.538554
Epoch 004 | Step 360 | lr=9.455033e-04 | loss=16.351646
Epoch 004 | Step 370 | lr=9.455033e-04 | loss=15.133296
Epoch 004 | Step 380 | lr=9.455033e-04 | loss=15.022996
Epoch 004 | Step 390 | lr=9.455033e-04 | loss=15.884825
Epoch 004 | Step 400 | lr=9.455033e-04 | loss=15.564205
Epoch 004 | Step 410 | lr=9.455033e-04 | loss=15.497514
Epoch 004 | Step 420 | lr=9.455033e-04 | loss=14.758809
Epoch 004 | Step 430 | lr=9.455033e-04 | loss=14.897318
Epoch 004 | Step 440 | lr=9.455033e-04 | loss=16.372173
Epoch 004 | Step 450 | lr=9.455033e-04 | loss=16.526068
Epoch 004 | Step 460 | lr=9.455033e-04 | loss=16.010508
Epoch 004 | Step 470 | lr=9.455033e-04 | loss=13.666134
Epoch 004 | Step 480 | lr=9.455033e-04 | loss=15.602680
Epoch 004 | Step 490 | lr=9.455033e-04 | loss=14.735722
Epoch 004 | Step 500 | lr=9.455033e-04 | loss=17.090359
Epoch 004 | Step 510 | lr=9.455033e-04 | loss=16.505547
Epoch 004 | Step 520 | lr=9.455033e-04 | loss=15.966911
Epoch 004 | Step 530 | lr=9.455033e-04 | loss=15.092249
Epoch 004 | Step 540 | lr=9.455033e-04 | loss=15.140984
Epoch 004 | Step 550 | lr=9.455033e-04 | loss=15.874571
Epoch 004 | Step 560 | lr=9.455033e-04 | loss=15.974598
Epoch 004 | Step 570 | lr=9.455033e-04 | loss=16.097713
Epoch 004 | Step 580 | lr=9.455033e-04 | loss=14.784458
Epoch 004 | Step 590 | lr=9.455033e-04 | loss=14.327892
Epoch 004 | Step 600 | lr=9.455033e-04 | loss=14.748544
Epoch 004 | Step 610 | lr=9.455033e-04 | loss=16.228527
Epoch 004 | Step 620 | lr=9.455033e-04 | loss=15.438520
Epoch 004 | Step 630 | lr=9.455033e-04 | loss=16.146450
Epoch 004 | Step 640 | lr=9.455033e-04 | loss=15.851480
Epoch 004 | Step 650 | lr=9.455033e-04 | loss=16.297787
Epoch 004 | Step 660 | lr=9.455033e-04 | loss=15.900213
Epoch 004 | Step 670 | lr=9.455033e-04 | loss=16.072073
Epoch 004 | Step 680 | lr=9.455033e-04 | loss=16.028461
Epoch 004 | Step 690 | lr=9.455033e-04 | loss=14.887054
Epoch 004 | Step 700 | lr=9.455033e-04 | loss=16.308043
Epoch 004 | Step 710 | lr=9.455033e-04 | loss=15.961773
Epoch 004 | Step 720 | lr=9.455033e-04 | loss=15.133291
Epoch 004 | Step 730 | lr=9.455033e-04 | loss=15.469303
Epoch 004 | Step 740 | lr=9.455033e-04 | loss=14.846014
Epoch 004 | Step 750 | lr=9.455033e-04 | loss=15.251278
Epoch 004 | Step 760 | lr=9.455033e-04 | loss=15.879694
Epoch 004 | Step 770 | lr=9.455033e-04 | loss=14.961435
Epoch 004 | Step 780 | lr=9.455033e-04 | loss=15.056343
Epoch 004 | Step 790 | lr=9.455033e-04 | loss=15.430824
Epoch 004 | Step 800 | lr=9.455033e-04 | loss=15.497514
Epoch 004 | Step 810 | lr=9.455033e-04 | loss=15.741184
Epoch 004 | Step 820 | lr=9.455033e-04 | loss=16.467070
Epoch 004 | Step 830 | lr=9.455033e-04 | loss=16.328562
Epoch 004 | Step 840 | lr=9.455033e-04 | loss=15.035826
Epoch 004 | Step 850 | lr=9.455033e-04 | loss=16.372168
Epoch 004 | Step 860 | lr=9.455033e-04 | loss=15.133289
Epoch 004 | Step 870 | lr=9.455033e-04 | loss=27.751789
Epoch 004 | Step 880 | lr=9.455033e-04 | loss=119.339432
Epoch 004 | Step 890 | lr=9.455033e-04 | loss=133.292511
Epoch 004 | Step 900 | lr=9.455033e-04 | loss=122.942749
Epoch 004 | Step 910 | lr=9.455033e-04 | loss=96.581070
Epoch 004 | Step 920 | lr=9.455033e-04 | loss=84.370934
Epoch 004 | Step 930 | lr=9.455033e-04 | loss=48.460499
Epoch 004 | Step 940 | lr=9.455033e-04 | loss=49.242931
Epoch 004 | Step 950 | lr=9.455033e-04 | loss=60.470596
Epoch 004 | Step 960 | lr=9.455033e-04 | loss=32.125404
epoch 004 | train_kld=23.665243 | val_kld=60.856594 | val_mae=0.014818 | val_mse=0.001638 | ord_acc@10=0.0337 | recall@10=0.3796
Epoch 005 | Step 10 | lr=9.045085e-04 | loss=32.832565
Epoch 005 | Step 20 | lr=9.045085e-04 | loss=43.895523
Epoch 005 | Step 30 | lr=9.045085e-04 | loss=29.832207
Epoch 005 | Step 40 | lr=9.045085e-04 | loss=21.918587
Epoch 005 | Step 50 | lr=9.045085e-04 | loss=32.062653
Epoch 005 | Step 60 | lr=9.045085e-04 | loss=22.921988
Epoch 005 | Step 70 | lr=9.045085e-04 | loss=30.352438
Epoch 005 | Step 80 | lr=9.045085e-04 | loss=17.859108
Epoch 005 | Step 90 | lr=9.045085e-04 | loss=18.006788
Epoch 005 | Step 100 | lr=9.045085e-04 | loss=18.014698
Epoch 005 | Step 110 | lr=9.045085e-04 | loss=17.088362
Epoch 005 | Step 120 | lr=9.045085e-04 | loss=16.822664
Epoch 005 | Step 130 | lr=9.045085e-04 | loss=17.931177
Epoch 005 | Step 140 | lr=9.045085e-04 | loss=17.445173
Epoch 005 | Step 150 | lr=9.045085e-04 | loss=16.443911
Epoch 005 | Step 160 | lr=9.045085e-04 | loss=18.465015
Epoch 005 | Step 170 | lr=9.045085e-04 | loss=16.306578
Epoch 005 | Step 180 | lr=9.045085e-04 | loss=16.678486
Epoch 005 | Step 190 | lr=9.045085e-04 | loss=15.549129
Epoch 005 | Step 200 | lr=9.045085e-04 | loss=14.945765
Epoch 005 | Step 210 | lr=9.045085e-04 | loss=16.502911
Epoch 005 | Step 220 | lr=9.045085e-04 | loss=17.462036
Epoch 005 | Step 230 | lr=9.045085e-04 | loss=15.396976
Epoch 005 | Step 240 | lr=9.045085e-04 | loss=15.801826
Epoch 005 | Step 250 | lr=9.045085e-04 | loss=16.442942
Epoch 005 | Step 260 | lr=9.045085e-04 | loss=15.742493
Epoch 005 | Step 270 | lr=9.045085e-04 | loss=15.693747
Epoch 005 | Step 280 | lr=9.045085e-04 | loss=15.016521
Epoch 005 | Step 290 | lr=9.045085e-04 | loss=15.254658
Epoch 005 | Step 300 | lr=9.045085e-04 | loss=16.747581
Epoch 005 | Step 310 | lr=9.045085e-04 | loss=16.716663
Epoch 005 | Step 320 | lr=9.045085e-04 | loss=14.708394
Epoch 005 | Step 330 | lr=9.045085e-04 | loss=16.298458
Epoch 005 | Step 340 | lr=9.045085e-04 | loss=17.383404
Epoch 005 | Step 350 | lr=9.045085e-04 | loss=15.208254
Epoch 005 | Step 360 | lr=9.045085e-04 | loss=15.446722
Epoch 005 | Step 370 | lr=9.045085e-04 | loss=16.387989
Epoch 005 | Step 380 | lr=9.045085e-04 | loss=15.444002
Epoch 005 | Step 390 | lr=9.045085e-04 | loss=15.382535
Epoch 005 | Step 400 | lr=9.045085e-04 | loss=16.595636
Epoch 005 | Step 410 | lr=9.045085e-04 | loss=15.636330
Epoch 005 | Step 420 | lr=9.045085e-04 | loss=17.031601
Epoch 005 | Step 430 | lr=9.045085e-04 | loss=16.549314
Epoch 005 | Step 440 | lr=9.045085e-04 | loss=15.490107
Epoch 005 | Step 450 | lr=9.045085e-04 | loss=15.507933
Epoch 005 | Step 460 | lr=9.045085e-04 | loss=15.125780
Epoch 005 | Step 470 | lr=9.045085e-04 | loss=15.890105
Epoch 005 | Step 480 | lr=9.045085e-04 | loss=16.818596
Epoch 005 | Step 490 | lr=9.045085e-04 | loss=17.131519
Epoch 005 | Step 500 | lr=9.045085e-04 | loss=14.815378
Epoch 005 | Step 510 | lr=9.045085e-04 | loss=15.112949
Epoch 005 | Step 520 | lr=9.045085e-04 | loss=14.602501
Epoch 005 | Step 530 | lr=9.045085e-04 | loss=15.628474
Epoch 005 | Step 540 | lr=9.045085e-04 | loss=16.895512
Epoch 005 | Step 550 | lr=9.045085e-04 | loss=15.287265
Epoch 005 | Step 560 | lr=9.045085e-04 | loss=17.926655
Epoch 005 | Step 570 | lr=9.045085e-04 | loss=17.234047
Epoch 005 | Step 580 | lr=9.045085e-04 | loss=15.259039
Epoch 005 | Step 590 | lr=9.045085e-04 | loss=15.895136
Epoch 005 | Step 600 | lr=9.045085e-04 | loss=17.272535
Epoch 005 | Step 610 | lr=9.045085e-04 | loss=15.869482
Epoch 005 | Step 620 | lr=9.045085e-04 | loss=15.984887
Epoch 005 | Step 630 | lr=9.045085e-04 | loss=15.300092
Epoch 005 | Step 640 | lr=9.045085e-04 | loss=15.689945
Epoch 005 | Step 650 | lr=9.045085e-04 | loss=15.143586
Epoch 005 | Step 660 | lr=9.045085e-04 | loss=17.639288
Epoch 005 | Step 670 | lr=9.045085e-04 | loss=14.181704
Epoch 005 | Step 680 | lr=9.045085e-04 | loss=15.400126
Epoch 005 | Step 690 | lr=9.045085e-04 | loss=16.959572
Epoch 005 | Step 700 | lr=9.045085e-04 | loss=16.418381
Epoch 005 | Step 710 | lr=9.045085e-04 | loss=17.182734
Epoch 005 | Step 720 | lr=9.045085e-04 | loss=16.249065
Epoch 005 | Step 730 | lr=9.045085e-04 | loss=14.320210
Epoch 005 | Step 740 | lr=9.045085e-04 | loss=14.681870
Epoch 005 | Step 750 | lr=9.045085e-04 | loss=14.902452
Epoch 005 | Step 760 | lr=9.045085e-04 | loss=16.562000
Epoch 005 | Step 770 | lr=9.045085e-04 | loss=15.887398
Epoch 005 | Step 780 | lr=9.045085e-04 | loss=15.961790
Epoch 005 | Step 790 | lr=9.045085e-04 | loss=15.782230
Epoch 005 | Step 800 | lr=9.045085e-04 | loss=17.534122
Epoch 005 | Step 810 | lr=9.045085e-04 | loss=15.679634
Epoch 005 | Step 820 | lr=9.045085e-04 | loss=14.284288
Epoch 005 | Step 830 | lr=9.045085e-04 | loss=16.349098
Epoch 005 | Step 840 | lr=9.045085e-04 | loss=14.656209
Epoch 005 | Step 850 | lr=9.045085e-04 | loss=17.341726
Epoch 005 | Step 860 | lr=9.045085e-04 | loss=17.977844
Epoch 005 | Step 870 | lr=9.045085e-04 | loss=16.867214
Epoch 005 | Step 880 | lr=9.045085e-04 | loss=14.658802
Epoch 005 | Step 890 | lr=9.045085e-04 | loss=14.879362
Epoch 005 | Step 900 | lr=9.045085e-04 | loss=16.736393
Epoch 005 | Step 910 | lr=9.045085e-04 | loss=15.438528
Epoch 005 | Step 920 | lr=9.045085e-04 | loss=15.071756
Epoch 005 | Step 930 | lr=9.045085e-04 | loss=15.335920
Epoch 005 | Step 940 | lr=9.045085e-04 | loss=17.590532
Epoch 005 | Step 950 | lr=9.045085e-04 | loss=14.697260
Epoch 005 | Step 960 | lr=9.045085e-04 | loss=17.603350
epoch 005 | train_kld=17.128051 | val_kld=6.691503 | val_mae=0.014988 | val_mse=0.001653 | ord_acc@10=0.2022 | recall@10=0.8104
Epoch 006 | Step 10 | lr=8.535534e-04 | loss=14.225304
Epoch 006 | Step 20 | lr=8.535534e-04 | loss=15.487267
Epoch 006 | Step 30 | lr=8.535534e-04 | loss=16.669704
Epoch 006 | Step 40 | lr=8.535534e-04 | loss=16.356777
Epoch 006 | Step 50 | lr=8.535534e-04 | loss=15.366701
Epoch 006 | Step 60 | lr=8.535534e-04 | loss=18.136879
Epoch 006 | Step 70 | lr=8.535534e-04 | loss=15.489828
Epoch 006 | Step 80 | lr=8.535534e-04 | loss=14.099609
Epoch 006 | Step 90 | lr=8.535534e-04 | loss=15.723234
Epoch 006 | Step 100 | lr=8.535534e-04 | loss=16.959545
Epoch 006 | Step 110 | lr=8.535534e-04 | loss=15.371830
Epoch 006 | Step 120 | lr=8.535534e-04 | loss=15.933563
Epoch 006 | Step 130 | lr=8.535534e-04 | loss=16.972372
Epoch 006 | Step 140 | lr=8.535534e-04 | loss=14.822929
Epoch 006 | Step 150 | lr=8.535534e-04 | loss=16.118238
Epoch 006 | Step 160 | lr=8.535534e-04 | loss=15.869435
Epoch 006 | Step 170 | lr=8.535534e-04 | loss=16.631233
Epoch 006 | Step 180 | lr=8.535534e-04 | loss=17.926537
Epoch 006 | Step 190 | lr=8.535534e-04 | loss=14.520285
Epoch 006 | Step 200 | lr=8.535534e-04 | loss=16.331125
Epoch 006 | Step 210 | lr=8.535534e-04 | loss=15.243582
Epoch 006 | Step 220 | lr=8.535534e-04 | loss=15.371830
Epoch 006 | Step 230 | lr=8.535534e-04 | loss=15.028125
Epoch 006 | Step 240 | lr=8.535534e-04 | loss=17.021101
Epoch 006 | Step 250 | lr=8.535534e-04 | loss=16.400383
Epoch 006 | Step 260 | lr=8.535534e-04 | loss=14.943481
Epoch 006 | Step 270 | lr=8.535534e-04 | loss=16.377296
Epoch 006 | Step 280 | lr=8.535534e-04 | loss=17.323769
Epoch 006 | Step 290 | lr=8.535534e-04 | loss=15.869434
Epoch 006 | Step 300 | lr=8.535534e-04 | loss=16.274698
Epoch 006 | Step 310 | lr=8.535534e-04 | loss=17.434061
Epoch 006 | Step 320 | lr=8.535534e-04 | loss=15.736055
Epoch 006 | Step 330 | lr=8.535534e-04 | loss=15.697580
Epoch 006 | Step 340 | lr=8.535534e-04 | loss=14.899877
Epoch 006 | Step 350 | lr=8.535534e-04 | loss=15.779659
Epoch 006 | Step 360 | lr=8.535534e-04 | loss=16.692787
Epoch 006 | Step 370 | lr=8.535534e-04 | loss=15.589853
Epoch 006 | Step 380 | lr=8.535534e-04 | loss=15.071730
Epoch 006 | Step 390 | lr=8.535534e-04 | loss=16.033590
Epoch 006 | Step 400 | lr=8.535534e-04 | loss=16.107975
Epoch 006 | Step 410 | lr=8.535534e-04 | loss=15.356441
Epoch 006 | Step 420 | lr=8.535534e-04 | loss=14.620296
Epoch 006 | Step 430 | lr=8.535534e-04 | loss=16.713306
Epoch 006 | Step 440 | lr=8.535534e-04 | loss=15.995118
Epoch 006 | Step 450 | lr=8.535534e-04 | loss=16.541456
Epoch 006 | Step 460 | lr=8.535534e-04 | loss=16.941593
Epoch 006 | Step 470 | lr=8.535534e-04 | loss=15.605244
Epoch 006 | Step 480 | lr=8.535534e-04 | loss=14.158602
Epoch 006 | Step 490 | lr=8.535534e-04 | loss=14.479223
Epoch 006 | Step 500 | lr=8.535534e-04 | loss=16.615837
Epoch 006 | Step 510 | lr=8.535534e-04 | loss=15.823263
Epoch 006 | Step 520 | lr=8.535534e-04 | loss=15.559072
Epoch 006 | Step 530 | lr=8.535534e-04 | loss=16.182362
Epoch 006 | Step 540 | lr=8.535534e-04 | loss=15.528293
Epoch 006 | Step 550 | lr=8.535534e-04 | loss=15.235888
Epoch 006 | Step 560 | lr=8.535534e-04 | loss=15.379525
Epoch 006 | Step 570 | lr=8.535534e-04 | loss=13.843111
Epoch 006 | Step 580 | lr=8.535534e-04 | loss=15.223063
Epoch 006 | Step 590 | lr=8.535534e-04 | loss=16.505545
Epoch 006 | Step 600 | lr=8.535534e-04 | loss=15.897647
Epoch 006 | Step 610 | lr=8.535534e-04 | loss=18.295891
Epoch 006 | Step 620 | lr=8.535534e-04 | loss=15.610373
Epoch 006 | Step 630 | lr=8.535534e-04 | loss=15.553942
Epoch 006 | Step 640 | lr=8.535534e-04 | loss=17.003147
Epoch 006 | Step 650 | lr=8.535534e-04 | loss=16.043850
Epoch 006 | Step 660 | lr=8.535534e-04 | loss=16.418335
Epoch 006 | Step 670 | lr=8.535534e-04 | loss=14.766499
Epoch 006 | Step 680 | lr=8.535534e-04 | loss=13.920061
Epoch 006 | Step 690 | lr=8.535534e-04 | loss=16.944153
Epoch 006 | Step 700 | lr=8.535534e-04 | loss=17.049316
Epoch 006 | Step 710 | lr=8.535534e-04 | loss=16.364471
Epoch 006 | Step 720 | lr=8.535534e-04 | loss=16.295218
Epoch 006 | Step 730 | lr=8.535534e-04 | loss=14.566431
Epoch 006 | Step 740 | lr=8.535534e-04 | loss=17.277599
Epoch 006 | Step 750 | lr=8.535534e-04 | loss=16.251614
Epoch 006 | Step 760 | lr=8.535534e-04 | loss=16.038721
Epoch 006 | Step 770 | lr=8.535534e-04 | loss=15.369267
Epoch 006 | Step 780 | lr=8.535534e-04 | loss=18.811447
Epoch 006 | Step 790 | lr=8.535534e-04 | loss=16.567104
Epoch 006 | Step 800 | lr=8.535534e-04 | loss=15.546247
Epoch 006 | Step 810 | lr=8.535534e-04 | loss=14.984520
Epoch 006 | Step 820 | lr=8.535534e-04 | loss=15.251277
Epoch 006 | Step 830 | lr=8.535534e-04 | loss=14.738284
Epoch 006 | Step 840 | lr=8.535534e-04 | loss=17.354548
Epoch 006 | Step 850 | lr=8.535534e-04 | loss=14.656206
Epoch 006 | Step 860 | lr=8.535534e-04 | loss=16.149015
Epoch 006 | Step 870 | lr=8.535534e-04 | loss=16.936459
Epoch 006 | Step 880 | lr=8.535534e-04 | loss=14.656205
Epoch 006 | Step 890 | lr=8.535534e-04 | loss=16.741520
Epoch 006 | Step 900 | lr=8.535534e-04 | loss=17.136526
Epoch 006 | Step 910 | lr=8.535534e-04 | loss=14.622860
Epoch 006 | Step 920 | lr=8.535534e-04 | loss=15.492383
Epoch 006 | Step 930 | lr=8.535534e-04 | loss=14.307370
Epoch 006 | Step 940 | lr=8.535534e-04 | loss=15.010170
Epoch 006 | Step 950 | lr=8.535534e-04 | loss=15.420565
Epoch 006 | Step 960 | lr=8.535534e-04 | loss=16.184925
epoch 006 | train_kld=16.016947 | val_kld=6.589229 | val_mae=0.014989 | val_mse=0.001653 | ord_acc@10=0.2076 | recall@10=0.8125
Epoch 007 | Step 10 | lr=7.938926e-04 | loss=17.564877
Epoch 007 | Step 20 | lr=7.938926e-04 | loss=17.965010
Epoch 007 | Step 30 | lr=7.938926e-04 | loss=16.590187
Epoch 007 | Step 40 | lr=7.938926e-04 | loss=15.636022
Epoch 007 | Step 50 | lr=7.938926e-04 | loss=15.861738
Epoch 007 | Step 60 | lr=7.938926e-04 | loss=14.887052
Epoch 007 | Step 70 | lr=7.938926e-04 | loss=15.158938
Epoch 007 | Step 80 | lr=7.938926e-04 | loss=17.074966
Epoch 007 | Step 90 | lr=7.938926e-04 | loss=15.533423
Epoch 007 | Step 100 | lr=7.938926e-04 | loss=15.456474
Epoch 007 | Step 110 | lr=7.938926e-04 | loss=17.788029
Epoch 007 | Step 120 | lr=7.938926e-04 | loss=15.230757
Epoch 007 | Step 130 | lr=7.938926e-04 | loss=15.856609
Epoch 007 | Step 140 | lr=7.938926e-04 | loss=15.051210
Epoch 007 | Step 150 | lr=7.938926e-04 | loss=15.525727
Epoch 007 | Step 160 | lr=7.938926e-04 | loss=16.415770
Epoch 007 | Step 170 | lr=7.938926e-04 | loss=15.143547
Epoch 007 | Step 180 | lr=7.938926e-04 | loss=19.516811
Epoch 007 | Step 190 | lr=7.938926e-04 | loss=15.366700
Epoch 007 | Step 200 | lr=7.938926e-04 | loss=17.716208
Epoch 007 | Step 210 | lr=7.938926e-04 | loss=16.538889
Epoch 007 | Step 220 | lr=7.938926e-04 | loss=16.577362
Epoch 007 | Step 230 | lr=7.938926e-04 | loss=16.038721
Epoch 007 | Step 240 | lr=7.938926e-04 | loss=17.377632
Epoch 007 | Step 250 | lr=7.938926e-04 | loss=14.140648
Epoch 007 | Step 260 | lr=7.938926e-04 | loss=16.613274
Epoch 007 | Step 270 | lr=7.938926e-04 | loss=15.759140
Epoch 007 | Step 280 | lr=7.938926e-04 | loss=14.733154
Epoch 007 | Step 290 | lr=7.938926e-04 | loss=16.369602
Epoch 007 | Step 300 | lr=7.938926e-04 | loss=16.002811
Epoch 007 | Step 310 | lr=7.938926e-04 | loss=15.684756
Epoch 007 | Step 320 | lr=7.938926e-04 | loss=16.721001
Epoch 007 | Step 330 | lr=7.938926e-04 | loss=16.246483
Epoch 007 | Step 340 | lr=7.938926e-04 | loss=16.710743
Epoch 007 | Step 350 | lr=7.938926e-04 | loss=16.020767
Epoch 007 | Step 360 | lr=7.938926e-04 | loss=16.913372
Epoch 007 | Step 370 | lr=7.938926e-04 | loss=14.928091
Epoch 007 | Step 380 | lr=7.938926e-04 | loss=14.964001
Epoch 007 | Step 390 | lr=7.938926e-04 | loss=15.225628
Epoch 007 | Step 400 | lr=7.938926e-04 | loss=20.286301
Epoch 007 | Step 410 | lr=7.938926e-04 | loss=16.023331
Epoch 007 | Step 420 | lr=7.938926e-04 | loss=17.198086
Epoch 007 | Step 430 | lr=7.938926e-04 | loss=17.457146
Epoch 007 | Step 440 | lr=7.938926e-04 | loss=16.328564
Epoch 007 | Step 450 | lr=7.938926e-04 | loss=15.969467
Epoch 007 | Step 460 | lr=7.938926e-04 | loss=18.444658
Epoch 007 | Step 470 | lr=7.938926e-04 | loss=14.330455
Epoch 007 | Step 480 | lr=7.938926e-04 | loss=16.541454
Epoch 007 | Step 490 | lr=7.938926e-04 | loss=15.782225
Epoch 007 | Step 500 | lr=7.938926e-04 | loss=16.764605
Epoch 007 | Step 510 | lr=7.938926e-04 | loss=17.080095
Epoch 007 | Step 520 | lr=7.938926e-04 | loss=15.233321
Epoch 007 | Step 530 | lr=7.938926e-04 | loss=14.828058
Epoch 007 | Step 540 | lr=7.938926e-04 | loss=15.718101
Epoch 007 | Step 550 | lr=7.938926e-04 | loss=17.041622
Epoch 007 | Step 560 | lr=7.938926e-04 | loss=15.233322
Epoch 007 | Step 570 | lr=7.938926e-04 | loss=17.028797
Epoch 007 | Step 580 | lr=7.938926e-04 | loss=15.902778
Epoch 007 | Step 590 | lr=7.938926e-04 | loss=14.643380
Epoch 007 | Step 600 | lr=7.938926e-04 | loss=15.677061
Epoch 007 | Step 610 | lr=7.938926e-04 | loss=16.526064
Epoch 007 | Step 620 | lr=7.938926e-04 | loss=16.013069
Epoch 007 | Step 630 | lr=7.938926e-04 | loss=16.872334
Epoch 007 | Step 640 | lr=7.938926e-04 | loss=15.382090
Epoch 007 | Step 650 | lr=7.938926e-04 | loss=17.208344
Epoch 007 | Step 660 | lr=7.938926e-04 | loss=16.513241
Epoch 007 | Step 670 | lr=7.938926e-04 | loss=14.840883
Epoch 007 | Step 680 | lr=7.938926e-04 | loss=16.662008
Epoch 007 | Step 690 | lr=7.938926e-04 | loss=15.784790
Epoch 007 | Step 700 | lr=7.938926e-04 | loss=16.225964
Epoch 007 | Step 710 | lr=7.938926e-04 | loss=14.846013
Epoch 007 | Step 720 | lr=7.938926e-04 | loss=16.795387
Epoch 007 | Step 730 | lr=7.938926e-04 | loss=15.441084
Epoch 007 | Step 740 | lr=7.938926e-04 | loss=15.905342
Epoch 007 | Step 750 | lr=7.938926e-04 | loss=15.084555
Epoch 007 | Step 760 | lr=7.938926e-04 | loss=15.425694
Epoch 007 | Step 770 | lr=7.938926e-04 | loss=16.225964
Epoch 007 | Step 780 | lr=7.938926e-04 | loss=17.003147
Epoch 007 | Step 790 | lr=7.938926e-04 | loss=17.693123
Epoch 007 | Step 800 | lr=7.938926e-04 | loss=16.297783
Epoch 007 | Step 810 | lr=7.938926e-04 | loss=16.115669
Epoch 007 | Step 820 | lr=7.938926e-04 | loss=16.277262
Epoch 007 | Step 830 | lr=7.938926e-04 | loss=18.639595
Epoch 007 | Step 840 | lr=7.938926e-04 | loss=16.364471
Epoch 007 | Step 850 | lr=7.938926e-04 | loss=15.946383
Epoch 007 | Step 860 | lr=7.938926e-04 | loss=16.705612
Epoch 007 | Step 870 | lr=7.938926e-04 | loss=16.367035
Epoch 007 | Step 880 | lr=7.938926e-04 | loss=15.779659
Epoch 007 | Step 890 | lr=7.938926e-04 | loss=16.054111
Epoch 007 | Step 900 | lr=7.938926e-04 | loss=16.051546
Epoch 007 | Step 910 | lr=7.938926e-04 | loss=16.762039
Epoch 007 | Step 920 | lr=7.938926e-04 | loss=15.877129
Epoch 007 | Step 930 | lr=7.938926e-04 | loss=14.989651
Epoch 007 | Step 940 | lr=7.938926e-04 | loss=15.910473
Epoch 007 | Step 950 | lr=7.938926e-04 | loss=15.738619
Epoch 007 | Step 960 | lr=7.938926e-04 | loss=16.297783
epoch 007 | train_kld=16.135131 | val_kld=6.786195 | val_mae=0.014989 | val_mse=0.001653 | ord_acc@10=0.2074 | recall@10=0.8104
Epoch 008 | Step 10 | lr=7.269952e-04 | loss=14.474092
Epoch 008 | Step 20 | lr=7.269952e-04 | loss=16.792820
Epoch 008 | Step 30 | lr=7.269952e-04 | loss=15.997683
Epoch 008 | Step 40 | lr=7.269952e-04 | loss=16.682526
Epoch 008 | Step 50 | lr=7.269952e-04 | loss=15.153809
Epoch 008 | Step 60 | lr=7.269952e-04 | loss=15.474429
Epoch 008 | Step 70 | lr=7.269952e-04 | loss=14.951176
Epoch 008 | Step 80 | lr=7.269952e-04 | loss=16.977497
Epoch 008 | Step 90 | lr=7.269952e-04 | loss=16.718437
Epoch 008 | Step 100 | lr=7.269952e-04 | loss=17.051882
Epoch 008 | Step 110 | lr=7.269952e-04 | loss=16.585058
Epoch 008 | Step 120 | lr=7.269952e-04 | loss=16.659443
Epoch 008 | Step 130 | lr=7.269952e-04 | loss=17.454582
Epoch 008 | Step 140 | lr=7.269952e-04 | loss=15.248713
Epoch 008 | Step 150 | lr=7.269952e-04 | loss=15.751445
Epoch 008 | Step 160 | lr=7.269952e-04 | loss=16.269567
Epoch 008 | Step 170 | lr=7.269952e-04 | loss=16.215702
Epoch 008 | Step 180 | lr=7.269952e-04 | loss=17.485361
Epoch 008 | Step 190 | lr=7.269952e-04 | loss=17.239124
Epoch 008 | Step 200 | lr=7.269952e-04 | loss=18.393356
Epoch 008 | Step 210 | lr=7.269952e-04 | loss=14.576692
Epoch 008 | Step 220 | lr=7.269952e-04 | loss=14.966566
Epoch 008 | Step 230 | lr=7.269952e-04 | loss=15.836089
Epoch 008 | Step 240 | lr=7.269952e-04 | loss=15.212803
Epoch 008 | Step 250 | lr=7.269952e-04 | loss=15.189718
Epoch 008 | Step 260 | lr=7.269952e-04 | loss=15.830958
Epoch 008 | Step 270 | lr=7.269952e-04 | loss=14.725459
Epoch 008 | Step 280 | lr=7.269952e-04 | loss=16.310608
Epoch 008 | Step 290 | lr=7.269952e-04 | loss=15.954077
Epoch 008 | Step 300 | lr=7.269952e-04 | loss=15.871998
Epoch 008 | Step 310 | lr=7.269952e-04 | loss=16.241354
Epoch 008 | Step 320 | lr=7.269952e-04 | loss=18.644726
Epoch 008 | Step 330 | lr=7.269952e-04 | loss=15.341051
Epoch 008 | Step 340 | lr=7.269952e-04 | loss=16.423466
Epoch 008 | Step 350 | lr=7.269952e-04 | loss=16.644053
Epoch 008 | Step 360 | lr=7.269952e-04 | loss=16.046415
Epoch 008 | Step 370 | lr=7.269952e-04 | loss=16.510674
Epoch 008 | Step 380 | lr=7.269952e-04 | loss=16.433723
Epoch 008 | Step 390 | lr=7.269952e-04 | loss=14.522827
Epoch 008 | Step 400 | lr=7.269952e-04 | loss=15.861738
Epoch 008 | Step 410 | lr=7.269952e-04 | loss=14.212466
Epoch 008 | Step 420 | lr=7.269952e-04 | loss=15.387220
Epoch 008 | Step 430 | lr=7.269952e-04 | loss=16.272133
Epoch 008 | Step 440 | lr=7.269952e-04 | loss=16.595318
Epoch 008 | Step 450 | lr=7.269952e-04 | loss=15.977161
Epoch 008 | Step 460 | lr=7.269952e-04 | loss=15.289752
Epoch 008 | Step 470 | lr=7.269952e-04 | loss=16.231094
Epoch 008 | Step 480 | lr=7.269952e-04 | loss=15.405174
Epoch 008 | Step 490 | lr=7.269952e-04 | loss=17.162174
Epoch 008 | Step 500 | lr=7.269952e-04 | loss=15.300011
Epoch 008 | Step 510 | lr=7.269952e-04 | loss=16.428596
Epoch 008 | Step 520 | lr=7.269952e-04 | loss=15.882257
Epoch 008 | Step 530 | lr=7.269952e-04 | loss=14.627991
Epoch 008 | Step 540 | lr=7.269952e-04 | loss=16.249048
Epoch 008 | Step 550 | lr=7.269952e-04 | loss=16.762041
Epoch 008 | Step 560 | lr=7.269952e-04 | loss=16.408077
Epoch 008 | Step 570 | lr=7.269952e-04 | loss=16.328562
Epoch 008 | Step 580 | lr=7.269952e-04 | loss=17.398151
Epoch 008 | Step 590 | lr=7.269952e-04 | loss=15.343616
Epoch 008 | Step 600 | lr=7.269952e-04 | loss=14.951177
Epoch 008 | Step 610 | lr=7.269952e-04 | loss=16.769735
Epoch 008 | Step 620 | lr=7.269952e-04 | loss=16.520935
Epoch 008 | Step 630 | lr=7.269952e-04 | loss=16.577362
Epoch 008 | Step 640 | lr=7.269952e-04 | loss=16.785126
Epoch 008 | Step 650 | lr=7.269952e-04 | loss=15.810440
Epoch 008 | Step 660 | lr=7.269952e-04 | loss=17.449453
Epoch 008 | Step 670 | lr=7.269952e-04 | loss=14.625426
Epoch 008 | Step 680 | lr=7.269952e-04 | loss=16.323433
Epoch 008 | Step 690 | lr=7.269952e-04 | loss=15.564202
Epoch 008 | Step 700 | lr=7.269952e-04 | loss=16.210573
Epoch 008 | Step 710 | lr=7.269952e-04 | loss=14.881922
Epoch 008 | Step 720 | lr=7.269952e-04 | loss=17.267338
Epoch 008 | Step 730 | lr=7.269952e-04 | loss=16.931328
Epoch 008 | Step 740 | lr=7.269952e-04 | loss=16.046417
Epoch 008 | Step 750 | lr=7.269952e-04 | loss=16.515804
Epoch 008 | Step 760 | lr=7.269952e-04 | loss=15.525727
Epoch 008 | Step 770 | lr=7.269952e-04 | loss=14.748544
Epoch 008 | Step 780 | lr=7.269952e-04 | loss=14.676725
Epoch 008 | Step 790 | lr=7.269952e-04 | loss=16.764606
Epoch 008 | Step 800 | lr=7.269952e-04 | loss=14.961436
Epoch 008 | Step 810 | lr=7.269952e-04 | loss=14.917831
Epoch 008 | Step 820 | lr=7.269952e-04 | loss=15.977161
Epoch 008 | Step 830 | lr=7.269952e-04 | loss=15.771965
Epoch 008 | Step 840 | lr=7.269952e-04 | loss=17.249384
Epoch 008 | Step 850 | lr=7.269952e-04 | loss=16.002811
Epoch 008 | Step 860 | lr=7.269952e-04 | loss=14.887053
Epoch 008 | Step 870 | lr=7.269952e-04 | loss=16.441420
Epoch 008 | Step 880 | lr=7.269952e-04 | loss=17.498184
Epoch 008 | Step 890 | lr=7.269952e-04 | loss=16.313171
Epoch 008 | Step 900 | lr=7.269952e-04 | loss=14.684420
Epoch 008 | Step 910 | lr=7.269952e-04 | loss=16.018200
Epoch 008 | Step 920 | lr=7.269952e-04 | loss=16.669701
Epoch 008 | Step 930 | lr=7.269952e-04 | loss=17.110876
Epoch 008 | Step 940 | lr=7.269952e-04 | loss=15.592417
Epoch 008 | Step 950 | lr=7.269952e-04 | loss=17.952183
Epoch 008 | Step 960 | lr=7.269952e-04 | loss=17.257080
epoch 008 | train_kld=16.175361 | val_kld=6.315772 | val_mae=0.014989 | val_mse=0.001653 | ord_acc@10=0.2135 | recall@10=0.8172
Epoch 009 | Step 10 | lr=6.545085e-04 | loss=16.603012
Epoch 009 | Step 20 | lr=6.545085e-04 | loss=17.421236
Epoch 009 | Step 30 | lr=6.545085e-04 | loss=15.936123
Epoch 009 | Step 40 | lr=6.545085e-04 | loss=15.092249
Epoch 009 | Step 50 | lr=6.545085e-04 | loss=17.033928
Epoch 009 | Step 60 | lr=6.545085e-04 | loss=15.502644
Epoch 009 | Step 70 | lr=6.545085e-04 | loss=15.833524
Epoch 009 | Step 80 | lr=6.545085e-04 | loss=15.930993
Epoch 009 | Step 90 | lr=6.545085e-04 | loss=14.643381
Epoch 009 | Step 100 | lr=6.545085e-04 | loss=16.377296
Epoch 009 | Step 110 | lr=6.545085e-04 | loss=15.220497
Epoch 009 | Step 120 | lr=6.545085e-04 | loss=15.636022
Epoch 009 | Step 130 | lr=6.545085e-04 | loss=18.637030
Epoch 009 | Step 140 | lr=6.545085e-04 | loss=15.489819
Epoch 009 | Step 150 | lr=6.545085e-04 | loss=16.102844
Epoch 009 | Step 160 | lr=6.545085e-04 | loss=16.882593
Epoch 009 | Step 170 | lr=6.545085e-04 | loss=16.677397
Epoch 009 | Step 180 | lr=6.545085e-04 | loss=17.049316
Epoch 009 | Step 190 | lr=6.545085e-04 | loss=14.722895
Epoch 009 | Step 200 | lr=6.545085e-04 | loss=15.228192
Epoch 009 | Step 210 | lr=6.545085e-04 | loss=15.507773
Epoch 009 | Step 220 | lr=6.545085e-04 | loss=16.826164
Epoch 009 | Step 230 | lr=6.545085e-04 | loss=15.643717
Epoch 009 | Step 240 | lr=6.545085e-04 | loss=16.890289
Epoch 009 | Step 250 | lr=6.545085e-04 | loss=16.059240
Epoch 009 | Step 260 | lr=6.545085e-04 | loss=15.012735
Epoch 009 | Step 270 | lr=6.545085e-04 | loss=15.156372
Epoch 009 | Step 280 | lr=6.545085e-04 | loss=16.554279
Epoch 009 | Step 290 | lr=6.545085e-04 | loss=15.010170
Epoch 009 | Step 300 | lr=6.545085e-04 | loss=15.666801
Epoch 009 | Step 310 | lr=6.545085e-04 | loss=15.818134
Epoch 009 | Step 320 | lr=6.545085e-04 | loss=15.910473
Epoch 009 | Step 330 | lr=6.545085e-04 | loss=16.082325
Epoch 009 | Step 340 | lr=6.545085e-04 | loss=16.469635
Epoch 009 | Step 350 | lr=6.545085e-04 | loss=15.451344
Epoch 009 | Step 360 | lr=6.545085e-04 | loss=15.423129
Epoch 009 | Step 370 | lr=6.545085e-04 | loss=15.854044
Epoch 009 | Step 380 | lr=6.545085e-04 | loss=15.097380
Epoch 009 | Step 390 | lr=6.545085e-04 | loss=16.095150
Epoch 009 | Step 400 | lr=6.545085e-04 | loss=15.215368
Epoch 009 | Step 410 | lr=6.545085e-04 | loss=16.492720
Epoch 009 | Step 420 | lr=6.545085e-04 | loss=14.209902
Epoch 009 | Step 430 | lr=6.545085e-04 | loss=16.610708
Epoch 009 | Step 440 | lr=6.545085e-04 | loss=15.854044
Epoch 009 | Step 450 | lr=6.545085e-04 | loss=14.822927
Epoch 009 | Step 460 | lr=6.545085e-04 | loss=15.261538
Epoch 009 | Step 470 | lr=6.545085e-04 | loss=16.821035
Epoch 009 | Step 480 | lr=6.545085e-04 | loss=15.138418
Epoch 009 | Step 490 | lr=6.545085e-04 | loss=15.451344
Epoch 009 | Step 500 | lr=6.545085e-04 | loss=17.759811
Epoch 009 | Step 510 | lr=6.545085e-04 | loss=17.157043
Epoch 009 | Step 520 | lr=6.545085e-04 | loss=15.751444
Epoch 009 | Step 530 | lr=6.545085e-04 | loss=14.689550
Epoch 009 | Step 540 | lr=6.545085e-04 | loss=15.992552
Epoch 009 | Step 550 | lr=6.545085e-04 | loss=15.807875
Epoch 009 | Step 560 | lr=6.545085e-04 | loss=17.705948
Epoch 009 | Step 570 | lr=6.545085e-04 | loss=16.084890
Epoch 009 | Step 580 | lr=6.545085e-04 | loss=16.592754
Epoch 009 | Step 590 | lr=6.545085e-04 | loss=15.979727
Epoch 009 | Step 600 | lr=6.545085e-04 | loss=16.690222
Epoch 009 | Step 610 | lr=6.545085e-04 | loss=16.297783
Epoch 009 | Step 620 | lr=6.545085e-04 | loss=16.397816
Epoch 009 | Step 630 | lr=6.545085e-04 | loss=14.581821
Epoch 009 | Step 640 | lr=6.545085e-04 | loss=16.100281
Epoch 009 | Step 650 | lr=6.545085e-04 | loss=15.997682
Epoch 009 | Step 660 | lr=6.545085e-04 | loss=16.056675
Epoch 009 | Step 670 | lr=6.545085e-04 | loss=16.774864
Epoch 009 | Step 680 | lr=6.545085e-04 | loss=14.712634
Epoch 009 | Step 690 | lr=6.545085e-04 | loss=16.354210
Epoch 009 | Step 700 | lr=6.545085e-04 | loss=16.046415
Epoch 009 | Step 710 | lr=6.545085e-04 | loss=18.749889
Epoch 009 | Step 720 | lr=6.545085e-04 | loss=16.672268
Epoch 009 | Step 730 | lr=6.545085e-04 | loss=15.158938
Epoch 009 | Step 740 | lr=6.545085e-04 | loss=17.452015
Epoch 009 | Step 750 | lr=6.545085e-04 | loss=13.814898
Epoch 009 | Step 760 | lr=6.545085e-04 | loss=17.736729
Epoch 009 | Step 770 | lr=6.545085e-04 | loss=15.312836
Epoch 009 | Step 780 | lr=6.545085e-04 | loss=15.838654
Epoch 009 | Step 790 | lr=6.545085e-04 | loss=15.841219
Epoch 009 | Step 800 | lr=6.545085e-04 | loss=15.689886
Epoch 009 | Step 810 | lr=6.545085e-04 | loss=15.397480
Epoch 009 | Step 820 | lr=6.545085e-04 | loss=14.917831
Epoch 009 | Step 830 | lr=6.545085e-04 | loss=16.690222
Epoch 009 | Step 840 | lr=6.545085e-04 | loss=15.228192
Epoch 009 | Step 850 | lr=6.545085e-04 | loss=16.187489
Epoch 009 | Step 860 | lr=6.545085e-04 | loss=15.223063
Epoch 009 | Step 870 | lr=6.545085e-04 | loss=16.356777
Epoch 009 | Step 880 | lr=6.545085e-04 | loss=16.118235
Epoch 009 | Step 890 | lr=6.545085e-04 | loss=16.092585
Epoch 009 | Step 900 | lr=6.545085e-04 | loss=16.059240
Epoch 009 | Step 910 | lr=6.545085e-04 | loss=15.592417
Epoch 009 | Step 920 | lr=6.545085e-04 | loss=17.847019
Epoch 009 | Step 930 | lr=6.545085e-04 | loss=18.944824
Epoch 009 | Step 940 | lr=6.545085e-04 | loss=14.653640
Epoch 009 | Step 950 | lr=6.545085e-04 | loss=16.633793
Epoch 009 | Step 960 | lr=6.545085e-04 | loss=16.626099
epoch 009 | train_kld=16.059099 | val_kld=6.614407 | val_mae=0.014989 | val_mse=0.001653 | ord_acc@10=0.2192 | recall@10=0.8137
Epoch 010 | Step 10 | lr=5.782172e-04 | loss=15.989986
Epoch 010 | Step 20 | lr=5.782172e-04 | loss=15.756576
Epoch 010 | Step 30 | lr=5.782172e-04 | loss=16.880030
Epoch 010 | Step 40 | lr=5.782172e-04 | loss=16.331127
Epoch 010 | Step 50 | lr=5.782172e-04 | loss=16.885159
Epoch 010 | Step 60 | lr=5.782172e-04 | loss=15.548813
Epoch 010 | Step 70 | lr=5.782172e-04 | loss=16.410641
Epoch 010 | Step 80 | lr=5.782172e-04 | loss=15.389784
Epoch 010 | Step 90 | lr=5.782172e-04 | loss=17.413542
Epoch 010 | Step 100 | lr=5.782172e-04 | loss=15.728360
Epoch 010 | Step 110 | lr=5.782172e-04 | loss=15.907907
Epoch 010 | Step 120 | lr=5.782172e-04 | loss=15.671932
Epoch 010 | Step 130 | lr=5.782172e-04 | loss=14.025225
Epoch 010 | Step 140 | lr=5.782172e-04 | loss=16.218269
Epoch 010 | Step 150 | lr=5.782172e-04 | loss=15.933558
Epoch 010 | Step 160 | lr=5.782172e-04 | loss=15.848913
Epoch 010 | Step 170 | lr=5.782172e-04 | loss=15.199978
Epoch 010 | Step 180 | lr=5.782172e-04 | loss=15.276926
Epoch 010 | Step 190 | lr=5.782172e-04 | loss=15.802744
Epoch 010 | Step 200 | lr=5.782172e-04 | loss=15.836088
Epoch 010 | Step 210 | lr=5.782172e-04 | loss=15.084555
Epoch 010 | Step 220 | lr=5.782172e-04 | loss=15.597546
Epoch 010 | Step 230 | lr=5.782172e-04 | loss=15.187152
Epoch 010 | Step 240 | lr=5.782172e-04 | loss=15.330791
Epoch 010 | Step 250 | lr=5.782172e-04 | loss=15.989986
Epoch 010 | Step 260 | lr=5.782172e-04 | loss=16.536324
Epoch 010 | Step 270 | lr=5.782172e-04 | loss=16.890289
Epoch 010 | Step 280 | lr=5.782172e-04 | loss=16.143885
Epoch 010 | Step 290 | lr=5.782172e-04 | loss=17.154480
Epoch 010 | Step 300 | lr=5.782172e-04 | loss=16.851814
Epoch 010 | Step 310 | lr=5.782172e-04 | loss=16.641487
Epoch 010 | Step 320 | lr=5.782172e-04 | loss=16.413204
Epoch 010 | Step 330 | lr=5.782172e-04 | loss=15.453909
Epoch 010 | Step 340 | lr=5.782172e-04 | loss=17.046751
Epoch 010 | Step 350 | lr=5.782172e-04 | loss=15.843783
Epoch 010 | Step 360 | lr=5.782172e-04 | loss=16.292652
Epoch 010 | Step 370 | lr=5.782172e-04 | loss=16.136189
Epoch 010 | Step 380 | lr=5.782172e-04 | loss=15.543682
Epoch 010 | Step 390 | lr=5.782172e-04 | loss=15.361570
Epoch 010 | Step 400 | lr=5.782172e-04 | loss=17.416107
Epoch 010 | Step 410 | lr=5.782172e-04 | loss=14.374059
Epoch 010 | Step 420 | lr=5.782172e-04 | loss=17.444321
Epoch 010 | Step 430 | lr=5.782172e-04 | loss=16.474766
Epoch 010 | Step 440 | lr=5.782172e-04 | loss=15.164068
Epoch 010 | Step 450 | lr=5.782172e-04 | loss=16.764606
Epoch 010 | Step 460 | lr=5.782172e-04 | loss=14.981956
Epoch 010 | Step 470 | lr=5.782172e-04 | loss=15.484689
Epoch 010 | Step 480 | lr=5.782172e-04 | loss=17.275032
Epoch 010 | Step 490 | lr=5.782172e-04 | loss=15.861737
Epoch 010 | Step 500 | lr=5.782172e-04 | loss=16.179794
Epoch 010 | Step 510 | lr=5.782172e-04 | loss=15.797614
Epoch 010 | Step 520 | lr=5.782172e-04 | loss=14.807538
Epoch 010 | Step 530 | lr=5.782172e-04 | loss=15.738621
Epoch 010 | Step 540 | lr=5.782172e-04 | loss=16.395250
Epoch 010 | Step 550 | lr=5.782172e-04 | loss=16.079762
Epoch 010 | Step 560 | lr=5.782172e-04 | loss=15.328226
Epoch 010 | Step 570 | lr=5.782172e-04 | loss=16.869770
Epoch 010 | Step 580 | lr=5.782172e-04 | loss=14.779324
Epoch 010 | Step 590 | lr=5.782172e-04 | loss=18.057346
Epoch 010 | Step 600 | lr=5.782172e-04 | loss=15.741184
Epoch 010 | Step 610 | lr=5.782172e-04 | loss=15.802745
Epoch 010 | Step 620 | lr=5.782172e-04 | loss=14.889618
Epoch 010 | Step 630 | lr=5.782172e-04 | loss=17.198086
Epoch 010 | Step 640 | lr=5.782172e-04 | loss=15.671931
Epoch 010 | Step 650 | lr=5.782172e-04 | loss=16.892853
Epoch 010 | Step 660 | lr=5.782172e-04 | loss=15.182022
Epoch 010 | Step 670 | lr=5.782172e-04 | loss=15.607807
Epoch 010 | Step 680 | lr=5.782172e-04 | loss=16.367037
Epoch 010 | Step 690 | lr=5.782172e-04 | loss=16.367037
Epoch 010 | Step 700 | lr=5.782172e-04 | loss=16.305477
Epoch 010 | Step 710 | lr=5.782172e-04 | loss=15.256407
Epoch 010 | Step 720 | lr=5.782172e-04 | loss=16.005377
Epoch 010 | Step 730 | lr=5.782172e-04 | loss=17.608479
Epoch 010 | Step 740 | lr=5.782172e-04 | loss=16.131060
Epoch 010 | Step 750 | lr=5.782172e-04 | loss=16.015636
Epoch 010 | Step 760 | lr=5.782172e-04 | loss=15.659106
Epoch 010 | Step 770 | lr=5.782172e-04 | loss=15.687321
Epoch 010 | Step 780 | lr=5.782172e-04 | loss=15.417999
Epoch 010 | Step 790 | lr=5.782172e-04 | loss=17.764942
Epoch 010 | Step 800 | lr=5.782172e-04 | loss=16.020767
Epoch 010 | Step 810 | lr=5.782172e-04 | loss=15.120462
Epoch 010 | Step 820 | lr=5.782172e-04 | loss=15.841218
Epoch 010 | Step 830 | lr=5.782172e-04 | loss=16.674831
Epoch 010 | Step 840 | lr=5.782172e-04 | loss=15.246147
Epoch 010 | Step 850 | lr=5.782172e-04 | loss=15.618066
Epoch 010 | Step 860 | lr=5.782172e-04 | loss=16.215702
Epoch 010 | Step 870 | lr=5.782172e-04 | loss=16.872334
Epoch 010 | Step 880 | lr=5.782172e-04 | loss=15.205108
Epoch 010 | Step 890 | lr=5.782172e-04 | loss=16.641487
Epoch 010 | Step 900 | lr=5.782172e-04 | loss=15.620630
Epoch 010 | Step 910 | lr=5.782172e-04 | loss=15.620632
Epoch 010 | Step 920 | lr=5.782172e-04 | loss=15.084554
Epoch 010 | Step 930 | lr=5.782172e-04 | loss=16.777431
Epoch 010 | Step 940 | lr=5.782172e-04 | loss=17.008278
Epoch 010 | Step 950 | lr=5.782172e-04 | loss=15.353874
Epoch 010 | Step 960 | lr=5.782172e-04 | loss=14.881922
epoch 010 | train_kld=15.948799 | val_kld=6.426336 | val_mae=0.014989 | val_mse=0.001653 | ord_acc@10=0.2150 | recall@10=0.8147
Epoch 011 | Step 10 | lr=5.000000e-04 | loss=17.149351
Epoch 011 | Step 20 | lr=5.000000e-04 | loss=16.477329
Epoch 011 | Step 30 | lr=5.000000e-04 | loss=15.394915
Epoch 011 | Step 40 | lr=5.000000e-04 | loss=16.013071
Epoch 011 | Step 50 | lr=5.000000e-04 | loss=15.287187
Epoch 011 | Step 60 | lr=5.000000e-04 | loss=14.181687
Epoch 011 | Step 70 | lr=5.000000e-04 | loss=16.590187
Epoch 011 | Step 80 | lr=5.000000e-04 | loss=14.592081
Epoch 011 | Step 90 | lr=5.000000e-04 | loss=15.692451
Epoch 011 | Step 100 | lr=5.000000e-04 | loss=17.408413
Epoch 011 | Step 110 | lr=5.000000e-04 | loss=14.212466
Epoch 011 | Step 120 | lr=5.000000e-04 | loss=15.338486
Epoch 011 | Step 130 | lr=5.000000e-04 | loss=16.795385
Epoch 011 | Step 140 | lr=5.000000e-04 | loss=15.407740
Epoch 011 | Step 150 | lr=5.000000e-04 | loss=15.705276
Epoch 011 | Step 160 | lr=5.000000e-04 | loss=16.041286
Epoch 011 | Step 170 | lr=5.000000e-04 | loss=14.127822
Epoch 011 | Step 180 | lr=5.000000e-04 | loss=14.810102
Epoch 011 | Step 190 | lr=5.000000e-04 | loss=17.441757
Epoch 011 | Step 200 | lr=5.000000e-04 | loss=15.541118
Epoch 011 | Step 210 | lr=5.000000e-04 | loss=15.215367
Epoch 011 | Step 220 | lr=5.000000e-04 | loss=14.933222
Epoch 011 | Step 230 | lr=5.000000e-04 | loss=16.941589
Epoch 011 | Step 240 | lr=5.000000e-04 | loss=17.511009
Epoch 011 | Step 250 | lr=5.000000e-04 | loss=14.594646
Epoch 011 | Step 260 | lr=5.000000e-04 | loss=15.266666
Epoch 011 | Step 270 | lr=5.000000e-04 | loss=15.261538
Epoch 011 | Step 280 | lr=5.000000e-04 | loss=17.523834
Epoch 011 | Step 290 | lr=5.000000e-04 | loss=15.474428
Epoch 011 | Step 300 | lr=5.000000e-04 | loss=16.100279
Epoch 011 | Step 310 | lr=5.000000e-04 | loss=14.984521
Epoch 011 | Step 320 | lr=5.000000e-04 | loss=16.202879
Epoch 011 | Step 330 | lr=5.000000e-04 | loss=14.686985
Epoch 011 | Step 340 | lr=5.000000e-04 | loss=14.422793
Epoch 011 | Step 350 | lr=5.000000e-04 | loss=14.917831
Epoch 011 | Step 360 | lr=5.000000e-04 | loss=15.977162
Epoch 011 | Step 370 | lr=5.000000e-04 | loss=14.784454
Epoch 011 | Step 380 | lr=5.000000e-04 | loss=15.030690
Epoch 011 | Step 390 | lr=5.000000e-04 | loss=16.523499
Epoch 011 | Step 400 | lr=5.000000e-04 | loss=18.349754
Epoch 011 | Step 410 | lr=5.000000e-04 | loss=17.074966
Epoch 011 | Step 420 | lr=5.000000e-04 | loss=15.833523
Epoch 011 | Step 430 | lr=5.000000e-04 | loss=16.084890
Epoch 011 | Step 440 | lr=5.000000e-04 | loss=15.633456
Epoch 011 | Step 450 | lr=5.000000e-04 | loss=14.820364
Epoch 011 | Step 460 | lr=5.000000e-04 | loss=14.874228
Epoch 011 | Step 470 | lr=5.000000e-04 | loss=16.054111
Epoch 011 | Step 480 | lr=5.000000e-04 | loss=17.652084
Epoch 011 | Step 490 | lr=5.000000e-04 | loss=15.194847
Epoch 011 | Step 500 | lr=5.000000e-04 | loss=15.182022
Epoch 011 | Step 510 | lr=5.000000e-04 | loss=15.140984
Epoch 011 | Step 520 | lr=5.000000e-04 | loss=16.005377
Epoch 011 | Step 530 | lr=5.000000e-04 | loss=17.018536
Epoch 011 | Step 540 | lr=5.000000e-04 | loss=14.648510
Epoch 011 | Step 550 | lr=5.000000e-04 | loss=14.689550
Epoch 011 | Step 560 | lr=5.000000e-04 | loss=15.538552
Epoch 011 | Step 570 | lr=5.000000e-04 | loss=15.915603
Epoch 011 | Step 580 | lr=5.000000e-04 | loss=17.123701
Epoch 011 | Step 590 | lr=5.000000e-04 | loss=15.841219
Epoch 011 | Step 600 | lr=5.000000e-04 | loss=16.492720
Epoch 011 | Step 610 | lr=5.000000e-04 | loss=14.761369
Epoch 011 | Step 620 | lr=5.000000e-04 | loss=16.341387
Epoch 011 | Step 630 | lr=5.000000e-04 | loss=16.672268
Epoch 011 | Step 640 | lr=5.000000e-04 | loss=16.867203
Epoch 011 | Step 650 | lr=5.000000e-04 | loss=15.841219
Epoch 011 | Step 660 | lr=5.000000e-04 | loss=16.115669
Epoch 011 | Step 670 | lr=5.000000e-04 | loss=15.269232
Epoch 011 | Step 680 | lr=5.000000e-04 | loss=13.968795
Epoch 011 | Step 690 | lr=5.000000e-04 | loss=15.695017
Epoch 011 | Step 700 | lr=5.000000e-04 | loss=16.169533
Epoch 011 | Step 710 | lr=5.000000e-04 | loss=15.151243
Epoch 011 | Step 720 | lr=5.000000e-04 | loss=16.308043
Epoch 011 | Step 730 | lr=5.000000e-04 | loss=15.761705
Epoch 011 | Step 740 | lr=5.000000e-04 | loss=14.853708
Epoch 011 | Step 750 | lr=5.000000e-04 | loss=15.043515
Epoch 011 | Step 760 | lr=5.000000e-04 | loss=15.130724
Epoch 011 | Step 770 | lr=5.000000e-04 | loss=15.128159
Epoch 011 | Step 780 | lr=5.000000e-04 | loss=16.826164
Epoch 011 | Step 790 | lr=5.000000e-04 | loss=15.913038
Epoch 011 | Step 800 | lr=5.000000e-04 | loss=15.936122
Epoch 011 | Step 810 | lr=5.000000e-04 | loss=16.095150
Epoch 011 | Step 820 | lr=5.000000e-04 | loss=14.928091
Epoch 011 | Step 830 | lr=5.000000e-04 | loss=15.964336
Epoch 011 | Step 840 | lr=5.000000e-04 | loss=16.274696
Epoch 011 | Step 850 | lr=5.000000e-04 | loss=15.341051
Epoch 011 | Step 860 | lr=5.000000e-04 | loss=15.564202
Epoch 011 | Step 870 | lr=5.000000e-04 | loss=15.397480
Epoch 011 | Step 880 | lr=5.000000e-04 | loss=15.748880
Epoch 011 | Step 890 | lr=5.000000e-04 | loss=15.895082
Epoch 011 | Step 900 | lr=5.000000e-04 | loss=16.426029
Epoch 011 | Step 910 | lr=5.000000e-04 | loss=14.515132
Epoch 011 | Step 920 | lr=5.000000e-04 | loss=15.974596
Epoch 011 | Step 930 | lr=5.000000e-04 | loss=15.951513
Epoch 011 | Step 940 | lr=5.000000e-04 | loss=15.997681
Epoch 011 | Step 950 | lr=5.000000e-04 | loss=15.566768
Epoch 011 | Step 960 | lr=5.000000e-04 | loss=15.135853
epoch 011 | train_kld=15.805765 | val_kld=6.865491 | val_mae=0.014989 | val_mse=0.001653 | ord_acc@10=0.2151 | recall@10=0.8093
Epoch 012 | Step 10 | lr=4.217828e-04 | loss=15.561637
Epoch 012 | Step 20 | lr=4.217828e-04 | loss=15.569332
Epoch 012 | Step 30 | lr=4.217828e-04 | loss=16.433725
Epoch 012 | Step 40 | lr=4.217828e-04 | loss=15.651411
Epoch 012 | Step 50 | lr=4.217828e-04 | loss=15.892517
Epoch 012 | Step 60 | lr=4.217828e-04 | loss=15.884823
Epoch 012 | Step 70 | lr=4.217828e-04 | loss=16.197748
Epoch 012 | Step 80 | lr=4.217828e-04 | loss=16.518370
Epoch 012 | Step 90 | lr=4.217828e-04 | loss=15.007606
Epoch 012 | Step 100 | lr=4.217828e-04 | loss=15.679626
Epoch 012 | Step 110 | lr=4.217828e-04 | loss=15.292316
Epoch 012 | Step 120 | lr=4.217828e-04 | loss=14.989651
Epoch 012 | Step 130 | lr=4.217828e-04 | loss=17.103180
Epoch 012 | Step 140 | lr=4.217828e-04 | loss=17.077530
Epoch 012 | Step 150 | lr=4.217828e-04 | loss=14.969131
Epoch 012 | Step 160 | lr=4.217828e-04 | loss=15.402610
Epoch 012 | Step 170 | lr=4.217828e-04 | loss=15.307706
Epoch 012 | Step 180 | lr=4.217828e-04 | loss=16.254177
Epoch 012 | Step 190 | lr=4.217828e-04 | loss=16.115669
Epoch 012 | Step 200 | lr=4.217828e-04 | loss=16.302912
Epoch 012 | Step 210 | lr=4.217828e-04 | loss=14.717764
Epoch 012 | Step 220 | lr=4.217828e-04 | loss=15.156373
Epoch 012 | Step 230 | lr=4.217828e-04 | loss=15.146113
Epoch 012 | Step 240 | lr=4.217828e-04 | loss=15.205108
Epoch 012 | Step 250 | lr=4.217828e-04 | loss=16.428596
Epoch 012 | Step 260 | lr=4.217828e-04 | loss=16.544018
Epoch 012 | Step 270 | lr=4.217828e-04 | loss=14.030354
Epoch 012 | Step 280 | lr=4.217828e-04 | loss=15.043515
Epoch 012 | Step 290 | lr=4.217828e-04 | loss=14.512568
Epoch 012 | Step 300 | lr=4.217828e-04 | loss=16.703047
Epoch 012 | Step 310 | lr=4.217828e-04 | loss=18.016308
Epoch 012 | Step 320 | lr=4.217828e-04 | loss=15.482122
Epoch 012 | Step 330 | lr=4.217828e-04 | loss=15.538553
Epoch 012 | Step 340 | lr=4.217828e-04 | loss=14.771628
Epoch 012 | Step 350 | lr=4.217828e-04 | loss=15.156373
Epoch 012 | Step 360 | lr=4.217828e-04 | loss=16.243919
Epoch 012 | Step 370 | lr=4.217828e-04 | loss=15.900213
Epoch 012 | Step 380 | lr=4.217828e-04 | loss=15.482124
Epoch 012 | Step 390 | lr=4.217828e-04 | loss=17.100616
Epoch 012 | Step 400 | lr=4.217828e-04 | loss=14.935787
Epoch 012 | Step 410 | lr=4.217828e-04 | loss=16.359341
Epoch 012 | Step 420 | lr=4.217828e-04 | loss=16.295218
Epoch 012 | Step 430 | lr=4.217828e-04 | loss=16.585056
Epoch 012 | Step 440 | lr=4.217828e-04 | loss=17.621304
Epoch 012 | Step 450 | lr=4.217828e-04 | loss=18.372837
Epoch 012 | Step 460 | lr=4.217828e-04 | loss=14.274026
Epoch 012 | Step 470 | lr=4.217828e-04 | loss=15.297446
Epoch 012 | Step 480 | lr=4.217828e-04 | loss=17.913710
Epoch 012 | Step 490 | lr=4.217828e-04 | loss=16.105412
Epoch 012 | Step 500 | lr=4.217828e-04 | loss=15.997682
Epoch 012 | Step 510 | lr=4.217828e-04 | loss=15.099943
Epoch 012 | Step 520 | lr=4.217828e-04 | loss=15.566767
Epoch 012 | Step 530 | lr=4.217828e-04 | loss=15.035820
Epoch 012 | Step 540 | lr=4.217828e-04 | loss=16.756910
Epoch 012 | Step 550 | lr=4.217828e-04 | loss=16.302912
Epoch 012 | Step 560 | lr=4.217828e-04 | loss=15.925862
Epoch 012 | Step 570 | lr=4.217828e-04 | loss=15.423129
Epoch 012 | Step 580 | lr=4.217828e-04 | loss=14.138083
Epoch 012 | Step 590 | lr=4.217828e-04 | loss=16.074631
Epoch 012 | Step 600 | lr=4.217828e-04 | loss=14.946047
Epoch 012 | Step 610 | lr=4.217828e-04 | loss=17.508446
Epoch 012 | Step 620 | lr=4.217828e-04 | loss=15.723230
Epoch 012 | Step 630 | lr=4.217828e-04 | loss=16.513241
Epoch 012 | Step 640 | lr=4.217828e-04 | loss=16.995453
Epoch 012 | Step 650 | lr=4.217828e-04 | loss=17.080095
Epoch 012 | Step 660 | lr=4.217828e-04 | loss=14.715199
Epoch 012 | Step 670 | lr=4.217828e-04 | loss=13.907236
Epoch 012 | Step 680 | lr=4.217828e-04 | loss=16.118235
Epoch 012 | Step 690 | lr=4.217828e-04 | loss=16.561974
Epoch 012 | Step 700 | lr=4.217828e-04 | loss=14.989651
Epoch 012 | Step 710 | lr=4.217828e-04 | loss=16.628662
Epoch 012 | Step 720 | lr=4.217828e-04 | loss=16.782560
Epoch 012 | Step 730 | lr=4.217828e-04 | loss=14.533087
Epoch 012 | Step 740 | lr=4.217828e-04 | loss=14.448442
Epoch 012 | Step 750 | lr=4.217828e-04 | loss=16.649181
Epoch 012 | Step 760 | lr=4.217828e-04 | loss=14.792149
Epoch 012 | Step 770 | lr=4.217828e-04 | loss=14.717765
Epoch 012 | Step 780 | lr=4.217828e-04 | loss=15.099944
Epoch 012 | Step 790 | lr=4.217828e-04 | loss=17.100616
Epoch 012 | Step 800 | lr=4.217828e-04 | loss=15.438519
Epoch 012 | Step 810 | lr=4.217828e-04 | loss=15.164066
Epoch 012 | Step 820 | lr=4.217828e-04 | loss=15.556507
Epoch 012 | Step 830 | lr=4.217828e-04 | loss=15.379525
Epoch 012 | Step 840 | lr=4.217828e-04 | loss=17.018538
Epoch 012 | Step 850 | lr=4.217828e-04 | loss=15.828394
Epoch 012 | Step 860 | lr=4.217828e-04 | loss=16.249048
Epoch 012 | Step 870 | lr=4.217828e-04 | loss=15.518034
Epoch 012 | Step 880 | lr=4.217828e-04 | loss=15.605242
Epoch 012 | Step 890 | lr=4.217828e-04 | loss=15.879693
Epoch 012 | Step 900 | lr=4.217828e-04 | loss=16.887726
Epoch 012 | Step 910 | lr=4.217828e-04 | loss=15.587287
Epoch 012 | Step 920 | lr=4.217828e-04 | loss=14.825493
Epoch 012 | Step 930 | lr=4.217828e-04 | loss=14.232986
Epoch 012 | Step 940 | lr=4.217828e-04 | loss=16.744085
Epoch 012 | Step 950 | lr=4.217828e-04 | loss=16.241352
Epoch 012 | Step 960 | lr=4.217828e-04 | loss=17.369938
epoch 012 | train_kld=15.675852 | val_kld=6.585235 | val_mae=0.014989 | val_mse=0.001653 | ord_acc@10=0.2188 | recall@10=0.8130
Epoch 013 | Step 10 | lr=3.454915e-04 | loss=15.269232
Epoch 013 | Step 20 | lr=3.454915e-04 | loss=14.420228
Epoch 013 | Step 30 | lr=3.454915e-04 | loss=15.359005
Epoch 013 | Step 40 | lr=3.454915e-04 | loss=16.220833
Epoch 013 | Step 50 | lr=3.454915e-04 | loss=16.079762
Epoch 013 | Step 60 | lr=3.454915e-04 | loss=16.020767
Epoch 013 | Step 70 | lr=3.454915e-04 | loss=15.833523
Epoch 013 | Step 80 | lr=3.454915e-04 | loss=14.645945
Epoch 013 | Step 90 | lr=3.454915e-04 | loss=16.077194
Epoch 013 | Step 100 | lr=3.454915e-04 | loss=15.276926
Epoch 013 | Step 110 | lr=3.454915e-04 | loss=14.199642
Epoch 013 | Step 120 | lr=3.454915e-04 | loss=16.120800
Epoch 013 | Step 130 | lr=3.454915e-04 | loss=15.736055
Epoch 013 | Step 140 | lr=3.454915e-04 | loss=15.918168
Epoch 013 | Step 150 | lr=3.454915e-04 | loss=16.054111
Epoch 013 | Step 160 | lr=3.454915e-04 | loss=15.046080
Epoch 013 | Step 170 | lr=3.454915e-04 | loss=16.556843
Epoch 013 | Step 180 | lr=3.454915e-04 | loss=17.069838
Epoch 013 | Step 190 | lr=3.454915e-04 | loss=15.766834
Epoch 013 | Step 200 | lr=3.454915e-04 | loss=14.510002
Epoch 013 | Step 210 | lr=3.454915e-04 | loss=16.864639
Epoch 013 | Step 220 | lr=3.454915e-04 | loss=17.295555
Epoch 013 | Step 230 | lr=3.454915e-04 | loss=16.243917
Epoch 013 | Step 240 | lr=3.454915e-04 | loss=15.415434
Epoch 013 | Step 250 | lr=3.454915e-04 | loss=14.653641
Epoch 013 | Step 260 | lr=3.454915e-04 | loss=16.210573
Epoch 013 | Step 270 | lr=3.454915e-04 | loss=14.484352
Epoch 013 | Step 280 | lr=3.454915e-04 | loss=14.584387
Epoch 013 | Step 290 | lr=3.454915e-04 | loss=14.725460
Epoch 013 | Step 300 | lr=3.454915e-04 | loss=14.851143
Epoch 013 | Step 310 | lr=3.454915e-04 | loss=13.232650
Epoch 013 | Step 320 | lr=3.454915e-04 | loss=16.890289
Epoch 013 | Step 330 | lr=3.454915e-04 | loss=14.243246
Epoch 013 | Step 340 | lr=3.454915e-04 | loss=15.312836
Epoch 013 | Step 350 | lr=3.454915e-04 | loss=16.436291
Epoch 013 | Step 360 | lr=3.454915e-04 | loss=16.200314
Epoch 013 | Step 370 | lr=3.454915e-04 | loss=15.089684
Epoch 013 | Step 380 | lr=3.454915e-04 | loss=15.253841
Epoch 013 | Step 390 | lr=3.454915e-04 | loss=15.384655
Epoch 013 | Step 400 | lr=3.454915e-04 | loss=16.828728
Epoch 013 | Step 410 | lr=3.454915e-04 | loss=16.495285
Epoch 013 | Step 420 | lr=3.454915e-04 | loss=14.353539
Epoch 013 | Step 430 | lr=3.454915e-04 | loss=15.066599
Epoch 013 | Step 440 | lr=3.454915e-04 | loss=16.641487
Epoch 013 | Step 450 | lr=3.454915e-04 | loss=14.189382
Epoch 013 | Step 460 | lr=3.454915e-04 | loss=15.289751
Epoch 013 | Step 470 | lr=3.454915e-04 | loss=16.803080
Epoch 013 | Step 480 | lr=3.454915e-04 | loss=16.338821
Epoch 013 | Step 490 | lr=3.454915e-04 | loss=14.397144
Epoch 013 | Step 500 | lr=3.454915e-04 | loss=15.271797
Epoch 013 | Step 510 | lr=3.454915e-04 | loss=15.040950
Epoch 013 | Step 520 | lr=3.454915e-04 | loss=13.894410
Epoch 013 | Step 530 | lr=3.454915e-04 | loss=14.445878
Epoch 013 | Step 540 | lr=3.454915e-04 | loss=15.081989
Epoch 013 | Step 550 | lr=3.454915e-04 | loss=14.674160
Epoch 013 | Step 560 | lr=3.454915e-04 | loss=14.253506
Epoch 013 | Step 570 | lr=3.454915e-04 | loss=14.999910
Epoch 013 | Step 580 | lr=3.454915e-04 | loss=15.697580
Epoch 013 | Step 590 | lr=3.454915e-04 | loss=15.743750
Epoch 013 | Step 600 | lr=3.454915e-04 | loss=14.127823
Epoch 013 | Step 610 | lr=3.454915e-04 | loss=16.672268
Epoch 013 | Step 620 | lr=3.454915e-04 | loss=15.359005
Epoch 013 | Step 630 | lr=3.454915e-04 | loss=15.864303
Epoch 013 | Step 640 | lr=3.454915e-04 | loss=15.738621
Epoch 013 | Step 650 | lr=3.454915e-04 | loss=16.105410
Epoch 013 | Step 660 | lr=3.454915e-04 | loss=15.823264
Epoch 013 | Step 670 | lr=3.454915e-04 | loss=14.556171
Epoch 013 | Step 680 | lr=3.454915e-04 | loss=16.505545
Epoch 013 | Step 690 | lr=3.454915e-04 | loss=14.294545
Epoch 013 | Step 700 | lr=3.454915e-04 | loss=16.172100
Epoch 013 | Step 710 | lr=3.454915e-04 | loss=14.035484
Epoch 013 | Step 720 | lr=3.454915e-04 | loss=14.740849
Epoch 013 | Step 730 | lr=3.454915e-04 | loss=13.868761
Epoch 013 | Step 740 | lr=3.454915e-04 | loss=16.107975
Epoch 013 | Step 750 | lr=3.454915e-04 | loss=17.387894
Epoch 013 | Step 760 | lr=3.454915e-04 | loss=16.402946
Epoch 013 | Step 770 | lr=3.454915e-04 | loss=15.664237
Epoch 013 | Step 780 | lr=3.454915e-04 | loss=16.767170
Epoch 013 | Step 790 | lr=3.454915e-04 | loss=15.199978
Epoch 013 | Step 800 | lr=3.454915e-04 | loss=15.656542
Epoch 013 | Step 810 | lr=3.454915e-04 | loss=14.299675
Epoch 013 | Step 820 | lr=3.454915e-04 | loss=16.379860
Epoch 013 | Step 830 | lr=3.454915e-04 | loss=19.198757
Epoch 013 | Step 840 | lr=3.454915e-04 | loss=14.617730
Epoch 013 | Step 850 | lr=3.454915e-04 | loss=15.459039
Epoch 013 | Step 860 | lr=3.454915e-04 | loss=15.920732
Epoch 013 | Step 870 | lr=3.454915e-04 | loss=16.600449
Epoch 013 | Step 880 | lr=3.454915e-04 | loss=14.925526
Epoch 013 | Step 890 | lr=3.454915e-04 | loss=15.184587
Epoch 013 | Step 900 | lr=3.454915e-04 | loss=15.982292
Epoch 013 | Step 910 | lr=3.454915e-04 | loss=14.530521
Epoch 013 | Step 920 | lr=3.454915e-04 | loss=16.333691
Epoch 013 | Step 930 | lr=3.454915e-04 | loss=16.423466
Epoch 013 | Step 940 | lr=3.454915e-04 | loss=16.187489
Epoch 013 | Step 950 | lr=3.454915e-04 | loss=14.976826
Epoch 013 | Step 960 | lr=3.454915e-04 | loss=14.681854
epoch 013 | train_kld=15.513544 | val_kld=6.366179 | val_mae=0.014989 | val_mse=0.001653 | ord_acc@10=0.2171 | recall@10=0.8161
Epoch 014 | Step 10 | lr=2.730048e-04 | loss=14.522827
Epoch 014 | Step 20 | lr=2.730048e-04 | loss=13.781553
Epoch 014 | Step 30 | lr=2.730048e-04 | loss=14.697245
Epoch 014 | Step 40 | lr=2.730048e-04 | loss=14.286850
Epoch 014 | Step 50 | lr=2.730048e-04 | loss=14.561301
Epoch 014 | Step 60 | lr=2.730048e-04 | loss=15.782224
Epoch 014 | Step 70 | lr=2.730048e-04 | loss=15.943816
Epoch 014 | Step 80 | lr=2.730048e-04 | loss=14.409968
Epoch 014 | Step 90 | lr=2.730048e-04 | loss=15.689886
Epoch 014 | Step 100 | lr=2.730048e-04 | loss=14.071394
Epoch 014 | Step 110 | lr=2.730048e-04 | loss=16.451679
Epoch 014 | Step 120 | lr=2.730048e-04 | loss=14.838318
Epoch 014 | Step 130 | lr=2.730048e-04 | loss=15.700146
Epoch 014 | Step 140 | lr=2.730048e-04 | loss=15.866868
Epoch 014 | Step 150 | lr=2.730048e-04 | loss=42.419380
Epoch 014 | Step 160 | lr=2.730048e-04 | loss=130.442932
Epoch 014 | Step 170 | lr=2.730048e-04 | loss=101.397583
Epoch 014 | Step 180 | lr=2.730048e-04 | loss=90.433563
Epoch 014 | Step 190 | lr=2.730048e-04 | loss=65.913116
Epoch 014 | Step 200 | lr=2.730048e-04 | loss=32.345375
Epoch 014 | Step 210 | lr=2.730048e-04 | loss=25.030529
Epoch 014 | Step 220 | lr=2.730048e-04 | loss=22.635830
Epoch 014 | Step 230 | lr=2.730048e-04 | loss=19.130634
Epoch 014 | Step 240 | lr=2.730048e-04 | loss=16.302021
Epoch 014 | Step 250 | lr=2.730048e-04 | loss=17.116798
Epoch 014 | Step 260 | lr=2.730048e-04 | loss=15.751890
Epoch 014 | Step 270 | lr=2.730048e-04 | loss=14.774478
Epoch 014 | Step 280 | lr=2.730048e-04 | loss=16.167095
Epoch 014 | Step 290 | lr=2.730048e-04 | loss=16.480011
Epoch 014 | Step 300 | lr=2.730048e-04 | loss=16.754416
Epoch 014 | Step 310 | lr=2.730048e-04 | loss=16.503021
Epoch 014 | Step 320 | lr=2.730048e-04 | loss=15.489912
Epoch 014 | Step 330 | lr=2.730048e-04 | loss=17.282764
Epoch 014 | Step 340 | lr=2.730048e-04 | loss=15.582165
Epoch 014 | Step 350 | lr=2.730048e-04 | loss=15.733499
Epoch 014 | Step 360 | lr=2.730048e-04 | loss=17.713659
Epoch 014 | Step 370 | lr=2.730048e-04 | loss=15.415443
Epoch 014 | Step 380 | lr=2.730048e-04 | loss=16.100311
Epoch 014 | Step 390 | lr=2.730048e-04 | loss=15.597566
Epoch 014 | Step 400 | lr=2.730048e-04 | loss=16.056684
Epoch 014 | Step 410 | lr=2.730048e-04 | loss=15.564254
Epoch 014 | Step 420 | lr=2.730048e-04 | loss=17.246838
Epoch 014 | Step 430 | lr=2.730048e-04 | loss=16.897997
Epoch 014 | Step 440 | lr=2.730048e-04 | loss=16.564543
Epoch 014 | Step 450 | lr=2.730048e-04 | loss=14.838327
Epoch 014 | Step 460 | lr=2.730048e-04 | loss=17.182716
Epoch 014 | Step 470 | lr=2.730048e-04 | loss=15.789920
Epoch 014 | Step 480 | lr=2.730048e-04 | loss=15.238454
Epoch 014 | Step 490 | lr=2.730048e-04 | loss=16.154146
Epoch 014 | Step 500 | lr=2.730048e-04 | loss=16.356777
Epoch 014 | Step 510 | lr=2.730048e-04 | loss=16.141321
Epoch 014 | Step 520 | lr=2.730048e-04 | loss=16.426062
Epoch 014 | Step 530 | lr=2.730048e-04 | loss=16.110540
Epoch 014 | Step 540 | lr=2.730048e-04 | loss=17.716208
Epoch 014 | Step 550 | lr=2.730048e-04 | loss=14.943483
Epoch 014 | Step 560 | lr=2.730048e-04 | loss=15.636023
Epoch 014 | Step 570 | lr=2.730048e-04 | loss=17.041622
Epoch 014 | Step 580 | lr=2.730048e-04 | loss=18.262543
Epoch 014 | Step 590 | lr=2.730048e-04 | loss=17.454584
Epoch 014 | Step 600 | lr=2.730048e-04 | loss=17.485361
Epoch 014 | Step 610 | lr=2.730048e-04 | loss=15.851485
Epoch 014 | Step 620 | lr=2.730048e-04 | loss=15.651411
Epoch 014 | Step 630 | lr=2.730048e-04 | loss=15.725795
Epoch 014 | Step 640 | lr=2.730048e-04 | loss=16.264437
Epoch 014 | Step 650 | lr=2.730048e-04 | loss=18.360012
Epoch 014 | Step 660 | lr=2.730048e-04 | loss=14.730589
Epoch 014 | Step 670 | lr=2.730048e-04 | loss=17.941925
Epoch 014 | Step 680 | lr=2.730048e-04 | loss=16.721001
Epoch 014 | Step 690 | lr=2.730048e-04 | loss=14.766500
Epoch 014 | Step 700 | lr=2.730048e-04 | loss=15.394919
Epoch 014 | Step 710 | lr=2.730048e-04 | loss=16.243917
Epoch 014 | Step 720 | lr=2.730048e-04 | loss=15.987427
Epoch 014 | Step 730 | lr=2.730048e-04 | loss=16.810776
Epoch 014 | Step 740 | lr=2.730048e-04 | loss=14.451008
Epoch 014 | Step 750 | lr=2.730048e-04 | loss=14.697245
Epoch 014 | Step 760 | lr=2.730048e-04 | loss=16.249048
Epoch 014 | Step 770 | lr=2.730048e-04 | loss=15.607810
Epoch 014 | Step 780 | lr=2.730048e-04 | loss=15.592418
Epoch 014 | Step 790 | lr=2.730048e-04 | loss=13.571225
Epoch 014 | Step 800 | lr=2.730048e-04 | loss=14.974261
Epoch 014 | Step 810 | lr=2.730048e-04 | loss=16.900549
Epoch 014 | Step 820 | lr=2.730048e-04 | loss=17.157045
Epoch 014 | Step 830 | lr=2.730048e-04 | loss=15.310271
Epoch 014 | Step 840 | lr=2.730048e-04 | loss=15.317968
Epoch 014 | Step 850 | lr=2.730048e-04 | loss=13.930321
Epoch 014 | Step 860 | lr=2.730048e-04 | loss=15.140984
Epoch 014 | Step 870 | lr=2.730048e-04 | loss=16.390121
Epoch 014 | Step 880 | lr=2.730048e-04 | loss=16.892855
Epoch 014 | Step 890 | lr=2.730048e-04 | loss=14.081654
Epoch 014 | Step 900 | lr=2.730048e-04 | loss=18.085562
Epoch 014 | Step 910 | lr=2.730048e-04 | loss=15.987422
Epoch 014 | Step 920 | lr=2.730048e-04 | loss=17.467407
Epoch 014 | Step 930 | lr=2.730048e-04 | loss=15.833524
Epoch 014 | Step 940 | lr=2.730048e-04 | loss=14.181686
Epoch 014 | Step 950 | lr=2.730048e-04 | loss=17.233994
Epoch 014 | Step 960 | lr=2.730048e-04 | loss=13.627655
epoch 014 | train_kld=19.470996 | val_kld=6.404049 | val_mae=0.014989 | val_mse=0.001653 | ord_acc@10=0.2214 | recall@10=0.8153
Epoch 015 | Step 10 | lr=2.061074e-04 | loss=16.810776
Epoch 015 | Step 20 | lr=2.061074e-04 | loss=15.315401
Epoch 015 | Step 30 | lr=2.061074e-04 | loss=15.989986
Epoch 015 | Step 40 | lr=2.061074e-04 | loss=15.792485
Epoch 015 | Step 50 | lr=2.061074e-04 | loss=14.371494
Epoch 015 | Step 60 | lr=2.061074e-04 | loss=15.010170
Epoch 015 | Step 70 | lr=2.061074e-04 | loss=17.408413
Epoch 015 | Step 80 | lr=2.061074e-04 | loss=17.662346
Epoch 015 | Step 90 | lr=2.061074e-04 | loss=14.745979
Epoch 015 | Step 100 | lr=2.061074e-04 | loss=16.477329
Epoch 015 | Step 110 | lr=2.061074e-04 | loss=14.907572
Epoch 015 | Step 120 | lr=2.061074e-04 | loss=17.264772
Epoch 015 | Step 130 | lr=2.061074e-04 | loss=15.682191
Epoch 015 | Step 140 | lr=2.061074e-04 | loss=16.238789
Epoch 015 | Step 150 | lr=2.061074e-04 | loss=15.217932
Epoch 015 | Step 160 | lr=2.061074e-04 | loss=13.707171
Epoch 015 | Step 170 | lr=2.061074e-04 | loss=14.943481
Epoch 015 | Step 180 | lr=2.061074e-04 | loss=16.107975
Epoch 015 | Step 190 | lr=2.061074e-04 | loss=14.946045
Epoch 015 | Step 200 | lr=2.061074e-04 | loss=15.730925
Epoch 015 | Step 210 | lr=2.061074e-04 | loss=15.679626
Epoch 015 | Step 220 | lr=2.061074e-04 | loss=16.164406
Epoch 015 | Step 230 | lr=2.061074e-04 | loss=16.013071
Epoch 015 | Step 240 | lr=2.061074e-04 | loss=17.198084
Epoch 015 | Step 250 | lr=2.061074e-04 | loss=14.381754
Epoch 015 | Step 260 | lr=2.061074e-04 | loss=15.433389
Epoch 015 | Step 270 | lr=2.061074e-04 | loss=16.523500
Epoch 015 | Step 280 | lr=2.061074e-04 | loss=14.981956
Epoch 015 | Step 290 | lr=2.061074e-04 | loss=16.636358
Epoch 015 | Step 300 | lr=2.061074e-04 | loss=15.256407
Epoch 015 | Step 310 | lr=2.061074e-04 | loss=17.423801
Epoch 015 | Step 320 | lr=2.061074e-04 | loss=14.138083
Epoch 015 | Step 330 | lr=2.061074e-04 | loss=16.733826
Epoch 015 | Step 340 | lr=2.061074e-04 | loss=16.272133
Epoch 015 | Step 350 | lr=2.061074e-04 | loss=14.810102
Epoch 015 | Step 360 | lr=2.061074e-04 | loss=16.325996
Epoch 015 | Step 370 | lr=2.061074e-04 | loss=15.289751
Epoch 015 | Step 380 | lr=2.061074e-04 | loss=14.438183
Epoch 015 | Step 390 | lr=2.061074e-04 | loss=17.228865
Epoch 015 | Step 400 | lr=2.061074e-04 | loss=15.954077
Epoch 015 | Step 410 | lr=2.061074e-04 | loss=15.795048
Epoch 015 | Step 420 | lr=2.061074e-04 | loss=14.204771
Epoch 015 | Step 430 | lr=2.061074e-04 | loss=15.412870
Epoch 015 | Step 440 | lr=2.061074e-04 | loss=15.825829
Epoch 015 | Step 450 | lr=2.061074e-04 | loss=17.228865
Epoch 015 | Step 460 | lr=2.061074e-04 | loss=16.308041
Epoch 015 | Step 470 | lr=2.061074e-04 | loss=14.843448
Epoch 015 | Step 480 | lr=2.061074e-04 | loss=14.830623
Epoch 015 | Step 490 | lr=2.061074e-04 | loss=16.856945
Epoch 015 | Step 500 | lr=2.061074e-04 | loss=19.824608
Epoch 015 | Step 510 | lr=2.061074e-04 | loss=16.510674
Epoch 015 | Step 520 | lr=2.061074e-04 | loss=15.184587
Epoch 015 | Step 530 | lr=2.061074e-04 | loss=14.345844
Epoch 015 | Step 540 | lr=2.061074e-04 | loss=16.900551
Epoch 015 | Step 550 | lr=2.061074e-04 | loss=16.361906
Epoch 015 | Step 560 | lr=2.061074e-04 | loss=13.963665
Epoch 015 | Step 570 | lr=2.061074e-04 | loss=16.887724
Epoch 015 | Step 580 | lr=2.061074e-04 | loss=13.963665
Epoch 015 | Step 590 | lr=2.061074e-04 | loss=13.955970
Epoch 015 | Step 600 | lr=2.061074e-04 | loss=12.478550
Epoch 015 | Step 610 | lr=2.061074e-04 | loss=15.094813
Epoch 015 | Step 620 | lr=2.061074e-04 | loss=14.548477
Epoch 015 | Step 630 | lr=2.061074e-04 | loss=16.872334
Epoch 015 | Step 640 | lr=2.061074e-04 | loss=16.723566
Epoch 015 | Step 650 | lr=2.061074e-04 | loss=14.815233
Epoch 015 | Step 660 | lr=2.061074e-04 | loss=14.925526
Epoch 015 | Step 670 | lr=2.061074e-04 | loss=16.100281
Epoch 015 | Step 680 | lr=2.061074e-04 | loss=14.602341
Epoch 015 | Step 690 | lr=2.061074e-04 | loss=15.784790
Epoch 015 | Step 700 | lr=2.061074e-04 | loss=15.099943
Epoch 015 | Step 710 | lr=2.061074e-04 | loss=15.325661
Epoch 015 | Step 720 | lr=2.061074e-04 | loss=14.881922
Epoch 015 | Step 730 | lr=2.061074e-04 | loss=16.587624
Epoch 015 | Step 740 | lr=2.061074e-04 | loss=15.571898
Epoch 015 | Step 750 | lr=2.061074e-04 | loss=14.032919
Epoch 015 | Step 760 | lr=2.061074e-04 | loss=15.497514
Epoch 015 | Step 770 | lr=2.061074e-04 | loss=14.453573
Epoch 015 | Step 780 | lr=2.061074e-04 | loss=15.610372
Epoch 015 | Step 790 | lr=2.061074e-04 | loss=15.394917
Epoch 015 | Step 800 | lr=2.061074e-04 | loss=14.245811
Epoch 015 | Step 810 | lr=2.061074e-04 | loss=14.558737
Epoch 015 | Step 820 | lr=2.061074e-04 | loss=16.849249
Epoch 015 | Step 830 | lr=2.061074e-04 | loss=19.693794
Epoch 015 | Step 840 | lr=2.061074e-04 | loss=13.319860
Epoch 015 | Step 850 | lr=2.061074e-04 | loss=19.529636
Epoch 015 | Step 860 | lr=2.061074e-04 | loss=14.561302
Epoch 015 | Step 870 | lr=2.061074e-04 | loss=15.476994
Epoch 015 | Step 880 | lr=2.061074e-04 | loss=16.608143
Epoch 015 | Step 890 | lr=2.061074e-04 | loss=15.348745
Epoch 015 | Step 900 | lr=2.061074e-04 | loss=14.704940
Epoch 015 | Step 910 | lr=2.061074e-04 | loss=15.892518
Epoch 015 | Step 920 | lr=2.061074e-04 | loss=14.720329
Epoch 015 | Step 930 | lr=2.061074e-04 | loss=16.405510
Epoch 015 | Step 940 | lr=2.061074e-04 | loss=13.486582
Epoch 015 | Step 950 | lr=2.061074e-04 | loss=14.994780
Epoch 015 | Step 960 | lr=2.061074e-04 | loss=29.527866
epoch 015 | train_kld=15.688030 | val_kld=7.369749 | val_mae=0.014988 | val_mse=0.001653 | ord_acc@10=0.1959 | recall@10=0.7998
Epoch 016 | Step 10 | lr=1.464466e-04 | loss=16.369713
Epoch 016 | Step 20 | lr=1.464466e-04 | loss=15.959208
Epoch 016 | Step 30 | lr=1.464466e-04 | loss=17.116005
Epoch 016 | Step 40 | lr=1.464466e-04 | loss=16.464504
Epoch 016 | Step 50 | lr=1.464466e-04 | loss=16.733826
Epoch 016 | Step 60 | lr=1.464466e-04 | loss=14.912701
Epoch 016 | Step 70 | lr=1.464466e-04 | loss=16.402946
Epoch 016 | Step 80 | lr=1.464466e-04 | loss=16.461941
Epoch 016 | Step 90 | lr=1.464466e-04 | loss=16.772301
Epoch 016 | Step 100 | lr=1.464466e-04 | loss=16.815907
Epoch 016 | Step 110 | lr=1.464466e-04 | loss=15.543683
Epoch 016 | Step 120 | lr=1.464466e-04 | loss=16.020767
Epoch 016 | Step 130 | lr=1.464466e-04 | loss=17.005713
Epoch 016 | Step 140 | lr=1.464466e-04 | loss=15.559072
Epoch 016 | Step 150 | lr=1.464466e-04 | loss=15.417999
Epoch 016 | Step 160 | lr=1.464466e-04 | loss=16.146450
Epoch 016 | Step 170 | lr=1.464466e-04 | loss=15.335920
Epoch 016 | Step 180 | lr=1.464466e-04 | loss=15.448778
Epoch 016 | Step 190 | lr=1.464466e-04 | loss=16.577362
Epoch 016 | Step 200 | lr=1.464466e-04 | loss=16.736389
Epoch 016 | Step 210 | lr=1.464466e-04 | loss=16.554279
Epoch 016 | Step 220 | lr=1.464466e-04 | loss=15.015300
Epoch 016 | Step 230 | lr=1.464466e-04 | loss=14.561302
Epoch 016 | Step 240 | lr=1.464466e-04 | loss=15.317966
Epoch 016 | Step 250 | lr=1.464466e-04 | loss=16.736389
Epoch 016 | Step 260 | lr=1.464466e-04 | loss=14.935786
Epoch 016 | Step 270 | lr=1.464466e-04 | loss=14.551042
Epoch 016 | Step 280 | lr=1.464466e-04 | loss=14.525393
Epoch 016 | Step 290 | lr=1.464466e-04 | loss=15.153809
Epoch 016 | Step 300 | lr=1.464466e-04 | loss=14.879357
Epoch 016 | Step 310 | lr=1.464466e-04 | loss=14.956306
Epoch 016 | Step 320 | lr=1.464466e-04 | loss=14.804974
Epoch 016 | Step 330 | lr=1.464466e-04 | loss=15.518033
Epoch 016 | Step 340 | lr=1.464466e-04 | loss=15.710405
Epoch 016 | Step 350 | lr=1.464466e-04 | loss=14.871662
Epoch 016 | Step 360 | lr=1.464466e-04 | loss=15.505208
Epoch 016 | Step 370 | lr=1.464466e-04 | loss=17.216042
Epoch 016 | Step 380 | lr=1.464466e-04 | loss=16.531195
Epoch 016 | Step 390 | lr=1.464466e-04 | loss=15.335921
Epoch 016 | Step 400 | lr=1.464466e-04 | loss=15.415435
Epoch 016 | Step 410 | lr=1.464466e-04 | loss=16.325996
Epoch 016 | Step 420 | lr=1.464466e-04 | loss=15.697580
Epoch 016 | Step 430 | lr=1.464466e-04 | loss=14.356104
Epoch 016 | Step 440 | lr=1.464466e-04 | loss=15.720665
Epoch 016 | Step 450 | lr=1.464466e-04 | loss=15.079424
Epoch 016 | Step 460 | lr=1.464466e-04 | loss=14.204771
Epoch 016 | Step 470 | lr=1.464466e-04 | loss=16.323433
Epoch 016 | Step 480 | lr=1.464466e-04 | loss=17.136526
Epoch 016 | Step 490 | lr=1.464466e-04 | loss=14.215031
Epoch 016 | Step 500 | lr=1.464466e-04 | loss=15.246147
Epoch 016 | Step 510 | lr=1.464466e-04 | loss=17.198084
Epoch 016 | Step 520 | lr=1.464466e-04 | loss=15.382090
Epoch 016 | Step 530 | lr=1.464466e-04 | loss=14.776758
Epoch 016 | Step 540 | lr=1.464466e-04 | loss=16.592754
Epoch 016 | Step 550 | lr=1.464466e-04 | loss=13.868761
Epoch 016 | Step 560 | lr=1.464466e-04 | loss=15.256407
Epoch 016 | Step 570 | lr=1.464466e-04 | loss=13.827723
Epoch 016 | Step 580 | lr=1.464466e-04 | loss=13.963665
Epoch 016 | Step 590 | lr=1.464466e-04 | loss=16.038721
Epoch 016 | Step 600 | lr=1.464466e-04 | loss=13.781553
Epoch 016 | Step 610 | lr=1.464466e-04 | loss=13.242910
Epoch 016 | Step 620 | lr=1.464466e-04 | loss=21.809889
Epoch 016 | Step 630 | lr=1.464466e-04 | loss=13.307034
Epoch 016 | Step 640 | lr=1.464466e-04 | loss=13.540445
Epoch 016 | Step 650 | lr=1.464466e-04 | loss=14.458702
Epoch 016 | Step 660 | lr=1.464466e-04 | loss=13.694344
Epoch 016 | Step 670 | lr=1.464466e-04 | loss=15.541119
Epoch 016 | Step 680 | lr=1.464466e-04 | loss=15.192283
Epoch 016 | Step 690 | lr=1.464466e-04 | loss=14.948610
Epoch 016 | Step 700 | lr=1.464466e-04 | loss=14.640815
Epoch 016 | Step 710 | lr=1.464466e-04 | loss=15.158939
Epoch 016 | Step 720 | lr=1.464466e-04 | loss=15.612937
Epoch 016 | Step 730 | lr=1.464466e-04 | loss=14.407404
Epoch 016 | Step 740 | lr=1.464466e-04 | loss=14.848577
Epoch 016 | Step 750 | lr=1.464466e-04 | loss=15.674496
Epoch 016 | Step 760 | lr=1.464466e-04 | loss=15.315401
Epoch 016 | Step 770 | lr=1.464466e-04 | loss=14.040614
Epoch 016 | Step 780 | lr=1.464466e-04 | loss=15.120464
Epoch 016 | Step 790 | lr=1.464466e-04 | loss=15.379525
Epoch 016 | Step 800 | lr=1.464466e-04 | loss=15.187153
Epoch 016 | Step 810 | lr=1.464466e-04 | loss=15.015300
Epoch 016 | Step 820 | lr=1.464466e-04 | loss=14.379189
Epoch 016 | Step 830 | lr=1.464466e-04 | loss=15.271796
Epoch 016 | Step 840 | lr=1.464466e-04 | loss=15.492384
Epoch 016 | Step 850 | lr=1.464466e-04 | loss=16.928764
Epoch 016 | Step 860 | lr=1.464466e-04 | loss=16.569668
Epoch 016 | Step 870 | lr=1.464466e-04 | loss=15.525728
Epoch 016 | Step 880 | lr=1.464466e-04 | loss=15.005041
Epoch 016 | Step 890 | lr=1.464466e-04 | loss=16.069500
Epoch 016 | Step 900 | lr=1.464466e-04 | loss=14.894747
Epoch 016 | Step 910 | lr=1.464466e-04 | loss=16.215704
Epoch 016 | Step 920 | lr=1.464466e-04 | loss=15.815569
Epoch 016 | Step 930 | lr=1.464466e-04 | loss=15.661672
Epoch 016 | Step 940 | lr=1.464466e-04 | loss=15.217932
Epoch 016 | Step 950 | lr=1.464466e-04 | loss=16.254177
Epoch 016 | Step 960 | lr=1.464466e-04 | loss=16.454245
epoch 016 | train_kld=15.659877 | val_kld=6.597313 | val_mae=0.014989 | val_mse=0.001653 | ord_acc@10=0.2042 | recall@10=0.8112
Epoch 017 | Step 10 | lr=9.549150e-05 | loss=14.964001
Epoch 017 | Step 20 | lr=9.549150e-05 | loss=15.020430
Epoch 017 | Step 30 | lr=9.549150e-05 | loss=15.651411
Epoch 017 | Step 40 | lr=9.549150e-05 | loss=16.736391
Epoch 017 | Step 50 | lr=9.549150e-05 | loss=15.428259
Epoch 017 | Step 60 | lr=9.549150e-05 | loss=15.779660
Epoch 017 | Step 70 | lr=9.549150e-05 | loss=15.553943
Epoch 017 | Step 80 | lr=9.549150e-05 | loss=15.541119
Epoch 017 | Step 90 | lr=9.549150e-05 | loss=15.620632
Epoch 017 | Step 100 | lr=9.549150e-05 | loss=14.969131
Epoch 017 | Step 110 | lr=9.549150e-05 | loss=14.289415
Epoch 017 | Step 120 | lr=9.549150e-05 | loss=16.005375
Epoch 017 | Step 130 | lr=9.549150e-05 | loss=15.851478
Epoch 017 | Step 140 | lr=9.549150e-05 | loss=15.292316
Epoch 017 | Step 150 | lr=9.549150e-05 | loss=13.935450
Epoch 017 | Step 160 | lr=9.549150e-05 | loss=16.467072
Epoch 017 | Step 170 | lr=9.549150e-05 | loss=15.117899
Epoch 017 | Step 180 | lr=9.549150e-05 | loss=15.723230
Epoch 017 | Step 190 | lr=9.549150e-05 | loss=13.981619
Epoch 017 | Step 200 | lr=9.549150e-05 | loss=16.031025
Epoch 017 | Step 210 | lr=9.549150e-05 | loss=15.754009
Epoch 017 | Step 220 | lr=9.549150e-05 | loss=15.015300
Epoch 017 | Step 230 | lr=9.549150e-05 | loss=15.017865
Epoch 017 | Step 240 | lr=9.549150e-05 | loss=15.253841
Epoch 017 | Step 250 | lr=9.549150e-05 | loss=16.944153
Epoch 017 | Step 260 | lr=9.549150e-05 | loss=16.084890
Epoch 017 | Step 270 | lr=9.549150e-05 | loss=14.433053
Epoch 017 | Step 280 | lr=9.549150e-05 | loss=15.476994
Epoch 017 | Step 290 | lr=9.549150e-05 | loss=16.785126
Epoch 017 | Step 300 | lr=9.549150e-05 | loss=16.441422
Epoch 017 | Step 310 | lr=9.549150e-05 | loss=15.148679
Epoch 017 | Step 320 | lr=9.549150e-05 | loss=13.879021
Epoch 017 | Step 330 | lr=9.549150e-05 | loss=15.151243
Epoch 017 | Step 340 | lr=9.549150e-05 | loss=17.328899
Epoch 017 | Step 350 | lr=9.549150e-05 | loss=15.435954
Epoch 017 | Step 360 | lr=9.549150e-05 | loss=15.695016
Epoch 017 | Step 370 | lr=9.549150e-05 | loss=15.215367
Epoch 017 | Step 380 | lr=9.549150e-05 | loss=16.461941
Epoch 017 | Step 390 | lr=9.549150e-05 | loss=15.092249
Epoch 017 | Step 400 | lr=9.549150e-05 | loss=15.528294
Epoch 017 | Step 410 | lr=9.549150e-05 | loss=14.640815
Epoch 017 | Step 420 | lr=9.549150e-05 | loss=14.592081
Epoch 017 | Step 430 | lr=9.549150e-05 | loss=15.079424
Epoch 017 | Step 440 | lr=9.549150e-05 | loss=16.061806
Epoch 017 | Step 450 | lr=9.549150e-05 | loss=15.453909
Epoch 017 | Step 460 | lr=9.549150e-05 | loss=14.291980
Epoch 017 | Step 470 | lr=9.549150e-05 | loss=14.520262
Epoch 017 | Step 480 | lr=9.549150e-05 | loss=17.408411
Epoch 017 | Step 490 | lr=9.549150e-05 | loss=17.259644
Epoch 017 | Step 500 | lr=9.549150e-05 | loss=16.238789
Epoch 017 | Step 510 | lr=9.549150e-05 | loss=17.428932
Epoch 017 | Step 520 | lr=9.549150e-05 | loss=14.097043
Epoch 017 | Step 530 | lr=9.549150e-05 | loss=17.098051
Epoch 017 | Step 540 | lr=9.549150e-05 | loss=15.369266
Epoch 017 | Step 550 | lr=9.549150e-05 | loss=15.954078
Epoch 017 | Step 560 | lr=9.549150e-05 | loss=16.500416
Epoch 017 | Step 570 | lr=9.549150e-05 | loss=14.938351
Epoch 017 | Step 580 | lr=9.549150e-05 | loss=15.258972
Epoch 017 | Step 590 | lr=9.549150e-05 | loss=15.228192
Epoch 017 | Step 600 | lr=9.549150e-05 | loss=15.169199
Epoch 017 | Step 610 | lr=9.549150e-05 | loss=16.431160
Epoch 017 | Step 620 | lr=9.549150e-05 | loss=15.099944
Epoch 017 | Step 630 | lr=9.549150e-05 | loss=15.335920
Epoch 017 | Step 640 | lr=9.549150e-05 | loss=14.030354
Epoch 017 | Step 650 | lr=9.549150e-05 | loss=14.107304
Epoch 017 | Step 660 | lr=9.549150e-05 | loss=16.672268
Epoch 017 | Step 670 | lr=9.549150e-05 | loss=17.169868
Epoch 017 | Step 680 | lr=9.549150e-05 | loss=16.223398
Epoch 017 | Step 690 | lr=9.549150e-05 | loss=17.316074
Epoch 017 | Step 700 | lr=9.549150e-05 | loss=15.202543
Epoch 017 | Step 710 | lr=9.549150e-05 | loss=15.761705
Epoch 017 | Step 720 | lr=9.549150e-05 | loss=17.395588
Epoch 017 | Step 730 | lr=9.549150e-05 | loss=14.479222
Epoch 017 | Step 740 | lr=9.549150e-05 | loss=14.350974
Epoch 017 | Step 750 | lr=9.549150e-05 | loss=15.325661
Epoch 017 | Step 760 | lr=9.549150e-05 | loss=16.277264
Epoch 017 | Step 770 | lr=9.549150e-05 | loss=16.390121
Epoch 017 | Step 780 | lr=9.549150e-05 | loss=15.887388
Epoch 017 | Step 790 | lr=9.549150e-05 | loss=14.907572
Epoch 017 | Step 800 | lr=9.549150e-05 | loss=15.989986
Epoch 017 | Step 810 | lr=9.549150e-05 | loss=15.189717
Epoch 017 | Step 820 | lr=9.549150e-05 | loss=15.346180
Epoch 017 | Step 830 | lr=9.549150e-05 | loss=16.451679
Epoch 017 | Step 840 | lr=9.549150e-05 | loss=15.997683
Epoch 017 | Step 850 | lr=9.549150e-05 | loss=15.361570
Epoch 017 | Step 860 | lr=9.549150e-05 | loss=15.007605
Epoch 017 | Step 870 | lr=9.549150e-05 | loss=16.367037
Epoch 017 | Step 880 | lr=9.549150e-05 | loss=15.810439
Epoch 017 | Step 890 | lr=9.549150e-05 | loss=16.295218
Epoch 017 | Step 900 | lr=9.549150e-05 | loss=13.850807
Epoch 017 | Step 910 | lr=9.549150e-05 | loss=15.559072
Epoch 017 | Step 920 | lr=9.549150e-05 | loss=13.183915
Epoch 017 | Step 930 | lr=9.549150e-05 | loss=15.746314
Epoch 017 | Step 940 | lr=9.549150e-05 | loss=15.861738
Epoch 017 | Step 950 | lr=9.549150e-05 | loss=17.033926
Epoch 017 | Step 960 | lr=9.549150e-05 | loss=17.423801
epoch 017 | train_kld=15.540218 | val_kld=6.260851 | val_mae=0.014989 | val_mse=0.001653 | ord_acc@10=0.2219 | recall@10=0.8181
Epoch 018 | Step 10 | lr=5.449674e-05 | loss=15.051210
Epoch 018 | Step 20 | lr=5.449674e-05 | loss=15.048645
Epoch 018 | Step 30 | lr=5.449674e-05 | loss=15.369265
Epoch 018 | Step 40 | lr=5.449674e-05 | loss=16.041286
Epoch 018 | Step 50 | lr=5.449674e-05 | loss=16.667137
Epoch 018 | Step 60 | lr=5.449674e-05 | loss=15.366701
Epoch 018 | Step 70 | lr=5.449674e-05 | loss=15.684756
Epoch 018 | Step 80 | lr=5.449674e-05 | loss=15.587287
Epoch 018 | Step 90 | lr=5.449674e-05 | loss=15.112768
Epoch 018 | Step 100 | lr=5.449674e-05 | loss=14.579256
Epoch 018 | Step 110 | lr=5.449674e-05 | loss=14.810102
Epoch 018 | Step 120 | lr=5.449674e-05 | loss=16.954414
Epoch 018 | Step 130 | lr=5.449674e-05 | loss=14.191946
Epoch 018 | Step 140 | lr=5.449674e-05 | loss=14.953742
Epoch 018 | Step 150 | lr=5.449674e-05 | loss=14.363799
Epoch 018 | Step 160 | lr=5.449674e-05 | loss=14.584387
Epoch 018 | Step 170 | lr=5.449674e-05 | loss=15.146112
Epoch 018 | Step 180 | lr=5.449674e-05 | loss=17.570005
Epoch 018 | Step 190 | lr=5.449674e-05 | loss=14.574126
Epoch 018 | Step 200 | lr=5.449674e-05 | loss=14.856272
Epoch 018 | Step 210 | lr=5.449674e-05 | loss=15.435954
Epoch 018 | Step 220 | lr=5.449674e-05 | loss=17.287859
Epoch 018 | Step 230 | lr=5.449674e-05 | loss=16.384991
Epoch 018 | Step 240 | lr=5.449674e-05 | loss=16.736389
Epoch 018 | Step 250 | lr=5.449674e-05 | loss=13.448107
Epoch 018 | Step 260 | lr=5.449674e-05 | loss=14.961435
Epoch 018 | Step 270 | lr=5.449674e-05 | loss=14.686985
Epoch 018 | Step 280 | lr=5.449674e-05 | loss=16.697918
Epoch 018 | Step 290 | lr=5.449674e-05 | loss=15.674496
Epoch 018 | Step 300 | lr=5.449674e-05 | loss=15.669366
Epoch 018 | Step 310 | lr=5.449674e-05 | loss=15.892518
Epoch 018 | Step 320 | lr=5.449674e-05 | loss=16.500414
Epoch 018 | Step 330 | lr=5.449674e-05 | loss=16.705612
Epoch 018 | Step 340 | lr=5.449674e-05 | loss=15.856609
Epoch 018 | Step 350 | lr=5.449674e-05 | loss=16.500414
Epoch 018 | Step 360 | lr=5.449674e-05 | loss=16.254177
Epoch 018 | Step 370 | lr=5.449674e-05 | loss=15.441084
Epoch 018 | Step 380 | lr=5.449674e-05 | loss=15.810439
Epoch 018 | Step 390 | lr=5.449674e-05 | loss=16.010506
Epoch 018 | Step 400 | lr=5.449674e-05 | loss=14.561302
Epoch 018 | Step 410 | lr=5.449674e-05 | loss=15.071729
Epoch 018 | Step 420 | lr=5.449674e-05 | loss=16.228529
Epoch 018 | Step 430 | lr=5.449674e-05 | loss=16.618402
Epoch 018 | Step 440 | lr=5.449674e-05 | loss=15.738620
Epoch 018 | Step 450 | lr=5.449674e-05 | loss=17.267338
Epoch 018 | Step 460 | lr=5.449674e-05 | loss=15.530857
Epoch 018 | Step 470 | lr=5.449674e-05 | loss=14.361234
Epoch 018 | Step 480 | lr=5.449674e-05 | loss=15.258971
Epoch 018 | Step 490 | lr=5.449674e-05 | loss=14.240681
Epoch 018 | Step 500 | lr=5.449674e-05 | loss=16.877464
Epoch 018 | Step 510 | lr=5.449674e-05 | loss=16.102844
Epoch 018 | Step 520 | lr=5.449674e-05 | loss=15.869432
Epoch 018 | Step 530 | lr=5.449674e-05 | loss=13.927755
Epoch 018 | Step 540 | lr=5.449674e-05 | loss=14.948611
Epoch 018 | Step 550 | lr=5.449674e-05 | loss=15.748880
Epoch 018 | Step 560 | lr=5.449674e-05 | loss=18.896091
Epoch 018 | Step 570 | lr=5.449674e-05 | loss=14.279156
Epoch 018 | Step 580 | lr=5.449674e-05 | loss=15.297446
Epoch 018 | Step 590 | lr=5.449674e-05 | loss=15.443649
Epoch 018 | Step 600 | lr=5.449674e-05 | loss=15.907907
Epoch 018 | Step 610 | lr=5.449674e-05 | loss=17.103180
Epoch 018 | Step 620 | lr=5.449674e-05 | loss=16.105410
Epoch 018 | Step 630 | lr=5.449674e-05 | loss=14.807537
Epoch 018 | Step 640 | lr=5.449674e-05 | loss=15.505208
Epoch 018 | Step 650 | lr=5.449674e-05 | loss=16.300348
Epoch 018 | Step 660 | lr=5.449674e-05 | loss=15.205108
Epoch 018 | Step 670 | lr=5.449674e-05 | loss=14.915266
Epoch 018 | Step 680 | lr=5.449674e-05 | loss=16.736391
Epoch 018 | Step 690 | lr=5.449674e-05 | loss=13.486582
Epoch 018 | Step 700 | lr=5.449674e-05 | loss=13.350637
Epoch 018 | Step 710 | lr=5.449674e-05 | loss=15.020431
Epoch 018 | Step 720 | lr=5.449674e-05 | loss=15.425694
Epoch 018 | Step 730 | lr=5.449674e-05 | loss=18.031698
Epoch 018 | Step 740 | lr=5.449674e-05 | loss=14.197077
Epoch 018 | Step 750 | lr=5.449674e-05 | loss=16.151579
Epoch 018 | Step 760 | lr=5.449674e-05 | loss=14.910137
Epoch 018 | Step 770 | lr=5.449674e-05 | loss=17.972704
Epoch 018 | Step 780 | lr=5.449674e-05 | loss=15.828394
Epoch 018 | Step 790 | lr=5.449674e-05 | loss=14.674160
Epoch 018 | Step 800 | lr=5.449674e-05 | loss=13.922626
Epoch 018 | Step 810 | lr=5.449674e-05 | loss=15.779659
Epoch 018 | Step 820 | lr=5.449674e-05 | loss=15.051209
Epoch 018 | Step 830 | lr=5.449674e-05 | loss=16.910809
Epoch 018 | Step 840 | lr=5.449674e-05 | loss=15.677060
Epoch 018 | Step 850 | lr=5.449674e-05 | loss=15.433390
Epoch 018 | Step 860 | lr=5.449674e-05 | loss=15.397480
Epoch 018 | Step 870 | lr=5.449674e-05 | loss=15.928428
Epoch 018 | Step 880 | lr=5.449674e-05 | loss=15.705276
Epoch 018 | Step 890 | lr=5.449674e-05 | loss=14.343279
Epoch 018 | Step 900 | lr=5.449674e-05 | loss=15.610373
Epoch 018 | Step 910 | lr=5.449674e-05 | loss=15.258972
Epoch 018 | Step 920 | lr=5.449674e-05 | loss=17.559746
Epoch 018 | Step 930 | lr=5.449674e-05 | loss=14.427923
Epoch 018 | Step 940 | lr=5.449674e-05 | loss=16.569668
Epoch 018 | Step 950 | lr=5.449674e-05 | loss=16.420902
Epoch 018 | Step 960 | lr=5.449674e-05 | loss=16.459375
epoch 018 | train_kld=15.511217 | val_kld=6.304449 | val_mae=0.014989 | val_mse=0.001653 | ord_acc@10=0.2192 | recall@10=0.8168
Epoch 019 | Step 10 | lr=2.447174e-05 | loss=15.056340
Epoch 019 | Step 20 | lr=2.447174e-05 | loss=15.951512
Epoch 019 | Step 30 | lr=2.447174e-05 | loss=14.776758
Epoch 019 | Step 40 | lr=2.447174e-05 | loss=14.669029
Epoch 019 | Step 50 | lr=2.447174e-05 | loss=15.264101
Epoch 019 | Step 60 | lr=2.447174e-05 | loss=15.433390
Epoch 019 | Step 70 | lr=2.447174e-05 | loss=14.879357
Epoch 019 | Step 80 | lr=2.447174e-05 | loss=15.279491
Epoch 019 | Step 90 | lr=2.447174e-05 | loss=14.879358
Epoch 019 | Step 100 | lr=2.447174e-05 | loss=15.084555
Epoch 019 | Step 110 | lr=2.447174e-05 | loss=15.907907
Epoch 019 | Step 120 | lr=2.447174e-05 | loss=15.189717
Epoch 019 | Step 130 | lr=2.447174e-05 | loss=14.025224
Epoch 019 | Step 140 | lr=2.447174e-05 | loss=16.336258
Epoch 019 | Step 150 | lr=2.447174e-05 | loss=15.523163
Epoch 019 | Step 160 | lr=2.447174e-05 | loss=16.110540
Epoch 019 | Step 170 | lr=2.447174e-05 | loss=15.197412
Epoch 019 | Step 180 | lr=2.447174e-05 | loss=14.420229
Epoch 019 | Step 190 | lr=2.447174e-05 | loss=15.746315
Epoch 019 | Step 200 | lr=2.447174e-05 | loss=16.087456
Epoch 019 | Step 210 | lr=2.447174e-05 | loss=13.055668
Epoch 019 | Step 220 | lr=2.447174e-05 | loss=15.638586
Epoch 019 | Step 230 | lr=2.447174e-05 | loss=16.972368
Epoch 019 | Step 240 | lr=2.447174e-05 | loss=15.561638
Epoch 019 | Step 250 | lr=2.447174e-05 | loss=16.759476
Epoch 019 | Step 260 | lr=2.447174e-05 | loss=15.253841
Epoch 019 | Step 270 | lr=2.447174e-05 | loss=14.940916
Epoch 019 | Step 280 | lr=2.447174e-05 | loss=14.620296
Epoch 019 | Step 290 | lr=2.447174e-05 | loss=15.258972
Epoch 019 | Step 300 | lr=2.447174e-05 | loss=15.779659
Epoch 019 | Step 310 | lr=2.447174e-05 | loss=14.333019
Epoch 019 | Step 320 | lr=2.447174e-05 | loss=16.051546
Epoch 019 | Step 330 | lr=2.447174e-05 | loss=15.556508
Epoch 019 | Step 340 | lr=2.447174e-05 | loss=15.325661
Epoch 019 | Step 350 | lr=2.447174e-05 | loss=14.899877
Epoch 019 | Step 360 | lr=2.447174e-05 | loss=14.122692
Epoch 019 | Step 370 | lr=2.447174e-05 | loss=14.676724
Epoch 019 | Step 380 | lr=2.447174e-05 | loss=15.184587
Epoch 019 | Step 390 | lr=2.447174e-05 | loss=15.743750
Epoch 019 | Step 400 | lr=2.447174e-05 | loss=16.325996
Epoch 019 | Step 410 | lr=2.447174e-05 | loss=15.341050
Epoch 019 | Step 420 | lr=2.447174e-05 | loss=15.828394
Epoch 019 | Step 430 | lr=2.447174e-05 | loss=15.005040
Epoch 019 | Step 440 | lr=2.447174e-05 | loss=14.843448
Epoch 019 | Step 450 | lr=2.447174e-05 | loss=15.623197
Epoch 019 | Step 460 | lr=2.447174e-05 | loss=16.597883
Epoch 019 | Step 470 | lr=2.447174e-05 | loss=16.036156
Epoch 019 | Step 480 | lr=2.447174e-05 | loss=14.666466
Epoch 019 | Step 490 | lr=2.447174e-05 | loss=15.423130
Epoch 019 | Step 500 | lr=2.447174e-05 | loss=15.723230
Epoch 019 | Step 510 | lr=2.447174e-05 | loss=15.682192
Epoch 019 | Step 520 | lr=2.447174e-05 | loss=14.661335
Epoch 019 | Step 530 | lr=2.447174e-05 | loss=15.258972
Epoch 019 | Step 540 | lr=2.447174e-05 | loss=14.953741
Epoch 019 | Step 550 | lr=2.447174e-05 | loss=14.984520
Epoch 019 | Step 560 | lr=2.447174e-05 | loss=15.674496
Epoch 019 | Step 570 | lr=2.447174e-05 | loss=15.497513
Epoch 019 | Step 580 | lr=2.447174e-05 | loss=16.048981
Epoch 019 | Step 590 | lr=2.447174e-05 | loss=15.135853
Epoch 019 | Step 600 | lr=2.447174e-05 | loss=17.418671
Epoch 019 | Step 610 | lr=2.447174e-05 | loss=15.282057
Epoch 019 | Step 620 | lr=2.447174e-05 | loss=14.964001
Epoch 019 | Step 630 | lr=2.447174e-05 | loss=16.726131
Epoch 019 | Step 640 | lr=2.447174e-05 | loss=15.494947
Epoch 019 | Step 650 | lr=2.447174e-05 | loss=16.084890
Epoch 019 | Step 660 | lr=2.447174e-05 | loss=14.907572
Epoch 019 | Step 670 | lr=2.447174e-05 | loss=14.907572
Epoch 019 | Step 680 | lr=2.447174e-05 | loss=16.585058
Epoch 019 | Step 690 | lr=2.447174e-05 | loss=15.630892
Epoch 019 | Step 700 | lr=2.447174e-05 | loss=14.371494
Epoch 019 | Step 710 | lr=2.447174e-05 | loss=15.869432
Epoch 019 | Step 720 | lr=2.447174e-05 | loss=16.092585
Epoch 019 | Step 730 | lr=2.447174e-05 | loss=15.258972
Epoch 019 | Step 740 | lr=2.447174e-05 | loss=15.777094
Epoch 019 | Step 750 | lr=2.447174e-05 | loss=15.936122
Epoch 019 | Step 760 | lr=2.447174e-05 | loss=16.313171
Epoch 019 | Step 770 | lr=2.447174e-05 | loss=15.087119
Epoch 019 | Step 780 | lr=2.447174e-05 | loss=15.582157
Epoch 019 | Step 790 | lr=2.447174e-05 | loss=16.910809
Epoch 019 | Step 800 | lr=2.447174e-05 | loss=15.456474
Epoch 019 | Step 810 | lr=2.447174e-05 | loss=15.279491
Epoch 019 | Step 820 | lr=2.447174e-05 | loss=15.423129
Epoch 019 | Step 830 | lr=2.447174e-05 | loss=15.807875
Epoch 019 | Step 840 | lr=2.447174e-05 | loss=17.033926
Epoch 019 | Step 850 | lr=2.447174e-05 | loss=16.007940
Epoch 019 | Step 860 | lr=2.447174e-05 | loss=15.435953
Epoch 019 | Step 870 | lr=2.447174e-05 | loss=15.589851
Epoch 019 | Step 880 | lr=2.447174e-05 | loss=15.895083
Epoch 019 | Step 890 | lr=2.447174e-05 | loss=15.015300
Epoch 019 | Step 900 | lr=2.447174e-05 | loss=15.294881
Epoch 019 | Step 910 | lr=2.447174e-05 | loss=14.843448
Epoch 019 | Step 920 | lr=2.447174e-05 | loss=14.892181
Epoch 019 | Step 930 | lr=2.447174e-05 | loss=15.500078
Epoch 019 | Step 940 | lr=2.447174e-05 | loss=15.546247
Epoch 019 | Step 950 | lr=2.447174e-05 | loss=14.035484
Epoch 019 | Step 960 | lr=2.447174e-05 | loss=14.392014
epoch 019 | train_kld=15.440887 | val_kld=6.263473 | val_mae=0.014989 | val_mse=0.001653 | ord_acc@10=0.2236 | recall@10=0.8169
Epoch 020 | Step 10 | lr=6.155830e-06 | loss=15.479559
Epoch 020 | Step 20 | lr=6.155830e-06 | loss=15.361570
Epoch 020 | Step 30 | lr=6.155830e-06 | loss=13.950840
Epoch 020 | Step 40 | lr=6.155830e-06 | loss=15.310271
Epoch 020 | Step 50 | lr=6.155830e-06 | loss=14.107303
Epoch 020 | Step 60 | lr=6.155830e-06 | loss=15.535988
Epoch 020 | Step 70 | lr=6.155830e-06 | loss=15.107639
Epoch 020 | Step 80 | lr=6.155830e-06 | loss=15.828394
Epoch 020 | Step 90 | lr=6.155830e-06 | loss=14.828057
Epoch 020 | Step 100 | lr=6.155830e-06 | loss=14.720329
Epoch 020 | Step 110 | lr=6.155830e-06 | loss=14.920397
Epoch 020 | Step 120 | lr=6.155830e-06 | loss=15.117899
Epoch 020 | Step 130 | lr=6.155830e-06 | loss=14.940916
Epoch 020 | Step 140 | lr=6.155830e-06 | loss=15.289751
Epoch 020 | Step 150 | lr=6.155830e-06 | loss=14.825493
Epoch 020 | Step 160 | lr=6.155830e-06 | loss=15.133287
Epoch 020 | Step 170 | lr=6.155830e-06 | loss=14.769064
Epoch 020 | Step 180 | lr=6.155830e-06 | loss=16.087456
Epoch 020 | Step 190 | lr=6.155830e-06 | loss=15.728359
Epoch 020 | Step 200 | lr=6.155830e-06 | loss=15.792484
Epoch 020 | Step 210 | lr=6.155830e-06 | loss=15.418000
Epoch 020 | Step 220 | lr=6.155830e-06 | loss=15.102509
Epoch 020 | Step 230 | lr=6.155830e-06 | loss=15.335921
Epoch 020 | Step 240 | lr=6.155830e-06 | loss=15.361570
Epoch 020 | Step 250 | lr=6.155830e-06 | loss=13.943146
Epoch 020 | Step 260 | lr=6.155830e-06 | loss=15.307707
Epoch 020 | Step 270 | lr=6.155830e-06 | loss=15.107639
Epoch 020 | Step 280 | lr=6.155830e-06 | loss=16.036156
Epoch 020 | Step 290 | lr=6.155830e-06 | loss=15.992552
Epoch 020 | Step 300 | lr=6.155830e-06 | loss=15.610371
Epoch 020 | Step 310 | lr=6.155830e-06 | loss=15.140984
Epoch 020 | Step 320 | lr=6.155830e-06 | loss=15.610372
Epoch 020 | Step 330 | lr=6.155830e-06 | loss=16.410641
Epoch 020 | Step 340 | lr=6.155830e-06 | loss=15.712970
Epoch 020 | Step 350 | lr=6.155830e-06 | loss=14.881922
Epoch 020 | Step 360 | lr=6.155830e-06 | loss=15.256407
Epoch 020 | Step 370 | lr=6.155830e-06 | loss=17.323769
Epoch 020 | Step 380 | lr=6.155830e-06 | loss=15.156372
Epoch 020 | Step 390 | lr=6.155830e-06 | loss=14.810103
Epoch 020 | Step 400 | lr=6.155830e-06 | loss=15.697580
Epoch 020 | Step 410 | lr=6.155830e-06 | loss=15.087119
Epoch 020 | Step 420 | lr=6.155830e-06 | loss=14.884486
Epoch 020 | Step 430 | lr=6.155830e-06 | loss=15.954077
Epoch 020 | Step 440 | lr=6.155830e-06 | loss=15.789919
Epoch 020 | Step 450 | lr=6.155830e-06 | loss=14.630556
Epoch 020 | Step 460 | lr=6.155830e-06 | loss=14.376624
Epoch 020 | Step 470 | lr=6.155830e-06 | loss=14.930656
Epoch 020 | Step 480 | lr=6.155830e-06 | loss=15.425694
Epoch 020 | Step 490 | lr=6.155830e-06 | loss=16.456810
Epoch 020 | Step 500 | lr=6.155830e-06 | loss=16.177229
Epoch 020 | Step 510 | lr=6.155830e-06 | loss=14.730589
Epoch 020 | Step 520 | lr=6.155830e-06 | loss=15.761705
Epoch 020 | Step 530 | lr=6.155830e-06 | loss=16.628662
Epoch 020 | Step 540 | lr=6.155830e-06 | loss=16.256742
Epoch 020 | Step 550 | lr=6.155830e-06 | loss=15.589851
Epoch 020 | Step 560 | lr=6.155830e-06 | loss=15.074295
Epoch 020 | Step 570 | lr=6.155830e-06 | loss=15.928428
Epoch 020 | Step 580 | lr=6.155830e-06 | loss=15.384655
Epoch 020 | Step 590 | lr=6.155830e-06 | loss=15.625761
Epoch 020 | Step 600 | lr=6.155830e-06 | loss=15.020430
Epoch 020 | Step 610 | lr=6.155830e-06 | loss=14.951176
Epoch 020 | Step 620 | lr=6.155830e-06 | loss=15.264102
Epoch 020 | Step 630 | lr=6.155830e-06 | loss=16.010508
Epoch 020 | Step 640 | lr=6.155830e-06 | loss=16.015636
Epoch 020 | Step 650 | lr=6.155830e-06 | loss=15.484689
Epoch 020 | Step 660 | lr=6.155830e-06 | loss=15.684755
Epoch 020 | Step 670 | lr=6.155830e-06 | loss=14.822927
Epoch 020 | Step 680 | lr=6.155830e-06 | loss=14.997345
Epoch 020 | Step 690 | lr=6.155830e-06 | loss=15.315401
Epoch 020 | Step 700 | lr=6.155830e-06 | loss=16.541454
Epoch 020 | Step 710 | lr=6.155830e-06 | loss=15.836090
Epoch 020 | Step 720 | lr=6.155830e-06 | loss=15.022995
Epoch 020 | Step 730 | lr=6.155830e-06 | loss=14.974260
Epoch 020 | Step 740 | lr=6.155830e-06 | loss=14.756239
Epoch 020 | Step 750 | lr=6.155830e-06 | loss=15.330790
Epoch 020 | Step 760 | lr=6.155830e-06 | loss=14.399709
Epoch 020 | Step 770 | lr=6.155830e-06 | loss=15.346181
Epoch 020 | Step 780 | lr=6.155830e-06 | loss=16.877464
Epoch 020 | Step 790 | lr=6.155830e-06 | loss=15.243582
Epoch 020 | Step 800 | lr=6.155830e-06 | loss=16.349081
Epoch 020 | Step 810 | lr=6.155830e-06 | loss=15.015300
Epoch 020 | Step 820 | lr=6.155830e-06 | loss=15.128159
Epoch 020 | Step 830 | lr=6.155830e-06 | loss=15.512903
Epoch 020 | Step 840 | lr=6.155830e-06 | loss=15.592417
Epoch 020 | Step 850 | lr=6.155830e-06 | loss=15.476994
Epoch 020 | Step 860 | lr=6.155830e-06 | loss=14.538218
Epoch 020 | Step 870 | lr=6.155830e-06 | loss=15.833523
Epoch 020 | Step 880 | lr=6.155830e-06 | loss=15.564202
Epoch 020 | Step 890 | lr=6.155830e-06 | loss=15.871998
Epoch 020 | Step 900 | lr=6.155830e-06 | loss=15.646280
Epoch 020 | Step 910 | lr=6.155830e-06 | loss=14.897312
Epoch 020 | Step 920 | lr=6.155830e-06 | loss=15.810440
Epoch 020 | Step 930 | lr=6.155830e-06 | loss=14.676725
Epoch 020 | Step 940 | lr=6.155830e-06 | loss=15.064034
Epoch 020 | Step 950 | lr=6.155830e-06 | loss=14.086783
Epoch 020 | Step 960 | lr=6.155830e-06 | loss=14.071394
/mnt/hdd/xln/PycharmProjects/PredictLeafNode/src/model/cluster_dist_transformer_original.py:844: FutureWarning: You are using `torch.load` with `weights_only=False` (the current default value), which uses the default pickle module implicitly. It is possible to construct malicious pickle data which will execute arbitrary code during unpickling (See https://github.com/pytorch/pytorch/blob/main/SECURITY.md#untrusted-models for more details). In a future release, the default value for `weights_only` will be flipped to `True`. This limits the functions that could be executed during unpickling. Arbitrary objects will no longer be allowed to be loaded via this mode unless they are explicitly allowlisted by the user via `torch.serialization.add_safe_globals`. We recommend you start setting `weights_only=True` for any use case where you don't have full control of the loaded file. Please open an issue on GitHub for any issues related to this experimental feature.
  ckpt = torch.load(best_path, map_location=device)
epoch 020 | train_kld=15.230872 | val_kld=6.264786 | val_mae=0.014989 | val_mse=0.001653 | ord_acc@10=0.2233 | recall@10=0.8159
Saved epoch 1 batch metrics plot to input/Training_data/gist1M_learn/leafsize20K/F_model_d256_L4_H8_ff512_topk10_bs512_ep20_lr0.001_wd0.01_bilinear_normalizeTrue_posTrue_gatingFalse_loss_typerecall_focused_loss_use_type_embedTrue/model_d256_L4_H8_ff512_topk10_bs512_ep20_lr0.001_wd0.01_bilinear_normalizeTrue_posTrue_gatingFalse_loss_typerecall_focused_loss_use_type_embedTrue_epoch1_batch_metrics@10.png
Saved epoch metrics plot to input/Training_data/gist1M_learn/leafsize20K/F_model_d256_L4_H8_ff512_topk10_bs512_ep20_lr0.001_wd0.01_bilinear_normalizeTrue_posTrue_gatingFalse_loss_typerecall_focused_loss_use_type_embedTrue/model_d256_L4_H8_ff512_topk10_bs512_ep20_lr0.001_wd0.01_bilinear_normalizeTrue_posTrue_gatingFalse_loss_typerecall_focused_loss_use_type_embedTrue_epoch_metrics.png
best val_kld: 6.260851 at epoch 17
Loaded checkpoint from input/Training_data/gist1M_learn/leafsize20K/F_model_d256_L4_H8_ff512_topk10_bs512_ep20_lr0.001_wd0.01_bilinear_normalizeTrue_posTrue_gatingFalse_loss_typerecall_focused_loss_use_type_embedTrue/model_d256_L4_H8_ff512_topk10_bs512_ep20_lr0.001_wd0.01_bilinear_normalizeTrue_posTrue_gatingFalse_loss_typerecall_focused_loss_use_type_embedTrue.pt (epoch=17)
[TEST] kld=6.274772 | mae=0.014883 | mse=0.001556 | ord_acc@10=0.2201 | recall@10=0.8151
Saving model predictions to file...
Saved predictions -> input/Training_data/gist1M_learn/leafsize20K/F_model_d256_L4_H8_ff512_topk10_bs512_ep20_lr0.001_wd0.01_bilinear_normalizeTrue_posTrue_gatingFalse_loss_typerecall_focused_loss_use_type_embedTrue/model_d256_L4_H8_ff512_topk10_bs512_ep20_lr0.001_wd0.01_bilinear_normalizeTrue_posTrue_gatingFalse_loss_typerecall_focused_loss_use_type_embedTrue_pred.txt
