/home/xln/miniconda3/envs/elpis_torch/lib/python3.12/site-packages/torch/nn/modules/transformer.py:379: UserWarning: enable_nested_tensor is True, but self.use_nested_tensor is False because encoder_layer.norm_first was True
  warnings.warn(
Detected K=116, D=960
Using experiment ID: E
Epoch 001 | Batch 10 | val_kld=1.758526 | val_ordacc@10=0.041003 | val_recall@10=0.402983
Epoch 001 | Step 10 | lr=1.000000e-03 | loss=2.005612
Epoch 001 | Batch 20 | val_kld=0.875710 | val_ordacc@10=0.115721 | val_recall@10=0.630187
Epoch 001 | Step 20 | lr=1.000000e-03 | loss=0.968979
Epoch 001 | Batch 30 | val_kld=0.614639 | val_ordacc@10=0.148391 | val_recall@10=0.689366
Epoch 001 | Step 30 | lr=1.000000e-03 | loss=0.667742
Epoch 001 | Batch 40 | val_kld=0.452574 | val_ordacc@10=0.184337 | val_recall@10=0.738702
Epoch 001 | Step 40 | lr=1.000000e-03 | loss=0.524511
Epoch 001 | Batch 50 | val_kld=0.435307 | val_ordacc@10=0.179462 | val_recall@10=0.741220
Epoch 001 | Step 50 | lr=1.000000e-03 | loss=0.425387
Epoch 001 | Batch 60 | val_kld=0.362055 | val_ordacc@10=0.209651 | val_recall@10=0.757449
Epoch 001 | Step 60 | lr=1.000000e-03 | loss=0.403526
Epoch 001 | Batch 70 | val_kld=0.335555 | val_ordacc@10=0.215944 | val_recall@10=0.768844
Epoch 001 | Step 70 | lr=1.000000e-03 | loss=0.392645
Epoch 001 | Batch 80 | val_kld=0.316901 | val_ordacc@10=0.225767 | val_recall@10=0.773964
Epoch 001 | Step 80 | lr=1.000000e-03 | loss=0.328207
Epoch 001 | Batch 90 | val_kld=0.355201 | val_ordacc@10=0.192653 | val_recall@10=0.760745
Epoch 001 | Step 90 | lr=1.000000e-03 | loss=0.379622
Epoch 001 | Batch 100 | val_kld=0.329144 | val_ordacc@10=0.215173 | val_recall@10=0.769568
Epoch 001 | Step 100 | lr=1.000000e-03 | loss=0.327642
Epoch 001 | Batch 110 | val_kld=0.309767 | val_ordacc@10=0.218406 | val_recall@10=0.776790
Epoch 001 | Step 110 | lr=1.000000e-03 | loss=0.301153
Epoch 001 | Batch 120 | val_kld=0.308536 | val_ordacc@10=0.217237 | val_recall@10=0.778781
Epoch 001 | Step 120 | lr=1.000000e-03 | loss=0.287870
Epoch 001 | Batch 130 | val_kld=0.278028 | val_ordacc@10=0.237664 | val_recall@10=0.783145
Epoch 001 | Step 130 | lr=1.000000e-03 | loss=0.299332
Epoch 001 | Batch 140 | val_kld=0.260206 | val_ordacc@10=0.247074 | val_recall@10=0.794884
Epoch 001 | Step 140 | lr=1.000000e-03 | loss=0.288185
Epoch 001 | Batch 150 | val_kld=0.270015 | val_ordacc@10=0.236023 | val_recall@10=0.793356
Epoch 001 | Step 150 | lr=1.000000e-03 | loss=0.284808
Epoch 001 | Batch 160 | val_kld=0.262248 | val_ordacc@10=0.237023 | val_recall@10=0.793011
Epoch 001 | Step 160 | lr=1.000000e-03 | loss=0.265255
Epoch 001 | Batch 170 | val_kld=0.247656 | val_ordacc@10=0.246973 | val_recall@10=0.795845
Epoch 001 | Step 170 | lr=1.000000e-03 | loss=0.263476
Epoch 001 | Batch 180 | val_kld=0.235458 | val_ordacc@10=0.251975 | val_recall@10=0.798663
Epoch 001 | Step 180 | lr=1.000000e-03 | loss=0.252678
Epoch 001 | Batch 190 | val_kld=0.234181 | val_ordacc@10=0.256307 | val_recall@10=0.798787
Epoch 001 | Step 190 | lr=1.000000e-03 | loss=0.247292
Epoch 001 | Batch 200 | val_kld=0.235584 | val_ordacc@10=0.253813 | val_recall@10=0.795876
Epoch 001 | Step 200 | lr=1.000000e-03 | loss=0.246077
Epoch 001 | Batch 210 | val_kld=0.227946 | val_ordacc@10=0.256752 | val_recall@10=0.801838
Epoch 001 | Step 210 | lr=1.000000e-03 | loss=0.248905
Epoch 001 | Batch 220 | val_kld=0.238986 | val_ordacc@10=0.247611 | val_recall@10=0.800318
Epoch 001 | Step 220 | lr=1.000000e-03 | loss=0.256333
Epoch 001 | Batch 230 | val_kld=0.225069 | val_ordacc@10=0.251320 | val_recall@10=0.799546
Epoch 001 | Step 230 | lr=1.000000e-03 | loss=0.247001
Epoch 001 | Batch 240 | val_kld=0.217611 | val_ordacc@10=0.262196 | val_recall@10=0.805696
Epoch 001 | Step 240 | lr=1.000000e-03 | loss=0.225296
Epoch 001 | Batch 250 | val_kld=0.222627 | val_ordacc@10=0.255949 | val_recall@10=0.801678
Epoch 001 | Step 250 | lr=1.000000e-03 | loss=0.227379
Epoch 001 | Batch 260 | val_kld=0.219432 | val_ordacc@10=0.258699 | val_recall@10=0.809490
Epoch 001 | Step 260 | lr=1.000000e-03 | loss=0.219519
Epoch 001 | Batch 270 | val_kld=0.216305 | val_ordacc@10=0.259849 | val_recall@10=0.803409
Epoch 001 | Step 270 | lr=1.000000e-03 | loss=0.235590
Epoch 001 | Batch 280 | val_kld=0.216184 | val_ordacc@10=0.258611 | val_recall@10=0.805900
Epoch 001 | Step 280 | lr=1.000000e-03 | loss=0.220615
Epoch 001 | Batch 290 | val_kld=0.215271 | val_ordacc@10=0.257777 | val_recall@10=0.799520
Epoch 001 | Step 290 | lr=1.000000e-03 | loss=0.217872
Epoch 001 | Batch 300 | val_kld=0.211762 | val_ordacc@10=0.256489 | val_recall@10=0.807261
Epoch 001 | Step 300 | lr=1.000000e-03 | loss=0.235646
Epoch 001 | Batch 310 | val_kld=0.206021 | val_ordacc@10=0.267629 | val_recall@10=0.811336
Epoch 001 | Step 310 | lr=1.000000e-03 | loss=0.203813
Epoch 001 | Batch 320 | val_kld=0.211362 | val_ordacc@10=0.266462 | val_recall@10=0.808025
Epoch 001 | Step 320 | lr=1.000000e-03 | loss=0.220971
Epoch 001 | Batch 330 | val_kld=0.210445 | val_ordacc@10=0.266291 | val_recall@10=0.807474
Epoch 001 | Step 330 | lr=1.000000e-03 | loss=0.214776
Epoch 001 | Batch 340 | val_kld=0.208006 | val_ordacc@10=0.262879 | val_recall@10=0.809413
Epoch 001 | Step 340 | lr=1.000000e-03 | loss=0.221024
Epoch 001 | Batch 350 | val_kld=0.200985 | val_ordacc@10=0.268202 | val_recall@10=0.806940
Epoch 001 | Step 350 | lr=1.000000e-03 | loss=0.206495
Epoch 001 | Batch 360 | val_kld=0.200622 | val_ordacc@10=0.270002 | val_recall@10=0.809944
Epoch 001 | Step 360 | lr=1.000000e-03 | loss=0.202083
Epoch 001 | Batch 370 | val_kld=0.195392 | val_ordacc@10=0.273495 | val_recall@10=0.810976
Epoch 001 | Step 370 | lr=1.000000e-03 | loss=0.212176
Epoch 001 | Batch 380 | val_kld=0.203219 | val_ordacc@10=0.268626 | val_recall@10=0.811504
Epoch 001 | Step 380 | lr=1.000000e-03 | loss=0.203610
Epoch 001 | Batch 390 | val_kld=0.196514 | val_ordacc@10=0.270940 | val_recall@10=0.810425
Epoch 001 | Step 390 | lr=1.000000e-03 | loss=0.212358
Epoch 001 | Batch 400 | val_kld=0.195416 | val_ordacc@10=0.268887 | val_recall@10=0.811974
Epoch 001 | Step 400 | lr=1.000000e-03 | loss=0.218164
Epoch 001 | Batch 410 | val_kld=0.205225 | val_ordacc@10=0.266978 | val_recall@10=0.810396
Epoch 001 | Step 410 | lr=1.000000e-03 | loss=0.199947
Epoch 001 | Batch 420 | val_kld=0.192576 | val_ordacc@10=0.276677 | val_recall@10=0.814564
Epoch 001 | Step 420 | lr=1.000000e-03 | loss=0.202980
Epoch 001 | Batch 430 | val_kld=0.194655 | val_ordacc@10=0.277443 | val_recall@10=0.809036
Epoch 001 | Step 430 | lr=1.000000e-03 | loss=0.214542
Epoch 001 | Batch 440 | val_kld=0.189618 | val_ordacc@10=0.278982 | val_recall@10=0.811875
Epoch 001 | Step 440 | lr=1.000000e-03 | loss=0.182765
Epoch 001 | Batch 450 | val_kld=0.189659 | val_ordacc@10=0.278038 | val_recall@10=0.811116
Epoch 001 | Step 450 | lr=1.000000e-03 | loss=0.202733
Epoch 001 | Batch 460 | val_kld=0.187761 | val_ordacc@10=0.277591 | val_recall@10=0.813982
Epoch 001 | Step 460 | lr=1.000000e-03 | loss=0.202401
Epoch 001 | Batch 470 | val_kld=0.202441 | val_ordacc@10=0.262136 | val_recall@10=0.814575
Epoch 001 | Step 470 | lr=1.000000e-03 | loss=0.208373
Epoch 001 | Batch 480 | val_kld=0.187550 | val_ordacc@10=0.279815 | val_recall@10=0.812321
Epoch 001 | Step 480 | lr=1.000000e-03 | loss=0.200297
Epoch 001 | Batch 490 | val_kld=0.194433 | val_ordacc@10=0.271891 | val_recall@10=0.812549
Epoch 001 | Step 490 | lr=1.000000e-03 | loss=0.192717
Epoch 001 | Batch 500 | val_kld=0.192719 | val_ordacc@10=0.270719 | val_recall@10=0.815100
Epoch 001 | Step 500 | lr=1.000000e-03 | loss=0.206061
Epoch 001 | Batch 510 | val_kld=0.184297 | val_ordacc@10=0.280454 | val_recall@10=0.816841
Epoch 001 | Step 510 | lr=1.000000e-03 | loss=0.199552
Epoch 001 | Batch 520 | val_kld=0.197084 | val_ordacc@10=0.269139 | val_recall@10=0.804963
Epoch 001 | Step 520 | lr=1.000000e-03 | loss=0.215774
Epoch 001 | Batch 530 | val_kld=0.194267 | val_ordacc@10=0.274053 | val_recall@10=0.809827
Epoch 001 | Step 530 | lr=1.000000e-03 | loss=0.192529
Epoch 001 | Batch 540 | val_kld=0.183583 | val_ordacc@10=0.281393 | val_recall@10=0.811476
Epoch 001 | Step 540 | lr=1.000000e-03 | loss=0.198854
Epoch 001 | Batch 550 | val_kld=0.185711 | val_ordacc@10=0.277485 | val_recall@10=0.815635
Epoch 001 | Step 550 | lr=1.000000e-03 | loss=0.201185
Epoch 001 | Batch 560 | val_kld=0.186570 | val_ordacc@10=0.277074 | val_recall@10=0.817018
Epoch 001 | Step 560 | lr=1.000000e-03 | loss=0.195253
Epoch 001 | Batch 570 | val_kld=0.190794 | val_ordacc@10=0.273801 | val_recall@10=0.817625
Epoch 001 | Step 570 | lr=1.000000e-03 | loss=0.193461
Epoch 001 | Batch 580 | val_kld=0.186246 | val_ordacc@10=0.276432 | val_recall@10=0.816069
Epoch 001 | Step 580 | lr=1.000000e-03 | loss=0.191761
Epoch 001 | Batch 590 | val_kld=0.184571 | val_ordacc@10=0.280506 | val_recall@10=0.816317
Epoch 001 | Step 590 | lr=1.000000e-03 | loss=0.185165
Epoch 001 | Batch 600 | val_kld=0.185222 | val_ordacc@10=0.282066 | val_recall@10=0.817416
Epoch 001 | Step 600 | lr=1.000000e-03 | loss=0.194538
Epoch 001 | Batch 610 | val_kld=0.179482 | val_ordacc@10=0.286291 | val_recall@10=0.818402
Epoch 001 | Step 610 | lr=1.000000e-03 | loss=0.196514
Epoch 001 | Batch 620 | val_kld=0.178118 | val_ordacc@10=0.284133 | val_recall@10=0.816031
Epoch 001 | Step 620 | lr=1.000000e-03 | loss=0.178721
Epoch 001 | Batch 630 | val_kld=0.185357 | val_ordacc@10=0.276814 | val_recall@10=0.809519
Epoch 001 | Step 630 | lr=1.000000e-03 | loss=0.195082
Epoch 001 | Batch 640 | val_kld=0.179035 | val_ordacc@10=0.283561 | val_recall@10=0.815149
Epoch 001 | Step 640 | lr=1.000000e-03 | loss=0.185036
Epoch 001 | Batch 650 | val_kld=0.186336 | val_ordacc@10=0.276498 | val_recall@10=0.813389
Epoch 001 | Step 650 | lr=1.000000e-03 | loss=0.192918
Epoch 001 | Batch 660 | val_kld=0.184949 | val_ordacc@10=0.278918 | val_recall@10=0.811202
Epoch 001 | Step 660 | lr=1.000000e-03 | loss=0.203107
Epoch 001 | Batch 670 | val_kld=0.178322 | val_ordacc@10=0.282961 | val_recall@10=0.818082
Epoch 001 | Step 670 | lr=1.000000e-03 | loss=0.191238
Epoch 001 | Batch 680 | val_kld=0.183527 | val_ordacc@10=0.282770 | val_recall@10=0.811997
Epoch 001 | Step 680 | lr=1.000000e-03 | loss=0.195451
Epoch 001 | Batch 690 | val_kld=0.182588 | val_ordacc@10=0.279306 | val_recall@10=0.816657
Epoch 001 | Step 690 | lr=1.000000e-03 | loss=0.194451
Epoch 001 | Batch 700 | val_kld=0.180560 | val_ordacc@10=0.280816 | val_recall@10=0.819352
Epoch 001 | Step 700 | lr=1.000000e-03 | loss=0.182292
Epoch 001 | Batch 710 | val_kld=0.177934 | val_ordacc@10=0.283754 | val_recall@10=0.818624
Epoch 001 | Step 710 | lr=1.000000e-03 | loss=0.193119
Epoch 001 | Batch 720 | val_kld=0.180141 | val_ordacc@10=0.284733 | val_recall@10=0.814990
Epoch 001 | Step 720 | lr=1.000000e-03 | loss=0.187791
Epoch 001 | Batch 730 | val_kld=0.178998 | val_ordacc@10=0.283366 | val_recall@10=0.817709
Epoch 001 | Step 730 | lr=1.000000e-03 | loss=0.187560
Epoch 001 | Batch 740 | val_kld=0.173254 | val_ordacc@10=0.288957 | val_recall@10=0.819656
Epoch 001 | Step 740 | lr=1.000000e-03 | loss=0.177024
Epoch 001 | Batch 750 | val_kld=0.174414 | val_ordacc@10=0.286675 | val_recall@10=0.822943
Epoch 001 | Step 750 | lr=1.000000e-03 | loss=0.180328
Epoch 001 | Batch 760 | val_kld=0.175510 | val_ordacc@10=0.283940 | val_recall@10=0.817804
Epoch 001 | Step 760 | lr=1.000000e-03 | loss=0.192667
Epoch 001 | Batch 770 | val_kld=0.179892 | val_ordacc@10=0.275834 | val_recall@10=0.811467
Epoch 001 | Step 770 | lr=1.000000e-03 | loss=0.180075
Epoch 001 | Batch 780 | val_kld=0.177539 | val_ordacc@10=0.283834 | val_recall@10=0.817532
Epoch 001 | Step 780 | lr=1.000000e-03 | loss=0.185927
Epoch 001 | Batch 790 | val_kld=0.176795 | val_ordacc@10=0.283237 | val_recall@10=0.815558
Epoch 001 | Step 790 | lr=1.000000e-03 | loss=0.186664
Epoch 001 | Batch 800 | val_kld=0.174334 | val_ordacc@10=0.286614 | val_recall@10=0.820093
Epoch 001 | Step 800 | lr=1.000000e-03 | loss=0.180490
Epoch 001 | Batch 810 | val_kld=0.177706 | val_ordacc@10=0.280487 | val_recall@10=0.812561
Epoch 001 | Step 810 | lr=1.000000e-03 | loss=0.168515
Epoch 001 | Batch 820 | val_kld=0.174013 | val_ordacc@10=0.283514 | val_recall@10=0.815890
Epoch 001 | Step 820 | lr=1.000000e-03 | loss=0.188266
Epoch 001 | Batch 830 | val_kld=0.170093 | val_ordacc@10=0.289428 | val_recall@10=0.820030
Epoch 001 | Step 830 | lr=1.000000e-03 | loss=0.178172
Epoch 001 | Batch 840 | val_kld=0.168246 | val_ordacc@10=0.294674 | val_recall@10=0.822566
Epoch 001 | Step 840 | lr=1.000000e-03 | loss=0.178941
Epoch 001 | Batch 850 | val_kld=0.172298 | val_ordacc@10=0.286802 | val_recall@10=0.822092
Epoch 001 | Step 850 | lr=1.000000e-03 | loss=0.177758
Epoch 001 | Batch 860 | val_kld=0.171253 | val_ordacc@10=0.290702 | val_recall@10=0.820622
Epoch 001 | Step 860 | lr=1.000000e-03 | loss=0.188811
Epoch 001 | Batch 870 | val_kld=0.169015 | val_ordacc@10=0.289200 | val_recall@10=0.820027
Epoch 001 | Step 870 | lr=1.000000e-03 | loss=0.175763
Epoch 001 | Batch 880 | val_kld=0.168542 | val_ordacc@10=0.287418 | val_recall@10=0.819760
Epoch 001 | Step 880 | lr=1.000000e-03 | loss=0.177391
Epoch 001 | Batch 890 | val_kld=0.170037 | val_ordacc@10=0.287445 | val_recall@10=0.822133
Epoch 001 | Step 890 | lr=1.000000e-03 | loss=0.189946
Epoch 001 | Batch 900 | val_kld=0.175500 | val_ordacc@10=0.279700 | val_recall@10=0.823831
Epoch 001 | Step 900 | lr=1.000000e-03 | loss=0.173262
Epoch 001 | Batch 910 | val_kld=0.168423 | val_ordacc@10=0.291432 | val_recall@10=0.820045
Epoch 001 | Step 910 | lr=1.000000e-03 | loss=0.172729
Epoch 001 | Batch 920 | val_kld=0.168895 | val_ordacc@10=0.288964 | val_recall@10=0.819681
Epoch 001 | Step 920 | lr=1.000000e-03 | loss=0.174590
Epoch 001 | Batch 930 | val_kld=0.169392 | val_ordacc@10=0.292391 | val_recall@10=0.820853
Epoch 001 | Step 930 | lr=1.000000e-03 | loss=0.180482
Epoch 001 | Batch 940 | val_kld=0.167643 | val_ordacc@10=0.291137 | val_recall@10=0.822919
Epoch 001 | Step 940 | lr=1.000000e-03 | loss=0.171285
Epoch 001 | Batch 950 | val_kld=0.171369 | val_ordacc@10=0.291842 | val_recall@10=0.817129
Epoch 001 | Step 950 | lr=1.000000e-03 | loss=0.175414
Epoch 001 | Batch 960 | val_kld=0.172699 | val_ordacc@10=0.289114 | val_recall@10=0.818398
Epoch 001 | Step 960 | lr=1.000000e-03 | loss=0.182586
epoch 001 | train_kld=0.265192 | val_kld=0.172784 | val_mae=0.003136 | val_mse=0.000133 | ord_acc@10=0.2882 | recall@10=0.8148
Epoch 002 | Step 10 | lr=9.938442e-04 | loss=0.168447
Epoch 002 | Step 20 | lr=9.938442e-04 | loss=0.183274
Epoch 002 | Step 30 | lr=9.938442e-04 | loss=0.176893
Epoch 002 | Step 40 | lr=9.938442e-04 | loss=0.171841
Epoch 002 | Step 50 | lr=9.938442e-04 | loss=0.176460
Epoch 002 | Step 60 | lr=9.938442e-04 | loss=0.180550
Epoch 002 | Step 70 | lr=9.938442e-04 | loss=0.168825
Epoch 002 | Step 80 | lr=9.938442e-04 | loss=0.174997
Epoch 002 | Step 90 | lr=9.938442e-04 | loss=0.175097
Epoch 002 | Step 100 | lr=9.938442e-04 | loss=0.167674
Epoch 002 | Step 110 | lr=9.938442e-04 | loss=0.180834
Epoch 002 | Step 120 | lr=9.938442e-04 | loss=0.168055
Epoch 002 | Step 130 | lr=9.938442e-04 | loss=0.185155
Epoch 002 | Step 140 | lr=9.938442e-04 | loss=0.172744
Epoch 002 | Step 150 | lr=9.938442e-04 | loss=0.169857
Epoch 002 | Step 160 | lr=9.938442e-04 | loss=0.171840
Epoch 002 | Step 170 | lr=9.938442e-04 | loss=0.171825
Epoch 002 | Step 180 | lr=9.938442e-04 | loss=0.169464
Epoch 002 | Step 190 | lr=9.938442e-04 | loss=0.175964
Epoch 002 | Step 200 | lr=9.938442e-04 | loss=0.168117
Epoch 002 | Step 210 | lr=9.938442e-04 | loss=0.167233
Epoch 002 | Step 220 | lr=9.938442e-04 | loss=0.174813
Epoch 002 | Step 230 | lr=9.938442e-04 | loss=0.164772
Epoch 002 | Step 240 | lr=9.938442e-04 | loss=0.165078
Epoch 002 | Step 250 | lr=9.938442e-04 | loss=0.166813
Epoch 002 | Step 260 | lr=9.938442e-04 | loss=0.166970
Epoch 002 | Step 270 | lr=9.938442e-04 | loss=0.171095
Epoch 002 | Step 280 | lr=9.938442e-04 | loss=0.166519
Epoch 002 | Step 290 | lr=9.938442e-04 | loss=0.169860
Epoch 002 | Step 300 | lr=9.938442e-04 | loss=0.166590
Epoch 002 | Step 310 | lr=9.938442e-04 | loss=0.171408
Epoch 002 | Step 320 | lr=9.938442e-04 | loss=0.173703
Epoch 002 | Step 330 | lr=9.938442e-04 | loss=0.168098
Epoch 002 | Step 340 | lr=9.938442e-04 | loss=0.171355
Epoch 002 | Step 350 | lr=9.938442e-04 | loss=0.176605
Epoch 002 | Step 360 | lr=9.938442e-04 | loss=0.161587
Epoch 002 | Step 370 | lr=9.938442e-04 | loss=0.164402
Epoch 002 | Step 380 | lr=9.938442e-04 | loss=0.167600
Epoch 002 | Step 390 | lr=9.938442e-04 | loss=0.162557
Epoch 002 | Step 400 | lr=9.938442e-04 | loss=0.171051
Epoch 002 | Step 410 | lr=9.938442e-04 | loss=0.169473
Epoch 002 | Step 420 | lr=9.938442e-04 | loss=0.166512
Epoch 002 | Step 430 | lr=9.938442e-04 | loss=0.169553
Epoch 002 | Step 440 | lr=9.938442e-04 | loss=0.166511
Epoch 002 | Step 450 | lr=9.938442e-04 | loss=0.167859
Epoch 002 | Step 460 | lr=9.938442e-04 | loss=0.162026
Epoch 002 | Step 470 | lr=9.938442e-04 | loss=0.160837
Epoch 002 | Step 480 | lr=9.938442e-04 | loss=0.166562
Epoch 002 | Step 490 | lr=9.938442e-04 | loss=0.162771
Epoch 002 | Step 500 | lr=9.938442e-04 | loss=0.164275
Epoch 002 | Step 510 | lr=9.938442e-04 | loss=0.162353
Epoch 002 | Step 520 | lr=9.938442e-04 | loss=0.168954
Epoch 002 | Step 530 | lr=9.938442e-04 | loss=0.164543
Epoch 002 | Step 540 | lr=9.938442e-04 | loss=0.168970
Epoch 002 | Step 550 | lr=9.938442e-04 | loss=0.165529
Epoch 002 | Step 560 | lr=9.938442e-04 | loss=0.165143
Epoch 002 | Step 570 | lr=9.938442e-04 | loss=0.163532
Epoch 002 | Step 580 | lr=9.938442e-04 | loss=0.158419
Epoch 002 | Step 590 | lr=9.938442e-04 | loss=0.166917
Epoch 002 | Step 600 | lr=9.938442e-04 | loss=0.168053
Epoch 002 | Step 610 | lr=9.938442e-04 | loss=0.167370
Epoch 002 | Step 620 | lr=9.938442e-04 | loss=0.161803
Epoch 002 | Step 630 | lr=9.938442e-04 | loss=0.169720
Epoch 002 | Step 640 | lr=9.938442e-04 | loss=0.158143
Epoch 002 | Step 650 | lr=9.938442e-04 | loss=0.162723
Epoch 002 | Step 660 | lr=9.938442e-04 | loss=0.165589
Epoch 002 | Step 670 | lr=9.938442e-04 | loss=0.159100
Epoch 002 | Step 680 | lr=9.938442e-04 | loss=0.158482
Epoch 002 | Step 690 | lr=9.938442e-04 | loss=0.162394
Epoch 002 | Step 700 | lr=9.938442e-04 | loss=0.158176
Epoch 002 | Step 710 | lr=9.938442e-04 | loss=0.161064
Epoch 002 | Step 720 | lr=9.938442e-04 | loss=0.166514
Epoch 002 | Step 730 | lr=9.938442e-04 | loss=0.167774
Epoch 002 | Step 740 | lr=9.938442e-04 | loss=0.158977
Epoch 002 | Step 750 | lr=9.938442e-04 | loss=0.164388
Epoch 002 | Step 760 | lr=9.938442e-04 | loss=0.159232
Epoch 002 | Step 770 | lr=9.938442e-04 | loss=0.151468
Epoch 002 | Step 780 | lr=9.938442e-04 | loss=0.165248
Epoch 002 | Step 790 | lr=9.938442e-04 | loss=0.164681
Epoch 002 | Step 800 | lr=9.938442e-04 | loss=0.155342
Epoch 002 | Step 810 | lr=9.938442e-04 | loss=0.163286
Epoch 002 | Step 820 | lr=9.938442e-04 | loss=0.163203
Epoch 002 | Step 830 | lr=9.938442e-04 | loss=0.161969
Epoch 002 | Step 840 | lr=9.938442e-04 | loss=0.161372
Epoch 002 | Step 850 | lr=9.938442e-04 | loss=0.159438
Epoch 002 | Step 860 | lr=9.938442e-04 | loss=0.159950
Epoch 002 | Step 870 | lr=9.938442e-04 | loss=0.166313
Epoch 002 | Step 880 | lr=9.938442e-04 | loss=0.160270
Epoch 002 | Step 890 | lr=9.938442e-04 | loss=0.164059
Epoch 002 | Step 900 | lr=9.938442e-04 | loss=0.158120
Epoch 002 | Step 910 | lr=9.938442e-04 | loss=0.163698
Epoch 002 | Step 920 | lr=9.938442e-04 | loss=0.167332
Epoch 002 | Step 930 | lr=9.938442e-04 | loss=0.163229
Epoch 002 | Step 940 | lr=9.938442e-04 | loss=0.157364
Epoch 002 | Step 950 | lr=9.938442e-04 | loss=0.157593
Epoch 002 | Step 960 | lr=9.938442e-04 | loss=0.160998
epoch 002 | train_kld=0.166772 | val_kld=0.152905 | val_mae=0.002850 | val_mse=0.000108 | ord_acc@10=0.3002 | recall@10=0.8265
Epoch 003 | Step 10 | lr=9.755283e-04 | loss=0.160586
Epoch 003 | Step 20 | lr=9.755283e-04 | loss=0.153660
Epoch 003 | Step 30 | lr=9.755283e-04 | loss=0.155779
Epoch 003 | Step 40 | lr=9.755283e-04 | loss=0.159856
Epoch 003 | Step 50 | lr=9.755283e-04 | loss=0.152780
Epoch 003 | Step 60 | lr=9.755283e-04 | loss=0.160572
Epoch 003 | Step 70 | lr=9.755283e-04 | loss=0.153501
Epoch 003 | Step 80 | lr=9.755283e-04 | loss=0.161120
Epoch 003 | Step 90 | lr=9.755283e-04 | loss=0.160775
Epoch 003 | Step 100 | lr=9.755283e-04 | loss=0.152850
Epoch 003 | Step 110 | lr=9.755283e-04 | loss=0.161469
Epoch 003 | Step 120 | lr=9.755283e-04 | loss=0.155912
Epoch 003 | Step 130 | lr=9.755283e-04 | loss=0.164726
Epoch 003 | Step 140 | lr=9.755283e-04 | loss=0.155387
Epoch 003 | Step 150 | lr=9.755283e-04 | loss=0.153033
Epoch 003 | Step 160 | lr=9.755283e-04 | loss=0.156847
Epoch 003 | Step 170 | lr=9.755283e-04 | loss=0.155331
Epoch 003 | Step 180 | lr=9.755283e-04 | loss=0.161503
Epoch 003 | Step 190 | lr=9.755283e-04 | loss=0.160610
Epoch 003 | Step 200 | lr=9.755283e-04 | loss=0.154481
Epoch 003 | Step 210 | lr=9.755283e-04 | loss=0.163338
Epoch 003 | Step 220 | lr=9.755283e-04 | loss=0.161905
Epoch 003 | Step 230 | lr=9.755283e-04 | loss=0.152749
Epoch 003 | Step 240 | lr=9.755283e-04 | loss=0.153757
Epoch 003 | Step 250 | lr=9.755283e-04 | loss=0.159454
Epoch 003 | Step 260 | lr=9.755283e-04 | loss=0.166534
Epoch 003 | Step 270 | lr=9.755283e-04 | loss=0.166147
Epoch 003 | Step 280 | lr=9.755283e-04 | loss=0.157109
Epoch 003 | Step 290 | lr=9.755283e-04 | loss=0.156150
Epoch 003 | Step 300 | lr=9.755283e-04 | loss=0.159097
Epoch 003 | Step 310 | lr=9.755283e-04 | loss=0.166189
Epoch 003 | Step 320 | lr=9.755283e-04 | loss=0.158276
Epoch 003 | Step 330 | lr=9.755283e-04 | loss=0.159126
Epoch 003 | Step 340 | lr=9.755283e-04 | loss=0.163317
Epoch 003 | Step 350 | lr=9.755283e-04 | loss=0.159957
Epoch 003 | Step 360 | lr=9.755283e-04 | loss=0.160352
Epoch 003 | Step 370 | lr=9.755283e-04 | loss=0.162265
Epoch 003 | Step 380 | lr=9.755283e-04 | loss=0.155282
Epoch 003 | Step 390 | lr=9.755283e-04 | loss=0.159305
Epoch 003 | Step 400 | lr=9.755283e-04 | loss=0.159720
Epoch 003 | Step 410 | lr=9.755283e-04 | loss=0.154449
Epoch 003 | Step 420 | lr=9.755283e-04 | loss=0.159657
Epoch 003 | Step 430 | lr=9.755283e-04 | loss=0.152926
Epoch 003 | Step 440 | lr=9.755283e-04 | loss=0.158414
Epoch 003 | Step 450 | lr=9.755283e-04 | loss=0.157434
Epoch 003 | Step 460 | lr=9.755283e-04 | loss=0.150896
Epoch 003 | Step 470 | lr=9.755283e-04 | loss=0.157604
Epoch 003 | Step 480 | lr=9.755283e-04 | loss=0.162185
Epoch 003 | Step 490 | lr=9.755283e-04 | loss=0.155175
Epoch 003 | Step 500 | lr=9.755283e-04 | loss=0.151864
Epoch 003 | Step 510 | lr=9.755283e-04 | loss=0.157699
Epoch 003 | Step 520 | lr=9.755283e-04 | loss=0.152960
Epoch 003 | Step 530 | lr=9.755283e-04 | loss=0.155967
Epoch 003 | Step 540 | lr=9.755283e-04 | loss=0.155779
Epoch 003 | Step 550 | lr=9.755283e-04 | loss=0.154925
Epoch 003 | Step 560 | lr=9.755283e-04 | loss=0.158397
Epoch 003 | Step 570 | lr=9.755283e-04 | loss=0.158219
Epoch 003 | Step 580 | lr=9.755283e-04 | loss=0.156815
Epoch 003 | Step 590 | lr=9.755283e-04 | loss=0.161764
Epoch 003 | Step 600 | lr=9.755283e-04 | loss=0.164100
Epoch 003 | Step 610 | lr=9.755283e-04 | loss=0.152778
Epoch 003 | Step 620 | lr=9.755283e-04 | loss=0.156109
Epoch 003 | Step 630 | lr=9.755283e-04 | loss=0.153812
Epoch 003 | Step 640 | lr=9.755283e-04 | loss=0.151913
Epoch 003 | Step 650 | lr=9.755283e-04 | loss=0.155872
Epoch 003 | Step 660 | lr=9.755283e-04 | loss=0.153669
Epoch 003 | Step 670 | lr=9.755283e-04 | loss=0.153610
Epoch 003 | Step 680 | lr=9.755283e-04 | loss=0.148632
Epoch 003 | Step 690 | lr=9.755283e-04 | loss=0.151980
Epoch 003 | Step 700 | lr=9.755283e-04 | loss=0.152153
Epoch 003 | Step 710 | lr=9.755283e-04 | loss=0.148230
Epoch 003 | Step 720 | lr=9.755283e-04 | loss=0.160690
Epoch 003 | Step 730 | lr=9.755283e-04 | loss=0.170778
Epoch 003 | Step 740 | lr=9.755283e-04 | loss=0.159300
Epoch 003 | Step 750 | lr=9.755283e-04 | loss=0.161182
Epoch 003 | Step 760 | lr=9.755283e-04 | loss=0.156756
Epoch 003 | Step 770 | lr=9.755283e-04 | loss=0.153244
Epoch 003 | Step 780 | lr=9.755283e-04 | loss=0.164034
Epoch 003 | Step 790 | lr=9.755283e-04 | loss=0.156488
Epoch 003 | Step 800 | lr=9.755283e-04 | loss=0.157551
Epoch 003 | Step 810 | lr=9.755283e-04 | loss=0.148016
Epoch 003 | Step 820 | lr=9.755283e-04 | loss=0.155339
Epoch 003 | Step 830 | lr=9.755283e-04 | loss=0.157518
Epoch 003 | Step 840 | lr=9.755283e-04 | loss=0.150343
Epoch 003 | Step 850 | lr=9.755283e-04 | loss=0.151185
Epoch 003 | Step 860 | lr=9.755283e-04 | loss=0.153820
Epoch 003 | Step 870 | lr=9.755283e-04 | loss=0.152012
Epoch 003 | Step 880 | lr=9.755283e-04 | loss=0.155387
Epoch 003 | Step 890 | lr=9.755283e-04 | loss=0.150749
Epoch 003 | Step 900 | lr=9.755283e-04 | loss=0.144709
Epoch 003 | Step 910 | lr=9.755283e-04 | loss=0.146467
Epoch 003 | Step 920 | lr=9.755283e-04 | loss=0.153099
Epoch 003 | Step 930 | lr=9.755283e-04 | loss=0.150921
Epoch 003 | Step 940 | lr=9.755283e-04 | loss=0.155343
Epoch 003 | Step 950 | lr=9.755283e-04 | loss=0.151055
Epoch 003 | Step 960 | lr=9.755283e-04 | loss=0.155327
epoch 003 | train_kld=0.156514 | val_kld=0.148117 | val_mae=0.002803 | val_mse=0.000101 | ord_acc@10=0.3070 | recall@10=0.8282
Epoch 004 | Step 10 | lr=9.455033e-04 | loss=0.153110
Epoch 004 | Step 20 | lr=9.455033e-04 | loss=0.153121
Epoch 004 | Step 30 | lr=9.455033e-04 | loss=0.152660
Epoch 004 | Step 40 | lr=9.455033e-04 | loss=0.143321
Epoch 004 | Step 50 | lr=9.455033e-04 | loss=0.151412
Epoch 004 | Step 60 | lr=9.455033e-04 | loss=0.151676
Epoch 004 | Step 70 | lr=9.455033e-04 | loss=0.154825
Epoch 004 | Step 80 | lr=9.455033e-04 | loss=0.153255
Epoch 004 | Step 90 | lr=9.455033e-04 | loss=0.148166
Epoch 004 | Step 100 | lr=9.455033e-04 | loss=0.152135
Epoch 004 | Step 110 | lr=9.455033e-04 | loss=0.146289
Epoch 004 | Step 120 | lr=9.455033e-04 | loss=0.143986
Epoch 004 | Step 130 | lr=9.455033e-04 | loss=0.155448
Epoch 004 | Step 140 | lr=9.455033e-04 | loss=0.148969
Epoch 004 | Step 150 | lr=9.455033e-04 | loss=0.153678
Epoch 004 | Step 160 | lr=9.455033e-04 | loss=0.152942
Epoch 004 | Step 170 | lr=9.455033e-04 | loss=0.150423
Epoch 004 | Step 180 | lr=9.455033e-04 | loss=0.151263
Epoch 004 | Step 190 | lr=9.455033e-04 | loss=0.152445
Epoch 004 | Step 200 | lr=9.455033e-04 | loss=0.150750
Epoch 004 | Step 210 | lr=9.455033e-04 | loss=0.145357
Epoch 004 | Step 220 | lr=9.455033e-04 | loss=0.149234
Epoch 004 | Step 230 | lr=9.455033e-04 | loss=0.153327
Epoch 004 | Step 240 | lr=9.455033e-04 | loss=0.166848
Epoch 004 | Step 250 | lr=9.455033e-04 | loss=0.157458
Epoch 004 | Step 260 | lr=9.455033e-04 | loss=0.147076
Epoch 004 | Step 270 | lr=9.455033e-04 | loss=0.146130
Epoch 004 | Step 280 | lr=9.455033e-04 | loss=0.152184
Epoch 004 | Step 290 | lr=9.455033e-04 | loss=0.151505
Epoch 004 | Step 300 | lr=9.455033e-04 | loss=0.151105
Epoch 004 | Step 310 | lr=9.455033e-04 | loss=0.156035
Epoch 004 | Step 320 | lr=9.455033e-04 | loss=0.152657
Epoch 004 | Step 330 | lr=9.455033e-04 | loss=0.147034
Epoch 004 | Step 340 | lr=9.455033e-04 | loss=0.146583
Epoch 004 | Step 350 | lr=9.455033e-04 | loss=0.156191
Epoch 004 | Step 360 | lr=9.455033e-04 | loss=0.152014
Epoch 004 | Step 370 | lr=9.455033e-04 | loss=0.151490
Epoch 004 | Step 380 | lr=9.455033e-04 | loss=0.154309
Epoch 004 | Step 390 | lr=9.455033e-04 | loss=0.148365
Epoch 004 | Step 400 | lr=9.455033e-04 | loss=0.145456
Epoch 004 | Step 410 | lr=9.455033e-04 | loss=0.151893
Epoch 004 | Step 420 | lr=9.455033e-04 | loss=0.146232
Epoch 004 | Step 430 | lr=9.455033e-04 | loss=0.153554
Epoch 004 | Step 440 | lr=9.455033e-04 | loss=0.152244
Epoch 004 | Step 450 | lr=9.455033e-04 | loss=0.152734
Epoch 004 | Step 460 | lr=9.455033e-04 | loss=0.150821
Epoch 004 | Step 470 | lr=9.455033e-04 | loss=0.158625
Epoch 004 | Step 480 | lr=9.455033e-04 | loss=0.155893
Epoch 004 | Step 490 | lr=9.455033e-04 | loss=0.146810
Epoch 004 | Step 500 | lr=9.455033e-04 | loss=0.155883
Epoch 004 | Step 510 | lr=9.455033e-04 | loss=0.153659
Epoch 004 | Step 520 | lr=9.455033e-04 | loss=0.157215
Epoch 004 | Step 530 | lr=9.455033e-04 | loss=0.156963
Epoch 004 | Step 540 | lr=9.455033e-04 | loss=0.152259
Epoch 004 | Step 550 | lr=9.455033e-04 | loss=0.140493
Epoch 004 | Step 560 | lr=9.455033e-04 | loss=0.146154
Epoch 004 | Step 570 | lr=9.455033e-04 | loss=0.144707
Epoch 004 | Step 580 | lr=9.455033e-04 | loss=0.148439
Epoch 004 | Step 590 | lr=9.455033e-04 | loss=0.142971
Epoch 004 | Step 600 | lr=9.455033e-04 | loss=0.153819
Epoch 004 | Step 610 | lr=9.455033e-04 | loss=0.149111
Epoch 004 | Step 620 | lr=9.455033e-04 | loss=0.153572
Epoch 004 | Step 630 | lr=9.455033e-04 | loss=0.148399
Epoch 004 | Step 640 | lr=9.455033e-04 | loss=0.151091
Epoch 004 | Step 650 | lr=9.455033e-04 | loss=0.151901
Epoch 004 | Step 660 | lr=9.455033e-04 | loss=0.147631
Epoch 004 | Step 670 | lr=9.455033e-04 | loss=0.147340
Epoch 004 | Step 680 | lr=9.455033e-04 | loss=0.152584
Epoch 004 | Step 690 | lr=9.455033e-04 | loss=0.150787
Epoch 004 | Step 700 | lr=9.455033e-04 | loss=0.150862
Epoch 004 | Step 710 | lr=9.455033e-04 | loss=0.145691
Epoch 004 | Step 720 | lr=9.455033e-04 | loss=0.151472
Epoch 004 | Step 730 | lr=9.455033e-04 | loss=0.152622
Epoch 004 | Step 740 | lr=9.455033e-04 | loss=0.148085
Epoch 004 | Step 750 | lr=9.455033e-04 | loss=0.145221
Epoch 004 | Step 760 | lr=9.455033e-04 | loss=0.147257
Epoch 004 | Step 770 | lr=9.455033e-04 | loss=0.152632
Epoch 004 | Step 780 | lr=9.455033e-04 | loss=0.150280
Epoch 004 | Step 790 | lr=9.455033e-04 | loss=0.151097
Epoch 004 | Step 800 | lr=9.455033e-04 | loss=0.148762
Epoch 004 | Step 810 | lr=9.455033e-04 | loss=0.145078
Epoch 004 | Step 820 | lr=9.455033e-04 | loss=0.146579
Epoch 004 | Step 830 | lr=9.455033e-04 | loss=0.145931
Epoch 004 | Step 840 | lr=9.455033e-04 | loss=0.149552
Epoch 004 | Step 850 | lr=9.455033e-04 | loss=0.152067
Epoch 004 | Step 860 | lr=9.455033e-04 | loss=0.151251
Epoch 004 | Step 870 | lr=9.455033e-04 | loss=0.157195
Epoch 004 | Step 880 | lr=9.455033e-04 | loss=0.152240
Epoch 004 | Step 890 | lr=9.455033e-04 | loss=0.148231
Epoch 004 | Step 900 | lr=9.455033e-04 | loss=0.151400
Epoch 004 | Step 910 | lr=9.455033e-04 | loss=0.149668
Epoch 004 | Step 920 | lr=9.455033e-04 | loss=0.146718
Epoch 004 | Step 930 | lr=9.455033e-04 | loss=0.151446
Epoch 004 | Step 940 | lr=9.455033e-04 | loss=0.152838
Epoch 004 | Step 950 | lr=9.455033e-04 | loss=0.148266
Epoch 004 | Step 960 | lr=9.455033e-04 | loss=0.148333
epoch 004 | train_kld=0.150520 | val_kld=0.146029 | val_mae=0.002768 | val_mse=0.000101 | ord_acc@10=0.3076 | recall@10=0.8263
Epoch 005 | Step 10 | lr=9.045085e-04 | loss=0.150088
Epoch 005 | Step 20 | lr=9.045085e-04 | loss=0.147084
Epoch 005 | Step 30 | lr=9.045085e-04 | loss=0.144945
Epoch 005 | Step 40 | lr=9.045085e-04 | loss=0.144866
Epoch 005 | Step 50 | lr=9.045085e-04 | loss=0.150494
Epoch 005 | Step 60 | lr=9.045085e-04 | loss=0.146760
Epoch 005 | Step 70 | lr=9.045085e-04 | loss=0.153356
Epoch 005 | Step 80 | lr=9.045085e-04 | loss=0.153829
Epoch 005 | Step 90 | lr=9.045085e-04 | loss=0.149859
Epoch 005 | Step 100 | lr=9.045085e-04 | loss=0.145193
Epoch 005 | Step 110 | lr=9.045085e-04 | loss=0.143219
Epoch 005 | Step 120 | lr=9.045085e-04 | loss=0.144099
Epoch 005 | Step 130 | lr=9.045085e-04 | loss=0.139593
Epoch 005 | Step 140 | lr=9.045085e-04 | loss=0.150498
Epoch 005 | Step 150 | lr=9.045085e-04 | loss=0.148366
Epoch 005 | Step 160 | lr=9.045085e-04 | loss=0.145660
Epoch 005 | Step 170 | lr=9.045085e-04 | loss=0.139730
Epoch 005 | Step 180 | lr=9.045085e-04 | loss=0.137315
Epoch 005 | Step 190 | lr=9.045085e-04 | loss=0.148586
Epoch 005 | Step 200 | lr=9.045085e-04 | loss=0.140228
Epoch 005 | Step 210 | lr=9.045085e-04 | loss=0.141884
Epoch 005 | Step 220 | lr=9.045085e-04 | loss=0.152253
Epoch 005 | Step 230 | lr=9.045085e-04 | loss=0.140595
Epoch 005 | Step 240 | lr=9.045085e-04 | loss=0.142768
Epoch 005 | Step 250 | lr=9.045085e-04 | loss=0.148827
Epoch 005 | Step 260 | lr=9.045085e-04 | loss=0.142922
Epoch 005 | Step 270 | lr=9.045085e-04 | loss=0.144788
Epoch 005 | Step 280 | lr=9.045085e-04 | loss=0.149170
Epoch 005 | Step 290 | lr=9.045085e-04 | loss=0.149318
Epoch 005 | Step 300 | lr=9.045085e-04 | loss=0.154002
Epoch 005 | Step 310 | lr=9.045085e-04 | loss=0.142630
Epoch 005 | Step 320 | lr=9.045085e-04 | loss=0.145607
Epoch 005 | Step 330 | lr=9.045085e-04 | loss=0.142843
Epoch 005 | Step 340 | lr=9.045085e-04 | loss=0.145945
Epoch 005 | Step 350 | lr=9.045085e-04 | loss=0.147109
Epoch 005 | Step 360 | lr=9.045085e-04 | loss=0.156086
Epoch 005 | Step 370 | lr=9.045085e-04 | loss=0.142979
Epoch 005 | Step 380 | lr=9.045085e-04 | loss=0.141293
Epoch 005 | Step 390 | lr=9.045085e-04 | loss=0.143589
Epoch 005 | Step 400 | lr=9.045085e-04 | loss=0.147429
Epoch 005 | Step 410 | lr=9.045085e-04 | loss=0.152500
Epoch 005 | Step 420 | lr=9.045085e-04 | loss=0.142677
Epoch 005 | Step 430 | lr=9.045085e-04 | loss=0.151809
Epoch 005 | Step 440 | lr=9.045085e-04 | loss=0.151555
Epoch 005 | Step 450 | lr=9.045085e-04 | loss=0.144582
Epoch 005 | Step 460 | lr=9.045085e-04 | loss=0.139699
Epoch 005 | Step 470 | lr=9.045085e-04 | loss=0.147786
Epoch 005 | Step 480 | lr=9.045085e-04 | loss=0.152791
Epoch 005 | Step 490 | lr=9.045085e-04 | loss=0.145489
Epoch 005 | Step 500 | lr=9.045085e-04 | loss=0.145481
Epoch 005 | Step 510 | lr=9.045085e-04 | loss=0.141334
Epoch 005 | Step 520 | lr=9.045085e-04 | loss=0.148722
Epoch 005 | Step 530 | lr=9.045085e-04 | loss=0.151017
Epoch 005 | Step 540 | lr=9.045085e-04 | loss=0.148779
Epoch 005 | Step 550 | lr=9.045085e-04 | loss=0.152798
Epoch 005 | Step 560 | lr=9.045085e-04 | loss=0.152668
Epoch 005 | Step 570 | lr=9.045085e-04 | loss=0.143519
Epoch 005 | Step 580 | lr=9.045085e-04 | loss=0.148117
Epoch 005 | Step 590 | lr=9.045085e-04 | loss=0.145076
Epoch 005 | Step 600 | lr=9.045085e-04 | loss=0.145868
Epoch 005 | Step 610 | lr=9.045085e-04 | loss=0.151499
Epoch 005 | Step 620 | lr=9.045085e-04 | loss=0.151042
Epoch 005 | Step 630 | lr=9.045085e-04 | loss=0.147818
Epoch 005 | Step 640 | lr=9.045085e-04 | loss=0.148506
Epoch 005 | Step 650 | lr=9.045085e-04 | loss=0.144325
Epoch 005 | Step 660 | lr=9.045085e-04 | loss=0.146320
Epoch 005 | Step 670 | lr=9.045085e-04 | loss=0.148513
Epoch 005 | Step 680 | lr=9.045085e-04 | loss=0.147850
Epoch 005 | Step 690 | lr=9.045085e-04 | loss=0.149754
Epoch 005 | Step 700 | lr=9.045085e-04 | loss=0.152862
Epoch 005 | Step 710 | lr=9.045085e-04 | loss=0.146069
Epoch 005 | Step 720 | lr=9.045085e-04 | loss=0.146064
Epoch 005 | Step 730 | lr=9.045085e-04 | loss=0.141768
Epoch 005 | Step 740 | lr=9.045085e-04 | loss=0.146673
Epoch 005 | Step 750 | lr=9.045085e-04 | loss=0.145985
Epoch 005 | Step 760 | lr=9.045085e-04 | loss=0.143066
Epoch 005 | Step 770 | lr=9.045085e-04 | loss=0.152816
Epoch 005 | Step 780 | lr=9.045085e-04 | loss=0.150337
Epoch 005 | Step 790 | lr=9.045085e-04 | loss=0.149183
Epoch 005 | Step 800 | lr=9.045085e-04 | loss=0.145084
Epoch 005 | Step 810 | lr=9.045085e-04 | loss=0.151469
Epoch 005 | Step 820 | lr=9.045085e-04 | loss=0.149610
Epoch 005 | Step 830 | lr=9.045085e-04 | loss=0.148273
Epoch 005 | Step 840 | lr=9.045085e-04 | loss=0.141931
Epoch 005 | Step 850 | lr=9.045085e-04 | loss=0.146161
Epoch 005 | Step 860 | lr=9.045085e-04 | loss=0.151462
Epoch 005 | Step 870 | lr=9.045085e-04 | loss=0.151816
Epoch 005 | Step 880 | lr=9.045085e-04 | loss=0.146112
Epoch 005 | Step 890 | lr=9.045085e-04 | loss=0.150117
Epoch 005 | Step 900 | lr=9.045085e-04 | loss=0.137593
Epoch 005 | Step 910 | lr=9.045085e-04 | loss=0.148027
Epoch 005 | Step 920 | lr=9.045085e-04 | loss=0.145308
Epoch 005 | Step 930 | lr=9.045085e-04 | loss=0.142587
Epoch 005 | Step 940 | lr=9.045085e-04 | loss=0.146708
Epoch 005 | Step 950 | lr=9.045085e-04 | loss=0.146664
Epoch 005 | Step 960 | lr=9.045085e-04 | loss=0.153719
epoch 005 | train_kld=0.147004 | val_kld=0.142874 | val_mae=0.002716 | val_mse=0.000094 | ord_acc@10=0.3097 | recall@10=0.8276
Epoch 006 | Step 10 | lr=8.535534e-04 | loss=0.143966
Epoch 006 | Step 20 | lr=8.535534e-04 | loss=0.141964
Epoch 006 | Step 30 | lr=8.535534e-04 | loss=0.143215
Epoch 006 | Step 40 | lr=8.535534e-04 | loss=0.139676
Epoch 006 | Step 50 | lr=8.535534e-04 | loss=0.141834
Epoch 006 | Step 60 | lr=8.535534e-04 | loss=0.143378
Epoch 006 | Step 70 | lr=8.535534e-04 | loss=0.145187
Epoch 006 | Step 80 | lr=8.535534e-04 | loss=0.143934
Epoch 006 | Step 90 | lr=8.535534e-04 | loss=0.140961
Epoch 006 | Step 100 | lr=8.535534e-04 | loss=0.146409
Epoch 006 | Step 110 | lr=8.535534e-04 | loss=0.150251
Epoch 006 | Step 120 | lr=8.535534e-04 | loss=0.141973
Epoch 006 | Step 130 | lr=8.535534e-04 | loss=0.140671
Epoch 006 | Step 140 | lr=8.535534e-04 | loss=0.134736
Epoch 006 | Step 150 | lr=8.535534e-04 | loss=0.146269
Epoch 006 | Step 160 | lr=8.535534e-04 | loss=0.145132
Epoch 006 | Step 170 | lr=8.535534e-04 | loss=0.145717
Epoch 006 | Step 180 | lr=8.535534e-04 | loss=0.145189
Epoch 006 | Step 190 | lr=8.535534e-04 | loss=0.148819
Epoch 006 | Step 200 | lr=8.535534e-04 | loss=0.138916
Epoch 006 | Step 210 | lr=8.535534e-04 | loss=0.148822
Epoch 006 | Step 220 | lr=8.535534e-04 | loss=0.147942
Epoch 006 | Step 230 | lr=8.535534e-04 | loss=0.139415
Epoch 006 | Step 240 | lr=8.535534e-04 | loss=0.142594
Epoch 006 | Step 250 | lr=8.535534e-04 | loss=0.149549
Epoch 006 | Step 260 | lr=8.535534e-04 | loss=0.138563
Epoch 006 | Step 270 | lr=8.535534e-04 | loss=0.143587
Epoch 006 | Step 280 | lr=8.535534e-04 | loss=0.144393
Epoch 006 | Step 290 | lr=8.535534e-04 | loss=0.141624
Epoch 006 | Step 300 | lr=8.535534e-04 | loss=0.141148
Epoch 006 | Step 310 | lr=8.535534e-04 | loss=0.144243
Epoch 006 | Step 320 | lr=8.535534e-04 | loss=0.144479
Epoch 006 | Step 330 | lr=8.535534e-04 | loss=0.144290
Epoch 006 | Step 340 | lr=8.535534e-04 | loss=0.146659
Epoch 006 | Step 350 | lr=8.535534e-04 | loss=0.143004
Epoch 006 | Step 360 | lr=8.535534e-04 | loss=0.143083
Epoch 006 | Step 370 | lr=8.535534e-04 | loss=0.143794
Epoch 006 | Step 380 | lr=8.535534e-04 | loss=0.142281
Epoch 006 | Step 390 | lr=8.535534e-04 | loss=0.144379
Epoch 006 | Step 400 | lr=8.535534e-04 | loss=0.143439
Epoch 006 | Step 410 | lr=8.535534e-04 | loss=0.148939
Epoch 006 | Step 420 | lr=8.535534e-04 | loss=0.141454
Epoch 006 | Step 430 | lr=8.535534e-04 | loss=0.141936
Epoch 006 | Step 440 | lr=8.535534e-04 | loss=0.141848
Epoch 006 | Step 450 | lr=8.535534e-04 | loss=0.144548
Epoch 006 | Step 460 | lr=8.535534e-04 | loss=0.141036
Epoch 006 | Step 470 | lr=8.535534e-04 | loss=0.148255
Epoch 006 | Step 480 | lr=8.535534e-04 | loss=0.144884
Epoch 006 | Step 490 | lr=8.535534e-04 | loss=0.143153
Epoch 006 | Step 500 | lr=8.535534e-04 | loss=0.143249
Epoch 006 | Step 510 | lr=8.535534e-04 | loss=0.145188
Epoch 006 | Step 520 | lr=8.535534e-04 | loss=0.141708
Epoch 006 | Step 530 | lr=8.535534e-04 | loss=0.147455
Epoch 006 | Step 540 | lr=8.535534e-04 | loss=0.135729
Epoch 006 | Step 550 | lr=8.535534e-04 | loss=0.144831
Epoch 006 | Step 560 | lr=8.535534e-04 | loss=0.145270
Epoch 006 | Step 570 | lr=8.535534e-04 | loss=0.146452
Epoch 006 | Step 580 | lr=8.535534e-04 | loss=0.146889
Epoch 006 | Step 590 | lr=8.535534e-04 | loss=0.144789
Epoch 006 | Step 600 | lr=8.535534e-04 | loss=0.148410
Epoch 006 | Step 610 | lr=8.535534e-04 | loss=0.149316
Epoch 006 | Step 620 | lr=8.535534e-04 | loss=0.147463
Epoch 006 | Step 630 | lr=8.535534e-04 | loss=0.142602
Epoch 006 | Step 640 | lr=8.535534e-04 | loss=0.145016
Epoch 006 | Step 650 | lr=8.535534e-04 | loss=0.145448
Epoch 006 | Step 660 | lr=8.535534e-04 | loss=0.147094
Epoch 006 | Step 670 | lr=8.535534e-04 | loss=0.141898
Epoch 006 | Step 680 | lr=8.535534e-04 | loss=0.139639
Epoch 006 | Step 690 | lr=8.535534e-04 | loss=0.143245
Epoch 006 | Step 700 | lr=8.535534e-04 | loss=0.144180
Epoch 006 | Step 710 | lr=8.535534e-04 | loss=0.141186
Epoch 006 | Step 720 | lr=8.535534e-04 | loss=0.139977
Epoch 006 | Step 730 | lr=8.535534e-04 | loss=0.144165
Epoch 006 | Step 740 | lr=8.535534e-04 | loss=0.138808
Epoch 006 | Step 750 | lr=8.535534e-04 | loss=0.142503
Epoch 006 | Step 760 | lr=8.535534e-04 | loss=0.145247
Epoch 006 | Step 770 | lr=8.535534e-04 | loss=0.143544
Epoch 006 | Step 780 | lr=8.535534e-04 | loss=0.149249
Epoch 006 | Step 790 | lr=8.535534e-04 | loss=0.136133
Epoch 006 | Step 800 | lr=8.535534e-04 | loss=0.139218
Epoch 006 | Step 810 | lr=8.535534e-04 | loss=0.149878
Epoch 006 | Step 820 | lr=8.535534e-04 | loss=0.137808
Epoch 006 | Step 830 | lr=8.535534e-04 | loss=0.140834
Epoch 006 | Step 840 | lr=8.535534e-04 | loss=0.147770
Epoch 006 | Step 850 | lr=8.535534e-04 | loss=0.140419
Epoch 006 | Step 860 | lr=8.535534e-04 | loss=0.139982
Epoch 006 | Step 870 | lr=8.535534e-04 | loss=0.140845
Epoch 006 | Step 880 | lr=8.535534e-04 | loss=0.147795
Epoch 006 | Step 890 | lr=8.535534e-04 | loss=0.144992
Epoch 006 | Step 900 | lr=8.535534e-04 | loss=0.148419
Epoch 006 | Step 910 | lr=8.535534e-04 | loss=0.141639
Epoch 006 | Step 920 | lr=8.535534e-04 | loss=0.143973
Epoch 006 | Step 930 | lr=8.535534e-04 | loss=0.151471
Epoch 006 | Step 940 | lr=8.535534e-04 | loss=0.138265
Epoch 006 | Step 950 | lr=8.535534e-04 | loss=0.150710
Epoch 006 | Step 960 | lr=8.535534e-04 | loss=0.144088
epoch 006 | train_kld=0.144133 | val_kld=0.142110 | val_mae=0.002727 | val_mse=0.000095 | ord_acc@10=0.3105 | recall@10=0.8296
Epoch 007 | Step 10 | lr=7.938926e-04 | loss=0.136766
Epoch 007 | Step 20 | lr=7.938926e-04 | loss=0.143874
Epoch 007 | Step 30 | lr=7.938926e-04 | loss=0.140519
Epoch 007 | Step 40 | lr=7.938926e-04 | loss=0.140635
Epoch 007 | Step 50 | lr=7.938926e-04 | loss=0.142078
Epoch 007 | Step 60 | lr=7.938926e-04 | loss=0.141390
Epoch 007 | Step 70 | lr=7.938926e-04 | loss=0.137631
Epoch 007 | Step 80 | lr=7.938926e-04 | loss=0.143749
Epoch 007 | Step 90 | lr=7.938926e-04 | loss=0.138872
Epoch 007 | Step 100 | lr=7.938926e-04 | loss=0.145191
Epoch 007 | Step 110 | lr=7.938926e-04 | loss=0.140933
Epoch 007 | Step 120 | lr=7.938926e-04 | loss=0.149141
Epoch 007 | Step 130 | lr=7.938926e-04 | loss=0.140758
Epoch 007 | Step 140 | lr=7.938926e-04 | loss=0.145037
Epoch 007 | Step 150 | lr=7.938926e-04 | loss=0.137421
Epoch 007 | Step 160 | lr=7.938926e-04 | loss=0.142470
Epoch 007 | Step 170 | lr=7.938926e-04 | loss=0.140904
Epoch 007 | Step 180 | lr=7.938926e-04 | loss=0.136423
Epoch 007 | Step 190 | lr=7.938926e-04 | loss=0.142627
Epoch 007 | Step 200 | lr=7.938926e-04 | loss=0.144214
Epoch 007 | Step 210 | lr=7.938926e-04 | loss=0.140316
Epoch 007 | Step 220 | lr=7.938926e-04 | loss=0.145023
Epoch 007 | Step 230 | lr=7.938926e-04 | loss=0.143498
Epoch 007 | Step 240 | lr=7.938926e-04 | loss=0.150462
Epoch 007 | Step 250 | lr=7.938926e-04 | loss=0.141275
Epoch 007 | Step 260 | lr=7.938926e-04 | loss=0.139177
Epoch 007 | Step 270 | lr=7.938926e-04 | loss=0.134071
Epoch 007 | Step 280 | lr=7.938926e-04 | loss=0.147940
Epoch 007 | Step 290 | lr=7.938926e-04 | loss=0.136821
Epoch 007 | Step 300 | lr=7.938926e-04 | loss=0.145925
Epoch 007 | Step 310 | lr=7.938926e-04 | loss=0.138870
Epoch 007 | Step 320 | lr=7.938926e-04 | loss=0.144662
Epoch 007 | Step 330 | lr=7.938926e-04 | loss=0.143485
Epoch 007 | Step 340 | lr=7.938926e-04 | loss=0.138252
Epoch 007 | Step 350 | lr=7.938926e-04 | loss=0.145125
Epoch 007 | Step 360 | lr=7.938926e-04 | loss=0.147087
Epoch 007 | Step 370 | lr=7.938926e-04 | loss=0.145611
Epoch 007 | Step 380 | lr=7.938926e-04 | loss=0.142663
Epoch 007 | Step 390 | lr=7.938926e-04 | loss=0.143294
Epoch 007 | Step 400 | lr=7.938926e-04 | loss=0.139799
Epoch 007 | Step 410 | lr=7.938926e-04 | loss=0.151138
Epoch 007 | Step 420 | lr=7.938926e-04 | loss=0.139874
Epoch 007 | Step 430 | lr=7.938926e-04 | loss=0.142679
Epoch 007 | Step 440 | lr=7.938926e-04 | loss=0.141567
Epoch 007 | Step 450 | lr=7.938926e-04 | loss=0.141083
Epoch 007 | Step 460 | lr=7.938926e-04 | loss=0.140529
Epoch 007 | Step 470 | lr=7.938926e-04 | loss=0.141127
Epoch 007 | Step 480 | lr=7.938926e-04 | loss=0.142295
Epoch 007 | Step 490 | lr=7.938926e-04 | loss=0.137416
Epoch 007 | Step 500 | lr=7.938926e-04 | loss=0.141332
Epoch 007 | Step 510 | lr=7.938926e-04 | loss=0.140601
Epoch 007 | Step 520 | lr=7.938926e-04 | loss=0.143829
Epoch 007 | Step 530 | lr=7.938926e-04 | loss=0.144957
Epoch 007 | Step 540 | lr=7.938926e-04 | loss=0.139949
Epoch 007 | Step 550 | lr=7.938926e-04 | loss=0.133002
Epoch 007 | Step 560 | lr=7.938926e-04 | loss=0.145502
Epoch 007 | Step 570 | lr=7.938926e-04 | loss=0.144862
Epoch 007 | Step 580 | lr=7.938926e-04 | loss=0.136206
Epoch 007 | Step 590 | lr=7.938926e-04 | loss=0.142434
Epoch 007 | Step 600 | lr=7.938926e-04 | loss=0.143460
Epoch 007 | Step 610 | lr=7.938926e-04 | loss=0.141673
Epoch 007 | Step 620 | lr=7.938926e-04 | loss=0.148959
Epoch 007 | Step 630 | lr=7.938926e-04 | loss=0.142166
Epoch 007 | Step 640 | lr=7.938926e-04 | loss=0.150214
Epoch 007 | Step 650 | lr=7.938926e-04 | loss=0.138386
Epoch 007 | Step 660 | lr=7.938926e-04 | loss=0.141556
Epoch 007 | Step 670 | lr=7.938926e-04 | loss=0.141148
Epoch 007 | Step 680 | lr=7.938926e-04 | loss=0.145032
Epoch 007 | Step 690 | lr=7.938926e-04 | loss=0.140579
Epoch 007 | Step 700 | lr=7.938926e-04 | loss=0.139174
Epoch 007 | Step 710 | lr=7.938926e-04 | loss=0.141965
Epoch 007 | Step 720 | lr=7.938926e-04 | loss=0.143770
Epoch 007 | Step 730 | lr=7.938926e-04 | loss=0.142808
Epoch 007 | Step 740 | lr=7.938926e-04 | loss=0.141410
Epoch 007 | Step 750 | lr=7.938926e-04 | loss=0.133602
Epoch 007 | Step 760 | lr=7.938926e-04 | loss=0.138485
Epoch 007 | Step 770 | lr=7.938926e-04 | loss=0.136282
Epoch 007 | Step 780 | lr=7.938926e-04 | loss=0.140741
Epoch 007 | Step 790 | lr=7.938926e-04 | loss=0.140378
Epoch 007 | Step 800 | lr=7.938926e-04 | loss=0.142025
Epoch 007 | Step 810 | lr=7.938926e-04 | loss=0.141588
Epoch 007 | Step 820 | lr=7.938926e-04 | loss=0.144142
Epoch 007 | Step 830 | lr=7.938926e-04 | loss=0.145438
Epoch 007 | Step 840 | lr=7.938926e-04 | loss=0.144730
Epoch 007 | Step 850 | lr=7.938926e-04 | loss=0.138874
Epoch 007 | Step 860 | lr=7.938926e-04 | loss=0.143722
Epoch 007 | Step 870 | lr=7.938926e-04 | loss=0.142994
Epoch 007 | Step 880 | lr=7.938926e-04 | loss=0.132282
Epoch 007 | Step 890 | lr=7.938926e-04 | loss=0.148306
Epoch 007 | Step 900 | lr=7.938926e-04 | loss=0.140675
Epoch 007 | Step 910 | lr=7.938926e-04 | loss=0.140856
Epoch 007 | Step 920 | lr=7.938926e-04 | loss=0.134064
Epoch 007 | Step 930 | lr=7.938926e-04 | loss=0.144539
Epoch 007 | Step 940 | lr=7.938926e-04 | loss=0.143628
Epoch 007 | Step 950 | lr=7.938926e-04 | loss=0.146427
Epoch 007 | Step 960 | lr=7.938926e-04 | loss=0.143541
epoch 007 | train_kld=0.141572 | val_kld=0.140194 | val_mae=0.002694 | val_mse=0.000091 | ord_acc@10=0.3135 | recall@10=0.8282
Epoch 008 | Step 10 | lr=7.269952e-04 | loss=0.136762
Epoch 008 | Step 20 | lr=7.269952e-04 | loss=0.139161
Epoch 008 | Step 30 | lr=7.269952e-04 | loss=0.134753
Epoch 008 | Step 40 | lr=7.269952e-04 | loss=0.142721
Epoch 008 | Step 50 | lr=7.269952e-04 | loss=0.135520
Epoch 008 | Step 60 | lr=7.269952e-04 | loss=0.140208
Epoch 008 | Step 70 | lr=7.269952e-04 | loss=0.136474
Epoch 008 | Step 80 | lr=7.269952e-04 | loss=0.137219
Epoch 008 | Step 90 | lr=7.269952e-04 | loss=0.139660
Epoch 008 | Step 100 | lr=7.269952e-04 | loss=0.137550
Epoch 008 | Step 110 | lr=7.269952e-04 | loss=0.138969
Epoch 008 | Step 120 | lr=7.269952e-04 | loss=0.139612
Epoch 008 | Step 130 | lr=7.269952e-04 | loss=0.137175
Epoch 008 | Step 140 | lr=7.269952e-04 | loss=0.135189
Epoch 008 | Step 150 | lr=7.269952e-04 | loss=0.144961
Epoch 008 | Step 160 | lr=7.269952e-04 | loss=0.135931
Epoch 008 | Step 170 | lr=7.269952e-04 | loss=0.142889
Epoch 008 | Step 180 | lr=7.269952e-04 | loss=0.142014
Epoch 008 | Step 190 | lr=7.269952e-04 | loss=0.136658
Epoch 008 | Step 200 | lr=7.269952e-04 | loss=0.145287
Epoch 008 | Step 210 | lr=7.269952e-04 | loss=0.138561
Epoch 008 | Step 220 | lr=7.269952e-04 | loss=0.141482
Epoch 008 | Step 230 | lr=7.269952e-04 | loss=0.139438
Epoch 008 | Step 240 | lr=7.269952e-04 | loss=0.137511
Epoch 008 | Step 250 | lr=7.269952e-04 | loss=0.139592
Epoch 008 | Step 260 | lr=7.269952e-04 | loss=0.135074
Epoch 008 | Step 270 | lr=7.269952e-04 | loss=0.138227
Epoch 008 | Step 280 | lr=7.269952e-04 | loss=0.137087
Epoch 008 | Step 290 | lr=7.269952e-04 | loss=0.140204
Epoch 008 | Step 300 | lr=7.269952e-04 | loss=0.143624
Epoch 008 | Step 310 | lr=7.269952e-04 | loss=0.133917
Epoch 008 | Step 320 | lr=7.269952e-04 | loss=0.137437
Epoch 008 | Step 330 | lr=7.269952e-04 | loss=0.139918
Epoch 008 | Step 340 | lr=7.269952e-04 | loss=0.141696
Epoch 008 | Step 350 | lr=7.269952e-04 | loss=0.139895
Epoch 008 | Step 360 | lr=7.269952e-04 | loss=0.136169
Epoch 008 | Step 370 | lr=7.269952e-04 | loss=0.133780
Epoch 008 | Step 380 | lr=7.269952e-04 | loss=0.140367
Epoch 008 | Step 390 | lr=7.269952e-04 | loss=0.140381
Epoch 008 | Step 400 | lr=7.269952e-04 | loss=0.145092
Epoch 008 | Step 410 | lr=7.269952e-04 | loss=0.135902
Epoch 008 | Step 420 | lr=7.269952e-04 | loss=0.133531
Epoch 008 | Step 430 | lr=7.269952e-04 | loss=0.138517
Epoch 008 | Step 440 | lr=7.269952e-04 | loss=0.134389
Epoch 008 | Step 450 | lr=7.269952e-04 | loss=0.135178
Epoch 008 | Step 460 | lr=7.269952e-04 | loss=0.142730
Epoch 008 | Step 470 | lr=7.269952e-04 | loss=0.143144
Epoch 008 | Step 480 | lr=7.269952e-04 | loss=0.137608
Epoch 008 | Step 490 | lr=7.269952e-04 | loss=0.140637
Epoch 008 | Step 500 | lr=7.269952e-04 | loss=0.142538
Epoch 008 | Step 510 | lr=7.269952e-04 | loss=0.144324
Epoch 008 | Step 520 | lr=7.269952e-04 | loss=0.144077
Epoch 008 | Step 530 | lr=7.269952e-04 | loss=0.140198
Epoch 008 | Step 540 | lr=7.269952e-04 | loss=0.135144
Epoch 008 | Step 550 | lr=7.269952e-04 | loss=0.135287
Epoch 008 | Step 560 | lr=7.269952e-04 | loss=0.138623
Epoch 008 | Step 570 | lr=7.269952e-04 | loss=0.140876
Epoch 008 | Step 580 | lr=7.269952e-04 | loss=0.146104
Epoch 008 | Step 590 | lr=7.269952e-04 | loss=0.138531
Epoch 008 | Step 600 | lr=7.269952e-04 | loss=0.129798
Epoch 008 | Step 610 | lr=7.269952e-04 | loss=0.147514
Epoch 008 | Step 620 | lr=7.269952e-04 | loss=0.144805
Epoch 008 | Step 630 | lr=7.269952e-04 | loss=0.143380
Epoch 008 | Step 640 | lr=7.269952e-04 | loss=0.135423
Epoch 008 | Step 650 | lr=7.269952e-04 | loss=0.134241
Epoch 008 | Step 660 | lr=7.269952e-04 | loss=0.141672
Epoch 008 | Step 670 | lr=7.269952e-04 | loss=0.142054
Epoch 008 | Step 680 | lr=7.269952e-04 | loss=0.140434
Epoch 008 | Step 690 | lr=7.269952e-04 | loss=0.139089
Epoch 008 | Step 700 | lr=7.269952e-04 | loss=0.133606
Epoch 008 | Step 710 | lr=7.269952e-04 | loss=0.139985
Epoch 008 | Step 720 | lr=7.269952e-04 | loss=0.137391
Epoch 008 | Step 730 | lr=7.269952e-04 | loss=0.140284
Epoch 008 | Step 740 | lr=7.269952e-04 | loss=0.136982
Epoch 008 | Step 750 | lr=7.269952e-04 | loss=0.138530
Epoch 008 | Step 760 | lr=7.269952e-04 | loss=0.142683
Epoch 008 | Step 770 | lr=7.269952e-04 | loss=0.144169
Epoch 008 | Step 780 | lr=7.269952e-04 | loss=0.144377
Epoch 008 | Step 790 | lr=7.269952e-04 | loss=0.139511
Epoch 008 | Step 800 | lr=7.269952e-04 | loss=0.140495
Epoch 008 | Step 810 | lr=7.269952e-04 | loss=0.135816
Epoch 008 | Step 820 | lr=7.269952e-04 | loss=0.142441
Epoch 008 | Step 830 | lr=7.269952e-04 | loss=0.139409
Epoch 008 | Step 840 | lr=7.269952e-04 | loss=0.137558
Epoch 008 | Step 850 | lr=7.269952e-04 | loss=0.147682
Epoch 008 | Step 860 | lr=7.269952e-04 | loss=0.135072
Epoch 008 | Step 870 | lr=7.269952e-04 | loss=0.135963
Epoch 008 | Step 880 | lr=7.269952e-04 | loss=0.139698
Epoch 008 | Step 890 | lr=7.269952e-04 | loss=0.140657
Epoch 008 | Step 900 | lr=7.269952e-04 | loss=0.140078
Epoch 008 | Step 910 | lr=7.269952e-04 | loss=0.141385
Epoch 008 | Step 920 | lr=7.269952e-04 | loss=0.138699
Epoch 008 | Step 930 | lr=7.269952e-04 | loss=0.132278
Epoch 008 | Step 940 | lr=7.269952e-04 | loss=0.143509
Epoch 008 | Step 950 | lr=7.269952e-04 | loss=0.136937
Epoch 008 | Step 960 | lr=7.269952e-04 | loss=0.137116
epoch 008 | train_kld=0.139178 | val_kld=0.135972 | val_mae=0.002624 | val_mse=0.000086 | ord_acc@10=0.3176 | recall@10=0.8316
Epoch 009 | Step 10 | lr=6.545085e-04 | loss=0.141449
Epoch 009 | Step 20 | lr=6.545085e-04 | loss=0.142786
Epoch 009 | Step 30 | lr=6.545085e-04 | loss=0.135070
Epoch 009 | Step 40 | lr=6.545085e-04 | loss=0.137747
Epoch 009 | Step 50 | lr=6.545085e-04 | loss=0.130152
Epoch 009 | Step 60 | lr=6.545085e-04 | loss=0.138122
Epoch 009 | Step 70 | lr=6.545085e-04 | loss=0.133215
Epoch 009 | Step 80 | lr=6.545085e-04 | loss=0.136298
Epoch 009 | Step 90 | lr=6.545085e-04 | loss=0.135311
Epoch 009 | Step 100 | lr=6.545085e-04 | loss=0.140148
Epoch 009 | Step 110 | lr=6.545085e-04 | loss=0.140451
Epoch 009 | Step 120 | lr=6.545085e-04 | loss=0.141419
Epoch 009 | Step 130 | lr=6.545085e-04 | loss=0.131227
Epoch 009 | Step 140 | lr=6.545085e-04 | loss=0.134932
Epoch 009 | Step 150 | lr=6.545085e-04 | loss=0.132960
Epoch 009 | Step 160 | lr=6.545085e-04 | loss=0.139367
Epoch 009 | Step 170 | lr=6.545085e-04 | loss=0.144099
Epoch 009 | Step 180 | lr=6.545085e-04 | loss=0.132950
Epoch 009 | Step 190 | lr=6.545085e-04 | loss=0.133465
Epoch 009 | Step 200 | lr=6.545085e-04 | loss=0.140370
Epoch 009 | Step 210 | lr=6.545085e-04 | loss=0.134348
Epoch 009 | Step 220 | lr=6.545085e-04 | loss=0.137651
Epoch 009 | Step 230 | lr=6.545085e-04 | loss=0.133285
Epoch 009 | Step 240 | lr=6.545085e-04 | loss=0.138640
Epoch 009 | Step 250 | lr=6.545085e-04 | loss=0.139943
Epoch 009 | Step 260 | lr=6.545085e-04 | loss=0.136913
Epoch 009 | Step 270 | lr=6.545085e-04 | loss=0.139358
Epoch 009 | Step 280 | lr=6.545085e-04 | loss=0.138126
Epoch 009 | Step 290 | lr=6.545085e-04 | loss=0.144726
Epoch 009 | Step 300 | lr=6.545085e-04 | loss=0.137618
Epoch 009 | Step 310 | lr=6.545085e-04 | loss=0.138520
Epoch 009 | Step 320 | lr=6.545085e-04 | loss=0.130618
Epoch 009 | Step 330 | lr=6.545085e-04 | loss=0.136566
Epoch 009 | Step 340 | lr=6.545085e-04 | loss=0.132923
Epoch 009 | Step 350 | lr=6.545085e-04 | loss=0.136947
Epoch 009 | Step 360 | lr=6.545085e-04 | loss=0.131240
Epoch 009 | Step 370 | lr=6.545085e-04 | loss=0.137035
Epoch 009 | Step 380 | lr=6.545085e-04 | loss=0.133210
Epoch 009 | Step 390 | lr=6.545085e-04 | loss=0.135881
Epoch 009 | Step 400 | lr=6.545085e-04 | loss=0.133086
Epoch 009 | Step 410 | lr=6.545085e-04 | loss=0.139335
Epoch 009 | Step 420 | lr=6.545085e-04 | loss=0.134730
Epoch 009 | Step 430 | lr=6.545085e-04 | loss=0.134526
Epoch 009 | Step 440 | lr=6.545085e-04 | loss=0.143129
Epoch 009 | Step 450 | lr=6.545085e-04 | loss=0.137152
Epoch 009 | Step 460 | lr=6.545085e-04 | loss=0.136486
Epoch 009 | Step 470 | lr=6.545085e-04 | loss=0.136519
Epoch 009 | Step 480 | lr=6.545085e-04 | loss=0.138865
Epoch 009 | Step 490 | lr=6.545085e-04 | loss=0.138951
Epoch 009 | Step 500 | lr=6.545085e-04 | loss=0.137526
Epoch 009 | Step 510 | lr=6.545085e-04 | loss=0.132272
Epoch 009 | Step 520 | lr=6.545085e-04 | loss=0.140107
Epoch 009 | Step 530 | lr=6.545085e-04 | loss=0.140277
Epoch 009 | Step 540 | lr=6.545085e-04 | loss=0.136393
Epoch 009 | Step 550 | lr=6.545085e-04 | loss=0.132850
Epoch 009 | Step 560 | lr=6.545085e-04 | loss=0.134511
Epoch 009 | Step 570 | lr=6.545085e-04 | loss=0.141163
Epoch 009 | Step 580 | lr=6.545085e-04 | loss=0.141862
Epoch 009 | Step 590 | lr=6.545085e-04 | loss=0.136677
Epoch 009 | Step 600 | lr=6.545085e-04 | loss=0.136714
Epoch 009 | Step 610 | lr=6.545085e-04 | loss=0.141517
Epoch 009 | Step 620 | lr=6.545085e-04 | loss=0.138971
Epoch 009 | Step 630 | lr=6.545085e-04 | loss=0.141457
Epoch 009 | Step 640 | lr=6.545085e-04 | loss=0.135191
Epoch 009 | Step 650 | lr=6.545085e-04 | loss=0.138058
Epoch 009 | Step 660 | lr=6.545085e-04 | loss=0.138131
Epoch 009 | Step 670 | lr=6.545085e-04 | loss=0.140649
Epoch 009 | Step 680 | lr=6.545085e-04 | loss=0.134878
Epoch 009 | Step 690 | lr=6.545085e-04 | loss=0.135671
Epoch 009 | Step 700 | lr=6.545085e-04 | loss=0.134227
Epoch 009 | Step 710 | lr=6.545085e-04 | loss=0.140617
Epoch 009 | Step 720 | lr=6.545085e-04 | loss=0.133942
Epoch 009 | Step 730 | lr=6.545085e-04 | loss=0.135526
Epoch 009 | Step 740 | lr=6.545085e-04 | loss=0.133115
Epoch 009 | Step 750 | lr=6.545085e-04 | loss=0.138081
Epoch 009 | Step 760 | lr=6.545085e-04 | loss=0.139836
Epoch 009 | Step 770 | lr=6.545085e-04 | loss=0.144808
Epoch 009 | Step 780 | lr=6.545085e-04 | loss=0.135845
Epoch 009 | Step 790 | lr=6.545085e-04 | loss=0.134627
Epoch 009 | Step 800 | lr=6.545085e-04 | loss=0.138243
Epoch 009 | Step 810 | lr=6.545085e-04 | loss=0.135680
Epoch 009 | Step 820 | lr=6.545085e-04 | loss=0.136411
Epoch 009 | Step 830 | lr=6.545085e-04 | loss=0.135496
Epoch 009 | Step 840 | lr=6.545085e-04 | loss=0.136354
Epoch 009 | Step 850 | lr=6.545085e-04 | loss=0.141394
Epoch 009 | Step 860 | lr=6.545085e-04 | loss=0.136989
Epoch 009 | Step 870 | lr=6.545085e-04 | loss=0.136321
Epoch 009 | Step 880 | lr=6.545085e-04 | loss=0.133729
Epoch 009 | Step 890 | lr=6.545085e-04 | loss=0.135142
Epoch 009 | Step 900 | lr=6.545085e-04 | loss=0.142358
Epoch 009 | Step 910 | lr=6.545085e-04 | loss=0.139141
Epoch 009 | Step 920 | lr=6.545085e-04 | loss=0.137522
Epoch 009 | Step 930 | lr=6.545085e-04 | loss=0.138140
Epoch 009 | Step 940 | lr=6.545085e-04 | loss=0.132756
Epoch 009 | Step 950 | lr=6.545085e-04 | loss=0.134343
Epoch 009 | Step 960 | lr=6.545085e-04 | loss=0.138745
epoch 009 | train_kld=0.136916 | val_kld=0.135013 | val_mae=0.002603 | val_mse=0.000084 | ord_acc@10=0.3208 | recall@10=0.8308
Epoch 010 | Step 10 | lr=5.782172e-04 | loss=0.133646
Epoch 010 | Step 20 | lr=5.782172e-04 | loss=0.133246
Epoch 010 | Step 30 | lr=5.782172e-04 | loss=0.138063
Epoch 010 | Step 40 | lr=5.782172e-04 | loss=0.129220
Epoch 010 | Step 50 | lr=5.782172e-04 | loss=0.127303
Epoch 010 | Step 60 | lr=5.782172e-04 | loss=0.140450
Epoch 010 | Step 70 | lr=5.782172e-04 | loss=0.133453
Epoch 010 | Step 80 | lr=5.782172e-04 | loss=0.131944
Epoch 010 | Step 90 | lr=5.782172e-04 | loss=0.136113
Epoch 010 | Step 100 | lr=5.782172e-04 | loss=0.132751
Epoch 010 | Step 110 | lr=5.782172e-04 | loss=0.140830
Epoch 010 | Step 120 | lr=5.782172e-04 | loss=0.140568
Epoch 010 | Step 130 | lr=5.782172e-04 | loss=0.133676
Epoch 010 | Step 140 | lr=5.782172e-04 | loss=0.132206
Epoch 010 | Step 150 | lr=5.782172e-04 | loss=0.133650
Epoch 010 | Step 160 | lr=5.782172e-04 | loss=0.138244
Epoch 010 | Step 170 | lr=5.782172e-04 | loss=0.134694
Epoch 010 | Step 180 | lr=5.782172e-04 | loss=0.131472
Epoch 010 | Step 190 | lr=5.782172e-04 | loss=0.134370
Epoch 010 | Step 200 | lr=5.782172e-04 | loss=0.132200
Epoch 010 | Step 210 | lr=5.782172e-04 | loss=0.138889
Epoch 010 | Step 220 | lr=5.782172e-04 | loss=0.132368
Epoch 010 | Step 230 | lr=5.782172e-04 | loss=0.135004
Epoch 010 | Step 240 | lr=5.782172e-04 | loss=0.135911
Epoch 010 | Step 250 | lr=5.782172e-04 | loss=0.137085
Epoch 010 | Step 260 | lr=5.782172e-04 | loss=0.132091
Epoch 010 | Step 270 | lr=5.782172e-04 | loss=0.131269
Epoch 010 | Step 280 | lr=5.782172e-04 | loss=0.136721
Epoch 010 | Step 290 | lr=5.782172e-04 | loss=0.136482
Epoch 010 | Step 300 | lr=5.782172e-04 | loss=0.138776
Epoch 010 | Step 310 | lr=5.782172e-04 | loss=0.137817
Epoch 010 | Step 320 | lr=5.782172e-04 | loss=0.137995
Epoch 010 | Step 330 | lr=5.782172e-04 | loss=0.134912
Epoch 010 | Step 340 | lr=5.782172e-04 | loss=0.136930
Epoch 010 | Step 350 | lr=5.782172e-04 | loss=0.129666
Epoch 010 | Step 360 | lr=5.782172e-04 | loss=0.135334
Epoch 010 | Step 370 | lr=5.782172e-04 | loss=0.134473
Epoch 010 | Step 380 | lr=5.782172e-04 | loss=0.130812
Epoch 010 | Step 390 | lr=5.782172e-04 | loss=0.139382
Epoch 010 | Step 400 | lr=5.782172e-04 | loss=0.131904
Epoch 010 | Step 410 | lr=5.782172e-04 | loss=0.134874
Epoch 010 | Step 420 | lr=5.782172e-04 | loss=0.132879
Epoch 010 | Step 430 | lr=5.782172e-04 | loss=0.137719
Epoch 010 | Step 440 | lr=5.782172e-04 | loss=0.143312
Epoch 010 | Step 450 | lr=5.782172e-04 | loss=0.139342
Epoch 010 | Step 460 | lr=5.782172e-04 | loss=0.136997
Epoch 010 | Step 470 | lr=5.782172e-04 | loss=0.137985
Epoch 010 | Step 480 | lr=5.782172e-04 | loss=0.131498
Epoch 010 | Step 490 | lr=5.782172e-04 | loss=0.140755
Epoch 010 | Step 500 | lr=5.782172e-04 | loss=0.131581
Epoch 010 | Step 510 | lr=5.782172e-04 | loss=0.135377
Epoch 010 | Step 520 | lr=5.782172e-04 | loss=0.129571
Epoch 010 | Step 530 | lr=5.782172e-04 | loss=0.137990
Epoch 010 | Step 540 | lr=5.782172e-04 | loss=0.138963
Epoch 010 | Step 550 | lr=5.782172e-04 | loss=0.136336
Epoch 010 | Step 560 | lr=5.782172e-04 | loss=0.143909
Epoch 010 | Step 570 | lr=5.782172e-04 | loss=0.132836
Epoch 010 | Step 580 | lr=5.782172e-04 | loss=0.135748
Epoch 010 | Step 590 | lr=5.782172e-04 | loss=0.133740
Epoch 010 | Step 600 | lr=5.782172e-04 | loss=0.139582
Epoch 010 | Step 610 | lr=5.782172e-04 | loss=0.141894
Epoch 010 | Step 620 | lr=5.782172e-04 | loss=0.139209
Epoch 010 | Step 630 | lr=5.782172e-04 | loss=0.135567
Epoch 010 | Step 640 | lr=5.782172e-04 | loss=0.131732
Epoch 010 | Step 650 | lr=5.782172e-04 | loss=0.136898
Epoch 010 | Step 660 | lr=5.782172e-04 | loss=0.136635
Epoch 010 | Step 670 | lr=5.782172e-04 | loss=0.136208
Epoch 010 | Step 680 | lr=5.782172e-04 | loss=0.135551
Epoch 010 | Step 690 | lr=5.782172e-04 | loss=0.136665
Epoch 010 | Step 700 | lr=5.782172e-04 | loss=0.135912
Epoch 010 | Step 710 | lr=5.782172e-04 | loss=0.130279
Epoch 010 | Step 720 | lr=5.782172e-04 | loss=0.132488
Epoch 010 | Step 730 | lr=5.782172e-04 | loss=0.137080
Epoch 010 | Step 740 | lr=5.782172e-04 | loss=0.137596
Epoch 010 | Step 750 | lr=5.782172e-04 | loss=0.134362
Epoch 010 | Step 760 | lr=5.782172e-04 | loss=0.137665
Epoch 010 | Step 770 | lr=5.782172e-04 | loss=0.138097
Epoch 010 | Step 780 | lr=5.782172e-04 | loss=0.133094
Epoch 010 | Step 790 | lr=5.782172e-04 | loss=0.131505
Epoch 010 | Step 800 | lr=5.782172e-04 | loss=0.134631
Epoch 010 | Step 810 | lr=5.782172e-04 | loss=0.129443
Epoch 010 | Step 820 | lr=5.782172e-04 | loss=0.133475
Epoch 010 | Step 830 | lr=5.782172e-04 | loss=0.128865
Epoch 010 | Step 840 | lr=5.782172e-04 | loss=0.132635
Epoch 010 | Step 850 | lr=5.782172e-04 | loss=0.132343
Epoch 010 | Step 860 | lr=5.782172e-04 | loss=0.135292
Epoch 010 | Step 870 | lr=5.782172e-04 | loss=0.137292
Epoch 010 | Step 880 | lr=5.782172e-04 | loss=0.137784
Epoch 010 | Step 890 | lr=5.782172e-04 | loss=0.132334
Epoch 010 | Step 900 | lr=5.782172e-04 | loss=0.138509
Epoch 010 | Step 910 | lr=5.782172e-04 | loss=0.137393
Epoch 010 | Step 920 | lr=5.782172e-04 | loss=0.133459
Epoch 010 | Step 930 | lr=5.782172e-04 | loss=0.141740
Epoch 010 | Step 940 | lr=5.782172e-04 | loss=0.128969
Epoch 010 | Step 950 | lr=5.782172e-04 | loss=0.135286
Epoch 010 | Step 960 | lr=5.782172e-04 | loss=0.134803
epoch 010 | train_kld=0.134924 | val_kld=0.134058 | val_mae=0.002586 | val_mse=0.000082 | ord_acc@10=0.3209 | recall@10=0.8335
Epoch 011 | Step 10 | lr=5.000000e-04 | loss=0.130118
Epoch 011 | Step 20 | lr=5.000000e-04 | loss=0.134085
Epoch 011 | Step 30 | lr=5.000000e-04 | loss=0.129744
Epoch 011 | Step 40 | lr=5.000000e-04 | loss=0.127150
Epoch 011 | Step 50 | lr=5.000000e-04 | loss=0.136411
Epoch 011 | Step 60 | lr=5.000000e-04 | loss=0.134561
Epoch 011 | Step 70 | lr=5.000000e-04 | loss=0.130218
Epoch 011 | Step 80 | lr=5.000000e-04 | loss=0.128577
Epoch 011 | Step 90 | lr=5.000000e-04 | loss=0.137657
Epoch 011 | Step 100 | lr=5.000000e-04 | loss=0.136798
Epoch 011 | Step 110 | lr=5.000000e-04 | loss=0.133721
Epoch 011 | Step 120 | lr=5.000000e-04 | loss=0.131864
Epoch 011 | Step 130 | lr=5.000000e-04 | loss=0.131301
Epoch 011 | Step 140 | lr=5.000000e-04 | loss=0.134858
Epoch 011 | Step 150 | lr=5.000000e-04 | loss=0.135165
Epoch 011 | Step 160 | lr=5.000000e-04 | loss=0.130511
Epoch 011 | Step 170 | lr=5.000000e-04 | loss=0.134069
Epoch 011 | Step 180 | lr=5.000000e-04 | loss=0.130473
Epoch 011 | Step 190 | lr=5.000000e-04 | loss=0.134672
Epoch 011 | Step 200 | lr=5.000000e-04 | loss=0.135924
Epoch 011 | Step 210 | lr=5.000000e-04 | loss=0.134115
Epoch 011 | Step 220 | lr=5.000000e-04 | loss=0.129421
Epoch 011 | Step 230 | lr=5.000000e-04 | loss=0.132759
Epoch 011 | Step 240 | lr=5.000000e-04 | loss=0.136599
Epoch 011 | Step 250 | lr=5.000000e-04 | loss=0.127042
Epoch 011 | Step 260 | lr=5.000000e-04 | loss=0.131271
Epoch 011 | Step 270 | lr=5.000000e-04 | loss=0.133720
Epoch 011 | Step 280 | lr=5.000000e-04 | loss=0.128157
Epoch 011 | Step 290 | lr=5.000000e-04 | loss=0.134034
Epoch 011 | Step 300 | lr=5.000000e-04 | loss=0.132271
Epoch 011 | Step 310 | lr=5.000000e-04 | loss=0.136431
Epoch 011 | Step 320 | lr=5.000000e-04 | loss=0.136753
Epoch 011 | Step 330 | lr=5.000000e-04 | loss=0.135988
Epoch 011 | Step 340 | lr=5.000000e-04 | loss=0.132917
Epoch 011 | Step 350 | lr=5.000000e-04 | loss=0.129672
Epoch 011 | Step 360 | lr=5.000000e-04 | loss=0.132165
Epoch 011 | Step 370 | lr=5.000000e-04 | loss=0.132112
Epoch 011 | Step 380 | lr=5.000000e-04 | loss=0.131154
Epoch 011 | Step 390 | lr=5.000000e-04 | loss=0.128597
Epoch 011 | Step 400 | lr=5.000000e-04 | loss=0.134541
Epoch 011 | Step 410 | lr=5.000000e-04 | loss=0.133724
Epoch 011 | Step 420 | lr=5.000000e-04 | loss=0.130597
Epoch 011 | Step 430 | lr=5.000000e-04 | loss=0.127901
Epoch 011 | Step 440 | lr=5.000000e-04 | loss=0.127747
Epoch 011 | Step 450 | lr=5.000000e-04 | loss=0.131023
Epoch 011 | Step 460 | lr=5.000000e-04 | loss=0.127131
Epoch 011 | Step 470 | lr=5.000000e-04 | loss=0.131953
Epoch 011 | Step 480 | lr=5.000000e-04 | loss=0.137303
Epoch 011 | Step 490 | lr=5.000000e-04 | loss=0.128400
Epoch 011 | Step 500 | lr=5.000000e-04 | loss=0.127122
Epoch 011 | Step 510 | lr=5.000000e-04 | loss=0.130510
Epoch 011 | Step 520 | lr=5.000000e-04 | loss=0.136862
Epoch 011 | Step 530 | lr=5.000000e-04 | loss=0.137537
Epoch 011 | Step 540 | lr=5.000000e-04 | loss=0.129903
Epoch 011 | Step 550 | lr=5.000000e-04 | loss=0.129233
Epoch 011 | Step 560 | lr=5.000000e-04 | loss=0.133196
Epoch 011 | Step 570 | lr=5.000000e-04 | loss=0.126104
Epoch 011 | Step 580 | lr=5.000000e-04 | loss=0.131705
Epoch 011 | Step 590 | lr=5.000000e-04 | loss=0.127112
Epoch 011 | Step 600 | lr=5.000000e-04 | loss=0.129618
Epoch 011 | Step 610 | lr=5.000000e-04 | loss=0.130216
Epoch 011 | Step 620 | lr=5.000000e-04 | loss=0.135585
Epoch 011 | Step 630 | lr=5.000000e-04 | loss=0.127148
Epoch 011 | Step 640 | lr=5.000000e-04 | loss=0.134795
Epoch 011 | Step 650 | lr=5.000000e-04 | loss=0.128161
Epoch 011 | Step 660 | lr=5.000000e-04 | loss=0.140446
Epoch 011 | Step 670 | lr=5.000000e-04 | loss=0.137692
Epoch 011 | Step 680 | lr=5.000000e-04 | loss=0.139459
Epoch 011 | Step 690 | lr=5.000000e-04 | loss=0.133023
Epoch 011 | Step 700 | lr=5.000000e-04 | loss=0.133064
Epoch 011 | Step 710 | lr=5.000000e-04 | loss=0.132055
Epoch 011 | Step 720 | lr=5.000000e-04 | loss=0.135489
Epoch 011 | Step 730 | lr=5.000000e-04 | loss=0.135229
Epoch 011 | Step 740 | lr=5.000000e-04 | loss=0.135148
Epoch 011 | Step 750 | lr=5.000000e-04 | loss=0.130251
Epoch 011 | Step 760 | lr=5.000000e-04 | loss=0.125501
Epoch 011 | Step 770 | lr=5.000000e-04 | loss=0.130373
Epoch 011 | Step 780 | lr=5.000000e-04 | loss=0.139847
Epoch 011 | Step 790 | lr=5.000000e-04 | loss=0.135442
Epoch 011 | Step 800 | lr=5.000000e-04 | loss=0.132223
Epoch 011 | Step 810 | lr=5.000000e-04 | loss=0.134524
Epoch 011 | Step 820 | lr=5.000000e-04 | loss=0.133002
Epoch 011 | Step 830 | lr=5.000000e-04 | loss=0.129495
Epoch 011 | Step 840 | lr=5.000000e-04 | loss=0.139504
Epoch 011 | Step 850 | lr=5.000000e-04 | loss=0.134422
Epoch 011 | Step 860 | lr=5.000000e-04 | loss=0.130805
Epoch 011 | Step 870 | lr=5.000000e-04 | loss=0.141602
Epoch 011 | Step 880 | lr=5.000000e-04 | loss=0.134725
Epoch 011 | Step 890 | lr=5.000000e-04 | loss=0.129629
Epoch 011 | Step 900 | lr=5.000000e-04 | loss=0.127300
Epoch 011 | Step 910 | lr=5.000000e-04 | loss=0.137449
Epoch 011 | Step 920 | lr=5.000000e-04 | loss=0.136707
Epoch 011 | Step 930 | lr=5.000000e-04 | loss=0.142694
Epoch 011 | Step 940 | lr=5.000000e-04 | loss=0.127660
Epoch 011 | Step 950 | lr=5.000000e-04 | loss=0.131238
Epoch 011 | Step 960 | lr=5.000000e-04 | loss=0.135064
epoch 011 | train_kld=0.132891 | val_kld=0.132398 | val_mae=0.002560 | val_mse=0.000080 | ord_acc@10=0.3219 | recall@10=0.8337
Epoch 012 | Step 10 | lr=4.217828e-04 | loss=0.132500
Epoch 012 | Step 20 | lr=4.217828e-04 | loss=0.127507
Epoch 012 | Step 30 | lr=4.217828e-04 | loss=0.127699
Epoch 012 | Step 40 | lr=4.217828e-04 | loss=0.132582
Epoch 012 | Step 50 | lr=4.217828e-04 | loss=0.132322
Epoch 012 | Step 60 | lr=4.217828e-04 | loss=0.135052
Epoch 012 | Step 70 | lr=4.217828e-04 | loss=0.133939
Epoch 012 | Step 80 | lr=4.217828e-04 | loss=0.131339
Epoch 012 | Step 90 | lr=4.217828e-04 | loss=0.132747
Epoch 012 | Step 100 | lr=4.217828e-04 | loss=0.128278
Epoch 012 | Step 110 | lr=4.217828e-04 | loss=0.133745
Epoch 012 | Step 120 | lr=4.217828e-04 | loss=0.128781
Epoch 012 | Step 130 | lr=4.217828e-04 | loss=0.125250
Epoch 012 | Step 140 | lr=4.217828e-04 | loss=0.127180
Epoch 012 | Step 150 | lr=4.217828e-04 | loss=0.130321
Epoch 012 | Step 160 | lr=4.217828e-04 | loss=0.130024
Epoch 012 | Step 170 | lr=4.217828e-04 | loss=0.131844
Epoch 012 | Step 180 | lr=4.217828e-04 | loss=0.129349
Epoch 012 | Step 190 | lr=4.217828e-04 | loss=0.124120
Epoch 012 | Step 200 | lr=4.217828e-04 | loss=0.130771
Epoch 012 | Step 210 | lr=4.217828e-04 | loss=0.131444
Epoch 012 | Step 220 | lr=4.217828e-04 | loss=0.126781
Epoch 012 | Step 230 | lr=4.217828e-04 | loss=0.128485
Epoch 012 | Step 240 | lr=4.217828e-04 | loss=0.135422
Epoch 012 | Step 250 | lr=4.217828e-04 | loss=0.128277
Epoch 012 | Step 260 | lr=4.217828e-04 | loss=0.132222
Epoch 012 | Step 270 | lr=4.217828e-04 | loss=0.134256
Epoch 012 | Step 280 | lr=4.217828e-04 | loss=0.129311
Epoch 012 | Step 290 | lr=4.217828e-04 | loss=0.128601
Epoch 012 | Step 300 | lr=4.217828e-04 | loss=0.129358
Epoch 012 | Step 310 | lr=4.217828e-04 | loss=0.128416
Epoch 012 | Step 320 | lr=4.217828e-04 | loss=0.129544
Epoch 012 | Step 330 | lr=4.217828e-04 | loss=0.127643
Epoch 012 | Step 340 | lr=4.217828e-04 | loss=0.128982
Epoch 012 | Step 350 | lr=4.217828e-04 | loss=0.123557
Epoch 012 | Step 360 | lr=4.217828e-04 | loss=0.130571
Epoch 012 | Step 370 | lr=4.217828e-04 | loss=0.132988
Epoch 012 | Step 380 | lr=4.217828e-04 | loss=0.128510
Epoch 012 | Step 390 | lr=4.217828e-04 | loss=0.130609
Epoch 012 | Step 400 | lr=4.217828e-04 | loss=0.126524
Epoch 012 | Step 410 | lr=4.217828e-04 | loss=0.135750
Epoch 012 | Step 420 | lr=4.217828e-04 | loss=0.131262
Epoch 012 | Step 430 | lr=4.217828e-04 | loss=0.137022
Epoch 012 | Step 440 | lr=4.217828e-04 | loss=0.127248
Epoch 012 | Step 450 | lr=4.217828e-04 | loss=0.128244
Epoch 012 | Step 460 | lr=4.217828e-04 | loss=0.130211
Epoch 012 | Step 470 | lr=4.217828e-04 | loss=0.133128
Epoch 012 | Step 480 | lr=4.217828e-04 | loss=0.135306
Epoch 012 | Step 490 | lr=4.217828e-04 | loss=0.135273
Epoch 012 | Step 500 | lr=4.217828e-04 | loss=0.134890
Epoch 012 | Step 510 | lr=4.217828e-04 | loss=0.132500
Epoch 012 | Step 520 | lr=4.217828e-04 | loss=0.125535
Epoch 012 | Step 530 | lr=4.217828e-04 | loss=0.138270
Epoch 012 | Step 540 | lr=4.217828e-04 | loss=0.135842
Epoch 012 | Step 550 | lr=4.217828e-04 | loss=0.135334
Epoch 012 | Step 560 | lr=4.217828e-04 | loss=0.129080
Epoch 012 | Step 570 | lr=4.217828e-04 | loss=0.132019
Epoch 012 | Step 580 | lr=4.217828e-04 | loss=0.135737
Epoch 012 | Step 590 | lr=4.217828e-04 | loss=0.133799
Epoch 012 | Step 600 | lr=4.217828e-04 | loss=0.134486
Epoch 012 | Step 610 | lr=4.217828e-04 | loss=0.130194
Epoch 012 | Step 620 | lr=4.217828e-04 | loss=0.129044
Epoch 012 | Step 630 | lr=4.217828e-04 | loss=0.129908
Epoch 012 | Step 640 | lr=4.217828e-04 | loss=0.132771
Epoch 012 | Step 650 | lr=4.217828e-04 | loss=0.129002
Epoch 012 | Step 660 | lr=4.217828e-04 | loss=0.134956
Epoch 012 | Step 670 | lr=4.217828e-04 | loss=0.131319
Epoch 012 | Step 680 | lr=4.217828e-04 | loss=0.132392
Epoch 012 | Step 690 | lr=4.217828e-04 | loss=0.133737
Epoch 012 | Step 700 | lr=4.217828e-04 | loss=0.133878
Epoch 012 | Step 710 | lr=4.217828e-04 | loss=0.130397
Epoch 012 | Step 720 | lr=4.217828e-04 | loss=0.131078
Epoch 012 | Step 730 | lr=4.217828e-04 | loss=0.129830
Epoch 012 | Step 740 | lr=4.217828e-04 | loss=0.128208
Epoch 012 | Step 750 | lr=4.217828e-04 | loss=0.136045
Epoch 012 | Step 760 | lr=4.217828e-04 | loss=0.127835
Epoch 012 | Step 770 | lr=4.217828e-04 | loss=0.132505
Epoch 012 | Step 780 | lr=4.217828e-04 | loss=0.134087
Epoch 012 | Step 790 | lr=4.217828e-04 | loss=0.127982
Epoch 012 | Step 800 | lr=4.217828e-04 | loss=0.132610
Epoch 012 | Step 810 | lr=4.217828e-04 | loss=0.134990
Epoch 012 | Step 820 | lr=4.217828e-04 | loss=0.129855
Epoch 012 | Step 830 | lr=4.217828e-04 | loss=0.134496
Epoch 012 | Step 840 | lr=4.217828e-04 | loss=0.125516
Epoch 012 | Step 850 | lr=4.217828e-04 | loss=0.127753
Epoch 012 | Step 860 | lr=4.217828e-04 | loss=0.131977
Epoch 012 | Step 870 | lr=4.217828e-04 | loss=0.130636
Epoch 012 | Step 880 | lr=4.217828e-04 | loss=0.131486
Epoch 012 | Step 890 | lr=4.217828e-04 | loss=0.128705
Epoch 012 | Step 900 | lr=4.217828e-04 | loss=0.128346
Epoch 012 | Step 910 | lr=4.217828e-04 | loss=0.136950
Epoch 012 | Step 920 | lr=4.217828e-04 | loss=0.131263
Epoch 012 | Step 930 | lr=4.217828e-04 | loss=0.132945
Epoch 012 | Step 940 | lr=4.217828e-04 | loss=0.132895
Epoch 012 | Step 950 | lr=4.217828e-04 | loss=0.128062
Epoch 012 | Step 960 | lr=4.217828e-04 | loss=0.130743
epoch 012 | train_kld=0.130974 | val_kld=0.130854 | val_mae=0.002549 | val_mse=0.000078 | ord_acc@10=0.3241 | recall@10=0.8338
Epoch 013 | Step 10 | lr=3.454915e-04 | loss=0.130659
Epoch 013 | Step 20 | lr=3.454915e-04 | loss=0.128191
Epoch 013 | Step 30 | lr=3.454915e-04 | loss=0.129826
Epoch 013 | Step 40 | lr=3.454915e-04 | loss=0.124351
Epoch 013 | Step 50 | lr=3.454915e-04 | loss=0.133362
Epoch 013 | Step 60 | lr=3.454915e-04 | loss=0.124175
Epoch 013 | Step 70 | lr=3.454915e-04 | loss=0.125421
Epoch 013 | Step 80 | lr=3.454915e-04 | loss=0.129784
Epoch 013 | Step 90 | lr=3.454915e-04 | loss=0.134370
Epoch 013 | Step 100 | lr=3.454915e-04 | loss=0.127648
Epoch 013 | Step 110 | lr=3.454915e-04 | loss=0.132189
Epoch 013 | Step 120 | lr=3.454915e-04 | loss=0.135429
Epoch 013 | Step 130 | lr=3.454915e-04 | loss=0.127318
Epoch 013 | Step 140 | lr=3.454915e-04 | loss=0.129290
Epoch 013 | Step 150 | lr=3.454915e-04 | loss=0.125711
Epoch 013 | Step 160 | lr=3.454915e-04 | loss=0.132059
Epoch 013 | Step 170 | lr=3.454915e-04 | loss=0.125732
Epoch 013 | Step 180 | lr=3.454915e-04 | loss=0.129795
Epoch 013 | Step 190 | lr=3.454915e-04 | loss=0.132246
Epoch 013 | Step 200 | lr=3.454915e-04 | loss=0.134626
Epoch 013 | Step 210 | lr=3.454915e-04 | loss=0.129657
Epoch 013 | Step 220 | lr=3.454915e-04 | loss=0.133782
Epoch 013 | Step 230 | lr=3.454915e-04 | loss=0.127180
Epoch 013 | Step 240 | lr=3.454915e-04 | loss=0.129042
Epoch 013 | Step 250 | lr=3.454915e-04 | loss=0.130638
Epoch 013 | Step 260 | lr=3.454915e-04 | loss=0.123265
Epoch 013 | Step 270 | lr=3.454915e-04 | loss=0.128466
Epoch 013 | Step 280 | lr=3.454915e-04 | loss=0.130000
Epoch 013 | Step 290 | lr=3.454915e-04 | loss=0.128512
Epoch 013 | Step 300 | lr=3.454915e-04 | loss=0.130656
Epoch 013 | Step 310 | lr=3.454915e-04 | loss=0.132806
Epoch 013 | Step 320 | lr=3.454915e-04 | loss=0.126078
Epoch 013 | Step 330 | lr=3.454915e-04 | loss=0.132087
Epoch 013 | Step 340 | lr=3.454915e-04 | loss=0.124571
Epoch 013 | Step 350 | lr=3.454915e-04 | loss=0.129233
Epoch 013 | Step 360 | lr=3.454915e-04 | loss=0.126360
Epoch 013 | Step 370 | lr=3.454915e-04 | loss=0.126663
Epoch 013 | Step 380 | lr=3.454915e-04 | loss=0.133221
Epoch 013 | Step 390 | lr=3.454915e-04 | loss=0.130876
Epoch 013 | Step 400 | lr=3.454915e-04 | loss=0.128449
Epoch 013 | Step 410 | lr=3.454915e-04 | loss=0.131011
Epoch 013 | Step 420 | lr=3.454915e-04 | loss=0.135687
Epoch 013 | Step 430 | lr=3.454915e-04 | loss=0.124624
Epoch 013 | Step 440 | lr=3.454915e-04 | loss=0.140323
Epoch 013 | Step 450 | lr=3.454915e-04 | loss=0.137280
Epoch 013 | Step 460 | lr=3.454915e-04 | loss=0.136245
Epoch 013 | Step 470 | lr=3.454915e-04 | loss=0.131835
Epoch 013 | Step 480 | lr=3.454915e-04 | loss=0.129106
Epoch 013 | Step 490 | lr=3.454915e-04 | loss=0.132672
Epoch 013 | Step 500 | lr=3.454915e-04 | loss=0.131762
Epoch 013 | Step 510 | lr=3.454915e-04 | loss=0.130775
Epoch 013 | Step 520 | lr=3.454915e-04 | loss=0.128340
Epoch 013 | Step 530 | lr=3.454915e-04 | loss=0.132848
Epoch 013 | Step 540 | lr=3.454915e-04 | loss=0.122663
Epoch 013 | Step 550 | lr=3.454915e-04 | loss=0.126782
Epoch 013 | Step 560 | lr=3.454915e-04 | loss=0.131819
Epoch 013 | Step 570 | lr=3.454915e-04 | loss=0.130850
Epoch 013 | Step 580 | lr=3.454915e-04 | loss=0.125784
Epoch 013 | Step 590 | lr=3.454915e-04 | loss=0.132515
Epoch 013 | Step 600 | lr=3.454915e-04 | loss=0.126659
Epoch 013 | Step 610 | lr=3.454915e-04 | loss=0.130641
Epoch 013 | Step 620 | lr=3.454915e-04 | loss=0.127573
Epoch 013 | Step 630 | lr=3.454915e-04 | loss=0.130099
Epoch 013 | Step 640 | lr=3.454915e-04 | loss=0.129730
Epoch 013 | Step 650 | lr=3.454915e-04 | loss=0.130797
Epoch 013 | Step 660 | lr=3.454915e-04 | loss=0.125789
Epoch 013 | Step 670 | lr=3.454915e-04 | loss=0.127340
Epoch 013 | Step 680 | lr=3.454915e-04 | loss=0.135281
Epoch 013 | Step 690 | lr=3.454915e-04 | loss=0.128478
Epoch 013 | Step 700 | lr=3.454915e-04 | loss=0.131720
Epoch 013 | Step 710 | lr=3.454915e-04 | loss=0.134928
Epoch 013 | Step 720 | lr=3.454915e-04 | loss=0.124657
Epoch 013 | Step 730 | lr=3.454915e-04 | loss=0.128136
Epoch 013 | Step 740 | lr=3.454915e-04 | loss=0.127448
Epoch 013 | Step 750 | lr=3.454915e-04 | loss=0.132977
Epoch 013 | Step 760 | lr=3.454915e-04 | loss=0.126700
Epoch 013 | Step 770 | lr=3.454915e-04 | loss=0.124788
Epoch 013 | Step 780 | lr=3.454915e-04 | loss=0.126852
Epoch 013 | Step 790 | lr=3.454915e-04 | loss=0.135668
Epoch 013 | Step 800 | lr=3.454915e-04 | loss=0.122828
Epoch 013 | Step 810 | lr=3.454915e-04 | loss=0.137313
Epoch 013 | Step 820 | lr=3.454915e-04 | loss=0.125713
Epoch 013 | Step 830 | lr=3.454915e-04 | loss=0.132451
Epoch 013 | Step 840 | lr=3.454915e-04 | loss=0.131075
Epoch 013 | Step 850 | lr=3.454915e-04 | loss=0.131343
Epoch 013 | Step 860 | lr=3.454915e-04 | loss=0.132626
Epoch 013 | Step 870 | lr=3.454915e-04 | loss=0.131527
Epoch 013 | Step 880 | lr=3.454915e-04 | loss=0.129365
Epoch 013 | Step 890 | lr=3.454915e-04 | loss=0.127349
Epoch 013 | Step 900 | lr=3.454915e-04 | loss=0.132522
Epoch 013 | Step 910 | lr=3.454915e-04 | loss=0.130853
Epoch 013 | Step 920 | lr=3.454915e-04 | loss=0.127376
Epoch 013 | Step 930 | lr=3.454915e-04 | loss=0.131592
Epoch 013 | Step 940 | lr=3.454915e-04 | loss=0.134149
Epoch 013 | Step 950 | lr=3.454915e-04 | loss=0.130137
Epoch 013 | Step 960 | lr=3.454915e-04 | loss=0.130480
epoch 013 | train_kld=0.129213 | val_kld=0.129786 | val_mae=0.002528 | val_mse=0.000077 | ord_acc@10=0.3245 | recall@10=0.8325
Epoch 014 | Step 10 | lr=2.730048e-04 | loss=0.123547
Epoch 014 | Step 20 | lr=2.730048e-04 | loss=0.125814
Epoch 014 | Step 30 | lr=2.730048e-04 | loss=0.132222
Epoch 014 | Step 40 | lr=2.730048e-04 | loss=0.127388
Epoch 014 | Step 50 | lr=2.730048e-04 | loss=0.128469
Epoch 014 | Step 60 | lr=2.730048e-04 | loss=0.127704
Epoch 014 | Step 70 | lr=2.730048e-04 | loss=0.130234
Epoch 014 | Step 80 | lr=2.730048e-04 | loss=0.129036
Epoch 014 | Step 90 | lr=2.730048e-04 | loss=0.123349
Epoch 014 | Step 100 | lr=2.730048e-04 | loss=0.130110
Epoch 014 | Step 110 | lr=2.730048e-04 | loss=0.121622
Epoch 014 | Step 120 | lr=2.730048e-04 | loss=0.126598
Epoch 014 | Step 130 | lr=2.730048e-04 | loss=0.127184
Epoch 014 | Step 140 | lr=2.730048e-04 | loss=0.123431
Epoch 014 | Step 150 | lr=2.730048e-04 | loss=0.127693
Epoch 014 | Step 160 | lr=2.730048e-04 | loss=0.124129
Epoch 014 | Step 170 | lr=2.730048e-04 | loss=0.128212
Epoch 014 | Step 180 | lr=2.730048e-04 | loss=0.126011
Epoch 014 | Step 190 | lr=2.730048e-04 | loss=0.126170
Epoch 014 | Step 200 | lr=2.730048e-04 | loss=0.125041
Epoch 014 | Step 210 | lr=2.730048e-04 | loss=0.133426
Epoch 014 | Step 220 | lr=2.730048e-04 | loss=0.133156
Epoch 014 | Step 230 | lr=2.730048e-04 | loss=0.131511
Epoch 014 | Step 240 | lr=2.730048e-04 | loss=0.125521
Epoch 014 | Step 250 | lr=2.730048e-04 | loss=0.127536
Epoch 014 | Step 260 | lr=2.730048e-04 | loss=0.121049
Epoch 014 | Step 270 | lr=2.730048e-04 | loss=0.126260
Epoch 014 | Step 280 | lr=2.730048e-04 | loss=0.129209
Epoch 014 | Step 290 | lr=2.730048e-04 | loss=0.129111
Epoch 014 | Step 300 | lr=2.730048e-04 | loss=0.125662
Epoch 014 | Step 310 | lr=2.730048e-04 | loss=0.124135
Epoch 014 | Step 320 | lr=2.730048e-04 | loss=0.122426
Epoch 014 | Step 330 | lr=2.730048e-04 | loss=0.125453
Epoch 014 | Step 340 | lr=2.730048e-04 | loss=0.129778
Epoch 014 | Step 350 | lr=2.730048e-04 | loss=0.126571
Epoch 014 | Step 360 | lr=2.730048e-04 | loss=0.129409
Epoch 014 | Step 370 | lr=2.730048e-04 | loss=0.127568
Epoch 014 | Step 380 | lr=2.730048e-04 | loss=0.126801
Epoch 014 | Step 390 | lr=2.730048e-04 | loss=0.130122
Epoch 014 | Step 400 | lr=2.730048e-04 | loss=0.125407
Epoch 014 | Step 410 | lr=2.730048e-04 | loss=0.132743
Epoch 014 | Step 420 | lr=2.730048e-04 | loss=0.133670
Epoch 014 | Step 430 | lr=2.730048e-04 | loss=0.132561
Epoch 014 | Step 440 | lr=2.730048e-04 | loss=0.127677
Epoch 014 | Step 450 | lr=2.730048e-04 | loss=0.125725
Epoch 014 | Step 460 | lr=2.730048e-04 | loss=0.121217
Epoch 014 | Step 470 | lr=2.730048e-04 | loss=0.125506
Epoch 014 | Step 480 | lr=2.730048e-04 | loss=0.123395
Epoch 014 | Step 490 | lr=2.730048e-04 | loss=0.135229
Epoch 014 | Step 500 | lr=2.730048e-04 | loss=0.127295
Epoch 014 | Step 510 | lr=2.730048e-04 | loss=0.126944
Epoch 014 | Step 520 | lr=2.730048e-04 | loss=0.130750
Epoch 014 | Step 530 | lr=2.730048e-04 | loss=0.129558
Epoch 014 | Step 540 | lr=2.730048e-04 | loss=0.124766
Epoch 014 | Step 550 | lr=2.730048e-04 | loss=0.126117
Epoch 014 | Step 560 | lr=2.730048e-04 | loss=0.127996
Epoch 014 | Step 570 | lr=2.730048e-04 | loss=0.128775
Epoch 014 | Step 580 | lr=2.730048e-04 | loss=0.126655
Epoch 014 | Step 590 | lr=2.730048e-04 | loss=0.128750
Epoch 014 | Step 600 | lr=2.730048e-04 | loss=0.126263
Epoch 014 | Step 610 | lr=2.730048e-04 | loss=0.128589
Epoch 014 | Step 620 | lr=2.730048e-04 | loss=0.127380
Epoch 014 | Step 630 | lr=2.730048e-04 | loss=0.128101
Epoch 014 | Step 640 | lr=2.730048e-04 | loss=0.125790
Epoch 014 | Step 650 | lr=2.730048e-04 | loss=0.131511
Epoch 014 | Step 660 | lr=2.730048e-04 | loss=0.128032
Epoch 014 | Step 670 | lr=2.730048e-04 | loss=0.129951
Epoch 014 | Step 680 | lr=2.730048e-04 | loss=0.127981
Epoch 014 | Step 690 | lr=2.730048e-04 | loss=0.127054
Epoch 014 | Step 700 | lr=2.730048e-04 | loss=0.127348
Epoch 014 | Step 710 | lr=2.730048e-04 | loss=0.133682
Epoch 014 | Step 720 | lr=2.730048e-04 | loss=0.127044
Epoch 014 | Step 730 | lr=2.730048e-04 | loss=0.126789
Epoch 014 | Step 740 | lr=2.730048e-04 | loss=0.129272
Epoch 014 | Step 750 | lr=2.730048e-04 | loss=0.127048
Epoch 014 | Step 760 | lr=2.730048e-04 | loss=0.128646
Epoch 014 | Step 770 | lr=2.730048e-04 | loss=0.126710
Epoch 014 | Step 780 | lr=2.730048e-04 | loss=0.125067
Epoch 014 | Step 790 | lr=2.730048e-04 | loss=0.128562
Epoch 014 | Step 800 | lr=2.730048e-04 | loss=0.122278
Epoch 014 | Step 810 | lr=2.730048e-04 | loss=0.126965
Epoch 014 | Step 820 | lr=2.730048e-04 | loss=0.125414
Epoch 014 | Step 830 | lr=2.730048e-04 | loss=0.127003
Epoch 014 | Step 840 | lr=2.730048e-04 | loss=0.130508
Epoch 014 | Step 850 | lr=2.730048e-04 | loss=0.130006
Epoch 014 | Step 860 | lr=2.730048e-04 | loss=0.124511
Epoch 014 | Step 870 | lr=2.730048e-04 | loss=0.129169
Epoch 014 | Step 880 | lr=2.730048e-04 | loss=0.130858
Epoch 014 | Step 890 | lr=2.730048e-04 | loss=0.130418
Epoch 014 | Step 900 | lr=2.730048e-04 | loss=0.129845
Epoch 014 | Step 910 | lr=2.730048e-04 | loss=0.131620
Epoch 014 | Step 920 | lr=2.730048e-04 | loss=0.125033
Epoch 014 | Step 930 | lr=2.730048e-04 | loss=0.133378
Epoch 014 | Step 940 | lr=2.730048e-04 | loss=0.126880
Epoch 014 | Step 950 | lr=2.730048e-04 | loss=0.128821
Epoch 014 | Step 960 | lr=2.730048e-04 | loss=0.125586
epoch 014 | train_kld=0.127561 | val_kld=0.128521 | val_mae=0.002501 | val_mse=0.000075 | ord_acc@10=0.3285 | recall@10=0.8330
Epoch 015 | Step 10 | lr=2.061074e-04 | loss=0.128923
Epoch 015 | Step 20 | lr=2.061074e-04 | loss=0.124455
Epoch 015 | Step 30 | lr=2.061074e-04 | loss=0.123892
Epoch 015 | Step 40 | lr=2.061074e-04 | loss=0.127582
Epoch 015 | Step 50 | lr=2.061074e-04 | loss=0.122358
Epoch 015 | Step 60 | lr=2.061074e-04 | loss=0.116262
Epoch 015 | Step 70 | lr=2.061074e-04 | loss=0.125869
Epoch 015 | Step 80 | lr=2.061074e-04 | loss=0.126504
Epoch 015 | Step 90 | lr=2.061074e-04 | loss=0.123524
Epoch 015 | Step 100 | lr=2.061074e-04 | loss=0.122496
Epoch 015 | Step 110 | lr=2.061074e-04 | loss=0.132075
Epoch 015 | Step 120 | lr=2.061074e-04 | loss=0.126586
Epoch 015 | Step 130 | lr=2.061074e-04 | loss=0.126742
Epoch 015 | Step 140 | lr=2.061074e-04 | loss=0.125569
Epoch 015 | Step 150 | lr=2.061074e-04 | loss=0.120896
Epoch 015 | Step 160 | lr=2.061074e-04 | loss=0.132510
Epoch 015 | Step 170 | lr=2.061074e-04 | loss=0.127239
Epoch 015 | Step 180 | lr=2.061074e-04 | loss=0.124782
Epoch 015 | Step 190 | lr=2.061074e-04 | loss=0.125993
Epoch 015 | Step 200 | lr=2.061074e-04 | loss=0.126292
Epoch 015 | Step 210 | lr=2.061074e-04 | loss=0.123660
Epoch 015 | Step 220 | lr=2.061074e-04 | loss=0.127716
Epoch 015 | Step 230 | lr=2.061074e-04 | loss=0.130298
Epoch 015 | Step 240 | lr=2.061074e-04 | loss=0.125893
Epoch 015 | Step 250 | lr=2.061074e-04 | loss=0.127253
Epoch 015 | Step 260 | lr=2.061074e-04 | loss=0.128082
Epoch 015 | Step 270 | lr=2.061074e-04 | loss=0.122874
Epoch 015 | Step 280 | lr=2.061074e-04 | loss=0.126433
Epoch 015 | Step 290 | lr=2.061074e-04 | loss=0.125711
Epoch 015 | Step 300 | lr=2.061074e-04 | loss=0.123864
Epoch 015 | Step 310 | lr=2.061074e-04 | loss=0.126718
Epoch 015 | Step 320 | lr=2.061074e-04 | loss=0.130144
Epoch 015 | Step 330 | lr=2.061074e-04 | loss=0.133639
Epoch 015 | Step 340 | lr=2.061074e-04 | loss=0.126711
Epoch 015 | Step 350 | lr=2.061074e-04 | loss=0.125628
Epoch 015 | Step 360 | lr=2.061074e-04 | loss=0.130635
Epoch 015 | Step 370 | lr=2.061074e-04 | loss=0.121405
Epoch 015 | Step 380 | lr=2.061074e-04 | loss=0.129788
Epoch 015 | Step 390 | lr=2.061074e-04 | loss=0.129230
Epoch 015 | Step 400 | lr=2.061074e-04 | loss=0.127720
Epoch 015 | Step 410 | lr=2.061074e-04 | loss=0.129236
Epoch 015 | Step 420 | lr=2.061074e-04 | loss=0.124344
Epoch 015 | Step 430 | lr=2.061074e-04 | loss=0.122823
Epoch 015 | Step 440 | lr=2.061074e-04 | loss=0.128098
Epoch 015 | Step 450 | lr=2.061074e-04 | loss=0.122705
Epoch 015 | Step 460 | lr=2.061074e-04 | loss=0.126298
Epoch 015 | Step 470 | lr=2.061074e-04 | loss=0.127617
Epoch 015 | Step 480 | lr=2.061074e-04 | loss=0.126510
Epoch 015 | Step 490 | lr=2.061074e-04 | loss=0.125327
Epoch 015 | Step 500 | lr=2.061074e-04 | loss=0.127473
Epoch 015 | Step 510 | lr=2.061074e-04 | loss=0.124122
Epoch 015 | Step 520 | lr=2.061074e-04 | loss=0.125896
Epoch 015 | Step 530 | lr=2.061074e-04 | loss=0.126244
Epoch 015 | Step 540 | lr=2.061074e-04 | loss=0.129733
Epoch 015 | Step 550 | lr=2.061074e-04 | loss=0.120661
Epoch 015 | Step 560 | lr=2.061074e-04 | loss=0.132409
Epoch 015 | Step 570 | lr=2.061074e-04 | loss=0.124663
Epoch 015 | Step 580 | lr=2.061074e-04 | loss=0.125764
Epoch 015 | Step 590 | lr=2.061074e-04 | loss=0.127244
Epoch 015 | Step 600 | lr=2.061074e-04 | loss=0.122026
Epoch 015 | Step 610 | lr=2.061074e-04 | loss=0.125108
Epoch 015 | Step 620 | lr=2.061074e-04 | loss=0.128454
Epoch 015 | Step 630 | lr=2.061074e-04 | loss=0.125707
Epoch 015 | Step 640 | lr=2.061074e-04 | loss=0.119097
Epoch 015 | Step 650 | lr=2.061074e-04 | loss=0.124462
Epoch 015 | Step 660 | lr=2.061074e-04 | loss=0.128956
Epoch 015 | Step 670 | lr=2.061074e-04 | loss=0.130982
Epoch 015 | Step 680 | lr=2.061074e-04 | loss=0.124148
Epoch 015 | Step 690 | lr=2.061074e-04 | loss=0.122211
Epoch 015 | Step 700 | lr=2.061074e-04 | loss=0.127151
Epoch 015 | Step 710 | lr=2.061074e-04 | loss=0.126522
Epoch 015 | Step 720 | lr=2.061074e-04 | loss=0.127563
Epoch 015 | Step 730 | lr=2.061074e-04 | loss=0.126643
Epoch 015 | Step 740 | lr=2.061074e-04 | loss=0.124961
Epoch 015 | Step 750 | lr=2.061074e-04 | loss=0.128820
Epoch 015 | Step 760 | lr=2.061074e-04 | loss=0.128076
Epoch 015 | Step 770 | lr=2.061074e-04 | loss=0.126416
Epoch 015 | Step 780 | lr=2.061074e-04 | loss=0.119993
Epoch 015 | Step 790 | lr=2.061074e-04 | loss=0.127587
Epoch 015 | Step 800 | lr=2.061074e-04 | loss=0.119508
Epoch 015 | Step 810 | lr=2.061074e-04 | loss=0.132036
Epoch 015 | Step 820 | lr=2.061074e-04 | loss=0.128932
Epoch 015 | Step 830 | lr=2.061074e-04 | loss=0.118609
Epoch 015 | Step 840 | lr=2.061074e-04 | loss=0.128661
Epoch 015 | Step 850 | lr=2.061074e-04 | loss=0.124916
Epoch 015 | Step 860 | lr=2.061074e-04 | loss=0.129086
Epoch 015 | Step 870 | lr=2.061074e-04 | loss=0.127988
Epoch 015 | Step 880 | lr=2.061074e-04 | loss=0.122489
Epoch 015 | Step 890 | lr=2.061074e-04 | loss=0.123366
Epoch 015 | Step 900 | lr=2.061074e-04 | loss=0.129024
Epoch 015 | Step 910 | lr=2.061074e-04 | loss=0.127894
Epoch 015 | Step 920 | lr=2.061074e-04 | loss=0.127648
Epoch 015 | Step 930 | lr=2.061074e-04 | loss=0.118474
Epoch 015 | Step 940 | lr=2.061074e-04 | loss=0.127442
Epoch 015 | Step 950 | lr=2.061074e-04 | loss=0.127304
Epoch 015 | Step 960 | lr=2.061074e-04 | loss=0.134229
epoch 015 | train_kld=0.126041 | val_kld=0.128431 | val_mae=0.002510 | val_mse=0.000075 | ord_acc@10=0.3251 | recall@10=0.8336
Epoch 016 | Step 10 | lr=1.464466e-04 | loss=0.124010
Epoch 016 | Step 20 | lr=1.464466e-04 | loss=0.122364
Epoch 016 | Step 30 | lr=1.464466e-04 | loss=0.126056
Epoch 016 | Step 40 | lr=1.464466e-04 | loss=0.124705
Epoch 016 | Step 50 | lr=1.464466e-04 | loss=0.125318
Epoch 016 | Step 60 | lr=1.464466e-04 | loss=0.124214
Epoch 016 | Step 70 | lr=1.464466e-04 | loss=0.127356
Epoch 016 | Step 80 | lr=1.464466e-04 | loss=0.126916
Epoch 016 | Step 90 | lr=1.464466e-04 | loss=0.127018
Epoch 016 | Step 100 | lr=1.464466e-04 | loss=0.123868
Epoch 016 | Step 110 | lr=1.464466e-04 | loss=0.127575
Epoch 016 | Step 120 | lr=1.464466e-04 | loss=0.122067
Epoch 016 | Step 130 | lr=1.464466e-04 | loss=0.119930
Epoch 016 | Step 140 | lr=1.464466e-04 | loss=0.123583
Epoch 016 | Step 150 | lr=1.464466e-04 | loss=0.129335
Epoch 016 | Step 160 | lr=1.464466e-04 | loss=0.120577
Epoch 016 | Step 170 | lr=1.464466e-04 | loss=0.122852
Epoch 016 | Step 180 | lr=1.464466e-04 | loss=0.123844
Epoch 016 | Step 190 | lr=1.464466e-04 | loss=0.122895
Epoch 016 | Step 200 | lr=1.464466e-04 | loss=0.122113
Epoch 016 | Step 210 | lr=1.464466e-04 | loss=0.123924
Epoch 016 | Step 220 | lr=1.464466e-04 | loss=0.126180
Epoch 016 | Step 230 | lr=1.464466e-04 | loss=0.126643
Epoch 016 | Step 240 | lr=1.464466e-04 | loss=0.125624
Epoch 016 | Step 250 | lr=1.464466e-04 | loss=0.124670
Epoch 016 | Step 260 | lr=1.464466e-04 | loss=0.121267
Epoch 016 | Step 270 | lr=1.464466e-04 | loss=0.126644
Epoch 016 | Step 280 | lr=1.464466e-04 | loss=0.126072
Epoch 016 | Step 290 | lr=1.464466e-04 | loss=0.124349
Epoch 016 | Step 300 | lr=1.464466e-04 | loss=0.121870
Epoch 016 | Step 310 | lr=1.464466e-04 | loss=0.124688
Epoch 016 | Step 320 | lr=1.464466e-04 | loss=0.127771
Epoch 016 | Step 330 | lr=1.464466e-04 | loss=0.122781
Epoch 016 | Step 340 | lr=1.464466e-04 | loss=0.126564
Epoch 016 | Step 350 | lr=1.464466e-04 | loss=0.124582
Epoch 016 | Step 360 | lr=1.464466e-04 | loss=0.121378
Epoch 016 | Step 370 | lr=1.464466e-04 | loss=0.126726
Epoch 016 | Step 380 | lr=1.464466e-04 | loss=0.124733
Epoch 016 | Step 390 | lr=1.464466e-04 | loss=0.129280
Epoch 016 | Step 400 | lr=1.464466e-04 | loss=0.126717
Epoch 016 | Step 410 | lr=1.464466e-04 | loss=0.127111
Epoch 016 | Step 420 | lr=1.464466e-04 | loss=0.125536
Epoch 016 | Step 430 | lr=1.464466e-04 | loss=0.126291
Epoch 016 | Step 440 | lr=1.464466e-04 | loss=0.125401
Epoch 016 | Step 450 | lr=1.464466e-04 | loss=0.125382
Epoch 016 | Step 460 | lr=1.464466e-04 | loss=0.122033
Epoch 016 | Step 470 | lr=1.464466e-04 | loss=0.130150
Epoch 016 | Step 480 | lr=1.464466e-04 | loss=0.126595
Epoch 016 | Step 490 | lr=1.464466e-04 | loss=0.127654
Epoch 016 | Step 500 | lr=1.464466e-04 | loss=0.121394
Epoch 016 | Step 510 | lr=1.464466e-04 | loss=0.129770
Epoch 016 | Step 520 | lr=1.464466e-04 | loss=0.122045
Epoch 016 | Step 530 | lr=1.464466e-04 | loss=0.123024
Epoch 016 | Step 540 | lr=1.464466e-04 | loss=0.126433
Epoch 016 | Step 550 | lr=1.464466e-04 | loss=0.122653
Epoch 016 | Step 560 | lr=1.464466e-04 | loss=0.123902
Epoch 016 | Step 570 | lr=1.464466e-04 | loss=0.124645
Epoch 016 | Step 580 | lr=1.464466e-04 | loss=0.130627
Epoch 016 | Step 590 | lr=1.464466e-04 | loss=0.122723
Epoch 016 | Step 600 | lr=1.464466e-04 | loss=0.122161
Epoch 016 | Step 610 | lr=1.464466e-04 | loss=0.123942
Epoch 016 | Step 620 | lr=1.464466e-04 | loss=0.125277
Epoch 016 | Step 630 | lr=1.464466e-04 | loss=0.127090
Epoch 016 | Step 640 | lr=1.464466e-04 | loss=0.126438
Epoch 016 | Step 650 | lr=1.464466e-04 | loss=0.130056
Epoch 016 | Step 660 | lr=1.464466e-04 | loss=0.122156
Epoch 016 | Step 670 | lr=1.464466e-04 | loss=0.124577
Epoch 016 | Step 680 | lr=1.464466e-04 | loss=0.129448
Epoch 016 | Step 690 | lr=1.464466e-04 | loss=0.128551
Epoch 016 | Step 700 | lr=1.464466e-04 | loss=0.125437
Epoch 016 | Step 710 | lr=1.464466e-04 | loss=0.121536
Epoch 016 | Step 720 | lr=1.464466e-04 | loss=0.127418
Epoch 016 | Step 730 | lr=1.464466e-04 | loss=0.126606
Epoch 016 | Step 740 | lr=1.464466e-04 | loss=0.126809
Epoch 016 | Step 750 | lr=1.464466e-04 | loss=0.123199
Epoch 016 | Step 760 | lr=1.464466e-04 | loss=0.125603
Epoch 016 | Step 770 | lr=1.464466e-04 | loss=0.120869
Epoch 016 | Step 780 | lr=1.464466e-04 | loss=0.127566
Epoch 016 | Step 790 | lr=1.464466e-04 | loss=0.126124
Epoch 016 | Step 800 | lr=1.464466e-04 | loss=0.121543
Epoch 016 | Step 810 | lr=1.464466e-04 | loss=0.130920
Epoch 016 | Step 820 | lr=1.464466e-04 | loss=0.129113
Epoch 016 | Step 830 | lr=1.464466e-04 | loss=0.121718
Epoch 016 | Step 840 | lr=1.464466e-04 | loss=0.124212
Epoch 016 | Step 850 | lr=1.464466e-04 | loss=0.121949
Epoch 016 | Step 860 | lr=1.464466e-04 | loss=0.121282
Epoch 016 | Step 870 | lr=1.464466e-04 | loss=0.123363
Epoch 016 | Step 880 | lr=1.464466e-04 | loss=0.122586
Epoch 016 | Step 890 | lr=1.464466e-04 | loss=0.119805
Epoch 016 | Step 900 | lr=1.464466e-04 | loss=0.121747
Epoch 016 | Step 910 | lr=1.464466e-04 | loss=0.131506
Epoch 016 | Step 920 | lr=1.464466e-04 | loss=0.124124
Epoch 016 | Step 930 | lr=1.464466e-04 | loss=0.125320
Epoch 016 | Step 940 | lr=1.464466e-04 | loss=0.126347
Epoch 016 | Step 950 | lr=1.464466e-04 | loss=0.131267
Epoch 016 | Step 960 | lr=1.464466e-04 | loss=0.131733
epoch 016 | train_kld=0.124680 | val_kld=0.127275 | val_mae=0.002482 | val_mse=0.000074 | ord_acc@10=0.3298 | recall@10=0.8339
Epoch 017 | Step 10 | lr=9.549150e-05 | loss=0.119412
Epoch 017 | Step 20 | lr=9.549150e-05 | loss=0.121219
Epoch 017 | Step 30 | lr=9.549150e-05 | loss=0.127212
Epoch 017 | Step 40 | lr=9.549150e-05 | loss=0.126660
Epoch 017 | Step 50 | lr=9.549150e-05 | loss=0.120067
Epoch 017 | Step 60 | lr=9.549150e-05 | loss=0.123074
Epoch 017 | Step 70 | lr=9.549150e-05 | loss=0.120325
Epoch 017 | Step 80 | lr=9.549150e-05 | loss=0.123585
Epoch 017 | Step 90 | lr=9.549150e-05 | loss=0.120881
Epoch 017 | Step 100 | lr=9.549150e-05 | loss=0.123296
Epoch 017 | Step 110 | lr=9.549150e-05 | loss=0.120838
Epoch 017 | Step 120 | lr=9.549150e-05 | loss=0.126072
Epoch 017 | Step 130 | lr=9.549150e-05 | loss=0.115571
Epoch 017 | Step 140 | lr=9.549150e-05 | loss=0.125740
Epoch 017 | Step 150 | lr=9.549150e-05 | loss=0.128789
Epoch 017 | Step 160 | lr=9.549150e-05 | loss=0.121905
Epoch 017 | Step 170 | lr=9.549150e-05 | loss=0.123804
Epoch 017 | Step 180 | lr=9.549150e-05 | loss=0.121559
Epoch 017 | Step 190 | lr=9.549150e-05 | loss=0.120379
Epoch 017 | Step 200 | lr=9.549150e-05 | loss=0.123357
Epoch 017 | Step 210 | lr=9.549150e-05 | loss=0.117346
Epoch 017 | Step 220 | lr=9.549150e-05 | loss=0.124273
Epoch 017 | Step 230 | lr=9.549150e-05 | loss=0.121667
Epoch 017 | Step 240 | lr=9.549150e-05 | loss=0.124610
Epoch 017 | Step 250 | lr=9.549150e-05 | loss=0.125659
Epoch 017 | Step 260 | lr=9.549150e-05 | loss=0.125158
Epoch 017 | Step 270 | lr=9.549150e-05 | loss=0.119433
Epoch 017 | Step 280 | lr=9.549150e-05 | loss=0.126555
Epoch 017 | Step 290 | lr=9.549150e-05 | loss=0.115839
Epoch 017 | Step 300 | lr=9.549150e-05 | loss=0.126758
Epoch 017 | Step 310 | lr=9.549150e-05 | loss=0.122748
Epoch 017 | Step 320 | lr=9.549150e-05 | loss=0.126188
Epoch 017 | Step 330 | lr=9.549150e-05 | loss=0.126846
Epoch 017 | Step 340 | lr=9.549150e-05 | loss=0.123099
Epoch 017 | Step 350 | lr=9.549150e-05 | loss=0.124128
Epoch 017 | Step 360 | lr=9.549150e-05 | loss=0.124268
Epoch 017 | Step 370 | lr=9.549150e-05 | loss=0.126364
Epoch 017 | Step 380 | lr=9.549150e-05 | loss=0.122812
Epoch 017 | Step 390 | lr=9.549150e-05 | loss=0.121740
Epoch 017 | Step 400 | lr=9.549150e-05 | loss=0.118983
Epoch 017 | Step 410 | lr=9.549150e-05 | loss=0.123147
Epoch 017 | Step 420 | lr=9.549150e-05 | loss=0.125583
Epoch 017 | Step 430 | lr=9.549150e-05 | loss=0.127082
Epoch 017 | Step 440 | lr=9.549150e-05 | loss=0.127671
Epoch 017 | Step 450 | lr=9.549150e-05 | loss=0.124798
Epoch 017 | Step 460 | lr=9.549150e-05 | loss=0.119192
Epoch 017 | Step 470 | lr=9.549150e-05 | loss=0.120307
Epoch 017 | Step 480 | lr=9.549150e-05 | loss=0.123163
Epoch 017 | Step 490 | lr=9.549150e-05 | loss=0.121170
Epoch 017 | Step 500 | lr=9.549150e-05 | loss=0.127260
Epoch 017 | Step 510 | lr=9.549150e-05 | loss=0.121189
Epoch 017 | Step 520 | lr=9.549150e-05 | loss=0.121621
Epoch 017 | Step 530 | lr=9.549150e-05 | loss=0.126226
Epoch 017 | Step 540 | lr=9.549150e-05 | loss=0.121119
Epoch 017 | Step 550 | lr=9.549150e-05 | loss=0.122471
Epoch 017 | Step 560 | lr=9.549150e-05 | loss=0.122354
Epoch 017 | Step 570 | lr=9.549150e-05 | loss=0.127370
Epoch 017 | Step 580 | lr=9.549150e-05 | loss=0.116729
Epoch 017 | Step 590 | lr=9.549150e-05 | loss=0.126247
Epoch 017 | Step 600 | lr=9.549150e-05 | loss=0.120353
Epoch 017 | Step 610 | lr=9.549150e-05 | loss=0.125549
Epoch 017 | Step 620 | lr=9.549150e-05 | loss=0.121636
Epoch 017 | Step 630 | lr=9.549150e-05 | loss=0.129243
Epoch 017 | Step 640 | lr=9.549150e-05 | loss=0.124588
Epoch 017 | Step 650 | lr=9.549150e-05 | loss=0.123912
Epoch 017 | Step 660 | lr=9.549150e-05 | loss=0.117026
Epoch 017 | Step 670 | lr=9.549150e-05 | loss=0.121126
Epoch 017 | Step 680 | lr=9.549150e-05 | loss=0.129298
Epoch 017 | Step 690 | lr=9.549150e-05 | loss=0.127779
Epoch 017 | Step 700 | lr=9.549150e-05 | loss=0.128884
Epoch 017 | Step 710 | lr=9.549150e-05 | loss=0.125884
Epoch 017 | Step 720 | lr=9.549150e-05 | loss=0.118330
Epoch 017 | Step 730 | lr=9.549150e-05 | loss=0.122708
Epoch 017 | Step 740 | lr=9.549150e-05 | loss=0.124606
Epoch 017 | Step 750 | lr=9.549150e-05 | loss=0.125395
Epoch 017 | Step 760 | lr=9.549150e-05 | loss=0.124986
Epoch 017 | Step 770 | lr=9.549150e-05 | loss=0.124021
Epoch 017 | Step 780 | lr=9.549150e-05 | loss=0.126370
Epoch 017 | Step 790 | lr=9.549150e-05 | loss=0.122945
Epoch 017 | Step 800 | lr=9.549150e-05 | loss=0.125025
Epoch 017 | Step 810 | lr=9.549150e-05 | loss=0.128902
Epoch 017 | Step 820 | lr=9.549150e-05 | loss=0.125451
Epoch 017 | Step 830 | lr=9.549150e-05 | loss=0.128396
Epoch 017 | Step 840 | lr=9.549150e-05 | loss=0.124080
Epoch 017 | Step 850 | lr=9.549150e-05 | loss=0.126127
Epoch 017 | Step 860 | lr=9.549150e-05 | loss=0.126253
Epoch 017 | Step 870 | lr=9.549150e-05 | loss=0.127436
Epoch 017 | Step 880 | lr=9.549150e-05 | loss=0.123138
Epoch 017 | Step 890 | lr=9.549150e-05 | loss=0.127833
Epoch 017 | Step 900 | lr=9.549150e-05 | loss=0.122168
Epoch 017 | Step 910 | lr=9.549150e-05 | loss=0.123549
Epoch 017 | Step 920 | lr=9.549150e-05 | loss=0.119231
Epoch 017 | Step 930 | lr=9.549150e-05 | loss=0.127044
Epoch 017 | Step 940 | lr=9.549150e-05 | loss=0.127096
Epoch 017 | Step 950 | lr=9.549150e-05 | loss=0.126352
Epoch 017 | Step 960 | lr=9.549150e-05 | loss=0.123945
epoch 017 | train_kld=0.123557 | val_kld=0.126772 | val_mae=0.002472 | val_mse=0.000073 | ord_acc@10=0.3300 | recall@10=0.8334
Epoch 018 | Step 10 | lr=5.449674e-05 | loss=0.119491
Epoch 018 | Step 20 | lr=5.449674e-05 | loss=0.124100
Epoch 018 | Step 30 | lr=5.449674e-05 | loss=0.122029
Epoch 018 | Step 40 | lr=5.449674e-05 | loss=0.123953
Epoch 018 | Step 50 | lr=5.449674e-05 | loss=0.117205
Epoch 018 | Step 60 | lr=5.449674e-05 | loss=0.121686
Epoch 018 | Step 70 | lr=5.449674e-05 | loss=0.116949
Epoch 018 | Step 80 | lr=5.449674e-05 | loss=0.120381
Epoch 018 | Step 90 | lr=5.449674e-05 | loss=0.120311
Epoch 018 | Step 100 | lr=5.449674e-05 | loss=0.121253
Epoch 018 | Step 110 | lr=5.449674e-05 | loss=0.122761
Epoch 018 | Step 120 | lr=5.449674e-05 | loss=0.122680
Epoch 018 | Step 130 | lr=5.449674e-05 | loss=0.121329
Epoch 018 | Step 140 | lr=5.449674e-05 | loss=0.124581
Epoch 018 | Step 150 | lr=5.449674e-05 | loss=0.120927
Epoch 018 | Step 160 | lr=5.449674e-05 | loss=0.116700
Epoch 018 | Step 170 | lr=5.449674e-05 | loss=0.115929
Epoch 018 | Step 180 | lr=5.449674e-05 | loss=0.122658
Epoch 018 | Step 190 | lr=5.449674e-05 | loss=0.117250
Epoch 018 | Step 200 | lr=5.449674e-05 | loss=0.123156
Epoch 018 | Step 210 | lr=5.449674e-05 | loss=0.124279
Epoch 018 | Step 220 | lr=5.449674e-05 | loss=0.122781
Epoch 018 | Step 230 | lr=5.449674e-05 | loss=0.122294
Epoch 018 | Step 240 | lr=5.449674e-05 | loss=0.122532
Epoch 018 | Step 250 | lr=5.449674e-05 | loss=0.127255
Epoch 018 | Step 260 | lr=5.449674e-05 | loss=0.127071
Epoch 018 | Step 270 | lr=5.449674e-05 | loss=0.118542
Epoch 018 | Step 280 | lr=5.449674e-05 | loss=0.117648
Epoch 018 | Step 290 | lr=5.449674e-05 | loss=0.117328
Epoch 018 | Step 300 | lr=5.449674e-05 | loss=0.124499
Epoch 018 | Step 310 | lr=5.449674e-05 | loss=0.126351
Epoch 018 | Step 320 | lr=5.449674e-05 | loss=0.118644
Epoch 018 | Step 330 | lr=5.449674e-05 | loss=0.124465
Epoch 018 | Step 340 | lr=5.449674e-05 | loss=0.123979
Epoch 018 | Step 350 | lr=5.449674e-05 | loss=0.123113
Epoch 018 | Step 360 | lr=5.449674e-05 | loss=0.126894
Epoch 018 | Step 370 | lr=5.449674e-05 | loss=0.120134
Epoch 018 | Step 380 | lr=5.449674e-05 | loss=0.122023
Epoch 018 | Step 390 | lr=5.449674e-05 | loss=0.126757
Epoch 018 | Step 400 | lr=5.449674e-05 | loss=0.124803
Epoch 018 | Step 410 | lr=5.449674e-05 | loss=0.120761
Epoch 018 | Step 420 | lr=5.449674e-05 | loss=0.122241
Epoch 018 | Step 430 | lr=5.449674e-05 | loss=0.117619
Epoch 018 | Step 440 | lr=5.449674e-05 | loss=0.124116
Epoch 018 | Step 450 | lr=5.449674e-05 | loss=0.126481
Epoch 018 | Step 460 | lr=5.449674e-05 | loss=0.128848
Epoch 018 | Step 470 | lr=5.449674e-05 | loss=0.116027
Epoch 018 | Step 480 | lr=5.449674e-05 | loss=0.125323
Epoch 018 | Step 490 | lr=5.449674e-05 | loss=0.120549
Epoch 018 | Step 500 | lr=5.449674e-05 | loss=0.127035
Epoch 018 | Step 510 | lr=5.449674e-05 | loss=0.126895
Epoch 018 | Step 520 | lr=5.449674e-05 | loss=0.121319
Epoch 018 | Step 530 | lr=5.449674e-05 | loss=0.120882
Epoch 018 | Step 540 | lr=5.449674e-05 | loss=0.123910
Epoch 018 | Step 550 | lr=5.449674e-05 | loss=0.123273
Epoch 018 | Step 560 | lr=5.449674e-05 | loss=0.123657
Epoch 018 | Step 570 | lr=5.449674e-05 | loss=0.120016
Epoch 018 | Step 580 | lr=5.449674e-05 | loss=0.124359
Epoch 018 | Step 590 | lr=5.449674e-05 | loss=0.123344
Epoch 018 | Step 600 | lr=5.449674e-05 | loss=0.121800
Epoch 018 | Step 610 | lr=5.449674e-05 | loss=0.120003
Epoch 018 | Step 620 | lr=5.449674e-05 | loss=0.129014
Epoch 018 | Step 630 | lr=5.449674e-05 | loss=0.116975
Epoch 018 | Step 640 | lr=5.449674e-05 | loss=0.125368
Epoch 018 | Step 650 | lr=5.449674e-05 | loss=0.123317
Epoch 018 | Step 660 | lr=5.449674e-05 | loss=0.125120
Epoch 018 | Step 670 | lr=5.449674e-05 | loss=0.125832
Epoch 018 | Step 680 | lr=5.449674e-05 | loss=0.121636
Epoch 018 | Step 690 | lr=5.449674e-05 | loss=0.126546
Epoch 018 | Step 700 | lr=5.449674e-05 | loss=0.120741
Epoch 018 | Step 710 | lr=5.449674e-05 | loss=0.127649
Epoch 018 | Step 720 | lr=5.449674e-05 | loss=0.122261
Epoch 018 | Step 730 | lr=5.449674e-05 | loss=0.124797
Epoch 018 | Step 740 | lr=5.449674e-05 | loss=0.123914
Epoch 018 | Step 750 | lr=5.449674e-05 | loss=0.129589
Epoch 018 | Step 760 | lr=5.449674e-05 | loss=0.120991
Epoch 018 | Step 770 | lr=5.449674e-05 | loss=0.123858
Epoch 018 | Step 780 | lr=5.449674e-05 | loss=0.119099
Epoch 018 | Step 790 | lr=5.449674e-05 | loss=0.124416
Epoch 018 | Step 800 | lr=5.449674e-05 | loss=0.113979
Epoch 018 | Step 810 | lr=5.449674e-05 | loss=0.126039
Epoch 018 | Step 820 | lr=5.449674e-05 | loss=0.123779
Epoch 018 | Step 830 | lr=5.449674e-05 | loss=0.119257
Epoch 018 | Step 840 | lr=5.449674e-05 | loss=0.123821
Epoch 018 | Step 850 | lr=5.449674e-05 | loss=0.121797
Epoch 018 | Step 860 | lr=5.449674e-05 | loss=0.126248
Epoch 018 | Step 870 | lr=5.449674e-05 | loss=0.122205
Epoch 018 | Step 880 | lr=5.449674e-05 | loss=0.111877
Epoch 018 | Step 890 | lr=5.449674e-05 | loss=0.122515
Epoch 018 | Step 900 | lr=5.449674e-05 | loss=0.122027
Epoch 018 | Step 910 | lr=5.449674e-05 | loss=0.122139
Epoch 018 | Step 920 | lr=5.449674e-05 | loss=0.124195
Epoch 018 | Step 930 | lr=5.449674e-05 | loss=0.129698
Epoch 018 | Step 940 | lr=5.449674e-05 | loss=0.120172
Epoch 018 | Step 950 | lr=5.449674e-05 | loss=0.116133
Epoch 018 | Step 960 | lr=5.449674e-05 | loss=0.126830
epoch 018 | train_kld=0.122672 | val_kld=0.125970 | val_mae=0.002457 | val_mse=0.000072 | ord_acc@10=0.3319 | recall@10=0.8340
Epoch 019 | Step 10 | lr=2.447174e-05 | loss=0.113510
Epoch 019 | Step 20 | lr=2.447174e-05 | loss=0.125044
Epoch 019 | Step 30 | lr=2.447174e-05 | loss=0.122972
Epoch 019 | Step 40 | lr=2.447174e-05 | loss=0.124930
Epoch 019 | Step 50 | lr=2.447174e-05 | loss=0.118055
Epoch 019 | Step 60 | lr=2.447174e-05 | loss=0.123008
Epoch 019 | Step 70 | lr=2.447174e-05 | loss=0.116706
Epoch 019 | Step 80 | lr=2.447174e-05 | loss=0.120842
Epoch 019 | Step 90 | lr=2.447174e-05 | loss=0.121512
Epoch 019 | Step 100 | lr=2.447174e-05 | loss=0.117402
Epoch 019 | Step 110 | lr=2.447174e-05 | loss=0.125148
Epoch 019 | Step 120 | lr=2.447174e-05 | loss=0.120805
Epoch 019 | Step 130 | lr=2.447174e-05 | loss=0.123274
Epoch 019 | Step 140 | lr=2.447174e-05 | loss=0.123205
Epoch 019 | Step 150 | lr=2.447174e-05 | loss=0.116118
Epoch 019 | Step 160 | lr=2.447174e-05 | loss=0.119170
Epoch 019 | Step 170 | lr=2.447174e-05 | loss=0.119297
Epoch 019 | Step 180 | lr=2.447174e-05 | loss=0.120870
Epoch 019 | Step 190 | lr=2.447174e-05 | loss=0.117344
Epoch 019 | Step 200 | lr=2.447174e-05 | loss=0.125695
Epoch 019 | Step 210 | lr=2.447174e-05 | loss=0.124530
Epoch 019 | Step 220 | lr=2.447174e-05 | loss=0.128009
Epoch 019 | Step 230 | lr=2.447174e-05 | loss=0.124201
Epoch 019 | Step 240 | lr=2.447174e-05 | loss=0.115454
Epoch 019 | Step 250 | lr=2.447174e-05 | loss=0.119820
Epoch 019 | Step 260 | lr=2.447174e-05 | loss=0.124386
Epoch 019 | Step 270 | lr=2.447174e-05 | loss=0.126920
Epoch 019 | Step 280 | lr=2.447174e-05 | loss=0.125280
Epoch 019 | Step 290 | lr=2.447174e-05 | loss=0.125894
Epoch 019 | Step 300 | lr=2.447174e-05 | loss=0.122630
Epoch 019 | Step 310 | lr=2.447174e-05 | loss=0.124570
Epoch 019 | Step 320 | lr=2.447174e-05 | loss=0.122751
Epoch 019 | Step 330 | lr=2.447174e-05 | loss=0.119356
Epoch 019 | Step 340 | lr=2.447174e-05 | loss=0.124510
Epoch 019 | Step 350 | lr=2.447174e-05 | loss=0.119778
Epoch 019 | Step 360 | lr=2.447174e-05 | loss=0.125565
Epoch 019 | Step 370 | lr=2.447174e-05 | loss=0.124133
Epoch 019 | Step 380 | lr=2.447174e-05 | loss=0.122211
Epoch 019 | Step 390 | lr=2.447174e-05 | loss=0.124213
Epoch 019 | Step 400 | lr=2.447174e-05 | loss=0.120743
Epoch 019 | Step 410 | lr=2.447174e-05 | loss=0.120622
Epoch 019 | Step 420 | lr=2.447174e-05 | loss=0.119889
Epoch 019 | Step 430 | lr=2.447174e-05 | loss=0.126031
Epoch 019 | Step 440 | lr=2.447174e-05 | loss=0.126821
Epoch 019 | Step 450 | lr=2.447174e-05 | loss=0.124455
Epoch 019 | Step 460 | lr=2.447174e-05 | loss=0.127142
Epoch 019 | Step 470 | lr=2.447174e-05 | loss=0.121693
Epoch 019 | Step 480 | lr=2.447174e-05 | loss=0.121281
Epoch 019 | Step 490 | lr=2.447174e-05 | loss=0.125610
Epoch 019 | Step 500 | lr=2.447174e-05 | loss=0.123539
Epoch 019 | Step 510 | lr=2.447174e-05 | loss=0.122082
Epoch 019 | Step 520 | lr=2.447174e-05 | loss=0.118423
Epoch 019 | Step 530 | lr=2.447174e-05 | loss=0.119464
Epoch 019 | Step 540 | lr=2.447174e-05 | loss=0.119004
Epoch 019 | Step 550 | lr=2.447174e-05 | loss=0.124113
Epoch 019 | Step 560 | lr=2.447174e-05 | loss=0.122154
Epoch 019 | Step 570 | lr=2.447174e-05 | loss=0.125122
Epoch 019 | Step 580 | lr=2.447174e-05 | loss=0.123975
Epoch 019 | Step 590 | lr=2.447174e-05 | loss=0.120744
Epoch 019 | Step 600 | lr=2.447174e-05 | loss=0.122536
Epoch 019 | Step 610 | lr=2.447174e-05 | loss=0.124842
Epoch 019 | Step 620 | lr=2.447174e-05 | loss=0.116185
Epoch 019 | Step 630 | lr=2.447174e-05 | loss=0.123395
Epoch 019 | Step 640 | lr=2.447174e-05 | loss=0.120801
Epoch 019 | Step 650 | lr=2.447174e-05 | loss=0.117628
Epoch 019 | Step 660 | lr=2.447174e-05 | loss=0.120640
Epoch 019 | Step 670 | lr=2.447174e-05 | loss=0.119348
Epoch 019 | Step 680 | lr=2.447174e-05 | loss=0.119146
Epoch 019 | Step 690 | lr=2.447174e-05 | loss=0.123697
Epoch 019 | Step 700 | lr=2.447174e-05 | loss=0.123624
Epoch 019 | Step 710 | lr=2.447174e-05 | loss=0.120701
Epoch 019 | Step 720 | lr=2.447174e-05 | loss=0.120784
Epoch 019 | Step 730 | lr=2.447174e-05 | loss=0.128794
Epoch 019 | Step 740 | lr=2.447174e-05 | loss=0.118058
Epoch 019 | Step 750 | lr=2.447174e-05 | loss=0.122805
Epoch 019 | Step 760 | lr=2.447174e-05 | loss=0.121631
Epoch 019 | Step 770 | lr=2.447174e-05 | loss=0.117105
Epoch 019 | Step 780 | lr=2.447174e-05 | loss=0.120954
Epoch 019 | Step 790 | lr=2.447174e-05 | loss=0.126066
Epoch 019 | Step 800 | lr=2.447174e-05 | loss=0.117121
Epoch 019 | Step 810 | lr=2.447174e-05 | loss=0.122876
Epoch 019 | Step 820 | lr=2.447174e-05 | loss=0.120056
Epoch 019 | Step 830 | lr=2.447174e-05 | loss=0.122970
Epoch 019 | Step 840 | lr=2.447174e-05 | loss=0.117994
Epoch 019 | Step 850 | lr=2.447174e-05 | loss=0.122717
Epoch 019 | Step 860 | lr=2.447174e-05 | loss=0.125219
Epoch 019 | Step 870 | lr=2.447174e-05 | loss=0.127297
Epoch 019 | Step 880 | lr=2.447174e-05 | loss=0.119221
Epoch 019 | Step 890 | lr=2.447174e-05 | loss=0.120199
Epoch 019 | Step 900 | lr=2.447174e-05 | loss=0.117859
Epoch 019 | Step 910 | lr=2.447174e-05 | loss=0.122440
Epoch 019 | Step 920 | lr=2.447174e-05 | loss=0.122433
Epoch 019 | Step 930 | lr=2.447174e-05 | loss=0.128361
Epoch 019 | Step 940 | lr=2.447174e-05 | loss=0.122906
Epoch 019 | Step 950 | lr=2.447174e-05 | loss=0.122190
Epoch 019 | Step 960 | lr=2.447174e-05 | loss=0.117777
epoch 019 | train_kld=0.122013 | val_kld=0.125763 | val_mae=0.002458 | val_mse=0.000071 | ord_acc@10=0.3322 | recall@10=0.8341
Epoch 020 | Step 10 | lr=6.155830e-06 | loss=0.122863
Epoch 020 | Step 20 | lr=6.155830e-06 | loss=0.123902
Epoch 020 | Step 30 | lr=6.155830e-06 | loss=0.126029
Epoch 020 | Step 40 | lr=6.155830e-06 | loss=0.120296
Epoch 020 | Step 50 | lr=6.155830e-06 | loss=0.120255
Epoch 020 | Step 60 | lr=6.155830e-06 | loss=0.115019
Epoch 020 | Step 70 | lr=6.155830e-06 | loss=0.123473
Epoch 020 | Step 80 | lr=6.155830e-06 | loss=0.121597
Epoch 020 | Step 90 | lr=6.155830e-06 | loss=0.119406
Epoch 020 | Step 100 | lr=6.155830e-06 | loss=0.123166
Epoch 020 | Step 110 | lr=6.155830e-06 | loss=0.120087
Epoch 020 | Step 120 | lr=6.155830e-06 | loss=0.121559
Epoch 020 | Step 130 | lr=6.155830e-06 | loss=0.124666
Epoch 020 | Step 140 | lr=6.155830e-06 | loss=0.114709
Epoch 020 | Step 150 | lr=6.155830e-06 | loss=0.120661
Epoch 020 | Step 160 | lr=6.155830e-06 | loss=0.119549
Epoch 020 | Step 170 | lr=6.155830e-06 | loss=0.124667
Epoch 020 | Step 180 | lr=6.155830e-06 | loss=0.125677
Epoch 020 | Step 190 | lr=6.155830e-06 | loss=0.119492
Epoch 020 | Step 200 | lr=6.155830e-06 | loss=0.121854
Epoch 020 | Step 210 | lr=6.155830e-06 | loss=0.119957
Epoch 020 | Step 220 | lr=6.155830e-06 | loss=0.123703
Epoch 020 | Step 230 | lr=6.155830e-06 | loss=0.116332
Epoch 020 | Step 240 | lr=6.155830e-06 | loss=0.122868
Epoch 020 | Step 250 | lr=6.155830e-06 | loss=0.121339
Epoch 020 | Step 260 | lr=6.155830e-06 | loss=0.123792
Epoch 020 | Step 270 | lr=6.155830e-06 | loss=0.125192
Epoch 020 | Step 280 | lr=6.155830e-06 | loss=0.116052
Epoch 020 | Step 290 | lr=6.155830e-06 | loss=0.120956
Epoch 020 | Step 300 | lr=6.155830e-06 | loss=0.121036
Epoch 020 | Step 310 | lr=6.155830e-06 | loss=0.123919
Epoch 020 | Step 320 | lr=6.155830e-06 | loss=0.119705
Epoch 020 | Step 330 | lr=6.155830e-06 | loss=0.121539
Epoch 020 | Step 340 | lr=6.155830e-06 | loss=0.123237
Epoch 020 | Step 350 | lr=6.155830e-06 | loss=0.124936
Epoch 020 | Step 360 | lr=6.155830e-06 | loss=0.122011
Epoch 020 | Step 370 | lr=6.155830e-06 | loss=0.118948
Epoch 020 | Step 380 | lr=6.155830e-06 | loss=0.124081
Epoch 020 | Step 390 | lr=6.155830e-06 | loss=0.118758
Epoch 020 | Step 400 | lr=6.155830e-06 | loss=0.122237
Epoch 020 | Step 410 | lr=6.155830e-06 | loss=0.124579
Epoch 020 | Step 420 | lr=6.155830e-06 | loss=0.124608
Epoch 020 | Step 430 | lr=6.155830e-06 | loss=0.116832
Epoch 020 | Step 440 | lr=6.155830e-06 | loss=0.125933
Epoch 020 | Step 450 | lr=6.155830e-06 | loss=0.118506
Epoch 020 | Step 460 | lr=6.155830e-06 | loss=0.123286
Epoch 020 | Step 470 | lr=6.155830e-06 | loss=0.121634
Epoch 020 | Step 480 | lr=6.155830e-06 | loss=0.121105
Epoch 020 | Step 490 | lr=6.155830e-06 | loss=0.120090
Epoch 020 | Step 500 | lr=6.155830e-06 | loss=0.122056
Epoch 020 | Step 510 | lr=6.155830e-06 | loss=0.120472
Epoch 020 | Step 520 | lr=6.155830e-06 | loss=0.120618
Epoch 020 | Step 530 | lr=6.155830e-06 | loss=0.121249
Epoch 020 | Step 540 | lr=6.155830e-06 | loss=0.122400
Epoch 020 | Step 550 | lr=6.155830e-06 | loss=0.123234
Epoch 020 | Step 560 | lr=6.155830e-06 | loss=0.119849
Epoch 020 | Step 570 | lr=6.155830e-06 | loss=0.122536
Epoch 020 | Step 580 | lr=6.155830e-06 | loss=0.122455
Epoch 020 | Step 590 | lr=6.155830e-06 | loss=0.120405
Epoch 020 | Step 600 | lr=6.155830e-06 | loss=0.119352
Epoch 020 | Step 610 | lr=6.155830e-06 | loss=0.120500
Epoch 020 | Step 620 | lr=6.155830e-06 | loss=0.124316
Epoch 020 | Step 630 | lr=6.155830e-06 | loss=0.125450
Epoch 020 | Step 640 | lr=6.155830e-06 | loss=0.120491
Epoch 020 | Step 650 | lr=6.155830e-06 | loss=0.121181
Epoch 020 | Step 660 | lr=6.155830e-06 | loss=0.120544
Epoch 020 | Step 670 | lr=6.155830e-06 | loss=0.115950
Epoch 020 | Step 680 | lr=6.155830e-06 | loss=0.118879
Epoch 020 | Step 690 | lr=6.155830e-06 | loss=0.124338
Epoch 020 | Step 700 | lr=6.155830e-06 | loss=0.120336
Epoch 020 | Step 710 | lr=6.155830e-06 | loss=0.116812
Epoch 020 | Step 720 | lr=6.155830e-06 | loss=0.122281
Epoch 020 | Step 730 | lr=6.155830e-06 | loss=0.120813
Epoch 020 | Step 740 | lr=6.155830e-06 | loss=0.120962
Epoch 020 | Step 750 | lr=6.155830e-06 | loss=0.120182
Epoch 020 | Step 760 | lr=6.155830e-06 | loss=0.130026
Epoch 020 | Step 770 | lr=6.155830e-06 | loss=0.123274
Epoch 020 | Step 780 | lr=6.155830e-06 | loss=0.122170
Epoch 020 | Step 790 | lr=6.155830e-06 | loss=0.116858
Epoch 020 | Step 800 | lr=6.155830e-06 | loss=0.122132
Epoch 020 | Step 810 | lr=6.155830e-06 | loss=0.120083
Epoch 020 | Step 820 | lr=6.155830e-06 | loss=0.121805
Epoch 020 | Step 830 | lr=6.155830e-06 | loss=0.118259
Epoch 020 | Step 840 | lr=6.155830e-06 | loss=0.126631
Epoch 020 | Step 850 | lr=6.155830e-06 | loss=0.122224
Epoch 020 | Step 860 | lr=6.155830e-06 | loss=0.116429
Epoch 020 | Step 870 | lr=6.155830e-06 | loss=0.126469
Epoch 020 | Step 880 | lr=6.155830e-06 | loss=0.118648
Epoch 020 | Step 890 | lr=6.155830e-06 | loss=0.119688
Epoch 020 | Step 900 | lr=6.155830e-06 | loss=0.122444
Epoch 020 | Step 910 | lr=6.155830e-06 | loss=0.120895
Epoch 020 | Step 920 | lr=6.155830e-06 | loss=0.119809
Epoch 020 | Step 930 | lr=6.155830e-06 | loss=0.114083
Epoch 020 | Step 940 | lr=6.155830e-06 | loss=0.120977
Epoch 020 | Step 950 | lr=6.155830e-06 | loss=0.121179
Epoch 020 | Step 960 | lr=6.155830e-06 | loss=0.120965
/mnt/hdd/xln/PycharmProjects/PredictLeafNode/src/model/cluster_dist_transformer_original.py:844: FutureWarning: You are using `torch.load` with `weights_only=False` (the current default value), which uses the default pickle module implicitly. It is possible to construct malicious pickle data which will execute arbitrary code during unpickling (See https://github.com/pytorch/pytorch/blob/main/SECURITY.md#untrusted-models for more details). In a future release, the default value for `weights_only` will be flipped to `True`. This limits the functions that could be executed during unpickling. Arbitrary objects will no longer be allowed to be loaded via this mode unless they are explicitly allowlisted by the user via `torch.serialization.add_safe_globals`. We recommend you start setting `weights_only=True` for any use case where you don't have full control of the loaded file. Please open an issue on GitHub for any issues related to this experimental feature.
  ckpt = torch.load(best_path, map_location=device)
epoch 020 | train_kld=0.121616 | val_kld=0.125587 | val_mae=0.002451 | val_mse=0.000071 | ord_acc@10=0.3319 | recall@10=0.8343
Saved epoch 1 batch metrics plot to input/Training_data/gist1M_learn/leafsize20K/E_model_d256_L4_H8_ff512_topk10_bs512_ep20_lr0.001_wd0.01_bilinear_normalizeTrue_posTrue_gatingTrue_loss_typekld_use_type_embedTrue/model_d256_L4_H8_ff512_topk10_bs512_ep20_lr0.001_wd0.01_bilinear_normalizeTrue_posTrue_gatingTrue_loss_typekld_use_type_embedTrue_epoch1_batch_metrics@10.png
Saved epoch metrics plot to input/Training_data/gist1M_learn/leafsize20K/E_model_d256_L4_H8_ff512_topk10_bs512_ep20_lr0.001_wd0.01_bilinear_normalizeTrue_posTrue_gatingTrue_loss_typekld_use_type_embedTrue/model_d256_L4_H8_ff512_topk10_bs512_ep20_lr0.001_wd0.01_bilinear_normalizeTrue_posTrue_gatingTrue_loss_typekld_use_type_embedTrue_epoch_metrics.png
best val_kld: 0.125587 at epoch 20
Loaded checkpoint from input/Training_data/gist1M_learn/leafsize20K/E_model_d256_L4_H8_ff512_topk10_bs512_ep20_lr0.001_wd0.01_bilinear_normalizeTrue_posTrue_gatingTrue_loss_typekld_use_type_embedTrue/model_d256_L4_H8_ff512_topk10_bs512_ep20_lr0.001_wd0.01_bilinear_normalizeTrue_posTrue_gatingTrue_loss_typekld_use_type_embedTrue.pt (epoch=20)
[TEST] kld=0.133407 | mae=0.002542 | mse=0.000073 | ord_acc@10=0.3222 | recall@10=0.8370
Saving model predictions to file...
Saved predictions -> input/Training_data/gist1M_learn/leafsize20K/E_model_d256_L4_H8_ff512_topk10_bs512_ep20_lr0.001_wd0.01_bilinear_normalizeTrue_posTrue_gatingTrue_loss_typekld_use_type_embedTrue/model_d256_L4_H8_ff512_topk10_bs512_ep20_lr0.001_wd0.01_bilinear_normalizeTrue_posTrue_gatingTrue_loss_typekld_use_type_embedTrue_pred.txt
