/home/xln/miniconda3/envs/elpis_torch/lib/python3.12/site-packages/torch/nn/modules/transformer.py:379: UserWarning: enable_nested_tensor is True, but self.use_nested_tensor is False because encoder_layer.norm_first was True
  warnings.warn(
Detected K=116, D=960
Using experiment ID: E
Epoch 001 | Batch 10 | val_kld=57.700539 | val_ordacc@10=0.009234 | val_recall@10=0.118828
Epoch 001 | Step 10 | lr=1.000000e-03 | loss=40.237625
Epoch 001 | Batch 20 | val_kld=37.185968 | val_ordacc@10=0.041183 | val_recall@10=0.386219
Epoch 001 | Step 20 | lr=1.000000e-03 | loss=37.778709
Epoch 001 | Batch 30 | val_kld=33.843490 | val_ordacc@10=0.069747 | val_recall@10=0.512491
Epoch 001 | Step 30 | lr=1.000000e-03 | loss=34.124058
Epoch 001 | Batch 40 | val_kld=32.485167 | val_ordacc@10=0.086116 | val_recall@10=0.607346
Epoch 001 | Step 40 | lr=1.000000e-03 | loss=32.743923
Epoch 001 | Batch 50 | val_kld=31.595408 | val_ordacc@10=0.088359 | val_recall@10=0.594050
Epoch 001 | Step 50 | lr=1.000000e-03 | loss=31.924908
Epoch 001 | Batch 60 | val_kld=30.437330 | val_ordacc@10=0.125847 | val_recall@10=0.682074
Epoch 001 | Step 60 | lr=1.000000e-03 | loss=30.853638
Epoch 001 | Batch 70 | val_kld=29.361976 | val_ordacc@10=0.144824 | val_recall@10=0.703359
Epoch 001 | Step 70 | lr=1.000000e-03 | loss=29.986940
Epoch 001 | Batch 80 | val_kld=28.273263 | val_ordacc@10=0.171378 | val_recall@10=0.728646
Epoch 001 | Step 80 | lr=1.000000e-03 | loss=29.102808
Epoch 001 | Batch 90 | val_kld=27.825301 | val_ordacc@10=0.170685 | val_recall@10=0.733566
Epoch 001 | Step 90 | lr=1.000000e-03 | loss=27.938450
Epoch 001 | Batch 100 | val_kld=27.313008 | val_ordacc@10=0.183874 | val_recall@10=0.752171
Epoch 001 | Step 100 | lr=1.000000e-03 | loss=28.498569
Epoch 001 | Batch 110 | val_kld=27.388894 | val_ordacc@10=0.181138 | val_recall@10=0.733620
Epoch 001 | Step 110 | lr=1.000000e-03 | loss=27.234482
Epoch 001 | Batch 120 | val_kld=26.823907 | val_ordacc@10=0.183740 | val_recall@10=0.747185
Epoch 001 | Step 120 | lr=1.000000e-03 | loss=26.998493
Epoch 001 | Batch 130 | val_kld=26.637632 | val_ordacc@10=0.193483 | val_recall@10=0.718650
Epoch 001 | Step 130 | lr=1.000000e-03 | loss=26.916889
Epoch 001 | Batch 140 | val_kld=26.296044 | val_ordacc@10=0.191777 | val_recall@10=0.749293
Epoch 001 | Step 140 | lr=1.000000e-03 | loss=27.756546
Epoch 001 | Batch 150 | val_kld=26.316071 | val_ordacc@10=0.201398 | val_recall@10=0.757568
Epoch 001 | Step 150 | lr=1.000000e-03 | loss=27.011751
Epoch 001 | Batch 160 | val_kld=26.005176 | val_ordacc@10=0.193441 | val_recall@10=0.737869
Epoch 001 | Step 160 | lr=1.000000e-03 | loss=26.752728
Epoch 001 | Batch 170 | val_kld=25.756509 | val_ordacc@10=0.191762 | val_recall@10=0.737363
Epoch 001 | Step 170 | lr=1.000000e-03 | loss=26.545185
Epoch 001 | Batch 180 | val_kld=25.183174 | val_ordacc@10=0.207850 | val_recall@10=0.757272
Epoch 001 | Step 180 | lr=1.000000e-03 | loss=25.603287
Epoch 001 | Batch 190 | val_kld=25.115831 | val_ordacc@10=0.207574 | val_recall@10=0.758689
Epoch 001 | Step 190 | lr=1.000000e-03 | loss=26.298935
Epoch 001 | Batch 200 | val_kld=25.150037 | val_ordacc@10=0.207348 | val_recall@10=0.756718
Epoch 001 | Step 200 | lr=1.000000e-03 | loss=25.739403
Epoch 001 | Batch 210 | val_kld=24.953510 | val_ordacc@10=0.204387 | val_recall@10=0.754130
Epoch 001 | Step 210 | lr=1.000000e-03 | loss=25.666317
Epoch 001 | Batch 220 | val_kld=24.842971 | val_ordacc@10=0.215277 | val_recall@10=0.763433
Epoch 001 | Step 220 | lr=1.000000e-03 | loss=25.902950
Epoch 001 | Batch 230 | val_kld=24.799383 | val_ordacc@10=0.217864 | val_recall@10=0.761623
Epoch 001 | Step 230 | lr=1.000000e-03 | loss=24.971029
Epoch 001 | Batch 240 | val_kld=24.602424 | val_ordacc@10=0.212013 | val_recall@10=0.748697
Epoch 001 | Step 240 | lr=1.000000e-03 | loss=25.384251
Epoch 001 | Batch 250 | val_kld=24.530429 | val_ordacc@10=0.211386 | val_recall@10=0.748760
Epoch 001 | Step 250 | lr=1.000000e-03 | loss=25.449818
Epoch 001 | Batch 260 | val_kld=24.397163 | val_ordacc@10=0.215242 | val_recall@10=0.745898
Epoch 001 | Step 260 | lr=1.000000e-03 | loss=24.853355
Epoch 001 | Batch 270 | val_kld=24.278282 | val_ordacc@10=0.218671 | val_recall@10=0.757310
Epoch 001 | Step 270 | lr=1.000000e-03 | loss=24.521370
Epoch 001 | Batch 280 | val_kld=24.154600 | val_ordacc@10=0.234101 | val_recall@10=0.792610
Epoch 001 | Step 280 | lr=1.000000e-03 | loss=25.198502
Epoch 001 | Batch 290 | val_kld=24.194030 | val_ordacc@10=0.220098 | val_recall@10=0.766859
Epoch 001 | Step 290 | lr=1.000000e-03 | loss=24.586037
Epoch 001 | Batch 300 | val_kld=24.158527 | val_ordacc@10=0.226005 | val_recall@10=0.759332
Epoch 001 | Step 300 | lr=1.000000e-03 | loss=25.419209
Epoch 001 | Batch 310 | val_kld=23.912364 | val_ordacc@10=0.235148 | val_recall@10=0.782230
Epoch 001 | Step 310 | lr=1.000000e-03 | loss=23.710306
Epoch 001 | Batch 320 | val_kld=23.777549 | val_ordacc@10=0.232947 | val_recall@10=0.779636
Epoch 001 | Step 320 | lr=1.000000e-03 | loss=25.138729
Epoch 001 | Batch 330 | val_kld=23.648341 | val_ordacc@10=0.247932 | val_recall@10=0.788768
Epoch 001 | Step 330 | lr=1.000000e-03 | loss=23.528778
Epoch 001 | Batch 340 | val_kld=23.543446 | val_ordacc@10=0.237347 | val_recall@10=0.774496
Epoch 001 | Step 340 | lr=1.000000e-03 | loss=24.514572
Epoch 001 | Batch 350 | val_kld=23.740981 | val_ordacc@10=0.231143 | val_recall@10=0.772377
Epoch 001 | Step 350 | lr=1.000000e-03 | loss=24.347593
Epoch 001 | Batch 360 | val_kld=23.737791 | val_ordacc@10=0.234559 | val_recall@10=0.776854
Epoch 001 | Step 360 | lr=1.000000e-03 | loss=24.594894
Epoch 001 | Batch 370 | val_kld=23.647895 | val_ordacc@10=0.233182 | val_recall@10=0.768418
Epoch 001 | Step 370 | lr=1.000000e-03 | loss=25.023527
Epoch 001 | Batch 380 | val_kld=23.262008 | val_ordacc@10=0.240396 | val_recall@10=0.766639
Epoch 001 | Step 380 | lr=1.000000e-03 | loss=24.573967
Epoch 001 | Batch 390 | val_kld=23.343638 | val_ordacc@10=0.237173 | val_recall@10=0.771609
Epoch 001 | Step 390 | lr=1.000000e-03 | loss=23.675905
Epoch 001 | Batch 400 | val_kld=23.443694 | val_ordacc@10=0.240021 | val_recall@10=0.772802
Epoch 001 | Step 400 | lr=1.000000e-03 | loss=23.635345
Epoch 001 | Batch 410 | val_kld=23.194939 | val_ordacc@10=0.240722 | val_recall@10=0.774006
Epoch 001 | Step 410 | lr=1.000000e-03 | loss=22.363668
Epoch 001 | Batch 420 | val_kld=23.268946 | val_ordacc@10=0.251120 | val_recall@10=0.790126
Epoch 001 | Step 420 | lr=1.000000e-03 | loss=24.157261
Epoch 001 | Batch 430 | val_kld=22.980831 | val_ordacc@10=0.249703 | val_recall@10=0.782836
Epoch 001 | Step 430 | lr=1.000000e-03 | loss=24.505627
Epoch 001 | Batch 440 | val_kld=23.065514 | val_ordacc@10=0.249088 | val_recall@10=0.777374
Epoch 001 | Step 440 | lr=1.000000e-03 | loss=22.714088
Epoch 001 | Batch 450 | val_kld=23.105976 | val_ordacc@10=0.246196 | val_recall@10=0.786745
Epoch 001 | Step 450 | lr=1.000000e-03 | loss=23.196411
Epoch 001 | Batch 460 | val_kld=23.180421 | val_ordacc@10=0.250403 | val_recall@10=0.783758
Epoch 001 | Step 460 | lr=1.000000e-03 | loss=23.320963
Epoch 001 | Batch 470 | val_kld=23.021301 | val_ordacc@10=0.243919 | val_recall@10=0.767830
Epoch 001 | Step 470 | lr=1.000000e-03 | loss=23.833836
Epoch 001 | Batch 480 | val_kld=23.187457 | val_ordacc@10=0.242582 | val_recall@10=0.778765
Epoch 001 | Step 480 | lr=1.000000e-03 | loss=23.074158
Epoch 001 | Batch 490 | val_kld=22.935153 | val_ordacc@10=0.247208 | val_recall@10=0.773651
Epoch 001 | Step 490 | lr=1.000000e-03 | loss=23.527752
Epoch 001 | Batch 500 | val_kld=22.832520 | val_ordacc@10=0.243274 | val_recall@10=0.772060
Epoch 001 | Step 500 | lr=1.000000e-03 | loss=23.094006
Epoch 001 | Batch 510 | val_kld=22.720326 | val_ordacc@10=0.254978 | val_recall@10=0.779889
Epoch 001 | Step 510 | lr=1.000000e-03 | loss=23.990713
Epoch 001 | Batch 520 | val_kld=23.084550 | val_ordacc@10=0.235434 | val_recall@10=0.767759
Epoch 001 | Step 520 | lr=1.000000e-03 | loss=24.515884
Epoch 001 | Batch 530 | val_kld=22.899291 | val_ordacc@10=0.244808 | val_recall@10=0.773989
Epoch 001 | Step 530 | lr=1.000000e-03 | loss=23.725336
Epoch 001 | Batch 540 | val_kld=22.648115 | val_ordacc@10=0.251016 | val_recall@10=0.775366
Epoch 001 | Step 540 | lr=1.000000e-03 | loss=23.738110
Epoch 001 | Batch 550 | val_kld=22.877460 | val_ordacc@10=0.250024 | val_recall@10=0.779809
Epoch 001 | Step 550 | lr=1.000000e-03 | loss=23.731699
Epoch 001 | Batch 560 | val_kld=22.842106 | val_ordacc@10=0.246779 | val_recall@10=0.768348
Epoch 001 | Step 560 | lr=1.000000e-03 | loss=23.705784
Epoch 001 | Batch 570 | val_kld=22.695357 | val_ordacc@10=0.253064 | val_recall@10=0.772327
Epoch 001 | Step 570 | lr=1.000000e-03 | loss=22.138702
Epoch 001 | Batch 580 | val_kld=22.525579 | val_ordacc@10=0.253422 | val_recall@10=0.776151
Epoch 001 | Step 580 | lr=1.000000e-03 | loss=23.465565
Epoch 001 | Batch 590 | val_kld=22.802878 | val_ordacc@10=0.259049 | val_recall@10=0.787188
Epoch 001 | Step 590 | lr=1.000000e-03 | loss=22.692978
Epoch 001 | Batch 600 | val_kld=22.703831 | val_ordacc@10=0.254330 | val_recall@10=0.780501
Epoch 001 | Step 600 | lr=1.000000e-03 | loss=22.487640
Epoch 001 | Batch 610 | val_kld=22.655022 | val_ordacc@10=0.255586 | val_recall@10=0.785434
Epoch 001 | Step 610 | lr=1.000000e-03 | loss=23.243141
Epoch 001 | Batch 620 | val_kld=22.809278 | val_ordacc@10=0.246365 | val_recall@10=0.773186
Epoch 001 | Step 620 | lr=1.000000e-03 | loss=22.296335
Epoch 001 | Batch 630 | val_kld=22.471195 | val_ordacc@10=0.259534 | val_recall@10=0.790352
Epoch 001 | Step 630 | lr=1.000000e-03 | loss=23.167345
Epoch 001 | Batch 640 | val_kld=22.489927 | val_ordacc@10=0.260949 | val_recall@10=0.789852
Epoch 001 | Step 640 | lr=1.000000e-03 | loss=23.176758
Epoch 001 | Batch 650 | val_kld=22.541579 | val_ordacc@10=0.253690 | val_recall@10=0.778413
Epoch 001 | Step 650 | lr=1.000000e-03 | loss=24.154163
Epoch 001 | Batch 660 | val_kld=22.796511 | val_ordacc@10=0.249995 | val_recall@10=0.767266
Epoch 001 | Step 660 | lr=1.000000e-03 | loss=23.556520
Epoch 001 | Batch 670 | val_kld=22.715041 | val_ordacc@10=0.253681 | val_recall@10=0.788696
Epoch 001 | Step 670 | lr=1.000000e-03 | loss=23.554045
Epoch 001 | Batch 680 | val_kld=22.583191 | val_ordacc@10=0.252670 | val_recall@10=0.778306
Epoch 001 | Step 680 | lr=1.000000e-03 | loss=23.867363
Epoch 001 | Batch 690 | val_kld=22.403338 | val_ordacc@10=0.252415 | val_recall@10=0.785467
Epoch 001 | Step 690 | lr=1.000000e-03 | loss=23.486744
Epoch 001 | Batch 700 | val_kld=22.586495 | val_ordacc@10=0.255658 | val_recall@10=0.785615
Epoch 001 | Step 700 | lr=1.000000e-03 | loss=23.124760
Epoch 001 | Batch 710 | val_kld=22.421457 | val_ordacc@10=0.255409 | val_recall@10=0.778562
Epoch 001 | Step 710 | lr=1.000000e-03 | loss=23.232864
Epoch 001 | Batch 720 | val_kld=22.247740 | val_ordacc@10=0.262198 | val_recall@10=0.787157
Epoch 001 | Step 720 | lr=1.000000e-03 | loss=22.401493
Epoch 001 | Batch 730 | val_kld=22.529907 | val_ordacc@10=0.251343 | val_recall@10=0.774469
Epoch 001 | Step 730 | lr=1.000000e-03 | loss=23.181185
Epoch 001 | Batch 740 | val_kld=22.392907 | val_ordacc@10=0.258799 | val_recall@10=0.785529
Epoch 001 | Step 740 | lr=1.000000e-03 | loss=22.759043
Epoch 001 | Batch 750 | val_kld=22.524031 | val_ordacc@10=0.257004 | val_recall@10=0.786224
Epoch 001 | Step 750 | lr=1.000000e-03 | loss=22.826200
Epoch 001 | Batch 760 | val_kld=22.573604 | val_ordacc@10=0.261201 | val_recall@10=0.780169
Epoch 001 | Step 760 | lr=1.000000e-03 | loss=23.031368
Epoch 001 | Batch 770 | val_kld=22.321888 | val_ordacc@10=0.263536 | val_recall@10=0.791147
Epoch 001 | Step 770 | lr=1.000000e-03 | loss=22.814140
Epoch 001 | Batch 780 | val_kld=22.442123 | val_ordacc@10=0.262309 | val_recall@10=0.787601
Epoch 001 | Step 780 | lr=1.000000e-03 | loss=23.993172
Epoch 001 | Batch 790 | val_kld=22.444144 | val_ordacc@10=0.252370 | val_recall@10=0.780269
Epoch 001 | Step 790 | lr=1.000000e-03 | loss=23.902494
Epoch 001 | Batch 800 | val_kld=22.150657 | val_ordacc@10=0.263025 | val_recall@10=0.785649
Epoch 001 | Step 800 | lr=1.000000e-03 | loss=22.503822
Epoch 001 | Batch 810 | val_kld=22.228497 | val_ordacc@10=0.260627 | val_recall@10=0.776488
Epoch 001 | Step 810 | lr=1.000000e-03 | loss=21.329006
Epoch 001 | Batch 820 | val_kld=22.331389 | val_ordacc@10=0.253701 | val_recall@10=0.772785
Epoch 001 | Step 820 | lr=1.000000e-03 | loss=22.975658
Epoch 001 | Batch 830 | val_kld=22.552023 | val_ordacc@10=0.255977 | val_recall@10=0.777397
Epoch 001 | Step 830 | lr=1.000000e-03 | loss=23.334028
Epoch 001 | Batch 840 | val_kld=22.252235 | val_ordacc@10=0.258116 | val_recall@10=0.790297
Epoch 001 | Step 840 | lr=1.000000e-03 | loss=22.781738
Epoch 001 | Batch 850 | val_kld=22.233071 | val_ordacc@10=0.261633 | val_recall@10=0.789250
Epoch 001 | Step 850 | lr=1.000000e-03 | loss=22.815548
Epoch 001 | Batch 860 | val_kld=22.213189 | val_ordacc@10=0.264777 | val_recall@10=0.795155
Epoch 001 | Step 860 | lr=1.000000e-03 | loss=23.368679
Epoch 001 | Batch 870 | val_kld=22.277470 | val_ordacc@10=0.259808 | val_recall@10=0.785074
Epoch 001 | Step 870 | lr=1.000000e-03 | loss=22.785522
Epoch 001 | Batch 880 | val_kld=22.490040 | val_ordacc@10=0.258886 | val_recall@10=0.785655
Epoch 001 | Step 880 | lr=1.000000e-03 | loss=22.918430
Epoch 001 | Batch 890 | val_kld=22.201010 | val_ordacc@10=0.258791 | val_recall@10=0.777038
Epoch 001 | Step 890 | lr=1.000000e-03 | loss=23.814331
Epoch 001 | Batch 900 | val_kld=22.288251 | val_ordacc@10=0.266794 | val_recall@10=0.791803
Epoch 001 | Step 900 | lr=1.000000e-03 | loss=22.605175
Epoch 001 | Batch 910 | val_kld=22.248885 | val_ordacc@10=0.259240 | val_recall@10=0.784904
Epoch 001 | Step 910 | lr=1.000000e-03 | loss=23.248415
Epoch 001 | Batch 920 | val_kld=22.590257 | val_ordacc@10=0.260151 | val_recall@10=0.783954
Epoch 001 | Step 920 | lr=1.000000e-03 | loss=22.892929
Epoch 001 | Batch 930 | val_kld=22.170385 | val_ordacc@10=0.266645 | val_recall@10=0.783179
Epoch 001 | Step 930 | lr=1.000000e-03 | loss=23.127161
Epoch 001 | Batch 940 | val_kld=22.093050 | val_ordacc@10=0.265871 | val_recall@10=0.786431
Epoch 001 | Step 940 | lr=1.000000e-03 | loss=22.582542
Epoch 001 | Batch 950 | val_kld=22.423874 | val_ordacc@10=0.260052 | val_recall@10=0.790452
Epoch 001 | Step 950 | lr=1.000000e-03 | loss=22.333229
Epoch 001 | Batch 960 | val_kld=22.081309 | val_ordacc@10=0.264712 | val_recall@10=0.783363
Epoch 001 | Step 960 | lr=1.000000e-03 | loss=22.027956
epoch 001 | train_kld=25.002982 | val_kld=22.344091 | val_mae=0.007431 | val_mse=0.001548 | ord_acc@10=0.2668 | recall@10=0.7919
Epoch 002 | Step 10 | lr=9.938442e-04 | loss=22.198929
Epoch 002 | Step 20 | lr=9.938442e-04 | loss=22.745182
Epoch 002 | Step 30 | lr=9.938442e-04 | loss=23.300636
Epoch 002 | Step 40 | lr=9.938442e-04 | loss=23.278595
Epoch 002 | Step 50 | lr=9.938442e-04 | loss=22.072708
Epoch 002 | Step 60 | lr=9.938442e-04 | loss=22.261240
Epoch 002 | Step 70 | lr=9.938442e-04 | loss=21.633724
Epoch 002 | Step 80 | lr=9.938442e-04 | loss=21.718861
Epoch 002 | Step 90 | lr=9.938442e-04 | loss=22.424053
Epoch 002 | Step 100 | lr=9.938442e-04 | loss=21.469875
Epoch 002 | Step 110 | lr=9.938442e-04 | loss=22.518284
Epoch 002 | Step 120 | lr=9.938442e-04 | loss=22.543934
Epoch 002 | Step 130 | lr=9.938442e-04 | loss=22.865398
Epoch 002 | Step 140 | lr=9.938442e-04 | loss=23.050859
Epoch 002 | Step 150 | lr=9.938442e-04 | loss=22.739651
Epoch 002 | Step 160 | lr=9.938442e-04 | loss=22.733688
Epoch 002 | Step 170 | lr=9.938442e-04 | loss=22.626287
Epoch 002 | Step 180 | lr=9.938442e-04 | loss=21.783539
Epoch 002 | Step 190 | lr=9.938442e-04 | loss=22.566441
Epoch 002 | Step 200 | lr=9.938442e-04 | loss=22.098719
Epoch 002 | Step 210 | lr=9.938442e-04 | loss=22.180586
Epoch 002 | Step 220 | lr=9.938442e-04 | loss=22.861115
Epoch 002 | Step 230 | lr=9.938442e-04 | loss=22.455393
Epoch 002 | Step 240 | lr=9.938442e-04 | loss=22.309706
Epoch 002 | Step 250 | lr=9.938442e-04 | loss=22.933908
Epoch 002 | Step 260 | lr=9.938442e-04 | loss=21.861040
Epoch 002 | Step 270 | lr=9.938442e-04 | loss=22.631231
Epoch 002 | Step 280 | lr=9.938442e-04 | loss=22.126076
Epoch 002 | Step 290 | lr=9.938442e-04 | loss=22.380583
Epoch 002 | Step 300 | lr=9.938442e-04 | loss=22.920391
Epoch 002 | Step 310 | lr=9.938442e-04 | loss=22.744965
Epoch 002 | Step 320 | lr=9.938442e-04 | loss=22.908756
Epoch 002 | Step 330 | lr=9.938442e-04 | loss=22.432983
Epoch 002 | Step 340 | lr=9.938442e-04 | loss=22.472681
Epoch 002 | Step 350 | lr=9.938442e-04 | loss=22.530649
Epoch 002 | Step 360 | lr=9.938442e-04 | loss=21.854000
Epoch 002 | Step 370 | lr=9.938442e-04 | loss=22.037621
Epoch 002 | Step 380 | lr=9.938442e-04 | loss=22.627758
Epoch 002 | Step 390 | lr=9.938442e-04 | loss=22.204042
Epoch 002 | Step 400 | lr=9.938442e-04 | loss=23.106892
Epoch 002 | Step 410 | lr=9.938442e-04 | loss=23.367987
Epoch 002 | Step 420 | lr=9.938442e-04 | loss=21.903908
Epoch 002 | Step 430 | lr=9.938442e-04 | loss=22.041553
Epoch 002 | Step 440 | lr=9.938442e-04 | loss=22.143749
Epoch 002 | Step 450 | lr=9.938442e-04 | loss=22.331430
Epoch 002 | Step 460 | lr=9.938442e-04 | loss=22.482658
Epoch 002 | Step 470 | lr=9.938442e-04 | loss=21.614151
Epoch 002 | Step 480 | lr=9.938442e-04 | loss=21.853758
Epoch 002 | Step 490 | lr=9.938442e-04 | loss=21.806961
Epoch 002 | Step 500 | lr=9.938442e-04 | loss=22.016090
Epoch 002 | Step 510 | lr=9.938442e-04 | loss=22.166805
Epoch 002 | Step 520 | lr=9.938442e-04 | loss=22.622330
Epoch 002 | Step 530 | lr=9.938442e-04 | loss=22.168785
Epoch 002 | Step 540 | lr=9.938442e-04 | loss=21.906540
Epoch 002 | Step 550 | lr=9.938442e-04 | loss=21.948105
Epoch 002 | Step 560 | lr=9.938442e-04 | loss=22.914406
Epoch 002 | Step 570 | lr=9.938442e-04 | loss=22.386368
Epoch 002 | Step 580 | lr=9.938442e-04 | loss=22.360725
Epoch 002 | Step 590 | lr=9.938442e-04 | loss=22.024733
Epoch 002 | Step 600 | lr=9.938442e-04 | loss=22.072454
Epoch 002 | Step 610 | lr=9.938442e-04 | loss=22.243156
Epoch 002 | Step 620 | lr=9.938442e-04 | loss=22.005692
Epoch 002 | Step 630 | lr=9.938442e-04 | loss=22.939268
Epoch 002 | Step 640 | lr=9.938442e-04 | loss=22.069977
Epoch 002 | Step 650 | lr=9.938442e-04 | loss=21.911476
Epoch 002 | Step 660 | lr=9.938442e-04 | loss=23.341461
Epoch 002 | Step 670 | lr=9.938442e-04 | loss=22.142982
Epoch 002 | Step 680 | lr=9.938442e-04 | loss=22.082418
Epoch 002 | Step 690 | lr=9.938442e-04 | loss=21.753508
Epoch 002 | Step 700 | lr=9.938442e-04 | loss=22.157530
Epoch 002 | Step 710 | lr=9.938442e-04 | loss=22.037142
Epoch 002 | Step 720 | lr=9.938442e-04 | loss=22.913124
Epoch 002 | Step 730 | lr=9.938442e-04 | loss=22.584150
Epoch 002 | Step 740 | lr=9.938442e-04 | loss=22.027061
Epoch 002 | Step 750 | lr=9.938442e-04 | loss=22.252949
Epoch 002 | Step 760 | lr=9.938442e-04 | loss=21.534678
Epoch 002 | Step 770 | lr=9.938442e-04 | loss=20.346424
Epoch 002 | Step 780 | lr=9.938442e-04 | loss=22.259186
Epoch 002 | Step 790 | lr=9.938442e-04 | loss=22.331503
Epoch 002 | Step 800 | lr=9.938442e-04 | loss=21.508587
Epoch 002 | Step 810 | lr=9.938442e-04 | loss=22.033699
Epoch 002 | Step 820 | lr=9.938442e-04 | loss=22.030560
Epoch 002 | Step 830 | lr=9.938442e-04 | loss=22.884308
Epoch 002 | Step 840 | lr=9.938442e-04 | loss=22.698898
Epoch 002 | Step 850 | lr=9.938442e-04 | loss=21.860928
Epoch 002 | Step 860 | lr=9.938442e-04 | loss=22.085045
Epoch 002 | Step 870 | lr=9.938442e-04 | loss=22.326534
Epoch 002 | Step 880 | lr=9.938442e-04 | loss=22.529427
Epoch 002 | Step 890 | lr=9.938442e-04 | loss=22.314106
Epoch 002 | Step 900 | lr=9.938442e-04 | loss=21.458885
Epoch 002 | Step 910 | lr=9.938442e-04 | loss=21.801155
Epoch 002 | Step 920 | lr=9.938442e-04 | loss=21.895252
Epoch 002 | Step 930 | lr=9.938442e-04 | loss=22.699396
Epoch 002 | Step 940 | lr=9.938442e-04 | loss=21.975975
Epoch 002 | Step 950 | lr=9.938442e-04 | loss=22.179180
Epoch 002 | Step 960 | lr=9.938442e-04 | loss=22.043684
epoch 002 | train_kld=22.288869 | val_kld=21.635749 | val_mae=0.008106 | val_mse=0.001945 | ord_acc@10=0.2663 | recall@10=0.7737
Epoch 003 | Step 10 | lr=9.755283e-04 | loss=22.332191
Epoch 003 | Step 20 | lr=9.755283e-04 | loss=21.922777
Epoch 003 | Step 30 | lr=9.755283e-04 | loss=20.761324
Epoch 003 | Step 40 | lr=9.755283e-04 | loss=22.778936
Epoch 003 | Step 50 | lr=9.755283e-04 | loss=21.270782
Epoch 003 | Step 60 | lr=9.755283e-04 | loss=22.084915
Epoch 003 | Step 70 | lr=9.755283e-04 | loss=21.870871
Epoch 003 | Step 80 | lr=9.755283e-04 | loss=21.893036
Epoch 003 | Step 90 | lr=9.755283e-04 | loss=21.251957
Epoch 003 | Step 100 | lr=9.755283e-04 | loss=21.123009
Epoch 003 | Step 110 | lr=9.755283e-04 | loss=21.621254
Epoch 003 | Step 120 | lr=9.755283e-04 | loss=22.180637
Epoch 003 | Step 130 | lr=9.755283e-04 | loss=22.904400
Epoch 003 | Step 140 | lr=9.755283e-04 | loss=21.299566
Epoch 003 | Step 150 | lr=9.755283e-04 | loss=21.812981
Epoch 003 | Step 160 | lr=9.755283e-04 | loss=21.855522
Epoch 003 | Step 170 | lr=9.755283e-04 | loss=21.941832
Epoch 003 | Step 180 | lr=9.755283e-04 | loss=22.198376
Epoch 003 | Step 190 | lr=9.755283e-04 | loss=21.844093
Epoch 003 | Step 200 | lr=9.755283e-04 | loss=21.918173
Epoch 003 | Step 210 | lr=9.755283e-04 | loss=22.316841
Epoch 003 | Step 220 | lr=9.755283e-04 | loss=21.973444
Epoch 003 | Step 230 | lr=9.755283e-04 | loss=21.896660
Epoch 003 | Step 240 | lr=9.755283e-04 | loss=22.812916
Epoch 003 | Step 250 | lr=9.755283e-04 | loss=22.055012
Epoch 003 | Step 260 | lr=9.755283e-04 | loss=21.819181
Epoch 003 | Step 270 | lr=9.755283e-04 | loss=23.138737
Epoch 003 | Step 280 | lr=9.755283e-04 | loss=21.335724
Epoch 003 | Step 290 | lr=9.755283e-04 | loss=22.378841
Epoch 003 | Step 300 | lr=9.755283e-04 | loss=21.419865
Epoch 003 | Step 310 | lr=9.755283e-04 | loss=22.759998
Epoch 003 | Step 320 | lr=9.755283e-04 | loss=21.475906
Epoch 003 | Step 330 | lr=9.755283e-04 | loss=21.899290
Epoch 003 | Step 340 | lr=9.755283e-04 | loss=22.011738
Epoch 003 | Step 350 | lr=9.755283e-04 | loss=22.372810
Epoch 003 | Step 360 | lr=9.755283e-04 | loss=21.281076
Epoch 003 | Step 370 | lr=9.755283e-04 | loss=22.522089
Epoch 003 | Step 380 | lr=9.755283e-04 | loss=21.384773
Epoch 003 | Step 390 | lr=9.755283e-04 | loss=21.863106
Epoch 003 | Step 400 | lr=9.755283e-04 | loss=21.647320
Epoch 003 | Step 410 | lr=9.755283e-04 | loss=22.218987
Epoch 003 | Step 420 | lr=9.755283e-04 | loss=21.629419
Epoch 003 | Step 430 | lr=9.755283e-04 | loss=21.121593
Epoch 003 | Step 440 | lr=9.755283e-04 | loss=22.163975
Epoch 003 | Step 450 | lr=9.755283e-04 | loss=21.402481
Epoch 003 | Step 460 | lr=9.755283e-04 | loss=21.464924
Epoch 003 | Step 470 | lr=9.755283e-04 | loss=21.964331
Epoch 003 | Step 480 | lr=9.755283e-04 | loss=22.140350
Epoch 003 | Step 490 | lr=9.755283e-04 | loss=21.274748
Epoch 003 | Step 500 | lr=9.755283e-04 | loss=21.956860
Epoch 003 | Step 510 | lr=9.755283e-04 | loss=21.768236
Epoch 003 | Step 520 | lr=9.755283e-04 | loss=21.835609
Epoch 003 | Step 530 | lr=9.755283e-04 | loss=21.634104
Epoch 003 | Step 540 | lr=9.755283e-04 | loss=21.530590
Epoch 003 | Step 550 | lr=9.755283e-04 | loss=22.056023
Epoch 003 | Step 560 | lr=9.755283e-04 | loss=21.410063
Epoch 003 | Step 570 | lr=9.755283e-04 | loss=21.270046
Epoch 003 | Step 580 | lr=9.755283e-04 | loss=21.124918
Epoch 003 | Step 590 | lr=9.755283e-04 | loss=22.401875
Epoch 003 | Step 600 | lr=9.755283e-04 | loss=21.870672
Epoch 003 | Step 610 | lr=9.755283e-04 | loss=21.534325
Epoch 003 | Step 620 | lr=9.755283e-04 | loss=21.324923
Epoch 003 | Step 630 | lr=9.755283e-04 | loss=21.148766
Epoch 003 | Step 640 | lr=9.755283e-04 | loss=21.572311
Epoch 003 | Step 650 | lr=9.755283e-04 | loss=22.502396
Epoch 003 | Step 660 | lr=9.755283e-04 | loss=21.021868
Epoch 003 | Step 670 | lr=9.755283e-04 | loss=21.747202
Epoch 003 | Step 680 | lr=9.755283e-04 | loss=22.056183
Epoch 003 | Step 690 | lr=9.755283e-04 | loss=21.387844
Epoch 003 | Step 700 | lr=9.755283e-04 | loss=21.773806
Epoch 003 | Step 710 | lr=9.755283e-04 | loss=20.679817
Epoch 003 | Step 720 | lr=9.755283e-04 | loss=21.245543
Epoch 003 | Step 730 | lr=9.755283e-04 | loss=21.548685
Epoch 003 | Step 740 | lr=9.755283e-04 | loss=21.306135
Epoch 003 | Step 750 | lr=9.755283e-04 | loss=21.355665
Epoch 003 | Step 760 | lr=9.755283e-04 | loss=21.833616
Epoch 003 | Step 770 | lr=9.755283e-04 | loss=21.554125
Epoch 003 | Step 780 | lr=9.755283e-04 | loss=22.418552
Epoch 003 | Step 790 | lr=9.755283e-04 | loss=22.657173
Epoch 003 | Step 800 | lr=9.755283e-04 | loss=22.024853
Epoch 003 | Step 810 | lr=9.755283e-04 | loss=21.554243
Epoch 003 | Step 820 | lr=9.755283e-04 | loss=21.752960
Epoch 003 | Step 830 | lr=9.755283e-04 | loss=21.795551
Epoch 003 | Step 840 | lr=9.755283e-04 | loss=22.197762
Epoch 003 | Step 850 | lr=9.755283e-04 | loss=21.767948
Epoch 003 | Step 860 | lr=9.755283e-04 | loss=21.824940
Epoch 003 | Step 870 | lr=9.755283e-04 | loss=21.854782
Epoch 003 | Step 880 | lr=9.755283e-04 | loss=22.059521
Epoch 003 | Step 890 | lr=9.755283e-04 | loss=21.290585
Epoch 003 | Step 900 | lr=9.755283e-04 | loss=21.142315
Epoch 003 | Step 910 | lr=9.755283e-04 | loss=20.296497
Epoch 003 | Step 920 | lr=9.755283e-04 | loss=22.011162
Epoch 003 | Step 930 | lr=9.755283e-04 | loss=21.320612
Epoch 003 | Step 940 | lr=9.755283e-04 | loss=22.124664
Epoch 003 | Step 950 | lr=9.755283e-04 | loss=22.080784
Epoch 003 | Step 960 | lr=9.755283e-04 | loss=21.924400
epoch 003 | train_kld=21.806400 | val_kld=21.255079 | val_mae=0.008459 | val_mse=0.002208 | ord_acc@10=0.2784 | recall@10=0.7897
Epoch 004 | Step 10 | lr=9.455033e-04 | loss=20.918999
Epoch 004 | Step 20 | lr=9.455033e-04 | loss=21.671782
Epoch 004 | Step 30 | lr=9.455033e-04 | loss=21.298531
Epoch 004 | Step 40 | lr=9.455033e-04 | loss=20.759537
Epoch 004 | Step 50 | lr=9.455033e-04 | loss=21.690575
Epoch 004 | Step 60 | lr=9.455033e-04 | loss=22.053738
Epoch 004 | Step 70 | lr=9.455033e-04 | loss=21.663395
Epoch 004 | Step 80 | lr=9.455033e-04 | loss=21.521729
Epoch 004 | Step 90 | lr=9.455033e-04 | loss=21.091122
Epoch 004 | Step 100 | lr=9.455033e-04 | loss=21.792381
Epoch 004 | Step 110 | lr=9.455033e-04 | loss=21.758224
Epoch 004 | Step 120 | lr=9.455033e-04 | loss=21.248852
Epoch 004 | Step 130 | lr=9.455033e-04 | loss=21.694344
Epoch 004 | Step 140 | lr=9.455033e-04 | loss=22.102291
Epoch 004 | Step 150 | lr=9.455033e-04 | loss=21.761024
Epoch 004 | Step 160 | lr=9.455033e-04 | loss=21.821259
Epoch 004 | Step 170 | lr=9.455033e-04 | loss=20.751122
Epoch 004 | Step 180 | lr=9.455033e-04 | loss=21.458025
Epoch 004 | Step 190 | lr=9.455033e-04 | loss=21.246363
Epoch 004 | Step 200 | lr=9.455033e-04 | loss=21.267235
Epoch 004 | Step 210 | lr=9.455033e-04 | loss=21.417526
Epoch 004 | Step 220 | lr=9.455033e-04 | loss=21.799362
Epoch 004 | Step 230 | lr=9.455033e-04 | loss=21.845219
Epoch 004 | Step 240 | lr=9.455033e-04 | loss=22.274422
Epoch 004 | Step 250 | lr=9.455033e-04 | loss=21.481792
Epoch 004 | Step 260 | lr=9.455033e-04 | loss=21.407677
Epoch 004 | Step 270 | lr=9.455033e-04 | loss=21.059677
Epoch 004 | Step 280 | lr=9.455033e-04 | loss=21.971039
Epoch 004 | Step 290 | lr=9.455033e-04 | loss=21.337132
Epoch 004 | Step 300 | lr=9.455033e-04 | loss=21.610729
Epoch 004 | Step 310 | lr=9.455033e-04 | loss=21.140598
Epoch 004 | Step 320 | lr=9.455033e-04 | loss=21.234371
Epoch 004 | Step 330 | lr=9.455033e-04 | loss=21.226810
Epoch 004 | Step 340 | lr=9.455033e-04 | loss=21.202475
Epoch 004 | Step 350 | lr=9.455033e-04 | loss=22.084007
Epoch 004 | Step 360 | lr=9.455033e-04 | loss=20.917019
Epoch 004 | Step 370 | lr=9.455033e-04 | loss=21.854216
Epoch 004 | Step 380 | lr=9.455033e-04 | loss=21.934633
Epoch 004 | Step 390 | lr=9.455033e-04 | loss=21.601198
Epoch 004 | Step 400 | lr=9.455033e-04 | loss=21.066853
Epoch 004 | Step 410 | lr=9.455033e-04 | loss=21.361217
Epoch 004 | Step 420 | lr=9.455033e-04 | loss=21.410954
Epoch 004 | Step 430 | lr=9.455033e-04 | loss=21.999582
Epoch 004 | Step 440 | lr=9.455033e-04 | loss=21.084702
Epoch 004 | Step 450 | lr=9.455033e-04 | loss=21.484589
Epoch 004 | Step 460 | lr=9.455033e-04 | loss=21.123325
Epoch 004 | Step 470 | lr=9.455033e-04 | loss=23.271599
Epoch 004 | Step 480 | lr=9.455033e-04 | loss=22.058090
Epoch 004 | Step 490 | lr=9.455033e-04 | loss=21.206966
Epoch 004 | Step 500 | lr=9.455033e-04 | loss=21.902363
Epoch 004 | Step 510 | lr=9.455033e-04 | loss=21.727360
Epoch 004 | Step 520 | lr=9.455033e-04 | loss=21.751675
Epoch 004 | Step 530 | lr=9.455033e-04 | loss=21.932711
Epoch 004 | Step 540 | lr=9.455033e-04 | loss=21.969835
Epoch 004 | Step 550 | lr=9.455033e-04 | loss=20.363085
Epoch 004 | Step 560 | lr=9.455033e-04 | loss=22.183565
Epoch 004 | Step 570 | lr=9.455033e-04 | loss=21.367813
Epoch 004 | Step 580 | lr=9.455033e-04 | loss=21.366869
Epoch 004 | Step 590 | lr=9.455033e-04 | loss=20.880535
Epoch 004 | Step 600 | lr=9.455033e-04 | loss=22.227695
Epoch 004 | Step 610 | lr=9.455033e-04 | loss=21.167492
Epoch 004 | Step 620 | lr=9.455033e-04 | loss=21.509876
Epoch 004 | Step 630 | lr=9.455033e-04 | loss=21.393356
Epoch 004 | Step 640 | lr=9.455033e-04 | loss=21.612129
Epoch 004 | Step 650 | lr=9.455033e-04 | loss=21.212990
Epoch 004 | Step 660 | lr=9.455033e-04 | loss=21.381554
Epoch 004 | Step 670 | lr=9.455033e-04 | loss=20.891359
Epoch 004 | Step 680 | lr=9.455033e-04 | loss=21.605152
Epoch 004 | Step 690 | lr=9.455033e-04 | loss=21.305943
Epoch 004 | Step 700 | lr=9.455033e-04 | loss=21.498001
Epoch 004 | Step 710 | lr=9.455033e-04 | loss=21.346825
Epoch 004 | Step 720 | lr=9.455033e-04 | loss=21.686682
Epoch 004 | Step 730 | lr=9.455033e-04 | loss=21.478714
Epoch 004 | Step 740 | lr=9.455033e-04 | loss=21.531879
Epoch 004 | Step 750 | lr=9.455033e-04 | loss=20.816048
Epoch 004 | Step 760 | lr=9.455033e-04 | loss=20.770899
Epoch 004 | Step 770 | lr=9.455033e-04 | loss=21.282656
Epoch 004 | Step 780 | lr=9.455033e-04 | loss=21.361467
Epoch 004 | Step 790 | lr=9.455033e-04 | loss=22.002495
Epoch 004 | Step 800 | lr=9.455033e-04 | loss=20.748066
Epoch 004 | Step 810 | lr=9.455033e-04 | loss=20.639648
Epoch 004 | Step 820 | lr=9.455033e-04 | loss=21.740200
Epoch 004 | Step 830 | lr=9.455033e-04 | loss=21.285467
Epoch 004 | Step 840 | lr=9.455033e-04 | loss=21.591127
Epoch 004 | Step 850 | lr=9.455033e-04 | loss=21.914265
Epoch 004 | Step 860 | lr=9.455033e-04 | loss=21.518656
Epoch 004 | Step 870 | lr=9.455033e-04 | loss=22.443455
Epoch 004 | Step 880 | lr=9.455033e-04 | loss=21.907539
Epoch 004 | Step 890 | lr=9.455033e-04 | loss=20.580143
Epoch 004 | Step 900 | lr=9.455033e-04 | loss=21.718721
Epoch 004 | Step 910 | lr=9.455033e-04 | loss=21.826672
Epoch 004 | Step 920 | lr=9.455033e-04 | loss=21.387054
Epoch 004 | Step 930 | lr=9.455033e-04 | loss=21.138643
Epoch 004 | Step 940 | lr=9.455033e-04 | loss=21.894621
Epoch 004 | Step 950 | lr=9.455033e-04 | loss=20.650724
Epoch 004 | Step 960 | lr=9.455033e-04 | loss=21.216591
epoch 004 | train_kld=21.553159 | val_kld=21.029136 | val_mae=0.008395 | val_mse=0.002132 | ord_acc@10=0.2841 | recall@10=0.7792
Epoch 005 | Step 10 | lr=9.045085e-04 | loss=21.521749
Epoch 005 | Step 20 | lr=9.045085e-04 | loss=21.655983
Epoch 005 | Step 30 | lr=9.045085e-04 | loss=21.303091
Epoch 005 | Step 40 | lr=9.045085e-04 | loss=20.477039
Epoch 005 | Step 50 | lr=9.045085e-04 | loss=21.267128
Epoch 005 | Step 60 | lr=9.045085e-04 | loss=21.571268
Epoch 005 | Step 70 | lr=9.045085e-04 | loss=21.847036
Epoch 005 | Step 80 | lr=9.045085e-04 | loss=21.498886
Epoch 005 | Step 90 | lr=9.045085e-04 | loss=21.168793
Epoch 005 | Step 100 | lr=9.045085e-04 | loss=21.305241
Epoch 005 | Step 110 | lr=9.045085e-04 | loss=21.005068
Epoch 005 | Step 120 | lr=9.045085e-04 | loss=20.231869
Epoch 005 | Step 130 | lr=9.045085e-04 | loss=21.026321
Epoch 005 | Step 140 | lr=9.045085e-04 | loss=21.705677
Epoch 005 | Step 150 | lr=9.045085e-04 | loss=21.484520
Epoch 005 | Step 160 | lr=9.045085e-04 | loss=21.123199
Epoch 005 | Step 170 | lr=9.045085e-04 | loss=20.658943
Epoch 005 | Step 180 | lr=9.045085e-04 | loss=20.953667
Epoch 005 | Step 190 | lr=9.045085e-04 | loss=21.555082
Epoch 005 | Step 200 | lr=9.045085e-04 | loss=20.698317
Epoch 005 | Step 210 | lr=9.045085e-04 | loss=20.719101
Epoch 005 | Step 220 | lr=9.045085e-04 | loss=21.742430
Epoch 005 | Step 230 | lr=9.045085e-04 | loss=20.495529
Epoch 005 | Step 240 | lr=9.045085e-04 | loss=20.805973
Epoch 005 | Step 250 | lr=9.045085e-04 | loss=20.962170
Epoch 005 | Step 260 | lr=9.045085e-04 | loss=21.211967
Epoch 005 | Step 270 | lr=9.045085e-04 | loss=21.121017
Epoch 005 | Step 280 | lr=9.045085e-04 | loss=21.423042
Epoch 005 | Step 290 | lr=9.045085e-04 | loss=21.138390
Epoch 005 | Step 300 | lr=9.045085e-04 | loss=20.795973
Epoch 005 | Step 310 | lr=9.045085e-04 | loss=21.305410
Epoch 005 | Step 320 | lr=9.045085e-04 | loss=20.908901
Epoch 005 | Step 330 | lr=9.045085e-04 | loss=20.756540
Epoch 005 | Step 340 | lr=9.045085e-04 | loss=22.014145
Epoch 005 | Step 350 | lr=9.045085e-04 | loss=21.245361
Epoch 005 | Step 360 | lr=9.045085e-04 | loss=21.636610
Epoch 005 | Step 370 | lr=9.045085e-04 | loss=20.169437
Epoch 005 | Step 380 | lr=9.045085e-04 | loss=21.088017
Epoch 005 | Step 390 | lr=9.045085e-04 | loss=20.729546
Epoch 005 | Step 400 | lr=9.045085e-04 | loss=21.351627
Epoch 005 | Step 410 | lr=9.045085e-04 | loss=21.289200
Epoch 005 | Step 420 | lr=9.045085e-04 | loss=20.978424
Epoch 005 | Step 430 | lr=9.045085e-04 | loss=21.573669
Epoch 005 | Step 440 | lr=9.045085e-04 | loss=21.741201
Epoch 005 | Step 450 | lr=9.045085e-04 | loss=21.702114
Epoch 005 | Step 460 | lr=9.045085e-04 | loss=20.211203
Epoch 005 | Step 470 | lr=9.045085e-04 | loss=21.473000
Epoch 005 | Step 480 | lr=9.045085e-04 | loss=21.529121
Epoch 005 | Step 490 | lr=9.045085e-04 | loss=21.235638
Epoch 005 | Step 500 | lr=9.045085e-04 | loss=22.255386
Epoch 005 | Step 510 | lr=9.045085e-04 | loss=20.525139
Epoch 005 | Step 520 | lr=9.045085e-04 | loss=21.421021
Epoch 005 | Step 530 | lr=9.045085e-04 | loss=21.443645
Epoch 005 | Step 540 | lr=9.045085e-04 | loss=21.474823
Epoch 005 | Step 550 | lr=9.045085e-04 | loss=21.881119
Epoch 005 | Step 560 | lr=9.045085e-04 | loss=21.879725
Epoch 005 | Step 570 | lr=9.045085e-04 | loss=20.889479
Epoch 005 | Step 580 | lr=9.045085e-04 | loss=21.542168
Epoch 005 | Step 590 | lr=9.045085e-04 | loss=22.140209
Epoch 005 | Step 600 | lr=9.045085e-04 | loss=21.745506
Epoch 005 | Step 610 | lr=9.045085e-04 | loss=21.358639
Epoch 005 | Step 620 | lr=9.045085e-04 | loss=21.777626
Epoch 005 | Step 630 | lr=9.045085e-04 | loss=21.808409
Epoch 005 | Step 640 | lr=9.045085e-04 | loss=22.150761
Epoch 005 | Step 650 | lr=9.045085e-04 | loss=21.447660
Epoch 005 | Step 660 | lr=9.045085e-04 | loss=21.376940
Epoch 005 | Step 670 | lr=9.045085e-04 | loss=21.177448
Epoch 005 | Step 680 | lr=9.045085e-04 | loss=21.718884
Epoch 005 | Step 690 | lr=9.045085e-04 | loss=21.938457
Epoch 005 | Step 700 | lr=9.045085e-04 | loss=21.200550
Epoch 005 | Step 710 | lr=9.045085e-04 | loss=21.791039
Epoch 005 | Step 720 | lr=9.045085e-04 | loss=21.322926
Epoch 005 | Step 730 | lr=9.045085e-04 | loss=21.075974
Epoch 005 | Step 740 | lr=9.045085e-04 | loss=21.685278
Epoch 005 | Step 750 | lr=9.045085e-04 | loss=21.670883
Epoch 005 | Step 760 | lr=9.045085e-04 | loss=20.957939
Epoch 005 | Step 770 | lr=9.045085e-04 | loss=21.451817
Epoch 005 | Step 780 | lr=9.045085e-04 | loss=21.984106
Epoch 005 | Step 790 | lr=9.045085e-04 | loss=21.569843
Epoch 005 | Step 800 | lr=9.045085e-04 | loss=20.979208
Epoch 005 | Step 810 | lr=9.045085e-04 | loss=21.569172
Epoch 005 | Step 820 | lr=9.045085e-04 | loss=21.546619
Epoch 005 | Step 830 | lr=9.045085e-04 | loss=21.136591
Epoch 005 | Step 840 | lr=9.045085e-04 | loss=20.880096
Epoch 005 | Step 850 | lr=9.045085e-04 | loss=21.121010
Epoch 005 | Step 860 | lr=9.045085e-04 | loss=22.008194
Epoch 005 | Step 870 | lr=9.045085e-04 | loss=21.799797
Epoch 005 | Step 880 | lr=9.045085e-04 | loss=21.195196
Epoch 005 | Step 890 | lr=9.045085e-04 | loss=21.654751
Epoch 005 | Step 900 | lr=9.045085e-04 | loss=20.541441
Epoch 005 | Step 910 | lr=9.045085e-04 | loss=21.582478
Epoch 005 | Step 920 | lr=9.045085e-04 | loss=21.328554
Epoch 005 | Step 930 | lr=9.045085e-04 | loss=21.236521
Epoch 005 | Step 940 | lr=9.045085e-04 | loss=21.189009
Epoch 005 | Step 950 | lr=9.045085e-04 | loss=21.046019
Epoch 005 | Step 960 | lr=9.045085e-04 | loss=21.794966
epoch 005 | train_kld=21.308022 | val_kld=20.848225 | val_mae=0.008264 | val_mse=0.002065 | ord_acc@10=0.2846 | recall@10=0.7711
Epoch 006 | Step 10 | lr=8.535534e-04 | loss=20.566608
Epoch 006 | Step 20 | lr=8.535534e-04 | loss=20.609287
Epoch 006 | Step 30 | lr=8.535534e-04 | loss=20.743992
Epoch 006 | Step 40 | lr=8.535534e-04 | loss=20.048336
Epoch 006 | Step 50 | lr=8.535534e-04 | loss=20.393332
Epoch 006 | Step 60 | lr=8.535534e-04 | loss=21.205044
Epoch 006 | Step 70 | lr=8.535534e-04 | loss=21.019123
Epoch 006 | Step 80 | lr=8.535534e-04 | loss=22.395329
Epoch 006 | Step 90 | lr=8.535534e-04 | loss=21.081253
Epoch 006 | Step 100 | lr=8.535534e-04 | loss=21.463795
Epoch 006 | Step 110 | lr=8.535534e-04 | loss=21.833179
Epoch 006 | Step 120 | lr=8.535534e-04 | loss=20.594177
Epoch 006 | Step 130 | lr=8.535534e-04 | loss=20.259392
Epoch 006 | Step 140 | lr=8.535534e-04 | loss=20.483574
Epoch 006 | Step 150 | lr=8.535534e-04 | loss=21.330530
Epoch 006 | Step 160 | lr=8.535534e-04 | loss=21.668888
Epoch 006 | Step 170 | lr=8.535534e-04 | loss=20.399742
Epoch 006 | Step 180 | lr=8.535534e-04 | loss=21.114262
Epoch 006 | Step 190 | lr=8.535534e-04 | loss=21.559744
Epoch 006 | Step 200 | lr=8.535534e-04 | loss=20.616701
Epoch 006 | Step 210 | lr=8.535534e-04 | loss=21.597528
Epoch 006 | Step 220 | lr=8.535534e-04 | loss=21.078018
Epoch 006 | Step 230 | lr=8.535534e-04 | loss=20.508549
Epoch 006 | Step 240 | lr=8.535534e-04 | loss=20.996620
Epoch 006 | Step 250 | lr=8.535534e-04 | loss=21.235874
Epoch 006 | Step 260 | lr=8.535534e-04 | loss=21.270447
Epoch 006 | Step 270 | lr=8.535534e-04 | loss=21.021431
Epoch 006 | Step 280 | lr=8.535534e-04 | loss=20.345966
Epoch 006 | Step 290 | lr=8.535534e-04 | loss=20.261589
Epoch 006 | Step 300 | lr=8.535534e-04 | loss=21.534555
Epoch 006 | Step 310 | lr=8.535534e-04 | loss=21.785149
Epoch 006 | Step 320 | lr=8.535534e-04 | loss=21.594753
Epoch 006 | Step 330 | lr=8.535534e-04 | loss=21.367380
Epoch 006 | Step 340 | lr=8.535534e-04 | loss=21.383347
Epoch 006 | Step 350 | lr=8.535534e-04 | loss=21.030136
Epoch 006 | Step 360 | lr=8.535534e-04 | loss=21.235073
Epoch 006 | Step 370 | lr=8.535534e-04 | loss=20.923122
Epoch 006 | Step 380 | lr=8.535534e-04 | loss=20.695520
Epoch 006 | Step 390 | lr=8.535534e-04 | loss=20.903624
Epoch 006 | Step 400 | lr=8.535534e-04 | loss=20.725477
Epoch 006 | Step 410 | lr=8.535534e-04 | loss=21.563763
Epoch 006 | Step 420 | lr=8.535534e-04 | loss=20.112167
Epoch 006 | Step 430 | lr=8.535534e-04 | loss=21.035927
Epoch 006 | Step 440 | lr=8.535534e-04 | loss=21.550697
Epoch 006 | Step 450 | lr=8.535534e-04 | loss=21.405449
Epoch 006 | Step 460 | lr=8.535534e-04 | loss=21.257254
Epoch 006 | Step 470 | lr=8.535534e-04 | loss=21.312492
Epoch 006 | Step 480 | lr=8.535534e-04 | loss=21.754246
Epoch 006 | Step 490 | lr=8.535534e-04 | loss=21.401783
Epoch 006 | Step 500 | lr=8.535534e-04 | loss=21.011208
Epoch 006 | Step 510 | lr=8.535534e-04 | loss=21.163055
Epoch 006 | Step 520 | lr=8.535534e-04 | loss=20.809799
Epoch 006 | Step 530 | lr=8.535534e-04 | loss=21.581413
Epoch 006 | Step 540 | lr=8.535534e-04 | loss=20.743607
Epoch 006 | Step 550 | lr=8.535534e-04 | loss=20.853119
Epoch 006 | Step 560 | lr=8.535534e-04 | loss=21.375639
Epoch 006 | Step 570 | lr=8.535534e-04 | loss=21.630758
Epoch 006 | Step 580 | lr=8.535534e-04 | loss=21.796989
Epoch 006 | Step 590 | lr=8.535534e-04 | loss=21.665371
Epoch 006 | Step 600 | lr=8.535534e-04 | loss=21.653482
Epoch 006 | Step 610 | lr=8.535534e-04 | loss=21.794800
Epoch 006 | Step 620 | lr=8.535534e-04 | loss=20.856689
Epoch 006 | Step 630 | lr=8.535534e-04 | loss=21.280046
Epoch 006 | Step 640 | lr=8.535534e-04 | loss=20.889477
Epoch 006 | Step 650 | lr=8.535534e-04 | loss=20.472195
Epoch 006 | Step 660 | lr=8.535534e-04 | loss=21.934612
Epoch 006 | Step 670 | lr=8.535534e-04 | loss=20.755306
Epoch 006 | Step 680 | lr=8.535534e-04 | loss=20.590193
Epoch 006 | Step 690 | lr=8.535534e-04 | loss=21.184135
Epoch 006 | Step 700 | lr=8.535534e-04 | loss=21.588646
Epoch 006 | Step 710 | lr=8.535534e-04 | loss=20.828342
Epoch 006 | Step 720 | lr=8.535534e-04 | loss=20.593672
Epoch 006 | Step 730 | lr=8.535534e-04 | loss=21.091002
Epoch 006 | Step 740 | lr=8.535534e-04 | loss=21.236935
Epoch 006 | Step 750 | lr=8.535534e-04 | loss=21.488863
Epoch 006 | Step 760 | lr=8.535534e-04 | loss=20.624046
Epoch 006 | Step 770 | lr=8.535534e-04 | loss=21.680607
Epoch 006 | Step 780 | lr=8.535534e-04 | loss=21.871380
Epoch 006 | Step 790 | lr=8.535534e-04 | loss=20.914314
Epoch 006 | Step 800 | lr=8.535534e-04 | loss=20.659538
Epoch 006 | Step 810 | lr=8.535534e-04 | loss=22.250746
Epoch 006 | Step 820 | lr=8.535534e-04 | loss=20.601665
Epoch 006 | Step 830 | lr=8.535534e-04 | loss=20.539465
Epoch 006 | Step 840 | lr=8.535534e-04 | loss=21.549694
Epoch 006 | Step 850 | lr=8.535534e-04 | loss=20.398914
Epoch 006 | Step 860 | lr=8.535534e-04 | loss=20.760704
Epoch 006 | Step 870 | lr=8.535534e-04 | loss=20.160198
Epoch 006 | Step 880 | lr=8.535534e-04 | loss=21.046120
Epoch 006 | Step 890 | lr=8.535534e-04 | loss=21.735634
Epoch 006 | Step 900 | lr=8.535534e-04 | loss=21.425270
Epoch 006 | Step 910 | lr=8.535534e-04 | loss=20.963955
Epoch 006 | Step 920 | lr=8.535534e-04 | loss=20.562046
Epoch 006 | Step 930 | lr=8.535534e-04 | loss=21.475445
Epoch 006 | Step 940 | lr=8.535534e-04 | loss=20.139233
Epoch 006 | Step 950 | lr=8.535534e-04 | loss=21.903448
Epoch 006 | Step 960 | lr=8.535534e-04 | loss=21.247244
epoch 006 | train_kld=21.116402 | val_kld=20.715127 | val_mae=0.008461 | val_mse=0.002209 | ord_acc@10=0.2873 | recall@10=0.7679
Epoch 007 | Step 10 | lr=7.938926e-04 | loss=20.650280
Epoch 007 | Step 20 | lr=7.938926e-04 | loss=20.987864
Epoch 007 | Step 30 | lr=7.938926e-04 | loss=20.975628
Epoch 007 | Step 40 | lr=7.938926e-04 | loss=20.660583
Epoch 007 | Step 50 | lr=7.938926e-04 | loss=21.152826
Epoch 007 | Step 60 | lr=7.938926e-04 | loss=21.506617
Epoch 007 | Step 70 | lr=7.938926e-04 | loss=20.562979
Epoch 007 | Step 80 | lr=7.938926e-04 | loss=20.979416
Epoch 007 | Step 90 | lr=7.938926e-04 | loss=22.031033
Epoch 007 | Step 100 | lr=7.938926e-04 | loss=21.640862
Epoch 007 | Step 110 | lr=7.938926e-04 | loss=20.789612
Epoch 007 | Step 120 | lr=7.938926e-04 | loss=21.304417
Epoch 007 | Step 130 | lr=7.938926e-04 | loss=20.833076
Epoch 007 | Step 140 | lr=7.938926e-04 | loss=21.150208
Epoch 007 | Step 150 | lr=7.938926e-04 | loss=21.048969
Epoch 007 | Step 160 | lr=7.938926e-04 | loss=21.097237
Epoch 007 | Step 170 | lr=7.938926e-04 | loss=21.497025
Epoch 007 | Step 180 | lr=7.938926e-04 | loss=20.562241
Epoch 007 | Step 190 | lr=7.938926e-04 | loss=20.606316
Epoch 007 | Step 200 | lr=7.938926e-04 | loss=21.124481
Epoch 007 | Step 210 | lr=7.938926e-04 | loss=20.110514
Epoch 007 | Step 220 | lr=7.938926e-04 | loss=20.985235
Epoch 007 | Step 230 | lr=7.938926e-04 | loss=21.033890
Epoch 007 | Step 240 | lr=7.938926e-04 | loss=21.051619
Epoch 007 | Step 250 | lr=7.938926e-04 | loss=20.454815
Epoch 007 | Step 260 | lr=7.938926e-04 | loss=20.225086
Epoch 007 | Step 270 | lr=7.938926e-04 | loss=20.518288
Epoch 007 | Step 280 | lr=7.938926e-04 | loss=21.243378
Epoch 007 | Step 290 | lr=7.938926e-04 | loss=20.791519
Epoch 007 | Step 300 | lr=7.938926e-04 | loss=21.027294
Epoch 007 | Step 310 | lr=7.938926e-04 | loss=21.300196
Epoch 007 | Step 320 | lr=7.938926e-04 | loss=20.925369
Epoch 007 | Step 330 | lr=7.938926e-04 | loss=20.371597
Epoch 007 | Step 340 | lr=7.938926e-04 | loss=20.177837
Epoch 007 | Step 350 | lr=7.938926e-04 | loss=21.773016
Epoch 007 | Step 360 | lr=7.938926e-04 | loss=21.625648
Epoch 007 | Step 370 | lr=7.938926e-04 | loss=21.101923
Epoch 007 | Step 380 | lr=7.938926e-04 | loss=20.902615
Epoch 007 | Step 390 | lr=7.938926e-04 | loss=21.163223
Epoch 007 | Step 400 | lr=7.938926e-04 | loss=20.999222
Epoch 007 | Step 410 | lr=7.938926e-04 | loss=21.064548
Epoch 007 | Step 420 | lr=7.938926e-04 | loss=20.490770
Epoch 007 | Step 430 | lr=7.938926e-04 | loss=20.783264
Epoch 007 | Step 440 | lr=7.938926e-04 | loss=21.351349
Epoch 007 | Step 450 | lr=7.938926e-04 | loss=20.875895
Epoch 007 | Step 460 | lr=7.938926e-04 | loss=20.551777
Epoch 007 | Step 470 | lr=7.938926e-04 | loss=20.396027
Epoch 007 | Step 480 | lr=7.938926e-04 | loss=21.059452
Epoch 007 | Step 490 | lr=7.938926e-04 | loss=19.972536
Epoch 007 | Step 500 | lr=7.938926e-04 | loss=20.544415
Epoch 007 | Step 510 | lr=7.938926e-04 | loss=21.149832
Epoch 007 | Step 520 | lr=7.938926e-04 | loss=21.448902
Epoch 007 | Step 530 | lr=7.938926e-04 | loss=20.653696
Epoch 007 | Step 540 | lr=7.938926e-04 | loss=20.827702
Epoch 007 | Step 550 | lr=7.938926e-04 | loss=20.173878
Epoch 007 | Step 560 | lr=7.938926e-04 | loss=21.226961
Epoch 007 | Step 570 | lr=7.938926e-04 | loss=21.473742
Epoch 007 | Step 580 | lr=7.938926e-04 | loss=20.549955
Epoch 007 | Step 590 | lr=7.938926e-04 | loss=20.970898
Epoch 007 | Step 600 | lr=7.938926e-04 | loss=21.354671
Epoch 007 | Step 610 | lr=7.938926e-04 | loss=21.299936
Epoch 007 | Step 620 | lr=7.938926e-04 | loss=21.586197
Epoch 007 | Step 630 | lr=7.938926e-04 | loss=21.465912
Epoch 007 | Step 640 | lr=7.938926e-04 | loss=21.207554
Epoch 007 | Step 650 | lr=7.938926e-04 | loss=20.572803
Epoch 007 | Step 660 | lr=7.938926e-04 | loss=20.102737
Epoch 007 | Step 670 | lr=7.938926e-04 | loss=20.615585
Epoch 007 | Step 680 | lr=7.938926e-04 | loss=21.155869
Epoch 007 | Step 690 | lr=7.938926e-04 | loss=21.004694
Epoch 007 | Step 700 | lr=7.938926e-04 | loss=20.730289
Epoch 007 | Step 710 | lr=7.938926e-04 | loss=20.834900
Epoch 007 | Step 720 | lr=7.938926e-04 | loss=21.186245
Epoch 007 | Step 730 | lr=7.938926e-04 | loss=21.058521
Epoch 007 | Step 740 | lr=7.938926e-04 | loss=20.653034
Epoch 007 | Step 750 | lr=7.938926e-04 | loss=19.801323
Epoch 007 | Step 760 | lr=7.938926e-04 | loss=21.542076
Epoch 007 | Step 770 | lr=7.938926e-04 | loss=20.809698
Epoch 007 | Step 780 | lr=7.938926e-04 | loss=20.938606
Epoch 007 | Step 790 | lr=7.938926e-04 | loss=21.092962
Epoch 007 | Step 800 | lr=7.938926e-04 | loss=21.548674
Epoch 007 | Step 810 | lr=7.938926e-04 | loss=21.001381
Epoch 007 | Step 820 | lr=7.938926e-04 | loss=21.348377
Epoch 007 | Step 830 | lr=7.938926e-04 | loss=21.274521
Epoch 007 | Step 840 | lr=7.938926e-04 | loss=20.742857
Epoch 007 | Step 850 | lr=7.938926e-04 | loss=20.402035
Epoch 007 | Step 860 | lr=7.938926e-04 | loss=20.580265
Epoch 007 | Step 870 | lr=7.938926e-04 | loss=21.314734
Epoch 007 | Step 880 | lr=7.938926e-04 | loss=19.663654
Epoch 007 | Step 890 | lr=7.938926e-04 | loss=21.724174
Epoch 007 | Step 900 | lr=7.938926e-04 | loss=20.813635
Epoch 007 | Step 910 | lr=7.938926e-04 | loss=20.823830
Epoch 007 | Step 920 | lr=7.938926e-04 | loss=19.987209
Epoch 007 | Step 930 | lr=7.938926e-04 | loss=21.908352
Epoch 007 | Step 940 | lr=7.938926e-04 | loss=20.937698
Epoch 007 | Step 950 | lr=7.938926e-04 | loss=22.212618
Epoch 007 | Step 960 | lr=7.938926e-04 | loss=19.950500
epoch 007 | train_kld=20.925038 | val_kld=20.742226 | val_mae=0.008725 | val_mse=0.002399 | ord_acc@10=0.2880 | recall@10=0.7754
Epoch 008 | Step 10 | lr=7.269952e-04 | loss=20.875889
Epoch 008 | Step 20 | lr=7.269952e-04 | loss=20.897587
Epoch 008 | Step 30 | lr=7.269952e-04 | loss=20.208981
Epoch 008 | Step 40 | lr=7.269952e-04 | loss=20.786060
Epoch 008 | Step 50 | lr=7.269952e-04 | loss=20.578558
Epoch 008 | Step 60 | lr=7.269952e-04 | loss=20.930088
Epoch 008 | Step 70 | lr=7.269952e-04 | loss=20.025534
Epoch 008 | Step 80 | lr=7.269952e-04 | loss=20.573259
Epoch 008 | Step 90 | lr=7.269952e-04 | loss=20.744022
Epoch 008 | Step 100 | lr=7.269952e-04 | loss=20.247883
Epoch 008 | Step 110 | lr=7.269952e-04 | loss=20.915520
Epoch 008 | Step 120 | lr=7.269952e-04 | loss=20.387253
Epoch 008 | Step 130 | lr=7.269952e-04 | loss=21.039284
Epoch 008 | Step 140 | lr=7.269952e-04 | loss=20.394796
Epoch 008 | Step 150 | lr=7.269952e-04 | loss=20.782818
Epoch 008 | Step 160 | lr=7.269952e-04 | loss=20.507149
Epoch 008 | Step 170 | lr=7.269952e-04 | loss=21.332226
Epoch 008 | Step 180 | lr=7.269952e-04 | loss=21.140076
Epoch 008 | Step 190 | lr=7.269952e-04 | loss=20.289143
Epoch 008 | Step 200 | lr=7.269952e-04 | loss=21.417034
Epoch 008 | Step 210 | lr=7.269952e-04 | loss=20.826649
Epoch 008 | Step 220 | lr=7.269952e-04 | loss=21.480482
Epoch 008 | Step 230 | lr=7.269952e-04 | loss=20.783905
Epoch 008 | Step 240 | lr=7.269952e-04 | loss=20.968555
Epoch 008 | Step 250 | lr=7.269952e-04 | loss=20.603769
Epoch 008 | Step 260 | lr=7.269952e-04 | loss=20.370018
Epoch 008 | Step 270 | lr=7.269952e-04 | loss=20.344505
Epoch 008 | Step 280 | lr=7.269952e-04 | loss=20.294468
Epoch 008 | Step 290 | lr=7.269952e-04 | loss=20.029091
Epoch 008 | Step 300 | lr=7.269952e-04 | loss=21.042461
Epoch 008 | Step 310 | lr=7.269952e-04 | loss=20.354774
Epoch 008 | Step 320 | lr=7.269952e-04 | loss=20.862183
Epoch 008 | Step 330 | lr=7.269952e-04 | loss=20.735109
Epoch 008 | Step 340 | lr=7.269952e-04 | loss=21.032040
Epoch 008 | Step 350 | lr=7.269952e-04 | loss=20.734829
Epoch 008 | Step 360 | lr=7.269952e-04 | loss=20.851128
Epoch 008 | Step 370 | lr=7.269952e-04 | loss=19.880642
Epoch 008 | Step 380 | lr=7.269952e-04 | loss=20.941738
Epoch 008 | Step 390 | lr=7.269952e-04 | loss=21.167141
Epoch 008 | Step 400 | lr=7.269952e-04 | loss=21.350250
Epoch 008 | Step 410 | lr=7.269952e-04 | loss=20.664749
Epoch 008 | Step 420 | lr=7.269952e-04 | loss=20.453617
Epoch 008 | Step 430 | lr=7.269952e-04 | loss=20.782085
Epoch 008 | Step 440 | lr=7.269952e-04 | loss=20.794285
Epoch 008 | Step 450 | lr=7.269952e-04 | loss=20.639191
Epoch 008 | Step 460 | lr=7.269952e-04 | loss=20.532326
Epoch 008 | Step 470 | lr=7.269952e-04 | loss=20.804106
Epoch 008 | Step 480 | lr=7.269952e-04 | loss=20.665913
Epoch 008 | Step 490 | lr=7.269952e-04 | loss=20.936399
Epoch 008 | Step 500 | lr=7.269952e-04 | loss=21.188559
Epoch 008 | Step 510 | lr=7.269952e-04 | loss=21.287670
Epoch 008 | Step 520 | lr=7.269952e-04 | loss=21.394882
Epoch 008 | Step 530 | lr=7.269952e-04 | loss=20.362127
Epoch 008 | Step 540 | lr=7.269952e-04 | loss=20.055595
Epoch 008 | Step 550 | lr=7.269952e-04 | loss=19.933228
Epoch 008 | Step 560 | lr=7.269952e-04 | loss=20.837002
Epoch 008 | Step 570 | lr=7.269952e-04 | loss=21.257914
Epoch 008 | Step 580 | lr=7.269952e-04 | loss=21.621414
Epoch 008 | Step 590 | lr=7.269952e-04 | loss=20.245260
Epoch 008 | Step 600 | lr=7.269952e-04 | loss=19.779549
Epoch 008 | Step 610 | lr=7.269952e-04 | loss=21.621670
Epoch 008 | Step 620 | lr=7.269952e-04 | loss=21.085625
Epoch 008 | Step 630 | lr=7.269952e-04 | loss=20.527363
Epoch 008 | Step 640 | lr=7.269952e-04 | loss=21.232014
Epoch 008 | Step 650 | lr=7.269952e-04 | loss=20.307396
Epoch 008 | Step 660 | lr=7.269952e-04 | loss=21.509052
Epoch 008 | Step 670 | lr=7.269952e-04 | loss=20.731840
Epoch 008 | Step 680 | lr=7.269952e-04 | loss=20.666473
Epoch 008 | Step 690 | lr=7.269952e-04 | loss=20.513041
Epoch 008 | Step 700 | lr=7.269952e-04 | loss=20.105328
Epoch 008 | Step 710 | lr=7.269952e-04 | loss=20.726990
Epoch 008 | Step 720 | lr=7.269952e-04 | loss=20.916822
Epoch 008 | Step 730 | lr=7.269952e-04 | loss=20.971628
Epoch 008 | Step 740 | lr=7.269952e-04 | loss=19.692116
Epoch 008 | Step 750 | lr=7.269952e-04 | loss=20.695110
Epoch 008 | Step 760 | lr=7.269952e-04 | loss=21.616713
Epoch 008 | Step 770 | lr=7.269952e-04 | loss=20.801676
Epoch 008 | Step 780 | lr=7.269952e-04 | loss=20.371588
Epoch 008 | Step 790 | lr=7.269952e-04 | loss=20.390759
Epoch 008 | Step 800 | lr=7.269952e-04 | loss=20.555004
Epoch 008 | Step 810 | lr=7.269952e-04 | loss=20.337009
Epoch 008 | Step 820 | lr=7.269952e-04 | loss=21.577141
Epoch 008 | Step 830 | lr=7.269952e-04 | loss=20.232664
Epoch 008 | Step 840 | lr=7.269952e-04 | loss=21.766087
Epoch 008 | Step 850 | lr=7.269952e-04 | loss=20.722000
Epoch 008 | Step 860 | lr=7.269952e-04 | loss=20.148739
Epoch 008 | Step 870 | lr=7.269952e-04 | loss=20.628529
Epoch 008 | Step 880 | lr=7.269952e-04 | loss=20.637568
Epoch 008 | Step 890 | lr=7.269952e-04 | loss=22.089369
Epoch 008 | Step 900 | lr=7.269952e-04 | loss=20.509663
Epoch 008 | Step 910 | lr=7.269952e-04 | loss=20.732244
Epoch 008 | Step 920 | lr=7.269952e-04 | loss=20.640642
Epoch 008 | Step 930 | lr=7.269952e-04 | loss=20.097839
Epoch 008 | Step 940 | lr=7.269952e-04 | loss=20.763868
Epoch 008 | Step 950 | lr=7.269952e-04 | loss=20.566402
Epoch 008 | Step 960 | lr=7.269952e-04 | loss=20.984049
epoch 008 | train_kld=20.758760 | val_kld=20.601126 | val_mae=0.008462 | val_mse=0.002210 | ord_acc@10=0.2896 | recall@10=0.7792
Epoch 009 | Step 10 | lr=6.545085e-04 | loss=20.790642
Epoch 009 | Step 20 | lr=6.545085e-04 | loss=21.112125
Epoch 009 | Step 30 | lr=6.545085e-04 | loss=20.166801
Epoch 009 | Step 40 | lr=6.545085e-04 | loss=20.284889
Epoch 009 | Step 50 | lr=6.545085e-04 | loss=20.100122
Epoch 009 | Step 60 | lr=6.545085e-04 | loss=20.744030
Epoch 009 | Step 70 | lr=6.545085e-04 | loss=20.170563
Epoch 009 | Step 80 | lr=6.545085e-04 | loss=20.896055
Epoch 009 | Step 90 | lr=6.545085e-04 | loss=20.547422
Epoch 009 | Step 100 | lr=6.545085e-04 | loss=21.025391
Epoch 009 | Step 110 | lr=6.545085e-04 | loss=19.921919
Epoch 009 | Step 120 | lr=6.545085e-04 | loss=21.119549
Epoch 009 | Step 130 | lr=6.545085e-04 | loss=19.792690
Epoch 009 | Step 140 | lr=6.545085e-04 | loss=20.325809
Epoch 009 | Step 150 | lr=6.545085e-04 | loss=20.213890
Epoch 009 | Step 160 | lr=6.545085e-04 | loss=20.544212
Epoch 009 | Step 170 | lr=6.545085e-04 | loss=21.388891
Epoch 009 | Step 180 | lr=6.545085e-04 | loss=20.037659
Epoch 009 | Step 190 | lr=6.545085e-04 | loss=20.101040
Epoch 009 | Step 200 | lr=6.545085e-04 | loss=20.840551
Epoch 009 | Step 210 | lr=6.545085e-04 | loss=20.065224
Epoch 009 | Step 220 | lr=6.545085e-04 | loss=20.479614
Epoch 009 | Step 230 | lr=6.545085e-04 | loss=20.476490
Epoch 009 | Step 240 | lr=6.545085e-04 | loss=20.818802
Epoch 009 | Step 250 | lr=6.545085e-04 | loss=21.437525
Epoch 009 | Step 260 | lr=6.545085e-04 | loss=20.750420
Epoch 009 | Step 270 | lr=6.545085e-04 | loss=20.085238
Epoch 009 | Step 280 | lr=6.545085e-04 | loss=20.759314
Epoch 009 | Step 290 | lr=6.545085e-04 | loss=20.879196
Epoch 009 | Step 300 | lr=6.545085e-04 | loss=21.131493
Epoch 009 | Step 310 | lr=6.545085e-04 | loss=20.761116
Epoch 009 | Step 320 | lr=6.545085e-04 | loss=20.846197
Epoch 009 | Step 330 | lr=6.545085e-04 | loss=20.618790
Epoch 009 | Step 340 | lr=6.545085e-04 | loss=20.019796
Epoch 009 | Step 350 | lr=6.545085e-04 | loss=20.534702
Epoch 009 | Step 360 | lr=6.545085e-04 | loss=20.465889
Epoch 009 | Step 370 | lr=6.545085e-04 | loss=20.521526
Epoch 009 | Step 380 | lr=6.545085e-04 | loss=20.633673
Epoch 009 | Step 390 | lr=6.545085e-04 | loss=20.916935
Epoch 009 | Step 400 | lr=6.545085e-04 | loss=19.617311
Epoch 009 | Step 410 | lr=6.545085e-04 | loss=20.290279
Epoch 009 | Step 420 | lr=6.545085e-04 | loss=19.992599
Epoch 009 | Step 430 | lr=6.545085e-04 | loss=20.200214
Epoch 009 | Step 440 | lr=6.545085e-04 | loss=20.817759
Epoch 009 | Step 450 | lr=6.545085e-04 | loss=20.435192
Epoch 009 | Step 460 | lr=6.545085e-04 | loss=20.285456
Epoch 009 | Step 470 | lr=6.545085e-04 | loss=20.283955
Epoch 009 | Step 480 | lr=6.545085e-04 | loss=21.139271
Epoch 009 | Step 490 | lr=6.545085e-04 | loss=20.558617
Epoch 009 | Step 500 | lr=6.545085e-04 | loss=20.722755
Epoch 009 | Step 510 | lr=6.545085e-04 | loss=20.213911
Epoch 009 | Step 520 | lr=6.545085e-04 | loss=21.417271
Epoch 009 | Step 530 | lr=6.545085e-04 | loss=21.331457
Epoch 009 | Step 540 | lr=6.545085e-04 | loss=20.677719
Epoch 009 | Step 550 | lr=6.545085e-04 | loss=20.289227
Epoch 009 | Step 560 | lr=6.545085e-04 | loss=20.498474
Epoch 009 | Step 570 | lr=6.545085e-04 | loss=21.035114
Epoch 009 | Step 580 | lr=6.545085e-04 | loss=21.480028
Epoch 009 | Step 590 | lr=6.545085e-04 | loss=20.555035
Epoch 009 | Step 600 | lr=6.545085e-04 | loss=21.045025
Epoch 009 | Step 610 | lr=6.545085e-04 | loss=20.761841
Epoch 009 | Step 620 | lr=6.545085e-04 | loss=20.915598
Epoch 009 | Step 630 | lr=6.545085e-04 | loss=20.835381
Epoch 009 | Step 640 | lr=6.545085e-04 | loss=20.424572
Epoch 009 | Step 650 | lr=6.545085e-04 | loss=20.517399
Epoch 009 | Step 660 | lr=6.545085e-04 | loss=20.853090
Epoch 009 | Step 670 | lr=6.545085e-04 | loss=20.995682
Epoch 009 | Step 680 | lr=6.545085e-04 | loss=20.602453
Epoch 009 | Step 690 | lr=6.545085e-04 | loss=20.369072
Epoch 009 | Step 700 | lr=6.545085e-04 | loss=20.156586
Epoch 009 | Step 710 | lr=6.545085e-04 | loss=20.664167
Epoch 009 | Step 720 | lr=6.545085e-04 | loss=20.118450
Epoch 009 | Step 730 | lr=6.545085e-04 | loss=19.661850
Epoch 009 | Step 740 | lr=6.545085e-04 | loss=19.926441
Epoch 009 | Step 750 | lr=6.545085e-04 | loss=20.510223
Epoch 009 | Step 760 | lr=6.545085e-04 | loss=21.121967
Epoch 009 | Step 770 | lr=6.545085e-04 | loss=21.043589
Epoch 009 | Step 780 | lr=6.545085e-04 | loss=20.731989
Epoch 009 | Step 790 | lr=6.545085e-04 | loss=20.154980
Epoch 009 | Step 800 | lr=6.545085e-04 | loss=20.889128
Epoch 009 | Step 810 | lr=6.545085e-04 | loss=19.658844
Epoch 009 | Step 820 | lr=6.545085e-04 | loss=20.515202
Epoch 009 | Step 830 | lr=6.545085e-04 | loss=20.168915
Epoch 009 | Step 840 | lr=6.545085e-04 | loss=20.634117
Epoch 009 | Step 850 | lr=6.545085e-04 | loss=20.743237
Epoch 009 | Step 860 | lr=6.545085e-04 | loss=20.675522
Epoch 009 | Step 870 | lr=6.545085e-04 | loss=21.221237
Epoch 009 | Step 880 | lr=6.545085e-04 | loss=20.270813
Epoch 009 | Step 890 | lr=6.545085e-04 | loss=20.068077
Epoch 009 | Step 900 | lr=6.545085e-04 | loss=21.070930
Epoch 009 | Step 910 | lr=6.545085e-04 | loss=20.562122
Epoch 009 | Step 920 | lr=6.545085e-04 | loss=20.513649
Epoch 009 | Step 930 | lr=6.545085e-04 | loss=21.674770
Epoch 009 | Step 940 | lr=6.545085e-04 | loss=20.182224
Epoch 009 | Step 950 | lr=6.545085e-04 | loss=20.341000
Epoch 009 | Step 960 | lr=6.545085e-04 | loss=20.349499
epoch 009 | train_kld=20.589182 | val_kld=20.519272 | val_mae=0.008718 | val_mse=0.002391 | ord_acc@10=0.2919 | recall@10=0.7701
Epoch 010 | Step 10 | lr=5.782172e-04 | loss=20.287590
Epoch 010 | Step 20 | lr=5.782172e-04 | loss=20.618805
Epoch 010 | Step 30 | lr=5.782172e-04 | loss=20.936758
Epoch 010 | Step 40 | lr=5.782172e-04 | loss=19.405952
Epoch 010 | Step 50 | lr=5.782172e-04 | loss=20.358505
Epoch 010 | Step 60 | lr=5.782172e-04 | loss=21.209034
Epoch 010 | Step 70 | lr=5.782172e-04 | loss=20.648254
Epoch 010 | Step 80 | lr=5.782172e-04 | loss=20.916157
Epoch 010 | Step 90 | lr=5.782172e-04 | loss=20.269396
Epoch 010 | Step 100 | lr=5.782172e-04 | loss=19.839394
Epoch 010 | Step 110 | lr=5.782172e-04 | loss=20.309465
Epoch 010 | Step 120 | lr=5.782172e-04 | loss=20.930292
Epoch 010 | Step 130 | lr=5.782172e-04 | loss=20.044353
Epoch 010 | Step 140 | lr=5.782172e-04 | loss=19.563931
Epoch 010 | Step 150 | lr=5.782172e-04 | loss=20.023998
Epoch 010 | Step 160 | lr=5.782172e-04 | loss=20.676308
Epoch 010 | Step 170 | lr=5.782172e-04 | loss=20.396484
Epoch 010 | Step 180 | lr=5.782172e-04 | loss=19.716785
Epoch 010 | Step 190 | lr=5.782172e-04 | loss=19.726305
Epoch 010 | Step 200 | lr=5.782172e-04 | loss=19.951420
Epoch 010 | Step 210 | lr=5.782172e-04 | loss=20.931438
Epoch 010 | Step 220 | lr=5.782172e-04 | loss=20.226166
Epoch 010 | Step 230 | lr=5.782172e-04 | loss=20.304115
Epoch 010 | Step 240 | lr=5.782172e-04 | loss=20.447388
Epoch 010 | Step 250 | lr=5.782172e-04 | loss=20.091427
Epoch 010 | Step 260 | lr=5.782172e-04 | loss=20.653313
Epoch 010 | Step 270 | lr=5.782172e-04 | loss=19.878746
Epoch 010 | Step 280 | lr=5.782172e-04 | loss=20.678055
Epoch 010 | Step 290 | lr=5.782172e-04 | loss=19.557011
Epoch 010 | Step 300 | lr=5.782172e-04 | loss=20.703304
Epoch 010 | Step 310 | lr=5.782172e-04 | loss=20.775127
Epoch 010 | Step 320 | lr=5.782172e-04 | loss=20.619900
Epoch 010 | Step 330 | lr=5.782172e-04 | loss=20.346394
Epoch 010 | Step 340 | lr=5.782172e-04 | loss=20.142752
Epoch 010 | Step 350 | lr=5.782172e-04 | loss=19.794325
Epoch 010 | Step 360 | lr=5.782172e-04 | loss=20.133190
Epoch 010 | Step 370 | lr=5.782172e-04 | loss=20.223316
Epoch 010 | Step 380 | lr=5.782172e-04 | loss=20.027712
Epoch 010 | Step 390 | lr=5.782172e-04 | loss=20.849804
Epoch 010 | Step 400 | lr=5.782172e-04 | loss=20.151588
Epoch 010 | Step 410 | lr=5.782172e-04 | loss=21.081205
Epoch 010 | Step 420 | lr=5.782172e-04 | loss=19.658539
Epoch 010 | Step 430 | lr=5.782172e-04 | loss=20.658215
Epoch 010 | Step 440 | lr=5.782172e-04 | loss=20.934147
Epoch 010 | Step 450 | lr=5.782172e-04 | loss=20.971930
Epoch 010 | Step 460 | lr=5.782172e-04 | loss=20.705822
Epoch 010 | Step 470 | lr=5.782172e-04 | loss=20.304317
Epoch 010 | Step 480 | lr=5.782172e-04 | loss=19.638224
Epoch 010 | Step 490 | lr=5.782172e-04 | loss=21.704430
Epoch 010 | Step 500 | lr=5.782172e-04 | loss=19.865063
Epoch 010 | Step 510 | lr=5.782172e-04 | loss=20.700829
Epoch 010 | Step 520 | lr=5.782172e-04 | loss=19.309345
Epoch 010 | Step 530 | lr=5.782172e-04 | loss=20.816256
Epoch 010 | Step 540 | lr=5.782172e-04 | loss=20.961016
Epoch 010 | Step 550 | lr=5.782172e-04 | loss=20.275417
Epoch 010 | Step 560 | lr=5.782172e-04 | loss=21.216087
Epoch 010 | Step 570 | lr=5.782172e-04 | loss=20.181778
Epoch 010 | Step 580 | lr=5.782172e-04 | loss=20.367088
Epoch 010 | Step 590 | lr=5.782172e-04 | loss=20.603783
Epoch 010 | Step 600 | lr=5.782172e-04 | loss=21.117920
Epoch 010 | Step 610 | lr=5.782172e-04 | loss=21.163960
Epoch 010 | Step 620 | lr=5.782172e-04 | loss=20.716770
Epoch 010 | Step 630 | lr=5.782172e-04 | loss=20.487118
Epoch 010 | Step 640 | lr=5.782172e-04 | loss=20.585915
Epoch 010 | Step 650 | lr=5.782172e-04 | loss=20.349365
Epoch 010 | Step 660 | lr=5.782172e-04 | loss=20.424793
Epoch 010 | Step 670 | lr=5.782172e-04 | loss=20.804329
Epoch 010 | Step 680 | lr=5.782172e-04 | loss=20.719898
Epoch 010 | Step 690 | lr=5.782172e-04 | loss=20.333155
Epoch 010 | Step 700 | lr=5.782172e-04 | loss=19.799627
Epoch 010 | Step 710 | lr=5.782172e-04 | loss=20.163553
Epoch 010 | Step 720 | lr=5.782172e-04 | loss=19.816265
Epoch 010 | Step 730 | lr=5.782172e-04 | loss=20.837488
Epoch 010 | Step 740 | lr=5.782172e-04 | loss=20.664904
Epoch 010 | Step 750 | lr=5.782172e-04 | loss=20.461384
Epoch 010 | Step 760 | lr=5.782172e-04 | loss=20.617504
Epoch 010 | Step 770 | lr=5.782172e-04 | loss=20.764374
Epoch 010 | Step 780 | lr=5.782172e-04 | loss=20.438580
Epoch 010 | Step 790 | lr=5.782172e-04 | loss=19.809624
Epoch 010 | Step 800 | lr=5.782172e-04 | loss=20.613600
Epoch 010 | Step 810 | lr=5.782172e-04 | loss=19.829262
Epoch 010 | Step 820 | lr=5.782172e-04 | loss=20.086475
Epoch 010 | Step 830 | lr=5.782172e-04 | loss=19.986549
Epoch 010 | Step 840 | lr=5.782172e-04 | loss=19.866955
Epoch 010 | Step 850 | lr=5.782172e-04 | loss=20.405251
Epoch 010 | Step 860 | lr=5.782172e-04 | loss=20.673740
Epoch 010 | Step 870 | lr=5.782172e-04 | loss=21.332109
Epoch 010 | Step 880 | lr=5.782172e-04 | loss=20.514080
Epoch 010 | Step 890 | lr=5.782172e-04 | loss=20.198112
Epoch 010 | Step 900 | lr=5.782172e-04 | loss=20.510607
Epoch 010 | Step 910 | lr=5.782172e-04 | loss=20.483253
Epoch 010 | Step 920 | lr=5.782172e-04 | loss=20.148735
Epoch 010 | Step 930 | lr=5.782172e-04 | loss=20.548332
Epoch 010 | Step 940 | lr=5.782172e-04 | loss=19.820652
Epoch 010 | Step 950 | lr=5.782172e-04 | loss=20.315319
Epoch 010 | Step 960 | lr=5.782172e-04 | loss=20.116007
epoch 010 | train_kld=20.418417 | val_kld=20.576382 | val_mae=0.008630 | val_mse=0.002329 | ord_acc@10=0.2909 | recall@10=0.7705
Epoch 011 | Step 10 | lr=5.000000e-04 | loss=20.251133
Epoch 011 | Step 20 | lr=5.000000e-04 | loss=20.459545
Epoch 011 | Step 30 | lr=5.000000e-04 | loss=19.902710
Epoch 011 | Step 40 | lr=5.000000e-04 | loss=19.877056
Epoch 011 | Step 50 | lr=5.000000e-04 | loss=20.597116
Epoch 011 | Step 60 | lr=5.000000e-04 | loss=20.246162
Epoch 011 | Step 70 | lr=5.000000e-04 | loss=19.686785
Epoch 011 | Step 80 | lr=5.000000e-04 | loss=19.689631
Epoch 011 | Step 90 | lr=5.000000e-04 | loss=20.789267
Epoch 011 | Step 100 | lr=5.000000e-04 | loss=20.584013
Epoch 011 | Step 110 | lr=5.000000e-04 | loss=20.170250
Epoch 011 | Step 120 | lr=5.000000e-04 | loss=19.899937
Epoch 011 | Step 130 | lr=5.000000e-04 | loss=20.082901
Epoch 011 | Step 140 | lr=5.000000e-04 | loss=20.701761
Epoch 011 | Step 150 | lr=5.000000e-04 | loss=20.524570
Epoch 011 | Step 160 | lr=5.000000e-04 | loss=20.415836
Epoch 011 | Step 170 | lr=5.000000e-04 | loss=20.594288
Epoch 011 | Step 180 | lr=5.000000e-04 | loss=20.380774
Epoch 011 | Step 190 | lr=5.000000e-04 | loss=20.156273
Epoch 011 | Step 200 | lr=5.000000e-04 | loss=20.549305
Epoch 011 | Step 210 | lr=5.000000e-04 | loss=20.647703
Epoch 011 | Step 220 | lr=5.000000e-04 | loss=19.681122
Epoch 011 | Step 230 | lr=5.000000e-04 | loss=20.352268
Epoch 011 | Step 240 | lr=5.000000e-04 | loss=20.471151
Epoch 011 | Step 250 | lr=5.000000e-04 | loss=19.603664
Epoch 011 | Step 260 | lr=5.000000e-04 | loss=20.357676
Epoch 011 | Step 270 | lr=5.000000e-04 | loss=19.881786
Epoch 011 | Step 280 | lr=5.000000e-04 | loss=20.093916
Epoch 011 | Step 290 | lr=5.000000e-04 | loss=20.520969
Epoch 011 | Step 300 | lr=5.000000e-04 | loss=20.620401
Epoch 011 | Step 310 | lr=5.000000e-04 | loss=20.732994
Epoch 011 | Step 320 | lr=5.000000e-04 | loss=20.341415
Epoch 011 | Step 330 | lr=5.000000e-04 | loss=20.525169
Epoch 011 | Step 340 | lr=5.000000e-04 | loss=20.466972
Epoch 011 | Step 350 | lr=5.000000e-04 | loss=19.992285
Epoch 011 | Step 360 | lr=5.000000e-04 | loss=20.158705
Epoch 011 | Step 370 | lr=5.000000e-04 | loss=20.118185
Epoch 011 | Step 380 | lr=5.000000e-04 | loss=20.277807
Epoch 011 | Step 390 | lr=5.000000e-04 | loss=19.442591
Epoch 011 | Step 400 | lr=5.000000e-04 | loss=20.646433
Epoch 011 | Step 410 | lr=5.000000e-04 | loss=20.787304
Epoch 011 | Step 420 | lr=5.000000e-04 | loss=19.823025
Epoch 011 | Step 430 | lr=5.000000e-04 | loss=19.938398
Epoch 011 | Step 440 | lr=5.000000e-04 | loss=19.679501
Epoch 011 | Step 450 | lr=5.000000e-04 | loss=20.053329
Epoch 011 | Step 460 | lr=5.000000e-04 | loss=19.493662
Epoch 011 | Step 470 | lr=5.000000e-04 | loss=20.021774
Epoch 011 | Step 480 | lr=5.000000e-04 | loss=20.462353
Epoch 011 | Step 490 | lr=5.000000e-04 | loss=20.272495
Epoch 011 | Step 500 | lr=5.000000e-04 | loss=19.842764
Epoch 011 | Step 510 | lr=5.000000e-04 | loss=20.399086
Epoch 011 | Step 520 | lr=5.000000e-04 | loss=20.178673
Epoch 011 | Step 530 | lr=5.000000e-04 | loss=20.461773
Epoch 011 | Step 540 | lr=5.000000e-04 | loss=20.553310
Epoch 011 | Step 550 | lr=5.000000e-04 | loss=20.326025
Epoch 011 | Step 560 | lr=5.000000e-04 | loss=20.214561
Epoch 011 | Step 570 | lr=5.000000e-04 | loss=19.799442
Epoch 011 | Step 580 | lr=5.000000e-04 | loss=20.142517
Epoch 011 | Step 590 | lr=5.000000e-04 | loss=19.185886
Epoch 011 | Step 600 | lr=5.000000e-04 | loss=20.220749
Epoch 011 | Step 610 | lr=5.000000e-04 | loss=19.896219
Epoch 011 | Step 620 | lr=5.000000e-04 | loss=20.759880
Epoch 011 | Step 630 | lr=5.000000e-04 | loss=19.687479
Epoch 011 | Step 640 | lr=5.000000e-04 | loss=20.736723
Epoch 011 | Step 650 | lr=5.000000e-04 | loss=19.960077
Epoch 011 | Step 660 | lr=5.000000e-04 | loss=21.130020
Epoch 011 | Step 670 | lr=5.000000e-04 | loss=21.062317
Epoch 011 | Step 680 | lr=5.000000e-04 | loss=21.256735
Epoch 011 | Step 690 | lr=5.000000e-04 | loss=20.506908
Epoch 011 | Step 700 | lr=5.000000e-04 | loss=20.145554
Epoch 011 | Step 710 | lr=5.000000e-04 | loss=20.845655
Epoch 011 | Step 720 | lr=5.000000e-04 | loss=20.895666
Epoch 011 | Step 730 | lr=5.000000e-04 | loss=20.829294
Epoch 011 | Step 740 | lr=5.000000e-04 | loss=20.377439
Epoch 011 | Step 750 | lr=5.000000e-04 | loss=19.400717
Epoch 011 | Step 760 | lr=5.000000e-04 | loss=19.265871
Epoch 011 | Step 770 | lr=5.000000e-04 | loss=20.353296
Epoch 011 | Step 780 | lr=5.000000e-04 | loss=20.720959
Epoch 011 | Step 790 | lr=5.000000e-04 | loss=20.504372
Epoch 011 | Step 800 | lr=5.000000e-04 | loss=20.060654
Epoch 011 | Step 810 | lr=5.000000e-04 | loss=20.229336
Epoch 011 | Step 820 | lr=5.000000e-04 | loss=20.420141
Epoch 011 | Step 830 | lr=5.000000e-04 | loss=20.165161
Epoch 011 | Step 840 | lr=5.000000e-04 | loss=21.149265
Epoch 011 | Step 850 | lr=5.000000e-04 | loss=19.882301
Epoch 011 | Step 860 | lr=5.000000e-04 | loss=19.375408
Epoch 011 | Step 870 | lr=5.000000e-04 | loss=20.460117
Epoch 011 | Step 880 | lr=5.000000e-04 | loss=20.330507
Epoch 011 | Step 890 | lr=5.000000e-04 | loss=20.085732
Epoch 011 | Step 900 | lr=5.000000e-04 | loss=19.586287
Epoch 011 | Step 910 | lr=5.000000e-04 | loss=20.958363
Epoch 011 | Step 920 | lr=5.000000e-04 | loss=20.474998
Epoch 011 | Step 930 | lr=5.000000e-04 | loss=20.720367
Epoch 011 | Step 940 | lr=5.000000e-04 | loss=19.672142
Epoch 011 | Step 950 | lr=5.000000e-04 | loss=20.156681
Epoch 011 | Step 960 | lr=5.000000e-04 | loss=20.869671
epoch 011 | train_kld=20.236955 | val_kld=20.279836 | val_mae=0.008705 | val_mse=0.002384 | ord_acc@10=0.2939 | recall@10=0.7712
Epoch 012 | Step 10 | lr=4.217828e-04 | loss=20.080118
Epoch 012 | Step 20 | lr=4.217828e-04 | loss=19.744209
Epoch 012 | Step 30 | lr=4.217828e-04 | loss=19.504887
Epoch 012 | Step 40 | lr=4.217828e-04 | loss=19.908684
Epoch 012 | Step 50 | lr=4.217828e-04 | loss=20.333830
Epoch 012 | Step 60 | lr=4.217828e-04 | loss=21.147022
Epoch 012 | Step 70 | lr=4.217828e-04 | loss=20.440830
Epoch 012 | Step 80 | lr=4.217828e-04 | loss=19.254957
Epoch 012 | Step 90 | lr=4.217828e-04 | loss=20.937418
Epoch 012 | Step 100 | lr=4.217828e-04 | loss=19.630760
Epoch 012 | Step 110 | lr=4.217828e-04 | loss=20.263411
Epoch 012 | Step 120 | lr=4.217828e-04 | loss=19.859577
Epoch 012 | Step 130 | lr=4.217828e-04 | loss=19.698689
Epoch 012 | Step 140 | lr=4.217828e-04 | loss=19.772842
Epoch 012 | Step 150 | lr=4.217828e-04 | loss=20.288385
Epoch 012 | Step 160 | lr=4.217828e-04 | loss=20.072716
Epoch 012 | Step 170 | lr=4.217828e-04 | loss=19.672260
Epoch 012 | Step 180 | lr=4.217828e-04 | loss=19.207188
Epoch 012 | Step 190 | lr=4.217828e-04 | loss=19.231070
Epoch 012 | Step 200 | lr=4.217828e-04 | loss=19.598278
Epoch 012 | Step 210 | lr=4.217828e-04 | loss=20.760906
Epoch 012 | Step 220 | lr=4.217828e-04 | loss=19.863047
Epoch 012 | Step 230 | lr=4.217828e-04 | loss=19.689707
Epoch 012 | Step 240 | lr=4.217828e-04 | loss=20.865896
Epoch 012 | Step 250 | lr=4.217828e-04 | loss=20.023571
Epoch 012 | Step 260 | lr=4.217828e-04 | loss=20.688608
Epoch 012 | Step 270 | lr=4.217828e-04 | loss=20.452332
Epoch 012 | Step 280 | lr=4.217828e-04 | loss=20.215248
Epoch 012 | Step 290 | lr=4.217828e-04 | loss=19.985245
Epoch 012 | Step 300 | lr=4.217828e-04 | loss=20.051140
Epoch 012 | Step 310 | lr=4.217828e-04 | loss=19.584686
Epoch 012 | Step 320 | lr=4.217828e-04 | loss=19.815136
Epoch 012 | Step 330 | lr=4.217828e-04 | loss=20.164387
Epoch 012 | Step 340 | lr=4.217828e-04 | loss=20.207886
Epoch 012 | Step 350 | lr=4.217828e-04 | loss=18.982712
Epoch 012 | Step 360 | lr=4.217828e-04 | loss=19.851591
Epoch 012 | Step 370 | lr=4.217828e-04 | loss=19.712700
Epoch 012 | Step 380 | lr=4.217828e-04 | loss=19.849888
Epoch 012 | Step 390 | lr=4.217828e-04 | loss=19.761225
Epoch 012 | Step 400 | lr=4.217828e-04 | loss=19.624403
Epoch 012 | Step 410 | lr=4.217828e-04 | loss=20.433926
Epoch 012 | Step 420 | lr=4.217828e-04 | loss=20.445257
Epoch 012 | Step 430 | lr=4.217828e-04 | loss=20.415028
Epoch 012 | Step 440 | lr=4.217828e-04 | loss=19.726265
Epoch 012 | Step 450 | lr=4.217828e-04 | loss=19.677292
Epoch 012 | Step 460 | lr=4.217828e-04 | loss=20.424421
Epoch 012 | Step 470 | lr=4.217828e-04 | loss=19.858461
Epoch 012 | Step 480 | lr=4.217828e-04 | loss=21.055721
Epoch 012 | Step 490 | lr=4.217828e-04 | loss=20.541424
Epoch 012 | Step 500 | lr=4.217828e-04 | loss=20.381611
Epoch 012 | Step 510 | lr=4.217828e-04 | loss=20.309776
Epoch 012 | Step 520 | lr=4.217828e-04 | loss=19.593071
Epoch 012 | Step 530 | lr=4.217828e-04 | loss=21.140335
Epoch 012 | Step 540 | lr=4.217828e-04 | loss=20.097475
Epoch 012 | Step 550 | lr=4.217828e-04 | loss=20.581764
Epoch 012 | Step 560 | lr=4.217828e-04 | loss=19.584797
Epoch 012 | Step 570 | lr=4.217828e-04 | loss=20.073580
Epoch 012 | Step 580 | lr=4.217828e-04 | loss=20.623161
Epoch 012 | Step 590 | lr=4.217828e-04 | loss=20.121983
Epoch 012 | Step 600 | lr=4.217828e-04 | loss=20.715080
Epoch 012 | Step 610 | lr=4.217828e-04 | loss=19.664036
Epoch 012 | Step 620 | lr=4.217828e-04 | loss=19.701996
Epoch 012 | Step 630 | lr=4.217828e-04 | loss=20.176037
Epoch 012 | Step 640 | lr=4.217828e-04 | loss=20.264908
Epoch 012 | Step 650 | lr=4.217828e-04 | loss=19.970991
Epoch 012 | Step 660 | lr=4.217828e-04 | loss=21.199467
Epoch 012 | Step 670 | lr=4.217828e-04 | loss=20.093519
Epoch 012 | Step 680 | lr=4.217828e-04 | loss=20.236252
Epoch 012 | Step 690 | lr=4.217828e-04 | loss=19.895248
Epoch 012 | Step 700 | lr=4.217828e-04 | loss=20.246344
Epoch 012 | Step 710 | lr=4.217828e-04 | loss=19.865484
Epoch 012 | Step 720 | lr=4.217828e-04 | loss=19.763466
Epoch 012 | Step 730 | lr=4.217828e-04 | loss=19.951015
Epoch 012 | Step 740 | lr=4.217828e-04 | loss=20.031517
Epoch 012 | Step 750 | lr=4.217828e-04 | loss=20.988556
Epoch 012 | Step 760 | lr=4.217828e-04 | loss=19.541065
Epoch 012 | Step 770 | lr=4.217828e-04 | loss=19.986427
Epoch 012 | Step 780 | lr=4.217828e-04 | loss=20.644535
Epoch 012 | Step 790 | lr=4.217828e-04 | loss=19.576254
Epoch 012 | Step 800 | lr=4.217828e-04 | loss=20.080406
Epoch 012 | Step 810 | lr=4.217828e-04 | loss=20.480949
Epoch 012 | Step 820 | lr=4.217828e-04 | loss=19.508101
Epoch 012 | Step 830 | lr=4.217828e-04 | loss=20.574852
Epoch 012 | Step 840 | lr=4.217828e-04 | loss=19.351603
Epoch 012 | Step 850 | lr=4.217828e-04 | loss=19.628769
Epoch 012 | Step 860 | lr=4.217828e-04 | loss=20.226421
Epoch 012 | Step 870 | lr=4.217828e-04 | loss=20.364819
Epoch 012 | Step 880 | lr=4.217828e-04 | loss=20.039169
Epoch 012 | Step 890 | lr=4.217828e-04 | loss=20.122501
Epoch 012 | Step 900 | lr=4.217828e-04 | loss=19.678207
Epoch 012 | Step 910 | lr=4.217828e-04 | loss=20.561888
Epoch 012 | Step 920 | lr=4.217828e-04 | loss=20.181356
Epoch 012 | Step 930 | lr=4.217828e-04 | loss=20.956348
Epoch 012 | Step 940 | lr=4.217828e-04 | loss=20.522884
Epoch 012 | Step 950 | lr=4.217828e-04 | loss=19.502228
Epoch 012 | Step 960 | lr=4.217828e-04 | loss=20.066767
epoch 012 | train_kld=20.067027 | val_kld=20.337167 | val_mae=0.008793 | val_mse=0.002443 | ord_acc@10=0.2957 | recall@10=0.7635
Epoch 013 | Step 10 | lr=3.454915e-04 | loss=19.688633
Epoch 013 | Step 20 | lr=3.454915e-04 | loss=19.683025
Epoch 013 | Step 30 | lr=3.454915e-04 | loss=19.745316
Epoch 013 | Step 40 | lr=3.454915e-04 | loss=19.685764
Epoch 013 | Step 50 | lr=3.454915e-04 | loss=20.288494
Epoch 013 | Step 60 | lr=3.454915e-04 | loss=19.403709
Epoch 013 | Step 70 | lr=3.454915e-04 | loss=19.269720
Epoch 013 | Step 80 | lr=3.454915e-04 | loss=20.243031
Epoch 013 | Step 90 | lr=3.454915e-04 | loss=21.009233
Epoch 013 | Step 100 | lr=3.454915e-04 | loss=19.838850
Epoch 013 | Step 110 | lr=3.454915e-04 | loss=19.736429
Epoch 013 | Step 120 | lr=3.454915e-04 | loss=20.652502
Epoch 013 | Step 130 | lr=3.454915e-04 | loss=19.548897
Epoch 013 | Step 140 | lr=3.454915e-04 | loss=20.307858
Epoch 013 | Step 150 | lr=3.454915e-04 | loss=19.930431
Epoch 013 | Step 160 | lr=3.454915e-04 | loss=20.061508
Epoch 013 | Step 170 | lr=3.454915e-04 | loss=19.572029
Epoch 013 | Step 180 | lr=3.454915e-04 | loss=19.883560
Epoch 013 | Step 190 | lr=3.454915e-04 | loss=20.210419
Epoch 013 | Step 200 | lr=3.454915e-04 | loss=20.208752
Epoch 013 | Step 210 | lr=3.454915e-04 | loss=19.823551
Epoch 013 | Step 220 | lr=3.454915e-04 | loss=20.192032
Epoch 013 | Step 230 | lr=3.454915e-04 | loss=19.332483
Epoch 013 | Step 240 | lr=3.454915e-04 | loss=19.996262
Epoch 013 | Step 250 | lr=3.454915e-04 | loss=19.902376
Epoch 013 | Step 260 | lr=3.454915e-04 | loss=18.548586
Epoch 013 | Step 270 | lr=3.454915e-04 | loss=20.289598
Epoch 013 | Step 280 | lr=3.454915e-04 | loss=20.123154
Epoch 013 | Step 290 | lr=3.454915e-04 | loss=19.700895
Epoch 013 | Step 300 | lr=3.454915e-04 | loss=19.714544
Epoch 013 | Step 310 | lr=3.454915e-04 | loss=20.477598
Epoch 013 | Step 320 | lr=3.454915e-04 | loss=19.916559
Epoch 013 | Step 330 | lr=3.454915e-04 | loss=19.415266
Epoch 013 | Step 340 | lr=3.454915e-04 | loss=19.518078
Epoch 013 | Step 350 | lr=3.454915e-04 | loss=20.176823
Epoch 013 | Step 360 | lr=3.454915e-04 | loss=20.120579
Epoch 013 | Step 370 | lr=3.454915e-04 | loss=19.534033
Epoch 013 | Step 380 | lr=3.454915e-04 | loss=20.660404
Epoch 013 | Step 390 | lr=3.454915e-04 | loss=19.910999
Epoch 013 | Step 400 | lr=3.454915e-04 | loss=20.568331
Epoch 013 | Step 410 | lr=3.454915e-04 | loss=20.495201
Epoch 013 | Step 420 | lr=3.454915e-04 | loss=20.892845
Epoch 013 | Step 430 | lr=3.454915e-04 | loss=19.463154
Epoch 013 | Step 440 | lr=3.454915e-04 | loss=20.669081
Epoch 013 | Step 450 | lr=3.454915e-04 | loss=20.370907
Epoch 013 | Step 460 | lr=3.454915e-04 | loss=20.322760
Epoch 013 | Step 470 | lr=3.454915e-04 | loss=19.905724
Epoch 013 | Step 480 | lr=3.454915e-04 | loss=19.598289
Epoch 013 | Step 490 | lr=3.454915e-04 | loss=20.658947
Epoch 013 | Step 500 | lr=3.454915e-04 | loss=20.404413
Epoch 013 | Step 510 | lr=3.454915e-04 | loss=20.374138
Epoch 013 | Step 520 | lr=3.454915e-04 | loss=19.296947
Epoch 013 | Step 530 | lr=3.454915e-04 | loss=19.818228
Epoch 013 | Step 540 | lr=3.454915e-04 | loss=19.674183
Epoch 013 | Step 550 | lr=3.454915e-04 | loss=19.516766
Epoch 013 | Step 560 | lr=3.454915e-04 | loss=20.248253
Epoch 013 | Step 570 | lr=3.454915e-04 | loss=19.875679
Epoch 013 | Step 580 | lr=3.454915e-04 | loss=19.543385
Epoch 013 | Step 590 | lr=3.454915e-04 | loss=20.140112
Epoch 013 | Step 600 | lr=3.454915e-04 | loss=19.770809
Epoch 013 | Step 610 | lr=3.454915e-04 | loss=19.799908
Epoch 013 | Step 620 | lr=3.454915e-04 | loss=20.167770
Epoch 013 | Step 630 | lr=3.454915e-04 | loss=19.810146
Epoch 013 | Step 640 | lr=3.454915e-04 | loss=20.254005
Epoch 013 | Step 650 | lr=3.454915e-04 | loss=19.508713
Epoch 013 | Step 660 | lr=3.454915e-04 | loss=19.892036
Epoch 013 | Step 670 | lr=3.454915e-04 | loss=19.920782
Epoch 013 | Step 680 | lr=3.454915e-04 | loss=20.557358
Epoch 013 | Step 690 | lr=3.454915e-04 | loss=19.647430
Epoch 013 | Step 700 | lr=3.454915e-04 | loss=20.094616
Epoch 013 | Step 710 | lr=3.454915e-04 | loss=19.678463
Epoch 013 | Step 720 | lr=3.454915e-04 | loss=19.892300
Epoch 013 | Step 730 | lr=3.454915e-04 | loss=19.880352
Epoch 013 | Step 740 | lr=3.454915e-04 | loss=19.887966
Epoch 013 | Step 750 | lr=3.454915e-04 | loss=20.338341
Epoch 013 | Step 760 | lr=3.454915e-04 | loss=19.514269
Epoch 013 | Step 770 | lr=3.454915e-04 | loss=19.636602
Epoch 013 | Step 780 | lr=3.454915e-04 | loss=20.324986
Epoch 013 | Step 790 | lr=3.454915e-04 | loss=20.784136
Epoch 013 | Step 800 | lr=3.454915e-04 | loss=18.988876
Epoch 013 | Step 810 | lr=3.454915e-04 | loss=21.020033
Epoch 013 | Step 820 | lr=3.454915e-04 | loss=19.423336
Epoch 013 | Step 830 | lr=3.454915e-04 | loss=19.861191
Epoch 013 | Step 840 | lr=3.454915e-04 | loss=19.887123
Epoch 013 | Step 850 | lr=3.454915e-04 | loss=20.244915
Epoch 013 | Step 860 | lr=3.454915e-04 | loss=19.816570
Epoch 013 | Step 870 | lr=3.454915e-04 | loss=20.152023
Epoch 013 | Step 880 | lr=3.454915e-04 | loss=19.941082
Epoch 013 | Step 890 | lr=3.454915e-04 | loss=19.646942
Epoch 013 | Step 900 | lr=3.454915e-04 | loss=19.743404
Epoch 013 | Step 910 | lr=3.454915e-04 | loss=20.091484
Epoch 013 | Step 920 | lr=3.454915e-04 | loss=19.934099
Epoch 013 | Step 930 | lr=3.454915e-04 | loss=19.220730
Epoch 013 | Step 940 | lr=3.454915e-04 | loss=20.589569
Epoch 013 | Step 950 | lr=3.454915e-04 | loss=19.761656
Epoch 013 | Step 960 | lr=3.454915e-04 | loss=19.938015
epoch 013 | train_kld=19.889758 | val_kld=20.250419 | val_mae=0.008972 | val_mse=0.002573 | ord_acc@10=0.2991 | recall@10=0.7708
Epoch 014 | Step 10 | lr=2.730048e-04 | loss=19.081436
Epoch 014 | Step 20 | lr=2.730048e-04 | loss=19.091509
Epoch 014 | Step 30 | lr=2.730048e-04 | loss=20.140133
Epoch 014 | Step 40 | lr=2.730048e-04 | loss=19.642479
Epoch 014 | Step 50 | lr=2.730048e-04 | loss=19.804237
Epoch 014 | Step 60 | lr=2.730048e-04 | loss=20.008034
Epoch 014 | Step 70 | lr=2.730048e-04 | loss=20.294462
Epoch 014 | Step 80 | lr=2.730048e-04 | loss=19.586079
Epoch 014 | Step 90 | lr=2.730048e-04 | loss=18.947752
Epoch 014 | Step 100 | lr=2.730048e-04 | loss=19.818413
Epoch 014 | Step 110 | lr=2.730048e-04 | loss=19.383797
Epoch 014 | Step 120 | lr=2.730048e-04 | loss=19.223339
Epoch 014 | Step 130 | lr=2.730048e-04 | loss=19.712791
Epoch 014 | Step 140 | lr=2.730048e-04 | loss=19.128429
Epoch 014 | Step 150 | lr=2.730048e-04 | loss=19.636257
Epoch 014 | Step 160 | lr=2.730048e-04 | loss=19.232786
Epoch 014 | Step 170 | lr=2.730048e-04 | loss=19.975698
Epoch 014 | Step 180 | lr=2.730048e-04 | loss=19.555492
Epoch 014 | Step 190 | lr=2.730048e-04 | loss=19.649969
Epoch 014 | Step 200 | lr=2.730048e-04 | loss=19.949299
Epoch 014 | Step 210 | lr=2.730048e-04 | loss=20.591267
Epoch 014 | Step 220 | lr=2.730048e-04 | loss=20.184387
Epoch 014 | Step 230 | lr=2.730048e-04 | loss=19.946850
Epoch 014 | Step 240 | lr=2.730048e-04 | loss=18.934879
Epoch 014 | Step 250 | lr=2.730048e-04 | loss=19.905329
Epoch 014 | Step 260 | lr=2.730048e-04 | loss=19.083344
Epoch 014 | Step 270 | lr=2.730048e-04 | loss=19.525692
Epoch 014 | Step 280 | lr=2.730048e-04 | loss=20.820110
Epoch 014 | Step 290 | lr=2.730048e-04 | loss=20.000359
Epoch 014 | Step 300 | lr=2.730048e-04 | loss=19.201208
Epoch 014 | Step 310 | lr=2.730048e-04 | loss=19.905632
Epoch 014 | Step 320 | lr=2.730048e-04 | loss=19.041519
Epoch 014 | Step 330 | lr=2.730048e-04 | loss=19.046703
Epoch 014 | Step 340 | lr=2.730048e-04 | loss=19.899399
Epoch 014 | Step 350 | lr=2.730048e-04 | loss=19.290455
Epoch 014 | Step 360 | lr=2.730048e-04 | loss=20.142677
Epoch 014 | Step 370 | lr=2.730048e-04 | loss=20.014526
Epoch 014 | Step 380 | lr=2.730048e-04 | loss=19.274103
Epoch 014 | Step 390 | lr=2.730048e-04 | loss=20.524622
Epoch 014 | Step 400 | lr=2.730048e-04 | loss=19.676910
Epoch 014 | Step 410 | lr=2.730048e-04 | loss=20.082317
Epoch 014 | Step 420 | lr=2.730048e-04 | loss=20.165779
Epoch 014 | Step 430 | lr=2.730048e-04 | loss=20.482475
Epoch 014 | Step 440 | lr=2.730048e-04 | loss=19.929470
Epoch 014 | Step 450 | lr=2.730048e-04 | loss=19.638336
Epoch 014 | Step 460 | lr=2.730048e-04 | loss=19.019901
Epoch 014 | Step 470 | lr=2.730048e-04 | loss=19.915550
Epoch 014 | Step 480 | lr=2.730048e-04 | loss=19.566879
Epoch 014 | Step 490 | lr=2.730048e-04 | loss=20.273506
Epoch 014 | Step 500 | lr=2.730048e-04 | loss=19.399752
Epoch 014 | Step 510 | lr=2.730048e-04 | loss=19.786428
Epoch 014 | Step 520 | lr=2.730048e-04 | loss=19.822014
Epoch 014 | Step 530 | lr=2.730048e-04 | loss=20.231556
Epoch 014 | Step 540 | lr=2.730048e-04 | loss=19.931374
Epoch 014 | Step 550 | lr=2.730048e-04 | loss=18.938507
Epoch 014 | Step 560 | lr=2.730048e-04 | loss=20.374802
Epoch 014 | Step 570 | lr=2.730048e-04 | loss=20.218822
Epoch 014 | Step 580 | lr=2.730048e-04 | loss=19.784813
Epoch 014 | Step 590 | lr=2.730048e-04 | loss=19.200287
Epoch 014 | Step 600 | lr=2.730048e-04 | loss=19.897175
Epoch 014 | Step 610 | lr=2.730048e-04 | loss=19.959641
Epoch 014 | Step 620 | lr=2.730048e-04 | loss=19.366821
Epoch 014 | Step 630 | lr=2.730048e-04 | loss=19.673838
Epoch 014 | Step 640 | lr=2.730048e-04 | loss=19.636799
Epoch 014 | Step 650 | lr=2.730048e-04 | loss=20.624193
Epoch 014 | Step 660 | lr=2.730048e-04 | loss=20.196953
Epoch 014 | Step 670 | lr=2.730048e-04 | loss=19.861885
Epoch 014 | Step 680 | lr=2.730048e-04 | loss=19.882069
Epoch 014 | Step 690 | lr=2.730048e-04 | loss=19.363899
Epoch 014 | Step 700 | lr=2.730048e-04 | loss=19.752016
Epoch 014 | Step 710 | lr=2.730048e-04 | loss=20.054155
Epoch 014 | Step 720 | lr=2.730048e-04 | loss=19.700935
Epoch 014 | Step 730 | lr=2.730048e-04 | loss=19.285925
Epoch 014 | Step 740 | lr=2.730048e-04 | loss=19.888645
Epoch 014 | Step 750 | lr=2.730048e-04 | loss=19.716801
Epoch 014 | Step 760 | lr=2.730048e-04 | loss=20.090599
Epoch 014 | Step 770 | lr=2.730048e-04 | loss=19.488539
Epoch 014 | Step 780 | lr=2.730048e-04 | loss=19.414333
Epoch 014 | Step 790 | lr=2.730048e-04 | loss=19.605631
Epoch 014 | Step 800 | lr=2.730048e-04 | loss=19.027153
Epoch 014 | Step 810 | lr=2.730048e-04 | loss=19.743252
Epoch 014 | Step 820 | lr=2.730048e-04 | loss=19.411514
Epoch 014 | Step 830 | lr=2.730048e-04 | loss=19.323717
Epoch 014 | Step 840 | lr=2.730048e-04 | loss=20.012459
Epoch 014 | Step 850 | lr=2.730048e-04 | loss=20.144817
Epoch 014 | Step 860 | lr=2.730048e-04 | loss=19.205317
Epoch 014 | Step 870 | lr=2.730048e-04 | loss=18.989468
Epoch 014 | Step 880 | lr=2.730048e-04 | loss=20.083998
Epoch 014 | Step 890 | lr=2.730048e-04 | loss=19.880976
Epoch 014 | Step 900 | lr=2.730048e-04 | loss=19.893150
Epoch 014 | Step 910 | lr=2.730048e-04 | loss=20.257816
Epoch 014 | Step 920 | lr=2.730048e-04 | loss=19.579113
Epoch 014 | Step 930 | lr=2.730048e-04 | loss=20.530102
Epoch 014 | Step 940 | lr=2.730048e-04 | loss=19.138172
Epoch 014 | Step 950 | lr=2.730048e-04 | loss=20.311230
Epoch 014 | Step 960 | lr=2.730048e-04 | loss=19.487993
epoch 014 | train_kld=19.732926 | val_kld=20.210502 | val_mae=0.008972 | val_mse=0.002573 | ord_acc@10=0.2995 | recall@10=0.7718
Epoch 015 | Step 10 | lr=2.061074e-04 | loss=19.666298
Epoch 015 | Step 20 | lr=2.061074e-04 | loss=19.451870
Epoch 015 | Step 30 | lr=2.061074e-04 | loss=19.323626
Epoch 015 | Step 40 | lr=2.061074e-04 | loss=19.896395
Epoch 015 | Step 50 | lr=2.061074e-04 | loss=18.912567
Epoch 015 | Step 60 | lr=2.061074e-04 | loss=18.279730
Epoch 015 | Step 70 | lr=2.061074e-04 | loss=19.820484
Epoch 015 | Step 80 | lr=2.061074e-04 | loss=19.537758
Epoch 015 | Step 90 | lr=2.061074e-04 | loss=19.216719
Epoch 015 | Step 100 | lr=2.061074e-04 | loss=19.461273
Epoch 015 | Step 110 | lr=2.061074e-04 | loss=19.949665
Epoch 015 | Step 120 | lr=2.061074e-04 | loss=19.633141
Epoch 015 | Step 130 | lr=2.061074e-04 | loss=19.181871
Epoch 015 | Step 140 | lr=2.061074e-04 | loss=19.264250
Epoch 015 | Step 150 | lr=2.061074e-04 | loss=18.581642
Epoch 015 | Step 160 | lr=2.061074e-04 | loss=20.486629
Epoch 015 | Step 170 | lr=2.061074e-04 | loss=19.582527
Epoch 015 | Step 180 | lr=2.061074e-04 | loss=19.275784
Epoch 015 | Step 190 | lr=2.061074e-04 | loss=19.791161
Epoch 015 | Step 200 | lr=2.061074e-04 | loss=19.813110
Epoch 015 | Step 210 | lr=2.061074e-04 | loss=18.729952
Epoch 015 | Step 220 | lr=2.061074e-04 | loss=19.163710
Epoch 015 | Step 230 | lr=2.061074e-04 | loss=20.082193
Epoch 015 | Step 240 | lr=2.061074e-04 | loss=19.286125
Epoch 015 | Step 250 | lr=2.061074e-04 | loss=20.317879
Epoch 015 | Step 260 | lr=2.061074e-04 | loss=19.743111
Epoch 015 | Step 270 | lr=2.061074e-04 | loss=19.542168
Epoch 015 | Step 280 | lr=2.061074e-04 | loss=19.460978
Epoch 015 | Step 290 | lr=2.061074e-04 | loss=19.356544
Epoch 015 | Step 300 | lr=2.061074e-04 | loss=19.629898
Epoch 015 | Step 310 | lr=2.061074e-04 | loss=19.819414
Epoch 015 | Step 320 | lr=2.061074e-04 | loss=19.255409
Epoch 015 | Step 330 | lr=2.061074e-04 | loss=20.164467
Epoch 015 | Step 340 | lr=2.061074e-04 | loss=19.154840
Epoch 015 | Step 350 | lr=2.061074e-04 | loss=19.529350
Epoch 015 | Step 360 | lr=2.061074e-04 | loss=20.038620
Epoch 015 | Step 370 | lr=2.061074e-04 | loss=19.209930
Epoch 015 | Step 380 | lr=2.061074e-04 | loss=19.864159
Epoch 015 | Step 390 | lr=2.061074e-04 | loss=19.365459
Epoch 015 | Step 400 | lr=2.061074e-04 | loss=19.931385
Epoch 015 | Step 410 | lr=2.061074e-04 | loss=20.135101
Epoch 015 | Step 420 | lr=2.061074e-04 | loss=19.574656
Epoch 015 | Step 430 | lr=2.061074e-04 | loss=19.224127
Epoch 015 | Step 440 | lr=2.061074e-04 | loss=20.191246
Epoch 015 | Step 450 | lr=2.061074e-04 | loss=19.537693
Epoch 015 | Step 460 | lr=2.061074e-04 | loss=20.083405
Epoch 015 | Step 470 | lr=2.061074e-04 | loss=20.041504
Epoch 015 | Step 480 | lr=2.061074e-04 | loss=19.638927
Epoch 015 | Step 490 | lr=2.061074e-04 | loss=19.496334
Epoch 015 | Step 500 | lr=2.061074e-04 | loss=19.456099
Epoch 015 | Step 510 | lr=2.061074e-04 | loss=19.479858
Epoch 015 | Step 520 | lr=2.061074e-04 | loss=20.026573
Epoch 015 | Step 530 | lr=2.061074e-04 | loss=19.363668
Epoch 015 | Step 540 | lr=2.061074e-04 | loss=19.546518
Epoch 015 | Step 550 | lr=2.061074e-04 | loss=18.849823
Epoch 015 | Step 560 | lr=2.061074e-04 | loss=20.363781
Epoch 015 | Step 570 | lr=2.061074e-04 | loss=19.187891
Epoch 015 | Step 580 | lr=2.061074e-04 | loss=19.300243
Epoch 015 | Step 590 | lr=2.061074e-04 | loss=19.321585
Epoch 015 | Step 600 | lr=2.061074e-04 | loss=19.331820
Epoch 015 | Step 610 | lr=2.061074e-04 | loss=19.340813
Epoch 015 | Step 620 | lr=2.061074e-04 | loss=20.157875
Epoch 015 | Step 630 | lr=2.061074e-04 | loss=19.663301
Epoch 015 | Step 640 | lr=2.061074e-04 | loss=18.768555
Epoch 015 | Step 650 | lr=2.061074e-04 | loss=19.977896
Epoch 015 | Step 660 | lr=2.061074e-04 | loss=19.886566
Epoch 015 | Step 670 | lr=2.061074e-04 | loss=20.000546
Epoch 015 | Step 680 | lr=2.061074e-04 | loss=19.335682
Epoch 015 | Step 690 | lr=2.061074e-04 | loss=19.164902
Epoch 015 | Step 700 | lr=2.061074e-04 | loss=19.275751
Epoch 015 | Step 710 | lr=2.061074e-04 | loss=19.299610
Epoch 015 | Step 720 | lr=2.061074e-04 | loss=19.610348
Epoch 015 | Step 730 | lr=2.061074e-04 | loss=19.600389
Epoch 015 | Step 740 | lr=2.061074e-04 | loss=19.517170
Epoch 015 | Step 750 | lr=2.061074e-04 | loss=19.362324
Epoch 015 | Step 760 | lr=2.061074e-04 | loss=19.999596
Epoch 015 | Step 770 | lr=2.061074e-04 | loss=19.059763
Epoch 015 | Step 780 | lr=2.061074e-04 | loss=19.002844
Epoch 015 | Step 790 | lr=2.061074e-04 | loss=19.481216
Epoch 015 | Step 800 | lr=2.061074e-04 | loss=19.286509
Epoch 015 | Step 810 | lr=2.061074e-04 | loss=20.332762
Epoch 015 | Step 820 | lr=2.061074e-04 | loss=20.167904
Epoch 015 | Step 830 | lr=2.061074e-04 | loss=18.860653
Epoch 015 | Step 840 | lr=2.061074e-04 | loss=19.734045
Epoch 015 | Step 850 | lr=2.061074e-04 | loss=19.844902
Epoch 015 | Step 860 | lr=2.061074e-04 | loss=19.733269
Epoch 015 | Step 870 | lr=2.061074e-04 | loss=20.043461
Epoch 015 | Step 880 | lr=2.061074e-04 | loss=19.327763
Epoch 015 | Step 890 | lr=2.061074e-04 | loss=19.615410
Epoch 015 | Step 900 | lr=2.061074e-04 | loss=20.054110
Epoch 015 | Step 910 | lr=2.061074e-04 | loss=19.733948
Epoch 015 | Step 920 | lr=2.061074e-04 | loss=19.916439
Epoch 015 | Step 930 | lr=2.061074e-04 | loss=18.837980
Epoch 015 | Step 940 | lr=2.061074e-04 | loss=19.296738
Epoch 015 | Step 950 | lr=2.061074e-04 | loss=19.421824
Epoch 015 | Step 960 | lr=2.061074e-04 | loss=20.599533
epoch 015 | train_kld=19.566719 | val_kld=20.316481 | val_mae=0.008982 | val_mse=0.002586 | ord_acc@10=0.3007 | recall@10=0.7760
Epoch 016 | Step 10 | lr=1.464466e-04 | loss=19.583549
Epoch 016 | Step 20 | lr=1.464466e-04 | loss=19.673689
Epoch 016 | Step 30 | lr=1.464466e-04 | loss=18.999630
Epoch 016 | Step 40 | lr=1.464466e-04 | loss=19.269032
Epoch 016 | Step 50 | lr=1.464466e-04 | loss=19.404072
Epoch 016 | Step 60 | lr=1.464466e-04 | loss=19.573677
Epoch 016 | Step 70 | lr=1.464466e-04 | loss=19.898705
Epoch 016 | Step 80 | lr=1.464466e-04 | loss=19.821785
Epoch 016 | Step 90 | lr=1.464466e-04 | loss=20.148582
Epoch 016 | Step 100 | lr=1.464466e-04 | loss=19.257553
Epoch 016 | Step 110 | lr=1.464466e-04 | loss=19.438545
Epoch 016 | Step 120 | lr=1.464466e-04 | loss=19.112783
Epoch 016 | Step 130 | lr=1.464466e-04 | loss=19.098543
Epoch 016 | Step 140 | lr=1.464466e-04 | loss=19.569262
Epoch 016 | Step 150 | lr=1.464466e-04 | loss=19.941622
Epoch 016 | Step 160 | lr=1.464466e-04 | loss=18.798300
Epoch 016 | Step 170 | lr=1.464466e-04 | loss=19.103390
Epoch 016 | Step 180 | lr=1.464466e-04 | loss=18.911406
Epoch 016 | Step 190 | lr=1.464466e-04 | loss=19.227736
Epoch 016 | Step 200 | lr=1.464466e-04 | loss=19.183720
Epoch 016 | Step 210 | lr=1.464466e-04 | loss=19.273899
Epoch 016 | Step 220 | lr=1.464466e-04 | loss=20.199863
Epoch 016 | Step 230 | lr=1.464466e-04 | loss=20.063019
Epoch 016 | Step 240 | lr=1.464466e-04 | loss=19.442850
Epoch 016 | Step 250 | lr=1.464466e-04 | loss=19.644646
Epoch 016 | Step 260 | lr=1.464466e-04 | loss=19.252995
Epoch 016 | Step 270 | lr=1.464466e-04 | loss=19.786465
Epoch 016 | Step 280 | lr=1.464466e-04 | loss=19.473499
Epoch 016 | Step 290 | lr=1.464466e-04 | loss=18.893112
Epoch 016 | Step 300 | lr=1.464466e-04 | loss=19.272587
Epoch 016 | Step 310 | lr=1.464466e-04 | loss=19.405533
Epoch 016 | Step 320 | lr=1.464466e-04 | loss=19.885984
Epoch 016 | Step 330 | lr=1.464466e-04 | loss=19.200356
Epoch 016 | Step 340 | lr=1.464466e-04 | loss=19.895653
Epoch 016 | Step 350 | lr=1.464466e-04 | loss=18.973751
Epoch 016 | Step 360 | lr=1.464466e-04 | loss=19.190155
Epoch 016 | Step 370 | lr=1.464466e-04 | loss=18.948414
Epoch 016 | Step 380 | lr=1.464466e-04 | loss=19.631207
Epoch 016 | Step 390 | lr=1.464466e-04 | loss=20.118397
Epoch 016 | Step 400 | lr=1.464466e-04 | loss=19.617670
Epoch 016 | Step 410 | lr=1.464466e-04 | loss=19.569267
Epoch 016 | Step 420 | lr=1.464466e-04 | loss=19.805407
Epoch 016 | Step 430 | lr=1.464466e-04 | loss=19.832951
Epoch 016 | Step 440 | lr=1.464466e-04 | loss=19.513039
Epoch 016 | Step 450 | lr=1.464466e-04 | loss=19.503094
Epoch 016 | Step 460 | lr=1.464466e-04 | loss=19.004135
Epoch 016 | Step 470 | lr=1.464466e-04 | loss=20.163715
Epoch 016 | Step 480 | lr=1.464466e-04 | loss=19.717958
Epoch 016 | Step 490 | lr=1.464466e-04 | loss=19.644161
Epoch 016 | Step 500 | lr=1.464466e-04 | loss=19.276104
Epoch 016 | Step 510 | lr=1.464466e-04 | loss=20.447926
Epoch 016 | Step 520 | lr=1.464466e-04 | loss=19.110769
Epoch 016 | Step 530 | lr=1.464466e-04 | loss=19.101830
Epoch 016 | Step 540 | lr=1.464466e-04 | loss=19.409113
Epoch 016 | Step 550 | lr=1.464466e-04 | loss=18.842499
Epoch 016 | Step 560 | lr=1.464466e-04 | loss=18.596615
Epoch 016 | Step 570 | lr=1.464466e-04 | loss=19.283388
Epoch 016 | Step 580 | lr=1.464466e-04 | loss=19.803005
Epoch 016 | Step 590 | lr=1.464466e-04 | loss=19.505901
Epoch 016 | Step 600 | lr=1.464466e-04 | loss=19.446434
Epoch 016 | Step 610 | lr=1.464466e-04 | loss=19.549187
Epoch 016 | Step 620 | lr=1.464466e-04 | loss=19.270926
Epoch 016 | Step 630 | lr=1.464466e-04 | loss=19.578802
Epoch 016 | Step 640 | lr=1.464466e-04 | loss=19.958807
Epoch 016 | Step 650 | lr=1.464466e-04 | loss=19.620628
Epoch 016 | Step 660 | lr=1.464466e-04 | loss=19.028324
Epoch 016 | Step 670 | lr=1.464466e-04 | loss=19.447685
Epoch 016 | Step 680 | lr=1.464466e-04 | loss=19.687851
Epoch 016 | Step 690 | lr=1.464466e-04 | loss=19.671986
Epoch 016 | Step 700 | lr=1.464466e-04 | loss=19.350124
Epoch 016 | Step 710 | lr=1.464466e-04 | loss=18.900030
Epoch 016 | Step 720 | lr=1.464466e-04 | loss=19.767220
Epoch 016 | Step 730 | lr=1.464466e-04 | loss=19.567726
Epoch 016 | Step 740 | lr=1.464466e-04 | loss=19.413509
Epoch 016 | Step 750 | lr=1.464466e-04 | loss=19.916962
Epoch 016 | Step 760 | lr=1.464466e-04 | loss=19.761433
Epoch 016 | Step 770 | lr=1.464466e-04 | loss=18.690983
Epoch 016 | Step 780 | lr=1.464466e-04 | loss=19.537140
Epoch 016 | Step 790 | lr=1.464466e-04 | loss=19.901321
Epoch 016 | Step 800 | lr=1.464466e-04 | loss=18.890373
Epoch 016 | Step 810 | lr=1.464466e-04 | loss=19.964149
Epoch 016 | Step 820 | lr=1.464466e-04 | loss=19.778101
Epoch 016 | Step 830 | lr=1.464466e-04 | loss=19.233606
Epoch 016 | Step 840 | lr=1.464466e-04 | loss=19.182041
Epoch 016 | Step 850 | lr=1.464466e-04 | loss=19.309792
Epoch 016 | Step 860 | lr=1.464466e-04 | loss=19.859829
Epoch 016 | Step 870 | lr=1.464466e-04 | loss=19.083464
Epoch 016 | Step 880 | lr=1.464466e-04 | loss=19.357262
Epoch 016 | Step 890 | lr=1.464466e-04 | loss=19.388729
Epoch 016 | Step 900 | lr=1.464466e-04 | loss=19.129925
Epoch 016 | Step 910 | lr=1.464466e-04 | loss=19.591389
Epoch 016 | Step 920 | lr=1.464466e-04 | loss=19.295444
Epoch 016 | Step 930 | lr=1.464466e-04 | loss=19.539328
Epoch 016 | Step 940 | lr=1.464466e-04 | loss=19.460583
Epoch 016 | Step 950 | lr=1.464466e-04 | loss=20.033356
Epoch 016 | Step 960 | lr=1.464466e-04 | loss=19.529789
epoch 016 | train_kld=19.424254 | val_kld=20.335618 | val_mae=0.009034 | val_mse=0.002620 | ord_acc@10=0.3017 | recall@10=0.7721
Epoch 017 | Step 10 | lr=9.549150e-05 | loss=18.349447
Epoch 017 | Step 20 | lr=9.549150e-05 | loss=19.125757
Epoch 017 | Step 30 | lr=9.549150e-05 | loss=19.927773
Epoch 017 | Step 40 | lr=9.549150e-05 | loss=19.548380
Epoch 017 | Step 50 | lr=9.549150e-05 | loss=18.720108
Epoch 017 | Step 60 | lr=9.549150e-05 | loss=19.170578
Epoch 017 | Step 70 | lr=9.549150e-05 | loss=19.014366
Epoch 017 | Step 80 | lr=9.549150e-05 | loss=19.680210
Epoch 017 | Step 90 | lr=9.549150e-05 | loss=19.020947
Epoch 017 | Step 100 | lr=9.549150e-05 | loss=18.634926
Epoch 017 | Step 110 | lr=9.549150e-05 | loss=19.391476
Epoch 017 | Step 120 | lr=9.549150e-05 | loss=19.555359
Epoch 017 | Step 130 | lr=9.549150e-05 | loss=18.353842
Epoch 017 | Step 140 | lr=9.549150e-05 | loss=19.600399
Epoch 017 | Step 150 | lr=9.549150e-05 | loss=19.834957
Epoch 017 | Step 160 | lr=9.549150e-05 | loss=18.941202
Epoch 017 | Step 170 | lr=9.549150e-05 | loss=19.491819
Epoch 017 | Step 180 | lr=9.549150e-05 | loss=19.405443
Epoch 017 | Step 190 | lr=9.549150e-05 | loss=19.033760
Epoch 017 | Step 200 | lr=9.549150e-05 | loss=19.553024
Epoch 017 | Step 210 | lr=9.549150e-05 | loss=18.506344
Epoch 017 | Step 220 | lr=9.549150e-05 | loss=19.519733
Epoch 017 | Step 230 | lr=9.549150e-05 | loss=19.064816
Epoch 017 | Step 240 | lr=9.549150e-05 | loss=19.124025
Epoch 017 | Step 250 | lr=9.549150e-05 | loss=19.820894
Epoch 017 | Step 260 | lr=9.549150e-05 | loss=18.989134
Epoch 017 | Step 270 | lr=9.549150e-05 | loss=18.925831
Epoch 017 | Step 280 | lr=9.549150e-05 | loss=20.177271
Epoch 017 | Step 290 | lr=9.549150e-05 | loss=18.318350
Epoch 017 | Step 300 | lr=9.549150e-05 | loss=19.738125
Epoch 017 | Step 310 | lr=9.549150e-05 | loss=19.403498
Epoch 017 | Step 320 | lr=9.549150e-05 | loss=19.545910
Epoch 017 | Step 330 | lr=9.549150e-05 | loss=19.780062
Epoch 017 | Step 340 | lr=9.549150e-05 | loss=18.504917
Epoch 017 | Step 350 | lr=9.549150e-05 | loss=19.307253
Epoch 017 | Step 360 | lr=9.549150e-05 | loss=19.491310
Epoch 017 | Step 370 | lr=9.549150e-05 | loss=19.287422
Epoch 017 | Step 380 | lr=9.549150e-05 | loss=19.293224
Epoch 017 | Step 390 | lr=9.549150e-05 | loss=18.976849
Epoch 017 | Step 400 | lr=9.549150e-05 | loss=18.901701
Epoch 017 | Step 410 | lr=9.549150e-05 | loss=19.008204
Epoch 017 | Step 420 | lr=9.549150e-05 | loss=19.533886
Epoch 017 | Step 430 | lr=9.549150e-05 | loss=19.608282
Epoch 017 | Step 440 | lr=9.549150e-05 | loss=19.812277
Epoch 017 | Step 450 | lr=9.549150e-05 | loss=19.168602
Epoch 017 | Step 460 | lr=9.549150e-05 | loss=18.519981
Epoch 017 | Step 470 | lr=9.549150e-05 | loss=19.657732
Epoch 017 | Step 480 | lr=9.549150e-05 | loss=19.270443
Epoch 017 | Step 490 | lr=9.549150e-05 | loss=19.237755
Epoch 017 | Step 500 | lr=9.549150e-05 | loss=19.336678
Epoch 017 | Step 510 | lr=9.549150e-05 | loss=19.670887
Epoch 017 | Step 520 | lr=9.549150e-05 | loss=19.378220
Epoch 017 | Step 530 | lr=9.549150e-05 | loss=19.522413
Epoch 017 | Step 540 | lr=9.549150e-05 | loss=19.606153
Epoch 017 | Step 550 | lr=9.549150e-05 | loss=19.175165
Epoch 017 | Step 560 | lr=9.549150e-05 | loss=19.331711
Epoch 017 | Step 570 | lr=9.549150e-05 | loss=19.475033
Epoch 017 | Step 580 | lr=9.549150e-05 | loss=18.814960
Epoch 017 | Step 590 | lr=9.549150e-05 | loss=19.447514
Epoch 017 | Step 600 | lr=9.549150e-05 | loss=18.203371
Epoch 017 | Step 610 | lr=9.549150e-05 | loss=19.754389
Epoch 017 | Step 620 | lr=9.549150e-05 | loss=18.948418
Epoch 017 | Step 630 | lr=9.549150e-05 | loss=20.345818
Epoch 017 | Step 640 | lr=9.549150e-05 | loss=19.413177
Epoch 017 | Step 650 | lr=9.549150e-05 | loss=19.210747
Epoch 017 | Step 660 | lr=9.549150e-05 | loss=18.641796
Epoch 017 | Step 670 | lr=9.549150e-05 | loss=19.080061
Epoch 017 | Step 680 | lr=9.549150e-05 | loss=20.255335
Epoch 017 | Step 690 | lr=9.549150e-05 | loss=20.610741
Epoch 017 | Step 700 | lr=9.549150e-05 | loss=20.122671
Epoch 017 | Step 710 | lr=9.549150e-05 | loss=19.853725
Epoch 017 | Step 720 | lr=9.549150e-05 | loss=18.562868
Epoch 017 | Step 730 | lr=9.549150e-05 | loss=19.210247
Epoch 017 | Step 740 | lr=9.549150e-05 | loss=18.522354
Epoch 017 | Step 750 | lr=9.549150e-05 | loss=19.247885
Epoch 017 | Step 760 | lr=9.549150e-05 | loss=19.476173
Epoch 017 | Step 770 | lr=9.549150e-05 | loss=20.359337
Epoch 017 | Step 780 | lr=9.549150e-05 | loss=19.640907
Epoch 017 | Step 790 | lr=9.549150e-05 | loss=18.890757
Epoch 017 | Step 800 | lr=9.549150e-05 | loss=19.080994
Epoch 017 | Step 810 | lr=9.549150e-05 | loss=19.782928
Epoch 017 | Step 820 | lr=9.549150e-05 | loss=19.706425
Epoch 017 | Step 830 | lr=9.549150e-05 | loss=20.083942
Epoch 017 | Step 840 | lr=9.549150e-05 | loss=19.894806
Epoch 017 | Step 850 | lr=9.549150e-05 | loss=19.437273
Epoch 017 | Step 860 | lr=9.549150e-05 | loss=19.570366
Epoch 017 | Step 870 | lr=9.549150e-05 | loss=19.590229
Epoch 017 | Step 880 | lr=9.549150e-05 | loss=18.934719
Epoch 017 | Step 890 | lr=9.549150e-05 | loss=19.945229
Epoch 017 | Step 900 | lr=9.549150e-05 | loss=18.443766
Epoch 017 | Step 910 | lr=9.549150e-05 | loss=20.948217
Epoch 017 | Step 920 | lr=9.549150e-05 | loss=18.798340
Epoch 017 | Step 930 | lr=9.549150e-05 | loss=19.452354
Epoch 017 | Step 940 | lr=9.549150e-05 | loss=19.630550
Epoch 017 | Step 950 | lr=9.549150e-05 | loss=20.230724
Epoch 017 | Step 960 | lr=9.549150e-05 | loss=19.598953
epoch 017 | train_kld=19.302095 | val_kld=20.269837 | val_mae=0.008993 | val_mse=0.002590 | ord_acc@10=0.3010 | recall@10=0.7712
Epoch 018 | Step 10 | lr=5.449674e-05 | loss=19.132931
Epoch 018 | Step 20 | lr=5.449674e-05 | loss=18.757717
Epoch 018 | Step 30 | lr=5.449674e-05 | loss=18.997986
Epoch 018 | Step 40 | lr=5.449674e-05 | loss=19.247849
Epoch 018 | Step 50 | lr=5.449674e-05 | loss=18.429199
Epoch 018 | Step 60 | lr=5.449674e-05 | loss=19.511265
Epoch 018 | Step 70 | lr=5.449674e-05 | loss=18.532574
Epoch 018 | Step 80 | lr=5.449674e-05 | loss=18.506969
Epoch 018 | Step 90 | lr=5.449674e-05 | loss=19.152212
Epoch 018 | Step 100 | lr=5.449674e-05 | loss=19.096813
Epoch 018 | Step 110 | lr=5.449674e-05 | loss=19.182396
Epoch 018 | Step 120 | lr=5.449674e-05 | loss=19.445429
Epoch 018 | Step 130 | lr=5.449674e-05 | loss=18.895947
Epoch 018 | Step 140 | lr=5.449674e-05 | loss=19.459293
Epoch 018 | Step 150 | lr=5.449674e-05 | loss=19.495369
Epoch 018 | Step 160 | lr=5.449674e-05 | loss=18.444660
Epoch 018 | Step 170 | lr=5.449674e-05 | loss=18.453981
Epoch 018 | Step 180 | lr=5.449674e-05 | loss=18.915100
Epoch 018 | Step 190 | lr=5.449674e-05 | loss=18.936098
Epoch 018 | Step 200 | lr=5.449674e-05 | loss=19.242538
Epoch 018 | Step 210 | lr=5.449674e-05 | loss=18.525953
Epoch 018 | Step 220 | lr=5.449674e-05 | loss=19.395060
Epoch 018 | Step 230 | lr=5.449674e-05 | loss=19.127113
Epoch 018 | Step 240 | lr=5.449674e-05 | loss=19.016991
Epoch 018 | Step 250 | lr=5.449674e-05 | loss=20.115646
Epoch 018 | Step 260 | lr=5.449674e-05 | loss=19.730425
Epoch 018 | Step 270 | lr=5.449674e-05 | loss=19.022430
Epoch 018 | Step 280 | lr=5.449674e-05 | loss=18.139912
Epoch 018 | Step 290 | lr=5.449674e-05 | loss=18.693653
Epoch 018 | Step 300 | lr=5.449674e-05 | loss=20.106789
Epoch 018 | Step 310 | lr=5.449674e-05 | loss=19.609417
Epoch 018 | Step 320 | lr=5.449674e-05 | loss=18.753532
Epoch 018 | Step 330 | lr=5.449674e-05 | loss=19.199471
Epoch 018 | Step 340 | lr=5.449674e-05 | loss=19.174942
Epoch 018 | Step 350 | lr=5.449674e-05 | loss=19.310617
Epoch 018 | Step 360 | lr=5.449674e-05 | loss=19.592625
Epoch 018 | Step 370 | lr=5.449674e-05 | loss=19.251429
Epoch 018 | Step 380 | lr=5.449674e-05 | loss=18.784748
Epoch 018 | Step 390 | lr=5.449674e-05 | loss=19.463966
Epoch 018 | Step 400 | lr=5.449674e-05 | loss=19.792198
Epoch 018 | Step 410 | lr=5.449674e-05 | loss=19.209684
Epoch 018 | Step 420 | lr=5.449674e-05 | loss=18.777569
Epoch 018 | Step 430 | lr=5.449674e-05 | loss=18.236628
Epoch 018 | Step 440 | lr=5.449674e-05 | loss=19.773273
Epoch 018 | Step 450 | lr=5.449674e-05 | loss=20.126972
Epoch 018 | Step 460 | lr=5.449674e-05 | loss=20.306744
Epoch 018 | Step 470 | lr=5.449674e-05 | loss=18.743149
Epoch 018 | Step 480 | lr=5.449674e-05 | loss=19.881092
Epoch 018 | Step 490 | lr=5.449674e-05 | loss=19.141102
Epoch 018 | Step 500 | lr=5.449674e-05 | loss=20.046682
Epoch 018 | Step 510 | lr=5.449674e-05 | loss=20.100353
Epoch 018 | Step 520 | lr=5.449674e-05 | loss=18.953850
Epoch 018 | Step 530 | lr=5.449674e-05 | loss=19.166515
Epoch 018 | Step 540 | lr=5.449674e-05 | loss=19.256363
Epoch 018 | Step 550 | lr=5.449674e-05 | loss=18.724003
Epoch 018 | Step 560 | lr=5.449674e-05 | loss=19.629013
Epoch 018 | Step 570 | lr=5.449674e-05 | loss=19.239197
Epoch 018 | Step 580 | lr=5.449674e-05 | loss=19.287624
Epoch 018 | Step 590 | lr=5.449674e-05 | loss=19.152813
Epoch 018 | Step 600 | lr=5.449674e-05 | loss=19.580647
Epoch 018 | Step 610 | lr=5.449674e-05 | loss=18.710777
Epoch 018 | Step 620 | lr=5.449674e-05 | loss=19.933971
Epoch 018 | Step 630 | lr=5.449674e-05 | loss=18.910740
Epoch 018 | Step 640 | lr=5.449674e-05 | loss=19.430103
Epoch 018 | Step 650 | lr=5.449674e-05 | loss=19.476181
Epoch 018 | Step 660 | lr=5.449674e-05 | loss=19.522146
Epoch 018 | Step 670 | lr=5.449674e-05 | loss=19.659500
Epoch 018 | Step 680 | lr=5.449674e-05 | loss=19.750866
Epoch 018 | Step 690 | lr=5.449674e-05 | loss=19.496857
Epoch 018 | Step 700 | lr=5.449674e-05 | loss=19.389671
Epoch 018 | Step 710 | lr=5.449674e-05 | loss=20.050093
Epoch 018 | Step 720 | lr=5.449674e-05 | loss=18.650734
Epoch 018 | Step 730 | lr=5.449674e-05 | loss=19.027718
Epoch 018 | Step 740 | lr=5.449674e-05 | loss=19.655624
Epoch 018 | Step 750 | lr=5.449674e-05 | loss=19.883636
Epoch 018 | Step 760 | lr=5.449674e-05 | loss=18.780239
Epoch 018 | Step 770 | lr=5.449674e-05 | loss=19.209648
Epoch 018 | Step 780 | lr=5.449674e-05 | loss=18.584881
Epoch 018 | Step 790 | lr=5.449674e-05 | loss=19.253613
Epoch 018 | Step 800 | lr=5.449674e-05 | loss=17.979244
Epoch 018 | Step 810 | lr=5.449674e-05 | loss=19.657574
Epoch 018 | Step 820 | lr=5.449674e-05 | loss=19.279484
Epoch 018 | Step 830 | lr=5.449674e-05 | loss=18.635809
Epoch 018 | Step 840 | lr=5.449674e-05 | loss=19.212353
Epoch 018 | Step 850 | lr=5.449674e-05 | loss=19.656513
Epoch 018 | Step 860 | lr=5.449674e-05 | loss=19.653782
Epoch 018 | Step 870 | lr=5.449674e-05 | loss=18.833981
Epoch 018 | Step 880 | lr=5.449674e-05 | loss=18.228767
Epoch 018 | Step 890 | lr=5.449674e-05 | loss=19.254744
Epoch 018 | Step 900 | lr=5.449674e-05 | loss=19.004631
Epoch 018 | Step 910 | lr=5.449674e-05 | loss=19.329733
Epoch 018 | Step 920 | lr=5.449674e-05 | loss=19.365110
Epoch 018 | Step 930 | lr=5.449674e-05 | loss=19.903027
Epoch 018 | Step 940 | lr=5.449674e-05 | loss=18.619713
Epoch 018 | Step 950 | lr=5.449674e-05 | loss=19.012005
Epoch 018 | Step 960 | lr=5.449674e-05 | loss=19.221029
epoch 018 | train_kld=19.205869 | val_kld=20.284430 | val_mae=0.009057 | val_mse=0.002637 | ord_acc@10=0.3042 | recall@10=0.7718
Epoch 019 | Step 10 | lr=2.447174e-05 | loss=18.484301
Epoch 019 | Step 20 | lr=2.447174e-05 | loss=19.182968
Epoch 019 | Step 30 | lr=2.447174e-05 | loss=18.685711
Epoch 019 | Step 40 | lr=2.447174e-05 | loss=19.249378
Epoch 019 | Step 50 | lr=2.447174e-05 | loss=18.921688
Epoch 019 | Step 60 | lr=2.447174e-05 | loss=19.668694
Epoch 019 | Step 70 | lr=2.447174e-05 | loss=18.616585
Epoch 019 | Step 80 | lr=2.447174e-05 | loss=18.733418
Epoch 019 | Step 90 | lr=2.447174e-05 | loss=19.090952
Epoch 019 | Step 100 | lr=2.447174e-05 | loss=18.644772
Epoch 019 | Step 110 | lr=2.447174e-05 | loss=19.768223
Epoch 019 | Step 120 | lr=2.447174e-05 | loss=19.034334
Epoch 019 | Step 130 | lr=2.447174e-05 | loss=19.105564
Epoch 019 | Step 140 | lr=2.447174e-05 | loss=19.912270
Epoch 019 | Step 150 | lr=2.447174e-05 | loss=17.846680
Epoch 019 | Step 160 | lr=2.447174e-05 | loss=18.780495
Epoch 019 | Step 170 | lr=2.447174e-05 | loss=18.588158
Epoch 019 | Step 180 | lr=2.447174e-05 | loss=19.279163
Epoch 019 | Step 190 | lr=2.447174e-05 | loss=18.950405
Epoch 019 | Step 200 | lr=2.447174e-05 | loss=19.658360
Epoch 019 | Step 210 | lr=2.447174e-05 | loss=19.562313
Epoch 019 | Step 220 | lr=2.447174e-05 | loss=19.335407
Epoch 019 | Step 230 | lr=2.447174e-05 | loss=19.357758
Epoch 019 | Step 240 | lr=2.447174e-05 | loss=18.404043
Epoch 019 | Step 250 | lr=2.447174e-05 | loss=18.779041
Epoch 019 | Step 260 | lr=2.447174e-05 | loss=19.603363
Epoch 019 | Step 270 | lr=2.447174e-05 | loss=19.944221
Epoch 019 | Step 280 | lr=2.447174e-05 | loss=19.511292
Epoch 019 | Step 290 | lr=2.447174e-05 | loss=19.693832
Epoch 019 | Step 300 | lr=2.447174e-05 | loss=19.555384
Epoch 019 | Step 310 | lr=2.447174e-05 | loss=19.121845
Epoch 019 | Step 320 | lr=2.447174e-05 | loss=19.257565
Epoch 019 | Step 330 | lr=2.447174e-05 | loss=18.892565
Epoch 019 | Step 340 | lr=2.447174e-05 | loss=18.988251
Epoch 019 | Step 350 | lr=2.447174e-05 | loss=18.855701
Epoch 019 | Step 360 | lr=2.447174e-05 | loss=19.632603
Epoch 019 | Step 370 | lr=2.447174e-05 | loss=19.568829
Epoch 019 | Step 380 | lr=2.447174e-05 | loss=18.924900
Epoch 019 | Step 390 | lr=2.447174e-05 | loss=19.335255
Epoch 019 | Step 400 | lr=2.447174e-05 | loss=18.634880
Epoch 019 | Step 410 | lr=2.447174e-05 | loss=18.748280
Epoch 019 | Step 420 | lr=2.447174e-05 | loss=18.562380
Epoch 019 | Step 430 | lr=2.447174e-05 | loss=19.624084
Epoch 019 | Step 440 | lr=2.447174e-05 | loss=19.084110
Epoch 019 | Step 450 | lr=2.447174e-05 | loss=19.530588
Epoch 019 | Step 460 | lr=2.447174e-05 | loss=19.580248
Epoch 019 | Step 470 | lr=2.447174e-05 | loss=18.712051
Epoch 019 | Step 480 | lr=2.447174e-05 | loss=19.114109
Epoch 019 | Step 490 | lr=2.447174e-05 | loss=19.483850
Epoch 019 | Step 500 | lr=2.447174e-05 | loss=19.444998
Epoch 019 | Step 510 | lr=2.447174e-05 | loss=19.032879
Epoch 019 | Step 520 | lr=2.447174e-05 | loss=18.799370
Epoch 019 | Step 530 | lr=2.447174e-05 | loss=19.168947
Epoch 019 | Step 540 | lr=2.447174e-05 | loss=18.952538
Epoch 019 | Step 550 | lr=2.447174e-05 | loss=19.681112
Epoch 019 | Step 560 | lr=2.447174e-05 | loss=19.610386
Epoch 019 | Step 570 | lr=2.447174e-05 | loss=19.354261
Epoch 019 | Step 580 | lr=2.447174e-05 | loss=19.684528
Epoch 019 | Step 590 | lr=2.447174e-05 | loss=18.856949
Epoch 019 | Step 600 | lr=2.447174e-05 | loss=19.599720
Epoch 019 | Step 610 | lr=2.447174e-05 | loss=19.821033
Epoch 019 | Step 620 | lr=2.447174e-05 | loss=18.495331
Epoch 019 | Step 630 | lr=2.447174e-05 | loss=19.048641
Epoch 019 | Step 640 | lr=2.447174e-05 | loss=18.914612
Epoch 019 | Step 650 | lr=2.447174e-05 | loss=18.290003
Epoch 019 | Step 660 | lr=2.447174e-05 | loss=18.944309
Epoch 019 | Step 670 | lr=2.447174e-05 | loss=19.116594
Epoch 019 | Step 680 | lr=2.447174e-05 | loss=19.186432
Epoch 019 | Step 690 | lr=2.447174e-05 | loss=19.287676
Epoch 019 | Step 700 | lr=2.447174e-05 | loss=19.005825
Epoch 019 | Step 710 | lr=2.447174e-05 | loss=19.534191
Epoch 019 | Step 720 | lr=2.447174e-05 | loss=18.579903
Epoch 019 | Step 730 | lr=2.447174e-05 | loss=19.954897
Epoch 019 | Step 740 | lr=2.447174e-05 | loss=19.138441
Epoch 019 | Step 750 | lr=2.447174e-05 | loss=18.958214
Epoch 019 | Step 760 | lr=2.447174e-05 | loss=19.146627
Epoch 019 | Step 770 | lr=2.447174e-05 | loss=18.172642
Epoch 019 | Step 780 | lr=2.447174e-05 | loss=18.881767
Epoch 019 | Step 790 | lr=2.447174e-05 | loss=19.416496
Epoch 019 | Step 800 | lr=2.447174e-05 | loss=18.114864
Epoch 019 | Step 810 | lr=2.447174e-05 | loss=19.118195
Epoch 019 | Step 820 | lr=2.447174e-05 | loss=19.109900
Epoch 019 | Step 830 | lr=2.447174e-05 | loss=19.345654
Epoch 019 | Step 840 | lr=2.447174e-05 | loss=18.612476
Epoch 019 | Step 850 | lr=2.447174e-05 | loss=18.622475
Epoch 019 | Step 860 | lr=2.447174e-05 | loss=19.413397
Epoch 019 | Step 870 | lr=2.447174e-05 | loss=19.967613
Epoch 019 | Step 880 | lr=2.447174e-05 | loss=19.270964
Epoch 019 | Step 890 | lr=2.447174e-05 | loss=18.336090
Epoch 019 | Step 900 | lr=2.447174e-05 | loss=18.683252
Epoch 019 | Step 910 | lr=2.447174e-05 | loss=19.336527
Epoch 019 | Step 920 | lr=2.447174e-05 | loss=19.248816
Epoch 019 | Step 930 | lr=2.447174e-05 | loss=20.018875
Epoch 019 | Step 940 | lr=2.447174e-05 | loss=19.512594
Epoch 019 | Step 950 | lr=2.447174e-05 | loss=19.248188
Epoch 019 | Step 960 | lr=2.447174e-05 | loss=18.569754
epoch 019 | train_kld=19.136489 | val_kld=20.382055 | val_mae=0.009057 | val_mse=0.002632 | ord_acc@10=0.3048 | recall@10=0.7700
Epoch 020 | Step 10 | lr=6.155830e-06 | loss=19.340778
Epoch 020 | Step 20 | lr=6.155830e-06 | loss=19.155161
Epoch 020 | Step 30 | lr=6.155830e-06 | loss=19.565468
Epoch 020 | Step 40 | lr=6.155830e-06 | loss=18.637314
Epoch 020 | Step 50 | lr=6.155830e-06 | loss=18.917955
Epoch 020 | Step 60 | lr=6.155830e-06 | loss=18.574154
Epoch 020 | Step 70 | lr=6.155830e-06 | loss=19.233017
Epoch 020 | Step 80 | lr=6.155830e-06 | loss=19.392277
Epoch 020 | Step 90 | lr=6.155830e-06 | loss=18.795052
Epoch 020 | Step 100 | lr=6.155830e-06 | loss=19.248278
Epoch 020 | Step 110 | lr=6.155830e-06 | loss=19.296337
Epoch 020 | Step 120 | lr=6.155830e-06 | loss=19.232056
Epoch 020 | Step 130 | lr=6.155830e-06 | loss=19.391436
Epoch 020 | Step 140 | lr=6.155830e-06 | loss=18.159042
Epoch 020 | Step 150 | lr=6.155830e-06 | loss=18.779612
Epoch 020 | Step 160 | lr=6.155830e-06 | loss=19.183371
Epoch 020 | Step 170 | lr=6.155830e-06 | loss=19.372009
Epoch 020 | Step 180 | lr=6.155830e-06 | loss=19.448706
Epoch 020 | Step 190 | lr=6.155830e-06 | loss=19.043968
Epoch 020 | Step 200 | lr=6.155830e-06 | loss=19.117582
Epoch 020 | Step 210 | lr=6.155830e-06 | loss=19.107193
Epoch 020 | Step 220 | lr=6.155830e-06 | loss=18.806740
Epoch 020 | Step 230 | lr=6.155830e-06 | loss=17.861843
Epoch 020 | Step 240 | lr=6.155830e-06 | loss=19.271835
Epoch 020 | Step 250 | lr=6.155830e-06 | loss=18.582237
Epoch 020 | Step 260 | lr=6.155830e-06 | loss=18.966995
Epoch 020 | Step 270 | lr=6.155830e-06 | loss=19.855240
Epoch 020 | Step 280 | lr=6.155830e-06 | loss=18.920048
Epoch 020 | Step 290 | lr=6.155830e-06 | loss=18.938053
Epoch 020 | Step 300 | lr=6.155830e-06 | loss=18.473606
Epoch 020 | Step 310 | lr=6.155830e-06 | loss=18.861832
Epoch 020 | Step 320 | lr=6.155830e-06 | loss=18.898090
Epoch 020 | Step 330 | lr=6.155830e-06 | loss=19.213959
Epoch 020 | Step 340 | lr=6.155830e-06 | loss=19.043262
Epoch 020 | Step 350 | lr=6.155830e-06 | loss=18.544628
Epoch 020 | Step 360 | lr=6.155830e-06 | loss=18.918407
Epoch 020 | Step 370 | lr=6.155830e-06 | loss=19.152676
Epoch 020 | Step 380 | lr=6.155830e-06 | loss=19.437912
Epoch 020 | Step 390 | lr=6.155830e-06 | loss=18.802008
Epoch 020 | Step 400 | lr=6.155830e-06 | loss=19.238028
Epoch 020 | Step 410 | lr=6.155830e-06 | loss=19.264732
Epoch 020 | Step 420 | lr=6.155830e-06 | loss=19.318348
Epoch 020 | Step 430 | lr=6.155830e-06 | loss=18.363129
Epoch 020 | Step 440 | lr=6.155830e-06 | loss=19.622940
Epoch 020 | Step 450 | lr=6.155830e-06 | loss=18.618305
Epoch 020 | Step 460 | lr=6.155830e-06 | loss=19.024773
Epoch 020 | Step 470 | lr=6.155830e-06 | loss=19.163103
Epoch 020 | Step 480 | lr=6.155830e-06 | loss=18.974146
Epoch 020 | Step 490 | lr=6.155830e-06 | loss=18.772373
Epoch 020 | Step 500 | lr=6.155830e-06 | loss=19.633785
Epoch 020 | Step 510 | lr=6.155830e-06 | loss=18.746380
Epoch 020 | Step 520 | lr=6.155830e-06 | loss=18.987253
Epoch 020 | Step 530 | lr=6.155830e-06 | loss=19.153400
Epoch 020 | Step 540 | lr=6.155830e-06 | loss=19.526062
Epoch 020 | Step 550 | lr=6.155830e-06 | loss=18.858461
Epoch 020 | Step 560 | lr=6.155830e-06 | loss=18.732780
Epoch 020 | Step 570 | lr=6.155830e-06 | loss=19.175293
Epoch 020 | Step 580 | lr=6.155830e-06 | loss=19.629463
Epoch 020 | Step 590 | lr=6.155830e-06 | loss=18.720560
Epoch 020 | Step 600 | lr=6.155830e-06 | loss=19.361958
Epoch 020 | Step 610 | lr=6.155830e-06 | loss=19.289331
Epoch 020 | Step 620 | lr=6.155830e-06 | loss=19.748968
Epoch 020 | Step 630 | lr=6.155830e-06 | loss=19.707321
Epoch 020 | Step 640 | lr=6.155830e-06 | loss=18.972832
Epoch 020 | Step 650 | lr=6.155830e-06 | loss=18.982605
Epoch 020 | Step 660 | lr=6.155830e-06 | loss=18.969109
Epoch 020 | Step 670 | lr=6.155830e-06 | loss=18.469048
Epoch 020 | Step 680 | lr=6.155830e-06 | loss=18.991772
Epoch 020 | Step 690 | lr=6.155830e-06 | loss=19.407867
Epoch 020 | Step 700 | lr=6.155830e-06 | loss=19.022718
Epoch 020 | Step 710 | lr=6.155830e-06 | loss=18.238045
Epoch 020 | Step 720 | lr=6.155830e-06 | loss=19.135853
Epoch 020 | Step 730 | lr=6.155830e-06 | loss=18.774511
Epoch 020 | Step 740 | lr=6.155830e-06 | loss=18.972170
Epoch 020 | Step 750 | lr=6.155830e-06 | loss=18.946333
Epoch 020 | Step 760 | lr=6.155830e-06 | loss=20.171429
Epoch 020 | Step 770 | lr=6.155830e-06 | loss=19.026470
Epoch 020 | Step 780 | lr=6.155830e-06 | loss=19.667706
Epoch 020 | Step 790 | lr=6.155830e-06 | loss=18.772472
Epoch 020 | Step 800 | lr=6.155830e-06 | loss=19.205015
Epoch 020 | Step 810 | lr=6.155830e-06 | loss=19.530235
Epoch 020 | Step 820 | lr=6.155830e-06 | loss=19.164568
Epoch 020 | Step 830 | lr=6.155830e-06 | loss=18.616352
Epoch 020 | Step 840 | lr=6.155830e-06 | loss=19.502155
Epoch 020 | Step 850 | lr=6.155830e-06 | loss=19.420185
Epoch 020 | Step 860 | lr=6.155830e-06 | loss=18.256882
Epoch 020 | Step 870 | lr=6.155830e-06 | loss=20.043213
Epoch 020 | Step 880 | lr=6.155830e-06 | loss=19.125771
Epoch 020 | Step 890 | lr=6.155830e-06 | loss=18.642166
Epoch 020 | Step 900 | lr=6.155830e-06 | loss=19.350170
Epoch 020 | Step 910 | lr=6.155830e-06 | loss=19.151745
Epoch 020 | Step 920 | lr=6.155830e-06 | loss=18.864973
Epoch 020 | Step 930 | lr=6.155830e-06 | loss=18.464291
Epoch 020 | Step 940 | lr=6.155830e-06 | loss=18.584347
Epoch 020 | Step 950 | lr=6.155830e-06 | loss=19.211174
Epoch 020 | Step 960 | lr=6.155830e-06 | loss=18.788179
/mnt/hdd/xln/PycharmProjects/PredictLeafNode/src/model/cluster_dist_transformer_original.py:844: FutureWarning: You are using `torch.load` with `weights_only=False` (the current default value), which uses the default pickle module implicitly. It is possible to construct malicious pickle data which will execute arbitrary code during unpickling (See https://github.com/pytorch/pytorch/blob/main/SECURITY.md#untrusted-models for more details). In a future release, the default value for `weights_only` will be flipped to `True`. This limits the functions that could be executed during unpickling. Arbitrary objects will no longer be allowed to be loaded via this mode unless they are explicitly allowlisted by the user via `torch.serialization.add_safe_globals`. We recommend you start setting `weights_only=True` for any use case where you don't have full control of the loaded file. Please open an issue on GitHub for any issues related to this experimental feature.
  ckpt = torch.load(best_path, map_location=device)
epoch 020 | train_kld=19.090291 | val_kld=20.387874 | val_mae=0.009066 | val_mse=0.002639 | ord_acc@10=0.3034 | recall@10=0.7699
Saved epoch 1 batch metrics plot to input/Training_data/gist1M_learn/leafsize20K/E_model_d256_L4_H8_ff512_topk10_bs512_ep20_lr0.001_wd0.01_bilinear_normalizeTrue_posTrue_gatingTrue_loss_typelistmle_use_type_embedTrue/model_d256_L4_H8_ff512_topk10_bs512_ep20_lr0.001_wd0.01_bilinear_normalizeTrue_posTrue_gatingTrue_loss_typelistmle_use_type_embedTrue_epoch1_batch_metrics@10.png
Saved epoch metrics plot to input/Training_data/gist1M_learn/leafsize20K/E_model_d256_L4_H8_ff512_topk10_bs512_ep20_lr0.001_wd0.01_bilinear_normalizeTrue_posTrue_gatingTrue_loss_typelistmle_use_type_embedTrue/model_d256_L4_H8_ff512_topk10_bs512_ep20_lr0.001_wd0.01_bilinear_normalizeTrue_posTrue_gatingTrue_loss_typelistmle_use_type_embedTrue_epoch_metrics.png
best val_kld: 20.210502 at epoch 14
Loaded checkpoint from input/Training_data/gist1M_learn/leafsize20K/E_model_d256_L4_H8_ff512_topk10_bs512_ep20_lr0.001_wd0.01_bilinear_normalizeTrue_posTrue_gatingTrue_loss_typelistmle_use_type_embedTrue/model_d256_L4_H8_ff512_topk10_bs512_ep20_lr0.001_wd0.01_bilinear_normalizeTrue_posTrue_gatingTrue_loss_typelistmle_use_type_embedTrue.pt (epoch=14)
[TEST] kld=21.431290 | mae=0.009121 | mse=0.002610 | ord_acc@10=0.2928 | recall@10=0.7856
Saving model predictions to file...
Saved predictions -> input/Training_data/gist1M_learn/leafsize20K/E_model_d256_L4_H8_ff512_topk10_bs512_ep20_lr0.001_wd0.01_bilinear_normalizeTrue_posTrue_gatingTrue_loss_typelistmle_use_type_embedTrue/model_d256_L4_H8_ff512_topk10_bs512_ep20_lr0.001_wd0.01_bilinear_normalizeTrue_posTrue_gatingTrue_loss_typelistmle_use_type_embedTrue_pred.txt
