/home/xln/miniconda3/envs/elpis_torch/lib/python3.12/site-packages/torch/nn/modules/transformer.py:379: UserWarning: enable_nested_tensor is True, but self.use_nested_tensor is False because encoder_layer.norm_first was True
  warnings.warn(
Detected K=116, D=960
Using experiment ID: E
Epoch 001 | Batch 10 | val_kld=4.755421 | val_ordacc@10=0.004959 | val_recall@10=0.051506
Epoch 001 | Step 10 | lr=1.000000e-03 | loss=4.759189
Epoch 001 | Batch 20 | val_kld=4.753997 | val_ordacc@10=0.008483 | val_recall@10=0.152997
Epoch 001 | Step 20 | lr=1.000000e-03 | loss=4.753910
Epoch 001 | Batch 30 | val_kld=4.753555 | val_ordacc@10=0.024976 | val_recall@10=0.256110
Epoch 001 | Step 30 | lr=1.000000e-03 | loss=4.753651
Epoch 001 | Batch 40 | val_kld=4.753507 | val_ordacc@10=0.029171 | val_recall@10=0.303366
Epoch 001 | Step 40 | lr=1.000000e-03 | loss=4.753547
Epoch 001 | Batch 50 | val_kld=4.753490 | val_ordacc@10=0.035065 | val_recall@10=0.361732
Epoch 001 | Step 50 | lr=1.000000e-03 | loss=4.753525
Epoch 001 | Batch 60 | val_kld=4.753476 | val_ordacc@10=0.032958 | val_recall@10=0.355678
Epoch 001 | Step 60 | lr=1.000000e-03 | loss=4.753504
Epoch 001 | Batch 70 | val_kld=4.753467 | val_ordacc@10=0.044872 | val_recall@10=0.408623
Epoch 001 | Step 70 | lr=1.000000e-03 | loss=4.753510
Epoch 001 | Batch 80 | val_kld=4.753457 | val_ordacc@10=0.042419 | val_recall@10=0.411177
Epoch 001 | Step 80 | lr=1.000000e-03 | loss=4.753483
Epoch 001 | Batch 90 | val_kld=4.753450 | val_ordacc@10=0.046891 | val_recall@10=0.436290
Epoch 001 | Step 90 | lr=1.000000e-03 | loss=4.753459
Epoch 001 | Batch 100 | val_kld=4.753443 | val_ordacc@10=0.047726 | val_recall@10=0.446211
Epoch 001 | Step 100 | lr=1.000000e-03 | loss=4.753473
Epoch 001 | Batch 110 | val_kld=4.753436 | val_ordacc@10=0.050984 | val_recall@10=0.461598
Epoch 001 | Step 110 | lr=1.000000e-03 | loss=4.753441
Epoch 001 | Batch 120 | val_kld=4.753429 | val_ordacc@10=0.053141 | val_recall@10=0.469251
Epoch 001 | Step 120 | lr=1.000000e-03 | loss=4.753454
Epoch 001 | Batch 130 | val_kld=4.753423 | val_ordacc@10=0.055326 | val_recall@10=0.476460
Epoch 001 | Step 130 | lr=1.000000e-03 | loss=4.753457
Epoch 001 | Batch 140 | val_kld=4.753416 | val_ordacc@10=0.055936 | val_recall@10=0.483398
Epoch 001 | Step 140 | lr=1.000000e-03 | loss=4.753446
Epoch 001 | Batch 150 | val_kld=4.753410 | val_ordacc@10=0.057681 | val_recall@10=0.487319
Epoch 001 | Step 150 | lr=1.000000e-03 | loss=4.753455
Epoch 001 | Batch 160 | val_kld=4.753404 | val_ordacc@10=0.060874 | val_recall@10=0.499443
Epoch 001 | Step 160 | lr=1.000000e-03 | loss=4.753434
Epoch 001 | Batch 170 | val_kld=4.753398 | val_ordacc@10=0.061801 | val_recall@10=0.504625
Epoch 001 | Step 170 | lr=1.000000e-03 | loss=4.753409
Epoch 001 | Batch 180 | val_kld=4.753393 | val_ordacc@10=0.062573 | val_recall@10=0.509968
Epoch 001 | Step 180 | lr=1.000000e-03 | loss=4.753425
Epoch 001 | Batch 190 | val_kld=4.753387 | val_ordacc@10=0.064025 | val_recall@10=0.513973
Epoch 001 | Step 190 | lr=1.000000e-03 | loss=4.753409
Epoch 001 | Batch 200 | val_kld=4.753381 | val_ordacc@10=0.064620 | val_recall@10=0.515825
Epoch 001 | Step 200 | lr=1.000000e-03 | loss=4.753378
Epoch 001 | Batch 210 | val_kld=4.753375 | val_ordacc@10=0.067267 | val_recall@10=0.522323
Epoch 001 | Step 210 | lr=1.000000e-03 | loss=4.753398
Epoch 001 | Batch 220 | val_kld=4.753369 | val_ordacc@10=0.067404 | val_recall@10=0.525042
Epoch 001 | Step 220 | lr=1.000000e-03 | loss=4.753425
Epoch 001 | Batch 230 | val_kld=4.753364 | val_ordacc@10=0.067449 | val_recall@10=0.527761
Epoch 001 | Step 230 | lr=1.000000e-03 | loss=4.753421
Epoch 001 | Batch 240 | val_kld=4.753359 | val_ordacc@10=0.069205 | val_recall@10=0.529597
Epoch 001 | Step 240 | lr=1.000000e-03 | loss=4.753401
Epoch 001 | Batch 250 | val_kld=4.753353 | val_ordacc@10=0.069656 | val_recall@10=0.532602
Epoch 001 | Step 250 | lr=1.000000e-03 | loss=4.753402
Epoch 001 | Batch 260 | val_kld=4.753348 | val_ordacc@10=0.070377 | val_recall@10=0.535104
Epoch 001 | Step 260 | lr=1.000000e-03 | loss=4.753381
Epoch 001 | Batch 270 | val_kld=4.753342 | val_ordacc@10=0.070703 | val_recall@10=0.533308
Epoch 001 | Step 270 | lr=1.000000e-03 | loss=4.753371
Epoch 001 | Batch 280 | val_kld=4.753338 | val_ordacc@10=0.072720 | val_recall@10=0.533745
Epoch 001 | Step 280 | lr=1.000000e-03 | loss=4.753380
Epoch 001 | Batch 290 | val_kld=4.753334 | val_ordacc@10=0.072534 | val_recall@10=0.537415
Epoch 001 | Step 290 | lr=1.000000e-03 | loss=4.753343
Epoch 001 | Batch 300 | val_kld=4.753328 | val_ordacc@10=0.073802 | val_recall@10=0.538257
Epoch 001 | Step 300 | lr=1.000000e-03 | loss=4.753386
Epoch 001 | Batch 310 | val_kld=4.753323 | val_ordacc@10=0.074468 | val_recall@10=0.537495
Epoch 001 | Step 310 | lr=1.000000e-03 | loss=4.753353
Epoch 001 | Batch 320 | val_kld=4.753320 | val_ordacc@10=0.076163 | val_recall@10=0.539466
Epoch 001 | Step 320 | lr=1.000000e-03 | loss=4.753369
Epoch 001 | Batch 330 | val_kld=4.753315 | val_ordacc@10=0.077494 | val_recall@10=0.543007
Epoch 001 | Step 330 | lr=1.000000e-03 | loss=4.753301
Epoch 001 | Batch 340 | val_kld=4.753309 | val_ordacc@10=0.078913 | val_recall@10=0.545836
Epoch 001 | Step 340 | lr=1.000000e-03 | loss=4.753366
Epoch 001 | Batch 350 | val_kld=4.753303 | val_ordacc@10=0.079164 | val_recall@10=0.546203
Epoch 001 | Step 350 | lr=1.000000e-03 | loss=4.753342
Epoch 001 | Batch 360 | val_kld=4.753300 | val_ordacc@10=0.080999 | val_recall@10=0.548059
Epoch 001 | Step 360 | lr=1.000000e-03 | loss=4.753325
Epoch 001 | Batch 370 | val_kld=4.753296 | val_ordacc@10=0.081399 | val_recall@10=0.550949
Epoch 001 | Step 370 | lr=1.000000e-03 | loss=4.753369
Epoch 001 | Batch 380 | val_kld=4.753290 | val_ordacc@10=0.081474 | val_recall@10=0.550915
Epoch 001 | Step 380 | lr=1.000000e-03 | loss=4.753351
Epoch 001 | Batch 390 | val_kld=4.753286 | val_ordacc@10=0.083656 | val_recall@10=0.555261
Epoch 001 | Step 390 | lr=1.000000e-03 | loss=4.753340
Epoch 001 | Batch 400 | val_kld=4.753283 | val_ordacc@10=0.084722 | val_recall@10=0.558671
Epoch 001 | Step 400 | lr=1.000000e-03 | loss=4.753317
Epoch 001 | Batch 410 | val_kld=4.753275 | val_ordacc@10=0.084628 | val_recall@10=0.559298
Epoch 001 | Step 410 | lr=1.000000e-03 | loss=4.753276
Epoch 001 | Batch 420 | val_kld=4.753274 | val_ordacc@10=0.087067 | val_recall@10=0.559666
Epoch 001 | Step 420 | lr=1.000000e-03 | loss=4.753312
Epoch 001 | Batch 430 | val_kld=4.753267 | val_ordacc@10=0.086127 | val_recall@10=0.561588
Epoch 001 | Step 430 | lr=1.000000e-03 | loss=4.753320
Epoch 001 | Batch 440 | val_kld=4.753261 | val_ordacc@10=0.085678 | val_recall@10=0.564917
Epoch 001 | Step 440 | lr=1.000000e-03 | loss=4.753269
Epoch 001 | Batch 450 | val_kld=4.753257 | val_ordacc@10=0.086477 | val_recall@10=0.565359
Epoch 001 | Step 450 | lr=1.000000e-03 | loss=4.753320
Epoch 001 | Batch 460 | val_kld=4.753252 | val_ordacc@10=0.088444 | val_recall@10=0.573037
Epoch 001 | Step 460 | lr=1.000000e-03 | loss=4.753287
Epoch 001 | Batch 470 | val_kld=4.753249 | val_ordacc@10=0.088628 | val_recall@10=0.570981
Epoch 001 | Step 470 | lr=1.000000e-03 | loss=4.753259
Epoch 001 | Batch 480 | val_kld=4.753241 | val_ordacc@10=0.088174 | val_recall@10=0.574752
Epoch 001 | Step 480 | lr=1.000000e-03 | loss=4.753266
Epoch 001 | Batch 490 | val_kld=4.753237 | val_ordacc@10=0.092242 | val_recall@10=0.582367
Epoch 001 | Step 490 | lr=1.000000e-03 | loss=4.753298
Epoch 001 | Batch 500 | val_kld=4.753231 | val_ordacc@10=0.094495 | val_recall@10=0.588152
Epoch 001 | Step 500 | lr=1.000000e-03 | loss=4.753244
Epoch 001 | Batch 510 | val_kld=4.753228 | val_ordacc@10=0.093842 | val_recall@10=0.584388
Epoch 001 | Step 510 | lr=1.000000e-03 | loss=4.753278
Epoch 001 | Batch 520 | val_kld=4.753221 | val_ordacc@10=0.092530 | val_recall@10=0.589850
Epoch 001 | Step 520 | lr=1.000000e-03 | loss=4.753271
Epoch 001 | Batch 530 | val_kld=4.753214 | val_ordacc@10=0.094438 | val_recall@10=0.591529
Epoch 001 | Step 530 | lr=1.000000e-03 | loss=4.753266
Epoch 001 | Batch 540 | val_kld=4.753209 | val_ordacc@10=0.096979 | val_recall@10=0.595573
Epoch 001 | Step 540 | lr=1.000000e-03 | loss=4.753256
Epoch 001 | Batch 550 | val_kld=4.753205 | val_ordacc@10=0.096956 | val_recall@10=0.598533
Epoch 001 | Step 550 | lr=1.000000e-03 | loss=4.753255
Epoch 001 | Batch 560 | val_kld=4.753198 | val_ordacc@10=0.097851 | val_recall@10=0.606217
Epoch 001 | Step 560 | lr=1.000000e-03 | loss=4.753289
Epoch 001 | Batch 570 | val_kld=4.753192 | val_ordacc@10=0.099479 | val_recall@10=0.609090
Epoch 001 | Step 570 | lr=1.000000e-03 | loss=4.753212
Epoch 001 | Batch 580 | val_kld=4.753194 | val_ordacc@10=0.102203 | val_recall@10=0.608450
Epoch 001 | Step 580 | lr=1.000000e-03 | loss=4.753240
Epoch 001 | Batch 590 | val_kld=4.753183 | val_ordacc@10=0.104205 | val_recall@10=0.619941
Epoch 001 | Step 590 | lr=1.000000e-03 | loss=4.753211
Epoch 001 | Batch 600 | val_kld=4.753173 | val_ordacc@10=0.104040 | val_recall@10=0.623174
Epoch 001 | Step 600 | lr=1.000000e-03 | loss=4.753158
Epoch 001 | Batch 610 | val_kld=4.753165 | val_ordacc@10=0.105403 | val_recall@10=0.626694
Epoch 001 | Step 610 | lr=1.000000e-03 | loss=4.753171
Epoch 001 | Batch 620 | val_kld=4.753159 | val_ordacc@10=0.106719 | val_recall@10=0.631197
Epoch 001 | Step 620 | lr=1.000000e-03 | loss=4.753144
Epoch 001 | Batch 630 | val_kld=4.753146 | val_ordacc@10=0.108837 | val_recall@10=0.637644
Epoch 001 | Step 630 | lr=1.000000e-03 | loss=4.753175
Epoch 001 | Batch 640 | val_kld=4.753154 | val_ordacc@10=0.105371 | val_recall@10=0.640506
Epoch 001 | Step 640 | lr=1.000000e-03 | loss=4.753173
Epoch 001 | Batch 650 | val_kld=4.753125 | val_ordacc@10=0.111351 | val_recall@10=0.639611
Epoch 001 | Step 650 | lr=1.000000e-03 | loss=4.753222
Epoch 001 | Batch 660 | val_kld=4.753158 | val_ordacc@10=0.111890 | val_recall@10=0.648301
Epoch 001 | Step 660 | lr=1.000000e-03 | loss=4.753188
Epoch 001 | Batch 670 | val_kld=4.753113 | val_ordacc@10=0.110952 | val_recall@10=0.644716
Epoch 001 | Step 670 | lr=1.000000e-03 | loss=4.753163
Epoch 001 | Batch 680 | val_kld=4.753114 | val_ordacc@10=0.115851 | val_recall@10=0.654976
Epoch 001 | Step 680 | lr=1.000000e-03 | loss=4.753179
Epoch 001 | Batch 690 | val_kld=4.753092 | val_ordacc@10=0.117335 | val_recall@10=0.651167
Epoch 001 | Step 690 | lr=1.000000e-03 | loss=4.753198
Epoch 001 | Batch 700 | val_kld=4.753075 | val_ordacc@10=0.116225 | val_recall@10=0.650087
Epoch 001 | Step 700 | lr=1.000000e-03 | loss=4.753152
Epoch 001 | Batch 710 | val_kld=4.753106 | val_ordacc@10=0.114241 | val_recall@10=0.645672
Epoch 001 | Step 710 | lr=1.000000e-03 | loss=4.753209
Epoch 001 | Batch 720 | val_kld=4.753081 | val_ordacc@10=0.114195 | val_recall@10=0.658870
Epoch 001 | Step 720 | lr=1.000000e-03 | loss=4.753118
Epoch 001 | Batch 730 | val_kld=4.753082 | val_ordacc@10=0.119399 | val_recall@10=0.657956
Epoch 001 | Step 730 | lr=1.000000e-03 | loss=4.753039
Epoch 001 | Batch 740 | val_kld=4.753046 | val_ordacc@10=0.114573 | val_recall@10=0.657520
Epoch 001 | Step 740 | lr=1.000000e-03 | loss=4.753122
Epoch 001 | Batch 750 | val_kld=4.753094 | val_ordacc@10=0.122866 | val_recall@10=0.650517
Epoch 001 | Step 750 | lr=1.000000e-03 | loss=4.753094
Epoch 001 | Batch 760 | val_kld=4.753048 | val_ordacc@10=0.121387 | val_recall@10=0.657463
Epoch 001 | Step 760 | lr=1.000000e-03 | loss=4.753056
Epoch 001 | Batch 770 | val_kld=4.753039 | val_ordacc@10=0.121468 | val_recall@10=0.659892
Epoch 001 | Step 770 | lr=1.000000e-03 | loss=4.753076
Epoch 001 | Batch 780 | val_kld=4.753020 | val_ordacc@10=0.125323 | val_recall@10=0.673338
Epoch 001 | Step 780 | lr=1.000000e-03 | loss=4.753134
Epoch 001 | Batch 790 | val_kld=4.753001 | val_ordacc@10=0.125145 | val_recall@10=0.663389
Epoch 001 | Step 790 | lr=1.000000e-03 | loss=4.753051
Epoch 001 | Batch 800 | val_kld=4.752987 | val_ordacc@10=0.127936 | val_recall@10=0.666942
Epoch 001 | Step 800 | lr=1.000000e-03 | loss=4.753094
Epoch 001 | Batch 810 | val_kld=4.752972 | val_ordacc@10=0.131659 | val_recall@10=0.665780
Epoch 001 | Step 810 | lr=1.000000e-03 | loss=4.752963
Epoch 001 | Batch 820 | val_kld=4.752984 | val_ordacc@10=0.128617 | val_recall@10=0.670538
Epoch 001 | Step 820 | lr=1.000000e-03 | loss=4.753038
Epoch 001 | Batch 830 | val_kld=4.752978 | val_ordacc@10=0.132324 | val_recall@10=0.665726
Epoch 001 | Step 830 | lr=1.000000e-03 | loss=4.753073
Epoch 001 | Batch 840 | val_kld=4.752973 | val_ordacc@10=0.132583 | val_recall@10=0.671247
Epoch 001 | Step 840 | lr=1.000000e-03 | loss=4.752959
Epoch 001 | Batch 850 | val_kld=4.752958 | val_ordacc@10=0.131537 | val_recall@10=0.667164
Epoch 001 | Step 850 | lr=1.000000e-03 | loss=4.752974
Epoch 001 | Batch 860 | val_kld=4.752972 | val_ordacc@10=0.129864 | val_recall@10=0.667226
Epoch 001 | Step 860 | lr=1.000000e-03 | loss=4.753038
Epoch 001 | Batch 870 | val_kld=4.753040 | val_ordacc@10=0.127703 | val_recall@10=0.665828
Epoch 001 | Step 870 | lr=1.000000e-03 | loss=4.752998
Epoch 001 | Batch 880 | val_kld=4.752978 | val_ordacc@10=0.135597 | val_recall@10=0.670262
Epoch 001 | Step 880 | lr=1.000000e-03 | loss=4.752998
Epoch 001 | Batch 890 | val_kld=4.752934 | val_ordacc@10=0.139711 | val_recall@10=0.681887
Epoch 001 | Step 890 | lr=1.000000e-03 | loss=4.753009
Epoch 001 | Batch 900 | val_kld=4.752934 | val_ordacc@10=0.136217 | val_recall@10=0.676673
Epoch 001 | Step 900 | lr=1.000000e-03 | loss=4.752949
Epoch 001 | Batch 910 | val_kld=4.752918 | val_ordacc@10=0.141822 | val_recall@10=0.673307
Epoch 001 | Step 910 | lr=1.000000e-03 | loss=4.753014
Epoch 001 | Batch 920 | val_kld=4.752912 | val_ordacc@10=0.139045 | val_recall@10=0.670502
Epoch 001 | Step 920 | lr=1.000000e-03 | loss=4.752956
Epoch 001 | Batch 930 | val_kld=4.752907 | val_ordacc@10=0.143312 | val_recall@10=0.677404
Epoch 001 | Step 930 | lr=1.000000e-03 | loss=4.753017
Epoch 001 | Batch 940 | val_kld=4.752950 | val_ordacc@10=0.141255 | val_recall@10=0.674061
Epoch 001 | Step 940 | lr=1.000000e-03 | loss=4.752974
Epoch 001 | Batch 950 | val_kld=4.752924 | val_ordacc@10=0.145151 | val_recall@10=0.667506
Epoch 001 | Step 950 | lr=1.000000e-03 | loss=4.752974
Epoch 001 | Batch 960 | val_kld=4.752896 | val_ordacc@10=0.145433 | val_recall@10=0.677605
Epoch 001 | Step 960 | lr=1.000000e-03 | loss=4.752877
epoch 001 | train_kld=4.754871 | val_kld=4.752890 | val_mae=0.014813 | val_mse=0.001619 | ord_acc@10=0.1461 | recall@10=0.6847
Epoch 002 | Step 10 | lr=9.938442e-04 | loss=4.752889
Epoch 002 | Step 20 | lr=9.938442e-04 | loss=4.752893
Epoch 002 | Step 30 | lr=9.938442e-04 | loss=4.752913
Epoch 002 | Step 40 | lr=9.938442e-04 | loss=4.752954
Epoch 002 | Step 50 | lr=9.938442e-04 | loss=4.752952
Epoch 002 | Step 60 | lr=9.938442e-04 | loss=4.752897
Epoch 002 | Step 70 | lr=9.938442e-04 | loss=4.752895
Epoch 002 | Step 80 | lr=9.938442e-04 | loss=4.752858
Epoch 002 | Step 90 | lr=9.938442e-04 | loss=4.752881
Epoch 002 | Step 100 | lr=9.938442e-04 | loss=4.752812
Epoch 002 | Step 110 | lr=9.938442e-04 | loss=4.752971
Epoch 002 | Step 120 | lr=9.938442e-04 | loss=4.752918
Epoch 002 | Step 130 | lr=9.938442e-04 | loss=4.752952
Epoch 002 | Step 140 | lr=9.938442e-04 | loss=4.752898
Epoch 002 | Step 150 | lr=9.938442e-04 | loss=4.752910
Epoch 002 | Step 160 | lr=9.938442e-04 | loss=4.752948
Epoch 002 | Step 170 | lr=9.938442e-04 | loss=4.752967
Epoch 002 | Step 180 | lr=9.938442e-04 | loss=4.752801
Epoch 002 | Step 190 | lr=9.938442e-04 | loss=4.752835
Epoch 002 | Step 200 | lr=9.938442e-04 | loss=4.752753
Epoch 002 | Step 210 | lr=9.938442e-04 | loss=4.752821
Epoch 002 | Step 220 | lr=9.938442e-04 | loss=4.752826
Epoch 002 | Step 230 | lr=9.938442e-04 | loss=4.752876
Epoch 002 | Step 240 | lr=9.938442e-04 | loss=4.752792
Epoch 002 | Step 250 | lr=9.938442e-04 | loss=4.752802
Epoch 002 | Step 260 | lr=9.938442e-04 | loss=4.752815
Epoch 002 | Step 270 | lr=9.938442e-04 | loss=4.752811
Epoch 002 | Step 280 | lr=9.938442e-04 | loss=4.752818
Epoch 002 | Step 290 | lr=9.938442e-04 | loss=4.752837
Epoch 002 | Step 300 | lr=9.938442e-04 | loss=4.752794
Epoch 002 | Step 310 | lr=9.938442e-04 | loss=4.752825
Epoch 002 | Step 320 | lr=9.938442e-04 | loss=4.752880
Epoch 002 | Step 330 | lr=9.938442e-04 | loss=4.752849
Epoch 002 | Step 340 | lr=9.938442e-04 | loss=4.752769
Epoch 002 | Step 350 | lr=9.938442e-04 | loss=4.752789
Epoch 002 | Step 360 | lr=9.938442e-04 | loss=4.752774
Epoch 002 | Step 370 | lr=9.938442e-04 | loss=4.752755
Epoch 002 | Step 380 | lr=9.938442e-04 | loss=4.752829
Epoch 002 | Step 390 | lr=9.938442e-04 | loss=4.752762
Epoch 002 | Step 400 | lr=9.938442e-04 | loss=4.752791
Epoch 002 | Step 410 | lr=9.938442e-04 | loss=4.752863
Epoch 002 | Step 420 | lr=9.938442e-04 | loss=4.752651
Epoch 002 | Step 430 | lr=9.938442e-04 | loss=4.752783
Epoch 002 | Step 440 | lr=9.938442e-04 | loss=4.752822
Epoch 002 | Step 450 | lr=9.938442e-04 | loss=4.752796
Epoch 002 | Step 460 | lr=9.938442e-04 | loss=4.752744
Epoch 002 | Step 470 | lr=9.938442e-04 | loss=4.752702
Epoch 002 | Step 480 | lr=9.938442e-04 | loss=4.752768
Epoch 002 | Step 490 | lr=9.938442e-04 | loss=4.752716
Epoch 002 | Step 500 | lr=9.938442e-04 | loss=4.752760
Epoch 002 | Step 510 | lr=9.938442e-04 | loss=4.752754
Epoch 002 | Step 520 | lr=9.938442e-04 | loss=4.752800
Epoch 002 | Step 530 | lr=9.938442e-04 | loss=4.752717
Epoch 002 | Step 540 | lr=9.938442e-04 | loss=4.752776
Epoch 002 | Step 550 | lr=9.938442e-04 | loss=4.752672
Epoch 002 | Step 560 | lr=9.938442e-04 | loss=4.752756
Epoch 002 | Step 570 | lr=9.938442e-04 | loss=4.752737
Epoch 002 | Step 580 | lr=9.938442e-04 | loss=4.752810
Epoch 002 | Step 590 | lr=9.938442e-04 | loss=4.752709
Epoch 002 | Step 600 | lr=9.938442e-04 | loss=4.752623
Epoch 002 | Step 610 | lr=9.938442e-04 | loss=4.752755
Epoch 002 | Step 620 | lr=9.938442e-04 | loss=4.752701
Epoch 002 | Step 630 | lr=9.938442e-04 | loss=4.752798
Epoch 002 | Step 640 | lr=9.938442e-04 | loss=4.752692
Epoch 002 | Step 650 | lr=9.938442e-04 | loss=4.752742
Epoch 002 | Step 660 | lr=9.938442e-04 | loss=4.752800
Epoch 002 | Step 670 | lr=9.938442e-04 | loss=4.752704
Epoch 002 | Step 680 | lr=9.938442e-04 | loss=4.752704
Epoch 002 | Step 690 | lr=9.938442e-04 | loss=4.752692
Epoch 002 | Step 700 | lr=9.938442e-04 | loss=4.752665
Epoch 002 | Step 710 | lr=9.938442e-04 | loss=4.752687
Epoch 002 | Step 720 | lr=9.938442e-04 | loss=4.752717
Epoch 002 | Step 730 | lr=9.938442e-04 | loss=4.752761
Epoch 002 | Step 740 | lr=9.938442e-04 | loss=4.752727
Epoch 002 | Step 750 | lr=9.938442e-04 | loss=4.752723
Epoch 002 | Step 760 | lr=9.938442e-04 | loss=4.752649
Epoch 002 | Step 770 | lr=9.938442e-04 | loss=4.752634
Epoch 002 | Step 780 | lr=9.938442e-04 | loss=4.752734
Epoch 002 | Step 790 | lr=9.938442e-04 | loss=4.752695
Epoch 002 | Step 800 | lr=9.938442e-04 | loss=4.752676
Epoch 002 | Step 810 | lr=9.938442e-04 | loss=4.752735
Epoch 002 | Step 820 | lr=9.938442e-04 | loss=4.752672
Epoch 002 | Step 830 | lr=9.938442e-04 | loss=4.752660
Epoch 002 | Step 840 | lr=9.938442e-04 | loss=4.752758
Epoch 002 | Step 850 | lr=9.938442e-04 | loss=4.752692
Epoch 002 | Step 860 | lr=9.938442e-04 | loss=4.752731
Epoch 002 | Step 870 | lr=9.938442e-04 | loss=4.752734
Epoch 002 | Step 880 | lr=9.938442e-04 | loss=4.752672
Epoch 002 | Step 890 | lr=9.938442e-04 | loss=4.752676
Epoch 002 | Step 900 | lr=9.938442e-04 | loss=4.752674
Epoch 002 | Step 910 | lr=9.938442e-04 | loss=4.752717
Epoch 002 | Step 920 | lr=9.938442e-04 | loss=4.752707
Epoch 002 | Step 930 | lr=9.938442e-04 | loss=4.752726
Epoch 002 | Step 940 | lr=9.938442e-04 | loss=4.752695
Epoch 002 | Step 950 | lr=9.938442e-04 | loss=4.752619
Epoch 002 | Step 960 | lr=9.938442e-04 | loss=4.752704
epoch 002 | train_kld=4.752771 | val_kld=4.752645 | val_mae=0.014799 | val_mse=0.001605 | ord_acc@10=0.2347 | recall@10=0.7425
Epoch 003 | Step 10 | lr=9.755283e-04 | loss=4.752675
Epoch 003 | Step 20 | lr=9.755283e-04 | loss=4.752594
Epoch 003 | Step 30 | lr=9.755283e-04 | loss=4.752594
Epoch 003 | Step 40 | lr=9.755283e-04 | loss=4.752645
Epoch 003 | Step 50 | lr=9.755283e-04 | loss=4.752582
Epoch 003 | Step 60 | lr=9.755283e-04 | loss=4.752614
Epoch 003 | Step 70 | lr=9.755283e-04 | loss=4.752682
Epoch 003 | Step 80 | lr=9.755283e-04 | loss=4.752665
Epoch 003 | Step 90 | lr=9.755283e-04 | loss=4.752734
Epoch 003 | Step 100 | lr=9.755283e-04 | loss=4.752632
Epoch 003 | Step 110 | lr=9.755283e-04 | loss=4.752719
Epoch 003 | Step 120 | lr=9.755283e-04 | loss=4.752680
Epoch 003 | Step 130 | lr=9.755283e-04 | loss=4.752731
Epoch 003 | Step 140 | lr=9.755283e-04 | loss=4.752617
Epoch 003 | Step 150 | lr=9.755283e-04 | loss=4.752663
Epoch 003 | Step 160 | lr=9.755283e-04 | loss=4.752630
Epoch 003 | Step 170 | lr=9.755283e-04 | loss=4.752687
Epoch 003 | Step 180 | lr=9.755283e-04 | loss=4.752694
Epoch 003 | Step 190 | lr=9.755283e-04 | loss=4.752724
Epoch 003 | Step 200 | lr=9.755283e-04 | loss=4.752604
Epoch 003 | Step 210 | lr=9.755283e-04 | loss=4.752559
Epoch 003 | Step 220 | lr=9.755283e-04 | loss=4.752628
Epoch 003 | Step 230 | lr=9.755283e-04 | loss=4.752616
Epoch 003 | Step 240 | lr=9.755283e-04 | loss=4.752681
Epoch 003 | Step 250 | lr=9.755283e-04 | loss=4.752727
Epoch 003 | Step 260 | lr=9.755283e-04 | loss=4.752699
Epoch 003 | Step 270 | lr=9.755283e-04 | loss=4.752755
Epoch 003 | Step 280 | lr=9.755283e-04 | loss=4.752639
Epoch 003 | Step 290 | lr=9.755283e-04 | loss=4.752740
Epoch 003 | Step 300 | lr=9.755283e-04 | loss=4.752639
Epoch 003 | Step 310 | lr=9.755283e-04 | loss=4.752670
Epoch 003 | Step 320 | lr=9.755283e-04 | loss=4.752733
Epoch 003 | Step 330 | lr=9.755283e-04 | loss=4.752627
Epoch 003 | Step 340 | lr=9.755283e-04 | loss=4.752689
Epoch 003 | Step 350 | lr=9.755283e-04 | loss=4.752672
Epoch 003 | Step 360 | lr=9.755283e-04 | loss=4.752687
Epoch 003 | Step 370 | lr=9.755283e-04 | loss=4.752693
Epoch 003 | Step 380 | lr=9.755283e-04 | loss=4.752599
Epoch 003 | Step 390 | lr=9.755283e-04 | loss=4.752650
Epoch 003 | Step 400 | lr=9.755283e-04 | loss=4.752650
Epoch 003 | Step 410 | lr=9.755283e-04 | loss=4.752628
Epoch 003 | Step 420 | lr=9.755283e-04 | loss=4.752601
Epoch 003 | Step 430 | lr=9.755283e-04 | loss=4.752659
Epoch 003 | Step 440 | lr=9.755283e-04 | loss=4.752658
Epoch 003 | Step 450 | lr=9.755283e-04 | loss=4.752617
Epoch 003 | Step 460 | lr=9.755283e-04 | loss=4.752607
Epoch 003 | Step 470 | lr=9.755283e-04 | loss=4.752669
Epoch 003 | Step 480 | lr=9.755283e-04 | loss=4.752546
Epoch 003 | Step 490 | lr=9.755283e-04 | loss=4.752592
Epoch 003 | Step 500 | lr=9.755283e-04 | loss=4.752609
Epoch 003 | Step 510 | lr=9.755283e-04 | loss=4.752570
Epoch 003 | Step 520 | lr=9.755283e-04 | loss=4.752664
Epoch 003 | Step 530 | lr=9.755283e-04 | loss=4.752624
Epoch 003 | Step 540 | lr=9.755283e-04 | loss=4.752675
Epoch 003 | Step 550 | lr=9.755283e-04 | loss=4.752668
Epoch 003 | Step 560 | lr=9.755283e-04 | loss=4.752683
Epoch 003 | Step 570 | lr=9.755283e-04 | loss=4.752613
Epoch 003 | Step 580 | lr=9.755283e-04 | loss=4.752586
Epoch 003 | Step 590 | lr=9.755283e-04 | loss=4.752699
Epoch 003 | Step 600 | lr=9.755283e-04 | loss=4.752560
Epoch 003 | Step 610 | lr=9.755283e-04 | loss=4.752585
Epoch 003 | Step 620 | lr=9.755283e-04 | loss=4.752641
Epoch 003 | Step 630 | lr=9.755283e-04 | loss=4.752671
Epoch 003 | Step 640 | lr=9.755283e-04 | loss=4.752625
Epoch 003 | Step 650 | lr=9.755283e-04 | loss=4.752676
Epoch 003 | Step 660 | lr=9.755283e-04 | loss=4.752552
Epoch 003 | Step 670 | lr=9.755283e-04 | loss=4.752619
Epoch 003 | Step 680 | lr=9.755283e-04 | loss=4.752707
Epoch 003 | Step 690 | lr=9.755283e-04 | loss=4.752553
Epoch 003 | Step 700 | lr=9.755283e-04 | loss=4.752664
Epoch 003 | Step 710 | lr=9.755283e-04 | loss=4.752470
Epoch 003 | Step 720 | lr=9.755283e-04 | loss=4.752594
Epoch 003 | Step 730 | lr=9.755283e-04 | loss=4.752612
Epoch 003 | Step 740 | lr=9.755283e-04 | loss=4.752696
Epoch 003 | Step 750 | lr=9.755283e-04 | loss=4.752536
Epoch 003 | Step 760 | lr=9.755283e-04 | loss=4.752648
Epoch 003 | Step 770 | lr=9.755283e-04 | loss=4.752581
Epoch 003 | Step 780 | lr=9.755283e-04 | loss=4.752671
Epoch 003 | Step 790 | lr=9.755283e-04 | loss=4.752645
Epoch 003 | Step 800 | lr=9.755283e-04 | loss=4.752612
Epoch 003 | Step 810 | lr=9.755283e-04 | loss=4.752576
Epoch 003 | Step 820 | lr=9.755283e-04 | loss=4.752641
Epoch 003 | Step 830 | lr=9.755283e-04 | loss=4.752681
Epoch 003 | Step 840 | lr=9.755283e-04 | loss=4.752597
Epoch 003 | Step 850 | lr=9.755283e-04 | loss=4.752665
Epoch 003 | Step 860 | lr=9.755283e-04 | loss=4.752607
Epoch 003 | Step 870 | lr=9.755283e-04 | loss=4.752620
Epoch 003 | Step 880 | lr=9.755283e-04 | loss=4.752729
Epoch 003 | Step 890 | lr=9.755283e-04 | loss=4.752627
Epoch 003 | Step 900 | lr=9.755283e-04 | loss=4.752480
Epoch 003 | Step 910 | lr=9.755283e-04 | loss=4.752467
Epoch 003 | Step 920 | lr=9.755283e-04 | loss=4.752643
Epoch 003 | Step 930 | lr=9.755283e-04 | loss=4.752596
Epoch 003 | Step 940 | lr=9.755283e-04 | loss=4.752666
Epoch 003 | Step 950 | lr=9.755283e-04 | loss=4.752604
Epoch 003 | Step 960 | lr=9.755283e-04 | loss=4.752699
epoch 003 | train_kld=4.752642 | val_kld=4.752614 | val_mae=0.014775 | val_mse=0.001596 | ord_acc@10=0.2611 | recall@10=0.7799
Epoch 004 | Step 10 | lr=9.455033e-04 | loss=4.752661
Epoch 004 | Step 20 | lr=9.455033e-04 | loss=4.752647
Epoch 004 | Step 30 | lr=9.455033e-04 | loss=4.752609
Epoch 004 | Step 40 | lr=9.455033e-04 | loss=4.752594
Epoch 004 | Step 50 | lr=9.455033e-04 | loss=4.752595
Epoch 004 | Step 60 | lr=9.455033e-04 | loss=4.752674
Epoch 004 | Step 70 | lr=9.455033e-04 | loss=4.752654
Epoch 004 | Step 80 | lr=9.455033e-04 | loss=4.752612
Epoch 004 | Step 90 | lr=9.455033e-04 | loss=4.752534
Epoch 004 | Step 100 | lr=9.455033e-04 | loss=4.752596
Epoch 004 | Step 110 | lr=9.455033e-04 | loss=4.752639
Epoch 004 | Step 120 | lr=9.455033e-04 | loss=4.752538
Epoch 004 | Step 130 | lr=9.455033e-04 | loss=4.752664
Epoch 004 | Step 140 | lr=9.455033e-04 | loss=4.752625
Epoch 004 | Step 150 | lr=9.455033e-04 | loss=4.752695
Epoch 004 | Step 160 | lr=9.455033e-04 | loss=4.752640
Epoch 004 | Step 170 | lr=9.455033e-04 | loss=4.752638
Epoch 004 | Step 180 | lr=9.455033e-04 | loss=4.752681
Epoch 004 | Step 190 | lr=9.455033e-04 | loss=4.752652
Epoch 004 | Step 200 | lr=9.455033e-04 | loss=4.752608
Epoch 004 | Step 210 | lr=9.455033e-04 | loss=4.752611
Epoch 004 | Step 220 | lr=9.455033e-04 | loss=4.752635
Epoch 004 | Step 230 | lr=9.455033e-04 | loss=4.752607
Epoch 004 | Step 240 | lr=9.455033e-04 | loss=4.752666
Epoch 004 | Step 250 | lr=9.455033e-04 | loss=4.752641
Epoch 004 | Step 260 | lr=9.455033e-04 | loss=4.752534
Epoch 004 | Step 270 | lr=9.455033e-04 | loss=4.752680
Epoch 004 | Step 280 | lr=9.455033e-04 | loss=4.752672
Epoch 004 | Step 290 | lr=9.455033e-04 | loss=4.752594
Epoch 004 | Step 300 | lr=9.455033e-04 | loss=4.752661
Epoch 004 | Step 310 | lr=9.455033e-04 | loss=4.752651
Epoch 004 | Step 320 | lr=9.455033e-04 | loss=4.752579
Epoch 004 | Step 330 | lr=9.455033e-04 | loss=4.752608
Epoch 004 | Step 340 | lr=9.455033e-04 | loss=4.752612
Epoch 004 | Step 350 | lr=9.455033e-04 | loss=4.752634
Epoch 004 | Step 360 | lr=9.455033e-04 | loss=4.752627
Epoch 004 | Step 370 | lr=9.455033e-04 | loss=4.752602
Epoch 004 | Step 380 | lr=9.455033e-04 | loss=4.752667
Epoch 004 | Step 390 | lr=9.455033e-04 | loss=4.752644
Epoch 004 | Step 400 | lr=9.455033e-04 | loss=4.752537
Epoch 004 | Step 410 | lr=9.455033e-04 | loss=4.752577
Epoch 004 | Step 420 | lr=9.455033e-04 | loss=4.752630
Epoch 004 | Step 430 | lr=9.455033e-04 | loss=4.752645
Epoch 004 | Step 440 | lr=9.455033e-04 | loss=4.752668
Epoch 004 | Step 450 | lr=9.455033e-04 | loss=4.752600
Epoch 004 | Step 460 | lr=9.455033e-04 | loss=4.752571
Epoch 004 | Step 470 | lr=9.455033e-04 | loss=4.752656
Epoch 004 | Step 480 | lr=9.455033e-04 | loss=4.752569
Epoch 004 | Step 490 | lr=9.455033e-04 | loss=4.752592
Epoch 004 | Step 500 | lr=9.455033e-04 | loss=4.752609
Epoch 004 | Step 510 | lr=9.455033e-04 | loss=4.752599
Epoch 004 | Step 520 | lr=9.455033e-04 | loss=4.752668
Epoch 004 | Step 530 | lr=9.455033e-04 | loss=4.752592
Epoch 004 | Step 540 | lr=9.455033e-04 | loss=4.752626
Epoch 004 | Step 550 | lr=9.455033e-04 | loss=4.752627
Epoch 004 | Step 560 | lr=9.455033e-04 | loss=4.752614
Epoch 004 | Step 570 | lr=9.455033e-04 | loss=4.752570
Epoch 004 | Step 580 | lr=9.455033e-04 | loss=4.752614
Epoch 004 | Step 590 | lr=9.455033e-04 | loss=4.752584
Epoch 004 | Step 600 | lr=9.455033e-04 | loss=4.752662
Epoch 004 | Step 610 | lr=9.455033e-04 | loss=4.752611
Epoch 004 | Step 620 | lr=9.455033e-04 | loss=4.752702
Epoch 004 | Step 630 | lr=9.455033e-04 | loss=4.752672
Epoch 004 | Step 640 | lr=9.455033e-04 | loss=4.752630
Epoch 004 | Step 650 | lr=9.455033e-04 | loss=4.752605
Epoch 004 | Step 660 | lr=9.455033e-04 | loss=4.752618
Epoch 004 | Step 670 | lr=9.455033e-04 | loss=4.752589
Epoch 004 | Step 680 | lr=9.455033e-04 | loss=4.752592
Epoch 004 | Step 690 | lr=9.455033e-04 | loss=4.752583
Epoch 004 | Step 700 | lr=9.455033e-04 | loss=4.752616
Epoch 004 | Step 710 | lr=9.455033e-04 | loss=4.752615
Epoch 004 | Step 720 | lr=9.455033e-04 | loss=4.752726
Epoch 004 | Step 730 | lr=9.455033e-04 | loss=4.752623
Epoch 004 | Step 740 | lr=9.455033e-04 | loss=4.752665
Epoch 004 | Step 750 | lr=9.455033e-04 | loss=4.752590
Epoch 004 | Step 760 | lr=9.455033e-04 | loss=4.752620
Epoch 004 | Step 770 | lr=9.455033e-04 | loss=4.752627
Epoch 004 | Step 780 | lr=9.455033e-04 | loss=4.752563
Epoch 004 | Step 790 | lr=9.455033e-04 | loss=4.752678
Epoch 004 | Step 800 | lr=9.455033e-04 | loss=4.752493
Epoch 004 | Step 810 | lr=9.455033e-04 | loss=4.752558
Epoch 004 | Step 820 | lr=9.455033e-04 | loss=4.752611
Epoch 004 | Step 830 | lr=9.455033e-04 | loss=4.752599
Epoch 004 | Step 840 | lr=9.455033e-04 | loss=4.752617
Epoch 004 | Step 850 | lr=9.455033e-04 | loss=4.752664
Epoch 004 | Step 860 | lr=9.455033e-04 | loss=4.752608
Epoch 004 | Step 870 | lr=9.455033e-04 | loss=4.752749
Epoch 004 | Step 880 | lr=9.455033e-04 | loss=4.752651
Epoch 004 | Step 890 | lr=9.455033e-04 | loss=4.752619
Epoch 004 | Step 900 | lr=9.455033e-04 | loss=4.752605
Epoch 004 | Step 910 | lr=9.455033e-04 | loss=4.752604
Epoch 004 | Step 920 | lr=9.455033e-04 | loss=4.752563
Epoch 004 | Step 930 | lr=9.455033e-04 | loss=4.752527
Epoch 004 | Step 940 | lr=9.455033e-04 | loss=4.752652
Epoch 004 | Step 950 | lr=9.455033e-04 | loss=4.752524
Epoch 004 | Step 960 | lr=9.455033e-04 | loss=4.752547
epoch 004 | train_kld=4.752613 | val_kld=4.752584 | val_mae=0.014775 | val_mse=0.001599 | ord_acc@10=0.2783 | recall@10=0.7964
Epoch 005 | Step 10 | lr=9.045085e-04 | loss=4.752645
Epoch 005 | Step 20 | lr=9.045085e-04 | loss=4.752644
Epoch 005 | Step 30 | lr=9.045085e-04 | loss=4.752588
Epoch 005 | Step 40 | lr=9.045085e-04 | loss=4.752547
Epoch 005 | Step 50 | lr=9.045085e-04 | loss=4.752657
Epoch 005 | Step 60 | lr=9.045085e-04 | loss=4.752584
Epoch 005 | Step 70 | lr=9.045085e-04 | loss=4.752658
Epoch 005 | Step 80 | lr=9.045085e-04 | loss=4.752562
Epoch 005 | Step 90 | lr=9.045085e-04 | loss=4.752613
Epoch 005 | Step 100 | lr=9.045085e-04 | loss=4.752625
Epoch 005 | Step 110 | lr=9.045085e-04 | loss=4.752572
Epoch 005 | Step 120 | lr=9.045085e-04 | loss=4.752550
Epoch 005 | Step 130 | lr=9.045085e-04 | loss=4.752593
Epoch 005 | Step 140 | lr=9.045085e-04 | loss=4.752635
Epoch 005 | Step 150 | lr=9.045085e-04 | loss=4.752620
Epoch 005 | Step 160 | lr=9.045085e-04 | loss=4.752546
Epoch 005 | Step 170 | lr=9.045085e-04 | loss=4.752519
Epoch 005 | Step 180 | lr=9.045085e-04 | loss=4.752585
Epoch 005 | Step 190 | lr=9.045085e-04 | loss=4.752599
Epoch 005 | Step 200 | lr=9.045085e-04 | loss=4.752619
Epoch 005 | Step 210 | lr=9.045085e-04 | loss=4.752547
Epoch 005 | Step 220 | lr=9.045085e-04 | loss=4.752662
Epoch 005 | Step 230 | lr=9.045085e-04 | loss=4.752519
Epoch 005 | Step 240 | lr=9.045085e-04 | loss=4.752584
Epoch 005 | Step 250 | lr=9.045085e-04 | loss=4.752609
Epoch 005 | Step 260 | lr=9.045085e-04 | loss=4.752594
Epoch 005 | Step 270 | lr=9.045085e-04 | loss=4.752606
Epoch 005 | Step 280 | lr=9.045085e-04 | loss=4.752536
Epoch 005 | Step 290 | lr=9.045085e-04 | loss=4.752592
Epoch 005 | Step 300 | lr=9.045085e-04 | loss=4.752532
Epoch 005 | Step 310 | lr=9.045085e-04 | loss=4.752580
Epoch 005 | Step 320 | lr=9.045085e-04 | loss=4.752602
Epoch 005 | Step 330 | lr=9.045085e-04 | loss=4.752581
Epoch 005 | Step 340 | lr=9.045085e-04 | loss=4.752718
Epoch 005 | Step 350 | lr=9.045085e-04 | loss=4.752576
Epoch 005 | Step 360 | lr=9.045085e-04 | loss=4.752657
Epoch 005 | Step 370 | lr=9.045085e-04 | loss=4.752467
Epoch 005 | Step 380 | lr=9.045085e-04 | loss=4.752545
Epoch 005 | Step 390 | lr=9.045085e-04 | loss=4.752548
Epoch 005 | Step 400 | lr=9.045085e-04 | loss=4.752597
Epoch 005 | Step 410 | lr=9.045085e-04 | loss=4.752608
Epoch 005 | Step 420 | lr=9.045085e-04 | loss=4.752528
Epoch 005 | Step 430 | lr=9.045085e-04 | loss=4.752630
Epoch 005 | Step 440 | lr=9.045085e-04 | loss=4.752520
Epoch 005 | Step 450 | lr=9.045085e-04 | loss=4.752597
Epoch 005 | Step 460 | lr=9.045085e-04 | loss=4.752542
Epoch 005 | Step 470 | lr=9.045085e-04 | loss=4.752581
Epoch 005 | Step 480 | lr=9.045085e-04 | loss=4.752622
Epoch 005 | Step 490 | lr=9.045085e-04 | loss=4.752562
Epoch 005 | Step 500 | lr=9.045085e-04 | loss=4.752591
Epoch 005 | Step 510 | lr=9.045085e-04 | loss=4.752535
Epoch 005 | Step 520 | lr=9.045085e-04 | loss=4.752541
Epoch 005 | Step 530 | lr=9.045085e-04 | loss=4.752627
Epoch 005 | Step 540 | lr=9.045085e-04 | loss=4.752679
Epoch 005 | Step 550 | lr=9.045085e-04 | loss=4.752645
Epoch 005 | Step 560 | lr=9.045085e-04 | loss=4.752647
Epoch 005 | Step 570 | lr=9.045085e-04 | loss=4.752529
Epoch 005 | Step 580 | lr=9.045085e-04 | loss=4.752598
Epoch 005 | Step 590 | lr=9.045085e-04 | loss=4.752581
Epoch 005 | Step 600 | lr=9.045085e-04 | loss=4.752593
Epoch 005 | Step 610 | lr=9.045085e-04 | loss=4.752536
Epoch 005 | Step 620 | lr=9.045085e-04 | loss=4.752663
Epoch 005 | Step 630 | lr=9.045085e-04 | loss=4.752600
Epoch 005 | Step 640 | lr=9.045085e-04 | loss=4.752613
Epoch 005 | Step 650 | lr=9.045085e-04 | loss=4.752585
Epoch 005 | Step 660 | lr=9.045085e-04 | loss=4.752630
Epoch 005 | Step 670 | lr=9.045085e-04 | loss=4.752597
Epoch 005 | Step 680 | lr=9.045085e-04 | loss=4.752575
Epoch 005 | Step 690 | lr=9.045085e-04 | loss=4.752660
Epoch 005 | Step 700 | lr=9.045085e-04 | loss=4.752517
Epoch 005 | Step 710 | lr=9.045085e-04 | loss=4.752609
Epoch 005 | Step 720 | lr=9.045085e-04 | loss=4.752561
Epoch 005 | Step 730 | lr=9.045085e-04 | loss=4.752628
Epoch 005 | Step 740 | lr=9.045085e-04 | loss=4.752602
Epoch 005 | Step 750 | lr=9.045085e-04 | loss=4.752663
Epoch 005 | Step 760 | lr=9.045085e-04 | loss=4.752505
Epoch 005 | Step 770 | lr=9.045085e-04 | loss=4.752699
Epoch 005 | Step 780 | lr=9.045085e-04 | loss=4.752714
Epoch 005 | Step 790 | lr=9.045085e-04 | loss=4.752657
Epoch 005 | Step 800 | lr=9.045085e-04 | loss=4.752647
Epoch 005 | Step 810 | lr=9.045085e-04 | loss=4.752668
Epoch 005 | Step 820 | lr=9.045085e-04 | loss=4.752587
Epoch 005 | Step 830 | lr=9.045085e-04 | loss=4.752604
Epoch 005 | Step 840 | lr=9.045085e-04 | loss=4.752631
Epoch 005 | Step 850 | lr=9.045085e-04 | loss=4.752645
Epoch 005 | Step 860 | lr=9.045085e-04 | loss=4.752664
Epoch 005 | Step 870 | lr=9.045085e-04 | loss=4.752632
Epoch 005 | Step 880 | lr=9.045085e-04 | loss=4.752591
Epoch 005 | Step 890 | lr=9.045085e-04 | loss=4.752640
Epoch 005 | Step 900 | lr=9.045085e-04 | loss=4.752541
Epoch 005 | Step 910 | lr=9.045085e-04 | loss=4.752656
Epoch 005 | Step 920 | lr=9.045085e-04 | loss=4.752659
Epoch 005 | Step 930 | lr=9.045085e-04 | loss=4.752683
Epoch 005 | Step 940 | lr=9.045085e-04 | loss=4.752617
Epoch 005 | Step 950 | lr=9.045085e-04 | loss=4.752628
Epoch 005 | Step 960 | lr=9.045085e-04 | loss=4.752621
epoch 005 | train_kld=4.752600 | val_kld=4.752578 | val_mae=0.014783 | val_mse=0.001599 | ord_acc@10=0.2819 | recall@10=0.7986
Epoch 006 | Step 10 | lr=8.535534e-04 | loss=4.752572
Epoch 006 | Step 20 | lr=8.535534e-04 | loss=4.752580
Epoch 006 | Step 30 | lr=8.535534e-04 | loss=4.752525
Epoch 006 | Step 40 | lr=8.535534e-04 | loss=4.752469
Epoch 006 | Step 50 | lr=8.535534e-04 | loss=4.752550
Epoch 006 | Step 60 | lr=8.535534e-04 | loss=4.752605
Epoch 006 | Step 70 | lr=8.535534e-04 | loss=4.752523
Epoch 006 | Step 80 | lr=8.535534e-04 | loss=4.752606
Epoch 006 | Step 90 | lr=8.535534e-04 | loss=4.752637
Epoch 006 | Step 100 | lr=8.535534e-04 | loss=4.752666
Epoch 006 | Step 110 | lr=8.535534e-04 | loss=4.752584
Epoch 006 | Step 120 | lr=8.535534e-04 | loss=4.752620
Epoch 006 | Step 130 | lr=8.535534e-04 | loss=4.752574
Epoch 006 | Step 140 | lr=8.535534e-04 | loss=4.752513
Epoch 006 | Step 150 | lr=8.535534e-04 | loss=4.752602
Epoch 006 | Step 160 | lr=8.535534e-04 | loss=4.752595
Epoch 006 | Step 170 | lr=8.535534e-04 | loss=4.752569
Epoch 006 | Step 180 | lr=8.535534e-04 | loss=4.752604
Epoch 006 | Step 190 | lr=8.535534e-04 | loss=4.752563
Epoch 006 | Step 200 | lr=8.535534e-04 | loss=4.752501
Epoch 006 | Step 210 | lr=8.535534e-04 | loss=4.752672
Epoch 006 | Step 220 | lr=8.535534e-04 | loss=4.752541
Epoch 006 | Step 230 | lr=8.535534e-04 | loss=4.752579
Epoch 006 | Step 240 | lr=8.535534e-04 | loss=4.752651
Epoch 006 | Step 250 | lr=8.535534e-04 | loss=4.752676
Epoch 006 | Step 260 | lr=8.535534e-04 | loss=4.752604
Epoch 006 | Step 270 | lr=8.535534e-04 | loss=4.752595
Epoch 006 | Step 280 | lr=8.535534e-04 | loss=4.752650
Epoch 006 | Step 290 | lr=8.535534e-04 | loss=4.752565
Epoch 006 | Step 300 | lr=8.535534e-04 | loss=4.752525
Epoch 006 | Step 310 | lr=8.535534e-04 | loss=4.752587
Epoch 006 | Step 320 | lr=8.535534e-04 | loss=4.752601
Epoch 006 | Step 330 | lr=8.535534e-04 | loss=4.752588
Epoch 006 | Step 340 | lr=8.535534e-04 | loss=4.752541
Epoch 006 | Step 350 | lr=8.535534e-04 | loss=4.752565
Epoch 006 | Step 360 | lr=8.535534e-04 | loss=4.752570
Epoch 006 | Step 370 | lr=8.535534e-04 | loss=4.752677
Epoch 006 | Step 380 | lr=8.535534e-04 | loss=4.752584
Epoch 006 | Step 390 | lr=8.535534e-04 | loss=4.752610
Epoch 006 | Step 400 | lr=8.535534e-04 | loss=4.752630
Epoch 006 | Step 410 | lr=8.535534e-04 | loss=4.752683
Epoch 006 | Step 420 | lr=8.535534e-04 | loss=4.752482
Epoch 006 | Step 430 | lr=8.535534e-04 | loss=4.752621
Epoch 006 | Step 440 | lr=8.535534e-04 | loss=4.752684
Epoch 006 | Step 450 | lr=8.535534e-04 | loss=4.752639
Epoch 006 | Step 460 | lr=8.535534e-04 | loss=4.752561
Epoch 006 | Step 470 | lr=8.535534e-04 | loss=4.752649
Epoch 006 | Step 480 | lr=8.535534e-04 | loss=4.752698
Epoch 006 | Step 490 | lr=8.535534e-04 | loss=4.752614
Epoch 006 | Step 500 | lr=8.535534e-04 | loss=4.752628
Epoch 006 | Step 510 | lr=8.535534e-04 | loss=4.752669
Epoch 006 | Step 520 | lr=8.535534e-04 | loss=4.752457
Epoch 006 | Step 530 | lr=8.535534e-04 | loss=4.752700
Epoch 006 | Step 540 | lr=8.535534e-04 | loss=4.752526
Epoch 006 | Step 550 | lr=8.535534e-04 | loss=4.752606
Epoch 006 | Step 560 | lr=8.535534e-04 | loss=4.752570
Epoch 006 | Step 570 | lr=8.535534e-04 | loss=4.752568
Epoch 006 | Step 580 | lr=8.535534e-04 | loss=4.752655
Epoch 006 | Step 590 | lr=8.535534e-04 | loss=4.752545
Epoch 006 | Step 600 | lr=8.535534e-04 | loss=4.752556
Epoch 006 | Step 610 | lr=8.535534e-04 | loss=4.752598
Epoch 006 | Step 620 | lr=8.535534e-04 | loss=4.752598
Epoch 006 | Step 630 | lr=8.535534e-04 | loss=4.752593
Epoch 006 | Step 640 | lr=8.535534e-04 | loss=4.752523
Epoch 006 | Step 650 | lr=8.535534e-04 | loss=4.752575
Epoch 006 | Step 660 | lr=8.535534e-04 | loss=4.752727
Epoch 006 | Step 670 | lr=8.535534e-04 | loss=4.752632
Epoch 006 | Step 680 | lr=8.535534e-04 | loss=4.752521
Epoch 006 | Step 690 | lr=8.535534e-04 | loss=4.752591
Epoch 006 | Step 700 | lr=8.535534e-04 | loss=4.752627
Epoch 006 | Step 710 | lr=8.535534e-04 | loss=4.752585
Epoch 006 | Step 720 | lr=8.535534e-04 | loss=4.752623
Epoch 006 | Step 730 | lr=8.535534e-04 | loss=4.752603
Epoch 006 | Step 740 | lr=8.535534e-04 | loss=4.752581
Epoch 006 | Step 750 | lr=8.535534e-04 | loss=4.752532
Epoch 006 | Step 760 | lr=8.535534e-04 | loss=4.752636
Epoch 006 | Step 770 | lr=8.535534e-04 | loss=4.752625
Epoch 006 | Step 780 | lr=8.535534e-04 | loss=4.752671
Epoch 006 | Step 790 | lr=8.535534e-04 | loss=4.752622
Epoch 006 | Step 800 | lr=8.535534e-04 | loss=4.752546
Epoch 006 | Step 810 | lr=8.535534e-04 | loss=4.752600
Epoch 006 | Step 820 | lr=8.535534e-04 | loss=4.752577
Epoch 006 | Step 830 | lr=8.535534e-04 | loss=4.752494
Epoch 006 | Step 840 | lr=8.535534e-04 | loss=4.752655
Epoch 006 | Step 850 | lr=8.535534e-04 | loss=4.752648
Epoch 006 | Step 860 | lr=8.535534e-04 | loss=4.752540
Epoch 006 | Step 870 | lr=8.535534e-04 | loss=4.752495
Epoch 006 | Step 880 | lr=8.535534e-04 | loss=4.752654
Epoch 006 | Step 890 | lr=8.535534e-04 | loss=4.752649
Epoch 006 | Step 900 | lr=8.535534e-04 | loss=4.752673
Epoch 006 | Step 910 | lr=8.535534e-04 | loss=4.752622
Epoch 006 | Step 920 | lr=8.535534e-04 | loss=4.752542
Epoch 006 | Step 930 | lr=8.535534e-04 | loss=4.752703
Epoch 006 | Step 940 | lr=8.535534e-04 | loss=4.752596
Epoch 006 | Step 950 | lr=8.535534e-04 | loss=4.752661
Epoch 006 | Step 960 | lr=8.535534e-04 | loss=4.752568
epoch 006 | train_kld=4.752593 | val_kld=4.752578 | val_mae=0.014771 | val_mse=0.001596 | ord_acc@10=0.2866 | recall@10=0.8014
Epoch 007 | Step 10 | lr=7.938926e-04 | loss=4.752648
Epoch 007 | Step 20 | lr=7.938926e-04 | loss=4.752614
Epoch 007 | Step 30 | lr=7.938926e-04 | loss=4.752562
Epoch 007 | Step 40 | lr=7.938926e-04 | loss=4.752600
Epoch 007 | Step 50 | lr=7.938926e-04 | loss=4.752582
Epoch 007 | Step 60 | lr=7.938926e-04 | loss=4.752661
Epoch 007 | Step 70 | lr=7.938926e-04 | loss=4.752541
Epoch 007 | Step 80 | lr=7.938926e-04 | loss=4.752677
Epoch 007 | Step 90 | lr=7.938926e-04 | loss=4.752649
Epoch 007 | Step 100 | lr=7.938926e-04 | loss=4.752610
Epoch 007 | Step 110 | lr=7.938926e-04 | loss=4.752666
Epoch 007 | Step 120 | lr=7.938926e-04 | loss=4.752624
Epoch 007 | Step 130 | lr=7.938926e-04 | loss=4.752538
Epoch 007 | Step 140 | lr=7.938926e-04 | loss=4.752583
Epoch 007 | Step 150 | lr=7.938926e-04 | loss=4.752604
Epoch 007 | Step 160 | lr=7.938926e-04 | loss=4.752631
Epoch 007 | Step 170 | lr=7.938926e-04 | loss=4.752609
Epoch 007 | Step 180 | lr=7.938926e-04 | loss=4.752468
Epoch 007 | Step 190 | lr=7.938926e-04 | loss=4.752624
Epoch 007 | Step 200 | lr=7.938926e-04 | loss=4.752633
Epoch 007 | Step 210 | lr=7.938926e-04 | loss=4.752573
Epoch 007 | Step 220 | lr=7.938926e-04 | loss=4.752649
Epoch 007 | Step 230 | lr=7.938926e-04 | loss=4.752635
Epoch 007 | Step 240 | lr=7.938926e-04 | loss=4.752669
Epoch 007 | Step 250 | lr=7.938926e-04 | loss=4.752534
Epoch 007 | Step 260 | lr=7.938926e-04 | loss=4.752531
Epoch 007 | Step 270 | lr=7.938926e-04 | loss=4.752530
Epoch 007 | Step 280 | lr=7.938926e-04 | loss=4.752655
Epoch 007 | Step 290 | lr=7.938926e-04 | loss=4.752501
Epoch 007 | Step 300 | lr=7.938926e-04 | loss=4.752536
Epoch 007 | Step 310 | lr=7.938926e-04 | loss=4.752615
Epoch 007 | Step 320 | lr=7.938926e-04 | loss=4.752646
Epoch 007 | Step 330 | lr=7.938926e-04 | loss=4.752588
Epoch 007 | Step 340 | lr=7.938926e-04 | loss=4.752538
Epoch 007 | Step 350 | lr=7.938926e-04 | loss=4.752668
Epoch 007 | Step 360 | lr=7.938926e-04 | loss=4.752678
Epoch 007 | Step 370 | lr=7.938926e-04 | loss=4.752631
Epoch 007 | Step 380 | lr=7.938926e-04 | loss=4.752532
Epoch 007 | Step 390 | lr=7.938926e-04 | loss=4.752587
Epoch 007 | Step 400 | lr=7.938926e-04 | loss=4.752566
Epoch 007 | Step 410 | lr=7.938926e-04 | loss=4.752612
Epoch 007 | Step 420 | lr=7.938926e-04 | loss=4.752589
Epoch 007 | Step 430 | lr=7.938926e-04 | loss=4.752605
Epoch 007 | Step 440 | lr=7.938926e-04 | loss=4.752626
Epoch 007 | Step 450 | lr=7.938926e-04 | loss=4.752559
Epoch 007 | Step 460 | lr=7.938926e-04 | loss=4.752602
Epoch 007 | Step 470 | lr=7.938926e-04 | loss=4.752539
Epoch 007 | Step 480 | lr=7.938926e-04 | loss=4.752556
Epoch 007 | Step 490 | lr=7.938926e-04 | loss=4.752497
Epoch 007 | Step 500 | lr=7.938926e-04 | loss=4.752564
Epoch 007 | Step 510 | lr=7.938926e-04 | loss=4.752557
Epoch 007 | Step 520 | lr=7.938926e-04 | loss=4.752554
Epoch 007 | Step 530 | lr=7.938926e-04 | loss=4.752598
Epoch 007 | Step 540 | lr=7.938926e-04 | loss=4.752508
Epoch 007 | Step 550 | lr=7.938926e-04 | loss=4.752551
Epoch 007 | Step 560 | lr=7.938926e-04 | loss=4.752632
Epoch 007 | Step 570 | lr=7.938926e-04 | loss=4.752603
Epoch 007 | Step 580 | lr=7.938926e-04 | loss=4.752579
Epoch 007 | Step 590 | lr=7.938926e-04 | loss=4.752578
Epoch 007 | Step 600 | lr=7.938926e-04 | loss=4.752628
Epoch 007 | Step 610 | lr=7.938926e-04 | loss=4.752564
Epoch 007 | Step 620 | lr=7.938926e-04 | loss=4.752687
Epoch 007 | Step 630 | lr=7.938926e-04 | loss=4.752649
Epoch 007 | Step 640 | lr=7.938926e-04 | loss=4.752625
Epoch 007 | Step 650 | lr=7.938926e-04 | loss=4.752573
Epoch 007 | Step 660 | lr=7.938926e-04 | loss=4.752566
Epoch 007 | Step 670 | lr=7.938926e-04 | loss=4.752602
Epoch 007 | Step 680 | lr=7.938926e-04 | loss=4.752598
Epoch 007 | Step 690 | lr=7.938926e-04 | loss=4.752584
Epoch 007 | Step 700 | lr=7.938926e-04 | loss=4.752622
Epoch 007 | Step 710 | lr=7.938926e-04 | loss=4.752666
Epoch 007 | Step 720 | lr=7.938926e-04 | loss=4.752624
Epoch 007 | Step 730 | lr=7.938926e-04 | loss=4.752561
Epoch 007 | Step 740 | lr=7.938926e-04 | loss=4.752625
Epoch 007 | Step 750 | lr=7.938926e-04 | loss=4.752509
Epoch 007 | Step 760 | lr=7.938926e-04 | loss=4.752561
Epoch 007 | Step 770 | lr=7.938926e-04 | loss=4.752607
Epoch 007 | Step 780 | lr=7.938926e-04 | loss=4.752639
Epoch 007 | Step 790 | lr=7.938926e-04 | loss=4.752576
Epoch 007 | Step 800 | lr=7.938926e-04 | loss=4.752627
Epoch 007 | Step 810 | lr=7.938926e-04 | loss=4.752645
Epoch 007 | Step 820 | lr=7.938926e-04 | loss=4.752649
Epoch 007 | Step 830 | lr=7.938926e-04 | loss=4.752541
Epoch 007 | Step 840 | lr=7.938926e-04 | loss=4.752593
Epoch 007 | Step 850 | lr=7.938926e-04 | loss=4.752651
Epoch 007 | Step 860 | lr=7.938926e-04 | loss=4.752637
Epoch 007 | Step 870 | lr=7.938926e-04 | loss=4.752605
Epoch 007 | Step 880 | lr=7.938926e-04 | loss=4.752531
Epoch 007 | Step 890 | lr=7.938926e-04 | loss=4.752605
Epoch 007 | Step 900 | lr=7.938926e-04 | loss=4.752511
Epoch 007 | Step 910 | lr=7.938926e-04 | loss=4.752522
Epoch 007 | Step 920 | lr=7.938926e-04 | loss=4.752576
Epoch 007 | Step 930 | lr=7.938926e-04 | loss=4.752604
Epoch 007 | Step 940 | lr=7.938926e-04 | loss=4.752666
Epoch 007 | Step 950 | lr=7.938926e-04 | loss=4.752631
Epoch 007 | Step 960 | lr=7.938926e-04 | loss=4.752573
epoch 007 | train_kld=4.752591 | val_kld=4.752572 | val_mae=0.014774 | val_mse=0.001598 | ord_acc@10=0.2914 | recall@10=0.8052
Epoch 008 | Step 10 | lr=7.269952e-04 | loss=4.752459
Epoch 008 | Step 20 | lr=7.269952e-04 | loss=4.752613
Epoch 008 | Step 30 | lr=7.269952e-04 | loss=4.752461
Epoch 008 | Step 40 | lr=7.269952e-04 | loss=4.752612
Epoch 008 | Step 50 | lr=7.269952e-04 | loss=4.752600
Epoch 008 | Step 60 | lr=7.269952e-04 | loss=4.752656
Epoch 008 | Step 70 | lr=7.269952e-04 | loss=4.752562
Epoch 008 | Step 80 | lr=7.269952e-04 | loss=4.752497
Epoch 008 | Step 90 | lr=7.269952e-04 | loss=4.752594
Epoch 008 | Step 100 | lr=7.269952e-04 | loss=4.752588
Epoch 008 | Step 110 | lr=7.269952e-04 | loss=4.752577
Epoch 008 | Step 120 | lr=7.269952e-04 | loss=4.752557
Epoch 008 | Step 130 | lr=7.269952e-04 | loss=4.752515
Epoch 008 | Step 140 | lr=7.269952e-04 | loss=4.752582
Epoch 008 | Step 150 | lr=7.269952e-04 | loss=4.752656
Epoch 008 | Step 160 | lr=7.269952e-04 | loss=4.752605
Epoch 008 | Step 170 | lr=7.269952e-04 | loss=4.752603
Epoch 008 | Step 180 | lr=7.269952e-04 | loss=4.752677
Epoch 008 | Step 190 | lr=7.269952e-04 | loss=4.752579
Epoch 008 | Step 200 | lr=7.269952e-04 | loss=4.752642
Epoch 008 | Step 210 | lr=7.269952e-04 | loss=4.752601
Epoch 008 | Step 220 | lr=7.269952e-04 | loss=4.752618
Epoch 008 | Step 230 | lr=7.269952e-04 | loss=4.752678
Epoch 008 | Step 240 | lr=7.269952e-04 | loss=4.752592
Epoch 008 | Step 250 | lr=7.269952e-04 | loss=4.752509
Epoch 008 | Step 260 | lr=7.269952e-04 | loss=4.752554
Epoch 008 | Step 270 | lr=7.269952e-04 | loss=4.752584
Epoch 008 | Step 280 | lr=7.269952e-04 | loss=4.752572
Epoch 008 | Step 290 | lr=7.269952e-04 | loss=4.752539
Epoch 008 | Step 300 | lr=7.269952e-04 | loss=4.752604
Epoch 008 | Step 310 | lr=7.269952e-04 | loss=4.752503
Epoch 008 | Step 320 | lr=7.269952e-04 | loss=4.752638
Epoch 008 | Step 330 | lr=7.269952e-04 | loss=4.752687
Epoch 008 | Step 340 | lr=7.269952e-04 | loss=4.752608
Epoch 008 | Step 350 | lr=7.269952e-04 | loss=4.752609
Epoch 008 | Step 360 | lr=7.269952e-04 | loss=4.752501
Epoch 008 | Step 370 | lr=7.269952e-04 | loss=4.752510
Epoch 008 | Step 380 | lr=7.269952e-04 | loss=4.752645
Epoch 008 | Step 390 | lr=7.269952e-04 | loss=4.752621
Epoch 008 | Step 400 | lr=7.269952e-04 | loss=4.752642
Epoch 008 | Step 410 | lr=7.269952e-04 | loss=4.752589
Epoch 008 | Step 420 | lr=7.269952e-04 | loss=4.752556
Epoch 008 | Step 430 | lr=7.269952e-04 | loss=4.752490
Epoch 008 | Step 440 | lr=7.269952e-04 | loss=4.752547
Epoch 008 | Step 450 | lr=7.269952e-04 | loss=4.752546
Epoch 008 | Step 460 | lr=7.269952e-04 | loss=4.752525
Epoch 008 | Step 470 | lr=7.269952e-04 | loss=4.752602
Epoch 008 | Step 480 | lr=7.269952e-04 | loss=4.752624
Epoch 008 | Step 490 | lr=7.269952e-04 | loss=4.752614
Epoch 008 | Step 500 | lr=7.269952e-04 | loss=4.752606
Epoch 008 | Step 510 | lr=7.269952e-04 | loss=4.752584
Epoch 008 | Step 520 | lr=7.269952e-04 | loss=4.752708
Epoch 008 | Step 530 | lr=7.269952e-04 | loss=4.752655
Epoch 008 | Step 540 | lr=7.269952e-04 | loss=4.752549
Epoch 008 | Step 550 | lr=7.269952e-04 | loss=4.752454
Epoch 008 | Step 560 | lr=7.269952e-04 | loss=4.752629
Epoch 008 | Step 570 | lr=7.269952e-04 | loss=4.752614
Epoch 008 | Step 580 | lr=7.269952e-04 | loss=4.752704
Epoch 008 | Step 590 | lr=7.269952e-04 | loss=4.752562
Epoch 008 | Step 600 | lr=7.269952e-04 | loss=4.752518
Epoch 008 | Step 610 | lr=7.269952e-04 | loss=4.752617
Epoch 008 | Step 620 | lr=7.269952e-04 | loss=4.752582
Epoch 008 | Step 630 | lr=7.269952e-04 | loss=4.752537
Epoch 008 | Step 640 | lr=7.269952e-04 | loss=4.752542
Epoch 008 | Step 650 | lr=7.269952e-04 | loss=4.752562
Epoch 008 | Step 660 | lr=7.269952e-04 | loss=4.752690
Epoch 008 | Step 670 | lr=7.269952e-04 | loss=4.752602
Epoch 008 | Step 680 | lr=7.269952e-04 | loss=4.752589
Epoch 008 | Step 690 | lr=7.269952e-04 | loss=4.752552
Epoch 008 | Step 700 | lr=7.269952e-04 | loss=4.752625
Epoch 008 | Step 710 | lr=7.269952e-04 | loss=4.752593
Epoch 008 | Step 720 | lr=7.269952e-04 | loss=4.752535
Epoch 008 | Step 730 | lr=7.269952e-04 | loss=4.752617
Epoch 008 | Step 740 | lr=7.269952e-04 | loss=4.752544
Epoch 008 | Step 750 | lr=7.269952e-04 | loss=4.752662
Epoch 008 | Step 760 | lr=7.269952e-04 | loss=4.752574
Epoch 008 | Step 770 | lr=7.269952e-04 | loss=4.752539
Epoch 008 | Step 780 | lr=7.269952e-04 | loss=4.752611
Epoch 008 | Step 790 | lr=7.269952e-04 | loss=4.752565
Epoch 008 | Step 800 | lr=7.269952e-04 | loss=4.752550
Epoch 008 | Step 810 | lr=7.269952e-04 | loss=4.752578
Epoch 008 | Step 820 | lr=7.269952e-04 | loss=4.752672
Epoch 008 | Step 830 | lr=7.269952e-04 | loss=4.752545
Epoch 008 | Step 840 | lr=7.269952e-04 | loss=4.752621
Epoch 008 | Step 850 | lr=7.269952e-04 | loss=4.752623
Epoch 008 | Step 860 | lr=7.269952e-04 | loss=4.752584
Epoch 008 | Step 870 | lr=7.269952e-04 | loss=4.752542
Epoch 008 | Step 880 | lr=7.269952e-04 | loss=4.752563
Epoch 008 | Step 890 | lr=7.269952e-04 | loss=4.752624
Epoch 008 | Step 900 | lr=7.269952e-04 | loss=4.752523
Epoch 008 | Step 910 | lr=7.269952e-04 | loss=4.752578
Epoch 008 | Step 920 | lr=7.269952e-04 | loss=4.752625
Epoch 008 | Step 930 | lr=7.269952e-04 | loss=4.752521
Epoch 008 | Step 940 | lr=7.269952e-04 | loss=4.752578
Epoch 008 | Step 950 | lr=7.269952e-04 | loss=4.752529
Epoch 008 | Step 960 | lr=7.269952e-04 | loss=4.752584
epoch 008 | train_kld=4.752585 | val_kld=4.752571 | val_mae=0.014781 | val_mse=0.001599 | ord_acc@10=0.2920 | recall@10=0.8029
Epoch 009 | Step 10 | lr=6.545085e-04 | loss=4.752602
Epoch 009 | Step 20 | lr=6.545085e-04 | loss=4.752597
Epoch 009 | Step 30 | lr=6.545085e-04 | loss=4.752594
Epoch 009 | Step 40 | lr=6.545085e-04 | loss=4.752570
Epoch 009 | Step 50 | lr=6.545085e-04 | loss=4.752517
Epoch 009 | Step 60 | lr=6.545085e-04 | loss=4.752631
Epoch 009 | Step 70 | lr=6.545085e-04 | loss=4.752618
Epoch 009 | Step 80 | lr=6.545085e-04 | loss=4.752543
Epoch 009 | Step 90 | lr=6.545085e-04 | loss=4.752660
Epoch 009 | Step 100 | lr=6.545085e-04 | loss=4.752638
Epoch 009 | Step 110 | lr=6.545085e-04 | loss=4.752592
Epoch 009 | Step 120 | lr=6.545085e-04 | loss=4.752555
Epoch 009 | Step 130 | lr=6.545085e-04 | loss=4.752495
Epoch 009 | Step 140 | lr=6.545085e-04 | loss=4.752474
Epoch 009 | Step 150 | lr=6.545085e-04 | loss=4.752558
Epoch 009 | Step 160 | lr=6.545085e-04 | loss=4.752596
Epoch 009 | Step 170 | lr=6.545085e-04 | loss=4.752648
Epoch 009 | Step 180 | lr=6.545085e-04 | loss=4.752450
Epoch 009 | Step 190 | lr=6.545085e-04 | loss=4.752512
Epoch 009 | Step 200 | lr=6.545085e-04 | loss=4.752590
Epoch 009 | Step 210 | lr=6.545085e-04 | loss=4.752572
Epoch 009 | Step 220 | lr=6.545085e-04 | loss=4.752505
Epoch 009 | Step 230 | lr=6.545085e-04 | loss=4.752555
Epoch 009 | Step 240 | lr=6.545085e-04 | loss=4.752477
Epoch 009 | Step 250 | lr=6.545085e-04 | loss=4.752594
Epoch 009 | Step 260 | lr=6.545085e-04 | loss=4.752622
Epoch 009 | Step 270 | lr=6.545085e-04 | loss=4.752544
Epoch 009 | Step 280 | lr=6.545085e-04 | loss=4.752654
Epoch 009 | Step 290 | lr=6.545085e-04 | loss=4.752651
Epoch 009 | Step 300 | lr=6.545085e-04 | loss=4.752648
Epoch 009 | Step 310 | lr=6.545085e-04 | loss=4.752579
Epoch 009 | Step 320 | lr=6.545085e-04 | loss=4.752566
Epoch 009 | Step 330 | lr=6.545085e-04 | loss=4.752547
Epoch 009 | Step 340 | lr=6.545085e-04 | loss=4.752584
Epoch 009 | Step 350 | lr=6.545085e-04 | loss=4.752623
Epoch 009 | Step 360 | lr=6.545085e-04 | loss=4.752657
Epoch 009 | Step 370 | lr=6.545085e-04 | loss=4.752538
Epoch 009 | Step 380 | lr=6.545085e-04 | loss=4.752587
Epoch 009 | Step 390 | lr=6.545085e-04 | loss=4.752510
Epoch 009 | Step 400 | lr=6.545085e-04 | loss=4.752480
Epoch 009 | Step 410 | lr=6.545085e-04 | loss=4.752610
Epoch 009 | Step 420 | lr=6.545085e-04 | loss=4.752462
Epoch 009 | Step 430 | lr=6.545085e-04 | loss=4.752572
Epoch 009 | Step 440 | lr=6.545085e-04 | loss=4.752545
Epoch 009 | Step 450 | lr=6.545085e-04 | loss=4.752565
Epoch 009 | Step 460 | lr=6.545085e-04 | loss=4.752514
Epoch 009 | Step 470 | lr=6.545085e-04 | loss=4.752567
Epoch 009 | Step 480 | lr=6.545085e-04 | loss=4.752655
Epoch 009 | Step 490 | lr=6.545085e-04 | loss=4.752547
Epoch 009 | Step 500 | lr=6.545085e-04 | loss=4.752629
Epoch 009 | Step 510 | lr=6.545085e-04 | loss=4.752469
Epoch 009 | Step 520 | lr=6.545085e-04 | loss=4.752616
Epoch 009 | Step 530 | lr=6.545085e-04 | loss=4.752576
Epoch 009 | Step 540 | lr=6.545085e-04 | loss=4.752565
Epoch 009 | Step 550 | lr=6.545085e-04 | loss=4.752630
Epoch 009 | Step 560 | lr=6.545085e-04 | loss=4.752658
Epoch 009 | Step 570 | lr=6.545085e-04 | loss=4.752633
Epoch 009 | Step 580 | lr=6.545085e-04 | loss=4.752648
Epoch 009 | Step 590 | lr=6.545085e-04 | loss=4.752563
Epoch 009 | Step 600 | lr=6.545085e-04 | loss=4.752581
Epoch 009 | Step 610 | lr=6.545085e-04 | loss=4.752625
Epoch 009 | Step 620 | lr=6.545085e-04 | loss=4.752618
Epoch 009 | Step 630 | lr=6.545085e-04 | loss=4.752574
Epoch 009 | Step 640 | lr=6.545085e-04 | loss=4.752526
Epoch 009 | Step 650 | lr=6.545085e-04 | loss=4.752507
Epoch 009 | Step 660 | lr=6.545085e-04 | loss=4.752592
Epoch 009 | Step 670 | lr=6.545085e-04 | loss=4.752679
Epoch 009 | Step 680 | lr=6.545085e-04 | loss=4.752548
Epoch 009 | Step 690 | lr=6.545085e-04 | loss=4.752574
Epoch 009 | Step 700 | lr=6.545085e-04 | loss=4.752488
Epoch 009 | Step 710 | lr=6.545085e-04 | loss=4.752602
Epoch 009 | Step 720 | lr=6.545085e-04 | loss=4.752548
Epoch 009 | Step 730 | lr=6.545085e-04 | loss=4.752605
Epoch 009 | Step 740 | lr=6.545085e-04 | loss=4.752611
Epoch 009 | Step 750 | lr=6.545085e-04 | loss=4.752573
Epoch 009 | Step 760 | lr=6.545085e-04 | loss=4.752652
Epoch 009 | Step 770 | lr=6.545085e-04 | loss=4.752620
Epoch 009 | Step 780 | lr=6.545085e-04 | loss=4.752599
Epoch 009 | Step 790 | lr=6.545085e-04 | loss=4.752587
Epoch 009 | Step 800 | lr=6.545085e-04 | loss=4.752610
Epoch 009 | Step 810 | lr=6.545085e-04 | loss=4.752529
Epoch 009 | Step 820 | lr=6.545085e-04 | loss=4.752579
Epoch 009 | Step 830 | lr=6.545085e-04 | loss=4.752509
Epoch 009 | Step 840 | lr=6.545085e-04 | loss=4.752528
Epoch 009 | Step 850 | lr=6.545085e-04 | loss=4.752644
Epoch 009 | Step 860 | lr=6.545085e-04 | loss=4.752556
Epoch 009 | Step 870 | lr=6.545085e-04 | loss=4.752662
Epoch 009 | Step 880 | lr=6.545085e-04 | loss=4.752567
Epoch 009 | Step 890 | lr=6.545085e-04 | loss=4.752579
Epoch 009 | Step 900 | lr=6.545085e-04 | loss=4.752635
Epoch 009 | Step 910 | lr=6.545085e-04 | loss=4.752627
Epoch 009 | Step 920 | lr=6.545085e-04 | loss=4.752537
Epoch 009 | Step 930 | lr=6.545085e-04 | loss=4.752570
Epoch 009 | Step 940 | lr=6.545085e-04 | loss=4.752516
Epoch 009 | Step 950 | lr=6.545085e-04 | loss=4.752489
Epoch 009 | Step 960 | lr=6.545085e-04 | loss=4.752553
epoch 009 | train_kld=4.752583 | val_kld=4.752570 | val_mae=0.014780 | val_mse=0.001600 | ord_acc@10=0.2949 | recall@10=0.8129
Epoch 010 | Step 10 | lr=5.782172e-04 | loss=4.752548
Epoch 010 | Step 20 | lr=5.782172e-04 | loss=4.752551
Epoch 010 | Step 30 | lr=5.782172e-04 | loss=4.752651
Epoch 010 | Step 40 | lr=5.782172e-04 | loss=4.752546
Epoch 010 | Step 50 | lr=5.782172e-04 | loss=4.752552
Epoch 010 | Step 60 | lr=5.782172e-04 | loss=4.752588
Epoch 010 | Step 70 | lr=5.782172e-04 | loss=4.752544
Epoch 010 | Step 80 | lr=5.782172e-04 | loss=4.752533
Epoch 010 | Step 90 | lr=5.782172e-04 | loss=4.752617
Epoch 010 | Step 100 | lr=5.782172e-04 | loss=4.752499
Epoch 010 | Step 110 | lr=5.782172e-04 | loss=4.752574
Epoch 010 | Step 120 | lr=5.782172e-04 | loss=4.752594
Epoch 010 | Step 130 | lr=5.782172e-04 | loss=4.752554
Epoch 010 | Step 140 | lr=5.782172e-04 | loss=4.752467
Epoch 010 | Step 150 | lr=5.782172e-04 | loss=4.752616
Epoch 010 | Step 160 | lr=5.782172e-04 | loss=4.752601
Epoch 010 | Step 170 | lr=5.782172e-04 | loss=4.752635
Epoch 010 | Step 180 | lr=5.782172e-04 | loss=4.752496
Epoch 010 | Step 190 | lr=5.782172e-04 | loss=4.752536
Epoch 010 | Step 200 | lr=5.782172e-04 | loss=4.752579
Epoch 010 | Step 210 | lr=5.782172e-04 | loss=4.752641
Epoch 010 | Step 220 | lr=5.782172e-04 | loss=4.752541
Epoch 010 | Step 230 | lr=5.782172e-04 | loss=4.752615
Epoch 010 | Step 240 | lr=5.782172e-04 | loss=4.752623
Epoch 010 | Step 250 | lr=5.782172e-04 | loss=4.752566
Epoch 010 | Step 260 | lr=5.782172e-04 | loss=4.752528
Epoch 010 | Step 270 | lr=5.782172e-04 | loss=4.752574
Epoch 010 | Step 280 | lr=5.782172e-04 | loss=4.752586
Epoch 010 | Step 290 | lr=5.782172e-04 | loss=4.752545
Epoch 010 | Step 300 | lr=5.782172e-04 | loss=4.752625
Epoch 010 | Step 310 | lr=5.782172e-04 | loss=4.752625
Epoch 010 | Step 320 | lr=5.782172e-04 | loss=4.752538
Epoch 010 | Step 330 | lr=5.782172e-04 | loss=4.752445
Epoch 010 | Step 340 | lr=5.782172e-04 | loss=4.752577
Epoch 010 | Step 350 | lr=5.782172e-04 | loss=4.752582
Epoch 010 | Step 360 | lr=5.782172e-04 | loss=4.752563
Epoch 010 | Step 370 | lr=5.782172e-04 | loss=4.752651
Epoch 010 | Step 380 | lr=5.782172e-04 | loss=4.752537
Epoch 010 | Step 390 | lr=5.782172e-04 | loss=4.752596
Epoch 010 | Step 400 | lr=5.782172e-04 | loss=4.752640
Epoch 010 | Step 410 | lr=5.782172e-04 | loss=4.752543
Epoch 010 | Step 420 | lr=5.782172e-04 | loss=4.752513
Epoch 010 | Step 430 | lr=5.782172e-04 | loss=4.752672
Epoch 010 | Step 440 | lr=5.782172e-04 | loss=4.752656
Epoch 010 | Step 450 | lr=5.782172e-04 | loss=4.752597
Epoch 010 | Step 460 | lr=5.782172e-04 | loss=4.752641
Epoch 010 | Step 470 | lr=5.782172e-04 | loss=4.752588
Epoch 010 | Step 480 | lr=5.782172e-04 | loss=4.752497
Epoch 010 | Step 490 | lr=5.782172e-04 | loss=4.752664
Epoch 010 | Step 500 | lr=5.782172e-04 | loss=4.752519
Epoch 010 | Step 510 | lr=5.782172e-04 | loss=4.752584
Epoch 010 | Step 520 | lr=5.782172e-04 | loss=4.752516
Epoch 010 | Step 530 | lr=5.782172e-04 | loss=4.752622
Epoch 010 | Step 540 | lr=5.782172e-04 | loss=4.752624
Epoch 010 | Step 550 | lr=5.782172e-04 | loss=4.752614
Epoch 010 | Step 560 | lr=5.782172e-04 | loss=4.752646
Epoch 010 | Step 570 | lr=5.782172e-04 | loss=4.752540
Epoch 010 | Step 580 | lr=5.782172e-04 | loss=4.752578
Epoch 010 | Step 590 | lr=5.782172e-04 | loss=4.752582
Epoch 010 | Step 600 | lr=5.782172e-04 | loss=4.752697
Epoch 010 | Step 610 | lr=5.782172e-04 | loss=4.752610
Epoch 010 | Step 620 | lr=5.782172e-04 | loss=4.752589
Epoch 010 | Step 630 | lr=5.782172e-04 | loss=4.752588
Epoch 010 | Step 640 | lr=5.782172e-04 | loss=4.752588
Epoch 010 | Step 650 | lr=5.782172e-04 | loss=4.752592
Epoch 010 | Step 660 | lr=5.782172e-04 | loss=4.752595
Epoch 010 | Step 670 | lr=5.782172e-04 | loss=4.752576
Epoch 010 | Step 680 | lr=5.782172e-04 | loss=4.752651
Epoch 010 | Step 690 | lr=5.782172e-04 | loss=4.752555
Epoch 010 | Step 700 | lr=5.782172e-04 | loss=4.752508
Epoch 010 | Step 710 | lr=5.782172e-04 | loss=4.752627
Epoch 010 | Step 720 | lr=5.782172e-04 | loss=4.752579
Epoch 010 | Step 730 | lr=5.782172e-04 | loss=4.752581
Epoch 010 | Step 740 | lr=5.782172e-04 | loss=4.752590
Epoch 010 | Step 750 | lr=5.782172e-04 | loss=4.752546
Epoch 010 | Step 760 | lr=5.782172e-04 | loss=4.752659
Epoch 010 | Step 770 | lr=5.782172e-04 | loss=4.752552
Epoch 010 | Step 780 | lr=5.782172e-04 | loss=4.752561
Epoch 010 | Step 790 | lr=5.782172e-04 | loss=4.752500
Epoch 010 | Step 800 | lr=5.782172e-04 | loss=4.752548
Epoch 010 | Step 810 | lr=5.782172e-04 | loss=4.752549
Epoch 010 | Step 820 | lr=5.782172e-04 | loss=4.752506
Epoch 010 | Step 830 | lr=5.782172e-04 | loss=4.752536
Epoch 010 | Step 840 | lr=5.782172e-04 | loss=4.752587
Epoch 010 | Step 850 | lr=5.782172e-04 | loss=4.752560
Epoch 010 | Step 860 | lr=5.782172e-04 | loss=4.752646
Epoch 010 | Step 870 | lr=5.782172e-04 | loss=4.752580
Epoch 010 | Step 880 | lr=5.782172e-04 | loss=4.752594
Epoch 010 | Step 890 | lr=5.782172e-04 | loss=4.752593
Epoch 010 | Step 900 | lr=5.782172e-04 | loss=4.752591
Epoch 010 | Step 910 | lr=5.782172e-04 | loss=4.752626
Epoch 010 | Step 920 | lr=5.782172e-04 | loss=4.752535
Epoch 010 | Step 930 | lr=5.782172e-04 | loss=4.752644
Epoch 010 | Step 940 | lr=5.782172e-04 | loss=4.752494
Epoch 010 | Step 950 | lr=5.782172e-04 | loss=4.752623
Epoch 010 | Step 960 | lr=5.782172e-04 | loss=4.752592
epoch 010 | train_kld=4.752579 | val_kld=4.752566 | val_mae=0.014774 | val_mse=0.001597 | ord_acc@10=0.2978 | recall@10=0.8051
Epoch 011 | Step 10 | lr=5.000000e-04 | loss=4.752569
Epoch 011 | Step 20 | lr=5.000000e-04 | loss=4.752620
Epoch 011 | Step 30 | lr=5.000000e-04 | loss=4.752635
Epoch 011 | Step 40 | lr=5.000000e-04 | loss=4.752603
Epoch 011 | Step 50 | lr=5.000000e-04 | loss=4.752612
Epoch 011 | Step 60 | lr=5.000000e-04 | loss=4.752570
Epoch 011 | Step 70 | lr=5.000000e-04 | loss=4.752527
Epoch 011 | Step 80 | lr=5.000000e-04 | loss=4.752560
Epoch 011 | Step 90 | lr=5.000000e-04 | loss=4.752601
Epoch 011 | Step 100 | lr=5.000000e-04 | loss=4.752588
Epoch 011 | Step 110 | lr=5.000000e-04 | loss=4.752630
Epoch 011 | Step 120 | lr=5.000000e-04 | loss=4.752566
Epoch 011 | Step 130 | lr=5.000000e-04 | loss=4.752594
Epoch 011 | Step 140 | lr=5.000000e-04 | loss=4.752604
Epoch 011 | Step 150 | lr=5.000000e-04 | loss=4.752592
Epoch 011 | Step 160 | lr=5.000000e-04 | loss=4.752612
Epoch 011 | Step 170 | lr=5.000000e-04 | loss=4.752621
Epoch 011 | Step 180 | lr=5.000000e-04 | loss=4.752609
Epoch 011 | Step 190 | lr=5.000000e-04 | loss=4.752610
Epoch 011 | Step 200 | lr=5.000000e-04 | loss=4.752666
Epoch 011 | Step 210 | lr=5.000000e-04 | loss=4.752691
Epoch 011 | Step 220 | lr=5.000000e-04 | loss=4.752499
Epoch 011 | Step 230 | lr=5.000000e-04 | loss=4.752523
Epoch 011 | Step 240 | lr=5.000000e-04 | loss=4.752518
Epoch 011 | Step 250 | lr=5.000000e-04 | loss=4.752601
Epoch 011 | Step 260 | lr=5.000000e-04 | loss=4.752597
Epoch 011 | Step 270 | lr=5.000000e-04 | loss=4.752601
Epoch 011 | Step 280 | lr=5.000000e-04 | loss=4.752572
Epoch 011 | Step 290 | lr=5.000000e-04 | loss=4.752675
Epoch 011 | Step 300 | lr=5.000000e-04 | loss=4.752578
Epoch 011 | Step 310 | lr=5.000000e-04 | loss=4.752619
Epoch 011 | Step 320 | lr=5.000000e-04 | loss=4.752611
Epoch 011 | Step 330 | lr=5.000000e-04 | loss=4.752655
Epoch 011 | Step 340 | lr=5.000000e-04 | loss=4.752588
Epoch 011 | Step 350 | lr=5.000000e-04 | loss=4.752571
Epoch 011 | Step 360 | lr=5.000000e-04 | loss=4.752574
Epoch 011 | Step 370 | lr=5.000000e-04 | loss=4.752625
Epoch 011 | Step 380 | lr=5.000000e-04 | loss=4.752594
Epoch 011 | Step 390 | lr=5.000000e-04 | loss=4.752588
Epoch 011 | Step 400 | lr=5.000000e-04 | loss=4.752641
Epoch 011 | Step 410 | lr=5.000000e-04 | loss=4.752632
Epoch 011 | Step 420 | lr=5.000000e-04 | loss=4.752544
Epoch 011 | Step 430 | lr=5.000000e-04 | loss=4.752646
Epoch 011 | Step 440 | lr=5.000000e-04 | loss=4.752545
Epoch 011 | Step 450 | lr=5.000000e-04 | loss=4.752545
Epoch 011 | Step 460 | lr=5.000000e-04 | loss=4.752558
Epoch 011 | Step 470 | lr=5.000000e-04 | loss=4.752492
Epoch 011 | Step 480 | lr=5.000000e-04 | loss=4.752564
Epoch 011 | Step 490 | lr=5.000000e-04 | loss=4.752543
Epoch 011 | Step 500 | lr=5.000000e-04 | loss=4.752511
Epoch 011 | Step 510 | lr=5.000000e-04 | loss=4.752601
Epoch 011 | Step 520 | lr=5.000000e-04 | loss=4.752656
Epoch 011 | Step 530 | lr=5.000000e-04 | loss=4.752567
Epoch 011 | Step 540 | lr=5.000000e-04 | loss=4.752567
Epoch 011 | Step 550 | lr=5.000000e-04 | loss=4.752571
Epoch 011 | Step 560 | lr=5.000000e-04 | loss=4.752581
Epoch 011 | Step 570 | lr=5.000000e-04 | loss=4.752526
Epoch 011 | Step 580 | lr=5.000000e-04 | loss=4.752535
Epoch 011 | Step 590 | lr=5.000000e-04 | loss=4.752530
Epoch 011 | Step 600 | lr=5.000000e-04 | loss=4.752573
Epoch 011 | Step 610 | lr=5.000000e-04 | loss=4.752506
Epoch 011 | Step 620 | lr=5.000000e-04 | loss=4.752616
Epoch 011 | Step 630 | lr=5.000000e-04 | loss=4.752559
Epoch 011 | Step 640 | lr=5.000000e-04 | loss=4.752559
Epoch 011 | Step 650 | lr=5.000000e-04 | loss=4.752599
Epoch 011 | Step 660 | lr=5.000000e-04 | loss=4.752618
Epoch 011 | Step 670 | lr=5.000000e-04 | loss=4.752628
Epoch 011 | Step 680 | lr=5.000000e-04 | loss=4.752612
Epoch 011 | Step 690 | lr=5.000000e-04 | loss=4.752576
Epoch 011 | Step 700 | lr=5.000000e-04 | loss=4.752666
Epoch 011 | Step 710 | lr=5.000000e-04 | loss=4.752604
Epoch 011 | Step 720 | lr=5.000000e-04 | loss=4.752590
Epoch 011 | Step 730 | lr=5.000000e-04 | loss=4.752622
Epoch 011 | Step 740 | lr=5.000000e-04 | loss=4.752591
Epoch 011 | Step 750 | lr=5.000000e-04 | loss=4.752467
Epoch 011 | Step 760 | lr=5.000000e-04 | loss=4.752629
Epoch 011 | Step 770 | lr=5.000000e-04 | loss=4.752620
Epoch 011 | Step 780 | lr=5.000000e-04 | loss=4.752662
Epoch 011 | Step 790 | lr=5.000000e-04 | loss=4.753402
Epoch 011 | Step 800 | lr=5.000000e-04 | loss=4.753445
Epoch 011 | Step 810 | lr=5.000000e-04 | loss=4.753449
Epoch 011 | Step 820 | lr=5.000000e-04 | loss=4.753368
Epoch 011 | Step 830 | lr=5.000000e-04 | loss=4.753314
Epoch 011 | Step 840 | lr=5.000000e-04 | loss=4.753453
Epoch 011 | Step 850 | lr=5.000000e-04 | loss=4.753383
Epoch 011 | Step 860 | lr=5.000000e-04 | loss=4.753283
Epoch 011 | Step 870 | lr=5.000000e-04 | loss=4.753257
Epoch 011 | Step 880 | lr=5.000000e-04 | loss=4.753055
Epoch 011 | Step 890 | lr=5.000000e-04 | loss=4.753353
Epoch 011 | Step 900 | lr=5.000000e-04 | loss=4.753252
Epoch 011 | Step 910 | lr=5.000000e-04 | loss=4.753139
Epoch 011 | Step 920 | lr=5.000000e-04 | loss=4.753000
Epoch 011 | Step 930 | lr=5.000000e-04 | loss=4.753371
Epoch 011 | Step 940 | lr=5.000000e-04 | loss=4.753229
Epoch 011 | Step 950 | lr=5.000000e-04 | loss=4.753189
Epoch 011 | Step 960 | lr=5.000000e-04 | loss=4.753251
epoch 011 | train_kld=4.752714 | val_kld=4.753067 | val_mae=0.014879 | val_mse=0.001630 | ord_acc@10=0.1728 | recall@10=0.6817
Epoch 012 | Step 10 | lr=4.217828e-04 | loss=4.753003
Epoch 012 | Step 20 | lr=4.217828e-04 | loss=4.752868
Epoch 012 | Step 30 | lr=4.217828e-04 | loss=4.752910
Epoch 012 | Step 40 | lr=4.217828e-04 | loss=4.752812
Epoch 012 | Step 50 | lr=4.217828e-04 | loss=4.752760
Epoch 012 | Step 60 | lr=4.217828e-04 | loss=4.752881
Epoch 012 | Step 70 | lr=4.217828e-04 | loss=4.752758
Epoch 012 | Step 80 | lr=4.217828e-04 | loss=4.752711
Epoch 012 | Step 90 | lr=4.217828e-04 | loss=4.752692
Epoch 012 | Step 100 | lr=4.217828e-04 | loss=4.752625
Epoch 012 | Step 110 | lr=4.217828e-04 | loss=4.752750
Epoch 012 | Step 120 | lr=4.217828e-04 | loss=4.752640
Epoch 012 | Step 130 | lr=4.217828e-04 | loss=4.752585
Epoch 012 | Step 140 | lr=4.217828e-04 | loss=4.752667
Epoch 012 | Step 150 | lr=4.217828e-04 | loss=4.752727
Epoch 012 | Step 160 | lr=4.217828e-04 | loss=4.752639
Epoch 012 | Step 170 | lr=4.217828e-04 | loss=4.752651
Epoch 012 | Step 180 | lr=4.217828e-04 | loss=4.752646
Epoch 012 | Step 190 | lr=4.217828e-04 | loss=4.752625
Epoch 012 | Step 200 | lr=4.217828e-04 | loss=4.752550
Epoch 012 | Step 210 | lr=4.217828e-04 | loss=4.752674
Epoch 012 | Step 220 | lr=4.217828e-04 | loss=4.752617
Epoch 012 | Step 230 | lr=4.217828e-04 | loss=4.752617
Epoch 012 | Step 240 | lr=4.217828e-04 | loss=4.752694
Epoch 012 | Step 250 | lr=4.217828e-04 | loss=4.752623
Epoch 012 | Step 260 | lr=4.217828e-04 | loss=4.752666
Epoch 012 | Step 270 | lr=4.217828e-04 | loss=4.752670
Epoch 012 | Step 280 | lr=4.217828e-04 | loss=4.752580
Epoch 012 | Step 290 | lr=4.217828e-04 | loss=4.752617
Epoch 012 | Step 300 | lr=4.217828e-04 | loss=4.752612
Epoch 012 | Step 310 | lr=4.217828e-04 | loss=4.752514
Epoch 012 | Step 320 | lr=4.217828e-04 | loss=4.752598
Epoch 012 | Step 330 | lr=4.217828e-04 | loss=4.752640
Epoch 012 | Step 340 | lr=4.217828e-04 | loss=4.752600
Epoch 012 | Step 350 | lr=4.217828e-04 | loss=4.752501
Epoch 012 | Step 360 | lr=4.217828e-04 | loss=4.752595
Epoch 012 | Step 370 | lr=4.217828e-04 | loss=4.752622
Epoch 012 | Step 380 | lr=4.217828e-04 | loss=4.752572
Epoch 012 | Step 390 | lr=4.217828e-04 | loss=4.752618
Epoch 012 | Step 400 | lr=4.217828e-04 | loss=4.752568
Epoch 012 | Step 410 | lr=4.217828e-04 | loss=4.752638
Epoch 012 | Step 420 | lr=4.217828e-04 | loss=4.752624
Epoch 012 | Step 430 | lr=4.217828e-04 | loss=4.752664
Epoch 012 | Step 440 | lr=4.217828e-04 | loss=4.752551
Epoch 012 | Step 450 | lr=4.217828e-04 | loss=4.752619
Epoch 012 | Step 460 | lr=4.217828e-04 | loss=4.752618
Epoch 012 | Step 470 | lr=4.217828e-04 | loss=4.752646
Epoch 012 | Step 480 | lr=4.217828e-04 | loss=4.752623
Epoch 012 | Step 490 | lr=4.217828e-04 | loss=4.752625
Epoch 012 | Step 500 | lr=4.217828e-04 | loss=4.752662
Epoch 012 | Step 510 | lr=4.217828e-04 | loss=4.752596
Epoch 012 | Step 520 | lr=4.217828e-04 | loss=4.752603
Epoch 012 | Step 530 | lr=4.217828e-04 | loss=4.752758
Epoch 012 | Step 540 | lr=4.217828e-04 | loss=4.752606
Epoch 012 | Step 550 | lr=4.217828e-04 | loss=4.752698
Epoch 012 | Step 560 | lr=4.217828e-04 | loss=4.752542
Epoch 012 | Step 570 | lr=4.217828e-04 | loss=4.752542
Epoch 012 | Step 580 | lr=4.217828e-04 | loss=4.752661
Epoch 012 | Step 590 | lr=4.217828e-04 | loss=4.752638
Epoch 012 | Step 600 | lr=4.217828e-04 | loss=4.752690
Epoch 012 | Step 610 | lr=4.217828e-04 | loss=4.752581
Epoch 012 | Step 620 | lr=4.217828e-04 | loss=4.752606
Epoch 012 | Step 630 | lr=4.217828e-04 | loss=4.752567
Epoch 012 | Step 640 | lr=4.217828e-04 | loss=4.752645
Epoch 012 | Step 650 | lr=4.217828e-04 | loss=4.752586
Epoch 012 | Step 660 | lr=4.217828e-04 | loss=4.752627
Epoch 012 | Step 670 | lr=4.217828e-04 | loss=4.752522
Epoch 012 | Step 680 | lr=4.217828e-04 | loss=4.752519
Epoch 012 | Step 690 | lr=4.217828e-04 | loss=4.752622
Epoch 012 | Step 700 | lr=4.217828e-04 | loss=4.752625
Epoch 012 | Step 710 | lr=4.217828e-04 | loss=4.752612
Epoch 012 | Step 720 | lr=4.217828e-04 | loss=4.752568
Epoch 012 | Step 730 | lr=4.217828e-04 | loss=4.752577
Epoch 012 | Step 740 | lr=4.217828e-04 | loss=4.752603
Epoch 012 | Step 750 | lr=4.217828e-04 | loss=4.752647
Epoch 012 | Step 760 | lr=4.217828e-04 | loss=4.752575
Epoch 012 | Step 770 | lr=4.217828e-04 | loss=4.752606
Epoch 012 | Step 780 | lr=4.217828e-04 | loss=4.752689
Epoch 012 | Step 790 | lr=4.217828e-04 | loss=4.752531
Epoch 012 | Step 800 | lr=4.217828e-04 | loss=4.752728
Epoch 012 | Step 810 | lr=4.217828e-04 | loss=4.752666
Epoch 012 | Step 820 | lr=4.217828e-04 | loss=4.752595
Epoch 012 | Step 830 | lr=4.217828e-04 | loss=4.752637
Epoch 012 | Step 840 | lr=4.217828e-04 | loss=4.752556
Epoch 012 | Step 850 | lr=4.217828e-04 | loss=4.752610
Epoch 012 | Step 860 | lr=4.217828e-04 | loss=4.752537
Epoch 012 | Step 870 | lr=4.217828e-04 | loss=4.752659
Epoch 012 | Step 880 | lr=4.217828e-04 | loss=4.752609
Epoch 012 | Step 890 | lr=4.217828e-04 | loss=4.752561
Epoch 012 | Step 900 | lr=4.217828e-04 | loss=4.752520
Epoch 012 | Step 910 | lr=4.217828e-04 | loss=4.752632
Epoch 012 | Step 920 | lr=4.217828e-04 | loss=4.752597
Epoch 012 | Step 930 | lr=4.217828e-04 | loss=4.752671
Epoch 012 | Step 940 | lr=4.217828e-04 | loss=4.752635
Epoch 012 | Step 950 | lr=4.217828e-04 | loss=4.752539
Epoch 012 | Step 960 | lr=4.217828e-04 | loss=4.752571
epoch 012 | train_kld=4.752639 | val_kld=4.752574 | val_mae=0.014782 | val_mse=0.001600 | ord_acc@10=0.2906 | recall@10=0.7972
Epoch 013 | Step 10 | lr=3.454915e-04 | loss=4.752522
Epoch 013 | Step 20 | lr=3.454915e-04 | loss=4.752584
Epoch 013 | Step 30 | lr=3.454915e-04 | loss=4.752587
Epoch 013 | Step 40 | lr=3.454915e-04 | loss=4.752582
Epoch 013 | Step 50 | lr=3.454915e-04 | loss=4.752636
Epoch 013 | Step 60 | lr=3.454915e-04 | loss=4.752627
Epoch 013 | Step 70 | lr=3.454915e-04 | loss=4.752528
Epoch 013 | Step 80 | lr=3.454915e-04 | loss=4.752658
Epoch 013 | Step 90 | lr=3.454915e-04 | loss=4.752580
Epoch 013 | Step 100 | lr=3.454915e-04 | loss=4.752620
Epoch 013 | Step 110 | lr=3.454915e-04 | loss=4.752622
Epoch 013 | Step 120 | lr=3.454915e-04 | loss=4.752531
Epoch 013 | Step 130 | lr=3.454915e-04 | loss=4.752561
Epoch 013 | Step 140 | lr=3.454915e-04 | loss=4.752611
Epoch 013 | Step 150 | lr=3.454915e-04 | loss=4.752577
Epoch 013 | Step 160 | lr=3.454915e-04 | loss=4.752579
Epoch 013 | Step 170 | lr=3.454915e-04 | loss=4.752565
Epoch 013 | Step 180 | lr=3.454915e-04 | loss=4.752615
Epoch 013 | Step 190 | lr=3.454915e-04 | loss=4.752517
Epoch 013 | Step 200 | lr=3.454915e-04 | loss=4.752600
Epoch 013 | Step 210 | lr=3.454915e-04 | loss=4.752614
Epoch 013 | Step 220 | lr=3.454915e-04 | loss=4.752632
Epoch 013 | Step 230 | lr=3.454915e-04 | loss=4.752580
Epoch 013 | Step 240 | lr=3.454915e-04 | loss=4.752592
Epoch 013 | Step 250 | lr=3.454915e-04 | loss=4.752607
Epoch 013 | Step 260 | lr=3.454915e-04 | loss=4.752513
Epoch 013 | Step 270 | lr=3.454915e-04 | loss=4.752553
Epoch 013 | Step 280 | lr=3.454915e-04 | loss=4.752582
Epoch 013 | Step 290 | lr=3.454915e-04 | loss=4.752679
Epoch 013 | Step 300 | lr=3.454915e-04 | loss=4.752574
Epoch 013 | Step 310 | lr=3.454915e-04 | loss=4.752629
Epoch 013 | Step 320 | lr=3.454915e-04 | loss=4.752524
Epoch 013 | Step 330 | lr=3.454915e-04 | loss=4.752545
Epoch 013 | Step 340 | lr=3.454915e-04 | loss=4.752476
Epoch 013 | Step 350 | lr=3.454915e-04 | loss=4.752545
Epoch 013 | Step 360 | lr=3.454915e-04 | loss=4.752533
Epoch 013 | Step 370 | lr=3.454915e-04 | loss=4.752532
Epoch 013 | Step 380 | lr=3.454915e-04 | loss=4.752649
Epoch 013 | Step 390 | lr=3.454915e-04 | loss=4.752675
Epoch 013 | Step 400 | lr=3.454915e-04 | loss=4.752603
Epoch 013 | Step 410 | lr=3.454915e-04 | loss=4.752530
Epoch 013 | Step 420 | lr=3.454915e-04 | loss=4.752708
Epoch 013 | Step 430 | lr=3.454915e-04 | loss=4.752503
Epoch 013 | Step 440 | lr=3.454915e-04 | loss=4.752587
Epoch 013 | Step 450 | lr=3.454915e-04 | loss=4.752593
Epoch 013 | Step 460 | lr=3.454915e-04 | loss=4.752649
Epoch 013 | Step 470 | lr=3.454915e-04 | loss=4.752634
Epoch 013 | Step 480 | lr=3.454915e-04 | loss=4.752624
Epoch 013 | Step 490 | lr=3.454915e-04 | loss=4.752655
Epoch 013 | Step 500 | lr=3.454915e-04 | loss=4.752606
Epoch 013 | Step 510 | lr=3.454915e-04 | loss=4.752648
Epoch 013 | Step 520 | lr=3.454915e-04 | loss=4.752593
Epoch 013 | Step 530 | lr=3.454915e-04 | loss=4.752618
Epoch 013 | Step 540 | lr=3.454915e-04 | loss=4.752522
Epoch 013 | Step 550 | lr=3.454915e-04 | loss=4.752513
Epoch 013 | Step 560 | lr=3.454915e-04 | loss=4.752564
Epoch 013 | Step 570 | lr=3.454915e-04 | loss=4.752570
Epoch 013 | Step 580 | lr=3.454915e-04 | loss=4.752547
Epoch 013 | Step 590 | lr=3.454915e-04 | loss=4.752648
Epoch 013 | Step 600 | lr=3.454915e-04 | loss=4.752576
Epoch 013 | Step 610 | lr=3.454915e-04 | loss=4.752580
Epoch 013 | Step 620 | lr=3.454915e-04 | loss=4.752600
Epoch 013 | Step 630 | lr=3.454915e-04 | loss=4.752600
Epoch 013 | Step 640 | lr=3.454915e-04 | loss=4.752678
Epoch 013 | Step 650 | lr=3.454915e-04 | loss=4.752653
Epoch 013 | Step 660 | lr=3.454915e-04 | loss=4.752610
Epoch 013 | Step 670 | lr=3.454915e-04 | loss=4.752636
Epoch 013 | Step 680 | lr=3.454915e-04 | loss=4.752633
Epoch 013 | Step 690 | lr=3.454915e-04 | loss=4.752526
Epoch 013 | Step 700 | lr=3.454915e-04 | loss=4.752541
Epoch 013 | Step 710 | lr=3.454915e-04 | loss=4.752640
Epoch 013 | Step 720 | lr=3.454915e-04 | loss=4.752539
Epoch 013 | Step 730 | lr=3.454915e-04 | loss=4.752577
Epoch 013 | Step 740 | lr=3.454915e-04 | loss=4.752578
Epoch 013 | Step 750 | lr=3.454915e-04 | loss=4.752626
Epoch 013 | Step 760 | lr=3.454915e-04 | loss=4.752624
Epoch 013 | Step 770 | lr=3.454915e-04 | loss=4.752506
Epoch 013 | Step 780 | lr=3.454915e-04 | loss=4.752583
Epoch 013 | Step 790 | lr=3.454915e-04 | loss=4.752699
Epoch 013 | Step 800 | lr=3.454915e-04 | loss=4.752530
Epoch 013 | Step 810 | lr=3.454915e-04 | loss=4.752628
Epoch 013 | Step 820 | lr=3.454915e-04 | loss=4.752523
Epoch 013 | Step 830 | lr=3.454915e-04 | loss=4.752564
Epoch 013 | Step 840 | lr=3.454915e-04 | loss=4.752591
Epoch 013 | Step 850 | lr=3.454915e-04 | loss=4.752589
Epoch 013 | Step 860 | lr=3.454915e-04 | loss=4.752543
Epoch 013 | Step 870 | lr=3.454915e-04 | loss=4.752679
Epoch 013 | Step 880 | lr=3.454915e-04 | loss=4.752678
Epoch 013 | Step 890 | lr=3.454915e-04 | loss=4.752631
Epoch 013 | Step 900 | lr=3.454915e-04 | loss=4.752619
Epoch 013 | Step 910 | lr=3.454915e-04 | loss=4.752553
Epoch 013 | Step 920 | lr=3.454915e-04 | loss=4.752620
Epoch 013 | Step 930 | lr=3.454915e-04 | loss=4.752502
Epoch 013 | Step 940 | lr=3.454915e-04 | loss=4.752579
Epoch 013 | Step 950 | lr=3.454915e-04 | loss=4.752608
Epoch 013 | Step 960 | lr=3.454915e-04 | loss=4.752628
epoch 013 | train_kld=4.752585 | val_kld=4.752567 | val_mae=0.014782 | val_mse=0.001599 | ord_acc@10=0.2960 | recall@10=0.8060
Epoch 014 | Step 10 | lr=2.730048e-04 | loss=4.752543
Epoch 014 | Step 20 | lr=2.730048e-04 | loss=4.752627
Epoch 014 | Step 30 | lr=2.730048e-04 | loss=4.752601
Epoch 014 | Step 40 | lr=2.730048e-04 | loss=4.752588
Epoch 014 | Step 50 | lr=2.730048e-04 | loss=4.752584
Epoch 014 | Step 60 | lr=2.730048e-04 | loss=4.752545
Epoch 014 | Step 70 | lr=2.730048e-04 | loss=4.752645
Epoch 014 | Step 80 | lr=2.730048e-04 | loss=4.752556
Epoch 014 | Step 90 | lr=2.730048e-04 | loss=4.752500
Epoch 014 | Step 100 | lr=2.730048e-04 | loss=4.752492
Epoch 014 | Step 110 | lr=2.730048e-04 | loss=4.752542
Epoch 014 | Step 120 | lr=2.730048e-04 | loss=4.752592
Epoch 014 | Step 130 | lr=2.730048e-04 | loss=4.752589
Epoch 014 | Step 140 | lr=2.730048e-04 | loss=4.752527
Epoch 014 | Step 150 | lr=2.730048e-04 | loss=4.752489
Epoch 014 | Step 160 | lr=2.730048e-04 | loss=4.752509
Epoch 014 | Step 170 | lr=2.730048e-04 | loss=4.752588
Epoch 014 | Step 180 | lr=2.730048e-04 | loss=4.752427
Epoch 014 | Step 190 | lr=2.730048e-04 | loss=4.752493
Epoch 014 | Step 200 | lr=2.730048e-04 | loss=4.752500
Epoch 014 | Step 210 | lr=2.730048e-04 | loss=4.752660
Epoch 014 | Step 220 | lr=2.730048e-04 | loss=4.752626
Epoch 014 | Step 230 | lr=2.730048e-04 | loss=4.752600
Epoch 014 | Step 240 | lr=2.730048e-04 | loss=4.752544
Epoch 014 | Step 250 | lr=2.730048e-04 | loss=4.752615
Epoch 014 | Step 260 | lr=2.730048e-04 | loss=4.752546
Epoch 014 | Step 270 | lr=2.730048e-04 | loss=4.752617
Epoch 014 | Step 280 | lr=2.730048e-04 | loss=4.752676
Epoch 014 | Step 290 | lr=2.730048e-04 | loss=4.752553
Epoch 014 | Step 300 | lr=2.730048e-04 | loss=4.752596
Epoch 014 | Step 310 | lr=2.730048e-04 | loss=4.752488
Epoch 014 | Step 320 | lr=2.730048e-04 | loss=4.752572
Epoch 014 | Step 330 | lr=2.730048e-04 | loss=4.752477
Epoch 014 | Step 340 | lr=2.730048e-04 | loss=4.752591
Epoch 014 | Step 350 | lr=2.730048e-04 | loss=4.752548
Epoch 014 | Step 360 | lr=2.730048e-04 | loss=4.752656
Epoch 014 | Step 370 | lr=2.730048e-04 | loss=4.752649
Epoch 014 | Step 380 | lr=2.730048e-04 | loss=4.752586
Epoch 014 | Step 390 | lr=2.730048e-04 | loss=4.752655
Epoch 014 | Step 400 | lr=2.730048e-04 | loss=4.752631
Epoch 014 | Step 410 | lr=2.730048e-04 | loss=4.752586
Epoch 014 | Step 420 | lr=2.730048e-04 | loss=4.752624
Epoch 014 | Step 430 | lr=2.730048e-04 | loss=4.752594
Epoch 014 | Step 440 | lr=2.730048e-04 | loss=4.752574
Epoch 014 | Step 450 | lr=2.730048e-04 | loss=4.752584
Epoch 014 | Step 460 | lr=2.730048e-04 | loss=4.752469
Epoch 014 | Step 470 | lr=2.730048e-04 | loss=4.752522
Epoch 014 | Step 480 | lr=2.730048e-04 | loss=4.752556
Epoch 014 | Step 490 | lr=2.730048e-04 | loss=4.752639
Epoch 014 | Step 500 | lr=2.730048e-04 | loss=4.752581
Epoch 014 | Step 510 | lr=2.730048e-04 | loss=4.752609
Epoch 014 | Step 520 | lr=2.730048e-04 | loss=4.752524
Epoch 014 | Step 530 | lr=2.730048e-04 | loss=4.752589
Epoch 014 | Step 540 | lr=2.730048e-04 | loss=4.752551
Epoch 014 | Step 550 | lr=2.730048e-04 | loss=4.752564
Epoch 014 | Step 560 | lr=2.730048e-04 | loss=4.752616
Epoch 014 | Step 570 | lr=2.730048e-04 | loss=4.752587
Epoch 014 | Step 580 | lr=2.730048e-04 | loss=4.752589
Epoch 014 | Step 590 | lr=2.730048e-04 | loss=4.752589
Epoch 014 | Step 600 | lr=2.730048e-04 | loss=4.752515
Epoch 014 | Step 610 | lr=2.730048e-04 | loss=4.752644
Epoch 014 | Step 620 | lr=2.730048e-04 | loss=4.752581
Epoch 014 | Step 630 | lr=2.730048e-04 | loss=4.752623
Epoch 014 | Step 640 | lr=2.730048e-04 | loss=4.752554
Epoch 014 | Step 650 | lr=2.730048e-04 | loss=4.752603
Epoch 014 | Step 660 | lr=2.730048e-04 | loss=4.752697
Epoch 014 | Step 670 | lr=2.730048e-04 | loss=4.752662
Epoch 014 | Step 680 | lr=2.730048e-04 | loss=4.752610
Epoch 014 | Step 690 | lr=2.730048e-04 | loss=4.752532
Epoch 014 | Step 700 | lr=2.730048e-04 | loss=4.752594
Epoch 014 | Step 710 | lr=2.730048e-04 | loss=4.752676
Epoch 014 | Step 720 | lr=2.730048e-04 | loss=4.752556
Epoch 014 | Step 730 | lr=2.730048e-04 | loss=4.752529
Epoch 014 | Step 740 | lr=2.730048e-04 | loss=4.752581
Epoch 014 | Step 750 | lr=2.730048e-04 | loss=4.752581
Epoch 014 | Step 760 | lr=2.730048e-04 | loss=4.752547
Epoch 014 | Step 770 | lr=2.730048e-04 | loss=4.752561
Epoch 014 | Step 780 | lr=2.730048e-04 | loss=4.752545
Epoch 014 | Step 790 | lr=2.730048e-04 | loss=4.752576
Epoch 014 | Step 800 | lr=2.730048e-04 | loss=4.752524
Epoch 014 | Step 810 | lr=2.730048e-04 | loss=4.752612
Epoch 014 | Step 820 | lr=2.730048e-04 | loss=4.752583
Epoch 014 | Step 830 | lr=2.730048e-04 | loss=4.752496
Epoch 014 | Step 840 | lr=2.730048e-04 | loss=4.752522
Epoch 014 | Step 850 | lr=2.730048e-04 | loss=4.752597
Epoch 014 | Step 860 | lr=2.730048e-04 | loss=4.752565
Epoch 014 | Step 870 | lr=2.730048e-04 | loss=4.752570
Epoch 014 | Step 880 | lr=2.730048e-04 | loss=4.752515
Epoch 014 | Step 890 | lr=2.730048e-04 | loss=4.752667
Epoch 014 | Step 900 | lr=2.730048e-04 | loss=4.752551
Epoch 014 | Step 910 | lr=2.730048e-04 | loss=4.752578
Epoch 014 | Step 920 | lr=2.730048e-04 | loss=4.752507
Epoch 014 | Step 930 | lr=2.730048e-04 | loss=4.752569
Epoch 014 | Step 940 | lr=2.730048e-04 | loss=4.752557
Epoch 014 | Step 950 | lr=2.730048e-04 | loss=4.752531
Epoch 014 | Step 960 | lr=2.730048e-04 | loss=4.752511
epoch 014 | train_kld=4.752576 | val_kld=4.752561 | val_mae=0.014774 | val_mse=0.001598 | ord_acc@10=0.3033 | recall@10=0.8074
Epoch 015 | Step 10 | lr=2.061074e-04 | loss=4.752508
Epoch 015 | Step 20 | lr=2.061074e-04 | loss=4.752545
Epoch 015 | Step 30 | lr=2.061074e-04 | loss=4.752601
Epoch 015 | Step 40 | lr=2.061074e-04 | loss=4.752635
Epoch 015 | Step 50 | lr=2.061074e-04 | loss=4.752541
Epoch 015 | Step 60 | lr=2.061074e-04 | loss=4.752459
Epoch 015 | Step 70 | lr=2.061074e-04 | loss=4.752580
Epoch 015 | Step 80 | lr=2.061074e-04 | loss=4.752592
Epoch 015 | Step 90 | lr=2.061074e-04 | loss=4.752560
Epoch 015 | Step 100 | lr=2.061074e-04 | loss=4.752546
Epoch 015 | Step 110 | lr=2.061074e-04 | loss=4.752666
Epoch 015 | Step 120 | lr=2.061074e-04 | loss=4.752563
Epoch 015 | Step 130 | lr=2.061074e-04 | loss=4.752445
Epoch 015 | Step 140 | lr=2.061074e-04 | loss=4.752544
Epoch 015 | Step 150 | lr=2.061074e-04 | loss=4.752492
Epoch 015 | Step 160 | lr=2.061074e-04 | loss=4.752669
Epoch 015 | Step 170 | lr=2.061074e-04 | loss=4.752665
Epoch 015 | Step 180 | lr=2.061074e-04 | loss=4.752542
Epoch 015 | Step 190 | lr=2.061074e-04 | loss=4.752597
Epoch 015 | Step 200 | lr=2.061074e-04 | loss=4.752489
Epoch 015 | Step 210 | lr=2.061074e-04 | loss=4.752568
Epoch 015 | Step 220 | lr=2.061074e-04 | loss=4.752554
Epoch 015 | Step 230 | lr=2.061074e-04 | loss=4.752570
Epoch 015 | Step 240 | lr=2.061074e-04 | loss=4.752534
Epoch 015 | Step 250 | lr=2.061074e-04 | loss=4.752560
Epoch 015 | Step 260 | lr=2.061074e-04 | loss=4.752637
Epoch 015 | Step 270 | lr=2.061074e-04 | loss=4.752546
Epoch 015 | Step 280 | lr=2.061074e-04 | loss=4.752571
Epoch 015 | Step 290 | lr=2.061074e-04 | loss=4.752583
Epoch 015 | Step 300 | lr=2.061074e-04 | loss=4.752526
Epoch 015 | Step 310 | lr=2.061074e-04 | loss=4.752569
Epoch 015 | Step 320 | lr=2.061074e-04 | loss=4.752507
Epoch 015 | Step 330 | lr=2.061074e-04 | loss=4.752650
Epoch 015 | Step 340 | lr=2.061074e-04 | loss=4.752598
Epoch 015 | Step 350 | lr=2.061074e-04 | loss=4.752563
Epoch 015 | Step 360 | lr=2.061074e-04 | loss=4.752620
Epoch 015 | Step 370 | lr=2.061074e-04 | loss=4.752523
Epoch 015 | Step 380 | lr=2.061074e-04 | loss=4.752616
Epoch 015 | Step 390 | lr=2.061074e-04 | loss=4.752535
Epoch 015 | Step 400 | lr=2.061074e-04 | loss=4.752608
Epoch 015 | Step 410 | lr=2.061074e-04 | loss=4.752551
Epoch 015 | Step 420 | lr=2.061074e-04 | loss=4.752554
Epoch 015 | Step 430 | lr=2.061074e-04 | loss=4.752482
Epoch 015 | Step 440 | lr=2.061074e-04 | loss=4.752619
Epoch 015 | Step 450 | lr=2.061074e-04 | loss=4.752588
Epoch 015 | Step 460 | lr=2.061074e-04 | loss=4.752621
Epoch 015 | Step 470 | lr=2.061074e-04 | loss=4.752683
Epoch 015 | Step 480 | lr=2.061074e-04 | loss=4.752564
Epoch 015 | Step 490 | lr=2.061074e-04 | loss=4.752607
Epoch 015 | Step 500 | lr=2.061074e-04 | loss=4.752546
Epoch 015 | Step 510 | lr=2.061074e-04 | loss=4.752497
Epoch 015 | Step 520 | lr=2.061074e-04 | loss=4.752639
Epoch 015 | Step 530 | lr=2.061074e-04 | loss=4.752597
Epoch 015 | Step 540 | lr=2.061074e-04 | loss=4.752551
Epoch 015 | Step 550 | lr=2.061074e-04 | loss=4.752532
Epoch 015 | Step 560 | lr=2.061074e-04 | loss=4.752688
Epoch 015 | Step 570 | lr=2.061074e-04 | loss=4.752598
Epoch 015 | Step 580 | lr=2.061074e-04 | loss=4.752656
Epoch 015 | Step 590 | lr=2.061074e-04 | loss=4.752591
Epoch 015 | Step 600 | lr=2.061074e-04 | loss=4.752554
Epoch 015 | Step 610 | lr=2.061074e-04 | loss=4.752539
Epoch 015 | Step 620 | lr=2.061074e-04 | loss=4.752609
Epoch 015 | Step 630 | lr=2.061074e-04 | loss=4.752599
Epoch 015 | Step 640 | lr=2.061074e-04 | loss=4.752515
Epoch 015 | Step 650 | lr=2.061074e-04 | loss=4.752584
Epoch 015 | Step 660 | lr=2.061074e-04 | loss=4.752525
Epoch 015 | Step 670 | lr=2.061074e-04 | loss=4.752619
Epoch 015 | Step 680 | lr=2.061074e-04 | loss=4.752534
Epoch 015 | Step 690 | lr=2.061074e-04 | loss=4.752510
Epoch 015 | Step 700 | lr=2.061074e-04 | loss=4.752614
Epoch 015 | Step 710 | lr=2.061074e-04 | loss=4.752565
Epoch 015 | Step 720 | lr=2.061074e-04 | loss=4.752496
Epoch 015 | Step 730 | lr=2.061074e-04 | loss=4.752522
Epoch 015 | Step 740 | lr=2.061074e-04 | loss=4.752571
Epoch 015 | Step 750 | lr=2.061074e-04 | loss=4.752597
Epoch 015 | Step 760 | lr=2.061074e-04 | loss=4.752614
Epoch 015 | Step 770 | lr=2.061074e-04 | loss=4.752542
Epoch 015 | Step 780 | lr=2.061074e-04 | loss=4.752508
Epoch 015 | Step 790 | lr=2.061074e-04 | loss=4.752624
Epoch 015 | Step 800 | lr=2.061074e-04 | loss=4.752570
Epoch 015 | Step 810 | lr=2.061074e-04 | loss=4.752638
Epoch 015 | Step 820 | lr=2.061074e-04 | loss=4.752531
Epoch 015 | Step 830 | lr=2.061074e-04 | loss=4.752477
Epoch 015 | Step 840 | lr=2.061074e-04 | loss=4.752536
Epoch 015 | Step 850 | lr=2.061074e-04 | loss=4.752676
Epoch 015 | Step 860 | lr=2.061074e-04 | loss=4.752640
Epoch 015 | Step 870 | lr=2.061074e-04 | loss=4.752610
Epoch 015 | Step 880 | lr=2.061074e-04 | loss=4.752455
Epoch 015 | Step 890 | lr=2.061074e-04 | loss=4.752596
Epoch 015 | Step 900 | lr=2.061074e-04 | loss=4.752657
Epoch 015 | Step 910 | lr=2.061074e-04 | loss=4.752578
Epoch 015 | Step 920 | lr=2.061074e-04 | loss=4.752545
Epoch 015 | Step 930 | lr=2.061074e-04 | loss=4.752542
Epoch 015 | Step 940 | lr=2.061074e-04 | loss=4.752560
Epoch 015 | Step 950 | lr=2.061074e-04 | loss=4.752547
Epoch 015 | Step 960 | lr=2.061074e-04 | loss=4.752604
epoch 015 | train_kld=4.752572 | val_kld=4.752560 | val_mae=0.014779 | val_mse=0.001598 | ord_acc@10=0.3070 | recall@10=0.8150
Epoch 016 | Step 10 | lr=1.464466e-04 | loss=4.752609
Epoch 016 | Step 20 | lr=1.464466e-04 | loss=4.752585
Epoch 016 | Step 30 | lr=1.464466e-04 | loss=4.752577
Epoch 016 | Step 40 | lr=1.464466e-04 | loss=4.752576
Epoch 016 | Step 50 | lr=1.464466e-04 | loss=4.752568
Epoch 016 | Step 60 | lr=1.464466e-04 | loss=4.752558
Epoch 016 | Step 70 | lr=1.464466e-04 | loss=4.752586
Epoch 016 | Step 80 | lr=1.464466e-04 | loss=4.752599
Epoch 016 | Step 90 | lr=1.464466e-04 | loss=4.752585
Epoch 016 | Step 100 | lr=1.464466e-04 | loss=4.752560
Epoch 016 | Step 110 | lr=1.464466e-04 | loss=4.752545
Epoch 016 | Step 120 | lr=1.464466e-04 | loss=4.752561
Epoch 016 | Step 130 | lr=1.464466e-04 | loss=4.752577
Epoch 016 | Step 140 | lr=1.464466e-04 | loss=4.752584
Epoch 016 | Step 150 | lr=1.464466e-04 | loss=4.752625
Epoch 016 | Step 160 | lr=1.464466e-04 | loss=4.752488
Epoch 016 | Step 170 | lr=1.464466e-04 | loss=4.752604
Epoch 016 | Step 180 | lr=1.464466e-04 | loss=4.752594
Epoch 016 | Step 190 | lr=1.464466e-04 | loss=4.752479
Epoch 016 | Step 200 | lr=1.464466e-04 | loss=4.752523
Epoch 016 | Step 210 | lr=1.464466e-04 | loss=4.752560
Epoch 016 | Step 220 | lr=1.464466e-04 | loss=4.752603
Epoch 016 | Step 230 | lr=1.464466e-04 | loss=4.752595
Epoch 016 | Step 240 | lr=1.464466e-04 | loss=4.752593
Epoch 016 | Step 250 | lr=1.464466e-04 | loss=4.752489
Epoch 016 | Step 260 | lr=1.464466e-04 | loss=4.752595
Epoch 016 | Step 270 | lr=1.464466e-04 | loss=4.752622
Epoch 016 | Step 280 | lr=1.464466e-04 | loss=4.752583
Epoch 016 | Step 290 | lr=1.464466e-04 | loss=4.752544
Epoch 016 | Step 300 | lr=1.464466e-04 | loss=4.752474
Epoch 016 | Step 310 | lr=1.464466e-04 | loss=4.752522
Epoch 016 | Step 320 | lr=1.464466e-04 | loss=4.752657
Epoch 016 | Step 330 | lr=1.464466e-04 | loss=4.752611
Epoch 016 | Step 340 | lr=1.464466e-04 | loss=4.752585
Epoch 016 | Step 350 | lr=1.464466e-04 | loss=4.752463
Epoch 016 | Step 360 | lr=1.464466e-04 | loss=4.752637
Epoch 016 | Step 370 | lr=1.464466e-04 | loss=4.752550
Epoch 016 | Step 380 | lr=1.464466e-04 | loss=4.752559
Epoch 016 | Step 390 | lr=1.464466e-04 | loss=4.752676
Epoch 016 | Step 400 | lr=1.464466e-04 | loss=4.752549
Epoch 016 | Step 410 | lr=1.464466e-04 | loss=4.752602
Epoch 016 | Step 420 | lr=1.464466e-04 | loss=4.752538
Epoch 016 | Step 430 | lr=1.464466e-04 | loss=4.752591
Epoch 016 | Step 440 | lr=1.464466e-04 | loss=4.752571
Epoch 016 | Step 450 | lr=1.464466e-04 | loss=4.752510
Epoch 016 | Step 460 | lr=1.464466e-04 | loss=4.752463
Epoch 016 | Step 470 | lr=1.464466e-04 | loss=4.752529
Epoch 016 | Step 480 | lr=1.464466e-04 | loss=4.752595
Epoch 016 | Step 490 | lr=1.464466e-04 | loss=4.752613
Epoch 016 | Step 500 | lr=1.464466e-04 | loss=4.752498
Epoch 016 | Step 510 | lr=1.464466e-04 | loss=4.752574
Epoch 016 | Step 520 | lr=1.464466e-04 | loss=4.752533
Epoch 016 | Step 530 | lr=1.464466e-04 | loss=4.752521
Epoch 016 | Step 540 | lr=1.464466e-04 | loss=4.752582
Epoch 016 | Step 550 | lr=1.464466e-04 | loss=4.752545
Epoch 016 | Step 560 | lr=1.464466e-04 | loss=4.752532
Epoch 016 | Step 570 | lr=1.464466e-04 | loss=4.752610
Epoch 016 | Step 580 | lr=1.464466e-04 | loss=4.752637
Epoch 016 | Step 590 | lr=1.464466e-04 | loss=4.752493
Epoch 016 | Step 600 | lr=1.464466e-04 | loss=4.752583
Epoch 016 | Step 610 | lr=1.464466e-04 | loss=4.752542
Epoch 016 | Step 620 | lr=1.464466e-04 | loss=4.752611
Epoch 016 | Step 630 | lr=1.464466e-04 | loss=4.752606
Epoch 016 | Step 640 | lr=1.464466e-04 | loss=4.752641
Epoch 016 | Step 650 | lr=1.464466e-04 | loss=4.752610
Epoch 016 | Step 660 | lr=1.464466e-04 | loss=4.752533
Epoch 016 | Step 670 | lr=1.464466e-04 | loss=4.752563
Epoch 016 | Step 680 | lr=1.464466e-04 | loss=4.752583
Epoch 016 | Step 690 | lr=1.464466e-04 | loss=4.752533
Epoch 016 | Step 700 | lr=1.464466e-04 | loss=4.752654
Epoch 016 | Step 710 | lr=1.464466e-04 | loss=4.752569
Epoch 016 | Step 720 | lr=1.464466e-04 | loss=4.752614
Epoch 016 | Step 730 | lr=1.464466e-04 | loss=4.752567
Epoch 016 | Step 740 | lr=1.464466e-04 | loss=4.752629
Epoch 016 | Step 750 | lr=1.464466e-04 | loss=4.752608
Epoch 016 | Step 760 | lr=1.464466e-04 | loss=4.752590
Epoch 016 | Step 770 | lr=1.464466e-04 | loss=4.752501
Epoch 016 | Step 780 | lr=1.464466e-04 | loss=4.752566
Epoch 016 | Step 790 | lr=1.464466e-04 | loss=4.752549
Epoch 016 | Step 800 | lr=1.464466e-04 | loss=4.752565
Epoch 016 | Step 810 | lr=1.464466e-04 | loss=4.752696
Epoch 016 | Step 820 | lr=1.464466e-04 | loss=4.752553
Epoch 016 | Step 830 | lr=1.464466e-04 | loss=4.752508
Epoch 016 | Step 840 | lr=1.464466e-04 | loss=4.752542
Epoch 016 | Step 850 | lr=1.464466e-04 | loss=4.752502
Epoch 016 | Step 860 | lr=1.464466e-04 | loss=4.752525
Epoch 016 | Step 870 | lr=1.464466e-04 | loss=4.752580
Epoch 016 | Step 880 | lr=1.464466e-04 | loss=4.752573
Epoch 016 | Step 890 | lr=1.464466e-04 | loss=4.752574
Epoch 016 | Step 900 | lr=1.464466e-04 | loss=4.752701
Epoch 016 | Step 910 | lr=1.464466e-04 | loss=4.752665
Epoch 016 | Step 920 | lr=1.464466e-04 | loss=4.752573
Epoch 016 | Step 930 | lr=1.464466e-04 | loss=4.752586
Epoch 016 | Step 940 | lr=1.464466e-04 | loss=4.752554
Epoch 016 | Step 950 | lr=1.464466e-04 | loss=4.752582
Epoch 016 | Step 960 | lr=1.464466e-04 | loss=4.752613
epoch 016 | train_kld=4.752569 | val_kld=4.752558 | val_mae=0.014782 | val_mse=0.001599 | ord_acc@10=0.3080 | recall@10=0.8173
Epoch 017 | Step 10 | lr=9.549150e-05 | loss=4.752494
Epoch 017 | Step 20 | lr=9.549150e-05 | loss=4.752487
Epoch 017 | Step 30 | lr=9.549150e-05 | loss=4.752659
Epoch 017 | Step 40 | lr=9.549150e-05 | loss=4.752556
Epoch 017 | Step 50 | lr=9.549150e-05 | loss=4.752560
Epoch 017 | Step 60 | lr=9.549150e-05 | loss=4.752516
Epoch 017 | Step 70 | lr=9.549150e-05 | loss=4.752555
Epoch 017 | Step 80 | lr=9.549150e-05 | loss=4.752537
Epoch 017 | Step 90 | lr=9.549150e-05 | loss=4.752502
Epoch 017 | Step 100 | lr=9.549150e-05 | loss=4.752561
Epoch 017 | Step 110 | lr=9.549150e-05 | loss=4.752527
Epoch 017 | Step 120 | lr=9.549150e-05 | loss=4.752630
Epoch 017 | Step 130 | lr=9.549150e-05 | loss=4.752461
Epoch 017 | Step 140 | lr=9.549150e-05 | loss=4.752500
Epoch 017 | Step 150 | lr=9.549150e-05 | loss=4.752644
Epoch 017 | Step 160 | lr=9.549150e-05 | loss=4.752530
Epoch 017 | Step 170 | lr=9.549150e-05 | loss=4.752635
Epoch 017 | Step 180 | lr=9.549150e-05 | loss=4.752645
Epoch 017 | Step 190 | lr=9.549150e-05 | loss=4.752564
Epoch 017 | Step 200 | lr=9.549150e-05 | loss=4.752552
Epoch 017 | Step 210 | lr=9.549150e-05 | loss=4.752519
Epoch 017 | Step 220 | lr=9.549150e-05 | loss=4.752537
Epoch 017 | Step 230 | lr=9.549150e-05 | loss=4.752467
Epoch 017 | Step 240 | lr=9.549150e-05 | loss=4.752543
Epoch 017 | Step 250 | lr=9.549150e-05 | loss=4.752494
Epoch 017 | Step 260 | lr=9.549150e-05 | loss=4.752558
Epoch 017 | Step 270 | lr=9.549150e-05 | loss=4.752554
Epoch 017 | Step 280 | lr=9.549150e-05 | loss=4.752638
Epoch 017 | Step 290 | lr=9.549150e-05 | loss=4.752448
Epoch 017 | Step 300 | lr=9.549150e-05 | loss=4.752571
Epoch 017 | Step 310 | lr=9.549150e-05 | loss=4.752521
Epoch 017 | Step 320 | lr=9.549150e-05 | loss=4.752597
Epoch 017 | Step 330 | lr=9.549150e-05 | loss=4.752619
Epoch 017 | Step 340 | lr=9.549150e-05 | loss=4.752435
Epoch 017 | Step 350 | lr=9.549150e-05 | loss=4.752636
Epoch 017 | Step 360 | lr=9.549150e-05 | loss=4.752497
Epoch 017 | Step 370 | lr=9.549150e-05 | loss=4.752608
Epoch 017 | Step 380 | lr=9.549150e-05 | loss=4.752575
Epoch 017 | Step 390 | lr=9.549150e-05 | loss=4.752513
Epoch 017 | Step 400 | lr=9.549150e-05 | loss=4.752580
Epoch 017 | Step 410 | lr=9.549150e-05 | loss=4.752587
Epoch 017 | Step 420 | lr=9.549150e-05 | loss=4.752625
Epoch 017 | Step 430 | lr=9.549150e-05 | loss=4.752601
Epoch 017 | Step 440 | lr=9.549150e-05 | loss=4.752602
Epoch 017 | Step 450 | lr=9.549150e-05 | loss=4.752493
Epoch 017 | Step 460 | lr=9.549150e-05 | loss=4.752537
Epoch 017 | Step 470 | lr=9.549150e-05 | loss=4.752581
Epoch 017 | Step 480 | lr=9.549150e-05 | loss=4.752622
Epoch 017 | Step 490 | lr=9.549150e-05 | loss=4.752576
Epoch 017 | Step 500 | lr=9.549150e-05 | loss=4.752597
Epoch 017 | Step 510 | lr=9.549150e-05 | loss=4.752593
Epoch 017 | Step 520 | lr=9.549150e-05 | loss=4.752606
Epoch 017 | Step 530 | lr=9.549150e-05 | loss=4.752600
Epoch 017 | Step 540 | lr=9.549150e-05 | loss=4.752553
Epoch 017 | Step 550 | lr=9.549150e-05 | loss=4.752582
Epoch 017 | Step 560 | lr=9.549150e-05 | loss=4.752546
Epoch 017 | Step 570 | lr=9.549150e-05 | loss=4.752556
Epoch 017 | Step 580 | lr=9.549150e-05 | loss=4.752435
Epoch 017 | Step 590 | lr=9.549150e-05 | loss=4.752559
Epoch 017 | Step 600 | lr=9.549150e-05 | loss=4.752547
Epoch 017 | Step 610 | lr=9.549150e-05 | loss=4.752595
Epoch 017 | Step 620 | lr=9.549150e-05 | loss=4.752510
Epoch 017 | Step 630 | lr=9.549150e-05 | loss=4.752613
Epoch 017 | Step 640 | lr=9.549150e-05 | loss=4.752542
Epoch 017 | Step 650 | lr=9.549150e-05 | loss=4.752607
Epoch 017 | Step 660 | lr=9.549150e-05 | loss=4.752528
Epoch 017 | Step 670 | lr=9.549150e-05 | loss=4.752538
Epoch 017 | Step 680 | lr=9.549150e-05 | loss=4.752606
Epoch 017 | Step 690 | lr=9.549150e-05 | loss=4.752687
Epoch 017 | Step 700 | lr=9.549150e-05 | loss=4.752717
Epoch 017 | Step 710 | lr=9.549150e-05 | loss=4.752576
Epoch 017 | Step 720 | lr=9.549150e-05 | loss=4.752529
Epoch 017 | Step 730 | lr=9.549150e-05 | loss=4.752533
Epoch 017 | Step 740 | lr=9.549150e-05 | loss=4.752580
Epoch 017 | Step 750 | lr=9.549150e-05 | loss=4.752513
Epoch 017 | Step 760 | lr=9.549150e-05 | loss=4.752603
Epoch 017 | Step 770 | lr=9.549150e-05 | loss=4.752682
Epoch 017 | Step 780 | lr=9.549150e-05 | loss=4.752577
Epoch 017 | Step 790 | lr=9.549150e-05 | loss=4.752525
Epoch 017 | Step 800 | lr=9.549150e-05 | loss=4.752557
Epoch 017 | Step 810 | lr=9.549150e-05 | loss=4.752549
Epoch 017 | Step 820 | lr=9.549150e-05 | loss=4.752712
Epoch 017 | Step 830 | lr=9.549150e-05 | loss=4.752601
Epoch 017 | Step 840 | lr=9.549150e-05 | loss=4.752534
Epoch 017 | Step 850 | lr=9.549150e-05 | loss=4.752612
Epoch 017 | Step 860 | lr=9.549150e-05 | loss=4.752567
Epoch 017 | Step 870 | lr=9.549150e-05 | loss=4.752563
Epoch 017 | Step 880 | lr=9.549150e-05 | loss=4.752573
Epoch 017 | Step 890 | lr=9.549150e-05 | loss=4.752642
Epoch 017 | Step 900 | lr=9.549150e-05 | loss=4.752644
Epoch 017 | Step 910 | lr=9.549150e-05 | loss=4.752555
Epoch 017 | Step 920 | lr=9.549150e-05 | loss=4.752563
Epoch 017 | Step 930 | lr=9.549150e-05 | loss=4.752553
Epoch 017 | Step 940 | lr=9.549150e-05 | loss=4.752609
Epoch 017 | Step 950 | lr=9.549150e-05 | loss=4.752626
Epoch 017 | Step 960 | lr=9.549150e-05 | loss=4.752521
epoch 017 | train_kld=4.752567 | val_kld=4.752556 | val_mae=0.014776 | val_mse=0.001598 | ord_acc@10=0.3084 | recall@10=0.8172
Epoch 018 | Step 10 | lr=5.449674e-05 | loss=4.752522
Epoch 018 | Step 20 | lr=5.449674e-05 | loss=4.752575
Epoch 018 | Step 30 | lr=5.449674e-05 | loss=4.752475
Epoch 018 | Step 40 | lr=5.449674e-05 | loss=4.752625
Epoch 018 | Step 50 | lr=5.449674e-05 | loss=4.752598
Epoch 018 | Step 60 | lr=5.449674e-05 | loss=4.752605
Epoch 018 | Step 70 | lr=5.449674e-05 | loss=4.752524
Epoch 018 | Step 80 | lr=5.449674e-05 | loss=4.752600
Epoch 018 | Step 90 | lr=5.449674e-05 | loss=4.752556
Epoch 018 | Step 100 | lr=5.449674e-05 | loss=4.752522
Epoch 018 | Step 110 | lr=5.449674e-05 | loss=4.752654
Epoch 018 | Step 120 | lr=5.449674e-05 | loss=4.752548
Epoch 018 | Step 130 | lr=5.449674e-05 | loss=4.752530
Epoch 018 | Step 140 | lr=5.449674e-05 | loss=4.752538
Epoch 018 | Step 150 | lr=5.449674e-05 | loss=4.752615
Epoch 018 | Step 160 | lr=5.449674e-05 | loss=4.752481
Epoch 018 | Step 170 | lr=5.449674e-05 | loss=4.752534
Epoch 018 | Step 180 | lr=5.449674e-05 | loss=4.752497
Epoch 018 | Step 190 | lr=5.449674e-05 | loss=4.752560
Epoch 018 | Step 200 | lr=5.449674e-05 | loss=4.752522
Epoch 018 | Step 210 | lr=5.449674e-05 | loss=4.752546
Epoch 018 | Step 220 | lr=5.449674e-05 | loss=4.752539
Epoch 018 | Step 230 | lr=5.449674e-05 | loss=4.752516
Epoch 018 | Step 240 | lr=5.449674e-05 | loss=4.752572
Epoch 018 | Step 250 | lr=5.449674e-05 | loss=4.752629
Epoch 018 | Step 260 | lr=5.449674e-05 | loss=4.752612
Epoch 018 | Step 270 | lr=5.449674e-05 | loss=4.752533
Epoch 018 | Step 280 | lr=5.449674e-05 | loss=4.752493
Epoch 018 | Step 290 | lr=5.449674e-05 | loss=4.752509
Epoch 018 | Step 300 | lr=5.449674e-05 | loss=4.752658
Epoch 018 | Step 310 | lr=5.449674e-05 | loss=4.752615
Epoch 018 | Step 320 | lr=5.449674e-05 | loss=4.752617
Epoch 018 | Step 330 | lr=5.449674e-05 | loss=4.752578
Epoch 018 | Step 340 | lr=5.449674e-05 | loss=4.752608
Epoch 018 | Step 350 | lr=5.449674e-05 | loss=4.752629
Epoch 018 | Step 360 | lr=5.449674e-05 | loss=4.752608
Epoch 018 | Step 370 | lr=5.449674e-05 | loss=4.752604
Epoch 018 | Step 380 | lr=5.449674e-05 | loss=4.752524
Epoch 018 | Step 390 | lr=5.449674e-05 | loss=4.752604
Epoch 018 | Step 400 | lr=5.449674e-05 | loss=4.752621
Epoch 018 | Step 410 | lr=5.449674e-05 | loss=4.752551
Epoch 018 | Step 420 | lr=5.449674e-05 | loss=4.752593
Epoch 018 | Step 430 | lr=5.449674e-05 | loss=4.752470
Epoch 018 | Step 440 | lr=5.449674e-05 | loss=4.752565
Epoch 018 | Step 450 | lr=5.449674e-05 | loss=4.752590
Epoch 018 | Step 460 | lr=5.449674e-05 | loss=4.752643
Epoch 018 | Step 470 | lr=5.449674e-05 | loss=4.752537
Epoch 018 | Step 480 | lr=5.449674e-05 | loss=4.752651
Epoch 018 | Step 490 | lr=5.449674e-05 | loss=4.752589
Epoch 018 | Step 500 | lr=5.449674e-05 | loss=4.752624
Epoch 018 | Step 510 | lr=5.449674e-05 | loss=4.752591
Epoch 018 | Step 520 | lr=5.449674e-05 | loss=4.752565
Epoch 018 | Step 530 | lr=5.449674e-05 | loss=4.752587
Epoch 018 | Step 540 | lr=5.449674e-05 | loss=4.752539
Epoch 018 | Step 550 | lr=5.449674e-05 | loss=4.752573
Epoch 018 | Step 560 | lr=5.449674e-05 | loss=4.752540
Epoch 018 | Step 570 | lr=5.449674e-05 | loss=4.752538
Epoch 018 | Step 580 | lr=5.449674e-05 | loss=4.752516
Epoch 018 | Step 590 | lr=5.449674e-05 | loss=4.752598
Epoch 018 | Step 600 | lr=5.449674e-05 | loss=4.752612
Epoch 018 | Step 610 | lr=5.449674e-05 | loss=4.752585
Epoch 018 | Step 620 | lr=5.449674e-05 | loss=4.752675
Epoch 018 | Step 630 | lr=5.449674e-05 | loss=4.752557
Epoch 018 | Step 640 | lr=5.449674e-05 | loss=4.752582
Epoch 018 | Step 650 | lr=5.449674e-05 | loss=4.752602
Epoch 018 | Step 660 | lr=5.449674e-05 | loss=4.752563
Epoch 018 | Step 670 | lr=5.449674e-05 | loss=4.752600
Epoch 018 | Step 680 | lr=5.449674e-05 | loss=4.752528
Epoch 018 | Step 690 | lr=5.449674e-05 | loss=4.752658
Epoch 018 | Step 700 | lr=5.449674e-05 | loss=4.752522
Epoch 018 | Step 710 | lr=5.449674e-05 | loss=4.752657
Epoch 018 | Step 720 | lr=5.449674e-05 | loss=4.752569
Epoch 018 | Step 730 | lr=5.449674e-05 | loss=4.752511
Epoch 018 | Step 740 | lr=5.449674e-05 | loss=4.752539
Epoch 018 | Step 750 | lr=5.449674e-05 | loss=4.752648
Epoch 018 | Step 760 | lr=5.449674e-05 | loss=4.752572
Epoch 018 | Step 770 | lr=5.449674e-05 | loss=4.752539
Epoch 018 | Step 780 | lr=5.449674e-05 | loss=4.752528
Epoch 018 | Step 790 | lr=5.449674e-05 | loss=4.752541
Epoch 018 | Step 800 | lr=5.449674e-05 | loss=4.752452
Epoch 018 | Step 810 | lr=5.449674e-05 | loss=4.752576
Epoch 018 | Step 820 | lr=5.449674e-05 | loss=4.752491
Epoch 018 | Step 830 | lr=5.449674e-05 | loss=4.752486
Epoch 018 | Step 840 | lr=5.449674e-05 | loss=4.752648
Epoch 018 | Step 850 | lr=5.449674e-05 | loss=4.752626
Epoch 018 | Step 860 | lr=5.449674e-05 | loss=4.752592
Epoch 018 | Step 870 | lr=5.449674e-05 | loss=4.752548
Epoch 018 | Step 880 | lr=5.449674e-05 | loss=4.752414
Epoch 018 | Step 890 | lr=5.449674e-05 | loss=4.752515
Epoch 018 | Step 900 | lr=5.449674e-05 | loss=4.752504
Epoch 018 | Step 910 | lr=5.449674e-05 | loss=4.752572
Epoch 018 | Step 920 | lr=5.449674e-05 | loss=4.752529
Epoch 018 | Step 930 | lr=5.449674e-05 | loss=4.752676
Epoch 018 | Step 940 | lr=5.449674e-05 | loss=4.752503
Epoch 018 | Step 950 | lr=5.449674e-05 | loss=4.752582
Epoch 018 | Step 960 | lr=5.449674e-05 | loss=4.752612
epoch 018 | train_kld=4.752565 | val_kld=4.752554 | val_mae=0.014779 | val_mse=0.001598 | ord_acc@10=0.3118 | recall@10=0.8184
Epoch 019 | Step 10 | lr=2.447174e-05 | loss=4.752538
Epoch 019 | Step 20 | lr=2.447174e-05 | loss=4.752580
Epoch 019 | Step 30 | lr=2.447174e-05 | loss=4.752600
Epoch 019 | Step 40 | lr=2.447174e-05 | loss=4.752541
Epoch 019 | Step 50 | lr=2.447174e-05 | loss=4.752544
Epoch 019 | Step 60 | lr=2.447174e-05 | loss=4.752635
Epoch 019 | Step 70 | lr=2.447174e-05 | loss=4.752490
Epoch 019 | Step 80 | lr=2.447174e-05 | loss=4.752555
Epoch 019 | Step 90 | lr=2.447174e-05 | loss=4.752518
Epoch 019 | Step 100 | lr=2.447174e-05 | loss=4.752558
Epoch 019 | Step 110 | lr=2.447174e-05 | loss=4.752630
Epoch 019 | Step 120 | lr=2.447174e-05 | loss=4.752496
Epoch 019 | Step 130 | lr=2.447174e-05 | loss=4.752455
Epoch 019 | Step 140 | lr=2.447174e-05 | loss=4.752584
Epoch 019 | Step 150 | lr=2.447174e-05 | loss=4.752407
Epoch 019 | Step 160 | lr=2.447174e-05 | loss=4.752532
Epoch 019 | Step 170 | lr=2.447174e-05 | loss=4.752516
Epoch 019 | Step 180 | lr=2.447174e-05 | loss=4.752592
Epoch 019 | Step 190 | lr=2.447174e-05 | loss=4.752550
Epoch 019 | Step 200 | lr=2.447174e-05 | loss=4.752571
Epoch 019 | Step 210 | lr=2.447174e-05 | loss=4.752558
Epoch 019 | Step 220 | lr=2.447174e-05 | loss=4.752575
Epoch 019 | Step 230 | lr=2.447174e-05 | loss=4.752614
Epoch 019 | Step 240 | lr=2.447174e-05 | loss=4.752455
Epoch 019 | Step 250 | lr=2.447174e-05 | loss=4.752521
Epoch 019 | Step 260 | lr=2.447174e-05 | loss=4.752573
Epoch 019 | Step 270 | lr=2.447174e-05 | loss=4.752625
Epoch 019 | Step 280 | lr=2.447174e-05 | loss=4.752628
Epoch 019 | Step 290 | lr=2.447174e-05 | loss=4.752628
Epoch 019 | Step 300 | lr=2.447174e-05 | loss=4.752591
Epoch 019 | Step 310 | lr=2.447174e-05 | loss=4.752640
Epoch 019 | Step 320 | lr=2.447174e-05 | loss=4.752533
Epoch 019 | Step 330 | lr=2.447174e-05 | loss=4.752510
Epoch 019 | Step 340 | lr=2.447174e-05 | loss=4.752577
Epoch 019 | Step 350 | lr=2.447174e-05 | loss=4.752572
Epoch 019 | Step 360 | lr=2.447174e-05 | loss=4.752676
Epoch 019 | Step 370 | lr=2.447174e-05 | loss=4.752563
Epoch 019 | Step 380 | lr=2.447174e-05 | loss=4.752621
Epoch 019 | Step 390 | lr=2.447174e-05 | loss=4.752574
Epoch 019 | Step 400 | lr=2.447174e-05 | loss=4.752508
Epoch 019 | Step 410 | lr=2.447174e-05 | loss=4.752578
Epoch 019 | Step 420 | lr=2.447174e-05 | loss=4.752589
Epoch 019 | Step 430 | lr=2.447174e-05 | loss=4.752620
Epoch 019 | Step 440 | lr=2.447174e-05 | loss=4.752591
Epoch 019 | Step 450 | lr=2.447174e-05 | loss=4.752636
Epoch 019 | Step 460 | lr=2.447174e-05 | loss=4.752611
Epoch 019 | Step 470 | lr=2.447174e-05 | loss=4.752525
Epoch 019 | Step 480 | lr=2.447174e-05 | loss=4.752509
Epoch 019 | Step 490 | lr=2.447174e-05 | loss=4.752493
Epoch 019 | Step 500 | lr=2.447174e-05 | loss=4.752567
Epoch 019 | Step 510 | lr=2.447174e-05 | loss=4.752608
Epoch 019 | Step 520 | lr=2.447174e-05 | loss=4.752449
Epoch 019 | Step 530 | lr=2.447174e-05 | loss=4.752551
Epoch 019 | Step 540 | lr=2.447174e-05 | loss=4.752538
Epoch 019 | Step 550 | lr=2.447174e-05 | loss=4.752604
Epoch 019 | Step 560 | lr=2.447174e-05 | loss=4.752532
Epoch 019 | Step 570 | lr=2.447174e-05 | loss=4.752656
Epoch 019 | Step 580 | lr=2.447174e-05 | loss=4.752579
Epoch 019 | Step 590 | lr=2.447174e-05 | loss=4.752628
Epoch 019 | Step 600 | lr=2.447174e-05 | loss=4.752626
Epoch 019 | Step 610 | lr=2.447174e-05 | loss=4.752606
Epoch 019 | Step 620 | lr=2.447174e-05 | loss=4.752553
Epoch 019 | Step 630 | lr=2.447174e-05 | loss=4.752573
Epoch 019 | Step 640 | lr=2.447174e-05 | loss=4.752627
Epoch 019 | Step 650 | lr=2.447174e-05 | loss=4.752500
Epoch 019 | Step 660 | lr=2.447174e-05 | loss=4.752592
Epoch 019 | Step 670 | lr=2.447174e-05 | loss=4.752596
Epoch 019 | Step 680 | lr=2.447174e-05 | loss=4.752557
Epoch 019 | Step 690 | lr=2.447174e-05 | loss=4.752600
Epoch 019 | Step 700 | lr=2.447174e-05 | loss=4.752585
Epoch 019 | Step 710 | lr=2.447174e-05 | loss=4.752575
Epoch 019 | Step 720 | lr=2.447174e-05 | loss=4.752457
Epoch 019 | Step 730 | lr=2.447174e-05 | loss=4.752579
Epoch 019 | Step 740 | lr=2.447174e-05 | loss=4.752585
Epoch 019 | Step 750 | lr=2.447174e-05 | loss=4.752584
Epoch 019 | Step 760 | lr=2.447174e-05 | loss=4.752623
Epoch 019 | Step 770 | lr=2.447174e-05 | loss=4.752516
Epoch 019 | Step 780 | lr=2.447174e-05 | loss=4.752579
Epoch 019 | Step 790 | lr=2.447174e-05 | loss=4.752667
Epoch 019 | Step 800 | lr=2.447174e-05 | loss=4.752528
Epoch 019 | Step 810 | lr=2.447174e-05 | loss=4.752567
Epoch 019 | Step 820 | lr=2.447174e-05 | loss=4.752511
Epoch 019 | Step 830 | lr=2.447174e-05 | loss=4.752524
Epoch 019 | Step 840 | lr=2.447174e-05 | loss=4.752528
Epoch 019 | Step 850 | lr=2.447174e-05 | loss=4.752566
Epoch 019 | Step 860 | lr=2.447174e-05 | loss=4.752587
Epoch 019 | Step 870 | lr=2.447174e-05 | loss=4.752645
Epoch 019 | Step 880 | lr=2.447174e-05 | loss=4.752599
Epoch 019 | Step 890 | lr=2.447174e-05 | loss=4.752432
Epoch 019 | Step 900 | lr=2.447174e-05 | loss=4.752519
Epoch 019 | Step 910 | lr=2.447174e-05 | loss=4.752603
Epoch 019 | Step 920 | lr=2.447174e-05 | loss=4.752531
Epoch 019 | Step 930 | lr=2.447174e-05 | loss=4.752619
Epoch 019 | Step 940 | lr=2.447174e-05 | loss=4.752502
Epoch 019 | Step 950 | lr=2.447174e-05 | loss=4.752644
Epoch 019 | Step 960 | lr=2.447174e-05 | loss=4.752654
epoch 019 | train_kld=4.752564 | val_kld=4.752554 | val_mae=0.014776 | val_mse=0.001598 | ord_acc@10=0.3131 | recall@10=0.8203
Epoch 020 | Step 10 | lr=6.155830e-06 | loss=4.752580
Epoch 020 | Step 20 | lr=6.155830e-06 | loss=4.752612
Epoch 020 | Step 30 | lr=6.155830e-06 | loss=4.752645
Epoch 020 | Step 40 | lr=6.155830e-06 | loss=4.752461
Epoch 020 | Step 50 | lr=6.155830e-06 | loss=4.752535
Epoch 020 | Step 60 | lr=6.155830e-06 | loss=4.752495
Epoch 020 | Step 70 | lr=6.155830e-06 | loss=4.752570
Epoch 020 | Step 80 | lr=6.155830e-06 | loss=4.752548
Epoch 020 | Step 90 | lr=6.155830e-06 | loss=4.752529
Epoch 020 | Step 100 | lr=6.155830e-06 | loss=4.752606
Epoch 020 | Step 110 | lr=6.155830e-06 | loss=4.752594
Epoch 020 | Step 120 | lr=6.155830e-06 | loss=4.752498
Epoch 020 | Step 130 | lr=6.155830e-06 | loss=4.752612
Epoch 020 | Step 140 | lr=6.155830e-06 | loss=4.752433
Epoch 020 | Step 150 | lr=6.155830e-06 | loss=4.752503
Epoch 020 | Step 160 | lr=6.155830e-06 | loss=4.752567
Epoch 020 | Step 170 | lr=6.155830e-06 | loss=4.752582
Epoch 020 | Step 180 | lr=6.155830e-06 | loss=4.752640
Epoch 020 | Step 190 | lr=6.155830e-06 | loss=4.752547
Epoch 020 | Step 200 | lr=6.155830e-06 | loss=4.752495
Epoch 020 | Step 210 | lr=6.155830e-06 | loss=4.752542
Epoch 020 | Step 220 | lr=6.155830e-06 | loss=4.752543
Epoch 020 | Step 230 | lr=6.155830e-06 | loss=4.752462
Epoch 020 | Step 240 | lr=6.155830e-06 | loss=4.752557
Epoch 020 | Step 250 | lr=6.155830e-06 | loss=4.752511
Epoch 020 | Step 260 | lr=6.155830e-06 | loss=4.752538
Epoch 020 | Step 270 | lr=6.155830e-06 | loss=4.752600
Epoch 020 | Step 280 | lr=6.155830e-06 | loss=4.752510
Epoch 020 | Step 290 | lr=6.155830e-06 | loss=4.752558
Epoch 020 | Step 300 | lr=6.155830e-06 | loss=4.752512
Epoch 020 | Step 310 | lr=6.155830e-06 | loss=4.752545
Epoch 020 | Step 320 | lr=6.155830e-06 | loss=4.752542
Epoch 020 | Step 330 | lr=6.155830e-06 | loss=4.752614
Epoch 020 | Step 340 | lr=6.155830e-06 | loss=4.752609
Epoch 020 | Step 350 | lr=6.155830e-06 | loss=4.752610
Epoch 020 | Step 360 | lr=6.155830e-06 | loss=4.752534
Epoch 020 | Step 370 | lr=6.155830e-06 | loss=4.752607
Epoch 020 | Step 380 | lr=6.155830e-06 | loss=4.752613
Epoch 020 | Step 390 | lr=6.155830e-06 | loss=4.752512
Epoch 020 | Step 400 | lr=6.155830e-06 | loss=4.752575
Epoch 020 | Step 410 | lr=6.155830e-06 | loss=4.752555
Epoch 020 | Step 420 | lr=6.155830e-06 | loss=4.752584
Epoch 020 | Step 430 | lr=6.155830e-06 | loss=4.752469
Epoch 020 | Step 440 | lr=6.155830e-06 | loss=4.752604
Epoch 020 | Step 450 | lr=6.155830e-06 | loss=4.752544
Epoch 020 | Step 460 | lr=6.155830e-06 | loss=4.752605
Epoch 020 | Step 470 | lr=6.155830e-06 | loss=4.752600
Epoch 020 | Step 480 | lr=6.155830e-06 | loss=4.752557
Epoch 020 | Step 490 | lr=6.155830e-06 | loss=4.752440
Epoch 020 | Step 500 | lr=6.155830e-06 | loss=4.752592
Epoch 020 | Step 510 | lr=6.155830e-06 | loss=4.752501
Epoch 020 | Step 520 | lr=6.155830e-06 | loss=4.752494
Epoch 020 | Step 530 | lr=6.155830e-06 | loss=4.752487
Epoch 020 | Step 540 | lr=6.155830e-06 | loss=4.752602
Epoch 020 | Step 550 | lr=6.155830e-06 | loss=4.752553
Epoch 020 | Step 560 | lr=6.155830e-06 | loss=4.752563
Epoch 020 | Step 570 | lr=6.155830e-06 | loss=4.752586
Epoch 020 | Step 580 | lr=6.155830e-06 | loss=4.752574
Epoch 020 | Step 590 | lr=6.155830e-06 | loss=4.752544
Epoch 020 | Step 600 | lr=6.155830e-06 | loss=4.752603
Epoch 020 | Step 610 | lr=6.155830e-06 | loss=4.752556
Epoch 020 | Step 620 | lr=6.155830e-06 | loss=4.752565
Epoch 020 | Step 630 | lr=6.155830e-06 | loss=4.752635
Epoch 020 | Step 640 | lr=6.155830e-06 | loss=4.752604
Epoch 020 | Step 650 | lr=6.155830e-06 | loss=4.752547
Epoch 020 | Step 660 | lr=6.155830e-06 | loss=4.752604
Epoch 020 | Step 670 | lr=6.155830e-06 | loss=4.752472
Epoch 020 | Step 680 | lr=6.155830e-06 | loss=4.752512
Epoch 020 | Step 690 | lr=6.155830e-06 | loss=4.752578
Epoch 020 | Step 700 | lr=6.155830e-06 | loss=4.752634
Epoch 020 | Step 710 | lr=6.155830e-06 | loss=4.752502
Epoch 020 | Step 720 | lr=6.155830e-06 | loss=4.752620
Epoch 020 | Step 730 | lr=6.155830e-06 | loss=4.752545
Epoch 020 | Step 740 | lr=6.155830e-06 | loss=4.752595
Epoch 020 | Step 750 | lr=6.155830e-06 | loss=4.752516
Epoch 020 | Step 760 | lr=6.155830e-06 | loss=4.752642
Epoch 020 | Step 770 | lr=6.155830e-06 | loss=4.752562
Epoch 020 | Step 780 | lr=6.155830e-06 | loss=4.752609
Epoch 020 | Step 790 | lr=6.155830e-06 | loss=4.752537
Epoch 020 | Step 800 | lr=6.155830e-06 | loss=4.752584
Epoch 020 | Step 810 | lr=6.155830e-06 | loss=4.752648
Epoch 020 | Step 820 | lr=6.155830e-06 | loss=4.752521
Epoch 020 | Step 830 | lr=6.155830e-06 | loss=4.752482
Epoch 020 | Step 840 | lr=6.155830e-06 | loss=4.752548
Epoch 020 | Step 850 | lr=6.155830e-06 | loss=4.752658
Epoch 020 | Step 860 | lr=6.155830e-06 | loss=4.752535
Epoch 020 | Step 870 | lr=6.155830e-06 | loss=4.752642
Epoch 020 | Step 880 | lr=6.155830e-06 | loss=4.752623
Epoch 020 | Step 890 | lr=6.155830e-06 | loss=4.752470
Epoch 020 | Step 900 | lr=6.155830e-06 | loss=4.752560
Epoch 020 | Step 910 | lr=6.155830e-06 | loss=4.752573
Epoch 020 | Step 920 | lr=6.155830e-06 | loss=4.752575
Epoch 020 | Step 930 | lr=6.155830e-06 | loss=4.752521
Epoch 020 | Step 940 | lr=6.155830e-06 | loss=4.752469
Epoch 020 | Step 950 | lr=6.155830e-06 | loss=4.752643
Epoch 020 | Step 960 | lr=6.155830e-06 | loss=4.752604
/mnt/hdd/xln/PycharmProjects/PredictLeafNode/src/model/cluster_dist_transformer_original.py:844: FutureWarning: You are using `torch.load` with `weights_only=False` (the current default value), which uses the default pickle module implicitly. It is possible to construct malicious pickle data which will execute arbitrary code during unpickling (See https://github.com/pytorch/pytorch/blob/main/SECURITY.md#untrusted-models for more details). In a future release, the default value for `weights_only` will be flipped to `True`. This limits the functions that could be executed during unpickling. Arbitrary objects will no longer be allowed to be loaded via this mode unless they are explicitly allowlisted by the user via `torch.serialization.add_safe_globals`. We recommend you start setting `weights_only=True` for any use case where you don't have full control of the loaded file. Please open an issue on GitHub for any issues related to this experimental feature.
  ckpt = torch.load(best_path, map_location=device)
epoch 020 | train_kld=4.752563 | val_kld=4.752553 | val_mae=0.014776 | val_mse=0.001598 | ord_acc@10=0.3134 | recall@10=0.8190
Saved epoch 1 batch metrics plot to input/Training_data/gist1M_learn/leafsize20K/E_model_d256_L4_H8_ff512_topk10_bs512_ep20_lr0.001_wd0.01_bilinear_normalizeTrue_posTrue_gatingTrue_loss_typelistnet_use_type_embedTrue/model_d256_L4_H8_ff512_topk10_bs512_ep20_lr0.001_wd0.01_bilinear_normalizeTrue_posTrue_gatingTrue_loss_typelistnet_use_type_embedTrue_epoch1_batch_metrics@10.png
Saved epoch metrics plot to input/Training_data/gist1M_learn/leafsize20K/E_model_d256_L4_H8_ff512_topk10_bs512_ep20_lr0.001_wd0.01_bilinear_normalizeTrue_posTrue_gatingTrue_loss_typelistnet_use_type_embedTrue/model_d256_L4_H8_ff512_topk10_bs512_ep20_lr0.001_wd0.01_bilinear_normalizeTrue_posTrue_gatingTrue_loss_typelistnet_use_type_embedTrue_epoch_metrics.png
best val_kld: 4.752553 at epoch 20
Loaded checkpoint from input/Training_data/gist1M_learn/leafsize20K/E_model_d256_L4_H8_ff512_topk10_bs512_ep20_lr0.001_wd0.01_bilinear_normalizeTrue_posTrue_gatingTrue_loss_typelistnet_use_type_embedTrue/model_d256_L4_H8_ff512_topk10_bs512_ep20_lr0.001_wd0.01_bilinear_normalizeTrue_posTrue_gatingTrue_loss_typelistnet_use_type_embedTrue.pt (epoch=20)
[TEST] kld=4.752618 | mae=0.014673 | mse=0.001503 | ord_acc@10=0.3011 | recall@10=0.8195
Saving model predictions to file...
Saved predictions -> input/Training_data/gist1M_learn/leafsize20K/E_model_d256_L4_H8_ff512_topk10_bs512_ep20_lr0.001_wd0.01_bilinear_normalizeTrue_posTrue_gatingTrue_loss_typelistnet_use_type_embedTrue/model_d256_L4_H8_ff512_topk10_bs512_ep20_lr0.001_wd0.01_bilinear_normalizeTrue_posTrue_gatingTrue_loss_typelistnet_use_type_embedTrue_pred.txt
