/home/xln/miniconda3/envs/elpis_torch/lib/python3.12/site-packages/torch/nn/modules/transformer.py:379: UserWarning: enable_nested_tensor is True, but self.use_nested_tensor is False because encoder_layer.norm_first was True
  warnings.warn(
Detected K=116, D=960
Using experiment ID: E
Epoch 001 | Batch 10 | val_kld=0.001525 | val_ordacc@10=0.039612 | val_recall@10=0.382809
Epoch 001 | Step 10 | lr=1.000000e-03 | loss=0.001525
Epoch 001 | Batch 20 | val_kld=0.001264 | val_ordacc@10=0.067064 | val_recall@10=0.488849
Epoch 001 | Step 20 | lr=1.000000e-03 | loss=0.001224
Epoch 001 | Batch 30 | val_kld=0.000856 | val_ordacc@10=0.112930 | val_recall@10=0.599285
Epoch 001 | Step 30 | lr=1.000000e-03 | loss=0.000882
Epoch 001 | Batch 40 | val_kld=0.000736 | val_ordacc@10=0.127608 | val_recall@10=0.644003
Epoch 001 | Step 40 | lr=1.000000e-03 | loss=0.000721
Epoch 001 | Batch 50 | val_kld=0.000616 | val_ordacc@10=0.148053 | val_recall@10=0.664915
Epoch 001 | Step 50 | lr=1.000000e-03 | loss=0.000684
Epoch 001 | Batch 60 | val_kld=0.000509 | val_ordacc@10=0.173774 | val_recall@10=0.706541
Epoch 001 | Step 60 | lr=1.000000e-03 | loss=0.000590
Epoch 001 | Batch 70 | val_kld=0.000463 | val_ordacc@10=0.180829 | val_recall@10=0.716462
Epoch 001 | Step 70 | lr=1.000000e-03 | loss=0.000547
Epoch 001 | Batch 80 | val_kld=0.000439 | val_ordacc@10=0.180811 | val_recall@10=0.720318
Epoch 001 | Step 80 | lr=1.000000e-03 | loss=0.000497
Epoch 001 | Batch 90 | val_kld=0.000405 | val_ordacc@10=0.196225 | val_recall@10=0.734536
Epoch 001 | Step 90 | lr=1.000000e-03 | loss=0.000461
Epoch 001 | Batch 100 | val_kld=0.000380 | val_ordacc@10=0.204233 | val_recall@10=0.741936
Epoch 001 | Step 100 | lr=1.000000e-03 | loss=0.000383
Epoch 001 | Batch 110 | val_kld=0.000346 | val_ordacc@10=0.215383 | val_recall@10=0.746986
Epoch 001 | Step 110 | lr=1.000000e-03 | loss=0.000377
Epoch 001 | Batch 120 | val_kld=0.000367 | val_ordacc@10=0.201188 | val_recall@10=0.747121
Epoch 001 | Step 120 | lr=1.000000e-03 | loss=0.000328
Epoch 001 | Batch 130 | val_kld=0.000349 | val_ordacc@10=0.205949 | val_recall@10=0.750745
Epoch 001 | Step 130 | lr=1.000000e-03 | loss=0.000405
Epoch 001 | Batch 140 | val_kld=0.000305 | val_ordacc@10=0.221075 | val_recall@10=0.754427
Epoch 001 | Step 140 | lr=1.000000e-03 | loss=0.000362
Epoch 001 | Batch 150 | val_kld=0.000330 | val_ordacc@10=0.211512 | val_recall@10=0.752582
Epoch 001 | Step 150 | lr=1.000000e-03 | loss=0.000328
Epoch 001 | Batch 160 | val_kld=0.000301 | val_ordacc@10=0.221883 | val_recall@10=0.763054
Epoch 001 | Step 160 | lr=1.000000e-03 | loss=0.000317
Epoch 001 | Batch 170 | val_kld=0.000300 | val_ordacc@10=0.228108 | val_recall@10=0.757614
Epoch 001 | Step 170 | lr=1.000000e-03 | loss=0.000364
Epoch 001 | Batch 180 | val_kld=0.000331 | val_ordacc@10=0.208034 | val_recall@10=0.746980
Epoch 001 | Step 180 | lr=1.000000e-03 | loss=0.000365
Epoch 001 | Batch 190 | val_kld=0.000293 | val_ordacc@10=0.221041 | val_recall@10=0.764234
Epoch 001 | Step 190 | lr=1.000000e-03 | loss=0.000288
Epoch 001 | Batch 200 | val_kld=0.000264 | val_ordacc@10=0.230425 | val_recall@10=0.764419
Epoch 001 | Step 200 | lr=1.000000e-03 | loss=0.000302
Epoch 001 | Batch 210 | val_kld=0.000267 | val_ordacc@10=0.234524 | val_recall@10=0.771684
Epoch 001 | Step 210 | lr=1.000000e-03 | loss=0.000238
Epoch 001 | Batch 220 | val_kld=0.000250 | val_ordacc@10=0.234539 | val_recall@10=0.766228
Epoch 001 | Step 220 | lr=1.000000e-03 | loss=0.000279
Epoch 001 | Batch 230 | val_kld=0.000261 | val_ordacc@10=0.231516 | val_recall@10=0.765971
Epoch 001 | Step 230 | lr=1.000000e-03 | loss=0.000291
Epoch 001 | Batch 240 | val_kld=0.000288 | val_ordacc@10=0.216589 | val_recall@10=0.754900
Epoch 001 | Step 240 | lr=1.000000e-03 | loss=0.000301
Epoch 001 | Batch 250 | val_kld=0.000286 | val_ordacc@10=0.226044 | val_recall@10=0.775912
Epoch 001 | Step 250 | lr=1.000000e-03 | loss=0.000300
Epoch 001 | Batch 260 | val_kld=0.000263 | val_ordacc@10=0.233529 | val_recall@10=0.779497
Epoch 001 | Step 260 | lr=1.000000e-03 | loss=0.000317
Epoch 001 | Batch 270 | val_kld=0.000264 | val_ordacc@10=0.235470 | val_recall@10=0.775277
Epoch 001 | Step 270 | lr=1.000000e-03 | loss=0.000277
Epoch 001 | Batch 280 | val_kld=0.000254 | val_ordacc@10=0.235216 | val_recall@10=0.777873
Epoch 001 | Step 280 | lr=1.000000e-03 | loss=0.000259
Epoch 001 | Batch 290 | val_kld=0.000227 | val_ordacc@10=0.242944 | val_recall@10=0.778334
Epoch 001 | Step 290 | lr=1.000000e-03 | loss=0.000230
Epoch 001 | Batch 300 | val_kld=0.000230 | val_ordacc@10=0.243512 | val_recall@10=0.784531
Epoch 001 | Step 300 | lr=1.000000e-03 | loss=0.000223
Epoch 001 | Batch 310 | val_kld=0.000221 | val_ordacc@10=0.242885 | val_recall@10=0.777511
Epoch 001 | Step 310 | lr=1.000000e-03 | loss=0.000268
Epoch 001 | Batch 320 | val_kld=0.000232 | val_ordacc@10=0.237001 | val_recall@10=0.782957
Epoch 001 | Step 320 | lr=1.000000e-03 | loss=0.000224
Epoch 001 | Batch 330 | val_kld=0.000220 | val_ordacc@10=0.242439 | val_recall@10=0.776092
Epoch 001 | Step 330 | lr=1.000000e-03 | loss=0.000266
Epoch 001 | Batch 340 | val_kld=0.000229 | val_ordacc@10=0.242499 | val_recall@10=0.784886
Epoch 001 | Step 340 | lr=1.000000e-03 | loss=0.000238
Epoch 001 | Batch 350 | val_kld=0.000208 | val_ordacc@10=0.243824 | val_recall@10=0.786399
Epoch 001 | Step 350 | lr=1.000000e-03 | loss=0.000236
Epoch 001 | Batch 360 | val_kld=0.000220 | val_ordacc@10=0.242050 | val_recall@10=0.777003
Epoch 001 | Step 360 | lr=1.000000e-03 | loss=0.000211
Epoch 001 | Batch 370 | val_kld=0.000213 | val_ordacc@10=0.248857 | val_recall@10=0.790043
Epoch 001 | Step 370 | lr=1.000000e-03 | loss=0.000252
Epoch 001 | Batch 380 | val_kld=0.000202 | val_ordacc@10=0.249955 | val_recall@10=0.788018
Epoch 001 | Step 380 | lr=1.000000e-03 | loss=0.000212
Epoch 001 | Batch 390 | val_kld=0.000207 | val_ordacc@10=0.247816 | val_recall@10=0.782892
Epoch 001 | Step 390 | lr=1.000000e-03 | loss=0.000236
Epoch 001 | Batch 400 | val_kld=0.000209 | val_ordacc@10=0.244381 | val_recall@10=0.788531
Epoch 001 | Step 400 | lr=1.000000e-03 | loss=0.000239
Epoch 001 | Batch 410 | val_kld=0.000199 | val_ordacc@10=0.247207 | val_recall@10=0.786976
Epoch 001 | Step 410 | lr=1.000000e-03 | loss=0.000203
Epoch 001 | Batch 420 | val_kld=0.000201 | val_ordacc@10=0.244302 | val_recall@10=0.777196
Epoch 001 | Step 420 | lr=1.000000e-03 | loss=0.000192
Epoch 001 | Batch 430 | val_kld=0.000195 | val_ordacc@10=0.250467 | val_recall@10=0.785698
Epoch 001 | Step 430 | lr=1.000000e-03 | loss=0.000217
Epoch 001 | Batch 440 | val_kld=0.000196 | val_ordacc@10=0.257779 | val_recall@10=0.790986
Epoch 001 | Step 440 | lr=1.000000e-03 | loss=0.000205
Epoch 001 | Batch 450 | val_kld=0.000197 | val_ordacc@10=0.253760 | val_recall@10=0.791417
Epoch 001 | Step 450 | lr=1.000000e-03 | loss=0.000221
Epoch 001 | Batch 460 | val_kld=0.000213 | val_ordacc@10=0.242061 | val_recall@10=0.782500
Epoch 001 | Step 460 | lr=1.000000e-03 | loss=0.000224
Epoch 001 | Batch 470 | val_kld=0.000191 | val_ordacc@10=0.253433 | val_recall@10=0.789353
Epoch 001 | Step 470 | lr=1.000000e-03 | loss=0.000235
Epoch 001 | Batch 480 | val_kld=0.000184 | val_ordacc@10=0.257997 | val_recall@10=0.789991
Epoch 001 | Step 480 | lr=1.000000e-03 | loss=0.000200
Epoch 001 | Batch 490 | val_kld=0.000192 | val_ordacc@10=0.252223 | val_recall@10=0.789260
Epoch 001 | Step 490 | lr=1.000000e-03 | loss=0.000214
Epoch 001 | Batch 500 | val_kld=0.000182 | val_ordacc@10=0.256596 | val_recall@10=0.789506
Epoch 001 | Step 500 | lr=1.000000e-03 | loss=0.000226
Epoch 001 | Batch 510 | val_kld=0.000177 | val_ordacc@10=0.261771 | val_recall@10=0.792847
Epoch 001 | Step 510 | lr=1.000000e-03 | loss=0.000185
Epoch 001 | Batch 520 | val_kld=0.000196 | val_ordacc@10=0.250147 | val_recall@10=0.788740
Epoch 001 | Step 520 | lr=1.000000e-03 | loss=0.000216
Epoch 001 | Batch 530 | val_kld=0.000196 | val_ordacc@10=0.253952 | val_recall@10=0.797166
Epoch 001 | Step 530 | lr=1.000000e-03 | loss=0.000219
Epoch 001 | Batch 540 | val_kld=0.000196 | val_ordacc@10=0.247009 | val_recall@10=0.787164
Epoch 001 | Step 540 | lr=1.000000e-03 | loss=0.000204
Epoch 001 | Batch 550 | val_kld=0.000181 | val_ordacc@10=0.257916 | val_recall@10=0.790914
Epoch 001 | Step 550 | lr=1.000000e-03 | loss=0.000215
Epoch 001 | Batch 560 | val_kld=0.000189 | val_ordacc@10=0.260692 | val_recall@10=0.792685
Epoch 001 | Step 560 | lr=1.000000e-03 | loss=0.000183
Epoch 001 | Batch 570 | val_kld=0.000183 | val_ordacc@10=0.254859 | val_recall@10=0.792369
Epoch 001 | Step 570 | lr=1.000000e-03 | loss=0.000189
Epoch 001 | Batch 580 | val_kld=0.000177 | val_ordacc@10=0.259955 | val_recall@10=0.788407
Epoch 001 | Step 580 | lr=1.000000e-03 | loss=0.000179
Epoch 001 | Batch 590 | val_kld=0.000180 | val_ordacc@10=0.258353 | val_recall@10=0.788774
Epoch 001 | Step 590 | lr=1.000000e-03 | loss=0.000191
Epoch 001 | Batch 600 | val_kld=0.000165 | val_ordacc@10=0.263637 | val_recall@10=0.792053
Epoch 001 | Step 600 | lr=1.000000e-03 | loss=0.000202
Epoch 001 | Batch 610 | val_kld=0.000183 | val_ordacc@10=0.259716 | val_recall@10=0.790597
Epoch 001 | Step 610 | lr=1.000000e-03 | loss=0.000218
Epoch 001 | Batch 620 | val_kld=0.000173 | val_ordacc@10=0.262868 | val_recall@10=0.792775
Epoch 001 | Step 620 | lr=1.000000e-03 | loss=0.000190
Epoch 001 | Batch 630 | val_kld=0.000171 | val_ordacc@10=0.263156 | val_recall@10=0.795271
Epoch 001 | Step 630 | lr=1.000000e-03 | loss=0.000196
Epoch 001 | Batch 640 | val_kld=0.000182 | val_ordacc@10=0.260465 | val_recall@10=0.794578
Epoch 001 | Step 640 | lr=1.000000e-03 | loss=0.000186
Epoch 001 | Batch 650 | val_kld=0.000187 | val_ordacc@10=0.258291 | val_recall@10=0.794420
Epoch 001 | Step 650 | lr=1.000000e-03 | loss=0.000205
Epoch 001 | Batch 660 | val_kld=0.000196 | val_ordacc@10=0.256826 | val_recall@10=0.786251
Epoch 001 | Step 660 | lr=1.000000e-03 | loss=0.000195
Epoch 001 | Batch 670 | val_kld=0.000167 | val_ordacc@10=0.263748 | val_recall@10=0.798156
Epoch 001 | Step 670 | lr=1.000000e-03 | loss=0.000185
Epoch 001 | Batch 680 | val_kld=0.000178 | val_ordacc@10=0.253463 | val_recall@10=0.786188
Epoch 001 | Step 680 | lr=1.000000e-03 | loss=0.000181
Epoch 001 | Batch 690 | val_kld=0.000168 | val_ordacc@10=0.265186 | val_recall@10=0.797138
Epoch 001 | Step 690 | lr=1.000000e-03 | loss=0.000195
Epoch 001 | Batch 700 | val_kld=0.000168 | val_ordacc@10=0.266675 | val_recall@10=0.797824
Epoch 001 | Step 700 | lr=1.000000e-03 | loss=0.000178
Epoch 001 | Batch 710 | val_kld=0.000173 | val_ordacc@10=0.255529 | val_recall@10=0.795709
Epoch 001 | Step 710 | lr=1.000000e-03 | loss=0.000170
Epoch 001 | Batch 720 | val_kld=0.000165 | val_ordacc@10=0.262617 | val_recall@10=0.794865
Epoch 001 | Step 720 | lr=1.000000e-03 | loss=0.000188
Epoch 001 | Batch 730 | val_kld=0.000180 | val_ordacc@10=0.254585 | val_recall@10=0.791893
Epoch 001 | Step 730 | lr=1.000000e-03 | loss=0.000189
Epoch 001 | Batch 740 | val_kld=0.000183 | val_ordacc@10=0.245363 | val_recall@10=0.791944
Epoch 001 | Step 740 | lr=1.000000e-03 | loss=0.000164
Epoch 001 | Batch 750 | val_kld=0.000167 | val_ordacc@10=0.258424 | val_recall@10=0.798124
Epoch 001 | Step 750 | lr=1.000000e-03 | loss=0.000161
Epoch 001 | Batch 760 | val_kld=0.000170 | val_ordacc@10=0.261192 | val_recall@10=0.800596
Epoch 001 | Step 760 | lr=1.000000e-03 | loss=0.000170
Epoch 001 | Batch 770 | val_kld=0.000179 | val_ordacc@10=0.259907 | val_recall@10=0.800342
Epoch 001 | Step 770 | lr=1.000000e-03 | loss=0.000180
Epoch 001 | Batch 780 | val_kld=0.000184 | val_ordacc@10=0.254305 | val_recall@10=0.792099
Epoch 001 | Step 780 | lr=1.000000e-03 | loss=0.000223
Epoch 001 | Batch 790 | val_kld=0.000184 | val_ordacc@10=0.248761 | val_recall@10=0.797771
Epoch 001 | Step 790 | lr=1.000000e-03 | loss=0.000186
Epoch 001 | Batch 800 | val_kld=0.000164 | val_ordacc@10=0.265763 | val_recall@10=0.801358
Epoch 001 | Step 800 | lr=1.000000e-03 | loss=0.000185
Epoch 001 | Batch 810 | val_kld=0.000180 | val_ordacc@10=0.253691 | val_recall@10=0.789828
Epoch 001 | Step 810 | lr=1.000000e-03 | loss=0.000159
Epoch 001 | Batch 820 | val_kld=0.000162 | val_ordacc@10=0.260043 | val_recall@10=0.797243
Epoch 001 | Step 820 | lr=1.000000e-03 | loss=0.000199
Epoch 001 | Batch 830 | val_kld=0.000164 | val_ordacc@10=0.262418 | val_recall@10=0.798613
Epoch 001 | Step 830 | lr=1.000000e-03 | loss=0.000181
Epoch 001 | Batch 840 | val_kld=0.000171 | val_ordacc@10=0.261663 | val_recall@10=0.801027
Epoch 001 | Step 840 | lr=1.000000e-03 | loss=0.000186
Epoch 001 | Batch 850 | val_kld=0.000162 | val_ordacc@10=0.262233 | val_recall@10=0.795341
Epoch 001 | Step 850 | lr=1.000000e-03 | loss=0.000175
Epoch 001 | Batch 860 | val_kld=0.000166 | val_ordacc@10=0.263636 | val_recall@10=0.795494
Epoch 001 | Step 860 | lr=1.000000e-03 | loss=0.000187
Epoch 001 | Batch 870 | val_kld=0.000161 | val_ordacc@10=0.263971 | val_recall@10=0.790186
Epoch 001 | Step 870 | lr=1.000000e-03 | loss=0.000176
Epoch 001 | Batch 880 | val_kld=0.000153 | val_ordacc@10=0.270540 | val_recall@10=0.802173
Epoch 001 | Step 880 | lr=1.000000e-03 | loss=0.000167
Epoch 001 | Batch 890 | val_kld=0.000160 | val_ordacc@10=0.265220 | val_recall@10=0.797966
Epoch 001 | Step 890 | lr=1.000000e-03 | loss=0.000182
Epoch 001 | Batch 900 | val_kld=0.000153 | val_ordacc@10=0.265833 | val_recall@10=0.798482
Epoch 001 | Step 900 | lr=1.000000e-03 | loss=0.000160
Epoch 001 | Batch 910 | val_kld=0.000161 | val_ordacc@10=0.267509 | val_recall@10=0.797679
Epoch 001 | Step 910 | lr=1.000000e-03 | loss=0.000178
Epoch 001 | Batch 920 | val_kld=0.000153 | val_ordacc@10=0.269398 | val_recall@10=0.803430
Epoch 001 | Step 920 | lr=1.000000e-03 | loss=0.000153
Epoch 001 | Batch 930 | val_kld=0.000151 | val_ordacc@10=0.272160 | val_recall@10=0.799248
Epoch 001 | Step 930 | lr=1.000000e-03 | loss=0.000156
Epoch 001 | Batch 940 | val_kld=0.000144 | val_ordacc@10=0.273586 | val_recall@10=0.802377
Epoch 001 | Step 940 | lr=1.000000e-03 | loss=0.000161
Epoch 001 | Batch 950 | val_kld=0.000157 | val_ordacc@10=0.273909 | val_recall@10=0.796710
Epoch 001 | Step 950 | lr=1.000000e-03 | loss=0.000157
Epoch 001 | Batch 960 | val_kld=0.000173 | val_ordacc@10=0.259949 | val_recall@10=0.794178
Epoch 001 | Step 960 | lr=1.000000e-03 | loss=0.000185
epoch 001 | train_kld=0.000286 | val_kld=0.000168 | val_mae=0.003598 | val_mse=0.000168 | ord_acc@10=0.2643 | recall@10=0.7978
Epoch 002 | Step 10 | lr=9.938442e-04 | loss=0.000172
Epoch 002 | Step 20 | lr=9.938442e-04 | loss=0.000171
Epoch 002 | Step 30 | lr=9.938442e-04 | loss=0.000163
Epoch 002 | Step 40 | lr=9.938442e-04 | loss=0.000156
Epoch 002 | Step 50 | lr=9.938442e-04 | loss=0.000162
Epoch 002 | Step 60 | lr=9.938442e-04 | loss=0.000173
Epoch 002 | Step 70 | lr=9.938442e-04 | loss=0.000152
Epoch 002 | Step 80 | lr=9.938442e-04 | loss=0.000167
Epoch 002 | Step 90 | lr=9.938442e-04 | loss=0.000164
Epoch 002 | Step 100 | lr=9.938442e-04 | loss=0.000181
Epoch 002 | Step 110 | lr=9.938442e-04 | loss=0.000186
Epoch 002 | Step 120 | lr=9.938442e-04 | loss=0.000149
Epoch 002 | Step 130 | lr=9.938442e-04 | loss=0.000162
Epoch 002 | Step 140 | lr=9.938442e-04 | loss=0.000161
Epoch 002 | Step 150 | lr=9.938442e-04 | loss=0.000153
Epoch 002 | Step 160 | lr=9.938442e-04 | loss=0.000167
Epoch 002 | Step 170 | lr=9.938442e-04 | loss=0.000151
Epoch 002 | Step 180 | lr=9.938442e-04 | loss=0.000146
Epoch 002 | Step 190 | lr=9.938442e-04 | loss=0.000143
Epoch 002 | Step 200 | lr=9.938442e-04 | loss=0.000140
Epoch 002 | Step 210 | lr=9.938442e-04 | loss=0.000153
Epoch 002 | Step 220 | lr=9.938442e-04 | loss=0.000149
Epoch 002 | Step 230 | lr=9.938442e-04 | loss=0.000142
Epoch 002 | Step 240 | lr=9.938442e-04 | loss=0.000137
Epoch 002 | Step 250 | lr=9.938442e-04 | loss=0.000152
Epoch 002 | Step 260 | lr=9.938442e-04 | loss=0.000151
Epoch 002 | Step 270 | lr=9.938442e-04 | loss=0.000144
Epoch 002 | Step 280 | lr=9.938442e-04 | loss=0.000149
Epoch 002 | Step 290 | lr=9.938442e-04 | loss=0.000191
Epoch 002 | Step 300 | lr=9.938442e-04 | loss=0.000143
Epoch 002 | Step 310 | lr=9.938442e-04 | loss=0.000153
Epoch 002 | Step 320 | lr=9.938442e-04 | loss=0.000153
Epoch 002 | Step 330 | lr=9.938442e-04 | loss=0.000151
Epoch 002 | Step 340 | lr=9.938442e-04 | loss=0.000142
Epoch 002 | Step 350 | lr=9.938442e-04 | loss=0.000171
Epoch 002 | Step 360 | lr=9.938442e-04 | loss=0.000146
Epoch 002 | Step 370 | lr=9.938442e-04 | loss=0.000150
Epoch 002 | Step 380 | lr=9.938442e-04 | loss=0.000143
Epoch 002 | Step 390 | lr=9.938442e-04 | loss=0.000148
Epoch 002 | Step 400 | lr=9.938442e-04 | loss=0.000169
Epoch 002 | Step 410 | lr=9.938442e-04 | loss=0.000161
Epoch 002 | Step 420 | lr=9.938442e-04 | loss=0.000170
Epoch 002 | Step 430 | lr=9.938442e-04 | loss=0.000160
Epoch 002 | Step 440 | lr=9.938442e-04 | loss=0.000141
Epoch 002 | Step 450 | lr=9.938442e-04 | loss=0.000148
Epoch 002 | Step 460 | lr=9.938442e-04 | loss=0.000134
Epoch 002 | Step 470 | lr=9.938442e-04 | loss=0.000162
Epoch 002 | Step 480 | lr=9.938442e-04 | loss=0.000170
Epoch 002 | Step 490 | lr=9.938442e-04 | loss=0.000153
Epoch 002 | Step 500 | lr=9.938442e-04 | loss=0.000163
Epoch 002 | Step 510 | lr=9.938442e-04 | loss=0.000140
Epoch 002 | Step 520 | lr=9.938442e-04 | loss=0.000144
Epoch 002 | Step 530 | lr=9.938442e-04 | loss=0.000153
Epoch 002 | Step 540 | lr=9.938442e-04 | loss=0.000149
Epoch 002 | Step 550 | lr=9.938442e-04 | loss=0.000147
Epoch 002 | Step 560 | lr=9.938442e-04 | loss=0.000148
Epoch 002 | Step 570 | lr=9.938442e-04 | loss=0.000140
Epoch 002 | Step 580 | lr=9.938442e-04 | loss=0.000135
Epoch 002 | Step 590 | lr=9.938442e-04 | loss=0.000139
Epoch 002 | Step 600 | lr=9.938442e-04 | loss=0.000145
Epoch 002 | Step 610 | lr=9.938442e-04 | loss=0.000207
Epoch 002 | Step 620 | lr=9.938442e-04 | loss=0.000196
Epoch 002 | Step 630 | lr=9.938442e-04 | loss=0.000202
Epoch 002 | Step 640 | lr=9.938442e-04 | loss=0.000192
Epoch 002 | Step 650 | lr=9.938442e-04 | loss=0.000161
Epoch 002 | Step 660 | lr=9.938442e-04 | loss=0.000133
Epoch 002 | Step 670 | lr=9.938442e-04 | loss=0.000153
Epoch 002 | Step 680 | lr=9.938442e-04 | loss=0.000148
Epoch 002 | Step 690 | lr=9.938442e-04 | loss=0.000147
Epoch 002 | Step 700 | lr=9.938442e-04 | loss=0.000134
Epoch 002 | Step 710 | lr=9.938442e-04 | loss=0.000128
Epoch 002 | Step 720 | lr=9.938442e-04 | loss=0.000146
Epoch 002 | Step 730 | lr=9.938442e-04 | loss=0.000141
Epoch 002 | Step 740 | lr=9.938442e-04 | loss=0.000151
Epoch 002 | Step 750 | lr=9.938442e-04 | loss=0.000137
Epoch 002 | Step 760 | lr=9.938442e-04 | loss=0.000131
Epoch 002 | Step 770 | lr=9.938442e-04 | loss=0.000122
Epoch 002 | Step 780 | lr=9.938442e-04 | loss=0.000135
Epoch 002 | Step 790 | lr=9.938442e-04 | loss=0.000138
Epoch 002 | Step 800 | lr=9.938442e-04 | loss=0.000176
Epoch 002 | Step 810 | lr=9.938442e-04 | loss=0.000141
Epoch 002 | Step 820 | lr=9.938442e-04 | loss=0.000142
Epoch 002 | Step 830 | lr=9.938442e-04 | loss=0.000142
Epoch 002 | Step 840 | lr=9.938442e-04 | loss=0.000153
Epoch 002 | Step 850 | lr=9.938442e-04 | loss=0.000130
Epoch 002 | Step 860 | lr=9.938442e-04 | loss=0.000139
Epoch 002 | Step 870 | lr=9.938442e-04 | loss=0.000133
Epoch 002 | Step 880 | lr=9.938442e-04 | loss=0.000137
Epoch 002 | Step 890 | lr=9.938442e-04 | loss=0.000127
Epoch 002 | Step 900 | lr=9.938442e-04 | loss=0.000133
Epoch 002 | Step 910 | lr=9.938442e-04 | loss=0.000137
Epoch 002 | Step 920 | lr=9.938442e-04 | loss=0.000155
Epoch 002 | Step 930 | lr=9.938442e-04 | loss=0.000142
Epoch 002 | Step 940 | lr=9.938442e-04 | loss=0.000134
Epoch 002 | Step 950 | lr=9.938442e-04 | loss=0.000129
Epoch 002 | Step 960 | lr=9.938442e-04 | loss=0.000144
epoch 002 | train_kld=0.000152 | val_kld=0.000134 | val_mae=0.003224 | val_mse=0.000134 | ord_acc@10=0.2788 | recall@10=0.8142
Epoch 003 | Step 10 | lr=9.755283e-04 | loss=0.000154
Epoch 003 | Step 20 | lr=9.755283e-04 | loss=0.000128
Epoch 003 | Step 30 | lr=9.755283e-04 | loss=0.000141
Epoch 003 | Step 40 | lr=9.755283e-04 | loss=0.000130
Epoch 003 | Step 50 | lr=9.755283e-04 | loss=0.000135
Epoch 003 | Step 60 | lr=9.755283e-04 | loss=0.000133
Epoch 003 | Step 70 | lr=9.755283e-04 | loss=0.000121
Epoch 003 | Step 80 | lr=9.755283e-04 | loss=0.000136
Epoch 003 | Step 90 | lr=9.755283e-04 | loss=0.000129
Epoch 003 | Step 100 | lr=9.755283e-04 | loss=0.000130
Epoch 003 | Step 110 | lr=9.755283e-04 | loss=0.000139
Epoch 003 | Step 120 | lr=9.755283e-04 | loss=0.000127
Epoch 003 | Step 130 | lr=9.755283e-04 | loss=0.000133
Epoch 003 | Step 140 | lr=9.755283e-04 | loss=0.000134
Epoch 003 | Step 150 | lr=9.755283e-04 | loss=0.000148
Epoch 003 | Step 160 | lr=9.755283e-04 | loss=0.000132
Epoch 003 | Step 170 | lr=9.755283e-04 | loss=0.000138
Epoch 003 | Step 180 | lr=9.755283e-04 | loss=0.000142
Epoch 003 | Step 190 | lr=9.755283e-04 | loss=0.000132
Epoch 003 | Step 200 | lr=9.755283e-04 | loss=0.000133
Epoch 003 | Step 210 | lr=9.755283e-04 | loss=0.000143
Epoch 003 | Step 220 | lr=9.755283e-04 | loss=0.000129
Epoch 003 | Step 230 | lr=9.755283e-04 | loss=0.000142
Epoch 003 | Step 240 | lr=9.755283e-04 | loss=0.000137
Epoch 003 | Step 250 | lr=9.755283e-04 | loss=0.000129
Epoch 003 | Step 260 | lr=9.755283e-04 | loss=0.000117
Epoch 003 | Step 270 | lr=9.755283e-04 | loss=0.000127
Epoch 003 | Step 280 | lr=9.755283e-04 | loss=0.000135
Epoch 003 | Step 290 | lr=9.755283e-04 | loss=0.000123
Epoch 003 | Step 300 | lr=9.755283e-04 | loss=0.000133
Epoch 003 | Step 310 | lr=9.755283e-04 | loss=0.000134
Epoch 003 | Step 320 | lr=9.755283e-04 | loss=0.000130
Epoch 003 | Step 330 | lr=9.755283e-04 | loss=0.000124
Epoch 003 | Step 340 | lr=9.755283e-04 | loss=0.000131
Epoch 003 | Step 350 | lr=9.755283e-04 | loss=0.000125
Epoch 003 | Step 360 | lr=9.755283e-04 | loss=0.000127
Epoch 003 | Step 370 | lr=9.755283e-04 | loss=0.000131
Epoch 003 | Step 380 | lr=9.755283e-04 | loss=0.000130
Epoch 003 | Step 390 | lr=9.755283e-04 | loss=0.000140
Epoch 003 | Step 400 | lr=9.755283e-04 | loss=0.000147
Epoch 003 | Step 410 | lr=9.755283e-04 | loss=0.000132
Epoch 003 | Step 420 | lr=9.755283e-04 | loss=0.000130
Epoch 003 | Step 430 | lr=9.755283e-04 | loss=0.000139
Epoch 003 | Step 440 | lr=9.755283e-04 | loss=0.000122
Epoch 003 | Step 450 | lr=9.755283e-04 | loss=0.000130
Epoch 003 | Step 460 | lr=9.755283e-04 | loss=0.000121
Epoch 003 | Step 470 | lr=9.755283e-04 | loss=0.000137
Epoch 003 | Step 480 | lr=9.755283e-04 | loss=0.000125
Epoch 003 | Step 490 | lr=9.755283e-04 | loss=0.000144
Epoch 003 | Step 500 | lr=9.755283e-04 | loss=0.000125
Epoch 003 | Step 510 | lr=9.755283e-04 | loss=0.000128
Epoch 003 | Step 520 | lr=9.755283e-04 | loss=0.000124
Epoch 003 | Step 530 | lr=9.755283e-04 | loss=0.000129
Epoch 003 | Step 540 | lr=9.755283e-04 | loss=0.000130
Epoch 003 | Step 550 | lr=9.755283e-04 | loss=0.000124
Epoch 003 | Step 560 | lr=9.755283e-04 | loss=0.000144
Epoch 003 | Step 570 | lr=9.755283e-04 | loss=0.000139
Epoch 003 | Step 580 | lr=9.755283e-04 | loss=0.000121
Epoch 003 | Step 590 | lr=9.755283e-04 | loss=0.000127
Epoch 003 | Step 600 | lr=9.755283e-04 | loss=0.000127
Epoch 003 | Step 610 | lr=9.755283e-04 | loss=0.000129
Epoch 003 | Step 620 | lr=9.755283e-04 | loss=0.000126
Epoch 003 | Step 630 | lr=9.755283e-04 | loss=0.000128
Epoch 003 | Step 640 | lr=9.755283e-04 | loss=0.000126
Epoch 003 | Step 650 | lr=9.755283e-04 | loss=0.000124
Epoch 003 | Step 660 | lr=9.755283e-04 | loss=0.000132
Epoch 003 | Step 670 | lr=9.755283e-04 | loss=0.000119
Epoch 003 | Step 680 | lr=9.755283e-04 | loss=0.000116
Epoch 003 | Step 690 | lr=9.755283e-04 | loss=0.000118
Epoch 003 | Step 700 | lr=9.755283e-04 | loss=0.000129
Epoch 003 | Step 710 | lr=9.755283e-04 | loss=0.000127
Epoch 003 | Step 720 | lr=9.755283e-04 | loss=0.000127
Epoch 003 | Step 730 | lr=9.755283e-04 | loss=0.000125
Epoch 003 | Step 740 | lr=9.755283e-04 | loss=0.000119
Epoch 003 | Step 750 | lr=9.755283e-04 | loss=0.000125
Epoch 003 | Step 760 | lr=9.755283e-04 | loss=0.000116
Epoch 003 | Step 770 | lr=9.755283e-04 | loss=0.000132
Epoch 003 | Step 780 | lr=9.755283e-04 | loss=0.000140
Epoch 003 | Step 790 | lr=9.755283e-04 | loss=0.000126
Epoch 003 | Step 800 | lr=9.755283e-04 | loss=0.000140
Epoch 003 | Step 810 | lr=9.755283e-04 | loss=0.000121
Epoch 003 | Step 820 | lr=9.755283e-04 | loss=0.000127
Epoch 003 | Step 830 | lr=9.755283e-04 | loss=0.000133
Epoch 003 | Step 840 | lr=9.755283e-04 | loss=0.000130
Epoch 003 | Step 850 | lr=9.755283e-04 | loss=0.000130
Epoch 003 | Step 860 | lr=9.755283e-04 | loss=0.000126
Epoch 003 | Step 870 | lr=9.755283e-04 | loss=0.000121
Epoch 003 | Step 880 | lr=9.755283e-04 | loss=0.000123
Epoch 003 | Step 890 | lr=9.755283e-04 | loss=0.000123
Epoch 003 | Step 900 | lr=9.755283e-04 | loss=0.000117
Epoch 003 | Step 910 | lr=9.755283e-04 | loss=0.000136
Epoch 003 | Step 920 | lr=9.755283e-04 | loss=0.000139
Epoch 003 | Step 930 | lr=9.755283e-04 | loss=0.000125
Epoch 003 | Step 940 | lr=9.755283e-04 | loss=0.000128
Epoch 003 | Step 950 | lr=9.755283e-04 | loss=0.000118
Epoch 003 | Step 960 | lr=9.755283e-04 | loss=0.000117
epoch 003 | train_kld=0.000130 | val_kld=0.000130 | val_mae=0.003086 | val_mse=0.000130 | ord_acc@10=0.2927 | recall@10=0.8166
Epoch 004 | Step 10 | lr=9.455033e-04 | loss=0.000138
Epoch 004 | Step 20 | lr=9.455033e-04 | loss=0.000124
Epoch 004 | Step 30 | lr=9.455033e-04 | loss=0.000133
Epoch 004 | Step 40 | lr=9.455033e-04 | loss=0.000119
Epoch 004 | Step 50 | lr=9.455033e-04 | loss=0.000125
Epoch 004 | Step 60 | lr=9.455033e-04 | loss=0.000127
Epoch 004 | Step 70 | lr=9.455033e-04 | loss=0.000122
Epoch 004 | Step 80 | lr=9.455033e-04 | loss=0.000132
Epoch 004 | Step 90 | lr=9.455033e-04 | loss=0.000128
Epoch 004 | Step 100 | lr=9.455033e-04 | loss=0.000137
Epoch 004 | Step 110 | lr=9.455033e-04 | loss=0.000134
Epoch 004 | Step 120 | lr=9.455033e-04 | loss=0.000117
Epoch 004 | Step 130 | lr=9.455033e-04 | loss=0.000130
Epoch 004 | Step 140 | lr=9.455033e-04 | loss=0.000131
Epoch 004 | Step 150 | lr=9.455033e-04 | loss=0.000120
Epoch 004 | Step 160 | lr=9.455033e-04 | loss=0.000127
Epoch 004 | Step 170 | lr=9.455033e-04 | loss=0.000127
Epoch 004 | Step 180 | lr=9.455033e-04 | loss=0.000124
Epoch 004 | Step 190 | lr=9.455033e-04 | loss=0.000126
Epoch 004 | Step 200 | lr=9.455033e-04 | loss=0.000121
Epoch 004 | Step 210 | lr=9.455033e-04 | loss=0.000117
Epoch 004 | Step 220 | lr=9.455033e-04 | loss=0.000117
Epoch 004 | Step 230 | lr=9.455033e-04 | loss=0.000109
Epoch 004 | Step 240 | lr=9.455033e-04 | loss=0.000126
Epoch 004 | Step 250 | lr=9.455033e-04 | loss=0.000122
Epoch 004 | Step 260 | lr=9.455033e-04 | loss=0.000117
Epoch 004 | Step 270 | lr=9.455033e-04 | loss=0.000112
Epoch 004 | Step 280 | lr=9.455033e-04 | loss=0.000119
Epoch 004 | Step 290 | lr=9.455033e-04 | loss=0.000122
Epoch 004 | Step 300 | lr=9.455033e-04 | loss=0.000125
Epoch 004 | Step 310 | lr=9.455033e-04 | loss=0.000119
Epoch 004 | Step 320 | lr=9.455033e-04 | loss=0.000119
Epoch 004 | Step 330 | lr=9.455033e-04 | loss=0.000114
Epoch 004 | Step 340 | lr=9.455033e-04 | loss=0.000123
Epoch 004 | Step 350 | lr=9.455033e-04 | loss=0.000124
Epoch 004 | Step 360 | lr=9.455033e-04 | loss=0.000119
Epoch 004 | Step 370 | lr=9.455033e-04 | loss=0.000113
Epoch 004 | Step 380 | lr=9.455033e-04 | loss=0.000123
Epoch 004 | Step 390 | lr=9.455033e-04 | loss=0.000119
Epoch 004 | Step 400 | lr=9.455033e-04 | loss=0.000116
Epoch 004 | Step 410 | lr=9.455033e-04 | loss=0.000116
Epoch 004 | Step 420 | lr=9.455033e-04 | loss=0.000133
Epoch 004 | Step 430 | lr=9.455033e-04 | loss=0.000117
Epoch 004 | Step 440 | lr=9.455033e-04 | loss=0.000117
Epoch 004 | Step 450 | lr=9.455033e-04 | loss=0.000123
Epoch 004 | Step 460 | lr=9.455033e-04 | loss=0.000128
Epoch 004 | Step 470 | lr=9.455033e-04 | loss=0.000111
Epoch 004 | Step 480 | lr=9.455033e-04 | loss=0.000123
Epoch 004 | Step 490 | lr=9.455033e-04 | loss=0.000120
Epoch 004 | Step 500 | lr=9.455033e-04 | loss=0.000122
Epoch 004 | Step 510 | lr=9.455033e-04 | loss=0.000131
Epoch 004 | Step 520 | lr=9.455033e-04 | loss=0.000123
Epoch 004 | Step 530 | lr=9.455033e-04 | loss=0.000130
Epoch 004 | Step 540 | lr=9.455033e-04 | loss=0.000111
Epoch 004 | Step 550 | lr=9.455033e-04 | loss=0.000128
Epoch 004 | Step 560 | lr=9.455033e-04 | loss=0.000113
Epoch 004 | Step 570 | lr=9.455033e-04 | loss=0.000124
Epoch 004 | Step 580 | lr=9.455033e-04 | loss=0.000128
Epoch 004 | Step 590 | lr=9.455033e-04 | loss=0.000119
Epoch 004 | Step 600 | lr=9.455033e-04 | loss=0.000129
Epoch 004 | Step 610 | lr=9.455033e-04 | loss=0.000138
Epoch 004 | Step 620 | lr=9.455033e-04 | loss=0.000118
Epoch 004 | Step 630 | lr=9.455033e-04 | loss=0.000120
Epoch 004 | Step 640 | lr=9.455033e-04 | loss=0.000117
Epoch 004 | Step 650 | lr=9.455033e-04 | loss=0.000122
Epoch 004 | Step 660 | lr=9.455033e-04 | loss=0.000118
Epoch 004 | Step 670 | lr=9.455033e-04 | loss=0.000121
Epoch 004 | Step 680 | lr=9.455033e-04 | loss=0.000124
Epoch 004 | Step 690 | lr=9.455033e-04 | loss=0.000132
Epoch 004 | Step 700 | lr=9.455033e-04 | loss=0.000128
Epoch 004 | Step 710 | lr=9.455033e-04 | loss=0.000119
Epoch 004 | Step 720 | lr=9.455033e-04 | loss=0.000110
Epoch 004 | Step 730 | lr=9.455033e-04 | loss=0.000119
Epoch 004 | Step 740 | lr=9.455033e-04 | loss=0.000114
Epoch 004 | Step 750 | lr=9.455033e-04 | loss=0.000113
Epoch 004 | Step 760 | lr=9.455033e-04 | loss=0.000112
Epoch 004 | Step 770 | lr=9.455033e-04 | loss=0.000121
Epoch 004 | Step 780 | lr=9.455033e-04 | loss=0.000132
Epoch 004 | Step 790 | lr=9.455033e-04 | loss=0.000117
Epoch 004 | Step 800 | lr=9.455033e-04 | loss=0.000109
Epoch 004 | Step 810 | lr=9.455033e-04 | loss=0.000113
Epoch 004 | Step 820 | lr=9.455033e-04 | loss=0.000125
Epoch 004 | Step 830 | lr=9.455033e-04 | loss=0.000117
Epoch 004 | Step 840 | lr=9.455033e-04 | loss=0.000111
Epoch 004 | Step 850 | lr=9.455033e-04 | loss=0.000109
Epoch 004 | Step 860 | lr=9.455033e-04 | loss=0.000126
Epoch 004 | Step 870 | lr=9.455033e-04 | loss=0.000123
Epoch 004 | Step 880 | lr=9.455033e-04 | loss=0.000119
Epoch 004 | Step 890 | lr=9.455033e-04 | loss=0.000124
Epoch 004 | Step 900 | lr=9.455033e-04 | loss=0.000116
Epoch 004 | Step 910 | lr=9.455033e-04 | loss=0.000112
Epoch 004 | Step 920 | lr=9.455033e-04 | loss=0.000115
Epoch 004 | Step 930 | lr=9.455033e-04 | loss=0.000138
Epoch 004 | Step 940 | lr=9.455033e-04 | loss=0.000124
Epoch 004 | Step 950 | lr=9.455033e-04 | loss=0.000130
Epoch 004 | Step 960 | lr=9.455033e-04 | loss=0.000121
epoch 004 | train_kld=0.000122 | val_kld=0.000110 | val_mae=0.002994 | val_mse=0.000110 | ord_acc@10=0.2921 | recall@10=0.8127
Epoch 005 | Step 10 | lr=9.045085e-04 | loss=0.000121
Epoch 005 | Step 20 | lr=9.045085e-04 | loss=0.000114
Epoch 005 | Step 30 | lr=9.045085e-04 | loss=0.000107
Epoch 005 | Step 40 | lr=9.045085e-04 | loss=0.000111
Epoch 005 | Step 50 | lr=9.045085e-04 | loss=0.000113
Epoch 005 | Step 60 | lr=9.045085e-04 | loss=0.000099
Epoch 005 | Step 70 | lr=9.045085e-04 | loss=0.000110
Epoch 005 | Step 80 | lr=9.045085e-04 | loss=0.000106
Epoch 005 | Step 90 | lr=9.045085e-04 | loss=0.000111
Epoch 005 | Step 100 | lr=9.045085e-04 | loss=0.000110
Epoch 005 | Step 110 | lr=9.045085e-04 | loss=0.000106
Epoch 005 | Step 120 | lr=9.045085e-04 | loss=0.000109
Epoch 005 | Step 130 | lr=9.045085e-04 | loss=0.000108
Epoch 005 | Step 140 | lr=9.045085e-04 | loss=0.000106
Epoch 005 | Step 150 | lr=9.045085e-04 | loss=0.000104
Epoch 005 | Step 160 | lr=9.045085e-04 | loss=0.000118
Epoch 005 | Step 170 | lr=9.045085e-04 | loss=0.000111
Epoch 005 | Step 180 | lr=9.045085e-04 | loss=0.000107
Epoch 005 | Step 190 | lr=9.045085e-04 | loss=0.000113
Epoch 005 | Step 200 | lr=9.045085e-04 | loss=0.000107
Epoch 005 | Step 210 | lr=9.045085e-04 | loss=0.000110
Epoch 005 | Step 220 | lr=9.045085e-04 | loss=0.000117
Epoch 005 | Step 230 | lr=9.045085e-04 | loss=0.000111
Epoch 005 | Step 240 | lr=9.045085e-04 | loss=0.000106
Epoch 005 | Step 250 | lr=9.045085e-04 | loss=0.000109
Epoch 005 | Step 260 | lr=9.045085e-04 | loss=0.000125
Epoch 005 | Step 270 | lr=9.045085e-04 | loss=0.000114
Epoch 005 | Step 280 | lr=9.045085e-04 | loss=0.000113
Epoch 005 | Step 290 | lr=9.045085e-04 | loss=0.000113
Epoch 005 | Step 300 | lr=9.045085e-04 | loss=0.000128
Epoch 005 | Step 310 | lr=9.045085e-04 | loss=0.000118
Epoch 005 | Step 320 | lr=9.045085e-04 | loss=0.000134
Epoch 005 | Step 330 | lr=9.045085e-04 | loss=0.000119
Epoch 005 | Step 340 | lr=9.045085e-04 | loss=0.000112
Epoch 005 | Step 350 | lr=9.045085e-04 | loss=0.000115
Epoch 005 | Step 360 | lr=9.045085e-04 | loss=0.000113
Epoch 005 | Step 370 | lr=9.045085e-04 | loss=0.000115
Epoch 005 | Step 380 | lr=9.045085e-04 | loss=0.000108
Epoch 005 | Step 390 | lr=9.045085e-04 | loss=0.000112
Epoch 005 | Step 400 | lr=9.045085e-04 | loss=0.000112
Epoch 005 | Step 410 | lr=9.045085e-04 | loss=0.000133
Epoch 005 | Step 420 | lr=9.045085e-04 | loss=0.000114
Epoch 005 | Step 430 | lr=9.045085e-04 | loss=0.000109
Epoch 005 | Step 440 | lr=9.045085e-04 | loss=0.000119
Epoch 005 | Step 450 | lr=9.045085e-04 | loss=0.000112
Epoch 005 | Step 460 | lr=9.045085e-04 | loss=0.000127
Epoch 005 | Step 470 | lr=9.045085e-04 | loss=0.000115
Epoch 005 | Step 480 | lr=9.045085e-04 | loss=0.000119
Epoch 005 | Step 490 | lr=9.045085e-04 | loss=0.000114
Epoch 005 | Step 500 | lr=9.045085e-04 | loss=0.000107
Epoch 005 | Step 510 | lr=9.045085e-04 | loss=0.000106
Epoch 005 | Step 520 | lr=9.045085e-04 | loss=0.000104
Epoch 005 | Step 530 | lr=9.045085e-04 | loss=0.000119
Epoch 005 | Step 540 | lr=9.045085e-04 | loss=0.000107
Epoch 005 | Step 550 | lr=9.045085e-04 | loss=0.000120
Epoch 005 | Step 560 | lr=9.045085e-04 | loss=0.000114
Epoch 005 | Step 570 | lr=9.045085e-04 | loss=0.000119
Epoch 005 | Step 580 | lr=9.045085e-04 | loss=0.000111
Epoch 005 | Step 590 | lr=9.045085e-04 | loss=0.000113
Epoch 005 | Step 600 | lr=9.045085e-04 | loss=0.000114
Epoch 005 | Step 610 | lr=9.045085e-04 | loss=0.000113
Epoch 005 | Step 620 | lr=9.045085e-04 | loss=0.000110
Epoch 005 | Step 630 | lr=9.045085e-04 | loss=0.000121
Epoch 005 | Step 640 | lr=9.045085e-04 | loss=0.000106
Epoch 005 | Step 650 | lr=9.045085e-04 | loss=0.000113
Epoch 005 | Step 660 | lr=9.045085e-04 | loss=0.000101
Epoch 005 | Step 670 | lr=9.045085e-04 | loss=0.000115
Epoch 005 | Step 680 | lr=9.045085e-04 | loss=0.000111
Epoch 005 | Step 690 | lr=9.045085e-04 | loss=0.000107
Epoch 005 | Step 700 | lr=9.045085e-04 | loss=0.000112
Epoch 005 | Step 710 | lr=9.045085e-04 | loss=0.000119
Epoch 005 | Step 720 | lr=9.045085e-04 | loss=0.000119
Epoch 005 | Step 730 | lr=9.045085e-04 | loss=0.000117
Epoch 005 | Step 740 | lr=9.045085e-04 | loss=0.000110
Epoch 005 | Step 750 | lr=9.045085e-04 | loss=0.000109
Epoch 005 | Step 760 | lr=9.045085e-04 | loss=0.000114
Epoch 005 | Step 770 | lr=9.045085e-04 | loss=0.000115
Epoch 005 | Step 780 | lr=9.045085e-04 | loss=0.000103
Epoch 005 | Step 790 | lr=9.045085e-04 | loss=0.000113
Epoch 005 | Step 800 | lr=9.045085e-04 | loss=0.000105
Epoch 005 | Step 810 | lr=9.045085e-04 | loss=0.000102
Epoch 005 | Step 820 | lr=9.045085e-04 | loss=0.000119
Epoch 005 | Step 830 | lr=9.045085e-04 | loss=0.000099
Epoch 005 | Step 840 | lr=9.045085e-04 | loss=0.000104
Epoch 005 | Step 850 | lr=9.045085e-04 | loss=0.000118
Epoch 005 | Step 860 | lr=9.045085e-04 | loss=0.000115
Epoch 005 | Step 870 | lr=9.045085e-04 | loss=0.000117
Epoch 005 | Step 880 | lr=9.045085e-04 | loss=0.000116
Epoch 005 | Step 890 | lr=9.045085e-04 | loss=0.000112
Epoch 005 | Step 900 | lr=9.045085e-04 | loss=0.000105
Epoch 005 | Step 910 | lr=9.045085e-04 | loss=0.000112
Epoch 005 | Step 920 | lr=9.045085e-04 | loss=0.000112
Epoch 005 | Step 930 | lr=9.045085e-04 | loss=0.000118
Epoch 005 | Step 940 | lr=9.045085e-04 | loss=0.000111
Epoch 005 | Step 950 | lr=9.045085e-04 | loss=0.000109
Epoch 005 | Step 960 | lr=9.045085e-04 | loss=0.000119
epoch 005 | train_kld=0.000113 | val_kld=0.000111 | val_mae=0.002921 | val_mse=0.000111 | ord_acc@10=0.2983 | recall@10=0.8197
Epoch 006 | Step 10 | lr=8.535534e-04 | loss=0.000118
Epoch 006 | Step 20 | lr=8.535534e-04 | loss=0.000106
Epoch 006 | Step 30 | lr=8.535534e-04 | loss=0.000105
Epoch 006 | Step 40 | lr=8.535534e-04 | loss=0.000106
Epoch 006 | Step 50 | lr=8.535534e-04 | loss=0.000115
Epoch 006 | Step 60 | lr=8.535534e-04 | loss=0.000111
Epoch 006 | Step 70 | lr=8.535534e-04 | loss=0.000108
Epoch 006 | Step 80 | lr=8.535534e-04 | loss=0.000108
Epoch 006 | Step 90 | lr=8.535534e-04 | loss=0.000099
Epoch 006 | Step 100 | lr=8.535534e-04 | loss=0.000108
Epoch 006 | Step 110 | lr=8.535534e-04 | loss=0.000117
Epoch 006 | Step 120 | lr=8.535534e-04 | loss=0.000103
Epoch 006 | Step 130 | lr=8.535534e-04 | loss=0.000117
Epoch 006 | Step 140 | lr=8.535534e-04 | loss=0.000101
Epoch 006 | Step 150 | lr=8.535534e-04 | loss=0.000103
Epoch 006 | Step 160 | lr=8.535534e-04 | loss=0.000107
Epoch 006 | Step 170 | lr=8.535534e-04 | loss=0.000109
Epoch 006 | Step 180 | lr=8.535534e-04 | loss=0.000100
Epoch 006 | Step 190 | lr=8.535534e-04 | loss=0.000110
Epoch 006 | Step 200 | lr=8.535534e-04 | loss=0.000109
Epoch 006 | Step 210 | lr=8.535534e-04 | loss=0.000108
Epoch 006 | Step 220 | lr=8.535534e-04 | loss=0.000108
Epoch 006 | Step 230 | lr=8.535534e-04 | loss=0.000106
Epoch 006 | Step 240 | lr=8.535534e-04 | loss=0.000104
Epoch 006 | Step 250 | lr=8.535534e-04 | loss=0.000109
Epoch 006 | Step 260 | lr=8.535534e-04 | loss=0.000105
Epoch 006 | Step 270 | lr=8.535534e-04 | loss=0.000107
Epoch 006 | Step 280 | lr=8.535534e-04 | loss=0.000108
Epoch 006 | Step 290 | lr=8.535534e-04 | loss=0.000112
Epoch 006 | Step 300 | lr=8.535534e-04 | loss=0.000101
Epoch 006 | Step 310 | lr=8.535534e-04 | loss=0.000098
Epoch 006 | Step 320 | lr=8.535534e-04 | loss=0.000101
Epoch 006 | Step 330 | lr=8.535534e-04 | loss=0.000110
Epoch 006 | Step 340 | lr=8.535534e-04 | loss=0.000113
Epoch 006 | Step 350 | lr=8.535534e-04 | loss=0.000097
Epoch 006 | Step 360 | lr=8.535534e-04 | loss=0.000104
Epoch 006 | Step 370 | lr=8.535534e-04 | loss=0.000104
Epoch 006 | Step 380 | lr=8.535534e-04 | loss=0.000105
Epoch 006 | Step 390 | lr=8.535534e-04 | loss=0.000103
Epoch 006 | Step 400 | lr=8.535534e-04 | loss=0.000110
Epoch 006 | Step 410 | lr=8.535534e-04 | loss=0.000103
Epoch 006 | Step 420 | lr=8.535534e-04 | loss=0.000107
Epoch 006 | Step 430 | lr=8.535534e-04 | loss=0.000107
Epoch 006 | Step 440 | lr=8.535534e-04 | loss=0.000107
Epoch 006 | Step 450 | lr=8.535534e-04 | loss=0.000110
Epoch 006 | Step 460 | lr=8.535534e-04 | loss=0.000103
Epoch 006 | Step 470 | lr=8.535534e-04 | loss=0.000105
Epoch 006 | Step 480 | lr=8.535534e-04 | loss=0.000104
Epoch 006 | Step 490 | lr=8.535534e-04 | loss=0.000100
Epoch 006 | Step 500 | lr=8.535534e-04 | loss=0.000104
Epoch 006 | Step 510 | lr=8.535534e-04 | loss=0.000106
Epoch 006 | Step 520 | lr=8.535534e-04 | loss=0.000106
Epoch 006 | Step 530 | lr=8.535534e-04 | loss=0.000114
Epoch 006 | Step 540 | lr=8.535534e-04 | loss=0.000107
Epoch 006 | Step 550 | lr=8.535534e-04 | loss=0.000106
Epoch 006 | Step 560 | lr=8.535534e-04 | loss=0.000101
Epoch 006 | Step 570 | lr=8.535534e-04 | loss=0.000109
Epoch 006 | Step 580 | lr=8.535534e-04 | loss=0.000101
Epoch 006 | Step 590 | lr=8.535534e-04 | loss=0.000105
Epoch 006 | Step 600 | lr=8.535534e-04 | loss=0.000107
Epoch 006 | Step 610 | lr=8.535534e-04 | loss=0.000102
Epoch 006 | Step 620 | lr=8.535534e-04 | loss=0.000101
Epoch 006 | Step 630 | lr=8.535534e-04 | loss=0.000101
Epoch 006 | Step 640 | lr=8.535534e-04 | loss=0.000111
Epoch 006 | Step 650 | lr=8.535534e-04 | loss=0.000110
Epoch 006 | Step 660 | lr=8.535534e-04 | loss=0.000102
Epoch 006 | Step 670 | lr=8.535534e-04 | loss=0.000100
Epoch 006 | Step 680 | lr=8.535534e-04 | loss=0.000108
Epoch 006 | Step 690 | lr=8.535534e-04 | loss=0.000111
Epoch 006 | Step 700 | lr=8.535534e-04 | loss=0.000103
Epoch 006 | Step 710 | lr=8.535534e-04 | loss=0.000111
Epoch 006 | Step 720 | lr=8.535534e-04 | loss=0.000104
Epoch 006 | Step 730 | lr=8.535534e-04 | loss=0.000107
Epoch 006 | Step 740 | lr=8.535534e-04 | loss=0.000099
Epoch 006 | Step 750 | lr=8.535534e-04 | loss=0.000103
Epoch 006 | Step 760 | lr=8.535534e-04 | loss=0.000106
Epoch 006 | Step 770 | lr=8.535534e-04 | loss=0.000097
Epoch 006 | Step 780 | lr=8.535534e-04 | loss=0.000101
Epoch 006 | Step 790 | lr=8.535534e-04 | loss=0.000107
Epoch 006 | Step 800 | lr=8.535534e-04 | loss=0.000109
Epoch 006 | Step 810 | lr=8.535534e-04 | loss=0.000102
Epoch 006 | Step 820 | lr=8.535534e-04 | loss=0.000103
Epoch 006 | Step 830 | lr=8.535534e-04 | loss=0.000104
Epoch 006 | Step 840 | lr=8.535534e-04 | loss=0.000106
Epoch 006 | Step 850 | lr=8.535534e-04 | loss=0.000104
Epoch 006 | Step 860 | lr=8.535534e-04 | loss=0.000102
Epoch 006 | Step 870 | lr=8.535534e-04 | loss=0.000100
Epoch 006 | Step 880 | lr=8.535534e-04 | loss=0.000110
Epoch 006 | Step 890 | lr=8.535534e-04 | loss=0.000104
Epoch 006 | Step 900 | lr=8.535534e-04 | loss=0.000110
Epoch 006 | Step 910 | lr=8.535534e-04 | loss=0.000104
Epoch 006 | Step 920 | lr=8.535534e-04 | loss=0.000112
Epoch 006 | Step 930 | lr=8.535534e-04 | loss=0.000109
Epoch 006 | Step 940 | lr=8.535534e-04 | loss=0.000101
Epoch 006 | Step 950 | lr=8.535534e-04 | loss=0.000106
Epoch 006 | Step 960 | lr=8.535534e-04 | loss=0.000100
epoch 006 | train_kld=0.000106 | val_kld=0.000102 | val_mae=0.002895 | val_mse=0.000102 | ord_acc@10=0.3004 | recall@10=0.8157
Epoch 007 | Step 10 | lr=7.938926e-04 | loss=0.000106
Epoch 007 | Step 20 | lr=7.938926e-04 | loss=0.000113
Epoch 007 | Step 30 | lr=7.938926e-04 | loss=0.000100
Epoch 007 | Step 40 | lr=7.938926e-04 | loss=0.000102
Epoch 007 | Step 50 | lr=7.938926e-04 | loss=0.000098
Epoch 007 | Step 60 | lr=7.938926e-04 | loss=0.000095
Epoch 007 | Step 70 | lr=7.938926e-04 | loss=0.000111
Epoch 007 | Step 80 | lr=7.938926e-04 | loss=0.000108
Epoch 007 | Step 90 | lr=7.938926e-04 | loss=0.000099
Epoch 007 | Step 100 | lr=7.938926e-04 | loss=0.000101
Epoch 007 | Step 110 | lr=7.938926e-04 | loss=0.000101
Epoch 007 | Step 120 | lr=7.938926e-04 | loss=0.000103
Epoch 007 | Step 130 | lr=7.938926e-04 | loss=0.000100
Epoch 007 | Step 140 | lr=7.938926e-04 | loss=0.000106
Epoch 007 | Step 150 | lr=7.938926e-04 | loss=0.000102
Epoch 007 | Step 160 | lr=7.938926e-04 | loss=0.000101
Epoch 007 | Step 170 | lr=7.938926e-04 | loss=0.000099
Epoch 007 | Step 180 | lr=7.938926e-04 | loss=0.000103
Epoch 007 | Step 190 | lr=7.938926e-04 | loss=0.000113
Epoch 007 | Step 200 | lr=7.938926e-04 | loss=0.000109
Epoch 007 | Step 210 | lr=7.938926e-04 | loss=0.000100
Epoch 007 | Step 220 | lr=7.938926e-04 | loss=0.000104
Epoch 007 | Step 230 | lr=7.938926e-04 | loss=0.000105
Epoch 007 | Step 240 | lr=7.938926e-04 | loss=0.000098
Epoch 007 | Step 250 | lr=7.938926e-04 | loss=0.000097
Epoch 007 | Step 260 | lr=7.938926e-04 | loss=0.000096
Epoch 007 | Step 270 | lr=7.938926e-04 | loss=0.000097
Epoch 007 | Step 280 | lr=7.938926e-04 | loss=0.000097
Epoch 007 | Step 290 | lr=7.938926e-04 | loss=0.000105
Epoch 007 | Step 300 | lr=7.938926e-04 | loss=0.000107
Epoch 007 | Step 310 | lr=7.938926e-04 | loss=0.000101
Epoch 007 | Step 320 | lr=7.938926e-04 | loss=0.000105
Epoch 007 | Step 330 | lr=7.938926e-04 | loss=0.000097
Epoch 007 | Step 340 | lr=7.938926e-04 | loss=0.000096
Epoch 007 | Step 350 | lr=7.938926e-04 | loss=0.000100
Epoch 007 | Step 360 | lr=7.938926e-04 | loss=0.000099
Epoch 007 | Step 370 | lr=7.938926e-04 | loss=0.000102
Epoch 007 | Step 380 | lr=7.938926e-04 | loss=0.000100
Epoch 007 | Step 390 | lr=7.938926e-04 | loss=0.000103
Epoch 007 | Step 400 | lr=7.938926e-04 | loss=0.000099
Epoch 007 | Step 410 | lr=7.938926e-04 | loss=0.000114
Epoch 007 | Step 420 | lr=7.938926e-04 | loss=0.000110
Epoch 007 | Step 430 | lr=7.938926e-04 | loss=0.000125
Epoch 007 | Step 440 | lr=7.938926e-04 | loss=0.000104
Epoch 007 | Step 450 | lr=7.938926e-04 | loss=0.000102
Epoch 007 | Step 460 | lr=7.938926e-04 | loss=0.000103
Epoch 007 | Step 470 | lr=7.938926e-04 | loss=0.000104
Epoch 007 | Step 480 | lr=7.938926e-04 | loss=0.000107
Epoch 007 | Step 490 | lr=7.938926e-04 | loss=0.000101
Epoch 007 | Step 500 | lr=7.938926e-04 | loss=0.000099
Epoch 007 | Step 510 | lr=7.938926e-04 | loss=0.000104
Epoch 007 | Step 520 | lr=7.938926e-04 | loss=0.000100
Epoch 007 | Step 530 | lr=7.938926e-04 | loss=0.000104
Epoch 007 | Step 540 | lr=7.938926e-04 | loss=0.000099
Epoch 007 | Step 550 | lr=7.938926e-04 | loss=0.000104
Epoch 007 | Step 560 | lr=7.938926e-04 | loss=0.000108
Epoch 007 | Step 570 | lr=7.938926e-04 | loss=0.000114
Epoch 007 | Step 580 | lr=7.938926e-04 | loss=0.000102
Epoch 007 | Step 590 | lr=7.938926e-04 | loss=0.000096
Epoch 007 | Step 600 | lr=7.938926e-04 | loss=0.000111
Epoch 007 | Step 610 | lr=7.938926e-04 | loss=0.000100
Epoch 007 | Step 620 | lr=7.938926e-04 | loss=0.000106
Epoch 007 | Step 630 | lr=7.938926e-04 | loss=0.000097
Epoch 007 | Step 640 | lr=7.938926e-04 | loss=0.000093
Epoch 007 | Step 650 | lr=7.938926e-04 | loss=0.000094
Epoch 007 | Step 660 | lr=7.938926e-04 | loss=0.000103
Epoch 007 | Step 670 | lr=7.938926e-04 | loss=0.000102
Epoch 007 | Step 680 | lr=7.938926e-04 | loss=0.000104
Epoch 007 | Step 690 | lr=7.938926e-04 | loss=0.000091
Epoch 007 | Step 700 | lr=7.938926e-04 | loss=0.000101
Epoch 007 | Step 710 | lr=7.938926e-04 | loss=0.000099
Epoch 007 | Step 720 | lr=7.938926e-04 | loss=0.000098
Epoch 007 | Step 730 | lr=7.938926e-04 | loss=0.000102
Epoch 007 | Step 740 | lr=7.938926e-04 | loss=0.000097
Epoch 007 | Step 750 | lr=7.938926e-04 | loss=0.000103
Epoch 007 | Step 760 | lr=7.938926e-04 | loss=0.000103
Epoch 007 | Step 770 | lr=7.938926e-04 | loss=0.000105
Epoch 007 | Step 780 | lr=7.938926e-04 | loss=0.000108
Epoch 007 | Step 790 | lr=7.938926e-04 | loss=0.000103
Epoch 007 | Step 800 | lr=7.938926e-04 | loss=0.000098
Epoch 007 | Step 810 | lr=7.938926e-04 | loss=0.000101
Epoch 007 | Step 820 | lr=7.938926e-04 | loss=0.000099
Epoch 007 | Step 830 | lr=7.938926e-04 | loss=0.000108
Epoch 007 | Step 840 | lr=7.938926e-04 | loss=0.000097
Epoch 007 | Step 850 | lr=7.938926e-04 | loss=0.000102
Epoch 007 | Step 860 | lr=7.938926e-04 | loss=0.000101
Epoch 007 | Step 870 | lr=7.938926e-04 | loss=0.000098
Epoch 007 | Step 880 | lr=7.938926e-04 | loss=0.000101
Epoch 007 | Step 890 | lr=7.938926e-04 | loss=0.000106
Epoch 007 | Step 900 | lr=7.938926e-04 | loss=0.000107
Epoch 007 | Step 910 | lr=7.938926e-04 | loss=0.000099
Epoch 007 | Step 920 | lr=7.938926e-04 | loss=0.000101
Epoch 007 | Step 930 | lr=7.938926e-04 | loss=0.000096
Epoch 007 | Step 940 | lr=7.938926e-04 | loss=0.000097
Epoch 007 | Step 950 | lr=7.938926e-04 | loss=0.000097
Epoch 007 | Step 960 | lr=7.938926e-04 | loss=0.000101
epoch 007 | train_kld=0.000102 | val_kld=0.000096 | val_mae=0.002809 | val_mse=0.000096 | ord_acc@10=0.3065 | recall@10=0.8192
Epoch 008 | Step 10 | lr=7.269952e-04 | loss=0.000097
Epoch 008 | Step 20 | lr=7.269952e-04 | loss=0.000102
Epoch 008 | Step 30 | lr=7.269952e-04 | loss=0.000097
Epoch 008 | Step 40 | lr=7.269952e-04 | loss=0.000109
Epoch 008 | Step 50 | lr=7.269952e-04 | loss=0.000098
Epoch 008 | Step 60 | lr=7.269952e-04 | loss=0.000103
Epoch 008 | Step 70 | lr=7.269952e-04 | loss=0.000093
Epoch 008 | Step 80 | lr=7.269952e-04 | loss=0.000099
Epoch 008 | Step 90 | lr=7.269952e-04 | loss=0.000097
Epoch 008 | Step 100 | lr=7.269952e-04 | loss=0.000097
Epoch 008 | Step 110 | lr=7.269952e-04 | loss=0.000097
Epoch 008 | Step 120 | lr=7.269952e-04 | loss=0.000100
Epoch 008 | Step 130 | lr=7.269952e-04 | loss=0.000094
Epoch 008 | Step 140 | lr=7.269952e-04 | loss=0.000097
Epoch 008 | Step 150 | lr=7.269952e-04 | loss=0.000099
Epoch 008 | Step 160 | lr=7.269952e-04 | loss=0.000098
Epoch 008 | Step 170 | lr=7.269952e-04 | loss=0.000103
Epoch 008 | Step 180 | lr=7.269952e-04 | loss=0.000098
Epoch 008 | Step 190 | lr=7.269952e-04 | loss=0.000098
Epoch 008 | Step 200 | lr=7.269952e-04 | loss=0.000101
Epoch 008 | Step 210 | lr=7.269952e-04 | loss=0.000097
Epoch 008 | Step 220 | lr=7.269952e-04 | loss=0.000095
Epoch 008 | Step 230 | lr=7.269952e-04 | loss=0.000097
Epoch 008 | Step 240 | lr=7.269952e-04 | loss=0.000097
Epoch 008 | Step 250 | lr=7.269952e-04 | loss=0.000105
Epoch 008 | Step 260 | lr=7.269952e-04 | loss=0.000100
Epoch 008 | Step 270 | lr=7.269952e-04 | loss=0.000098
Epoch 008 | Step 280 | lr=7.269952e-04 | loss=0.000094
Epoch 008 | Step 290 | lr=7.269952e-04 | loss=0.000094
Epoch 008 | Step 300 | lr=7.269952e-04 | loss=0.000100
Epoch 008 | Step 310 | lr=7.269952e-04 | loss=0.000096
Epoch 008 | Step 320 | lr=7.269952e-04 | loss=0.000097
Epoch 008 | Step 330 | lr=7.269952e-04 | loss=0.000094
Epoch 008 | Step 340 | lr=7.269952e-04 | loss=0.000094
Epoch 008 | Step 350 | lr=7.269952e-04 | loss=0.000093
Epoch 008 | Step 360 | lr=7.269952e-04 | loss=0.000096
Epoch 008 | Step 370 | lr=7.269952e-04 | loss=0.000102
Epoch 008 | Step 380 | lr=7.269952e-04 | loss=0.000097
Epoch 008 | Step 390 | lr=7.269952e-04 | loss=0.000100
Epoch 008 | Step 400 | lr=7.269952e-04 | loss=0.000102
Epoch 008 | Step 410 | lr=7.269952e-04 | loss=0.000099
Epoch 008 | Step 420 | lr=7.269952e-04 | loss=0.000095
Epoch 008 | Step 430 | lr=7.269952e-04 | loss=0.000089
Epoch 008 | Step 440 | lr=7.269952e-04 | loss=0.000095
Epoch 008 | Step 450 | lr=7.269952e-04 | loss=0.000099
Epoch 008 | Step 460 | lr=7.269952e-04 | loss=0.000100
Epoch 008 | Step 470 | lr=7.269952e-04 | loss=0.000098
Epoch 008 | Step 480 | lr=7.269952e-04 | loss=0.000101
Epoch 008 | Step 490 | lr=7.269952e-04 | loss=0.000094
Epoch 008 | Step 500 | lr=7.269952e-04 | loss=0.000094
Epoch 008 | Step 510 | lr=7.269952e-04 | loss=0.000097
Epoch 008 | Step 520 | lr=7.269952e-04 | loss=0.000097
Epoch 008 | Step 530 | lr=7.269952e-04 | loss=0.000094
Epoch 008 | Step 540 | lr=7.269952e-04 | loss=0.000094
Epoch 008 | Step 550 | lr=7.269952e-04 | loss=0.000100
Epoch 008 | Step 560 | lr=7.269952e-04 | loss=0.000103
Epoch 008 | Step 570 | lr=7.269952e-04 | loss=0.000096
Epoch 008 | Step 580 | lr=7.269952e-04 | loss=0.000096
Epoch 008 | Step 590 | lr=7.269952e-04 | loss=0.000098
Epoch 008 | Step 600 | lr=7.269952e-04 | loss=0.000093
Epoch 008 | Step 610 | lr=7.269952e-04 | loss=0.000097
Epoch 008 | Step 620 | lr=7.269952e-04 | loss=0.000101
Epoch 008 | Step 630 | lr=7.269952e-04 | loss=0.000104
Epoch 008 | Step 640 | lr=7.269952e-04 | loss=0.000098
Epoch 008 | Step 650 | lr=7.269952e-04 | loss=0.000094
Epoch 008 | Step 660 | lr=7.269952e-04 | loss=0.000102
Epoch 008 | Step 670 | lr=7.269952e-04 | loss=0.000102
Epoch 008 | Step 680 | lr=7.269952e-04 | loss=0.000098
Epoch 008 | Step 690 | lr=7.269952e-04 | loss=0.000099
Epoch 008 | Step 700 | lr=7.269952e-04 | loss=0.000097
Epoch 008 | Step 710 | lr=7.269952e-04 | loss=0.000099
Epoch 008 | Step 720 | lr=7.269952e-04 | loss=0.000094
Epoch 008 | Step 730 | lr=7.269952e-04 | loss=0.000098
Epoch 008 | Step 740 | lr=7.269952e-04 | loss=0.000100
Epoch 008 | Step 750 | lr=7.269952e-04 | loss=0.000101
Epoch 008 | Step 760 | lr=7.269952e-04 | loss=0.000101
Epoch 008 | Step 770 | lr=7.269952e-04 | loss=0.000094
Epoch 008 | Step 780 | lr=7.269952e-04 | loss=0.000105
Epoch 008 | Step 790 | lr=7.269952e-04 | loss=0.000104
Epoch 008 | Step 800 | lr=7.269952e-04 | loss=0.000100
Epoch 008 | Step 810 | lr=7.269952e-04 | loss=0.000095
Epoch 008 | Step 820 | lr=7.269952e-04 | loss=0.000098
Epoch 008 | Step 830 | lr=7.269952e-04 | loss=0.000110
Epoch 008 | Step 840 | lr=7.269952e-04 | loss=0.000105
Epoch 008 | Step 850 | lr=7.269952e-04 | loss=0.000104
Epoch 008 | Step 860 | lr=7.269952e-04 | loss=0.000098
Epoch 008 | Step 870 | lr=7.269952e-04 | loss=0.000102
Epoch 008 | Step 880 | lr=7.269952e-04 | loss=0.000103
Epoch 008 | Step 890 | lr=7.269952e-04 | loss=0.000106
Epoch 008 | Step 900 | lr=7.269952e-04 | loss=0.000099
Epoch 008 | Step 910 | lr=7.269952e-04 | loss=0.000115
Epoch 008 | Step 920 | lr=7.269952e-04 | loss=0.000108
Epoch 008 | Step 930 | lr=7.269952e-04 | loss=0.000104
Epoch 008 | Step 940 | lr=7.269952e-04 | loss=0.000104
Epoch 008 | Step 950 | lr=7.269952e-04 | loss=0.000089
Epoch 008 | Step 960 | lr=7.269952e-04 | loss=0.000102
epoch 008 | train_kld=0.000099 | val_kld=0.000096 | val_mae=0.002800 | val_mse=0.000096 | ord_acc@10=0.3067 | recall@10=0.8202
Epoch 009 | Step 10 | lr=6.545085e-04 | loss=0.000096
Epoch 009 | Step 20 | lr=6.545085e-04 | loss=0.000096
Epoch 009 | Step 30 | lr=6.545085e-04 | loss=0.000096
Epoch 009 | Step 40 | lr=6.545085e-04 | loss=0.000097
Epoch 009 | Step 50 | lr=6.545085e-04 | loss=0.000091
Epoch 009 | Step 60 | lr=6.545085e-04 | loss=0.000096
Epoch 009 | Step 70 | lr=6.545085e-04 | loss=0.000095
Epoch 009 | Step 80 | lr=6.545085e-04 | loss=0.000092
Epoch 009 | Step 90 | lr=6.545085e-04 | loss=0.000090
Epoch 009 | Step 100 | lr=6.545085e-04 | loss=0.000095
Epoch 009 | Step 110 | lr=6.545085e-04 | loss=0.000100
Epoch 009 | Step 120 | lr=6.545085e-04 | loss=0.000095
Epoch 009 | Step 130 | lr=6.545085e-04 | loss=0.000090
Epoch 009 | Step 140 | lr=6.545085e-04 | loss=0.000089
Epoch 009 | Step 150 | lr=6.545085e-04 | loss=0.000091
Epoch 009 | Step 160 | lr=6.545085e-04 | loss=0.000094
Epoch 009 | Step 170 | lr=6.545085e-04 | loss=0.000091
Epoch 009 | Step 180 | lr=6.545085e-04 | loss=0.000090
Epoch 009 | Step 190 | lr=6.545085e-04 | loss=0.000086
Epoch 009 | Step 200 | lr=6.545085e-04 | loss=0.000093
Epoch 009 | Step 210 | lr=6.545085e-04 | loss=0.000095
Epoch 009 | Step 220 | lr=6.545085e-04 | loss=0.000092
Epoch 009 | Step 230 | lr=6.545085e-04 | loss=0.000096
Epoch 009 | Step 240 | lr=6.545085e-04 | loss=0.000090
Epoch 009 | Step 250 | lr=6.545085e-04 | loss=0.000089
Epoch 009 | Step 260 | lr=6.545085e-04 | loss=0.000097
Epoch 009 | Step 270 | lr=6.545085e-04 | loss=0.000097
Epoch 009 | Step 280 | lr=6.545085e-04 | loss=0.000091
Epoch 009 | Step 290 | lr=6.545085e-04 | loss=0.000096
Epoch 009 | Step 300 | lr=6.545085e-04 | loss=0.000096
Epoch 009 | Step 310 | lr=6.545085e-04 | loss=0.000091
Epoch 009 | Step 320 | lr=6.545085e-04 | loss=0.000087
Epoch 009 | Step 330 | lr=6.545085e-04 | loss=0.000092
Epoch 009 | Step 340 | lr=6.545085e-04 | loss=0.000089
Epoch 009 | Step 350 | lr=6.545085e-04 | loss=0.000094
Epoch 009 | Step 360 | lr=6.545085e-04 | loss=0.000086
Epoch 009 | Step 370 | lr=6.545085e-04 | loss=0.000092
Epoch 009 | Step 380 | lr=6.545085e-04 | loss=0.000089
Epoch 009 | Step 390 | lr=6.545085e-04 | loss=0.000097
Epoch 009 | Step 400 | lr=6.545085e-04 | loss=0.000096
Epoch 009 | Step 410 | lr=6.545085e-04 | loss=0.000087
Epoch 009 | Step 420 | lr=6.545085e-04 | loss=0.000091
Epoch 009 | Step 430 | lr=6.545085e-04 | loss=0.000090
Epoch 009 | Step 440 | lr=6.545085e-04 | loss=0.000092
Epoch 009 | Step 450 | lr=6.545085e-04 | loss=0.000095
Epoch 009 | Step 460 | lr=6.545085e-04 | loss=0.000092
Epoch 009 | Step 470 | lr=6.545085e-04 | loss=0.000090
Epoch 009 | Step 480 | lr=6.545085e-04 | loss=0.000089
Epoch 009 | Step 490 | lr=6.545085e-04 | loss=0.000099
Epoch 009 | Step 500 | lr=6.545085e-04 | loss=0.000095
Epoch 009 | Step 510 | lr=6.545085e-04 | loss=0.000093
Epoch 009 | Step 520 | lr=6.545085e-04 | loss=0.000094
Epoch 009 | Step 530 | lr=6.545085e-04 | loss=0.000098
Epoch 009 | Step 540 | lr=6.545085e-04 | loss=0.000098
Epoch 009 | Step 550 | lr=6.545085e-04 | loss=0.000088
Epoch 009 | Step 560 | lr=6.545085e-04 | loss=0.000091
Epoch 009 | Step 570 | lr=6.545085e-04 | loss=0.000091
Epoch 009 | Step 580 | lr=6.545085e-04 | loss=0.000096
Epoch 009 | Step 590 | lr=6.545085e-04 | loss=0.000099
Epoch 009 | Step 600 | lr=6.545085e-04 | loss=0.000091
Epoch 009 | Step 610 | lr=6.545085e-04 | loss=0.000099
Epoch 009 | Step 620 | lr=6.545085e-04 | loss=0.000094
Epoch 009 | Step 630 | lr=6.545085e-04 | loss=0.000097
Epoch 009 | Step 640 | lr=6.545085e-04 | loss=0.000085
Epoch 009 | Step 650 | lr=6.545085e-04 | loss=0.000094
Epoch 009 | Step 660 | lr=6.545085e-04 | loss=0.000095
Epoch 009 | Step 670 | lr=6.545085e-04 | loss=0.000100
Epoch 009 | Step 680 | lr=6.545085e-04 | loss=0.000097
Epoch 009 | Step 690 | lr=6.545085e-04 | loss=0.000097
Epoch 009 | Step 700 | lr=6.545085e-04 | loss=0.000091
Epoch 009 | Step 710 | lr=6.545085e-04 | loss=0.000088
Epoch 009 | Step 720 | lr=6.545085e-04 | loss=0.000097
Epoch 009 | Step 730 | lr=6.545085e-04 | loss=0.000099
Epoch 009 | Step 740 | lr=6.545085e-04 | loss=0.000093
Epoch 009 | Step 750 | lr=6.545085e-04 | loss=0.000092
Epoch 009 | Step 760 | lr=6.545085e-04 | loss=0.000091
Epoch 009 | Step 770 | lr=6.545085e-04 | loss=0.000092
Epoch 009 | Step 780 | lr=6.545085e-04 | loss=0.000097
Epoch 009 | Step 790 | lr=6.545085e-04 | loss=0.000094
Epoch 009 | Step 800 | lr=6.545085e-04 | loss=0.000094
Epoch 009 | Step 810 | lr=6.545085e-04 | loss=0.000100
Epoch 009 | Step 820 | lr=6.545085e-04 | loss=0.000094
Epoch 009 | Step 830 | lr=6.545085e-04 | loss=0.000095
Epoch 009 | Step 840 | lr=6.545085e-04 | loss=0.000097
Epoch 009 | Step 850 | lr=6.545085e-04 | loss=0.000096
Epoch 009 | Step 860 | lr=6.545085e-04 | loss=0.000089
Epoch 009 | Step 870 | lr=6.545085e-04 | loss=0.000095
Epoch 009 | Step 880 | lr=6.545085e-04 | loss=0.000090
Epoch 009 | Step 890 | lr=6.545085e-04 | loss=0.000098
Epoch 009 | Step 900 | lr=6.545085e-04 | loss=0.000092
Epoch 009 | Step 910 | lr=6.545085e-04 | loss=0.000096
Epoch 009 | Step 920 | lr=6.545085e-04 | loss=0.000091
Epoch 009 | Step 930 | lr=6.545085e-04 | loss=0.000094
Epoch 009 | Step 940 | lr=6.545085e-04 | loss=0.000097
Epoch 009 | Step 950 | lr=6.545085e-04 | loss=0.000094
Epoch 009 | Step 960 | lr=6.545085e-04 | loss=0.000099
epoch 009 | train_kld=0.000094 | val_kld=0.000090 | val_mae=0.002727 | val_mse=0.000090 | ord_acc@10=0.3100 | recall@10=0.8201
Epoch 010 | Step 10 | lr=5.782172e-04 | loss=0.000085
Epoch 010 | Step 20 | lr=5.782172e-04 | loss=0.000089
Epoch 010 | Step 30 | lr=5.782172e-04 | loss=0.000085
Epoch 010 | Step 40 | lr=5.782172e-04 | loss=0.000085
Epoch 010 | Step 50 | lr=5.782172e-04 | loss=0.000082
Epoch 010 | Step 60 | lr=5.782172e-04 | loss=0.000086
Epoch 010 | Step 70 | lr=5.782172e-04 | loss=0.000085
Epoch 010 | Step 80 | lr=5.782172e-04 | loss=0.000090
Epoch 010 | Step 90 | lr=5.782172e-04 | loss=0.000089
Epoch 010 | Step 100 | lr=5.782172e-04 | loss=0.000091
Epoch 010 | Step 110 | lr=5.782172e-04 | loss=0.000085
Epoch 010 | Step 120 | lr=5.782172e-04 | loss=0.000092
Epoch 010 | Step 130 | lr=5.782172e-04 | loss=0.000090
Epoch 010 | Step 140 | lr=5.782172e-04 | loss=0.000091
Epoch 010 | Step 150 | lr=5.782172e-04 | loss=0.000086
Epoch 010 | Step 160 | lr=5.782172e-04 | loss=0.000087
Epoch 010 | Step 170 | lr=5.782172e-04 | loss=0.000090
Epoch 010 | Step 180 | lr=5.782172e-04 | loss=0.000093
Epoch 010 | Step 190 | lr=5.782172e-04 | loss=0.000093
Epoch 010 | Step 200 | lr=5.782172e-04 | loss=0.000084
Epoch 010 | Step 210 | lr=5.782172e-04 | loss=0.000093
Epoch 010 | Step 220 | lr=5.782172e-04 | loss=0.000091
Epoch 010 | Step 230 | lr=5.782172e-04 | loss=0.000092
Epoch 010 | Step 240 | lr=5.782172e-04 | loss=0.000089
Epoch 010 | Step 250 | lr=5.782172e-04 | loss=0.000094
Epoch 010 | Step 260 | lr=5.782172e-04 | loss=0.000098
Epoch 010 | Step 270 | lr=5.782172e-04 | loss=0.000090
Epoch 010 | Step 280 | lr=5.782172e-04 | loss=0.000091
Epoch 010 | Step 290 | lr=5.782172e-04 | loss=0.000092
Epoch 010 | Step 300 | lr=5.782172e-04 | loss=0.000087
Epoch 010 | Step 310 | lr=5.782172e-04 | loss=0.000099
Epoch 010 | Step 320 | lr=5.782172e-04 | loss=0.000094
Epoch 010 | Step 330 | lr=5.782172e-04 | loss=0.000087
Epoch 010 | Step 340 | lr=5.782172e-04 | loss=0.000091
Epoch 010 | Step 350 | lr=5.782172e-04 | loss=0.000089
Epoch 010 | Step 360 | lr=5.782172e-04 | loss=0.000090
Epoch 010 | Step 370 | lr=5.782172e-04 | loss=0.000097
Epoch 010 | Step 380 | lr=5.782172e-04 | loss=0.000086
Epoch 010 | Step 390 | lr=5.782172e-04 | loss=0.000092
Epoch 010 | Step 400 | lr=5.782172e-04 | loss=0.000090
Epoch 010 | Step 410 | lr=5.782172e-04 | loss=0.000093
Epoch 010 | Step 420 | lr=5.782172e-04 | loss=0.000089
Epoch 010 | Step 430 | lr=5.782172e-04 | loss=0.000090
Epoch 010 | Step 440 | lr=5.782172e-04 | loss=0.000090
Epoch 010 | Step 450 | lr=5.782172e-04 | loss=0.000091
Epoch 010 | Step 460 | lr=5.782172e-04 | loss=0.000093
Epoch 010 | Step 470 | lr=5.782172e-04 | loss=0.000090
Epoch 010 | Step 480 | lr=5.782172e-04 | loss=0.000092
Epoch 010 | Step 490 | lr=5.782172e-04 | loss=0.000089
Epoch 010 | Step 500 | lr=5.782172e-04 | loss=0.000090
Epoch 010 | Step 510 | lr=5.782172e-04 | loss=0.000089
Epoch 010 | Step 520 | lr=5.782172e-04 | loss=0.000087
Epoch 010 | Step 530 | lr=5.782172e-04 | loss=0.000097
Epoch 010 | Step 540 | lr=5.782172e-04 | loss=0.000093
Epoch 010 | Step 550 | lr=5.782172e-04 | loss=0.000088
Epoch 010 | Step 560 | lr=5.782172e-04 | loss=0.000091
Epoch 010 | Step 570 | lr=5.782172e-04 | loss=0.000096
Epoch 010 | Step 580 | lr=5.782172e-04 | loss=0.000091
Epoch 010 | Step 590 | lr=5.782172e-04 | loss=0.000092
Epoch 010 | Step 600 | lr=5.782172e-04 | loss=0.000089
Epoch 010 | Step 610 | lr=5.782172e-04 | loss=0.000090
Epoch 010 | Step 620 | lr=5.782172e-04 | loss=0.000089
Epoch 010 | Step 630 | lr=5.782172e-04 | loss=0.000086
Epoch 010 | Step 640 | lr=5.782172e-04 | loss=0.000090
Epoch 010 | Step 650 | lr=5.782172e-04 | loss=0.000094
Epoch 010 | Step 660 | lr=5.782172e-04 | loss=0.000091
Epoch 010 | Step 670 | lr=5.782172e-04 | loss=0.000090
Epoch 010 | Step 680 | lr=5.782172e-04 | loss=0.000092
Epoch 010 | Step 690 | lr=5.782172e-04 | loss=0.000091
Epoch 010 | Step 700 | lr=5.782172e-04 | loss=0.000093
Epoch 010 | Step 710 | lr=5.782172e-04 | loss=0.000087
Epoch 010 | Step 720 | lr=5.782172e-04 | loss=0.000087
Epoch 010 | Step 730 | lr=5.782172e-04 | loss=0.000090
Epoch 010 | Step 740 | lr=5.782172e-04 | loss=0.000089
Epoch 010 | Step 750 | lr=5.782172e-04 | loss=0.000088
Epoch 010 | Step 760 | lr=5.782172e-04 | loss=0.000095
Epoch 010 | Step 770 | lr=5.782172e-04 | loss=0.000090
Epoch 010 | Step 780 | lr=5.782172e-04 | loss=0.000087
Epoch 010 | Step 790 | lr=5.782172e-04 | loss=0.000090
Epoch 010 | Step 800 | lr=5.782172e-04 | loss=0.000085
Epoch 010 | Step 810 | lr=5.782172e-04 | loss=0.000084
Epoch 010 | Step 820 | lr=5.782172e-04 | loss=0.000092
Epoch 010 | Step 830 | lr=5.782172e-04 | loss=0.000089
Epoch 010 | Step 840 | lr=5.782172e-04 | loss=0.000089
Epoch 010 | Step 850 | lr=5.782172e-04 | loss=0.000093
Epoch 010 | Step 860 | lr=5.782172e-04 | loss=0.000089
Epoch 010 | Step 870 | lr=5.782172e-04 | loss=0.000089
Epoch 010 | Step 880 | lr=5.782172e-04 | loss=0.000088
Epoch 010 | Step 890 | lr=5.782172e-04 | loss=0.000086
Epoch 010 | Step 900 | lr=5.782172e-04 | loss=0.000092
Epoch 010 | Step 910 | lr=5.782172e-04 | loss=0.000091
Epoch 010 | Step 920 | lr=5.782172e-04 | loss=0.000089
Epoch 010 | Step 930 | lr=5.782172e-04 | loss=0.000099
Epoch 010 | Step 940 | lr=5.782172e-04 | loss=0.000096
Epoch 010 | Step 950 | lr=5.782172e-04 | loss=0.000091
Epoch 010 | Step 960 | lr=5.782172e-04 | loss=0.000093
epoch 010 | train_kld=0.000090 | val_kld=0.000089 | val_mae=0.002718 | val_mse=0.000089 | ord_acc@10=0.3103 | recall@10=0.8212
Epoch 011 | Step 10 | lr=5.000000e-04 | loss=0.000089
Epoch 011 | Step 20 | lr=5.000000e-04 | loss=0.000089
Epoch 011 | Step 30 | lr=5.000000e-04 | loss=0.000092
Epoch 011 | Step 40 | lr=5.000000e-04 | loss=0.000083
Epoch 011 | Step 50 | lr=5.000000e-04 | loss=0.000085
Epoch 011 | Step 60 | lr=5.000000e-04 | loss=0.000085
Epoch 011 | Step 70 | lr=5.000000e-04 | loss=0.000089
Epoch 011 | Step 80 | lr=5.000000e-04 | loss=0.000094
Epoch 011 | Step 90 | lr=5.000000e-04 | loss=0.000084
Epoch 011 | Step 100 | lr=5.000000e-04 | loss=0.000089
Epoch 011 | Step 110 | lr=5.000000e-04 | loss=0.000082
Epoch 011 | Step 120 | lr=5.000000e-04 | loss=0.000086
Epoch 011 | Step 130 | lr=5.000000e-04 | loss=0.000086
Epoch 011 | Step 140 | lr=5.000000e-04 | loss=0.000083
Epoch 011 | Step 150 | lr=5.000000e-04 | loss=0.000084
Epoch 011 | Step 160 | lr=5.000000e-04 | loss=0.000087
Epoch 011 | Step 170 | lr=5.000000e-04 | loss=0.000082
Epoch 011 | Step 180 | lr=5.000000e-04 | loss=0.000086
Epoch 011 | Step 190 | lr=5.000000e-04 | loss=0.000085
Epoch 011 | Step 200 | lr=5.000000e-04 | loss=0.000081
Epoch 011 | Step 210 | lr=5.000000e-04 | loss=0.000092
Epoch 011 | Step 220 | lr=5.000000e-04 | loss=0.000086
Epoch 011 | Step 230 | lr=5.000000e-04 | loss=0.000085
Epoch 011 | Step 240 | lr=5.000000e-04 | loss=0.000086
Epoch 011 | Step 250 | lr=5.000000e-04 | loss=0.000085
Epoch 011 | Step 260 | lr=5.000000e-04 | loss=0.000084
Epoch 011 | Step 270 | lr=5.000000e-04 | loss=0.000087
Epoch 011 | Step 280 | lr=5.000000e-04 | loss=0.000088
Epoch 011 | Step 290 | lr=5.000000e-04 | loss=0.000087
Epoch 011 | Step 300 | lr=5.000000e-04 | loss=0.000082
Epoch 011 | Step 310 | lr=5.000000e-04 | loss=0.000090
Epoch 011 | Step 320 | lr=5.000000e-04 | loss=0.000086
Epoch 011 | Step 330 | lr=5.000000e-04 | loss=0.000087
Epoch 011 | Step 340 | lr=5.000000e-04 | loss=0.000082
Epoch 011 | Step 350 | lr=5.000000e-04 | loss=0.000084
Epoch 011 | Step 360 | lr=5.000000e-04 | loss=0.000086
Epoch 011 | Step 370 | lr=5.000000e-04 | loss=0.000085
Epoch 011 | Step 380 | lr=5.000000e-04 | loss=0.000083
Epoch 011 | Step 390 | lr=5.000000e-04 | loss=0.000084
Epoch 011 | Step 400 | lr=5.000000e-04 | loss=0.000086
Epoch 011 | Step 410 | lr=5.000000e-04 | loss=0.000088
Epoch 011 | Step 420 | lr=5.000000e-04 | loss=0.000084
Epoch 011 | Step 430 | lr=5.000000e-04 | loss=0.000086
Epoch 011 | Step 440 | lr=5.000000e-04 | loss=0.000085
Epoch 011 | Step 450 | lr=5.000000e-04 | loss=0.000088
Epoch 011 | Step 460 | lr=5.000000e-04 | loss=0.000083
Epoch 011 | Step 470 | lr=5.000000e-04 | loss=0.000085
Epoch 011 | Step 480 | lr=5.000000e-04 | loss=0.000094
Epoch 011 | Step 490 | lr=5.000000e-04 | loss=0.000089
Epoch 011 | Step 500 | lr=5.000000e-04 | loss=0.000088
Epoch 011 | Step 510 | lr=5.000000e-04 | loss=0.000108
Epoch 011 | Step 520 | lr=5.000000e-04 | loss=0.000093
Epoch 011 | Step 530 | lr=5.000000e-04 | loss=0.000090
Epoch 011 | Step 540 | lr=5.000000e-04 | loss=0.000091
Epoch 011 | Step 550 | lr=5.000000e-04 | loss=0.000085
Epoch 011 | Step 560 | lr=5.000000e-04 | loss=0.000089
Epoch 011 | Step 570 | lr=5.000000e-04 | loss=0.000091
Epoch 011 | Step 580 | lr=5.000000e-04 | loss=0.000086
Epoch 011 | Step 590 | lr=5.000000e-04 | loss=0.000084
Epoch 011 | Step 600 | lr=5.000000e-04 | loss=0.000088
Epoch 011 | Step 610 | lr=5.000000e-04 | loss=0.000091
Epoch 011 | Step 620 | lr=5.000000e-04 | loss=0.000085
Epoch 011 | Step 630 | lr=5.000000e-04 | loss=0.000083
Epoch 011 | Step 640 | lr=5.000000e-04 | loss=0.000083
Epoch 011 | Step 650 | lr=5.000000e-04 | loss=0.000086
Epoch 011 | Step 660 | lr=5.000000e-04 | loss=0.000091
Epoch 011 | Step 670 | lr=5.000000e-04 | loss=0.000091
Epoch 011 | Step 680 | lr=5.000000e-04 | loss=0.000086
Epoch 011 | Step 690 | lr=5.000000e-04 | loss=0.000087
Epoch 011 | Step 700 | lr=5.000000e-04 | loss=0.000085
Epoch 011 | Step 710 | lr=5.000000e-04 | loss=0.000083
Epoch 011 | Step 720 | lr=5.000000e-04 | loss=0.000089
Epoch 011 | Step 730 | lr=5.000000e-04 | loss=0.000088
Epoch 011 | Step 740 | lr=5.000000e-04 | loss=0.000084
Epoch 011 | Step 750 | lr=5.000000e-04 | loss=0.000088
Epoch 011 | Step 760 | lr=5.000000e-04 | loss=0.000088
Epoch 011 | Step 770 | lr=5.000000e-04 | loss=0.000081
Epoch 011 | Step 780 | lr=5.000000e-04 | loss=0.000087
Epoch 011 | Step 790 | lr=5.000000e-04 | loss=0.000088
Epoch 011 | Step 800 | lr=5.000000e-04 | loss=0.000084
Epoch 011 | Step 810 | lr=5.000000e-04 | loss=0.000084
Epoch 011 | Step 820 | lr=5.000000e-04 | loss=0.000089
Epoch 011 | Step 830 | lr=5.000000e-04 | loss=0.000088
Epoch 011 | Step 840 | lr=5.000000e-04 | loss=0.000088
Epoch 011 | Step 850 | lr=5.000000e-04 | loss=0.000083
Epoch 011 | Step 860 | lr=5.000000e-04 | loss=0.000098
Epoch 011 | Step 870 | lr=5.000000e-04 | loss=0.000090
Epoch 011 | Step 880 | lr=5.000000e-04 | loss=0.000084
Epoch 011 | Step 890 | lr=5.000000e-04 | loss=0.000084
Epoch 011 | Step 900 | lr=5.000000e-04 | loss=0.000084
Epoch 011 | Step 910 | lr=5.000000e-04 | loss=0.000090
Epoch 011 | Step 920 | lr=5.000000e-04 | loss=0.000088
Epoch 011 | Step 930 | lr=5.000000e-04 | loss=0.000086
Epoch 011 | Step 940 | lr=5.000000e-04 | loss=0.000082
Epoch 011 | Step 950 | lr=5.000000e-04 | loss=0.000084
Epoch 011 | Step 960 | lr=5.000000e-04 | loss=0.000088
epoch 011 | train_kld=0.000087 | val_kld=0.000086 | val_mae=0.002687 | val_mse=0.000086 | ord_acc@10=0.3151 | recall@10=0.8256
Epoch 012 | Step 10 | lr=4.217828e-04 | loss=0.000086
Epoch 012 | Step 20 | lr=4.217828e-04 | loss=0.000082
Epoch 012 | Step 30 | lr=4.217828e-04 | loss=0.000083
Epoch 012 | Step 40 | lr=4.217828e-04 | loss=0.000083
Epoch 012 | Step 50 | lr=4.217828e-04 | loss=0.000081
Epoch 012 | Step 60 | lr=4.217828e-04 | loss=0.000083
Epoch 012 | Step 70 | lr=4.217828e-04 | loss=0.000082
Epoch 012 | Step 80 | lr=4.217828e-04 | loss=0.000081
Epoch 012 | Step 90 | lr=4.217828e-04 | loss=0.000082
Epoch 012 | Step 100 | lr=4.217828e-04 | loss=0.000084
Epoch 012 | Step 110 | lr=4.217828e-04 | loss=0.000081
Epoch 012 | Step 120 | lr=4.217828e-04 | loss=0.000081
Epoch 012 | Step 130 | lr=4.217828e-04 | loss=0.000077
Epoch 012 | Step 140 | lr=4.217828e-04 | loss=0.000084
Epoch 012 | Step 150 | lr=4.217828e-04 | loss=0.000083
Epoch 012 | Step 160 | lr=4.217828e-04 | loss=0.000081
Epoch 012 | Step 170 | lr=4.217828e-04 | loss=0.000084
Epoch 012 | Step 180 | lr=4.217828e-04 | loss=0.000087
Epoch 012 | Step 190 | lr=4.217828e-04 | loss=0.000083
Epoch 012 | Step 200 | lr=4.217828e-04 | loss=0.000082
Epoch 012 | Step 210 | lr=4.217828e-04 | loss=0.000080
Epoch 012 | Step 220 | lr=4.217828e-04 | loss=0.000081
Epoch 012 | Step 230 | lr=4.217828e-04 | loss=0.000081
Epoch 012 | Step 240 | lr=4.217828e-04 | loss=0.000081
Epoch 012 | Step 250 | lr=4.217828e-04 | loss=0.000082
Epoch 012 | Step 260 | lr=4.217828e-04 | loss=0.000077
Epoch 012 | Step 270 | lr=4.217828e-04 | loss=0.000089
Epoch 012 | Step 280 | lr=4.217828e-04 | loss=0.000081
Epoch 012 | Step 290 | lr=4.217828e-04 | loss=0.000081
Epoch 012 | Step 300 | lr=4.217828e-04 | loss=0.000082
Epoch 012 | Step 310 | lr=4.217828e-04 | loss=0.000083
Epoch 012 | Step 320 | lr=4.217828e-04 | loss=0.000080
Epoch 012 | Step 330 | lr=4.217828e-04 | loss=0.000082
Epoch 012 | Step 340 | lr=4.217828e-04 | loss=0.000086
Epoch 012 | Step 350 | lr=4.217828e-04 | loss=0.000084
Epoch 012 | Step 360 | lr=4.217828e-04 | loss=0.000084
Epoch 012 | Step 370 | lr=4.217828e-04 | loss=0.000086
Epoch 012 | Step 380 | lr=4.217828e-04 | loss=0.000080
Epoch 012 | Step 390 | lr=4.217828e-04 | loss=0.000089
Epoch 012 | Step 400 | lr=4.217828e-04 | loss=0.000081
Epoch 012 | Step 410 | lr=4.217828e-04 | loss=0.000083
Epoch 012 | Step 420 | lr=4.217828e-04 | loss=0.000083
Epoch 012 | Step 430 | lr=4.217828e-04 | loss=0.000080
Epoch 012 | Step 440 | lr=4.217828e-04 | loss=0.000080
Epoch 012 | Step 450 | lr=4.217828e-04 | loss=0.000081
Epoch 012 | Step 460 | lr=4.217828e-04 | loss=0.000082
Epoch 012 | Step 470 | lr=4.217828e-04 | loss=0.000084
Epoch 012 | Step 480 | lr=4.217828e-04 | loss=0.000085
Epoch 012 | Step 490 | lr=4.217828e-04 | loss=0.000086
Epoch 012 | Step 500 | lr=4.217828e-04 | loss=0.000084
Epoch 012 | Step 510 | lr=4.217828e-04 | loss=0.000082
Epoch 012 | Step 520 | lr=4.217828e-04 | loss=0.000082
Epoch 012 | Step 530 | lr=4.217828e-04 | loss=0.000088
Epoch 012 | Step 540 | lr=4.217828e-04 | loss=0.000089
Epoch 012 | Step 550 | lr=4.217828e-04 | loss=0.000088
Epoch 012 | Step 560 | lr=4.217828e-04 | loss=0.000084
Epoch 012 | Step 570 | lr=4.217828e-04 | loss=0.000081
Epoch 012 | Step 580 | lr=4.217828e-04 | loss=0.000085
Epoch 012 | Step 590 | lr=4.217828e-04 | loss=0.000091
Epoch 012 | Step 600 | lr=4.217828e-04 | loss=0.000083
Epoch 012 | Step 610 | lr=4.217828e-04 | loss=0.000082
Epoch 012 | Step 620 | lr=4.217828e-04 | loss=0.000084
Epoch 012 | Step 630 | lr=4.217828e-04 | loss=0.000081
Epoch 012 | Step 640 | lr=4.217828e-04 | loss=0.000083
Epoch 012 | Step 650 | lr=4.217828e-04 | loss=0.000083
Epoch 012 | Step 660 | lr=4.217828e-04 | loss=0.000082
Epoch 012 | Step 670 | lr=4.217828e-04 | loss=0.000083
Epoch 012 | Step 680 | lr=4.217828e-04 | loss=0.000080
Epoch 012 | Step 690 | lr=4.217828e-04 | loss=0.000083
Epoch 012 | Step 700 | lr=4.217828e-04 | loss=0.000088
Epoch 012 | Step 710 | lr=4.217828e-04 | loss=0.000084
Epoch 012 | Step 720 | lr=4.217828e-04 | loss=0.000088
Epoch 012 | Step 730 | lr=4.217828e-04 | loss=0.000085
Epoch 012 | Step 740 | lr=4.217828e-04 | loss=0.000080
Epoch 012 | Step 750 | lr=4.217828e-04 | loss=0.000083
Epoch 012 | Step 760 | lr=4.217828e-04 | loss=0.000084
Epoch 012 | Step 770 | lr=4.217828e-04 | loss=0.000086
Epoch 012 | Step 780 | lr=4.217828e-04 | loss=0.000086
Epoch 012 | Step 790 | lr=4.217828e-04 | loss=0.000081
Epoch 012 | Step 800 | lr=4.217828e-04 | loss=0.000085
Epoch 012 | Step 810 | lr=4.217828e-04 | loss=0.000087
Epoch 012 | Step 820 | lr=4.217828e-04 | loss=0.000084
Epoch 012 | Step 830 | lr=4.217828e-04 | loss=0.000083
Epoch 012 | Step 840 | lr=4.217828e-04 | loss=0.000079
Epoch 012 | Step 850 | lr=4.217828e-04 | loss=0.000088
Epoch 012 | Step 860 | lr=4.217828e-04 | loss=0.000084
Epoch 012 | Step 870 | lr=4.217828e-04 | loss=0.000086
Epoch 012 | Step 880 | lr=4.217828e-04 | loss=0.000083
Epoch 012 | Step 890 | lr=4.217828e-04 | loss=0.000085
Epoch 012 | Step 900 | lr=4.217828e-04 | loss=0.000084
Epoch 012 | Step 910 | lr=4.217828e-04 | loss=0.000088
Epoch 012 | Step 920 | lr=4.217828e-04 | loss=0.000081
Epoch 012 | Step 930 | lr=4.217828e-04 | loss=0.000082
Epoch 012 | Step 940 | lr=4.217828e-04 | loss=0.000083
Epoch 012 | Step 950 | lr=4.217828e-04 | loss=0.000082
Epoch 012 | Step 960 | lr=4.217828e-04 | loss=0.000081
epoch 012 | train_kld=0.000083 | val_kld=0.000083 | val_mae=0.002654 | val_mse=0.000083 | ord_acc@10=0.3204 | recall@10=0.8232
Epoch 013 | Step 10 | lr=3.454915e-04 | loss=0.000078
Epoch 013 | Step 20 | lr=3.454915e-04 | loss=0.000080
Epoch 013 | Step 30 | lr=3.454915e-04 | loss=0.000077
Epoch 013 | Step 40 | lr=3.454915e-04 | loss=0.000077
Epoch 013 | Step 50 | lr=3.454915e-04 | loss=0.000081
Epoch 013 | Step 60 | lr=3.454915e-04 | loss=0.000078
Epoch 013 | Step 70 | lr=3.454915e-04 | loss=0.000076
Epoch 013 | Step 80 | lr=3.454915e-04 | loss=0.000080
Epoch 013 | Step 90 | lr=3.454915e-04 | loss=0.000082
Epoch 013 | Step 100 | lr=3.454915e-04 | loss=0.000081
Epoch 013 | Step 110 | lr=3.454915e-04 | loss=0.000082
Epoch 013 | Step 120 | lr=3.454915e-04 | loss=0.000081
Epoch 013 | Step 130 | lr=3.454915e-04 | loss=0.000077
Epoch 013 | Step 140 | lr=3.454915e-04 | loss=0.000082
Epoch 013 | Step 150 | lr=3.454915e-04 | loss=0.000083
Epoch 013 | Step 160 | lr=3.454915e-04 | loss=0.000083
Epoch 013 | Step 170 | lr=3.454915e-04 | loss=0.000080
Epoch 013 | Step 180 | lr=3.454915e-04 | loss=0.000078
Epoch 013 | Step 190 | lr=3.454915e-04 | loss=0.000081
Epoch 013 | Step 200 | lr=3.454915e-04 | loss=0.000081
Epoch 013 | Step 210 | lr=3.454915e-04 | loss=0.000081
Epoch 013 | Step 220 | lr=3.454915e-04 | loss=0.000081
Epoch 013 | Step 230 | lr=3.454915e-04 | loss=0.000078
Epoch 013 | Step 240 | lr=3.454915e-04 | loss=0.000078
Epoch 013 | Step 250 | lr=3.454915e-04 | loss=0.000080
Epoch 013 | Step 260 | lr=3.454915e-04 | loss=0.000077
Epoch 013 | Step 270 | lr=3.454915e-04 | loss=0.000080
Epoch 013 | Step 280 | lr=3.454915e-04 | loss=0.000076
Epoch 013 | Step 290 | lr=3.454915e-04 | loss=0.000080
Epoch 013 | Step 300 | lr=3.454915e-04 | loss=0.000079
Epoch 013 | Step 310 | lr=3.454915e-04 | loss=0.000082
Epoch 013 | Step 320 | lr=3.454915e-04 | loss=0.000079
Epoch 013 | Step 330 | lr=3.454915e-04 | loss=0.000078
Epoch 013 | Step 340 | lr=3.454915e-04 | loss=0.000081
Epoch 013 | Step 350 | lr=3.454915e-04 | loss=0.000078
Epoch 013 | Step 360 | lr=3.454915e-04 | loss=0.000077
Epoch 013 | Step 370 | lr=3.454915e-04 | loss=0.000083
Epoch 013 | Step 380 | lr=3.454915e-04 | loss=0.000082
Epoch 013 | Step 390 | lr=3.454915e-04 | loss=0.000081
Epoch 013 | Step 400 | lr=3.454915e-04 | loss=0.000083
Epoch 013 | Step 410 | lr=3.454915e-04 | loss=0.000080
Epoch 013 | Step 420 | lr=3.454915e-04 | loss=0.000082
Epoch 013 | Step 430 | lr=3.454915e-04 | loss=0.000076
Epoch 013 | Step 440 | lr=3.454915e-04 | loss=0.000085
Epoch 013 | Step 450 | lr=3.454915e-04 | loss=0.000079
Epoch 013 | Step 460 | lr=3.454915e-04 | loss=0.000079
Epoch 013 | Step 470 | lr=3.454915e-04 | loss=0.000081
Epoch 013 | Step 480 | lr=3.454915e-04 | loss=0.000081
Epoch 013 | Step 490 | lr=3.454915e-04 | loss=0.000079
Epoch 013 | Step 500 | lr=3.454915e-04 | loss=0.000080
Epoch 013 | Step 510 | lr=3.454915e-04 | loss=0.000085
Epoch 013 | Step 520 | lr=3.454915e-04 | loss=0.000083
Epoch 013 | Step 530 | lr=3.454915e-04 | loss=0.000081
Epoch 013 | Step 540 | lr=3.454915e-04 | loss=0.000078
Epoch 013 | Step 550 | lr=3.454915e-04 | loss=0.000080
Epoch 013 | Step 560 | lr=3.454915e-04 | loss=0.000079
Epoch 013 | Step 570 | lr=3.454915e-04 | loss=0.000086
Epoch 013 | Step 580 | lr=3.454915e-04 | loss=0.000076
Epoch 013 | Step 590 | lr=3.454915e-04 | loss=0.000082
Epoch 013 | Step 600 | lr=3.454915e-04 | loss=0.000081
Epoch 013 | Step 610 | lr=3.454915e-04 | loss=0.000079
Epoch 013 | Step 620 | lr=3.454915e-04 | loss=0.000077
Epoch 013 | Step 630 | lr=3.454915e-04 | loss=0.000082
Epoch 013 | Step 640 | lr=3.454915e-04 | loss=0.000081
Epoch 013 | Step 650 | lr=3.454915e-04 | loss=0.000078
Epoch 013 | Step 660 | lr=3.454915e-04 | loss=0.000080
Epoch 013 | Step 670 | lr=3.454915e-04 | loss=0.000077
Epoch 013 | Step 680 | lr=3.454915e-04 | loss=0.000080
Epoch 013 | Step 690 | lr=3.454915e-04 | loss=0.000078
Epoch 013 | Step 700 | lr=3.454915e-04 | loss=0.000080
Epoch 013 | Step 710 | lr=3.454915e-04 | loss=0.000084
Epoch 013 | Step 720 | lr=3.454915e-04 | loss=0.000080
Epoch 013 | Step 730 | lr=3.454915e-04 | loss=0.000082
Epoch 013 | Step 740 | lr=3.454915e-04 | loss=0.000078
Epoch 013 | Step 750 | lr=3.454915e-04 | loss=0.000081
Epoch 013 | Step 760 | lr=3.454915e-04 | loss=0.000081
Epoch 013 | Step 770 | lr=3.454915e-04 | loss=0.000079
Epoch 013 | Step 780 | lr=3.454915e-04 | loss=0.000081
Epoch 013 | Step 790 | lr=3.454915e-04 | loss=0.000080
Epoch 013 | Step 800 | lr=3.454915e-04 | loss=0.000079
Epoch 013 | Step 810 | lr=3.454915e-04 | loss=0.000081
Epoch 013 | Step 820 | lr=3.454915e-04 | loss=0.000082
Epoch 013 | Step 830 | lr=3.454915e-04 | loss=0.000078
Epoch 013 | Step 840 | lr=3.454915e-04 | loss=0.000081
Epoch 013 | Step 850 | lr=3.454915e-04 | loss=0.000080
Epoch 013 | Step 860 | lr=3.454915e-04 | loss=0.000083
Epoch 013 | Step 870 | lr=3.454915e-04 | loss=0.000080
Epoch 013 | Step 880 | lr=3.454915e-04 | loss=0.000077
Epoch 013 | Step 890 | lr=3.454915e-04 | loss=0.000080
Epoch 013 | Step 900 | lr=3.454915e-04 | loss=0.000084
Epoch 013 | Step 910 | lr=3.454915e-04 | loss=0.000080
Epoch 013 | Step 920 | lr=3.454915e-04 | loss=0.000082
Epoch 013 | Step 930 | lr=3.454915e-04 | loss=0.000080
Epoch 013 | Step 940 | lr=3.454915e-04 | loss=0.000081
Epoch 013 | Step 950 | lr=3.454915e-04 | loss=0.000086
Epoch 013 | Step 960 | lr=3.454915e-04 | loss=0.000080
epoch 013 | train_kld=0.000080 | val_kld=0.000082 | val_mae=0.002629 | val_mse=0.000082 | ord_acc@10=0.3192 | recall@10=0.8228
Epoch 014 | Step 10 | lr=2.730048e-04 | loss=0.000075
Epoch 014 | Step 20 | lr=2.730048e-04 | loss=0.000080
Epoch 014 | Step 30 | lr=2.730048e-04 | loss=0.000080
Epoch 014 | Step 40 | lr=2.730048e-04 | loss=0.000074
Epoch 014 | Step 50 | lr=2.730048e-04 | loss=0.000075
Epoch 014 | Step 60 | lr=2.730048e-04 | loss=0.000074
Epoch 014 | Step 70 | lr=2.730048e-04 | loss=0.000079
Epoch 014 | Step 80 | lr=2.730048e-04 | loss=0.000076
Epoch 014 | Step 90 | lr=2.730048e-04 | loss=0.000075
Epoch 014 | Step 100 | lr=2.730048e-04 | loss=0.000076
Epoch 014 | Step 110 | lr=2.730048e-04 | loss=0.000074
Epoch 014 | Step 120 | lr=2.730048e-04 | loss=0.000075
Epoch 014 | Step 130 | lr=2.730048e-04 | loss=0.000074
Epoch 014 | Step 140 | lr=2.730048e-04 | loss=0.000083
Epoch 014 | Step 150 | lr=2.730048e-04 | loss=0.000078
Epoch 014 | Step 160 | lr=2.730048e-04 | loss=0.000075
Epoch 014 | Step 170 | lr=2.730048e-04 | loss=0.000083
Epoch 014 | Step 180 | lr=2.730048e-04 | loss=0.000074
Epoch 014 | Step 190 | lr=2.730048e-04 | loss=0.000075
Epoch 014 | Step 200 | lr=2.730048e-04 | loss=0.000077
Epoch 014 | Step 210 | lr=2.730048e-04 | loss=0.000079
Epoch 014 | Step 220 | lr=2.730048e-04 | loss=0.000076
Epoch 014 | Step 230 | lr=2.730048e-04 | loss=0.000077
Epoch 014 | Step 240 | lr=2.730048e-04 | loss=0.000079
Epoch 014 | Step 250 | lr=2.730048e-04 | loss=0.000080
Epoch 014 | Step 260 | lr=2.730048e-04 | loss=0.000078
Epoch 014 | Step 270 | lr=2.730048e-04 | loss=0.000079
Epoch 014 | Step 280 | lr=2.730048e-04 | loss=0.000081
Epoch 014 | Step 290 | lr=2.730048e-04 | loss=0.000076
Epoch 014 | Step 300 | lr=2.730048e-04 | loss=0.000076
Epoch 014 | Step 310 | lr=2.730048e-04 | loss=0.000075
Epoch 014 | Step 320 | lr=2.730048e-04 | loss=0.000076
Epoch 014 | Step 330 | lr=2.730048e-04 | loss=0.000076
Epoch 014 | Step 340 | lr=2.730048e-04 | loss=0.000081
Epoch 014 | Step 350 | lr=2.730048e-04 | loss=0.000079
Epoch 014 | Step 360 | lr=2.730048e-04 | loss=0.000076
Epoch 014 | Step 370 | lr=2.730048e-04 | loss=0.000079
Epoch 014 | Step 380 | lr=2.730048e-04 | loss=0.000077
Epoch 014 | Step 390 | lr=2.730048e-04 | loss=0.000080
Epoch 014 | Step 400 | lr=2.730048e-04 | loss=0.000075
Epoch 014 | Step 410 | lr=2.730048e-04 | loss=0.000078
Epoch 014 | Step 420 | lr=2.730048e-04 | loss=0.000081
Epoch 014 | Step 430 | lr=2.730048e-04 | loss=0.000078
Epoch 014 | Step 440 | lr=2.730048e-04 | loss=0.000081
Epoch 014 | Step 450 | lr=2.730048e-04 | loss=0.000076
Epoch 014 | Step 460 | lr=2.730048e-04 | loss=0.000078
Epoch 014 | Step 470 | lr=2.730048e-04 | loss=0.000077
Epoch 014 | Step 480 | lr=2.730048e-04 | loss=0.000076
Epoch 014 | Step 490 | lr=2.730048e-04 | loss=0.000077
Epoch 014 | Step 500 | lr=2.730048e-04 | loss=0.000075
Epoch 014 | Step 510 | lr=2.730048e-04 | loss=0.000075
Epoch 014 | Step 520 | lr=2.730048e-04 | loss=0.000081
Epoch 014 | Step 530 | lr=2.730048e-04 | loss=0.000078
Epoch 014 | Step 540 | lr=2.730048e-04 | loss=0.000078
Epoch 014 | Step 550 | lr=2.730048e-04 | loss=0.000077
Epoch 014 | Step 560 | lr=2.730048e-04 | loss=0.000075
Epoch 014 | Step 570 | lr=2.730048e-04 | loss=0.000076
Epoch 014 | Step 580 | lr=2.730048e-04 | loss=0.000080
Epoch 014 | Step 590 | lr=2.730048e-04 | loss=0.000079
Epoch 014 | Step 600 | lr=2.730048e-04 | loss=0.000080
Epoch 014 | Step 610 | lr=2.730048e-04 | loss=0.000082
Epoch 014 | Step 620 | lr=2.730048e-04 | loss=0.000076
Epoch 014 | Step 630 | lr=2.730048e-04 | loss=0.000074
Epoch 014 | Step 640 | lr=2.730048e-04 | loss=0.000078
Epoch 014 | Step 650 | lr=2.730048e-04 | loss=0.000078
Epoch 014 | Step 660 | lr=2.730048e-04 | loss=0.000080
Epoch 014 | Step 670 | lr=2.730048e-04 | loss=0.000079
Epoch 014 | Step 680 | lr=2.730048e-04 | loss=0.000080
Epoch 014 | Step 690 | lr=2.730048e-04 | loss=0.000078
Epoch 014 | Step 700 | lr=2.730048e-04 | loss=0.000081
Epoch 014 | Step 710 | lr=2.730048e-04 | loss=0.000076
Epoch 014 | Step 720 | lr=2.730048e-04 | loss=0.000078
Epoch 014 | Step 730 | lr=2.730048e-04 | loss=0.000076
Epoch 014 | Step 740 | lr=2.730048e-04 | loss=0.000077
Epoch 014 | Step 750 | lr=2.730048e-04 | loss=0.000078
Epoch 014 | Step 760 | lr=2.730048e-04 | loss=0.000079
Epoch 014 | Step 770 | lr=2.730048e-04 | loss=0.000079
Epoch 014 | Step 780 | lr=2.730048e-04 | loss=0.000077
Epoch 014 | Step 790 | lr=2.730048e-04 | loss=0.000077
Epoch 014 | Step 800 | lr=2.730048e-04 | loss=0.000078
Epoch 014 | Step 810 | lr=2.730048e-04 | loss=0.000075
Epoch 014 | Step 820 | lr=2.730048e-04 | loss=0.000080
Epoch 014 | Step 830 | lr=2.730048e-04 | loss=0.000078
Epoch 014 | Step 840 | lr=2.730048e-04 | loss=0.000079
Epoch 014 | Step 850 | lr=2.730048e-04 | loss=0.000081
Epoch 014 | Step 860 | lr=2.730048e-04 | loss=0.000077
Epoch 014 | Step 870 | lr=2.730048e-04 | loss=0.000080
Epoch 014 | Step 880 | lr=2.730048e-04 | loss=0.000079
Epoch 014 | Step 890 | lr=2.730048e-04 | loss=0.000081
Epoch 014 | Step 900 | lr=2.730048e-04 | loss=0.000076
Epoch 014 | Step 910 | lr=2.730048e-04 | loss=0.000077
Epoch 014 | Step 920 | lr=2.730048e-04 | loss=0.000076
Epoch 014 | Step 930 | lr=2.730048e-04 | loss=0.000080
Epoch 014 | Step 940 | lr=2.730048e-04 | loss=0.000076
Epoch 014 | Step 950 | lr=2.730048e-04 | loss=0.000076
Epoch 014 | Step 960 | lr=2.730048e-04 | loss=0.000076
epoch 014 | train_kld=0.000078 | val_kld=0.000080 | val_mae=0.002598 | val_mse=0.000080 | ord_acc@10=0.3208 | recall@10=0.8239
Epoch 015 | Step 10 | lr=2.061074e-04 | loss=0.000076
Epoch 015 | Step 20 | lr=2.061074e-04 | loss=0.000072
Epoch 015 | Step 30 | lr=2.061074e-04 | loss=0.000075
Epoch 015 | Step 40 | lr=2.061074e-04 | loss=0.000074
Epoch 015 | Step 50 | lr=2.061074e-04 | loss=0.000076
Epoch 015 | Step 60 | lr=2.061074e-04 | loss=0.000072
Epoch 015 | Step 70 | lr=2.061074e-04 | loss=0.000075
Epoch 015 | Step 80 | lr=2.061074e-04 | loss=0.000075
Epoch 015 | Step 90 | lr=2.061074e-04 | loss=0.000075
Epoch 015 | Step 100 | lr=2.061074e-04 | loss=0.000075
Epoch 015 | Step 110 | lr=2.061074e-04 | loss=0.000076
Epoch 015 | Step 120 | lr=2.061074e-04 | loss=0.000076
Epoch 015 | Step 130 | lr=2.061074e-04 | loss=0.000073
Epoch 015 | Step 140 | lr=2.061074e-04 | loss=0.000076
Epoch 015 | Step 150 | lr=2.061074e-04 | loss=0.000072
Epoch 015 | Step 160 | lr=2.061074e-04 | loss=0.000080
Epoch 015 | Step 170 | lr=2.061074e-04 | loss=0.000075
Epoch 015 | Step 180 | lr=2.061074e-04 | loss=0.000073
Epoch 015 | Step 190 | lr=2.061074e-04 | loss=0.000077
Epoch 015 | Step 200 | lr=2.061074e-04 | loss=0.000074
Epoch 015 | Step 210 | lr=2.061074e-04 | loss=0.000072
Epoch 015 | Step 220 | lr=2.061074e-04 | loss=0.000078
Epoch 015 | Step 230 | lr=2.061074e-04 | loss=0.000082
Epoch 015 | Step 240 | lr=2.061074e-04 | loss=0.000072
Epoch 015 | Step 250 | lr=2.061074e-04 | loss=0.000078
Epoch 015 | Step 260 | lr=2.061074e-04 | loss=0.000076
Epoch 015 | Step 270 | lr=2.061074e-04 | loss=0.000074
Epoch 015 | Step 280 | lr=2.061074e-04 | loss=0.000072
Epoch 015 | Step 290 | lr=2.061074e-04 | loss=0.000077
Epoch 015 | Step 300 | lr=2.061074e-04 | loss=0.000074
Epoch 015 | Step 310 | lr=2.061074e-04 | loss=0.000075
Epoch 015 | Step 320 | lr=2.061074e-04 | loss=0.000078
Epoch 015 | Step 330 | lr=2.061074e-04 | loss=0.000072
Epoch 015 | Step 340 | lr=2.061074e-04 | loss=0.000075
Epoch 015 | Step 350 | lr=2.061074e-04 | loss=0.000076
Epoch 015 | Step 360 | lr=2.061074e-04 | loss=0.000080
Epoch 015 | Step 370 | lr=2.061074e-04 | loss=0.000073
Epoch 015 | Step 380 | lr=2.061074e-04 | loss=0.000072
Epoch 015 | Step 390 | lr=2.061074e-04 | loss=0.000076
Epoch 015 | Step 400 | lr=2.061074e-04 | loss=0.000078
Epoch 015 | Step 410 | lr=2.061074e-04 | loss=0.000075
Epoch 015 | Step 420 | lr=2.061074e-04 | loss=0.000071
Epoch 015 | Step 430 | lr=2.061074e-04 | loss=0.000078
Epoch 015 | Step 440 | lr=2.061074e-04 | loss=0.000074
Epoch 015 | Step 450 | lr=2.061074e-04 | loss=0.000076
Epoch 015 | Step 460 | lr=2.061074e-04 | loss=0.000073
Epoch 015 | Step 470 | lr=2.061074e-04 | loss=0.000076
Epoch 015 | Step 480 | lr=2.061074e-04 | loss=0.000074
Epoch 015 | Step 490 | lr=2.061074e-04 | loss=0.000078
Epoch 015 | Step 500 | lr=2.061074e-04 | loss=0.000076
Epoch 015 | Step 510 | lr=2.061074e-04 | loss=0.000076
Epoch 015 | Step 520 | lr=2.061074e-04 | loss=0.000075
Epoch 015 | Step 530 | lr=2.061074e-04 | loss=0.000073
Epoch 015 | Step 540 | lr=2.061074e-04 | loss=0.000075
Epoch 015 | Step 550 | lr=2.061074e-04 | loss=0.000073
Epoch 015 | Step 560 | lr=2.061074e-04 | loss=0.000080
Epoch 015 | Step 570 | lr=2.061074e-04 | loss=0.000074
Epoch 015 | Step 580 | lr=2.061074e-04 | loss=0.000076
Epoch 015 | Step 590 | lr=2.061074e-04 | loss=0.000074
Epoch 015 | Step 600 | lr=2.061074e-04 | loss=0.000076
Epoch 015 | Step 610 | lr=2.061074e-04 | loss=0.000076
Epoch 015 | Step 620 | lr=2.061074e-04 | loss=0.000076
Epoch 015 | Step 630 | lr=2.061074e-04 | loss=0.000078
Epoch 015 | Step 640 | lr=2.061074e-04 | loss=0.000075
Epoch 015 | Step 650 | lr=2.061074e-04 | loss=0.000075
Epoch 015 | Step 660 | lr=2.061074e-04 | loss=0.000081
Epoch 015 | Step 670 | lr=2.061074e-04 | loss=0.000077
Epoch 015 | Step 680 | lr=2.061074e-04 | loss=0.000075
Epoch 015 | Step 690 | lr=2.061074e-04 | loss=0.000076
Epoch 015 | Step 700 | lr=2.061074e-04 | loss=0.000078
Epoch 015 | Step 710 | lr=2.061074e-04 | loss=0.000076
Epoch 015 | Step 720 | lr=2.061074e-04 | loss=0.000078
Epoch 015 | Step 730 | lr=2.061074e-04 | loss=0.000073
Epoch 015 | Step 740 | lr=2.061074e-04 | loss=0.000079
Epoch 015 | Step 750 | lr=2.061074e-04 | loss=0.000080
Epoch 015 | Step 760 | lr=2.061074e-04 | loss=0.000075
Epoch 015 | Step 770 | lr=2.061074e-04 | loss=0.000078
Epoch 015 | Step 780 | lr=2.061074e-04 | loss=0.000072
Epoch 015 | Step 790 | lr=2.061074e-04 | loss=0.000072
Epoch 015 | Step 800 | lr=2.061074e-04 | loss=0.000076
Epoch 015 | Step 810 | lr=2.061074e-04 | loss=0.000076
Epoch 015 | Step 820 | lr=2.061074e-04 | loss=0.000079
Epoch 015 | Step 830 | lr=2.061074e-04 | loss=0.000071
Epoch 015 | Step 840 | lr=2.061074e-04 | loss=0.000074
Epoch 015 | Step 850 | lr=2.061074e-04 | loss=0.000078
Epoch 015 | Step 860 | lr=2.061074e-04 | loss=0.000077
Epoch 015 | Step 870 | lr=2.061074e-04 | loss=0.000078
Epoch 015 | Step 880 | lr=2.061074e-04 | loss=0.000070
Epoch 015 | Step 890 | lr=2.061074e-04 | loss=0.000077
Epoch 015 | Step 900 | lr=2.061074e-04 | loss=0.000075
Epoch 015 | Step 910 | lr=2.061074e-04 | loss=0.000074
Epoch 015 | Step 920 | lr=2.061074e-04 | loss=0.000074
Epoch 015 | Step 930 | lr=2.061074e-04 | loss=0.000071
Epoch 015 | Step 940 | lr=2.061074e-04 | loss=0.000074
Epoch 015 | Step 950 | lr=2.061074e-04 | loss=0.000075
Epoch 015 | Step 960 | lr=2.061074e-04 | loss=0.000074
epoch 015 | train_kld=0.000076 | val_kld=0.000078 | val_mae=0.002589 | val_mse=0.000078 | ord_acc@10=0.3223 | recall@10=0.8247
Epoch 016 | Step 10 | lr=1.464466e-04 | loss=0.000073
Epoch 016 | Step 20 | lr=1.464466e-04 | loss=0.000074
Epoch 016 | Step 30 | lr=1.464466e-04 | loss=0.000077
Epoch 016 | Step 40 | lr=1.464466e-04 | loss=0.000073
Epoch 016 | Step 50 | lr=1.464466e-04 | loss=0.000075
Epoch 016 | Step 60 | lr=1.464466e-04 | loss=0.000069
Epoch 016 | Step 70 | lr=1.464466e-04 | loss=0.000077
Epoch 016 | Step 80 | lr=1.464466e-04 | loss=0.000073
Epoch 016 | Step 90 | lr=1.464466e-04 | loss=0.000071
Epoch 016 | Step 100 | lr=1.464466e-04 | loss=0.000077
Epoch 016 | Step 110 | lr=1.464466e-04 | loss=0.000074
Epoch 016 | Step 120 | lr=1.464466e-04 | loss=0.000075
Epoch 016 | Step 130 | lr=1.464466e-04 | loss=0.000069
Epoch 016 | Step 140 | lr=1.464466e-04 | loss=0.000074
Epoch 016 | Step 150 | lr=1.464466e-04 | loss=0.000075
Epoch 016 | Step 160 | lr=1.464466e-04 | loss=0.000072
Epoch 016 | Step 170 | lr=1.464466e-04 | loss=0.000074
Epoch 016 | Step 180 | lr=1.464466e-04 | loss=0.000071
Epoch 016 | Step 190 | lr=1.464466e-04 | loss=0.000076
Epoch 016 | Step 200 | lr=1.464466e-04 | loss=0.000072
Epoch 016 | Step 210 | lr=1.464466e-04 | loss=0.000075
Epoch 016 | Step 220 | lr=1.464466e-04 | loss=0.000074
Epoch 016 | Step 230 | lr=1.464466e-04 | loss=0.000074
Epoch 016 | Step 240 | lr=1.464466e-04 | loss=0.000073
Epoch 016 | Step 250 | lr=1.464466e-04 | loss=0.000071
Epoch 016 | Step 260 | lr=1.464466e-04 | loss=0.000076
Epoch 016 | Step 270 | lr=1.464466e-04 | loss=0.000072
Epoch 016 | Step 280 | lr=1.464466e-04 | loss=0.000072
Epoch 016 | Step 290 | lr=1.464466e-04 | loss=0.000073
Epoch 016 | Step 300 | lr=1.464466e-04 | loss=0.000071
Epoch 016 | Step 310 | lr=1.464466e-04 | loss=0.000072
Epoch 016 | Step 320 | lr=1.464466e-04 | loss=0.000077
Epoch 016 | Step 330 | lr=1.464466e-04 | loss=0.000070
Epoch 016 | Step 340 | lr=1.464466e-04 | loss=0.000072
Epoch 016 | Step 350 | lr=1.464466e-04 | loss=0.000074
Epoch 016 | Step 360 | lr=1.464466e-04 | loss=0.000074
Epoch 016 | Step 370 | lr=1.464466e-04 | loss=0.000076
Epoch 016 | Step 380 | lr=1.464466e-04 | loss=0.000074
Epoch 016 | Step 390 | lr=1.464466e-04 | loss=0.000078
Epoch 016 | Step 400 | lr=1.464466e-04 | loss=0.000076
Epoch 016 | Step 410 | lr=1.464466e-04 | loss=0.000075
Epoch 016 | Step 420 | lr=1.464466e-04 | loss=0.000072
Epoch 016 | Step 430 | lr=1.464466e-04 | loss=0.000075
Epoch 016 | Step 440 | lr=1.464466e-04 | loss=0.000073
Epoch 016 | Step 450 | lr=1.464466e-04 | loss=0.000072
Epoch 016 | Step 460 | lr=1.464466e-04 | loss=0.000073
Epoch 016 | Step 470 | lr=1.464466e-04 | loss=0.000079
Epoch 016 | Step 480 | lr=1.464466e-04 | loss=0.000073
Epoch 016 | Step 490 | lr=1.464466e-04 | loss=0.000073
Epoch 016 | Step 500 | lr=1.464466e-04 | loss=0.000069
Epoch 016 | Step 510 | lr=1.464466e-04 | loss=0.000076
Epoch 016 | Step 520 | lr=1.464466e-04 | loss=0.000071
Epoch 016 | Step 530 | lr=1.464466e-04 | loss=0.000073
Epoch 016 | Step 540 | lr=1.464466e-04 | loss=0.000073
Epoch 016 | Step 550 | lr=1.464466e-04 | loss=0.000070
Epoch 016 | Step 560 | lr=1.464466e-04 | loss=0.000074
Epoch 016 | Step 570 | lr=1.464466e-04 | loss=0.000071
Epoch 016 | Step 580 | lr=1.464466e-04 | loss=0.000079
Epoch 016 | Step 590 | lr=1.464466e-04 | loss=0.000072
Epoch 016 | Step 600 | lr=1.464466e-04 | loss=0.000074
Epoch 016 | Step 610 | lr=1.464466e-04 | loss=0.000072
Epoch 016 | Step 620 | lr=1.464466e-04 | loss=0.000073
Epoch 016 | Step 630 | lr=1.464466e-04 | loss=0.000074
Epoch 016 | Step 640 | lr=1.464466e-04 | loss=0.000073
Epoch 016 | Step 650 | lr=1.464466e-04 | loss=0.000072
Epoch 016 | Step 660 | lr=1.464466e-04 | loss=0.000072
Epoch 016 | Step 670 | lr=1.464466e-04 | loss=0.000073
Epoch 016 | Step 680 | lr=1.464466e-04 | loss=0.000074
Epoch 016 | Step 690 | lr=1.464466e-04 | loss=0.000074
Epoch 016 | Step 700 | lr=1.464466e-04 | loss=0.000074
Epoch 016 | Step 710 | lr=1.464466e-04 | loss=0.000078
Epoch 016 | Step 720 | lr=1.464466e-04 | loss=0.000071
Epoch 016 | Step 730 | lr=1.464466e-04 | loss=0.000073
Epoch 016 | Step 740 | lr=1.464466e-04 | loss=0.000074
Epoch 016 | Step 750 | lr=1.464466e-04 | loss=0.000073
Epoch 016 | Step 760 | lr=1.464466e-04 | loss=0.000072
Epoch 016 | Step 770 | lr=1.464466e-04 | loss=0.000070
Epoch 016 | Step 780 | lr=1.464466e-04 | loss=0.000073
Epoch 016 | Step 790 | lr=1.464466e-04 | loss=0.000070
Epoch 016 | Step 800 | lr=1.464466e-04 | loss=0.000075
Epoch 016 | Step 810 | lr=1.464466e-04 | loss=0.000076
Epoch 016 | Step 820 | lr=1.464466e-04 | loss=0.000073
Epoch 016 | Step 830 | lr=1.464466e-04 | loss=0.000073
Epoch 016 | Step 840 | lr=1.464466e-04 | loss=0.000070
Epoch 016 | Step 850 | lr=1.464466e-04 | loss=0.000074
Epoch 016 | Step 860 | lr=1.464466e-04 | loss=0.000071
Epoch 016 | Step 870 | lr=1.464466e-04 | loss=0.000073
Epoch 016 | Step 880 | lr=1.464466e-04 | loss=0.000077
Epoch 016 | Step 890 | lr=1.464466e-04 | loss=0.000069
Epoch 016 | Step 900 | lr=1.464466e-04 | loss=0.000071
Epoch 016 | Step 910 | lr=1.464466e-04 | loss=0.000077
Epoch 016 | Step 920 | lr=1.464466e-04 | loss=0.000074
Epoch 016 | Step 930 | lr=1.464466e-04 | loss=0.000073
Epoch 016 | Step 940 | lr=1.464466e-04 | loss=0.000075
Epoch 016 | Step 950 | lr=1.464466e-04 | loss=0.000075
Epoch 016 | Step 960 | lr=1.464466e-04 | loss=0.000077
epoch 016 | train_kld=0.000073 | val_kld=0.000077 | val_mae=0.002570 | val_mse=0.000077 | ord_acc@10=0.3239 | recall@10=0.8271
Epoch 017 | Step 10 | lr=9.549150e-05 | loss=0.000072
Epoch 017 | Step 20 | lr=9.549150e-05 | loss=0.000071
Epoch 017 | Step 30 | lr=9.549150e-05 | loss=0.000073
Epoch 017 | Step 40 | lr=9.549150e-05 | loss=0.000073
Epoch 017 | Step 50 | lr=9.549150e-05 | loss=0.000074
Epoch 017 | Step 60 | lr=9.549150e-05 | loss=0.000070
Epoch 017 | Step 70 | lr=9.549150e-05 | loss=0.000073
Epoch 017 | Step 80 | lr=9.549150e-05 | loss=0.000073
Epoch 017 | Step 90 | lr=9.549150e-05 | loss=0.000071
Epoch 017 | Step 100 | lr=9.549150e-05 | loss=0.000068
Epoch 017 | Step 110 | lr=9.549150e-05 | loss=0.000069
Epoch 017 | Step 120 | lr=9.549150e-05 | loss=0.000072
Epoch 017 | Step 130 | lr=9.549150e-05 | loss=0.000068
Epoch 017 | Step 140 | lr=9.549150e-05 | loss=0.000070
Epoch 017 | Step 150 | lr=9.549150e-05 | loss=0.000073
Epoch 017 | Step 160 | lr=9.549150e-05 | loss=0.000074
Epoch 017 | Step 170 | lr=9.549150e-05 | loss=0.000070
Epoch 017 | Step 180 | lr=9.549150e-05 | loss=0.000073
Epoch 017 | Step 190 | lr=9.549150e-05 | loss=0.000070
Epoch 017 | Step 200 | lr=9.549150e-05 | loss=0.000070
Epoch 017 | Step 210 | lr=9.549150e-05 | loss=0.000069
Epoch 017 | Step 220 | lr=9.549150e-05 | loss=0.000073
Epoch 017 | Step 230 | lr=9.549150e-05 | loss=0.000069
Epoch 017 | Step 240 | lr=9.549150e-05 | loss=0.000072
Epoch 017 | Step 250 | lr=9.549150e-05 | loss=0.000078
Epoch 017 | Step 260 | lr=9.549150e-05 | loss=0.000073
Epoch 017 | Step 270 | lr=9.549150e-05 | loss=0.000072
Epoch 017 | Step 280 | lr=9.549150e-05 | loss=0.000072
Epoch 017 | Step 290 | lr=9.549150e-05 | loss=0.000069
Epoch 017 | Step 300 | lr=9.549150e-05 | loss=0.000073
Epoch 017 | Step 310 | lr=9.549150e-05 | loss=0.000076
Epoch 017 | Step 320 | lr=9.549150e-05 | loss=0.000074
Epoch 017 | Step 330 | lr=9.549150e-05 | loss=0.000071
Epoch 017 | Step 340 | lr=9.549150e-05 | loss=0.000072
Epoch 017 | Step 350 | lr=9.549150e-05 | loss=0.000074
Epoch 017 | Step 360 | lr=9.549150e-05 | loss=0.000070
Epoch 017 | Step 370 | lr=9.549150e-05 | loss=0.000070
Epoch 017 | Step 380 | lr=9.549150e-05 | loss=0.000071
Epoch 017 | Step 390 | lr=9.549150e-05 | loss=0.000076
Epoch 017 | Step 400 | lr=9.549150e-05 | loss=0.000071
Epoch 017 | Step 410 | lr=9.549150e-05 | loss=0.000073
Epoch 017 | Step 420 | lr=9.549150e-05 | loss=0.000071
Epoch 017 | Step 430 | lr=9.549150e-05 | loss=0.000073
Epoch 017 | Step 440 | lr=9.549150e-05 | loss=0.000073
Epoch 017 | Step 450 | lr=9.549150e-05 | loss=0.000069
Epoch 017 | Step 460 | lr=9.549150e-05 | loss=0.000069
Epoch 017 | Step 470 | lr=9.549150e-05 | loss=0.000071
Epoch 017 | Step 480 | lr=9.549150e-05 | loss=0.000073
Epoch 017 | Step 490 | lr=9.549150e-05 | loss=0.000073
Epoch 017 | Step 500 | lr=9.549150e-05 | loss=0.000070
Epoch 017 | Step 510 | lr=9.549150e-05 | loss=0.000071
Epoch 017 | Step 520 | lr=9.549150e-05 | loss=0.000072
Epoch 017 | Step 530 | lr=9.549150e-05 | loss=0.000077
Epoch 017 | Step 540 | lr=9.549150e-05 | loss=0.000070
Epoch 017 | Step 550 | lr=9.549150e-05 | loss=0.000072
Epoch 017 | Step 560 | lr=9.549150e-05 | loss=0.000071
Epoch 017 | Step 570 | lr=9.549150e-05 | loss=0.000073
Epoch 017 | Step 580 | lr=9.549150e-05 | loss=0.000066
Epoch 017 | Step 590 | lr=9.549150e-05 | loss=0.000071
Epoch 017 | Step 600 | lr=9.549150e-05 | loss=0.000072
Epoch 017 | Step 610 | lr=9.549150e-05 | loss=0.000071
Epoch 017 | Step 620 | lr=9.549150e-05 | loss=0.000072
Epoch 017 | Step 630 | lr=9.549150e-05 | loss=0.000074
Epoch 017 | Step 640 | lr=9.549150e-05 | loss=0.000073
Epoch 017 | Step 650 | lr=9.549150e-05 | loss=0.000072
Epoch 017 | Step 660 | lr=9.549150e-05 | loss=0.000071
Epoch 017 | Step 670 | lr=9.549150e-05 | loss=0.000071
Epoch 017 | Step 680 | lr=9.549150e-05 | loss=0.000072
Epoch 017 | Step 690 | lr=9.549150e-05 | loss=0.000071
Epoch 017 | Step 700 | lr=9.549150e-05 | loss=0.000074
Epoch 017 | Step 710 | lr=9.549150e-05 | loss=0.000072
Epoch 017 | Step 720 | lr=9.549150e-05 | loss=0.000073
Epoch 017 | Step 730 | lr=9.549150e-05 | loss=0.000073
Epoch 017 | Step 740 | lr=9.549150e-05 | loss=0.000075
Epoch 017 | Step 750 | lr=9.549150e-05 | loss=0.000070
Epoch 017 | Step 760 | lr=9.549150e-05 | loss=0.000071
Epoch 017 | Step 770 | lr=9.549150e-05 | loss=0.000073
Epoch 017 | Step 780 | lr=9.549150e-05 | loss=0.000073
Epoch 017 | Step 790 | lr=9.549150e-05 | loss=0.000076
Epoch 017 | Step 800 | lr=9.549150e-05 | loss=0.000075
Epoch 017 | Step 810 | lr=9.549150e-05 | loss=0.000072
Epoch 017 | Step 820 | lr=9.549150e-05 | loss=0.000075
Epoch 017 | Step 830 | lr=9.549150e-05 | loss=0.000073
Epoch 017 | Step 840 | lr=9.549150e-05 | loss=0.000068
Epoch 017 | Step 850 | lr=9.549150e-05 | loss=0.000073
Epoch 017 | Step 860 | lr=9.549150e-05 | loss=0.000071
Epoch 017 | Step 870 | lr=9.549150e-05 | loss=0.000075
Epoch 017 | Step 880 | lr=9.549150e-05 | loss=0.000071
Epoch 017 | Step 890 | lr=9.549150e-05 | loss=0.000073
Epoch 017 | Step 900 | lr=9.549150e-05 | loss=0.000071
Epoch 017 | Step 910 | lr=9.549150e-05 | loss=0.000073
Epoch 017 | Step 920 | lr=9.549150e-05 | loss=0.000070
Epoch 017 | Step 930 | lr=9.549150e-05 | loss=0.000075
Epoch 017 | Step 940 | lr=9.549150e-05 | loss=0.000074
Epoch 017 | Step 950 | lr=9.549150e-05 | loss=0.000073
Epoch 017 | Step 960 | lr=9.549150e-05 | loss=0.000071
epoch 017 | train_kld=0.000072 | val_kld=0.000077 | val_mae=0.002557 | val_mse=0.000077 | ord_acc@10=0.3224 | recall@10=0.8234
Epoch 018 | Step 10 | lr=5.449674e-05 | loss=0.000066
Epoch 018 | Step 20 | lr=5.449674e-05 | loss=0.000069
Epoch 018 | Step 30 | lr=5.449674e-05 | loss=0.000071
Epoch 018 | Step 40 | lr=5.449674e-05 | loss=0.000071
Epoch 018 | Step 50 | lr=5.449674e-05 | loss=0.000070
Epoch 018 | Step 60 | lr=5.449674e-05 | loss=0.000069
Epoch 018 | Step 70 | lr=5.449674e-05 | loss=0.000069
Epoch 018 | Step 80 | lr=5.449674e-05 | loss=0.000072
Epoch 018 | Step 90 | lr=5.449674e-05 | loss=0.000071
Epoch 018 | Step 100 | lr=5.449674e-05 | loss=0.000069
Epoch 018 | Step 110 | lr=5.449674e-05 | loss=0.000070
Epoch 018 | Step 120 | lr=5.449674e-05 | loss=0.000070
Epoch 018 | Step 130 | lr=5.449674e-05 | loss=0.000071
Epoch 018 | Step 140 | lr=5.449674e-05 | loss=0.000071
Epoch 018 | Step 150 | lr=5.449674e-05 | loss=0.000068
Epoch 018 | Step 160 | lr=5.449674e-05 | loss=0.000070
Epoch 018 | Step 170 | lr=5.449674e-05 | loss=0.000071
Epoch 018 | Step 180 | lr=5.449674e-05 | loss=0.000070
Epoch 018 | Step 190 | lr=5.449674e-05 | loss=0.000066
Epoch 018 | Step 200 | lr=5.449674e-05 | loss=0.000069
Epoch 018 | Step 210 | lr=5.449674e-05 | loss=0.000068
Epoch 018 | Step 220 | lr=5.449674e-05 | loss=0.000067
Epoch 018 | Step 230 | lr=5.449674e-05 | loss=0.000069
Epoch 018 | Step 240 | lr=5.449674e-05 | loss=0.000070
Epoch 018 | Step 250 | lr=5.449674e-05 | loss=0.000071
Epoch 018 | Step 260 | lr=5.449674e-05 | loss=0.000074
Epoch 018 | Step 270 | lr=5.449674e-05 | loss=0.000073
Epoch 018 | Step 280 | lr=5.449674e-05 | loss=0.000069
Epoch 018 | Step 290 | lr=5.449674e-05 | loss=0.000068
Epoch 018 | Step 300 | lr=5.449674e-05 | loss=0.000071
Epoch 018 | Step 310 | lr=5.449674e-05 | loss=0.000070
Epoch 018 | Step 320 | lr=5.449674e-05 | loss=0.000072
Epoch 018 | Step 330 | lr=5.449674e-05 | loss=0.000069
Epoch 018 | Step 340 | lr=5.449674e-05 | loss=0.000072
Epoch 018 | Step 350 | lr=5.449674e-05 | loss=0.000072
Epoch 018 | Step 360 | lr=5.449674e-05 | loss=0.000079
Epoch 018 | Step 370 | lr=5.449674e-05 | loss=0.000070
Epoch 018 | Step 380 | lr=5.449674e-05 | loss=0.000070
Epoch 018 | Step 390 | lr=5.449674e-05 | loss=0.000071
Epoch 018 | Step 400 | lr=5.449674e-05 | loss=0.000071
Epoch 018 | Step 410 | lr=5.449674e-05 | loss=0.000068
Epoch 018 | Step 420 | lr=5.449674e-05 | loss=0.000072
Epoch 018 | Step 430 | lr=5.449674e-05 | loss=0.000070
Epoch 018 | Step 440 | lr=5.449674e-05 | loss=0.000071
Epoch 018 | Step 450 | lr=5.449674e-05 | loss=0.000070
Epoch 018 | Step 460 | lr=5.449674e-05 | loss=0.000071
Epoch 018 | Step 470 | lr=5.449674e-05 | loss=0.000070
Epoch 018 | Step 480 | lr=5.449674e-05 | loss=0.000071
Epoch 018 | Step 490 | lr=5.449674e-05 | loss=0.000070
Epoch 018 | Step 500 | lr=5.449674e-05 | loss=0.000071
Epoch 018 | Step 510 | lr=5.449674e-05 | loss=0.000072
Epoch 018 | Step 520 | lr=5.449674e-05 | loss=0.000070
Epoch 018 | Step 530 | lr=5.449674e-05 | loss=0.000072
Epoch 018 | Step 540 | lr=5.449674e-05 | loss=0.000073
Epoch 018 | Step 550 | lr=5.449674e-05 | loss=0.000069
Epoch 018 | Step 560 | lr=5.449674e-05 | loss=0.000068
Epoch 018 | Step 570 | lr=5.449674e-05 | loss=0.000073
Epoch 018 | Step 580 | lr=5.449674e-05 | loss=0.000070
Epoch 018 | Step 590 | lr=5.449674e-05 | loss=0.000073
Epoch 018 | Step 600 | lr=5.449674e-05 | loss=0.000070
Epoch 018 | Step 610 | lr=5.449674e-05 | loss=0.000072
Epoch 018 | Step 620 | lr=5.449674e-05 | loss=0.000071
Epoch 018 | Step 630 | lr=5.449674e-05 | loss=0.000069
Epoch 018 | Step 640 | lr=5.449674e-05 | loss=0.000072
Epoch 018 | Step 650 | lr=5.449674e-05 | loss=0.000067
Epoch 018 | Step 660 | lr=5.449674e-05 | loss=0.000073
Epoch 018 | Step 670 | lr=5.449674e-05 | loss=0.000073
Epoch 018 | Step 680 | lr=5.449674e-05 | loss=0.000072
Epoch 018 | Step 690 | lr=5.449674e-05 | loss=0.000070
Epoch 018 | Step 700 | lr=5.449674e-05 | loss=0.000070
Epoch 018 | Step 710 | lr=5.449674e-05 | loss=0.000072
Epoch 018 | Step 720 | lr=5.449674e-05 | loss=0.000071
Epoch 018 | Step 730 | lr=5.449674e-05 | loss=0.000075
Epoch 018 | Step 740 | lr=5.449674e-05 | loss=0.000070
Epoch 018 | Step 750 | lr=5.449674e-05 | loss=0.000075
Epoch 018 | Step 760 | lr=5.449674e-05 | loss=0.000072
Epoch 018 | Step 770 | lr=5.449674e-05 | loss=0.000072
Epoch 018 | Step 780 | lr=5.449674e-05 | loss=0.000069
Epoch 018 | Step 790 | lr=5.449674e-05 | loss=0.000073
Epoch 018 | Step 800 | lr=5.449674e-05 | loss=0.000069
Epoch 018 | Step 810 | lr=5.449674e-05 | loss=0.000073
Epoch 018 | Step 820 | lr=5.449674e-05 | loss=0.000070
Epoch 018 | Step 830 | lr=5.449674e-05 | loss=0.000069
Epoch 018 | Step 840 | lr=5.449674e-05 | loss=0.000070
Epoch 018 | Step 850 | lr=5.449674e-05 | loss=0.000070
Epoch 018 | Step 860 | lr=5.449674e-05 | loss=0.000071
Epoch 018 | Step 870 | lr=5.449674e-05 | loss=0.000071
Epoch 018 | Step 880 | lr=5.449674e-05 | loss=0.000069
Epoch 018 | Step 890 | lr=5.449674e-05 | loss=0.000070
Epoch 018 | Step 900 | lr=5.449674e-05 | loss=0.000070
Epoch 018 | Step 910 | lr=5.449674e-05 | loss=0.000070
Epoch 018 | Step 920 | lr=5.449674e-05 | loss=0.000070
Epoch 018 | Step 930 | lr=5.449674e-05 | loss=0.000076
Epoch 018 | Step 940 | lr=5.449674e-05 | loss=0.000070
Epoch 018 | Step 950 | lr=5.449674e-05 | loss=0.000068
Epoch 018 | Step 960 | lr=5.449674e-05 | loss=0.000070
epoch 018 | train_kld=0.000071 | val_kld=0.000075 | val_mae=0.002545 | val_mse=0.000075 | ord_acc@10=0.3242 | recall@10=0.8263
Epoch 019 | Step 10 | lr=2.447174e-05 | loss=0.000067
Epoch 019 | Step 20 | lr=2.447174e-05 | loss=0.000071
Epoch 019 | Step 30 | lr=2.447174e-05 | loss=0.000070
Epoch 019 | Step 40 | lr=2.447174e-05 | loss=0.000073
Epoch 019 | Step 50 | lr=2.447174e-05 | loss=0.000072
Epoch 019 | Step 60 | lr=2.447174e-05 | loss=0.000069
Epoch 019 | Step 70 | lr=2.447174e-05 | loss=0.000069
Epoch 019 | Step 80 | lr=2.447174e-05 | loss=0.000068
Epoch 019 | Step 90 | lr=2.447174e-05 | loss=0.000067
Epoch 019 | Step 100 | lr=2.447174e-05 | loss=0.000067
Epoch 019 | Step 110 | lr=2.447174e-05 | loss=0.000071
Epoch 019 | Step 120 | lr=2.447174e-05 | loss=0.000070
Epoch 019 | Step 130 | lr=2.447174e-05 | loss=0.000068
Epoch 019 | Step 140 | lr=2.447174e-05 | loss=0.000070
Epoch 019 | Step 150 | lr=2.447174e-05 | loss=0.000067
Epoch 019 | Step 160 | lr=2.447174e-05 | loss=0.000070
Epoch 019 | Step 170 | lr=2.447174e-05 | loss=0.000070
Epoch 019 | Step 180 | lr=2.447174e-05 | loss=0.000071
Epoch 019 | Step 190 | lr=2.447174e-05 | loss=0.000071
Epoch 019 | Step 200 | lr=2.447174e-05 | loss=0.000075
Epoch 019 | Step 210 | lr=2.447174e-05 | loss=0.000073
Epoch 019 | Step 220 | lr=2.447174e-05 | loss=0.000069
Epoch 019 | Step 230 | lr=2.447174e-05 | loss=0.000071
Epoch 019 | Step 240 | lr=2.447174e-05 | loss=0.000067
Epoch 019 | Step 250 | lr=2.447174e-05 | loss=0.000070
Epoch 019 | Step 260 | lr=2.447174e-05 | loss=0.000071
Epoch 019 | Step 270 | lr=2.447174e-05 | loss=0.000069
Epoch 019 | Step 280 | lr=2.447174e-05 | loss=0.000072
Epoch 019 | Step 290 | lr=2.447174e-05 | loss=0.000072
Epoch 019 | Step 300 | lr=2.447174e-05 | loss=0.000071
Epoch 019 | Step 310 | lr=2.447174e-05 | loss=0.000069
Epoch 019 | Step 320 | lr=2.447174e-05 | loss=0.000069
Epoch 019 | Step 330 | lr=2.447174e-05 | loss=0.000068
Epoch 019 | Step 340 | lr=2.447174e-05 | loss=0.000069
Epoch 019 | Step 350 | lr=2.447174e-05 | loss=0.000069
Epoch 019 | Step 360 | lr=2.447174e-05 | loss=0.000070
Epoch 019 | Step 370 | lr=2.447174e-05 | loss=0.000071
Epoch 019 | Step 380 | lr=2.447174e-05 | loss=0.000071
Epoch 019 | Step 390 | lr=2.447174e-05 | loss=0.000071
Epoch 019 | Step 400 | lr=2.447174e-05 | loss=0.000068
Epoch 019 | Step 410 | lr=2.447174e-05 | loss=0.000069
Epoch 019 | Step 420 | lr=2.447174e-05 | loss=0.000067
Epoch 019 | Step 430 | lr=2.447174e-05 | loss=0.000069
Epoch 019 | Step 440 | lr=2.447174e-05 | loss=0.000070
Epoch 019 | Step 450 | lr=2.447174e-05 | loss=0.000072
Epoch 019 | Step 460 | lr=2.447174e-05 | loss=0.000073
Epoch 019 | Step 470 | lr=2.447174e-05 | loss=0.000070
Epoch 019 | Step 480 | lr=2.447174e-05 | loss=0.000071
Epoch 019 | Step 490 | lr=2.447174e-05 | loss=0.000068
Epoch 019 | Step 500 | lr=2.447174e-05 | loss=0.000070
Epoch 019 | Step 510 | lr=2.447174e-05 | loss=0.000070
Epoch 019 | Step 520 | lr=2.447174e-05 | loss=0.000066
Epoch 019 | Step 530 | lr=2.447174e-05 | loss=0.000067
Epoch 019 | Step 540 | lr=2.447174e-05 | loss=0.000068
Epoch 019 | Step 550 | lr=2.447174e-05 | loss=0.000074
Epoch 019 | Step 560 | lr=2.447174e-05 | loss=0.000068
Epoch 019 | Step 570 | lr=2.447174e-05 | loss=0.000068
Epoch 019 | Step 580 | lr=2.447174e-05 | loss=0.000069
Epoch 019 | Step 590 | lr=2.447174e-05 | loss=0.000072
Epoch 019 | Step 600 | lr=2.447174e-05 | loss=0.000070
Epoch 019 | Step 610 | lr=2.447174e-05 | loss=0.000069
Epoch 019 | Step 620 | lr=2.447174e-05 | loss=0.000067
Epoch 019 | Step 630 | lr=2.447174e-05 | loss=0.000070
Epoch 019 | Step 640 | lr=2.447174e-05 | loss=0.000067
Epoch 019 | Step 650 | lr=2.447174e-05 | loss=0.000070
Epoch 019 | Step 660 | lr=2.447174e-05 | loss=0.000069
Epoch 019 | Step 670 | lr=2.447174e-05 | loss=0.000072
Epoch 019 | Step 680 | lr=2.447174e-05 | loss=0.000069
Epoch 019 | Step 690 | lr=2.447174e-05 | loss=0.000074
Epoch 019 | Step 700 | lr=2.447174e-05 | loss=0.000069
Epoch 019 | Step 710 | lr=2.447174e-05 | loss=0.000069
Epoch 019 | Step 720 | lr=2.447174e-05 | loss=0.000071
Epoch 019 | Step 730 | lr=2.447174e-05 | loss=0.000073
Epoch 019 | Step 740 | lr=2.447174e-05 | loss=0.000069
Epoch 019 | Step 750 | lr=2.447174e-05 | loss=0.000072
Epoch 019 | Step 760 | lr=2.447174e-05 | loss=0.000071
Epoch 019 | Step 770 | lr=2.447174e-05 | loss=0.000069
Epoch 019 | Step 780 | lr=2.447174e-05 | loss=0.000069
Epoch 019 | Step 790 | lr=2.447174e-05 | loss=0.000071
Epoch 019 | Step 800 | lr=2.447174e-05 | loss=0.000068
Epoch 019 | Step 810 | lr=2.447174e-05 | loss=0.000074
Epoch 019 | Step 820 | lr=2.447174e-05 | loss=0.000070
Epoch 019 | Step 830 | lr=2.447174e-05 | loss=0.000069
Epoch 019 | Step 840 | lr=2.447174e-05 | loss=0.000072
Epoch 019 | Step 850 | lr=2.447174e-05 | loss=0.000072
Epoch 019 | Step 860 | lr=2.447174e-05 | loss=0.000070
Epoch 019 | Step 870 | lr=2.447174e-05 | loss=0.000071
Epoch 019 | Step 880 | lr=2.447174e-05 | loss=0.000068
Epoch 019 | Step 890 | lr=2.447174e-05 | loss=0.000069
Epoch 019 | Step 900 | lr=2.447174e-05 | loss=0.000069
Epoch 019 | Step 910 | lr=2.447174e-05 | loss=0.000072
Epoch 019 | Step 920 | lr=2.447174e-05 | loss=0.000071
Epoch 019 | Step 930 | lr=2.447174e-05 | loss=0.000073
Epoch 019 | Step 940 | lr=2.447174e-05 | loss=0.000070
Epoch 019 | Step 950 | lr=2.447174e-05 | loss=0.000068
Epoch 019 | Step 960 | lr=2.447174e-05 | loss=0.000068
epoch 019 | train_kld=0.000070 | val_kld=0.000075 | val_mae=0.002541 | val_mse=0.000075 | ord_acc@10=0.3253 | recall@10=0.8257
Epoch 020 | Step 10 | lr=6.155830e-06 | loss=0.000066
Epoch 020 | Step 20 | lr=6.155830e-06 | loss=0.000067
Epoch 020 | Step 30 | lr=6.155830e-06 | loss=0.000071
Epoch 020 | Step 40 | lr=6.155830e-06 | loss=0.000070
Epoch 020 | Step 50 | lr=6.155830e-06 | loss=0.000067
Epoch 020 | Step 60 | lr=6.155830e-06 | loss=0.000066
Epoch 020 | Step 70 | lr=6.155830e-06 | loss=0.000068
Epoch 020 | Step 80 | lr=6.155830e-06 | loss=0.000070
Epoch 020 | Step 90 | lr=6.155830e-06 | loss=0.000069
Epoch 020 | Step 100 | lr=6.155830e-06 | loss=0.000066
Epoch 020 | Step 110 | lr=6.155830e-06 | loss=0.000071
Epoch 020 | Step 120 | lr=6.155830e-06 | loss=0.000067
Epoch 020 | Step 130 | lr=6.155830e-06 | loss=0.000069
Epoch 020 | Step 140 | lr=6.155830e-06 | loss=0.000066
Epoch 020 | Step 150 | lr=6.155830e-06 | loss=0.000068
Epoch 020 | Step 160 | lr=6.155830e-06 | loss=0.000068
Epoch 020 | Step 170 | lr=6.155830e-06 | loss=0.000067
Epoch 020 | Step 180 | lr=6.155830e-06 | loss=0.000073
Epoch 020 | Step 190 | lr=6.155830e-06 | loss=0.000069
Epoch 020 | Step 200 | lr=6.155830e-06 | loss=0.000070
Epoch 020 | Step 210 | lr=6.155830e-06 | loss=0.000071
Epoch 020 | Step 220 | lr=6.155830e-06 | loss=0.000069
Epoch 020 | Step 230 | lr=6.155830e-06 | loss=0.000065
Epoch 020 | Step 240 | lr=6.155830e-06 | loss=0.000069
Epoch 020 | Step 250 | lr=6.155830e-06 | loss=0.000069
Epoch 020 | Step 260 | lr=6.155830e-06 | loss=0.000073
Epoch 020 | Step 270 | lr=6.155830e-06 | loss=0.000072
Epoch 020 | Step 280 | lr=6.155830e-06 | loss=0.000065
Epoch 020 | Step 290 | lr=6.155830e-06 | loss=0.000069
Epoch 020 | Step 300 | lr=6.155830e-06 | loss=0.000070
Epoch 020 | Step 310 | lr=6.155830e-06 | loss=0.000068
Epoch 020 | Step 320 | lr=6.155830e-06 | loss=0.000069
Epoch 020 | Step 330 | lr=6.155830e-06 | loss=0.000070
Epoch 020 | Step 340 | lr=6.155830e-06 | loss=0.000068
Epoch 020 | Step 350 | lr=6.155830e-06 | loss=0.000072
Epoch 020 | Step 360 | lr=6.155830e-06 | loss=0.000068
Epoch 020 | Step 370 | lr=6.155830e-06 | loss=0.000067
Epoch 020 | Step 380 | lr=6.155830e-06 | loss=0.000068
Epoch 020 | Step 390 | lr=6.155830e-06 | loss=0.000068
Epoch 020 | Step 400 | lr=6.155830e-06 | loss=0.000067
Epoch 020 | Step 410 | lr=6.155830e-06 | loss=0.000068
Epoch 020 | Step 420 | lr=6.155830e-06 | loss=0.000071
Epoch 020 | Step 430 | lr=6.155830e-06 | loss=0.000068
Epoch 020 | Step 440 | lr=6.155830e-06 | loss=0.000068
Epoch 020 | Step 450 | lr=6.155830e-06 | loss=0.000067
Epoch 020 | Step 460 | lr=6.155830e-06 | loss=0.000071
Epoch 020 | Step 470 | lr=6.155830e-06 | loss=0.000067
Epoch 020 | Step 480 | lr=6.155830e-06 | loss=0.000071
Epoch 020 | Step 490 | lr=6.155830e-06 | loss=0.000068
Epoch 020 | Step 500 | lr=6.155830e-06 | loss=0.000068
Epoch 020 | Step 510 | lr=6.155830e-06 | loss=0.000070
Epoch 020 | Step 520 | lr=6.155830e-06 | loss=0.000069
Epoch 020 | Step 530 | lr=6.155830e-06 | loss=0.000068
Epoch 020 | Step 540 | lr=6.155830e-06 | loss=0.000071
Epoch 020 | Step 550 | lr=6.155830e-06 | loss=0.000068
Epoch 020 | Step 560 | lr=6.155830e-06 | loss=0.000069
Epoch 020 | Step 570 | lr=6.155830e-06 | loss=0.000067
Epoch 020 | Step 580 | lr=6.155830e-06 | loss=0.000072
Epoch 020 | Step 590 | lr=6.155830e-06 | loss=0.000069
Epoch 020 | Step 600 | lr=6.155830e-06 | loss=0.000069
Epoch 020 | Step 610 | lr=6.155830e-06 | loss=0.000069
Epoch 020 | Step 620 | lr=6.155830e-06 | loss=0.000074
Epoch 020 | Step 630 | lr=6.155830e-06 | loss=0.000071
Epoch 020 | Step 640 | lr=6.155830e-06 | loss=0.000069
Epoch 020 | Step 650 | lr=6.155830e-06 | loss=0.000068
Epoch 020 | Step 660 | lr=6.155830e-06 | loss=0.000069
Epoch 020 | Step 670 | lr=6.155830e-06 | loss=0.000069
Epoch 020 | Step 680 | lr=6.155830e-06 | loss=0.000069
Epoch 020 | Step 690 | lr=6.155830e-06 | loss=0.000074
Epoch 020 | Step 700 | lr=6.155830e-06 | loss=0.000069
Epoch 020 | Step 710 | lr=6.155830e-06 | loss=0.000068
Epoch 020 | Step 720 | lr=6.155830e-06 | loss=0.000069
Epoch 020 | Step 730 | lr=6.155830e-06 | loss=0.000067
Epoch 020 | Step 740 | lr=6.155830e-06 | loss=0.000070
Epoch 020 | Step 750 | lr=6.155830e-06 | loss=0.000067
Epoch 020 | Step 760 | lr=6.155830e-06 | loss=0.000074
Epoch 020 | Step 770 | lr=6.155830e-06 | loss=0.000070
Epoch 020 | Step 780 | lr=6.155830e-06 | loss=0.000070
Epoch 020 | Step 790 | lr=6.155830e-06 | loss=0.000069
Epoch 020 | Step 800 | lr=6.155830e-06 | loss=0.000071
Epoch 020 | Step 810 | lr=6.155830e-06 | loss=0.000066
Epoch 020 | Step 820 | lr=6.155830e-06 | loss=0.000068
Epoch 020 | Step 830 | lr=6.155830e-06 | loss=0.000068
Epoch 020 | Step 840 | lr=6.155830e-06 | loss=0.000071
Epoch 020 | Step 850 | lr=6.155830e-06 | loss=0.000071
Epoch 020 | Step 860 | lr=6.155830e-06 | loss=0.000069
Epoch 020 | Step 870 | lr=6.155830e-06 | loss=0.000069
Epoch 020 | Step 880 | lr=6.155830e-06 | loss=0.000069
Epoch 020 | Step 890 | lr=6.155830e-06 | loss=0.000068
Epoch 020 | Step 900 | lr=6.155830e-06 | loss=0.000067
Epoch 020 | Step 910 | lr=6.155830e-06 | loss=0.000068
Epoch 020 | Step 920 | lr=6.155830e-06 | loss=0.000068
Epoch 020 | Step 930 | lr=6.155830e-06 | loss=0.000070
Epoch 020 | Step 940 | lr=6.155830e-06 | loss=0.000071
Epoch 020 | Step 950 | lr=6.155830e-06 | loss=0.000069
Epoch 020 | Step 960 | lr=6.155830e-06 | loss=0.000068
/mnt/hdd/xln/PycharmProjects/PredictLeafNode/src/model/cluster_dist_transformer_original.py:844: FutureWarning: You are using `torch.load` with `weights_only=False` (the current default value), which uses the default pickle module implicitly. It is possible to construct malicious pickle data which will execute arbitrary code during unpickling (See https://github.com/pytorch/pytorch/blob/main/SECURITY.md#untrusted-models for more details). In a future release, the default value for `weights_only` will be flipped to `True`. This limits the functions that could be executed during unpickling. Arbitrary objects will no longer be allowed to be loaded via this mode unless they are explicitly allowlisted by the user via `torch.serialization.add_safe_globals`. We recommend you start setting `weights_only=True` for any use case where you don't have full control of the loaded file. Please open an issue on GitHub for any issues related to this experimental feature.
  ckpt = torch.load(best_path, map_location=device)
epoch 020 | train_kld=0.000069 | val_kld=0.000075 | val_mae=0.002536 | val_mse=0.000075 | ord_acc@10=0.3256 | recall@10=0.8255
Saved epoch 1 batch metrics plot to input/Training_data/gist1M_learn/leafsize20K/E_model_d256_L4_H8_ff512_topk10_bs512_ep20_lr0.001_wd0.01_bilinear_normalizeTrue_posTrue_gatingTrue_loss_typemse_use_type_embedTrue/model_d256_L4_H8_ff512_topk10_bs512_ep20_lr0.001_wd0.01_bilinear_normalizeTrue_posTrue_gatingTrue_loss_typemse_use_type_embedTrue_epoch1_batch_metrics@10.png
Saved epoch metrics plot to input/Training_data/gist1M_learn/leafsize20K/E_model_d256_L4_H8_ff512_topk10_bs512_ep20_lr0.001_wd0.01_bilinear_normalizeTrue_posTrue_gatingTrue_loss_typemse_use_type_embedTrue/model_d256_L4_H8_ff512_topk10_bs512_ep20_lr0.001_wd0.01_bilinear_normalizeTrue_posTrue_gatingTrue_loss_typemse_use_type_embedTrue_epoch_metrics.png
best val_kld: 0.000075 at epoch 20
Loaded checkpoint from input/Training_data/gist1M_learn/leafsize20K/E_model_d256_L4_H8_ff512_topk10_bs512_ep20_lr0.001_wd0.01_bilinear_normalizeTrue_posTrue_gatingTrue_loss_typemse_use_type_embedTrue/model_d256_L4_H8_ff512_topk10_bs512_ep20_lr0.001_wd0.01_bilinear_normalizeTrue_posTrue_gatingTrue_loss_typemse_use_type_embedTrue.pt (epoch=20)
[TEST] kld=0.000077 | mae=0.002639 | mse=0.000077 | ord_acc@10=0.3107 | recall@10=0.8273
Saving model predictions to file...
Saved predictions -> input/Training_data/gist1M_learn/leafsize20K/E_model_d256_L4_H8_ff512_topk10_bs512_ep20_lr0.001_wd0.01_bilinear_normalizeTrue_posTrue_gatingTrue_loss_typemse_use_type_embedTrue/model_d256_L4_H8_ff512_topk10_bs512_ep20_lr0.001_wd0.01_bilinear_normalizeTrue_posTrue_gatingTrue_loss_typemse_use_type_embedTrue_pred.txt
