/home/xln/miniconda3/envs/elpis_torch/lib/python3.12/site-packages/torch/nn/modules/transformer.py:379: UserWarning: enable_nested_tensor is True, but self.use_nested_tensor is False because encoder_layer.norm_first was True
  warnings.warn(
Detected K=116, D=960
Using experiment ID: E
Epoch 001 | Batch 10 | val_kld=0.122596 | val_ordacc@10=0.036296 | val_recall@10=0.291198
Epoch 001 | Step 10 | lr=1.000000e-03 | loss=0.265869
Epoch 001 | Batch 20 | val_kld=0.023105 | val_ordacc@10=0.087628 | val_recall@10=0.581832
Epoch 001 | Step 20 | lr=1.000000e-03 | loss=0.034210
Epoch 001 | Batch 30 | val_kld=0.012879 | val_ordacc@10=0.119606 | val_recall@10=0.656073
Epoch 001 | Step 30 | lr=1.000000e-03 | loss=0.016373
Epoch 001 | Batch 40 | val_kld=0.010824 | val_ordacc@10=0.133367 | val_recall@10=0.666133
Epoch 001 | Step 40 | lr=1.000000e-03 | loss=0.009872
Epoch 001 | Batch 50 | val_kld=0.008427 | val_ordacc@10=0.149725 | val_recall@10=0.680781
Epoch 001 | Step 50 | lr=1.000000e-03 | loss=0.008873
Epoch 001 | Batch 60 | val_kld=0.007130 | val_ordacc@10=0.160037 | val_recall@10=0.699010
Epoch 001 | Step 60 | lr=1.000000e-03 | loss=0.010345
Epoch 001 | Batch 70 | val_kld=0.006240 | val_ordacc@10=0.173934 | val_recall@10=0.710772
Epoch 001 | Step 70 | lr=1.000000e-03 | loss=0.006676
Epoch 001 | Batch 80 | val_kld=0.006501 | val_ordacc@10=0.155058 | val_recall@10=0.700762
Epoch 001 | Step 80 | lr=1.000000e-03 | loss=0.006626
Epoch 001 | Batch 90 | val_kld=0.005241 | val_ordacc@10=0.181036 | val_recall@10=0.719877
Epoch 001 | Step 90 | lr=1.000000e-03 | loss=0.006279
Epoch 001 | Batch 100 | val_kld=0.004945 | val_ordacc@10=0.171684 | val_recall@10=0.725583
Epoch 001 | Step 100 | lr=1.000000e-03 | loss=0.005814
Epoch 001 | Batch 110 | val_kld=0.004708 | val_ordacc@10=0.186684 | val_recall@10=0.731480
Epoch 001 | Step 110 | lr=1.000000e-03 | loss=0.005035
Epoch 001 | Batch 120 | val_kld=0.004118 | val_ordacc@10=0.192105 | val_recall@10=0.730088
Epoch 001 | Step 120 | lr=1.000000e-03 | loss=0.005085
Epoch 001 | Batch 130 | val_kld=0.004382 | val_ordacc@10=0.191964 | val_recall@10=0.740643
Epoch 001 | Step 130 | lr=1.000000e-03 | loss=0.006119
Epoch 001 | Batch 140 | val_kld=0.004161 | val_ordacc@10=0.190110 | val_recall@10=0.731218
Epoch 001 | Step 140 | lr=1.000000e-03 | loss=0.005325
Epoch 001 | Batch 150 | val_kld=0.004111 | val_ordacc@10=0.203484 | val_recall@10=0.735115
Epoch 001 | Step 150 | lr=1.000000e-03 | loss=0.005844
Epoch 001 | Batch 160 | val_kld=0.004116 | val_ordacc@10=0.196851 | val_recall@10=0.742715
Epoch 001 | Step 160 | lr=1.000000e-03 | loss=0.004421
Epoch 001 | Batch 170 | val_kld=0.004294 | val_ordacc@10=0.189193 | val_recall@10=0.732881
Epoch 001 | Step 170 | lr=1.000000e-03 | loss=0.005192
Epoch 001 | Batch 180 | val_kld=0.003871 | val_ordacc@10=0.197957 | val_recall@10=0.741224
Epoch 001 | Step 180 | lr=1.000000e-03 | loss=0.004932
Epoch 001 | Batch 190 | val_kld=0.003857 | val_ordacc@10=0.202125 | val_recall@10=0.741744
Epoch 001 | Step 190 | lr=1.000000e-03 | loss=0.004509
Epoch 001 | Batch 200 | val_kld=0.003668 | val_ordacc@10=0.201547 | val_recall@10=0.734267
Epoch 001 | Step 200 | lr=1.000000e-03 | loss=0.004105
Epoch 001 | Batch 210 | val_kld=0.003680 | val_ordacc@10=0.198867 | val_recall@10=0.739094
Epoch 001 | Step 210 | lr=1.000000e-03 | loss=0.004353
Epoch 001 | Batch 220 | val_kld=0.003704 | val_ordacc@10=0.202457 | val_recall@10=0.747369
Epoch 001 | Step 220 | lr=1.000000e-03 | loss=0.005123
Epoch 001 | Batch 230 | val_kld=0.003588 | val_ordacc@10=0.201061 | val_recall@10=0.745997
Epoch 001 | Step 230 | lr=1.000000e-03 | loss=0.004997
Epoch 001 | Batch 240 | val_kld=0.003638 | val_ordacc@10=0.201748 | val_recall@10=0.739682
Epoch 001 | Step 240 | lr=1.000000e-03 | loss=0.003824
Epoch 001 | Batch 250 | val_kld=0.004168 | val_ordacc@10=0.189327 | val_recall@10=0.722394
Epoch 001 | Step 250 | lr=1.000000e-03 | loss=0.003872
Epoch 001 | Batch 260 | val_kld=0.004137 | val_ordacc@10=0.191214 | val_recall@10=0.736841
Epoch 001 | Step 260 | lr=1.000000e-03 | loss=0.004417
Epoch 001 | Batch 270 | val_kld=0.003706 | val_ordacc@10=0.202120 | val_recall@10=0.749885
Epoch 001 | Step 270 | lr=1.000000e-03 | loss=0.003893
Epoch 001 | Batch 280 | val_kld=0.003388 | val_ordacc@10=0.198604 | val_recall@10=0.739835
Epoch 001 | Step 280 | lr=1.000000e-03 | loss=0.004345
Epoch 001 | Batch 290 | val_kld=0.003301 | val_ordacc@10=0.211631 | val_recall@10=0.753453
Epoch 001 | Step 290 | lr=1.000000e-03 | loss=0.004280
Epoch 001 | Batch 300 | val_kld=0.003758 | val_ordacc@10=0.202162 | val_recall@10=0.748466
Epoch 001 | Step 300 | lr=1.000000e-03 | loss=0.004688
Epoch 001 | Batch 310 | val_kld=0.003560 | val_ordacc@10=0.208082 | val_recall@10=0.750601
Epoch 001 | Step 310 | lr=1.000000e-03 | loss=0.004906
Epoch 001 | Batch 320 | val_kld=0.003341 | val_ordacc@10=0.203938 | val_recall@10=0.741595
Epoch 001 | Step 320 | lr=1.000000e-03 | loss=0.003717
Epoch 001 | Batch 330 | val_kld=0.003653 | val_ordacc@10=0.210647 | val_recall@10=0.758448
Epoch 001 | Step 330 | lr=1.000000e-03 | loss=0.004002
Epoch 001 | Batch 340 | val_kld=0.003647 | val_ordacc@10=0.200498 | val_recall@10=0.743171
Epoch 001 | Step 340 | lr=1.000000e-03 | loss=0.004066
Epoch 001 | Batch 350 | val_kld=0.003358 | val_ordacc@10=0.211443 | val_recall@10=0.746180
Epoch 001 | Step 350 | lr=1.000000e-03 | loss=0.003145
Epoch 001 | Batch 360 | val_kld=0.003264 | val_ordacc@10=0.215750 | val_recall@10=0.757969
Epoch 001 | Step 360 | lr=1.000000e-03 | loss=0.003128
Epoch 001 | Batch 370 | val_kld=0.003100 | val_ordacc@10=0.214578 | val_recall@10=0.755694
Epoch 001 | Step 370 | lr=1.000000e-03 | loss=0.004002
Epoch 001 | Batch 380 | val_kld=0.003564 | val_ordacc@10=0.210605 | val_recall@10=0.753538
Epoch 001 | Step 380 | lr=1.000000e-03 | loss=0.002853
Epoch 001 | Batch 390 | val_kld=0.003099 | val_ordacc@10=0.211816 | val_recall@10=0.755068
Epoch 001 | Step 390 | lr=1.000000e-03 | loss=0.004177
Epoch 001 | Batch 400 | val_kld=0.003289 | val_ordacc@10=0.210047 | val_recall@10=0.751214
Epoch 001 | Step 400 | lr=1.000000e-03 | loss=0.003073
Epoch 001 | Batch 410 | val_kld=0.003570 | val_ordacc@10=0.200807 | val_recall@10=0.740700
Epoch 001 | Step 410 | lr=1.000000e-03 | loss=0.003311
Epoch 001 | Batch 420 | val_kld=0.003127 | val_ordacc@10=0.216666 | val_recall@10=0.755829
Epoch 001 | Step 420 | lr=1.000000e-03 | loss=0.003481
Epoch 001 | Batch 430 | val_kld=0.003201 | val_ordacc@10=0.207077 | val_recall@10=0.746155
Epoch 001 | Step 430 | lr=1.000000e-03 | loss=0.003839
Epoch 001 | Batch 440 | val_kld=0.003428 | val_ordacc@10=0.209836 | val_recall@10=0.760082
Epoch 001 | Step 440 | lr=1.000000e-03 | loss=0.003315
Epoch 001 | Batch 450 | val_kld=0.003190 | val_ordacc@10=0.211970 | val_recall@10=0.757014
Epoch 001 | Step 450 | lr=1.000000e-03 | loss=0.003536
Epoch 001 | Batch 460 | val_kld=0.003437 | val_ordacc@10=0.211202 | val_recall@10=0.758058
Epoch 001 | Step 460 | lr=1.000000e-03 | loss=0.003906
Epoch 001 | Batch 470 | val_kld=0.003638 | val_ordacc@10=0.198354 | val_recall@10=0.753561
Epoch 001 | Step 470 | lr=1.000000e-03 | loss=0.003929
Epoch 001 | Batch 480 | val_kld=0.003178 | val_ordacc@10=0.210708 | val_recall@10=0.760561
Epoch 001 | Step 480 | lr=1.000000e-03 | loss=0.004124
Epoch 001 | Batch 490 | val_kld=0.002855 | val_ordacc@10=0.213911 | val_recall@10=0.763272
Epoch 001 | Step 490 | lr=1.000000e-03 | loss=0.003809
Epoch 001 | Batch 500 | val_kld=0.003370 | val_ordacc@10=0.212691 | val_recall@10=0.758789
Epoch 001 | Step 500 | lr=1.000000e-03 | loss=0.003662
Epoch 001 | Batch 510 | val_kld=0.002959 | val_ordacc@10=0.217029 | val_recall@10=0.756598
Epoch 001 | Step 510 | lr=1.000000e-03 | loss=0.003599
Epoch 001 | Batch 520 | val_kld=0.003173 | val_ordacc@10=0.218298 | val_recall@10=0.761107
Epoch 001 | Step 520 | lr=1.000000e-03 | loss=0.003712
Epoch 001 | Batch 530 | val_kld=0.003273 | val_ordacc@10=0.211665 | val_recall@10=0.759688
Epoch 001 | Step 530 | lr=1.000000e-03 | loss=0.002876
Epoch 001 | Batch 540 | val_kld=0.003468 | val_ordacc@10=0.195681 | val_recall@10=0.760472
Epoch 001 | Step 540 | lr=1.000000e-03 | loss=0.004093
Epoch 001 | Batch 550 | val_kld=0.003069 | val_ordacc@10=0.223374 | val_recall@10=0.775761
Epoch 001 | Step 550 | lr=1.000000e-03 | loss=0.003765
Epoch 001 | Batch 560 | val_kld=0.003363 | val_ordacc@10=0.210722 | val_recall@10=0.757677
Epoch 001 | Step 560 | lr=1.000000e-03 | loss=0.003344
Epoch 001 | Batch 570 | val_kld=0.003103 | val_ordacc@10=0.219835 | val_recall@10=0.774354
Epoch 001 | Step 570 | lr=1.000000e-03 | loss=0.003481
Epoch 001 | Batch 580 | val_kld=0.003003 | val_ordacc@10=0.223526 | val_recall@10=0.772533
Epoch 001 | Step 580 | lr=1.000000e-03 | loss=0.003000
Epoch 001 | Batch 590 | val_kld=0.002886 | val_ordacc@10=0.222648 | val_recall@10=0.768060
Epoch 001 | Step 590 | lr=1.000000e-03 | loss=0.003830
Epoch 001 | Batch 600 | val_kld=0.003055 | val_ordacc@10=0.217177 | val_recall@10=0.765189
Epoch 001 | Step 600 | lr=1.000000e-03 | loss=0.003254
Epoch 001 | Batch 610 | val_kld=0.002891 | val_ordacc@10=0.218303 | val_recall@10=0.763235
Epoch 001 | Step 610 | lr=1.000000e-03 | loss=0.003527
Epoch 001 | Batch 620 | val_kld=0.002876 | val_ordacc@10=0.227151 | val_recall@10=0.761697
Epoch 001 | Step 620 | lr=1.000000e-03 | loss=0.003197
Epoch 001 | Batch 630 | val_kld=0.003243 | val_ordacc@10=0.218719 | val_recall@10=0.764670
Epoch 001 | Step 630 | lr=1.000000e-03 | loss=0.003338
Epoch 001 | Batch 640 | val_kld=0.002884 | val_ordacc@10=0.218138 | val_recall@10=0.768095
Epoch 001 | Step 640 | lr=1.000000e-03 | loss=0.003635
Epoch 001 | Batch 650 | val_kld=0.002783 | val_ordacc@10=0.224037 | val_recall@10=0.765894
Epoch 001 | Step 650 | lr=1.000000e-03 | loss=0.003174
Epoch 001 | Batch 660 | val_kld=0.002843 | val_ordacc@10=0.222301 | val_recall@10=0.768396
Epoch 001 | Step 660 | lr=1.000000e-03 | loss=0.003357
Epoch 001 | Batch 670 | val_kld=0.003126 | val_ordacc@10=0.211041 | val_recall@10=0.764805
Epoch 001 | Step 670 | lr=1.000000e-03 | loss=0.003117
Epoch 001 | Batch 680 | val_kld=0.002830 | val_ordacc@10=0.216715 | val_recall@10=0.766705
Epoch 001 | Step 680 | lr=1.000000e-03 | loss=0.003820
Epoch 001 | Batch 690 | val_kld=0.003133 | val_ordacc@10=0.207625 | val_recall@10=0.768318
Epoch 001 | Step 690 | lr=1.000000e-03 | loss=0.003139
Epoch 001 | Batch 700 | val_kld=0.003047 | val_ordacc@10=0.215378 | val_recall@10=0.767889
Epoch 001 | Step 700 | lr=1.000000e-03 | loss=0.003948
Epoch 001 | Batch 710 | val_kld=0.003019 | val_ordacc@10=0.213244 | val_recall@10=0.765403
Epoch 001 | Step 710 | lr=1.000000e-03 | loss=0.003529
Epoch 001 | Batch 720 | val_kld=0.003172 | val_ordacc@10=0.210666 | val_recall@10=0.760457
Epoch 001 | Step 720 | lr=1.000000e-03 | loss=0.003168
Epoch 001 | Batch 730 | val_kld=0.003146 | val_ordacc@10=0.210218 | val_recall@10=0.762397
Epoch 001 | Step 730 | lr=1.000000e-03 | loss=0.003508
Epoch 001 | Batch 740 | val_kld=0.002990 | val_ordacc@10=0.214083 | val_recall@10=0.753417
Epoch 001 | Step 740 | lr=1.000000e-03 | loss=0.002872
Epoch 001 | Batch 750 | val_kld=0.002857 | val_ordacc@10=0.224453 | val_recall@10=0.773325
Epoch 001 | Step 750 | lr=1.000000e-03 | loss=0.003397
Epoch 001 | Batch 760 | val_kld=0.003164 | val_ordacc@10=0.219366 | val_recall@10=0.774153
Epoch 001 | Step 760 | lr=1.000000e-03 | loss=0.002367
Epoch 001 | Batch 770 | val_kld=0.003075 | val_ordacc@10=0.209707 | val_recall@10=0.766523
Epoch 001 | Step 770 | lr=1.000000e-03 | loss=0.003731
Epoch 001 | Batch 780 | val_kld=0.003016 | val_ordacc@10=0.220163 | val_recall@10=0.765271
Epoch 001 | Step 780 | lr=1.000000e-03 | loss=0.003956
Epoch 001 | Batch 790 | val_kld=0.003084 | val_ordacc@10=0.215240 | val_recall@10=0.759565
Epoch 001 | Step 790 | lr=1.000000e-03 | loss=0.003504
Epoch 001 | Batch 800 | val_kld=0.002999 | val_ordacc@10=0.223333 | val_recall@10=0.776635
Epoch 001 | Step 800 | lr=1.000000e-03 | loss=0.003071
Epoch 001 | Batch 810 | val_kld=0.002962 | val_ordacc@10=0.223263 | val_recall@10=0.777351
Epoch 001 | Step 810 | lr=1.000000e-03 | loss=0.003139
Epoch 001 | Batch 820 | val_kld=0.003171 | val_ordacc@10=0.215554 | val_recall@10=0.767354
Epoch 001 | Step 820 | lr=1.000000e-03 | loss=0.003378
Epoch 001 | Batch 830 | val_kld=0.003031 | val_ordacc@10=0.223890 | val_recall@10=0.782064
Epoch 001 | Step 830 | lr=1.000000e-03 | loss=0.003313
Epoch 001 | Batch 840 | val_kld=0.002978 | val_ordacc@10=0.220374 | val_recall@10=0.768213
Epoch 001 | Step 840 | lr=1.000000e-03 | loss=0.003475
Epoch 001 | Batch 850 | val_kld=0.002812 | val_ordacc@10=0.217329 | val_recall@10=0.775949
Epoch 001 | Step 850 | lr=1.000000e-03 | loss=0.003099
Epoch 001 | Batch 860 | val_kld=0.002819 | val_ordacc@10=0.224007 | val_recall@10=0.768559
Epoch 001 | Step 860 | lr=1.000000e-03 | loss=0.002645
Epoch 001 | Batch 870 | val_kld=0.002900 | val_ordacc@10=0.222201 | val_recall@10=0.761420
Epoch 001 | Step 870 | lr=1.000000e-03 | loss=0.003012
Epoch 001 | Batch 880 | val_kld=0.003104 | val_ordacc@10=0.223715 | val_recall@10=0.765739
Epoch 001 | Step 880 | lr=1.000000e-03 | loss=0.003412
Epoch 001 | Batch 890 | val_kld=0.002790 | val_ordacc@10=0.216445 | val_recall@10=0.764526
Epoch 001 | Step 890 | lr=1.000000e-03 | loss=0.002779
Epoch 001 | Batch 900 | val_kld=0.002564 | val_ordacc@10=0.224760 | val_recall@10=0.764364
Epoch 001 | Step 900 | lr=1.000000e-03 | loss=0.003294
Epoch 001 | Batch 910 | val_kld=0.002890 | val_ordacc@10=0.222098 | val_recall@10=0.772627
Epoch 001 | Step 910 | lr=1.000000e-03 | loss=0.003740
Epoch 001 | Batch 920 | val_kld=0.002862 | val_ordacc@10=0.204989 | val_recall@10=0.764581
Epoch 001 | Step 920 | lr=1.000000e-03 | loss=0.002895
Epoch 001 | Batch 930 | val_kld=0.002806 | val_ordacc@10=0.219001 | val_recall@10=0.770873
Epoch 001 | Step 930 | lr=1.000000e-03 | loss=0.003622
Epoch 001 | Batch 940 | val_kld=0.002826 | val_ordacc@10=0.230716 | val_recall@10=0.781968
Epoch 001 | Step 940 | lr=1.000000e-03 | loss=0.002747
Epoch 001 | Batch 950 | val_kld=0.002786 | val_ordacc@10=0.228905 | val_recall@10=0.779381
Epoch 001 | Step 950 | lr=1.000000e-03 | loss=0.002626
Epoch 001 | Batch 960 | val_kld=0.002690 | val_ordacc@10=0.221495 | val_recall@10=0.770542
Epoch 001 | Step 960 | lr=1.000000e-03 | loss=0.002392
epoch 001 | train_kld=0.008213 | val_kld=0.003218 | val_mae=0.009615 | val_mse=0.000959 | ord_acc@10=0.2188 | recall@10=0.7615
Epoch 002 | Step 10 | lr=9.938442e-04 | loss=0.002733
Epoch 002 | Step 20 | lr=9.938442e-04 | loss=0.003674
Epoch 002 | Step 30 | lr=9.938442e-04 | loss=0.002142
Epoch 002 | Step 40 | lr=9.938442e-04 | loss=0.003565
Epoch 002 | Step 50 | lr=9.938442e-04 | loss=0.002565
Epoch 002 | Step 60 | lr=9.938442e-04 | loss=0.002871
Epoch 002 | Step 70 | lr=9.938442e-04 | loss=0.003365
Epoch 002 | Step 80 | lr=9.938442e-04 | loss=0.002539
Epoch 002 | Step 90 | lr=9.938442e-04 | loss=0.003031
Epoch 002 | Step 100 | lr=9.938442e-04 | loss=0.003643
Epoch 002 | Step 110 | lr=9.938442e-04 | loss=0.003130
Epoch 002 | Step 120 | lr=9.938442e-04 | loss=0.003281
Epoch 002 | Step 130 | lr=9.938442e-04 | loss=0.003691
Epoch 002 | Step 140 | lr=9.938442e-04 | loss=0.002836
Epoch 002 | Step 150 | lr=9.938442e-04 | loss=0.003345
Epoch 002 | Step 160 | lr=9.938442e-04 | loss=0.003260
Epoch 002 | Step 170 | lr=9.938442e-04 | loss=0.003120
Epoch 002 | Step 180 | lr=9.938442e-04 | loss=0.002882
Epoch 002 | Step 190 | lr=9.938442e-04 | loss=0.002382
Epoch 002 | Step 200 | lr=9.938442e-04 | loss=0.002718
Epoch 002 | Step 210 | lr=9.938442e-04 | loss=0.002739
Epoch 002 | Step 220 | lr=9.938442e-04 | loss=0.003563
Epoch 002 | Step 230 | lr=9.938442e-04 | loss=0.003162
Epoch 002 | Step 240 | lr=9.938442e-04 | loss=0.003071
Epoch 002 | Step 250 | lr=9.938442e-04 | loss=0.003542
Epoch 002 | Step 260 | lr=9.938442e-04 | loss=0.002323
Epoch 002 | Step 270 | lr=9.938442e-04 | loss=0.002991
Epoch 002 | Step 280 | lr=9.938442e-04 | loss=0.003639
Epoch 002 | Step 290 | lr=9.938442e-04 | loss=0.002869
Epoch 002 | Step 300 | lr=9.938442e-04 | loss=0.003040
Epoch 002 | Step 310 | lr=9.938442e-04 | loss=0.003185
Epoch 002 | Step 320 | lr=9.938442e-04 | loss=0.002577
Epoch 002 | Step 330 | lr=9.938442e-04 | loss=0.002697
Epoch 002 | Step 340 | lr=9.938442e-04 | loss=0.003212
Epoch 002 | Step 350 | lr=9.938442e-04 | loss=0.003729
Epoch 002 | Step 360 | lr=9.938442e-04 | loss=0.003180
Epoch 002 | Step 370 | lr=9.938442e-04 | loss=0.003468
Epoch 002 | Step 380 | lr=9.938442e-04 | loss=0.002613
Epoch 002 | Step 390 | lr=9.938442e-04 | loss=0.003645
Epoch 002 | Step 400 | lr=9.938442e-04 | loss=0.002525
Epoch 002 | Step 410 | lr=9.938442e-04 | loss=0.002884
Epoch 002 | Step 420 | lr=9.938442e-04 | loss=0.003157
Epoch 002 | Step 430 | lr=9.938442e-04 | loss=0.002945
Epoch 002 | Step 440 | lr=9.938442e-04 | loss=0.003609
Epoch 002 | Step 450 | lr=9.938442e-04 | loss=0.003302
Epoch 002 | Step 460 | lr=9.938442e-04 | loss=0.003540
Epoch 002 | Step 470 | lr=9.938442e-04 | loss=0.003435
Epoch 002 | Step 480 | lr=9.938442e-04 | loss=0.003582
Epoch 002 | Step 490 | lr=9.938442e-04 | loss=0.002954
Epoch 002 | Step 500 | lr=9.938442e-04 | loss=0.003139
Epoch 002 | Step 510 | lr=9.938442e-04 | loss=0.003336
Epoch 002 | Step 520 | lr=9.938442e-04 | loss=0.004601
Epoch 002 | Step 530 | lr=9.938442e-04 | loss=0.005253
Epoch 002 | Step 540 | lr=9.938442e-04 | loss=0.002750
Epoch 002 | Step 550 | lr=9.938442e-04 | loss=0.003386
Epoch 002 | Step 560 | lr=9.938442e-04 | loss=0.003265
Epoch 002 | Step 570 | lr=9.938442e-04 | loss=0.003170
Epoch 002 | Step 580 | lr=9.938442e-04 | loss=0.002785
Epoch 002 | Step 590 | lr=9.938442e-04 | loss=0.002476
Epoch 002 | Step 600 | lr=9.938442e-04 | loss=0.002243
Epoch 002 | Step 610 | lr=9.938442e-04 | loss=0.002275
Epoch 002 | Step 620 | lr=9.938442e-04 | loss=0.002686
Epoch 002 | Step 630 | lr=9.938442e-04 | loss=0.002817
Epoch 002 | Step 640 | lr=9.938442e-04 | loss=0.002777
Epoch 002 | Step 650 | lr=9.938442e-04 | loss=0.002977
Epoch 002 | Step 660 | lr=9.938442e-04 | loss=0.002798
Epoch 002 | Step 670 | lr=9.938442e-04 | loss=0.002220
Epoch 002 | Step 680 | lr=9.938442e-04 | loss=0.003286
Epoch 002 | Step 690 | lr=9.938442e-04 | loss=0.002911
Epoch 002 | Step 700 | lr=9.938442e-04 | loss=0.002872
Epoch 002 | Step 710 | lr=9.938442e-04 | loss=0.002855
Epoch 002 | Step 720 | lr=9.938442e-04 | loss=0.002756
Epoch 002 | Step 730 | lr=9.938442e-04 | loss=0.003635
Epoch 002 | Step 740 | lr=9.938442e-04 | loss=0.003010
Epoch 002 | Step 750 | lr=9.938442e-04 | loss=0.002995
Epoch 002 | Step 760 | lr=9.938442e-04 | loss=0.002838
Epoch 002 | Step 770 | lr=9.938442e-04 | loss=0.002184
Epoch 002 | Step 780 | lr=9.938442e-04 | loss=0.002558
Epoch 002 | Step 790 | lr=9.938442e-04 | loss=0.003027
Epoch 002 | Step 800 | lr=9.938442e-04 | loss=0.003115
Epoch 002 | Step 810 | lr=9.938442e-04 | loss=0.002598
Epoch 002 | Step 820 | lr=9.938442e-04 | loss=0.002398
Epoch 002 | Step 830 | lr=9.938442e-04 | loss=0.002768
Epoch 002 | Step 840 | lr=9.938442e-04 | loss=0.002972
Epoch 002 | Step 850 | lr=9.938442e-04 | loss=0.002493
Epoch 002 | Step 860 | lr=9.938442e-04 | loss=0.003872
Epoch 002 | Step 870 | lr=9.938442e-04 | loss=0.002794
Epoch 002 | Step 880 | lr=9.938442e-04 | loss=0.003113
Epoch 002 | Step 890 | lr=9.938442e-04 | loss=0.002298
Epoch 002 | Step 900 | lr=9.938442e-04 | loss=0.002987
Epoch 002 | Step 910 | lr=9.938442e-04 | loss=0.002913
Epoch 002 | Step 920 | lr=9.938442e-04 | loss=0.002466
Epoch 002 | Step 930 | lr=9.938442e-04 | loss=0.002991
Epoch 002 | Step 940 | lr=9.938442e-04 | loss=0.002201
Epoch 002 | Step 950 | lr=9.938442e-04 | loss=0.002218
Epoch 002 | Step 960 | lr=9.938442e-04 | loss=0.002531
epoch 002 | train_kld=0.003037 | val_kld=0.002683 | val_mae=0.009345 | val_mse=0.000911 | ord_acc@10=0.2251 | recall@10=0.7778
Epoch 003 | Step 10 | lr=9.755283e-04 | loss=0.002647
Epoch 003 | Step 20 | lr=9.755283e-04 | loss=0.002842
Epoch 003 | Step 30 | lr=9.755283e-04 | loss=0.002377
Epoch 003 | Step 40 | lr=9.755283e-04 | loss=0.003090
Epoch 003 | Step 50 | lr=9.755283e-04 | loss=0.002527
Epoch 003 | Step 60 | lr=9.755283e-04 | loss=0.003483
Epoch 003 | Step 70 | lr=9.755283e-04 | loss=0.003500
Epoch 003 | Step 80 | lr=9.755283e-04 | loss=0.002863
Epoch 003 | Step 90 | lr=9.755283e-04 | loss=0.003283
Epoch 003 | Step 100 | lr=9.755283e-04 | loss=0.003122
Epoch 003 | Step 110 | lr=9.755283e-04 | loss=0.002958
Epoch 003 | Step 120 | lr=9.755283e-04 | loss=0.002817
Epoch 003 | Step 130 | lr=9.755283e-04 | loss=0.002947
Epoch 003 | Step 140 | lr=9.755283e-04 | loss=0.002556
Epoch 003 | Step 150 | lr=9.755283e-04 | loss=0.003708
Epoch 003 | Step 160 | lr=9.755283e-04 | loss=0.002760
Epoch 003 | Step 170 | lr=9.755283e-04 | loss=0.002699
Epoch 003 | Step 180 | lr=9.755283e-04 | loss=0.002785
Epoch 003 | Step 190 | lr=9.755283e-04 | loss=0.002928
Epoch 003 | Step 200 | lr=9.755283e-04 | loss=0.002911
Epoch 003 | Step 210 | lr=9.755283e-04 | loss=0.002590
Epoch 003 | Step 220 | lr=9.755283e-04 | loss=0.002609
Epoch 003 | Step 230 | lr=9.755283e-04 | loss=0.002218
Epoch 003 | Step 240 | lr=9.755283e-04 | loss=0.002571
Epoch 003 | Step 250 | lr=9.755283e-04 | loss=0.003378
Epoch 003 | Step 260 | lr=9.755283e-04 | loss=0.002607
Epoch 003 | Step 270 | lr=9.755283e-04 | loss=0.002544
Epoch 003 | Step 280 | lr=9.755283e-04 | loss=0.003223
Epoch 003 | Step 290 | lr=9.755283e-04 | loss=0.002899
Epoch 003 | Step 300 | lr=9.755283e-04 | loss=0.002481
Epoch 003 | Step 310 | lr=9.755283e-04 | loss=0.002909
Epoch 003 | Step 320 | lr=9.755283e-04 | loss=0.002831
Epoch 003 | Step 330 | lr=9.755283e-04 | loss=0.002813
Epoch 003 | Step 340 | lr=9.755283e-04 | loss=0.003023
Epoch 003 | Step 350 | lr=9.755283e-04 | loss=0.002195
Epoch 003 | Step 360 | lr=9.755283e-04 | loss=0.002396
Epoch 003 | Step 370 | lr=9.755283e-04 | loss=0.002363
Epoch 003 | Step 380 | lr=9.755283e-04 | loss=0.003054
Epoch 003 | Step 390 | lr=9.755283e-04 | loss=0.002483
Epoch 003 | Step 400 | lr=9.755283e-04 | loss=0.002918
Epoch 003 | Step 410 | lr=9.755283e-04 | loss=0.002424
Epoch 003 | Step 420 | lr=9.755283e-04 | loss=0.002745
Epoch 003 | Step 430 | lr=9.755283e-04 | loss=0.002129
Epoch 003 | Step 440 | lr=9.755283e-04 | loss=0.002768
Epoch 003 | Step 450 | lr=9.755283e-04 | loss=0.003315
Epoch 003 | Step 460 | lr=9.755283e-04 | loss=0.001968
Epoch 003 | Step 470 | lr=9.755283e-04 | loss=0.002954
Epoch 003 | Step 480 | lr=9.755283e-04 | loss=0.003113
Epoch 003 | Step 490 | lr=9.755283e-04 | loss=0.002556
Epoch 003 | Step 500 | lr=9.755283e-04 | loss=0.003021
Epoch 003 | Step 510 | lr=9.755283e-04 | loss=0.002632
Epoch 003 | Step 520 | lr=9.755283e-04 | loss=0.002419
Epoch 003 | Step 530 | lr=9.755283e-04 | loss=0.003201
Epoch 003 | Step 540 | lr=9.755283e-04 | loss=0.003792
Epoch 003 | Step 550 | lr=9.755283e-04 | loss=0.003027
Epoch 003 | Step 560 | lr=9.755283e-04 | loss=0.002377
Epoch 003 | Step 570 | lr=9.755283e-04 | loss=0.002796
Epoch 003 | Step 580 | lr=9.755283e-04 | loss=0.002800
Epoch 003 | Step 590 | lr=9.755283e-04 | loss=0.002485
Epoch 003 | Step 600 | lr=9.755283e-04 | loss=0.002886
Epoch 003 | Step 610 | lr=9.755283e-04 | loss=0.002340
Epoch 003 | Step 620 | lr=9.755283e-04 | loss=0.003109
Epoch 003 | Step 630 | lr=9.755283e-04 | loss=0.002178
Epoch 003 | Step 640 | lr=9.755283e-04 | loss=0.002924
Epoch 003 | Step 650 | lr=9.755283e-04 | loss=0.003056
Epoch 003 | Step 660 | lr=9.755283e-04 | loss=0.002874
Epoch 003 | Step 670 | lr=9.755283e-04 | loss=0.002970
Epoch 003 | Step 680 | lr=9.755283e-04 | loss=0.002462
Epoch 003 | Step 690 | lr=9.755283e-04 | loss=0.003197
Epoch 003 | Step 700 | lr=9.755283e-04 | loss=0.002443
Epoch 003 | Step 710 | lr=9.755283e-04 | loss=0.003019
Epoch 003 | Step 720 | lr=9.755283e-04 | loss=0.002338
Epoch 003 | Step 730 | lr=9.755283e-04 | loss=0.003084
Epoch 003 | Step 740 | lr=9.755283e-04 | loss=0.004162
Epoch 003 | Step 750 | lr=9.755283e-04 | loss=0.003006
Epoch 003 | Step 760 | lr=9.755283e-04 | loss=0.003044
Epoch 003 | Step 770 | lr=9.755283e-04 | loss=0.002529
Epoch 003 | Step 780 | lr=9.755283e-04 | loss=0.002657
Epoch 003 | Step 790 | lr=9.755283e-04 | loss=0.002689
Epoch 003 | Step 800 | lr=9.755283e-04 | loss=0.002562
Epoch 003 | Step 810 | lr=9.755283e-04 | loss=0.003029
Epoch 003 | Step 820 | lr=9.755283e-04 | loss=0.002838
Epoch 003 | Step 830 | lr=9.755283e-04 | loss=0.002512
Epoch 003 | Step 840 | lr=9.755283e-04 | loss=0.003084
Epoch 003 | Step 850 | lr=9.755283e-04 | loss=0.002583
Epoch 003 | Step 860 | lr=9.755283e-04 | loss=0.003193
Epoch 003 | Step 870 | lr=9.755283e-04 | loss=0.003025
Epoch 003 | Step 880 | lr=9.755283e-04 | loss=0.002613
Epoch 003 | Step 890 | lr=9.755283e-04 | loss=0.002899
Epoch 003 | Step 900 | lr=9.755283e-04 | loss=0.001891
Epoch 003 | Step 910 | lr=9.755283e-04 | loss=0.002306
Epoch 003 | Step 920 | lr=9.755283e-04 | loss=0.003386
Epoch 003 | Step 930 | lr=9.755283e-04 | loss=0.002546
Epoch 003 | Step 940 | lr=9.755283e-04 | loss=0.002462
Epoch 003 | Step 950 | lr=9.755283e-04 | loss=0.002724
Epoch 003 | Step 960 | lr=9.755283e-04 | loss=0.002537
epoch 003 | train_kld=0.002777 | val_kld=0.002588 | val_mae=0.009066 | val_mse=0.000856 | ord_acc@10=0.2343 | recall@10=0.7817
Epoch 004 | Step 10 | lr=9.455033e-04 | loss=0.002266
Epoch 004 | Step 20 | lr=9.455033e-04 | loss=0.002558
Epoch 004 | Step 30 | lr=9.455033e-04 | loss=0.002640
Epoch 004 | Step 40 | lr=9.455033e-04 | loss=0.002115
Epoch 004 | Step 50 | lr=9.455033e-04 | loss=0.001944
Epoch 004 | Step 60 | lr=9.455033e-04 | loss=0.001999
Epoch 004 | Step 70 | lr=9.455033e-04 | loss=0.003025
Epoch 004 | Step 80 | lr=9.455033e-04 | loss=0.002481
Epoch 004 | Step 90 | lr=9.455033e-04 | loss=0.002525
Epoch 004 | Step 100 | lr=9.455033e-04 | loss=0.002905
Epoch 004 | Step 110 | lr=9.455033e-04 | loss=0.002468
Epoch 004 | Step 120 | lr=9.455033e-04 | loss=0.002058
Epoch 004 | Step 130 | lr=9.455033e-04 | loss=0.002216
Epoch 004 | Step 140 | lr=9.455033e-04 | loss=0.003271
Epoch 004 | Step 150 | lr=9.455033e-04 | loss=0.002504
Epoch 004 | Step 160 | lr=9.455033e-04 | loss=0.003164
Epoch 004 | Step 170 | lr=9.455033e-04 | loss=0.002117
Epoch 004 | Step 180 | lr=9.455033e-04 | loss=0.003416
Epoch 004 | Step 190 | lr=9.455033e-04 | loss=0.002277
Epoch 004 | Step 200 | lr=9.455033e-04 | loss=0.002247
Epoch 004 | Step 210 | lr=9.455033e-04 | loss=0.002378
Epoch 004 | Step 220 | lr=9.455033e-04 | loss=0.002205
Epoch 004 | Step 230 | lr=9.455033e-04 | loss=0.002930
Epoch 004 | Step 240 | lr=9.455033e-04 | loss=0.002686
Epoch 004 | Step 250 | lr=9.455033e-04 | loss=0.002871
Epoch 004 | Step 260 | lr=9.455033e-04 | loss=0.002626
Epoch 004 | Step 270 | lr=9.455033e-04 | loss=0.002602
Epoch 004 | Step 280 | lr=9.455033e-04 | loss=0.003136
Epoch 004 | Step 290 | lr=9.455033e-04 | loss=0.002863
Epoch 004 | Step 300 | lr=9.455033e-04 | loss=0.002468
Epoch 004 | Step 310 | lr=9.455033e-04 | loss=0.002922
Epoch 004 | Step 320 | lr=9.455033e-04 | loss=0.002419
Epoch 004 | Step 330 | lr=9.455033e-04 | loss=0.001917
Epoch 004 | Step 340 | lr=9.455033e-04 | loss=0.003017
Epoch 004 | Step 350 | lr=9.455033e-04 | loss=0.002640
Epoch 004 | Step 360 | lr=9.455033e-04 | loss=0.002649
Epoch 004 | Step 370 | lr=9.455033e-04 | loss=0.002541
Epoch 004 | Step 380 | lr=9.455033e-04 | loss=0.002634
Epoch 004 | Step 390 | lr=9.455033e-04 | loss=0.002241
Epoch 004 | Step 400 | lr=9.455033e-04 | loss=0.002253
Epoch 004 | Step 410 | lr=9.455033e-04 | loss=0.002007
Epoch 004 | Step 420 | lr=9.455033e-04 | loss=0.002140
Epoch 004 | Step 430 | lr=9.455033e-04 | loss=0.003361
Epoch 004 | Step 440 | lr=9.455033e-04 | loss=0.002930
Epoch 004 | Step 450 | lr=9.455033e-04 | loss=0.002607
Epoch 004 | Step 460 | lr=9.455033e-04 | loss=0.003267
Epoch 004 | Step 470 | lr=9.455033e-04 | loss=0.003130
Epoch 004 | Step 480 | lr=9.455033e-04 | loss=0.002878
Epoch 004 | Step 490 | lr=9.455033e-04 | loss=0.003035
Epoch 004 | Step 500 | lr=9.455033e-04 | loss=0.002890
Epoch 004 | Step 510 | lr=9.455033e-04 | loss=0.002674
Epoch 004 | Step 520 | lr=9.455033e-04 | loss=0.003080
Epoch 004 | Step 530 | lr=9.455033e-04 | loss=0.002941
Epoch 004 | Step 540 | lr=9.455033e-04 | loss=0.002802
Epoch 004 | Step 550 | lr=9.455033e-04 | loss=0.002243
Epoch 004 | Step 560 | lr=9.455033e-04 | loss=0.003050
Epoch 004 | Step 570 | lr=9.455033e-04 | loss=0.003119
Epoch 004 | Step 580 | lr=9.455033e-04 | loss=0.002403
Epoch 004 | Step 590 | lr=9.455033e-04 | loss=0.002714
Epoch 004 | Step 600 | lr=9.455033e-04 | loss=0.002113
Epoch 004 | Step 610 | lr=9.455033e-04 | loss=0.002424
Epoch 004 | Step 620 | lr=9.455033e-04 | loss=0.002207
Epoch 004 | Step 630 | lr=9.455033e-04 | loss=0.002861
Epoch 004 | Step 640 | lr=9.455033e-04 | loss=0.001884
Epoch 004 | Step 650 | lr=9.455033e-04 | loss=0.003122
Epoch 004 | Step 660 | lr=9.455033e-04 | loss=0.001957
Epoch 004 | Step 670 | lr=9.455033e-04 | loss=0.002958
Epoch 004 | Step 680 | lr=9.455033e-04 | loss=0.003361
Epoch 004 | Step 690 | lr=9.455033e-04 | loss=0.002926
Epoch 004 | Step 700 | lr=9.455033e-04 | loss=0.003578
Epoch 004 | Step 710 | lr=9.455033e-04 | loss=0.002790
Epoch 004 | Step 720 | lr=9.455033e-04 | loss=0.002768
Epoch 004 | Step 730 | lr=9.455033e-04 | loss=0.002439
Epoch 004 | Step 740 | lr=9.455033e-04 | loss=0.002996
Epoch 004 | Step 750 | lr=9.455033e-04 | loss=0.002504
Epoch 004 | Step 760 | lr=9.455033e-04 | loss=0.002470
Epoch 004 | Step 770 | lr=9.455033e-04 | loss=0.002357
Epoch 004 | Step 780 | lr=9.455033e-04 | loss=0.002617
Epoch 004 | Step 790 | lr=9.455033e-04 | loss=0.003487
Epoch 004 | Step 800 | lr=9.455033e-04 | loss=0.002680
Epoch 004 | Step 810 | lr=9.455033e-04 | loss=0.001903
Epoch 004 | Step 820 | lr=9.455033e-04 | loss=0.002478
Epoch 004 | Step 830 | lr=9.455033e-04 | loss=0.002024
Epoch 004 | Step 840 | lr=9.455033e-04 | loss=0.003500
Epoch 004 | Step 850 | lr=9.455033e-04 | loss=0.003218
Epoch 004 | Step 860 | lr=9.455033e-04 | loss=0.002687
Epoch 004 | Step 870 | lr=9.455033e-04 | loss=0.003094
Epoch 004 | Step 880 | lr=9.455033e-04 | loss=0.002407
Epoch 004 | Step 890 | lr=9.455033e-04 | loss=0.002384
Epoch 004 | Step 900 | lr=9.455033e-04 | loss=0.002853
Epoch 004 | Step 910 | lr=9.455033e-04 | loss=0.002733
Epoch 004 | Step 920 | lr=9.455033e-04 | loss=0.002535
Epoch 004 | Step 930 | lr=9.455033e-04 | loss=0.005615
Epoch 004 | Step 940 | lr=9.455033e-04 | loss=0.002851
Epoch 004 | Step 950 | lr=9.455033e-04 | loss=0.003170
Epoch 004 | Step 960 | lr=9.455033e-04 | loss=0.002846
epoch 004 | train_kld=0.002703 | val_kld=0.002752 | val_mae=0.009976 | val_mse=0.000975 | ord_acc@10=0.2156 | recall@10=0.7751
Epoch 005 | Step 10 | lr=9.045085e-04 | loss=0.003136
Epoch 005 | Step 20 | lr=9.045085e-04 | loss=0.002846
Epoch 005 | Step 30 | lr=9.045085e-04 | loss=0.003159
Epoch 005 | Step 40 | lr=9.045085e-04 | loss=0.002205
Epoch 005 | Step 50 | lr=9.045085e-04 | loss=0.002625
Epoch 005 | Step 60 | lr=9.045085e-04 | loss=0.002163
Epoch 005 | Step 70 | lr=9.045085e-04 | loss=0.003271
Epoch 005 | Step 80 | lr=9.045085e-04 | loss=0.003155
Epoch 005 | Step 90 | lr=9.045085e-04 | loss=0.002317
Epoch 005 | Step 100 | lr=9.045085e-04 | loss=0.001884
Epoch 005 | Step 110 | lr=9.045085e-04 | loss=0.002098
Epoch 005 | Step 120 | lr=9.045085e-04 | loss=0.003222
Epoch 005 | Step 130 | lr=9.045085e-04 | loss=0.002262
Epoch 005 | Step 140 | lr=9.045085e-04 | loss=0.002512
Epoch 005 | Step 150 | lr=9.045085e-04 | loss=0.002007
Epoch 005 | Step 160 | lr=9.045085e-04 | loss=0.002142
Epoch 005 | Step 170 | lr=9.045085e-04 | loss=0.002542
Epoch 005 | Step 180 | lr=9.045085e-04 | loss=0.002876
Epoch 005 | Step 190 | lr=9.045085e-04 | loss=0.002867
Epoch 005 | Step 200 | lr=9.045085e-04 | loss=0.001498
Epoch 005 | Step 210 | lr=9.045085e-04 | loss=0.002466
Epoch 005 | Step 220 | lr=9.045085e-04 | loss=0.002508
Epoch 005 | Step 230 | lr=9.045085e-04 | loss=0.002464
Epoch 005 | Step 240 | lr=9.045085e-04 | loss=0.002262
Epoch 005 | Step 250 | lr=9.045085e-04 | loss=0.002588
Epoch 005 | Step 260 | lr=9.045085e-04 | loss=0.003368
Epoch 005 | Step 270 | lr=9.045085e-04 | loss=0.002388
Epoch 005 | Step 280 | lr=9.045085e-04 | loss=0.002333
Epoch 005 | Step 290 | lr=9.045085e-04 | loss=0.002665
Epoch 005 | Step 300 | lr=9.045085e-04 | loss=0.002731
Epoch 005 | Step 310 | lr=9.045085e-04 | loss=0.002863
Epoch 005 | Step 320 | lr=9.045085e-04 | loss=0.002604
Epoch 005 | Step 330 | lr=9.045085e-04 | loss=0.002205
Epoch 005 | Step 340 | lr=9.045085e-04 | loss=0.002512
Epoch 005 | Step 350 | lr=9.045085e-04 | loss=0.002413
Epoch 005 | Step 360 | lr=9.045085e-04 | loss=0.002035
Epoch 005 | Step 370 | lr=9.045085e-04 | loss=0.002354
Epoch 005 | Step 380 | lr=9.045085e-04 | loss=0.002386
Epoch 005 | Step 390 | lr=9.045085e-04 | loss=0.002693
Epoch 005 | Step 400 | lr=9.045085e-04 | loss=0.002707
Epoch 005 | Step 410 | lr=9.045085e-04 | loss=0.002476
Epoch 005 | Step 420 | lr=9.045085e-04 | loss=0.002691
Epoch 005 | Step 430 | lr=9.045085e-04 | loss=0.002110
Epoch 005 | Step 440 | lr=9.045085e-04 | loss=0.003006
Epoch 005 | Step 450 | lr=9.045085e-04 | loss=0.002289
Epoch 005 | Step 460 | lr=9.045085e-04 | loss=0.001686
Epoch 005 | Step 470 | lr=9.045085e-04 | loss=0.001949
Epoch 005 | Step 480 | lr=9.045085e-04 | loss=0.003010
Epoch 005 | Step 490 | lr=9.045085e-04 | loss=0.001982
Epoch 005 | Step 500 | lr=9.045085e-04 | loss=0.002302
Epoch 005 | Step 510 | lr=9.045085e-04 | loss=0.002512
Epoch 005 | Step 520 | lr=9.045085e-04 | loss=0.001972
Epoch 005 | Step 530 | lr=9.045085e-04 | loss=0.002407
Epoch 005 | Step 540 | lr=9.045085e-04 | loss=0.002956
Epoch 005 | Step 550 | lr=9.045085e-04 | loss=0.002365
Epoch 005 | Step 560 | lr=9.045085e-04 | loss=0.002218
Epoch 005 | Step 570 | lr=9.045085e-04 | loss=0.001941
Epoch 005 | Step 580 | lr=9.045085e-04 | loss=0.002577
Epoch 005 | Step 590 | lr=9.045085e-04 | loss=0.002552
Epoch 005 | Step 600 | lr=9.045085e-04 | loss=0.003399
Epoch 005 | Step 610 | lr=9.045085e-04 | loss=0.003122
Epoch 005 | Step 620 | lr=9.045085e-04 | loss=0.002926
Epoch 005 | Step 630 | lr=9.045085e-04 | loss=0.003267
Epoch 005 | Step 640 | lr=9.045085e-04 | loss=0.003160
Epoch 005 | Step 650 | lr=9.045085e-04 | loss=0.002489
Epoch 005 | Step 660 | lr=9.045085e-04 | loss=0.003151
Epoch 005 | Step 670 | lr=9.045085e-04 | loss=0.002501
Epoch 005 | Step 680 | lr=9.045085e-04 | loss=0.003220
Epoch 005 | Step 690 | lr=9.045085e-04 | loss=0.002396
Epoch 005 | Step 700 | lr=9.045085e-04 | loss=0.002111
Epoch 005 | Step 710 | lr=9.045085e-04 | loss=0.003044
Epoch 005 | Step 720 | lr=9.045085e-04 | loss=0.003321
Epoch 005 | Step 730 | lr=9.045085e-04 | loss=0.002201
Epoch 005 | Step 740 | lr=9.045085e-04 | loss=0.002541
Epoch 005 | Step 750 | lr=9.045085e-04 | loss=0.002560
Epoch 005 | Step 760 | lr=9.045085e-04 | loss=0.002047
Epoch 005 | Step 770 | lr=9.045085e-04 | loss=0.002203
Epoch 005 | Step 780 | lr=9.045085e-04 | loss=0.002712
Epoch 005 | Step 790 | lr=9.045085e-04 | loss=0.002680
Epoch 005 | Step 800 | lr=9.045085e-04 | loss=0.002596
Epoch 005 | Step 810 | lr=9.045085e-04 | loss=0.002953
Epoch 005 | Step 820 | lr=9.045085e-04 | loss=0.002916
Epoch 005 | Step 830 | lr=9.045085e-04 | loss=0.002714
Epoch 005 | Step 840 | lr=9.045085e-04 | loss=0.002743
Epoch 005 | Step 850 | lr=9.045085e-04 | loss=0.002544
Epoch 005 | Step 860 | lr=9.045085e-04 | loss=0.002829
Epoch 005 | Step 870 | lr=9.045085e-04 | loss=0.002350
Epoch 005 | Step 880 | lr=9.045085e-04 | loss=0.002636
Epoch 005 | Step 890 | lr=9.045085e-04 | loss=0.003336
Epoch 005 | Step 900 | lr=9.045085e-04 | loss=0.003088
Epoch 005 | Step 910 | lr=9.045085e-04 | loss=0.003273
Epoch 005 | Step 920 | lr=9.045085e-04 | loss=0.002913
Epoch 005 | Step 930 | lr=9.045085e-04 | loss=0.003347
Epoch 005 | Step 940 | lr=9.045085e-04 | loss=0.002493
Epoch 005 | Step 950 | lr=9.045085e-04 | loss=0.002583
Epoch 005 | Step 960 | lr=9.045085e-04 | loss=0.002491
epoch 005 | train_kld=0.002556 | val_kld=0.002219 | val_mae=0.010015 | val_mse=0.000973 | ord_acc@10=0.2433 | recall@10=0.7996
Epoch 006 | Step 10 | lr=8.535534e-04 | loss=0.002348
Epoch 006 | Step 20 | lr=8.535534e-04 | loss=0.002102
Epoch 006 | Step 30 | lr=8.535534e-04 | loss=0.002333
Epoch 006 | Step 40 | lr=8.535534e-04 | loss=0.003639
Epoch 006 | Step 50 | lr=8.535534e-04 | loss=0.002144
Epoch 006 | Step 60 | lr=8.535534e-04 | loss=0.001820
Epoch 006 | Step 70 | lr=8.535534e-04 | loss=0.002474
Epoch 006 | Step 80 | lr=8.535534e-04 | loss=0.002211
Epoch 006 | Step 90 | lr=8.535534e-04 | loss=0.002625
Epoch 006 | Step 100 | lr=8.535534e-04 | loss=0.002209
Epoch 006 | Step 110 | lr=8.535534e-04 | loss=0.001826
Epoch 006 | Step 120 | lr=8.535534e-04 | loss=0.002270
Epoch 006 | Step 130 | lr=8.535534e-04 | loss=0.002312
Epoch 006 | Step 140 | lr=8.535534e-04 | loss=0.002838
Epoch 006 | Step 150 | lr=8.535534e-04 | loss=0.002022
Epoch 006 | Step 160 | lr=8.535534e-04 | loss=0.002064
Epoch 006 | Step 170 | lr=8.535534e-04 | loss=0.002752
Epoch 006 | Step 180 | lr=8.535534e-04 | loss=0.001819
Epoch 006 | Step 190 | lr=8.535534e-04 | loss=0.002226
Epoch 006 | Step 200 | lr=8.535534e-04 | loss=0.002127
Epoch 006 | Step 210 | lr=8.535534e-04 | loss=0.002234
Epoch 006 | Step 220 | lr=8.535534e-04 | loss=0.002304
Epoch 006 | Step 230 | lr=8.535534e-04 | loss=0.002270
Epoch 006 | Step 240 | lr=8.535534e-04 | loss=0.002525
Epoch 006 | Step 250 | lr=8.535534e-04 | loss=0.002115
Epoch 006 | Step 260 | lr=8.535534e-04 | loss=0.002853
Epoch 006 | Step 270 | lr=8.535534e-04 | loss=0.002478
Epoch 006 | Step 280 | lr=8.535534e-04 | loss=0.002441
Epoch 006 | Step 290 | lr=8.535534e-04 | loss=0.002695
Epoch 006 | Step 300 | lr=8.535534e-04 | loss=0.001799
Epoch 006 | Step 310 | lr=8.535534e-04 | loss=0.002733
Epoch 006 | Step 320 | lr=8.535534e-04 | loss=0.002438
Epoch 006 | Step 330 | lr=8.535534e-04 | loss=0.001905
Epoch 006 | Step 340 | lr=8.535534e-04 | loss=0.003473
Epoch 006 | Step 350 | lr=8.535534e-04 | loss=0.002132
Epoch 006 | Step 360 | lr=8.535534e-04 | loss=0.002283
Epoch 006 | Step 370 | lr=8.535534e-04 | loss=0.002895
Epoch 006 | Step 380 | lr=8.535534e-04 | loss=0.001815
Epoch 006 | Step 390 | lr=8.535534e-04 | loss=0.002472
Epoch 006 | Step 400 | lr=8.535534e-04 | loss=0.001902
Epoch 006 | Step 410 | lr=8.535534e-04 | loss=0.002756
Epoch 006 | Step 420 | lr=8.535534e-04 | loss=0.002287
Epoch 006 | Step 430 | lr=8.535534e-04 | loss=0.001972
Epoch 006 | Step 440 | lr=8.535534e-04 | loss=0.002388
Epoch 006 | Step 450 | lr=8.535534e-04 | loss=0.002745
Epoch 006 | Step 460 | lr=8.535534e-04 | loss=0.002256
Epoch 006 | Step 470 | lr=8.535534e-04 | loss=0.002432
Epoch 006 | Step 480 | lr=8.535534e-04 | loss=0.001861
Epoch 006 | Step 490 | lr=8.535534e-04 | loss=0.002460
Epoch 006 | Step 500 | lr=8.535534e-04 | loss=0.002834
Epoch 006 | Step 510 | lr=8.535534e-04 | loss=0.003105
Epoch 006 | Step 520 | lr=8.535534e-04 | loss=0.002617
Epoch 006 | Step 530 | lr=8.535534e-04 | loss=0.002819
Epoch 006 | Step 540 | lr=8.535534e-04 | loss=0.002384
Epoch 006 | Step 550 | lr=8.535534e-04 | loss=0.001984
Epoch 006 | Step 560 | lr=8.535534e-04 | loss=0.002090
Epoch 006 | Step 570 | lr=8.535534e-04 | loss=0.002140
Epoch 006 | Step 580 | lr=8.535534e-04 | loss=0.003124
Epoch 006 | Step 590 | lr=8.535534e-04 | loss=0.002722
Epoch 006 | Step 600 | lr=8.535534e-04 | loss=0.001791
Epoch 006 | Step 610 | lr=8.535534e-04 | loss=0.002768
Epoch 006 | Step 620 | lr=8.535534e-04 | loss=0.002422
Epoch 006 | Step 630 | lr=8.535534e-04 | loss=0.002647
Epoch 006 | Step 640 | lr=8.535534e-04 | loss=0.002001
Epoch 006 | Step 650 | lr=8.535534e-04 | loss=0.002398
Epoch 006 | Step 660 | lr=8.535534e-04 | loss=0.002071
Epoch 006 | Step 670 | lr=8.535534e-04 | loss=0.002674
Epoch 006 | Step 680 | lr=8.535534e-04 | loss=0.002462
Epoch 006 | Step 690 | lr=8.535534e-04 | loss=0.002274
Epoch 006 | Step 700 | lr=8.535534e-04 | loss=0.002314
Epoch 006 | Step 710 | lr=8.535534e-04 | loss=0.002920
Epoch 006 | Step 720 | lr=8.535534e-04 | loss=0.001932
Epoch 006 | Step 730 | lr=8.535534e-04 | loss=0.002037
Epoch 006 | Step 740 | lr=8.535534e-04 | loss=0.002077
Epoch 006 | Step 750 | lr=8.535534e-04 | loss=0.003050
Epoch 006 | Step 760 | lr=8.535534e-04 | loss=0.003016
Epoch 006 | Step 770 | lr=8.535534e-04 | loss=0.002520
Epoch 006 | Step 780 | lr=8.535534e-04 | loss=0.002806
Epoch 006 | Step 790 | lr=8.535534e-04 | loss=0.002560
Epoch 006 | Step 800 | lr=8.535534e-04 | loss=0.003206
Epoch 006 | Step 810 | lr=8.535534e-04 | loss=0.003534
Epoch 006 | Step 820 | lr=8.535534e-04 | loss=0.002552
Epoch 006 | Step 830 | lr=8.535534e-04 | loss=0.002630
Epoch 006 | Step 840 | lr=8.535534e-04 | loss=0.002075
Epoch 006 | Step 850 | lr=8.535534e-04 | loss=0.002460
Epoch 006 | Step 860 | lr=8.535534e-04 | loss=0.002207
Epoch 006 | Step 870 | lr=8.535534e-04 | loss=0.002016
Epoch 006 | Step 880 | lr=8.535534e-04 | loss=0.002354
Epoch 006 | Step 890 | lr=8.535534e-04 | loss=0.002098
Epoch 006 | Step 900 | lr=8.535534e-04 | loss=0.002052
Epoch 006 | Step 910 | lr=8.535534e-04 | loss=0.002016
Epoch 006 | Step 920 | lr=8.535534e-04 | loss=0.002396
Epoch 006 | Step 930 | lr=8.535534e-04 | loss=0.002790
Epoch 006 | Step 940 | lr=8.535534e-04 | loss=0.002172
Epoch 006 | Step 950 | lr=8.535534e-04 | loss=0.001896
Epoch 006 | Step 960 | lr=8.535534e-04 | loss=0.003489
epoch 006 | train_kld=0.002487 | val_kld=0.002405 | val_mae=0.009375 | val_mse=0.000913 | ord_acc@10=0.2307 | recall@10=0.7790
Epoch 007 | Step 10 | lr=7.938926e-04 | loss=0.002642
Epoch 007 | Step 20 | lr=7.938926e-04 | loss=0.002531
Epoch 007 | Step 30 | lr=7.938926e-04 | loss=0.002621
Epoch 007 | Step 40 | lr=7.938926e-04 | loss=0.002705
Epoch 007 | Step 50 | lr=7.938926e-04 | loss=0.002211
Epoch 007 | Step 60 | lr=7.938926e-04 | loss=0.002522
Epoch 007 | Step 70 | lr=7.938926e-04 | loss=0.001870
Epoch 007 | Step 80 | lr=7.938926e-04 | loss=0.002615
Epoch 007 | Step 90 | lr=7.938926e-04 | loss=0.002401
Epoch 007 | Step 100 | lr=7.938926e-04 | loss=0.002159
Epoch 007 | Step 110 | lr=7.938926e-04 | loss=0.002321
Epoch 007 | Step 120 | lr=7.938926e-04 | loss=0.002638
Epoch 007 | Step 130 | lr=7.938926e-04 | loss=0.002020
Epoch 007 | Step 140 | lr=7.938926e-04 | loss=0.002573
Epoch 007 | Step 150 | lr=7.938926e-04 | loss=0.002075
Epoch 007 | Step 160 | lr=7.938926e-04 | loss=0.002144
Epoch 007 | Step 170 | lr=7.938926e-04 | loss=0.002670
Epoch 007 | Step 180 | lr=7.938926e-04 | loss=0.002316
Epoch 007 | Step 190 | lr=7.938926e-04 | loss=0.002771
Epoch 007 | Step 200 | lr=7.938926e-04 | loss=0.002596
Epoch 007 | Step 210 | lr=7.938926e-04 | loss=0.002361
Epoch 007 | Step 220 | lr=7.938926e-04 | loss=0.002048
Epoch 007 | Step 230 | lr=7.938926e-04 | loss=0.002241
Epoch 007 | Step 240 | lr=7.938926e-04 | loss=0.002331
Epoch 007 | Step 250 | lr=7.938926e-04 | loss=0.002361
Epoch 007 | Step 260 | lr=7.938926e-04 | loss=0.002340
Epoch 007 | Step 270 | lr=7.938926e-04 | loss=0.001887
Epoch 007 | Step 280 | lr=7.938926e-04 | loss=0.002031
Epoch 007 | Step 290 | lr=7.938926e-04 | loss=0.002092
Epoch 007 | Step 300 | lr=7.938926e-04 | loss=0.002235
Epoch 007 | Step 310 | lr=7.938926e-04 | loss=0.002022
Epoch 007 | Step 320 | lr=7.938926e-04 | loss=0.002247
Epoch 007 | Step 330 | lr=7.938926e-04 | loss=0.002773
Epoch 007 | Step 340 | lr=7.938926e-04 | loss=0.003132
Epoch 007 | Step 350 | lr=7.938926e-04 | loss=0.002893
Epoch 007 | Step 360 | lr=7.938926e-04 | loss=0.002962
Epoch 007 | Step 370 | lr=7.938926e-04 | loss=0.002893
Epoch 007 | Step 380 | lr=7.938926e-04 | loss=0.002298
Epoch 007 | Step 390 | lr=7.938926e-04 | loss=0.002518
Epoch 007 | Step 400 | lr=7.938926e-04 | loss=0.001941
Epoch 007 | Step 410 | lr=7.938926e-04 | loss=0.002604
Epoch 007 | Step 420 | lr=7.938926e-04 | loss=0.002003
Epoch 007 | Step 430 | lr=7.938926e-04 | loss=0.002275
Epoch 007 | Step 440 | lr=7.938926e-04 | loss=0.002405
Epoch 007 | Step 450 | lr=7.938926e-04 | loss=0.003149
Epoch 007 | Step 460 | lr=7.938926e-04 | loss=0.001861
Epoch 007 | Step 470 | lr=7.938926e-04 | loss=0.002241
Epoch 007 | Step 480 | lr=7.938926e-04 | loss=0.002415
Epoch 007 | Step 490 | lr=7.938926e-04 | loss=0.002222
Epoch 007 | Step 500 | lr=7.938926e-04 | loss=0.003147
Epoch 007 | Step 510 | lr=7.938926e-04 | loss=0.001661
Epoch 007 | Step 520 | lr=7.938926e-04 | loss=0.002392
Epoch 007 | Step 530 | lr=7.938926e-04 | loss=0.002417
Epoch 007 | Step 540 | lr=7.938926e-04 | loss=0.001859
Epoch 007 | Step 550 | lr=7.938926e-04 | loss=0.002293
Epoch 007 | Step 560 | lr=7.938926e-04 | loss=0.001876
Epoch 007 | Step 570 | lr=7.938926e-04 | loss=0.002583
Epoch 007 | Step 580 | lr=7.938926e-04 | loss=0.002819
Epoch 007 | Step 590 | lr=7.938926e-04 | loss=0.002153
Epoch 007 | Step 600 | lr=7.938926e-04 | loss=0.002501
Epoch 007 | Step 610 | lr=7.938926e-04 | loss=0.002539
Epoch 007 | Step 620 | lr=7.938926e-04 | loss=0.002363
Epoch 007 | Step 630 | lr=7.938926e-04 | loss=0.002419
Epoch 007 | Step 640 | lr=7.938926e-04 | loss=0.002762
Epoch 007 | Step 650 | lr=7.938926e-04 | loss=0.002588
Epoch 007 | Step 660 | lr=7.938926e-04 | loss=0.002335
Epoch 007 | Step 670 | lr=7.938926e-04 | loss=0.002546
Epoch 007 | Step 680 | lr=7.938926e-04 | loss=0.002037
Epoch 007 | Step 690 | lr=7.938926e-04 | loss=0.002481
Epoch 007 | Step 700 | lr=7.938926e-04 | loss=0.002340
Epoch 007 | Step 710 | lr=7.938926e-04 | loss=0.001430
Epoch 007 | Step 720 | lr=7.938926e-04 | loss=0.002108
Epoch 007 | Step 730 | lr=7.938926e-04 | loss=0.001970
Epoch 007 | Step 740 | lr=7.938926e-04 | loss=0.002014
Epoch 007 | Step 750 | lr=7.938926e-04 | loss=0.002186
Epoch 007 | Step 760 | lr=7.938926e-04 | loss=0.002382
Epoch 007 | Step 770 | lr=7.938926e-04 | loss=0.001782
Epoch 007 | Step 780 | lr=7.938926e-04 | loss=0.001872
Epoch 007 | Step 790 | lr=7.938926e-04 | loss=0.002575
Epoch 007 | Step 800 | lr=7.938926e-04 | loss=0.002127
Epoch 007 | Step 810 | lr=7.938926e-04 | loss=0.002401
Epoch 007 | Step 820 | lr=7.938926e-04 | loss=0.002008
Epoch 007 | Step 830 | lr=7.938926e-04 | loss=0.001976
Epoch 007 | Step 840 | lr=7.938926e-04 | loss=0.002729
Epoch 007 | Step 850 | lr=7.938926e-04 | loss=0.002535
Epoch 007 | Step 860 | lr=7.938926e-04 | loss=0.001948
Epoch 007 | Step 870 | lr=7.938926e-04 | loss=0.001957
Epoch 007 | Step 880 | lr=7.938926e-04 | loss=0.001238
Epoch 007 | Step 890 | lr=7.938926e-04 | loss=0.002533
Epoch 007 | Step 900 | lr=7.938926e-04 | loss=0.002087
Epoch 007 | Step 910 | lr=7.938926e-04 | loss=0.004414
Epoch 007 | Step 920 | lr=7.938926e-04 | loss=0.002222
Epoch 007 | Step 930 | lr=7.938926e-04 | loss=0.001718
Epoch 007 | Step 940 | lr=7.938926e-04 | loss=0.002457
Epoch 007 | Step 950 | lr=7.938926e-04 | loss=0.002914
Epoch 007 | Step 960 | lr=7.938926e-04 | loss=0.002386
epoch 007 | train_kld=0.002392 | val_kld=0.002214 | val_mae=0.009905 | val_mse=0.000931 | ord_acc@10=0.2414 | recall@10=0.7850
Epoch 008 | Step 10 | lr=7.269952e-04 | loss=0.002575
Epoch 008 | Step 20 | lr=7.269952e-04 | loss=0.002237
Epoch 008 | Step 30 | lr=7.269952e-04 | loss=0.001942
Epoch 008 | Step 40 | lr=7.269952e-04 | loss=0.002663
Epoch 008 | Step 50 | lr=7.269952e-04 | loss=0.002090
Epoch 008 | Step 60 | lr=7.269952e-04 | loss=0.002605
Epoch 008 | Step 70 | lr=7.269952e-04 | loss=0.001986
Epoch 008 | Step 80 | lr=7.269952e-04 | loss=0.002617
Epoch 008 | Step 90 | lr=7.269952e-04 | loss=0.001953
Epoch 008 | Step 100 | lr=7.269952e-04 | loss=0.001843
Epoch 008 | Step 110 | lr=7.269952e-04 | loss=0.002148
Epoch 008 | Step 120 | lr=7.269952e-04 | loss=0.002581
Epoch 008 | Step 130 | lr=7.269952e-04 | loss=0.002056
Epoch 008 | Step 140 | lr=7.269952e-04 | loss=0.002283
Epoch 008 | Step 150 | lr=7.269952e-04 | loss=0.001774
Epoch 008 | Step 160 | lr=7.269952e-04 | loss=0.001972
Epoch 008 | Step 170 | lr=7.269952e-04 | loss=0.002098
Epoch 008 | Step 180 | lr=7.269952e-04 | loss=0.002722
Epoch 008 | Step 190 | lr=7.269952e-04 | loss=0.002123
Epoch 008 | Step 200 | lr=7.269952e-04 | loss=0.003023
Epoch 008 | Step 210 | lr=7.269952e-04 | loss=0.002277
Epoch 008 | Step 220 | lr=7.269952e-04 | loss=0.002413
Epoch 008 | Step 230 | lr=7.269952e-04 | loss=0.002296
Epoch 008 | Step 240 | lr=7.269952e-04 | loss=0.002344
Epoch 008 | Step 250 | lr=7.269952e-04 | loss=0.002007
Epoch 008 | Step 260 | lr=7.269952e-04 | loss=0.002325
Epoch 008 | Step 270 | lr=7.269952e-04 | loss=0.001995
Epoch 008 | Step 280 | lr=7.269952e-04 | loss=0.002176
Epoch 008 | Step 290 | lr=7.269952e-04 | loss=0.002485
Epoch 008 | Step 300 | lr=7.269952e-04 | loss=0.002514
Epoch 008 | Step 310 | lr=7.269952e-04 | loss=0.002209
Epoch 008 | Step 320 | lr=7.269952e-04 | loss=0.001987
Epoch 008 | Step 330 | lr=7.269952e-04 | loss=0.002380
Epoch 008 | Step 340 | lr=7.269952e-04 | loss=0.002693
Epoch 008 | Step 350 | lr=7.269952e-04 | loss=0.001875
Epoch 008 | Step 360 | lr=7.269952e-04 | loss=0.002392
Epoch 008 | Step 370 | lr=7.269952e-04 | loss=0.002619
Epoch 008 | Step 380 | lr=7.269952e-04 | loss=0.002195
Epoch 008 | Step 390 | lr=7.269952e-04 | loss=0.002394
Epoch 008 | Step 400 | lr=7.269952e-04 | loss=0.002043
Epoch 008 | Step 410 | lr=7.269952e-04 | loss=0.002831
Epoch 008 | Step 420 | lr=7.269952e-04 | loss=0.002012
Epoch 008 | Step 430 | lr=7.269952e-04 | loss=0.002077
Epoch 008 | Step 440 | lr=7.269952e-04 | loss=0.001654
Epoch 008 | Step 450 | lr=7.269952e-04 | loss=0.002033
Epoch 008 | Step 460 | lr=7.269952e-04 | loss=0.002256
Epoch 008 | Step 470 | lr=7.269952e-04 | loss=0.002417
Epoch 008 | Step 480 | lr=7.269952e-04 | loss=0.002443
Epoch 008 | Step 490 | lr=7.269952e-04 | loss=0.002535
Epoch 008 | Step 500 | lr=7.269952e-04 | loss=0.003012
Epoch 008 | Step 510 | lr=7.269952e-04 | loss=0.002365
Epoch 008 | Step 520 | lr=7.269952e-04 | loss=0.002649
Epoch 008 | Step 530 | lr=7.269952e-04 | loss=0.002184
Epoch 008 | Step 540 | lr=7.269952e-04 | loss=0.002708
Epoch 008 | Step 550 | lr=7.269952e-04 | loss=0.002197
Epoch 008 | Step 560 | lr=7.269952e-04 | loss=0.002844
Epoch 008 | Step 570 | lr=7.269952e-04 | loss=0.001877
Epoch 008 | Step 580 | lr=7.269952e-04 | loss=0.002554
Epoch 008 | Step 590 | lr=7.269952e-04 | loss=0.002214
Epoch 008 | Step 600 | lr=7.269952e-04 | loss=0.002382
Epoch 008 | Step 610 | lr=7.269952e-04 | loss=0.002617
Epoch 008 | Step 620 | lr=7.269952e-04 | loss=0.001863
Epoch 008 | Step 630 | lr=7.269952e-04 | loss=0.002695
Epoch 008 | Step 640 | lr=7.269952e-04 | loss=0.002003
Epoch 008 | Step 650 | lr=7.269952e-04 | loss=0.002056
Epoch 008 | Step 660 | lr=7.269952e-04 | loss=0.003153
Epoch 008 | Step 670 | lr=7.269952e-04 | loss=0.002115
Epoch 008 | Step 680 | lr=7.269952e-04 | loss=0.003187
Epoch 008 | Step 690 | lr=7.269952e-04 | loss=0.002256
Epoch 008 | Step 700 | lr=7.269952e-04 | loss=0.002100
Epoch 008 | Step 710 | lr=7.269952e-04 | loss=0.002203
Epoch 008 | Step 720 | lr=7.269952e-04 | loss=0.002478
Epoch 008 | Step 730 | lr=7.269952e-04 | loss=0.002573
Epoch 008 | Step 740 | lr=7.269952e-04 | loss=0.001741
Epoch 008 | Step 750 | lr=7.269952e-04 | loss=0.002264
Epoch 008 | Step 760 | lr=7.269952e-04 | loss=0.002502
Epoch 008 | Step 770 | lr=7.269952e-04 | loss=0.002483
Epoch 008 | Step 780 | lr=7.269952e-04 | loss=0.002310
Epoch 008 | Step 790 | lr=7.269952e-04 | loss=0.002066
Epoch 008 | Step 800 | lr=7.269952e-04 | loss=0.002010
Epoch 008 | Step 810 | lr=7.269952e-04 | loss=0.002031
Epoch 008 | Step 820 | lr=7.269952e-04 | loss=0.002426
Epoch 008 | Step 830 | lr=7.269952e-04 | loss=0.002029
Epoch 008 | Step 840 | lr=7.269952e-04 | loss=0.002268
Epoch 008 | Step 850 | lr=7.269952e-04 | loss=0.002260
Epoch 008 | Step 860 | lr=7.269952e-04 | loss=0.002985
Epoch 008 | Step 870 | lr=7.269952e-04 | loss=0.002483
Epoch 008 | Step 880 | lr=7.269952e-04 | loss=0.002068
Epoch 008 | Step 890 | lr=7.269952e-04 | loss=0.002008
Epoch 008 | Step 900 | lr=7.269952e-04 | loss=0.002556
Epoch 008 | Step 910 | lr=7.269952e-04 | loss=0.002230
Epoch 008 | Step 920 | lr=7.269952e-04 | loss=0.002012
Epoch 008 | Step 930 | lr=7.269952e-04 | loss=0.002337
Epoch 008 | Step 940 | lr=7.269952e-04 | loss=0.001980
Epoch 008 | Step 950 | lr=7.269952e-04 | loss=0.002657
Epoch 008 | Step 960 | lr=7.269952e-04 | loss=0.001719
epoch 008 | train_kld=0.002254 | val_kld=0.002013 | val_mae=0.009798 | val_mse=0.000919 | ord_acc@10=0.2460 | recall@10=0.7829
Epoch 009 | Step 10 | lr=6.545085e-04 | loss=0.002043
Epoch 009 | Step 20 | lr=6.545085e-04 | loss=0.002092
Epoch 009 | Step 30 | lr=6.545085e-04 | loss=0.002203
Epoch 009 | Step 40 | lr=6.545085e-04 | loss=0.001986
Epoch 009 | Step 50 | lr=6.545085e-04 | loss=0.002129
Epoch 009 | Step 60 | lr=6.545085e-04 | loss=0.002043
Epoch 009 | Step 70 | lr=6.545085e-04 | loss=0.001959
Epoch 009 | Step 80 | lr=6.545085e-04 | loss=0.001828
Epoch 009 | Step 90 | lr=6.545085e-04 | loss=0.002216
Epoch 009 | Step 100 | lr=6.545085e-04 | loss=0.001682
Epoch 009 | Step 110 | lr=6.545085e-04 | loss=0.002462
Epoch 009 | Step 120 | lr=6.545085e-04 | loss=0.002426
Epoch 009 | Step 130 | lr=6.545085e-04 | loss=0.002226
Epoch 009 | Step 140 | lr=6.545085e-04 | loss=0.001527
Epoch 009 | Step 150 | lr=6.545085e-04 | loss=0.001883
Epoch 009 | Step 160 | lr=6.545085e-04 | loss=0.002651
Epoch 009 | Step 170 | lr=6.545085e-04 | loss=0.002010
Epoch 009 | Step 180 | lr=6.545085e-04 | loss=0.002024
Epoch 009 | Step 190 | lr=6.545085e-04 | loss=0.001664
Epoch 009 | Step 200 | lr=6.545085e-04 | loss=0.002796
Epoch 009 | Step 210 | lr=6.545085e-04 | loss=0.002241
Epoch 009 | Step 220 | lr=6.545085e-04 | loss=0.002602
Epoch 009 | Step 230 | lr=6.545085e-04 | loss=0.002254
Epoch 009 | Step 240 | lr=6.545085e-04 | loss=0.002356
Epoch 009 | Step 250 | lr=6.545085e-04 | loss=0.002443
Epoch 009 | Step 260 | lr=6.545085e-04 | loss=0.002151
Epoch 009 | Step 270 | lr=6.545085e-04 | loss=0.002031
Epoch 009 | Step 280 | lr=6.545085e-04 | loss=0.002161
Epoch 009 | Step 290 | lr=6.545085e-04 | loss=0.002436
Epoch 009 | Step 300 | lr=6.545085e-04 | loss=0.002083
Epoch 009 | Step 310 | lr=6.545085e-04 | loss=0.001860
Epoch 009 | Step 320 | lr=6.545085e-04 | loss=0.002165
Epoch 009 | Step 330 | lr=6.545085e-04 | loss=0.002668
Epoch 009 | Step 340 | lr=6.545085e-04 | loss=0.001845
Epoch 009 | Step 350 | lr=6.545085e-04 | loss=0.001697
Epoch 009 | Step 360 | lr=6.545085e-04 | loss=0.002069
Epoch 009 | Step 370 | lr=6.545085e-04 | loss=0.002468
Epoch 009 | Step 380 | lr=6.545085e-04 | loss=0.002394
Epoch 009 | Step 390 | lr=6.545085e-04 | loss=0.002195
Epoch 009 | Step 400 | lr=6.545085e-04 | loss=0.001814
Epoch 009 | Step 410 | lr=6.545085e-04 | loss=0.001917
Epoch 009 | Step 420 | lr=6.545085e-04 | loss=0.002470
Epoch 009 | Step 430 | lr=6.545085e-04 | loss=0.001841
Epoch 009 | Step 440 | lr=6.545085e-04 | loss=0.002390
Epoch 009 | Step 450 | lr=6.545085e-04 | loss=0.001950
Epoch 009 | Step 460 | lr=6.545085e-04 | loss=0.002239
Epoch 009 | Step 470 | lr=6.545085e-04 | loss=0.001935
Epoch 009 | Step 480 | lr=6.545085e-04 | loss=0.002243
Epoch 009 | Step 490 | lr=6.545085e-04 | loss=0.001628
Epoch 009 | Step 500 | lr=6.545085e-04 | loss=0.002398
Epoch 009 | Step 510 | lr=6.545085e-04 | loss=0.002367
Epoch 009 | Step 520 | lr=6.545085e-04 | loss=0.001993
Epoch 009 | Step 530 | lr=6.545085e-04 | loss=0.002323
Epoch 009 | Step 540 | lr=6.545085e-04 | loss=0.002552
Epoch 009 | Step 550 | lr=6.545085e-04 | loss=0.001879
Epoch 009 | Step 560 | lr=6.545085e-04 | loss=0.002239
Epoch 009 | Step 570 | lr=6.545085e-04 | loss=0.002085
Epoch 009 | Step 580 | lr=6.545085e-04 | loss=0.002651
Epoch 009 | Step 590 | lr=6.545085e-04 | loss=0.002291
Epoch 009 | Step 600 | lr=6.545085e-04 | loss=0.001637
Epoch 009 | Step 610 | lr=6.545085e-04 | loss=0.001659
Epoch 009 | Step 620 | lr=6.545085e-04 | loss=0.001862
Epoch 009 | Step 630 | lr=6.545085e-04 | loss=0.002117
Epoch 009 | Step 640 | lr=6.545085e-04 | loss=0.001710
Epoch 009 | Step 650 | lr=6.545085e-04 | loss=0.002247
Epoch 009 | Step 660 | lr=6.545085e-04 | loss=0.002144
Epoch 009 | Step 670 | lr=6.545085e-04 | loss=0.001984
Epoch 009 | Step 680 | lr=6.545085e-04 | loss=0.002327
Epoch 009 | Step 690 | lr=6.545085e-04 | loss=0.002115
Epoch 009 | Step 700 | lr=6.545085e-04 | loss=0.002285
Epoch 009 | Step 710 | lr=6.545085e-04 | loss=0.002111
Epoch 009 | Step 720 | lr=6.545085e-04 | loss=0.001825
Epoch 009 | Step 730 | lr=6.545085e-04 | loss=0.002806
Epoch 009 | Step 740 | lr=6.545085e-04 | loss=0.002214
Epoch 009 | Step 750 | lr=6.545085e-04 | loss=0.002430
Epoch 009 | Step 760 | lr=6.545085e-04 | loss=0.001868
Epoch 009 | Step 770 | lr=6.545085e-04 | loss=0.002245
Epoch 009 | Step 780 | lr=6.545085e-04 | loss=0.002207
Epoch 009 | Step 790 | lr=6.545085e-04 | loss=0.001961
Epoch 009 | Step 800 | lr=6.545085e-04 | loss=0.002453
Epoch 009 | Step 810 | lr=6.545085e-04 | loss=0.002230
Epoch 009 | Step 820 | lr=6.545085e-04 | loss=0.002359
Epoch 009 | Step 830 | lr=6.545085e-04 | loss=0.002672
Epoch 009 | Step 840 | lr=6.545085e-04 | loss=0.002144
Epoch 009 | Step 850 | lr=6.545085e-04 | loss=0.002590
Epoch 009 | Step 860 | lr=6.545085e-04 | loss=0.002317
Epoch 009 | Step 870 | lr=6.545085e-04 | loss=0.002321
Epoch 009 | Step 880 | lr=6.545085e-04 | loss=0.001793
Epoch 009 | Step 890 | lr=6.545085e-04 | loss=0.002075
Epoch 009 | Step 900 | lr=6.545085e-04 | loss=0.002678
Epoch 009 | Step 910 | lr=6.545085e-04 | loss=0.002466
Epoch 009 | Step 920 | lr=6.545085e-04 | loss=0.002010
Epoch 009 | Step 930 | lr=6.545085e-04 | loss=0.002451
Epoch 009 | Step 940 | lr=6.545085e-04 | loss=0.001657
Epoch 009 | Step 950 | lr=6.545085e-04 | loss=0.002237
Epoch 009 | Step 960 | lr=6.545085e-04 | loss=0.002844
epoch 009 | train_kld=0.002128 | val_kld=0.002128 | val_mae=0.009866 | val_mse=0.000918 | ord_acc@10=0.2582 | recall@10=0.7886
Epoch 010 | Step 10 | lr=5.782172e-04 | loss=0.001811
Epoch 010 | Step 20 | lr=5.782172e-04 | loss=0.002207
Epoch 010 | Step 30 | lr=5.782172e-04 | loss=0.001943
Epoch 010 | Step 40 | lr=5.782172e-04 | loss=0.002232
Epoch 010 | Step 50 | lr=5.782172e-04 | loss=0.002121
Epoch 010 | Step 60 | lr=5.782172e-04 | loss=0.001782
Epoch 010 | Step 70 | lr=5.782172e-04 | loss=0.001882
Epoch 010 | Step 80 | lr=5.782172e-04 | loss=0.002239
Epoch 010 | Step 90 | lr=5.782172e-04 | loss=0.002071
Epoch 010 | Step 100 | lr=5.782172e-04 | loss=0.002258
Epoch 010 | Step 110 | lr=5.782172e-04 | loss=0.001872
Epoch 010 | Step 120 | lr=5.782172e-04 | loss=0.002110
Epoch 010 | Step 130 | lr=5.782172e-04 | loss=0.001836
Epoch 010 | Step 140 | lr=5.782172e-04 | loss=0.002050
Epoch 010 | Step 150 | lr=5.782172e-04 | loss=0.001968
Epoch 010 | Step 160 | lr=5.782172e-04 | loss=0.002089
Epoch 010 | Step 170 | lr=5.782172e-04 | loss=0.001841
Epoch 010 | Step 180 | lr=5.782172e-04 | loss=0.002148
Epoch 010 | Step 190 | lr=5.782172e-04 | loss=0.002104
Epoch 010 | Step 200 | lr=5.782172e-04 | loss=0.001886
Epoch 010 | Step 210 | lr=5.782172e-04 | loss=0.001722
Epoch 010 | Step 220 | lr=5.782172e-04 | loss=0.001719
Epoch 010 | Step 230 | lr=5.782172e-04 | loss=0.002102
Epoch 010 | Step 240 | lr=5.782172e-04 | loss=0.002220
Epoch 010 | Step 250 | lr=5.782172e-04 | loss=0.001867
Epoch 010 | Step 260 | lr=5.782172e-04 | loss=0.002274
Epoch 010 | Step 270 | lr=5.782172e-04 | loss=0.001405
Epoch 010 | Step 280 | lr=5.782172e-04 | loss=0.001661
Epoch 010 | Step 290 | lr=5.782172e-04 | loss=0.001915
Epoch 010 | Step 300 | lr=5.782172e-04 | loss=0.002583
Epoch 010 | Step 310 | lr=5.782172e-04 | loss=0.002016
Epoch 010 | Step 320 | lr=5.782172e-04 | loss=0.002594
Epoch 010 | Step 330 | lr=5.782172e-04 | loss=0.002350
Epoch 010 | Step 340 | lr=5.782172e-04 | loss=0.002169
Epoch 010 | Step 350 | lr=5.782172e-04 | loss=0.002451
Epoch 010 | Step 360 | lr=5.782172e-04 | loss=0.002071
Epoch 010 | Step 370 | lr=5.782172e-04 | loss=0.002676
Epoch 010 | Step 380 | lr=5.782172e-04 | loss=0.001833
Epoch 010 | Step 390 | lr=5.782172e-04 | loss=0.002075
Epoch 010 | Step 400 | lr=5.782172e-04 | loss=0.001966
Epoch 010 | Step 410 | lr=5.782172e-04 | loss=0.001995
Epoch 010 | Step 420 | lr=5.782172e-04 | loss=0.001855
Epoch 010 | Step 430 | lr=5.782172e-04 | loss=0.002300
Epoch 010 | Step 440 | lr=5.782172e-04 | loss=0.001888
Epoch 010 | Step 450 | lr=5.782172e-04 | loss=0.002705
Epoch 010 | Step 460 | lr=5.782172e-04 | loss=0.002516
Epoch 010 | Step 470 | lr=5.782172e-04 | loss=0.002151
Epoch 010 | Step 480 | lr=5.782172e-04 | loss=0.001616
Epoch 010 | Step 490 | lr=5.782172e-04 | loss=0.001631
Epoch 010 | Step 500 | lr=5.782172e-04 | loss=0.001779
Epoch 010 | Step 510 | lr=5.782172e-04 | loss=0.003071
Epoch 010 | Step 520 | lr=5.782172e-04 | loss=0.002129
Epoch 010 | Step 530 | lr=5.782172e-04 | loss=0.001710
Epoch 010 | Step 540 | lr=5.782172e-04 | loss=0.001940
Epoch 010 | Step 550 | lr=5.782172e-04 | loss=0.002317
Epoch 010 | Step 560 | lr=5.782172e-04 | loss=0.001921
Epoch 010 | Step 570 | lr=5.782172e-04 | loss=0.001984
Epoch 010 | Step 580 | lr=5.782172e-04 | loss=0.002138
Epoch 010 | Step 590 | lr=5.782172e-04 | loss=0.001871
Epoch 010 | Step 600 | lr=5.782172e-04 | loss=0.002480
Epoch 010 | Step 610 | lr=5.782172e-04 | loss=0.002068
Epoch 010 | Step 620 | lr=5.782172e-04 | loss=0.002266
Epoch 010 | Step 630 | lr=5.782172e-04 | loss=0.002346
Epoch 010 | Step 640 | lr=5.782172e-04 | loss=0.002106
Epoch 010 | Step 650 | lr=5.782172e-04 | loss=0.002529
Epoch 010 | Step 660 | lr=5.782172e-04 | loss=0.001968
Epoch 010 | Step 670 | lr=5.782172e-04 | loss=0.001859
Epoch 010 | Step 680 | lr=5.782172e-04 | loss=0.001999
Epoch 010 | Step 690 | lr=5.782172e-04 | loss=0.001727
Epoch 010 | Step 700 | lr=5.782172e-04 | loss=0.001749
Epoch 010 | Step 710 | lr=5.782172e-04 | loss=0.002613
Epoch 010 | Step 720 | lr=5.782172e-04 | loss=0.001759
Epoch 010 | Step 730 | lr=5.782172e-04 | loss=0.001509
Epoch 010 | Step 740 | lr=5.782172e-04 | loss=0.002689
Epoch 010 | Step 750 | lr=5.782172e-04 | loss=0.001829
Epoch 010 | Step 760 | lr=5.782172e-04 | loss=0.002556
Epoch 010 | Step 770 | lr=5.782172e-04 | loss=0.002161
Epoch 010 | Step 780 | lr=5.782172e-04 | loss=0.002014
Epoch 010 | Step 790 | lr=5.782172e-04 | loss=0.002707
Epoch 010 | Step 800 | lr=5.782172e-04 | loss=0.002419
Epoch 010 | Step 810 | lr=5.782172e-04 | loss=0.001794
Epoch 010 | Step 820 | lr=5.782172e-04 | loss=0.002277
Epoch 010 | Step 830 | lr=5.782172e-04 | loss=0.001900
Epoch 010 | Step 840 | lr=5.782172e-04 | loss=0.001997
Epoch 010 | Step 850 | lr=5.782172e-04 | loss=0.001959
Epoch 010 | Step 860 | lr=5.782172e-04 | loss=0.001694
Epoch 010 | Step 870 | lr=5.782172e-04 | loss=0.001991
Epoch 010 | Step 880 | lr=5.782172e-04 | loss=0.001866
Epoch 010 | Step 890 | lr=5.782172e-04 | loss=0.002081
Epoch 010 | Step 900 | lr=5.782172e-04 | loss=0.002319
Epoch 010 | Step 910 | lr=5.782172e-04 | loss=0.002407
Epoch 010 | Step 920 | lr=5.782172e-04 | loss=0.001778
Epoch 010 | Step 930 | lr=5.782172e-04 | loss=0.002529
Epoch 010 | Step 940 | lr=5.782172e-04 | loss=0.002176
Epoch 010 | Step 950 | lr=5.782172e-04 | loss=0.001796
Epoch 010 | Step 960 | lr=5.782172e-04 | loss=0.002083
epoch 010 | train_kld=0.002028 | val_kld=0.001885 | val_mae=0.009102 | val_mse=0.000794 | ord_acc@10=0.2528 | recall@10=0.7970
Epoch 011 | Step 10 | lr=5.000000e-04 | loss=0.001959
Epoch 011 | Step 20 | lr=5.000000e-04 | loss=0.002136
Epoch 011 | Step 30 | lr=5.000000e-04 | loss=0.002094
Epoch 011 | Step 40 | lr=5.000000e-04 | loss=0.001085
Epoch 011 | Step 50 | lr=5.000000e-04 | loss=0.001982
Epoch 011 | Step 60 | lr=5.000000e-04 | loss=0.001711
Epoch 011 | Step 70 | lr=5.000000e-04 | loss=0.002121
Epoch 011 | Step 80 | lr=5.000000e-04 | loss=0.002310
Epoch 011 | Step 90 | lr=5.000000e-04 | loss=0.001802
Epoch 011 | Step 100 | lr=5.000000e-04 | loss=0.002110
Epoch 011 | Step 110 | lr=5.000000e-04 | loss=0.001946
Epoch 011 | Step 120 | lr=5.000000e-04 | loss=0.001914
Epoch 011 | Step 130 | lr=5.000000e-04 | loss=0.001793
Epoch 011 | Step 140 | lr=5.000000e-04 | loss=0.001963
Epoch 011 | Step 150 | lr=5.000000e-04 | loss=0.001807
Epoch 011 | Step 160 | lr=5.000000e-04 | loss=0.002483
Epoch 011 | Step 170 | lr=5.000000e-04 | loss=0.001989
Epoch 011 | Step 180 | lr=5.000000e-04 | loss=0.001720
Epoch 011 | Step 190 | lr=5.000000e-04 | loss=0.001966
Epoch 011 | Step 200 | lr=5.000000e-04 | loss=0.001773
Epoch 011 | Step 210 | lr=5.000000e-04 | loss=0.001752
Epoch 011 | Step 220 | lr=5.000000e-04 | loss=0.001888
Epoch 011 | Step 230 | lr=5.000000e-04 | loss=0.001691
Epoch 011 | Step 240 | lr=5.000000e-04 | loss=0.002609
Epoch 011 | Step 250 | lr=5.000000e-04 | loss=0.002228
Epoch 011 | Step 260 | lr=5.000000e-04 | loss=0.001780
Epoch 011 | Step 270 | lr=5.000000e-04 | loss=0.001577
Epoch 011 | Step 280 | lr=5.000000e-04 | loss=0.001578
Epoch 011 | Step 290 | lr=5.000000e-04 | loss=0.002253
Epoch 011 | Step 300 | lr=5.000000e-04 | loss=0.002253
Epoch 011 | Step 310 | lr=5.000000e-04 | loss=0.001892
Epoch 011 | Step 320 | lr=5.000000e-04 | loss=0.002090
Epoch 011 | Step 330 | lr=5.000000e-04 | loss=0.002001
Epoch 011 | Step 340 | lr=5.000000e-04 | loss=0.001721
Epoch 011 | Step 350 | lr=5.000000e-04 | loss=0.001417
Epoch 011 | Step 360 | lr=5.000000e-04 | loss=0.001938
Epoch 011 | Step 370 | lr=5.000000e-04 | loss=0.001690
Epoch 011 | Step 380 | lr=5.000000e-04 | loss=0.002842
Epoch 011 | Step 390 | lr=5.000000e-04 | loss=0.001812
Epoch 011 | Step 400 | lr=5.000000e-04 | loss=0.002283
Epoch 011 | Step 410 | lr=5.000000e-04 | loss=0.001843
Epoch 011 | Step 420 | lr=5.000000e-04 | loss=0.002190
Epoch 011 | Step 430 | lr=5.000000e-04 | loss=0.001521
Epoch 011 | Step 440 | lr=5.000000e-04 | loss=0.002005
Epoch 011 | Step 450 | lr=5.000000e-04 | loss=0.001608
Epoch 011 | Step 460 | lr=5.000000e-04 | loss=0.001648
Epoch 011 | Step 470 | lr=5.000000e-04 | loss=0.001842
Epoch 011 | Step 480 | lr=5.000000e-04 | loss=0.001837
Epoch 011 | Step 490 | lr=5.000000e-04 | loss=0.001922
Epoch 011 | Step 500 | lr=5.000000e-04 | loss=0.001295
Epoch 011 | Step 510 | lr=5.000000e-04 | loss=0.002205
Epoch 011 | Step 520 | lr=5.000000e-04 | loss=0.001900
Epoch 011 | Step 530 | lr=5.000000e-04 | loss=0.001986
Epoch 011 | Step 540 | lr=5.000000e-04 | loss=0.001438
Epoch 011 | Step 550 | lr=5.000000e-04 | loss=0.001778
Epoch 011 | Step 560 | lr=5.000000e-04 | loss=0.001890
Epoch 011 | Step 570 | lr=5.000000e-04 | loss=0.002125
Epoch 011 | Step 580 | lr=5.000000e-04 | loss=0.002378
Epoch 011 | Step 590 | lr=5.000000e-04 | loss=0.001844
Epoch 011 | Step 600 | lr=5.000000e-04 | loss=0.001309
Epoch 011 | Step 610 | lr=5.000000e-04 | loss=0.002153
Epoch 011 | Step 620 | lr=5.000000e-04 | loss=0.002176
Epoch 011 | Step 630 | lr=5.000000e-04 | loss=0.001891
Epoch 011 | Step 640 | lr=5.000000e-04 | loss=0.001933
Epoch 011 | Step 650 | lr=5.000000e-04 | loss=0.002098
Epoch 011 | Step 660 | lr=5.000000e-04 | loss=0.001902
Epoch 011 | Step 670 | lr=5.000000e-04 | loss=0.001997
Epoch 011 | Step 680 | lr=5.000000e-04 | loss=0.002300
Epoch 011 | Step 690 | lr=5.000000e-04 | loss=0.001817
Epoch 011 | Step 700 | lr=5.000000e-04 | loss=0.001844
Epoch 011 | Step 710 | lr=5.000000e-04 | loss=0.001351
Epoch 011 | Step 720 | lr=5.000000e-04 | loss=0.001711
Epoch 011 | Step 730 | lr=5.000000e-04 | loss=0.001569
Epoch 011 | Step 740 | lr=5.000000e-04 | loss=0.002359
Epoch 011 | Step 750 | lr=5.000000e-04 | loss=0.001656
Epoch 011 | Step 760 | lr=5.000000e-04 | loss=0.001603
Epoch 011 | Step 770 | lr=5.000000e-04 | loss=0.001729
Epoch 011 | Step 780 | lr=5.000000e-04 | loss=0.001788
Epoch 011 | Step 790 | lr=5.000000e-04 | loss=0.002380
Epoch 011 | Step 800 | lr=5.000000e-04 | loss=0.001649
Epoch 011 | Step 810 | lr=5.000000e-04 | loss=0.001872
Epoch 011 | Step 820 | lr=5.000000e-04 | loss=0.002010
Epoch 011 | Step 830 | lr=5.000000e-04 | loss=0.001594
Epoch 011 | Step 840 | lr=5.000000e-04 | loss=0.002422
Epoch 011 | Step 850 | lr=5.000000e-04 | loss=0.001880
Epoch 011 | Step 860 | lr=5.000000e-04 | loss=0.002203
Epoch 011 | Step 870 | lr=5.000000e-04 | loss=0.001645
Epoch 011 | Step 880 | lr=5.000000e-04 | loss=0.001982
Epoch 011 | Step 890 | lr=5.000000e-04 | loss=0.002073
Epoch 011 | Step 900 | lr=5.000000e-04 | loss=0.001545
Epoch 011 | Step 910 | lr=5.000000e-04 | loss=0.001989
Epoch 011 | Step 920 | lr=5.000000e-04 | loss=0.001791
Epoch 011 | Step 930 | lr=5.000000e-04 | loss=0.001915
Epoch 011 | Step 940 | lr=5.000000e-04 | loss=0.002127
Epoch 011 | Step 950 | lr=5.000000e-04 | loss=0.002001
Epoch 011 | Step 960 | lr=5.000000e-04 | loss=0.001625
epoch 011 | train_kld=0.001920 | val_kld=0.001826 | val_mae=0.009660 | val_mse=0.000903 | ord_acc@10=0.2637 | recall@10=0.7988
Epoch 012 | Step 10 | lr=4.217828e-04 | loss=0.002188
Epoch 012 | Step 20 | lr=4.217828e-04 | loss=0.001948
Epoch 012 | Step 30 | lr=4.217828e-04 | loss=0.001761
Epoch 012 | Step 40 | lr=4.217828e-04 | loss=0.001723
Epoch 012 | Step 50 | lr=4.217828e-04 | loss=0.001893
Epoch 012 | Step 60 | lr=4.217828e-04 | loss=0.001696
Epoch 012 | Step 70 | lr=4.217828e-04 | loss=0.002127
Epoch 012 | Step 80 | lr=4.217828e-04 | loss=0.001758
Epoch 012 | Step 90 | lr=4.217828e-04 | loss=0.002001
Epoch 012 | Step 100 | lr=4.217828e-04 | loss=0.001922
Epoch 012 | Step 110 | lr=4.217828e-04 | loss=0.001595
Epoch 012 | Step 120 | lr=4.217828e-04 | loss=0.001445
Epoch 012 | Step 130 | lr=4.217828e-04 | loss=0.001744
Epoch 012 | Step 140 | lr=4.217828e-04 | loss=0.002132
Epoch 012 | Step 150 | lr=4.217828e-04 | loss=0.001941
Epoch 012 | Step 160 | lr=4.217828e-04 | loss=0.001754
Epoch 012 | Step 170 | lr=4.217828e-04 | loss=0.001508
Epoch 012 | Step 180 | lr=4.217828e-04 | loss=0.002008
Epoch 012 | Step 190 | lr=4.217828e-04 | loss=0.001854
Epoch 012 | Step 200 | lr=4.217828e-04 | loss=0.001651
Epoch 012 | Step 210 | lr=4.217828e-04 | loss=0.001782
Epoch 012 | Step 220 | lr=4.217828e-04 | loss=0.001667
Epoch 012 | Step 230 | lr=4.217828e-04 | loss=0.001560
Epoch 012 | Step 240 | lr=4.217828e-04 | loss=0.002022
Epoch 012 | Step 250 | lr=4.217828e-04 | loss=0.001342
Epoch 012 | Step 260 | lr=4.217828e-04 | loss=0.001488
Epoch 012 | Step 270 | lr=4.217828e-04 | loss=0.001957
Epoch 012 | Step 280 | lr=4.217828e-04 | loss=0.002199
Epoch 012 | Step 290 | lr=4.217828e-04 | loss=0.001807
Epoch 012 | Step 300 | lr=4.217828e-04 | loss=0.001578
Epoch 012 | Step 310 | lr=4.217828e-04 | loss=0.002291
Epoch 012 | Step 320 | lr=4.217828e-04 | loss=0.001539
Epoch 012 | Step 330 | lr=4.217828e-04 | loss=0.001694
Epoch 012 | Step 340 | lr=4.217828e-04 | loss=0.001630
Epoch 012 | Step 350 | lr=4.217828e-04 | loss=0.001489
Epoch 012 | Step 360 | lr=4.217828e-04 | loss=0.001648
Epoch 012 | Step 370 | lr=4.217828e-04 | loss=0.001835
Epoch 012 | Step 380 | lr=4.217828e-04 | loss=0.001918
Epoch 012 | Step 390 | lr=4.217828e-04 | loss=0.002134
Epoch 012 | Step 400 | lr=4.217828e-04 | loss=0.001523
Epoch 012 | Step 410 | lr=4.217828e-04 | loss=0.001748
Epoch 012 | Step 420 | lr=4.217828e-04 | loss=0.001978
Epoch 012 | Step 430 | lr=4.217828e-04 | loss=0.002129
Epoch 012 | Step 440 | lr=4.217828e-04 | loss=0.001681
Epoch 012 | Step 450 | lr=4.217828e-04 | loss=0.001303
Epoch 012 | Step 460 | lr=4.217828e-04 | loss=0.001840
Epoch 012 | Step 470 | lr=4.217828e-04 | loss=0.001709
Epoch 012 | Step 480 | lr=4.217828e-04 | loss=0.002123
Epoch 012 | Step 490 | lr=4.217828e-04 | loss=0.001686
Epoch 012 | Step 500 | lr=4.217828e-04 | loss=0.001557
Epoch 012 | Step 510 | lr=4.217828e-04 | loss=0.001816
Epoch 012 | Step 520 | lr=4.217828e-04 | loss=0.001388
Epoch 012 | Step 530 | lr=4.217828e-04 | loss=0.002115
Epoch 012 | Step 540 | lr=4.217828e-04 | loss=0.001564
Epoch 012 | Step 550 | lr=4.217828e-04 | loss=0.001945
Epoch 012 | Step 560 | lr=4.217828e-04 | loss=0.001793
Epoch 012 | Step 570 | lr=4.217828e-04 | loss=0.001972
Epoch 012 | Step 580 | lr=4.217828e-04 | loss=0.002140
Epoch 012 | Step 590 | lr=4.217828e-04 | loss=0.001745
Epoch 012 | Step 600 | lr=4.217828e-04 | loss=0.001690
Epoch 012 | Step 610 | lr=4.217828e-04 | loss=0.001884
Epoch 012 | Step 620 | lr=4.217828e-04 | loss=0.001704
Epoch 012 | Step 630 | lr=4.217828e-04 | loss=0.001764
Epoch 012 | Step 640 | lr=4.217828e-04 | loss=0.001751
Epoch 012 | Step 650 | lr=4.217828e-04 | loss=0.001625
Epoch 012 | Step 660 | lr=4.217828e-04 | loss=0.002485
Epoch 012 | Step 670 | lr=4.217828e-04 | loss=0.001714
Epoch 012 | Step 680 | lr=4.217828e-04 | loss=0.001478
Epoch 012 | Step 690 | lr=4.217828e-04 | loss=0.002184
Epoch 012 | Step 700 | lr=4.217828e-04 | loss=0.001816
Epoch 012 | Step 710 | lr=4.217828e-04 | loss=0.001642
Epoch 012 | Step 720 | lr=4.217828e-04 | loss=0.001485
Epoch 012 | Step 730 | lr=4.217828e-04 | loss=0.001769
Epoch 012 | Step 740 | lr=4.217828e-04 | loss=0.002142
Epoch 012 | Step 750 | lr=4.217828e-04 | loss=0.001748
Epoch 012 | Step 760 | lr=4.217828e-04 | loss=0.001603
Epoch 012 | Step 770 | lr=4.217828e-04 | loss=0.001209
Epoch 012 | Step 780 | lr=4.217828e-04 | loss=0.002338
Epoch 012 | Step 790 | lr=4.217828e-04 | loss=0.002037
Epoch 012 | Step 800 | lr=4.217828e-04 | loss=0.002218
Epoch 012 | Step 810 | lr=4.217828e-04 | loss=0.001792
Epoch 012 | Step 820 | lr=4.217828e-04 | loss=0.001859
Epoch 012 | Step 830 | lr=4.217828e-04 | loss=0.001842
Epoch 012 | Step 840 | lr=4.217828e-04 | loss=0.002005
Epoch 012 | Step 850 | lr=4.217828e-04 | loss=0.001119
Epoch 012 | Step 860 | lr=4.217828e-04 | loss=0.001837
Epoch 012 | Step 870 | lr=4.217828e-04 | loss=0.001624
Epoch 012 | Step 880 | lr=4.217828e-04 | loss=0.002005
Epoch 012 | Step 890 | lr=4.217828e-04 | loss=0.001659
Epoch 012 | Step 900 | lr=4.217828e-04 | loss=0.002325
Epoch 012 | Step 910 | lr=4.217828e-04 | loss=0.001668
Epoch 012 | Step 920 | lr=4.217828e-04 | loss=0.002138
Epoch 012 | Step 930 | lr=4.217828e-04 | loss=0.001655
Epoch 012 | Step 940 | lr=4.217828e-04 | loss=0.001854
Epoch 012 | Step 950 | lr=4.217828e-04 | loss=0.001401
Epoch 012 | Step 960 | lr=4.217828e-04 | loss=0.001661
epoch 012 | train_kld=0.001802 | val_kld=0.001723 | val_mae=0.009034 | val_mse=0.000804 | ord_acc@10=0.2724 | recall@10=0.8030
Epoch 013 | Step 10 | lr=3.454915e-04 | loss=0.001435
Epoch 013 | Step 20 | lr=3.454915e-04 | loss=0.001407
Epoch 013 | Step 30 | lr=3.454915e-04 | loss=0.001540
Epoch 013 | Step 40 | lr=3.454915e-04 | loss=0.001706
Epoch 013 | Step 50 | lr=3.454915e-04 | loss=0.002125
Epoch 013 | Step 60 | lr=3.454915e-04 | loss=0.001721
Epoch 013 | Step 70 | lr=3.454915e-04 | loss=0.001555
Epoch 013 | Step 80 | lr=3.454915e-04 | loss=0.001512
Epoch 013 | Step 90 | lr=3.454915e-04 | loss=0.001637
Epoch 013 | Step 100 | lr=3.454915e-04 | loss=0.002100
Epoch 013 | Step 110 | lr=3.454915e-04 | loss=0.001680
Epoch 013 | Step 120 | lr=3.454915e-04 | loss=0.001307
Epoch 013 | Step 130 | lr=3.454915e-04 | loss=0.001957
Epoch 013 | Step 140 | lr=3.454915e-04 | loss=0.001461
Epoch 013 | Step 150 | lr=3.454915e-04 | loss=0.001670
Epoch 013 | Step 160 | lr=3.454915e-04 | loss=0.001823
Epoch 013 | Step 170 | lr=3.454915e-04 | loss=0.001427
Epoch 013 | Step 180 | lr=3.454915e-04 | loss=0.001839
Epoch 013 | Step 190 | lr=3.454915e-04 | loss=0.001815
Epoch 013 | Step 200 | lr=3.454915e-04 | loss=0.001526
Epoch 013 | Step 210 | lr=3.454915e-04 | loss=0.001616
Epoch 013 | Step 220 | lr=3.454915e-04 | loss=0.002033
Epoch 013 | Step 230 | lr=3.454915e-04 | loss=0.001397
Epoch 013 | Step 240 | lr=3.454915e-04 | loss=0.001239
Epoch 013 | Step 250 | lr=3.454915e-04 | loss=0.001102
Epoch 013 | Step 260 | lr=3.454915e-04 | loss=0.001386
Epoch 013 | Step 270 | lr=3.454915e-04 | loss=0.001513
Epoch 013 | Step 280 | lr=3.454915e-04 | loss=0.001888
Epoch 013 | Step 290 | lr=3.454915e-04 | loss=0.001741
Epoch 013 | Step 300 | lr=3.454915e-04 | loss=0.001700
Epoch 013 | Step 310 | lr=3.454915e-04 | loss=0.001671
Epoch 013 | Step 320 | lr=3.454915e-04 | loss=0.001377
Epoch 013 | Step 330 | lr=3.454915e-04 | loss=0.001501
Epoch 013 | Step 340 | lr=3.454915e-04 | loss=0.001655
Epoch 013 | Step 350 | lr=3.454915e-04 | loss=0.002052
Epoch 013 | Step 360 | lr=3.454915e-04 | loss=0.001437
Epoch 013 | Step 370 | lr=3.454915e-04 | loss=0.001492
Epoch 013 | Step 380 | lr=3.454915e-04 | loss=0.001642
Epoch 013 | Step 390 | lr=3.454915e-04 | loss=0.001259
Epoch 013 | Step 400 | lr=3.454915e-04 | loss=0.001691
Epoch 013 | Step 410 | lr=3.454915e-04 | loss=0.001748
Epoch 013 | Step 420 | lr=3.454915e-04 | loss=0.001453
Epoch 013 | Step 430 | lr=3.454915e-04 | loss=0.002064
Epoch 013 | Step 440 | lr=3.454915e-04 | loss=0.001634
Epoch 013 | Step 450 | lr=3.454915e-04 | loss=0.001675
Epoch 013 | Step 460 | lr=3.454915e-04 | loss=0.001951
Epoch 013 | Step 470 | lr=3.454915e-04 | loss=0.001926
Epoch 013 | Step 480 | lr=3.454915e-04 | loss=0.002232
Epoch 013 | Step 490 | lr=3.454915e-04 | loss=0.001765
Epoch 013 | Step 500 | lr=3.454915e-04 | loss=0.001629
Epoch 013 | Step 510 | lr=3.454915e-04 | loss=0.001253
Epoch 013 | Step 520 | lr=3.454915e-04 | loss=0.001167
Epoch 013 | Step 530 | lr=3.454915e-04 | loss=0.001348
Epoch 013 | Step 540 | lr=3.454915e-04 | loss=0.001562
Epoch 013 | Step 550 | lr=3.454915e-04 | loss=0.001650
Epoch 013 | Step 560 | lr=3.454915e-04 | loss=0.001965
Epoch 013 | Step 570 | lr=3.454915e-04 | loss=0.001679
Epoch 013 | Step 580 | lr=3.454915e-04 | loss=0.001723
Epoch 013 | Step 590 | lr=3.454915e-04 | loss=0.001844
Epoch 013 | Step 600 | lr=3.454915e-04 | loss=0.001723
Epoch 013 | Step 610 | lr=3.454915e-04 | loss=0.001235
Epoch 013 | Step 620 | lr=3.454915e-04 | loss=0.001591
Epoch 013 | Step 630 | lr=3.454915e-04 | loss=0.001470
Epoch 013 | Step 640 | lr=3.454915e-04 | loss=0.001813
Epoch 013 | Step 650 | lr=3.454915e-04 | loss=0.001999
Epoch 013 | Step 660 | lr=3.454915e-04 | loss=0.001727
Epoch 013 | Step 670 | lr=3.454915e-04 | loss=0.001790
Epoch 013 | Step 680 | lr=3.454915e-04 | loss=0.001709
Epoch 013 | Step 690 | lr=3.454915e-04 | loss=0.001879
Epoch 013 | Step 700 | lr=3.454915e-04 | loss=0.002150
Epoch 013 | Step 710 | lr=3.454915e-04 | loss=0.001450
Epoch 013 | Step 720 | lr=3.454915e-04 | loss=0.001534
Epoch 013 | Step 730 | lr=3.454915e-04 | loss=0.001315
Epoch 013 | Step 740 | lr=3.454915e-04 | loss=0.001606
Epoch 013 | Step 750 | lr=3.454915e-04 | loss=0.001953
Epoch 013 | Step 760 | lr=3.454915e-04 | loss=0.001557
Epoch 013 | Step 770 | lr=3.454915e-04 | loss=0.001637
Epoch 013 | Step 780 | lr=3.454915e-04 | loss=0.001895
Epoch 013 | Step 790 | lr=3.454915e-04 | loss=0.001537
Epoch 013 | Step 800 | lr=3.454915e-04 | loss=0.002291
Epoch 013 | Step 810 | lr=3.454915e-04 | loss=0.001880
Epoch 013 | Step 820 | lr=3.454915e-04 | loss=0.001590
Epoch 013 | Step 830 | lr=3.454915e-04 | loss=0.001827
Epoch 013 | Step 840 | lr=3.454915e-04 | loss=0.002033
Epoch 013 | Step 850 | lr=3.454915e-04 | loss=0.001825
Epoch 013 | Step 860 | lr=3.454915e-04 | loss=0.001669
Epoch 013 | Step 870 | lr=3.454915e-04 | loss=0.001266
Epoch 013 | Step 880 | lr=3.454915e-04 | loss=0.001833
Epoch 013 | Step 890 | lr=3.454915e-04 | loss=0.001746
Epoch 013 | Step 900 | lr=3.454915e-04 | loss=0.001908
Epoch 013 | Step 910 | lr=3.454915e-04 | loss=0.002167
Epoch 013 | Step 920 | lr=3.454915e-04 | loss=0.001422
Epoch 013 | Step 930 | lr=3.454915e-04 | loss=0.001300
Epoch 013 | Step 940 | lr=3.454915e-04 | loss=0.002375
Epoch 013 | Step 950 | lr=3.454915e-04 | loss=0.001785
Epoch 013 | Step 960 | lr=3.454915e-04 | loss=0.001441
epoch 013 | train_kld=0.001712 | val_kld=0.001659 | val_mae=0.008987 | val_mse=0.000789 | ord_acc@10=0.2743 | recall@10=0.8050
Epoch 014 | Step 10 | lr=2.730048e-04 | loss=0.001785
Epoch 014 | Step 20 | lr=2.730048e-04 | loss=0.001701
Epoch 014 | Step 30 | lr=2.730048e-04 | loss=0.001927
Epoch 014 | Step 40 | lr=2.730048e-04 | loss=0.001358
Epoch 014 | Step 50 | lr=2.730048e-04 | loss=0.001252
Epoch 014 | Step 60 | lr=2.730048e-04 | loss=0.001736
Epoch 014 | Step 70 | lr=2.730048e-04 | loss=0.001404
Epoch 014 | Step 80 | lr=2.730048e-04 | loss=0.001719
Epoch 014 | Step 90 | lr=2.730048e-04 | loss=0.001211
Epoch 014 | Step 100 | lr=2.730048e-04 | loss=0.001095
Epoch 014 | Step 110 | lr=2.730048e-04 | loss=0.001020
Epoch 014 | Step 120 | lr=2.730048e-04 | loss=0.001752
Epoch 014 | Step 130 | lr=2.730048e-04 | loss=0.001444
Epoch 014 | Step 140 | lr=2.730048e-04 | loss=0.001186
Epoch 014 | Step 150 | lr=2.730048e-04 | loss=0.001139
Epoch 014 | Step 160 | lr=2.730048e-04 | loss=0.001394
Epoch 014 | Step 170 | lr=2.730048e-04 | loss=0.001396
Epoch 014 | Step 180 | lr=2.730048e-04 | loss=0.001719
Epoch 014 | Step 190 | lr=2.730048e-04 | loss=0.002409
Epoch 014 | Step 200 | lr=2.730048e-04 | loss=0.001480
Epoch 014 | Step 210 | lr=2.730048e-04 | loss=0.001914
Epoch 014 | Step 220 | lr=2.730048e-04 | loss=0.001600
Epoch 014 | Step 230 | lr=2.730048e-04 | loss=0.001573
Epoch 014 | Step 240 | lr=2.730048e-04 | loss=0.001428
Epoch 014 | Step 250 | lr=2.730048e-04 | loss=0.001431
Epoch 014 | Step 260 | lr=2.730048e-04 | loss=0.001637
Epoch 014 | Step 270 | lr=2.730048e-04 | loss=0.001447
Epoch 014 | Step 280 | lr=2.730048e-04 | loss=0.002157
Epoch 014 | Step 290 | lr=2.730048e-04 | loss=0.001716
Epoch 014 | Step 300 | lr=2.730048e-04 | loss=0.001249
Epoch 014 | Step 310 | lr=2.730048e-04 | loss=0.001750
Epoch 014 | Step 320 | lr=2.730048e-04 | loss=0.001201
Epoch 014 | Step 330 | lr=2.730048e-04 | loss=0.001442
Epoch 014 | Step 340 | lr=2.730048e-04 | loss=0.002188
Epoch 014 | Step 350 | lr=2.730048e-04 | loss=0.002443
Epoch 014 | Step 360 | lr=2.730048e-04 | loss=0.002291
Epoch 014 | Step 370 | lr=2.730048e-04 | loss=0.001371
Epoch 014 | Step 380 | lr=2.730048e-04 | loss=0.002140
Epoch 014 | Step 390 | lr=2.730048e-04 | loss=0.001801
Epoch 014 | Step 400 | lr=2.730048e-04 | loss=0.001544
Epoch 014 | Step 410 | lr=2.730048e-04 | loss=0.001529
Epoch 014 | Step 420 | lr=2.730048e-04 | loss=0.002024
Epoch 014 | Step 430 | lr=2.730048e-04 | loss=0.001539
Epoch 014 | Step 440 | lr=2.730048e-04 | loss=0.002073
Epoch 014 | Step 450 | lr=2.730048e-04 | loss=0.001717
Epoch 014 | Step 460 | lr=2.730048e-04 | loss=0.001536
Epoch 014 | Step 470 | lr=2.730048e-04 | loss=0.001681
Epoch 014 | Step 480 | lr=2.730048e-04 | loss=0.001614
Epoch 014 | Step 490 | lr=2.730048e-04 | loss=0.002060
Epoch 014 | Step 500 | lr=2.730048e-04 | loss=0.001446
Epoch 014 | Step 510 | lr=2.730048e-04 | loss=0.001439
Epoch 014 | Step 520 | lr=2.730048e-04 | loss=0.001789
Epoch 014 | Step 530 | lr=2.730048e-04 | loss=0.001704
Epoch 014 | Step 540 | lr=2.730048e-04 | loss=0.001679
Epoch 014 | Step 550 | lr=2.730048e-04 | loss=0.001699
Epoch 014 | Step 560 | lr=2.730048e-04 | loss=0.002205
Epoch 014 | Step 570 | lr=2.730048e-04 | loss=0.001571
Epoch 014 | Step 580 | lr=2.730048e-04 | loss=0.001506
Epoch 014 | Step 590 | lr=2.730048e-04 | loss=0.001382
Epoch 014 | Step 600 | lr=2.730048e-04 | loss=0.001934
Epoch 014 | Step 610 | lr=2.730048e-04 | loss=0.001719
Epoch 014 | Step 620 | lr=2.730048e-04 | loss=0.001410
Epoch 014 | Step 630 | lr=2.730048e-04 | loss=0.001896
Epoch 014 | Step 640 | lr=2.730048e-04 | loss=0.001537
Epoch 014 | Step 650 | lr=2.730048e-04 | loss=0.001669
Epoch 014 | Step 660 | lr=2.730048e-04 | loss=0.001372
Epoch 014 | Step 670 | lr=2.730048e-04 | loss=0.001891
Epoch 014 | Step 680 | lr=2.730048e-04 | loss=0.001629
Epoch 014 | Step 690 | lr=2.730048e-04 | loss=0.001516
Epoch 014 | Step 700 | lr=2.730048e-04 | loss=0.001615
Epoch 014 | Step 710 | lr=2.730048e-04 | loss=0.001740
Epoch 014 | Step 720 | lr=2.730048e-04 | loss=0.001687
Epoch 014 | Step 730 | lr=2.730048e-04 | loss=0.002050
Epoch 014 | Step 740 | lr=2.730048e-04 | loss=0.001766
Epoch 014 | Step 750 | lr=2.730048e-04 | loss=0.001297
Epoch 014 | Step 760 | lr=2.730048e-04 | loss=0.001387
Epoch 014 | Step 770 | lr=2.730048e-04 | loss=0.001639
Epoch 014 | Step 780 | lr=2.730048e-04 | loss=0.001704
Epoch 014 | Step 790 | lr=2.730048e-04 | loss=0.001487
Epoch 014 | Step 800 | lr=2.730048e-04 | loss=0.001484
Epoch 014 | Step 810 | lr=2.730048e-04 | loss=0.001721
Epoch 014 | Step 820 | lr=2.730048e-04 | loss=0.001364
Epoch 014 | Step 830 | lr=2.730048e-04 | loss=0.001440
Epoch 014 | Step 840 | lr=2.730048e-04 | loss=0.001751
Epoch 014 | Step 850 | lr=2.730048e-04 | loss=0.001557
Epoch 014 | Step 860 | lr=2.730048e-04 | loss=0.001397
Epoch 014 | Step 870 | lr=2.730048e-04 | loss=0.001811
Epoch 014 | Step 880 | lr=2.730048e-04 | loss=0.001787
Epoch 014 | Step 890 | lr=2.730048e-04 | loss=0.001605
Epoch 014 | Step 900 | lr=2.730048e-04 | loss=0.001542
Epoch 014 | Step 910 | lr=2.730048e-04 | loss=0.001636
Epoch 014 | Step 920 | lr=2.730048e-04 | loss=0.001498
Epoch 014 | Step 930 | lr=2.730048e-04 | loss=0.001660
Epoch 014 | Step 940 | lr=2.730048e-04 | loss=0.001262
Epoch 014 | Step 950 | lr=2.730048e-04 | loss=0.001910
Epoch 014 | Step 960 | lr=2.730048e-04 | loss=0.001724
epoch 014 | train_kld=0.001616 | val_kld=0.001611 | val_mae=0.008947 | val_mse=0.000790 | ord_acc@10=0.2773 | recall@10=0.8043
Epoch 015 | Step 10 | lr=2.061074e-04 | loss=0.001257
Epoch 015 | Step 20 | lr=2.061074e-04 | loss=0.001370
Epoch 015 | Step 30 | lr=2.061074e-04 | loss=0.001301
Epoch 015 | Step 40 | lr=2.061074e-04 | loss=0.001368
Epoch 015 | Step 50 | lr=2.061074e-04 | loss=0.001382
Epoch 015 | Step 60 | lr=2.061074e-04 | loss=0.001101
Epoch 015 | Step 70 | lr=2.061074e-04 | loss=0.001032
Epoch 015 | Step 80 | lr=2.061074e-04 | loss=0.001925
Epoch 015 | Step 90 | lr=2.061074e-04 | loss=0.001347
Epoch 015 | Step 100 | lr=2.061074e-04 | loss=0.001458
Epoch 015 | Step 110 | lr=2.061074e-04 | loss=0.001508
Epoch 015 | Step 120 | lr=2.061074e-04 | loss=0.002127
Epoch 015 | Step 130 | lr=2.061074e-04 | loss=0.001718
Epoch 015 | Step 140 | lr=2.061074e-04 | loss=0.001247
Epoch 015 | Step 150 | lr=2.061074e-04 | loss=0.001512
Epoch 015 | Step 160 | lr=2.061074e-04 | loss=0.001714
Epoch 015 | Step 170 | lr=2.061074e-04 | loss=0.001442
Epoch 015 | Step 180 | lr=2.061074e-04 | loss=0.001513
Epoch 015 | Step 190 | lr=2.061074e-04 | loss=0.001683
Epoch 015 | Step 200 | lr=2.061074e-04 | loss=0.001170
Epoch 015 | Step 210 | lr=2.061074e-04 | loss=0.001394
Epoch 015 | Step 220 | lr=2.061074e-04 | loss=0.001683
Epoch 015 | Step 230 | lr=2.061074e-04 | loss=0.001521
Epoch 015 | Step 240 | lr=2.061074e-04 | loss=0.001545
Epoch 015 | Step 250 | lr=2.061074e-04 | loss=0.001477
Epoch 015 | Step 260 | lr=2.061074e-04 | loss=0.001938
Epoch 015 | Step 270 | lr=2.061074e-04 | loss=0.001632
Epoch 015 | Step 280 | lr=2.061074e-04 | loss=0.001910
Epoch 015 | Step 290 | lr=2.061074e-04 | loss=0.001382
Epoch 015 | Step 300 | lr=2.061074e-04 | loss=0.001698
Epoch 015 | Step 310 | lr=2.061074e-04 | loss=0.001614
Epoch 015 | Step 320 | lr=2.061074e-04 | loss=0.001593
Epoch 015 | Step 330 | lr=2.061074e-04 | loss=0.001223
Epoch 015 | Step 340 | lr=2.061074e-04 | loss=0.001579
Epoch 015 | Step 350 | lr=2.061074e-04 | loss=0.001221
Epoch 015 | Step 360 | lr=2.061074e-04 | loss=0.001537
Epoch 015 | Step 370 | lr=2.061074e-04 | loss=0.001230
Epoch 015 | Step 380 | lr=2.061074e-04 | loss=0.001442
Epoch 015 | Step 390 | lr=2.061074e-04 | loss=0.001287
Epoch 015 | Step 400 | lr=2.061074e-04 | loss=0.001534
Epoch 015 | Step 410 | lr=2.061074e-04 | loss=0.001720
Epoch 015 | Step 420 | lr=2.061074e-04 | loss=0.001454
Epoch 015 | Step 430 | lr=2.061074e-04 | loss=0.000801
Epoch 015 | Step 440 | lr=2.061074e-04 | loss=0.001561
Epoch 015 | Step 450 | lr=2.061074e-04 | loss=0.001978
Epoch 015 | Step 460 | lr=2.061074e-04 | loss=0.001487
Epoch 015 | Step 470 | lr=2.061074e-04 | loss=0.001391
Epoch 015 | Step 480 | lr=2.061074e-04 | loss=0.001322
Epoch 015 | Step 490 | lr=2.061074e-04 | loss=0.001891
Epoch 015 | Step 500 | lr=2.061074e-04 | loss=0.001726
Epoch 015 | Step 510 | lr=2.061074e-04 | loss=0.001658
Epoch 015 | Step 520 | lr=2.061074e-04 | loss=0.002167
Epoch 015 | Step 530 | lr=2.061074e-04 | loss=0.001250
Epoch 015 | Step 540 | lr=2.061074e-04 | loss=0.001089
Epoch 015 | Step 550 | lr=2.061074e-04 | loss=0.001649
Epoch 015 | Step 560 | lr=2.061074e-04 | loss=0.001123
Epoch 015 | Step 570 | lr=2.061074e-04 | loss=0.001131
Epoch 015 | Step 580 | lr=2.061074e-04 | loss=0.001464
Epoch 015 | Step 590 | lr=2.061074e-04 | loss=0.001000
Epoch 015 | Step 600 | lr=2.061074e-04 | loss=0.001401
Epoch 015 | Step 610 | lr=2.061074e-04 | loss=0.001752
Epoch 015 | Step 620 | lr=2.061074e-04 | loss=0.001674
Epoch 015 | Step 630 | lr=2.061074e-04 | loss=0.001703
Epoch 015 | Step 640 | lr=2.061074e-04 | loss=0.001888
Epoch 015 | Step 650 | lr=2.061074e-04 | loss=0.001888
Epoch 015 | Step 660 | lr=2.061074e-04 | loss=0.001502
Epoch 015 | Step 670 | lr=2.061074e-04 | loss=0.001427
Epoch 015 | Step 680 | lr=2.061074e-04 | loss=0.001300
Epoch 015 | Step 690 | lr=2.061074e-04 | loss=0.001612
Epoch 015 | Step 700 | lr=2.061074e-04 | loss=0.001368
Epoch 015 | Step 710 | lr=2.061074e-04 | loss=0.001335
Epoch 015 | Step 720 | lr=2.061074e-04 | loss=0.001610
Epoch 015 | Step 730 | lr=2.061074e-04 | loss=0.001397
Epoch 015 | Step 740 | lr=2.061074e-04 | loss=0.002041
Epoch 015 | Step 750 | lr=2.061074e-04 | loss=0.001505
Epoch 015 | Step 760 | lr=2.061074e-04 | loss=0.001417
Epoch 015 | Step 770 | lr=2.061074e-04 | loss=0.001175
Epoch 015 | Step 780 | lr=2.061074e-04 | loss=0.001510
Epoch 015 | Step 790 | lr=2.061074e-04 | loss=0.001455
Epoch 015 | Step 800 | lr=2.061074e-04 | loss=0.001261
Epoch 015 | Step 810 | lr=2.061074e-04 | loss=0.001637
Epoch 015 | Step 820 | lr=2.061074e-04 | loss=0.001472
Epoch 015 | Step 830 | lr=2.061074e-04 | loss=0.001245
Epoch 015 | Step 840 | lr=2.061074e-04 | loss=0.001456
Epoch 015 | Step 850 | lr=2.061074e-04 | loss=0.001681
Epoch 015 | Step 860 | lr=2.061074e-04 | loss=0.001712
Epoch 015 | Step 870 | lr=2.061074e-04 | loss=0.001672
Epoch 015 | Step 880 | lr=2.061074e-04 | loss=0.001462
Epoch 015 | Step 890 | lr=2.061074e-04 | loss=0.001657
Epoch 015 | Step 900 | lr=2.061074e-04 | loss=0.001922
Epoch 015 | Step 910 | lr=2.061074e-04 | loss=0.001657
Epoch 015 | Step 920 | lr=2.061074e-04 | loss=0.001225
Epoch 015 | Step 930 | lr=2.061074e-04 | loss=0.001256
Epoch 015 | Step 940 | lr=2.061074e-04 | loss=0.001322
Epoch 015 | Step 950 | lr=2.061074e-04 | loss=0.001487
Epoch 015 | Step 960 | lr=2.061074e-04 | loss=0.001693
epoch 015 | train_kld=0.001512 | val_kld=0.001652 | val_mae=0.009145 | val_mse=0.000812 | ord_acc@10=0.2761 | recall@10=0.8058
Epoch 016 | Step 10 | lr=1.464466e-04 | loss=0.001381
Epoch 016 | Step 20 | lr=1.464466e-04 | loss=0.001237
Epoch 016 | Step 30 | lr=1.464466e-04 | loss=0.001078
Epoch 016 | Step 40 | lr=1.464466e-04 | loss=0.001348
Epoch 016 | Step 50 | lr=1.464466e-04 | loss=0.001167
Epoch 016 | Step 60 | lr=1.464466e-04 | loss=0.001418
Epoch 016 | Step 70 | lr=1.464466e-04 | loss=0.001335
Epoch 016 | Step 80 | lr=1.464466e-04 | loss=0.001695
Epoch 016 | Step 90 | lr=1.464466e-04 | loss=0.001259
Epoch 016 | Step 100 | lr=1.464466e-04 | loss=0.001258
Epoch 016 | Step 110 | lr=1.464466e-04 | loss=0.001435
Epoch 016 | Step 120 | lr=1.464466e-04 | loss=0.001300
Epoch 016 | Step 130 | lr=1.464466e-04 | loss=0.001514
Epoch 016 | Step 140 | lr=1.464466e-04 | loss=0.001425
Epoch 016 | Step 150 | lr=1.464466e-04 | loss=0.001177
Epoch 016 | Step 160 | lr=1.464466e-04 | loss=0.001401
Epoch 016 | Step 170 | lr=1.464466e-04 | loss=0.001743
Epoch 016 | Step 180 | lr=1.464466e-04 | loss=0.001359
Epoch 016 | Step 190 | lr=1.464466e-04 | loss=0.001571
Epoch 016 | Step 200 | lr=1.464466e-04 | loss=0.001661
Epoch 016 | Step 210 | lr=1.464466e-04 | loss=0.001472
Epoch 016 | Step 220 | lr=1.464466e-04 | loss=0.001230
Epoch 016 | Step 230 | lr=1.464466e-04 | loss=0.001749
Epoch 016 | Step 240 | lr=1.464466e-04 | loss=0.001744
Epoch 016 | Step 250 | lr=1.464466e-04 | loss=0.001876
Epoch 016 | Step 260 | lr=1.464466e-04 | loss=0.001412
Epoch 016 | Step 270 | lr=1.464466e-04 | loss=0.001451
Epoch 016 | Step 280 | lr=1.464466e-04 | loss=0.001546
Epoch 016 | Step 290 | lr=1.464466e-04 | loss=0.001684
Epoch 016 | Step 300 | lr=1.464466e-04 | loss=0.001377
Epoch 016 | Step 310 | lr=1.464466e-04 | loss=0.001420
Epoch 016 | Step 320 | lr=1.464466e-04 | loss=0.001613
Epoch 016 | Step 330 | lr=1.464466e-04 | loss=0.001000
Epoch 016 | Step 340 | lr=1.464466e-04 | loss=0.001476
Epoch 016 | Step 350 | lr=1.464466e-04 | loss=0.001732
Epoch 016 | Step 360 | lr=1.464466e-04 | loss=0.001307
Epoch 016 | Step 370 | lr=1.464466e-04 | loss=0.001286
Epoch 016 | Step 380 | lr=1.464466e-04 | loss=0.001697
Epoch 016 | Step 390 | lr=1.464466e-04 | loss=0.001235
Epoch 016 | Step 400 | lr=1.464466e-04 | loss=0.001309
Epoch 016 | Step 410 | lr=1.464466e-04 | loss=0.001591
Epoch 016 | Step 420 | lr=1.464466e-04 | loss=0.001592
Epoch 016 | Step 430 | lr=1.464466e-04 | loss=0.001606
Epoch 016 | Step 440 | lr=1.464466e-04 | loss=0.001370
Epoch 016 | Step 450 | lr=1.464466e-04 | loss=0.001636
Epoch 016 | Step 460 | lr=1.464466e-04 | loss=0.001461
Epoch 016 | Step 470 | lr=1.464466e-04 | loss=0.001428
Epoch 016 | Step 480 | lr=1.464466e-04 | loss=0.001737
Epoch 016 | Step 490 | lr=1.464466e-04 | loss=0.001288
Epoch 016 | Step 500 | lr=1.464466e-04 | loss=0.002003
Epoch 016 | Step 510 | lr=1.464466e-04 | loss=0.001561
Epoch 016 | Step 520 | lr=1.464466e-04 | loss=0.001573
Epoch 016 | Step 530 | lr=1.464466e-04 | loss=0.001287
Epoch 016 | Step 540 | lr=1.464466e-04 | loss=0.001925
Epoch 016 | Step 550 | lr=1.464466e-04 | loss=0.001191
Epoch 016 | Step 560 | lr=1.464466e-04 | loss=0.001581
Epoch 016 | Step 570 | lr=1.464466e-04 | loss=0.001616
Epoch 016 | Step 580 | lr=1.464466e-04 | loss=0.001859
Epoch 016 | Step 590 | lr=1.464466e-04 | loss=0.001412
Epoch 016 | Step 600 | lr=1.464466e-04 | loss=0.001405
Epoch 016 | Step 610 | lr=1.464466e-04 | loss=0.001554
Epoch 016 | Step 620 | lr=1.464466e-04 | loss=0.001876
Epoch 016 | Step 630 | lr=1.464466e-04 | loss=0.001394
Epoch 016 | Step 640 | lr=1.464466e-04 | loss=0.001441
Epoch 016 | Step 650 | lr=1.464466e-04 | loss=0.001824
Epoch 016 | Step 660 | lr=1.464466e-04 | loss=0.001508
Epoch 016 | Step 670 | lr=1.464466e-04 | loss=0.001543
Epoch 016 | Step 680 | lr=1.464466e-04 | loss=0.001576
Epoch 016 | Step 690 | lr=1.464466e-04 | loss=0.001184
Epoch 016 | Step 700 | lr=1.464466e-04 | loss=0.001655
Epoch 016 | Step 710 | lr=1.464466e-04 | loss=0.001662
Epoch 016 | Step 720 | lr=1.464466e-04 | loss=0.001488
Epoch 016 | Step 730 | lr=1.464466e-04 | loss=0.001015
Epoch 016 | Step 740 | lr=1.464466e-04 | loss=0.001194
Epoch 016 | Step 750 | lr=1.464466e-04 | loss=0.001550
Epoch 016 | Step 760 | lr=1.464466e-04 | loss=0.001328
Epoch 016 | Step 770 | lr=1.464466e-04 | loss=0.001307
Epoch 016 | Step 780 | lr=1.464466e-04 | loss=0.001303
Epoch 016 | Step 790 | lr=1.464466e-04 | loss=0.001013
Epoch 016 | Step 800 | lr=1.464466e-04 | loss=0.001216
Epoch 016 | Step 810 | lr=1.464466e-04 | loss=0.001489
Epoch 016 | Step 820 | lr=1.464466e-04 | loss=0.001714
Epoch 016 | Step 830 | lr=1.464466e-04 | loss=0.001474
Epoch 016 | Step 840 | lr=1.464466e-04 | loss=0.001315
Epoch 016 | Step 850 | lr=1.464466e-04 | loss=0.001336
Epoch 016 | Step 860 | lr=1.464466e-04 | loss=0.001766
Epoch 016 | Step 870 | lr=1.464466e-04 | loss=0.001517
Epoch 016 | Step 880 | lr=1.464466e-04 | loss=0.001758
Epoch 016 | Step 890 | lr=1.464466e-04 | loss=0.001639
Epoch 016 | Step 900 | lr=1.464466e-04 | loss=0.001501
Epoch 016 | Step 910 | lr=1.464466e-04 | loss=0.001313
Epoch 016 | Step 920 | lr=1.464466e-04 | loss=0.001560
Epoch 016 | Step 930 | lr=1.464466e-04 | loss=0.001348
Epoch 016 | Step 940 | lr=1.464466e-04 | loss=0.001575
Epoch 016 | Step 950 | lr=1.464466e-04 | loss=0.001574
Epoch 016 | Step 960 | lr=1.464466e-04 | loss=0.001517
epoch 016 | train_kld=0.001444 | val_kld=0.001582 | val_mae=0.008486 | val_mse=0.000713 | ord_acc@10=0.2897 | recall@10=0.8116
Epoch 017 | Step 10 | lr=9.549150e-05 | loss=0.001258
Epoch 017 | Step 20 | lr=9.549150e-05 | loss=0.001369
Epoch 017 | Step 30 | lr=9.549150e-05 | loss=0.001404
Epoch 017 | Step 40 | lr=9.549150e-05 | loss=0.001524
Epoch 017 | Step 50 | lr=9.549150e-05 | loss=0.001291
Epoch 017 | Step 60 | lr=9.549150e-05 | loss=0.001780
Epoch 017 | Step 70 | lr=9.549150e-05 | loss=0.001307
Epoch 017 | Step 80 | lr=9.549150e-05 | loss=0.001852
Epoch 017 | Step 90 | lr=9.549150e-05 | loss=0.001363
Epoch 017 | Step 100 | lr=9.549150e-05 | loss=0.001269
Epoch 017 | Step 110 | lr=9.549150e-05 | loss=0.001143
Epoch 017 | Step 120 | lr=9.549150e-05 | loss=0.001177
Epoch 017 | Step 130 | lr=9.549150e-05 | loss=0.001009
Epoch 017 | Step 140 | lr=9.549150e-05 | loss=0.000972
Epoch 017 | Step 150 | lr=9.549150e-05 | loss=0.001706
Epoch 017 | Step 160 | lr=9.549150e-05 | loss=0.001347
Epoch 017 | Step 170 | lr=9.549150e-05 | loss=0.001743
Epoch 017 | Step 180 | lr=9.549150e-05 | loss=0.001260
Epoch 017 | Step 190 | lr=9.549150e-05 | loss=0.001553
Epoch 017 | Step 200 | lr=9.549150e-05 | loss=0.001248
Epoch 017 | Step 210 | lr=9.549150e-05 | loss=0.001229
Epoch 017 | Step 220 | lr=9.549150e-05 | loss=0.001351
Epoch 017 | Step 230 | lr=9.549150e-05 | loss=0.001186
Epoch 017 | Step 240 | lr=9.549150e-05 | loss=0.001318
Epoch 017 | Step 250 | lr=9.549150e-05 | loss=0.001226
Epoch 017 | Step 260 | lr=9.549150e-05 | loss=0.001421
Epoch 017 | Step 270 | lr=9.549150e-05 | loss=0.001484
Epoch 017 | Step 280 | lr=9.549150e-05 | loss=0.001715
Epoch 017 | Step 290 | lr=9.549150e-05 | loss=0.001134
Epoch 017 | Step 300 | lr=9.549150e-05 | loss=0.001453
Epoch 017 | Step 310 | lr=9.549150e-05 | loss=0.001648
Epoch 017 | Step 320 | lr=9.549150e-05 | loss=0.001281
Epoch 017 | Step 330 | lr=9.549150e-05 | loss=0.001542
Epoch 017 | Step 340 | lr=9.549150e-05 | loss=0.001560
Epoch 017 | Step 350 | lr=9.549150e-05 | loss=0.001786
Epoch 017 | Step 360 | lr=9.549150e-05 | loss=0.001222
Epoch 017 | Step 370 | lr=9.549150e-05 | loss=0.001621
Epoch 017 | Step 380 | lr=9.549150e-05 | loss=0.001394
Epoch 017 | Step 390 | lr=9.549150e-05 | loss=0.001502
Epoch 017 | Step 400 | lr=9.549150e-05 | loss=0.001107
Epoch 017 | Step 410 | lr=9.549150e-05 | loss=0.001666
Epoch 017 | Step 420 | lr=9.549150e-05 | loss=0.001273
Epoch 017 | Step 430 | lr=9.549150e-05 | loss=0.001248
Epoch 017 | Step 440 | lr=9.549150e-05 | loss=0.001460
Epoch 017 | Step 450 | lr=9.549150e-05 | loss=0.001389
Epoch 017 | Step 460 | lr=9.549150e-05 | loss=0.001329
Epoch 017 | Step 470 | lr=9.549150e-05 | loss=0.001383
Epoch 017 | Step 480 | lr=9.549150e-05 | loss=0.001458
Epoch 017 | Step 490 | lr=9.549150e-05 | loss=0.001316
Epoch 017 | Step 500 | lr=9.549150e-05 | loss=0.001224
Epoch 017 | Step 510 | lr=9.549150e-05 | loss=0.001443
Epoch 017 | Step 520 | lr=9.549150e-05 | loss=0.001565
Epoch 017 | Step 530 | lr=9.549150e-05 | loss=0.000984
Epoch 017 | Step 540 | lr=9.549150e-05 | loss=0.001204
Epoch 017 | Step 550 | lr=9.549150e-05 | loss=0.001204
Epoch 017 | Step 560 | lr=9.549150e-05 | loss=0.001463
Epoch 017 | Step 570 | lr=9.549150e-05 | loss=0.001330
Epoch 017 | Step 580 | lr=9.549150e-05 | loss=0.001194
Epoch 017 | Step 590 | lr=9.549150e-05 | loss=0.001302
Epoch 017 | Step 600 | lr=9.549150e-05 | loss=0.001321
Epoch 017 | Step 610 | lr=9.549150e-05 | loss=0.001360
Epoch 017 | Step 620 | lr=9.549150e-05 | loss=0.001551
Epoch 017 | Step 630 | lr=9.549150e-05 | loss=0.001182
Epoch 017 | Step 640 | lr=9.549150e-05 | loss=0.001177
Epoch 017 | Step 650 | lr=9.549150e-05 | loss=0.001301
Epoch 017 | Step 660 | lr=9.549150e-05 | loss=0.001368
Epoch 017 | Step 670 | lr=9.549150e-05 | loss=0.001234
Epoch 017 | Step 680 | lr=9.549150e-05 | loss=0.001623
Epoch 017 | Step 690 | lr=9.549150e-05 | loss=0.001693
Epoch 017 | Step 700 | lr=9.549150e-05 | loss=0.001539
Epoch 017 | Step 710 | lr=9.549150e-05 | loss=0.001463
Epoch 017 | Step 720 | lr=9.549150e-05 | loss=0.001352
Epoch 017 | Step 730 | lr=9.549150e-05 | loss=0.001637
Epoch 017 | Step 740 | lr=9.549150e-05 | loss=0.001555
Epoch 017 | Step 750 | lr=9.549150e-05 | loss=0.001297
Epoch 017 | Step 760 | lr=9.549150e-05 | loss=0.001567
Epoch 017 | Step 770 | lr=9.549150e-05 | loss=0.001339
Epoch 017 | Step 780 | lr=9.549150e-05 | loss=0.001420
Epoch 017 | Step 790 | lr=9.549150e-05 | loss=0.001516
Epoch 017 | Step 800 | lr=9.549150e-05 | loss=0.001492
Epoch 017 | Step 810 | lr=9.549150e-05 | loss=0.001268
Epoch 017 | Step 820 | lr=9.549150e-05 | loss=0.001478
Epoch 017 | Step 830 | lr=9.549150e-05 | loss=0.001119
Epoch 017 | Step 840 | lr=9.549150e-05 | loss=0.001555
Epoch 017 | Step 850 | lr=9.549150e-05 | loss=0.001400
Epoch 017 | Step 860 | lr=9.549150e-05 | loss=0.001213
Epoch 017 | Step 870 | lr=9.549150e-05 | loss=0.001665
Epoch 017 | Step 880 | lr=9.549150e-05 | loss=0.001215
Epoch 017 | Step 890 | lr=9.549150e-05 | loss=0.001658
Epoch 017 | Step 900 | lr=9.549150e-05 | loss=0.001535
Epoch 017 | Step 910 | lr=9.549150e-05 | loss=0.001410
Epoch 017 | Step 920 | lr=9.549150e-05 | loss=0.001187
Epoch 017 | Step 930 | lr=9.549150e-05 | loss=0.001100
Epoch 017 | Step 940 | lr=9.549150e-05 | loss=0.001334
Epoch 017 | Step 950 | lr=9.549150e-05 | loss=0.001266
Epoch 017 | Step 960 | lr=9.549150e-05 | loss=0.001104
epoch 017 | train_kld=0.001377 | val_kld=0.001437 | val_mae=0.008550 | val_mse=0.000713 | ord_acc@10=0.2912 | recall@10=0.8137
Epoch 018 | Step 10 | lr=5.449674e-05 | loss=0.001298
Epoch 018 | Step 20 | lr=5.449674e-05 | loss=0.001101
Epoch 018 | Step 30 | lr=5.449674e-05 | loss=0.001219
Epoch 018 | Step 40 | lr=5.449674e-05 | loss=0.001552
Epoch 018 | Step 50 | lr=5.449674e-05 | loss=0.001386
Epoch 018 | Step 60 | lr=5.449674e-05 | loss=0.001208
Epoch 018 | Step 70 | lr=5.449674e-05 | loss=0.001098
Epoch 018 | Step 80 | lr=5.449674e-05 | loss=0.001299
Epoch 018 | Step 90 | lr=5.449674e-05 | loss=0.001589
Epoch 018 | Step 100 | lr=5.449674e-05 | loss=0.001223
Epoch 018 | Step 110 | lr=5.449674e-05 | loss=0.001511
Epoch 018 | Step 120 | lr=5.449674e-05 | loss=0.001174
Epoch 018 | Step 130 | lr=5.449674e-05 | loss=0.001471
Epoch 018 | Step 140 | lr=5.449674e-05 | loss=0.001377
Epoch 018 | Step 150 | lr=5.449674e-05 | loss=0.001202
Epoch 018 | Step 160 | lr=5.449674e-05 | loss=0.001298
Epoch 018 | Step 170 | lr=5.449674e-05 | loss=0.001151
Epoch 018 | Step 180 | lr=5.449674e-05 | loss=0.001170
Epoch 018 | Step 190 | lr=5.449674e-05 | loss=0.001287
Epoch 018 | Step 200 | lr=5.449674e-05 | loss=0.001202
Epoch 018 | Step 210 | lr=5.449674e-05 | loss=0.001173
Epoch 018 | Step 220 | lr=5.449674e-05 | loss=0.001119
Epoch 018 | Step 230 | lr=5.449674e-05 | loss=0.001575
Epoch 018 | Step 240 | lr=5.449674e-05 | loss=0.001686
Epoch 018 | Step 250 | lr=5.449674e-05 | loss=0.001455
Epoch 018 | Step 260 | lr=5.449674e-05 | loss=0.001495
Epoch 018 | Step 270 | lr=5.449674e-05 | loss=0.001405
Epoch 018 | Step 280 | lr=5.449674e-05 | loss=0.000963
Epoch 018 | Step 290 | lr=5.449674e-05 | loss=0.001298
Epoch 018 | Step 300 | lr=5.449674e-05 | loss=0.001334
Epoch 018 | Step 310 | lr=5.449674e-05 | loss=0.001616
Epoch 018 | Step 320 | lr=5.449674e-05 | loss=0.001370
Epoch 018 | Step 330 | lr=5.449674e-05 | loss=0.001138
Epoch 018 | Step 340 | lr=5.449674e-05 | loss=0.001283
Epoch 018 | Step 350 | lr=5.449674e-05 | loss=0.001547
Epoch 018 | Step 360 | lr=5.449674e-05 | loss=0.001129
Epoch 018 | Step 370 | lr=5.449674e-05 | loss=0.001243
Epoch 018 | Step 380 | lr=5.449674e-05 | loss=0.001151
Epoch 018 | Step 390 | lr=5.449674e-05 | loss=0.001284
Epoch 018 | Step 400 | lr=5.449674e-05 | loss=0.001182
Epoch 018 | Step 410 | lr=5.449674e-05 | loss=0.001408
Epoch 018 | Step 420 | lr=5.449674e-05 | loss=0.001061
Epoch 018 | Step 430 | lr=5.449674e-05 | loss=0.001285
Epoch 018 | Step 440 | lr=5.449674e-05 | loss=0.001517
Epoch 018 | Step 450 | lr=5.449674e-05 | loss=0.001252
Epoch 018 | Step 460 | lr=5.449674e-05 | loss=0.001274
Epoch 018 | Step 470 | lr=5.449674e-05 | loss=0.001513
Epoch 018 | Step 480 | lr=5.449674e-05 | loss=0.001172
Epoch 018 | Step 490 | lr=5.449674e-05 | loss=0.001359
Epoch 018 | Step 500 | lr=5.449674e-05 | loss=0.001277
Epoch 018 | Step 510 | lr=5.449674e-05 | loss=0.001337
Epoch 018 | Step 520 | lr=5.449674e-05 | loss=0.001433
Epoch 018 | Step 530 | lr=5.449674e-05 | loss=0.001397
Epoch 018 | Step 540 | lr=5.449674e-05 | loss=0.001233
Epoch 018 | Step 550 | lr=5.449674e-05 | loss=0.001619
Epoch 018 | Step 560 | lr=5.449674e-05 | loss=0.001450
Epoch 018 | Step 570 | lr=5.449674e-05 | loss=0.001588
Epoch 018 | Step 580 | lr=5.449674e-05 | loss=0.001532
Epoch 018 | Step 590 | lr=5.449674e-05 | loss=0.001285
Epoch 018 | Step 600 | lr=5.449674e-05 | loss=0.001416
Epoch 018 | Step 610 | lr=5.449674e-05 | loss=0.001288
Epoch 018 | Step 620 | lr=5.449674e-05 | loss=0.001457
Epoch 018 | Step 630 | lr=5.449674e-05 | loss=0.001075
Epoch 018 | Step 640 | lr=5.449674e-05 | loss=0.001509
Epoch 018 | Step 650 | lr=5.449674e-05 | loss=0.001219
Epoch 018 | Step 660 | lr=5.449674e-05 | loss=0.001976
Epoch 018 | Step 670 | lr=5.449674e-05 | loss=0.001265
Epoch 018 | Step 680 | lr=5.449674e-05 | loss=0.000891
Epoch 018 | Step 690 | lr=5.449674e-05 | loss=0.001262
Epoch 018 | Step 700 | lr=5.449674e-05 | loss=0.001376
Epoch 018 | Step 710 | lr=5.449674e-05 | loss=0.001245
Epoch 018 | Step 720 | lr=5.449674e-05 | loss=0.001448
Epoch 018 | Step 730 | lr=5.449674e-05 | loss=0.001350
Epoch 018 | Step 740 | lr=5.449674e-05 | loss=0.001489
Epoch 018 | Step 750 | lr=5.449674e-05 | loss=0.001561
Epoch 018 | Step 760 | lr=5.449674e-05 | loss=0.001606
Epoch 018 | Step 770 | lr=5.449674e-05 | loss=0.001436
Epoch 018 | Step 780 | lr=5.449674e-05 | loss=0.001289
Epoch 018 | Step 790 | lr=5.449674e-05 | loss=0.001118
Epoch 018 | Step 800 | lr=5.449674e-05 | loss=0.001019
Epoch 018 | Step 810 | lr=5.449674e-05 | loss=0.001243
Epoch 018 | Step 820 | lr=5.449674e-05 | loss=0.001105
Epoch 018 | Step 830 | lr=5.449674e-05 | loss=0.001224
Epoch 018 | Step 840 | lr=5.449674e-05 | loss=0.001297
Epoch 018 | Step 850 | lr=5.449674e-05 | loss=0.001097
Epoch 018 | Step 860 | lr=5.449674e-05 | loss=0.001211
Epoch 018 | Step 870 | lr=5.449674e-05 | loss=0.001119
Epoch 018 | Step 880 | lr=5.449674e-05 | loss=0.001048
Epoch 018 | Step 890 | lr=5.449674e-05 | loss=0.001246
Epoch 018 | Step 900 | lr=5.449674e-05 | loss=0.001420
Epoch 018 | Step 910 | lr=5.449674e-05 | loss=0.001337
Epoch 018 | Step 920 | lr=5.449674e-05 | loss=0.001340
Epoch 018 | Step 930 | lr=5.449674e-05 | loss=0.001590
Epoch 018 | Step 940 | lr=5.449674e-05 | loss=0.001234
Epoch 018 | Step 950 | lr=5.449674e-05 | loss=0.001184
Epoch 018 | Step 960 | lr=5.449674e-05 | loss=0.001332
epoch 018 | train_kld=0.001319 | val_kld=0.001469 | val_mae=0.008386 | val_mse=0.000679 | ord_acc@10=0.2984 | recall@10=0.8145
Epoch 019 | Step 10 | lr=2.447174e-05 | loss=0.001304
Epoch 019 | Step 20 | lr=2.447174e-05 | loss=0.001834
Epoch 019 | Step 30 | lr=2.447174e-05 | loss=0.001008
Epoch 019 | Step 40 | lr=2.447174e-05 | loss=0.001291
Epoch 019 | Step 50 | lr=2.447174e-05 | loss=0.001099
Epoch 019 | Step 60 | lr=2.447174e-05 | loss=0.001084
Epoch 019 | Step 70 | lr=2.447174e-05 | loss=0.001166
Epoch 019 | Step 80 | lr=2.447174e-05 | loss=0.001225
Epoch 019 | Step 90 | lr=2.447174e-05 | loss=0.001058
Epoch 019 | Step 100 | lr=2.447174e-05 | loss=0.001274
Epoch 019 | Step 110 | lr=2.447174e-05 | loss=0.001249
Epoch 019 | Step 120 | lr=2.447174e-05 | loss=0.001387
Epoch 019 | Step 130 | lr=2.447174e-05 | loss=0.001437
Epoch 019 | Step 140 | lr=2.447174e-05 | loss=0.001221
Epoch 019 | Step 150 | lr=2.447174e-05 | loss=0.001176
Epoch 019 | Step 160 | lr=2.447174e-05 | loss=0.001255
Epoch 019 | Step 170 | lr=2.447174e-05 | loss=0.001387
Epoch 019 | Step 180 | lr=2.447174e-05 | loss=0.001517
Epoch 019 | Step 190 | lr=2.447174e-05 | loss=0.001519
Epoch 019 | Step 200 | lr=2.447174e-05 | loss=0.001226
Epoch 019 | Step 210 | lr=2.447174e-05 | loss=0.001412
Epoch 019 | Step 220 | lr=2.447174e-05 | loss=0.001173
Epoch 019 | Step 230 | lr=2.447174e-05 | loss=0.001312
Epoch 019 | Step 240 | lr=2.447174e-05 | loss=0.001471
Epoch 019 | Step 250 | lr=2.447174e-05 | loss=0.001068
Epoch 019 | Step 260 | lr=2.447174e-05 | loss=0.001059
Epoch 019 | Step 270 | lr=2.447174e-05 | loss=0.001428
Epoch 019 | Step 280 | lr=2.447174e-05 | loss=0.001391
Epoch 019 | Step 290 | lr=2.447174e-05 | loss=0.001495
Epoch 019 | Step 300 | lr=2.447174e-05 | loss=0.001222
Epoch 019 | Step 310 | lr=2.447174e-05 | loss=0.001105
Epoch 019 | Step 320 | lr=2.447174e-05 | loss=0.001253
Epoch 019 | Step 330 | lr=2.447174e-05 | loss=0.001101
Epoch 019 | Step 340 | lr=2.447174e-05 | loss=0.001255
Epoch 019 | Step 350 | lr=2.447174e-05 | loss=0.001104
Epoch 019 | Step 360 | lr=2.447174e-05 | loss=0.001094
Epoch 019 | Step 370 | lr=2.447174e-05 | loss=0.001294
Epoch 019 | Step 380 | lr=2.447174e-05 | loss=0.001585
Epoch 019 | Step 390 | lr=2.447174e-05 | loss=0.001400
Epoch 019 | Step 400 | lr=2.447174e-05 | loss=0.001573
Epoch 019 | Step 410 | lr=2.447174e-05 | loss=0.001480
Epoch 019 | Step 420 | lr=2.447174e-05 | loss=0.001595
Epoch 019 | Step 430 | lr=2.447174e-05 | loss=0.001189
Epoch 019 | Step 440 | lr=2.447174e-05 | loss=0.001182
Epoch 019 | Step 450 | lr=2.447174e-05 | loss=0.001534
Epoch 019 | Step 460 | lr=2.447174e-05 | loss=0.001855
Epoch 019 | Step 470 | lr=2.447174e-05 | loss=0.000968
Epoch 019 | Step 480 | lr=2.447174e-05 | loss=0.001858
Epoch 019 | Step 490 | lr=2.447174e-05 | loss=0.001761
Epoch 019 | Step 500 | lr=2.447174e-05 | loss=0.000834
Epoch 019 | Step 510 | lr=2.447174e-05 | loss=0.001379
Epoch 019 | Step 520 | lr=2.447174e-05 | loss=0.001127
Epoch 019 | Step 530 | lr=2.447174e-05 | loss=0.001392
Epoch 019 | Step 540 | lr=2.447174e-05 | loss=0.001384
Epoch 019 | Step 550 | lr=2.447174e-05 | loss=0.001307
Epoch 019 | Step 560 | lr=2.447174e-05 | loss=0.001523
Epoch 019 | Step 570 | lr=2.447174e-05 | loss=0.001520
Epoch 019 | Step 580 | lr=2.447174e-05 | loss=0.001455
Epoch 019 | Step 590 | lr=2.447174e-05 | loss=0.001340
Epoch 019 | Step 600 | lr=2.447174e-05 | loss=0.001340
Epoch 019 | Step 610 | lr=2.447174e-05 | loss=0.001534
Epoch 019 | Step 620 | lr=2.447174e-05 | loss=0.001590
Epoch 019 | Step 630 | lr=2.447174e-05 | loss=0.000866
Epoch 019 | Step 640 | lr=2.447174e-05 | loss=0.001644
Epoch 019 | Step 650 | lr=2.447174e-05 | loss=0.000946
Epoch 019 | Step 660 | lr=2.447174e-05 | loss=0.001136
Epoch 019 | Step 670 | lr=2.447174e-05 | loss=0.001217
Epoch 019 | Step 680 | lr=2.447174e-05 | loss=0.001660
Epoch 019 | Step 690 | lr=2.447174e-05 | loss=0.001287
Epoch 019 | Step 700 | lr=2.447174e-05 | loss=0.001070
Epoch 019 | Step 710 | lr=2.447174e-05 | loss=0.001395
Epoch 019 | Step 720 | lr=2.447174e-05 | loss=0.001297
Epoch 019 | Step 730 | lr=2.447174e-05 | loss=0.000987
Epoch 019 | Step 740 | lr=2.447174e-05 | loss=0.001368
Epoch 019 | Step 750 | lr=2.447174e-05 | loss=0.001437
Epoch 019 | Step 760 | lr=2.447174e-05 | loss=0.001315
Epoch 019 | Step 770 | lr=2.447174e-05 | loss=0.001208
Epoch 019 | Step 780 | lr=2.447174e-05 | loss=0.001240
Epoch 019 | Step 790 | lr=2.447174e-05 | loss=0.000869
Epoch 019 | Step 800 | lr=2.447174e-05 | loss=0.001090
Epoch 019 | Step 810 | lr=2.447174e-05 | loss=0.001234
Epoch 019 | Step 820 | lr=2.447174e-05 | loss=0.001179
Epoch 019 | Step 830 | lr=2.447174e-05 | loss=0.001399
Epoch 019 | Step 840 | lr=2.447174e-05 | loss=0.001133
Epoch 019 | Step 850 | lr=2.447174e-05 | loss=0.001633
Epoch 019 | Step 860 | lr=2.447174e-05 | loss=0.001430
Epoch 019 | Step 870 | lr=2.447174e-05 | loss=0.001242
Epoch 019 | Step 880 | lr=2.447174e-05 | loss=0.000999
Epoch 019 | Step 890 | lr=2.447174e-05 | loss=0.001404
Epoch 019 | Step 900 | lr=2.447174e-05 | loss=0.001162
Epoch 019 | Step 910 | lr=2.447174e-05 | loss=0.001582
Epoch 019 | Step 920 | lr=2.447174e-05 | loss=0.001867
Epoch 019 | Step 930 | lr=2.447174e-05 | loss=0.001176
Epoch 019 | Step 940 | lr=2.447174e-05 | loss=0.001100
Epoch 019 | Step 950 | lr=2.447174e-05 | loss=0.001515
Epoch 019 | Step 960 | lr=2.447174e-05 | loss=0.001669
epoch 019 | train_kld=0.001275 | val_kld=0.001373 | val_mae=0.008347 | val_mse=0.000679 | ord_acc@10=0.2980 | recall@10=0.8151
Epoch 020 | Step 10 | lr=6.155830e-06 | loss=0.000958
Epoch 020 | Step 20 | lr=6.155830e-06 | loss=0.001135
Epoch 020 | Step 30 | lr=6.155830e-06 | loss=0.001073
Epoch 020 | Step 40 | lr=6.155830e-06 | loss=0.000921
Epoch 020 | Step 50 | lr=6.155830e-06 | loss=0.001163
Epoch 020 | Step 60 | lr=6.155830e-06 | loss=0.001248
Epoch 020 | Step 70 | lr=6.155830e-06 | loss=0.001203
Epoch 020 | Step 80 | lr=6.155830e-06 | loss=0.001452
Epoch 020 | Step 90 | lr=6.155830e-06 | loss=0.001070
Epoch 020 | Step 100 | lr=6.155830e-06 | loss=0.000787
Epoch 020 | Step 110 | lr=6.155830e-06 | loss=0.001322
Epoch 020 | Step 120 | lr=6.155830e-06 | loss=0.001940
Epoch 020 | Step 130 | lr=6.155830e-06 | loss=0.001356
Epoch 020 | Step 140 | lr=6.155830e-06 | loss=0.001042
Epoch 020 | Step 150 | lr=6.155830e-06 | loss=0.001102
Epoch 020 | Step 160 | lr=6.155830e-06 | loss=0.001065
Epoch 020 | Step 170 | lr=6.155830e-06 | loss=0.001135
Epoch 020 | Step 180 | lr=6.155830e-06 | loss=0.001134
Epoch 020 | Step 190 | lr=6.155830e-06 | loss=0.001176
Epoch 020 | Step 200 | lr=6.155830e-06 | loss=0.001306
Epoch 020 | Step 210 | lr=6.155830e-06 | loss=0.001363
Epoch 020 | Step 220 | lr=6.155830e-06 | loss=0.001219
Epoch 020 | Step 230 | lr=6.155830e-06 | loss=0.001243
Epoch 020 | Step 240 | lr=6.155830e-06 | loss=0.001320
Epoch 020 | Step 250 | lr=6.155830e-06 | loss=0.001306
Epoch 020 | Step 260 | lr=6.155830e-06 | loss=0.001369
Epoch 020 | Step 270 | lr=6.155830e-06 | loss=0.001687
Epoch 020 | Step 280 | lr=6.155830e-06 | loss=0.000923
Epoch 020 | Step 290 | lr=6.155830e-06 | loss=0.001400
Epoch 020 | Step 300 | lr=6.155830e-06 | loss=0.001458
Epoch 020 | Step 310 | lr=6.155830e-06 | loss=0.001704
Epoch 020 | Step 320 | lr=6.155830e-06 | loss=0.001240
Epoch 020 | Step 330 | lr=6.155830e-06 | loss=0.001387
Epoch 020 | Step 340 | lr=6.155830e-06 | loss=0.001634
Epoch 020 | Step 350 | lr=6.155830e-06 | loss=0.000919
Epoch 020 | Step 360 | lr=6.155830e-06 | loss=0.001474
Epoch 020 | Step 370 | lr=6.155830e-06 | loss=0.001136
Epoch 020 | Step 380 | lr=6.155830e-06 | loss=0.001301
Epoch 020 | Step 390 | lr=6.155830e-06 | loss=0.001406
Epoch 020 | Step 400 | lr=6.155830e-06 | loss=0.000963
Epoch 020 | Step 410 | lr=6.155830e-06 | loss=0.001414
Epoch 020 | Step 420 | lr=6.155830e-06 | loss=0.001120
Epoch 020 | Step 430 | lr=6.155830e-06 | loss=0.001591
Epoch 020 | Step 440 | lr=6.155830e-06 | loss=0.001155
Epoch 020 | Step 450 | lr=6.155830e-06 | loss=0.001489
Epoch 020 | Step 460 | lr=6.155830e-06 | loss=0.001068
Epoch 020 | Step 470 | lr=6.155830e-06 | loss=0.001339
Epoch 020 | Step 480 | lr=6.155830e-06 | loss=0.001348
Epoch 020 | Step 490 | lr=6.155830e-06 | loss=0.001407
Epoch 020 | Step 500 | lr=6.155830e-06 | loss=0.001228
Epoch 020 | Step 510 | lr=6.155830e-06 | loss=0.001112
Epoch 020 | Step 520 | lr=6.155830e-06 | loss=0.001432
Epoch 020 | Step 530 | lr=6.155830e-06 | loss=0.001279
Epoch 020 | Step 540 | lr=6.155830e-06 | loss=0.001327
Epoch 020 | Step 550 | lr=6.155830e-06 | loss=0.001109
Epoch 020 | Step 560 | lr=6.155830e-06 | loss=0.001144
Epoch 020 | Step 570 | lr=6.155830e-06 | loss=0.001527
Epoch 020 | Step 580 | lr=6.155830e-06 | loss=0.001241
Epoch 020 | Step 590 | lr=6.155830e-06 | loss=0.001037
Epoch 020 | Step 600 | lr=6.155830e-06 | loss=0.001111
Epoch 020 | Step 610 | lr=6.155830e-06 | loss=0.001756
Epoch 020 | Step 620 | lr=6.155830e-06 | loss=0.002108
Epoch 020 | Step 630 | lr=6.155830e-06 | loss=0.001066
Epoch 020 | Step 640 | lr=6.155830e-06 | loss=0.001307
Epoch 020 | Step 650 | lr=6.155830e-06 | loss=0.001257
Epoch 020 | Step 660 | lr=6.155830e-06 | loss=0.001749
Epoch 020 | Step 670 | lr=6.155830e-06 | loss=0.000858
Epoch 020 | Step 680 | lr=6.155830e-06 | loss=0.001325
Epoch 020 | Step 690 | lr=6.155830e-06 | loss=0.001313
Epoch 020 | Step 700 | lr=6.155830e-06 | loss=0.001556
Epoch 020 | Step 710 | lr=6.155830e-06 | loss=0.000932
Epoch 020 | Step 720 | lr=6.155830e-06 | loss=0.001328
Epoch 020 | Step 730 | lr=6.155830e-06 | loss=0.001142
Epoch 020 | Step 740 | lr=6.155830e-06 | loss=0.001571
Epoch 020 | Step 750 | lr=6.155830e-06 | loss=0.001206
Epoch 020 | Step 760 | lr=6.155830e-06 | loss=0.001241
Epoch 020 | Step 770 | lr=6.155830e-06 | loss=0.001054
Epoch 020 | Step 780 | lr=6.155830e-06 | loss=0.001706
Epoch 020 | Step 790 | lr=6.155830e-06 | loss=0.001066
Epoch 020 | Step 800 | lr=6.155830e-06 | loss=0.001156
Epoch 020 | Step 810 | lr=6.155830e-06 | loss=0.001220
Epoch 020 | Step 820 | lr=6.155830e-06 | loss=0.001264
Epoch 020 | Step 830 | lr=6.155830e-06 | loss=0.001339
Epoch 020 | Step 840 | lr=6.155830e-06 | loss=0.001115
Epoch 020 | Step 850 | lr=6.155830e-06 | loss=0.001516
Epoch 020 | Step 860 | lr=6.155830e-06 | loss=0.001328
Epoch 020 | Step 870 | lr=6.155830e-06 | loss=0.001136
Epoch 020 | Step 880 | lr=6.155830e-06 | loss=0.001297
Epoch 020 | Step 890 | lr=6.155830e-06 | loss=0.001176
Epoch 020 | Step 900 | lr=6.155830e-06 | loss=0.001241
Epoch 020 | Step 910 | lr=6.155830e-06 | loss=0.001464
Epoch 020 | Step 920 | lr=6.155830e-06 | loss=0.001466
Epoch 020 | Step 930 | lr=6.155830e-06 | loss=0.001029
Epoch 020 | Step 940 | lr=6.155830e-06 | loss=0.001264
Epoch 020 | Step 950 | lr=6.155830e-06 | loss=0.001277
Epoch 020 | Step 960 | lr=6.155830e-06 | loss=0.001323
/mnt/hdd/xln/PycharmProjects/PredictLeafNode/src/model/cluster_dist_transformer_original.py:844: FutureWarning: You are using `torch.load` with `weights_only=False` (the current default value), which uses the default pickle module implicitly. It is possible to construct malicious pickle data which will execute arbitrary code during unpickling (See https://github.com/pytorch/pytorch/blob/main/SECURITY.md#untrusted-models for more details). In a future release, the default value for `weights_only` will be flipped to `True`. This limits the functions that could be executed during unpickling. Arbitrary objects will no longer be allowed to be loaded via this mode unless they are explicitly allowlisted by the user via `torch.serialization.add_safe_globals`. We recommend you start setting `weights_only=True` for any use case where you don't have full control of the loaded file. Please open an issue on GitHub for any issues related to this experimental feature.
  ckpt = torch.load(best_path, map_location=device)
epoch 020 | train_kld=0.001258 | val_kld=0.001423 | val_mae=0.008318 | val_mse=0.000672 | ord_acc@10=0.2984 | recall@10=0.8159
Saved epoch 1 batch metrics plot to input/Training_data/gist1M_learn/leafsize20K/E_model_d256_L4_H8_ff512_topk10_bs512_ep20_lr0.001_wd0.01_bilinear_normalizeTrue_posTrue_gatingTrue_loss_typepairwise_hinge_use_type_embedTrue/model_d256_L4_H8_ff512_topk10_bs512_ep20_lr0.001_wd0.01_bilinear_normalizeTrue_posTrue_gatingTrue_loss_typepairwise_hinge_use_type_embedTrue_epoch1_batch_metrics@10.png
Saved epoch metrics plot to input/Training_data/gist1M_learn/leafsize20K/E_model_d256_L4_H8_ff512_topk10_bs512_ep20_lr0.001_wd0.01_bilinear_normalizeTrue_posTrue_gatingTrue_loss_typepairwise_hinge_use_type_embedTrue/model_d256_L4_H8_ff512_topk10_bs512_ep20_lr0.001_wd0.01_bilinear_normalizeTrue_posTrue_gatingTrue_loss_typepairwise_hinge_use_type_embedTrue_epoch_metrics.png
best val_kld: 0.001373 at epoch 19
Loaded checkpoint from input/Training_data/gist1M_learn/leafsize20K/E_model_d256_L4_H8_ff512_topk10_bs512_ep20_lr0.001_wd0.01_bilinear_normalizeTrue_posTrue_gatingTrue_loss_typepairwise_hinge_use_type_embedTrue/model_d256_L4_H8_ff512_topk10_bs512_ep20_lr0.001_wd0.01_bilinear_normalizeTrue_posTrue_gatingTrue_loss_typepairwise_hinge_use_type_embedTrue.pt (epoch=19)
[TEST] kld=0.001512 | mae=0.008312 | mse=0.000633 | ord_acc@10=0.2834 | recall@10=0.8174
Saving model predictions to file...
Saved predictions -> input/Training_data/gist1M_learn/leafsize20K/E_model_d256_L4_H8_ff512_topk10_bs512_ep20_lr0.001_wd0.01_bilinear_normalizeTrue_posTrue_gatingTrue_loss_typepairwise_hinge_use_type_embedTrue/model_d256_L4_H8_ff512_topk10_bs512_ep20_lr0.001_wd0.01_bilinear_normalizeTrue_posTrue_gatingTrue_loss_typepairwise_hinge_use_type_embedTrue_pred.txt
