/home/xln/miniconda3/envs/elpis_torch/lib/python3.12/site-packages/torch/nn/modules/transformer.py:379: UserWarning: enable_nested_tensor is True, but self.use_nested_tensor is False because encoder_layer.norm_first was True
  warnings.warn(
Detected K=116, D=960
Using experiment ID: E
Epoch 001 | Batch 10 | val_kld=103.599091 | val_ordacc@10=0.022517 | val_recall@10=0.219929
Epoch 001 | Step 10 | lr=1.000000e-03 | loss=231.723419
Epoch 001 | Batch 20 | val_kld=47.888486 | val_ordacc@10=0.052535 | val_recall@10=0.445197
Epoch 001 | Step 20 | lr=1.000000e-03 | loss=78.713928
Epoch 001 | Batch 30 | val_kld=83.294078 | val_ordacc@10=0.026209 | val_recall@10=0.236970
Epoch 001 | Step 30 | lr=1.000000e-03 | loss=85.641144
Epoch 001 | Batch 40 | val_kld=55.444909 | val_ordacc@10=0.038068 | val_recall@10=0.379626
Epoch 001 | Step 40 | lr=1.000000e-03 | loss=65.877113
Epoch 001 | Batch 50 | val_kld=49.993744 | val_ordacc@10=0.046832 | val_recall@10=0.426138
Epoch 001 | Step 50 | lr=1.000000e-03 | loss=74.873863
Epoch 001 | Batch 60 | val_kld=60.107890 | val_ordacc@10=0.027819 | val_recall@10=0.307431
Epoch 001 | Step 60 | lr=1.000000e-03 | loss=79.660095
Epoch 001 | Batch 70 | val_kld=54.662288 | val_ordacc@10=0.023521 | val_recall@10=0.240209
Epoch 001 | Step 70 | lr=1.000000e-03 | loss=80.001221
Epoch 001 | Batch 80 | val_kld=55.076696 | val_ordacc@10=0.023861 | val_recall@10=0.214032
Epoch 001 | Step 80 | lr=1.000000e-03 | loss=77.469612
Epoch 001 | Batch 90 | val_kld=55.287986 | val_ordacc@10=0.024408 | val_recall@10=0.204127
Epoch 001 | Step 90 | lr=1.000000e-03 | loss=79.675484
Epoch 001 | Batch 100 | val_kld=54.874268 | val_ordacc@10=0.023487 | val_recall@10=0.198848
Epoch 001 | Step 100 | lr=1.000000e-03 | loss=78.811081
Epoch 001 | Batch 110 | val_kld=54.610652 | val_ordacc@10=0.023345 | val_recall@10=0.195553
Epoch 001 | Step 110 | lr=1.000000e-03 | loss=75.971680
Epoch 001 | Batch 120 | val_kld=54.403844 | val_ordacc@10=0.023394 | val_recall@10=0.194110
Epoch 001 | Step 120 | lr=1.000000e-03 | loss=78.375046
Epoch 001 | Batch 130 | val_kld=54.436391 | val_ordacc@10=0.023589 | val_recall@10=0.192971
Epoch 001 | Step 130 | lr=1.000000e-03 | loss=77.541428
Epoch 001 | Batch 140 | val_kld=54.492974 | val_ordacc@10=0.024262 | val_recall@10=0.191751
Epoch 001 | Step 140 | lr=1.000000e-03 | loss=78.631546
Epoch 001 | Batch 150 | val_kld=54.588777 | val_ordacc@10=0.024169 | val_recall@10=0.190555
Epoch 001 | Step 150 | lr=1.000000e-03 | loss=78.128815
Epoch 001 | Batch 160 | val_kld=54.799717 | val_ordacc@10=0.024046 | val_recall@10=0.190171
Epoch 001 | Step 160 | lr=1.000000e-03 | loss=79.408722
Epoch 001 | Batch 170 | val_kld=55.030307 | val_ordacc@10=0.023819 | val_recall@10=0.189226
Epoch 001 | Step 170 | lr=1.000000e-03 | loss=75.948586
Epoch 001 | Batch 180 | val_kld=55.208466 | val_ordacc@10=0.024629 | val_recall@10=0.189023
Epoch 001 | Step 180 | lr=1.000000e-03 | loss=75.997322
Epoch 001 | Batch 190 | val_kld=55.665255 | val_ordacc@10=0.024289 | val_recall@10=0.188835
Epoch 001 | Step 190 | lr=1.000000e-03 | loss=75.845993
Epoch 001 | Batch 200 | val_kld=55.951532 | val_ordacc@10=0.023966 | val_recall@10=0.188127
Epoch 001 | Step 200 | lr=1.000000e-03 | loss=76.474411
Epoch 001 | Batch 210 | val_kld=56.467011 | val_ordacc@10=0.023406 | val_recall@10=0.188342
Epoch 001 | Step 210 | lr=1.000000e-03 | loss=76.171738
Epoch 001 | Batch 220 | val_kld=56.804995 | val_ordacc@10=0.023062 | val_recall@10=0.188215
Epoch 001 | Step 220 | lr=1.000000e-03 | loss=75.971672
Epoch 001 | Batch 230 | val_kld=57.156556 | val_ordacc@10=0.023479 | val_recall@10=0.188269
Epoch 001 | Step 230 | lr=1.000000e-03 | loss=78.149323
Epoch 001 | Batch 240 | val_kld=57.712897 | val_ordacc@10=0.023446 | val_recall@10=0.188111
Epoch 001 | Step 240 | lr=1.000000e-03 | loss=73.655518
Epoch 001 | Batch 250 | val_kld=58.211888 | val_ordacc@10=0.023168 | val_recall@10=0.187686
Epoch 001 | Step 250 | lr=1.000000e-03 | loss=74.324966
Epoch 001 | Batch 260 | val_kld=58.645341 | val_ordacc@10=0.022455 | val_recall@10=0.187578
Epoch 001 | Step 260 | lr=1.000000e-03 | loss=77.367020
Epoch 001 | Batch 270 | val_kld=59.133067 | val_ordacc@10=0.022561 | val_recall@10=0.187393
Epoch 001 | Step 270 | lr=1.000000e-03 | loss=77.726105
Epoch 001 | Batch 280 | val_kld=59.540590 | val_ordacc@10=0.022135 | val_recall@10=0.187549
Epoch 001 | Step 280 | lr=1.000000e-03 | loss=76.951492
Epoch 001 | Batch 290 | val_kld=59.956326 | val_ordacc@10=0.022338 | val_recall@10=0.187311
Epoch 001 | Step 290 | lr=1.000000e-03 | loss=74.581459
Epoch 001 | Batch 300 | val_kld=60.338118 | val_ordacc@10=0.022602 | val_recall@10=0.187096
Epoch 001 | Step 300 | lr=1.000000e-03 | loss=75.502289
Epoch 001 | Batch 310 | val_kld=60.776078 | val_ordacc@10=0.022392 | val_recall@10=0.186758
Epoch 001 | Step 310 | lr=1.000000e-03 | loss=74.345490
Epoch 001 | Batch 320 | val_kld=61.198908 | val_ordacc@10=0.022191 | val_recall@10=0.186653
Epoch 001 | Step 320 | lr=1.000000e-03 | loss=77.443954
Epoch 001 | Batch 330 | val_kld=61.572771 | val_ordacc@10=0.022152 | val_recall@10=0.186514
Epoch 001 | Step 330 | lr=1.000000e-03 | loss=72.462799
Epoch 001 | Batch 340 | val_kld=61.972723 | val_ordacc@10=0.022219 | val_recall@10=0.186346
Epoch 001 | Step 340 | lr=1.000000e-03 | loss=75.427902
Epoch 001 | Batch 350 | val_kld=62.257816 | val_ordacc@10=0.022319 | val_recall@10=0.186158
Epoch 001 | Step 350 | lr=1.000000e-03 | loss=76.861710
Epoch 001 | Batch 360 | val_kld=62.494068 | val_ordacc@10=0.022305 | val_recall@10=0.186172
Epoch 001 | Step 360 | lr=1.000000e-03 | loss=74.422432
Epoch 001 | Batch 370 | val_kld=62.717756 | val_ordacc@10=0.021528 | val_recall@10=0.185769
Epoch 001 | Step 370 | lr=1.000000e-03 | loss=76.469276
Epoch 001 | Batch 380 | val_kld=62.894215 | val_ordacc@10=0.021449 | val_recall@10=0.185748
Epoch 001 | Step 380 | lr=1.000000e-03 | loss=74.904648
Epoch 001 | Batch 390 | val_kld=63.112419 | val_ordacc@10=0.021189 | val_recall@10=0.185729
Epoch 001 | Step 390 | lr=1.000000e-03 | loss=73.876099
Epoch 001 | Batch 400 | val_kld=63.215823 | val_ordacc@10=0.021183 | val_recall@10=0.185813
Epoch 001 | Step 400 | lr=1.000000e-03 | loss=74.201843
Epoch 001 | Batch 410 | val_kld=63.348181 | val_ordacc@10=0.020759 | val_recall@10=0.185883
Epoch 001 | Step 410 | lr=1.000000e-03 | loss=71.382957
Epoch 001 | Batch 420 | val_kld=63.548597 | val_ordacc@10=0.020562 | val_recall@10=0.186038
Epoch 001 | Step 420 | lr=1.000000e-03 | loss=73.947914
Epoch 001 | Batch 430 | val_kld=63.726832 | val_ordacc@10=0.020497 | val_recall@10=0.185907
Epoch 001 | Step 430 | lr=1.000000e-03 | loss=73.924828
Epoch 001 | Batch 440 | val_kld=63.920226 | val_ordacc@10=0.020355 | val_recall@10=0.185802
Epoch 001 | Step 440 | lr=1.000000e-03 | loss=71.318832
Epoch 001 | Batch 450 | val_kld=64.092503 | val_ordacc@10=0.019993 | val_recall@10=0.185939
Epoch 001 | Step 450 | lr=1.000000e-03 | loss=73.529823
Epoch 001 | Batch 460 | val_kld=64.301893 | val_ordacc@10=0.019817 | val_recall@10=0.186154
Epoch 001 | Step 460 | lr=1.000000e-03 | loss=72.485886
Epoch 001 | Batch 470 | val_kld=64.440421 | val_ordacc@10=0.019408 | val_recall@10=0.186114
Epoch 001 | Step 470 | lr=1.000000e-03 | loss=72.637222
Epoch 001 | Batch 480 | val_kld=64.609385 | val_ordacc@10=0.019168 | val_recall@10=0.186148
Epoch 001 | Step 480 | lr=1.000000e-03 | loss=70.636543
Epoch 001 | Batch 490 | val_kld=64.862682 | val_ordacc@10=0.018962 | val_recall@10=0.186182
Epoch 001 | Step 490 | lr=1.000000e-03 | loss=71.616364
Epoch 001 | Batch 500 | val_kld=65.049396 | val_ordacc@10=0.018962 | val_recall@10=0.186182
Epoch 001 | Step 500 | lr=1.000000e-03 | loss=72.003677
Epoch 001 | Batch 510 | val_kld=65.194662 | val_ordacc@10=0.018845 | val_recall@10=0.186397
Epoch 001 | Step 510 | lr=1.000000e-03 | loss=72.662872
Epoch 001 | Batch 520 | val_kld=65.283142 | val_ordacc@10=0.018800 | val_recall@10=0.186203
Epoch 001 | Step 520 | lr=1.000000e-03 | loss=75.710045
Epoch 001 | Batch 530 | val_kld=65.396312 | val_ordacc@10=0.018703 | val_recall@10=0.186268
Epoch 001 | Step 530 | lr=1.000000e-03 | loss=68.697433
Epoch 001 | Batch 540 | val_kld=65.553779 | val_ordacc@10=0.018591 | val_recall@10=0.186280
Epoch 001 | Step 540 | lr=1.000000e-03 | loss=73.891487
Epoch 001 | Batch 550 | val_kld=65.814404 | val_ordacc@10=0.018474 | val_recall@10=0.186274
Epoch 001 | Step 550 | lr=1.000000e-03 | loss=72.529488
Epoch 001 | Batch 560 | val_kld=66.072162 | val_ordacc@10=0.018373 | val_recall@10=0.186209
Epoch 001 | Step 560 | lr=1.000000e-03 | loss=76.097351
Epoch 001 | Batch 570 | val_kld=66.259792 | val_ordacc@10=0.018471 | val_recall@10=0.186391
Epoch 001 | Step 570 | lr=1.000000e-03 | loss=72.185783
Epoch 001 | Batch 580 | val_kld=66.495276 | val_ordacc@10=0.018408 | val_recall@10=0.186456
Epoch 001 | Step 580 | lr=1.000000e-03 | loss=71.654839
Epoch 001 | Batch 590 | val_kld=66.647954 | val_ordacc@10=0.018467 | val_recall@10=0.186358
Epoch 001 | Step 590 | lr=1.000000e-03 | loss=73.740150
Epoch 001 | Batch 600 | val_kld=66.818917 | val_ordacc@10=0.018084 | val_recall@10=0.186358
Epoch 001 | Step 600 | lr=1.000000e-03 | loss=71.190582
Epoch 001 | Batch 610 | val_kld=66.992325 | val_ordacc@10=0.018044 | val_recall@10=0.186384
Epoch 001 | Step 610 | lr=1.000000e-03 | loss=70.079948
Epoch 001 | Batch 620 | val_kld=67.093521 | val_ordacc@10=0.018252 | val_recall@10=0.186405
Epoch 001 | Step 620 | lr=1.000000e-03 | loss=70.395439
Epoch 001 | Batch 630 | val_kld=67.235202 | val_ordacc@10=0.018388 | val_recall@10=0.186399
Epoch 001 | Step 630 | lr=1.000000e-03 | loss=74.117203
Epoch 001 | Batch 640 | val_kld=67.449271 | val_ordacc@10=0.018232 | val_recall@10=0.186346
Epoch 001 | Step 640 | lr=1.000000e-03 | loss=70.531387
Epoch 001 | Batch 650 | val_kld=67.643795 | val_ordacc@10=0.018285 | val_recall@10=0.186450
Epoch 001 | Step 650 | lr=1.000000e-03 | loss=73.624725
Epoch 001 | Batch 660 | val_kld=67.798006 | val_ordacc@10=0.018187 | val_recall@10=0.186541
Epoch 001 | Step 660 | lr=1.000000e-03 | loss=74.114639
Epoch 001 | Batch 670 | val_kld=67.903129 | val_ordacc@10=0.018129 | val_recall@10=0.186717
Epoch 001 | Step 670 | lr=1.000000e-03 | loss=72.760345
Epoch 001 | Batch 680 | val_kld=68.050920 | val_ordacc@10=0.018011 | val_recall@10=0.186698
Epoch 001 | Step 680 | lr=1.000000e-03 | loss=75.107285
Epoch 001 | Batch 690 | val_kld=68.206297 | val_ordacc@10=0.018070 | val_recall@10=0.186653
Epoch 001 | Step 690 | lr=1.000000e-03 | loss=74.153114
Epoch 001 | Batch 700 | val_kld=68.466309 | val_ordacc@10=0.018109 | val_recall@10=0.186711
Epoch 001 | Step 700 | lr=1.000000e-03 | loss=73.075829
Epoch 001 | Batch 710 | val_kld=68.605226 | val_ordacc@10=0.017992 | val_recall@10=0.186666
Epoch 001 | Step 710 | lr=1.000000e-03 | loss=73.309242
Epoch 001 | Batch 720 | val_kld=68.773457 | val_ordacc@10=0.018050 | val_recall@10=0.186627
Epoch 001 | Step 720 | lr=1.000000e-03 | loss=71.521461
Epoch 001 | Batch 730 | val_kld=68.911531 | val_ordacc@10=0.017966 | val_recall@10=0.186588
Epoch 001 | Step 730 | lr=1.000000e-03 | loss=71.272659
Epoch 001 | Batch 740 | val_kld=69.004211 | val_ordacc@10=0.017888 | val_recall@10=0.186562
Epoch 001 | Step 740 | lr=1.000000e-03 | loss=73.660645
Epoch 001 | Batch 750 | val_kld=69.199582 | val_ordacc@10=0.017947 | val_recall@10=0.186504
Epoch 001 | Step 750 | lr=1.000000e-03 | loss=71.408600
Epoch 001 | Batch 760 | val_kld=69.321673 | val_ordacc@10=0.017863 | val_recall@10=0.186621
Epoch 001 | Step 760 | lr=1.000000e-03 | loss=75.012375
Epoch 001 | Batch 770 | val_kld=69.362597 | val_ordacc@10=0.017921 | val_recall@10=0.186635
Epoch 001 | Step 770 | lr=1.000000e-03 | loss=71.398346
Epoch 001 | Batch 780 | val_kld=69.402894 | val_ordacc@10=0.017921 | val_recall@10=0.186674
Epoch 001 | Step 780 | lr=1.000000e-03 | loss=74.658417
Epoch 001 | Batch 790 | val_kld=69.503975 | val_ordacc@10=0.017960 | val_recall@10=0.186771
Epoch 001 | Step 790 | lr=1.000000e-03 | loss=73.819664
Epoch 001 | Batch 800 | val_kld=69.632883 | val_ordacc@10=0.017902 | val_recall@10=0.186699
Epoch 001 | Step 800 | lr=1.000000e-03 | loss=72.331985
Epoch 001 | Batch 810 | val_kld=69.855930 | val_ordacc@10=0.017921 | val_recall@10=0.186660
Epoch 001 | Step 810 | lr=1.000000e-03 | loss=70.982819
Epoch 001 | Batch 820 | val_kld=70.065015 | val_ordacc@10=0.017941 | val_recall@10=0.186660
Epoch 001 | Step 820 | lr=1.000000e-03 | loss=75.215012
Epoch 001 | Batch 830 | val_kld=70.350027 | val_ordacc@10=0.017941 | val_recall@10=0.186725
Epoch 001 | Step 830 | lr=1.000000e-03 | loss=74.114639
Epoch 001 | Batch 840 | val_kld=70.617336 | val_ordacc@10=0.018019 | val_recall@10=0.186887
Epoch 001 | Step 840 | lr=1.000000e-03 | loss=74.486557
Epoch 001 | Batch 850 | val_kld=70.780032 | val_ordacc@10=0.018039 | val_recall@10=0.186965
Epoch 001 | Step 850 | lr=1.000000e-03 | loss=73.247681
Epoch 001 | Batch 860 | val_kld=70.925195 | val_ordacc@10=0.018117 | val_recall@10=0.187004
Epoch 001 | Step 860 | lr=1.000000e-03 | loss=73.947922
Epoch 001 | Batch 870 | val_kld=71.084454 | val_ordacc@10=0.018195 | val_recall@10=0.187037
Epoch 001 | Step 870 | lr=1.000000e-03 | loss=72.078056
Epoch 001 | Batch 880 | val_kld=71.317911 | val_ordacc@10=0.018214 | val_recall@10=0.187096
Epoch 001 | Step 880 | lr=1.000000e-03 | loss=73.750412
Epoch 001 | Batch 890 | val_kld=71.431718 | val_ordacc@10=0.018195 | val_recall@10=0.187272
Epoch 001 | Step 890 | lr=1.000000e-03 | loss=77.007919
Epoch 001 | Batch 900 | val_kld=71.502920 | val_ordacc@10=0.018195 | val_recall@10=0.187311
Epoch 001 | Step 900 | lr=1.000000e-03 | loss=71.631752
Epoch 001 | Batch 910 | val_kld=71.635433 | val_ordacc@10=0.018117 | val_recall@10=0.187258
Epoch 001 | Step 910 | lr=1.000000e-03 | loss=74.425003
Epoch 001 | Batch 920 | val_kld=71.745229 | val_ordacc@10=0.018156 | val_recall@10=0.187336
Epoch 001 | Step 920 | lr=1.000000e-03 | loss=74.219803
Epoch 001 | Batch 930 | val_kld=71.841085 | val_ordacc@10=0.018136 | val_recall@10=0.187317
Epoch 001 | Step 930 | lr=1.000000e-03 | loss=77.944130
Epoch 001 | Batch 940 | val_kld=72.046948 | val_ordacc@10=0.018312 | val_recall@10=0.187291
Epoch 001 | Step 940 | lr=1.000000e-03 | loss=76.800156
Epoch 001 | Batch 950 | val_kld=72.136559 | val_ordacc@10=0.018273 | val_recall@10=0.187272
Epoch 001 | Step 950 | lr=1.000000e-03 | loss=75.058548
Epoch 001 | Batch 960 | val_kld=72.279469 | val_ordacc@10=0.018253 | val_recall@10=0.187272
Epoch 001 | Step 960 | lr=1.000000e-03 | loss=75.617706
epoch 001 | train_kld=75.988304 | val_kld=72.491517 | val_mae=0.014989 | val_mse=0.001653 | ord_acc@10=0.0182 | recall@10=0.1867
Epoch 002 | Step 10 | lr=9.938442e-04 | loss=72.331985
Epoch 002 | Step 20 | lr=9.938442e-04 | loss=76.240997
Epoch 002 | Step 30 | lr=9.938442e-04 | loss=74.147980
Epoch 002 | Step 40 | lr=9.938442e-04 | loss=77.074608
Epoch 002 | Step 50 | lr=9.938442e-04 | loss=76.641129
Epoch 002 | Step 60 | lr=9.938442e-04 | loss=78.413513
Epoch 002 | Step 70 | lr=9.938442e-04 | loss=74.671234
Epoch 002 | Step 80 | lr=9.938442e-04 | loss=73.268204
Epoch 002 | Step 90 | lr=9.938442e-04 | loss=75.935760
Epoch 002 | Step 100 | lr=9.938442e-04 | loss=74.042824
Epoch 002 | Step 110 | lr=9.938442e-04 | loss=76.410278
Epoch 002 | Step 120 | lr=9.938442e-04 | loss=74.368568
Epoch 002 | Step 130 | lr=9.938442e-04 | loss=73.947922
Epoch 002 | Step 140 | lr=9.938442e-04 | loss=76.589828
Epoch 002 | Step 150 | lr=9.938442e-04 | loss=80.534744
Epoch 002 | Step 160 | lr=9.938442e-04 | loss=77.131042
Epoch 002 | Step 170 | lr=9.938442e-04 | loss=78.341705
Epoch 002 | Step 180 | lr=9.938442e-04 | loss=75.648491
Epoch 002 | Step 190 | lr=9.938442e-04 | loss=76.274338
Epoch 002 | Step 200 | lr=9.938442e-04 | loss=73.676025
Epoch 002 | Step 210 | lr=9.938442e-04 | loss=75.715179
Epoch 002 | Step 220 | lr=9.938442e-04 | loss=75.681839
Epoch 002 | Step 230 | lr=9.938442e-04 | loss=77.123337
Epoch 002 | Step 240 | lr=9.938442e-04 | loss=72.342247
Epoch 002 | Step 250 | lr=9.938442e-04 | loss=74.696884
Epoch 002 | Step 260 | lr=9.938442e-04 | loss=77.279800
Epoch 002 | Step 270 | lr=9.938442e-04 | loss=76.405151
Epoch 002 | Step 280 | lr=9.938442e-04 | loss=75.543327
Epoch 002 | Step 290 | lr=9.938442e-04 | loss=76.274338
Epoch 002 | Step 300 | lr=9.938442e-04 | loss=77.900528
Epoch 002 | Step 310 | lr=9.938442e-04 | loss=75.922935
Epoch 002 | Step 320 | lr=9.938442e-04 | loss=77.510651
Epoch 002 | Step 330 | lr=9.938442e-04 | loss=76.674469
Epoch 002 | Step 340 | lr=9.938442e-04 | loss=77.874878
Epoch 002 | Step 350 | lr=9.938442e-04 | loss=78.092903
Epoch 002 | Step 360 | lr=9.938442e-04 | loss=77.313148
Epoch 002 | Step 370 | lr=9.938442e-04 | loss=76.271774
Epoch 002 | Step 380 | lr=9.938442e-04 | loss=74.979027
Epoch 002 | Step 390 | lr=9.938442e-04 | loss=73.173294
Epoch 002 | Step 400 | lr=9.938442e-04 | loss=76.587265
Epoch 002 | Step 410 | lr=9.938442e-04 | loss=81.368362
Epoch 002 | Step 420 | lr=9.938442e-04 | loss=75.150879
Epoch 002 | Step 430 | lr=9.938442e-04 | loss=75.951157
Epoch 002 | Step 440 | lr=9.938442e-04 | loss=78.772614
Epoch 002 | Step 450 | lr=9.938442e-04 | loss=76.489799
Epoch 002 | Step 460 | lr=9.938442e-04 | loss=76.743729
Epoch 002 | Step 470 | lr=9.938442e-04 | loss=76.482101
Epoch 002 | Step 480 | lr=9.938442e-04 | loss=76.948921
Epoch 002 | Step 490 | lr=9.938442e-04 | loss=78.159592
Epoch 002 | Step 500 | lr=9.938442e-04 | loss=75.194489
Epoch 002 | Step 510 | lr=9.938442e-04 | loss=77.980042
Epoch 002 | Step 520 | lr=9.938442e-04 | loss=78.031342
Epoch 002 | Step 530 | lr=9.938442e-04 | loss=75.158577
Epoch 002 | Step 540 | lr=9.938442e-04 | loss=77.551689
Epoch 002 | Step 550 | lr=9.938442e-04 | loss=75.686958
Epoch 002 | Step 560 | lr=9.938442e-04 | loss=78.090332
Epoch 002 | Step 570 | lr=9.938442e-04 | loss=74.725098
Epoch 002 | Step 580 | lr=9.938442e-04 | loss=79.006027
Epoch 002 | Step 590 | lr=9.938442e-04 | loss=77.513214
Epoch 002 | Step 600 | lr=9.938442e-04 | loss=75.658752
Epoch 002 | Step 610 | lr=9.938442e-04 | loss=79.021408
Epoch 002 | Step 620 | lr=9.938442e-04 | loss=75.320175
Epoch 002 | Step 630 | lr=9.938442e-04 | loss=80.160263
Epoch 002 | Step 640 | lr=9.938442e-04 | loss=77.266983
Epoch 002 | Step 650 | lr=9.938442e-04 | loss=79.080406
Epoch 002 | Step 660 | lr=9.938442e-04 | loss=81.717194
Epoch 002 | Step 670 | lr=9.938442e-04 | loss=74.183891
Epoch 002 | Step 680 | lr=9.938442e-04 | loss=76.115311
Epoch 002 | Step 690 | lr=9.938442e-04 | loss=78.854691
Epoch 002 | Step 700 | lr=9.938442e-04 | loss=77.436272
Epoch 002 | Step 710 | lr=9.938442e-04 | loss=77.569641
Epoch 002 | Step 720 | lr=9.938442e-04 | loss=80.501404
Epoch 002 | Step 730 | lr=9.938442e-04 | loss=79.106064
Epoch 002 | Step 740 | lr=9.938442e-04 | loss=79.996101
Epoch 002 | Step 750 | lr=9.938442e-04 | loss=78.426346
Epoch 002 | Step 760 | lr=9.938442e-04 | loss=77.120773
Epoch 002 | Step 770 | lr=9.938442e-04 | loss=77.656853
Epoch 002 | Step 780 | lr=9.938442e-04 | loss=77.595291
Epoch 002 | Step 790 | lr=9.938442e-04 | loss=78.110855
Epoch 002 | Step 800 | lr=9.938442e-04 | loss=75.774170
Epoch 002 | Step 810 | lr=9.938442e-04 | loss=80.160263
Epoch 002 | Step 820 | lr=9.938442e-04 | loss=76.715515
Epoch 002 | Step 830 | lr=9.938442e-04 | loss=78.246796
Epoch 002 | Step 840 | lr=9.938442e-04 | loss=78.405823
Epoch 002 | Step 850 | lr=9.938442e-04 | loss=77.010490
Epoch 002 | Step 860 | lr=9.938442e-04 | loss=78.303223
Epoch 002 | Step 870 | lr=9.938442e-04 | loss=79.070145
Epoch 002 | Step 880 | lr=9.938442e-04 | loss=77.305450
Epoch 002 | Step 890 | lr=9.938442e-04 | loss=75.830597
Epoch 002 | Step 900 | lr=9.938442e-04 | loss=76.028107
Epoch 002 | Step 910 | lr=9.938442e-04 | loss=76.076828
Epoch 002 | Step 920 | lr=9.938442e-04 | loss=77.985168
Epoch 002 | Step 930 | lr=9.938442e-04 | loss=77.541428
Epoch 002 | Step 940 | lr=9.938442e-04 | loss=77.877441
Epoch 002 | Step 950 | lr=9.938442e-04 | loss=76.505188
Epoch 002 | Step 960 | lr=9.938442e-04 | loss=80.955399
epoch 002 | train_kld=76.597418 | val_kld=82.121930 | val_mae=0.014989 | val_mse=0.001653 | ord_acc@10=0.0179 | recall@10=0.1874
Epoch 003 | Step 10 | lr=9.755283e-04 | loss=75.784431
Epoch 003 | Step 20 | lr=9.755283e-04 | loss=75.551025
Epoch 003 | Step 30 | lr=9.755283e-04 | loss=77.107948
Epoch 003 | Step 40 | lr=9.755283e-04 | loss=73.522133
Epoch 003 | Step 50 | lr=9.755283e-04 | loss=75.579231
Epoch 003 | Step 60 | lr=9.755283e-04 | loss=73.206642
Epoch 003 | Step 70 | lr=9.755283e-04 | loss=78.362221
Epoch 003 | Step 80 | lr=9.755283e-04 | loss=76.895058
Epoch 003 | Step 90 | lr=9.755283e-04 | loss=78.074944
Epoch 003 | Step 100 | lr=9.755283e-04 | loss=75.338127
Epoch 003 | Step 110 | lr=9.755283e-04 | loss=75.851120
Epoch 003 | Step 120 | lr=9.755283e-04 | loss=77.231071
Epoch 003 | Step 130 | lr=9.755283e-04 | loss=74.835388
Epoch 003 | Step 140 | lr=9.755283e-04 | loss=74.468605
Epoch 003 | Step 150 | lr=9.755283e-04 | loss=80.755325
Epoch 003 | Step 160 | lr=9.755283e-04 | loss=76.895058
Epoch 003 | Step 170 | lr=9.755283e-04 | loss=80.132042
Epoch 003 | Step 180 | lr=9.755283e-04 | loss=77.795364
Epoch 003 | Step 190 | lr=9.755283e-04 | loss=76.694992
Epoch 003 | Step 200 | lr=9.755283e-04 | loss=75.156021
Epoch 003 | Step 210 | lr=9.755283e-04 | loss=75.212448
Epoch 003 | Step 220 | lr=9.755283e-04 | loss=75.710045
Epoch 003 | Step 230 | lr=9.755283e-04 | loss=78.400696
Epoch 003 | Step 240 | lr=9.755283e-04 | loss=75.876770
Epoch 003 | Step 250 | lr=9.755283e-04 | loss=77.595291
Epoch 003 | Step 260 | lr=9.755283e-04 | loss=76.343597
Epoch 003 | Step 270 | lr=9.755283e-04 | loss=79.662659
Epoch 003 | Step 280 | lr=9.755283e-04 | loss=79.403595
Epoch 003 | Step 290 | lr=9.755283e-04 | loss=77.641464
Epoch 003 | Step 300 | lr=9.755283e-04 | loss=78.416084
Epoch 003 | Step 310 | lr=9.755283e-04 | loss=81.632553
Epoch 003 | Step 320 | lr=9.755283e-04 | loss=78.198059
Epoch 003 | Step 330 | lr=9.755283e-04 | loss=77.728676
Epoch 003 | Step 340 | lr=9.755283e-04 | loss=79.139404
Epoch 003 | Step 350 | lr=9.755283e-04 | loss=75.086761
Epoch 003 | Step 360 | lr=9.755283e-04 | loss=78.023643
Epoch 003 | Step 370 | lr=9.755283e-04 | loss=79.329208
Epoch 003 | Step 380 | lr=9.755283e-04 | loss=72.993744
Epoch 003 | Step 390 | lr=9.755283e-04 | loss=79.082977
Epoch 003 | Step 400 | lr=9.755283e-04 | loss=74.227493
Epoch 003 | Step 410 | lr=9.755283e-04 | loss=77.387527
Epoch 003 | Step 420 | lr=9.755283e-04 | loss=77.274673
Epoch 003 | Step 430 | lr=9.755283e-04 | loss=76.102493
Epoch 003 | Step 440 | lr=9.755283e-04 | loss=77.141296
Epoch 003 | Step 450 | lr=9.755283e-04 | loss=75.997322
Epoch 003 | Step 460 | lr=9.755283e-04 | loss=77.526047
Epoch 003 | Step 470 | lr=9.755283e-04 | loss=77.302887
Epoch 003 | Step 480 | lr=9.755283e-04 | loss=77.231071
Epoch 003 | Step 490 | lr=9.755283e-04 | loss=75.674141
Epoch 003 | Step 500 | lr=9.755283e-04 | loss=77.249023
Epoch 003 | Step 510 | lr=9.755283e-04 | loss=75.940895
Epoch 003 | Step 520 | lr=9.755283e-04 | loss=77.572205
Epoch 003 | Step 530 | lr=9.755283e-04 | loss=78.154457
Epoch 003 | Step 540 | lr=9.755283e-04 | loss=76.879669
Epoch 003 | Step 550 | lr=9.755283e-04 | loss=76.948921
Epoch 003 | Step 560 | lr=9.755283e-04 | loss=76.748856
Epoch 003 | Step 570 | lr=9.755283e-04 | loss=73.255371
Epoch 003 | Step 580 | lr=9.755283e-04 | loss=78.341698
Epoch 003 | Step 590 | lr=9.755283e-04 | loss=77.697891
Epoch 003 | Step 600 | lr=9.755283e-04 | loss=75.327866
Epoch 003 | Step 610 | lr=9.755283e-04 | loss=78.729004
Epoch 003 | Step 620 | lr=9.755283e-04 | loss=75.666443
Epoch 003 | Step 630 | lr=9.755283e-04 | loss=75.884460
Epoch 003 | Step 640 | lr=9.755283e-04 | loss=76.228165
Epoch 003 | Step 650 | lr=9.755283e-04 | loss=76.874542
Epoch 003 | Step 660 | lr=9.755283e-04 | loss=75.581802
Epoch 003 | Step 670 | lr=9.755283e-04 | loss=74.676361
Epoch 003 | Step 680 | lr=9.755283e-04 | loss=78.080078
Epoch 003 | Step 690 | lr=9.755283e-04 | loss=72.891151
Epoch 003 | Step 700 | lr=9.755283e-04 | loss=74.907211
Epoch 003 | Step 710 | lr=9.755283e-04 | loss=75.409943
Epoch 003 | Step 720 | lr=9.755283e-04 | loss=77.505524
Epoch 003 | Step 730 | lr=9.755283e-04 | loss=75.150879
Epoch 003 | Step 740 | lr=9.755283e-04 | loss=77.715851
Epoch 003 | Step 750 | lr=9.755283e-04 | loss=76.235863
Epoch 003 | Step 760 | lr=9.755283e-04 | loss=78.541763
Epoch 003 | Step 770 | lr=9.755283e-04 | loss=73.806847
Epoch 003 | Step 780 | lr=9.755283e-04 | loss=77.005356
Epoch 003 | Step 790 | lr=9.755283e-04 | loss=78.257057
Epoch 003 | Step 800 | lr=9.755283e-04 | loss=76.520576
Epoch 003 | Step 810 | lr=9.755283e-04 | loss=74.476303
Epoch 003 | Step 820 | lr=9.755283e-04 | loss=76.097351
Epoch 003 | Step 830 | lr=9.755283e-04 | loss=78.221146
Epoch 003 | Step 840 | lr=9.755283e-04 | loss=73.391319
Epoch 003 | Step 850 | lr=9.755283e-04 | loss=74.453217
Epoch 003 | Step 860 | lr=9.755283e-04 | loss=74.263412
Epoch 003 | Step 870 | lr=9.755283e-04 | loss=77.854355
Epoch 003 | Step 880 | lr=9.755283e-04 | loss=78.408386
Epoch 003 | Step 890 | lr=9.755283e-04 | loss=77.095123
Epoch 003 | Step 900 | lr=9.755283e-04 | loss=75.363785
Epoch 003 | Step 910 | lr=9.755283e-04 | loss=74.135155
Epoch 003 | Step 920 | lr=9.755283e-04 | loss=76.966881
Epoch 003 | Step 930 | lr=9.755283e-04 | loss=77.654289
Epoch 003 | Step 940 | lr=9.755283e-04 | loss=77.654297
Epoch 003 | Step 950 | lr=9.755283e-04 | loss=75.558716
Epoch 003 | Step 960 | lr=9.755283e-04 | loss=75.181664
epoch 003 | train_kld=76.641183 | val_kld=84.804135 | val_mae=0.014989 | val_mse=0.001653 | ord_acc@10=0.0179 | recall@10=0.1874
Epoch 004 | Step 10 | lr=9.455033e-04 | loss=75.858810
Epoch 004 | Step 20 | lr=9.455033e-04 | loss=77.690201
Epoch 004 | Step 30 | lr=9.455033e-04 | loss=74.830261
Epoch 004 | Step 40 | lr=9.455033e-04 | loss=74.732796
Epoch 004 | Step 50 | lr=9.455033e-04 | loss=74.394218
Epoch 004 | Step 60 | lr=9.455033e-04 | loss=76.718079
Epoch 004 | Step 70 | lr=9.455033e-04 | loss=75.574104
Epoch 004 | Step 80 | lr=9.455033e-04 | loss=74.301880
Epoch 004 | Step 90 | lr=9.455033e-04 | loss=74.304443
Epoch 004 | Step 100 | lr=9.455033e-04 | loss=76.394897
Epoch 004 | Step 110 | lr=9.455033e-04 | loss=78.382736
Epoch 004 | Step 120 | lr=9.455033e-04 | loss=74.194153
Epoch 004 | Step 130 | lr=9.455033e-04 | loss=78.990631
Epoch 004 | Step 140 | lr=9.455033e-04 | loss=77.320847
Epoch 004 | Step 150 | lr=9.455033e-04 | loss=77.195160
Epoch 004 | Step 160 | lr=9.455033e-04 | loss=76.102486
Epoch 004 | Step 170 | lr=9.455033e-04 | loss=73.942795
Epoch 004 | Step 180 | lr=9.455033e-04 | loss=78.115982
Epoch 004 | Step 190 | lr=9.455033e-04 | loss=73.817101
Epoch 004 | Step 200 | lr=9.455033e-04 | loss=76.815544
Epoch 004 | Step 210 | lr=9.455033e-04 | loss=72.632088
Epoch 004 | Step 220 | lr=9.455033e-04 | loss=78.077507
Epoch 004 | Step 230 | lr=9.455033e-04 | loss=73.622169
Epoch 004 | Step 240 | lr=9.455033e-04 | loss=75.804947
Epoch 004 | Step 250 | lr=9.455033e-04 | loss=77.192596
Epoch 004 | Step 260 | lr=9.455033e-04 | loss=73.858139
Epoch 004 | Step 270 | lr=9.455033e-04 | loss=77.151558
Epoch 004 | Step 280 | lr=9.455033e-04 | loss=75.294525
Epoch 004 | Step 290 | lr=9.455033e-04 | loss=75.502289
Epoch 004 | Step 300 | lr=9.455033e-04 | loss=76.341034
Epoch 004 | Step 310 | lr=9.455033e-04 | loss=74.012039
Epoch 004 | Step 320 | lr=9.455033e-04 | loss=75.422775
Epoch 004 | Step 330 | lr=9.455033e-04 | loss=75.979362
Epoch 004 | Step 340 | lr=9.455033e-04 | loss=73.083527
Epoch 004 | Step 350 | lr=9.455033e-04 | loss=75.751083
Epoch 004 | Step 360 | lr=9.455033e-04 | loss=74.550682
Epoch 004 | Step 370 | lr=9.455033e-04 | loss=74.961075
Epoch 004 | Step 380 | lr=9.455033e-04 | loss=75.594620
Epoch 004 | Step 390 | lr=9.455033e-04 | loss=75.153442
Epoch 004 | Step 400 | lr=9.455033e-04 | loss=73.819672
Epoch 004 | Step 410 | lr=9.455033e-04 | loss=75.327866
Epoch 004 | Step 420 | lr=9.455033e-04 | loss=73.563171
Epoch 004 | Step 430 | lr=9.455033e-04 | loss=74.519897
Epoch 004 | Step 440 | lr=9.455033e-04 | loss=74.078728
Epoch 004 | Step 450 | lr=9.455033e-04 | loss=72.144745
Epoch 004 | Step 460 | lr=9.455033e-04 | loss=71.436813
Epoch 004 | Step 470 | lr=9.455033e-04 | loss=74.489120
Epoch 004 | Step 480 | lr=9.455033e-04 | loss=72.870628
Epoch 004 | Step 490 | lr=9.455033e-04 | loss=71.282921
Epoch 004 | Step 500 | lr=9.455033e-04 | loss=75.109848
Epoch 004 | Step 510 | lr=9.455033e-04 | loss=72.765472
Epoch 004 | Step 520 | lr=9.455033e-04 | loss=73.950485
Epoch 004 | Step 530 | lr=9.455033e-04 | loss=75.027763
Epoch 004 | Step 540 | lr=9.455033e-04 | loss=76.843758
Epoch 004 | Step 550 | lr=9.455033e-04 | loss=71.393219
Epoch 004 | Step 560 | lr=9.455033e-04 | loss=74.612244
Epoch 004 | Step 570 | lr=9.455033e-04 | loss=74.822571
Epoch 004 | Step 580 | lr=9.455033e-04 | loss=73.768372
Epoch 004 | Step 590 | lr=9.455033e-04 | loss=74.889259
Epoch 004 | Step 600 | lr=9.455033e-04 | loss=75.568970
Epoch 004 | Step 610 | lr=9.455033e-04 | loss=73.052742
Epoch 004 | Step 620 | lr=9.455033e-04 | loss=73.286156
Epoch 004 | Step 630 | lr=9.455033e-04 | loss=77.518341
Epoch 004 | Step 640 | lr=9.455033e-04 | loss=76.566742
Epoch 004 | Step 650 | lr=9.455033e-04 | loss=74.889259
Epoch 004 | Step 660 | lr=9.455033e-04 | loss=75.994751
Epoch 004 | Step 670 | lr=9.455033e-04 | loss=76.546227
Epoch 004 | Step 680 | lr=9.455033e-04 | loss=74.522469
Epoch 004 | Step 690 | lr=9.455033e-04 | loss=75.379166
Epoch 004 | Step 700 | lr=9.455033e-04 | loss=77.318275
Epoch 004 | Step 710 | lr=9.455033e-04 | loss=71.367569
Epoch 004 | Step 720 | lr=9.455033e-04 | loss=76.412849
Epoch 004 | Step 730 | lr=9.455033e-04 | loss=72.044708
Epoch 004 | Step 740 | lr=9.455033e-04 | loss=74.822571
Epoch 004 | Step 750 | lr=9.455033e-04 | loss=72.888580
Epoch 004 | Step 760 | lr=9.455033e-04 | loss=77.862053
Epoch 004 | Step 770 | lr=9.455033e-04 | loss=78.005692
Epoch 004 | Step 780 | lr=9.455033e-04 | loss=71.652275
Epoch 004 | Step 790 | lr=9.455033e-04 | loss=72.449974
Epoch 004 | Step 800 | lr=9.455033e-04 | loss=71.795914
Epoch 004 | Step 810 | lr=9.455033e-04 | loss=75.461243
Epoch 004 | Step 820 | lr=9.455033e-04 | loss=74.419868
Epoch 004 | Step 830 | lr=9.455033e-04 | loss=72.614136
Epoch 004 | Step 840 | lr=9.455033e-04 | loss=71.665100
Epoch 004 | Step 850 | lr=9.455033e-04 | loss=77.213112
Epoch 004 | Step 860 | lr=9.455033e-04 | loss=75.404816
Epoch 004 | Step 870 | lr=9.455033e-04 | loss=76.325638
Epoch 004 | Step 880 | lr=9.455033e-04 | loss=72.193481
Epoch 004 | Step 890 | lr=9.455033e-04 | loss=75.194489
Epoch 004 | Step 900 | lr=9.455033e-04 | loss=74.163376
Epoch 004 | Step 910 | lr=9.455033e-04 | loss=74.940559
Epoch 004 | Step 920 | lr=9.455033e-04 | loss=73.906876
Epoch 004 | Step 930 | lr=9.455033e-04 | loss=72.047272
Epoch 004 | Step 940 | lr=9.455033e-04 | loss=76.700127
Epoch 004 | Step 950 | lr=9.455033e-04 | loss=75.963974
Epoch 004 | Step 960 | lr=9.455033e-04 | loss=72.311462
epoch 004 | train_kld=74.651191 | val_kld=84.538067 | val_mae=0.014989 | val_mse=0.001653 | ord_acc@10=0.0180 | recall@10=0.1878
Epoch 005 | Step 10 | lr=9.045085e-04 | loss=72.029320
Epoch 005 | Step 20 | lr=9.045085e-04 | loss=73.791451
Epoch 005 | Step 30 | lr=9.045085e-04 | loss=70.987946
Epoch 005 | Step 40 | lr=9.045085e-04 | loss=73.773499
Epoch 005 | Step 50 | lr=9.045085e-04 | loss=75.394554
Epoch 005 | Step 60 | lr=9.045085e-04 | loss=73.575996
Epoch 005 | Step 70 | lr=9.045085e-04 | loss=74.458344
Epoch 005 | Step 80 | lr=9.045085e-04 | loss=72.693649
Epoch 005 | Step 90 | lr=9.045085e-04 | loss=73.465698
Epoch 005 | Step 100 | lr=9.045085e-04 | loss=71.385513
Epoch 005 | Step 110 | lr=9.045085e-04 | loss=71.493248
Epoch 005 | Step 120 | lr=9.045085e-04 | loss=69.115524
Epoch 005 | Step 130 | lr=9.045085e-04 | loss=74.050522
Epoch 005 | Step 140 | lr=9.045085e-04 | loss=71.485550
Epoch 005 | Step 150 | lr=9.045085e-04 | loss=75.525375
Epoch 005 | Step 160 | lr=9.045085e-04 | loss=74.227493
Epoch 005 | Step 170 | lr=9.045085e-04 | loss=70.682716
Epoch 005 | Step 180 | lr=9.045085e-04 | loss=70.772491
Epoch 005 | Step 190 | lr=9.045085e-04 | loss=74.573769
Epoch 005 | Step 200 | lr=9.045085e-04 | loss=73.386185
Epoch 005 | Step 210 | lr=9.045085e-04 | loss=70.941780
Epoch 005 | Step 220 | lr=9.045085e-04 | loss=74.222366
Epoch 005 | Step 230 | lr=9.045085e-04 | loss=73.570862
Epoch 005 | Step 240 | lr=9.045085e-04 | loss=74.976463
Epoch 005 | Step 250 | lr=9.045085e-04 | loss=73.278458
Epoch 005 | Step 260 | lr=9.045085e-04 | loss=73.958176
Epoch 005 | Step 270 | lr=9.045085e-04 | loss=72.193481
Epoch 005 | Step 280 | lr=9.045085e-04 | loss=73.778625
Epoch 005 | Step 290 | lr=9.045085e-04 | loss=71.895950
Epoch 005 | Step 300 | lr=9.045085e-04 | loss=70.149200
Epoch 005 | Step 310 | lr=9.045085e-04 | loss=72.762901
Epoch 005 | Step 320 | lr=9.045085e-04 | loss=68.951370
Epoch 005 | Step 330 | lr=9.045085e-04 | loss=71.518898
Epoch 005 | Step 340 | lr=9.045085e-04 | loss=72.026756
Epoch 005 | Step 350 | lr=9.045085e-04 | loss=73.768372
Epoch 005 | Step 360 | lr=9.045085e-04 | loss=75.994751
Epoch 005 | Step 370 | lr=9.045085e-04 | loss=69.251465
Epoch 005 | Step 380 | lr=9.045085e-04 | loss=70.446739
Epoch 005 | Step 390 | lr=9.045085e-04 | loss=73.581131
Epoch 005 | Step 400 | lr=9.045085e-04 | loss=73.691422
Epoch 005 | Step 410 | lr=9.045085e-04 | loss=73.529823
Epoch 005 | Step 420 | lr=9.045085e-04 | loss=72.773163
Epoch 005 | Step 430 | lr=9.045085e-04 | loss=74.858475
Epoch 005 | Step 440 | lr=9.045085e-04 | loss=72.090881
Epoch 005 | Step 450 | lr=9.045085e-04 | loss=72.534622
Epoch 005 | Step 460 | lr=9.045085e-04 | loss=71.229050
Epoch 005 | Step 470 | lr=9.045085e-04 | loss=75.940895
Epoch 005 | Step 480 | lr=9.045085e-04 | loss=72.306335
Epoch 005 | Step 490 | lr=9.045085e-04 | loss=73.239990
Epoch 005 | Step 500 | lr=9.045085e-04 | loss=75.274002
Epoch 005 | Step 510 | lr=9.045085e-04 | loss=69.115524
Epoch 005 | Step 520 | lr=9.045085e-04 | loss=72.052414
Epoch 005 | Step 530 | lr=9.045085e-04 | loss=73.478531
Epoch 005 | Step 540 | lr=9.045085e-04 | loss=73.999222
Epoch 005 | Step 550 | lr=9.045085e-04 | loss=74.437820
Epoch 005 | Step 560 | lr=9.045085e-04 | loss=73.337448
Epoch 005 | Step 570 | lr=9.045085e-04 | loss=72.883453
Epoch 005 | Step 580 | lr=9.045085e-04 | loss=72.331985
Epoch 005 | Step 590 | lr=9.045085e-04 | loss=71.239319
Epoch 005 | Step 600 | lr=9.045085e-04 | loss=72.562836
Epoch 005 | Step 610 | lr=9.045085e-04 | loss=73.558044
Epoch 005 | Step 620 | lr=9.045085e-04 | loss=73.309235
Epoch 005 | Step 630 | lr=9.045085e-04 | loss=73.024529
Epoch 005 | Step 640 | lr=9.045085e-04 | loss=71.382950
Epoch 005 | Step 650 | lr=9.045085e-04 | loss=69.761887
Epoch 005 | Step 660 | lr=9.045085e-04 | loss=72.188347
Epoch 005 | Step 670 | lr=9.045085e-04 | loss=72.031891
Epoch 005 | Step 680 | lr=9.045085e-04 | loss=74.640457
Epoch 005 | Step 690 | lr=9.045085e-04 | loss=74.140289
Epoch 005 | Step 700 | lr=9.045085e-04 | loss=73.229721
Epoch 005 | Step 710 | lr=9.045085e-04 | loss=65.988831
Epoch 005 | Step 720 | lr=9.045085e-04 | loss=69.946579
Epoch 005 | Step 730 | lr=9.045085e-04 | loss=68.358864
Epoch 005 | Step 740 | lr=9.045085e-04 | loss=71.988281
Epoch 005 | Step 750 | lr=9.045085e-04 | loss=70.115860
Epoch 005 | Step 760 | lr=9.045085e-04 | loss=72.214005
Epoch 005 | Step 770 | lr=9.045085e-04 | loss=73.399010
Epoch 005 | Step 780 | lr=9.045085e-04 | loss=74.717407
Epoch 005 | Step 790 | lr=9.045085e-04 | loss=73.186127
Epoch 005 | Step 800 | lr=9.045085e-04 | loss=69.633652
Epoch 005 | Step 810 | lr=9.045085e-04 | loss=73.345154
Epoch 005 | Step 820 | lr=9.045085e-04 | loss=69.443840
Epoch 005 | Step 830 | lr=9.045085e-04 | loss=71.513763
Epoch 005 | Step 840 | lr=9.045085e-04 | loss=69.643906
Epoch 005 | Step 850 | lr=9.045085e-04 | loss=72.119095
Epoch 005 | Step 860 | lr=9.045085e-04 | loss=73.632423
Epoch 005 | Step 870 | lr=9.045085e-04 | loss=70.403137
Epoch 005 | Step 880 | lr=9.045085e-04 | loss=68.469154
Epoch 005 | Step 890 | lr=9.045085e-04 | loss=69.964523
Epoch 005 | Step 900 | lr=9.045085e-04 | loss=70.662193
Epoch 005 | Step 910 | lr=9.045085e-04 | loss=70.510864
Epoch 005 | Step 920 | lr=9.045085e-04 | loss=71.795906
Epoch 005 | Step 930 | lr=9.045085e-04 | loss=72.819336
Epoch 005 | Step 940 | lr=9.045085e-04 | loss=69.718292
Epoch 005 | Step 950 | lr=9.045085e-04 | loss=69.018051
Epoch 005 | Step 960 | lr=9.045085e-04 | loss=70.500603
epoch 005 | train_kld=72.459142 | val_kld=81.475802 | val_mae=0.014989 | val_mse=0.001653 | ord_acc@10=0.0180 | recall@10=0.1881
Epoch 006 | Step 10 | lr=8.535534e-04 | loss=66.322281
Epoch 006 | Step 20 | lr=8.535534e-04 | loss=70.644241
Epoch 006 | Step 30 | lr=8.535534e-04 | loss=69.505402
Epoch 006 | Step 40 | lr=8.535534e-04 | loss=63.464905
Epoch 006 | Step 50 | lr=8.535534e-04 | loss=67.758659
Epoch 006 | Step 60 | lr=8.535534e-04 | loss=69.828583
Epoch 006 | Step 70 | lr=8.535534e-04 | loss=67.076370
Epoch 006 | Step 80 | lr=8.535534e-04 | loss=69.543869
Epoch 006 | Step 90 | lr=8.535534e-04 | loss=69.051399
Epoch 006 | Step 100 | lr=8.535534e-04 | loss=71.583023
Epoch 006 | Step 110 | lr=8.535534e-04 | loss=70.580124
Epoch 006 | Step 120 | lr=8.535534e-04 | loss=69.651604
Epoch 006 | Step 130 | lr=8.535534e-04 | loss=70.013260
Epoch 006 | Step 140 | lr=8.535534e-04 | loss=67.063553
Epoch 006 | Step 150 | lr=8.535534e-04 | loss=70.918694
Epoch 006 | Step 160 | lr=8.535534e-04 | loss=70.759666
Epoch 006 | Step 170 | lr=8.535534e-04 | loss=71.493248
Epoch 006 | Step 180 | lr=8.535534e-04 | loss=68.800034
Epoch 006 | Step 190 | lr=8.535534e-04 | loss=70.608337
Epoch 006 | Step 200 | lr=8.535534e-04 | loss=68.271652
Epoch 006 | Step 210 | lr=8.535534e-04 | loss=73.604210
Epoch 006 | Step 220 | lr=8.535534e-04 | loss=70.841743
Epoch 006 | Step 230 | lr=8.535534e-04 | loss=69.182213
Epoch 006 | Step 240 | lr=8.535534e-04 | loss=67.940765
Epoch 006 | Step 250 | lr=8.535534e-04 | loss=69.951706
Epoch 006 | Step 260 | lr=8.535534e-04 | loss=69.366898
Epoch 006 | Step 270 | lr=8.535534e-04 | loss=68.448639
Epoch 006 | Step 280 | lr=8.535534e-04 | loss=69.472054
Epoch 006 | Step 290 | lr=8.535534e-04 | loss=70.169724
Epoch 006 | Step 300 | lr=8.535534e-04 | loss=66.971214
Epoch 006 | Step 310 | lr=8.535534e-04 | loss=70.734016
Epoch 006 | Step 320 | lr=8.535534e-04 | loss=70.095345
Epoch 006 | Step 330 | lr=8.535534e-04 | loss=70.613464
Epoch 006 | Step 340 | lr=8.535534e-04 | loss=70.682716
Epoch 006 | Step 350 | lr=8.535534e-04 | loss=67.258484
Epoch 006 | Step 360 | lr=8.535534e-04 | loss=67.055862
Epoch 006 | Step 370 | lr=8.535534e-04 | loss=71.570190
Epoch 006 | Step 380 | lr=8.535534e-04 | loss=70.372360
Epoch 006 | Step 390 | lr=8.535534e-04 | loss=70.485214
Epoch 006 | Step 400 | lr=8.535534e-04 | loss=68.959061
Epoch 006 | Step 410 | lr=8.535534e-04 | loss=73.168167
Epoch 006 | Step 420 | lr=8.535534e-04 | loss=68.330643
Epoch 006 | Step 430 | lr=8.535534e-04 | loss=69.684944
Epoch 006 | Step 440 | lr=8.535534e-04 | loss=69.790115
Epoch 006 | Step 450 | lr=8.535534e-04 | loss=70.993073
Epoch 006 | Step 460 | lr=8.535534e-04 | loss=70.131256
Epoch 006 | Step 470 | lr=8.535534e-04 | loss=71.447083
Epoch 006 | Step 480 | lr=8.535534e-04 | loss=70.698105
Epoch 006 | Step 490 | lr=8.535534e-04 | loss=71.136719
Epoch 006 | Step 500 | lr=8.535534e-04 | loss=70.977684
Epoch 006 | Step 510 | lr=8.535534e-04 | loss=68.951370
Epoch 006 | Step 520 | lr=8.535534e-04 | loss=66.093994
Epoch 006 | Step 530 | lr=8.535534e-04 | loss=68.935974
Epoch 006 | Step 540 | lr=8.535534e-04 | loss=69.302765
Epoch 006 | Step 550 | lr=8.535534e-04 | loss=68.679482
Epoch 006 | Step 560 | lr=8.535534e-04 | loss=69.151436
Epoch 006 | Step 570 | lr=8.535534e-04 | loss=67.840736
Epoch 006 | Step 580 | lr=8.535534e-04 | loss=70.169724
Epoch 006 | Step 590 | lr=8.535534e-04 | loss=69.015488
Epoch 006 | Step 600 | lr=8.535534e-04 | loss=67.663757
Epoch 006 | Step 610 | lr=8.535534e-04 | loss=69.600304
Epoch 006 | Step 620 | lr=8.535534e-04 | loss=69.136047
Epoch 006 | Step 630 | lr=8.535534e-04 | loss=66.799362
Epoch 006 | Step 640 | lr=8.535534e-04 | loss=66.540298
Epoch 006 | Step 650 | lr=8.535534e-04 | loss=66.424873
Epoch 006 | Step 660 | lr=8.535534e-04 | loss=71.865166
Epoch 006 | Step 670 | lr=8.535534e-04 | loss=69.438705
Epoch 006 | Step 680 | lr=8.535534e-04 | loss=66.211983
Epoch 006 | Step 690 | lr=8.535534e-04 | loss=69.266853
Epoch 006 | Step 700 | lr=8.535534e-04 | loss=70.131248
Epoch 006 | Step 710 | lr=8.535534e-04 | loss=65.232162
Epoch 006 | Step 720 | lr=8.535534e-04 | loss=67.132805
Epoch 006 | Step 730 | lr=8.535534e-04 | loss=69.877319
Epoch 006 | Step 740 | lr=8.535534e-04 | loss=69.687508
Epoch 006 | Step 750 | lr=8.535534e-04 | loss=69.874756
Epoch 006 | Step 760 | lr=8.535534e-04 | loss=69.725983
Epoch 006 | Step 770 | lr=8.535534e-04 | loss=67.774048
Epoch 006 | Step 780 | lr=8.535534e-04 | loss=71.470161
Epoch 006 | Step 790 | lr=8.535534e-04 | loss=67.409821
Epoch 006 | Step 800 | lr=8.535534e-04 | loss=65.103912
Epoch 006 | Step 810 | lr=8.535534e-04 | loss=68.287041
Epoch 006 | Step 820 | lr=8.535534e-04 | loss=65.178299
Epoch 006 | Step 830 | lr=8.535534e-04 | loss=70.339012
Epoch 006 | Step 840 | lr=8.535534e-04 | loss=71.703568
Epoch 006 | Step 850 | lr=8.535534e-04 | loss=69.574646
Epoch 006 | Step 860 | lr=8.535534e-04 | loss=68.143402
Epoch 006 | Step 870 | lr=8.535534e-04 | loss=65.604080
Epoch 006 | Step 880 | lr=8.535534e-04 | loss=67.712486
Epoch 006 | Step 890 | lr=8.535534e-04 | loss=68.461456
Epoch 006 | Step 900 | lr=8.535534e-04 | loss=66.409485
Epoch 006 | Step 910 | lr=8.535534e-04 | loss=66.414612
Epoch 006 | Step 920 | lr=8.535534e-04 | loss=65.109047
Epoch 006 | Step 930 | lr=8.535534e-04 | loss=67.966415
Epoch 006 | Step 940 | lr=8.535534e-04 | loss=66.199158
Epoch 006 | Step 950 | lr=8.535534e-04 | loss=68.171616
Epoch 006 | Step 960 | lr=8.535534e-04 | loss=64.570412
epoch 006 | train_kld=68.879605 | val_kld=80.079018 | val_mae=0.014989 | val_mse=0.001653 | ord_acc@10=0.0181 | recall@10=0.1884
Epoch 007 | Step 10 | lr=7.938926e-04 | loss=67.491898
Epoch 007 | Step 20 | lr=7.938926e-04 | loss=67.004555
Epoch 007 | Step 30 | lr=7.938926e-04 | loss=67.632973
Epoch 007 | Step 40 | lr=7.938926e-04 | loss=69.089874
Epoch 007 | Step 50 | lr=7.938926e-04 | loss=68.499924
Epoch 007 | Step 60 | lr=7.938926e-04 | loss=67.307228
Epoch 007 | Step 70 | lr=7.938926e-04 | loss=68.112625
Epoch 007 | Step 80 | lr=7.938926e-04 | loss=70.454437
Epoch 007 | Step 90 | lr=7.938926e-04 | loss=66.022179
Epoch 007 | Step 100 | lr=7.938926e-04 | loss=67.884338
Epoch 007 | Step 110 | lr=7.938926e-04 | loss=67.379044
Epoch 007 | Step 120 | lr=7.938926e-04 | loss=68.435806
Epoch 007 | Step 130 | lr=7.938926e-04 | loss=65.863152
Epoch 007 | Step 140 | lr=7.938926e-04 | loss=65.796463
Epoch 007 | Step 150 | lr=7.938926e-04 | loss=67.230270
Epoch 007 | Step 160 | lr=7.938926e-04 | loss=67.779175
Epoch 007 | Step 170 | lr=7.938926e-04 | loss=65.668213
Epoch 007 | Step 180 | lr=7.938926e-04 | loss=66.278671
Epoch 007 | Step 190 | lr=7.938926e-04 | loss=67.273880
Epoch 007 | Step 200 | lr=7.938926e-04 | loss=66.966080
Epoch 007 | Step 210 | lr=7.938926e-04 | loss=67.945900
Epoch 007 | Step 220 | lr=7.938926e-04 | loss=67.507294
Epoch 007 | Step 230 | lr=7.938926e-04 | loss=67.776611
Epoch 007 | Step 240 | lr=7.938926e-04 | loss=68.292168
Epoch 007 | Step 250 | lr=7.938926e-04 | loss=65.970879
Epoch 007 | Step 260 | lr=7.938926e-04 | loss=67.320045
Epoch 007 | Step 270 | lr=7.938926e-04 | loss=64.711479
Epoch 007 | Step 280 | lr=7.938926e-04 | loss=68.623047
Epoch 007 | Step 290 | lr=7.938926e-04 | loss=65.555351
Epoch 007 | Step 300 | lr=7.938926e-04 | loss=68.661522
Epoch 007 | Step 310 | lr=7.938926e-04 | loss=65.065445
Epoch 007 | Step 320 | lr=7.938926e-04 | loss=67.207191
Epoch 007 | Step 330 | lr=7.938926e-04 | loss=68.417847
Epoch 007 | Step 340 | lr=7.938926e-04 | loss=65.816978
Epoch 007 | Step 350 | lr=7.938926e-04 | loss=67.886902
Epoch 007 | Step 360 | lr=7.938926e-04 | loss=65.806717
Epoch 007 | Step 370 | lr=7.938926e-04 | loss=70.541641
Epoch 007 | Step 380 | lr=7.938926e-04 | loss=67.797134
Epoch 007 | Step 390 | lr=7.938926e-04 | loss=68.435806
Epoch 007 | Step 400 | lr=7.938926e-04 | loss=66.535164
Epoch 007 | Step 410 | lr=7.938926e-04 | loss=67.199493
Epoch 007 | Step 420 | lr=7.938926e-04 | loss=64.729439
Epoch 007 | Step 430 | lr=7.938926e-04 | loss=66.583908
Epoch 007 | Step 440 | lr=7.938926e-04 | loss=70.131248
Epoch 007 | Step 450 | lr=7.938926e-04 | loss=63.841957
Epoch 007 | Step 460 | lr=7.938926e-04 | loss=67.830475
Epoch 007 | Step 470 | lr=7.938926e-04 | loss=66.768578
Epoch 007 | Step 480 | lr=7.938926e-04 | loss=65.634872
Epoch 007 | Step 490 | lr=7.938926e-04 | loss=64.942329
Epoch 007 | Step 500 | lr=7.938926e-04 | loss=64.839729
Epoch 007 | Step 510 | lr=7.938926e-04 | loss=64.944893
Epoch 007 | Step 520 | lr=7.938926e-04 | loss=64.206184
Epoch 007 | Step 530 | lr=7.938926e-04 | loss=65.427109
Epoch 007 | Step 540 | lr=7.938926e-04 | loss=65.616913
Epoch 007 | Step 550 | lr=7.938926e-04 | loss=65.473274
Epoch 007 | Step 560 | lr=7.938926e-04 | loss=68.346031
Epoch 007 | Step 570 | lr=7.938926e-04 | loss=64.398560
Epoch 007 | Step 580 | lr=7.938926e-04 | loss=66.763451
Epoch 007 | Step 590 | lr=7.938926e-04 | loss=64.549889
Epoch 007 | Step 600 | lr=7.938926e-04 | loss=66.427444
Epoch 007 | Step 610 | lr=7.938926e-04 | loss=67.307220
Epoch 007 | Step 620 | lr=7.938926e-04 | loss=67.148193
Epoch 007 | Step 630 | lr=7.938926e-04 | loss=70.038910
Epoch 007 | Step 640 | lr=7.938926e-04 | loss=66.201721
Epoch 007 | Step 650 | lr=7.938926e-04 | loss=65.244995
Epoch 007 | Step 660 | lr=7.938926e-04 | loss=65.398895
Epoch 007 | Step 670 | lr=7.938926e-04 | loss=64.960281
Epoch 007 | Step 680 | lr=7.938926e-04 | loss=67.440598
Epoch 007 | Step 690 | lr=7.938926e-04 | loss=67.353394
Epoch 007 | Step 700 | lr=7.938926e-04 | loss=65.434799
Epoch 007 | Step 710 | lr=7.938926e-04 | loss=67.337997
Epoch 007 | Step 720 | lr=7.938926e-04 | loss=66.907089
Epoch 007 | Step 730 | lr=7.938926e-04 | loss=67.225143
Epoch 007 | Step 740 | lr=7.938926e-04 | loss=66.468483
Epoch 007 | Step 750 | lr=7.938926e-04 | loss=64.311340
Epoch 007 | Step 760 | lr=7.938926e-04 | loss=63.880428
Epoch 007 | Step 770 | lr=7.938926e-04 | loss=65.319382
Epoch 007 | Step 780 | lr=7.938926e-04 | loss=65.934967
Epoch 007 | Step 790 | lr=7.938926e-04 | loss=66.583908
Epoch 007 | Step 800 | lr=7.938926e-04 | loss=66.414619
Epoch 007 | Step 810 | lr=7.938926e-04 | loss=67.058426
Epoch 007 | Step 820 | lr=7.938926e-04 | loss=64.711479
Epoch 007 | Step 830 | lr=7.938926e-04 | loss=65.522011
Epoch 007 | Step 840 | lr=7.938926e-04 | loss=63.703449
Epoch 007 | Step 850 | lr=7.938926e-04 | loss=65.096222
Epoch 007 | Step 860 | lr=7.938926e-04 | loss=63.829132
Epoch 007 | Step 870 | lr=7.938926e-04 | loss=67.117416
Epoch 007 | Step 880 | lr=7.938926e-04 | loss=61.897713
Epoch 007 | Step 890 | lr=7.938926e-04 | loss=63.208412
Epoch 007 | Step 900 | lr=7.938926e-04 | loss=62.287590
Epoch 007 | Step 910 | lr=7.938926e-04 | loss=65.188568
Epoch 007 | Step 920 | lr=7.938926e-04 | loss=64.254913
Epoch 007 | Step 930 | lr=7.938926e-04 | loss=65.352722
Epoch 007 | Step 940 | lr=7.938926e-04 | loss=66.578773
Epoch 007 | Step 950 | lr=7.938926e-04 | loss=63.198151
Epoch 007 | Step 960 | lr=7.938926e-04 | loss=64.380600
epoch 007 | train_kld=66.354370 | val_kld=75.702968 | val_mae=0.014989 | val_mse=0.001653 | ord_acc@10=0.0183 | recall@10=0.1889
Epoch 008 | Step 10 | lr=7.269952e-04 | loss=63.544426
Epoch 008 | Step 20 | lr=7.269952e-04 | loss=62.874962
Epoch 008 | Step 30 | lr=7.269952e-04 | loss=65.570747
Epoch 008 | Step 40 | lr=7.269952e-04 | loss=65.652824
Epoch 008 | Step 50 | lr=7.269952e-04 | loss=63.234058
Epoch 008 | Step 60 | lr=7.269952e-04 | loss=65.545090
Epoch 008 | Step 70 | lr=7.269952e-04 | loss=63.169937
Epoch 008 | Step 80 | lr=7.269952e-04 | loss=60.766567
Epoch 008 | Step 90 | lr=7.269952e-04 | loss=64.906418
Epoch 008 | Step 100 | lr=7.269952e-04 | loss=66.430008
Epoch 008 | Step 110 | lr=7.269952e-04 | loss=62.105476
Epoch 008 | Step 120 | lr=7.269952e-04 | loss=63.936859
Epoch 008 | Step 130 | lr=7.269952e-04 | loss=64.098450
Epoch 008 | Step 140 | lr=7.269952e-04 | loss=62.387619
Epoch 008 | Step 150 | lr=7.269952e-04 | loss=65.773376
Epoch 008 | Step 160 | lr=7.269952e-04 | loss=64.347260
Epoch 008 | Step 170 | lr=7.269952e-04 | loss=63.906082
Epoch 008 | Step 180 | lr=7.269952e-04 | loss=65.142395
Epoch 008 | Step 190 | lr=7.269952e-04 | loss=62.497917
Epoch 008 | Step 200 | lr=7.269952e-04 | loss=64.821777
Epoch 008 | Step 210 | lr=7.269952e-04 | loss=64.526802
Epoch 008 | Step 220 | lr=7.269952e-04 | loss=64.578110
Epoch 008 | Step 230 | lr=7.269952e-04 | loss=66.565948
Epoch 008 | Step 240 | lr=7.269952e-04 | loss=64.572968
Epoch 008 | Step 250 | lr=7.269952e-04 | loss=64.301086
Epoch 008 | Step 260 | lr=7.269952e-04 | loss=63.539291
Epoch 008 | Step 270 | lr=7.269952e-04 | loss=61.056408
Epoch 008 | Step 280 | lr=7.269952e-04 | loss=65.047485
Epoch 008 | Step 290 | lr=7.269952e-04 | loss=64.839729
Epoch 008 | Step 300 | lr=7.269952e-04 | loss=65.411713
Epoch 008 | Step 310 | lr=7.269952e-04 | loss=64.814079
Epoch 008 | Step 320 | lr=7.269952e-04 | loss=62.818535
Epoch 008 | Step 330 | lr=7.269952e-04 | loss=65.814415
Epoch 008 | Step 340 | lr=7.269952e-04 | loss=63.916344
Epoch 008 | Step 350 | lr=7.269952e-04 | loss=64.103577
Epoch 008 | Step 360 | lr=7.269952e-04 | loss=62.200378
Epoch 008 | Step 370 | lr=7.269952e-04 | loss=63.788094
Epoch 008 | Step 380 | lr=7.269952e-04 | loss=67.168716
Epoch 008 | Step 390 | lr=7.269952e-04 | loss=65.801590
Epoch 008 | Step 400 | lr=7.269952e-04 | loss=64.578102
Epoch 008 | Step 410 | lr=7.269952e-04 | loss=62.149082
Epoch 008 | Step 420 | lr=7.269952e-04 | loss=59.630287
Epoch 008 | Step 430 | lr=7.269952e-04 | loss=63.621372
Epoch 008 | Step 440 | lr=7.269952e-04 | loss=60.379257
Epoch 008 | Step 450 | lr=7.269952e-04 | loss=58.955704
Epoch 008 | Step 460 | lr=7.269952e-04 | loss=60.969196
Epoch 008 | Step 470 | lr=7.269952e-04 | loss=64.665306
Epoch 008 | Step 480 | lr=7.269952e-04 | loss=63.290489
Epoch 008 | Step 490 | lr=7.269952e-04 | loss=62.641556
Epoch 008 | Step 500 | lr=7.269952e-04 | loss=62.754410
Epoch 008 | Step 510 | lr=7.269952e-04 | loss=65.042358
Epoch 008 | Step 520 | lr=7.269952e-04 | loss=63.154549
Epoch 008 | Step 530 | lr=7.269952e-04 | loss=65.155212
Epoch 008 | Step 540 | lr=7.269952e-04 | loss=64.288254
Epoch 008 | Step 550 | lr=7.269952e-04 | loss=60.086849
Epoch 008 | Step 560 | lr=7.269952e-04 | loss=62.354279
Epoch 008 | Step 570 | lr=7.269952e-04 | loss=65.514313
Epoch 008 | Step 580 | lr=7.269952e-04 | loss=65.655380
Epoch 008 | Step 590 | lr=7.269952e-04 | loss=61.574532
Epoch 008 | Step 600 | lr=7.269952e-04 | loss=60.150974
Epoch 008 | Step 610 | lr=7.269952e-04 | loss=65.547653
Epoch 008 | Step 620 | lr=7.269952e-04 | loss=64.252357
Epoch 008 | Step 630 | lr=7.269952e-04 | loss=61.374466
Epoch 008 | Step 640 | lr=7.269952e-04 | loss=61.161568
Epoch 008 | Step 650 | lr=7.269952e-04 | loss=63.349483
Epoch 008 | Step 660 | lr=7.269952e-04 | loss=65.457886
Epoch 008 | Step 670 | lr=7.269952e-04 | loss=64.249786
Epoch 008 | Step 680 | lr=7.269952e-04 | loss=62.744152
Epoch 008 | Step 690 | lr=7.269952e-04 | loss=64.242088
Epoch 008 | Step 700 | lr=7.269952e-04 | loss=63.359741
Epoch 008 | Step 710 | lr=7.269952e-04 | loss=61.536053
Epoch 008 | Step 720 | lr=7.269952e-04 | loss=62.623600
Epoch 008 | Step 730 | lr=7.269952e-04 | loss=63.085289
Epoch 008 | Step 740 | lr=7.269952e-04 | loss=58.563263
Epoch 008 | Step 750 | lr=7.269952e-04 | loss=64.670441
Epoch 008 | Step 760 | lr=7.269952e-04 | loss=60.315132
Epoch 008 | Step 770 | lr=7.269952e-04 | loss=61.969536
Epoch 008 | Step 780 | lr=7.269952e-04 | loss=60.348476
Epoch 008 | Step 790 | lr=7.269952e-04 | loss=63.516205
Epoch 008 | Step 800 | lr=7.269952e-04 | loss=65.134705
Epoch 008 | Step 810 | lr=7.269952e-04 | loss=61.094879
Epoch 008 | Step 820 | lr=7.269952e-04 | loss=61.784855
Epoch 008 | Step 830 | lr=7.269952e-04 | loss=61.569401
Epoch 008 | Step 840 | lr=7.269952e-04 | loss=64.624268
Epoch 008 | Step 850 | lr=7.269952e-04 | loss=65.565613
Epoch 008 | Step 860 | lr=7.269952e-04 | loss=62.769798
Epoch 008 | Step 870 | lr=7.269952e-04 | loss=62.608208
Epoch 008 | Step 880 | lr=7.269952e-04 | loss=58.342674
Epoch 008 | Step 890 | lr=7.269952e-04 | loss=62.154209
Epoch 008 | Step 900 | lr=7.269952e-04 | loss=61.892586
Epoch 008 | Step 910 | lr=7.269952e-04 | loss=61.497581
Epoch 008 | Step 920 | lr=7.269952e-04 | loss=59.771355
Epoch 008 | Step 930 | lr=7.269952e-04 | loss=60.320259
Epoch 008 | Step 940 | lr=7.269952e-04 | loss=60.543415
Epoch 008 | Step 950 | lr=7.269952e-04 | loss=60.553673
Epoch 008 | Step 960 | lr=7.269952e-04 | loss=61.225693
epoch 008 | train_kld=63.548694 | val_kld=70.207230 | val_mae=0.014989 | val_mse=0.001653 | ord_acc@10=0.0183 | recall@10=0.1892
Epoch 009 | Step 10 | lr=6.545085e-04 | loss=62.082390
Epoch 009 | Step 20 | lr=6.545085e-04 | loss=62.172165
Epoch 009 | Step 30 | lr=6.545085e-04 | loss=63.226368
Epoch 009 | Step 40 | lr=6.545085e-04 | loss=61.848984
Epoch 009 | Step 50 | lr=6.545085e-04 | loss=61.320599
Epoch 009 | Step 60 | lr=6.545085e-04 | loss=60.620361
Epoch 009 | Step 70 | lr=6.545085e-04 | loss=61.589920
Epoch 009 | Step 80 | lr=6.545085e-04 | loss=64.247223
Epoch 009 | Step 90 | lr=6.545085e-04 | loss=60.876858
Epoch 009 | Step 100 | lr=6.545085e-04 | loss=63.444386
Epoch 009 | Step 110 | lr=6.545085e-04 | loss=60.661404
Epoch 009 | Step 120 | lr=6.545085e-04 | loss=63.208412
Epoch 009 | Step 130 | lr=6.545085e-04 | loss=60.551109
Epoch 009 | Step 140 | lr=6.545085e-04 | loss=61.733559
Epoch 009 | Step 150 | lr=6.545085e-04 | loss=60.145844
Epoch 009 | Step 160 | lr=6.545085e-04 | loss=64.547318
Epoch 009 | Step 170 | lr=6.545085e-04 | loss=61.218002
Epoch 009 | Step 180 | lr=6.545085e-04 | loss=61.051273
Epoch 009 | Step 190 | lr=6.545085e-04 | loss=58.948006
Epoch 009 | Step 200 | lr=6.545085e-04 | loss=61.715603
Epoch 009 | Step 210 | lr=6.545085e-04 | loss=60.635750
Epoch 009 | Step 220 | lr=6.545085e-04 | loss=60.604973
Epoch 009 | Step 230 | lr=6.545085e-04 | loss=63.326401
Epoch 009 | Step 240 | lr=6.545085e-04 | loss=63.485428
Epoch 009 | Step 250 | lr=6.545085e-04 | loss=64.624268
Epoch 009 | Step 260 | lr=6.545085e-04 | loss=60.438248
Epoch 009 | Step 270 | lr=6.545085e-04 | loss=60.440815
Epoch 009 | Step 280 | lr=6.545085e-04 | loss=62.810844
Epoch 009 | Step 290 | lr=6.545085e-04 | loss=63.075035
Epoch 009 | Step 300 | lr=6.545085e-04 | loss=63.026302
Epoch 009 | Step 310 | lr=6.545085e-04 | loss=60.471596
Epoch 009 | Step 320 | lr=6.545085e-04 | loss=59.396873
Epoch 009 | Step 330 | lr=6.545085e-04 | loss=60.948677
Epoch 009 | Step 340 | lr=6.545085e-04 | loss=60.238182
Epoch 009 | Step 350 | lr=6.545085e-04 | loss=58.842842
Epoch 009 | Step 360 | lr=6.545085e-04 | loss=61.761772
Epoch 009 | Step 370 | lr=6.545085e-04 | loss=61.128223
Epoch 009 | Step 380 | lr=6.545085e-04 | loss=64.855118
Epoch 009 | Step 390 | lr=6.545085e-04 | loss=59.822659
Epoch 009 | Step 400 | lr=6.545085e-04 | loss=59.979118
Epoch 009 | Step 410 | lr=6.545085e-04 | loss=61.171829
Epoch 009 | Step 420 | lr=6.545085e-04 | loss=61.469368
Epoch 009 | Step 430 | lr=6.545085e-04 | loss=61.274429
Epoch 009 | Step 440 | lr=6.545085e-04 | loss=62.659508
Epoch 009 | Step 450 | lr=6.545085e-04 | loss=58.878754
Epoch 009 | Step 460 | lr=6.545085e-04 | loss=62.074699
Epoch 009 | Step 470 | lr=6.545085e-04 | loss=62.405579
Epoch 009 | Step 480 | lr=6.545085e-04 | loss=63.603416
Epoch 009 | Step 490 | lr=6.545085e-04 | loss=60.838387
Epoch 009 | Step 500 | lr=6.545085e-04 | loss=63.457214
Epoch 009 | Step 510 | lr=6.545085e-04 | loss=60.587021
Epoch 009 | Step 520 | lr=6.545085e-04 | loss=62.744148
Epoch 009 | Step 530 | lr=6.545085e-04 | loss=59.181419
Epoch 009 | Step 540 | lr=6.545085e-04 | loss=60.574192
Epoch 009 | Step 550 | lr=6.545085e-04 | loss=62.482525
Epoch 009 | Step 560 | lr=6.545085e-04 | loss=61.266731
Epoch 009 | Step 570 | lr=6.545085e-04 | loss=63.439255
Epoch 009 | Step 580 | lr=6.545085e-04 | loss=61.713036
Epoch 009 | Step 590 | lr=6.545085e-04 | loss=61.066666
Epoch 009 | Step 600 | lr=6.545085e-04 | loss=60.302307
Epoch 009 | Step 610 | lr=6.545085e-04 | loss=62.823669
Epoch 009 | Step 620 | lr=6.545085e-04 | loss=62.741589
Epoch 009 | Step 630 | lr=6.545085e-04 | loss=62.795448
Epoch 009 | Step 640 | lr=6.545085e-04 | loss=62.123432
Epoch 009 | Step 650 | lr=6.545085e-04 | loss=58.301636
Epoch 009 | Step 660 | lr=6.545085e-04 | loss=61.392418
Epoch 009 | Step 670 | lr=6.545085e-04 | loss=61.797684
Epoch 009 | Step 680 | lr=6.545085e-04 | loss=60.150970
Epoch 009 | Step 690 | lr=6.545085e-04 | loss=59.343010
Epoch 009 | Step 700 | lr=6.545085e-04 | loss=59.160896
Epoch 009 | Step 710 | lr=6.545085e-04 | loss=59.830353
Epoch 009 | Step 720 | lr=6.545085e-04 | loss=57.901497
Epoch 009 | Step 730 | lr=6.545085e-04 | loss=59.930382
Epoch 009 | Step 740 | lr=6.545085e-04 | loss=61.936188
Epoch 009 | Step 750 | lr=6.545085e-04 | loss=58.460663
Epoch 009 | Step 760 | lr=6.545085e-04 | loss=61.625828
Epoch 009 | Step 770 | lr=6.545085e-04 | loss=61.141052
Epoch 009 | Step 780 | lr=6.545085e-04 | loss=60.992283
Epoch 009 | Step 790 | lr=6.545085e-04 | loss=62.951916
Epoch 009 | Step 800 | lr=6.545085e-04 | loss=61.766899
Epoch 009 | Step 810 | lr=6.545085e-04 | loss=59.920128
Epoch 009 | Step 820 | lr=6.545085e-04 | loss=59.450737
Epoch 009 | Step 830 | lr=6.545085e-04 | loss=60.722961
Epoch 009 | Step 840 | lr=6.545085e-04 | loss=59.519993
Epoch 009 | Step 850 | lr=6.545085e-04 | loss=60.120193
Epoch 009 | Step 860 | lr=6.545085e-04 | loss=59.566162
Epoch 009 | Step 870 | lr=6.545085e-04 | loss=61.343681
Epoch 009 | Step 880 | lr=6.545085e-04 | loss=58.496574
Epoch 009 | Step 890 | lr=6.545085e-04 | loss=59.007000
Epoch 009 | Step 900 | lr=6.545085e-04 | loss=61.369331
Epoch 009 | Step 910 | lr=6.545085e-04 | loss=60.289482
Epoch 009 | Step 920 | lr=6.545085e-04 | loss=58.568390
Epoch 009 | Step 930 | lr=6.545085e-04 | loss=61.651478
Epoch 009 | Step 940 | lr=6.545085e-04 | loss=58.886444
Epoch 009 | Step 950 | lr=6.545085e-04 | loss=58.486313
Epoch 009 | Step 960 | lr=6.545085e-04 | loss=57.147400
epoch 009 | train_kld=61.143438 | val_kld=64.222172 | val_mae=0.014989 | val_mse=0.001653 | ord_acc@10=0.0186 | recall@10=0.1900
Epoch 010 | Step 10 | lr=5.782172e-04 | loss=58.073353
Epoch 010 | Step 20 | lr=5.782172e-04 | loss=59.950905
Epoch 010 | Step 30 | lr=5.782172e-04 | loss=58.237511
Epoch 010 | Step 40 | lr=5.782172e-04 | loss=57.329514
Epoch 010 | Step 50 | lr=5.782172e-04 | loss=56.518982
Epoch 010 | Step 60 | lr=5.782172e-04 | loss=60.756306
Epoch 010 | Step 70 | lr=5.782172e-04 | loss=58.806931
Epoch 010 | Step 80 | lr=5.782172e-04 | loss=59.053169
Epoch 010 | Step 90 | lr=5.782172e-04 | loss=58.976219
Epoch 010 | Step 100 | lr=5.782172e-04 | loss=61.405243
Epoch 010 | Step 110 | lr=5.782172e-04 | loss=61.887455
Epoch 010 | Step 120 | lr=5.782172e-04 | loss=59.668762
Epoch 010 | Step 130 | lr=5.782172e-04 | loss=59.663628
Epoch 010 | Step 140 | lr=5.782172e-04 | loss=58.401669
Epoch 010 | Step 150 | lr=5.782172e-04 | loss=57.611660
Epoch 010 | Step 160 | lr=5.782172e-04 | loss=61.171833
Epoch 010 | Step 170 | lr=5.782172e-04 | loss=60.620361
Epoch 010 | Step 180 | lr=5.782172e-04 | loss=57.742474
Epoch 010 | Step 190 | lr=5.782172e-04 | loss=58.558136
Epoch 010 | Step 200 | lr=5.782172e-04 | loss=57.373116
Epoch 010 | Step 210 | lr=5.782172e-04 | loss=58.137478
Epoch 010 | Step 220 | lr=5.782172e-04 | loss=59.407135
Epoch 010 | Step 230 | lr=5.782172e-04 | loss=59.358398
Epoch 010 | Step 240 | lr=5.782172e-04 | loss=58.491444
Epoch 010 | Step 250 | lr=5.782172e-04 | loss=58.070789
Epoch 010 | Step 260 | lr=5.782172e-04 | loss=58.583778
Epoch 010 | Step 270 | lr=5.782172e-04 | loss=57.203835
Epoch 010 | Step 280 | lr=5.782172e-04 | loss=57.547539
Epoch 010 | Step 290 | lr=5.782172e-04 | loss=55.934174
Epoch 010 | Step 300 | lr=5.782172e-04 | loss=57.880981
Epoch 010 | Step 310 | lr=5.782172e-04 | loss=57.324387
Epoch 010 | Step 320 | lr=5.782172e-04 | loss=57.747604
Epoch 010 | Step 330 | lr=5.782172e-04 | loss=57.160225
Epoch 010 | Step 340 | lr=5.782172e-04 | loss=58.291374
Epoch 010 | Step 350 | lr=5.782172e-04 | loss=58.224686
Epoch 010 | Step 360 | lr=5.782172e-04 | loss=56.354828
Epoch 010 | Step 370 | lr=5.782172e-04 | loss=58.168259
Epoch 010 | Step 380 | lr=5.782172e-04 | loss=57.863026
Epoch 010 | Step 390 | lr=5.782172e-04 | loss=60.989716
Epoch 010 | Step 400 | lr=5.782172e-04 | loss=57.724518
Epoch 010 | Step 410 | lr=5.782172e-04 | loss=56.934509
Epoch 010 | Step 420 | lr=5.782172e-04 | loss=57.478279
Epoch 010 | Step 430 | lr=5.782172e-04 | loss=58.570957
Epoch 010 | Step 440 | lr=5.782172e-04 | loss=59.402000
Epoch 010 | Step 450 | lr=5.782172e-04 | loss=59.835484
Epoch 010 | Step 460 | lr=5.782172e-04 | loss=60.430557
Epoch 010 | Step 470 | lr=5.782172e-04 | loss=59.299408
Epoch 010 | Step 480 | lr=5.782172e-04 | loss=58.396538
Epoch 010 | Step 490 | lr=5.782172e-04 | loss=58.140041
Epoch 010 | Step 500 | lr=5.782172e-04 | loss=57.560364
Epoch 010 | Step 510 | lr=5.782172e-04 | loss=59.107033
Epoch 010 | Step 520 | lr=5.782172e-04 | loss=54.854324
Epoch 010 | Step 530 | lr=5.782172e-04 | loss=55.482742
Epoch 010 | Step 540 | lr=5.782172e-04 | loss=57.178177
Epoch 010 | Step 550 | lr=5.782172e-04 | loss=60.469028
Epoch 010 | Step 560 | lr=5.782172e-04 | loss=58.535046
Epoch 010 | Step 570 | lr=5.782172e-04 | loss=56.306091
Epoch 010 | Step 580 | lr=5.782172e-04 | loss=56.539505
Epoch 010 | Step 590 | lr=5.782172e-04 | loss=56.539505
Epoch 010 | Step 600 | lr=5.782172e-04 | loss=58.658165
Epoch 010 | Step 610 | lr=5.782172e-04 | loss=59.602074
Epoch 010 | Step 620 | lr=5.782172e-04 | loss=58.186211
Epoch 010 | Step 630 | lr=5.782172e-04 | loss=55.652027
Epoch 010 | Step 640 | lr=5.782172e-04 | loss=57.350037
Epoch 010 | Step 650 | lr=5.782172e-04 | loss=57.124313
Epoch 010 | Step 660 | lr=5.782172e-04 | loss=55.667416
Epoch 010 | Step 670 | lr=5.782172e-04 | loss=59.504601
Epoch 010 | Step 680 | lr=5.782172e-04 | loss=56.865257
Epoch 010 | Step 690 | lr=5.782172e-04 | loss=57.693737
Epoch 010 | Step 700 | lr=5.782172e-04 | loss=54.143829
Epoch 010 | Step 710 | lr=5.782172e-04 | loss=57.960495
Epoch 010 | Step 720 | lr=5.782172e-04 | loss=54.223343
Epoch 010 | Step 730 | lr=5.782172e-04 | loss=59.643112
Epoch 010 | Step 740 | lr=5.782172e-04 | loss=55.392967
Epoch 010 | Step 750 | lr=5.782172e-04 | loss=53.551323
Epoch 010 | Step 760 | lr=5.782172e-04 | loss=54.154091
Epoch 010 | Step 770 | lr=5.782172e-04 | loss=56.919121
Epoch 010 | Step 780 | lr=5.782172e-04 | loss=55.700760
Epoch 010 | Step 790 | lr=5.782172e-04 | loss=57.080711
Epoch 010 | Step 800 | lr=5.782172e-04 | loss=56.967857
Epoch 010 | Step 810 | lr=5.782172e-04 | loss=54.264381
Epoch 010 | Step 820 | lr=5.782172e-04 | loss=53.569275
Epoch 010 | Step 830 | lr=5.782172e-04 | loss=54.297729
Epoch 010 | Step 840 | lr=5.782172e-04 | loss=54.918446
Epoch 010 | Step 850 | lr=5.782172e-04 | loss=55.944435
Epoch 010 | Step 860 | lr=5.782172e-04 | loss=56.295834
Epoch 010 | Step 870 | lr=5.782172e-04 | loss=57.019154
Epoch 010 | Step 880 | lr=5.782172e-04 | loss=57.180748
Epoch 010 | Step 890 | lr=5.782172e-04 | loss=56.634407
Epoch 010 | Step 900 | lr=5.782172e-04 | loss=55.333969
Epoch 010 | Step 910 | lr=5.782172e-04 | loss=57.737343
Epoch 010 | Step 920 | lr=5.782172e-04 | loss=55.793102
Epoch 010 | Step 930 | lr=5.782172e-04 | loss=59.830353
Epoch 010 | Step 940 | lr=5.782172e-04 | loss=52.366310
Epoch 010 | Step 950 | lr=5.782172e-04 | loss=55.375008
Epoch 010 | Step 960 | lr=5.782172e-04 | loss=54.182304
epoch 010 | train_kld=57.573175 | val_kld=51.023103 | val_mae=0.014989 | val_mse=0.001653 | ord_acc@10=0.0183 | recall@10=0.1899
Epoch 011 | Step 10 | lr=5.000000e-04 | loss=53.553886
Epoch 011 | Step 20 | lr=5.000000e-04 | loss=54.364418
Epoch 011 | Step 30 | lr=5.000000e-04 | loss=52.068771
Epoch 011 | Step 40 | lr=5.000000e-04 | loss=54.528572
Epoch 011 | Step 50 | lr=5.000000e-04 | loss=56.798569
Epoch 011 | Step 60 | lr=5.000000e-04 | loss=54.667080
Epoch 011 | Step 70 | lr=5.000000e-04 | loss=51.286461
Epoch 011 | Step 80 | lr=5.000000e-04 | loss=51.404446
Epoch 011 | Step 90 | lr=5.000000e-04 | loss=54.826111
Epoch 011 | Step 100 | lr=5.000000e-04 | loss=54.397758
Epoch 011 | Step 110 | lr=5.000000e-04 | loss=56.719055
Epoch 011 | Step 120 | lr=5.000000e-04 | loss=51.884094
Epoch 011 | Step 130 | lr=5.000000e-04 | loss=54.313118
Epoch 011 | Step 140 | lr=5.000000e-04 | loss=54.390064
Epoch 011 | Step 150 | lr=5.000000e-04 | loss=55.487869
Epoch 011 | Step 160 | lr=5.000000e-04 | loss=53.358948
Epoch 011 | Step 170 | lr=5.000000e-04 | loss=52.335529
Epoch 011 | Step 180 | lr=5.000000e-04 | loss=54.767113
Epoch 011 | Step 190 | lr=5.000000e-04 | loss=54.467014
Epoch 011 | Step 200 | lr=5.000000e-04 | loss=52.320137
Epoch 011 | Step 210 | lr=5.000000e-04 | loss=53.443596
Epoch 011 | Step 220 | lr=5.000000e-04 | loss=48.888218
Epoch 011 | Step 230 | lr=5.000000e-04 | loss=53.030636
Epoch 011 | Step 240 | lr=5.000000e-04 | loss=54.561920
Epoch 011 | Step 250 | lr=5.000000e-04 | loss=54.502922
Epoch 011 | Step 260 | lr=5.000000e-04 | loss=54.192562
Epoch 011 | Step 270 | lr=5.000000e-04 | loss=53.584667
Epoch 011 | Step 280 | lr=5.000000e-04 | loss=49.219097
Epoch 011 | Step 290 | lr=5.000000e-04 | loss=55.916218
Epoch 011 | Step 300 | lr=5.000000e-04 | loss=51.784061
Epoch 011 | Step 310 | lr=5.000000e-04 | loss=52.766441
Epoch 011 | Step 320 | lr=5.000000e-04 | loss=54.677341
Epoch 011 | Step 330 | lr=5.000000e-04 | loss=53.033195
Epoch 011 | Step 340 | lr=5.000000e-04 | loss=53.010117
Epoch 011 | Step 350 | lr=5.000000e-04 | loss=51.550652
Epoch 011 | Step 360 | lr=5.000000e-04 | loss=50.737556
Epoch 011 | Step 370 | lr=5.000000e-04 | loss=53.261482
Epoch 011 | Step 380 | lr=5.000000e-04 | loss=50.614437
Epoch 011 | Step 390 | lr=5.000000e-04 | loss=51.619904
Epoch 011 | Step 400 | lr=5.000000e-04 | loss=51.194118
Epoch 011 | Step 410 | lr=5.000000e-04 | loss=53.097321
Epoch 011 | Step 420 | lr=5.000000e-04 | loss=50.283558
Epoch 011 | Step 430 | lr=5.000000e-04 | loss=51.045349
Epoch 011 | Step 440 | lr=5.000000e-04 | loss=51.684029
Epoch 011 | Step 450 | lr=5.000000e-04 | loss=52.789528
Epoch 011 | Step 460 | lr=5.000000e-04 | loss=51.607079
Epoch 011 | Step 470 | lr=5.000000e-04 | loss=48.844612
Epoch 011 | Step 480 | lr=5.000000e-04 | loss=50.932495
Epoch 011 | Step 490 | lr=5.000000e-04 | loss=48.305969
Epoch 011 | Step 500 | lr=5.000000e-04 | loss=49.706444
Epoch 011 | Step 510 | lr=5.000000e-04 | loss=50.942753
Epoch 011 | Step 520 | lr=5.000000e-04 | loss=51.576298
Epoch 011 | Step 530 | lr=5.000000e-04 | loss=52.671539
Epoch 011 | Step 540 | lr=5.000000e-04 | loss=50.132225
Epoch 011 | Step 550 | lr=5.000000e-04 | loss=49.206272
Epoch 011 | Step 560 | lr=5.000000e-04 | loss=53.712914
Epoch 011 | Step 570 | lr=5.000000e-04 | loss=46.666958
Epoch 011 | Step 580 | lr=5.000000e-04 | loss=49.770561
Epoch 011 | Step 590 | lr=5.000000e-04 | loss=49.770561
Epoch 011 | Step 600 | lr=5.000000e-04 | loss=50.155308
Epoch 011 | Step 610 | lr=5.000000e-04 | loss=48.067429
Epoch 011 | Step 620 | lr=5.000000e-04 | loss=51.340321
Epoch 011 | Step 630 | lr=5.000000e-04 | loss=49.501244
Epoch 011 | Step 640 | lr=5.000000e-04 | loss=48.134117
Epoch 011 | Step 650 | lr=5.000000e-04 | loss=49.339653
Epoch 011 | Step 660 | lr=5.000000e-04 | loss=49.744911
Epoch 011 | Step 670 | lr=5.000000e-04 | loss=50.470802
Epoch 011 | Step 680 | lr=5.000000e-04 | loss=51.291588
Epoch 011 | Step 690 | lr=5.000000e-04 | loss=50.627258
Epoch 011 | Step 700 | lr=5.000000e-04 | loss=48.390617
Epoch 011 | Step 710 | lr=5.000000e-04 | loss=46.561794
Epoch 011 | Step 720 | lr=5.000000e-04 | loss=48.908737
Epoch 011 | Step 730 | lr=5.000000e-04 | loss=50.037323
Epoch 011 | Step 740 | lr=5.000000e-04 | loss=47.539047
Epoch 011 | Step 750 | lr=5.000000e-04 | loss=48.423958
Epoch 011 | Step 760 | lr=5.000000e-04 | loss=47.913528
Epoch 011 | Step 770 | lr=5.000000e-04 | loss=48.729187
Epoch 011 | Step 780 | lr=5.000000e-04 | loss=47.523659
Epoch 011 | Step 790 | lr=5.000000e-04 | loss=49.257572
Epoch 011 | Step 800 | lr=5.000000e-04 | loss=45.953896
Epoch 011 | Step 810 | lr=5.000000e-04 | loss=47.605736
Epoch 011 | Step 820 | lr=5.000000e-04 | loss=47.415928
Epoch 011 | Step 830 | lr=5.000000e-04 | loss=45.889771
Epoch 011 | Step 840 | lr=5.000000e-04 | loss=49.498680
Epoch 011 | Step 850 | lr=5.000000e-04 | loss=49.793648
Epoch 011 | Step 860 | lr=5.000000e-04 | loss=48.790749
Epoch 011 | Step 870 | lr=5.000000e-04 | loss=48.241844
Epoch 011 | Step 880 | lr=5.000000e-04 | loss=48.695847
Epoch 011 | Step 890 | lr=5.000000e-04 | loss=46.995274
Epoch 011 | Step 900 | lr=5.000000e-04 | loss=48.267494
Epoch 011 | Step 910 | lr=5.000000e-04 | loss=47.905838
Epoch 011 | Step 920 | lr=5.000000e-04 | loss=48.139248
Epoch 011 | Step 930 | lr=5.000000e-04 | loss=46.656700
Epoch 011 | Step 940 | lr=5.000000e-04 | loss=44.340534
Epoch 011 | Step 950 | lr=5.000000e-04 | loss=46.592571
Epoch 011 | Step 960 | lr=5.000000e-04 | loss=46.253998
epoch 011 | train_kld=50.970040 | val_kld=41.837627 | val_mae=0.014989 | val_mse=0.001653 | ord_acc@10=0.0183 | recall@10=0.1909
Epoch 012 | Step 10 | lr=4.217828e-04 | loss=45.446033
Epoch 012 | Step 20 | lr=4.217828e-04 | loss=46.656700
Epoch 012 | Step 30 | lr=4.217828e-04 | loss=47.390278
Epoch 012 | Step 40 | lr=4.217828e-04 | loss=47.449272
Epoch 012 | Step 50 | lr=4.217828e-04 | loss=47.633949
Epoch 012 | Step 60 | lr=4.217828e-04 | loss=48.159767
Epoch 012 | Step 70 | lr=4.217828e-04 | loss=47.523655
Epoch 012 | Step 80 | lr=4.217828e-04 | loss=48.557335
Epoch 012 | Step 90 | lr=4.217828e-04 | loss=45.982113
Epoch 012 | Step 100 | lr=4.217828e-04 | loss=44.617554
Epoch 012 | Step 110 | lr=4.217828e-04 | loss=50.206608
Epoch 012 | Step 120 | lr=4.217828e-04 | loss=47.220993
Epoch 012 | Step 130 | lr=4.217828e-04 | loss=43.868584
Epoch 012 | Step 140 | lr=4.217828e-04 | loss=45.448601
Epoch 012 | Step 150 | lr=4.217828e-04 | loss=44.291801
Epoch 012 | Step 160 | lr=4.217828e-04 | loss=44.548298
Epoch 012 | Step 170 | lr=4.217828e-04 | loss=47.867363
Epoch 012 | Step 180 | lr=4.217828e-04 | loss=46.369423
Epoch 012 | Step 190 | lr=4.217828e-04 | loss=45.379349
Epoch 012 | Step 200 | lr=4.217828e-04 | loss=45.007423
Epoch 012 | Step 210 | lr=4.217828e-04 | loss=45.959030
Epoch 012 | Step 220 | lr=4.217828e-04 | loss=43.055489
Epoch 012 | Step 230 | lr=4.217828e-04 | loss=45.353699
Epoch 012 | Step 240 | lr=4.217828e-04 | loss=48.103340
Epoch 012 | Step 250 | lr=4.217828e-04 | loss=46.938843
Epoch 012 | Step 260 | lr=4.217828e-04 | loss=46.669525
Epoch 012 | Step 270 | lr=4.217828e-04 | loss=45.220322
Epoch 012 | Step 280 | lr=4.217828e-04 | loss=42.596359
Epoch 012 | Step 290 | lr=4.217828e-04 | loss=44.868919
Epoch 012 | Step 300 | lr=4.217828e-04 | loss=45.912857
Epoch 012 | Step 310 | lr=4.217828e-04 | loss=46.212959
Epoch 012 | Step 320 | lr=4.217828e-04 | loss=42.834900
Epoch 012 | Step 330 | lr=4.217828e-04 | loss=44.168682
Epoch 012 | Step 340 | lr=4.217828e-04 | loss=44.137901
Epoch 012 | Step 350 | lr=4.217828e-04 | loss=39.762074
Epoch 012 | Step 360 | lr=4.217828e-04 | loss=44.150726
Epoch 012 | Step 370 | lr=4.217828e-04 | loss=47.349239
Epoch 012 | Step 380 | lr=4.217828e-04 | loss=44.189201
Epoch 012 | Step 390 | lr=4.217828e-04 | loss=47.605736
Epoch 012 | Step 400 | lr=4.217828e-04 | loss=45.199799
Epoch 012 | Step 410 | lr=4.217828e-04 | loss=42.945194
Epoch 012 | Step 420 | lr=4.217828e-04 | loss=44.966385
Epoch 012 | Step 430 | lr=4.217828e-04 | loss=46.661827
Epoch 012 | Step 440 | lr=4.217828e-04 | loss=44.122513
Epoch 012 | Step 450 | lr=4.217828e-04 | loss=45.448601
Epoch 012 | Step 460 | lr=4.217828e-04 | loss=45.199799
Epoch 012 | Step 470 | lr=4.217828e-04 | loss=46.361729
Epoch 012 | Step 480 | lr=4.217828e-04 | loss=45.397301
Epoch 012 | Step 490 | lr=4.217828e-04 | loss=42.932373
Epoch 012 | Step 500 | lr=4.217828e-04 | loss=44.738106
Epoch 012 | Step 510 | lr=4.217828e-04 | loss=42.244957
Epoch 012 | Step 520 | lr=4.217828e-04 | loss=44.730412
Epoch 012 | Step 530 | lr=4.217828e-04 | loss=47.315895
Epoch 012 | Step 540 | lr=4.217828e-04 | loss=45.330612
Epoch 012 | Step 550 | lr=4.217828e-04 | loss=46.725952
Epoch 012 | Step 560 | lr=4.217828e-04 | loss=43.840370
Epoch 012 | Step 570 | lr=4.217828e-04 | loss=43.424843
Epoch 012 | Step 580 | lr=4.217828e-04 | loss=45.715355
Epoch 012 | Step 590 | lr=4.217828e-04 | loss=46.133446
Epoch 012 | Step 600 | lr=4.217828e-04 | loss=45.787178
Epoch 012 | Step 610 | lr=4.217828e-04 | loss=43.601826
Epoch 012 | Step 620 | lr=4.217828e-04 | loss=41.275406
Epoch 012 | Step 630 | lr=4.217828e-04 | loss=43.555656
Epoch 012 | Step 640 | lr=4.217828e-04 | loss=43.953224
Epoch 012 | Step 650 | lr=4.217828e-04 | loss=41.716576
Epoch 012 | Step 660 | lr=4.217828e-04 | loss=45.599934
Epoch 012 | Step 670 | lr=4.217828e-04 | loss=41.270271
Epoch 012 | Step 680 | lr=4.217828e-04 | loss=43.840370
Epoch 012 | Step 690 | lr=4.217828e-04 | loss=43.176041
Epoch 012 | Step 700 | lr=4.217828e-04 | loss=41.870476
Epoch 012 | Step 710 | lr=4.217828e-04 | loss=43.527443
Epoch 012 | Step 720 | lr=4.217828e-04 | loss=43.137566
Epoch 012 | Step 730 | lr=4.217828e-04 | loss=44.322582
Epoch 012 | Step 740 | lr=4.217828e-04 | loss=45.407562
Epoch 012 | Step 750 | lr=4.217828e-04 | loss=45.230579
Epoch 012 | Step 760 | lr=4.217828e-04 | loss=40.921440
Epoch 012 | Step 770 | lr=4.217828e-04 | loss=43.404324
Epoch 012 | Step 780 | lr=4.217828e-04 | loss=42.993927
Epoch 012 | Step 790 | lr=4.217828e-04 | loss=44.304626
Epoch 012 | Step 800 | lr=4.217828e-04 | loss=45.392174
Epoch 012 | Step 810 | lr=4.217828e-04 | loss=42.498890
Epoch 012 | Step 820 | lr=4.217828e-04 | loss=46.064194
Epoch 012 | Step 830 | lr=4.217828e-04 | loss=44.812489
Epoch 012 | Step 840 | lr=4.217828e-04 | loss=41.080467
Epoch 012 | Step 850 | lr=4.217828e-04 | loss=40.944527
Epoch 012 | Step 860 | lr=4.217828e-04 | loss=42.511715
Epoch 012 | Step 870 | lr=4.217828e-04 | loss=42.370644
Epoch 012 | Step 880 | lr=4.217828e-04 | loss=42.650223
Epoch 012 | Step 890 | lr=4.217828e-04 | loss=42.211613
Epoch 012 | Step 900 | lr=4.217828e-04 | loss=43.691597
Epoch 012 | Step 910 | lr=4.217828e-04 | loss=44.786839
Epoch 012 | Step 920 | lr=4.217828e-04 | loss=42.388596
Epoch 012 | Step 930 | lr=4.217828e-04 | loss=46.802902
Epoch 012 | Step 940 | lr=4.217828e-04 | loss=40.105782
Epoch 012 | Step 950 | lr=4.217828e-04 | loss=40.303284
Epoch 012 | Step 960 | lr=4.217828e-04 | loss=41.888432
epoch 012 | train_kld=44.522072 | val_kld=42.340870 | val_mae=0.014989 | val_mse=0.001653 | ord_acc@10=0.0185 | recall@10=0.1909
Epoch 013 | Step 10 | lr=3.454915e-04 | loss=42.942631
Epoch 013 | Step 20 | lr=3.454915e-04 | loss=42.409119
Epoch 013 | Step 30 | lr=3.454915e-04 | loss=40.593124
Epoch 013 | Step 40 | lr=3.454915e-04 | loss=38.995148
Epoch 013 | Step 50 | lr=3.454915e-04 | loss=42.668179
Epoch 013 | Step 60 | lr=3.454915e-04 | loss=38.995152
Epoch 013 | Step 70 | lr=3.454915e-04 | loss=41.252319
Epoch 013 | Step 80 | lr=3.454915e-04 | loss=40.711109
Epoch 013 | Step 90 | lr=3.454915e-04 | loss=41.434429
Epoch 013 | Step 100 | lr=3.454915e-04 | loss=41.580635
Epoch 013 | Step 110 | lr=3.454915e-04 | loss=42.201355
Epoch 013 | Step 120 | lr=3.454915e-04 | loss=41.706318
Epoch 013 | Step 130 | lr=3.454915e-04 | loss=41.367744
Epoch 013 | Step 140 | lr=3.454915e-04 | loss=41.285664
Epoch 013 | Step 150 | lr=3.454915e-04 | loss=39.243950
Epoch 013 | Step 160 | lr=3.454915e-04 | loss=39.710773
Epoch 013 | Step 170 | lr=3.454915e-04 | loss=42.301392
Epoch 013 | Step 180 | lr=3.454915e-04 | loss=41.452385
Epoch 013 | Step 190 | lr=3.454915e-04 | loss=41.193325
Epoch 013 | Step 200 | lr=3.454915e-04 | loss=41.849953
Epoch 013 | Step 210 | lr=3.454915e-04 | loss=41.821739
Epoch 013 | Step 220 | lr=3.454915e-04 | loss=42.475807
Epoch 013 | Step 230 | lr=3.454915e-04 | loss=39.959579
Epoch 013 | Step 240 | lr=3.454915e-04 | loss=39.551746
Epoch 013 | Step 250 | lr=3.454915e-04 | loss=39.885193
Epoch 013 | Step 260 | lr=3.454915e-04 | loss=40.108345
Epoch 013 | Step 270 | lr=3.454915e-04 | loss=42.055153
Epoch 013 | Step 280 | lr=3.454915e-04 | loss=41.475471
Epoch 013 | Step 290 | lr=3.454915e-04 | loss=40.198120
Epoch 013 | Step 300 | lr=3.454915e-04 | loss=42.424507
Epoch 013 | Step 310 | lr=3.454915e-04 | loss=42.239830
Epoch 013 | Step 320 | lr=3.454915e-04 | loss=39.118267
Epoch 013 | Step 330 | lr=3.454915e-04 | loss=40.423836
Epoch 013 | Step 340 | lr=3.454915e-04 | loss=40.044220
Epoch 013 | Step 350 | lr=3.454915e-04 | loss=41.329269
Epoch 013 | Step 360 | lr=3.454915e-04 | loss=39.923668
Epoch 013 | Step 370 | lr=3.454915e-04 | loss=40.680328
Epoch 013 | Step 380 | lr=3.454915e-04 | loss=42.468113
Epoch 013 | Step 390 | lr=3.454915e-04 | loss=38.615536
Epoch 013 | Step 400 | lr=3.454915e-04 | loss=37.561333
Epoch 013 | Step 410 | lr=3.454915e-04 | loss=38.179489
Epoch 013 | Step 420 | lr=3.454915e-04 | loss=39.528664
Epoch 013 | Step 430 | lr=3.454915e-04 | loss=39.243954
Epoch 013 | Step 440 | lr=3.454915e-04 | loss=39.908279
Epoch 013 | Step 450 | lr=3.454915e-04 | loss=38.769432
Epoch 013 | Step 460 | lr=3.454915e-04 | loss=40.357147
Epoch 013 | Step 470 | lr=3.454915e-04 | loss=41.231796
Epoch 013 | Step 480 | lr=3.454915e-04 | loss=40.259682
Epoch 013 | Step 490 | lr=3.454915e-04 | loss=40.772667
Epoch 013 | Step 500 | lr=3.454915e-04 | loss=41.059944
Epoch 013 | Step 510 | lr=3.454915e-04 | loss=39.007973
Epoch 013 | Step 520 | lr=3.454915e-04 | loss=39.087490
Epoch 013 | Step 530 | lr=3.454915e-04 | loss=40.416142
Epoch 013 | Step 540 | lr=3.454915e-04 | loss=39.300381
Epoch 013 | Step 550 | lr=3.454915e-04 | loss=38.397514
Epoch 013 | Step 560 | lr=3.454915e-04 | loss=39.451717
Epoch 013 | Step 570 | lr=3.454915e-04 | loss=40.439224
Epoch 013 | Step 580 | lr=3.454915e-04 | loss=40.762409
Epoch 013 | Step 590 | lr=3.454915e-04 | loss=38.659142
Epoch 013 | Step 600 | lr=3.454915e-04 | loss=38.571934
Epoch 013 | Step 610 | lr=3.454915e-04 | loss=37.846046
Epoch 013 | Step 620 | lr=3.454915e-04 | loss=39.728729
Epoch 013 | Step 630 | lr=3.454915e-04 | loss=40.190422
Epoch 013 | Step 640 | lr=3.454915e-04 | loss=40.841923
Epoch 013 | Step 650 | lr=3.454915e-04 | loss=38.266701
Epoch 013 | Step 660 | lr=3.454915e-04 | loss=40.387924
Epoch 013 | Step 670 | lr=3.454915e-04 | loss=38.353909
Epoch 013 | Step 680 | lr=3.454915e-04 | loss=40.531563
Epoch 013 | Step 690 | lr=3.454915e-04 | loss=41.531898
Epoch 013 | Step 700 | lr=3.454915e-04 | loss=38.866905
Epoch 013 | Step 710 | lr=3.454915e-04 | loss=39.562012
Epoch 013 | Step 720 | lr=3.454915e-04 | loss=40.587990
Epoch 013 | Step 730 | lr=3.454915e-04 | loss=39.541489
Epoch 013 | Step 740 | lr=3.454915e-04 | loss=37.304840
Epoch 013 | Step 750 | lr=3.454915e-04 | loss=39.944187
Epoch 013 | Step 760 | lr=3.454915e-04 | loss=37.792183
Epoch 013 | Step 770 | lr=3.454915e-04 | loss=37.733185
Epoch 013 | Step 780 | lr=3.454915e-04 | loss=37.566467
Epoch 013 | Step 790 | lr=3.454915e-04 | loss=41.929470
Epoch 013 | Step 800 | lr=3.454915e-04 | loss=38.861771
Epoch 013 | Step 810 | lr=3.454915e-04 | loss=40.965042
Epoch 013 | Step 820 | lr=3.454915e-04 | loss=37.807571
Epoch 013 | Step 830 | lr=3.454915e-04 | loss=40.616207
Epoch 013 | Step 840 | lr=3.454915e-04 | loss=39.697952
Epoch 013 | Step 850 | lr=3.454915e-04 | loss=38.502678
Epoch 013 | Step 860 | lr=3.454915e-04 | loss=38.225662
Epoch 013 | Step 870 | lr=3.454915e-04 | loss=38.115364
Epoch 013 | Step 880 | lr=3.454915e-04 | loss=39.131092
Epoch 013 | Step 890 | lr=3.454915e-04 | loss=38.217968
Epoch 013 | Step 900 | lr=3.454915e-04 | loss=39.446587
Epoch 013 | Step 910 | lr=3.454915e-04 | loss=38.376995
Epoch 013 | Step 920 | lr=3.454915e-04 | loss=37.322792
Epoch 013 | Step 930 | lr=3.454915e-04 | loss=38.956676
Epoch 013 | Step 940 | lr=3.454915e-04 | loss=39.082359
Epoch 013 | Step 950 | lr=3.454915e-04 | loss=37.776794
Epoch 013 | Step 960 | lr=3.454915e-04 | loss=38.099976
epoch 013 | train_kld=39.842968 | val_kld=40.917030 | val_mae=0.014989 | val_mse=0.001653 | ord_acc@10=0.0185 | recall@10=0.1916
Epoch 014 | Step 10 | lr=2.730048e-04 | loss=37.599808
Epoch 014 | Step 20 | lr=2.730048e-04 | loss=37.404869
Epoch 014 | Step 30 | lr=2.730048e-04 | loss=37.681892
Epoch 014 | Step 40 | lr=2.730048e-04 | loss=38.359039
Epoch 014 | Step 50 | lr=2.730048e-04 | loss=40.126301
Epoch 014 | Step 60 | lr=2.730048e-04 | loss=36.976524
Epoch 014 | Step 70 | lr=2.730048e-04 | loss=39.808243
Epoch 014 | Step 80 | lr=2.730048e-04 | loss=37.056038
Epoch 014 | Step 90 | lr=2.730048e-04 | loss=35.278519
Epoch 014 | Step 100 | lr=2.730048e-04 | loss=37.040649
Epoch 014 | Step 110 | lr=2.730048e-04 | loss=37.548512
Epoch 014 | Step 120 | lr=2.730048e-04 | loss=35.906933
Epoch 014 | Step 130 | lr=2.730048e-04 | loss=36.914963
Epoch 014 | Step 140 | lr=2.730048e-04 | loss=36.712334
Epoch 014 | Step 150 | lr=2.730048e-04 | loss=36.948311
Epoch 014 | Step 160 | lr=2.730048e-04 | loss=36.853401
Epoch 014 | Step 170 | lr=2.730048e-04 | loss=37.076561
Epoch 014 | Step 180 | lr=2.730048e-04 | loss=34.026814
Epoch 014 | Step 190 | lr=2.730048e-04 | loss=37.679321
Epoch 014 | Step 200 | lr=2.730048e-04 | loss=37.148376
Epoch 014 | Step 210 | lr=2.730048e-04 | loss=37.589550
Epoch 014 | Step 220 | lr=2.730048e-04 | loss=39.005413
Epoch 014 | Step 230 | lr=2.730048e-04 | loss=38.702744
Epoch 014 | Step 240 | lr=2.730048e-04 | loss=35.704300
Epoch 014 | Step 250 | lr=2.730048e-04 | loss=34.860428
Epoch 014 | Step 260 | lr=2.730048e-04 | loss=34.488510
Epoch 014 | Step 270 | lr=2.730048e-04 | loss=34.993805
Epoch 014 | Step 280 | lr=2.730048e-04 | loss=35.529884
Epoch 014 | Step 290 | lr=2.730048e-04 | loss=35.837677
Epoch 014 | Step 300 | lr=2.730048e-04 | loss=37.274059
Epoch 014 | Step 310 | lr=2.730048e-04 | loss=36.396843
Epoch 014 | Step 320 | lr=2.730048e-04 | loss=33.249630
Epoch 014 | Step 330 | lr=2.730048e-04 | loss=36.268593
Epoch 014 | Step 340 | lr=2.730048e-04 | loss=35.542706
Epoch 014 | Step 350 | lr=2.730048e-04 | loss=35.814598
Epoch 014 | Step 360 | lr=2.730048e-04 | loss=34.993805
Epoch 014 | Step 370 | lr=2.730048e-04 | loss=35.906937
Epoch 014 | Step 380 | lr=2.730048e-04 | loss=36.289112
Epoch 014 | Step 390 | lr=2.730048e-04 | loss=37.866566
Epoch 014 | Step 400 | lr=2.730048e-04 | loss=35.960796
Epoch 014 | Step 410 | lr=2.730048e-04 | loss=37.492081
Epoch 014 | Step 420 | lr=2.730048e-04 | loss=37.692146
Epoch 014 | Step 430 | lr=2.730048e-04 | loss=36.471226
Epoch 014 | Step 440 | lr=2.730048e-04 | loss=36.371193
Epoch 014 | Step 450 | lr=2.730048e-04 | loss=34.570587
Epoch 014 | Step 460 | lr=2.730048e-04 | loss=33.544601
Epoch 014 | Step 470 | lr=2.730048e-04 | loss=35.514492
Epoch 014 | Step 480 | lr=2.730048e-04 | loss=35.978752
Epoch 014 | Step 490 | lr=2.730048e-04 | loss=36.725159
Epoch 014 | Step 500 | lr=2.730048e-04 | loss=35.832550
Epoch 014 | Step 510 | lr=2.730048e-04 | loss=36.276291
Epoch 014 | Step 520 | lr=2.730048e-04 | loss=33.713890
Epoch 014 | Step 530 | lr=2.730048e-04 | loss=35.237480
Epoch 014 | Step 540 | lr=2.730048e-04 | loss=35.994141
Epoch 014 | Step 550 | lr=2.730048e-04 | loss=35.358032
Epoch 014 | Step 560 | lr=2.730048e-04 | loss=34.296135
Epoch 014 | Step 570 | lr=2.730048e-04 | loss=34.891205
Epoch 014 | Step 580 | lr=2.730048e-04 | loss=35.819725
Epoch 014 | Step 590 | lr=2.730048e-04 | loss=36.427620
Epoch 014 | Step 600 | lr=2.730048e-04 | loss=35.422157
Epoch 014 | Step 610 | lr=2.730048e-04 | loss=36.355801
Epoch 014 | Step 620 | lr=2.730048e-04 | loss=38.007637
Epoch 014 | Step 630 | lr=2.730048e-04 | loss=34.637276
Epoch 014 | Step 640 | lr=2.730048e-04 | loss=33.208591
Epoch 014 | Step 650 | lr=2.730048e-04 | loss=34.870689
Epoch 014 | Step 660 | lr=2.730048e-04 | loss=37.594681
Epoch 014 | Step 670 | lr=2.730048e-04 | loss=36.130081
Epoch 014 | Step 680 | lr=2.730048e-04 | loss=35.386246
Epoch 014 | Step 690 | lr=2.730048e-04 | loss=35.404202
Epoch 014 | Step 700 | lr=2.730048e-04 | loss=36.486618
Epoch 014 | Step 710 | lr=2.730048e-04 | loss=34.965591
Epoch 014 | Step 720 | lr=2.730048e-04 | loss=35.222088
Epoch 014 | Step 730 | lr=2.730048e-04 | loss=33.526646
Epoch 014 | Step 740 | lr=2.730048e-04 | loss=33.831879
Epoch 014 | Step 750 | lr=2.730048e-04 | loss=33.575378
Epoch 014 | Step 760 | lr=2.730048e-04 | loss=34.621887
Epoch 014 | Step 770 | lr=2.730048e-04 | loss=35.922321
Epoch 014 | Step 780 | lr=2.730048e-04 | loss=33.954994
Epoch 014 | Step 790 | lr=2.730048e-04 | loss=35.622223
Epoch 014 | Step 800 | lr=2.730048e-04 | loss=33.785709
Epoch 014 | Step 810 | lr=2.730048e-04 | loss=34.811691
Epoch 014 | Step 820 | lr=2.730048e-04 | loss=33.590775
Epoch 014 | Step 830 | lr=2.730048e-04 | loss=32.972614
Epoch 014 | Step 840 | lr=2.730048e-04 | loss=34.267921
Epoch 014 | Step 850 | lr=2.730048e-04 | loss=35.411896
Epoch 014 | Step 860 | lr=2.730048e-04 | loss=33.967819
Epoch 014 | Step 870 | lr=2.730048e-04 | loss=32.828976
Epoch 014 | Step 880 | lr=2.730048e-04 | loss=34.952766
Epoch 014 | Step 890 | lr=2.730048e-04 | loss=33.164986
Epoch 014 | Step 900 | lr=2.730048e-04 | loss=34.124283
Epoch 014 | Step 910 | lr=2.730048e-04 | loss=33.834442
Epoch 014 | Step 920 | lr=2.730048e-04 | loss=33.388138
Epoch 014 | Step 930 | lr=2.730048e-04 | loss=34.216621
Epoch 014 | Step 940 | lr=2.730048e-04 | loss=33.706192
Epoch 014 | Step 950 | lr=2.730048e-04 | loss=32.492966
Epoch 014 | Step 960 | lr=2.730048e-04 | loss=32.805893
epoch 014 | train_kld=35.532947 | val_kld=36.051396 | val_mae=0.014989 | val_mse=0.001653 | ord_acc@10=0.0185 | recall@10=0.1916
Epoch 015 | Step 10 | lr=2.061074e-04 | loss=33.249630
Epoch 015 | Step 20 | lr=2.061074e-04 | loss=30.346090
Epoch 015 | Step 30 | lr=2.061074e-04 | loss=32.313419
Epoch 015 | Step 40 | lr=2.061074e-04 | loss=32.685337
Epoch 015 | Step 50 | lr=2.061074e-04 | loss=31.810684
Epoch 015 | Step 60 | lr=2.061074e-04 | loss=32.295464
Epoch 015 | Step 70 | lr=2.061074e-04 | loss=32.805893
Epoch 015 | Step 80 | lr=2.061074e-04 | loss=33.262451
Epoch 015 | Step 90 | lr=2.061074e-04 | loss=31.815815
Epoch 015 | Step 100 | lr=2.061074e-04 | loss=31.964582
Epoch 015 | Step 110 | lr=2.061074e-04 | loss=35.873589
Epoch 015 | Step 120 | lr=2.061074e-04 | loss=34.457726
Epoch 015 | Step 130 | lr=2.061074e-04 | loss=34.049900
Epoch 015 | Step 140 | lr=2.061074e-04 | loss=33.011089
Epoch 015 | Step 150 | lr=2.061074e-04 | loss=33.657459
Epoch 015 | Step 160 | lr=2.061074e-04 | loss=32.682774
Epoch 015 | Step 170 | lr=2.061074e-04 | loss=34.616756
Epoch 015 | Step 180 | lr=2.061074e-04 | loss=33.457394
Epoch 015 | Step 190 | lr=2.061074e-04 | loss=34.465424
Epoch 015 | Step 200 | lr=2.061074e-04 | loss=33.631813
Epoch 015 | Step 210 | lr=2.061074e-04 | loss=33.913956
Epoch 015 | Step 220 | lr=2.061074e-04 | loss=33.583076
Epoch 015 | Step 230 | lr=2.061074e-04 | loss=32.911057
Epoch 015 | Step 240 | lr=2.061074e-04 | loss=33.424049
Epoch 015 | Step 250 | lr=2.061074e-04 | loss=32.736637
Epoch 015 | Step 260 | lr=2.061074e-04 | loss=33.739540
Epoch 015 | Step 270 | lr=2.061074e-04 | loss=33.806229
Epoch 015 | Step 280 | lr=2.061074e-04 | loss=35.050236
Epoch 015 | Step 290 | lr=2.061074e-04 | loss=34.214058
Epoch 015 | Step 300 | lr=2.061074e-04 | loss=31.685001
Epoch 015 | Step 310 | lr=2.061074e-04 | loss=34.724483
Epoch 015 | Step 320 | lr=2.061074e-04 | loss=34.829651
Epoch 015 | Step 330 | lr=2.061074e-04 | loss=36.165997
Epoch 015 | Step 340 | lr=2.061074e-04 | loss=34.955330
Epoch 015 | Step 350 | lr=2.061074e-04 | loss=33.988342
Epoch 015 | Step 360 | lr=2.061074e-04 | loss=36.096741
Epoch 015 | Step 370 | lr=2.061074e-04 | loss=33.449699
Epoch 015 | Step 380 | lr=2.061074e-04 | loss=34.114025
Epoch 015 | Step 390 | lr=2.061074e-04 | loss=33.005959
Epoch 015 | Step 400 | lr=2.061074e-04 | loss=34.919426
Epoch 015 | Step 410 | lr=2.061074e-04 | loss=32.887970
Epoch 015 | Step 420 | lr=2.061074e-04 | loss=33.842140
Epoch 015 | Step 430 | lr=2.061074e-04 | loss=32.395496
Epoch 015 | Step 440 | lr=2.061074e-04 | loss=35.050236
Epoch 015 | Step 450 | lr=2.061074e-04 | loss=32.834106
Epoch 015 | Step 460 | lr=2.061074e-04 | loss=35.332382
Epoch 015 | Step 470 | lr=2.061074e-04 | loss=34.347435
Epoch 015 | Step 480 | lr=2.061074e-04 | loss=36.276287
Epoch 015 | Step 490 | lr=2.061074e-04 | loss=36.812363
Epoch 015 | Step 500 | lr=2.061074e-04 | loss=34.862991
Epoch 015 | Step 510 | lr=2.061074e-04 | loss=34.380779
Epoch 015 | Step 520 | lr=2.061074e-04 | loss=34.596237
Epoch 015 | Step 530 | lr=2.061074e-04 | loss=34.488506
Epoch 015 | Step 540 | lr=2.061074e-04 | loss=36.089046
Epoch 015 | Step 550 | lr=2.061074e-04 | loss=32.036400
Epoch 015 | Step 560 | lr=2.061074e-04 | loss=35.999268
Epoch 015 | Step 570 | lr=2.061074e-04 | loss=33.847267
Epoch 015 | Step 580 | lr=2.061074e-04 | loss=35.422157
Epoch 015 | Step 590 | lr=2.061074e-04 | loss=33.788273
Epoch 015 | Step 600 | lr=2.061074e-04 | loss=32.870018
Epoch 015 | Step 610 | lr=2.061074e-04 | loss=33.577950
Epoch 015 | Step 620 | lr=2.061074e-04 | loss=34.452599
Epoch 015 | Step 630 | lr=2.061074e-04 | loss=34.321785
Epoch 015 | Step 640 | lr=2.061074e-04 | loss=32.708424
Epoch 015 | Step 650 | lr=2.061074e-04 | loss=34.303833
Epoch 015 | Step 660 | lr=2.061074e-04 | loss=36.384014
Epoch 015 | Step 670 | lr=2.061074e-04 | loss=35.737644
Epoch 015 | Step 680 | lr=2.061074e-04 | loss=33.272713
Epoch 015 | Step 690 | lr=2.061074e-04 | loss=34.673183
Epoch 015 | Step 700 | lr=2.061074e-04 | loss=33.149593
Epoch 015 | Step 710 | lr=2.061074e-04 | loss=33.926781
Epoch 015 | Step 720 | lr=2.061074e-04 | loss=33.965256
Epoch 015 | Step 730 | lr=2.061074e-04 | loss=36.081348
Epoch 015 | Step 740 | lr=2.061074e-04 | loss=34.319221
Epoch 015 | Step 750 | lr=2.061074e-04 | loss=34.911728
Epoch 015 | Step 760 | lr=2.061074e-04 | loss=34.190971
Epoch 015 | Step 770 | lr=2.061074e-04 | loss=35.717129
Epoch 015 | Step 780 | lr=2.061074e-04 | loss=32.062050
Epoch 015 | Step 790 | lr=2.061074e-04 | loss=35.637611
Epoch 015 | Step 800 | lr=2.061074e-04 | loss=32.113350
Epoch 015 | Step 810 | lr=2.061074e-04 | loss=33.739540
Epoch 015 | Step 820 | lr=2.061074e-04 | loss=34.111458
Epoch 015 | Step 830 | lr=2.061074e-04 | loss=31.151489
Epoch 015 | Step 840 | lr=2.061074e-04 | loss=33.490738
Epoch 015 | Step 850 | lr=2.061074e-04 | loss=32.793068
Epoch 015 | Step 860 | lr=2.061074e-04 | loss=34.103760
Epoch 015 | Step 870 | lr=2.061074e-04 | loss=34.680878
Epoch 015 | Step 880 | lr=2.061074e-04 | loss=32.590435
Epoch 015 | Step 890 | lr=2.061074e-04 | loss=34.737309
Epoch 015 | Step 900 | lr=2.061074e-04 | loss=34.067856
Epoch 015 | Step 910 | lr=2.061074e-04 | loss=35.150269
Epoch 015 | Step 920 | lr=2.061074e-04 | loss=33.498432
Epoch 015 | Step 930 | lr=2.061074e-04 | loss=30.936033
Epoch 015 | Step 940 | lr=2.061074e-04 | loss=32.464752
Epoch 015 | Step 950 | lr=2.061074e-04 | loss=32.918751
Epoch 015 | Step 960 | lr=2.061074e-04 | loss=35.699173
epoch 015 | train_kld=33.938594 | val_kld=35.820262 | val_mae=0.014989 | val_mse=0.001653 | ord_acc@10=0.0188 | recall@10=0.1932
Epoch 016 | Step 10 | lr=1.464466e-04 | loss=33.988342
Epoch 016 | Step 20 | lr=1.464466e-04 | loss=34.537239
Epoch 016 | Step 30 | lr=1.464466e-04 | loss=33.475349
Epoch 016 | Step 40 | lr=1.464466e-04 | loss=34.721920
Epoch 016 | Step 50 | lr=1.464466e-04 | loss=34.644970
Epoch 016 | Step 60 | lr=1.464466e-04 | loss=34.460293
Epoch 016 | Step 70 | lr=1.464466e-04 | loss=34.703964
Epoch 016 | Step 80 | lr=1.464466e-04 | loss=35.932583
Epoch 016 | Step 90 | lr=1.464466e-04 | loss=33.885742
Epoch 016 | Step 100 | lr=1.464466e-04 | loss=34.898903
Epoch 016 | Step 110 | lr=1.464466e-04 | loss=35.570923
Epoch 016 | Step 120 | lr=1.464466e-04 | loss=35.881279
Epoch 016 | Step 130 | lr=1.464466e-04 | loss=37.220196
Epoch 016 | Step 140 | lr=1.464466e-04 | loss=40.352016
Epoch 016 | Step 150 | lr=1.464466e-04 | loss=46.153965
Epoch 016 | Step 160 | lr=1.464466e-04 | loss=43.732639
Epoch 016 | Step 170 | lr=1.464466e-04 | loss=48.626591
Epoch 016 | Step 180 | lr=1.464466e-04 | loss=42.534798
Epoch 016 | Step 190 | lr=1.464466e-04 | loss=41.198456
Epoch 016 | Step 200 | lr=1.464466e-04 | loss=43.858322
Epoch 016 | Step 210 | lr=1.464466e-04 | loss=41.393391
Epoch 016 | Step 220 | lr=1.464466e-04 | loss=40.357147
Epoch 016 | Step 230 | lr=1.464466e-04 | loss=37.145813
Epoch 016 | Step 240 | lr=1.464466e-04 | loss=36.407101
Epoch 016 | Step 250 | lr=1.464466e-04 | loss=35.088711
Epoch 016 | Step 260 | lr=1.464466e-04 | loss=34.703964
Epoch 016 | Step 270 | lr=1.464466e-04 | loss=37.379223
Epoch 016 | Step 280 | lr=1.464466e-04 | loss=35.509361
Epoch 016 | Step 290 | lr=1.464466e-04 | loss=34.632149
Epoch 016 | Step 300 | lr=1.464466e-04 | loss=34.796303
Epoch 016 | Step 310 | lr=1.464466e-04 | loss=35.098969
Epoch 016 | Step 320 | lr=1.464466e-04 | loss=35.340080
Epoch 016 | Step 330 | lr=1.464466e-04 | loss=34.429516
Epoch 016 | Step 340 | lr=1.464466e-04 | loss=35.796638
Epoch 016 | Step 350 | lr=1.464466e-04 | loss=34.762959
Epoch 016 | Step 360 | lr=1.464466e-04 | loss=35.342644
Epoch 016 | Step 370 | lr=1.464466e-04 | loss=34.013988
Epoch 016 | Step 380 | lr=1.464466e-04 | loss=32.903362
Epoch 016 | Step 390 | lr=1.464466e-04 | loss=34.270485
Epoch 016 | Step 400 | lr=1.464466e-04 | loss=32.826412
Epoch 016 | Step 410 | lr=1.464466e-04 | loss=34.190971
Epoch 016 | Step 420 | lr=1.464466e-04 | loss=35.440109
Epoch 016 | Step 430 | lr=1.464466e-04 | loss=33.754929
Epoch 016 | Step 440 | lr=1.464466e-04 | loss=32.595566
Epoch 016 | Step 450 | lr=1.464466e-04 | loss=31.897896
Epoch 016 | Step 460 | lr=1.464466e-04 | loss=31.913284
Epoch 016 | Step 470 | lr=1.464466e-04 | loss=32.233902
Epoch 016 | Step 480 | lr=1.464466e-04 | loss=33.752365
Epoch 016 | Step 490 | lr=1.464466e-04 | loss=32.564785
Epoch 016 | Step 500 | lr=1.464466e-04 | loss=30.315311
Epoch 016 | Step 510 | lr=1.464466e-04 | loss=32.513485
Epoch 016 | Step 520 | lr=1.464466e-04 | loss=30.715445
Epoch 016 | Step 530 | lr=1.464466e-04 | loss=30.997591
Epoch 016 | Step 540 | lr=1.464466e-04 | loss=30.151154
Epoch 016 | Step 550 | lr=1.464466e-04 | loss=31.579838
Epoch 016 | Step 560 | lr=1.464466e-04 | loss=31.661919
Epoch 016 | Step 570 | lr=1.464466e-04 | loss=30.374306
Epoch 016 | Step 580 | lr=1.464466e-04 | loss=31.669613
Epoch 016 | Step 590 | lr=1.464466e-04 | loss=32.200562
Epoch 016 | Step 600 | lr=1.464466e-04 | loss=31.438766
Epoch 016 | Step 610 | lr=1.464466e-04 | loss=30.051121
Epoch 016 | Step 620 | lr=1.464466e-04 | loss=31.449024
Epoch 016 | Step 630 | lr=1.464466e-04 | loss=30.217842
Epoch 016 | Step 640 | lr=1.464466e-04 | loss=30.733398
Epoch 016 | Step 650 | lr=1.464466e-04 | loss=32.372414
Epoch 016 | Step 660 | lr=1.464466e-04 | loss=27.765738
Epoch 016 | Step 670 | lr=1.464466e-04 | loss=29.861313
Epoch 016 | Step 680 | lr=1.464466e-04 | loss=31.502890
Epoch 016 | Step 690 | lr=1.464466e-04 | loss=31.756821
Epoch 016 | Step 700 | lr=1.464466e-04 | loss=29.886963
Epoch 016 | Step 710 | lr=1.464466e-04 | loss=30.261448
Epoch 016 | Step 720 | lr=1.464466e-04 | loss=30.912949
Epoch 016 | Step 730 | lr=1.464466e-04 | loss=29.766407
Epoch 016 | Step 740 | lr=1.464466e-04 | loss=31.187399
Epoch 016 | Step 750 | lr=1.464466e-04 | loss=29.540691
Epoch 016 | Step 760 | lr=1.464466e-04 | loss=30.379436
Epoch 016 | Step 770 | lr=1.464466e-04 | loss=30.620544
Epoch 016 | Step 780 | lr=1.464466e-04 | loss=29.666374
Epoch 016 | Step 790 | lr=1.464466e-04 | loss=31.128405
Epoch 016 | Step 800 | lr=1.464466e-04 | loss=30.179367
Epoch 016 | Step 810 | lr=1.464466e-04 | loss=31.538799
Epoch 016 | Step 820 | lr=1.464466e-04 | loss=30.397388
Epoch 016 | Step 830 | lr=1.464466e-04 | loss=29.768974
Epoch 016 | Step 840 | lr=1.464466e-04 | loss=30.115244
Epoch 016 | Step 850 | lr=1.464466e-04 | loss=30.777004
Epoch 016 | Step 860 | lr=1.464466e-04 | loss=29.917744
Epoch 016 | Step 870 | lr=1.464466e-04 | loss=29.922871
Epoch 016 | Step 880 | lr=1.464466e-04 | loss=30.489729
Epoch 016 | Step 890 | lr=1.464466e-04 | loss=30.764181
Epoch 016 | Step 900 | lr=1.464466e-04 | loss=30.692362
Epoch 016 | Step 910 | lr=1.464466e-04 | loss=31.600357
Epoch 016 | Step 920 | lr=1.464466e-04 | loss=29.425270
Epoch 016 | Step 930 | lr=1.464466e-04 | loss=30.261448
Epoch 016 | Step 940 | lr=1.464466e-04 | loss=29.766411
Epoch 016 | Step 950 | lr=1.464466e-04 | loss=31.690132
Epoch 016 | Step 960 | lr=1.464466e-04 | loss=31.192532
epoch 016 | train_kld=33.324715 | val_kld=41.987601 | val_mae=0.014989 | val_mse=0.001653 | ord_acc@10=0.0185 | recall@10=0.1919
Epoch 017 | Step 10 | lr=9.549150e-05 | loss=28.268471
Epoch 017 | Step 20 | lr=9.549150e-05 | loss=30.853954
Epoch 017 | Step 30 | lr=9.549150e-05 | loss=31.354122
Epoch 017 | Step 40 | lr=9.549150e-05 | loss=30.146023
Epoch 017 | Step 50 | lr=9.549150e-05 | loss=30.818047
Epoch 017 | Step 60 | lr=9.549150e-05 | loss=31.400291
Epoch 017 | Step 70 | lr=9.549150e-05 | loss=30.638496
Epoch 017 | Step 80 | lr=9.549150e-05 | loss=31.669613
Epoch 017 | Step 90 | lr=9.549150e-05 | loss=30.076771
Epoch 017 | Step 100 | lr=9.549150e-05 | loss=30.659016
Epoch 017 | Step 110 | lr=9.549150e-05 | loss=30.792397
Epoch 017 | Step 120 | lr=9.549150e-05 | loss=32.757156
Epoch 017 | Step 130 | lr=9.549150e-05 | loss=30.382000
Epoch 017 | Step 140 | lr=9.549150e-05 | loss=31.477242
Epoch 017 | Step 150 | lr=9.549150e-05 | loss=30.045990
Epoch 017 | Step 160 | lr=9.549150e-05 | loss=31.461849
Epoch 017 | Step 170 | lr=9.549150e-05 | loss=31.346428
Epoch 017 | Step 180 | lr=9.549150e-05 | loss=30.010082
Epoch 017 | Step 190 | lr=9.549150e-05 | loss=30.671841
Epoch 017 | Step 200 | lr=9.549150e-05 | loss=32.174908
Epoch 017 | Step 210 | lr=9.549150e-05 | loss=29.804884
Epoch 017 | Step 220 | lr=9.549150e-05 | loss=31.420811
Epoch 017 | Step 230 | lr=9.549150e-05 | loss=31.143795
Epoch 017 | Step 240 | lr=9.549150e-05 | loss=30.743660
Epoch 017 | Step 250 | lr=9.549150e-05 | loss=30.764179
Epoch 017 | Step 260 | lr=9.549150e-05 | loss=29.715111
Epoch 017 | Step 270 | lr=9.549150e-05 | loss=29.386793
Epoch 017 | Step 280 | lr=9.549150e-05 | loss=31.597794
Epoch 017 | Step 290 | lr=9.549150e-05 | loss=29.445789
Epoch 017 | Step 300 | lr=9.549150e-05 | loss=30.379436
Epoch 017 | Step 310 | lr=9.549150e-05 | loss=29.338058
Epoch 017 | Step 320 | lr=9.549150e-05 | loss=29.250851
Epoch 017 | Step 330 | lr=9.549150e-05 | loss=31.931238
Epoch 017 | Step 340 | lr=9.549150e-05 | loss=30.959116
Epoch 017 | Step 350 | lr=9.549150e-05 | loss=30.476904
Epoch 017 | Step 360 | lr=9.549150e-05 | loss=30.507683
Epoch 017 | Step 370 | lr=9.549150e-05 | loss=30.587198
Epoch 017 | Step 380 | lr=9.549150e-05 | loss=28.961010
Epoch 017 | Step 390 | lr=9.549150e-05 | loss=29.574036
Epoch 017 | Step 400 | lr=9.549150e-05 | loss=29.427834
Epoch 017 | Step 410 | lr=9.549150e-05 | loss=29.089258
Epoch 017 | Step 420 | lr=9.549150e-05 | loss=32.192863
Epoch 017 | Step 430 | lr=9.549150e-05 | loss=30.328136
Epoch 017 | Step 440 | lr=9.549150e-05 | loss=30.333267
Epoch 017 | Step 450 | lr=9.549150e-05 | loss=30.045990
Epoch 017 | Step 460 | lr=9.549150e-05 | loss=29.840792
Epoch 017 | Step 470 | lr=9.549150e-05 | loss=30.971943
Epoch 017 | Step 480 | lr=9.549150e-05 | loss=29.766411
Epoch 017 | Step 490 | lr=9.549150e-05 | loss=30.451254
Epoch 017 | Step 500 | lr=9.549150e-05 | loss=29.730499
Epoch 017 | Step 510 | lr=9.549150e-05 | loss=32.798195
Epoch 017 | Step 520 | lr=9.549150e-05 | loss=30.874472
Epoch 017 | Step 530 | lr=9.549150e-05 | loss=31.364382
Epoch 017 | Step 540 | lr=9.549150e-05 | loss=30.171673
Epoch 017 | Step 550 | lr=9.549150e-05 | loss=29.863876
Epoch 017 | Step 560 | lr=9.549150e-05 | loss=32.295464
Epoch 017 | Step 570 | lr=9.549150e-05 | loss=30.153717
Epoch 017 | Step 580 | lr=9.549150e-05 | loss=28.748119
Epoch 017 | Step 590 | lr=9.549150e-05 | loss=30.656450
Epoch 017 | Step 600 | lr=9.549150e-05 | loss=29.838226
Epoch 017 | Step 610 | lr=9.549150e-05 | loss=31.446459
Epoch 017 | Step 620 | lr=9.549150e-05 | loss=29.173903
Epoch 017 | Step 630 | lr=9.549150e-05 | loss=32.585304
Epoch 017 | Step 640 | lr=9.549150e-05 | loss=30.135765
Epoch 017 | Step 650 | lr=9.549150e-05 | loss=30.281967
Epoch 017 | Step 660 | lr=9.549150e-05 | loss=28.183826
Epoch 017 | Step 670 | lr=9.549150e-05 | loss=29.763844
Epoch 017 | Step 680 | lr=9.549150e-05 | loss=31.728607
Epoch 017 | Step 690 | lr=9.549150e-05 | loss=32.210819
Epoch 017 | Step 700 | lr=9.549150e-05 | loss=30.951422
Epoch 017 | Step 710 | lr=9.549150e-05 | loss=30.356350
Epoch 017 | Step 720 | lr=9.549150e-05 | loss=28.681431
Epoch 017 | Step 730 | lr=9.549150e-05 | loss=30.469210
Epoch 017 | Step 740 | lr=9.549150e-05 | loss=28.860977
Epoch 017 | Step 750 | lr=9.549150e-05 | loss=31.233570
Epoch 017 | Step 760 | lr=9.549150e-05 | loss=33.477913
Epoch 017 | Step 770 | lr=9.549150e-05 | loss=31.915848
Epoch 017 | Step 780 | lr=9.549150e-05 | loss=33.046997
Epoch 017 | Step 790 | lr=9.549150e-05 | loss=30.807783
Epoch 017 | Step 800 | lr=9.549150e-05 | loss=30.517944
Epoch 017 | Step 810 | lr=9.549150e-05 | loss=30.825741
Epoch 017 | Step 820 | lr=9.549150e-05 | loss=31.313082
Epoch 017 | Step 830 | lr=9.549150e-05 | loss=31.669613
Epoch 017 | Step 840 | lr=9.549150e-05 | loss=34.480812
Epoch 017 | Step 850 | lr=9.549150e-05 | loss=32.190300
Epoch 017 | Step 860 | lr=9.549150e-05 | loss=35.209263
Epoch 017 | Step 870 | lr=9.549150e-05 | loss=34.842472
Epoch 017 | Step 880 | lr=9.549150e-05 | loss=37.158638
Epoch 017 | Step 890 | lr=9.549150e-05 | loss=43.996830
Epoch 017 | Step 900 | lr=9.549150e-05 | loss=38.359039
Epoch 017 | Step 910 | lr=9.549150e-05 | loss=38.461636
Epoch 017 | Step 920 | lr=9.549150e-05 | loss=34.796303
Epoch 017 | Step 930 | lr=9.549150e-05 | loss=34.819389
Epoch 017 | Step 940 | lr=9.549150e-05 | loss=34.601368
Epoch 017 | Step 950 | lr=9.549150e-05 | loss=31.574709
Epoch 017 | Step 960 | lr=9.549150e-05 | loss=32.569916
epoch 017 | train_kld=31.177789 | val_kld=31.932219 | val_mae=0.014989 | val_mse=0.001653 | ord_acc@10=0.0189 | recall@10=0.1949
Epoch 018 | Step 10 | lr=5.449674e-05 | loss=33.549732
Epoch 018 | Step 20 | lr=5.449674e-05 | loss=33.072647
Epoch 018 | Step 30 | lr=5.449674e-05 | loss=33.426613
Epoch 018 | Step 40 | lr=5.449674e-05 | loss=33.241936
Epoch 018 | Step 50 | lr=5.449674e-05 | loss=31.423378
Epoch 018 | Step 60 | lr=5.449674e-05 | loss=32.785370
Epoch 018 | Step 70 | lr=5.449674e-05 | loss=32.516048
Epoch 018 | Step 80 | lr=5.449674e-05 | loss=31.920979
Epoch 018 | Step 90 | lr=5.449674e-05 | loss=30.936035
Epoch 018 | Step 100 | lr=5.449674e-05 | loss=31.179705
Epoch 018 | Step 110 | lr=5.449674e-05 | loss=30.802654
Epoch 018 | Step 120 | lr=5.449674e-05 | loss=30.289661
Epoch 018 | Step 130 | lr=5.449674e-05 | loss=30.930902
Epoch 018 | Step 140 | lr=5.449674e-05 | loss=31.125839
Epoch 018 | Step 150 | lr=5.449674e-05 | loss=30.507685
Epoch 018 | Step 160 | lr=5.449674e-05 | loss=30.435863
Epoch 018 | Step 170 | lr=5.449674e-05 | loss=27.845251
Epoch 018 | Step 180 | lr=5.449674e-05 | loss=29.727936
Epoch 018 | Step 190 | lr=5.449674e-05 | loss=31.664482
Epoch 018 | Step 200 | lr=5.449674e-05 | loss=29.840794
Epoch 018 | Step 210 | lr=5.449674e-05 | loss=29.830532
Epoch 018 | Step 220 | lr=5.449674e-05 | loss=29.027700
Epoch 018 | Step 230 | lr=5.449674e-05 | loss=30.289661
Epoch 018 | Step 240 | lr=5.449674e-05 | loss=30.230667
Epoch 018 | Step 250 | lr=5.449674e-05 | loss=31.936367
Epoch 018 | Step 260 | lr=5.449674e-05 | loss=31.192530
Epoch 018 | Step 270 | lr=5.449674e-05 | loss=29.163643
Epoch 018 | Step 280 | lr=5.449674e-05 | loss=27.755478
Epoch 018 | Step 290 | lr=5.449674e-05 | loss=28.212040
Epoch 018 | Step 300 | lr=5.449674e-05 | loss=28.932796
Epoch 018 | Step 310 | lr=5.449674e-05 | loss=29.615076
Epoch 018 | Step 320 | lr=5.449674e-05 | loss=30.297356
Epoch 018 | Step 330 | lr=5.449674e-05 | loss=30.284533
Epoch 018 | Step 340 | lr=5.449674e-05 | loss=28.088923
Epoch 018 | Step 350 | lr=5.449674e-05 | loss=28.881496
Epoch 018 | Step 360 | lr=5.449674e-05 | loss=29.668941
Epoch 018 | Step 370 | lr=5.449674e-05 | loss=27.719566
Epoch 018 | Step 380 | lr=5.449674e-05 | loss=29.356014
Epoch 018 | Step 390 | lr=5.449674e-05 | loss=28.427498
Epoch 018 | Step 400 | lr=5.449674e-05 | loss=29.063610
Epoch 018 | Step 410 | lr=5.449674e-05 | loss=27.209141
Epoch 018 | Step 420 | lr=5.449674e-05 | loss=29.081564
Epoch 018 | Step 430 | lr=5.449674e-05 | loss=27.296349
Epoch 018 | Step 440 | lr=5.449674e-05 | loss=28.878933
Epoch 018 | Step 450 | lr=5.449674e-05 | loss=28.412107
Epoch 018 | Step 460 | lr=5.449674e-05 | loss=29.084127
Epoch 018 | Step 470 | lr=5.449674e-05 | loss=25.911270
Epoch 018 | Step 480 | lr=5.449674e-05 | loss=28.614742
Epoch 018 | Step 490 | lr=5.449674e-05 | loss=27.960674
Epoch 018 | Step 500 | lr=5.449674e-05 | loss=27.704178
Epoch 018 | Step 510 | lr=5.449674e-05 | loss=28.368504
Epoch 018 | Step 520 | lr=5.449674e-05 | loss=28.112007
Epoch 018 | Step 530 | lr=5.449674e-05 | loss=28.106876
Epoch 018 | Step 540 | lr=5.449674e-05 | loss=26.880825
Epoch 018 | Step 550 | lr=5.449674e-05 | loss=29.012310
Epoch 018 | Step 560 | lr=5.449674e-05 | loss=29.394489
Epoch 018 | Step 570 | lr=5.449674e-05 | loss=27.478462
Epoch 018 | Step 580 | lr=5.449674e-05 | loss=29.171337
Epoch 018 | Step 590 | lr=5.449674e-05 | loss=27.042416
Epoch 018 | Step 600 | lr=5.449674e-05 | loss=27.924765
Epoch 018 | Step 610 | lr=5.449674e-05 | loss=27.935024
Epoch 018 | Step 620 | lr=5.449674e-05 | loss=30.161415
Epoch 018 | Step 630 | lr=5.449674e-05 | loss=29.068739
Epoch 018 | Step 640 | lr=5.449674e-05 | loss=28.258209
Epoch 018 | Step 650 | lr=5.449674e-05 | loss=29.150818
Epoch 018 | Step 660 | lr=5.449674e-05 | loss=28.568569
Epoch 018 | Step 670 | lr=5.449674e-05 | loss=27.717003
Epoch 018 | Step 680 | lr=5.449674e-05 | loss=27.740088
Epoch 018 | Step 690 | lr=5.449674e-05 | loss=29.692026
Epoch 018 | Step 700 | lr=5.449674e-05 | loss=29.430399
Epoch 018 | Step 710 | lr=5.449674e-05 | loss=29.817707
Epoch 018 | Step 720 | lr=5.449674e-05 | loss=28.799419
Epoch 018 | Step 730 | lr=5.449674e-05 | loss=29.884396
Epoch 018 | Step 740 | lr=5.449674e-05 | loss=28.263340
Epoch 018 | Step 750 | lr=5.449674e-05 | loss=28.450583
Epoch 018 | Step 760 | lr=5.449674e-05 | loss=27.770866
Epoch 018 | Step 770 | lr=5.449674e-05 | loss=29.335495
Epoch 018 | Step 780 | lr=5.449674e-05 | loss=26.911604
Epoch 018 | Step 790 | lr=5.449674e-05 | loss=29.540691
Epoch 018 | Step 800 | lr=5.449674e-05 | loss=26.939819
Epoch 018 | Step 810 | lr=5.449674e-05 | loss=28.591656
Epoch 018 | Step 820 | lr=5.449674e-05 | loss=28.545486
Epoch 018 | Step 830 | lr=5.449674e-05 | loss=27.801647
Epoch 018 | Step 840 | lr=5.449674e-05 | loss=27.583624
Epoch 018 | Step 850 | lr=5.449674e-05 | loss=29.002050
Epoch 018 | Step 860 | lr=5.449674e-05 | loss=28.165871
Epoch 018 | Step 870 | lr=5.449674e-05 | loss=27.565670
Epoch 018 | Step 880 | lr=5.449674e-05 | loss=26.447346
Epoch 018 | Step 890 | lr=5.449674e-05 | loss=26.921864
Epoch 018 | Step 900 | lr=5.449674e-05 | loss=28.294121
Epoch 018 | Step 910 | lr=5.449674e-05 | loss=28.496754
Epoch 018 | Step 920 | lr=5.449674e-05 | loss=27.758041
Epoch 018 | Step 930 | lr=5.449674e-05 | loss=29.984430
Epoch 018 | Step 940 | lr=5.449674e-05 | loss=26.252407
Epoch 018 | Step 950 | lr=5.449674e-05 | loss=29.463743
Epoch 018 | Step 960 | lr=5.449674e-05 | loss=28.755812
epoch 018 | train_kld=29.151119 | val_kld=45.886149 | val_mae=0.014989 | val_mse=0.001653 | ord_acc@10=0.0187 | recall@10=0.1922
Epoch 019 | Step 10 | lr=2.447174e-05 | loss=27.663137
Epoch 019 | Step 20 | lr=2.447174e-05 | loss=28.763508
Epoch 019 | Step 30 | lr=2.447174e-05 | loss=27.075760
Epoch 019 | Step 40 | lr=2.447174e-05 | loss=28.409542
Epoch 019 | Step 50 | lr=2.447174e-05 | loss=26.380657
Epoch 019 | Step 60 | lr=2.447174e-05 | loss=27.224529
Epoch 019 | Step 70 | lr=2.447174e-05 | loss=26.803875
Epoch 019 | Step 80 | lr=2.447174e-05 | loss=27.139885
Epoch 019 | Step 90 | lr=2.447174e-05 | loss=28.445454
Epoch 019 | Step 100 | lr=2.447174e-05 | loss=27.406643
Epoch 019 | Step 110 | lr=2.447174e-05 | loss=29.230331
Epoch 019 | Step 120 | lr=2.447174e-05 | loss=27.363037
Epoch 019 | Step 130 | lr=2.447174e-05 | loss=27.724697
Epoch 019 | Step 140 | lr=2.447174e-05 | loss=27.681093
Epoch 019 | Step 150 | lr=2.447174e-05 | loss=27.988888
Epoch 019 | Step 160 | lr=2.447174e-05 | loss=29.035395
Epoch 019 | Step 170 | lr=2.447174e-05 | loss=27.940155
Epoch 019 | Step 180 | lr=2.447174e-05 | loss=30.161411
Epoch 019 | Step 190 | lr=2.447174e-05 | loss=26.975729
Epoch 019 | Step 200 | lr=2.447174e-05 | loss=28.371069
Epoch 019 | Step 210 | lr=2.447174e-05 | loss=29.140558
Epoch 019 | Step 220 | lr=2.447174e-05 | loss=29.625336
Epoch 019 | Step 230 | lr=2.447174e-05 | loss=29.263678
Epoch 019 | Step 240 | lr=2.447174e-05 | loss=27.219398
Epoch 019 | Step 250 | lr=2.447174e-05 | loss=28.011974
Epoch 019 | Step 260 | lr=2.447174e-05 | loss=27.827295
Epoch 019 | Step 270 | lr=2.447174e-05 | loss=27.963240
Epoch 019 | Step 280 | lr=2.447174e-05 | loss=28.501883
Epoch 019 | Step 290 | lr=2.447174e-05 | loss=28.578831
Epoch 019 | Step 300 | lr=2.447174e-05 | loss=29.869007
Epoch 019 | Step 310 | lr=2.447174e-05 | loss=27.465637
Epoch 019 | Step 320 | lr=2.447174e-05 | loss=28.530096
Epoch 019 | Step 330 | lr=2.447174e-05 | loss=28.040188
Epoch 019 | Step 340 | lr=2.447174e-05 | loss=28.671169
Epoch 019 | Step 350 | lr=2.447174e-05 | loss=27.047546
Epoch 019 | Step 360 | lr=2.447174e-05 | loss=28.943054
Epoch 019 | Step 370 | lr=2.447174e-05 | loss=29.912613
Epoch 019 | Step 380 | lr=2.447174e-05 | loss=28.481361
Epoch 019 | Step 390 | lr=2.447174e-05 | loss=30.033165
Epoch 019 | Step 400 | lr=2.447174e-05 | loss=27.752911
Epoch 019 | Step 410 | lr=2.447174e-05 | loss=28.037622
Epoch 019 | Step 420 | lr=2.447174e-05 | loss=28.412109
Epoch 019 | Step 430 | lr=2.447174e-05 | loss=30.561546
Epoch 019 | Step 440 | lr=2.447174e-05 | loss=28.855846
Epoch 019 | Step 450 | lr=2.447174e-05 | loss=28.799419
Epoch 019 | Step 460 | lr=2.447174e-05 | loss=28.843021
Epoch 019 | Step 470 | lr=2.447174e-05 | loss=28.501881
Epoch 019 | Step 480 | lr=2.447174e-05 | loss=27.732393
Epoch 019 | Step 490 | lr=2.447174e-05 | loss=27.935024
Epoch 019 | Step 500 | lr=2.447174e-05 | loss=28.909710
Epoch 019 | Step 510 | lr=2.447174e-05 | loss=28.996922
Epoch 019 | Step 520 | lr=2.447174e-05 | loss=27.673397
Epoch 019 | Step 530 | lr=2.447174e-05 | loss=27.637489
Epoch 019 | Step 540 | lr=2.447174e-05 | loss=28.717339
Epoch 019 | Step 550 | lr=2.447174e-05 | loss=30.163979
Epoch 019 | Step 560 | lr=2.447174e-05 | loss=29.797188
Epoch 019 | Step 570 | lr=2.447174e-05 | loss=29.350885
Epoch 019 | Step 580 | lr=2.447174e-05 | loss=29.576603
Epoch 019 | Step 590 | lr=2.447174e-05 | loss=28.340290
Epoch 019 | Step 600 | lr=2.447174e-05 | loss=29.679199
Epoch 019 | Step 610 | lr=2.447174e-05 | loss=30.040861
Epoch 019 | Step 620 | lr=2.447174e-05 | loss=28.394154
Epoch 019 | Step 630 | lr=2.447174e-05 | loss=27.817038
Epoch 019 | Step 640 | lr=2.447174e-05 | loss=28.440323
Epoch 019 | Step 650 | lr=2.447174e-05 | loss=28.453146
Epoch 019 | Step 660 | lr=2.447174e-05 | loss=28.668606
Epoch 019 | Step 670 | lr=2.447174e-05 | loss=27.991455
Epoch 019 | Step 680 | lr=2.447174e-05 | loss=26.698711
Epoch 019 | Step 690 | lr=2.447174e-05 | loss=28.583960
Epoch 019 | Step 700 | lr=2.447174e-05 | loss=28.276165
Epoch 019 | Step 710 | lr=2.447174e-05 | loss=28.586525
Epoch 019 | Step 720 | lr=2.447174e-05 | loss=29.658680
Epoch 019 | Step 730 | lr=2.447174e-05 | loss=29.502216
Epoch 019 | Step 740 | lr=2.447174e-05 | loss=28.599350
Epoch 019 | Step 750 | lr=2.447174e-05 | loss=29.525303
Epoch 019 | Step 760 | lr=2.447174e-05 | loss=28.145351
Epoch 019 | Step 770 | lr=2.447174e-05 | loss=27.773432
Epoch 019 | Step 780 | lr=2.447174e-05 | loss=27.876030
Epoch 019 | Step 790 | lr=2.447174e-05 | loss=28.091488
Epoch 019 | Step 800 | lr=2.447174e-05 | loss=27.091152
Epoch 019 | Step 810 | lr=2.447174e-05 | loss=28.112007
Epoch 019 | Step 820 | lr=2.447174e-05 | loss=27.852945
Epoch 019 | Step 830 | lr=2.447174e-05 | loss=28.902016
Epoch 019 | Step 840 | lr=2.447174e-05 | loss=27.619534
Epoch 019 | Step 850 | lr=2.447174e-05 | loss=28.409542
Epoch 019 | Step 860 | lr=2.447174e-05 | loss=27.876030
Epoch 019 | Step 870 | lr=2.447174e-05 | loss=29.807449
Epoch 019 | Step 880 | lr=2.447174e-05 | loss=29.217506
Epoch 019 | Step 890 | lr=2.447174e-05 | loss=28.727598
Epoch 019 | Step 900 | lr=2.447174e-05 | loss=28.199215
Epoch 019 | Step 910 | lr=2.447174e-05 | loss=29.238026
Epoch 019 | Step 920 | lr=2.447174e-05 | loss=30.040859
Epoch 019 | Step 930 | lr=2.447174e-05 | loss=28.371069
Epoch 019 | Step 940 | lr=2.447174e-05 | loss=29.114910
Epoch 019 | Step 950 | lr=2.447174e-05 | loss=29.627901
Epoch 019 | Step 960 | lr=2.447174e-05 | loss=30.415344
epoch 019 | train_kld=28.533018 | val_kld=35.104797 | val_mae=0.014989 | val_mse=0.001653 | ord_acc@10=0.0186 | recall@10=0.1937
Epoch 020 | Step 10 | lr=6.155830e-06 | loss=29.130297
Epoch 020 | Step 20 | lr=6.155830e-06 | loss=28.191521
Epoch 020 | Step 30 | lr=6.155830e-06 | loss=31.159185
Epoch 020 | Step 40 | lr=6.155830e-06 | loss=29.499653
Epoch 020 | Step 50 | lr=6.155830e-06 | loss=28.819937
Epoch 020 | Step 60 | lr=6.155830e-06 | loss=27.868336
Epoch 020 | Step 70 | lr=6.155830e-06 | loss=28.253080
Epoch 020 | Step 80 | lr=6.155830e-06 | loss=29.096954
Epoch 020 | Step 90 | lr=6.155830e-06 | loss=28.494186
Epoch 020 | Step 100 | lr=6.155830e-06 | loss=28.978966
Epoch 020 | Step 110 | lr=6.155830e-06 | loss=27.319433
Epoch 020 | Step 120 | lr=6.155830e-06 | loss=29.928001
Epoch 020 | Step 130 | lr=6.155830e-06 | loss=28.902016
Epoch 020 | Step 140 | lr=6.155830e-06 | loss=26.334488
Epoch 020 | Step 150 | lr=6.155830e-06 | loss=29.425268
Epoch 020 | Step 160 | lr=6.155830e-06 | loss=29.789494
Epoch 020 | Step 170 | lr=6.155830e-06 | loss=28.750683
Epoch 020 | Step 180 | lr=6.155830e-06 | loss=28.791721
Epoch 020 | Step 190 | lr=6.155830e-06 | loss=28.786594
Epoch 020 | Step 200 | lr=6.155830e-06 | loss=28.535227
Epoch 020 | Step 210 | lr=6.155830e-06 | loss=27.765738
Epoch 020 | Step 220 | lr=6.155830e-06 | loss=28.886627
Epoch 020 | Step 230 | lr=6.155830e-06 | loss=27.988890
Epoch 020 | Step 240 | lr=6.155830e-06 | loss=31.066845
Epoch 020 | Step 250 | lr=6.155830e-06 | loss=29.522738
Epoch 020 | Step 260 | lr=6.155830e-06 | loss=28.560875
Epoch 020 | Step 270 | lr=6.155830e-06 | loss=29.404749
Epoch 020 | Step 280 | lr=6.155830e-06 | loss=27.524632
Epoch 020 | Step 290 | lr=6.155830e-06 | loss=30.281967
Epoch 020 | Step 300 | lr=6.155830e-06 | loss=27.324562
Epoch 020 | Step 310 | lr=6.155830e-06 | loss=29.356014
Epoch 020 | Step 320 | lr=6.155830e-06 | loss=30.966812
Epoch 020 | Step 330 | lr=6.155830e-06 | loss=27.145016
Epoch 020 | Step 340 | lr=6.155830e-06 | loss=27.750347
Epoch 020 | Step 350 | lr=6.155830e-06 | loss=28.809677
Epoch 020 | Step 360 | lr=6.155830e-06 | loss=29.399620
Epoch 020 | Step 370 | lr=6.155830e-06 | loss=27.196316
Epoch 020 | Step 380 | lr=6.155830e-06 | loss=30.022907
Epoch 020 | Step 390 | lr=6.155830e-06 | loss=27.160404
Epoch 020 | Step 400 | lr=6.155830e-06 | loss=28.681429
Epoch 020 | Step 410 | lr=6.155830e-06 | loss=28.319769
Epoch 020 | Step 420 | lr=6.155830e-06 | loss=29.325237
Epoch 020 | Step 430 | lr=6.155830e-06 | loss=27.883724
Epoch 020 | Step 440 | lr=6.155830e-06 | loss=29.861313
Epoch 020 | Step 450 | lr=6.155830e-06 | loss=29.179033
Epoch 020 | Step 460 | lr=6.155830e-06 | loss=27.793951
Epoch 020 | Step 470 | lr=6.155830e-06 | loss=29.563778
Epoch 020 | Step 480 | lr=6.155830e-06 | loss=29.376534
Epoch 020 | Step 490 | lr=6.155830e-06 | loss=28.707079
Epoch 020 | Step 500 | lr=6.155830e-06 | loss=29.379101
Epoch 020 | Step 510 | lr=6.155830e-06 | loss=28.576267
Epoch 020 | Step 520 | lr=6.155830e-06 | loss=29.217506
Epoch 020 | Step 530 | lr=6.155830e-06 | loss=30.402521
Epoch 020 | Step 540 | lr=6.155830e-06 | loss=28.919971
Epoch 020 | Step 550 | lr=6.155830e-06 | loss=28.188957
Epoch 020 | Step 560 | lr=6.155830e-06 | loss=28.253078
Epoch 020 | Step 570 | lr=6.155830e-06 | loss=30.743660
Epoch 020 | Step 580 | lr=6.155830e-06 | loss=30.299923
Epoch 020 | Step 590 | lr=6.155830e-06 | loss=29.020004
Epoch 020 | Step 600 | lr=6.155830e-06 | loss=28.350548
Epoch 020 | Step 610 | lr=6.155830e-06 | loss=31.002722
Epoch 020 | Step 620 | lr=6.155830e-06 | loss=29.894657
Epoch 020 | Step 630 | lr=6.155830e-06 | loss=28.463406
Epoch 020 | Step 640 | lr=6.155830e-06 | loss=29.112343
Epoch 020 | Step 650 | lr=6.155830e-06 | loss=27.424597
Epoch 020 | Step 660 | lr=6.155830e-06 | loss=30.920643
Epoch 020 | Step 670 | lr=6.155830e-06 | loss=28.424932
Epoch 020 | Step 680 | lr=6.155830e-06 | loss=29.004614
Epoch 020 | Step 690 | lr=6.155830e-06 | loss=28.835327
Epoch 020 | Step 700 | lr=6.155830e-06 | loss=30.415344
Epoch 020 | Step 710 | lr=6.155830e-06 | loss=26.080555
Epoch 020 | Step 720 | lr=6.155830e-06 | loss=30.692362
Epoch 020 | Step 730 | lr=6.155830e-06 | loss=30.417912
Epoch 020 | Step 740 | lr=6.155830e-06 | loss=29.861313
Epoch 020 | Step 750 | lr=6.155830e-06 | loss=27.363039
Epoch 020 | Step 760 | lr=6.155830e-06 | loss=31.223309
Epoch 020 | Step 770 | lr=6.155830e-06 | loss=29.397053
Epoch 020 | Step 780 | lr=6.155830e-06 | loss=29.053349
Epoch 020 | Step 790 | lr=6.155830e-06 | loss=27.973499
Epoch 020 | Step 800 | lr=6.155830e-06 | loss=28.981531
Epoch 020 | Step 810 | lr=6.155830e-06 | loss=30.256317
Epoch 020 | Step 820 | lr=6.155830e-06 | loss=28.958445
Epoch 020 | Step 830 | lr=6.155830e-06 | loss=30.125504
Epoch 020 | Step 840 | lr=6.155830e-06 | loss=28.404413
Epoch 020 | Step 850 | lr=6.155830e-06 | loss=30.384565
Epoch 020 | Step 860 | lr=6.155830e-06 | loss=28.948185
Epoch 020 | Step 870 | lr=6.155830e-06 | loss=32.003056
Epoch 020 | Step 880 | lr=6.155830e-06 | loss=28.617306
Epoch 020 | Step 890 | lr=6.155830e-06 | loss=28.655781
Epoch 020 | Step 900 | lr=6.155830e-06 | loss=29.851051
Epoch 020 | Step 910 | lr=6.155830e-06 | loss=28.596786
Epoch 020 | Step 920 | lr=6.155830e-06 | loss=29.586861
Epoch 020 | Step 930 | lr=6.155830e-06 | loss=29.810013
Epoch 020 | Step 940 | lr=6.155830e-06 | loss=27.960674
Epoch 020 | Step 950 | lr=6.155830e-06 | loss=29.189293
Epoch 020 | Step 960 | lr=6.155830e-06 | loss=28.953316
/mnt/hdd/xln/PycharmProjects/PredictLeafNode/src/model/cluster_dist_transformer_original.py:844: FutureWarning: You are using `torch.load` with `weights_only=False` (the current default value), which uses the default pickle module implicitly. It is possible to construct malicious pickle data which will execute arbitrary code during unpickling (See https://github.com/pytorch/pytorch/blob/main/SECURITY.md#untrusted-models for more details). In a future release, the default value for `weights_only` will be flipped to `True`. This limits the functions that could be executed during unpickling. Arbitrary objects will no longer be allowed to be loaded via this mode unless they are explicitly allowlisted by the user via `torch.serialization.add_safe_globals`. We recommend you start setting `weights_only=True` for any use case where you don't have full control of the loaded file. Please open an issue on GitHub for any issues related to this experimental feature.
  ckpt = torch.load(best_path, map_location=device)
epoch 020 | train_kld=29.062966 | val_kld=27.943843 | val_mae=0.014989 | val_mse=0.001653 | ord_acc@10=0.0186 | recall@10=0.1941
Saved epoch 1 batch metrics plot to input/Training_data/gist1M_learn/leafsize20K/E_model_d256_L4_H8_ff512_topk10_bs512_ep20_lr0.001_wd0.01_bilinear_normalizeTrue_posTrue_gatingTrue_loss_typerecall_focused_loss_use_type_embedTrue/model_d256_L4_H8_ff512_topk10_bs512_ep20_lr0.001_wd0.01_bilinear_normalizeTrue_posTrue_gatingTrue_loss_typerecall_focused_loss_use_type_embedTrue_epoch1_batch_metrics@10.png
Saved epoch metrics plot to input/Training_data/gist1M_learn/leafsize20K/E_model_d256_L4_H8_ff512_topk10_bs512_ep20_lr0.001_wd0.01_bilinear_normalizeTrue_posTrue_gatingTrue_loss_typerecall_focused_loss_use_type_embedTrue/model_d256_L4_H8_ff512_topk10_bs512_ep20_lr0.001_wd0.01_bilinear_normalizeTrue_posTrue_gatingTrue_loss_typerecall_focused_loss_use_type_embedTrue_epoch_metrics.png
best val_kld: 27.943843 at epoch 20
Loaded checkpoint from input/Training_data/gist1M_learn/leafsize20K/E_model_d256_L4_H8_ff512_topk10_bs512_ep20_lr0.001_wd0.01_bilinear_normalizeTrue_posTrue_gatingTrue_loss_typerecall_focused_loss_use_type_embedTrue/model_d256_L4_H8_ff512_topk10_bs512_ep20_lr0.001_wd0.01_bilinear_normalizeTrue_posTrue_gatingTrue_loss_typerecall_focused_loss_use_type_embedTrue.pt (epoch=20)
[TEST] kld=28.903575 | mae=0.014883 | mse=0.001556 | ord_acc@10=0.0129 | recall@10=0.1668
Saving model predictions to file...
Saved predictions -> input/Training_data/gist1M_learn/leafsize20K/E_model_d256_L4_H8_ff512_topk10_bs512_ep20_lr0.001_wd0.01_bilinear_normalizeTrue_posTrue_gatingTrue_loss_typerecall_focused_loss_use_type_embedTrue/model_d256_L4_H8_ff512_topk10_bs512_ep20_lr0.001_wd0.01_bilinear_normalizeTrue_posTrue_gatingTrue_loss_typerecall_focused_loss_use_type_embedTrue_pred.txt
