/home/xln/miniconda3/envs/elpis_torch/lib/python3.12/site-packages/torch/nn/modules/transformer.py:379: UserWarning: enable_nested_tensor is True, but self.use_nested_tensor is False because encoder_layer.norm_first was True
  warnings.warn(
Using user data format:
  Train queries: input/Training_data/gist1M_learn/leafsize20K/dynamicK/train_queries.npz
  Train labels: input/Training_data/gist1M_learn/leafsize20K/dynamicK/train_labels.npz
Detected K=116, D=960
Supporting K values: [1, 10, 20, 50, 100]
Using user data format for data loading
Loading user data files:
  Queries: input/Training_data/gist1M_learn/leafsize20K/dynamicK/train_queries.npz
  Centroids: input/Training_data/gist1M_learn/leafsize20K/centroids.npy
  Labels: input/Training_data/gist1M_learn/leafsize20K/dynamicK/train_labels.npz
Warning: 'queries' key not found, using 'query_vectors' as queries
  Loading multi-K labels from: input/Training_data/gist1M_learn/leafsize20K/dynamicK/train_labels.npz
  Loaded K=1 labels: targets_k1, shape=(500000, 116)
  Loaded K=1 labels: shape=(500000, 116), sum_range=[1.000000, 1.000000]
  Loaded K=10 labels: targets_k10, shape=(500000, 116)
  Loaded K=10 labels: shape=(500000, 116), sum_range=[1.000000, 1.000000]
  Loaded K=20 labels: targets_k20, shape=(500000, 116)
  Loaded K=20 labels: shape=(500000, 116), sum_range=[1.000000, 1.000000]
  Loaded K=50 labels: targets_k50, shape=(500000, 116)
  Loaded K=50 labels: shape=(500000, 116), sum_range=[1.000000, 1.000000]
  Loaded K=100 labels: targets_k100, shape=(500000, 116)
  Loaded K=100 labels: shape=(500000, 116), sum_range=[1.000000, 1.000000]
Using stratified split by K values to ensure balanced distribution
  K=1: train=450000, val=50000
  K=10: train=450000, val=50000
  K=20: train=450000, val=50000
  K=50: train=450000, val=50000
  K=100: train=450000, val=50000
Stratified split completed: train_size=2250000, val_size=250000
Total samples per K-value: train=450000, val=50000

Training Configuration:
  Original queries: 500000
  K values: [1, 10, 20, 50, 100]
  Training mode: all
  Dataset size: 2500000
  Expected size (N*K): 500000 * 5 = 2500000
  Each query has 5 training samples (one per K value)
  Batch size: 128
  Batches per epoch: 17579

Enabling torch.compile optimization...
Using experiment ID: I
/home/xln/miniconda3/envs/elpis_torch/lib/python3.12/site-packages/torch/_inductor/compile_fx.py:167: UserWarning: TensorFloat32 tensor cores for float32 matrix multiplication available but not enabled. Consider setting `torch.set_float32_matmul_precision('high')` for better performance.
  warnings.warn(
Epoch 001 | Batch 10 | val_kld=2.092459 | val_ordacc@10=0.049432 | val_recall@10=0.392127
Epoch 001 | Batch 10 | K-values: K1=25, K10=25, K20=26, K50=28, K100=24
Epoch 001 | Batch 20 | val_kld=1.562709 | val_ordacc@10=0.077954 | val_recall@10=0.452443
Epoch 001 | Batch 20 | K-values: K1=32, K10=21, K20=27, K50=25, K100=23
Epoch 001 | Batch 30 | val_kld=1.339302 | val_ordacc@10=0.094015 | val_recall@10=0.498339
Epoch 001 | Batch 30 | K-values: K1=30, K10=25, K20=25, K50=23, K100=25
Epoch 001 | Batch 40 | val_kld=1.232102 | val_ordacc@10=0.103256 | val_recall@10=0.504830
Epoch 001 | Batch 40 | K-values: K1=31, K10=28, K20=21, K50=25, K100=23
Epoch 001 | Batch 50 | val_kld=1.137517 | val_ordacc@10=0.112922 | val_recall@10=0.515293
Epoch 001 | Batch 50 | K-values: K1=27, K10=25, K20=22, K50=24, K100=30
Epoch 001 | Batch 60 | val_kld=1.159485 | val_ordacc@10=0.104587 | val_recall@10=0.522277
Epoch 001 | Batch 60 | K-values: K1=27, K10=18, K20=33, K50=26, K100=24
Epoch 001 | Batch 70 | val_kld=1.090467 | val_ordacc@10=0.114510 | val_recall@10=0.519168
Epoch 001 | Batch 70 | K-values: K1=20, K10=32, K20=29, K50=21, K100=26
Epoch 001 | Batch 80 | val_kld=1.043534 | val_ordacc@10=0.122226 | val_recall@10=0.532693
Epoch 001 | Batch 80 | K-values: K1=25, K10=23, K20=23, K50=26, K100=31
Epoch 001 | Batch 90 | val_kld=1.053786 | val_ordacc@10=0.116697 | val_recall@10=0.532540
Epoch 001 | Batch 90 | K-values: K1=26, K10=26, K20=21, K50=25, K100=30
Epoch 001 | Batch 100 | val_kld=1.039963 | val_ordacc@10=0.122423 | val_recall@10=0.538965
Epoch 001 | Batch 100 | K-values: K1=23, K10=32, K20=25, K50=25, K100=23
Epoch 001 | Batch 110 | val_kld=1.023524 | val_ordacc@10=0.119854 | val_recall@10=0.539680
Epoch 001 | Batch 110 | K-values: K1=27, K10=26, K20=20, K50=29, K100=26
Epoch 001 | Batch 120 | val_kld=1.013723 | val_ordacc@10=0.120042 | val_recall@10=0.532501
Epoch 001 | Batch 120 | K-values: K1=24, K10=24, K20=28, K50=29, K100=23
Epoch 001 | Batch 130 | val_kld=0.975915 | val_ordacc@10=0.128702 | val_recall@10=0.543447
Epoch 001 | Batch 130 | K-values: K1=22, K10=24, K20=32, K50=20, K100=30
Epoch 001 | Batch 140 | val_kld=0.982078 | val_ordacc@10=0.129826 | val_recall@10=0.542144
Epoch 001 | Batch 140 | K-values: K1=24, K10=36, K20=29, K50=21, K100=18
Epoch 001 | Batch 150 | val_kld=0.985831 | val_ordacc@10=0.123220 | val_recall@10=0.539231
Epoch 001 | Batch 150 | K-values: K1=32, K10=18, K20=33, K50=23, K100=22
Epoch 001 | Batch 160 | val_kld=0.984153 | val_ordacc@10=0.124852 | val_recall@10=0.547035
Epoch 001 | Batch 160 | K-values: K1=34, K10=22, K20=31, K50=18, K100=23
Epoch 001 | Batch 170 | val_kld=0.964621 | val_ordacc@10=0.128326 | val_recall@10=0.544153
Epoch 001 | Batch 170 | K-values: K1=22, K10=28, K20=26, K50=26, K100=26
Epoch 001 | Batch 180 | val_kld=0.961654 | val_ordacc@10=0.128618 | val_recall@10=0.544548
Epoch 001 | Batch 180 | K-values: K1=19, K10=27, K20=26, K50=28, K100=28
Epoch 001 | Batch 190 | val_kld=0.962726 | val_ordacc@10=0.126052 | val_recall@10=0.540100
Epoch 001 | Batch 190 | K-values: K1=33, K10=29, K20=23, K50=24, K100=19
Epoch 001 | Batch 200 | val_kld=0.958626 | val_ordacc@10=0.129641 | val_recall@10=0.539384
Epoch 001 | Batch 200 | K-values: K1=31, K10=25, K20=29, K50=26, K100=17
Epoch 001 | Batch 210 | val_kld=0.963896 | val_ordacc@10=0.128426 | val_recall@10=0.548582
Epoch 001 | Batch 210 | K-values: K1=31, K10=22, K20=29, K50=21, K100=25
Epoch 001 | Batch 220 | val_kld=0.974295 | val_ordacc@10=0.124931 | val_recall@10=0.543450
Epoch 001 | Batch 220 | K-values: K1=26, K10=30, K20=25, K50=17, K100=30
Epoch 001 | Batch 230 | val_kld=0.940873 | val_ordacc@10=0.130766 | val_recall@10=0.545152
Epoch 001 | Batch 230 | K-values: K1=12, K10=26, K20=32, K50=24, K100=34
Epoch 001 | Batch 240 | val_kld=0.920558 | val_ordacc@10=0.135482 | val_recall@10=0.550275
Epoch 001 | Batch 240 | K-values: K1=25, K10=27, K20=26, K50=24, K100=26
Epoch 001 | Batch 250 | val_kld=0.929378 | val_ordacc@10=0.133115 | val_recall@10=0.549509
Epoch 001 | Batch 250 | K-values: K1=28, K10=31, K20=26, K50=20, K100=23
Epoch 001 | Batch 260 | val_kld=0.950031 | val_ordacc@10=0.130911 | val_recall@10=0.543498
Epoch 001 | Batch 260 | K-values: K1=19, K10=27, K20=15, K50=39, K100=28
Epoch 001 | Batch 270 | val_kld=0.958315 | val_ordacc@10=0.127674 | val_recall@10=0.546842
Epoch 001 | Batch 270 | K-values: K1=29, K10=26, K20=21, K50=26, K100=26
Epoch 001 | Batch 280 | val_kld=0.922060 | val_ordacc@10=0.136234 | val_recall@10=0.552977
Epoch 001 | Batch 280 | K-values: K1=24, K10=26, K20=24, K50=28, K100=26
Epoch 001 | Batch 290 | val_kld=0.955926 | val_ordacc@10=0.134032 | val_recall@10=0.550140
Epoch 001 | Batch 290 | K-values: K1=36, K10=24, K20=25, K50=24, K100=19
Epoch 001 | Batch 300 | val_kld=0.943383 | val_ordacc@10=0.132163 | val_recall@10=0.541815
Epoch 001 | Batch 300 | K-values: K1=24, K10=30, K20=18, K50=27, K100=29
Epoch 001 | Batch 310 | val_kld=0.932420 | val_ordacc@10=0.130849 | val_recall@10=0.542532
Epoch 001 | Batch 310 | K-values: K1=34, K10=14, K20=29, K50=30, K100=21
Epoch 001 | Batch 320 | val_kld=0.917308 | val_ordacc@10=0.132012 | val_recall@10=0.551445
Epoch 001 | Batch 320 | K-values: K1=27, K10=32, K20=22, K50=23, K100=24
Epoch 001 | Batch 330 | val_kld=0.950167 | val_ordacc@10=0.127780 | val_recall@10=0.544566
Epoch 001 | Batch 330 | K-values: K1=18, K10=25, K20=24, K50=32, K100=29
Epoch 001 | Batch 340 | val_kld=0.933699 | val_ordacc@10=0.129518 | val_recall@10=0.545598
Epoch 001 | Batch 340 | K-values: K1=26, K10=19, K20=30, K50=22, K100=31
Epoch 001 | Batch 350 | val_kld=0.910635 | val_ordacc@10=0.136008 | val_recall@10=0.550072
Epoch 001 | Batch 350 | K-values: K1=34, K10=16, K20=29, K50=22, K100=27
Epoch 001 | Batch 360 | val_kld=0.920717 | val_ordacc@10=0.132373 | val_recall@10=0.560374
Epoch 001 | Batch 360 | K-values: K1=27, K10=31, K20=19, K50=20, K100=31
Epoch 001 | Batch 370 | val_kld=0.907144 | val_ordacc@10=0.137168 | val_recall@10=0.546174
Epoch 001 | Batch 370 | K-values: K1=22, K10=25, K20=29, K50=23, K100=29
Epoch 001 | Batch 380 | val_kld=0.940453 | val_ordacc@10=0.133200 | val_recall@10=0.553042
Epoch 001 | Batch 380 | K-values: K1=28, K10=33, K20=19, K50=23, K100=25
Epoch 001 | Batch 390 | val_kld=0.939980 | val_ordacc@10=0.131307 | val_recall@10=0.544149
Epoch 001 | Batch 390 | K-values: K1=23, K10=26, K20=26, K50=24, K100=29
Epoch 001 | Batch 400 | val_kld=0.912388 | val_ordacc@10=0.135555 | val_recall@10=0.557618
Epoch 001 | Batch 400 | K-values: K1=22, K10=29, K20=22, K50=33, K100=22
Epoch 001 | Batch 410 | val_kld=0.903451 | val_ordacc@10=0.135984 | val_recall@10=0.554461
Epoch 001 | Batch 410 | K-values: K1=29, K10=30, K20=25, K50=21, K100=23
Epoch 001 | Batch 420 | val_kld=0.917802 | val_ordacc@10=0.135435 | val_recall@10=0.563686
Epoch 001 | Batch 420 | K-values: K1=15, K10=34, K20=30, K50=33, K100=16
Epoch 001 | Batch 430 | val_kld=0.917900 | val_ordacc@10=0.132992 | val_recall@10=0.548396
Epoch 001 | Batch 430 | K-values: K1=21, K10=27, K20=30, K50=28, K100=22
Epoch 001 | Batch 440 | val_kld=0.896803 | val_ordacc@10=0.139931 | val_recall@10=0.561636
Epoch 001 | Batch 440 | K-values: K1=31, K10=25, K20=21, K50=25, K100=26
Epoch 001 | Batch 450 | val_kld=0.912787 | val_ordacc@10=0.133742 | val_recall@10=0.547044
Epoch 001 | Batch 450 | K-values: K1=33, K10=22, K20=30, K50=23, K100=20
Epoch 001 | Batch 460 | val_kld=0.887881 | val_ordacc@10=0.139276 | val_recall@10=0.557387
Epoch 001 | Batch 460 | K-values: K1=20, K10=22, K20=37, K50=18, K100=31
Epoch 001 | Batch 470 | val_kld=0.900691 | val_ordacc@10=0.137213 | val_recall@10=0.555736
Epoch 001 | Batch 470 | K-values: K1=33, K10=23, K20=22, K50=25, K100=25
Epoch 001 | Batch 480 | val_kld=0.906607 | val_ordacc@10=0.135093 | val_recall@10=0.546056
Epoch 001 | Batch 480 | K-values: K1=28, K10=27, K20=23, K50=23, K100=27
Epoch 001 | Batch 490 | val_kld=0.910946 | val_ordacc@10=0.134785 | val_recall@10=0.553696
Epoch 001 | Batch 490 | K-values: K1=28, K10=21, K20=27, K50=30, K100=22
Epoch 001 | Batch 500 | val_kld=0.903079 | val_ordacc@10=0.134100 | val_recall@10=0.555686
Epoch 001 | Batch 500 | K-values: K1=25, K10=22, K20=25, K50=24, K100=32
Epoch 001 | Batch 510 | val_kld=0.904828 | val_ordacc@10=0.137229 | val_recall@10=0.553039
Epoch 001 | Batch 510 | K-values: K1=22, K10=32, K20=29, K50=30, K100=15
Epoch 001 | Batch 520 | val_kld=0.890795 | val_ordacc@10=0.138266 | val_recall@10=0.551880
Epoch 001 | Batch 520 | K-values: K1=23, K10=25, K20=27, K50=28, K100=25
Epoch 001 | Batch 530 | val_kld=0.905994 | val_ordacc@10=0.135290 | val_recall@10=0.559937
Epoch 001 | Batch 530 | K-values: K1=31, K10=30, K20=27, K50=18, K100=22
Epoch 001 | Batch 540 | val_kld=0.883421 | val_ordacc@10=0.136446 | val_recall@10=0.545492
Epoch 001 | Batch 540 | K-values: K1=29, K10=21, K20=27, K50=30, K100=21
Epoch 001 | Batch 550 | val_kld=0.872149 | val_ordacc@10=0.144269 | val_recall@10=0.563346
Epoch 001 | Batch 550 | K-values: K1=25, K10=25, K20=26, K50=27, K100=25
Epoch 001 | Batch 560 | val_kld=0.877758 | val_ordacc@10=0.141040 | val_recall@10=0.557795
Epoch 001 | Batch 560 | K-values: K1=31, K10=20, K20=28, K50=18, K100=31
Epoch 001 | Batch 570 | val_kld=0.881116 | val_ordacc@10=0.141018 | val_recall@10=0.564588
Epoch 001 | Batch 570 | K-values: K1=29, K10=21, K20=29, K50=25, K100=24
Epoch 001 | Batch 580 | val_kld=0.912248 | val_ordacc@10=0.134778 | val_recall@10=0.551388
Epoch 001 | Batch 580 | K-values: K1=20, K10=32, K20=27, K50=21, K100=28
Epoch 001 | Batch 590 | val_kld=0.877299 | val_ordacc@10=0.143144 | val_recall@10=0.562596
Epoch 001 | Batch 590 | K-values: K1=28, K10=17, K20=32, K50=39, K100=12
Epoch 001 | Batch 600 | val_kld=0.875792 | val_ordacc@10=0.141563 | val_recall@10=0.561692
Epoch 001 | Batch 600 | K-values: K1=22, K10=30, K20=29, K50=26, K100=21
Epoch 001 | Batch 610 | val_kld=0.893992 | val_ordacc@10=0.139101 | val_recall@10=0.561518
Epoch 001 | Batch 610 | K-values: K1=30, K10=19, K20=30, K50=22, K100=27
Epoch 001 | Batch 620 | val_kld=0.876122 | val_ordacc@10=0.139037 | val_recall@10=0.552070
Epoch 001 | Batch 620 | K-values: K1=26, K10=23, K20=27, K50=26, K100=26
Epoch 001 | Batch 630 | val_kld=0.903275 | val_ordacc@10=0.133136 | val_recall@10=0.556146
Epoch 001 | Batch 630 | K-values: K1=25, K10=32, K20=25, K50=23, K100=23
Epoch 001 | Batch 640 | val_kld=0.906455 | val_ordacc@10=0.135716 | val_recall@10=0.551631
Epoch 001 | Batch 640 | K-values: K1=22, K10=19, K20=33, K50=32, K100=22
Epoch 001 | Batch 650 | val_kld=0.882864 | val_ordacc@10=0.140312 | val_recall@10=0.562366
Epoch 001 | Batch 650 | K-values: K1=25, K10=31, K20=22, K50=22, K100=28
Epoch 001 | Batch 660 | val_kld=0.896158 | val_ordacc@10=0.138260 | val_recall@10=0.555338
Epoch 001 | Batch 660 | K-values: K1=35, K10=31, K20=23, K50=17, K100=22
Epoch 001 | Batch 670 | val_kld=0.911023 | val_ordacc@10=0.130908 | val_recall@10=0.552155
Epoch 001 | Batch 670 | K-values: K1=26, K10=25, K20=16, K50=30, K100=31
Epoch 001 | Batch 680 | val_kld=0.891883 | val_ordacc@10=0.138010 | val_recall@10=0.552017
Epoch 001 | Batch 680 | K-values: K1=23, K10=29, K20=31, K50=25, K100=20
Epoch 001 | Batch 690 | val_kld=0.880855 | val_ordacc@10=0.139604 | val_recall@10=0.555448
Epoch 001 | Batch 690 | K-values: K1=33, K10=15, K20=29, K50=19, K100=32
Epoch 001 | Batch 700 | val_kld=0.858165 | val_ordacc@10=0.144100 | val_recall@10=0.558608
Epoch 001 | Batch 700 | K-values: K1=29, K10=18, K20=25, K50=39, K100=17
Epoch 001 | Batch 710 | val_kld=0.876278 | val_ordacc@10=0.139755 | val_recall@10=0.560550
Epoch 001 | Batch 710 | K-values: K1=38, K10=22, K20=28, K50=18, K100=22
Epoch 001 | Batch 720 | val_kld=0.906684 | val_ordacc@10=0.134220 | val_recall@10=0.549413
Epoch 001 | Batch 720 | K-values: K1=25, K10=21, K20=24, K50=32, K100=26
Epoch 001 | Batch 730 | val_kld=0.846586 | val_ordacc@10=0.146011 | val_recall@10=0.567833
Epoch 001 | Batch 730 | K-values: K1=24, K10=18, K20=19, K50=32, K100=35
Epoch 001 | Batch 740 | val_kld=0.881911 | val_ordacc@10=0.136408 | val_recall@10=0.554249
Epoch 001 | Batch 740 | K-values: K1=31, K10=22, K20=22, K50=36, K100=17
Epoch 001 | Batch 750 | val_kld=0.874069 | val_ordacc@10=0.139540 | val_recall@10=0.549859
Epoch 001 | Batch 750 | K-values: K1=25, K10=26, K20=24, K50=25, K100=28
Epoch 001 | Batch 760 | val_kld=0.853319 | val_ordacc@10=0.147123 | val_recall@10=0.564622
Epoch 001 | Batch 760 | K-values: K1=28, K10=21, K20=34, K50=22, K100=23
Epoch 001 | Batch 770 | val_kld=0.872260 | val_ordacc@10=0.140241 | val_recall@10=0.552525
Epoch 001 | Batch 770 | K-values: K1=23, K10=29, K20=26, K50=26, K100=24
Epoch 001 | Batch 780 | val_kld=0.879510 | val_ordacc@10=0.138602 | val_recall@10=0.552875
Epoch 001 | Batch 780 | K-values: K1=25, K10=29, K20=23, K50=26, K100=25
Epoch 001 | Batch 790 | val_kld=0.855255 | val_ordacc@10=0.141962 | val_recall@10=0.561196
Epoch 001 | Batch 790 | K-values: K1=32, K10=25, K20=23, K50=20, K100=28
Epoch 001 | Batch 800 | val_kld=0.879076 | val_ordacc@10=0.135799 | val_recall@10=0.552780
Epoch 001 | Batch 800 | K-values: K1=24, K10=28, K20=27, K50=24, K100=25
Epoch 001 | Batch 810 | val_kld=0.860864 | val_ordacc@10=0.142694 | val_recall@10=0.563388
Epoch 001 | Batch 810 | K-values: K1=24, K10=27, K20=26, K50=21, K100=30
Epoch 001 | Batch 820 | val_kld=0.880942 | val_ordacc@10=0.139828 | val_recall@10=0.565179
Epoch 001 | Batch 820 | K-values: K1=33, K10=28, K20=17, K50=28, K100=22
Epoch 001 | Batch 830 | val_kld=0.869313 | val_ordacc@10=0.142795 | val_recall@10=0.559577
Epoch 001 | Batch 830 | K-values: K1=29, K10=23, K20=26, K50=21, K100=29
Epoch 001 | Batch 840 | val_kld=0.873933 | val_ordacc@10=0.143049 | val_recall@10=0.557468
Epoch 001 | Batch 840 | K-values: K1=22, K10=26, K20=28, K50=30, K100=22
Epoch 001 | Batch 850 | val_kld=0.846749 | val_ordacc@10=0.144225 | val_recall@10=0.562324
Epoch 001 | Batch 850 | K-values: K1=30, K10=21, K20=30, K50=18, K100=29
Epoch 001 | Batch 860 | val_kld=0.872316 | val_ordacc@10=0.139266 | val_recall@10=0.561198
Epoch 001 | Batch 860 | K-values: K1=29, K10=23, K20=29, K50=23, K100=24
Epoch 001 | Batch 870 | val_kld=0.882115 | val_ordacc@10=0.138236 | val_recall@10=0.565506
Epoch 001 | Batch 870 | K-values: K1=22, K10=30, K20=25, K50=24, K100=27
Epoch 001 | Batch 880 | val_kld=0.855488 | val_ordacc@10=0.142407 | val_recall@10=0.559471
Epoch 001 | Batch 880 | K-values: K1=25, K10=29, K20=17, K50=27, K100=30
Epoch 001 | Batch 890 | val_kld=0.851027 | val_ordacc@10=0.145886 | val_recall@10=0.563159
Epoch 001 | Batch 890 | K-values: K1=22, K10=20, K20=22, K50=35, K100=29
Epoch 001 | Batch 900 | val_kld=0.854820 | val_ordacc@10=0.142641 | val_recall@10=0.562392
Epoch 001 | Batch 900 | K-values: K1=27, K10=29, K20=20, K50=27, K100=25
Epoch 001 | Batch 910 | val_kld=0.858840 | val_ordacc@10=0.142259 | val_recall@10=0.559060
Epoch 001 | Batch 910 | K-values: K1=27, K10=29, K20=26, K50=22, K100=24
Epoch 001 | Batch 920 | val_kld=0.860109 | val_ordacc@10=0.141987 | val_recall@10=0.561136
Epoch 001 | Batch 920 | K-values: K1=23, K10=30, K20=26, K50=30, K100=19
Epoch 001 | Batch 930 | val_kld=0.913024 | val_ordacc@10=0.130645 | val_recall@10=0.552567
Epoch 001 | Batch 930 | K-values: K1=33, K10=25, K20=22, K50=26, K100=22
Epoch 001 | Batch 940 | val_kld=0.872715 | val_ordacc@10=0.141053 | val_recall@10=0.562546
Epoch 001 | Batch 940 | K-values: K1=24, K10=26, K20=26, K50=25, K100=27
Epoch 001 | Batch 950 | val_kld=0.861404 | val_ordacc@10=0.140512 | val_recall@10=0.568454
Epoch 001 | Batch 950 | K-values: K1=24, K10=31, K20=20, K50=34, K100=19
Epoch 001 | Batch 960 | val_kld=0.860454 | val_ordacc@10=0.142572 | val_recall@10=0.569698
Epoch 001 | Batch 960 | K-values: K1=23, K10=19, K20=31, K50=29, K100=26
Epoch 001 | Batch 970 | val_kld=0.831334 | val_ordacc@10=0.149218 | val_recall@10=0.564205
Epoch 001 | Batch 970 | K-values: K1=14, K10=25, K20=38, K50=24, K100=27
Epoch 001 | Batch 980 | val_kld=0.852006 | val_ordacc@10=0.147001 | val_recall@10=0.561175
Epoch 001 | Batch 980 | K-values: K1=23, K10=16, K20=25, K50=35, K100=29
Epoch 001 | Batch 990 | val_kld=0.867518 | val_ordacc@10=0.142376 | val_recall@10=0.566433
Epoch 001 | Batch 990 | K-values: K1=22, K10=31, K20=25, K50=26, K100=24
Epoch 001 | Batch 1000 | val_kld=0.851203 | val_ordacc@10=0.143762 | val_recall@10=0.568356
Epoch 001 | Batch 1000 | K-values: K1=26, K10=28, K20=25, K50=31, K100=18
Epoch 001 | Batch 1010 | val_kld=0.842961 | val_ordacc@10=0.144488 | val_recall@10=0.557624
Epoch 001 | Batch 1010 | K-values: K1=30, K10=21, K20=29, K50=27, K100=21
Epoch 001 | Batch 1020 | val_kld=0.845531 | val_ordacc@10=0.145367 | val_recall@10=0.564240
Epoch 001 | Batch 1020 | K-values: K1=25, K10=22, K20=27, K50=26, K100=28
Epoch 001 | Batch 1030 | val_kld=0.843093 | val_ordacc@10=0.144209 | val_recall@10=0.556445
Epoch 001 | Batch 1030 | K-values: K1=23, K10=26, K20=27, K50=26, K100=26
Epoch 001 | Batch 1040 | val_kld=0.866500 | val_ordacc@10=0.141346 | val_recall@10=0.560833
Epoch 001 | Batch 1040 | K-values: K1=24, K10=29, K20=20, K50=30, K100=25
Epoch 001 | Batch 1050 | val_kld=0.847695 | val_ordacc@10=0.145200 | val_recall@10=0.560065
Epoch 001 | Batch 1050 | K-values: K1=22, K10=25, K20=26, K50=23, K100=32
Epoch 001 | Batch 1060 | val_kld=0.853902 | val_ordacc@10=0.144399 | val_recall@10=0.551775
Epoch 001 | Batch 1060 | K-values: K1=23, K10=27, K20=21, K50=30, K100=27
Epoch 001 | Batch 1070 | val_kld=0.857992 | val_ordacc@10=0.143981 | val_recall@10=0.563515
Epoch 001 | Batch 1070 | K-values: K1=34, K10=13, K20=31, K50=34, K100=16
Epoch 001 | Batch 1080 | val_kld=0.842507 | val_ordacc@10=0.145190 | val_recall@10=0.567929
Epoch 001 | Batch 1080 | K-values: K1=26, K10=28, K20=24, K50=26, K100=24
Epoch 001 | Batch 1090 | val_kld=0.851703 | val_ordacc@10=0.144571 | val_recall@10=0.562791
Epoch 001 | Batch 1090 | K-values: K1=23, K10=29, K20=36, K50=20, K100=20
Epoch 001 | Batch 1100 | val_kld=0.856904 | val_ordacc@10=0.143777 | val_recall@10=0.558733
Epoch 001 | Batch 1100 | K-values: K1=30, K10=19, K20=25, K50=26, K100=28
Epoch 001 | Batch 1110 | val_kld=0.844731 | val_ordacc@10=0.145038 | val_recall@10=0.561570
Epoch 001 | Batch 1110 | K-values: K1=25, K10=26, K20=26, K50=26, K100=25
Epoch 001 | Batch 1120 | val_kld=0.859287 | val_ordacc@10=0.141832 | val_recall@10=0.566966
Epoch 001 | Batch 1120 | K-values: K1=30, K10=26, K20=22, K50=26, K100=24
Epoch 001 | Batch 1130 | val_kld=0.844108 | val_ordacc@10=0.144447 | val_recall@10=0.557708
Epoch 001 | Batch 1130 | K-values: K1=37, K10=25, K20=20, K50=20, K100=26
Epoch 001 | Batch 1140 | val_kld=0.861083 | val_ordacc@10=0.142394 | val_recall@10=0.562195
Epoch 001 | Batch 1140 | K-values: K1=27, K10=22, K20=18, K50=37, K100=24
Epoch 001 | Batch 1150 | val_kld=0.838641 | val_ordacc@10=0.147101 | val_recall@10=0.563048
Epoch 001 | Batch 1150 | K-values: K1=28, K10=27, K20=21, K50=21, K100=31
Epoch 001 | Batch 1160 | val_kld=0.848423 | val_ordacc@10=0.143789 | val_recall@10=0.561067
Epoch 001 | Batch 1160 | K-values: K1=31, K10=27, K20=22, K50=25, K100=23
Epoch 001 | Batch 1170 | val_kld=0.831522 | val_ordacc@10=0.148320 | val_recall@10=0.561071
Epoch 001 | Batch 1170 | K-values: K1=26, K10=20, K20=28, K50=27, K100=27
Epoch 001 | Batch 1180 | val_kld=0.831693 | val_ordacc@10=0.149238 | val_recall@10=0.562181
Epoch 001 | Batch 1180 | K-values: K1=22, K10=29, K20=19, K50=27, K100=31
Epoch 001 | Batch 1190 | val_kld=0.842833 | val_ordacc@10=0.145836 | val_recall@10=0.558812
Epoch 001 | Batch 1190 | K-values: K1=31, K10=23, K20=21, K50=27, K100=26
Epoch 001 | Batch 1200 | val_kld=0.838210 | val_ordacc@10=0.144697 | val_recall@10=0.563177
Epoch 001 | Batch 1200 | K-values: K1=30, K10=27, K20=23, K50=31, K100=17
Epoch 001 | Batch 1210 | val_kld=0.841810 | val_ordacc@10=0.146552 | val_recall@10=0.566645
Epoch 001 | Batch 1210 | K-values: K1=24, K10=20, K20=21, K50=29, K100=34
Epoch 001 | Batch 1220 | val_kld=0.839054 | val_ordacc@10=0.144571 | val_recall@10=0.560001
Epoch 001 | Batch 1220 | K-values: K1=26, K10=26, K20=31, K50=21, K100=24
Epoch 001 | Batch 1230 | val_kld=0.825495 | val_ordacc@10=0.147472 | val_recall@10=0.568510
Epoch 001 | Batch 1230 | K-values: K1=34, K10=27, K20=18, K50=26, K100=23
Epoch 001 | Batch 1240 | val_kld=0.846969 | val_ordacc@10=0.143643 | val_recall@10=0.560523
Epoch 001 | Batch 1240 | K-values: K1=25, K10=30, K20=22, K50=23, K100=28
Epoch 001 | Batch 1250 | val_kld=0.848850 | val_ordacc@10=0.143720 | val_recall@10=0.559410
Epoch 001 | Batch 1250 | K-values: K1=27, K10=24, K20=24, K50=23, K100=30
Epoch 001 | Batch 1260 | val_kld=0.852521 | val_ordacc@10=0.141145 | val_recall@10=0.560798
Epoch 001 | Batch 1260 | K-values: K1=24, K10=18, K20=30, K50=27, K100=29
Epoch 001 | Batch 1270 | val_kld=0.827368 | val_ordacc@10=0.148266 | val_recall@10=0.567212
Epoch 001 | Batch 1270 | K-values: K1=34, K10=16, K20=33, K50=23, K100=22
Epoch 001 | Batch 1280 | val_kld=0.848813 | val_ordacc@10=0.143253 | val_recall@10=0.556711
Epoch 001 | Batch 1280 | K-values: K1=26, K10=24, K20=25, K50=29, K100=24
Epoch 001 | Batch 1290 | val_kld=0.849263 | val_ordacc@10=0.142012 | val_recall@10=0.564471
Epoch 001 | Batch 1290 | K-values: K1=17, K10=26, K20=24, K50=30, K100=31
Epoch 001 | Batch 1300 | val_kld=0.849197 | val_ordacc@10=0.142854 | val_recall@10=0.557745
Epoch 001 | Batch 1300 | K-values: K1=25, K10=22, K20=21, K50=26, K100=34
Epoch 001 | Batch 1310 | val_kld=0.835886 | val_ordacc@10=0.146798 | val_recall@10=0.563038
Epoch 001 | Batch 1310 | K-values: K1=16, K10=27, K20=31, K50=32, K100=22
Epoch 001 | Batch 1320 | val_kld=0.834706 | val_ordacc@10=0.148195 | val_recall@10=0.563886
Epoch 001 | Batch 1320 | K-values: K1=26, K10=24, K20=30, K50=28, K100=20
Epoch 001 | Batch 1330 | val_kld=0.837440 | val_ordacc@10=0.145577 | val_recall@10=0.564310
Epoch 001 | Batch 1330 | K-values: K1=23, K10=27, K20=24, K50=26, K100=28
Epoch 001 | Batch 1340 | val_kld=0.830241 | val_ordacc@10=0.149718 | val_recall@10=0.562576
Epoch 001 | Batch 1340 | K-values: K1=15, K10=30, K20=37, K50=21, K100=25
Epoch 001 | Batch 1350 | val_kld=0.833638 | val_ordacc@10=0.148392 | val_recall@10=0.564301
Epoch 001 | Batch 1350 | K-values: K1=37, K10=27, K20=17, K50=21, K100=26
Epoch 001 | Batch 1360 | val_kld=0.819158 | val_ordacc@10=0.150385 | val_recall@10=0.563880
Epoch 001 | Batch 1360 | K-values: K1=23, K10=21, K20=28, K50=26, K100=30
Epoch 001 | Batch 1370 | val_kld=0.853523 | val_ordacc@10=0.143568 | val_recall@10=0.558615
Epoch 001 | Batch 1370 | K-values: K1=28, K10=24, K20=27, K50=24, K100=25
Epoch 001 | Batch 1380 | val_kld=0.859753 | val_ordacc@10=0.141189 | val_recall@10=0.558517
Epoch 001 | Batch 1380 | K-values: K1=25, K10=27, K20=23, K50=28, K100=25
Epoch 001 | Batch 1390 | val_kld=0.825615 | val_ordacc@10=0.149201 | val_recall@10=0.569667
Epoch 001 | Batch 1390 | K-values: K1=21, K10=31, K20=26, K50=27, K100=23
Epoch 001 | Batch 1400 | val_kld=0.831340 | val_ordacc@10=0.147234 | val_recall@10=0.568912
Epoch 001 | Batch 1400 | K-values: K1=20, K10=24, K20=39, K50=25, K100=20
Epoch 001 | Batch 1410 | val_kld=0.833097 | val_ordacc@10=0.144727 | val_recall@10=0.565192
Epoch 001 | Batch 1410 | K-values: K1=36, K10=23, K20=25, K50=23, K100=21
Epoch 001 | Batch 1420 | val_kld=0.853772 | val_ordacc@10=0.139875 | val_recall@10=0.551511
Epoch 001 | Batch 1420 | K-values: K1=24, K10=23, K20=30, K50=32, K100=19
Epoch 001 | Batch 1430 | val_kld=0.827235 | val_ordacc@10=0.148568 | val_recall@10=0.564627
Epoch 001 | Batch 1430 | K-values: K1=26, K10=28, K20=29, K50=24, K100=21
Epoch 001 | Batch 1440 | val_kld=0.831898 | val_ordacc@10=0.146562 | val_recall@10=0.564192
Epoch 001 | Batch 1440 | K-values: K1=23, K10=36, K20=25, K50=14, K100=30
Epoch 001 | Batch 1450 | val_kld=0.837473 | val_ordacc@10=0.145924 | val_recall@10=0.562508
Epoch 001 | Batch 1450 | K-values: K1=29, K10=31, K20=12, K50=29, K100=27
Epoch 001 | Batch 1460 | val_kld=0.825849 | val_ordacc@10=0.148592 | val_recall@10=0.573004
Epoch 001 | Batch 1460 | K-values: K1=28, K10=26, K20=26, K50=22, K100=26
Epoch 001 | Batch 1470 | val_kld=0.821234 | val_ordacc@10=0.150177 | val_recall@10=0.571453
Epoch 001 | Batch 1470 | K-values: K1=30, K10=25, K20=31, K50=24, K100=18
Epoch 001 | Batch 1480 | val_kld=0.819777 | val_ordacc@10=0.149634 | val_recall@10=0.566730
Epoch 001 | Batch 1480 | K-values: K1=26, K10=33, K20=23, K50=21, K100=25
Epoch 001 | Batch 1490 | val_kld=0.836692 | val_ordacc@10=0.144754 | val_recall@10=0.570811
Epoch 001 | Batch 1490 | K-values: K1=30, K10=20, K20=29, K50=23, K100=26
Epoch 001 | Batch 1500 | val_kld=0.839714 | val_ordacc@10=0.145272 | val_recall@10=0.573819
Epoch 001 | Batch 1500 | K-values: K1=25, K10=30, K20=21, K50=30, K100=22
Epoch 001 | Batch 1510 | val_kld=0.835065 | val_ordacc@10=0.146409 | val_recall@10=0.558453
Epoch 001 | Batch 1510 | K-values: K1=21, K10=29, K20=22, K50=23, K100=33
Epoch 001 | Batch 1520 | val_kld=0.839095 | val_ordacc@10=0.144728 | val_recall@10=0.558111
Epoch 001 | Batch 1520 | K-values: K1=27, K10=19, K20=28, K50=24, K100=30
Epoch 001 | Batch 1530 | val_kld=0.844472 | val_ordacc@10=0.146470 | val_recall@10=0.568848
Epoch 001 | Batch 1530 | K-values: K1=22, K10=27, K20=30, K50=29, K100=20
Epoch 001 | Batch 1540 | val_kld=0.847185 | val_ordacc@10=0.143541 | val_recall@10=0.561331
Epoch 001 | Batch 1540 | K-values: K1=24, K10=26, K20=20, K50=33, K100=25
Epoch 001 | Batch 1550 | val_kld=0.840113 | val_ordacc@10=0.144530 | val_recall@10=0.563633
Epoch 001 | Batch 1550 | K-values: K1=31, K10=30, K20=21, K50=27, K100=19
Epoch 001 | Batch 1560 | val_kld=0.828991 | val_ordacc@10=0.145875 | val_recall@10=0.566184
Epoch 001 | Batch 1560 | K-values: K1=32, K10=25, K20=22, K50=27, K100=22
Epoch 001 | Batch 1570 | val_kld=0.832808 | val_ordacc@10=0.148153 | val_recall@10=0.561013
Epoch 001 | Batch 1570 | K-values: K1=25, K10=28, K20=21, K50=29, K100=25
Epoch 001 | Batch 1580 | val_kld=0.827395 | val_ordacc@10=0.147955 | val_recall@10=0.569610
Epoch 001 | Batch 1580 | K-values: K1=23, K10=18, K20=28, K50=31, K100=28
Epoch 001 | Batch 1590 | val_kld=0.849400 | val_ordacc@10=0.142638 | val_recall@10=0.573023
Epoch 001 | Batch 1590 | K-values: K1=23, K10=26, K20=33, K50=20, K100=26
Epoch 001 | Batch 1600 | val_kld=0.817098 | val_ordacc@10=0.150232 | val_recall@10=0.563890
Epoch 001 | Batch 1600 | K-values: K1=29, K10=25, K20=24, K50=26, K100=24
Epoch 001 | Batch 1610 | val_kld=0.822074 | val_ordacc@10=0.149417 | val_recall@10=0.563397
Epoch 001 | Batch 1610 | K-values: K1=27, K10=27, K20=24, K50=29, K100=21
Epoch 001 | Batch 1620 | val_kld=0.836081 | val_ordacc@10=0.146193 | val_recall@10=0.564489
Epoch 001 | Batch 1620 | K-values: K1=22, K10=22, K20=29, K50=31, K100=24
Epoch 001 | Batch 1630 | val_kld=0.831251 | val_ordacc@10=0.145630 | val_recall@10=0.567381
Epoch 001 | Batch 1630 | K-values: K1=22, K10=28, K20=33, K50=24, K100=21
Epoch 001 | Batch 1640 | val_kld=0.832802 | val_ordacc@10=0.145957 | val_recall@10=0.565816
Epoch 001 | Batch 1640 | K-values: K1=26, K10=27, K20=23, K50=31, K100=21
Epoch 001 | Batch 1650 | val_kld=0.824703 | val_ordacc@10=0.148627 | val_recall@10=0.565102
Epoch 001 | Batch 1650 | K-values: K1=26, K10=26, K20=25, K50=22, K100=29
Epoch 001 | Batch 1660 | val_kld=0.849749 | val_ordacc@10=0.143892 | val_recall@10=0.564281
Epoch 001 | Batch 1660 | K-values: K1=29, K10=25, K20=34, K50=19, K100=21
Epoch 001 | Batch 1670 | val_kld=0.836165 | val_ordacc@10=0.146320 | val_recall@10=0.561843
Epoch 001 | Batch 1670 | K-values: K1=36, K10=24, K20=20, K50=20, K100=28
Epoch 001 | Batch 1680 | val_kld=0.831903 | val_ordacc@10=0.145582 | val_recall@10=0.566015
Epoch 001 | Batch 1680 | K-values: K1=21, K10=27, K20=29, K50=26, K100=25
Epoch 001 | Batch 1690 | val_kld=0.836541 | val_ordacc@10=0.144980 | val_recall@10=0.561946
Epoch 001 | Batch 1690 | K-values: K1=27, K10=21, K20=23, K50=39, K100=18
Epoch 001 | Batch 1700 | val_kld=0.831417 | val_ordacc@10=0.145584 | val_recall@10=0.561267
Epoch 001 | Batch 1700 | K-values: K1=24, K10=30, K20=22, K50=25, K100=27
Epoch 001 | Batch 1710 | val_kld=0.819531 | val_ordacc@10=0.148408 | val_recall@10=0.560857
Epoch 001 | Batch 1710 | K-values: K1=28, K10=37, K20=23, K50=23, K100=17
Epoch 001 | Batch 1720 | val_kld=0.823683 | val_ordacc@10=0.150797 | val_recall@10=0.568182
Epoch 001 | Batch 1720 | K-values: K1=28, K10=31, K20=23, K50=24, K100=22
Epoch 001 | Batch 1730 | val_kld=0.811999 | val_ordacc@10=0.150915 | val_recall@10=0.570928
Epoch 001 | Batch 1730 | K-values: K1=20, K10=26, K20=26, K50=25, K100=31
Epoch 001 | Batch 1740 | val_kld=0.818617 | val_ordacc@10=0.151416 | val_recall@10=0.566455
Epoch 001 | Batch 1740 | K-values: K1=17, K10=28, K20=29, K50=32, K100=22
Epoch 001 | Batch 1750 | val_kld=0.810173 | val_ordacc@10=0.150052 | val_recall@10=0.565610
Epoch 001 | Batch 1750 | K-values: K1=22, K10=28, K20=23, K50=24, K100=31
Epoch 001 | Batch 1760 | val_kld=0.824254 | val_ordacc@10=0.148391 | val_recall@10=0.560267
Epoch 001 | Batch 1760 | K-values: K1=28, K10=23, K20=42, K50=22, K100=13
Epoch 001 | Batch 1770 | val_kld=0.826038 | val_ordacc@10=0.149494 | val_recall@10=0.564830
Epoch 001 | Batch 1770 | K-values: K1=27, K10=30, K20=28, K50=23, K100=20
Epoch 001 | Batch 1780 | val_kld=0.824107 | val_ordacc@10=0.147437 | val_recall@10=0.572693
Epoch 001 | Batch 1780 | K-values: K1=26, K10=30, K20=22, K50=24, K100=26
Epoch 001 | Batch 1790 | val_kld=0.816424 | val_ordacc@10=0.150538 | val_recall@10=0.562875
Epoch 001 | Batch 1790 | K-values: K1=29, K10=20, K20=23, K50=27, K100=29
Epoch 001 | Batch 1800 | val_kld=0.829834 | val_ordacc@10=0.147788 | val_recall@10=0.566637
Epoch 001 | Batch 1800 | K-values: K1=31, K10=27, K20=24, K50=19, K100=27
Epoch 001 | Batch 1810 | val_kld=0.826811 | val_ordacc@10=0.148726 | val_recall@10=0.565075
Epoch 001 | Batch 1810 | K-values: K1=27, K10=32, K20=21, K50=22, K100=26
Epoch 001 | Batch 1820 | val_kld=0.826852 | val_ordacc@10=0.147608 | val_recall@10=0.561880
Epoch 001 | Batch 1820 | K-values: K1=24, K10=22, K20=32, K50=26, K100=24
Epoch 001 | Batch 1830 | val_kld=0.840186 | val_ordacc@10=0.144897 | val_recall@10=0.559250
Epoch 001 | Batch 1830 | K-values: K1=22, K10=26, K20=26, K50=30, K100=24
Epoch 001 | Batch 1840 | val_kld=0.842846 | val_ordacc@10=0.143808 | val_recall@10=0.562560
Epoch 001 | Batch 1840 | K-values: K1=31, K10=28, K20=21, K50=24, K100=24
Epoch 001 | Batch 1850 | val_kld=0.837389 | val_ordacc@10=0.143398 | val_recall@10=0.567748
Epoch 001 | Batch 1850 | K-values: K1=40, K10=19, K20=22, K50=22, K100=25
Epoch 001 | Batch 1860 | val_kld=0.820489 | val_ordacc@10=0.148872 | val_recall@10=0.565162
Epoch 001 | Batch 1860 | K-values: K1=33, K10=27, K20=15, K50=22, K100=31
Epoch 001 | Batch 1870 | val_kld=0.812879 | val_ordacc@10=0.151512 | val_recall@10=0.568591
Epoch 001 | Batch 1870 | K-values: K1=34, K10=25, K20=25, K50=26, K100=18
Epoch 001 | Batch 1880 | val_kld=0.822752 | val_ordacc@10=0.146822 | val_recall@10=0.559040
Epoch 001 | Batch 1880 | K-values: K1=25, K10=22, K20=24, K50=25, K100=32
Epoch 001 | Batch 1890 | val_kld=0.820542 | val_ordacc@10=0.148925 | val_recall@10=0.570658
Epoch 001 | Batch 1890 | K-values: K1=28, K10=25, K20=27, K50=24, K100=24
Epoch 001 | Batch 1900 | val_kld=0.813381 | val_ordacc@10=0.149465 | val_recall@10=0.562258
Epoch 001 | Batch 1900 | K-values: K1=23, K10=28, K20=20, K50=32, K100=25
Epoch 001 | Batch 1910 | val_kld=0.814917 | val_ordacc@10=0.151092 | val_recall@10=0.566245
Epoch 001 | Batch 1910 | K-values: K1=25, K10=27, K20=32, K50=20, K100=24
Epoch 001 | Batch 1920 | val_kld=0.826237 | val_ordacc@10=0.147460 | val_recall@10=0.567019
Epoch 001 | Batch 1920 | K-values: K1=28, K10=20, K20=24, K50=26, K100=30
Epoch 001 | Batch 1930 | val_kld=0.838738 | val_ordacc@10=0.144122 | val_recall@10=0.568848
Epoch 001 | Batch 1930 | K-values: K1=29, K10=24, K20=29, K50=20, K100=26
Epoch 001 | Batch 1940 | val_kld=0.826991 | val_ordacc@10=0.147924 | val_recall@10=0.564954
Epoch 001 | Batch 1940 | K-values: K1=25, K10=24, K20=20, K50=29, K100=30
Epoch 001 | Batch 1950 | val_kld=0.836076 | val_ordacc@10=0.146326 | val_recall@10=0.565839
Epoch 001 | Batch 1950 | K-values: K1=27, K10=31, K20=20, K50=22, K100=28
Epoch 001 | Batch 1960 | val_kld=0.827155 | val_ordacc@10=0.147054 | val_recall@10=0.566119
Epoch 001 | Batch 1960 | K-values: K1=23, K10=31, K20=27, K50=32, K100=15
Epoch 001 | Batch 1970 | val_kld=0.845314 | val_ordacc@10=0.144133 | val_recall@10=0.559216
Epoch 001 | Batch 1970 | K-values: K1=25, K10=24, K20=22, K50=26, K100=31
Epoch 001 | Batch 1980 | val_kld=0.813442 | val_ordacc@10=0.150086 | val_recall@10=0.566035
Epoch 001 | Batch 1980 | K-values: K1=28, K10=22, K20=27, K50=22, K100=29
Epoch 001 | Batch 1990 | val_kld=0.812429 | val_ordacc@10=0.152327 | val_recall@10=0.567326
Epoch 001 | Batch 1990 | K-values: K1=27, K10=30, K20=23, K50=24, K100=24
Epoch 001 | Batch 2000 | val_kld=0.828563 | val_ordacc@10=0.149477 | val_recall@10=0.567181
Epoch 001 | Batch 2000 | K-values: K1=26, K10=23, K20=24, K50=37, K100=18
Epoch 001 | Batch 2010 | val_kld=0.814333 | val_ordacc@10=0.149785 | val_recall@10=0.568314
Epoch 001 | Batch 2010 | K-values: K1=34, K10=27, K20=24, K50=21, K100=22
Epoch 001 | Batch 2020 | val_kld=0.812912 | val_ordacc@10=0.149042 | val_recall@10=0.570104
Epoch 001 | Batch 2020 | K-values: K1=22, K10=28, K20=30, K50=30, K100=18
Epoch 001 | Batch 2030 | val_kld=0.818131 | val_ordacc@10=0.149175 | val_recall@10=0.563669
Epoch 001 | Batch 2030 | K-values: K1=23, K10=28, K20=21, K50=28, K100=28
Epoch 001 | Batch 2040 | val_kld=0.813931 | val_ordacc@10=0.150675 | val_recall@10=0.565604
Epoch 001 | Batch 2040 | K-values: K1=23, K10=19, K20=27, K50=30, K100=29
Epoch 001 | Batch 2050 | val_kld=0.838007 | val_ordacc@10=0.143304 | val_recall@10=0.564657
Epoch 001 | Batch 2050 | K-values: K1=35, K10=25, K20=22, K50=21, K100=25
Epoch 001 | Batch 2060 | val_kld=0.812309 | val_ordacc@10=0.150520 | val_recall@10=0.564000
Epoch 001 | Batch 2060 | K-values: K1=23, K10=29, K20=23, K50=20, K100=33
Epoch 001 | Batch 2070 | val_kld=0.821123 | val_ordacc@10=0.149524 | val_recall@10=0.569066
Epoch 001 | Batch 2070 | K-values: K1=28, K10=34, K20=19, K50=27, K100=20
Epoch 001 | Batch 2080 | val_kld=0.811476 | val_ordacc@10=0.149488 | val_recall@10=0.566114
Epoch 001 | Batch 2080 | K-values: K1=32, K10=28, K20=27, K50=29, K100=12
Epoch 001 | Batch 2090 | val_kld=0.818547 | val_ordacc@10=0.148387 | val_recall@10=0.560499
Epoch 001 | Batch 2090 | K-values: K1=24, K10=26, K20=25, K50=25, K100=28
Epoch 001 | Batch 2100 | val_kld=0.821456 | val_ordacc@10=0.148934 | val_recall@10=0.559183
Epoch 001 | Batch 2100 | K-values: K1=20, K10=22, K20=21, K50=32, K100=33
Epoch 001 | Batch 2110 | val_kld=0.828986 | val_ordacc@10=0.143720 | val_recall@10=0.561409
Epoch 001 | Batch 2110 | K-values: K1=17, K10=30, K20=32, K50=26, K100=23
Epoch 001 | Batch 2120 | val_kld=0.811992 | val_ordacc@10=0.149668 | val_recall@10=0.565445
Epoch 001 | Batch 2120 | K-values: K1=20, K10=26, K20=26, K50=30, K100=26
Epoch 001 | Batch 2130 | val_kld=0.825852 | val_ordacc@10=0.147658 | val_recall@10=0.565879
Epoch 001 | Batch 2130 | K-values: K1=27, K10=16, K20=28, K50=24, K100=33
Epoch 001 | Batch 2140 | val_kld=0.809572 | val_ordacc@10=0.151225 | val_recall@10=0.566866
Epoch 001 | Batch 2140 | K-values: K1=30, K10=25, K20=26, K50=27, K100=20
Epoch 001 | Batch 2150 | val_kld=0.829424 | val_ordacc@10=0.145860 | val_recall@10=0.562578
Epoch 001 | Batch 2150 | K-values: K1=25, K10=27, K20=31, K50=25, K100=20
Epoch 001 | Batch 2160 | val_kld=0.817599 | val_ordacc@10=0.148475 | val_recall@10=0.567554
Epoch 001 | Batch 2160 | K-values: K1=31, K10=22, K20=22, K50=27, K100=26
Epoch 001 | Batch 2170 | val_kld=0.830825 | val_ordacc@10=0.148086 | val_recall@10=0.566869
Epoch 001 | Batch 2170 | K-values: K1=25, K10=25, K20=38, K50=19, K100=21
Epoch 001 | Batch 2180 | val_kld=0.808007 | val_ordacc@10=0.152075 | val_recall@10=0.569770
Epoch 001 | Batch 2180 | K-values: K1=31, K10=25, K20=20, K50=27, K100=25
Epoch 001 | Batch 2190 | val_kld=0.819235 | val_ordacc@10=0.149111 | val_recall@10=0.574036
Epoch 001 | Batch 2190 | K-values: K1=28, K10=33, K20=23, K50=22, K100=22
Epoch 001 | Batch 2200 | val_kld=0.826847 | val_ordacc@10=0.147031 | val_recall@10=0.572749
Epoch 001 | Batch 2200 | K-values: K1=26, K10=26, K20=15, K50=34, K100=27
Epoch 001 | Batch 2210 | val_kld=0.809336 | val_ordacc@10=0.152756 | val_recall@10=0.567435
Epoch 001 | Batch 2210 | K-values: K1=19, K10=30, K20=24, K50=26, K100=29
Epoch 001 | Batch 2220 | val_kld=0.804789 | val_ordacc@10=0.152820 | val_recall@10=0.566555
Epoch 001 | Batch 2220 | K-values: K1=25, K10=32, K20=27, K50=16, K100=28
Epoch 001 | Batch 2230 | val_kld=0.801153 | val_ordacc@10=0.152592 | val_recall@10=0.575529
Epoch 001 | Batch 2230 | K-values: K1=33, K10=22, K20=25, K50=27, K100=21
Epoch 001 | Batch 2240 | val_kld=0.801289 | val_ordacc@10=0.152967 | val_recall@10=0.571208
Epoch 001 | Batch 2240 | K-values: K1=22, K10=31, K20=25, K50=25, K100=25
Epoch 001 | Batch 2250 | val_kld=0.798911 | val_ordacc@10=0.151014 | val_recall@10=0.566858
Epoch 001 | Batch 2250 | K-values: K1=29, K10=21, K20=26, K50=27, K100=25
Epoch 001 | Batch 2260 | val_kld=0.808593 | val_ordacc@10=0.151549 | val_recall@10=0.567755
Epoch 001 | Batch 2260 | K-values: K1=31, K10=18, K20=18, K50=35, K100=26
Epoch 001 | Batch 2270 | val_kld=0.809736 | val_ordacc@10=0.151318 | val_recall@10=0.576188
Epoch 001 | Batch 2270 | K-values: K1=22, K10=29, K20=30, K50=26, K100=21
Epoch 001 | Batch 2280 | val_kld=0.814393 | val_ordacc@10=0.152404 | val_recall@10=0.578549
Epoch 001 | Batch 2280 | K-values: K1=27, K10=23, K20=27, K50=23, K100=28
Epoch 001 | Batch 2290 | val_kld=0.805357 | val_ordacc@10=0.152884 | val_recall@10=0.570525
Epoch 001 | Batch 2290 | K-values: K1=25, K10=20, K20=29, K50=20, K100=34
Epoch 001 | Batch 2300 | val_kld=0.815122 | val_ordacc@10=0.150720 | val_recall@10=0.570249
Epoch 001 | Batch 2300 | K-values: K1=26, K10=23, K20=28, K50=25, K100=26
Epoch 001 | Batch 2310 | val_kld=0.823568 | val_ordacc@10=0.149485 | val_recall@10=0.569664
Epoch 001 | Batch 2310 | K-values: K1=27, K10=32, K20=16, K50=25, K100=28
Epoch 001 | Batch 2320 | val_kld=0.825798 | val_ordacc@10=0.145725 | val_recall@10=0.556150
Epoch 001 | Batch 2320 | K-values: K1=26, K10=31, K20=27, K50=27, K100=17
Epoch 001 | Batch 2330 | val_kld=0.811709 | val_ordacc@10=0.150559 | val_recall@10=0.561114
Epoch 001 | Batch 2330 | K-values: K1=23, K10=23, K20=37, K50=25, K100=20
Epoch 001 | Batch 2340 | val_kld=0.848923 | val_ordacc@10=0.142500 | val_recall@10=0.560776
Epoch 001 | Batch 2340 | K-values: K1=29, K10=26, K20=18, K50=37, K100=18
Epoch 001 | Batch 2350 | val_kld=0.819116 | val_ordacc@10=0.148501 | val_recall@10=0.565734
Epoch 001 | Batch 2350 | K-values: K1=23, K10=27, K20=27, K50=23, K100=28
Epoch 001 | Batch 2360 | val_kld=0.814454 | val_ordacc@10=0.150313 | val_recall@10=0.570886
Epoch 001 | Batch 2360 | K-values: K1=21, K10=27, K20=29, K50=26, K100=25
Epoch 001 | Batch 2370 | val_kld=0.821337 | val_ordacc@10=0.149257 | val_recall@10=0.569096
Epoch 001 | Batch 2370 | K-values: K1=25, K10=18, K20=35, K50=27, K100=23
Epoch 001 | Batch 2380 | val_kld=0.816453 | val_ordacc@10=0.148899 | val_recall@10=0.564494
Epoch 001 | Batch 2380 | K-values: K1=30, K10=31, K20=29, K50=20, K100=18
Epoch 001 | Batch 2390 | val_kld=0.814977 | val_ordacc@10=0.150631 | val_recall@10=0.568266
Epoch 001 | Batch 2390 | K-values: K1=23, K10=24, K20=22, K50=34, K100=25
Epoch 001 | Batch 2400 | val_kld=0.809306 | val_ordacc@10=0.151720 | val_recall@10=0.568566
Epoch 001 | Batch 2400 | K-values: K1=36, K10=23, K20=20, K50=26, K100=23
Epoch 001 | Batch 2410 | val_kld=0.807502 | val_ordacc@10=0.150891 | val_recall@10=0.572229
Epoch 001 | Batch 2410 | K-values: K1=25, K10=24, K20=30, K50=24, K100=25
Epoch 001 | Batch 2420 | val_kld=0.814683 | val_ordacc@10=0.150024 | val_recall@10=0.568212
Epoch 001 | Batch 2420 | K-values: K1=25, K10=24, K20=27, K50=24, K100=28
Epoch 001 | Batch 2430 | val_kld=0.814928 | val_ordacc@10=0.149887 | val_recall@10=0.562904
Epoch 001 | Batch 2430 | K-values: K1=30, K10=17, K20=24, K50=21, K100=36
Epoch 001 | Batch 2440 | val_kld=0.817758 | val_ordacc@10=0.149130 | val_recall@10=0.567700
Epoch 001 | Batch 2440 | K-values: K1=22, K10=13, K20=35, K50=29, K100=29
Epoch 001 | Batch 2450 | val_kld=0.813243 | val_ordacc@10=0.148656 | val_recall@10=0.569227
Epoch 001 | Batch 2450 | K-values: K1=28, K10=23, K20=16, K50=33, K100=28
Epoch 001 | Batch 2460 | val_kld=0.805493 | val_ordacc@10=0.151217 | val_recall@10=0.572658
Epoch 001 | Batch 2460 | K-values: K1=22, K10=26, K20=36, K50=25, K100=19
Epoch 001 | Batch 2470 | val_kld=0.819247 | val_ordacc@10=0.147884 | val_recall@10=0.570260
Epoch 001 | Batch 2470 | K-values: K1=26, K10=29, K20=25, K50=27, K100=21
Epoch 001 | Batch 2480 | val_kld=0.817515 | val_ordacc@10=0.148150 | val_recall@10=0.572624
Epoch 001 | Batch 2480 | K-values: K1=23, K10=26, K20=19, K50=29, K100=31
Epoch 001 | Batch 2490 | val_kld=0.828309 | val_ordacc@10=0.146378 | val_recall@10=0.570194
Epoch 001 | Batch 2490 | K-values: K1=27, K10=28, K20=26, K50=22, K100=25
Epoch 001 | Batch 2500 | val_kld=0.805409 | val_ordacc@10=0.152185 | val_recall@10=0.566502
Epoch 001 | Batch 2500 | K-values: K1=24, K10=27, K20=27, K50=21, K100=29
Epoch 001 | Batch 2510 | val_kld=0.821868 | val_ordacc@10=0.148388 | val_recall@10=0.563797
Epoch 001 | Batch 2510 | K-values: K1=29, K10=25, K20=34, K50=18, K100=22
Epoch 001 | Batch 2520 | val_kld=0.821821 | val_ordacc@10=0.148582 | val_recall@10=0.565040
Epoch 001 | Batch 2520 | K-values: K1=29, K10=25, K20=31, K50=23, K100=20
Epoch 001 | Batch 2530 | val_kld=0.825028 | val_ordacc@10=0.147119 | val_recall@10=0.563726
Epoch 001 | Batch 2530 | K-values: K1=28, K10=31, K20=19, K50=24, K100=26
Epoch 001 | Batch 2540 | val_kld=0.813443 | val_ordacc@10=0.148625 | val_recall@10=0.561468
Epoch 001 | Batch 2540 | K-values: K1=27, K10=25, K20=19, K50=29, K100=28
Epoch 001 | Batch 2550 | val_kld=0.822954 | val_ordacc@10=0.145685 | val_recall@10=0.562329
Epoch 001 | Batch 2550 | K-values: K1=28, K10=18, K20=27, K50=30, K100=25
Epoch 001 | Batch 2560 | val_kld=0.800774 | val_ordacc@10=0.151712 | val_recall@10=0.561179
Epoch 001 | Batch 2560 | K-values: K1=27, K10=29, K20=19, K50=27, K100=26
Epoch 001 | Batch 2570 | val_kld=0.809474 | val_ordacc@10=0.150176 | val_recall@10=0.566902
Epoch 001 | Batch 2570 | K-values: K1=23, K10=34, K20=30, K50=21, K100=20
Epoch 001 | Batch 2580 | val_kld=0.803866 | val_ordacc@10=0.151686 | val_recall@10=0.563163
Epoch 001 | Batch 2580 | K-values: K1=28, K10=33, K20=29, K50=22, K100=16
Epoch 001 | Batch 2590 | val_kld=0.804196 | val_ordacc@10=0.149992 | val_recall@10=0.565383
Epoch 001 | Batch 2590 | K-values: K1=20, K10=31, K20=24, K50=27, K100=26
Epoch 001 | Batch 2600 | val_kld=0.799031 | val_ordacc@10=0.154352 | val_recall@10=0.566040
Epoch 001 | Batch 2600 | K-values: K1=18, K10=25, K20=22, K50=32, K100=31
Epoch 001 | Batch 2610 | val_kld=0.798898 | val_ordacc@10=0.155454 | val_recall@10=0.573676
Epoch 001 | Batch 2610 | K-values: K1=26, K10=27, K20=22, K50=24, K100=29
Epoch 001 | Batch 2620 | val_kld=0.808709 | val_ordacc@10=0.151504 | val_recall@10=0.574820
Epoch 001 | Batch 2620 | K-values: K1=24, K10=22, K20=22, K50=29, K100=31
Epoch 001 | Batch 2630 | val_kld=0.809708 | val_ordacc@10=0.150919 | val_recall@10=0.563634
Epoch 001 | Batch 2630 | K-values: K1=27, K10=37, K20=21, K50=18, K100=25
Epoch 001 | Batch 2640 | val_kld=0.802979 | val_ordacc@10=0.151984 | val_recall@10=0.569582
Epoch 001 | Batch 2640 | K-values: K1=22, K10=29, K20=22, K50=28, K100=27
Epoch 001 | Batch 2650 | val_kld=0.802009 | val_ordacc@10=0.152009 | val_recall@10=0.574402
Epoch 001 | Batch 2650 | K-values: K1=24, K10=28, K20=26, K50=25, K100=25
Epoch 001 | Batch 2660 | val_kld=0.811653 | val_ordacc@10=0.148172 | val_recall@10=0.565348
Epoch 001 | Batch 2660 | K-values: K1=28, K10=25, K20=33, K50=17, K100=25
Epoch 001 | Batch 2670 | val_kld=0.814176 | val_ordacc@10=0.149259 | val_recall@10=0.564269
Epoch 001 | Batch 2670 | K-values: K1=23, K10=39, K20=24, K50=20, K100=22
Epoch 001 | Batch 2680 | val_kld=0.805187 | val_ordacc@10=0.150002 | val_recall@10=0.566103
Epoch 001 | Batch 2680 | K-values: K1=31, K10=20, K20=26, K50=23, K100=28
Epoch 001 | Batch 2690 | val_kld=0.806065 | val_ordacc@10=0.152811 | val_recall@10=0.573096
Epoch 001 | Batch 2690 | K-values: K1=21, K10=27, K20=22, K50=27, K100=31
Epoch 001 | Batch 2700 | val_kld=0.805843 | val_ordacc@10=0.151397 | val_recall@10=0.568820
Epoch 001 | Batch 2700 | K-values: K1=28, K10=26, K20=25, K50=25, K100=24
Epoch 001 | Batch 2710 | val_kld=0.807742 | val_ordacc@10=0.152735 | val_recall@10=0.573080
Epoch 001 | Batch 2710 | K-values: K1=21, K10=27, K20=23, K50=33, K100=24
Epoch 001 | Batch 2720 | val_kld=0.795168 | val_ordacc@10=0.155027 | val_recall@10=0.575298
Epoch 001 | Batch 2720 | K-values: K1=30, K10=19, K20=24, K50=28, K100=27
Epoch 001 | Batch 2730 | val_kld=0.808206 | val_ordacc@10=0.151402 | val_recall@10=0.568736
Epoch 001 | Batch 2730 | K-values: K1=28, K10=19, K20=24, K50=31, K100=26
Epoch 001 | Batch 2740 | val_kld=0.818877 | val_ordacc@10=0.147449 | val_recall@10=0.557418
Epoch 001 | Batch 2740 | K-values: K1=37, K10=23, K20=13, K50=25, K100=30
Epoch 001 | Batch 2750 | val_kld=0.805426 | val_ordacc@10=0.149740 | val_recall@10=0.562569
Epoch 001 | Batch 2750 | K-values: K1=22, K10=20, K20=27, K50=29, K100=30
Epoch 001 | Batch 2760 | val_kld=0.819260 | val_ordacc@10=0.147268 | val_recall@10=0.571731
Epoch 001 | Batch 2760 | K-values: K1=28, K10=21, K20=20, K50=39, K100=20
Epoch 001 | Batch 2770 | val_kld=0.794272 | val_ordacc@10=0.154458 | val_recall@10=0.573585
Epoch 001 | Batch 2770 | K-values: K1=31, K10=29, K20=19, K50=23, K100=26
Epoch 001 | Batch 2780 | val_kld=0.801342 | val_ordacc@10=0.150091 | val_recall@10=0.569559
Epoch 001 | Batch 2780 | K-values: K1=35, K10=26, K20=26, K50=20, K100=21
Epoch 001 | Batch 2790 | val_kld=0.814922 | val_ordacc@10=0.147738 | val_recall@10=0.565656
Epoch 001 | Batch 2790 | K-values: K1=21, K10=30, K20=22, K50=23, K100=32
Epoch 001 | Batch 2800 | val_kld=0.802231 | val_ordacc@10=0.150884 | val_recall@10=0.570085
Epoch 001 | Batch 2800 | K-values: K1=20, K10=31, K20=23, K50=29, K100=25
Epoch 001 | Batch 2810 | val_kld=0.803608 | val_ordacc@10=0.153070 | val_recall@10=0.572680
Epoch 001 | Batch 2810 | K-values: K1=21, K10=31, K20=23, K50=24, K100=29
Epoch 001 | Batch 2820 | val_kld=0.808509 | val_ordacc@10=0.152388 | val_recall@10=0.572190
Epoch 001 | Batch 2820 | K-values: K1=26, K10=26, K20=21, K50=22, K100=33
Epoch 001 | Batch 2830 | val_kld=0.812901 | val_ordacc@10=0.149996 | val_recall@10=0.570523
Epoch 001 | Batch 2830 | K-values: K1=24, K10=29, K20=25, K50=18, K100=32
Epoch 001 | Batch 2840 | val_kld=0.824686 | val_ordacc@10=0.146728 | val_recall@10=0.578852
Epoch 001 | Batch 2840 | K-values: K1=27, K10=22, K20=34, K50=27, K100=18
Epoch 001 | Batch 2850 | val_kld=0.810689 | val_ordacc@10=0.149944 | val_recall@10=0.578788
Epoch 001 | Batch 2850 | K-values: K1=31, K10=25, K20=24, K50=25, K100=23
Epoch 001 | Batch 2860 | val_kld=0.811564 | val_ordacc@10=0.149778 | val_recall@10=0.570444
Epoch 001 | Batch 2860 | K-values: K1=26, K10=26, K20=25, K50=30, K100=21
Epoch 001 | Batch 2870 | val_kld=0.803983 | val_ordacc@10=0.151263 | val_recall@10=0.568397
Epoch 001 | Batch 2870 | K-values: K1=32, K10=21, K20=23, K50=25, K100=27
Epoch 001 | Batch 2880 | val_kld=0.803856 | val_ordacc@10=0.154420 | val_recall@10=0.571608
Epoch 001 | Batch 2880 | K-values: K1=23, K10=26, K20=30, K50=21, K100=28
Epoch 001 | Batch 2890 | val_kld=0.815399 | val_ordacc@10=0.147813 | val_recall@10=0.568470
Epoch 001 | Batch 2890 | K-values: K1=29, K10=27, K20=23, K50=27, K100=22
Epoch 001 | Batch 2900 | val_kld=0.797447 | val_ordacc@10=0.152743 | val_recall@10=0.568544
Epoch 001 | Batch 2900 | K-values: K1=21, K10=25, K20=28, K50=27, K100=27
Epoch 001 | Batch 2910 | val_kld=0.803705 | val_ordacc@10=0.152617 | val_recall@10=0.565489
Epoch 001 | Batch 2910 | K-values: K1=29, K10=20, K20=26, K50=28, K100=25
Epoch 001 | Batch 2920 | val_kld=0.794600 | val_ordacc@10=0.155442 | val_recall@10=0.574656
Epoch 001 | Batch 2920 | K-values: K1=29, K10=25, K20=23, K50=26, K100=25
Epoch 001 | Batch 2930 | val_kld=0.795653 | val_ordacc@10=0.153998 | val_recall@10=0.571717
Epoch 001 | Batch 2930 | K-values: K1=24, K10=21, K20=28, K50=29, K100=26
Epoch 001 | Batch 2940 | val_kld=0.798932 | val_ordacc@10=0.152744 | val_recall@10=0.575966
Epoch 001 | Batch 2940 | K-values: K1=33, K10=24, K20=26, K50=21, K100=24
Epoch 001 | Batch 2950 | val_kld=0.792004 | val_ordacc@10=0.154567 | val_recall@10=0.569950
Epoch 001 | Batch 2950 | K-values: K1=26, K10=30, K20=19, K50=36, K100=17
Epoch 001 | Batch 2960 | val_kld=0.806374 | val_ordacc@10=0.150747 | val_recall@10=0.564188
Epoch 001 | Batch 2960 | K-values: K1=29, K10=24, K20=28, K50=28, K100=19
Epoch 001 | Batch 2970 | val_kld=0.805833 | val_ordacc@10=0.150776 | val_recall@10=0.565800
Epoch 001 | Batch 2970 | K-values: K1=27, K10=26, K20=24, K50=23, K100=28
Epoch 001 | Batch 2980 | val_kld=0.808728 | val_ordacc@10=0.151113 | val_recall@10=0.573670
Epoch 001 | Batch 2980 | K-values: K1=29, K10=20, K20=17, K50=27, K100=35
Epoch 001 | Batch 2990 | val_kld=0.801521 | val_ordacc@10=0.153087 | val_recall@10=0.568777
Epoch 001 | Batch 2990 | K-values: K1=27, K10=26, K20=21, K50=22, K100=32
Epoch 001 | Batch 3000 | val_kld=0.795409 | val_ordacc@10=0.155006 | val_recall@10=0.572437
Epoch 001 | Batch 3000 | K-values: K1=24, K10=34, K20=23, K50=26, K100=21
Epoch 001 | Batch 3010 | val_kld=0.804651 | val_ordacc@10=0.149671 | val_recall@10=0.563706
Epoch 001 | Batch 3010 | K-values: K1=28, K10=26, K20=26, K50=23, K100=25
Epoch 001 | Batch 3020 | val_kld=0.810152 | val_ordacc@10=0.148554 | val_recall@10=0.574018
Epoch 001 | Batch 3020 | K-values: K1=25, K10=34, K20=30, K50=14, K100=25
Epoch 001 | Batch 3030 | val_kld=0.827170 | val_ordacc@10=0.146342 | val_recall@10=0.570103
Epoch 001 | Batch 3030 | K-values: K1=26, K10=25, K20=26, K50=19, K100=32
Epoch 001 | Batch 3040 | val_kld=0.809258 | val_ordacc@10=0.151755 | val_recall@10=0.570866
Epoch 001 | Batch 3040 | K-values: K1=19, K10=34, K20=27, K50=19, K100=29
Epoch 001 | Batch 3050 | val_kld=0.826696 | val_ordacc@10=0.144981 | val_recall@10=0.560159
Epoch 001 | Batch 3050 | K-values: K1=25, K10=29, K20=23, K50=23, K100=28
Epoch 001 | Batch 3060 | val_kld=0.805067 | val_ordacc@10=0.150754 | val_recall@10=0.566631
Epoch 001 | Batch 3060 | K-values: K1=28, K10=29, K20=16, K50=33, K100=22
Epoch 001 | Batch 3070 | val_kld=0.796598 | val_ordacc@10=0.152640 | val_recall@10=0.566052
Epoch 001 | Batch 3070 | K-values: K1=26, K10=26, K20=25, K50=27, K100=24
Epoch 001 | Batch 3080 | val_kld=0.794398 | val_ordacc@10=0.153683 | val_recall@10=0.568914
Epoch 001 | Batch 3080 | K-values: K1=38, K10=21, K20=25, K50=18, K100=26
Epoch 001 | Batch 3090 | val_kld=0.800192 | val_ordacc@10=0.150888 | val_recall@10=0.567951
Epoch 001 | Batch 3090 | K-values: K1=28, K10=26, K20=24, K50=23, K100=27
Epoch 001 | Batch 3100 | val_kld=0.797806 | val_ordacc@10=0.153356 | val_recall@10=0.567355
Epoch 001 | Batch 3100 | K-values: K1=32, K10=18, K20=19, K50=30, K100=29
Epoch 001 | Batch 3110 | val_kld=0.816630 | val_ordacc@10=0.148123 | val_recall@10=0.560942
Epoch 001 | Batch 3110 | K-values: K1=30, K10=23, K20=29, K50=21, K100=25
Epoch 001 | Batch 3120 | val_kld=0.815904 | val_ordacc@10=0.147909 | val_recall@10=0.565424
Epoch 001 | Batch 3120 | K-values: K1=24, K10=30, K20=30, K50=18, K100=26
Epoch 001 | Batch 3130 | val_kld=0.797232 | val_ordacc@10=0.152572 | val_recall@10=0.568290
Epoch 001 | Batch 3130 | K-values: K1=20, K10=28, K20=23, K50=29, K100=28
Epoch 001 | Batch 3140 | val_kld=0.806421 | val_ordacc@10=0.151048 | val_recall@10=0.570674
Epoch 001 | Batch 3140 | K-values: K1=32, K10=24, K20=20, K50=21, K100=31
Epoch 001 | Batch 3150 | val_kld=0.795477 | val_ordacc@10=0.154706 | val_recall@10=0.571024
Epoch 001 | Batch 3150 | K-values: K1=29, K10=21, K20=31, K50=19, K100=28
Epoch 001 | Batch 3160 | val_kld=0.812497 | val_ordacc@10=0.148390 | val_recall@10=0.560541
Epoch 001 | Batch 3160 | K-values: K1=21, K10=24, K20=32, K50=28, K100=23
Epoch 001 | Batch 3170 | val_kld=0.816473 | val_ordacc@10=0.149437 | val_recall@10=0.569149
Epoch 001 | Batch 3170 | K-values: K1=33, K10=27, K20=24, K50=21, K100=23
Epoch 001 | Batch 3180 | val_kld=0.798137 | val_ordacc@10=0.152965 | val_recall@10=0.572353
Epoch 001 | Batch 3180 | K-values: K1=17, K10=28, K20=26, K50=33, K100=24
Epoch 001 | Batch 3190 | val_kld=0.798839 | val_ordacc@10=0.151930 | val_recall@10=0.568810
Epoch 001 | Batch 3190 | K-values: K1=33, K10=16, K20=27, K50=32, K100=20
Epoch 001 | Batch 3200 | val_kld=0.794235 | val_ordacc@10=0.153240 | val_recall@10=0.572266
Epoch 001 | Batch 3200 | K-values: K1=20, K10=26, K20=29, K50=24, K100=29
Epoch 001 | Batch 3210 | val_kld=0.797059 | val_ordacc@10=0.153790 | val_recall@10=0.572754
Epoch 001 | Batch 3210 | K-values: K1=28, K10=23, K20=26, K50=25, K100=26
Epoch 001 | Batch 3220 | val_kld=0.796961 | val_ordacc@10=0.151504 | val_recall@10=0.573684
Epoch 001 | Batch 3220 | K-values: K1=18, K10=33, K20=25, K50=29, K100=23
Epoch 001 | Batch 3230 | val_kld=0.806963 | val_ordacc@10=0.148878 | val_recall@10=0.573666
Epoch 001 | Batch 3230 | K-values: K1=30, K10=31, K20=21, K50=22, K100=24
Epoch 001 | Batch 3240 | val_kld=0.796063 | val_ordacc@10=0.153974 | val_recall@10=0.569121
Epoch 001 | Batch 3240 | K-values: K1=27, K10=21, K20=22, K50=23, K100=35
Epoch 001 | Batch 3250 | val_kld=0.803481 | val_ordacc@10=0.151126 | val_recall@10=0.567406
Epoch 001 | Batch 3250 | K-values: K1=26, K10=30, K20=27, K50=18, K100=27
Epoch 001 | Batch 3260 | val_kld=0.805514 | val_ordacc@10=0.150095 | val_recall@10=0.567489
Epoch 001 | Batch 3260 | K-values: K1=34, K10=21, K20=22, K50=27, K100=24
Epoch 001 | Batch 3270 | val_kld=0.818332 | val_ordacc@10=0.147755 | val_recall@10=0.569458
Epoch 001 | Batch 3270 | K-values: K1=22, K10=39, K20=16, K50=29, K100=22
Epoch 001 | Batch 3280 | val_kld=0.799198 | val_ordacc@10=0.151987 | val_recall@10=0.571960
Epoch 001 | Batch 3280 | K-values: K1=27, K10=23, K20=22, K50=30, K100=26
Epoch 001 | Batch 3290 | val_kld=0.793042 | val_ordacc@10=0.155261 | val_recall@10=0.566163
Epoch 001 | Batch 3290 | K-values: K1=25, K10=22, K20=26, K50=29, K100=26
Epoch 001 | Batch 3300 | val_kld=0.794672 | val_ordacc@10=0.155025 | val_recall@10=0.570975
Epoch 001 | Batch 3300 | K-values: K1=28, K10=29, K20=25, K50=26, K100=20
Epoch 001 | Batch 3310 | val_kld=0.791052 | val_ordacc@10=0.154454 | val_recall@10=0.571629
Epoch 001 | Batch 3310 | K-values: K1=22, K10=23, K20=26, K50=35, K100=22
Epoch 001 | Batch 3320 | val_kld=0.798512 | val_ordacc@10=0.152996 | val_recall@10=0.567453
Epoch 001 | Batch 3320 | K-values: K1=27, K10=28, K20=24, K50=24, K100=25
Epoch 001 | Batch 3330 | val_kld=0.790599 | val_ordacc@10=0.155635 | val_recall@10=0.571634
Epoch 001 | Batch 3330 | K-values: K1=23, K10=28, K20=36, K50=29, K100=12
Epoch 001 | Batch 3340 | val_kld=0.799624 | val_ordacc@10=0.152673 | val_recall@10=0.564463
Epoch 001 | Batch 3340 | K-values: K1=29, K10=30, K20=19, K50=25, K100=25
Epoch 001 | Batch 3350 | val_kld=0.799325 | val_ordacc@10=0.152541 | val_recall@10=0.569872
Epoch 001 | Batch 3350 | K-values: K1=26, K10=29, K20=24, K50=21, K100=28
Epoch 001 | Batch 3360 | val_kld=0.790796 | val_ordacc@10=0.155406 | val_recall@10=0.568704
Epoch 001 | Batch 3360 | K-values: K1=24, K10=19, K20=23, K50=32, K100=30
Epoch 001 | Batch 3370 | val_kld=0.785489 | val_ordacc@10=0.156621 | val_recall@10=0.574308
Epoch 001 | Batch 3370 | K-values: K1=26, K10=24, K20=27, K50=32, K100=19
Epoch 001 | Batch 3380 | val_kld=0.790726 | val_ordacc@10=0.154551 | val_recall@10=0.576856
Epoch 001 | Batch 3380 | K-values: K1=30, K10=23, K20=24, K50=28, K100=23
Epoch 001 | Batch 3390 | val_kld=0.794439 | val_ordacc@10=0.152558 | val_recall@10=0.571444
Epoch 001 | Batch 3390 | K-values: K1=21, K10=26, K20=28, K50=21, K100=32
Epoch 001 | Batch 3400 | val_kld=0.783359 | val_ordacc@10=0.156834 | val_recall@10=0.573894
Epoch 001 | Batch 3400 | K-values: K1=26, K10=31, K20=24, K50=22, K100=25
Epoch 001 | Batch 3410 | val_kld=0.816125 | val_ordacc@10=0.148182 | val_recall@10=0.566959
Epoch 001 | Batch 3410 | K-values: K1=41, K10=28, K20=22, K50=21, K100=16
Epoch 001 | Batch 3420 | val_kld=0.803754 | val_ordacc@10=0.151326 | val_recall@10=0.569813
Epoch 001 | Batch 3420 | K-values: K1=23, K10=28, K20=14, K50=29, K100=34
Epoch 001 | Batch 3430 | val_kld=0.794322 | val_ordacc@10=0.154022 | val_recall@10=0.574308
Epoch 001 | Batch 3430 | K-values: K1=29, K10=26, K20=18, K50=34, K100=21
Epoch 001 | Batch 3440 | val_kld=0.793019 | val_ordacc@10=0.152353 | val_recall@10=0.569320
Epoch 001 | Batch 3440 | K-values: K1=19, K10=27, K20=28, K50=28, K100=26
Epoch 001 | Batch 3450 | val_kld=0.791427 | val_ordacc@10=0.154003 | val_recall@10=0.565473
Epoch 001 | Batch 3450 | K-values: K1=21, K10=22, K20=25, K50=32, K100=28
Epoch 001 | Batch 3460 | val_kld=0.791383 | val_ordacc@10=0.156129 | val_recall@10=0.571561
Epoch 001 | Batch 3460 | K-values: K1=28, K10=25, K20=17, K50=32, K100=26
Epoch 001 | Batch 3470 | val_kld=0.796482 | val_ordacc@10=0.154113 | val_recall@10=0.571134
Epoch 001 | Batch 3470 | K-values: K1=25, K10=20, K20=24, K50=34, K100=25
Epoch 001 | Batch 3480 | val_kld=0.796778 | val_ordacc@10=0.152817 | val_recall@10=0.573390
Epoch 001 | Batch 3480 | K-values: K1=22, K10=24, K20=30, K50=21, K100=31
Epoch 001 | Batch 3490 | val_kld=0.797927 | val_ordacc@10=0.155279 | val_recall@10=0.571303
Epoch 001 | Batch 3490 | K-values: K1=23, K10=30, K20=24, K50=22, K100=29
Epoch 001 | Batch 3500 | val_kld=0.792159 | val_ordacc@10=0.155338 | val_recall@10=0.569783
Epoch 001 | Batch 3500 | K-values: K1=29, K10=23, K20=34, K50=21, K100=21
Epoch 001 | Batch 3510 | val_kld=0.803406 | val_ordacc@10=0.150968 | val_recall@10=0.572777
Epoch 001 | Batch 3510 | K-values: K1=18, K10=29, K20=27, K50=33, K100=21
Epoch 001 | Batch 3520 | val_kld=0.794439 | val_ordacc@10=0.153468 | val_recall@10=0.573842
Epoch 001 | Batch 3520 | K-values: K1=27, K10=13, K20=31, K50=30, K100=27
Epoch 001 | Batch 3530 | val_kld=0.786227 | val_ordacc@10=0.154070 | val_recall@10=0.570013
Epoch 001 | Batch 3530 | K-values: K1=28, K10=27, K20=30, K50=24, K100=19
Epoch 001 | Batch 3540 | val_kld=0.787706 | val_ordacc@10=0.155081 | val_recall@10=0.575284
Epoch 001 | Batch 3540 | K-values: K1=29, K10=25, K20=32, K50=21, K100=21
Epoch 001 | Batch 3550 | val_kld=0.792318 | val_ordacc@10=0.151679 | val_recall@10=0.567587
Epoch 001 | Batch 3550 | K-values: K1=34, K10=20, K20=26, K50=24, K100=24
Epoch 001 | Batch 3560 | val_kld=0.792073 | val_ordacc@10=0.156324 | val_recall@10=0.576429
Epoch 001 | Batch 3560 | K-values: K1=30, K10=30, K20=22, K50=27, K100=19
Epoch 001 | Batch 3570 | val_kld=0.793737 | val_ordacc@10=0.153710 | val_recall@10=0.568037
Epoch 001 | Batch 3570 | K-values: K1=30, K10=32, K20=22, K50=22, K100=22
Epoch 001 | Batch 3580 | val_kld=0.793571 | val_ordacc@10=0.154411 | val_recall@10=0.568488
Epoch 001 | Batch 3580 | K-values: K1=25, K10=27, K20=22, K50=26, K100=28
Epoch 001 | Batch 3590 | val_kld=0.790414 | val_ordacc@10=0.153833 | val_recall@10=0.571388
Epoch 001 | Batch 3590 | K-values: K1=31, K10=20, K20=27, K50=25, K100=25
Epoch 001 | Batch 3600 | val_kld=0.778114 | val_ordacc@10=0.157327 | val_recall@10=0.575468
Epoch 001 | Batch 3600 | K-values: K1=26, K10=24, K20=31, K50=15, K100=32
Epoch 001 | Batch 3610 | val_kld=0.779170 | val_ordacc@10=0.156563 | val_recall@10=0.574442
Epoch 001 | Batch 3610 | K-values: K1=35, K10=32, K20=20, K50=21, K100=20
Epoch 001 | Batch 3620 | val_kld=0.797553 | val_ordacc@10=0.152533 | val_recall@10=0.567957
Epoch 001 | Batch 3620 | K-values: K1=26, K10=20, K20=34, K50=31, K100=17
Epoch 001 | Batch 3630 | val_kld=0.794731 | val_ordacc@10=0.153344 | val_recall@10=0.571520
Epoch 001 | Batch 3630 | K-values: K1=22, K10=26, K20=26, K50=29, K100=25
Epoch 001 | Batch 3640 | val_kld=0.791667 | val_ordacc@10=0.155558 | val_recall@10=0.574874
Epoch 001 | Batch 3640 | K-values: K1=14, K10=22, K20=27, K50=35, K100=30
Epoch 001 | Batch 3650 | val_kld=0.797488 | val_ordacc@10=0.152563 | val_recall@10=0.573240
Epoch 001 | Batch 3650 | K-values: K1=23, K10=29, K20=20, K50=34, K100=22
Epoch 001 | Batch 3660 | val_kld=0.793457 | val_ordacc@10=0.153547 | val_recall@10=0.570609
Epoch 001 | Batch 3660 | K-values: K1=34, K10=19, K20=23, K50=25, K100=27
Epoch 001 | Batch 3670 | val_kld=0.801449 | val_ordacc@10=0.152354 | val_recall@10=0.574028
Epoch 001 | Batch 3670 | K-values: K1=30, K10=29, K20=25, K50=25, K100=19
Epoch 001 | Batch 3680 | val_kld=0.799668 | val_ordacc@10=0.153140 | val_recall@10=0.574524
Epoch 001 | Batch 3680 | K-values: K1=29, K10=26, K20=28, K50=15, K100=30
Epoch 001 | Batch 3690 | val_kld=0.795480 | val_ordacc@10=0.154277 | val_recall@10=0.571096
Epoch 001 | Batch 3690 | K-values: K1=28, K10=21, K20=18, K50=37, K100=24
Epoch 001 | Batch 3700 | val_kld=0.813183 | val_ordacc@10=0.149114 | val_recall@10=0.575265
Epoch 001 | Batch 3700 | K-values: K1=26, K10=20, K20=31, K50=25, K100=26
Epoch 001 | Batch 3710 | val_kld=0.782311 | val_ordacc@10=0.157310 | val_recall@10=0.576327
Epoch 001 | Batch 3710 | K-values: K1=21, K10=26, K20=16, K50=33, K100=32
Epoch 001 | Batch 3720 | val_kld=0.778873 | val_ordacc@10=0.157752 | val_recall@10=0.575824
Epoch 001 | Batch 3720 | K-values: K1=25, K10=28, K20=25, K50=21, K100=29
Epoch 001 | Batch 3730 | val_kld=0.798012 | val_ordacc@10=0.150966 | val_recall@10=0.568356
Epoch 001 | Batch 3730 | K-values: K1=18, K10=27, K20=23, K50=27, K100=33
Epoch 001 | Batch 3740 | val_kld=0.802178 | val_ordacc@10=0.150999 | val_recall@10=0.571518
Epoch 001 | Batch 3740 | K-values: K1=18, K10=30, K20=28, K50=26, K100=26
Epoch 001 | Batch 3750 | val_kld=0.789579 | val_ordacc@10=0.155759 | val_recall@10=0.576474
Epoch 001 | Batch 3750 | K-values: K1=33, K10=23, K20=27, K50=20, K100=25
Epoch 001 | Batch 3760 | val_kld=0.787234 | val_ordacc@10=0.155025 | val_recall@10=0.567943
Epoch 001 | Batch 3760 | K-values: K1=40, K10=21, K20=25, K50=21, K100=21
Epoch 001 | Batch 3770 | val_kld=0.795119 | val_ordacc@10=0.153051 | val_recall@10=0.572736
Epoch 001 | Batch 3770 | K-values: K1=23, K10=31, K20=20, K50=29, K100=25
Epoch 001 | Batch 3780 | val_kld=0.798447 | val_ordacc@10=0.153866 | val_recall@10=0.569466
Epoch 001 | Batch 3780 | K-values: K1=24, K10=29, K20=24, K50=23, K100=28
Epoch 001 | Batch 3790 | val_kld=0.786948 | val_ordacc@10=0.155950 | val_recall@10=0.574412
Epoch 001 | Batch 3790 | K-values: K1=17, K10=27, K20=28, K50=34, K100=22
Epoch 001 | Batch 3800 | val_kld=0.790918 | val_ordacc@10=0.153812 | val_recall@10=0.568594
Epoch 001 | Batch 3800 | K-values: K1=22, K10=32, K20=24, K50=19, K100=31
Epoch 001 | Batch 3810 | val_kld=0.779286 | val_ordacc@10=0.156657 | val_recall@10=0.574242
Epoch 001 | Batch 3810 | K-values: K1=21, K10=20, K20=28, K50=31, K100=28
Epoch 001 | Batch 3820 | val_kld=0.811130 | val_ordacc@10=0.148263 | val_recall@10=0.566638
Epoch 001 | Batch 3820 | K-values: K1=31, K10=25, K20=20, K50=25, K100=27
Epoch 001 | Batch 3830 | val_kld=0.792554 | val_ordacc@10=0.155474 | val_recall@10=0.571463
Epoch 001 | Batch 3830 | K-values: K1=22, K10=26, K20=26, K50=25, K100=29
Epoch 001 | Batch 3840 | val_kld=0.785079 | val_ordacc@10=0.157214 | val_recall@10=0.573230
Epoch 001 | Batch 3840 | K-values: K1=23, K10=28, K20=33, K50=25, K100=19
Epoch 001 | Batch 3850 | val_kld=0.797631 | val_ordacc@10=0.152838 | val_recall@10=0.571170
Epoch 001 | Batch 3850 | K-values: K1=22, K10=32, K20=23, K50=24, K100=27
Epoch 001 | Batch 3860 | val_kld=0.792743 | val_ordacc@10=0.155422 | val_recall@10=0.576913
Epoch 001 | Batch 3860 | K-values: K1=22, K10=18, K20=28, K50=34, K100=26
Epoch 001 | Batch 3870 | val_kld=0.792270 | val_ordacc@10=0.154821 | val_recall@10=0.578503
Epoch 001 | Batch 3870 | K-values: K1=28, K10=27, K20=23, K50=27, K100=23
Epoch 001 | Batch 3880 | val_kld=0.791790 | val_ordacc@10=0.154238 | val_recall@10=0.571960
Epoch 001 | Batch 3880 | K-values: K1=29, K10=28, K20=20, K50=22, K100=29
Epoch 001 | Batch 3890 | val_kld=0.790191 | val_ordacc@10=0.154020 | val_recall@10=0.569492
Epoch 001 | Batch 3890 | K-values: K1=22, K10=23, K20=23, K50=26, K100=34
Epoch 001 | Batch 3900 | val_kld=0.797850 | val_ordacc@10=0.152794 | val_recall@10=0.568762
Epoch 001 | Batch 3900 | K-values: K1=26, K10=25, K20=18, K50=25, K100=34
Epoch 001 | Batch 3910 | val_kld=0.782215 | val_ordacc@10=0.157112 | val_recall@10=0.573952
Epoch 001 | Batch 3910 | K-values: K1=14, K10=31, K20=35, K50=20, K100=28
Epoch 001 | Batch 3920 | val_kld=0.792844 | val_ordacc@10=0.153468 | val_recall@10=0.573146
Epoch 001 | Batch 3920 | K-values: K1=22, K10=20, K20=28, K50=27, K100=31
Epoch 001 | Batch 3930 | val_kld=0.787088 | val_ordacc@10=0.153464 | val_recall@10=0.572510
Epoch 001 | Batch 3930 | K-values: K1=30, K10=31, K20=25, K50=23, K100=19
Epoch 001 | Batch 3940 | val_kld=0.789258 | val_ordacc@10=0.154754 | val_recall@10=0.566882
Epoch 001 | Batch 3940 | K-values: K1=29, K10=24, K20=25, K50=23, K100=27
Epoch 001 | Batch 3950 | val_kld=0.786886 | val_ordacc@10=0.154940 | val_recall@10=0.573160
Epoch 001 | Batch 3950 | K-values: K1=20, K10=29, K20=26, K50=29, K100=24
Epoch 001 | Batch 3960 | val_kld=0.790917 | val_ordacc@10=0.153560 | val_recall@10=0.578376
Epoch 001 | Batch 3960 | K-values: K1=24, K10=30, K20=20, K50=21, K100=33
Epoch 001 | Batch 3970 | val_kld=0.795180 | val_ordacc@10=0.153723 | val_recall@10=0.570979
Epoch 001 | Batch 3970 | K-values: K1=28, K10=25, K20=13, K50=33, K100=29
Epoch 001 | Batch 3980 | val_kld=0.788397 | val_ordacc@10=0.153842 | val_recall@10=0.572154
Epoch 001 | Batch 3980 | K-values: K1=23, K10=25, K20=25, K50=30, K100=25
Epoch 001 | Batch 3990 | val_kld=0.786242 | val_ordacc@10=0.155194 | val_recall@10=0.571548
Epoch 001 | Batch 3990 | K-values: K1=20, K10=23, K20=34, K50=28, K100=23
Epoch 001 | Batch 4000 | val_kld=0.791751 | val_ordacc@10=0.154610 | val_recall@10=0.568884
Epoch 001 | Batch 4000 | K-values: K1=18, K10=28, K20=26, K50=30, K100=26
Epoch 001 | Batch 4010 | val_kld=0.792210 | val_ordacc@10=0.153742 | val_recall@10=0.571386
Epoch 001 | Batch 4010 | K-values: K1=25, K10=20, K20=31, K50=25, K100=27
Epoch 001 | Batch 4020 | val_kld=0.791586 | val_ordacc@10=0.154170 | val_recall@10=0.567856
Epoch 001 | Batch 4020 | K-values: K1=29, K10=20, K20=21, K50=28, K100=30
Epoch 001 | Batch 4030 | val_kld=0.791880 | val_ordacc@10=0.155433 | val_recall@10=0.568857
Epoch 001 | Batch 4030 | K-values: K1=22, K10=31, K20=23, K50=18, K100=34
Epoch 001 | Batch 4040 | val_kld=0.790345 | val_ordacc@10=0.153973 | val_recall@10=0.572020
Epoch 001 | Batch 4040 | K-values: K1=28, K10=28, K20=24, K50=25, K100=23
Epoch 001 | Batch 4050 | val_kld=0.801013 | val_ordacc@10=0.152130 | val_recall@10=0.571140
Epoch 001 | Batch 4050 | K-values: K1=29, K10=16, K20=32, K50=24, K100=27
Epoch 001 | Batch 4060 | val_kld=0.805672 | val_ordacc@10=0.152530 | val_recall@10=0.572988
Epoch 001 | Batch 4060 | K-values: K1=28, K10=31, K20=20, K50=21, K100=28
Epoch 001 | Batch 4070 | val_kld=0.789563 | val_ordacc@10=0.154175 | val_recall@10=0.566978
Epoch 001 | Batch 4070 | K-values: K1=18, K10=24, K20=32, K50=29, K100=25
Epoch 001 | Batch 4080 | val_kld=0.791672 | val_ordacc@10=0.154080 | val_recall@10=0.569534
Epoch 001 | Batch 4080 | K-values: K1=27, K10=31, K20=25, K50=22, K100=23
Epoch 001 | Batch 4090 | val_kld=0.790597 | val_ordacc@10=0.153556 | val_recall@10=0.575521
Epoch 001 | Batch 4090 | K-values: K1=27, K10=22, K20=28, K50=26, K100=25
Epoch 001 | Batch 4100 | val_kld=0.771718 | val_ordacc@10=0.159781 | val_recall@10=0.576854
Epoch 001 | Batch 4100 | K-values: K1=25, K10=24, K20=27, K50=32, K100=20
Epoch 001 | Batch 4110 | val_kld=0.786783 | val_ordacc@10=0.156452 | val_recall@10=0.573719
Epoch 001 | Batch 4110 | K-values: K1=31, K10=18, K20=32, K50=24, K100=23
Epoch 001 | Batch 4120 | val_kld=0.786712 | val_ordacc@10=0.155222 | val_recall@10=0.573854
Epoch 001 | Batch 4120 | K-values: K1=34, K10=18, K20=14, K50=27, K100=35
Epoch 001 | Batch 4130 | val_kld=0.801170 | val_ordacc@10=0.149614 | val_recall@10=0.570730
Epoch 001 | Batch 4130 | K-values: K1=23, K10=22, K20=32, K50=29, K100=22
Epoch 001 | Batch 4140 | val_kld=0.784123 | val_ordacc@10=0.154927 | val_recall@10=0.570628
Epoch 001 | Batch 4140 | K-values: K1=25, K10=31, K20=26, K50=25, K100=21
Epoch 001 | Batch 4150 | val_kld=0.783156 | val_ordacc@10=0.154726 | val_recall@10=0.568658
Epoch 001 | Batch 4150 | K-values: K1=21, K10=27, K20=30, K50=23, K100=27
Epoch 001 | Batch 4160 | val_kld=0.791156 | val_ordacc@10=0.152223 | val_recall@10=0.576509
Epoch 001 | Batch 4160 | K-values: K1=22, K10=22, K20=30, K50=27, K100=27
Epoch 001 | Batch 4170 | val_kld=0.786677 | val_ordacc@10=0.155120 | val_recall@10=0.576036
Epoch 001 | Batch 4170 | K-values: K1=26, K10=27, K20=20, K50=28, K100=27
Epoch 001 | Batch 4180 | val_kld=0.780990 | val_ordacc@10=0.156302 | val_recall@10=0.573905
Epoch 001 | Batch 4180 | K-values: K1=21, K10=32, K20=28, K50=20, K100=27
Epoch 001 | Batch 4190 | val_kld=0.791186 | val_ordacc@10=0.153985 | val_recall@10=0.569493
Epoch 001 | Batch 4190 | K-values: K1=26, K10=21, K20=28, K50=28, K100=25
Epoch 001 | Batch 4200 | val_kld=0.777589 | val_ordacc@10=0.158367 | val_recall@10=0.571712
Epoch 001 | Batch 4200 | K-values: K1=23, K10=29, K20=25, K50=25, K100=26
Epoch 001 | Batch 4210 | val_kld=0.796220 | val_ordacc@10=0.153982 | val_recall@10=0.572764
Epoch 001 | Batch 4210 | K-values: K1=28, K10=23, K20=26, K50=25, K100=26
Epoch 001 | Batch 4220 | val_kld=0.779533 | val_ordacc@10=0.156443 | val_recall@10=0.571991
Epoch 001 | Batch 4220 | K-values: K1=29, K10=18, K20=26, K50=29, K100=26
Epoch 001 | Batch 4230 | val_kld=0.780148 | val_ordacc@10=0.158249 | val_recall@10=0.571408
Epoch 001 | Batch 4230 | K-values: K1=21, K10=25, K20=36, K50=23, K100=23
Epoch 001 | Batch 4240 | val_kld=0.790470 | val_ordacc@10=0.154678 | val_recall@10=0.567146
Epoch 001 | Batch 4240 | K-values: K1=27, K10=29, K20=25, K50=26, K100=21
Epoch 001 | Batch 4250 | val_kld=0.795506 | val_ordacc@10=0.151882 | val_recall@10=0.568003
Epoch 001 | Batch 4250 | K-values: K1=30, K10=28, K20=22, K50=28, K100=20
Epoch 001 | Batch 4260 | val_kld=0.800329 | val_ordacc@10=0.151524 | val_recall@10=0.567600
Epoch 001 | Batch 4260 | K-values: K1=27, K10=27, K20=21, K50=24, K100=29
Epoch 001 | Batch 4270 | val_kld=0.789050 | val_ordacc@10=0.154795 | val_recall@10=0.575313
Epoch 001 | Batch 4270 | K-values: K1=27, K10=23, K20=23, K50=24, K100=31
Epoch 001 | Batch 4280 | val_kld=0.786408 | val_ordacc@10=0.155800 | val_recall@10=0.571787
Epoch 001 | Batch 4280 | K-values: K1=36, K10=28, K20=24, K50=26, K100=14
Epoch 001 | Batch 4290 | val_kld=0.775891 | val_ordacc@10=0.159055 | val_recall@10=0.575589
Epoch 001 | Batch 4290 | K-values: K1=36, K10=26, K20=31, K50=19, K100=16
Epoch 001 | Batch 4300 | val_kld=0.796481 | val_ordacc@10=0.154695 | val_recall@10=0.575315
Epoch 001 | Batch 4300 | K-values: K1=30, K10=24, K20=29, K50=20, K100=25
Epoch 001 | Batch 4310 | val_kld=0.787039 | val_ordacc@10=0.155212 | val_recall@10=0.571794
Epoch 001 | Batch 4310 | K-values: K1=30, K10=27, K20=31, K50=18, K100=22
Epoch 001 | Batch 4320 | val_kld=0.805211 | val_ordacc@10=0.149680 | val_recall@10=0.572727
Epoch 001 | Batch 4320 | K-values: K1=33, K10=25, K20=30, K50=21, K100=19
Epoch 001 | Batch 4330 | val_kld=0.778595 | val_ordacc@10=0.157940 | val_recall@10=0.580737
Epoch 001 | Batch 4330 | K-values: K1=35, K10=31, K20=21, K50=19, K100=22
Epoch 001 | Batch 4340 | val_kld=0.792909 | val_ordacc@10=0.151141 | val_recall@10=0.577896
Epoch 001 | Batch 4340 | K-values: K1=26, K10=21, K20=27, K50=26, K100=28
Epoch 001 | Batch 4350 | val_kld=0.785718 | val_ordacc@10=0.155188 | val_recall@10=0.574576
Epoch 001 | Batch 4350 | K-values: K1=26, K10=28, K20=24, K50=24, K100=26
Epoch 001 | Batch 4360 | val_kld=0.783627 | val_ordacc@10=0.154540 | val_recall@10=0.569344
Epoch 001 | Batch 4360 | K-values: K1=16, K10=36, K20=25, K50=25, K100=26
Epoch 001 | Batch 4370 | val_kld=0.777619 | val_ordacc@10=0.157309 | val_recall@10=0.572612
Epoch 001 | Batch 4370 | K-values: K1=18, K10=29, K20=30, K50=31, K100=20
Epoch 001 | Batch 4380 | val_kld=0.773281 | val_ordacc@10=0.158665 | val_recall@10=0.571072
Epoch 001 | Batch 4380 | K-values: K1=29, K10=21, K20=26, K50=17, K100=35
Epoch 001 | Batch 4390 | val_kld=0.789366 | val_ordacc@10=0.154678 | val_recall@10=0.574522
Epoch 001 | Batch 4390 | K-values: K1=29, K10=21, K20=24, K50=18, K100=36
Epoch 001 | Batch 4400 | val_kld=0.780195 | val_ordacc@10=0.155944 | val_recall@10=0.571771
Epoch 001 | Batch 4400 | K-values: K1=24, K10=22, K20=28, K50=29, K100=25
Epoch 001 | Batch 4410 | val_kld=0.781829 | val_ordacc@10=0.156459 | val_recall@10=0.572992
Epoch 001 | Batch 4410 | K-values: K1=27, K10=28, K20=23, K50=25, K100=25
Epoch 001 | Batch 4420 | val_kld=0.776436 | val_ordacc@10=0.158445 | val_recall@10=0.572371
Epoch 001 | Batch 4420 | K-values: K1=32, K10=27, K20=22, K50=21, K100=26
Epoch 001 | Batch 4430 | val_kld=0.778134 | val_ordacc@10=0.156510 | val_recall@10=0.574248
Epoch 001 | Batch 4430 | K-values: K1=30, K10=21, K20=22, K50=32, K100=23
Epoch 001 | Batch 4440 | val_kld=0.776242 | val_ordacc@10=0.158420 | val_recall@10=0.572806
Epoch 001 | Batch 4440 | K-values: K1=24, K10=32, K20=29, K50=19, K100=24
Epoch 001 | Batch 4450 | val_kld=0.783299 | val_ordacc@10=0.155906 | val_recall@10=0.573285
Epoch 001 | Batch 4450 | K-values: K1=34, K10=25, K20=21, K50=27, K100=21
Epoch 001 | Batch 4460 | val_kld=0.775363 | val_ordacc@10=0.158719 | val_recall@10=0.577956
Epoch 001 | Batch 4460 | K-values: K1=21, K10=20, K20=30, K50=31, K100=26
Epoch 001 | Batch 4470 | val_kld=0.773771 | val_ordacc@10=0.158586 | val_recall@10=0.572107
Epoch 001 | Batch 4470 | K-values: K1=24, K10=34, K20=26, K50=15, K100=29
Epoch 001 | Batch 4480 | val_kld=0.781028 | val_ordacc@10=0.157832 | val_recall@10=0.577784
Epoch 001 | Batch 4480 | K-values: K1=21, K10=28, K20=28, K50=31, K100=20
Epoch 001 | Batch 4490 | val_kld=0.781430 | val_ordacc@10=0.157276 | val_recall@10=0.575528
Epoch 001 | Batch 4490 | K-values: K1=24, K10=30, K20=22, K50=16, K100=36
Epoch 001 | Batch 4500 | val_kld=0.786768 | val_ordacc@10=0.154877 | val_recall@10=0.570370
Epoch 001 | Batch 4500 | K-values: K1=23, K10=28, K20=34, K50=16, K100=27
Epoch 001 | Batch 4510 | val_kld=0.784085 | val_ordacc@10=0.154200 | val_recall@10=0.567656
Epoch 001 | Batch 4510 | K-values: K1=24, K10=29, K20=26, K50=21, K100=28
Epoch 001 | Batch 4520 | val_kld=0.777221 | val_ordacc@10=0.157711 | val_recall@10=0.572282
Epoch 001 | Batch 4520 | K-values: K1=20, K10=27, K20=25, K50=23, K100=33
Epoch 001 | Batch 4530 | val_kld=0.782268 | val_ordacc@10=0.157467 | val_recall@10=0.575169
Epoch 001 | Batch 4530 | K-values: K1=24, K10=26, K20=26, K50=24, K100=28
Epoch 001 | Batch 4540 | val_kld=0.778322 | val_ordacc@10=0.158170 | val_recall@10=0.569903
Epoch 001 | Batch 4540 | K-values: K1=21, K10=33, K20=24, K50=29, K100=21
Epoch 001 | Batch 4550 | val_kld=0.782489 | val_ordacc@10=0.154959 | val_recall@10=0.569819
Epoch 001 | Batch 4550 | K-values: K1=37, K10=25, K20=23, K50=23, K100=20
Epoch 001 | Batch 4560 | val_kld=0.783887 | val_ordacc@10=0.155246 | val_recall@10=0.577788
Epoch 001 | Batch 4560 | K-values: K1=38, K10=18, K20=22, K50=26, K100=24
Epoch 001 | Batch 4570 | val_kld=0.784191 | val_ordacc@10=0.155865 | val_recall@10=0.579679
Epoch 001 | Batch 4570 | K-values: K1=21, K10=28, K20=24, K50=31, K100=24
Epoch 001 | Batch 4580 | val_kld=0.803550 | val_ordacc@10=0.147952 | val_recall@10=0.571238
Epoch 001 | Batch 4580 | K-values: K1=31, K10=22, K20=15, K50=28, K100=32
Epoch 001 | Batch 4590 | val_kld=0.782545 | val_ordacc@10=0.155436 | val_recall@10=0.566395
Epoch 001 | Batch 4590 | K-values: K1=18, K10=35, K20=25, K50=29, K100=21
Epoch 001 | Batch 4600 | val_kld=0.777553 | val_ordacc@10=0.157552 | val_recall@10=0.569835
Epoch 001 | Batch 4600 | K-values: K1=22, K10=28, K20=31, K50=24, K100=23
Epoch 001 | Batch 4610 | val_kld=0.798583 | val_ordacc@10=0.149938 | val_recall@10=0.566220
Epoch 001 | Batch 4610 | K-values: K1=26, K10=29, K20=28, K50=21, K100=24
Epoch 001 | Batch 4620 | val_kld=0.770734 | val_ordacc@10=0.159664 | val_recall@10=0.570677
Epoch 001 | Batch 4620 | K-values: K1=26, K10=30, K20=28, K50=18, K100=26
Epoch 001 | Batch 4630 | val_kld=0.781095 | val_ordacc@10=0.154971 | val_recall@10=0.571576
Epoch 001 | Batch 4630 | K-values: K1=31, K10=26, K20=21, K50=25, K100=25
Epoch 001 | Batch 4640 | val_kld=0.788750 | val_ordacc@10=0.155851 | val_recall@10=0.573636
Epoch 001 | Batch 4640 | K-values: K1=25, K10=23, K20=23, K50=31, K100=26
Epoch 001 | Batch 4650 | val_kld=0.777197 | val_ordacc@10=0.157122 | val_recall@10=0.578559
Epoch 001 | Batch 4650 | K-values: K1=26, K10=27, K20=30, K50=17, K100=28
Epoch 001 | Batch 4660 | val_kld=0.778525 | val_ordacc@10=0.156855 | val_recall@10=0.574293
Epoch 001 | Batch 4660 | K-values: K1=32, K10=30, K20=23, K50=22, K100=21
Epoch 001 | Batch 4670 | val_kld=0.779244 | val_ordacc@10=0.157588 | val_recall@10=0.576130
Epoch 001 | Batch 4670 | K-values: K1=30, K10=17, K20=28, K50=29, K100=24
Epoch 001 | Batch 4680 | val_kld=0.780226 | val_ordacc@10=0.157136 | val_recall@10=0.569256
Epoch 001 | Batch 4680 | K-values: K1=29, K10=36, K20=19, K50=23, K100=21
Epoch 001 | Batch 4690 | val_kld=0.770667 | val_ordacc@10=0.159530 | val_recall@10=0.573844
Epoch 001 | Batch 4690 | K-values: K1=25, K10=29, K20=25, K50=19, K100=30
Epoch 001 | Batch 4700 | val_kld=0.779997 | val_ordacc@10=0.157499 | val_recall@10=0.575790
Epoch 001 | Batch 4700 | K-values: K1=26, K10=23, K20=18, K50=30, K100=31
Epoch 001 | Batch 4710 | val_kld=0.783743 | val_ordacc@10=0.154861 | val_recall@10=0.572800
Epoch 001 | Batch 4710 | K-values: K1=22, K10=20, K20=37, K50=25, K100=24
Epoch 001 | Batch 4720 | val_kld=0.784100 | val_ordacc@10=0.155021 | val_recall@10=0.569415
Epoch 001 | Batch 4720 | K-values: K1=19, K10=31, K20=30, K50=24, K100=24
Epoch 001 | Batch 4730 | val_kld=0.776409 | val_ordacc@10=0.157088 | val_recall@10=0.571532
Epoch 001 | Batch 4730 | K-values: K1=24, K10=35, K20=13, K50=28, K100=28
Epoch 001 | Batch 4740 | val_kld=0.785684 | val_ordacc@10=0.155129 | val_recall@10=0.567898
Epoch 001 | Batch 4740 | K-values: K1=23, K10=27, K20=27, K50=23, K100=28
Epoch 001 | Batch 4750 | val_kld=0.779755 | val_ordacc@10=0.157308 | val_recall@10=0.574340
Epoch 001 | Batch 4750 | K-values: K1=19, K10=15, K20=33, K50=33, K100=28
Epoch 001 | Batch 4760 | val_kld=0.769646 | val_ordacc@10=0.158786 | val_recall@10=0.579268
Epoch 001 | Batch 4760 | K-values: K1=25, K10=29, K20=22, K50=25, K100=27
Epoch 001 | Batch 4770 | val_kld=0.798344 | val_ordacc@10=0.151678 | val_recall@10=0.571903
Epoch 001 | Batch 4770 | K-values: K1=27, K10=24, K20=23, K50=23, K100=31
Epoch 001 | Batch 4780 | val_kld=0.775205 | val_ordacc@10=0.155898 | val_recall@10=0.575498
Epoch 001 | Batch 4780 | K-values: K1=28, K10=26, K20=23, K50=28, K100=23
Epoch 001 | Batch 4790 | val_kld=0.783977 | val_ordacc@10=0.154963 | val_recall@10=0.575464
Epoch 001 | Batch 4790 | K-values: K1=23, K10=25, K20=24, K50=36, K100=20
Epoch 001 | Batch 4800 | val_kld=0.789499 | val_ordacc@10=0.154689 | val_recall@10=0.576592
Epoch 001 | Batch 4800 | K-values: K1=21, K10=22, K20=31, K50=24, K100=30
Epoch 001 | Batch 4810 | val_kld=0.778401 | val_ordacc@10=0.158184 | val_recall@10=0.579091
Epoch 001 | Batch 4810 | K-values: K1=26, K10=27, K20=26, K50=25, K100=24
Epoch 001 | Batch 4820 | val_kld=0.781686 | val_ordacc@10=0.156199 | val_recall@10=0.576004
Epoch 001 | Batch 4820 | K-values: K1=34, K10=18, K20=26, K50=23, K100=27
Epoch 001 | Batch 4830 | val_kld=0.777102 | val_ordacc@10=0.157998 | val_recall@10=0.574588
Epoch 001 | Batch 4830 | K-values: K1=26, K10=25, K20=29, K50=21, K100=27
Epoch 001 | Batch 4840 | val_kld=0.781273 | val_ordacc@10=0.156618 | val_recall@10=0.572338
Epoch 001 | Batch 4840 | K-values: K1=21, K10=23, K20=27, K50=24, K100=33
Epoch 001 | Batch 4850 | val_kld=0.783740 | val_ordacc@10=0.155577 | val_recall@10=0.576858
Epoch 001 | Batch 4850 | K-values: K1=31, K10=22, K20=22, K50=23, K100=30
Epoch 001 | Batch 4860 | val_kld=0.778170 | val_ordacc@10=0.157210 | val_recall@10=0.576140
Epoch 001 | Batch 4860 | K-values: K1=25, K10=31, K20=29, K50=25, K100=18
Epoch 001 | Batch 4870 | val_kld=0.782183 | val_ordacc@10=0.157199 | val_recall@10=0.572093
Epoch 001 | Batch 4870 | K-values: K1=26, K10=30, K20=18, K50=31, K100=23
Epoch 001 | Batch 4880 | val_kld=0.774986 | val_ordacc@10=0.158382 | val_recall@10=0.576500
Epoch 001 | Batch 4880 | K-values: K1=27, K10=22, K20=21, K50=29, K100=29
Epoch 001 | Batch 4890 | val_kld=0.770592 | val_ordacc@10=0.159004 | val_recall@10=0.576037
Epoch 001 | Batch 4890 | K-values: K1=34, K10=27, K20=17, K50=23, K100=27
Epoch 001 | Batch 4900 | val_kld=0.788344 | val_ordacc@10=0.153174 | val_recall@10=0.565531
Epoch 001 | Batch 4900 | K-values: K1=26, K10=21, K20=35, K50=24, K100=22
Epoch 001 | Batch 4910 | val_kld=0.781680 | val_ordacc@10=0.155044 | val_recall@10=0.573540
Epoch 001 | Batch 4910 | K-values: K1=24, K10=28, K20=24, K50=28, K100=24
Epoch 001 | Batch 4920 | val_kld=0.774107 | val_ordacc@10=0.158150 | val_recall@10=0.572998
Epoch 001 | Batch 4920 | K-values: K1=35, K10=23, K20=18, K50=31, K100=21
Epoch 001 | Batch 4930 | val_kld=0.779746 | val_ordacc@10=0.155812 | val_recall@10=0.573208
Epoch 001 | Batch 4930 | K-values: K1=22, K10=23, K20=29, K50=22, K100=32
Epoch 001 | Batch 4940 | val_kld=0.778970 | val_ordacc@10=0.157573 | val_recall@10=0.575970
Epoch 001 | Batch 4940 | K-values: K1=26, K10=24, K20=22, K50=28, K100=28
Epoch 001 | Batch 4950 | val_kld=0.792485 | val_ordacc@10=0.153138 | val_recall@10=0.570998
Epoch 001 | Batch 4950 | K-values: K1=22, K10=24, K20=23, K50=28, K100=31
Epoch 001 | Batch 4960 | val_kld=0.783307 | val_ordacc@10=0.157345 | val_recall@10=0.574145
Epoch 001 | Batch 4960 | K-values: K1=21, K10=26, K20=24, K50=28, K100=29
Epoch 001 | Batch 4970 | val_kld=0.779073 | val_ordacc@10=0.156556 | val_recall@10=0.579882
Epoch 001 | Batch 4970 | K-values: K1=25, K10=23, K20=25, K50=30, K100=25
Epoch 001 | Batch 4980 | val_kld=0.786856 | val_ordacc@10=0.152913 | val_recall@10=0.572430
Epoch 001 | Batch 4980 | K-values: K1=22, K10=33, K20=21, K50=22, K100=30
Epoch 001 | Batch 4990 | val_kld=0.776885 | val_ordacc@10=0.157174 | val_recall@10=0.579141
Epoch 001 | Batch 4990 | K-values: K1=22, K10=23, K20=31, K50=24, K100=28
Epoch 001 | Batch 5000 | val_kld=0.781094 | val_ordacc@10=0.157932 | val_recall@10=0.572515
Epoch 001 | Batch 5000 | K-values: K1=24, K10=26, K20=20, K50=28, K100=30
Epoch 001 | Batch 5010 | val_kld=0.787168 | val_ordacc@10=0.155766 | val_recall@10=0.570012
Epoch 001 | Batch 5010 | K-values: K1=18, K10=33, K20=22, K50=28, K100=27
Epoch 001 | Batch 5020 | val_kld=0.781056 | val_ordacc@10=0.157882 | val_recall@10=0.574890
Epoch 001 | Batch 5020 | K-values: K1=30, K10=23, K20=28, K50=22, K100=25
Epoch 001 | Batch 5030 | val_kld=0.789296 | val_ordacc@10=0.153102 | val_recall@10=0.573992
Epoch 001 | Batch 5030 | K-values: K1=27, K10=25, K20=23, K50=24, K100=29
Epoch 001 | Batch 5040 | val_kld=0.775498 | val_ordacc@10=0.155398 | val_recall@10=0.571469
Epoch 001 | Batch 5040 | K-values: K1=30, K10=25, K20=37, K50=17, K100=19
Epoch 001 | Batch 5050 | val_kld=0.782473 | val_ordacc@10=0.155215 | val_recall@10=0.576337
Epoch 001 | Batch 5050 | K-values: K1=30, K10=22, K20=20, K50=25, K100=31
Epoch 001 | Batch 5060 | val_kld=0.790703 | val_ordacc@10=0.155082 | val_recall@10=0.577886
Epoch 001 | Batch 5060 | K-values: K1=18, K10=32, K20=28, K50=25, K100=25
Epoch 001 | Batch 5070 | val_kld=0.789876 | val_ordacc@10=0.153383 | val_recall@10=0.573391
Epoch 001 | Batch 5070 | K-values: K1=20, K10=16, K20=24, K50=40, K100=28
Epoch 001 | Batch 5080 | val_kld=0.783823 | val_ordacc@10=0.154196 | val_recall@10=0.578486
Epoch 001 | Batch 5080 | K-values: K1=36, K10=21, K20=22, K50=24, K100=25
Epoch 001 | Batch 5090 | val_kld=0.776646 | val_ordacc@10=0.157656 | val_recall@10=0.574067
Epoch 001 | Batch 5090 | K-values: K1=14, K10=27, K20=24, K50=21, K100=42
Epoch 001 | Batch 5100 | val_kld=0.781311 | val_ordacc@10=0.155952 | val_recall@10=0.575611
Epoch 001 | Batch 5100 | K-values: K1=22, K10=20, K20=27, K50=34, K100=25
Epoch 001 | Batch 5110 | val_kld=0.774718 | val_ordacc@10=0.157382 | val_recall@10=0.578246
Epoch 001 | Batch 5110 | K-values: K1=21, K10=23, K20=29, K50=25, K100=30
Epoch 001 | Batch 5120 | val_kld=0.786964 | val_ordacc@10=0.154327 | val_recall@10=0.578931
Epoch 001 | Batch 5120 | K-values: K1=26, K10=26, K20=24, K50=16, K100=36
Epoch 001 | Batch 5130 | val_kld=0.780151 | val_ordacc@10=0.157876 | val_recall@10=0.577738
Epoch 001 | Batch 5130 | K-values: K1=26, K10=28, K20=24, K50=27, K100=23
Epoch 001 | Batch 5140 | val_kld=0.779414 | val_ordacc@10=0.157785 | val_recall@10=0.574391
Epoch 001 | Batch 5140 | K-values: K1=31, K10=26, K20=22, K50=29, K100=20
Epoch 001 | Batch 5150 | val_kld=0.782008 | val_ordacc@10=0.155687 | val_recall@10=0.575512
Epoch 001 | Batch 5150 | K-values: K1=26, K10=19, K20=31, K50=28, K100=24
Epoch 001 | Batch 5160 | val_kld=0.774337 | val_ordacc@10=0.158305 | val_recall@10=0.578019
Epoch 001 | Batch 5160 | K-values: K1=21, K10=23, K20=32, K50=24, K100=28
Epoch 001 | Batch 5170 | val_kld=0.786275 | val_ordacc@10=0.153966 | val_recall@10=0.579932
Epoch 001 | Batch 5170 | K-values: K1=29, K10=27, K20=34, K50=14, K100=24
Epoch 001 | Batch 5180 | val_kld=0.783911 | val_ordacc@10=0.157436 | val_recall@10=0.575340
Epoch 001 | Batch 5180 | K-values: K1=21, K10=25, K20=30, K50=20, K100=32
Epoch 001 | Batch 5190 | val_kld=0.780968 | val_ordacc@10=0.154194 | val_recall@10=0.568450
Epoch 001 | Batch 5190 | K-values: K1=23, K10=20, K20=27, K50=24, K100=34
Epoch 001 | Batch 5200 | val_kld=0.772685 | val_ordacc@10=0.158713 | val_recall@10=0.575558
Epoch 001 | Batch 5200 | K-values: K1=22, K10=27, K20=33, K50=25, K100=21
Epoch 001 | Batch 5210 | val_kld=0.777742 | val_ordacc@10=0.156603 | val_recall@10=0.576023
Epoch 001 | Batch 5210 | K-values: K1=30, K10=23, K20=17, K50=32, K100=26
Epoch 001 | Batch 5220 | val_kld=0.789892 | val_ordacc@10=0.153497 | val_recall@10=0.572335
Epoch 001 | Batch 5220 | K-values: K1=28, K10=29, K20=27, K50=26, K100=18
Epoch 001 | Batch 5230 | val_kld=0.776762 | val_ordacc@10=0.156815 | val_recall@10=0.572945
Epoch 001 | Batch 5230 | K-values: K1=24, K10=20, K20=33, K50=24, K100=27
Epoch 001 | Batch 5240 | val_kld=0.785693 | val_ordacc@10=0.155119 | val_recall@10=0.567486
Epoch 001 | Batch 5240 | K-values: K1=29, K10=29, K20=21, K50=27, K100=22
Epoch 001 | Batch 5250 | val_kld=0.780363 | val_ordacc@10=0.156456 | val_recall@10=0.568958
Epoch 001 | Batch 5250 | K-values: K1=21, K10=21, K20=32, K50=24, K100=30
Epoch 001 | Batch 5260 | val_kld=0.771477 | val_ordacc@10=0.158675 | val_recall@10=0.575620
Epoch 001 | Batch 5260 | K-values: K1=22, K10=22, K20=26, K50=30, K100=28
Epoch 001 | Batch 5270 | val_kld=0.776233 | val_ordacc@10=0.158048 | val_recall@10=0.575397
Epoch 001 | Batch 5270 | K-values: K1=28, K10=33, K20=27, K50=18, K100=22
Epoch 001 | Batch 5280 | val_kld=0.781518 | val_ordacc@10=0.155556 | val_recall@10=0.575394
Epoch 001 | Batch 5280 | K-values: K1=23, K10=28, K20=18, K50=28, K100=31
Epoch 001 | Batch 5290 | val_kld=0.769275 | val_ordacc@10=0.159339 | val_recall@10=0.577942
Epoch 001 | Batch 5290 | K-values: K1=23, K10=21, K20=23, K50=29, K100=32
Epoch 001 | Batch 5300 | val_kld=0.772495 | val_ordacc@10=0.157766 | val_recall@10=0.573790
Epoch 001 | Batch 5300 | K-values: K1=22, K10=34, K20=23, K50=22, K100=27
Epoch 001 | Batch 5310 | val_kld=0.769993 | val_ordacc@10=0.159215 | val_recall@10=0.576266
Epoch 001 | Batch 5310 | K-values: K1=28, K10=26, K20=20, K50=27, K100=27
Epoch 001 | Batch 5320 | val_kld=0.778321 | val_ordacc@10=0.156622 | val_recall@10=0.575701
Epoch 001 | Batch 5320 | K-values: K1=21, K10=29, K20=35, K50=29, K100=14
Epoch 001 | Batch 5330 | val_kld=0.780477 | val_ordacc@10=0.155050 | val_recall@10=0.574073
Epoch 001 | Batch 5330 | K-values: K1=21, K10=28, K20=22, K50=28, K100=29
Epoch 001 | Batch 5340 | val_kld=0.780773 | val_ordacc@10=0.155569 | val_recall@10=0.575701
Epoch 001 | Batch 5340 | K-values: K1=34, K10=30, K20=20, K50=25, K100=19
Epoch 001 | Batch 5350 | val_kld=0.774634 | val_ordacc@10=0.158137 | val_recall@10=0.573036
Epoch 001 | Batch 5350 | K-values: K1=23, K10=29, K20=25, K50=28, K100=23
Epoch 001 | Batch 5360 | val_kld=0.793760 | val_ordacc@10=0.152673 | val_recall@10=0.565748
Epoch 001 | Batch 5360 | K-values: K1=21, K10=26, K20=25, K50=29, K100=27
Epoch 001 | Batch 5370 | val_kld=0.780693 | val_ordacc@10=0.155665 | val_recall@10=0.567725
Epoch 001 | Batch 5370 | K-values: K1=35, K10=24, K20=15, K50=27, K100=27
Epoch 001 | Batch 5380 | val_kld=0.775238 | val_ordacc@10=0.157858 | val_recall@10=0.569820
Epoch 001 | Batch 5380 | K-values: K1=20, K10=26, K20=29, K50=23, K100=30
Epoch 001 | Batch 5390 | val_kld=0.778511 | val_ordacc@10=0.157252 | val_recall@10=0.575305
Epoch 001 | Batch 5390 | K-values: K1=21, K10=29, K20=25, K50=21, K100=32
Epoch 001 | Batch 5400 | val_kld=0.777770 | val_ordacc@10=0.157415 | val_recall@10=0.576832
Epoch 001 | Batch 5400 | K-values: K1=29, K10=20, K20=22, K50=30, K100=27
Epoch 001 | Batch 5410 | val_kld=0.769469 | val_ordacc@10=0.158640 | val_recall@10=0.571622
Epoch 001 | Batch 5410 | K-values: K1=17, K10=29, K20=27, K50=34, K100=21
Epoch 001 | Batch 5420 | val_kld=0.777640 | val_ordacc@10=0.156604 | val_recall@10=0.573094
Epoch 001 | Batch 5420 | K-values: K1=32, K10=22, K20=24, K50=24, K100=26
Epoch 001 | Batch 5430 | val_kld=0.778563 | val_ordacc@10=0.156440 | val_recall@10=0.567681
Epoch 001 | Batch 5430 | K-values: K1=27, K10=25, K20=21, K50=16, K100=39
Epoch 001 | Batch 5440 | val_kld=0.782970 | val_ordacc@10=0.156648 | val_recall@10=0.577711
Epoch 001 | Batch 5440 | K-values: K1=23, K10=23, K20=36, K50=22, K100=24
Epoch 001 | Batch 5450 | val_kld=0.790924 | val_ordacc@10=0.151793 | val_recall@10=0.576087
Epoch 001 | Batch 5450 | K-values: K1=26, K10=30, K20=24, K50=27, K100=21
Epoch 001 | Batch 5460 | val_kld=0.774317 | val_ordacc@10=0.157108 | val_recall@10=0.578326
Epoch 001 | Batch 5460 | K-values: K1=19, K10=30, K20=28, K50=22, K100=29
Epoch 001 | Batch 5470 | val_kld=0.768478 | val_ordacc@10=0.160173 | val_recall@10=0.574276
Epoch 001 | Batch 5470 | K-values: K1=25, K10=21, K20=32, K50=19, K100=31
Epoch 001 | Batch 5480 | val_kld=0.779452 | val_ordacc@10=0.154270 | val_recall@10=0.567532
Epoch 001 | Batch 5480 | K-values: K1=26, K10=23, K20=22, K50=35, K100=22
Epoch 001 | Batch 5490 | val_kld=0.778658 | val_ordacc@10=0.156695 | val_recall@10=0.570654
Epoch 001 | Batch 5490 | K-values: K1=24, K10=27, K20=28, K50=23, K100=26
Epoch 001 | Batch 5500 | val_kld=0.775296 | val_ordacc@10=0.158018 | val_recall@10=0.575714
Epoch 001 | Batch 5500 | K-values: K1=24, K10=23, K20=24, K50=33, K100=24
Epoch 001 | Batch 5510 | val_kld=0.778187 | val_ordacc@10=0.157694 | val_recall@10=0.580211
Epoch 001 | Batch 5510 | K-values: K1=25, K10=24, K20=24, K50=28, K100=27
Epoch 001 | Batch 5520 | val_kld=0.782590 | val_ordacc@10=0.156554 | val_recall@10=0.571499
Epoch 001 | Batch 5520 | K-values: K1=23, K10=23, K20=24, K50=31, K100=27
Epoch 001 | Batch 5530 | val_kld=0.775434 | val_ordacc@10=0.157603 | val_recall@10=0.572362
Epoch 001 | Batch 5530 | K-values: K1=22, K10=28, K20=29, K50=16, K100=33
Epoch 001 | Batch 5540 | val_kld=0.778608 | val_ordacc@10=0.157965 | val_recall@10=0.574195
Epoch 001 | Batch 5540 | K-values: K1=24, K10=31, K20=26, K50=24, K100=23
Epoch 001 | Batch 5550 | val_kld=0.778710 | val_ordacc@10=0.159433 | val_recall@10=0.576563
Epoch 001 | Batch 5550 | K-values: K1=34, K10=20, K20=21, K50=30, K100=23
Epoch 001 | Batch 5560 | val_kld=0.776731 | val_ordacc@10=0.156978 | val_recall@10=0.575938
Epoch 001 | Batch 5560 | K-values: K1=26, K10=29, K20=31, K50=19, K100=23
Epoch 001 | Batch 5570 | val_kld=0.781196 | val_ordacc@10=0.153098 | val_recall@10=0.572992
Epoch 001 | Batch 5570 | K-values: K1=31, K10=25, K20=23, K50=25, K100=24
Epoch 001 | Batch 5580 | val_kld=0.773864 | val_ordacc@10=0.158410 | val_recall@10=0.574069
Epoch 001 | Batch 5580 | K-values: K1=23, K10=21, K20=28, K50=24, K100=32
Epoch 001 | Batch 5590 | val_kld=0.771936 | val_ordacc@10=0.157123 | val_recall@10=0.568903
Epoch 001 | Batch 5590 | K-values: K1=28, K10=17, K20=27, K50=34, K100=22
Epoch 001 | Batch 5600 | val_kld=0.785647 | val_ordacc@10=0.156279 | val_recall@10=0.570534
Epoch 001 | Batch 5600 | K-values: K1=26, K10=30, K20=22, K50=25, K100=25
Epoch 001 | Batch 5610 | val_kld=0.770511 | val_ordacc@10=0.159315 | val_recall@10=0.572917
Epoch 001 | Batch 5610 | K-values: K1=27, K10=27, K20=25, K50=29, K100=20
Epoch 001 | Batch 5620 | val_kld=0.778475 | val_ordacc@10=0.156554 | val_recall@10=0.572320
Epoch 001 | Batch 5620 | K-values: K1=26, K10=26, K20=19, K50=26, K100=31
Epoch 001 | Batch 5630 | val_kld=0.776841 | val_ordacc@10=0.157725 | val_recall@10=0.579932
Epoch 001 | Batch 5630 | K-values: K1=16, K10=35, K20=31, K50=32, K100=14
Epoch 001 | Batch 5640 | val_kld=0.786213 | val_ordacc@10=0.153686 | val_recall@10=0.574113
Epoch 001 | Batch 5640 | K-values: K1=27, K10=27, K20=19, K50=25, K100=30
Epoch 001 | Batch 5650 | val_kld=0.777330 | val_ordacc@10=0.157413 | val_recall@10=0.573390
Epoch 001 | Batch 5650 | K-values: K1=39, K10=19, K20=16, K50=19, K100=35
Epoch 001 | Batch 5660 | val_kld=0.777236 | val_ordacc@10=0.155556 | val_recall@10=0.569065
Epoch 001 | Batch 5660 | K-values: K1=25, K10=20, K20=27, K50=25, K100=31
Epoch 001 | Batch 5670 | val_kld=0.777166 | val_ordacc@10=0.158604 | val_recall@10=0.570580
Epoch 001 | Batch 5670 | K-values: K1=26, K10=27, K20=34, K50=17, K100=24
Epoch 001 | Batch 5680 | val_kld=0.778758 | val_ordacc@10=0.157815 | val_recall@10=0.577457
Epoch 001 | Batch 5680 | K-values: K1=21, K10=22, K20=32, K50=25, K100=28
Epoch 001 | Batch 5690 | val_kld=0.784210 | val_ordacc@10=0.156933 | val_recall@10=0.576524
Epoch 001 | Batch 5690 | K-values: K1=32, K10=25, K20=22, K50=25, K100=24
Epoch 001 | Batch 5700 | val_kld=0.780216 | val_ordacc@10=0.157911 | val_recall@10=0.573912
Epoch 001 | Batch 5700 | K-values: K1=26, K10=24, K20=29, K50=25, K100=24
Epoch 001 | Batch 5710 | val_kld=0.775577 | val_ordacc@10=0.156264 | val_recall@10=0.569393
Epoch 001 | Batch 5710 | K-values: K1=27, K10=24, K20=28, K50=26, K100=23
Epoch 001 | Batch 5720 | val_kld=0.770143 | val_ordacc@10=0.159042 | val_recall@10=0.575018
Epoch 001 | Batch 5720 | K-values: K1=20, K10=25, K20=30, K50=25, K100=28
Epoch 001 | Batch 5730 | val_kld=0.773433 | val_ordacc@10=0.156714 | val_recall@10=0.575544
Epoch 001 | Batch 5730 | K-values: K1=28, K10=24, K20=26, K50=28, K100=22
Epoch 001 | Batch 5740 | val_kld=0.774873 | val_ordacc@10=0.157491 | val_recall@10=0.575330
Epoch 001 | Batch 5740 | K-values: K1=25, K10=22, K20=27, K50=23, K100=31
Epoch 001 | Batch 5750 | val_kld=0.774585 | val_ordacc@10=0.158591 | val_recall@10=0.569794
Epoch 001 | Batch 5750 | K-values: K1=26, K10=22, K20=28, K50=20, K100=32
Epoch 001 | Batch 5760 | val_kld=0.773073 | val_ordacc@10=0.159475 | val_recall@10=0.572645
Epoch 001 | Batch 5760 | K-values: K1=25, K10=31, K20=29, K50=16, K100=27
Epoch 001 | Batch 5770 | val_kld=0.776259 | val_ordacc@10=0.156314 | val_recall@10=0.573810
Epoch 001 | Batch 5770 | K-values: K1=29, K10=23, K20=28, K50=23, K100=25
Epoch 001 | Batch 5780 | val_kld=0.773510 | val_ordacc@10=0.157561 | val_recall@10=0.579772
Epoch 001 | Batch 5780 | K-values: K1=26, K10=27, K20=28, K50=28, K100=19
Epoch 001 | Batch 5790 | val_kld=0.772700 | val_ordacc@10=0.158496 | val_recall@10=0.575992
Epoch 001 | Batch 5790 | K-values: K1=20, K10=37, K20=19, K50=28, K100=24
Epoch 001 | Batch 5800 | val_kld=0.785477 | val_ordacc@10=0.155471 | val_recall@10=0.568549
Epoch 001 | Batch 5800 | K-values: K1=19, K10=26, K20=30, K50=27, K100=26
Epoch 001 | Batch 5810 | val_kld=0.778274 | val_ordacc@10=0.157007 | val_recall@10=0.574815
Epoch 001 | Batch 5810 | K-values: K1=15, K10=37, K20=27, K50=23, K100=26
Epoch 001 | Batch 5820 | val_kld=0.786129 | val_ordacc@10=0.154767 | val_recall@10=0.572290
Epoch 001 | Batch 5820 | K-values: K1=24, K10=26, K20=25, K50=31, K100=22
Epoch 001 | Batch 5830 | val_kld=0.773020 | val_ordacc@10=0.157298 | val_recall@10=0.576769
Epoch 001 | Batch 5830 | K-values: K1=26, K10=29, K20=23, K50=33, K100=17
Epoch 001 | Batch 5840 | val_kld=0.771363 | val_ordacc@10=0.159825 | val_recall@10=0.574228
Epoch 001 | Batch 5840 | K-values: K1=26, K10=31, K20=26, K50=25, K100=20
Epoch 001 | Batch 5850 | val_kld=0.776616 | val_ordacc@10=0.155668 | val_recall@10=0.577370
Epoch 001 | Batch 5850 | K-values: K1=24, K10=33, K20=19, K50=30, K100=22
Epoch 001 | Batch 5860 | val_kld=0.772303 | val_ordacc@10=0.159469 | val_recall@10=0.572950
Epoch 001 | Batch 5860 | K-values: K1=34, K10=21, K20=26, K50=22, K100=25
Epoch 001 | Batch 5870 | val_kld=0.764205 | val_ordacc@10=0.162174 | val_recall@10=0.575653
Epoch 001 | Batch 5870 | K-values: K1=23, K10=29, K20=33, K50=24, K100=19
Epoch 001 | Batch 5880 | val_kld=0.770940 | val_ordacc@10=0.159912 | val_recall@10=0.576976
Epoch 001 | Batch 5880 | K-values: K1=25, K10=31, K20=24, K50=21, K100=27
Epoch 001 | Batch 5890 | val_kld=0.778623 | val_ordacc@10=0.157337 | val_recall@10=0.579283
Epoch 001 | Batch 5890 | K-values: K1=22, K10=25, K20=26, K50=27, K100=28
Epoch 001 | Batch 5900 | val_kld=0.772687 | val_ordacc@10=0.157894 | val_recall@10=0.574234
Epoch 001 | Batch 5900 | K-values: K1=21, K10=32, K20=28, K50=23, K100=24
Epoch 001 | Batch 5910 | val_kld=0.785719 | val_ordacc@10=0.154908 | val_recall@10=0.570663
Epoch 001 | Batch 5910 | K-values: K1=20, K10=30, K20=25, K50=26, K100=27
Epoch 001 | Batch 5920 | val_kld=0.766130 | val_ordacc@10=0.159652 | val_recall@10=0.572754
Epoch 001 | Batch 5920 | K-values: K1=27, K10=24, K20=16, K50=31, K100=30
Epoch 001 | Batch 5930 | val_kld=0.768679 | val_ordacc@10=0.160983 | val_recall@10=0.577724
Epoch 001 | Batch 5930 | K-values: K1=27, K10=27, K20=21, K50=33, K100=20
Epoch 001 | Batch 5940 | val_kld=0.774507 | val_ordacc@10=0.157384 | val_recall@10=0.579030
Epoch 001 | Batch 5940 | K-values: K1=37, K10=17, K20=15, K50=28, K100=31
Epoch 001 | Batch 5950 | val_kld=0.773997 | val_ordacc@10=0.157860 | val_recall@10=0.577444
Epoch 001 | Batch 5950 | K-values: K1=24, K10=26, K20=31, K50=27, K100=20
Epoch 001 | Batch 5960 | val_kld=0.774729 | val_ordacc@10=0.157050 | val_recall@10=0.571661
Epoch 001 | Batch 5960 | K-values: K1=24, K10=26, K20=29, K50=25, K100=24
Epoch 001 | Batch 5970 | val_kld=0.772621 | val_ordacc@10=0.157377 | val_recall@10=0.569426
Epoch 001 | Batch 5970 | K-values: K1=22, K10=27, K20=22, K50=29, K100=28
Epoch 001 | Batch 5980 | val_kld=0.765724 | val_ordacc@10=0.157645 | val_recall@10=0.571556
Epoch 001 | Batch 5980 | K-values: K1=20, K10=25, K20=34, K50=25, K100=24
Epoch 001 | Batch 5990 | val_kld=0.773086 | val_ordacc@10=0.157591 | val_recall@10=0.574982
Epoch 001 | Batch 5990 | K-values: K1=25, K10=20, K20=24, K50=29, K100=30
Epoch 001 | Batch 6000 | val_kld=0.769385 | val_ordacc@10=0.159609 | val_recall@10=0.572879
Epoch 001 | Batch 6000 | K-values: K1=30, K10=30, K20=19, K50=24, K100=25
Epoch 001 | Batch 6010 | val_kld=0.783750 | val_ordacc@10=0.153952 | val_recall@10=0.571108
Epoch 001 | Batch 6010 | K-values: K1=30, K10=30, K20=24, K50=19, K100=25
Epoch 001 | Batch 6020 | val_kld=0.776363 | val_ordacc@10=0.155722 | val_recall@10=0.570444
Epoch 001 | Batch 6020 | K-values: K1=26, K10=27, K20=30, K50=26, K100=19
Epoch 001 | Batch 6030 | val_kld=0.776428 | val_ordacc@10=0.159093 | val_recall@10=0.578241
Epoch 001 | Batch 6030 | K-values: K1=30, K10=26, K20=28, K50=18, K100=26
Epoch 001 | Batch 6040 | val_kld=0.786190 | val_ordacc@10=0.153890 | val_recall@10=0.572222
Epoch 001 | Batch 6040 | K-values: K1=27, K10=26, K20=33, K50=18, K100=24
Epoch 001 | Batch 6050 | val_kld=0.775460 | val_ordacc@10=0.157523 | val_recall@10=0.577126
Epoch 001 | Batch 6050 | K-values: K1=28, K10=30, K20=30, K50=22, K100=18
Epoch 001 | Batch 6060 | val_kld=0.768283 | val_ordacc@10=0.159592 | val_recall@10=0.578485
Epoch 001 | Batch 6060 | K-values: K1=19, K10=29, K20=27, K50=20, K100=33
Epoch 001 | Batch 6070 | val_kld=0.763143 | val_ordacc@10=0.159406 | val_recall@10=0.574879
Epoch 001 | Batch 6070 | K-values: K1=23, K10=23, K20=28, K50=29, K100=25
Epoch 001 | Batch 6080 | val_kld=0.772294 | val_ordacc@10=0.157042 | val_recall@10=0.571192
Epoch 001 | Batch 6080 | K-values: K1=29, K10=25, K20=22, K50=25, K100=27
Epoch 001 | Batch 6090 | val_kld=0.769757 | val_ordacc@10=0.157866 | val_recall@10=0.573977
Epoch 001 | Batch 6090 | K-values: K1=27, K10=27, K20=20, K50=22, K100=32
Epoch 001 | Batch 6100 | val_kld=0.790095 | val_ordacc@10=0.154377 | val_recall@10=0.575498
Epoch 001 | Batch 6100 | K-values: K1=21, K10=22, K20=20, K50=30, K100=35
Epoch 001 | Batch 6110 | val_kld=0.766598 | val_ordacc@10=0.159999 | val_recall@10=0.580342
Epoch 001 | Batch 6110 | K-values: K1=24, K10=25, K20=30, K50=26, K100=23
Epoch 001 | Batch 6120 | val_kld=0.772720 | val_ordacc@10=0.158742 | val_recall@10=0.570694
Epoch 001 | Batch 6120 | K-values: K1=15, K10=21, K20=26, K50=23, K100=43
Epoch 001 | Batch 6130 | val_kld=0.771036 | val_ordacc@10=0.158690 | val_recall@10=0.576781
Epoch 001 | Batch 6130 | K-values: K1=15, K10=25, K20=27, K50=35, K100=26
Epoch 001 | Batch 6140 | val_kld=0.770792 | val_ordacc@10=0.159188 | val_recall@10=0.575686
Epoch 001 | Batch 6140 | K-values: K1=25, K10=20, K20=27, K50=28, K100=28
Epoch 001 | Batch 6150 | val_kld=0.777428 | val_ordacc@10=0.156724 | val_recall@10=0.576572
Epoch 001 | Batch 6150 | K-values: K1=24, K10=27, K20=25, K50=28, K100=24
Epoch 001 | Batch 6160 | val_kld=0.775365 | val_ordacc@10=0.157970 | val_recall@10=0.579354
Epoch 001 | Batch 6160 | K-values: K1=28, K10=25, K20=27, K50=27, K100=21
Epoch 001 | Batch 6170 | val_kld=0.770564 | val_ordacc@10=0.158804 | val_recall@10=0.575193
Epoch 001 | Batch 6170 | K-values: K1=26, K10=23, K20=28, K50=27, K100=24
Epoch 001 | Batch 6180 | val_kld=0.776327 | val_ordacc@10=0.157584 | val_recall@10=0.573621
Epoch 001 | Batch 6180 | K-values: K1=32, K10=31, K20=15, K50=22, K100=28
Epoch 001 | Batch 6190 | val_kld=0.779530 | val_ordacc@10=0.157347 | val_recall@10=0.574444
Epoch 001 | Batch 6190 | K-values: K1=24, K10=27, K20=28, K50=20, K100=29
Epoch 001 | Batch 6200 | val_kld=0.778839 | val_ordacc@10=0.157972 | val_recall@10=0.574625
Epoch 001 | Batch 6200 | K-values: K1=22, K10=25, K20=26, K50=28, K100=27
Epoch 001 | Batch 6210 | val_kld=0.777816 | val_ordacc@10=0.157107 | val_recall@10=0.570897
Epoch 001 | Batch 6210 | K-values: K1=28, K10=22, K20=31, K50=26, K100=21
Epoch 001 | Batch 6220 | val_kld=0.781737 | val_ordacc@10=0.155503 | val_recall@10=0.570376
Epoch 001 | Batch 6220 | K-values: K1=19, K10=36, K20=16, K50=29, K100=28
Epoch 001 | Batch 6230 | val_kld=0.779628 | val_ordacc@10=0.157969 | val_recall@10=0.572353
Epoch 001 | Batch 6230 | K-values: K1=29, K10=25, K20=27, K50=24, K100=23
Epoch 001 | Batch 6240 | val_kld=0.774459 | val_ordacc@10=0.157618 | val_recall@10=0.579219
Epoch 001 | Batch 6240 | K-values: K1=30, K10=24, K20=27, K50=20, K100=27
Epoch 001 | Batch 6250 | val_kld=0.780371 | val_ordacc@10=0.154707 | val_recall@10=0.566410
Epoch 001 | Batch 6250 | K-values: K1=28, K10=25, K20=26, K50=33, K100=16
Epoch 001 | Batch 6260 | val_kld=0.773267 | val_ordacc@10=0.158261 | val_recall@10=0.574380
Epoch 001 | Batch 6260 | K-values: K1=20, K10=33, K20=25, K50=28, K100=22
Epoch 001 | Batch 6270 | val_kld=0.773410 | val_ordacc@10=0.159140 | val_recall@10=0.578131
Epoch 001 | Batch 6270 | K-values: K1=28, K10=29, K20=34, K50=23, K100=14
Epoch 001 | Batch 6280 | val_kld=0.772291 | val_ordacc@10=0.158517 | val_recall@10=0.577642
Epoch 001 | Batch 6280 | K-values: K1=33, K10=23, K20=21, K50=25, K100=26
Epoch 001 | Batch 6290 | val_kld=0.775616 | val_ordacc@10=0.155920 | val_recall@10=0.576518
Epoch 001 | Batch 6290 | K-values: K1=22, K10=27, K20=20, K50=36, K100=23
Epoch 001 | Batch 6300 | val_kld=0.773913 | val_ordacc@10=0.157311 | val_recall@10=0.566981
Epoch 001 | Batch 6300 | K-values: K1=25, K10=23, K20=25, K50=32, K100=23
Epoch 001 | Batch 6310 | val_kld=0.771089 | val_ordacc@10=0.158667 | val_recall@10=0.570857
Epoch 001 | Batch 6310 | K-values: K1=26, K10=25, K20=24, K50=23, K100=30
Epoch 001 | Batch 6320 | val_kld=0.777585 | val_ordacc@10=0.156625 | val_recall@10=0.575874
Epoch 001 | Batch 6320 | K-values: K1=28, K10=16, K20=25, K50=28, K100=31
Epoch 001 | Batch 6330 | val_kld=0.774796 | val_ordacc@10=0.157542 | val_recall@10=0.570365
Epoch 001 | Batch 6330 | K-values: K1=30, K10=24, K20=24, K50=26, K100=24
Epoch 001 | Batch 6340 | val_kld=0.774025 | val_ordacc@10=0.158034 | val_recall@10=0.570322
Epoch 001 | Batch 6340 | K-values: K1=28, K10=24, K20=20, K50=27, K100=29
Epoch 001 | Batch 6350 | val_kld=0.772248 | val_ordacc@10=0.158378 | val_recall@10=0.573918
Epoch 001 | Batch 6350 | K-values: K1=22, K10=29, K20=26, K50=25, K100=26
Epoch 001 | Batch 6360 | val_kld=0.773464 | val_ordacc@10=0.157147 | val_recall@10=0.576607
Epoch 001 | Batch 6360 | K-values: K1=27, K10=24, K20=26, K50=28, K100=23
Epoch 001 | Batch 6370 | val_kld=0.770574 | val_ordacc@10=0.157929 | val_recall@10=0.572404
Epoch 001 | Batch 6370 | K-values: K1=22, K10=27, K20=28, K50=24, K100=27
Epoch 001 | Batch 6380 | val_kld=0.777442 | val_ordacc@10=0.155984 | val_recall@10=0.576363
Epoch 001 | Batch 6380 | K-values: K1=27, K10=25, K20=20, K50=27, K100=29
Epoch 001 | Batch 6390 | val_kld=0.772542 | val_ordacc@10=0.160504 | val_recall@10=0.578086
Epoch 001 | Batch 6390 | K-values: K1=18, K10=27, K20=23, K50=36, K100=24
Epoch 001 | Batch 6400 | val_kld=0.772525 | val_ordacc@10=0.158594 | val_recall@10=0.573077
Epoch 001 | Batch 6400 | K-values: K1=29, K10=32, K20=25, K50=19, K100=23
Epoch 001 | Batch 6410 | val_kld=0.775763 | val_ordacc@10=0.156722 | val_recall@10=0.572961
Epoch 001 | Batch 6410 | K-values: K1=27, K10=23, K20=25, K50=28, K100=25
Epoch 001 | Batch 6420 | val_kld=0.777896 | val_ordacc@10=0.157095 | val_recall@10=0.575956
Epoch 001 | Batch 6420 | K-values: K1=26, K10=26, K20=37, K50=20, K100=19
Epoch 001 | Batch 6430 | val_kld=0.773661 | val_ordacc@10=0.157080 | val_recall@10=0.573818
Epoch 001 | Batch 6430 | K-values: K1=21, K10=29, K20=31, K50=29, K100=18
Epoch 001 | Batch 6440 | val_kld=0.757419 | val_ordacc@10=0.162410 | val_recall@10=0.580195
Epoch 001 | Batch 6440 | K-values: K1=24, K10=30, K20=20, K50=27, K100=27
Epoch 001 | Batch 6450 | val_kld=0.773128 | val_ordacc@10=0.160236 | val_recall@10=0.579774
Epoch 001 | Batch 6450 | K-values: K1=24, K10=33, K20=17, K50=24, K100=30
Epoch 001 | Batch 6460 | val_kld=0.771941 | val_ordacc@10=0.158188 | val_recall@10=0.579068
Epoch 001 | Batch 6460 | K-values: K1=24, K10=28, K20=19, K50=26, K100=31
Epoch 001 | Batch 6470 | val_kld=0.760779 | val_ordacc@10=0.161798 | val_recall@10=0.575282
Epoch 001 | Batch 6470 | K-values: K1=22, K10=28, K20=29, K50=32, K100=17
Epoch 001 | Batch 6480 | val_kld=0.772206 | val_ordacc@10=0.158177 | val_recall@10=0.575713
Epoch 001 | Batch 6480 | K-values: K1=26, K10=31, K20=25, K50=24, K100=22
Epoch 001 | Batch 6490 | val_kld=0.771127 | val_ordacc@10=0.157055 | val_recall@10=0.571652
Epoch 001 | Batch 6490 | K-values: K1=15, K10=36, K20=26, K50=24, K100=27
Epoch 001 | Batch 6500 | val_kld=0.764358 | val_ordacc@10=0.160650 | val_recall@10=0.574808
Epoch 001 | Batch 6500 | K-values: K1=31, K10=22, K20=28, K50=23, K100=24
Epoch 001 | Batch 6510 | val_kld=0.765514 | val_ordacc@10=0.159528 | val_recall@10=0.571480
Epoch 001 | Batch 6510 | K-values: K1=27, K10=20, K20=30, K50=30, K100=21
Epoch 001 | Batch 6520 | val_kld=0.775618 | val_ordacc@10=0.157959 | val_recall@10=0.575484
Epoch 001 | Batch 6520 | K-values: K1=23, K10=33, K20=25, K50=27, K100=20
Epoch 001 | Batch 6530 | val_kld=0.770344 | val_ordacc@10=0.158528 | val_recall@10=0.575960
Epoch 001 | Batch 6530 | K-values: K1=23, K10=28, K20=22, K50=27, K100=28
Epoch 001 | Batch 6540 | val_kld=0.770713 | val_ordacc@10=0.158562 | val_recall@10=0.571938
Epoch 001 | Batch 6540 | K-values: K1=30, K10=30, K20=23, K50=25, K100=20
Epoch 001 | Batch 6550 | val_kld=0.769405 | val_ordacc@10=0.157536 | val_recall@10=0.573308
Epoch 001 | Batch 6550 | K-values: K1=31, K10=25, K20=23, K50=24, K100=25
Epoch 001 | Batch 6560 | val_kld=0.763885 | val_ordacc@10=0.161202 | val_recall@10=0.574995
Epoch 001 | Batch 6560 | K-values: K1=23, K10=24, K20=27, K50=30, K100=24
Epoch 001 | Batch 6570 | val_kld=0.777770 | val_ordacc@10=0.156196 | val_recall@10=0.575958
Epoch 001 | Batch 6570 | K-values: K1=27, K10=22, K20=21, K50=34, K100=24
Epoch 001 | Batch 6580 | val_kld=0.771888 | val_ordacc@10=0.158902 | val_recall@10=0.572726
Epoch 001 | Batch 6580 | K-values: K1=24, K10=21, K20=29, K50=22, K100=32
Epoch 001 | Batch 6590 | val_kld=0.770120 | val_ordacc@10=0.158341 | val_recall@10=0.569531
Epoch 001 | Batch 6590 | K-values: K1=18, K10=27, K20=31, K50=28, K100=24
Epoch 001 | Batch 6600 | val_kld=0.765717 | val_ordacc@10=0.158055 | val_recall@10=0.571078
Epoch 001 | Batch 6600 | K-values: K1=23, K10=30, K20=23, K50=25, K100=27
Epoch 001 | Batch 6610 | val_kld=0.762238 | val_ordacc@10=0.160147 | val_recall@10=0.574063
Epoch 001 | Batch 6610 | K-values: K1=22, K10=25, K20=34, K50=20, K100=27
Epoch 001 | Batch 6620 | val_kld=0.764119 | val_ordacc@10=0.158873 | val_recall@10=0.578163
Epoch 001 | Batch 6620 | K-values: K1=28, K10=26, K20=22, K50=31, K100=21
Epoch 001 | Batch 6630 | val_kld=0.759758 | val_ordacc@10=0.161967 | val_recall@10=0.573156
Epoch 001 | Batch 6630 | K-values: K1=28, K10=21, K20=31, K50=27, K100=21
Epoch 001 | Batch 6640 | val_kld=0.770296 | val_ordacc@10=0.159186 | val_recall@10=0.575944
Epoch 001 | Batch 6640 | K-values: K1=28, K10=22, K20=25, K50=30, K100=23
Epoch 001 | Batch 6650 | val_kld=0.769078 | val_ordacc@10=0.157934 | val_recall@10=0.572069
Epoch 001 | Batch 6650 | K-values: K1=20, K10=26, K20=25, K50=31, K100=26
Epoch 001 | Batch 6660 | val_kld=0.762792 | val_ordacc@10=0.159630 | val_recall@10=0.575444
Epoch 001 | Batch 6660 | K-values: K1=22, K10=24, K20=26, K50=29, K100=27
Epoch 001 | Batch 6670 | val_kld=0.768025 | val_ordacc@10=0.159384 | val_recall@10=0.578124
Epoch 001 | Batch 6670 | K-values: K1=22, K10=26, K20=23, K50=32, K100=25
Epoch 001 | Batch 6680 | val_kld=0.770732 | val_ordacc@10=0.156900 | val_recall@10=0.573702
Epoch 001 | Batch 6680 | K-values: K1=27, K10=21, K20=36, K50=20, K100=24
Epoch 001 | Batch 6690 | val_kld=0.765477 | val_ordacc@10=0.160980 | val_recall@10=0.579417
Epoch 001 | Batch 6690 | K-values: K1=27, K10=19, K20=27, K50=30, K100=25
Epoch 001 | Batch 6700 | val_kld=0.759846 | val_ordacc@10=0.162858 | val_recall@10=0.576643
Epoch 001 | Batch 6700 | K-values: K1=23, K10=35, K20=26, K50=20, K100=24
Epoch 001 | Batch 6710 | val_kld=0.769787 | val_ordacc@10=0.158588 | val_recall@10=0.575198
Epoch 001 | Batch 6710 | K-values: K1=19, K10=26, K20=27, K50=29, K100=27
Epoch 001 | Batch 6720 | val_kld=0.767816 | val_ordacc@10=0.160631 | val_recall@10=0.574630
Epoch 001 | Batch 6720 | K-values: K1=18, K10=23, K20=30, K50=25, K100=32
Epoch 001 | Batch 6730 | val_kld=0.766058 | val_ordacc@10=0.159562 | val_recall@10=0.582660
Epoch 001 | Batch 6730 | K-values: K1=29, K10=24, K20=32, K50=23, K100=20
Epoch 001 | Batch 6740 | val_kld=0.765563 | val_ordacc@10=0.158872 | val_recall@10=0.577254
Epoch 001 | Batch 6740 | K-values: K1=34, K10=18, K20=29, K50=20, K100=27
Epoch 001 | Batch 6750 | val_kld=0.758853 | val_ordacc@10=0.161590 | val_recall@10=0.574268
Epoch 001 | Batch 6750 | K-values: K1=25, K10=33, K20=21, K50=22, K100=27
Epoch 001 | Batch 6760 | val_kld=0.761371 | val_ordacc@10=0.161274 | val_recall@10=0.572171
Epoch 001 | Batch 6760 | K-values: K1=29, K10=17, K20=27, K50=27, K100=28
Epoch 001 | Batch 6770 | val_kld=0.761936 | val_ordacc@10=0.161119 | val_recall@10=0.573001
Epoch 001 | Batch 6770 | K-values: K1=28, K10=25, K20=24, K50=27, K100=24
Epoch 001 | Batch 6780 | val_kld=0.766709 | val_ordacc@10=0.159416 | val_recall@10=0.580945
Epoch 001 | Batch 6780 | K-values: K1=27, K10=27, K20=25, K50=25, K100=24
Epoch 001 | Batch 6790 | val_kld=0.772485 | val_ordacc@10=0.156259 | val_recall@10=0.572765
Epoch 001 | Batch 6790 | K-values: K1=28, K10=21, K20=33, K50=27, K100=19
Epoch 001 | Batch 6800 | val_kld=0.767045 | val_ordacc@10=0.158076 | val_recall@10=0.571664
Epoch 001 | Batch 6800 | K-values: K1=22, K10=29, K20=24, K50=30, K100=23
Epoch 001 | Batch 6810 | val_kld=0.762939 | val_ordacc@10=0.161610 | val_recall@10=0.575496
Epoch 001 | Batch 6810 | K-values: K1=25, K10=29, K20=25, K50=27, K100=22
Epoch 001 | Batch 6820 | val_kld=0.765819 | val_ordacc@10=0.159314 | val_recall@10=0.574641
Epoch 001 | Batch 6820 | K-values: K1=21, K10=20, K20=35, K50=23, K100=29
Epoch 001 | Batch 6830 | val_kld=0.770208 | val_ordacc@10=0.159203 | val_recall@10=0.573389
Epoch 001 | Batch 6830 | K-values: K1=25, K10=24, K20=27, K50=27, K100=25
Epoch 001 | Batch 6840 | val_kld=0.763791 | val_ordacc@10=0.160242 | val_recall@10=0.570610
Epoch 001 | Batch 6840 | K-values: K1=25, K10=31, K20=20, K50=30, K100=22
Epoch 001 | Batch 6850 | val_kld=0.768464 | val_ordacc@10=0.159446 | val_recall@10=0.570622
Epoch 001 | Batch 6850 | K-values: K1=32, K10=24, K20=27, K50=20, K100=25
Epoch 001 | Batch 6860 | val_kld=0.757472 | val_ordacc@10=0.160507 | val_recall@10=0.573864
Epoch 001 | Batch 6860 | K-values: K1=26, K10=20, K20=30, K50=22, K100=30
Epoch 001 | Batch 6870 | val_kld=0.758771 | val_ordacc@10=0.160993 | val_recall@10=0.571515
Epoch 001 | Batch 6870 | K-values: K1=22, K10=15, K20=38, K50=30, K100=23
Epoch 001 | Batch 6880 | val_kld=0.763435 | val_ordacc@10=0.160027 | val_recall@10=0.579492
Epoch 001 | Batch 6880 | K-values: K1=32, K10=20, K20=24, K50=30, K100=22
Epoch 001 | Batch 6890 | val_kld=0.762111 | val_ordacc@10=0.160986 | val_recall@10=0.573931
Epoch 001 | Batch 6890 | K-values: K1=21, K10=27, K20=26, K50=24, K100=30
Epoch 001 | Batch 6900 | val_kld=0.766852 | val_ordacc@10=0.159656 | val_recall@10=0.577483
Epoch 001 | Batch 6900 | K-values: K1=25, K10=28, K20=27, K50=23, K100=25
Epoch 001 | Batch 6910 | val_kld=0.767703 | val_ordacc@10=0.160102 | val_recall@10=0.573533
Epoch 001 | Batch 6910 | K-values: K1=19, K10=23, K20=26, K50=27, K100=33
Epoch 001 | Batch 6920 | val_kld=0.774218 | val_ordacc@10=0.158556 | val_recall@10=0.580036
Epoch 001 | Batch 6920 | K-values: K1=27, K10=24, K20=28, K50=21, K100=28
Epoch 001 | Batch 6930 | val_kld=0.769945 | val_ordacc@10=0.157550 | val_recall@10=0.578765
Epoch 001 | Batch 6930 | K-values: K1=25, K10=27, K20=28, K50=31, K100=17
Epoch 001 | Batch 6940 | val_kld=0.755593 | val_ordacc@10=0.162823 | val_recall@10=0.576886
Epoch 001 | Batch 6940 | K-values: K1=27, K10=23, K20=26, K50=25, K100=27
Epoch 001 | Batch 6950 | val_kld=0.775170 | val_ordacc@10=0.155361 | val_recall@10=0.565644
Epoch 001 | Batch 6950 | K-values: K1=37, K10=23, K20=15, K50=28, K100=25
Epoch 001 | Batch 6960 | val_kld=0.768265 | val_ordacc@10=0.158126 | val_recall@10=0.575874
Epoch 001 | Batch 6960 | K-values: K1=20, K10=28, K20=19, K50=24, K100=37
Epoch 001 | Batch 6970 | val_kld=0.767601 | val_ordacc@10=0.158957 | val_recall@10=0.575894
Epoch 001 | Batch 6970 | K-values: K1=20, K10=20, K20=36, K50=22, K100=30
Epoch 001 | Batch 6980 | val_kld=0.763274 | val_ordacc@10=0.161336 | val_recall@10=0.578231
Epoch 001 | Batch 6980 | K-values: K1=29, K10=16, K20=26, K50=26, K100=31
Epoch 001 | Batch 6990 | val_kld=0.766656 | val_ordacc@10=0.159548 | val_recall@10=0.578953
Epoch 001 | Batch 6990 | K-values: K1=22, K10=27, K20=28, K50=29, K100=22
Epoch 001 | Batch 7000 | val_kld=0.769190 | val_ordacc@10=0.159314 | val_recall@10=0.578213
Epoch 001 | Batch 7000 | K-values: K1=28, K10=24, K20=23, K50=27, K100=26
Epoch 001 | Batch 7010 | val_kld=0.769925 | val_ordacc@10=0.159542 | val_recall@10=0.575907
Epoch 001 | Batch 7010 | K-values: K1=21, K10=34, K20=22, K50=31, K100=20
Epoch 001 | Batch 7020 | val_kld=0.767174 | val_ordacc@10=0.160168 | val_recall@10=0.580406
Epoch 001 | Batch 7020 | K-values: K1=38, K10=20, K20=25, K50=21, K100=24
Epoch 001 | Batch 7030 | val_kld=0.770004 | val_ordacc@10=0.159336 | val_recall@10=0.576166
Epoch 001 | Batch 7030 | K-values: K1=28, K10=20, K20=22, K50=34, K100=24
Epoch 001 | Batch 7040 | val_kld=0.762392 | val_ordacc@10=0.159410 | val_recall@10=0.575690
Epoch 001 | Batch 7040 | K-values: K1=23, K10=23, K20=28, K50=24, K100=30
Epoch 001 | Batch 7050 | val_kld=0.759349 | val_ordacc@10=0.162071 | val_recall@10=0.575683
Epoch 001 | Batch 7050 | K-values: K1=27, K10=20, K20=30, K50=26, K100=25
Epoch 001 | Batch 7060 | val_kld=0.760373 | val_ordacc@10=0.159903 | val_recall@10=0.578848
Epoch 001 | Batch 7060 | K-values: K1=21, K10=29, K20=24, K50=25, K100=29
Epoch 001 | Batch 7070 | val_kld=0.770866 | val_ordacc@10=0.158810 | val_recall@10=0.573220
Epoch 001 | Batch 7070 | K-values: K1=31, K10=29, K20=21, K50=29, K100=18
Epoch 001 | Batch 7080 | val_kld=0.771139 | val_ordacc@10=0.159959 | val_recall@10=0.575211
Epoch 001 | Batch 7080 | K-values: K1=33, K10=23, K20=23, K50=25, K100=24
Epoch 001 | Batch 7090 | val_kld=0.769129 | val_ordacc@10=0.159967 | val_recall@10=0.580101
Epoch 001 | Batch 7090 | K-values: K1=33, K10=31, K20=17, K50=22, K100=25
Epoch 001 | Batch 7100 | val_kld=0.763754 | val_ordacc@10=0.158785 | val_recall@10=0.572732
Epoch 001 | Batch 7100 | K-values: K1=22, K10=25, K20=25, K50=27, K100=29
Epoch 001 | Batch 7110 | val_kld=0.761939 | val_ordacc@10=0.160069 | val_recall@10=0.575498
Epoch 001 | Batch 7110 | K-values: K1=26, K10=27, K20=29, K50=23, K100=23
Epoch 001 | Batch 7120 | val_kld=0.760773 | val_ordacc@10=0.160953 | val_recall@10=0.578316
Epoch 001 | Batch 7120 | K-values: K1=28, K10=23, K20=26, K50=26, K100=25
Epoch 001 | Batch 7130 | val_kld=0.766842 | val_ordacc@10=0.158969 | val_recall@10=0.577682
Epoch 001 | Batch 7130 | K-values: K1=29, K10=33, K20=16, K50=23, K100=27
Epoch 001 | Batch 7140 | val_kld=0.761442 | val_ordacc@10=0.161273 | val_recall@10=0.576563
Epoch 001 | Batch 7140 | K-values: K1=27, K10=24, K20=17, K50=31, K100=29
Epoch 001 | Batch 7150 | val_kld=0.770105 | val_ordacc@10=0.157038 | val_recall@10=0.569369
Epoch 001 | Batch 7150 | K-values: K1=33, K10=29, K20=28, K50=23, K100=15
Epoch 001 | Batch 7160 | val_kld=0.773299 | val_ordacc@10=0.157486 | val_recall@10=0.578276
Epoch 001 | Batch 7160 | K-values: K1=31, K10=25, K20=29, K50=18, K100=25
Epoch 001 | Batch 7170 | val_kld=0.758458 | val_ordacc@10=0.160934 | val_recall@10=0.576554
Epoch 001 | Batch 7170 | K-values: K1=24, K10=25, K20=27, K50=32, K100=20
Epoch 001 | Batch 7180 | val_kld=0.771330 | val_ordacc@10=0.157688 | val_recall@10=0.575351
Epoch 001 | Batch 7180 | K-values: K1=17, K10=24, K20=30, K50=33, K100=24
Epoch 001 | Batch 7190 | val_kld=0.770048 | val_ordacc@10=0.158294 | val_recall@10=0.576014
Epoch 001 | Batch 7190 | K-values: K1=30, K10=34, K20=30, K50=18, K100=16
Epoch 001 | Batch 7200 | val_kld=0.777572 | val_ordacc@10=0.156820 | val_recall@10=0.572798
Epoch 001 | Batch 7200 | K-values: K1=23, K10=30, K20=23, K50=22, K100=30
Epoch 001 | Batch 7210 | val_kld=0.772186 | val_ordacc@10=0.157706 | val_recall@10=0.568790
Epoch 001 | Batch 7210 | K-values: K1=22, K10=31, K20=21, K50=34, K100=20
Epoch 001 | Batch 7220 | val_kld=0.774385 | val_ordacc@10=0.158012 | val_recall@10=0.575789
Epoch 001 | Batch 7220 | K-values: K1=30, K10=26, K20=30, K50=23, K100=19
Epoch 001 | Batch 7230 | val_kld=0.763405 | val_ordacc@10=0.160646 | val_recall@10=0.577706
Epoch 001 | Batch 7230 | K-values: K1=23, K10=20, K20=27, K50=25, K100=33
Epoch 001 | Batch 7240 | val_kld=0.759054 | val_ordacc@10=0.160774 | val_recall@10=0.574529
Epoch 001 | Batch 7240 | K-values: K1=18, K10=30, K20=27, K50=27, K100=26
Epoch 001 | Batch 7250 | val_kld=0.769983 | val_ordacc@10=0.158258 | val_recall@10=0.579765
Epoch 001 | Batch 7250 | K-values: K1=35, K10=19, K20=27, K50=27, K100=20
Epoch 001 | Batch 7260 | val_kld=0.764631 | val_ordacc@10=0.160876 | val_recall@10=0.577623
Epoch 001 | Batch 7260 | K-values: K1=28, K10=28, K20=29, K50=22, K100=21
Epoch 001 | Batch 7270 | val_kld=0.759519 | val_ordacc@10=0.161887 | val_recall@10=0.574295
Epoch 001 | Batch 7270 | K-values: K1=31, K10=24, K20=28, K50=22, K100=23
Epoch 001 | Batch 7280 | val_kld=0.768906 | val_ordacc@10=0.159714 | val_recall@10=0.569788
Epoch 001 | Batch 7280 | K-values: K1=27, K10=26, K20=21, K50=21, K100=33
Epoch 001 | Batch 7290 | val_kld=0.769458 | val_ordacc@10=0.160023 | val_recall@10=0.576936
Epoch 001 | Batch 7290 | K-values: K1=30, K10=15, K20=30, K50=26, K100=27
Epoch 001 | Batch 7300 | val_kld=0.766801 | val_ordacc@10=0.160034 | val_recall@10=0.575786
Epoch 001 | Batch 7300 | K-values: K1=26, K10=31, K20=25, K50=24, K100=22
Epoch 001 | Batch 7310 | val_kld=0.770085 | val_ordacc@10=0.158378 | val_recall@10=0.574670
Epoch 001 | Batch 7310 | K-values: K1=32, K10=29, K20=23, K50=23, K100=21
Epoch 001 | Batch 7320 | val_kld=0.770493 | val_ordacc@10=0.159824 | val_recall@10=0.578537
Epoch 001 | Batch 7320 | K-values: K1=20, K10=29, K20=25, K50=27, K100=27
Epoch 001 | Batch 7330 | val_kld=0.770565 | val_ordacc@10=0.157149 | val_recall@10=0.576514
Epoch 001 | Batch 7330 | K-values: K1=37, K10=24, K20=22, K50=23, K100=22
Epoch 001 | Batch 7340 | val_kld=0.771181 | val_ordacc@10=0.160484 | val_recall@10=0.575416
Epoch 001 | Batch 7340 | K-values: K1=31, K10=21, K20=24, K50=23, K100=29
Epoch 001 | Batch 7350 | val_kld=0.771784 | val_ordacc@10=0.157815 | val_recall@10=0.580044
Epoch 001 | Batch 7350 | K-values: K1=25, K10=28, K20=22, K50=26, K100=27
Epoch 001 | Batch 7360 | val_kld=0.765215 | val_ordacc@10=0.158164 | val_recall@10=0.575984
Epoch 001 | Batch 7360 | K-values: K1=23, K10=23, K20=29, K50=27, K100=26
Epoch 001 | Batch 7370 | val_kld=0.763212 | val_ordacc@10=0.159254 | val_recall@10=0.573163
Epoch 001 | Batch 7370 | K-values: K1=29, K10=21, K20=26, K50=31, K100=21
Epoch 001 | Batch 7380 | val_kld=0.760532 | val_ordacc@10=0.160367 | val_recall@10=0.572664
Epoch 001 | Batch 7380 | K-values: K1=31, K10=23, K20=26, K50=20, K100=28
Epoch 001 | Batch 7390 | val_kld=0.761432 | val_ordacc@10=0.160678 | val_recall@10=0.575018
Epoch 001 | Batch 7390 | K-values: K1=30, K10=22, K20=26, K50=29, K100=21
Epoch 001 | Batch 7400 | val_kld=0.766160 | val_ordacc@10=0.159568 | val_recall@10=0.577182
Epoch 001 | Batch 7400 | K-values: K1=34, K10=24, K20=28, K50=23, K100=19
Epoch 001 | Batch 7410 | val_kld=0.771673 | val_ordacc@10=0.158472 | val_recall@10=0.574492
Epoch 001 | Batch 7410 | K-values: K1=23, K10=27, K20=29, K50=20, K100=29
Epoch 001 | Batch 7420 | val_kld=0.762583 | val_ordacc@10=0.160624 | val_recall@10=0.578994
Epoch 001 | Batch 7420 | K-values: K1=24, K10=28, K20=21, K50=30, K100=25
Epoch 001 | Batch 7430 | val_kld=0.757696 | val_ordacc@10=0.161480 | val_recall@10=0.578357
Epoch 001 | Batch 7430 | K-values: K1=26, K10=22, K20=21, K50=26, K100=33
Epoch 001 | Batch 7440 | val_kld=0.769579 | val_ordacc@10=0.155851 | val_recall@10=0.575782
Epoch 001 | Batch 7440 | K-values: K1=25, K10=24, K20=39, K50=16, K100=24
Epoch 001 | Batch 7450 | val_kld=0.770211 | val_ordacc@10=0.157748 | val_recall@10=0.578450
Epoch 001 | Batch 7450 | K-values: K1=31, K10=18, K20=22, K50=30, K100=27
Epoch 001 | Batch 7460 | val_kld=0.769564 | val_ordacc@10=0.157666 | val_recall@10=0.574644
Epoch 001 | Batch 7460 | K-values: K1=28, K10=24, K20=26, K50=27, K100=23
Epoch 001 | Batch 7470 | val_kld=0.767480 | val_ordacc@10=0.158899 | val_recall@10=0.578402
Epoch 001 | Batch 7470 | K-values: K1=26, K10=22, K20=25, K50=33, K100=22
Epoch 001 | Batch 7480 | val_kld=0.763191 | val_ordacc@10=0.159819 | val_recall@10=0.581083
Epoch 001 | Batch 7480 | K-values: K1=27, K10=33, K20=25, K50=22, K100=21
Epoch 001 | Batch 7490 | val_kld=0.767329 | val_ordacc@10=0.160453 | val_recall@10=0.577876
Epoch 001 | Batch 7490 | K-values: K1=33, K10=19, K20=26, K50=25, K100=25
Epoch 001 | Batch 7500 | val_kld=0.758784 | val_ordacc@10=0.161762 | val_recall@10=0.578188
Epoch 001 | Batch 7500 | K-values: K1=20, K10=19, K20=35, K50=27, K100=27
Epoch 001 | Batch 7510 | val_kld=0.775311 | val_ordacc@10=0.157488 | val_recall@10=0.578484
Epoch 001 | Batch 7510 | K-values: K1=30, K10=28, K20=28, K50=23, K100=19
Epoch 001 | Batch 7520 | val_kld=0.764245 | val_ordacc@10=0.160521 | val_recall@10=0.578732
Epoch 001 | Batch 7520 | K-values: K1=29, K10=31, K20=17, K50=30, K100=21
Epoch 001 | Batch 7530 | val_kld=0.763964 | val_ordacc@10=0.160212 | val_recall@10=0.578586
Epoch 001 | Batch 7530 | K-values: K1=21, K10=26, K20=30, K50=21, K100=30
Epoch 001 | Batch 7540 | val_kld=0.766374 | val_ordacc@10=0.159350 | val_recall@10=0.574834
Epoch 001 | Batch 7540 | K-values: K1=29, K10=16, K20=27, K50=29, K100=27
Epoch 001 | Batch 7550 | val_kld=0.771847 | val_ordacc@10=0.158548 | val_recall@10=0.581320
Epoch 001 | Batch 7550 | K-values: K1=28, K10=25, K20=29, K50=24, K100=22
Epoch 001 | Batch 7560 | val_kld=0.770576 | val_ordacc@10=0.159758 | val_recall@10=0.581820
Epoch 001 | Batch 7560 | K-values: K1=22, K10=33, K20=26, K50=26, K100=21
Epoch 001 | Batch 7570 | val_kld=0.764289 | val_ordacc@10=0.159854 | val_recall@10=0.580257
Epoch 001 | Batch 7570 | K-values: K1=20, K10=20, K20=31, K50=23, K100=34
Epoch 001 | Batch 7580 | val_kld=0.762377 | val_ordacc@10=0.160130 | val_recall@10=0.576751
Epoch 001 | Batch 7580 | K-values: K1=20, K10=33, K20=27, K50=28, K100=20
Epoch 001 | Batch 7590 | val_kld=0.771096 | val_ordacc@10=0.160207 | val_recall@10=0.573843
Epoch 001 | Batch 7590 | K-values: K1=26, K10=27, K20=14, K50=30, K100=31
Epoch 001 | Batch 7600 | val_kld=0.765792 | val_ordacc@10=0.159942 | val_recall@10=0.576913
Epoch 001 | Batch 7600 | K-values: K1=32, K10=26, K20=27, K50=18, K100=25
Epoch 001 | Batch 7610 | val_kld=0.765619 | val_ordacc@10=0.158598 | val_recall@10=0.580725
Epoch 001 | Batch 7610 | K-values: K1=15, K10=29, K20=27, K50=33, K100=24
Epoch 001 | Batch 7620 | val_kld=0.756448 | val_ordacc@10=0.162003 | val_recall@10=0.577846
Epoch 001 | Batch 7620 | K-values: K1=22, K10=23, K20=30, K50=25, K100=28
Epoch 001 | Batch 7630 | val_kld=0.773570 | val_ordacc@10=0.154565 | val_recall@10=0.571086
Epoch 001 | Batch 7630 | K-values: K1=29, K10=24, K20=26, K50=24, K100=25
Epoch 001 | Batch 7640 | val_kld=0.765985 | val_ordacc@10=0.160584 | val_recall@10=0.577856
Epoch 001 | Batch 7640 | K-values: K1=26, K10=33, K20=25, K50=21, K100=23
Epoch 001 | Batch 7650 | val_kld=0.768830 | val_ordacc@10=0.156703 | val_recall@10=0.572022
Epoch 001 | Batch 7650 | K-values: K1=28, K10=21, K20=32, K50=22, K100=25
Epoch 001 | Batch 7660 | val_kld=0.770209 | val_ordacc@10=0.159257 | val_recall@10=0.574928
Epoch 001 | Batch 7660 | K-values: K1=34, K10=17, K20=24, K50=21, K100=32
Epoch 001 | Batch 7670 | val_kld=0.758169 | val_ordacc@10=0.161567 | val_recall@10=0.576131
Epoch 001 | Batch 7670 | K-values: K1=31, K10=28, K20=28, K50=21, K100=20
Epoch 001 | Batch 7680 | val_kld=0.758801 | val_ordacc@10=0.161027 | val_recall@10=0.576118
Epoch 001 | Batch 7680 | K-values: K1=27, K10=22, K20=33, K50=25, K100=21
Epoch 001 | Batch 7690 | val_kld=0.759696 | val_ordacc@10=0.160938 | val_recall@10=0.573939
Epoch 001 | Batch 7690 | K-values: K1=24, K10=23, K20=35, K50=22, K100=24
Epoch 001 | Batch 7700 | val_kld=0.772385 | val_ordacc@10=0.157766 | val_recall@10=0.577508
Epoch 001 | Batch 7700 | K-values: K1=21, K10=21, K20=31, K50=27, K100=28
Epoch 001 | Batch 7710 | val_kld=0.765054 | val_ordacc@10=0.158574 | val_recall@10=0.575220
Epoch 001 | Batch 7710 | K-values: K1=29, K10=20, K20=25, K50=24, K100=30
Epoch 001 | Batch 7720 | val_kld=0.779385 | val_ordacc@10=0.157074 | val_recall@10=0.571187
Epoch 001 | Batch 7720 | K-values: K1=23, K10=33, K20=25, K50=29, K100=18
Epoch 001 | Batch 7730 | val_kld=0.765713 | val_ordacc@10=0.158796 | val_recall@10=0.579780
Epoch 001 | Batch 7730 | K-values: K1=24, K10=25, K20=32, K50=22, K100=25
Epoch 001 | Batch 7740 | val_kld=0.756099 | val_ordacc@10=0.162465 | val_recall@10=0.575275
Epoch 001 | Batch 7740 | K-values: K1=31, K10=25, K20=26, K50=22, K100=24
Epoch 001 | Batch 7750 | val_kld=0.772601 | val_ordacc@10=0.155980 | val_recall@10=0.574682
Epoch 001 | Batch 7750 | K-values: K1=24, K10=19, K20=28, K50=27, K100=30
Epoch 001 | Batch 7760 | val_kld=0.758785 | val_ordacc@10=0.162014 | val_recall@10=0.575656
Epoch 001 | Batch 7760 | K-values: K1=32, K10=18, K20=21, K50=23, K100=34
Epoch 001 | Batch 7770 | val_kld=0.762011 | val_ordacc@10=0.159488 | val_recall@10=0.575096
Epoch 001 | Batch 7770 | K-values: K1=30, K10=27, K20=22, K50=32, K100=17
Epoch 001 | Batch 7780 | val_kld=0.762166 | val_ordacc@10=0.159586 | val_recall@10=0.581309
Epoch 001 | Batch 7780 | K-values: K1=25, K10=27, K20=25, K50=22, K100=29
Epoch 001 | Batch 7790 | val_kld=0.764388 | val_ordacc@10=0.159578 | val_recall@10=0.576349
Epoch 001 | Batch 7790 | K-values: K1=28, K10=22, K20=22, K50=21, K100=35
Epoch 001 | Batch 7800 | val_kld=0.764157 | val_ordacc@10=0.159924 | val_recall@10=0.574783
Epoch 001 | Batch 7800 | K-values: K1=18, K10=28, K20=24, K50=37, K100=21
Epoch 001 | Batch 7810 | val_kld=0.763432 | val_ordacc@10=0.160344 | val_recall@10=0.576628
Epoch 001 | Batch 7810 | K-values: K1=23, K10=31, K20=22, K50=29, K100=23
Epoch 001 | Batch 7820 | val_kld=0.769305 | val_ordacc@10=0.158894 | val_recall@10=0.575196
Epoch 001 | Batch 7820 | K-values: K1=23, K10=28, K20=24, K50=25, K100=28
Epoch 001 | Batch 7830 | val_kld=0.769011 | val_ordacc@10=0.156573 | val_recall@10=0.570280
Epoch 001 | Batch 7830 | K-values: K1=25, K10=24, K20=23, K50=30, K100=26
Epoch 001 | Batch 7840 | val_kld=0.768088 | val_ordacc@10=0.158978 | val_recall@10=0.578578
Epoch 001 | Batch 7840 | K-values: K1=22, K10=21, K20=30, K50=22, K100=33
Epoch 001 | Batch 7850 | val_kld=0.763571 | val_ordacc@10=0.160562 | val_recall@10=0.577857
Epoch 001 | Batch 7850 | K-values: K1=22, K10=31, K20=27, K50=24, K100=24
Epoch 001 | Batch 7860 | val_kld=0.766461 | val_ordacc@10=0.159050 | val_recall@10=0.574416
Epoch 001 | Batch 7860 | K-values: K1=25, K10=20, K20=25, K50=27, K100=31
Epoch 001 | Batch 7870 | val_kld=0.770484 | val_ordacc@10=0.158972 | val_recall@10=0.571778
Epoch 001 | Batch 7870 | K-values: K1=23, K10=15, K20=37, K50=29, K100=24
Epoch 001 | Batch 7880 | val_kld=0.765601 | val_ordacc@10=0.158854 | val_recall@10=0.574325
Epoch 001 | Batch 7880 | K-values: K1=25, K10=33, K20=21, K50=25, K100=24
Epoch 001 | Batch 7890 | val_kld=0.763088 | val_ordacc@10=0.159059 | val_recall@10=0.574517
Epoch 001 | Batch 7890 | K-values: K1=29, K10=27, K20=30, K50=26, K100=16
Epoch 001 | Batch 7900 | val_kld=0.769246 | val_ordacc@10=0.157331 | val_recall@10=0.578368
Epoch 001 | Batch 7900 | K-values: K1=26, K10=27, K20=16, K50=27, K100=32
Epoch 001 | Batch 7910 | val_kld=0.766757 | val_ordacc@10=0.158272 | val_recall@10=0.574993
Epoch 001 | Batch 7910 | K-values: K1=19, K10=22, K20=33, K50=27, K100=27
Epoch 001 | Batch 7920 | val_kld=0.771611 | val_ordacc@10=0.158546 | val_recall@10=0.574978
Epoch 001 | Batch 7920 | K-values: K1=18, K10=23, K20=32, K50=32, K100=23
Epoch 001 | Batch 7930 | val_kld=0.785842 | val_ordacc@10=0.155936 | val_recall@10=0.572759
Epoch 001 | Batch 7930 | K-values: K1=30, K10=23, K20=18, K50=31, K100=26
Epoch 001 | Batch 7940 | val_kld=0.752293 | val_ordacc@10=0.163746 | val_recall@10=0.576972
Epoch 001 | Batch 7940 | K-values: K1=21, K10=27, K20=30, K50=21, K100=29
Epoch 001 | Batch 7950 | val_kld=0.779002 | val_ordacc@10=0.158390 | val_recall@10=0.575862
Epoch 001 | Batch 7950 | K-values: K1=21, K10=29, K20=25, K50=27, K100=26
Epoch 001 | Batch 7960 | val_kld=0.761451 | val_ordacc@10=0.161434 | val_recall@10=0.580151
Epoch 001 | Batch 7960 | K-values: K1=17, K10=27, K20=38, K50=20, K100=26
Epoch 001 | Batch 7970 | val_kld=0.758886 | val_ordacc@10=0.161171 | val_recall@10=0.579512
Epoch 001 | Batch 7970 | K-values: K1=31, K10=19, K20=23, K50=27, K100=28
Epoch 001 | Batch 7980 | val_kld=0.766459 | val_ordacc@10=0.158341 | val_recall@10=0.578466
Epoch 001 | Batch 7980 | K-values: K1=28, K10=23, K20=34, K50=17, K100=26
Epoch 001 | Batch 7990 | val_kld=0.766992 | val_ordacc@10=0.159777 | val_recall@10=0.576096
Epoch 001 | Batch 7990 | K-values: K1=21, K10=25, K20=32, K50=26, K100=24
Epoch 001 | Batch 8000 | val_kld=0.766955 | val_ordacc@10=0.156564 | val_recall@10=0.572118
Epoch 001 | Batch 8000 | K-values: K1=29, K10=30, K20=21, K50=24, K100=24
Epoch 001 | Batch 8010 | val_kld=0.781388 | val_ordacc@10=0.153641 | val_recall@10=0.571804
Epoch 001 | Batch 8010 | K-values: K1=19, K10=27, K20=21, K50=31, K100=30
Epoch 001 | Batch 8020 | val_kld=0.752486 | val_ordacc@10=0.161846 | val_recall@10=0.577586
Epoch 001 | Batch 8020 | K-values: K1=24, K10=30, K20=26, K50=22, K100=26
Epoch 001 | Batch 8030 | val_kld=0.752315 | val_ordacc@10=0.163549 | val_recall@10=0.577271
Epoch 001 | Batch 8030 | K-values: K1=26, K10=26, K20=26, K50=28, K100=22
Epoch 001 | Batch 8040 | val_kld=0.750483 | val_ordacc@10=0.163934 | val_recall@10=0.578700
Epoch 001 | Batch 8040 | K-values: K1=30, K10=22, K20=18, K50=34, K100=24
Epoch 001 | Batch 8050 | val_kld=0.763518 | val_ordacc@10=0.157947 | val_recall@10=0.578501
Epoch 001 | Batch 8050 | K-values: K1=26, K10=28, K20=20, K50=34, K100=20
Epoch 001 | Batch 8060 | val_kld=0.754213 | val_ordacc@10=0.162333 | val_recall@10=0.574984
Epoch 001 | Batch 8060 | K-values: K1=26, K10=27, K20=21, K50=28, K100=26
Epoch 001 | Batch 8070 | val_kld=0.761088 | val_ordacc@10=0.159476 | val_recall@10=0.570807
Epoch 001 | Batch 8070 | K-values: K1=29, K10=28, K20=19, K50=30, K100=22
Epoch 001 | Batch 8080 | val_kld=0.767868 | val_ordacc@10=0.158410 | val_recall@10=0.576962
Epoch 001 | Batch 8080 | K-values: K1=23, K10=22, K20=22, K50=37, K100=24
Epoch 001 | Batch 8090 | val_kld=0.758088 | val_ordacc@10=0.161338 | val_recall@10=0.575980
Epoch 001 | Batch 8090 | K-values: K1=27, K10=29, K20=21, K50=29, K100=22
Epoch 001 | Batch 8100 | val_kld=0.765295 | val_ordacc@10=0.158387 | val_recall@10=0.577955
Epoch 001 | Batch 8100 | K-values: K1=35, K10=26, K20=23, K50=25, K100=19
Epoch 001 | Batch 8110 | val_kld=0.759190 | val_ordacc@10=0.159859 | val_recall@10=0.575317
Epoch 001 | Batch 8110 | K-values: K1=27, K10=21, K20=18, K50=38, K100=24
Epoch 001 | Batch 8120 | val_kld=0.766404 | val_ordacc@10=0.158264 | val_recall@10=0.579638
Epoch 001 | Batch 8120 | K-values: K1=28, K10=29, K20=24, K50=23, K100=24
Epoch 001 | Batch 8130 | val_kld=0.764729 | val_ordacc@10=0.157519 | val_recall@10=0.573049
Epoch 001 | Batch 8130 | K-values: K1=26, K10=25, K20=22, K50=24, K100=31
Epoch 001 | Batch 8140 | val_kld=0.758821 | val_ordacc@10=0.160276 | val_recall@10=0.575201
Epoch 001 | Batch 8140 | K-values: K1=23, K10=36, K20=21, K50=23, K100=25
Epoch 001 | Batch 8150 | val_kld=0.762394 | val_ordacc@10=0.161371 | val_recall@10=0.578169
Epoch 001 | Batch 8150 | K-values: K1=28, K10=25, K20=27, K50=31, K100=17
Epoch 001 | Batch 8160 | val_kld=0.763164 | val_ordacc@10=0.160027 | val_recall@10=0.577424
Epoch 001 | Batch 8160 | K-values: K1=20, K10=31, K20=22, K50=22, K100=33
Epoch 001 | Batch 8170 | val_kld=0.760366 | val_ordacc@10=0.160982 | val_recall@10=0.581054
Epoch 001 | Batch 8170 | K-values: K1=24, K10=25, K20=26, K50=22, K100=31
Epoch 001 | Batch 8180 | val_kld=0.765732 | val_ordacc@10=0.158762 | val_recall@10=0.577166
Epoch 001 | Batch 8180 | K-values: K1=26, K10=25, K20=29, K50=20, K100=28
Epoch 001 | Batch 8190 | val_kld=0.765443 | val_ordacc@10=0.158975 | val_recall@10=0.582744
Epoch 001 | Batch 8190 | K-values: K1=35, K10=24, K20=18, K50=27, K100=24
Epoch 001 | Batch 8200 | val_kld=0.753414 | val_ordacc@10=0.162982 | val_recall@10=0.580111
Epoch 001 | Batch 8200 | K-values: K1=22, K10=29, K20=23, K50=24, K100=30
Epoch 001 | Batch 8210 | val_kld=0.763198 | val_ordacc@10=0.159930 | val_recall@10=0.574498
Epoch 001 | Batch 8210 | K-values: K1=27, K10=24, K20=25, K50=18, K100=34
Epoch 001 | Batch 8220 | val_kld=0.770066 | val_ordacc@10=0.156566 | val_recall@10=0.575141
Epoch 001 | Batch 8220 | K-values: K1=30, K10=23, K20=23, K50=24, K100=28
Epoch 001 | Batch 8230 | val_kld=0.761809 | val_ordacc@10=0.160576 | val_recall@10=0.573922
Epoch 001 | Batch 8230 | K-values: K1=29, K10=24, K20=25, K50=23, K100=27
Epoch 001 | Batch 8240 | val_kld=0.769525 | val_ordacc@10=0.157204 | val_recall@10=0.577944
Epoch 001 | Batch 8240 | K-values: K1=21, K10=32, K20=26, K50=32, K100=17
Epoch 001 | Batch 8250 | val_kld=0.754856 | val_ordacc@10=0.161272 | val_recall@10=0.574122
Epoch 001 | Batch 8250 | K-values: K1=29, K10=27, K20=28, K50=27, K100=17
Epoch 001 | Batch 8260 | val_kld=0.754757 | val_ordacc@10=0.162237 | val_recall@10=0.573552
Epoch 001 | Batch 8260 | K-values: K1=30, K10=29, K20=24, K50=21, K100=24
Epoch 001 | Batch 8270 | val_kld=0.759323 | val_ordacc@10=0.162637 | val_recall@10=0.576307
Epoch 001 | Batch 8270 | K-values: K1=22, K10=25, K20=34, K50=19, K100=28
Epoch 001 | Batch 8280 | val_kld=0.754365 | val_ordacc@10=0.162053 | val_recall@10=0.576768
Epoch 001 | Batch 8280 | K-values: K1=19, K10=24, K20=24, K50=21, K100=40
Epoch 001 | Batch 8290 | val_kld=0.759748 | val_ordacc@10=0.159979 | val_recall@10=0.578480
Epoch 001 | Batch 8290 | K-values: K1=21, K10=31, K20=25, K50=27, K100=24
Epoch 001 | Batch 8300 | val_kld=0.764915 | val_ordacc@10=0.159052 | val_recall@10=0.576197
Epoch 001 | Batch 8300 | K-values: K1=19, K10=26, K20=29, K50=28, K100=26
Epoch 001 | Batch 8310 | val_kld=0.761357 | val_ordacc@10=0.161187 | val_recall@10=0.575533
Epoch 001 | Batch 8310 | K-values: K1=29, K10=24, K20=23, K50=30, K100=22
Epoch 001 | Batch 8320 | val_kld=0.760088 | val_ordacc@10=0.160389 | val_recall@10=0.577190
Epoch 001 | Batch 8320 | K-values: K1=30, K10=30, K20=28, K50=19, K100=21
Epoch 001 | Batch 8330 | val_kld=0.766016 | val_ordacc@10=0.159170 | val_recall@10=0.579024
Epoch 001 | Batch 8330 | K-values: K1=22, K10=25, K20=29, K50=29, K100=23
Epoch 001 | Batch 8340 | val_kld=0.757609 | val_ordacc@10=0.162656 | val_recall@10=0.580212
Epoch 001 | Batch 8340 | K-values: K1=21, K10=27, K20=34, K50=25, K100=21
Epoch 001 | Batch 8350 | val_kld=0.761760 | val_ordacc@10=0.159226 | val_recall@10=0.575826
Epoch 001 | Batch 8350 | K-values: K1=16, K10=32, K20=28, K50=25, K100=27
Epoch 001 | Batch 8360 | val_kld=0.762704 | val_ordacc@10=0.160527 | val_recall@10=0.578556
Epoch 001 | Batch 8360 | K-values: K1=24, K10=29, K20=27, K50=25, K100=23
Epoch 001 | Batch 8370 | val_kld=0.763488 | val_ordacc@10=0.160535 | val_recall@10=0.577231
Epoch 001 | Batch 8370 | K-values: K1=31, K10=26, K20=22, K50=24, K100=25
Epoch 001 | Batch 8380 | val_kld=0.752715 | val_ordacc@10=0.163647 | val_recall@10=0.578384
Epoch 001 | Batch 8380 | K-values: K1=24, K10=27, K20=25, K50=30, K100=22
Epoch 001 | Batch 8390 | val_kld=0.755613 | val_ordacc@10=0.162710 | val_recall@10=0.580314
Epoch 001 | Batch 8390 | K-values: K1=18, K10=29, K20=24, K50=31, K100=26
Epoch 001 | Batch 8400 | val_kld=0.756152 | val_ordacc@10=0.163132 | val_recall@10=0.580818
Epoch 001 | Batch 8400 | K-values: K1=28, K10=21, K20=24, K50=27, K100=28
Epoch 001 | Batch 8410 | val_kld=0.760335 | val_ordacc@10=0.161467 | val_recall@10=0.575040
Epoch 001 | Batch 8410 | K-values: K1=29, K10=19, K20=27, K50=27, K100=26
Epoch 001 | Batch 8420 | val_kld=0.756117 | val_ordacc@10=0.162282 | val_recall@10=0.580350
Epoch 001 | Batch 8420 | K-values: K1=21, K10=24, K20=25, K50=36, K100=22
Epoch 001 | Batch 8430 | val_kld=0.761907 | val_ordacc@10=0.160448 | val_recall@10=0.583294
Epoch 001 | Batch 8430 | K-values: K1=23, K10=31, K20=30, K50=21, K100=23
Epoch 001 | Batch 8440 | val_kld=0.772721 | val_ordacc@10=0.155888 | val_recall@10=0.575874
Epoch 001 | Batch 8440 | K-values: K1=29, K10=22, K20=35, K50=22, K100=20
Epoch 001 | Batch 8450 | val_kld=0.760347 | val_ordacc@10=0.159688 | val_recall@10=0.575704
Epoch 001 | Batch 8450 | K-values: K1=22, K10=26, K20=27, K50=30, K100=23
Epoch 001 | Batch 8460 | val_kld=0.759232 | val_ordacc@10=0.160725 | val_recall@10=0.580582
Epoch 001 | Batch 8460 | K-values: K1=30, K10=26, K20=18, K50=33, K100=21
Epoch 001 | Batch 8470 | val_kld=0.753859 | val_ordacc@10=0.162138 | val_recall@10=0.581756
Epoch 001 | Batch 8470 | K-values: K1=28, K10=20, K20=29, K50=21, K100=30
Epoch 001 | Batch 8480 | val_kld=0.759927 | val_ordacc@10=0.159576 | val_recall@10=0.572554
Epoch 001 | Batch 8480 | K-values: K1=33, K10=24, K20=27, K50=20, K100=24
Epoch 001 | Batch 8490 | val_kld=0.762610 | val_ordacc@10=0.159942 | val_recall@10=0.572859
Epoch 001 | Batch 8490 | K-values: K1=31, K10=23, K20=22, K50=29, K100=23
Epoch 001 | Batch 8500 | val_kld=0.762523 | val_ordacc@10=0.161070 | val_recall@10=0.576892
Epoch 001 | Batch 8500 | K-values: K1=20, K10=27, K20=22, K50=25, K100=34
Epoch 001 | Batch 8510 | val_kld=0.764855 | val_ordacc@10=0.159597 | val_recall@10=0.571512
Epoch 001 | Batch 8510 | K-values: K1=28, K10=19, K20=32, K50=19, K100=30
Epoch 001 | Batch 8520 | val_kld=0.754291 | val_ordacc@10=0.163738 | val_recall@10=0.581422
Epoch 001 | Batch 8520 | K-values: K1=25, K10=26, K20=22, K50=27, K100=28
Epoch 001 | Batch 8530 | val_kld=0.766531 | val_ordacc@10=0.160574 | val_recall@10=0.576776
Epoch 001 | Batch 8530 | K-values: K1=23, K10=21, K20=27, K50=29, K100=28
Epoch 001 | Batch 8540 | val_kld=0.774447 | val_ordacc@10=0.155911 | val_recall@10=0.571198
Epoch 001 | Batch 8540 | K-values: K1=31, K10=20, K20=34, K50=24, K100=19
Epoch 001 | Batch 8550 | val_kld=0.757855 | val_ordacc@10=0.161602 | val_recall@10=0.579103
Epoch 001 | Batch 8550 | K-values: K1=20, K10=29, K20=24, K50=28, K100=27
Epoch 001 | Batch 8560 | val_kld=0.763388 | val_ordacc@10=0.159737 | val_recall@10=0.582930
Epoch 001 | Batch 8560 | K-values: K1=27, K10=25, K20=22, K50=35, K100=19
Epoch 001 | Batch 8570 | val_kld=0.755918 | val_ordacc@10=0.163248 | val_recall@10=0.580172
Epoch 001 | Batch 8570 | K-values: K1=23, K10=27, K20=33, K50=26, K100=19
Epoch 001 | Batch 8580 | val_kld=0.766322 | val_ordacc@10=0.158323 | val_recall@10=0.574922
Epoch 001 | Batch 8580 | K-values: K1=24, K10=28, K20=25, K50=32, K100=19
Epoch 001 | Batch 8590 | val_kld=0.756497 | val_ordacc@10=0.163075 | val_recall@10=0.579579
Epoch 001 | Batch 8590 | K-values: K1=25, K10=26, K20=24, K50=29, K100=24
Epoch 001 | Batch 8600 | val_kld=0.762205 | val_ordacc@10=0.159158 | val_recall@10=0.572951
Epoch 001 | Batch 8600 | K-values: K1=23, K10=29, K20=32, K50=21, K100=23
Epoch 001 | Batch 8610 | val_kld=0.762344 | val_ordacc@10=0.160326 | val_recall@10=0.576331
Epoch 001 | Batch 8610 | K-values: K1=37, K10=31, K20=19, K50=19, K100=22
Epoch 001 | Batch 8620 | val_kld=0.766179 | val_ordacc@10=0.159851 | val_recall@10=0.577377
Epoch 001 | Batch 8620 | K-values: K1=32, K10=29, K20=25, K50=22, K100=20
Epoch 001 | Batch 8630 | val_kld=0.756152 | val_ordacc@10=0.161434 | val_recall@10=0.576975
Epoch 001 | Batch 8630 | K-values: K1=30, K10=25, K20=29, K50=22, K100=22
Epoch 001 | Batch 8640 | val_kld=0.756164 | val_ordacc@10=0.163114 | val_recall@10=0.578120
Epoch 001 | Batch 8640 | K-values: K1=26, K10=26, K20=18, K50=28, K100=30
Epoch 001 | Batch 8650 | val_kld=0.760505 | val_ordacc@10=0.161459 | val_recall@10=0.577410
Epoch 001 | Batch 8650 | K-values: K1=31, K10=22, K20=21, K50=32, K100=22
Epoch 001 | Batch 8660 | val_kld=0.761899 | val_ordacc@10=0.160010 | val_recall@10=0.582170
Epoch 001 | Batch 8660 | K-values: K1=26, K10=24, K20=24, K50=30, K100=24
Epoch 001 | Batch 8670 | val_kld=0.754153 | val_ordacc@10=0.162944 | val_recall@10=0.579809
Epoch 001 | Batch 8670 | K-values: K1=27, K10=24, K20=24, K50=24, K100=29
Epoch 001 | Batch 8680 | val_kld=0.755190 | val_ordacc@10=0.162542 | val_recall@10=0.578325
Epoch 001 | Batch 8680 | K-values: K1=26, K10=26, K20=16, K50=31, K100=29
Epoch 001 | Batch 8690 | val_kld=0.762590 | val_ordacc@10=0.160864 | val_recall@10=0.575227
Epoch 001 | Batch 8690 | K-values: K1=25, K10=27, K20=19, K50=29, K100=28
Epoch 001 | Batch 8700 | val_kld=0.771524 | val_ordacc@10=0.159251 | val_recall@10=0.570902
Epoch 001 | Batch 8700 | K-values: K1=25, K10=25, K20=27, K50=26, K100=25
Epoch 001 | Batch 8710 | val_kld=0.759998 | val_ordacc@10=0.160782 | val_recall@10=0.583092
Epoch 001 | Batch 8710 | K-values: K1=22, K10=24, K20=27, K50=22, K100=33
Epoch 001 | Batch 8720 | val_kld=0.768360 | val_ordacc@10=0.156800 | val_recall@10=0.577361
Epoch 001 | Batch 8720 | K-values: K1=28, K10=24, K20=30, K50=21, K100=25
Epoch 001 | Batch 8730 | val_kld=0.762893 | val_ordacc@10=0.158628 | val_recall@10=0.570497
Epoch 001 | Batch 8730 | K-values: K1=32, K10=17, K20=30, K50=15, K100=34
Epoch 001 | Batch 8740 | val_kld=0.760827 | val_ordacc@10=0.162797 | val_recall@10=0.573998
Epoch 001 | Batch 8740 | K-values: K1=25, K10=21, K20=23, K50=34, K100=25
Epoch 001 | Batch 8750 | val_kld=0.756822 | val_ordacc@10=0.161900 | val_recall@10=0.575719
Epoch 001 | Batch 8750 | K-values: K1=31, K10=22, K20=33, K50=24, K100=18
Epoch 001 | Batch 8760 | val_kld=0.762940 | val_ordacc@10=0.159995 | val_recall@10=0.578065
Epoch 001 | Batch 8760 | K-values: K1=23, K10=33, K20=25, K50=25, K100=22
Epoch 001 | Batch 8770 | val_kld=0.761187 | val_ordacc@10=0.161614 | val_recall@10=0.578922
Epoch 001 | Batch 8770 | K-values: K1=21, K10=27, K20=17, K50=30, K100=33
Epoch 001 | Batch 8780 | val_kld=0.761901 | val_ordacc@10=0.162226 | val_recall@10=0.577465
Epoch 001 | Batch 8780 | K-values: K1=25, K10=27, K20=25, K50=26, K100=25
Epoch 001 | Batch 8790 | val_kld=0.760014 | val_ordacc@10=0.161249 | val_recall@10=0.576371
Epoch 001 | Batch 8790 | K-values: K1=25, K10=25, K20=27, K50=28, K100=23
Epoch 001 | Batch 8800 | val_kld=0.760559 | val_ordacc@10=0.160731 | val_recall@10=0.574660
Epoch 001 | Batch 8800 | K-values: K1=15, K10=30, K20=30, K50=27, K100=26
Epoch 001 | Batch 8810 | val_kld=0.759062 | val_ordacc@10=0.160626 | val_recall@10=0.578367
Epoch 001 | Batch 8810 | K-values: K1=34, K10=24, K20=21, K50=24, K100=25
Epoch 001 | Batch 8820 | val_kld=0.756857 | val_ordacc@10=0.163078 | val_recall@10=0.576878
Epoch 001 | Batch 8820 | K-values: K1=23, K10=21, K20=21, K50=30, K100=33
Epoch 001 | Batch 8830 | val_kld=0.754807 | val_ordacc@10=0.161495 | val_recall@10=0.577308
Epoch 001 | Batch 8830 | K-values: K1=33, K10=23, K20=30, K50=25, K100=17
Epoch 001 | Batch 8840 | val_kld=0.754044 | val_ordacc@10=0.162886 | val_recall@10=0.579350
Epoch 001 | Batch 8840 | K-values: K1=25, K10=25, K20=26, K50=22, K100=30
Epoch 001 | Batch 8850 | val_kld=0.762280 | val_ordacc@10=0.159640 | val_recall@10=0.571545
Epoch 001 | Batch 8850 | K-values: K1=25, K10=31, K20=23, K50=32, K100=17
Epoch 001 | Batch 8860 | val_kld=0.764971 | val_ordacc@10=0.159582 | val_recall@10=0.576137
Epoch 001 | Batch 8860 | K-values: K1=27, K10=28, K20=27, K50=18, K100=28
Epoch 001 | Batch 8870 | val_kld=0.754290 | val_ordacc@10=0.163862 | val_recall@10=0.575719
Epoch 001 | Batch 8870 | K-values: K1=26, K10=26, K20=24, K50=26, K100=26
Epoch 001 | Batch 8880 | val_kld=0.757579 | val_ordacc@10=0.160923 | val_recall@10=0.575545
Epoch 001 | Batch 8880 | K-values: K1=24, K10=23, K20=30, K50=26, K100=25
Epoch 001 | Batch 8890 | val_kld=0.756510 | val_ordacc@10=0.161450 | val_recall@10=0.575813
Epoch 001 | Batch 8890 | K-values: K1=18, K10=27, K20=29, K50=23, K100=31
Epoch 001 | Batch 8900 | val_kld=0.760019 | val_ordacc@10=0.161602 | val_recall@10=0.580181
Epoch 001 | Batch 8900 | K-values: K1=29, K10=21, K20=24, K50=20, K100=34
Epoch 001 | Batch 8910 | val_kld=0.768057 | val_ordacc@10=0.157079 | val_recall@10=0.573216
Epoch 001 | Batch 8910 | K-values: K1=26, K10=28, K20=25, K50=22, K100=27
Epoch 001 | Batch 8920 | val_kld=0.755841 | val_ordacc@10=0.161988 | val_recall@10=0.579426
Epoch 001 | Batch 8920 | K-values: K1=20, K10=21, K20=34, K50=31, K100=22
Epoch 001 | Batch 8930 | val_kld=0.760084 | val_ordacc@10=0.160297 | val_recall@10=0.579207
Epoch 001 | Batch 8930 | K-values: K1=18, K10=27, K20=33, K50=18, K100=32
Epoch 001 | Batch 8940 | val_kld=0.751972 | val_ordacc@10=0.162931 | val_recall@10=0.576731
Epoch 001 | Batch 8940 | K-values: K1=26, K10=24, K20=25, K50=26, K100=27
Epoch 001 | Batch 8950 | val_kld=0.756516 | val_ordacc@10=0.161902 | val_recall@10=0.576277
Epoch 001 | Batch 8950 | K-values: K1=29, K10=27, K20=25, K50=20, K100=27
Epoch 001 | Batch 8960 | val_kld=0.750962 | val_ordacc@10=0.162872 | val_recall@10=0.578033
Epoch 001 | Batch 8960 | K-values: K1=26, K10=24, K20=17, K50=38, K100=23
Epoch 001 | Batch 8970 | val_kld=0.756935 | val_ordacc@10=0.162103 | val_recall@10=0.576787
Epoch 001 | Batch 8970 | K-values: K1=29, K10=21, K20=27, K50=22, K100=29
Epoch 001 | Batch 8980 | val_kld=0.761950 | val_ordacc@10=0.159127 | val_recall@10=0.571844
Epoch 001 | Batch 8980 | K-values: K1=18, K10=28, K20=25, K50=29, K100=28
Epoch 001 | Batch 8990 | val_kld=0.754486 | val_ordacc@10=0.163107 | val_recall@10=0.576787
Epoch 001 | Batch 8990 | K-values: K1=25, K10=22, K20=27, K50=31, K100=23
Epoch 001 | Batch 9000 | val_kld=0.769153 | val_ordacc@10=0.159062 | val_recall@10=0.578636
Epoch 001 | Batch 9000 | K-values: K1=21, K10=24, K20=28, K50=28, K100=27
Epoch 001 | Batch 9010 | val_kld=0.759693 | val_ordacc@10=0.161934 | val_recall@10=0.575655
Epoch 001 | Batch 9010 | K-values: K1=24, K10=36, K20=27, K50=17, K100=24
Epoch 001 | Batch 9020 | val_kld=0.751519 | val_ordacc@10=0.163606 | val_recall@10=0.575734
Epoch 001 | Batch 9020 | K-values: K1=26, K10=27, K20=22, K50=25, K100=28
Epoch 001 | Batch 9030 | val_kld=0.762803 | val_ordacc@10=0.160512 | val_recall@10=0.573353
Epoch 001 | Batch 9030 | K-values: K1=22, K10=25, K20=31, K50=22, K100=28
Epoch 001 | Batch 9040 | val_kld=0.761021 | val_ordacc@10=0.160509 | val_recall@10=0.581505
Epoch 001 | Batch 9040 | K-values: K1=25, K10=21, K20=25, K50=27, K100=30
Epoch 001 | Batch 9050 | val_kld=0.755899 | val_ordacc@10=0.161720 | val_recall@10=0.576599
Epoch 001 | Batch 9050 | K-values: K1=26, K10=23, K20=22, K50=33, K100=24
Epoch 001 | Batch 9060 | val_kld=0.753650 | val_ordacc@10=0.164176 | val_recall@10=0.579404
Epoch 001 | Batch 9060 | K-values: K1=28, K10=21, K20=22, K50=27, K100=30
Epoch 001 | Batch 9070 | val_kld=0.765497 | val_ordacc@10=0.159970 | val_recall@10=0.574479
Epoch 001 | Batch 9070 | K-values: K1=29, K10=23, K20=24, K50=25, K100=27
Epoch 001 | Batch 9080 | val_kld=0.764874 | val_ordacc@10=0.158195 | val_recall@10=0.578405
Epoch 001 | Batch 9080 | K-values: K1=24, K10=27, K20=28, K50=21, K100=28
Epoch 001 | Batch 9090 | val_kld=0.754888 | val_ordacc@10=0.162408 | val_recall@10=0.577942
Epoch 001 | Batch 9090 | K-values: K1=27, K10=25, K20=22, K50=29, K100=25
Epoch 001 | Batch 9100 | val_kld=0.758829 | val_ordacc@10=0.160978 | val_recall@10=0.576771
Epoch 001 | Batch 9100 | K-values: K1=30, K10=23, K20=30, K50=25, K100=20
Epoch 001 | Batch 9110 | val_kld=0.757062 | val_ordacc@10=0.163096 | val_recall@10=0.577788
Epoch 001 | Batch 9110 | K-values: K1=30, K10=20, K20=26, K50=30, K100=22
Epoch 001 | Batch 9120 | val_kld=0.759250 | val_ordacc@10=0.160842 | val_recall@10=0.578161
Epoch 001 | Batch 9120 | K-values: K1=21, K10=22, K20=22, K50=38, K100=25
Epoch 001 | Batch 9130 | val_kld=0.756420 | val_ordacc@10=0.160668 | val_recall@10=0.575008
Epoch 001 | Batch 9130 | K-values: K1=22, K10=26, K20=25, K50=28, K100=27
Epoch 001 | Batch 9140 | val_kld=0.749572 | val_ordacc@10=0.162874 | val_recall@10=0.576800
Epoch 001 | Batch 9140 | K-values: K1=26, K10=19, K20=26, K50=34, K100=23
Epoch 001 | Batch 9150 | val_kld=0.749350 | val_ordacc@10=0.163952 | val_recall@10=0.576005
Epoch 001 | Batch 9150 | K-values: K1=21, K10=28, K20=29, K50=24, K100=26
Epoch 001 | Batch 9160 | val_kld=0.757302 | val_ordacc@10=0.161694 | val_recall@10=0.579268
Epoch 001 | Batch 9160 | K-values: K1=27, K10=22, K20=20, K50=32, K100=27
Epoch 001 | Batch 9170 | val_kld=0.753191 | val_ordacc@10=0.164082 | val_recall@10=0.582245
Epoch 001 | Batch 9170 | K-values: K1=21, K10=21, K20=34, K50=25, K100=27
Epoch 001 | Batch 9180 | val_kld=0.766279 | val_ordacc@10=0.160493 | val_recall@10=0.575419
Epoch 001 | Batch 9180 | K-values: K1=21, K10=34, K20=24, K50=26, K100=23
Epoch 001 | Batch 9190 | val_kld=0.756014 | val_ordacc@10=0.161538 | val_recall@10=0.571661
Epoch 001 | Batch 9190 | K-values: K1=24, K10=33, K20=21, K50=26, K100=24
Epoch 001 | Batch 9200 | val_kld=0.751287 | val_ordacc@10=0.164408 | val_recall@10=0.579034
Epoch 001 | Batch 9200 | K-values: K1=26, K10=30, K20=21, K50=27, K100=24
Epoch 001 | Batch 9210 | val_kld=0.758446 | val_ordacc@10=0.162068 | val_recall@10=0.580044
Epoch 001 | Batch 9210 | K-values: K1=24, K10=24, K20=24, K50=23, K100=33
Epoch 001 | Batch 9220 | val_kld=0.754244 | val_ordacc@10=0.162900 | val_recall@10=0.574273
Epoch 001 | Batch 9220 | K-values: K1=18, K10=23, K20=33, K50=28, K100=26
Epoch 001 | Batch 9230 | val_kld=0.752432 | val_ordacc@10=0.163940 | val_recall@10=0.579606
Epoch 001 | Batch 9230 | K-values: K1=25, K10=32, K20=28, K50=21, K100=22
Epoch 001 | Batch 9240 | val_kld=0.761143 | val_ordacc@10=0.161203 | val_recall@10=0.575845
Epoch 001 | Batch 9240 | K-values: K1=26, K10=26, K20=24, K50=30, K100=22
Epoch 001 | Batch 9250 | val_kld=0.756071 | val_ordacc@10=0.161402 | val_recall@10=0.574672
Epoch 001 | Batch 9250 | K-values: K1=20, K10=20, K20=21, K50=30, K100=37
Epoch 001 | Batch 9260 | val_kld=0.760442 | val_ordacc@10=0.161756 | val_recall@10=0.575600
Epoch 001 | Batch 9260 | K-values: K1=32, K10=21, K20=22, K50=23, K100=30
Epoch 001 | Batch 9270 | val_kld=0.763510 | val_ordacc@10=0.160686 | val_recall@10=0.576910
Epoch 001 | Batch 9270 | K-values: K1=20, K10=27, K20=35, K50=20, K100=26
Epoch 001 | Batch 9280 | val_kld=0.762095 | val_ordacc@10=0.158801 | val_recall@10=0.573344
Epoch 001 | Batch 9280 | K-values: K1=20, K10=33, K20=28, K50=22, K100=25
Epoch 001 | Batch 9290 | val_kld=0.759964 | val_ordacc@10=0.161686 | val_recall@10=0.578032
Epoch 001 | Batch 9290 | K-values: K1=26, K10=34, K20=24, K50=23, K100=21
Epoch 001 | Batch 9300 | val_kld=0.761563 | val_ordacc@10=0.159407 | val_recall@10=0.573682
Epoch 001 | Batch 9300 | K-values: K1=24, K10=24, K20=34, K50=27, K100=19
Epoch 001 | Batch 9310 | val_kld=0.753326 | val_ordacc@10=0.162569 | val_recall@10=0.577340
Epoch 001 | Batch 9310 | K-values: K1=21, K10=27, K20=22, K50=32, K100=26
Epoch 001 | Batch 9320 | val_kld=0.762636 | val_ordacc@10=0.156736 | val_recall@10=0.580771
Epoch 001 | Batch 9320 | K-values: K1=36, K10=18, K20=23, K50=32, K100=19
Epoch 001 | Batch 9330 | val_kld=0.761924 | val_ordacc@10=0.159457 | val_recall@10=0.579108
Epoch 001 | Batch 9330 | K-values: K1=32, K10=25, K20=22, K50=22, K100=27
Epoch 001 | Batch 9340 | val_kld=0.755204 | val_ordacc@10=0.162448 | val_recall@10=0.574875
Epoch 001 | Batch 9340 | K-values: K1=29, K10=30, K20=23, K50=26, K100=20
Epoch 001 | Batch 9350 | val_kld=0.754675 | val_ordacc@10=0.161525 | val_recall@10=0.571669
Epoch 001 | Batch 9350 | K-values: K1=33, K10=21, K20=20, K50=30, K100=24
Epoch 001 | Batch 9360 | val_kld=0.749424 | val_ordacc@10=0.164414 | val_recall@10=0.579316
Epoch 001 | Batch 9360 | K-values: K1=24, K10=23, K20=30, K50=23, K100=28
Epoch 001 | Batch 9370 | val_kld=0.760858 | val_ordacc@10=0.159921 | val_recall@10=0.581836
Epoch 001 | Batch 9370 | K-values: K1=21, K10=32, K20=31, K50=19, K100=25
Epoch 001 | Batch 9380 | val_kld=0.755183 | val_ordacc@10=0.161810 | val_recall@10=0.578688
Epoch 001 | Batch 9380 | K-values: K1=25, K10=38, K20=21, K50=26, K100=18
Epoch 001 | Batch 9390 | val_kld=0.756881 | val_ordacc@10=0.161136 | val_recall@10=0.577538
Epoch 001 | Batch 9390 | K-values: K1=26, K10=26, K20=25, K50=25, K100=26
Epoch 001 | Batch 9400 | val_kld=0.756833 | val_ordacc@10=0.162228 | val_recall@10=0.579204
Epoch 001 | Batch 9400 | K-values: K1=25, K10=31, K20=21, K50=31, K100=20
Epoch 001 | Batch 9410 | val_kld=0.762431 | val_ordacc@10=0.160560 | val_recall@10=0.577088
Epoch 001 | Batch 9410 | K-values: K1=22, K10=32, K20=25, K50=21, K100=28
Epoch 001 | Batch 9420 | val_kld=0.756846 | val_ordacc@10=0.161114 | val_recall@10=0.576045
Epoch 001 | Batch 9420 | K-values: K1=30, K10=20, K20=23, K50=27, K100=28
Epoch 001 | Batch 9430 | val_kld=0.756112 | val_ordacc@10=0.161172 | val_recall@10=0.577979
Epoch 001 | Batch 9430 | K-values: K1=24, K10=26, K20=29, K50=26, K100=23
Epoch 001 | Batch 9440 | val_kld=0.748677 | val_ordacc@10=0.164198 | val_recall@10=0.576846
Epoch 001 | Batch 9440 | K-values: K1=26, K10=29, K20=21, K50=28, K100=24
Epoch 001 | Batch 9450 | val_kld=0.754026 | val_ordacc@10=0.162737 | val_recall@10=0.577890
Epoch 001 | Batch 9450 | K-values: K1=27, K10=32, K20=21, K50=27, K100=21
Epoch 001 | Batch 9460 | val_kld=0.749352 | val_ordacc@10=0.164546 | val_recall@10=0.578210
Epoch 001 | Batch 9460 | K-values: K1=22, K10=32, K20=28, K50=24, K100=22
Epoch 001 | Batch 9470 | val_kld=0.756375 | val_ordacc@10=0.162278 | val_recall@10=0.581166
Epoch 001 | Batch 9470 | K-values: K1=27, K10=17, K20=33, K50=18, K100=33
Epoch 001 | Batch 9480 | val_kld=0.763850 | val_ordacc@10=0.160795 | val_recall@10=0.576331
Epoch 001 | Batch 9480 | K-values: K1=27, K10=20, K20=41, K50=22, K100=18
Epoch 001 | Batch 9490 | val_kld=0.754658 | val_ordacc@10=0.161717 | val_recall@10=0.578212
Epoch 001 | Batch 9490 | K-values: K1=27, K10=27, K20=30, K50=24, K100=20
Epoch 001 | Batch 9500 | val_kld=0.750715 | val_ordacc@10=0.164324 | val_recall@10=0.580984
Epoch 001 | Batch 9500 | K-values: K1=17, K10=31, K20=32, K50=27, K100=21
Epoch 001 | Batch 9510 | val_kld=0.750736 | val_ordacc@10=0.163633 | val_recall@10=0.578404
Epoch 001 | Batch 9510 | K-values: K1=22, K10=22, K20=30, K50=31, K100=23
Epoch 001 | Batch 9520 | val_kld=0.754886 | val_ordacc@10=0.163334 | val_recall@10=0.578125
Epoch 001 | Batch 9520 | K-values: K1=27, K10=24, K20=21, K50=30, K100=26
Epoch 001 | Batch 9530 | val_kld=0.751290 | val_ordacc@10=0.163660 | val_recall@10=0.577612
Epoch 001 | Batch 9530 | K-values: K1=21, K10=30, K20=35, K50=24, K100=18
Epoch 001 | Batch 9540 | val_kld=0.753165 | val_ordacc@10=0.162182 | val_recall@10=0.575556
Epoch 001 | Batch 9540 | K-values: K1=19, K10=34, K20=29, K50=20, K100=26
Epoch 001 | Batch 9550 | val_kld=0.759335 | val_ordacc@10=0.158816 | val_recall@10=0.570758
Epoch 001 | Batch 9550 | K-values: K1=21, K10=23, K20=32, K50=25, K100=27
Epoch 001 | Batch 9560 | val_kld=0.750084 | val_ordacc@10=0.163946 | val_recall@10=0.578098
Epoch 001 | Batch 9560 | K-values: K1=22, K10=19, K20=30, K50=32, K100=25
Epoch 001 | Batch 9570 | val_kld=0.760569 | val_ordacc@10=0.160418 | val_recall@10=0.578226
Epoch 001 | Batch 9570 | K-values: K1=26, K10=20, K20=30, K50=27, K100=25
Epoch 001 | Batch 9580 | val_kld=0.755311 | val_ordacc@10=0.162126 | val_recall@10=0.577576
Epoch 001 | Batch 9580 | K-values: K1=33, K10=24, K20=23, K50=25, K100=23
Epoch 001 | Batch 9590 | val_kld=0.756896 | val_ordacc@10=0.160875 | val_recall@10=0.575093
Epoch 001 | Batch 9590 | K-values: K1=19, K10=21, K20=28, K50=36, K100=24
Epoch 001 | Batch 9600 | val_kld=0.751483 | val_ordacc@10=0.162962 | val_recall@10=0.579515
Epoch 001 | Batch 9600 | K-values: K1=24, K10=18, K20=29, K50=25, K100=32
Epoch 001 | Batch 9610 | val_kld=0.752320 | val_ordacc@10=0.162171 | val_recall@10=0.578187
Epoch 001 | Batch 9610 | K-values: K1=27, K10=22, K20=25, K50=28, K100=26
Epoch 001 | Batch 9620 | val_kld=0.750532 | val_ordacc@10=0.163752 | val_recall@10=0.579468
Epoch 001 | Batch 9620 | K-values: K1=26, K10=23, K20=22, K50=23, K100=34
Epoch 001 | Batch 9630 | val_kld=0.755811 | val_ordacc@10=0.160969 | val_recall@10=0.581466
Epoch 001 | Batch 9630 | K-values: K1=22, K10=27, K20=27, K50=27, K100=25
Epoch 001 | Batch 9640 | val_kld=0.757439 | val_ordacc@10=0.160804 | val_recall@10=0.576424
Epoch 001 | Batch 9640 | K-values: K1=24, K10=31, K20=21, K50=24, K100=28
Epoch 001 | Batch 9650 | val_kld=0.756132 | val_ordacc@10=0.160507 | val_recall@10=0.578480
Epoch 001 | Batch 9650 | K-values: K1=26, K10=23, K20=28, K50=29, K100=22
Epoch 001 | Batch 9660 | val_kld=0.755502 | val_ordacc@10=0.162518 | val_recall@10=0.576127
Epoch 001 | Batch 9660 | K-values: K1=33, K10=23, K20=23, K50=23, K100=26
Epoch 001 | Batch 9670 | val_kld=0.758595 | val_ordacc@10=0.158960 | val_recall@10=0.571026
Epoch 001 | Batch 9670 | K-values: K1=22, K10=33, K20=24, K50=25, K100=24
Epoch 001 | Batch 9680 | val_kld=0.750199 | val_ordacc@10=0.163777 | val_recall@10=0.578924
Epoch 001 | Batch 9680 | K-values: K1=19, K10=35, K20=23, K50=18, K100=33
Epoch 001 | Batch 9690 | val_kld=0.758276 | val_ordacc@10=0.160900 | val_recall@10=0.580290
Epoch 001 | Batch 9690 | K-values: K1=20, K10=19, K20=28, K50=22, K100=39
Epoch 001 | Batch 9700 | val_kld=0.750711 | val_ordacc@10=0.164105 | val_recall@10=0.582126
Epoch 001 | Batch 9700 | K-values: K1=22, K10=23, K20=33, K50=26, K100=24
Epoch 001 | Batch 9710 | val_kld=0.767267 | val_ordacc@10=0.158649 | val_recall@10=0.574890
Epoch 001 | Batch 9710 | K-values: K1=28, K10=25, K20=23, K50=29, K100=23
Epoch 001 | Batch 9720 | val_kld=0.750546 | val_ordacc@10=0.164766 | val_recall@10=0.577678
Epoch 001 | Batch 9720 | K-values: K1=23, K10=30, K20=25, K50=20, K100=30
Epoch 001 | Batch 9730 | val_kld=0.757898 | val_ordacc@10=0.161467 | val_recall@10=0.575578
Epoch 001 | Batch 9730 | K-values: K1=16, K10=22, K20=26, K50=31, K100=33
Epoch 001 | Batch 9740 | val_kld=0.761301 | val_ordacc@10=0.160852 | val_recall@10=0.579158
Epoch 001 | Batch 9740 | K-values: K1=28, K10=29, K20=28, K50=21, K100=22
Epoch 001 | Batch 9750 | val_kld=0.749699 | val_ordacc@10=0.162986 | val_recall@10=0.579458
Epoch 001 | Batch 9750 | K-values: K1=27, K10=21, K20=25, K50=29, K100=26
Epoch 001 | Batch 9760 | val_kld=0.750637 | val_ordacc@10=0.163347 | val_recall@10=0.576717
Epoch 001 | Batch 9760 | K-values: K1=16, K10=20, K20=31, K50=28, K100=33
Epoch 001 | Batch 9770 | val_kld=0.761528 | val_ordacc@10=0.160261 | val_recall@10=0.575213
Epoch 001 | Batch 9770 | K-values: K1=30, K10=36, K20=17, K50=18, K100=27
Epoch 001 | Batch 9780 | val_kld=0.752114 | val_ordacc@10=0.162776 | val_recall@10=0.580646
Epoch 001 | Batch 9780 | K-values: K1=27, K10=23, K20=19, K50=27, K100=32
Epoch 001 | Batch 9790 | val_kld=0.759276 | val_ordacc@10=0.160635 | val_recall@10=0.580476
Epoch 001 | Batch 9790 | K-values: K1=23, K10=31, K20=21, K50=27, K100=26
Epoch 001 | Batch 9800 | val_kld=0.756904 | val_ordacc@10=0.162164 | val_recall@10=0.577258
Epoch 001 | Batch 9800 | K-values: K1=29, K10=27, K20=26, K50=26, K100=20
Epoch 001 | Batch 9810 | val_kld=0.754065 | val_ordacc@10=0.162550 | val_recall@10=0.578215
Epoch 001 | Batch 9810 | K-values: K1=22, K10=23, K20=27, K50=27, K100=29
Epoch 001 | Batch 9820 | val_kld=0.755912 | val_ordacc@10=0.159944 | val_recall@10=0.575526
Epoch 001 | Batch 9820 | K-values: K1=35, K10=25, K20=27, K50=22, K100=19
Epoch 001 | Batch 9830 | val_kld=0.758140 | val_ordacc@10=0.160424 | val_recall@10=0.576005
Epoch 001 | Batch 9830 | K-values: K1=21, K10=22, K20=30, K50=30, K100=25
Epoch 001 | Batch 9840 | val_kld=0.760670 | val_ordacc@10=0.160328 | val_recall@10=0.575244
Epoch 001 | Batch 9840 | K-values: K1=22, K10=19, K20=37, K50=26, K100=24
Epoch 001 | Batch 9850 | val_kld=0.759219 | val_ordacc@10=0.161490 | val_recall@10=0.582404
Epoch 001 | Batch 9850 | K-values: K1=27, K10=25, K20=25, K50=24, K100=27
Epoch 001 | Batch 9860 | val_kld=0.758214 | val_ordacc@10=0.162098 | val_recall@10=0.576106
Epoch 001 | Batch 9860 | K-values: K1=29, K10=26, K20=19, K50=32, K100=22
Epoch 001 | Batch 9870 | val_kld=0.752740 | val_ordacc@10=0.162162 | val_recall@10=0.576123
Epoch 001 | Batch 9870 | K-values: K1=30, K10=27, K20=31, K50=18, K100=22
Epoch 001 | Batch 9880 | val_kld=0.752142 | val_ordacc@10=0.164394 | val_recall@10=0.583867
Epoch 001 | Batch 9880 | K-values: K1=35, K10=25, K20=24, K50=25, K100=19
Epoch 001 | Batch 9890 | val_kld=0.751278 | val_ordacc@10=0.162442 | val_recall@10=0.577856
Epoch 001 | Batch 9890 | K-values: K1=30, K10=27, K20=19, K50=29, K100=23
Epoch 001 | Batch 9900 | val_kld=0.758808 | val_ordacc@10=0.159282 | val_recall@10=0.577309
Epoch 001 | Batch 9900 | K-values: K1=32, K10=25, K20=28, K50=15, K100=28
Epoch 001 | Batch 9910 | val_kld=0.760625 | val_ordacc@10=0.159730 | val_recall@10=0.574406
Epoch 001 | Batch 9910 | K-values: K1=25, K10=24, K20=20, K50=31, K100=28
Epoch 001 | Batch 9920 | val_kld=0.756728 | val_ordacc@10=0.162466 | val_recall@10=0.578902
Epoch 001 | Batch 9920 | K-values: K1=24, K10=24, K20=23, K50=27, K100=30
Epoch 001 | Batch 9930 | val_kld=0.761045 | val_ordacc@10=0.160319 | val_recall@10=0.575223
Epoch 001 | Batch 9930 | K-values: K1=19, K10=28, K20=25, K50=24, K100=32
Epoch 001 | Batch 9940 | val_kld=0.754864 | val_ordacc@10=0.161528 | val_recall@10=0.576306
Epoch 001 | Batch 9940 | K-values: K1=22, K10=25, K20=26, K50=19, K100=36
Epoch 001 | Batch 9950 | val_kld=0.756076 | val_ordacc@10=0.161386 | val_recall@10=0.577295
Epoch 001 | Batch 9950 | K-values: K1=27, K10=23, K20=30, K50=24, K100=24
Epoch 001 | Batch 9960 | val_kld=0.754094 | val_ordacc@10=0.162138 | val_recall@10=0.585454
Epoch 001 | Batch 9960 | K-values: K1=36, K10=23, K20=17, K50=19, K100=33
Epoch 001 | Batch 9970 | val_kld=0.752589 | val_ordacc@10=0.163365 | val_recall@10=0.584656
Epoch 001 | Batch 9970 | K-values: K1=22, K10=29, K20=25, K50=26, K100=26
Epoch 001 | Batch 9980 | val_kld=0.751184 | val_ordacc@10=0.163269 | val_recall@10=0.576514
Epoch 001 | Batch 9980 | K-values: K1=29, K10=29, K20=22, K50=25, K100=23
Epoch 001 | Batch 9990 | val_kld=0.758195 | val_ordacc@10=0.161188 | val_recall@10=0.578569
Epoch 001 | Batch 9990 | K-values: K1=24, K10=29, K20=18, K50=26, K100=31
Epoch 001 | Batch 10000 | val_kld=0.753911 | val_ordacc@10=0.160838 | val_recall@10=0.574109
Epoch 001 | Batch 10000 | K-values: K1=22, K10=31, K20=29, K50=25, K100=21
Epoch 001 | Batch 10010 | val_kld=0.752541 | val_ordacc@10=0.162040 | val_recall@10=0.574715
Epoch 001 | Batch 10010 | K-values: K1=25, K10=17, K20=29, K50=38, K100=19
Epoch 001 | Batch 10020 | val_kld=0.752699 | val_ordacc@10=0.164208 | val_recall@10=0.579353
Epoch 001 | Batch 10020 | K-values: K1=25, K10=25, K20=24, K50=29, K100=25
Epoch 001 | Batch 10030 | val_kld=0.753298 | val_ordacc@10=0.162505 | val_recall@10=0.582150
Epoch 001 | Batch 10030 | K-values: K1=16, K10=27, K20=29, K50=25, K100=31
Epoch 001 | Batch 10040 | val_kld=0.757377 | val_ordacc@10=0.160824 | val_recall@10=0.579190
Epoch 001 | Batch 10040 | K-values: K1=29, K10=26, K20=25, K50=30, K100=18
Epoch 001 | Batch 10050 | val_kld=0.751567 | val_ordacc@10=0.162500 | val_recall@10=0.578482
Epoch 001 | Batch 10050 | K-values: K1=31, K10=18, K20=26, K50=23, K100=30
Epoch 001 | Batch 10060 | val_kld=0.751333 | val_ordacc@10=0.162785 | val_recall@10=0.573756
Epoch 001 | Batch 10060 | K-values: K1=25, K10=19, K20=26, K50=29, K100=29
Epoch 001 | Batch 10070 | val_kld=0.745600 | val_ordacc@10=0.165380 | val_recall@10=0.579489
Epoch 001 | Batch 10070 | K-values: K1=29, K10=19, K20=27, K50=26, K100=27
Epoch 001 | Batch 10080 | val_kld=0.757226 | val_ordacc@10=0.162073 | val_recall@10=0.576827
Epoch 001 | Batch 10080 | K-values: K1=26, K10=29, K20=25, K50=24, K100=24
Epoch 001 | Batch 10090 | val_kld=0.759028 | val_ordacc@10=0.161070 | val_recall@10=0.579229
Epoch 001 | Batch 10090 | K-values: K1=28, K10=25, K20=25, K50=24, K100=26
Epoch 001 | Batch 10100 | val_kld=0.753695 | val_ordacc@10=0.162957 | val_recall@10=0.575536
Epoch 001 | Batch 10100 | K-values: K1=23, K10=27, K20=27, K50=26, K100=25
Epoch 001 | Batch 10110 | val_kld=0.748310 | val_ordacc@10=0.163821 | val_recall@10=0.582369
Epoch 001 | Batch 10110 | K-values: K1=25, K10=19, K20=28, K50=28, K100=28
Epoch 001 | Batch 10120 | val_kld=0.756709 | val_ordacc@10=0.160515 | val_recall@10=0.583063
Epoch 001 | Batch 10120 | K-values: K1=32, K10=22, K20=19, K50=22, K100=33
Epoch 001 | Batch 10130 | val_kld=0.752635 | val_ordacc@10=0.162025 | val_recall@10=0.577756
Epoch 001 | Batch 10130 | K-values: K1=24, K10=23, K20=31, K50=24, K100=26
Epoch 001 | Batch 10140 | val_kld=0.745766 | val_ordacc@10=0.165032 | val_recall@10=0.577811
Epoch 001 | Batch 10140 | K-values: K1=20, K10=27, K20=26, K50=19, K100=36
Epoch 001 | Batch 10150 | val_kld=0.752831 | val_ordacc@10=0.162166 | val_recall@10=0.576116
Epoch 001 | Batch 10150 | K-values: K1=24, K10=28, K20=30, K50=25, K100=21
Epoch 001 | Batch 10160 | val_kld=0.755138 | val_ordacc@10=0.162159 | val_recall@10=0.575877
Epoch 001 | Batch 10160 | K-values: K1=23, K10=35, K20=20, K50=23, K100=27
Epoch 001 | Batch 10170 | val_kld=0.757973 | val_ordacc@10=0.161359 | val_recall@10=0.579890
Epoch 001 | Batch 10170 | K-values: K1=21, K10=29, K20=18, K50=26, K100=34
Epoch 001 | Batch 10180 | val_kld=0.752277 | val_ordacc@10=0.162776 | val_recall@10=0.574496
Epoch 001 | Batch 10180 | K-values: K1=30, K10=20, K20=25, K50=23, K100=30
Epoch 001 | Batch 10190 | val_kld=0.753491 | val_ordacc@10=0.161263 | val_recall@10=0.573895
Epoch 001 | Batch 10190 | K-values: K1=25, K10=23, K20=22, K50=38, K100=20
Epoch 001 | Batch 10200 | val_kld=0.762783 | val_ordacc@10=0.160089 | val_recall@10=0.578822
Epoch 001 | Batch 10200 | K-values: K1=30, K10=32, K20=23, K50=22, K100=21
Epoch 001 | Batch 10210 | val_kld=0.747734 | val_ordacc@10=0.163568 | val_recall@10=0.574997
Epoch 001 | Batch 10210 | K-values: K1=29, K10=29, K20=21, K50=21, K100=28
Epoch 001 | Batch 10220 | val_kld=0.755577 | val_ordacc@10=0.161029 | val_recall@10=0.575509
Epoch 001 | Batch 10220 | K-values: K1=24, K10=22, K20=29, K50=26, K100=27
Epoch 001 | Batch 10230 | val_kld=0.760095 | val_ordacc@10=0.161541 | val_recall@10=0.577240
Epoch 001 | Batch 10230 | K-values: K1=23, K10=25, K20=33, K50=18, K100=29
Epoch 001 | Batch 10240 | val_kld=0.753282 | val_ordacc@10=0.161925 | val_recall@10=0.579622
Epoch 001 | Batch 10240 | K-values: K1=26, K10=25, K20=30, K50=22, K100=25
Epoch 001 | Batch 10250 | val_kld=0.764596 | val_ordacc@10=0.159070 | val_recall@10=0.579593
Epoch 001 | Batch 10250 | K-values: K1=25, K10=25, K20=25, K50=23, K100=30
Epoch 001 | Batch 10260 | val_kld=0.756587 | val_ordacc@10=0.160904 | val_recall@10=0.576950
Epoch 001 | Batch 10260 | K-values: K1=23, K10=24, K20=31, K50=21, K100=29
Epoch 001 | Batch 10270 | val_kld=0.755081 | val_ordacc@10=0.161558 | val_recall@10=0.575907
Epoch 001 | Batch 10270 | K-values: K1=24, K10=33, K20=17, K50=25, K100=29
Epoch 001 | Batch 10280 | val_kld=0.758853 | val_ordacc@10=0.161021 | val_recall@10=0.577619
Epoch 001 | Batch 10280 | K-values: K1=19, K10=26, K20=29, K50=22, K100=32
Epoch 001 | Batch 10290 | val_kld=0.750636 | val_ordacc@10=0.163142 | val_recall@10=0.579786
Epoch 001 | Batch 10290 | K-values: K1=21, K10=25, K20=29, K50=27, K100=26
Epoch 001 | Batch 10300 | val_kld=0.755225 | val_ordacc@10=0.160664 | val_recall@10=0.579904
Epoch 001 | Batch 10300 | K-values: K1=20, K10=27, K20=21, K50=33, K100=27
Epoch 001 | Batch 10310 | val_kld=0.752607 | val_ordacc@10=0.162954 | val_recall@10=0.577160
Epoch 001 | Batch 10310 | K-values: K1=27, K10=23, K20=22, K50=26, K100=30
Epoch 001 | Batch 10320 | val_kld=0.751619 | val_ordacc@10=0.163376 | val_recall@10=0.576739
Epoch 001 | Batch 10320 | K-values: K1=22, K10=18, K20=26, K50=27, K100=35
Epoch 001 | Batch 10330 | val_kld=0.747539 | val_ordacc@10=0.164538 | val_recall@10=0.575393
Epoch 001 | Batch 10330 | K-values: K1=31, K10=24, K20=22, K50=26, K100=25
Epoch 001 | Batch 10340 | val_kld=0.758466 | val_ordacc@10=0.163117 | val_recall@10=0.579393
Epoch 001 | Batch 10340 | K-values: K1=34, K10=26, K20=24, K50=28, K100=16
Epoch 001 | Batch 10350 | val_kld=0.757395 | val_ordacc@10=0.162869 | val_recall@10=0.580278
Epoch 001 | Batch 10350 | K-values: K1=22, K10=21, K20=34, K50=29, K100=22
Epoch 001 | Batch 10360 | val_kld=0.755076 | val_ordacc@10=0.161122 | val_recall@10=0.577152
Epoch 001 | Batch 10360 | K-values: K1=28, K10=20, K20=29, K50=27, K100=24
Epoch 001 | Batch 10370 | val_kld=0.748826 | val_ordacc@10=0.163747 | val_recall@10=0.578950
Epoch 001 | Batch 10370 | K-values: K1=26, K10=23, K20=20, K50=29, K100=30
Epoch 001 | Batch 10380 | val_kld=0.749065 | val_ordacc@10=0.163408 | val_recall@10=0.580027
Epoch 001 | Batch 10380 | K-values: K1=21, K10=19, K20=30, K50=25, K100=33
Epoch 001 | Batch 10390 | val_kld=0.756077 | val_ordacc@10=0.161996 | val_recall@10=0.579684
Epoch 001 | Batch 10390 | K-values: K1=25, K10=33, K20=27, K50=18, K100=25
Epoch 001 | Batch 10400 | val_kld=0.762096 | val_ordacc@10=0.159029 | val_recall@10=0.575321
Epoch 001 | Batch 10400 | K-values: K1=27, K10=17, K20=29, K50=28, K100=27
Epoch 001 | Batch 10410 | val_kld=0.753249 | val_ordacc@10=0.163999 | val_recall@10=0.578540
Epoch 001 | Batch 10410 | K-values: K1=34, K10=21, K20=17, K50=27, K100=29
Epoch 001 | Batch 10420 | val_kld=0.755260 | val_ordacc@10=0.161525 | val_recall@10=0.581341
Epoch 001 | Batch 10420 | K-values: K1=23, K10=24, K20=31, K50=25, K100=25
Epoch 001 | Batch 10430 | val_kld=0.750843 | val_ordacc@10=0.163338 | val_recall@10=0.580425
Epoch 001 | Batch 10430 | K-values: K1=21, K10=34, K20=20, K50=33, K100=20
Epoch 001 | Batch 10440 | val_kld=0.746597 | val_ordacc@10=0.164188 | val_recall@10=0.579154
Epoch 001 | Batch 10440 | K-values: K1=28, K10=20, K20=24, K50=31, K100=25
Epoch 001 | Batch 10450 | val_kld=0.751724 | val_ordacc@10=0.161607 | val_recall@10=0.573819
Epoch 001 | Batch 10450 | K-values: K1=22, K10=32, K20=30, K50=28, K100=16
Epoch 001 | Batch 10460 | val_kld=0.752726 | val_ordacc@10=0.162305 | val_recall@10=0.581028
Epoch 001 | Batch 10460 | K-values: K1=33, K10=17, K20=26, K50=22, K100=30
Epoch 001 | Batch 10470 | val_kld=0.757007 | val_ordacc@10=0.161716 | val_recall@10=0.579182
Epoch 001 | Batch 10470 | K-values: K1=27, K10=35, K20=25, K50=25, K100=16
Epoch 001 | Batch 10480 | val_kld=0.748731 | val_ordacc@10=0.163570 | val_recall@10=0.583467
Epoch 001 | Batch 10480 | K-values: K1=27, K10=24, K20=25, K50=25, K100=27
Epoch 001 | Batch 10490 | val_kld=0.750188 | val_ordacc@10=0.161449 | val_recall@10=0.575246
Epoch 001 | Batch 10490 | K-values: K1=34, K10=21, K20=20, K50=24, K100=29
Epoch 001 | Batch 10500 | val_kld=0.754114 | val_ordacc@10=0.161125 | val_recall@10=0.574693
Epoch 001 | Batch 10500 | K-values: K1=25, K10=31, K20=26, K50=19, K100=27
Epoch 001 | Batch 10510 | val_kld=0.753103 | val_ordacc@10=0.160849 | val_recall@10=0.577541
Epoch 001 | Batch 10510 | K-values: K1=22, K10=28, K20=23, K50=26, K100=29
Epoch 001 | Batch 10520 | val_kld=0.748295 | val_ordacc@10=0.165357 | val_recall@10=0.579424
Epoch 001 | Batch 10520 | K-values: K1=32, K10=23, K20=22, K50=16, K100=35
Epoch 001 | Batch 10530 | val_kld=0.752599 | val_ordacc@10=0.162141 | val_recall@10=0.575140
Epoch 001 | Batch 10530 | K-values: K1=22, K10=26, K20=33, K50=25, K100=22
Epoch 001 | Batch 10540 | val_kld=0.760298 | val_ordacc@10=0.159857 | val_recall@10=0.577764
Epoch 001 | Batch 10540 | K-values: K1=23, K10=22, K20=29, K50=22, K100=32
Epoch 001 | Batch 10550 | val_kld=0.757855 | val_ordacc@10=0.160173 | val_recall@10=0.571381
Epoch 001 | Batch 10550 | K-values: K1=28, K10=20, K20=27, K50=26, K100=27
Epoch 001 | Batch 10560 | val_kld=0.745785 | val_ordacc@10=0.165188 | val_recall@10=0.581592
Epoch 001 | Batch 10560 | K-values: K1=24, K10=24, K20=32, K50=30, K100=18
Epoch 001 | Batch 10570 | val_kld=0.748073 | val_ordacc@10=0.164488 | val_recall@10=0.578108
Epoch 001 | Batch 10570 | K-values: K1=19, K10=23, K20=29, K50=28, K100=29
Epoch 001 | Batch 10580 | val_kld=0.757730 | val_ordacc@10=0.159072 | val_recall@10=0.582397
Epoch 001 | Batch 10580 | K-values: K1=29, K10=26, K20=20, K50=32, K100=21
Epoch 001 | Batch 10590 | val_kld=0.749129 | val_ordacc@10=0.163798 | val_recall@10=0.580461
Epoch 001 | Batch 10590 | K-values: K1=36, K10=17, K20=20, K50=25, K100=30
Epoch 001 | Batch 10600 | val_kld=0.757050 | val_ordacc@10=0.162380 | val_recall@10=0.578423
Epoch 001 | Batch 10600 | K-values: K1=29, K10=23, K20=23, K50=27, K100=26
Epoch 001 | Batch 10610 | val_kld=0.755289 | val_ordacc@10=0.162005 | val_recall@10=0.580008
Epoch 001 | Batch 10610 | K-values: K1=27, K10=27, K20=18, K50=39, K100=17
Epoch 001 | Batch 10620 | val_kld=0.750596 | val_ordacc@10=0.161754 | val_recall@10=0.573782
Epoch 001 | Batch 10620 | K-values: K1=28, K10=25, K20=22, K50=27, K100=26
Epoch 001 | Batch 10630 | val_kld=0.754456 | val_ordacc@10=0.161813 | val_recall@10=0.580874
Epoch 001 | Batch 10630 | K-values: K1=22, K10=24, K20=28, K50=28, K100=26
Epoch 001 | Batch 10640 | val_kld=0.755920 | val_ordacc@10=0.160175 | val_recall@10=0.579826
Epoch 001 | Batch 10640 | K-values: K1=30, K10=22, K20=26, K50=22, K100=28
Epoch 001 | Batch 10650 | val_kld=0.749666 | val_ordacc@10=0.163108 | val_recall@10=0.580379
Epoch 001 | Batch 10650 | K-values: K1=24, K10=23, K20=28, K50=28, K100=25
Epoch 001 | Batch 10660 | val_kld=0.748377 | val_ordacc@10=0.164774 | val_recall@10=0.577412
Epoch 001 | Batch 10660 | K-values: K1=25, K10=31, K20=19, K50=25, K100=28
Epoch 001 | Batch 10670 | val_kld=0.748384 | val_ordacc@10=0.164152 | val_recall@10=0.577326
Epoch 001 | Batch 10670 | K-values: K1=31, K10=23, K20=20, K50=27, K100=27
Epoch 001 | Batch 10680 | val_kld=0.748682 | val_ordacc@10=0.163874 | val_recall@10=0.578995
Epoch 001 | Batch 10680 | K-values: K1=28, K10=22, K20=26, K50=34, K100=18
Epoch 001 | Batch 10690 | val_kld=0.761216 | val_ordacc@10=0.158992 | val_recall@10=0.578618
Epoch 001 | Batch 10690 | K-values: K1=32, K10=19, K20=28, K50=26, K100=23
Epoch 001 | Batch 10700 | val_kld=0.749759 | val_ordacc@10=0.162675 | val_recall@10=0.578894
Epoch 001 | Batch 10700 | K-values: K1=19, K10=28, K20=25, K50=26, K100=30
Epoch 001 | Batch 10710 | val_kld=0.750524 | val_ordacc@10=0.163246 | val_recall@10=0.578026
Epoch 001 | Batch 10710 | K-values: K1=25, K10=26, K20=28, K50=23, K100=26
Epoch 001 | Batch 10720 | val_kld=0.747731 | val_ordacc@10=0.164255 | val_recall@10=0.580859
Epoch 001 | Batch 10720 | K-values: K1=27, K10=22, K20=20, K50=23, K100=36
Epoch 001 | Batch 10730 | val_kld=0.748441 | val_ordacc@10=0.164632 | val_recall@10=0.578172
Epoch 001 | Batch 10730 | K-values: K1=31, K10=26, K20=18, K50=25, K100=28
Epoch 001 | Batch 10740 | val_kld=0.756647 | val_ordacc@10=0.161355 | val_recall@10=0.578093
Epoch 001 | Batch 10740 | K-values: K1=27, K10=24, K20=27, K50=27, K100=23
Epoch 001 | Batch 10750 | val_kld=0.755875 | val_ordacc@10=0.160573 | val_recall@10=0.577180
Epoch 001 | Batch 10750 | K-values: K1=25, K10=24, K20=30, K50=21, K100=28
Epoch 001 | Batch 10760 | val_kld=0.748759 | val_ordacc@10=0.164131 | val_recall@10=0.581751
Epoch 001 | Batch 10760 | K-values: K1=25, K10=25, K20=21, K50=27, K100=30
Epoch 001 | Batch 10770 | val_kld=0.748892 | val_ordacc@10=0.164168 | val_recall@10=0.581397
Epoch 001 | Batch 10770 | K-values: K1=30, K10=25, K20=21, K50=20, K100=32
Epoch 001 | Batch 10780 | val_kld=0.756619 | val_ordacc@10=0.161610 | val_recall@10=0.580580
Epoch 001 | Batch 10780 | K-values: K1=22, K10=19, K20=30, K50=31, K100=26
Epoch 001 | Batch 10790 | val_kld=0.754314 | val_ordacc@10=0.161782 | val_recall@10=0.579056
Epoch 001 | Batch 10790 | K-values: K1=23, K10=25, K20=27, K50=29, K100=24
Epoch 001 | Batch 10800 | val_kld=0.759389 | val_ordacc@10=0.160350 | val_recall@10=0.577257
Epoch 001 | Batch 10800 | K-values: K1=22, K10=30, K20=34, K50=21, K100=21
Epoch 001 | Batch 10810 | val_kld=0.751425 | val_ordacc@10=0.162567 | val_recall@10=0.577113
Epoch 001 | Batch 10810 | K-values: K1=23, K10=20, K20=33, K50=26, K100=26
Epoch 001 | Batch 10820 | val_kld=0.748571 | val_ordacc@10=0.163278 | val_recall@10=0.574979
Epoch 001 | Batch 10820 | K-values: K1=29, K10=29, K20=20, K50=20, K100=30
Epoch 001 | Batch 10830 | val_kld=0.747276 | val_ordacc@10=0.164676 | val_recall@10=0.578072
Epoch 001 | Batch 10830 | K-values: K1=29, K10=26, K20=26, K50=18, K100=29
Epoch 001 | Batch 10840 | val_kld=0.748782 | val_ordacc@10=0.163974 | val_recall@10=0.577567
Epoch 001 | Batch 10840 | K-values: K1=35, K10=28, K20=20, K50=21, K100=24
Epoch 001 | Batch 10850 | val_kld=0.752121 | val_ordacc@10=0.164068 | val_recall@10=0.576619
Epoch 001 | Batch 10850 | K-values: K1=31, K10=26, K20=25, K50=24, K100=22
Epoch 001 | Batch 10860 | val_kld=0.753542 | val_ordacc@10=0.163085 | val_recall@10=0.577524
Epoch 001 | Batch 10860 | K-values: K1=29, K10=26, K20=29, K50=23, K100=21
Epoch 001 | Batch 10870 | val_kld=0.745334 | val_ordacc@10=0.166046 | val_recall@10=0.580888
Epoch 001 | Batch 10870 | K-values: K1=21, K10=42, K20=22, K50=21, K100=22
Epoch 001 | Batch 10880 | val_kld=0.754183 | val_ordacc@10=0.162414 | val_recall@10=0.578300
Epoch 001 | Batch 10880 | K-values: K1=31, K10=20, K20=31, K50=16, K100=30
Epoch 001 | Batch 10890 | val_kld=0.744305 | val_ordacc@10=0.166169 | val_recall@10=0.579678
Epoch 001 | Batch 10890 | K-values: K1=25, K10=35, K20=23, K50=21, K100=24
Epoch 001 | Batch 10900 | val_kld=0.749455 | val_ordacc@10=0.163913 | val_recall@10=0.576614
Epoch 001 | Batch 10900 | K-values: K1=30, K10=25, K20=21, K50=28, K100=24
Epoch 001 | Batch 10910 | val_kld=0.750573 | val_ordacc@10=0.163332 | val_recall@10=0.576092
Epoch 001 | Batch 10910 | K-values: K1=19, K10=24, K20=24, K50=30, K100=31
Epoch 001 | Batch 10920 | val_kld=0.745345 | val_ordacc@10=0.164124 | val_recall@10=0.579442
Epoch 001 | Batch 10920 | K-values: K1=30, K10=33, K20=27, K50=17, K100=21
Epoch 001 | Batch 10930 | val_kld=0.750280 | val_ordacc@10=0.162503 | val_recall@10=0.581154
Epoch 001 | Batch 10930 | K-values: K1=20, K10=29, K20=20, K50=26, K100=33
Epoch 001 | Batch 10940 | val_kld=0.749584 | val_ordacc@10=0.162634 | val_recall@10=0.581092
Epoch 001 | Batch 10940 | K-values: K1=22, K10=26, K20=18, K50=29, K100=33
Epoch 001 | Batch 10950 | val_kld=0.743979 | val_ordacc@10=0.163982 | val_recall@10=0.578782
Epoch 001 | Batch 10950 | K-values: K1=23, K10=24, K20=28, K50=24, K100=29
Epoch 001 | Batch 10960 | val_kld=0.746217 | val_ordacc@10=0.164704 | val_recall@10=0.578436
Epoch 001 | Batch 10960 | K-values: K1=22, K10=24, K20=30, K50=28, K100=24
Epoch 001 | Batch 10970 | val_kld=0.745803 | val_ordacc@10=0.165106 | val_recall@10=0.580020
Epoch 001 | Batch 10970 | K-values: K1=30, K10=36, K20=23, K50=25, K100=14
Epoch 001 | Batch 10980 | val_kld=0.753906 | val_ordacc@10=0.162993 | val_recall@10=0.579784
Epoch 001 | Batch 10980 | K-values: K1=21, K10=28, K20=21, K50=23, K100=35
Epoch 001 | Batch 10990 | val_kld=0.754491 | val_ordacc@10=0.162364 | val_recall@10=0.580970
Epoch 001 | Batch 10990 | K-values: K1=21, K10=35, K20=29, K50=22, K100=21
Epoch 001 | Batch 11000 | val_kld=0.744888 | val_ordacc@10=0.164291 | val_recall@10=0.576958
Epoch 001 | Batch 11000 | K-values: K1=16, K10=29, K20=31, K50=26, K100=26
Epoch 001 | Batch 11010 | val_kld=0.750140 | val_ordacc@10=0.161457 | val_recall@10=0.578230
Epoch 001 | Batch 11010 | K-values: K1=24, K10=26, K20=21, K50=27, K100=30
Epoch 001 | Batch 11020 | val_kld=0.758605 | val_ordacc@10=0.158469 | val_recall@10=0.574674
Epoch 001 | Batch 11020 | K-values: K1=24, K10=21, K20=30, K50=30, K100=23
Epoch 001 | Batch 11030 | val_kld=0.751520 | val_ordacc@10=0.161873 | val_recall@10=0.577913
Epoch 001 | Batch 11030 | K-values: K1=28, K10=25, K20=18, K50=28, K100=29
Epoch 001 | Batch 11040 | val_kld=0.749641 | val_ordacc@10=0.162265 | val_recall@10=0.575521
Epoch 001 | Batch 11040 | K-values: K1=24, K10=35, K20=30, K50=18, K100=21
Epoch 001 | Batch 11050 | val_kld=0.750247 | val_ordacc@10=0.161536 | val_recall@10=0.578110
Epoch 001 | Batch 11050 | K-values: K1=25, K10=25, K20=18, K50=29, K100=31
Epoch 001 | Batch 11060 | val_kld=0.756205 | val_ordacc@10=0.160387 | val_recall@10=0.578587
Epoch 001 | Batch 11060 | K-values: K1=27, K10=17, K20=30, K50=34, K100=20
Epoch 001 | Batch 11070 | val_kld=0.749287 | val_ordacc@10=0.163170 | val_recall@10=0.577056
Epoch 001 | Batch 11070 | K-values: K1=27, K10=26, K20=33, K50=27, K100=15
Epoch 001 | Batch 11080 | val_kld=0.751008 | val_ordacc@10=0.161887 | val_recall@10=0.579366
Epoch 001 | Batch 11080 | K-values: K1=32, K10=24, K20=31, K50=14, K100=27
Epoch 001 | Batch 11090 | val_kld=0.751517 | val_ordacc@10=0.162989 | val_recall@10=0.578495
Epoch 001 | Batch 11090 | K-values: K1=35, K10=31, K20=24, K50=20, K100=18
Epoch 001 | Batch 11100 | val_kld=0.748788 | val_ordacc@10=0.163890 | val_recall@10=0.576461
Epoch 001 | Batch 11100 | K-values: K1=20, K10=31, K20=27, K50=26, K100=24
Epoch 001 | Batch 11110 | val_kld=0.751825 | val_ordacc@10=0.162551 | val_recall@10=0.575197
Epoch 001 | Batch 11110 | K-values: K1=26, K10=28, K20=20, K50=31, K100=23
Epoch 001 | Batch 11120 | val_kld=0.749476 | val_ordacc@10=0.162048 | val_recall@10=0.578606
Epoch 001 | Batch 11120 | K-values: K1=37, K10=24, K20=19, K50=24, K100=24
Epoch 001 | Batch 11130 | val_kld=0.747442 | val_ordacc@10=0.165936 | val_recall@10=0.582273
Epoch 001 | Batch 11130 | K-values: K1=24, K10=29, K20=27, K50=19, K100=29
Epoch 001 | Batch 11140 | val_kld=0.748649 | val_ordacc@10=0.163295 | val_recall@10=0.583896
Epoch 001 | Batch 11140 | K-values: K1=26, K10=25, K20=24, K50=31, K100=22
Epoch 001 | Batch 11150 | val_kld=0.746930 | val_ordacc@10=0.163808 | val_recall@10=0.578409
Epoch 001 | Batch 11150 | K-values: K1=23, K10=22, K20=31, K50=27, K100=25
Epoch 001 | Batch 11160 | val_kld=0.748866 | val_ordacc@10=0.162488 | val_recall@10=0.575275
Epoch 001 | Batch 11160 | K-values: K1=23, K10=26, K20=15, K50=30, K100=34
Epoch 001 | Batch 11170 | val_kld=0.748025 | val_ordacc@10=0.163643 | val_recall@10=0.576947
Epoch 001 | Batch 11170 | K-values: K1=34, K10=24, K20=29, K50=18, K100=23
Epoch 001 | Batch 11180 | val_kld=0.754149 | val_ordacc@10=0.160219 | val_recall@10=0.576853
Epoch 001 | Batch 11180 | K-values: K1=22, K10=28, K20=30, K50=22, K100=26
Epoch 001 | Batch 11190 | val_kld=0.751164 | val_ordacc@10=0.163131 | val_recall@10=0.576279
Epoch 001 | Batch 11190 | K-values: K1=25, K10=27, K20=21, K50=38, K100=17
Epoch 001 | Batch 11200 | val_kld=0.748410 | val_ordacc@10=0.163533 | val_recall@10=0.579911
Epoch 001 | Batch 11200 | K-values: K1=33, K10=20, K20=25, K50=25, K100=25
Epoch 001 | Batch 11210 | val_kld=0.746027 | val_ordacc@10=0.163728 | val_recall@10=0.584215
Epoch 001 | Batch 11210 | K-values: K1=31, K10=26, K20=22, K50=25, K100=24
Epoch 001 | Batch 11220 | val_kld=0.749676 | val_ordacc@10=0.161908 | val_recall@10=0.581426
Epoch 001 | Batch 11220 | K-values: K1=25, K10=20, K20=31, K50=30, K100=22
Epoch 001 | Batch 11230 | val_kld=0.750063 | val_ordacc@10=0.162494 | val_recall@10=0.580532
Epoch 001 | Batch 11230 | K-values: K1=25, K10=21, K20=34, K50=25, K100=23
Epoch 001 | Batch 11240 | val_kld=0.756804 | val_ordacc@10=0.161249 | val_recall@10=0.573074
Epoch 001 | Batch 11240 | K-values: K1=29, K10=22, K20=22, K50=32, K100=23
Epoch 001 | Batch 11250 | val_kld=0.746046 | val_ordacc@10=0.163877 | val_recall@10=0.576399
Epoch 001 | Batch 11250 | K-values: K1=36, K10=34, K20=18, K50=19, K100=21
Epoch 001 | Batch 11260 | val_kld=0.747768 | val_ordacc@10=0.163140 | val_recall@10=0.576581
Epoch 001 | Batch 11260 | K-values: K1=19, K10=23, K20=30, K50=34, K100=22
Epoch 001 | Batch 11270 | val_kld=0.756897 | val_ordacc@10=0.161603 | val_recall@10=0.582750
Epoch 001 | Batch 11270 | K-values: K1=28, K10=30, K20=21, K50=24, K100=25
Epoch 001 | Batch 11280 | val_kld=0.754479 | val_ordacc@10=0.160215 | val_recall@10=0.574996
Epoch 001 | Batch 11280 | K-values: K1=30, K10=19, K20=26, K50=22, K100=31
Epoch 001 | Batch 11290 | val_kld=0.752669 | val_ordacc@10=0.163071 | val_recall@10=0.577598
Epoch 001 | Batch 11290 | K-values: K1=26, K10=22, K20=28, K50=24, K100=28
Epoch 001 | Batch 11300 | val_kld=0.752737 | val_ordacc@10=0.162862 | val_recall@10=0.579710
Epoch 001 | Batch 11300 | K-values: K1=21, K10=21, K20=24, K50=26, K100=36
Epoch 001 | Batch 11310 | val_kld=0.748343 | val_ordacc@10=0.164177 | val_recall@10=0.582813
Epoch 001 | Batch 11310 | K-values: K1=27, K10=30, K20=17, K50=31, K100=23
Epoch 001 | Batch 11320 | val_kld=0.755089 | val_ordacc@10=0.162170 | val_recall@10=0.580892
Epoch 001 | Batch 11320 | K-values: K1=28, K10=27, K20=28, K50=13, K100=32
Epoch 001 | Batch 11330 | val_kld=0.751294 | val_ordacc@10=0.160844 | val_recall@10=0.581606
Epoch 001 | Batch 11330 | K-values: K1=21, K10=31, K20=22, K50=31, K100=23
Epoch 001 | Batch 11340 | val_kld=0.749835 | val_ordacc@10=0.165178 | val_recall@10=0.579985
Epoch 001 | Batch 11340 | K-values: K1=24, K10=34, K20=22, K50=20, K100=28
Epoch 001 | Batch 11350 | val_kld=0.747461 | val_ordacc@10=0.163010 | val_recall@10=0.575654
Epoch 001 | Batch 11350 | K-values: K1=20, K10=31, K20=26, K50=28, K100=23
Epoch 001 | Batch 11360 | val_kld=0.746577 | val_ordacc@10=0.164473 | val_recall@10=0.576594
Epoch 001 | Batch 11360 | K-values: K1=23, K10=29, K20=28, K50=27, K100=21
Epoch 001 | Batch 11370 | val_kld=0.741773 | val_ordacc@10=0.165685 | val_recall@10=0.580572
Epoch 001 | Batch 11370 | K-values: K1=19, K10=30, K20=29, K50=21, K100=29
Epoch 001 | Batch 11380 | val_kld=0.742408 | val_ordacc@10=0.167129 | val_recall@10=0.579506
Epoch 001 | Batch 11380 | K-values: K1=27, K10=30, K20=28, K50=18, K100=25
Epoch 001 | Batch 11390 | val_kld=0.745420 | val_ordacc@10=0.163740 | val_recall@10=0.579247
Epoch 001 | Batch 11390 | K-values: K1=14, K10=26, K20=24, K50=33, K100=31
Epoch 001 | Batch 11400 | val_kld=0.755458 | val_ordacc@10=0.160889 | val_recall@10=0.574567
Epoch 001 | Batch 11400 | K-values: K1=28, K10=22, K20=27, K50=21, K100=30
Epoch 001 | Batch 11410 | val_kld=0.747956 | val_ordacc@10=0.163922 | val_recall@10=0.577342
Epoch 001 | Batch 11410 | K-values: K1=31, K10=19, K20=28, K50=25, K100=25
Epoch 001 | Batch 11420 | val_kld=0.751600 | val_ordacc@10=0.162843 | val_recall@10=0.580716
Epoch 001 | Batch 11420 | K-values: K1=23, K10=26, K20=27, K50=27, K100=25
Epoch 001 | Batch 11430 | val_kld=0.750897 | val_ordacc@10=0.163383 | val_recall@10=0.580698
Epoch 001 | Batch 11430 | K-values: K1=30, K10=28, K20=20, K50=30, K100=20
Epoch 001 | Batch 11440 | val_kld=0.748051 | val_ordacc@10=0.163120 | val_recall@10=0.577838
Epoch 001 | Batch 11440 | K-values: K1=21, K10=30, K20=29, K50=21, K100=27
Epoch 001 | Batch 11450 | val_kld=0.750466 | val_ordacc@10=0.162022 | val_recall@10=0.574888
Epoch 001 | Batch 11450 | K-values: K1=26, K10=27, K20=26, K50=25, K100=24
Epoch 001 | Batch 11460 | val_kld=0.750911 | val_ordacc@10=0.163775 | val_recall@10=0.583247
Epoch 001 | Batch 11460 | K-values: K1=29, K10=22, K20=32, K50=27, K100=18
Epoch 001 | Batch 11470 | val_kld=0.758405 | val_ordacc@10=0.160628 | val_recall@10=0.582782
Epoch 001 | Batch 11470 | K-values: K1=21, K10=23, K20=22, K50=32, K100=30
Epoch 001 | Batch 11480 | val_kld=0.749626 | val_ordacc@10=0.164347 | val_recall@10=0.580656
Epoch 001 | Batch 11480 | K-values: K1=21, K10=22, K20=26, K50=24, K100=35
Epoch 001 | Batch 11490 | val_kld=0.748014 | val_ordacc@10=0.163796 | val_recall@10=0.582558
Epoch 001 | Batch 11490 | K-values: K1=31, K10=28, K20=24, K50=25, K100=20
Epoch 001 | Batch 11500 | val_kld=0.757287 | val_ordacc@10=0.160835 | val_recall@10=0.580257
Epoch 001 | Batch 11500 | K-values: K1=21, K10=26, K20=28, K50=23, K100=30
Epoch 001 | Batch 11510 | val_kld=0.752219 | val_ordacc@10=0.161445 | val_recall@10=0.576411
Epoch 001 | Batch 11510 | K-values: K1=23, K10=22, K20=22, K50=30, K100=31
Epoch 001 | Batch 11520 | val_kld=0.755994 | val_ordacc@10=0.160781 | val_recall@10=0.577426
Epoch 001 | Batch 11520 | K-values: K1=28, K10=21, K20=22, K50=30, K100=27
Epoch 001 | Batch 11530 | val_kld=0.754388 | val_ordacc@10=0.161027 | val_recall@10=0.578204
Epoch 001 | Batch 11530 | K-values: K1=30, K10=25, K20=22, K50=18, K100=33
Epoch 001 | Batch 11540 | val_kld=0.753990 | val_ordacc@10=0.162470 | val_recall@10=0.577100
Epoch 001 | Batch 11540 | K-values: K1=23, K10=21, K20=27, K50=25, K100=32
Epoch 001 | Batch 11550 | val_kld=0.750222 | val_ordacc@10=0.163935 | val_recall@10=0.577865
Epoch 001 | Batch 11550 | K-values: K1=24, K10=27, K20=26, K50=27, K100=24
Epoch 001 | Batch 11560 | val_kld=0.751557 | val_ordacc@10=0.162858 | val_recall@10=0.582127
Epoch 001 | Batch 11560 | K-values: K1=28, K10=21, K20=22, K50=31, K100=26
Epoch 001 | Batch 11570 | val_kld=0.751701 | val_ordacc@10=0.161584 | val_recall@10=0.578966
Epoch 001 | Batch 11570 | K-values: K1=25, K10=22, K20=27, K50=31, K100=23
Epoch 001 | Batch 11580 | val_kld=0.750734 | val_ordacc@10=0.162124 | val_recall@10=0.580604
Epoch 001 | Batch 11580 | K-values: K1=24, K10=24, K20=31, K50=27, K100=22
Epoch 001 | Batch 11590 | val_kld=0.751018 | val_ordacc@10=0.161892 | val_recall@10=0.575394
Epoch 001 | Batch 11590 | K-values: K1=25, K10=20, K20=28, K50=33, K100=22
Epoch 001 | Batch 11600 | val_kld=0.749718 | val_ordacc@10=0.163967 | val_recall@10=0.579850
Epoch 001 | Batch 11600 | K-values: K1=31, K10=22, K20=29, K50=25, K100=21
Epoch 001 | Batch 11610 | val_kld=0.743095 | val_ordacc@10=0.164646 | val_recall@10=0.574365
Epoch 001 | Batch 11610 | K-values: K1=24, K10=26, K20=22, K50=33, K100=23
Epoch 001 | Batch 11620 | val_kld=0.749478 | val_ordacc@10=0.162358 | val_recall@10=0.577327
Epoch 001 | Batch 11620 | K-values: K1=22, K10=37, K20=27, K50=23, K100=19
Epoch 001 | Batch 11630 | val_kld=0.750453 | val_ordacc@10=0.161594 | val_recall@10=0.580017
Epoch 001 | Batch 11630 | K-values: K1=29, K10=22, K20=32, K50=27, K100=18
Epoch 001 | Batch 11640 | val_kld=0.749643 | val_ordacc@10=0.162412 | val_recall@10=0.576128
Epoch 001 | Batch 11640 | K-values: K1=24, K10=27, K20=22, K50=27, K100=28
Epoch 001 | Batch 11650 | val_kld=0.741255 | val_ordacc@10=0.166708 | val_recall@10=0.579940
Epoch 001 | Batch 11650 | K-values: K1=21, K10=28, K20=28, K50=27, K100=24
Epoch 001 | Batch 11660 | val_kld=0.746777 | val_ordacc@10=0.165135 | val_recall@10=0.578231
Epoch 001 | Batch 11660 | K-values: K1=29, K10=27, K20=14, K50=27, K100=31
Epoch 001 | Batch 11670 | val_kld=0.753025 | val_ordacc@10=0.161413 | val_recall@10=0.576648
Epoch 001 | Batch 11670 | K-values: K1=22, K10=31, K20=21, K50=21, K100=33
Epoch 001 | Batch 11680 | val_kld=0.752977 | val_ordacc@10=0.163120 | val_recall@10=0.581578
Epoch 001 | Batch 11680 | K-values: K1=25, K10=28, K20=26, K50=18, K100=31
Epoch 001 | Batch 11690 | val_kld=0.753013 | val_ordacc@10=0.162315 | val_recall@10=0.577996
Epoch 001 | Batch 11690 | K-values: K1=20, K10=27, K20=34, K50=17, K100=30
Epoch 001 | Batch 11700 | val_kld=0.746904 | val_ordacc@10=0.166014 | val_recall@10=0.582161
Epoch 001 | Batch 11700 | K-values: K1=29, K10=26, K20=30, K50=24, K100=19
Epoch 001 | Batch 11710 | val_kld=0.747355 | val_ordacc@10=0.163540 | val_recall@10=0.577508
Epoch 001 | Batch 11710 | K-values: K1=30, K10=26, K20=29, K50=26, K100=17
Epoch 001 | Batch 11720 | val_kld=0.746528 | val_ordacc@10=0.163690 | val_recall@10=0.574046
Epoch 001 | Batch 11720 | K-values: K1=22, K10=22, K20=28, K50=26, K100=30
Epoch 001 | Batch 11730 | val_kld=0.750385 | val_ordacc@10=0.162158 | val_recall@10=0.576182
Epoch 001 | Batch 11730 | K-values: K1=25, K10=20, K20=25, K50=23, K100=35
Epoch 001 | Batch 11740 | val_kld=0.744976 | val_ordacc@10=0.164511 | val_recall@10=0.578325
Epoch 001 | Batch 11740 | K-values: K1=33, K10=29, K20=23, K50=22, K100=21
Epoch 001 | Batch 11750 | val_kld=0.751867 | val_ordacc@10=0.162157 | val_recall@10=0.580675
Epoch 001 | Batch 11750 | K-values: K1=23, K10=24, K20=28, K50=24, K100=29
Epoch 001 | Batch 11760 | val_kld=0.745236 | val_ordacc@10=0.164511 | val_recall@10=0.585250
Epoch 001 | Batch 11760 | K-values: K1=28, K10=26, K20=25, K50=25, K100=24
Epoch 001 | Batch 11770 | val_kld=0.745957 | val_ordacc@10=0.164172 | val_recall@10=0.579127
Epoch 001 | Batch 11770 | K-values: K1=23, K10=23, K20=21, K50=28, K100=33
Epoch 001 | Batch 11780 | val_kld=0.745273 | val_ordacc@10=0.163926 | val_recall@10=0.577844
Epoch 001 | Batch 11780 | K-values: K1=30, K10=20, K20=26, K50=25, K100=27
Epoch 001 | Batch 11790 | val_kld=0.745205 | val_ordacc@10=0.164580 | val_recall@10=0.581078
Epoch 001 | Batch 11790 | K-values: K1=15, K10=26, K20=25, K50=27, K100=35
Epoch 001 | Batch 11800 | val_kld=0.747141 | val_ordacc@10=0.164013 | val_recall@10=0.576209
Epoch 001 | Batch 11800 | K-values: K1=25, K10=30, K20=30, K50=15, K100=28
Epoch 001 | Batch 11810 | val_kld=0.745234 | val_ordacc@10=0.164648 | val_recall@10=0.580338
Epoch 001 | Batch 11810 | K-values: K1=36, K10=28, K20=30, K50=17, K100=17
Epoch 001 | Batch 11820 | val_kld=0.747416 | val_ordacc@10=0.162629 | val_recall@10=0.577886
Epoch 001 | Batch 11820 | K-values: K1=28, K10=20, K20=25, K50=24, K100=31
Epoch 001 | Batch 11830 | val_kld=0.748424 | val_ordacc@10=0.163756 | val_recall@10=0.579310
Epoch 001 | Batch 11830 | K-values: K1=36, K10=28, K20=29, K50=20, K100=15
Epoch 001 | Batch 11840 | val_kld=0.753212 | val_ordacc@10=0.160700 | val_recall@10=0.581818
Epoch 001 | Batch 11840 | K-values: K1=24, K10=33, K20=23, K50=25, K100=23
Epoch 001 | Batch 11850 | val_kld=0.743639 | val_ordacc@10=0.165327 | val_recall@10=0.580364
Epoch 001 | Batch 11850 | K-values: K1=27, K10=29, K20=21, K50=24, K100=27
Epoch 001 | Batch 11860 | val_kld=0.745981 | val_ordacc@10=0.163344 | val_recall@10=0.578776
Epoch 001 | Batch 11860 | K-values: K1=23, K10=24, K20=26, K50=28, K100=27
Epoch 001 | Batch 11870 | val_kld=0.753413 | val_ordacc@10=0.161003 | val_recall@10=0.580774
Epoch 001 | Batch 11870 | K-values: K1=32, K10=30, K20=18, K50=21, K100=27
Epoch 001 | Batch 11880 | val_kld=0.753433 | val_ordacc@10=0.163244 | val_recall@10=0.578160
Epoch 001 | Batch 11880 | K-values: K1=28, K10=24, K20=18, K50=27, K100=31
Epoch 001 | Batch 11890 | val_kld=0.751274 | val_ordacc@10=0.163564 | val_recall@10=0.578595
Epoch 001 | Batch 11890 | K-values: K1=29, K10=31, K20=24, K50=20, K100=24
Epoch 001 | Batch 11900 | val_kld=0.747920 | val_ordacc@10=0.163126 | val_recall@10=0.579468
Epoch 001 | Batch 11900 | K-values: K1=23, K10=28, K20=19, K50=24, K100=34
Epoch 001 | Batch 11910 | val_kld=0.744268 | val_ordacc@10=0.165000 | val_recall@10=0.582765
Epoch 001 | Batch 11910 | K-values: K1=32, K10=27, K20=28, K50=19, K100=22
Epoch 001 | Batch 11920 | val_kld=0.743555 | val_ordacc@10=0.165041 | val_recall@10=0.581158
Epoch 001 | Batch 11920 | K-values: K1=26, K10=24, K20=28, K50=24, K100=26
Epoch 001 | Batch 11930 | val_kld=0.745371 | val_ordacc@10=0.163991 | val_recall@10=0.581253
Epoch 001 | Batch 11930 | K-values: K1=23, K10=28, K20=25, K50=34, K100=18
Epoch 001 | Batch 11940 | val_kld=0.741554 | val_ordacc@10=0.165660 | val_recall@10=0.582292
Epoch 001 | Batch 11940 | K-values: K1=33, K10=23, K20=24, K50=23, K100=25
Epoch 001 | Batch 11950 | val_kld=0.747095 | val_ordacc@10=0.163949 | val_recall@10=0.584936
Epoch 001 | Batch 11950 | K-values: K1=28, K10=25, K20=24, K50=26, K100=25
Epoch 001 | Batch 11960 | val_kld=0.739288 | val_ordacc@10=0.167029 | val_recall@10=0.582670
Epoch 001 | Batch 11960 | K-values: K1=28, K10=28, K20=19, K50=21, K100=32
Epoch 001 | Batch 11970 | val_kld=0.742886 | val_ordacc@10=0.165076 | val_recall@10=0.579663
Epoch 001 | Batch 11970 | K-values: K1=21, K10=21, K20=30, K50=20, K100=36
Epoch 001 | Batch 11980 | val_kld=0.739281 | val_ordacc@10=0.165940 | val_recall@10=0.581490
Epoch 001 | Batch 11980 | K-values: K1=21, K10=28, K20=35, K50=21, K100=23
Epoch 001 | Batch 11990 | val_kld=0.750539 | val_ordacc@10=0.163632 | val_recall@10=0.576848
Epoch 001 | Batch 11990 | K-values: K1=31, K10=20, K20=32, K50=29, K100=16
Epoch 001 | Batch 12000 | val_kld=0.743942 | val_ordacc@10=0.165375 | val_recall@10=0.580554
Epoch 001 | Batch 12000 | K-values: K1=42, K10=19, K20=26, K50=22, K100=19
Epoch 001 | Batch 12010 | val_kld=0.745849 | val_ordacc@10=0.164151 | val_recall@10=0.576306
Epoch 001 | Batch 12010 | K-values: K1=33, K10=22, K20=14, K50=25, K100=34
Epoch 001 | Batch 12020 | val_kld=0.740392 | val_ordacc@10=0.164711 | val_recall@10=0.579256
Epoch 001 | Batch 12020 | K-values: K1=22, K10=29, K20=25, K50=29, K100=23
Epoch 001 | Batch 12030 | val_kld=0.747728 | val_ordacc@10=0.162427 | val_recall@10=0.579250
Epoch 001 | Batch 12030 | K-values: K1=38, K10=21, K20=22, K50=24, K100=23
Epoch 001 | Batch 12040 | val_kld=0.746862 | val_ordacc@10=0.163110 | val_recall@10=0.580632
Epoch 001 | Batch 12040 | K-values: K1=29, K10=27, K20=23, K50=27, K100=22
Epoch 001 | Batch 12050 | val_kld=0.740843 | val_ordacc@10=0.166866 | val_recall@10=0.583501
Epoch 001 | Batch 12050 | K-values: K1=35, K10=17, K20=21, K50=23, K100=32
Epoch 001 | Batch 12060 | val_kld=0.742984 | val_ordacc@10=0.165746 | val_recall@10=0.580903
Epoch 001 | Batch 12060 | K-values: K1=30, K10=21, K20=31, K50=17, K100=29
Epoch 001 | Batch 12070 | val_kld=0.744789 | val_ordacc@10=0.164479 | val_recall@10=0.578044
Epoch 001 | Batch 12070 | K-values: K1=16, K10=28, K20=22, K50=37, K100=25
Epoch 001 | Batch 12080 | val_kld=0.749124 | val_ordacc@10=0.161804 | val_recall@10=0.575814
Epoch 001 | Batch 12080 | K-values: K1=26, K10=35, K20=20, K50=21, K100=26
Epoch 001 | Batch 12090 | val_kld=0.749005 | val_ordacc@10=0.162980 | val_recall@10=0.578476
Epoch 001 | Batch 12090 | K-values: K1=21, K10=32, K20=23, K50=28, K100=24
Epoch 001 | Batch 12100 | val_kld=0.742117 | val_ordacc@10=0.165521 | val_recall@10=0.580637
Epoch 001 | Batch 12100 | K-values: K1=32, K10=21, K20=30, K50=22, K100=23
Epoch 001 | Batch 12110 | val_kld=0.748895 | val_ordacc@10=0.162942 | val_recall@10=0.575268
Epoch 001 | Batch 12110 | K-values: K1=26, K10=28, K20=29, K50=19, K100=26
Epoch 001 | Batch 12120 | val_kld=0.746014 | val_ordacc@10=0.165144 | val_recall@10=0.581040
Epoch 001 | Batch 12120 | K-values: K1=31, K10=21, K20=26, K50=26, K100=24
Epoch 001 | Batch 12130 | val_kld=0.745694 | val_ordacc@10=0.164715 | val_recall@10=0.577413
Epoch 001 | Batch 12130 | K-values: K1=34, K10=27, K20=30, K50=22, K100=15
Epoch 001 | Batch 12140 | val_kld=0.747562 | val_ordacc@10=0.163302 | val_recall@10=0.580073
Epoch 001 | Batch 12140 | K-values: K1=19, K10=22, K20=28, K50=28, K100=31
Epoch 001 | Batch 12150 | val_kld=0.752389 | val_ordacc@10=0.162188 | val_recall@10=0.577410
Epoch 001 | Batch 12150 | K-values: K1=26, K10=25, K20=28, K50=20, K100=29
Epoch 001 | Batch 12160 | val_kld=0.743178 | val_ordacc@10=0.165722 | val_recall@10=0.579155
Epoch 001 | Batch 12160 | K-values: K1=31, K10=24, K20=24, K50=21, K100=28
Epoch 001 | Batch 12170 | val_kld=0.746431 | val_ordacc@10=0.164144 | val_recall@10=0.581699
Epoch 001 | Batch 12170 | K-values: K1=17, K10=32, K20=32, K50=24, K100=23
Epoch 001 | Batch 12180 | val_kld=0.744315 | val_ordacc@10=0.165354 | val_recall@10=0.582018
Epoch 001 | Batch 12180 | K-values: K1=28, K10=29, K20=31, K50=16, K100=24
Epoch 001 | Batch 12190 | val_kld=0.742363 | val_ordacc@10=0.164800 | val_recall@10=0.580128
Epoch 001 | Batch 12190 | K-values: K1=23, K10=30, K20=26, K50=25, K100=24
Epoch 001 | Batch 12200 | val_kld=0.745085 | val_ordacc@10=0.164995 | val_recall@10=0.577922
Epoch 001 | Batch 12200 | K-values: K1=20, K10=30, K20=26, K50=22, K100=30
Epoch 001 | Batch 12210 | val_kld=0.750818 | val_ordacc@10=0.161868 | val_recall@10=0.578919
Epoch 001 | Batch 12210 | K-values: K1=31, K10=22, K20=20, K50=27, K100=28
Epoch 001 | Batch 12220 | val_kld=0.753174 | val_ordacc@10=0.161634 | val_recall@10=0.577112
Epoch 001 | Batch 12220 | K-values: K1=26, K10=27, K20=24, K50=26, K100=25
Epoch 001 | Batch 12230 | val_kld=0.746550 | val_ordacc@10=0.164127 | val_recall@10=0.580670
Epoch 001 | Batch 12230 | K-values: K1=30, K10=31, K20=16, K50=22, K100=29
Epoch 001 | Batch 12240 | val_kld=0.744985 | val_ordacc@10=0.164685 | val_recall@10=0.584893
Epoch 001 | Batch 12240 | K-values: K1=35, K10=27, K20=23, K50=20, K100=23
Epoch 001 | Batch 12250 | val_kld=0.746852 | val_ordacc@10=0.164692 | val_recall@10=0.581184
Epoch 001 | Batch 12250 | K-values: K1=20, K10=22, K20=28, K50=31, K100=27
Epoch 001 | Batch 12260 | val_kld=0.744790 | val_ordacc@10=0.164950 | val_recall@10=0.579642
Epoch 001 | Batch 12260 | K-values: K1=24, K10=27, K20=23, K50=26, K100=28
Epoch 001 | Batch 12270 | val_kld=0.749088 | val_ordacc@10=0.162752 | val_recall@10=0.577306
Epoch 001 | Batch 12270 | K-values: K1=29, K10=24, K20=27, K50=29, K100=19
Epoch 001 | Batch 12280 | val_kld=0.744121 | val_ordacc@10=0.164020 | val_recall@10=0.578102
Epoch 001 | Batch 12280 | K-values: K1=24, K10=29, K20=30, K50=24, K100=21
Epoch 001 | Batch 12290 | val_kld=0.749248 | val_ordacc@10=0.162879 | val_recall@10=0.575900
Epoch 001 | Batch 12290 | K-values: K1=23, K10=27, K20=21, K50=31, K100=26
Epoch 001 | Batch 12300 | val_kld=0.746790 | val_ordacc@10=0.164399 | val_recall@10=0.582391
Epoch 001 | Batch 12300 | K-values: K1=28, K10=26, K20=23, K50=34, K100=17
Epoch 001 | Batch 12310 | val_kld=0.744691 | val_ordacc@10=0.164600 | val_recall@10=0.575388
Epoch 001 | Batch 12310 | K-values: K1=28, K10=17, K20=27, K50=27, K100=29
Epoch 001 | Batch 12320 | val_kld=0.744239 | val_ordacc@10=0.165521 | val_recall@10=0.584143
Epoch 001 | Batch 12320 | K-values: K1=32, K10=28, K20=23, K50=16, K100=29
Epoch 001 | Batch 12330 | val_kld=0.746359 | val_ordacc@10=0.163880 | val_recall@10=0.580553
Epoch 001 | Batch 12330 | K-values: K1=34, K10=26, K20=20, K50=27, K100=21
Epoch 001 | Batch 12340 | val_kld=0.753538 | val_ordacc@10=0.162292 | val_recall@10=0.580247
Epoch 001 | Batch 12340 | K-values: K1=19, K10=26, K20=20, K50=31, K100=32
Epoch 001 | Batch 12350 | val_kld=0.751346 | val_ordacc@10=0.161106 | val_recall@10=0.581372
Epoch 001 | Batch 12350 | K-values: K1=26, K10=20, K20=32, K50=20, K100=30
Epoch 001 | Batch 12360 | val_kld=0.745410 | val_ordacc@10=0.163862 | val_recall@10=0.580879
Epoch 001 | Batch 12360 | K-values: K1=30, K10=23, K20=19, K50=25, K100=31
Epoch 001 | Batch 12370 | val_kld=0.746426 | val_ordacc@10=0.163500 | val_recall@10=0.582210
Epoch 001 | Batch 12370 | K-values: K1=21, K10=26, K20=28, K50=31, K100=22
Epoch 001 | Batch 12380 | val_kld=0.745647 | val_ordacc@10=0.164172 | val_recall@10=0.577516
Epoch 001 | Batch 12380 | K-values: K1=20, K10=28, K20=29, K50=23, K100=28
Epoch 001 | Batch 12390 | val_kld=0.749472 | val_ordacc@10=0.163956 | val_recall@10=0.581664
Epoch 001 | Batch 12390 | K-values: K1=24, K10=26, K20=29, K50=26, K100=23
Epoch 001 | Batch 12400 | val_kld=0.745713 | val_ordacc@10=0.163845 | val_recall@10=0.579873
Epoch 001 | Batch 12400 | K-values: K1=32, K10=22, K20=25, K50=31, K100=18
Epoch 001 | Batch 12410 | val_kld=0.746374 | val_ordacc@10=0.164371 | val_recall@10=0.579256
Epoch 001 | Batch 12410 | K-values: K1=18, K10=32, K20=28, K50=25, K100=25
Epoch 001 | Batch 12420 | val_kld=0.746667 | val_ordacc@10=0.163079 | val_recall@10=0.583781
Epoch 001 | Batch 12420 | K-values: K1=17, K10=25, K20=23, K50=29, K100=34
Epoch 001 | Batch 12430 | val_kld=0.743612 | val_ordacc@10=0.164448 | val_recall@10=0.581645
Epoch 001 | Batch 12430 | K-values: K1=14, K10=25, K20=40, K50=28, K100=21
Epoch 001 | Batch 12440 | val_kld=0.749959 | val_ordacc@10=0.163535 | val_recall@10=0.582552
Epoch 001 | Batch 12440 | K-values: K1=16, K10=36, K20=22, K50=31, K100=23
Epoch 001 | Batch 12450 | val_kld=0.747356 | val_ordacc@10=0.164344 | val_recall@10=0.583172
Epoch 001 | Batch 12450 | K-values: K1=22, K10=27, K20=20, K50=27, K100=32
Epoch 001 | Batch 12460 | val_kld=0.744539 | val_ordacc@10=0.163561 | val_recall@10=0.573934
Epoch 001 | Batch 12460 | K-values: K1=25, K10=28, K20=31, K50=27, K100=17
Epoch 001 | Batch 12470 | val_kld=0.746727 | val_ordacc@10=0.163290 | val_recall@10=0.578030
Epoch 001 | Batch 12470 | K-values: K1=19, K10=29, K20=26, K50=26, K100=28
Epoch 001 | Batch 12480 | val_kld=0.750485 | val_ordacc@10=0.161503 | val_recall@10=0.578362
Epoch 001 | Batch 12480 | K-values: K1=28, K10=23, K20=27, K50=25, K100=25
Epoch 001 | Batch 12490 | val_kld=0.748740 | val_ordacc@10=0.163919 | val_recall@10=0.579520
Epoch 001 | Batch 12490 | K-values: K1=14, K10=25, K20=35, K50=21, K100=33
Epoch 001 | Batch 12500 | val_kld=0.745025 | val_ordacc@10=0.164640 | val_recall@10=0.585074
Epoch 001 | Batch 12500 | K-values: K1=20, K10=18, K20=29, K50=24, K100=37
Epoch 001 | Batch 12510 | val_kld=0.751718 | val_ordacc@10=0.161820 | val_recall@10=0.583152
Epoch 001 | Batch 12510 | K-values: K1=21, K10=31, K20=21, K50=28, K100=27
Epoch 001 | Batch 12520 | val_kld=0.743387 | val_ordacc@10=0.166401 | val_recall@10=0.583466
Epoch 001 | Batch 12520 | K-values: K1=19, K10=24, K20=32, K50=28, K100=25
Epoch 001 | Batch 12530 | val_kld=0.748335 | val_ordacc@10=0.163951 | val_recall@10=0.579242
Epoch 001 | Batch 12530 | K-values: K1=26, K10=23, K20=29, K50=27, K100=23
Epoch 001 | Batch 12540 | val_kld=0.748293 | val_ordacc@10=0.163792 | val_recall@10=0.580751
Epoch 001 | Batch 12540 | K-values: K1=30, K10=15, K20=26, K50=26, K100=31
Epoch 001 | Batch 12550 | val_kld=0.743066 | val_ordacc@10=0.165864 | val_recall@10=0.582498
Epoch 001 | Batch 12550 | K-values: K1=30, K10=19, K20=27, K50=24, K100=28
Epoch 001 | Batch 12560 | val_kld=0.750956 | val_ordacc@10=0.161887 | val_recall@10=0.575627
Epoch 001 | Batch 12560 | K-values: K1=28, K10=28, K20=19, K50=32, K100=21
Epoch 001 | Batch 12570 | val_kld=0.740532 | val_ordacc@10=0.165958 | val_recall@10=0.581034
Epoch 001 | Batch 12570 | K-values: K1=27, K10=24, K20=29, K50=16, K100=32
Epoch 001 | Batch 12580 | val_kld=0.740745 | val_ordacc@10=0.166370 | val_recall@10=0.579704
Epoch 001 | Batch 12580 | K-values: K1=23, K10=28, K20=23, K50=28, K100=26
Epoch 001 | Batch 12590 | val_kld=0.749186 | val_ordacc@10=0.161414 | val_recall@10=0.576123
Epoch 001 | Batch 12590 | K-values: K1=24, K10=31, K20=19, K50=30, K100=24
Epoch 001 | Batch 12600 | val_kld=0.748707 | val_ordacc@10=0.162432 | val_recall@10=0.580254
Epoch 001 | Batch 12600 | K-values: K1=28, K10=27, K20=26, K50=17, K100=30
Epoch 001 | Batch 12610 | val_kld=0.741983 | val_ordacc@10=0.166147 | val_recall@10=0.586512
Epoch 001 | Batch 12610 | K-values: K1=18, K10=20, K20=26, K50=28, K100=36
Epoch 001 | Batch 12620 | val_kld=0.747352 | val_ordacc@10=0.163669 | val_recall@10=0.579394
Epoch 001 | Batch 12620 | K-values: K1=25, K10=29, K20=25, K50=24, K100=25
Epoch 001 | Batch 12630 | val_kld=0.748918 | val_ordacc@10=0.163333 | val_recall@10=0.580993
Epoch 001 | Batch 12630 | K-values: K1=26, K10=29, K20=19, K50=25, K100=29
Epoch 001 | Batch 12640 | val_kld=0.749217 | val_ordacc@10=0.161672 | val_recall@10=0.574266
Epoch 001 | Batch 12640 | K-values: K1=31, K10=33, K20=24, K50=20, K100=20
Epoch 001 | Batch 12650 | val_kld=0.742170 | val_ordacc@10=0.163638 | val_recall@10=0.577738
Epoch 001 | Batch 12650 | K-values: K1=29, K10=26, K20=20, K50=26, K100=27
Epoch 001 | Batch 12660 | val_kld=0.746506 | val_ordacc@10=0.164411 | val_recall@10=0.581508
Epoch 001 | Batch 12660 | K-values: K1=26, K10=25, K20=29, K50=29, K100=19
Epoch 001 | Batch 12670 | val_kld=0.742334 | val_ordacc@10=0.163946 | val_recall@10=0.578596
Epoch 001 | Batch 12670 | K-values: K1=29, K10=19, K20=31, K50=25, K100=24
Epoch 001 | Batch 12680 | val_kld=0.747249 | val_ordacc@10=0.163105 | val_recall@10=0.579901
Epoch 001 | Batch 12680 | K-values: K1=28, K10=22, K20=38, K50=19, K100=21
Epoch 001 | Batch 12690 | val_kld=0.746492 | val_ordacc@10=0.164865 | val_recall@10=0.578794
Epoch 001 | Batch 12690 | K-values: K1=18, K10=28, K20=33, K50=21, K100=28
Epoch 001 | Batch 12700 | val_kld=0.742734 | val_ordacc@10=0.166538 | val_recall@10=0.580114
Epoch 001 | Batch 12700 | K-values: K1=32, K10=17, K20=29, K50=26, K100=24
Epoch 001 | Batch 12710 | val_kld=0.744984 | val_ordacc@10=0.162699 | val_recall@10=0.578016
Epoch 001 | Batch 12710 | K-values: K1=22, K10=28, K20=34, K50=11, K100=33
Epoch 001 | Batch 12720 | val_kld=0.737922 | val_ordacc@10=0.166719 | val_recall@10=0.580341
Epoch 001 | Batch 12720 | K-values: K1=25, K10=26, K20=22, K50=23, K100=32
Epoch 001 | Batch 12730 | val_kld=0.745706 | val_ordacc@10=0.163559 | val_recall@10=0.583330
Epoch 001 | Batch 12730 | K-values: K1=23, K10=27, K20=30, K50=24, K100=24
Epoch 001 | Batch 12740 | val_kld=0.745801 | val_ordacc@10=0.164771 | val_recall@10=0.577994
Epoch 001 | Batch 12740 | K-values: K1=20, K10=27, K20=23, K50=28, K100=30
Epoch 001 | Batch 12750 | val_kld=0.744729 | val_ordacc@10=0.165050 | val_recall@10=0.578768
Epoch 001 | Batch 12750 | K-values: K1=25, K10=26, K20=18, K50=31, K100=28
Epoch 001 | Batch 12760 | val_kld=0.743604 | val_ordacc@10=0.164694 | val_recall@10=0.580495
Epoch 001 | Batch 12760 | K-values: K1=23, K10=27, K20=27, K50=32, K100=19
Epoch 001 | Batch 12770 | val_kld=0.754135 | val_ordacc@10=0.162196 | val_recall@10=0.581884
Epoch 001 | Batch 12770 | K-values: K1=29, K10=32, K20=27, K50=18, K100=22
Epoch 001 | Batch 12780 | val_kld=0.744053 | val_ordacc@10=0.165339 | val_recall@10=0.575302
Epoch 001 | Batch 12780 | K-values: K1=23, K10=19, K20=21, K50=33, K100=32
Epoch 001 | Batch 12790 | val_kld=0.739763 | val_ordacc@10=0.165832 | val_recall@10=0.579544
Epoch 001 | Batch 12790 | K-values: K1=19, K10=26, K20=27, K50=28, K100=28
Epoch 001 | Batch 12800 | val_kld=0.745284 | val_ordacc@10=0.163462 | val_recall@10=0.581572
Epoch 001 | Batch 12800 | K-values: K1=30, K10=25, K20=23, K50=27, K100=23
Epoch 001 | Batch 12810 | val_kld=0.738846 | val_ordacc@10=0.166463 | val_recall@10=0.582582
Epoch 001 | Batch 12810 | K-values: K1=23, K10=22, K20=27, K50=27, K100=29
Epoch 001 | Batch 12820 | val_kld=0.743813 | val_ordacc@10=0.162231 | val_recall@10=0.575591
Epoch 001 | Batch 12820 | K-values: K1=33, K10=26, K20=31, K50=24, K100=14
Epoch 001 | Batch 12830 | val_kld=0.742559 | val_ordacc@10=0.164917 | val_recall@10=0.579229
Epoch 001 | Batch 12830 | K-values: K1=32, K10=21, K20=26, K50=24, K100=25
Epoch 001 | Batch 12840 | val_kld=0.740768 | val_ordacc@10=0.166623 | val_recall@10=0.585321
Epoch 001 | Batch 12840 | K-values: K1=21, K10=34, K20=25, K50=22, K100=26
Epoch 001 | Batch 12850 | val_kld=0.749557 | val_ordacc@10=0.162542 | val_recall@10=0.574984
Epoch 001 | Batch 12850 | K-values: K1=23, K10=28, K20=26, K50=25, K100=26
Epoch 001 | Batch 12860 | val_kld=0.746079 | val_ordacc@10=0.163277 | val_recall@10=0.579633
Epoch 001 | Batch 12860 | K-values: K1=27, K10=31, K20=22, K50=26, K100=22
Epoch 001 | Batch 12870 | val_kld=0.741858 | val_ordacc@10=0.166145 | val_recall@10=0.581205
Epoch 001 | Batch 12870 | K-values: K1=22, K10=28, K20=26, K50=27, K100=25
Epoch 001 | Batch 12880 | val_kld=0.756572 | val_ordacc@10=0.159660 | val_recall@10=0.572174
Epoch 001 | Batch 12880 | K-values: K1=29, K10=26, K20=16, K50=32, K100=25
Epoch 001 | Batch 12890 | val_kld=0.744585 | val_ordacc@10=0.163906 | val_recall@10=0.579038
Epoch 001 | Batch 12890 | K-values: K1=25, K10=32, K20=22, K50=27, K100=22
Epoch 001 | Batch 12900 | val_kld=0.742895 | val_ordacc@10=0.164628 | val_recall@10=0.581376
Epoch 001 | Batch 12900 | K-values: K1=21, K10=28, K20=32, K50=23, K100=24
Epoch 001 | Batch 12910 | val_kld=0.743143 | val_ordacc@10=0.165404 | val_recall@10=0.578723
Epoch 001 | Batch 12910 | K-values: K1=25, K10=31, K20=24, K50=20, K100=28
Epoch 001 | Batch 12920 | val_kld=0.742071 | val_ordacc@10=0.164041 | val_recall@10=0.579108
Epoch 001 | Batch 12920 | K-values: K1=28, K10=36, K20=17, K50=23, K100=24
Epoch 001 | Batch 12930 | val_kld=0.747974 | val_ordacc@10=0.163301 | val_recall@10=0.578945
Epoch 001 | Batch 12930 | K-values: K1=23, K10=28, K20=22, K50=23, K100=32
Epoch 001 | Batch 12940 | val_kld=0.749291 | val_ordacc@10=0.161410 | val_recall@10=0.579087
Epoch 001 | Batch 12940 | K-values: K1=35, K10=26, K20=23, K50=22, K100=22
Epoch 001 | Batch 12950 | val_kld=0.750673 | val_ordacc@10=0.161830 | val_recall@10=0.576742
Epoch 001 | Batch 12950 | K-values: K1=28, K10=23, K20=23, K50=21, K100=33
Epoch 001 | Batch 12960 | val_kld=0.747679 | val_ordacc@10=0.163547 | val_recall@10=0.582200
Epoch 001 | Batch 12960 | K-values: K1=24, K10=20, K20=34, K50=27, K100=23
Epoch 001 | Batch 12970 | val_kld=0.752008 | val_ordacc@10=0.162852 | val_recall@10=0.575398
Epoch 001 | Batch 12970 | K-values: K1=24, K10=25, K20=29, K50=19, K100=31
Epoch 001 | Batch 12980 | val_kld=0.742919 | val_ordacc@10=0.164243 | val_recall@10=0.576820
Epoch 001 | Batch 12980 | K-values: K1=16, K10=25, K20=34, K50=30, K100=23
Epoch 001 | Batch 12990 | val_kld=0.743923 | val_ordacc@10=0.164382 | val_recall@10=0.578861
Epoch 001 | Batch 12990 | K-values: K1=31, K10=25, K20=26, K50=31, K100=15
Epoch 001 | Batch 13000 | val_kld=0.747070 | val_ordacc@10=0.164178 | val_recall@10=0.580403
Epoch 001 | Batch 13000 | K-values: K1=26, K10=27, K20=27, K50=15, K100=33
Epoch 001 | Batch 13010 | val_kld=0.744171 | val_ordacc@10=0.164492 | val_recall@10=0.583396
Epoch 001 | Batch 13010 | K-values: K1=33, K10=18, K20=28, K50=21, K100=28
Epoch 001 | Batch 13020 | val_kld=0.743119 | val_ordacc@10=0.165471 | val_recall@10=0.579766
Epoch 001 | Batch 13020 | K-values: K1=23, K10=22, K20=32, K50=28, K100=23
Epoch 001 | Batch 13030 | val_kld=0.745038 | val_ordacc@10=0.165024 | val_recall@10=0.579568
Epoch 001 | Batch 13030 | K-values: K1=22, K10=24, K20=22, K50=30, K100=30
Epoch 001 | Batch 13040 | val_kld=0.747234 | val_ordacc@10=0.164666 | val_recall@10=0.580393
Epoch 001 | Batch 13040 | K-values: K1=26, K10=23, K20=25, K50=30, K100=24
Epoch 001 | Batch 13050 | val_kld=0.743915 | val_ordacc@10=0.165457 | val_recall@10=0.583127
Epoch 001 | Batch 13050 | K-values: K1=24, K10=22, K20=30, K50=20, K100=32
Epoch 001 | Batch 13060 | val_kld=0.742603 | val_ordacc@10=0.164487 | val_recall@10=0.574849
Epoch 001 | Batch 13060 | K-values: K1=28, K10=28, K20=29, K50=19, K100=24
Epoch 001 | Batch 13070 | val_kld=0.739258 | val_ordacc@10=0.166752 | val_recall@10=0.583556
Epoch 001 | Batch 13070 | K-values: K1=29, K10=29, K20=27, K50=22, K100=21
Epoch 001 | Batch 13080 | val_kld=0.743490 | val_ordacc@10=0.164431 | val_recall@10=0.581879
Epoch 001 | Batch 13080 | K-values: K1=27, K10=24, K20=23, K50=26, K100=28
Epoch 001 | Batch 13090 | val_kld=0.742327 | val_ordacc@10=0.164453 | val_recall@10=0.577311
Epoch 001 | Batch 13090 | K-values: K1=22, K10=34, K20=18, K50=25, K100=29
Epoch 001 | Batch 13100 | val_kld=0.737568 | val_ordacc@10=0.166271 | val_recall@10=0.578995
Epoch 001 | Batch 13100 | K-values: K1=21, K10=27, K20=24, K50=29, K100=27
Epoch 001 | Batch 13110 | val_kld=0.743588 | val_ordacc@10=0.164079 | val_recall@10=0.583182
Epoch 001 | Batch 13110 | K-values: K1=18, K10=31, K20=24, K50=33, K100=22
Epoch 001 | Batch 13120 | val_kld=0.744168 | val_ordacc@10=0.164012 | val_recall@10=0.583827
Epoch 001 | Batch 13120 | K-values: K1=22, K10=30, K20=22, K50=29, K100=25
Epoch 001 | Batch 13130 | val_kld=0.746944 | val_ordacc@10=0.163319 | val_recall@10=0.578499
Epoch 001 | Batch 13130 | K-values: K1=25, K10=33, K20=28, K50=21, K100=21
Epoch 001 | Batch 13140 | val_kld=0.742799 | val_ordacc@10=0.165346 | val_recall@10=0.580006
Epoch 001 | Batch 13140 | K-values: K1=28, K10=27, K20=26, K50=23, K100=24
Epoch 001 | Batch 13150 | val_kld=0.742410 | val_ordacc@10=0.164752 | val_recall@10=0.582379
Epoch 001 | Batch 13150 | K-values: K1=26, K10=26, K20=25, K50=25, K100=26
Epoch 001 | Batch 13160 | val_kld=0.749536 | val_ordacc@10=0.161768 | val_recall@10=0.578472
Epoch 001 | Batch 13160 | K-values: K1=24, K10=25, K20=26, K50=23, K100=30
Epoch 001 | Batch 13170 | val_kld=0.745608 | val_ordacc@10=0.162480 | val_recall@10=0.579186
Epoch 001 | Batch 13170 | K-values: K1=24, K10=28, K20=26, K50=21, K100=29
Epoch 001 | Batch 13180 | val_kld=0.744652 | val_ordacc@10=0.163711 | val_recall@10=0.582393
Epoch 001 | Batch 13180 | K-values: K1=18, K10=34, K20=19, K50=27, K100=30
Epoch 001 | Batch 13190 | val_kld=0.740063 | val_ordacc@10=0.166241 | val_recall@10=0.580751
Epoch 001 | Batch 13190 | K-values: K1=29, K10=13, K20=32, K50=29, K100=25
Epoch 001 | Batch 13200 | val_kld=0.757137 | val_ordacc@10=0.159466 | val_recall@10=0.572432
Epoch 001 | Batch 13200 | K-values: K1=28, K10=31, K20=26, K50=27, K100=16
Epoch 001 | Batch 13210 | val_kld=0.745027 | val_ordacc@10=0.163414 | val_recall@10=0.577709
Epoch 001 | Batch 13210 | K-values: K1=28, K10=24, K20=21, K50=30, K100=25
Epoch 001 | Batch 13220 | val_kld=0.747565 | val_ordacc@10=0.162932 | val_recall@10=0.576500
Epoch 001 | Batch 13220 | K-values: K1=20, K10=35, K20=25, K50=21, K100=27
Epoch 001 | Batch 13230 | val_kld=0.739897 | val_ordacc@10=0.165295 | val_recall@10=0.575715
Epoch 001 | Batch 13230 | K-values: K1=25, K10=26, K20=24, K50=23, K100=30
Epoch 001 | Batch 13240 | val_kld=0.741589 | val_ordacc@10=0.164664 | val_recall@10=0.582575
Epoch 001 | Batch 13240 | K-values: K1=30, K10=18, K20=23, K50=34, K100=23
Epoch 001 | Batch 13250 | val_kld=0.740005 | val_ordacc@10=0.166216 | val_recall@10=0.584700
Epoch 001 | Batch 13250 | K-values: K1=29, K10=29, K20=33, K50=19, K100=18
Epoch 001 | Batch 13260 | val_kld=0.746221 | val_ordacc@10=0.162442 | val_recall@10=0.576015
Epoch 001 | Batch 13260 | K-values: K1=24, K10=29, K20=23, K50=26, K100=26
Epoch 001 | Batch 13270 | val_kld=0.745811 | val_ordacc@10=0.163852 | val_recall@10=0.580448
Epoch 001 | Batch 13270 | K-values: K1=17, K10=24, K20=23, K50=29, K100=35
Epoch 001 | Batch 13280 | val_kld=0.744177 | val_ordacc@10=0.164349 | val_recall@10=0.575356
Epoch 001 | Batch 13280 | K-values: K1=28, K10=22, K20=25, K50=30, K100=23
Epoch 001 | Batch 13290 | val_kld=0.745637 | val_ordacc@10=0.162571 | val_recall@10=0.576120
Epoch 001 | Batch 13290 | K-values: K1=21, K10=29, K20=21, K50=28, K100=29
Epoch 001 | Batch 13300 | val_kld=0.742668 | val_ordacc@10=0.164703 | val_recall@10=0.583214
Epoch 001 | Batch 13300 | K-values: K1=22, K10=31, K20=26, K50=25, K100=24
Epoch 001 | Batch 13310 | val_kld=0.743518 | val_ordacc@10=0.163859 | val_recall@10=0.577995
Epoch 001 | Batch 13310 | K-values: K1=21, K10=31, K20=26, K50=24, K100=26
Epoch 001 | Batch 13320 | val_kld=0.744462 | val_ordacc@10=0.165445 | val_recall@10=0.577654
Epoch 001 | Batch 13320 | K-values: K1=28, K10=19, K20=32, K50=25, K100=24
Epoch 001 | Batch 13330 | val_kld=0.742665 | val_ordacc@10=0.165333 | val_recall@10=0.580915
Epoch 001 | Batch 13330 | K-values: K1=23, K10=34, K20=27, K50=22, K100=22
Epoch 001 | Batch 13340 | val_kld=0.744910 | val_ordacc@10=0.164741 | val_recall@10=0.583116
Epoch 001 | Batch 13340 | K-values: K1=26, K10=26, K20=21, K50=26, K100=29
Epoch 001 | Batch 13350 | val_kld=0.745531 | val_ordacc@10=0.163855 | val_recall@10=0.582092
Epoch 001 | Batch 13350 | K-values: K1=21, K10=26, K20=28, K50=25, K100=28
Epoch 001 | Batch 13360 | val_kld=0.742050 | val_ordacc@10=0.164990 | val_recall@10=0.579652
Epoch 001 | Batch 13360 | K-values: K1=25, K10=27, K20=23, K50=32, K100=21
Epoch 001 | Batch 13370 | val_kld=0.739827 | val_ordacc@10=0.166198 | val_recall@10=0.582540
Epoch 001 | Batch 13370 | K-values: K1=27, K10=19, K20=33, K50=25, K100=24
Epoch 001 | Batch 13380 | val_kld=0.750328 | val_ordacc@10=0.162024 | val_recall@10=0.574478
Epoch 001 | Batch 13380 | K-values: K1=22, K10=24, K20=30, K50=24, K100=28
Epoch 001 | Batch 13390 | val_kld=0.744204 | val_ordacc@10=0.165023 | val_recall@10=0.579582
Epoch 001 | Batch 13390 | K-values: K1=27, K10=35, K20=24, K50=28, K100=14
Epoch 001 | Batch 13400 | val_kld=0.748800 | val_ordacc@10=0.162042 | val_recall@10=0.579804
Epoch 001 | Batch 13400 | K-values: K1=21, K10=22, K20=29, K50=26, K100=30
Epoch 001 | Batch 13410 | val_kld=0.745772 | val_ordacc@10=0.164179 | val_recall@10=0.581708
Epoch 001 | Batch 13410 | K-values: K1=27, K10=34, K20=21, K50=20, K100=26
Epoch 001 | Batch 13420 | val_kld=0.741366 | val_ordacc@10=0.163838 | val_recall@10=0.576349
Epoch 001 | Batch 13420 | K-values: K1=35, K10=17, K20=28, K50=25, K100=23
Epoch 001 | Batch 13430 | val_kld=0.742361 | val_ordacc@10=0.164698 | val_recall@10=0.582170
Epoch 001 | Batch 13430 | K-values: K1=22, K10=24, K20=34, K50=23, K100=25
Epoch 001 | Batch 13440 | val_kld=0.742773 | val_ordacc@10=0.163516 | val_recall@10=0.579007
Epoch 001 | Batch 13440 | K-values: K1=20, K10=30, K20=26, K50=25, K100=27
Epoch 001 | Batch 13450 | val_kld=0.742935 | val_ordacc@10=0.165631 | val_recall@10=0.579198
Epoch 001 | Batch 13450 | K-values: K1=21, K10=25, K20=31, K50=28, K100=23
Epoch 001 | Batch 13460 | val_kld=0.741774 | val_ordacc@10=0.165670 | val_recall@10=0.585126
Epoch 001 | Batch 13460 | K-values: K1=13, K10=24, K20=25, K50=34, K100=32
Epoch 001 | Batch 13470 | val_kld=0.746203 | val_ordacc@10=0.162639 | val_recall@10=0.575210
Epoch 001 | Batch 13470 | K-values: K1=25, K10=15, K20=32, K50=34, K100=22
Epoch 001 | Batch 13480 | val_kld=0.744236 | val_ordacc@10=0.165307 | val_recall@10=0.580496
Epoch 001 | Batch 13480 | K-values: K1=26, K10=25, K20=23, K50=23, K100=31
Epoch 001 | Batch 13490 | val_kld=0.748700 | val_ordacc@10=0.162468 | val_recall@10=0.580115
Epoch 001 | Batch 13490 | K-values: K1=29, K10=16, K20=36, K50=25, K100=22
Epoch 001 | Batch 13500 | val_kld=0.748660 | val_ordacc@10=0.161580 | val_recall@10=0.577019
Epoch 001 | Batch 13500 | K-values: K1=25, K10=31, K20=30, K50=25, K100=17
Epoch 001 | Batch 13510 | val_kld=0.739093 | val_ordacc@10=0.165782 | val_recall@10=0.580490
Epoch 001 | Batch 13510 | K-values: K1=27, K10=33, K20=24, K50=23, K100=21
Epoch 001 | Batch 13520 | val_kld=0.743085 | val_ordacc@10=0.164601 | val_recall@10=0.579447
Epoch 001 | Batch 13520 | K-values: K1=19, K10=26, K20=31, K50=20, K100=32
Epoch 001 | Batch 13530 | val_kld=0.753511 | val_ordacc@10=0.162945 | val_recall@10=0.579287
Epoch 001 | Batch 13530 | K-values: K1=24, K10=27, K20=35, K50=22, K100=20
Epoch 001 | Batch 13540 | val_kld=0.740140 | val_ordacc@10=0.165054 | val_recall@10=0.578805
Epoch 001 | Batch 13540 | K-values: K1=21, K10=40, K20=20, K50=23, K100=24
Epoch 001 | Batch 13550 | val_kld=0.746400 | val_ordacc@10=0.163418 | val_recall@10=0.576759
Epoch 001 | Batch 13550 | K-values: K1=20, K10=26, K20=26, K50=31, K100=25
Epoch 001 | Batch 13560 | val_kld=0.745156 | val_ordacc@10=0.163950 | val_recall@10=0.581326
Epoch 001 | Batch 13560 | K-values: K1=25, K10=36, K20=17, K50=22, K100=28
Epoch 001 | Batch 13570 | val_kld=0.747549 | val_ordacc@10=0.163302 | val_recall@10=0.579230
Epoch 001 | Batch 13570 | K-values: K1=25, K10=24, K20=21, K50=34, K100=24
Epoch 001 | Batch 13580 | val_kld=0.741095 | val_ordacc@10=0.165633 | val_recall@10=0.579882
Epoch 001 | Batch 13580 | K-values: K1=21, K10=27, K20=23, K50=25, K100=32
Epoch 001 | Batch 13590 | val_kld=0.741689 | val_ordacc@10=0.164611 | val_recall@10=0.577617
Epoch 001 | Batch 13590 | K-values: K1=23, K10=17, K20=22, K50=39, K100=27
Epoch 001 | Batch 13600 | val_kld=0.744211 | val_ordacc@10=0.164525 | val_recall@10=0.580918
Epoch 001 | Batch 13600 | K-values: K1=29, K10=23, K20=25, K50=28, K100=23
Epoch 001 | Batch 13610 | val_kld=0.736425 | val_ordacc@10=0.166870 | val_recall@10=0.579394
Epoch 001 | Batch 13610 | K-values: K1=29, K10=25, K20=22, K50=23, K100=29
Epoch 001 | Batch 13620 | val_kld=0.743205 | val_ordacc@10=0.164571 | val_recall@10=0.581722
Epoch 001 | Batch 13620 | K-values: K1=25, K10=27, K20=28, K50=23, K100=25
Epoch 001 | Batch 13630 | val_kld=0.742443 | val_ordacc@10=0.164714 | val_recall@10=0.578490
Epoch 001 | Batch 13630 | K-values: K1=26, K10=29, K20=19, K50=25, K100=29
Epoch 001 | Batch 13640 | val_kld=0.740541 | val_ordacc@10=0.166450 | val_recall@10=0.576852
Epoch 001 | Batch 13640 | K-values: K1=24, K10=26, K20=28, K50=24, K100=26
Epoch 001 | Batch 13650 | val_kld=0.741893 | val_ordacc@10=0.164841 | val_recall@10=0.583412
Epoch 001 | Batch 13650 | K-values: K1=25, K10=27, K20=21, K50=27, K100=28
Epoch 001 | Batch 13660 | val_kld=0.745624 | val_ordacc@10=0.165510 | val_recall@10=0.578659
Epoch 001 | Batch 13660 | K-values: K1=30, K10=19, K20=20, K50=20, K100=39
Epoch 001 | Batch 13670 | val_kld=0.742999 | val_ordacc@10=0.165127 | val_recall@10=0.580964
Epoch 001 | Batch 13670 | K-values: K1=33, K10=21, K20=32, K50=26, K100=16
Epoch 001 | Batch 13680 | val_kld=0.746248 | val_ordacc@10=0.163418 | val_recall@10=0.575808
Epoch 001 | Batch 13680 | K-values: K1=22, K10=31, K20=21, K50=26, K100=28
Epoch 001 | Batch 13690 | val_kld=0.743372 | val_ordacc@10=0.165085 | val_recall@10=0.580306
Epoch 001 | Batch 13690 | K-values: K1=32, K10=22, K20=23, K50=22, K100=29
Epoch 001 | Batch 13700 | val_kld=0.744165 | val_ordacc@10=0.164385 | val_recall@10=0.584438
Epoch 001 | Batch 13700 | K-values: K1=21, K10=19, K20=33, K50=28, K100=27
Epoch 001 | Batch 13710 | val_kld=0.748702 | val_ordacc@10=0.162951 | val_recall@10=0.576188
Epoch 001 | Batch 13710 | K-values: K1=25, K10=23, K20=29, K50=31, K100=20
Epoch 001 | Batch 13720 | val_kld=0.744241 | val_ordacc@10=0.164476 | val_recall@10=0.582603
Epoch 001 | Batch 13720 | K-values: K1=29, K10=23, K20=32, K50=17, K100=27
Epoch 001 | Batch 13730 | val_kld=0.739121 | val_ordacc@10=0.165654 | val_recall@10=0.581304
Epoch 001 | Batch 13730 | K-values: K1=33, K10=21, K20=34, K50=21, K100=19
Epoch 001 | Batch 13740 | val_kld=0.742471 | val_ordacc@10=0.165361 | val_recall@10=0.579946
Epoch 001 | Batch 13740 | K-values: K1=23, K10=29, K20=26, K50=23, K100=27
Epoch 001 | Batch 13750 | val_kld=0.752243 | val_ordacc@10=0.162029 | val_recall@10=0.582822
Epoch 001 | Batch 13750 | K-values: K1=28, K10=29, K20=27, K50=22, K100=22
Epoch 001 | Batch 13760 | val_kld=0.744389 | val_ordacc@10=0.163498 | val_recall@10=0.577224
Epoch 001 | Batch 13760 | K-values: K1=23, K10=23, K20=29, K50=32, K100=21
Epoch 001 | Batch 13770 | val_kld=0.737652 | val_ordacc@10=0.165375 | val_recall@10=0.579311
Epoch 001 | Batch 13770 | K-values: K1=24, K10=21, K20=29, K50=35, K100=19
Epoch 001 | Batch 13780 | val_kld=0.746694 | val_ordacc@10=0.163514 | val_recall@10=0.579708
Epoch 001 | Batch 13780 | K-values: K1=20, K10=24, K20=24, K50=32, K100=28
Epoch 001 | Batch 13790 | val_kld=0.753678 | val_ordacc@10=0.160309 | val_recall@10=0.577578
Epoch 001 | Batch 13790 | K-values: K1=39, K10=12, K20=21, K50=31, K100=25
Epoch 001 | Batch 13800 | val_kld=0.746293 | val_ordacc@10=0.163525 | val_recall@10=0.578130
Epoch 001 | Batch 13800 | K-values: K1=30, K10=28, K20=20, K50=24, K100=26
Epoch 001 | Batch 13810 | val_kld=0.740992 | val_ordacc@10=0.165354 | val_recall@10=0.580853
Epoch 001 | Batch 13810 | K-values: K1=24, K10=26, K20=26, K50=32, K100=20
Epoch 001 | Batch 13820 | val_kld=0.739972 | val_ordacc@10=0.166007 | val_recall@10=0.580182
Epoch 001 | Batch 13820 | K-values: K1=26, K10=33, K20=23, K50=21, K100=25
Epoch 001 | Batch 13830 | val_kld=0.747986 | val_ordacc@10=0.164199 | val_recall@10=0.579064
Epoch 001 | Batch 13830 | K-values: K1=25, K10=24, K20=18, K50=27, K100=34
Epoch 001 | Batch 13840 | val_kld=0.745591 | val_ordacc@10=0.164921 | val_recall@10=0.582658
Epoch 001 | Batch 13840 | K-values: K1=35, K10=22, K20=20, K50=23, K100=28
Epoch 001 | Batch 13850 | val_kld=0.748394 | val_ordacc@10=0.161785 | val_recall@10=0.578106
Epoch 001 | Batch 13850 | K-values: K1=19, K10=24, K20=33, K50=35, K100=17
Epoch 001 | Batch 13860 | val_kld=0.750989 | val_ordacc@10=0.161022 | val_recall@10=0.576619
Epoch 001 | Batch 13860 | K-values: K1=19, K10=30, K20=31, K50=23, K100=25
Epoch 001 | Batch 13870 | val_kld=0.737856 | val_ordacc@10=0.166060 | val_recall@10=0.582508
Epoch 001 | Batch 13870 | K-values: K1=18, K10=27, K20=28, K50=21, K100=34
Epoch 001 | Batch 13880 | val_kld=0.744999 | val_ordacc@10=0.162924 | val_recall@10=0.577981
Epoch 001 | Batch 13880 | K-values: K1=32, K10=28, K20=26, K50=25, K100=17
Epoch 001 | Batch 13890 | val_kld=0.737982 | val_ordacc@10=0.165916 | val_recall@10=0.575975
Epoch 001 | Batch 13890 | K-values: K1=26, K10=25, K20=20, K50=26, K100=31
Epoch 001 | Batch 13900 | val_kld=0.737491 | val_ordacc@10=0.167277 | val_recall@10=0.578403
Epoch 001 | Batch 13900 | K-values: K1=31, K10=26, K20=18, K50=25, K100=28
Epoch 001 | Batch 13910 | val_kld=0.747601 | val_ordacc@10=0.162528 | val_recall@10=0.578189
Epoch 001 | Batch 13910 | K-values: K1=31, K10=24, K20=25, K50=21, K100=27
Epoch 001 | Batch 13920 | val_kld=0.742059 | val_ordacc@10=0.165744 | val_recall@10=0.584912
Epoch 001 | Batch 13920 | K-values: K1=18, K10=29, K20=25, K50=23, K100=33
Epoch 001 | Batch 13930 | val_kld=0.739588 | val_ordacc@10=0.166906 | val_recall@10=0.583535
Epoch 001 | Batch 13930 | K-values: K1=32, K10=23, K20=26, K50=29, K100=18
Epoch 001 | Batch 13940 | val_kld=0.747809 | val_ordacc@10=0.162050 | val_recall@10=0.574982
Epoch 001 | Batch 13940 | K-values: K1=35, K10=22, K20=27, K50=15, K100=29
Epoch 001 | Batch 13950 | val_kld=0.743264 | val_ordacc@10=0.164329 | val_recall@10=0.578101
Epoch 001 | Batch 13950 | K-values: K1=25, K10=23, K20=27, K50=28, K100=25
Epoch 001 | Batch 13960 | val_kld=0.737856 | val_ordacc@10=0.165465 | val_recall@10=0.577771
Epoch 001 | Batch 13960 | K-values: K1=21, K10=21, K20=23, K50=33, K100=30
Epoch 001 | Batch 13970 | val_kld=0.745657 | val_ordacc@10=0.164276 | val_recall@10=0.579820
Epoch 001 | Batch 13970 | K-values: K1=35, K10=27, K20=21, K50=25, K100=20
Epoch 001 | Batch 13980 | val_kld=0.741670 | val_ordacc@10=0.164628 | val_recall@10=0.579763
Epoch 001 | Batch 13980 | K-values: K1=27, K10=29, K20=20, K50=35, K100=17
Epoch 001 | Batch 13990 | val_kld=0.743155 | val_ordacc@10=0.166384 | val_recall@10=0.582880
Epoch 001 | Batch 13990 | K-values: K1=20, K10=24, K20=28, K50=27, K100=29
Epoch 001 | Batch 14000 | val_kld=0.743453 | val_ordacc@10=0.163905 | val_recall@10=0.581465
Epoch 001 | Batch 14000 | K-values: K1=28, K10=20, K20=29, K50=26, K100=25
Epoch 001 | Batch 14010 | val_kld=0.741356 | val_ordacc@10=0.164454 | val_recall@10=0.577479
Epoch 001 | Batch 14010 | K-values: K1=30, K10=25, K20=32, K50=13, K100=28
Epoch 001 | Batch 14020 | val_kld=0.744549 | val_ordacc@10=0.163776 | val_recall@10=0.579965
Epoch 001 | Batch 14020 | K-values: K1=23, K10=18, K20=29, K50=33, K100=25
Epoch 001 | Batch 14030 | val_kld=0.738869 | val_ordacc@10=0.165681 | val_recall@10=0.582442
Epoch 001 | Batch 14030 | K-values: K1=28, K10=23, K20=27, K50=20, K100=30
Epoch 001 | Batch 14040 | val_kld=0.742535 | val_ordacc@10=0.165946 | val_recall@10=0.583291
Epoch 001 | Batch 14040 | K-values: K1=25, K10=27, K20=21, K50=28, K100=27
Epoch 001 | Batch 14050 | val_kld=0.742407 | val_ordacc@10=0.164208 | val_recall@10=0.579819
Epoch 001 | Batch 14050 | K-values: K1=29, K10=21, K20=30, K50=26, K100=22
Epoch 001 | Batch 14060 | val_kld=0.742483 | val_ordacc@10=0.164962 | val_recall@10=0.579541
Epoch 001 | Batch 14060 | K-values: K1=34, K10=23, K20=28, K50=20, K100=23
Epoch 001 | Batch 14070 | val_kld=0.740442 | val_ordacc@10=0.164036 | val_recall@10=0.576576
Epoch 001 | Batch 14070 | K-values: K1=21, K10=22, K20=27, K50=27, K100=31
Epoch 001 | Batch 14080 | val_kld=0.738751 | val_ordacc@10=0.166937 | val_recall@10=0.583970
Epoch 001 | Batch 14080 | K-values: K1=21, K10=25, K20=31, K50=30, K100=21
Epoch 001 | Batch 14090 | val_kld=0.741513 | val_ordacc@10=0.163919 | val_recall@10=0.581807
Epoch 001 | Batch 14090 | K-values: K1=22, K10=13, K20=31, K50=25, K100=37
Epoch 001 | Batch 14100 | val_kld=0.750206 | val_ordacc@10=0.162857 | val_recall@10=0.576423
Epoch 001 | Batch 14100 | K-values: K1=25, K10=32, K20=21, K50=22, K100=28
Epoch 001 | Batch 14110 | val_kld=0.743645 | val_ordacc@10=0.165735 | val_recall@10=0.580906
Epoch 001 | Batch 14110 | K-values: K1=23, K10=21, K20=22, K50=29, K100=33
Epoch 001 | Batch 14120 | val_kld=0.737095 | val_ordacc@10=0.167044 | val_recall@10=0.582626
Epoch 001 | Batch 14120 | K-values: K1=26, K10=29, K20=27, K50=19, K100=27
Epoch 001 | Batch 14130 | val_kld=0.741338 | val_ordacc@10=0.165082 | val_recall@10=0.580438
Epoch 001 | Batch 14130 | K-values: K1=26, K10=22, K20=32, K50=26, K100=22
Epoch 001 | Batch 14140 | val_kld=0.739876 | val_ordacc@10=0.165540 | val_recall@10=0.582200
Epoch 001 | Batch 14140 | K-values: K1=22, K10=31, K20=25, K50=26, K100=24
Epoch 001 | Batch 14150 | val_kld=0.742838 | val_ordacc@10=0.164948 | val_recall@10=0.580088
Epoch 001 | Batch 14150 | K-values: K1=22, K10=30, K20=25, K50=28, K100=23
Epoch 001 | Batch 14160 | val_kld=0.742532 | val_ordacc@10=0.164584 | val_recall@10=0.581538
Epoch 001 | Batch 14160 | K-values: K1=23, K10=22, K20=28, K50=24, K100=31
Epoch 001 | Batch 14170 | val_kld=0.739382 | val_ordacc@10=0.165400 | val_recall@10=0.580443
Epoch 001 | Batch 14170 | K-values: K1=15, K10=26, K20=28, K50=31, K100=28
Epoch 001 | Batch 14180 | val_kld=0.740873 | val_ordacc@10=0.165546 | val_recall@10=0.578766
Epoch 001 | Batch 14180 | K-values: K1=18, K10=26, K20=34, K50=23, K100=27
Epoch 001 | Batch 14190 | val_kld=0.741168 | val_ordacc@10=0.165570 | val_recall@10=0.585250
Epoch 001 | Batch 14190 | K-values: K1=25, K10=28, K20=32, K50=21, K100=22
Epoch 001 | Batch 14200 | val_kld=0.739509 | val_ordacc@10=0.164844 | val_recall@10=0.581415
Epoch 001 | Batch 14200 | K-values: K1=21, K10=27, K20=34, K50=23, K100=23
Epoch 001 | Batch 14210 | val_kld=0.740029 | val_ordacc@10=0.165289 | val_recall@10=0.583671
Epoch 001 | Batch 14210 | K-values: K1=28, K10=20, K20=31, K50=25, K100=24
Epoch 001 | Batch 14220 | val_kld=0.745825 | val_ordacc@10=0.163792 | val_recall@10=0.580300
Epoch 001 | Batch 14220 | K-values: K1=23, K10=24, K20=17, K50=32, K100=32
Epoch 001 | Batch 14230 | val_kld=0.744430 | val_ordacc@10=0.163059 | val_recall@10=0.578146
Epoch 001 | Batch 14230 | K-values: K1=19, K10=27, K20=23, K50=34, K100=25
Epoch 001 | Batch 14240 | val_kld=0.739979 | val_ordacc@10=0.165145 | val_recall@10=0.580360
Epoch 001 | Batch 14240 | K-values: K1=32, K10=26, K20=21, K50=27, K100=22
Epoch 001 | Batch 14250 | val_kld=0.735158 | val_ordacc@10=0.166845 | val_recall@10=0.578528
Epoch 001 | Batch 14250 | K-values: K1=30, K10=25, K20=21, K50=26, K100=26
Epoch 001 | Batch 14260 | val_kld=0.736151 | val_ordacc@10=0.167608 | val_recall@10=0.581149
Epoch 001 | Batch 14260 | K-values: K1=27, K10=22, K20=25, K50=31, K100=23
Epoch 001 | Batch 14270 | val_kld=0.738786 | val_ordacc@10=0.165973 | val_recall@10=0.581824
Epoch 001 | Batch 14270 | K-values: K1=20, K10=26, K20=30, K50=31, K100=21
Epoch 001 | Batch 14280 | val_kld=0.735722 | val_ordacc@10=0.167246 | val_recall@10=0.581802
Epoch 001 | Batch 14280 | K-values: K1=21, K10=29, K20=22, K50=23, K100=33
Epoch 001 | Batch 14290 | val_kld=0.741937 | val_ordacc@10=0.165300 | val_recall@10=0.579174
Epoch 001 | Batch 14290 | K-values: K1=22, K10=27, K20=29, K50=20, K100=30
Epoch 001 | Batch 14300 | val_kld=0.735961 | val_ordacc@10=0.166920 | val_recall@10=0.578771
Epoch 001 | Batch 14300 | K-values: K1=24, K10=20, K20=28, K50=26, K100=30
Epoch 001 | Batch 14310 | val_kld=0.732399 | val_ordacc@10=0.167747 | val_recall@10=0.579908
Epoch 001 | Batch 14310 | K-values: K1=24, K10=23, K20=29, K50=27, K100=25
Epoch 001 | Batch 14320 | val_kld=0.739121 | val_ordacc@10=0.165276 | val_recall@10=0.577380
Epoch 001 | Batch 14320 | K-values: K1=25, K10=27, K20=24, K50=24, K100=28
Epoch 001 | Batch 14330 | val_kld=0.737329 | val_ordacc@10=0.166434 | val_recall@10=0.580208
Epoch 001 | Batch 14330 | K-values: K1=26, K10=27, K20=26, K50=24, K100=25
Epoch 001 | Batch 14340 | val_kld=0.736101 | val_ordacc@10=0.166261 | val_recall@10=0.577172
Epoch 001 | Batch 14340 | K-values: K1=31, K10=27, K20=23, K50=17, K100=30
Epoch 001 | Batch 14350 | val_kld=0.739141 | val_ordacc@10=0.165464 | val_recall@10=0.581316
Epoch 001 | Batch 14350 | K-values: K1=22, K10=22, K20=23, K50=23, K100=38
Epoch 001 | Batch 14360 | val_kld=0.742922 | val_ordacc@10=0.163958 | val_recall@10=0.582712
Epoch 001 | Batch 14360 | K-values: K1=27, K10=25, K20=27, K50=24, K100=25
Epoch 001 | Batch 14370 | val_kld=0.743111 | val_ordacc@10=0.164667 | val_recall@10=0.577167
Epoch 001 | Batch 14370 | K-values: K1=29, K10=18, K20=25, K50=19, K100=37
Epoch 001 | Batch 14380 | val_kld=0.742319 | val_ordacc@10=0.165198 | val_recall@10=0.582061
Epoch 001 | Batch 14380 | K-values: K1=16, K10=29, K20=23, K50=29, K100=31
Epoch 001 | Batch 14390 | val_kld=0.741927 | val_ordacc@10=0.166400 | val_recall@10=0.580103
Epoch 001 | Batch 14390 | K-values: K1=26, K10=28, K20=19, K50=28, K100=27
Epoch 001 | Batch 14400 | val_kld=0.738670 | val_ordacc@10=0.165310 | val_recall@10=0.575844
Epoch 001 | Batch 14400 | K-values: K1=26, K10=25, K20=25, K50=33, K100=19
Epoch 001 | Batch 14410 | val_kld=0.743586 | val_ordacc@10=0.165799 | val_recall@10=0.577886
Epoch 001 | Batch 14410 | K-values: K1=31, K10=22, K20=22, K50=28, K100=25
Epoch 001 | Batch 14420 | val_kld=0.736786 | val_ordacc@10=0.166515 | val_recall@10=0.582987
Epoch 001 | Batch 14420 | K-values: K1=32, K10=20, K20=22, K50=29, K100=25
Epoch 001 | Batch 14430 | val_kld=0.738627 | val_ordacc@10=0.164882 | val_recall@10=0.580650
Epoch 001 | Batch 14430 | K-values: K1=30, K10=28, K20=33, K50=20, K100=17
Epoch 001 | Batch 14440 | val_kld=0.742148 | val_ordacc@10=0.164807 | val_recall@10=0.582020
Epoch 001 | Batch 14440 | K-values: K1=30, K10=23, K20=24, K50=25, K100=26
Epoch 001 | Batch 14450 | val_kld=0.744147 | val_ordacc@10=0.162268 | val_recall@10=0.579401
Epoch 001 | Batch 14450 | K-values: K1=24, K10=21, K20=28, K50=23, K100=32
Epoch 001 | Batch 14460 | val_kld=0.739607 | val_ordacc@10=0.165339 | val_recall@10=0.584248
Epoch 001 | Batch 14460 | K-values: K1=24, K10=24, K20=34, K50=24, K100=22
Epoch 001 | Batch 14470 | val_kld=0.740378 | val_ordacc@10=0.166184 | val_recall@10=0.579998
Epoch 001 | Batch 14470 | K-values: K1=23, K10=26, K20=29, K50=24, K100=26
Epoch 001 | Batch 14480 | val_kld=0.738541 | val_ordacc@10=0.166024 | val_recall@10=0.580987
Epoch 001 | Batch 14480 | K-values: K1=20, K10=32, K20=24, K50=19, K100=33
Epoch 001 | Batch 14490 | val_kld=0.742935 | val_ordacc@10=0.163840 | val_recall@10=0.576666
Epoch 001 | Batch 14490 | K-values: K1=26, K10=22, K20=17, K50=30, K100=33
Epoch 001 | Batch 14500 | val_kld=0.738384 | val_ordacc@10=0.164576 | val_recall@10=0.581366
Epoch 001 | Batch 14500 | K-values: K1=28, K10=23, K20=31, K50=21, K100=25
Epoch 001 | Batch 14510 | val_kld=0.741452 | val_ordacc@10=0.164685 | val_recall@10=0.579605
Epoch 001 | Batch 14510 | K-values: K1=34, K10=25, K20=24, K50=19, K100=26
Epoch 001 | Batch 14520 | val_kld=0.747002 | val_ordacc@10=0.163139 | val_recall@10=0.580786
Epoch 001 | Batch 14520 | K-values: K1=24, K10=19, K20=29, K50=30, K100=26
Epoch 001 | Batch 14530 | val_kld=0.737127 | val_ordacc@10=0.165674 | val_recall@10=0.582784
Epoch 001 | Batch 14530 | K-values: K1=17, K10=27, K20=28, K50=26, K100=30
Epoch 001 | Batch 14540 | val_kld=0.741511 | val_ordacc@10=0.164345 | val_recall@10=0.580380
Epoch 001 | Batch 14540 | K-values: K1=31, K10=25, K20=25, K50=24, K100=23
Epoch 001 | Batch 14550 | val_kld=0.745473 | val_ordacc@10=0.162061 | val_recall@10=0.575691
Epoch 001 | Batch 14550 | K-values: K1=31, K10=28, K20=20, K50=20, K100=29
Epoch 001 | Batch 14560 | val_kld=0.738101 | val_ordacc@10=0.166528 | val_recall@10=0.579481
Epoch 001 | Batch 14560 | K-values: K1=34, K10=26, K20=23, K50=20, K100=25
Epoch 001 | Batch 14570 | val_kld=0.739344 | val_ordacc@10=0.165172 | val_recall@10=0.578650
Epoch 001 | Batch 14570 | K-values: K1=19, K10=24, K20=29, K50=28, K100=28
Epoch 001 | Batch 14580 | val_kld=0.743260 | val_ordacc@10=0.164368 | val_recall@10=0.580045
Epoch 001 | Batch 14580 | K-values: K1=38, K10=22, K20=23, K50=20, K100=25
Epoch 001 | Batch 14590 | val_kld=0.741948 | val_ordacc@10=0.164602 | val_recall@10=0.579498
Epoch 001 | Batch 14590 | K-values: K1=28, K10=27, K20=26, K50=21, K100=26
Epoch 001 | Batch 14600 | val_kld=0.737487 | val_ordacc@10=0.165192 | val_recall@10=0.582082
Epoch 001 | Batch 14600 | K-values: K1=28, K10=24, K20=15, K50=32, K100=29
Epoch 001 | Batch 14610 | val_kld=0.740850 | val_ordacc@10=0.164437 | val_recall@10=0.578474
Epoch 001 | Batch 14610 | K-values: K1=36, K10=28, K20=14, K50=23, K100=27
Epoch 001 | Batch 14620 | val_kld=0.741296 | val_ordacc@10=0.164480 | val_recall@10=0.582074
Epoch 001 | Batch 14620 | K-values: K1=26, K10=15, K20=36, K50=26, K100=25
Epoch 001 | Batch 14630 | val_kld=0.732633 | val_ordacc@10=0.167812 | val_recall@10=0.582446
Epoch 001 | Batch 14630 | K-values: K1=27, K10=25, K20=27, K50=26, K100=23
Epoch 001 | Batch 14640 | val_kld=0.737510 | val_ordacc@10=0.166521 | val_recall@10=0.580806
Epoch 001 | Batch 14640 | K-values: K1=22, K10=21, K20=28, K50=23, K100=34
Epoch 001 | Batch 14650 | val_kld=0.741740 | val_ordacc@10=0.165231 | val_recall@10=0.578219
Epoch 001 | Batch 14650 | K-values: K1=32, K10=24, K20=23, K50=29, K100=20
Epoch 001 | Batch 14660 | val_kld=0.737712 | val_ordacc@10=0.166519 | val_recall@10=0.580414
Epoch 001 | Batch 14660 | K-values: K1=24, K10=26, K20=15, K50=33, K100=30
Epoch 001 | Batch 14670 | val_kld=0.740234 | val_ordacc@10=0.166446 | val_recall@10=0.580404
Epoch 001 | Batch 14670 | K-values: K1=29, K10=23, K20=17, K50=35, K100=24
Epoch 001 | Batch 14680 | val_kld=0.739047 | val_ordacc@10=0.165840 | val_recall@10=0.580816
Epoch 001 | Batch 14680 | K-values: K1=23, K10=26, K20=32, K50=21, K100=26
Epoch 001 | Batch 14690 | val_kld=0.745341 | val_ordacc@10=0.163598 | val_recall@10=0.581166
Epoch 001 | Batch 14690 | K-values: K1=26, K10=29, K20=25, K50=25, K100=23
Epoch 001 | Batch 14700 | val_kld=0.752663 | val_ordacc@10=0.160232 | val_recall@10=0.576564
Epoch 001 | Batch 14700 | K-values: K1=27, K10=26, K20=27, K50=31, K100=17
Epoch 001 | Batch 14710 | val_kld=0.746783 | val_ordacc@10=0.163272 | val_recall@10=0.580294
Epoch 001 | Batch 14710 | K-values: K1=22, K10=34, K20=22, K50=19, K100=31
Epoch 001 | Batch 14720 | val_kld=0.739661 | val_ordacc@10=0.166222 | val_recall@10=0.580028
Epoch 001 | Batch 14720 | K-values: K1=19, K10=35, K20=31, K50=23, K100=20
Epoch 001 | Batch 14730 | val_kld=0.734622 | val_ordacc@10=0.168415 | val_recall@10=0.582264
Epoch 001 | Batch 14730 | K-values: K1=25, K10=22, K20=39, K50=24, K100=18
Epoch 001 | Batch 14740 | val_kld=0.741516 | val_ordacc@10=0.165144 | val_recall@10=0.582113
Epoch 001 | Batch 14740 | K-values: K1=27, K10=27, K20=28, K50=23, K100=23
Epoch 001 | Batch 14750 | val_kld=0.745716 | val_ordacc@10=0.164460 | val_recall@10=0.579704
Epoch 001 | Batch 14750 | K-values: K1=33, K10=28, K20=21, K50=24, K100=22
Epoch 001 | Batch 14760 | val_kld=0.742338 | val_ordacc@10=0.164151 | val_recall@10=0.576228
Epoch 001 | Batch 14760 | K-values: K1=23, K10=25, K20=28, K50=27, K100=25
Epoch 001 | Batch 14770 | val_kld=0.742255 | val_ordacc@10=0.164751 | val_recall@10=0.581798
Epoch 001 | Batch 14770 | K-values: K1=26, K10=30, K20=31, K50=16, K100=25
Epoch 001 | Batch 14780 | val_kld=0.747845 | val_ordacc@10=0.162176 | val_recall@10=0.576187
Epoch 001 | Batch 14780 | K-values: K1=31, K10=23, K20=21, K50=26, K100=27
Epoch 001 | Batch 14790 | val_kld=0.749214 | val_ordacc@10=0.161298 | val_recall@10=0.579012
Epoch 001 | Batch 14790 | K-values: K1=24, K10=25, K20=29, K50=30, K100=20
Epoch 001 | Batch 14800 | val_kld=0.739762 | val_ordacc@10=0.165724 | val_recall@10=0.581951
Epoch 001 | Batch 14800 | K-values: K1=33, K10=20, K20=20, K50=29, K100=26
Epoch 001 | Batch 14810 | val_kld=0.739035 | val_ordacc@10=0.166053 | val_recall@10=0.580560
Epoch 001 | Batch 14810 | K-values: K1=20, K10=26, K20=31, K50=27, K100=24
Epoch 001 | Batch 14820 | val_kld=0.749828 | val_ordacc@10=0.161801 | val_recall@10=0.582498
Epoch 001 | Batch 14820 | K-values: K1=28, K10=22, K20=26, K50=28, K100=24
Epoch 001 | Batch 14830 | val_kld=0.740700 | val_ordacc@10=0.165114 | val_recall@10=0.578896
Epoch 001 | Batch 14830 | K-values: K1=26, K10=17, K20=34, K50=22, K100=29
Epoch 001 | Batch 14840 | val_kld=0.737564 | val_ordacc@10=0.167041 | val_recall@10=0.584276
Epoch 001 | Batch 14840 | K-values: K1=20, K10=29, K20=27, K50=22, K100=30
Epoch 001 | Batch 14850 | val_kld=0.747109 | val_ordacc@10=0.162912 | val_recall@10=0.582086
Epoch 001 | Batch 14850 | K-values: K1=20, K10=24, K20=30, K50=24, K100=30
Epoch 001 | Batch 14860 | val_kld=0.741480 | val_ordacc@10=0.164655 | val_recall@10=0.581634
Epoch 001 | Batch 14860 | K-values: K1=38, K10=24, K20=23, K50=22, K100=21
Epoch 001 | Batch 14870 | val_kld=0.741074 | val_ordacc@10=0.165133 | val_recall@10=0.580432
Epoch 001 | Batch 14870 | K-values: K1=25, K10=29, K20=23, K50=24, K100=27
Epoch 001 | Batch 14880 | val_kld=0.737747 | val_ordacc@10=0.166126 | val_recall@10=0.580417
Epoch 001 | Batch 14880 | K-values: K1=24, K10=24, K20=28, K50=20, K100=32
Epoch 001 | Batch 14890 | val_kld=0.742399 | val_ordacc@10=0.166163 | val_recall@10=0.580593
Epoch 001 | Batch 14890 | K-values: K1=19, K10=30, K20=27, K50=29, K100=23
Epoch 001 | Batch 14900 | val_kld=0.736090 | val_ordacc@10=0.166650 | val_recall@10=0.581592
Epoch 001 | Batch 14900 | K-values: K1=29, K10=26, K20=24, K50=18, K100=31
Epoch 001 | Batch 14910 | val_kld=0.737629 | val_ordacc@10=0.167153 | val_recall@10=0.582105
Epoch 001 | Batch 14910 | K-values: K1=19, K10=23, K20=28, K50=34, K100=24
Epoch 001 | Batch 14920 | val_kld=0.743367 | val_ordacc@10=0.164358 | val_recall@10=0.582640
Epoch 001 | Batch 14920 | K-values: K1=19, K10=25, K20=31, K50=22, K100=31
Epoch 001 | Batch 14930 | val_kld=0.747518 | val_ordacc@10=0.161559 | val_recall@10=0.576331
Epoch 001 | Batch 14930 | K-values: K1=24, K10=24, K20=30, K50=24, K100=26
Epoch 001 | Batch 14940 | val_kld=0.745994 | val_ordacc@10=0.163025 | val_recall@10=0.582244
Epoch 001 | Batch 14940 | K-values: K1=14, K10=22, K20=31, K50=31, K100=30
Epoch 001 | Batch 14950 | val_kld=0.736782 | val_ordacc@10=0.165959 | val_recall@10=0.583706
Epoch 001 | Batch 14950 | K-values: K1=25, K10=32, K20=33, K50=17, K100=21
Epoch 001 | Batch 14960 | val_kld=0.743350 | val_ordacc@10=0.164153 | val_recall@10=0.577593
Epoch 001 | Batch 14960 | K-values: K1=29, K10=18, K20=33, K50=18, K100=30
Epoch 001 | Batch 14970 | val_kld=0.738185 | val_ordacc@10=0.167248 | val_recall@10=0.584682
Epoch 001 | Batch 14970 | K-values: K1=27, K10=28, K20=24, K50=24, K100=25
Epoch 001 | Batch 14980 | val_kld=0.741318 | val_ordacc@10=0.166615 | val_recall@10=0.583102
Epoch 001 | Batch 14980 | K-values: K1=20, K10=23, K20=23, K50=35, K100=27
Epoch 001 | Batch 14990 | val_kld=0.739214 | val_ordacc@10=0.165487 | val_recall@10=0.583936
Epoch 001 | Batch 14990 | K-values: K1=31, K10=27, K20=30, K50=29, K100=11
Epoch 001 | Batch 15000 | val_kld=0.740427 | val_ordacc@10=0.164977 | val_recall@10=0.580075
Epoch 001 | Batch 15000 | K-values: K1=28, K10=30, K20=23, K50=19, K100=28
Epoch 001 | Batch 15010 | val_kld=0.733309 | val_ordacc@10=0.167596 | val_recall@10=0.581333
Epoch 001 | Batch 15010 | K-values: K1=23, K10=28, K20=21, K50=29, K100=27
Epoch 001 | Batch 15020 | val_kld=0.737314 | val_ordacc@10=0.166569 | val_recall@10=0.581578
Epoch 001 | Batch 15020 | K-values: K1=23, K10=21, K20=27, K50=31, K100=26
Epoch 001 | Batch 15030 | val_kld=0.738069 | val_ordacc@10=0.164763 | val_recall@10=0.583223
Epoch 001 | Batch 15030 | K-values: K1=21, K10=29, K20=30, K50=20, K100=28
Epoch 001 | Batch 15040 | val_kld=0.738970 | val_ordacc@10=0.164567 | val_recall@10=0.578626
Epoch 001 | Batch 15040 | K-values: K1=15, K10=23, K20=24, K50=26, K100=40
Epoch 001 | Batch 15050 | val_kld=0.737840 | val_ordacc@10=0.166631 | val_recall@10=0.578904
Epoch 001 | Batch 15050 | K-values: K1=30, K10=30, K20=36, K50=14, K100=18
Epoch 001 | Batch 15060 | val_kld=0.737625 | val_ordacc@10=0.165897 | val_recall@10=0.581030
Epoch 001 | Batch 15060 | K-values: K1=26, K10=30, K20=25, K50=20, K100=27
Epoch 001 | Batch 15070 | val_kld=0.734804 | val_ordacc@10=0.166638 | val_recall@10=0.581236
Epoch 001 | Batch 15070 | K-values: K1=21, K10=28, K20=22, K50=27, K100=30
Epoch 001 | Batch 15080 | val_kld=0.737113 | val_ordacc@10=0.167185 | val_recall@10=0.582117
Epoch 001 | Batch 15080 | K-values: K1=24, K10=24, K20=33, K50=25, K100=22
Epoch 001 | Batch 15090 | val_kld=0.741774 | val_ordacc@10=0.165048 | val_recall@10=0.576921
Epoch 001 | Batch 15090 | K-values: K1=18, K10=28, K20=26, K50=28, K100=28
Epoch 001 | Batch 15100 | val_kld=0.738236 | val_ordacc@10=0.165803 | val_recall@10=0.581059
Epoch 001 | Batch 15100 | K-values: K1=22, K10=33, K20=26, K50=30, K100=17
Epoch 001 | Batch 15110 | val_kld=0.740655 | val_ordacc@10=0.164788 | val_recall@10=0.580658
Epoch 001 | Batch 15110 | K-values: K1=32, K10=23, K20=24, K50=23, K100=26
Epoch 001 | Batch 15120 | val_kld=0.741111 | val_ordacc@10=0.164149 | val_recall@10=0.577088
Epoch 001 | Batch 15120 | K-values: K1=21, K10=31, K20=30, K50=25, K100=21
Epoch 001 | Batch 15130 | val_kld=0.739379 | val_ordacc@10=0.164720 | val_recall@10=0.578386
Epoch 001 | Batch 15130 | K-values: K1=20, K10=29, K20=27, K50=28, K100=24
Epoch 001 | Batch 15140 | val_kld=0.740572 | val_ordacc@10=0.164130 | val_recall@10=0.579471
Epoch 001 | Batch 15140 | K-values: K1=28, K10=24, K20=19, K50=31, K100=26
Epoch 001 | Batch 15150 | val_kld=0.736759 | val_ordacc@10=0.165571 | val_recall@10=0.582885
Epoch 001 | Batch 15150 | K-values: K1=18, K10=25, K20=27, K50=26, K100=32
Epoch 001 | Batch 15160 | val_kld=0.738763 | val_ordacc@10=0.164714 | val_recall@10=0.582882
Epoch 001 | Batch 15160 | K-values: K1=27, K10=31, K20=24, K50=27, K100=19
Epoch 001 | Batch 15170 | val_kld=0.744657 | val_ordacc@10=0.164706 | val_recall@10=0.578094
Epoch 001 | Batch 15170 | K-values: K1=23, K10=31, K20=24, K50=19, K100=31
Epoch 001 | Batch 15180 | val_kld=0.738093 | val_ordacc@10=0.166488 | val_recall@10=0.576941
Epoch 001 | Batch 15180 | K-values: K1=18, K10=25, K20=31, K50=21, K100=33
Epoch 001 | Batch 15190 | val_kld=0.739204 | val_ordacc@10=0.166243 | val_recall@10=0.583253
Epoch 001 | Batch 15190 | K-values: K1=21, K10=28, K20=36, K50=28, K100=15
Epoch 001 | Batch 15200 | val_kld=0.738111 | val_ordacc@10=0.167059 | val_recall@10=0.582413
Epoch 001 | Batch 15200 | K-values: K1=25, K10=19, K20=25, K50=27, K100=32
Epoch 001 | Batch 15210 | val_kld=0.742195 | val_ordacc@10=0.163220 | val_recall@10=0.575954
Epoch 001 | Batch 15210 | K-values: K1=22, K10=23, K20=27, K50=31, K100=25
Epoch 001 | Batch 15220 | val_kld=0.735149 | val_ordacc@10=0.166797 | val_recall@10=0.584960
Epoch 001 | Batch 15220 | K-values: K1=28, K10=20, K20=25, K50=29, K100=26
Epoch 001 | Batch 15230 | val_kld=0.736976 | val_ordacc@10=0.167632 | val_recall@10=0.584231
Epoch 001 | Batch 15230 | K-values: K1=25, K10=25, K20=25, K50=30, K100=23
Epoch 001 | Batch 15240 | val_kld=0.735984 | val_ordacc@10=0.166659 | val_recall@10=0.585290
Epoch 001 | Batch 15240 | K-values: K1=22, K10=28, K20=35, K50=24, K100=19
Epoch 001 | Batch 15250 | val_kld=0.737789 | val_ordacc@10=0.165042 | val_recall@10=0.580167
Epoch 001 | Batch 15250 | K-values: K1=39, K10=19, K20=17, K50=32, K100=21
Epoch 001 | Batch 15260 | val_kld=0.744635 | val_ordacc@10=0.163284 | val_recall@10=0.578726
Epoch 001 | Batch 15260 | K-values: K1=23, K10=34, K20=23, K50=28, K100=20
Epoch 001 | Batch 15270 | val_kld=0.737725 | val_ordacc@10=0.165806 | val_recall@10=0.581330
Epoch 001 | Batch 15270 | K-values: K1=30, K10=24, K20=27, K50=23, K100=24
Epoch 001 | Batch 15280 | val_kld=0.741567 | val_ordacc@10=0.165954 | val_recall@10=0.583307
Epoch 001 | Batch 15280 | K-values: K1=20, K10=29, K20=32, K50=21, K100=26
Epoch 001 | Batch 15290 | val_kld=0.734004 | val_ordacc@10=0.168068 | val_recall@10=0.581540
Epoch 001 | Batch 15290 | K-values: K1=28, K10=22, K20=28, K50=18, K100=32
Epoch 001 | Batch 15300 | val_kld=0.742498 | val_ordacc@10=0.165395 | val_recall@10=0.584160
Epoch 001 | Batch 15300 | K-values: K1=30, K10=29, K20=26, K50=23, K100=20
Epoch 001 | Batch 15310 | val_kld=0.743849 | val_ordacc@10=0.162340 | val_recall@10=0.576416
Epoch 001 | Batch 15310 | K-values: K1=25, K10=27, K20=26, K50=23, K100=27
Epoch 001 | Batch 15320 | val_kld=0.736783 | val_ordacc@10=0.165736 | val_recall@10=0.583236
Epoch 001 | Batch 15320 | K-values: K1=19, K10=24, K20=29, K50=27, K100=29
Epoch 001 | Batch 15330 | val_kld=0.737652 | val_ordacc@10=0.166118 | val_recall@10=0.581821
Epoch 001 | Batch 15330 | K-values: K1=26, K10=23, K20=25, K50=34, K100=20
Epoch 001 | Batch 15340 | val_kld=0.742842 | val_ordacc@10=0.164879 | val_recall@10=0.580259
Epoch 001 | Batch 15340 | K-values: K1=23, K10=25, K20=24, K50=29, K100=27
Epoch 001 | Batch 15350 | val_kld=0.735448 | val_ordacc@10=0.166705 | val_recall@10=0.578237
Epoch 001 | Batch 15350 | K-values: K1=32, K10=28, K20=27, K50=21, K100=20
Epoch 001 | Batch 15360 | val_kld=0.736321 | val_ordacc@10=0.166723 | val_recall@10=0.580417
Epoch 001 | Batch 15360 | K-values: K1=21, K10=28, K20=23, K50=25, K100=31
Epoch 001 | Batch 15370 | val_kld=0.741190 | val_ordacc@10=0.164761 | val_recall@10=0.579028
Epoch 001 | Batch 15370 | K-values: K1=20, K10=21, K20=24, K50=31, K100=32
Epoch 001 | Batch 15380 | val_kld=0.738394 | val_ordacc@10=0.166940 | val_recall@10=0.583374
Epoch 001 | Batch 15380 | K-values: K1=25, K10=24, K20=26, K50=26, K100=27
Epoch 001 | Batch 15390 | val_kld=0.735848 | val_ordacc@10=0.166954 | val_recall@10=0.579121
Epoch 001 | Batch 15390 | K-values: K1=19, K10=26, K20=26, K50=32, K100=25
Epoch 001 | Batch 15400 | val_kld=0.734921 | val_ordacc@10=0.166308 | val_recall@10=0.580427
Epoch 001 | Batch 15400 | K-values: K1=22, K10=18, K20=32, K50=28, K100=28
Epoch 001 | Batch 15410 | val_kld=0.745070 | val_ordacc@10=0.162658 | val_recall@10=0.580400
Epoch 001 | Batch 15410 | K-values: K1=24, K10=28, K20=31, K50=22, K100=23
Epoch 001 | Batch 15420 | val_kld=0.735965 | val_ordacc@10=0.166693 | val_recall@10=0.581113
Epoch 001 | Batch 15420 | K-values: K1=32, K10=27, K20=18, K50=21, K100=30
Epoch 001 | Batch 15430 | val_kld=0.742776 | val_ordacc@10=0.163682 | val_recall@10=0.582143
Epoch 001 | Batch 15430 | K-values: K1=31, K10=30, K20=26, K50=17, K100=24
Epoch 001 | Batch 15440 | val_kld=0.736515 | val_ordacc@10=0.167271 | val_recall@10=0.584144
Epoch 001 | Batch 15440 | K-values: K1=36, K10=22, K20=24, K50=27, K100=19
Epoch 001 | Batch 15450 | val_kld=0.732974 | val_ordacc@10=0.166872 | val_recall@10=0.579712
Epoch 001 | Batch 15450 | K-values: K1=28, K10=21, K20=33, K50=18, K100=28
Epoch 001 | Batch 15460 | val_kld=0.740999 | val_ordacc@10=0.165396 | val_recall@10=0.578626
Epoch 001 | Batch 15460 | K-values: K1=25, K10=30, K20=19, K50=30, K100=24
Epoch 001 | Batch 15470 | val_kld=0.741407 | val_ordacc@10=0.164122 | val_recall@10=0.579428
Epoch 001 | Batch 15470 | K-values: K1=28, K10=32, K20=27, K50=24, K100=17
Epoch 001 | Batch 15480 | val_kld=0.735205 | val_ordacc@10=0.167778 | val_recall@10=0.580694
Epoch 001 | Batch 15480 | K-values: K1=25, K10=29, K20=28, K50=22, K100=24
Epoch 001 | Batch 15490 | val_kld=0.737894 | val_ordacc@10=0.166494 | val_recall@10=0.582186
Epoch 001 | Batch 15490 | K-values: K1=32, K10=16, K20=26, K50=29, K100=25
Epoch 001 | Batch 15500 | val_kld=0.740317 | val_ordacc@10=0.165468 | val_recall@10=0.581241
Epoch 001 | Batch 15500 | K-values: K1=18, K10=35, K20=22, K50=26, K100=27
Epoch 001 | Batch 15510 | val_kld=0.738590 | val_ordacc@10=0.165099 | val_recall@10=0.586044
Epoch 001 | Batch 15510 | K-values: K1=20, K10=35, K20=24, K50=22, K100=27
Epoch 001 | Batch 15520 | val_kld=0.735416 | val_ordacc@10=0.166448 | val_recall@10=0.579444
Epoch 001 | Batch 15520 | K-values: K1=28, K10=32, K20=25, K50=21, K100=22
Epoch 001 | Batch 15530 | val_kld=0.740183 | val_ordacc@10=0.165444 | val_recall@10=0.578010
Epoch 001 | Batch 15530 | K-values: K1=27, K10=23, K20=25, K50=26, K100=27
Epoch 001 | Batch 15540 | val_kld=0.733334 | val_ordacc@10=0.167298 | val_recall@10=0.580560
Epoch 001 | Batch 15540 | K-values: K1=24, K10=28, K20=30, K50=24, K100=22
Epoch 001 | Batch 15550 | val_kld=0.737441 | val_ordacc@10=0.164678 | val_recall@10=0.581227
Epoch 001 | Batch 15550 | K-values: K1=27, K10=21, K20=28, K50=26, K100=26
Epoch 001 | Batch 15560 | val_kld=0.735572 | val_ordacc@10=0.166721 | val_recall@10=0.581265
Epoch 001 | Batch 15560 | K-values: K1=26, K10=28, K20=24, K50=24, K100=26
Epoch 001 | Batch 15570 | val_kld=0.732872 | val_ordacc@10=0.167913 | val_recall@10=0.579230
Epoch 001 | Batch 15570 | K-values: K1=26, K10=23, K20=31, K50=25, K100=23
Epoch 001 | Batch 15580 | val_kld=0.740820 | val_ordacc@10=0.164674 | val_recall@10=0.577636
Epoch 001 | Batch 15580 | K-values: K1=23, K10=27, K20=25, K50=24, K100=29
Epoch 001 | Batch 15590 | val_kld=0.739811 | val_ordacc@10=0.164688 | val_recall@10=0.579082
Epoch 001 | Batch 15590 | K-values: K1=31, K10=24, K20=21, K50=23, K100=29
Epoch 001 | Batch 15600 | val_kld=0.736632 | val_ordacc@10=0.167156 | val_recall@10=0.580369
Epoch 001 | Batch 15600 | K-values: K1=17, K10=33, K20=33, K50=23, K100=22
Epoch 001 | Batch 15610 | val_kld=0.737379 | val_ordacc@10=0.166495 | val_recall@10=0.581310
Epoch 001 | Batch 15610 | K-values: K1=20, K10=28, K20=26, K50=26, K100=28
Epoch 001 | Batch 15620 | val_kld=0.738118 | val_ordacc@10=0.165466 | val_recall@10=0.582070
Epoch 001 | Batch 15620 | K-values: K1=30, K10=22, K20=24, K50=23, K100=29
Epoch 001 | Batch 15630 | val_kld=0.743412 | val_ordacc@10=0.164012 | val_recall@10=0.578421
Epoch 001 | Batch 15630 | K-values: K1=26, K10=26, K20=22, K50=27, K100=27
Epoch 001 | Batch 15640 | val_kld=0.736533 | val_ordacc@10=0.166901 | val_recall@10=0.581074
Epoch 001 | Batch 15640 | K-values: K1=20, K10=25, K20=19, K50=35, K100=29
Epoch 001 | Batch 15650 | val_kld=0.736491 | val_ordacc@10=0.165616 | val_recall@10=0.579974
Epoch 001 | Batch 15650 | K-values: K1=19, K10=23, K20=26, K50=27, K100=33
Epoch 001 | Batch 15660 | val_kld=0.737363 | val_ordacc@10=0.166893 | val_recall@10=0.581062
Epoch 001 | Batch 15660 | K-values: K1=22, K10=30, K20=29, K50=23, K100=24
Epoch 001 | Batch 15670 | val_kld=0.734548 | val_ordacc@10=0.167079 | val_recall@10=0.581320
Epoch 001 | Batch 15670 | K-values: K1=25, K10=29, K20=22, K50=29, K100=23
Epoch 001 | Batch 15680 | val_kld=0.735181 | val_ordacc@10=0.167016 | val_recall@10=0.582745
Epoch 001 | Batch 15680 | K-values: K1=27, K10=24, K20=25, K50=28, K100=24
Epoch 001 | Batch 15690 | val_kld=0.734499 | val_ordacc@10=0.166374 | val_recall@10=0.580212
Epoch 001 | Batch 15690 | K-values: K1=28, K10=25, K20=28, K50=31, K100=16
Epoch 001 | Batch 15700 | val_kld=0.735571 | val_ordacc@10=0.166464 | val_recall@10=0.580300
Epoch 001 | Batch 15700 | K-values: K1=27, K10=27, K20=28, K50=14, K100=32
Epoch 001 | Batch 15710 | val_kld=0.741109 | val_ordacc@10=0.165806 | val_recall@10=0.582988
Epoch 001 | Batch 15710 | K-values: K1=28, K10=30, K20=22, K50=30, K100=18
Epoch 001 | Batch 15720 | val_kld=0.737984 | val_ordacc@10=0.166282 | val_recall@10=0.585186
Epoch 001 | Batch 15720 | K-values: K1=19, K10=20, K20=24, K50=38, K100=27
Epoch 001 | Batch 15730 | val_kld=0.735343 | val_ordacc@10=0.165543 | val_recall@10=0.576236
Epoch 001 | Batch 15730 | K-values: K1=27, K10=32, K20=20, K50=24, K100=25
Epoch 001 | Batch 15740 | val_kld=0.740192 | val_ordacc@10=0.165330 | val_recall@10=0.580378
Epoch 001 | Batch 15740 | K-values: K1=23, K10=23, K20=36, K50=22, K100=24
Epoch 001 | Batch 15750 | val_kld=0.744998 | val_ordacc@10=0.161788 | val_recall@10=0.582690
Epoch 001 | Batch 15750 | K-values: K1=23, K10=25, K20=29, K50=27, K100=24
Epoch 001 | Batch 15760 | val_kld=0.736135 | val_ordacc@10=0.166202 | val_recall@10=0.582792
Epoch 001 | Batch 15760 | K-values: K1=29, K10=17, K20=27, K50=26, K100=29
Epoch 001 | Batch 15770 | val_kld=0.733889 | val_ordacc@10=0.167883 | val_recall@10=0.580323
Epoch 001 | Batch 15770 | K-values: K1=23, K10=23, K20=25, K50=24, K100=33
Epoch 001 | Batch 15780 | val_kld=0.738700 | val_ordacc@10=0.164294 | val_recall@10=0.578490
Epoch 001 | Batch 15780 | K-values: K1=21, K10=29, K20=28, K50=25, K100=25
Epoch 001 | Batch 15790 | val_kld=0.732471 | val_ordacc@10=0.166965 | val_recall@10=0.584485
Epoch 001 | Batch 15790 | K-values: K1=19, K10=30, K20=24, K50=27, K100=28
Epoch 001 | Batch 15800 | val_kld=0.739753 | val_ordacc@10=0.166193 | val_recall@10=0.582757
Epoch 001 | Batch 15800 | K-values: K1=25, K10=26, K20=28, K50=24, K100=25
Epoch 001 | Batch 15810 | val_kld=0.743040 | val_ordacc@10=0.163594 | val_recall@10=0.577524
Epoch 001 | Batch 15810 | K-values: K1=18, K10=27, K20=33, K50=21, K100=29
Epoch 001 | Batch 15820 | val_kld=0.736662 | val_ordacc@10=0.166780 | val_recall@10=0.581879
Epoch 001 | Batch 15820 | K-values: K1=24, K10=27, K20=31, K50=32, K100=14
Epoch 001 | Batch 15830 | val_kld=0.734456 | val_ordacc@10=0.166859 | val_recall@10=0.578000
Epoch 001 | Batch 15830 | K-values: K1=21, K10=23, K20=23, K50=28, K100=33
Epoch 001 | Batch 15840 | val_kld=0.739785 | val_ordacc@10=0.166398 | val_recall@10=0.583950
Epoch 001 | Batch 15840 | K-values: K1=26, K10=22, K20=29, K50=29, K100=22
Epoch 001 | Batch 15850 | val_kld=0.739691 | val_ordacc@10=0.166009 | val_recall@10=0.579802
Epoch 001 | Batch 15850 | K-values: K1=22, K10=35, K20=20, K50=19, K100=32
Epoch 001 | Batch 15860 | val_kld=0.734647 | val_ordacc@10=0.166834 | val_recall@10=0.580676
Epoch 001 | Batch 15860 | K-values: K1=21, K10=24, K20=33, K50=21, K100=29
Epoch 001 | Batch 15870 | val_kld=0.739114 | val_ordacc@10=0.164700 | val_recall@10=0.579479
Epoch 001 | Batch 15870 | K-values: K1=29, K10=32, K20=16, K50=33, K100=18
Epoch 001 | Batch 15880 | val_kld=0.736485 | val_ordacc@10=0.166385 | val_recall@10=0.581840
Epoch 001 | Batch 15880 | K-values: K1=23, K10=32, K20=32, K50=17, K100=24
Epoch 001 | Batch 15890 | val_kld=0.740092 | val_ordacc@10=0.164244 | val_recall@10=0.577308
Epoch 001 | Batch 15890 | K-values: K1=34, K10=22, K20=23, K50=28, K100=21
Epoch 001 | Batch 15900 | val_kld=0.743719 | val_ordacc@10=0.163084 | val_recall@10=0.579578
Epoch 001 | Batch 15900 | K-values: K1=27, K10=32, K20=23, K50=22, K100=24
Epoch 001 | Batch 15910 | val_kld=0.735735 | val_ordacc@10=0.167523 | val_recall@10=0.582359
Epoch 001 | Batch 15910 | K-values: K1=22, K10=32, K20=16, K50=30, K100=28
Epoch 001 | Batch 15920 | val_kld=0.733505 | val_ordacc@10=0.167933 | val_recall@10=0.581683
Epoch 001 | Batch 15920 | K-values: K1=27, K10=26, K20=25, K50=25, K100=25
Epoch 001 | Batch 15930 | val_kld=0.735279 | val_ordacc@10=0.166428 | val_recall@10=0.583256
Epoch 001 | Batch 15930 | K-values: K1=37, K10=27, K20=21, K50=24, K100=19
Epoch 001 | Batch 15940 | val_kld=0.737774 | val_ordacc@10=0.165937 | val_recall@10=0.581911
Epoch 001 | Batch 15940 | K-values: K1=33, K10=22, K20=30, K50=18, K100=25
Epoch 001 | Batch 15950 | val_kld=0.738885 | val_ordacc@10=0.164804 | val_recall@10=0.577458
Epoch 001 | Batch 15950 | K-values: K1=27, K10=28, K20=24, K50=25, K100=24
Epoch 001 | Batch 15960 | val_kld=0.738200 | val_ordacc@10=0.164996 | val_recall@10=0.579745
Epoch 001 | Batch 15960 | K-values: K1=27, K10=20, K20=28, K50=33, K100=20
Epoch 001 | Batch 15970 | val_kld=0.743705 | val_ordacc@10=0.164480 | val_recall@10=0.580318
Epoch 001 | Batch 15970 | K-values: K1=31, K10=27, K20=24, K50=29, K100=17
Epoch 001 | Batch 15980 | val_kld=0.734653 | val_ordacc@10=0.167600 | val_recall@10=0.584803
Epoch 001 | Batch 15980 | K-values: K1=17, K10=28, K20=25, K50=32, K100=26
Epoch 001 | Batch 15990 | val_kld=0.738082 | val_ordacc@10=0.165685 | val_recall@10=0.580699
Epoch 001 | Batch 15990 | K-values: K1=21, K10=28, K20=23, K50=28, K100=28
Epoch 001 | Batch 16000 | val_kld=0.735204 | val_ordacc@10=0.167000 | val_recall@10=0.582607
Epoch 001 | Batch 16000 | K-values: K1=23, K10=33, K20=25, K50=16, K100=31
Epoch 001 | Batch 16010 | val_kld=0.738709 | val_ordacc@10=0.166236 | val_recall@10=0.581502
Epoch 001 | Batch 16010 | K-values: K1=31, K10=21, K20=25, K50=24, K100=27
Epoch 001 | Batch 16020 | val_kld=0.739623 | val_ordacc@10=0.165987 | val_recall@10=0.580856
Epoch 001 | Batch 16020 | K-values: K1=19, K10=26, K20=28, K50=28, K100=27
Epoch 001 | Batch 16030 | val_kld=0.735722 | val_ordacc@10=0.166171 | val_recall@10=0.579210
Epoch 001 | Batch 16030 | K-values: K1=21, K10=39, K20=31, K50=17, K100=20
Epoch 001 | Batch 16040 | val_kld=0.736403 | val_ordacc@10=0.167026 | val_recall@10=0.580908
Epoch 001 | Batch 16040 | K-values: K1=24, K10=23, K20=31, K50=26, K100=24
Epoch 001 | Batch 16050 | val_kld=0.736149 | val_ordacc@10=0.167136 | val_recall@10=0.579597
Epoch 001 | Batch 16050 | K-values: K1=22, K10=27, K20=33, K50=18, K100=28
Epoch 001 | Batch 16060 | val_kld=0.735378 | val_ordacc@10=0.166680 | val_recall@10=0.578588
Epoch 001 | Batch 16060 | K-values: K1=22, K10=21, K20=31, K50=30, K100=24
Epoch 001 | Batch 16070 | val_kld=0.738688 | val_ordacc@10=0.166428 | val_recall@10=0.583310
Epoch 001 | Batch 16070 | K-values: K1=17, K10=29, K20=25, K50=29, K100=28
Epoch 001 | Batch 16080 | val_kld=0.735233 | val_ordacc@10=0.166821 | val_recall@10=0.582203
Epoch 001 | Batch 16080 | K-values: K1=33, K10=17, K20=32, K50=27, K100=19
Epoch 001 | Batch 16090 | val_kld=0.735454 | val_ordacc@10=0.166377 | val_recall@10=0.580706
Epoch 001 | Batch 16090 | K-values: K1=21, K10=26, K20=21, K50=26, K100=34
Epoch 001 | Batch 16100 | val_kld=0.734062 | val_ordacc@10=0.166939 | val_recall@10=0.580966
Epoch 001 | Batch 16100 | K-values: K1=21, K10=31, K20=31, K50=22, K100=23
Epoch 001 | Batch 16110 | val_kld=0.740099 | val_ordacc@10=0.165150 | val_recall@10=0.583130
Epoch 001 | Batch 16110 | K-values: K1=24, K10=27, K20=23, K50=26, K100=28
Epoch 001 | Batch 16120 | val_kld=0.733725 | val_ordacc@10=0.167229 | val_recall@10=0.582343
Epoch 001 | Batch 16120 | K-values: K1=28, K10=29, K20=26, K50=23, K100=22
Epoch 001 | Batch 16130 | val_kld=0.734859 | val_ordacc@10=0.165878 | val_recall@10=0.578258
Epoch 001 | Batch 16130 | K-values: K1=20, K10=27, K20=25, K50=23, K100=33
Epoch 001 | Batch 16140 | val_kld=0.745851 | val_ordacc@10=0.161697 | val_recall@10=0.578246
Epoch 001 | Batch 16140 | K-values: K1=21, K10=24, K20=31, K50=21, K100=31
Epoch 001 | Batch 16150 | val_kld=0.739307 | val_ordacc@10=0.165305 | val_recall@10=0.581732
Epoch 001 | Batch 16150 | K-values: K1=30, K10=27, K20=26, K50=26, K100=19
Epoch 001 | Batch 16160 | val_kld=0.738625 | val_ordacc@10=0.166341 | val_recall@10=0.582684
Epoch 001 | Batch 16160 | K-values: K1=23, K10=27, K20=28, K50=25, K100=25
Epoch 001 | Batch 16170 | val_kld=0.734578 | val_ordacc@10=0.167023 | val_recall@10=0.581516
Epoch 001 | Batch 16170 | K-values: K1=25, K10=29, K20=26, K50=27, K100=21
Epoch 001 | Batch 16180 | val_kld=0.737132 | val_ordacc@10=0.166496 | val_recall@10=0.580983
Epoch 001 | Batch 16180 | K-values: K1=26, K10=32, K20=20, K50=23, K100=27
Epoch 001 | Batch 16190 | val_kld=0.742302 | val_ordacc@10=0.165115 | val_recall@10=0.581545
Epoch 001 | Batch 16190 | K-values: K1=29, K10=31, K20=22, K50=24, K100=22
Epoch 001 | Batch 16200 | val_kld=0.736837 | val_ordacc@10=0.166235 | val_recall@10=0.582136
Epoch 001 | Batch 16200 | K-values: K1=24, K10=28, K20=26, K50=22, K100=28
Epoch 001 | Batch 16210 | val_kld=0.737209 | val_ordacc@10=0.166310 | val_recall@10=0.579850
Epoch 001 | Batch 16210 | K-values: K1=17, K10=37, K20=30, K50=21, K100=23
Epoch 001 | Batch 16220 | val_kld=0.738124 | val_ordacc@10=0.165828 | val_recall@10=0.582587
Epoch 001 | Batch 16220 | K-values: K1=24, K10=21, K20=30, K50=24, K100=29
Epoch 001 | Batch 16230 | val_kld=0.741695 | val_ordacc@10=0.164892 | val_recall@10=0.579114
Epoch 001 | Batch 16230 | K-values: K1=30, K10=27, K20=25, K50=23, K100=23
Epoch 001 | Batch 16240 | val_kld=0.739939 | val_ordacc@10=0.165190 | val_recall@10=0.581716
Epoch 001 | Batch 16240 | K-values: K1=31, K10=15, K20=19, K50=35, K100=28
Epoch 001 | Batch 16250 | val_kld=0.736572 | val_ordacc@10=0.165357 | val_recall@10=0.578752
Epoch 001 | Batch 16250 | K-values: K1=24, K10=23, K20=20, K50=36, K100=25
Epoch 001 | Batch 16260 | val_kld=0.737129 | val_ordacc@10=0.164543 | val_recall@10=0.583609
Epoch 001 | Batch 16260 | K-values: K1=21, K10=30, K20=25, K50=23, K100=29
Epoch 001 | Batch 16270 | val_kld=0.740485 | val_ordacc@10=0.164742 | val_recall@10=0.581197
Epoch 001 | Batch 16270 | K-values: K1=29, K10=23, K20=32, K50=22, K100=22
Epoch 001 | Batch 16280 | val_kld=0.739061 | val_ordacc@10=0.166090 | val_recall@10=0.581847
Epoch 001 | Batch 16280 | K-values: K1=27, K10=34, K20=22, K50=22, K100=23
Epoch 001 | Batch 16290 | val_kld=0.740188 | val_ordacc@10=0.163819 | val_recall@10=0.583880
Epoch 001 | Batch 16290 | K-values: K1=31, K10=27, K20=23, K50=22, K100=25
Epoch 001 | Batch 16300 | val_kld=0.742063 | val_ordacc@10=0.164119 | val_recall@10=0.581891
Epoch 001 | Batch 16300 | K-values: K1=25, K10=26, K20=30, K50=23, K100=24
Epoch 001 | Batch 16310 | val_kld=0.733562 | val_ordacc@10=0.167497 | val_recall@10=0.578780
Epoch 001 | Batch 16310 | K-values: K1=24, K10=24, K20=25, K50=23, K100=32
Epoch 001 | Batch 16320 | val_kld=0.736834 | val_ordacc@10=0.165633 | val_recall@10=0.578952
Epoch 001 | Batch 16320 | K-values: K1=27, K10=24, K20=17, K50=31, K100=29
Epoch 001 | Batch 16330 | val_kld=0.738056 | val_ordacc@10=0.166532 | val_recall@10=0.586563
Epoch 001 | Batch 16330 | K-values: K1=24, K10=24, K20=35, K50=18, K100=27
Epoch 001 | Batch 16340 | val_kld=0.732700 | val_ordacc@10=0.167744 | val_recall@10=0.578849
Epoch 001 | Batch 16340 | K-values: K1=24, K10=19, K20=35, K50=25, K100=25
Epoch 001 | Batch 16350 | val_kld=0.729873 | val_ordacc@10=0.168076 | val_recall@10=0.583354
Epoch 001 | Batch 16350 | K-values: K1=25, K10=26, K20=30, K50=24, K100=23
Epoch 001 | Batch 16360 | val_kld=0.736712 | val_ordacc@10=0.166026 | val_recall@10=0.582637
Epoch 001 | Batch 16360 | K-values: K1=28, K10=25, K20=22, K50=21, K100=32
Epoch 001 | Batch 16370 | val_kld=0.741024 | val_ordacc@10=0.164493 | val_recall@10=0.581596
Epoch 001 | Batch 16370 | K-values: K1=32, K10=16, K20=31, K50=25, K100=24
Epoch 001 | Batch 16380 | val_kld=0.736626 | val_ordacc@10=0.165362 | val_recall@10=0.580526
Epoch 001 | Batch 16380 | K-values: K1=29, K10=27, K20=24, K50=21, K100=27
Epoch 001 | Batch 16390 | val_kld=0.734418 | val_ordacc@10=0.166515 | val_recall@10=0.580987
Epoch 001 | Batch 16390 | K-values: K1=31, K10=18, K20=23, K50=26, K100=30
Epoch 001 | Batch 16400 | val_kld=0.734324 | val_ordacc@10=0.166500 | val_recall@10=0.580494
Epoch 001 | Batch 16400 | K-values: K1=24, K10=20, K20=22, K50=33, K100=29
Epoch 001 | Batch 16410 | val_kld=0.737373 | val_ordacc@10=0.166820 | val_recall@10=0.583669
Epoch 001 | Batch 16410 | K-values: K1=30, K10=17, K20=29, K50=34, K100=18
Epoch 001 | Batch 16420 | val_kld=0.737584 | val_ordacc@10=0.166317 | val_recall@10=0.580462
Epoch 001 | Batch 16420 | K-values: K1=28, K10=29, K20=30, K50=23, K100=18
Epoch 001 | Batch 16430 | val_kld=0.738580 | val_ordacc@10=0.166103 | val_recall@10=0.580436
Epoch 001 | Batch 16430 | K-values: K1=24, K10=24, K20=23, K50=27, K100=30
Epoch 001 | Batch 16440 | val_kld=0.740694 | val_ordacc@10=0.164395 | val_recall@10=0.581199
Epoch 001 | Batch 16440 | K-values: K1=20, K10=16, K20=29, K50=28, K100=35
Epoch 001 | Batch 16450 | val_kld=0.737220 | val_ordacc@10=0.165720 | val_recall@10=0.582925
Epoch 001 | Batch 16450 | K-values: K1=24, K10=18, K20=32, K50=29, K100=25
Epoch 001 | Batch 16460 | val_kld=0.736292 | val_ordacc@10=0.166219 | val_recall@10=0.579701
Epoch 001 | Batch 16460 | K-values: K1=22, K10=28, K20=27, K50=26, K100=25
Epoch 001 | Batch 16470 | val_kld=0.741025 | val_ordacc@10=0.164549 | val_recall@10=0.578737
Epoch 001 | Batch 16470 | K-values: K1=28, K10=20, K20=19, K50=28, K100=33
Epoch 001 | Batch 16480 | val_kld=0.737032 | val_ordacc@10=0.166613 | val_recall@10=0.583711
Epoch 001 | Batch 16480 | K-values: K1=31, K10=22, K20=30, K50=23, K100=22
Epoch 001 | Batch 16490 | val_kld=0.738353 | val_ordacc@10=0.165812 | val_recall@10=0.581498
Epoch 001 | Batch 16490 | K-values: K1=30, K10=25, K20=23, K50=18, K100=32
Epoch 001 | Batch 16500 | val_kld=0.739349 | val_ordacc@10=0.164950 | val_recall@10=0.583471
Epoch 001 | Batch 16500 | K-values: K1=28, K10=32, K20=30, K50=20, K100=18
Epoch 001 | Batch 16510 | val_kld=0.730656 | val_ordacc@10=0.168383 | val_recall@10=0.580188
Epoch 001 | Batch 16510 | K-values: K1=23, K10=31, K20=28, K50=22, K100=24
Epoch 001 | Batch 16520 | val_kld=0.741889 | val_ordacc@10=0.163603 | val_recall@10=0.574883
Epoch 001 | Batch 16520 | K-values: K1=31, K10=22, K20=23, K50=24, K100=28
Epoch 001 | Batch 16530 | val_kld=0.737123 | val_ordacc@10=0.166752 | val_recall@10=0.584686
Epoch 001 | Batch 16530 | K-values: K1=22, K10=28, K20=29, K50=26, K100=23
Epoch 001 | Batch 16540 | val_kld=0.740291 | val_ordacc@10=0.165386 | val_recall@10=0.579242
Epoch 001 | Batch 16540 | K-values: K1=27, K10=21, K20=26, K50=24, K100=30
Epoch 001 | Batch 16550 | val_kld=0.738888 | val_ordacc@10=0.166384 | val_recall@10=0.580788
Epoch 001 | Batch 16550 | K-values: K1=26, K10=23, K20=21, K50=34, K100=24
Epoch 001 | Batch 16560 | val_kld=0.738478 | val_ordacc@10=0.164212 | val_recall@10=0.577461
Epoch 001 | Batch 16560 | K-values: K1=20, K10=36, K20=23, K50=26, K100=23
Epoch 001 | Batch 16570 | val_kld=0.737129 | val_ordacc@10=0.165406 | val_recall@10=0.580735
Epoch 001 | Batch 16570 | K-values: K1=20, K10=24, K20=28, K50=31, K100=25
Epoch 001 | Batch 16580 | val_kld=0.738076 | val_ordacc@10=0.164460 | val_recall@10=0.580358
Epoch 001 | Batch 16580 | K-values: K1=25, K10=21, K20=23, K50=33, K100=26
Epoch 001 | Batch 16590 | val_kld=0.732885 | val_ordacc@10=0.167542 | val_recall@10=0.580548
Epoch 001 | Batch 16590 | K-values: K1=27, K10=29, K20=30, K50=18, K100=24
Epoch 001 | Batch 16600 | val_kld=0.732586 | val_ordacc@10=0.168417 | val_recall@10=0.578140
Epoch 001 | Batch 16600 | K-values: K1=25, K10=31, K20=21, K50=27, K100=24
Epoch 001 | Batch 16610 | val_kld=0.734380 | val_ordacc@10=0.166872 | val_recall@10=0.581549
Epoch 001 | Batch 16610 | K-values: K1=21, K10=29, K20=29, K50=26, K100=23
Epoch 001 | Batch 16620 | val_kld=0.735880 | val_ordacc@10=0.167029 | val_recall@10=0.582716
Epoch 001 | Batch 16620 | K-values: K1=29, K10=31, K20=26, K50=23, K100=19
Epoch 001 | Batch 16630 | val_kld=0.734039 | val_ordacc@10=0.166924 | val_recall@10=0.582358
Epoch 001 | Batch 16630 | K-values: K1=25, K10=26, K20=20, K50=23, K100=34
Epoch 001 | Batch 16640 | val_kld=0.740239 | val_ordacc@10=0.165624 | val_recall@10=0.581650
Epoch 001 | Batch 16640 | K-values: K1=26, K10=24, K20=28, K50=29, K100=21
Epoch 001 | Batch 16650 | val_kld=0.733273 | val_ordacc@10=0.167594 | val_recall@10=0.580063
Epoch 001 | Batch 16650 | K-values: K1=27, K10=23, K20=26, K50=31, K100=21
Epoch 001 | Batch 16660 | val_kld=0.741785 | val_ordacc@10=0.164871 | val_recall@10=0.577171
Epoch 001 | Batch 16660 | K-values: K1=27, K10=28, K20=22, K50=22, K100=29
Epoch 001 | Batch 16670 | val_kld=0.734330 | val_ordacc@10=0.166871 | val_recall@10=0.579102
Epoch 001 | Batch 16670 | K-values: K1=18, K10=26, K20=27, K50=31, K100=26
Epoch 001 | Batch 16680 | val_kld=0.733840 | val_ordacc@10=0.167440 | val_recall@10=0.582578
Epoch 001 | Batch 16680 | K-values: K1=23, K10=25, K20=24, K50=26, K100=30
Epoch 001 | Batch 16690 | val_kld=0.739570 | val_ordacc@10=0.164110 | val_recall@10=0.580306
Epoch 001 | Batch 16690 | K-values: K1=29, K10=36, K20=26, K50=18, K100=19
Epoch 001 | Batch 16700 | val_kld=0.735204 | val_ordacc@10=0.165944 | val_recall@10=0.580352
Epoch 001 | Batch 16700 | K-values: K1=24, K10=30, K20=22, K50=23, K100=29
Epoch 001 | Batch 16710 | val_kld=0.740370 | val_ordacc@10=0.164572 | val_recall@10=0.580316
Epoch 001 | Batch 16710 | K-values: K1=26, K10=22, K20=26, K50=30, K100=24
Epoch 001 | Batch 16720 | val_kld=0.739529 | val_ordacc@10=0.164968 | val_recall@10=0.578388
Epoch 001 | Batch 16720 | K-values: K1=22, K10=22, K20=20, K50=35, K100=29
Epoch 001 | Batch 16730 | val_kld=0.734013 | val_ordacc@10=0.168065 | val_recall@10=0.585678
Epoch 001 | Batch 16730 | K-values: K1=23, K10=25, K20=31, K50=26, K100=23
Epoch 001 | Batch 16740 | val_kld=0.742363 | val_ordacc@10=0.163905 | val_recall@10=0.581399
Epoch 001 | Batch 16740 | K-values: K1=26, K10=28, K20=25, K50=28, K100=21
Epoch 001 | Batch 16750 | val_kld=0.738610 | val_ordacc@10=0.166055 | val_recall@10=0.579315
Epoch 001 | Batch 16750 | K-values: K1=15, K10=25, K20=26, K50=31, K100=31
Epoch 001 | Batch 16760 | val_kld=0.733092 | val_ordacc@10=0.166870 | val_recall@10=0.582192
Epoch 001 | Batch 16760 | K-values: K1=30, K10=22, K20=27, K50=27, K100=22
Epoch 001 | Batch 16770 | val_kld=0.736339 | val_ordacc@10=0.167344 | val_recall@10=0.581544
Epoch 001 | Batch 16770 | K-values: K1=29, K10=24, K20=23, K50=25, K100=27
Epoch 001 | Batch 16780 | val_kld=0.733704 | val_ordacc@10=0.165790 | val_recall@10=0.583557
Epoch 001 | Batch 16780 | K-values: K1=26, K10=23, K20=23, K50=28, K100=28
Epoch 001 | Batch 16790 | val_kld=0.737107 | val_ordacc@10=0.166904 | val_recall@10=0.581372
Epoch 001 | Batch 16790 | K-values: K1=31, K10=30, K20=21, K50=26, K100=20
Epoch 001 | Batch 16800 | val_kld=0.738407 | val_ordacc@10=0.164776 | val_recall@10=0.577725
Epoch 001 | Batch 16800 | K-values: K1=29, K10=27, K20=31, K50=20, K100=21
Epoch 001 | Batch 16810 | val_kld=0.731231 | val_ordacc@10=0.168436 | val_recall@10=0.583337
Epoch 001 | Batch 16810 | K-values: K1=27, K10=27, K20=22, K50=27, K100=25
Epoch 001 | Batch 16820 | val_kld=0.734705 | val_ordacc@10=0.165612 | val_recall@10=0.581170
Epoch 001 | Batch 16820 | K-values: K1=20, K10=26, K20=28, K50=30, K100=24
Epoch 001 | Batch 16830 | val_kld=0.734696 | val_ordacc@10=0.166912 | val_recall@10=0.578304
Epoch 001 | Batch 16830 | K-values: K1=21, K10=19, K20=30, K50=32, K100=26
Epoch 001 | Batch 16840 | val_kld=0.737455 | val_ordacc@10=0.165398 | val_recall@10=0.579438
Epoch 001 | Batch 16840 | K-values: K1=27, K10=27, K20=22, K50=24, K100=28
Epoch 001 | Batch 16850 | val_kld=0.732937 | val_ordacc@10=0.167784 | val_recall@10=0.582181
Epoch 001 | Batch 16850 | K-values: K1=25, K10=29, K20=27, K50=26, K100=21
Epoch 001 | Batch 16860 | val_kld=0.730244 | val_ordacc@10=0.168026 | val_recall@10=0.580408
Epoch 001 | Batch 16860 | K-values: K1=22, K10=25, K20=36, K50=29, K100=16
Epoch 001 | Batch 16870 | val_kld=0.739339 | val_ordacc@10=0.164520 | val_recall@10=0.578917
Epoch 001 | Batch 16870 | K-values: K1=31, K10=25, K20=26, K50=24, K100=22
Epoch 001 | Batch 16880 | val_kld=0.737688 | val_ordacc@10=0.166090 | val_recall@10=0.582417
Epoch 001 | Batch 16880 | K-values: K1=27, K10=16, K20=27, K50=33, K100=25
Epoch 001 | Batch 16890 | val_kld=0.743824 | val_ordacc@10=0.163152 | val_recall@10=0.580789
Epoch 001 | Batch 16890 | K-values: K1=19, K10=26, K20=23, K50=29, K100=31
Epoch 001 | Batch 16900 | val_kld=0.733962 | val_ordacc@10=0.166274 | val_recall@10=0.579565
Epoch 001 | Batch 16900 | K-values: K1=29, K10=26, K20=25, K50=26, K100=22
Epoch 001 | Batch 16910 | val_kld=0.735854 | val_ordacc@10=0.166268 | val_recall@10=0.583904
Epoch 001 | Batch 16910 | K-values: K1=26, K10=37, K20=23, K50=26, K100=16
Epoch 001 | Batch 16920 | val_kld=0.742157 | val_ordacc@10=0.163945 | val_recall@10=0.580294
Epoch 001 | Batch 16920 | K-values: K1=35, K10=18, K20=21, K50=20, K100=34
Epoch 001 | Batch 16930 | val_kld=0.738034 | val_ordacc@10=0.166003 | val_recall@10=0.581210
Epoch 001 | Batch 16930 | K-values: K1=25, K10=22, K20=32, K50=21, K100=28
Epoch 001 | Batch 16940 | val_kld=0.730535 | val_ordacc@10=0.168311 | val_recall@10=0.582167
Epoch 001 | Batch 16940 | K-values: K1=30, K10=24, K20=19, K50=37, K100=18
Epoch 001 | Batch 16950 | val_kld=0.740170 | val_ordacc@10=0.165473 | val_recall@10=0.576662
Epoch 001 | Batch 16950 | K-values: K1=19, K10=30, K20=32, K50=23, K100=24
Epoch 001 | Batch 16960 | val_kld=0.740014 | val_ordacc@10=0.166062 | val_recall@10=0.583011
Epoch 001 | Batch 16960 | K-values: K1=22, K10=29, K20=23, K50=29, K100=25
Epoch 001 | Batch 16970 | val_kld=0.735310 | val_ordacc@10=0.166348 | val_recall@10=0.579876
Epoch 001 | Batch 16970 | K-values: K1=30, K10=26, K20=22, K50=30, K100=20
Epoch 001 | Batch 16980 | val_kld=0.734264 | val_ordacc@10=0.166260 | val_recall@10=0.580566
Epoch 001 | Batch 16980 | K-values: K1=27, K10=20, K20=28, K50=27, K100=26
Epoch 001 | Batch 16990 | val_kld=0.732781 | val_ordacc@10=0.168140 | val_recall@10=0.582318
Epoch 001 | Batch 16990 | K-values: K1=24, K10=21, K20=22, K50=33, K100=28
Epoch 001 | Batch 17000 | val_kld=0.733417 | val_ordacc@10=0.167217 | val_recall@10=0.579290
Epoch 001 | Batch 17000 | K-values: K1=26, K10=19, K20=33, K50=26, K100=24
Epoch 001 | Batch 17010 | val_kld=0.737805 | val_ordacc@10=0.164994 | val_recall@10=0.579003
Epoch 001 | Batch 17010 | K-values: K1=29, K10=26, K20=29, K50=20, K100=24
Epoch 001 | Batch 17020 | val_kld=0.731735 | val_ordacc@10=0.167317 | val_recall@10=0.582131
Epoch 001 | Batch 17020 | K-values: K1=30, K10=21, K20=26, K50=20, K100=31
Epoch 001 | Batch 17030 | val_kld=0.737553 | val_ordacc@10=0.166286 | val_recall@10=0.582654
Epoch 001 | Batch 17030 | K-values: K1=35, K10=33, K20=13, K50=22, K100=25
Epoch 001 | Batch 17040 | val_kld=0.735899 | val_ordacc@10=0.166235 | val_recall@10=0.580297
Epoch 001 | Batch 17040 | K-values: K1=23, K10=23, K20=24, K50=34, K100=24
Epoch 001 | Batch 17050 | val_kld=0.737110 | val_ordacc@10=0.165474 | val_recall@10=0.583785
Epoch 001 | Batch 17050 | K-values: K1=21, K10=31, K20=32, K50=23, K100=21
Epoch 001 | Batch 17060 | val_kld=0.734967 | val_ordacc@10=0.166566 | val_recall@10=0.582778
Epoch 001 | Batch 17060 | K-values: K1=28, K10=23, K20=23, K50=22, K100=32
Epoch 001 | Batch 17070 | val_kld=0.740375 | val_ordacc@10=0.164904 | val_recall@10=0.575708
Epoch 001 | Batch 17070 | K-values: K1=24, K10=26, K20=25, K50=26, K100=27
Epoch 001 | Batch 17080 | val_kld=0.732414 | val_ordacc@10=0.167801 | val_recall@10=0.581087
Epoch 001 | Batch 17080 | K-values: K1=21, K10=26, K20=33, K50=19, K100=29
Epoch 001 | Batch 17090 | val_kld=0.739382 | val_ordacc@10=0.165631 | val_recall@10=0.583726
Epoch 001 | Batch 17090 | K-values: K1=33, K10=25, K20=25, K50=25, K100=20
Epoch 001 | Batch 17100 | val_kld=0.735379 | val_ordacc@10=0.166500 | val_recall@10=0.577233
Epoch 001 | Batch 17100 | K-values: K1=25, K10=34, K20=23, K50=21, K100=25
Epoch 001 | Batch 17110 | val_kld=0.733362 | val_ordacc@10=0.167839 | val_recall@10=0.580855
Epoch 001 | Batch 17110 | K-values: K1=18, K10=33, K20=27, K50=27, K100=23
Epoch 001 | Batch 17120 | val_kld=0.737344 | val_ordacc@10=0.166515 | val_recall@10=0.581280
Epoch 001 | Batch 17120 | K-values: K1=24, K10=25, K20=26, K50=29, K100=24
Epoch 001 | Batch 17130 | val_kld=0.728767 | val_ordacc@10=0.169101 | val_recall@10=0.581060
Epoch 001 | Batch 17130 | K-values: K1=27, K10=24, K20=24, K50=30, K100=23
Epoch 001 | Batch 17140 | val_kld=0.731921 | val_ordacc@10=0.167950 | val_recall@10=0.583370
Epoch 001 | Batch 17140 | K-values: K1=25, K10=22, K20=25, K50=29, K100=27
Epoch 001 | Batch 17150 | val_kld=0.741440 | val_ordacc@10=0.164896 | val_recall@10=0.578996
Epoch 001 | Batch 17150 | K-values: K1=27, K10=17, K20=32, K50=22, K100=30
Epoch 001 | Batch 17160 | val_kld=0.728643 | val_ordacc@10=0.168571 | val_recall@10=0.580592
Epoch 001 | Batch 17160 | K-values: K1=17, K10=22, K20=35, K50=31, K100=23
Epoch 001 | Batch 17170 | val_kld=0.731182 | val_ordacc@10=0.167166 | val_recall@10=0.583297
Epoch 001 | Batch 17170 | K-values: K1=31, K10=16, K20=25, K50=27, K100=29
Epoch 001 | Batch 17180 | val_kld=0.738611 | val_ordacc@10=0.164447 | val_recall@10=0.575014
Epoch 001 | Batch 17180 | K-values: K1=18, K10=25, K20=32, K50=30, K100=23
Epoch 001 | Batch 17190 | val_kld=0.738876 | val_ordacc@10=0.165353 | val_recall@10=0.579440
Epoch 001 | Batch 17190 | K-values: K1=22, K10=24, K20=19, K50=31, K100=32
Epoch 001 | Batch 17200 | val_kld=0.734650 | val_ordacc@10=0.166789 | val_recall@10=0.583139
Epoch 001 | Batch 17200 | K-values: K1=23, K10=27, K20=21, K50=28, K100=29
Epoch 001 | Batch 17210 | val_kld=0.736439 | val_ordacc@10=0.165545 | val_recall@10=0.581022
Epoch 001 | Batch 17210 | K-values: K1=20, K10=27, K20=26, K50=26, K100=29
Epoch 001 | Batch 17220 | val_kld=0.732974 | val_ordacc@10=0.166736 | val_recall@10=0.580922
Epoch 001 | Batch 17220 | K-values: K1=21, K10=25, K20=28, K50=27, K100=27
Epoch 001 | Batch 17230 | val_kld=0.739443 | val_ordacc@10=0.164477 | val_recall@10=0.582136
Epoch 001 | Batch 17230 | K-values: K1=27, K10=20, K20=22, K50=36, K100=23
Epoch 001 | Batch 17240 | val_kld=0.731645 | val_ordacc@10=0.168213 | val_recall@10=0.580556
Epoch 001 | Batch 17240 | K-values: K1=24, K10=20, K20=21, K50=30, K100=33
Epoch 001 | Batch 17250 | val_kld=0.737768 | val_ordacc@10=0.165419 | val_recall@10=0.579797
Epoch 001 | Batch 17250 | K-values: K1=27, K10=19, K20=34, K50=21, K100=27
Epoch 001 | Batch 17260 | val_kld=0.731682 | val_ordacc@10=0.168045 | val_recall@10=0.580619
Epoch 001 | Batch 17260 | K-values: K1=26, K10=23, K20=26, K50=27, K100=26
Epoch 001 | Batch 17270 | val_kld=0.737001 | val_ordacc@10=0.165122 | val_recall@10=0.578765
Epoch 001 | Batch 17270 | K-values: K1=24, K10=28, K20=26, K50=23, K100=27
Epoch 001 | Batch 17280 | val_kld=0.732855 | val_ordacc@10=0.167894 | val_recall@10=0.580750
Epoch 001 | Batch 17280 | K-values: K1=28, K10=22, K20=27, K50=26, K100=25
Epoch 001 | Batch 17290 | val_kld=0.729411 | val_ordacc@10=0.168446 | val_recall@10=0.582025
Epoch 001 | Batch 17290 | K-values: K1=32, K10=26, K20=19, K50=28, K100=23
Epoch 001 | Batch 17300 | val_kld=0.730678 | val_ordacc@10=0.167733 | val_recall@10=0.582091
Epoch 001 | Batch 17300 | K-values: K1=26, K10=15, K20=33, K50=22, K100=32
Epoch 001 | Batch 17310 | val_kld=0.734512 | val_ordacc@10=0.167666 | val_recall@10=0.583574
Epoch 001 | Batch 17310 | K-values: K1=27, K10=26, K20=21, K50=28, K100=26
Epoch 001 | Batch 17320 | val_kld=0.734311 | val_ordacc@10=0.166974 | val_recall@10=0.581499
Epoch 001 | Batch 17320 | K-values: K1=21, K10=22, K20=22, K50=32, K100=31
Epoch 001 | Batch 17330 | val_kld=0.743964 | val_ordacc@10=0.163932 | val_recall@10=0.583514
Epoch 001 | Batch 17330 | K-values: K1=21, K10=25, K20=26, K50=33, K100=23
Epoch 001 | Batch 17340 | val_kld=0.737900 | val_ordacc@10=0.166593 | val_recall@10=0.583618
Epoch 001 | Batch 17340 | K-values: K1=28, K10=20, K20=28, K50=24, K100=28
Epoch 001 | Batch 17350 | val_kld=0.736334 | val_ordacc@10=0.165802 | val_recall@10=0.577656
Epoch 001 | Batch 17350 | K-values: K1=20, K10=28, K20=27, K50=26, K100=27
Epoch 001 | Batch 17360 | val_kld=0.741118 | val_ordacc@10=0.163927 | val_recall@10=0.580253
Epoch 001 | Batch 17360 | K-values: K1=24, K10=23, K20=25, K50=23, K100=33
Epoch 001 | Batch 17370 | val_kld=0.737376 | val_ordacc@10=0.166950 | val_recall@10=0.582105
Epoch 001 | Batch 17370 | K-values: K1=24, K10=26, K20=23, K50=27, K100=28
Epoch 001 | Batch 17380 | val_kld=0.734717 | val_ordacc@10=0.167594 | val_recall@10=0.581634
Epoch 001 | Batch 17380 | K-values: K1=28, K10=28, K20=26, K50=25, K100=21
Epoch 001 | Batch 17390 | val_kld=0.735288 | val_ordacc@10=0.166606 | val_recall@10=0.582098
Epoch 001 | Batch 17390 | K-values: K1=25, K10=32, K20=22, K50=25, K100=24
Epoch 001 | Batch 17400 | val_kld=0.738988 | val_ordacc@10=0.165017 | val_recall@10=0.580128
Epoch 001 | Batch 17400 | K-values: K1=26, K10=29, K20=30, K50=27, K100=16
Epoch 001 | Batch 17410 | val_kld=0.737115 | val_ordacc@10=0.165912 | val_recall@10=0.582218
Epoch 001 | Batch 17410 | K-values: K1=28, K10=28, K20=27, K50=27, K100=18
Epoch 001 | Batch 17420 | val_kld=0.731259 | val_ordacc@10=0.166954 | val_recall@10=0.580842
Epoch 001 | Batch 17420 | K-values: K1=33, K10=22, K20=15, K50=22, K100=36
Epoch 001 | Batch 17430 | val_kld=0.733724 | val_ordacc@10=0.165869 | val_recall@10=0.579411
Epoch 001 | Batch 17430 | K-values: K1=31, K10=26, K20=29, K50=17, K100=25
Epoch 001 | Batch 17440 | val_kld=0.736251 | val_ordacc@10=0.166683 | val_recall@10=0.581636
Epoch 001 | Batch 17440 | K-values: K1=24, K10=31, K20=24, K50=22, K100=27
Epoch 001 | Batch 17450 | val_kld=0.733124 | val_ordacc@10=0.167330 | val_recall@10=0.580586
Epoch 001 | Batch 17450 | K-values: K1=31, K10=24, K20=26, K50=29, K100=18
Epoch 001 | Batch 17460 | val_kld=0.737100 | val_ordacc@10=0.166622 | val_recall@10=0.583201
Epoch 001 | Batch 17460 | K-values: K1=22, K10=27, K20=28, K50=22, K100=29
Epoch 001 | Batch 17470 | val_kld=0.738369 | val_ordacc@10=0.166491 | val_recall@10=0.580288
Epoch 001 | Batch 17470 | K-values: K1=33, K10=28, K20=26, K50=21, K100=20
Epoch 001 | Batch 17480 | val_kld=0.737896 | val_ordacc@10=0.166446 | val_recall@10=0.580268
Epoch 001 | Batch 17480 | K-values: K1=31, K10=29, K20=21, K50=25, K100=22
Epoch 001 | Batch 17490 | val_kld=0.735912 | val_ordacc@10=0.167225 | val_recall@10=0.583192
Epoch 001 | Batch 17490 | K-values: K1=24, K10=22, K20=31, K50=23, K100=28
Epoch 001 | Batch 17500 | val_kld=0.732893 | val_ordacc@10=0.167002 | val_recall@10=0.581884
Epoch 001 | Batch 17500 | K-values: K1=23, K10=32, K20=30, K50=26, K100=17
Epoch 001 | Batch 17510 | val_kld=0.734582 | val_ordacc@10=0.166179 | val_recall@10=0.579890
Epoch 001 | Batch 17510 | K-values: K1=33, K10=15, K20=25, K50=27, K100=28
Epoch 001 | Batch 17520 | val_kld=0.738157 | val_ordacc@10=0.165440 | val_recall@10=0.583428
Epoch 001 | Batch 17520 | K-values: K1=16, K10=30, K20=29, K50=27, K100=26
Epoch 001 | Batch 17530 | val_kld=0.731754 | val_ordacc@10=0.167979 | val_recall@10=0.581907
Epoch 001 | Batch 17530 | K-values: K1=26, K10=20, K20=24, K50=29, K100=29
Epoch 001 | Batch 17540 | val_kld=0.734430 | val_ordacc@10=0.165650 | val_recall@10=0.578904
Epoch 001 | Batch 17540 | K-values: K1=26, K10=22, K20=24, K50=27, K100=29
Epoch 001 | Batch 17550 | val_kld=0.737040 | val_ordacc@10=0.164837 | val_recall@10=0.577267
Epoch 001 | Batch 17550 | K-values: K1=26, K10=24, K20=26, K50=35, K100=17
Epoch 001 | Batch 17560 | val_kld=0.738522 | val_ordacc@10=0.164503 | val_recall@10=0.577022
Epoch 001 | Batch 17560 | K-values: K1=33, K10=33, K20=17, K50=21, K100=24
Epoch 001 | Batch 17570 | val_kld=0.733885 | val_ordacc@10=0.167026 | val_recall@10=0.585213
Epoch 001 | Batch 17570 | K-values: K1=23, K10=20, K20=32, K50=25, K100=28
[Epoch 1] train_loss=0.786501 | train_ordacc=0.155179 | train_recall=0.572703
[Epoch 1] K-value distribution: K1=450000, K10=450000, K20=450000, K50=450000, K100=450000
epoch 001 | train_kld=0.786501 | val_kld=0.734602 | val_mae=0.006599 | val_mse=0.001678 | ord_acc@10=0.1677 | recall@10=0.5828
[Epoch 2] train_loss=0.728418 | train_ordacc=0.166885 | train_recall=0.582296
[Epoch 2] K-value distribution: K1=450000, K10=450000, K20=450000, K50=450000, K100=450000
epoch 002 | train_kld=0.728418 | val_kld=0.717164 | val_mae=0.006464 | val_mse=0.001646 | ord_acc@10=0.1703 | recall@10=0.5842
[Epoch 3] train_loss=0.710251 | train_ordacc=0.170696 | train_recall=0.584893
[Epoch 3] K-value distribution: K1=450000, K10=450000, K20=450000, K50=450000, K100=450000
epoch 003 | train_kld=0.710251 | val_kld=0.707786 | val_mae=0.006384 | val_mse=0.001632 | ord_acc@10=0.1740 | recall@10=0.5848
[Epoch 4] train_loss=0.696642 | train_ordacc=0.173245 | train_recall=0.586427
[Epoch 4] K-value distribution: K1=450000, K10=450000, K20=450000, K50=450000, K100=450000
epoch 004 | train_kld=0.696642 | val_kld=0.697065 | val_mae=0.006314 | val_mse=0.001613 | ord_acc@10=0.1761 | recall@10=0.5884
[Epoch 5] train_loss=0.682963 | train_ordacc=0.175562 | train_recall=0.587416
[Epoch 5] K-value distribution: K1=450000, K10=450000, K20=450000, K50=450000, K100=450000
epoch 005 | train_kld=0.682963 | val_kld=0.688442 | val_mae=0.006254 | val_mse=0.001604 | ord_acc@10=0.1788 | recall@10=0.5907
[Epoch 6] train_loss=0.668169 | train_ordacc=0.177759 | train_recall=0.588554
[Epoch 6] K-value distribution: K1=450000, K10=450000, K20=450000, K50=450000, K100=450000
epoch 006 | train_kld=0.668169 | val_kld=0.682085 | val_mae=0.006192 | val_mse=0.001593 | ord_acc@10=0.1802 | recall@10=0.5905
[Epoch 7] train_loss=0.651078 | train_ordacc=0.179827 | train_recall=0.589581
[Epoch 7] K-value distribution: K1=450000, K10=450000, K20=450000, K50=450000, K100=450000
epoch 007 | train_kld=0.651078 | val_kld=0.679270 | val_mae=0.006116 | val_mse=0.001586 | ord_acc@10=0.1822 | recall@10=0.5898
[Epoch 8] train_loss=0.632810 | train_ordacc=0.181783 | train_recall=0.590423
[Epoch 8] K-value distribution: K1=450000, K10=450000, K20=450000, K50=450000, K100=450000
epoch 008 | train_kld=0.632810 | val_kld=0.679233 | val_mae=0.006080 | val_mse=0.001586 | ord_acc@10=0.1831 | recall@10=0.5913
[Epoch 9] train_loss=0.615602 | train_ordacc=0.183186 | train_recall=0.590937
[Epoch 9] K-value distribution: K1=450000, K10=450000, K20=450000, K50=450000, K100=450000
epoch 009 | train_kld=0.615602 | val_kld=0.684778 | val_mae=0.006020 | val_mse=0.001592 | ord_acc@10=0.1840 | recall@10=0.5924
[Epoch 10] train_loss=0.604181 | train_ordacc=0.184096 | train_recall=0.591195
[Epoch 10] K-value distribution: K1=450000, K10=450000, K20=450000, K50=450000, K100=450000
epoch 010 | train_kld=0.604181 | val_kld=0.687369 | val_mae=0.005995 | val_mse=0.001596 | ord_acc@10=0.1846 | recall@10=0.5916
Saved epoch 1 batch metrics plot to input/Training_data/gist1M_learn/leafsize20K/I_dynamic_k_1_10_20_50_100_d256_L6_bs128_ep10_bilinear_kld_all_1/dynamic_k_1_10_20_50_100_d256_L6_bs128_ep10_bilinear_kld_all_1_epoch1_batch_metrics@10.png
Saved epoch metrics plot to input/Training_data/gist1M_learn/leafsize20K/I_dynamic_k_1_10_20_50_100_d256_L6_bs128_ep10_bilinear_kld_all_1/dynamic_k_1_10_20_50_100_d256_L6_bs128_ep10_bilinear_kld_all_1_epoch_metrics.png
best val_kld: 0.679233 at epoch 8
Loaded checkpoint from input/Training_data/gist1M_learn/leafsize20K/I_dynamic_k_1_10_20_50_100_d256_L6_bs128_ep10_bilinear_kld_all_1/dynamic_k_1_10_20_50_100_d256_L6_bs128_ep10_bilinear_kld_all_1.pt
Loading traditional NPZ data: input/Training_data/gist1M_learn/leafsize20K/dynamicK/test_queries.npz
Warning: No labels found for K=1. Creating dummy targets for testing.
Warning: No labels found for K=10. Creating dummy targets for testing.
Warning: No labels found for K=20. Creating dummy targets for testing.
Warning: No labels found for K=50. Creating dummy targets for testing.
Warning: No labels found for K=100. Creating dummy targets for testing.

============================================================
Starting test evaluation for each K value:
============================================================

Test data K-value distribution:
   K=1: 1000 samples (20.0%)
   K=10: 1000 samples (20.0%)
   K=20: 1000 samples (20.0%)
   K=50: 1000 samples (20.0%)
   K=100: 1000 samples (20.0%)
   Total: 5000 samples

Test results for each K value:
[TEST K=1] kld=13.917141 | mae=0.015197 | mse=0.002238 | ord_acc@10=0.0141 | recall@10=0.1226 | samples=1000
[TEST K=10] kld=11.760675 | mae=0.014732 | mse=0.001774 | ord_acc@10=0.0130 | recall@10=0.1274 | samples=1000
[TEST K=20] kld=11.333012 | mae=0.014637 | mse=0.001693 | ord_acc@10=0.0134 | recall@10=0.1290 | samples=1000
[TEST K=50] kld=10.715959 | mae=0.014502 | mse=0.001589 | ord_acc@10=0.0128 | recall@10=0.1312 | samples=1000
[TEST K=100] kld=10.186968 | mae=0.014395 | mse=0.001511 | ord_acc@10=0.0139 | recall@10=0.1337 | samples=1000
[TEST ALL] kld=11.582751 | mae=0.014692 | mse=0.001761 | ord_acc@10=0.0134 | recall@10=0.1288
Saving model predictions to file...
Saved predictions -> input/Training_data/gist1M_learn/leafsize20K/I_dynamic_k_1_10_20_50_100_d256_L6_bs128_ep10_bilinear_kld_all_1/dynamic_k_1_10_20_50_100_d256_L6_bs128_ep10_bilinear_kld_all_1_pred.txt
Training completed! Results saved to input/Training_data/gist1M_learn/leafsize20K/I_dynamic_k_1_10_20_50_100_d256_L6_bs128_ep10_bilinear_kld_all_1
Total program execution time: 25:33:59 (92039.76 seconds)
