/home/xln/miniconda3/envs/elpis_torch/lib/python3.12/site-packages/torch/nn/modules/transformer.py:379: UserWarning: enable_nested_tensor is True, but self.use_nested_tensor is False because encoder_layer.norm_first was True
  warnings.warn(
Using user data format:
  Train queries: input/Training_data/gist1M_learn/leafsize20K/dynamicK/train_queries.npz
  Train labels: input/Training_data/gist1M_learn/leafsize20K/dynamicK/train_labels.npz
Detected K=116, D=960
Supporting K values: [1, 10, 20, 50, 100]
Using user data format for data loading
Loading user data files:
  Queries: input/Training_data/gist1M_learn/leafsize20K/dynamicK/train_queries.npz
  Centroids: input/Training_data/gist1M_learn/leafsize20K/centroids.npy
  Labels: input/Training_data/gist1M_learn/leafsize20K/dynamicK/train_labels.npz
Warning: 'queries' key not found, using 'query_vectors' as queries
  Loading multi-K labels from: input/Training_data/gist1M_learn/leafsize20K/dynamicK/train_labels.npz
  Loaded K=1 labels: targets_k1, shape=(500000, 116)
  Loaded K=1 labels: shape=(500000, 116), sum_range=[1.000000, 1.000000]
  Loaded K=10 labels: targets_k10, shape=(500000, 116)
  Loaded K=10 labels: shape=(500000, 116), sum_range=[1.000000, 1.000000]
  Loaded K=20 labels: targets_k20, shape=(500000, 116)
  Loaded K=20 labels: shape=(500000, 116), sum_range=[1.000000, 1.000000]
  Loaded K=50 labels: targets_k50, shape=(500000, 116)
  Loaded K=50 labels: shape=(500000, 116), sum_range=[1.000000, 1.000000]
  Loaded K=100 labels: targets_k100, shape=(500000, 116)
  Loaded K=100 labels: shape=(500000, 116), sum_range=[1.000000, 1.000000]

 Training Configuration:
  Original queries: 500000
  K values: [1, 10, 20, 50, 100]
  Training mode: all
  Dataset size: 2500000
  Expected size (N*K): 500000 * 5 = 2500000
  Each query has 5 training samples (one per K value)
  Batch size: 128
  Batches per epoch: 17579

Enabling torch.compile optimization...
Using experiment ID: H
Epoch 001 | Batch 10 | val_kld=2.182971 | val_ordacc@10=0.040448 | val_recall@10=0.398310
Epoch 001 | Batch 20 | val_kld=1.607267 | val_ordacc@10=0.076749 | val_recall@10=0.461655
Epoch 001 | Batch 30 | val_kld=1.460999 | val_ordacc@10=0.081525 | val_recall@10=0.473182
Epoch 001 | Step 30 | lr=5.000000e-04 | loss=1.504580 | k_vals=[50, 50, 20, 100, 1]
Epoch 001 | Batch 40 | val_kld=1.286151 | val_ordacc@10=0.098121 | val_recall@10=0.491939
Epoch 001 | Batch 50 | val_kld=1.198965 | val_ordacc@10=0.104333 | val_recall@10=0.502484
Epoch 001 | Batch 60 | val_kld=1.111478 | val_ordacc@10=0.114923 | val_recall@10=0.517650
Epoch 001 | Step 60 | lr=5.000000e-04 | loss=1.176520 | k_vals=[50, 50, 100, 50, 10]
Epoch 001 | Batch 70 | val_kld=1.104504 | val_ordacc@10=0.113486 | val_recall@10=0.532449
Epoch 001 | Batch 80 | val_kld=1.102531 | val_ordacc@10=0.109947 | val_recall@10=0.523130
Epoch 001 | Batch 90 | val_kld=1.125880 | val_ordacc@10=0.110271 | val_recall@10=0.528302
Epoch 001 | Step 90 | lr=5.000000e-04 | loss=1.214287 | k_vals=[50, 100, 1, 10, 1]
Epoch 001 | Batch 100 | val_kld=1.048038 | val_ordacc@10=0.118711 | val_recall@10=0.538264
Epoch 001 | Batch 110 | val_kld=1.067468 | val_ordacc@10=0.116494 | val_recall@10=0.527401
Epoch 001 | Batch 120 | val_kld=1.039204 | val_ordacc@10=0.114618 | val_recall@10=0.540724
Epoch 001 | Step 120 | lr=5.000000e-04 | loss=1.001950 | k_vals=[10, 10, 10, 100, 1]
Epoch 001 | Batch 130 | val_kld=0.991878 | val_ordacc@10=0.128979 | val_recall@10=0.543386
Epoch 001 | Batch 140 | val_kld=0.992685 | val_ordacc@10=0.125262 | val_recall@10=0.544944
Epoch 001 | Batch 150 | val_kld=0.992541 | val_ordacc@10=0.126042 | val_recall@10=0.540818
Epoch 001 | Step 150 | lr=5.000000e-04 | loss=0.963517 | k_vals=[100, 1, 10, 1, 10]
Epoch 001 | Batch 160 | val_kld=0.990214 | val_ordacc@10=0.124700 | val_recall@10=0.545693
Epoch 001 | Batch 170 | val_kld=1.013824 | val_ordacc@10=0.124138 | val_recall@10=0.535894
Epoch 001 | Batch 180 | val_kld=1.033987 | val_ordacc@10=0.116862 | val_recall@10=0.535820
Epoch 001 | Step 180 | lr=5.000000e-04 | loss=1.194766 | k_vals=[20, 20, 1, 20, 50]
Epoch 001 | Batch 190 | val_kld=0.964591 | val_ordacc@10=0.129548 | val_recall@10=0.544838
Epoch 001 | Batch 200 | val_kld=0.988891 | val_ordacc@10=0.126120 | val_recall@10=0.539239
Epoch 001 | Batch 210 | val_kld=0.962383 | val_ordacc@10=0.127776 | val_recall@10=0.546208
Epoch 001 | Step 210 | lr=5.000000e-04 | loss=1.056862 | k_vals=[100, 50, 20, 100, 1]
Epoch 001 | Batch 220 | val_kld=0.971048 | val_ordacc@10=0.128106 | val_recall@10=0.538253
Epoch 001 | Batch 230 | val_kld=0.953016 | val_ordacc@10=0.129920 | val_recall@10=0.548450
Epoch 001 | Batch 240 | val_kld=0.957468 | val_ordacc@10=0.129320 | val_recall@10=0.546296
Epoch 001 | Step 240 | lr=5.000000e-04 | loss=0.839148 | k_vals=[10, 100, 100, 1, 10]
Epoch 001 | Batch 250 | val_kld=0.969556 | val_ordacc@10=0.129220 | val_recall@10=0.542759
Epoch 001 | Batch 260 | val_kld=0.952747 | val_ordacc@10=0.131680 | val_recall@10=0.548353
Epoch 001 | Batch 270 | val_kld=0.950748 | val_ordacc@10=0.129130 | val_recall@10=0.547590
Epoch 001 | Step 270 | lr=5.000000e-04 | loss=1.057955 | k_vals=[10, 100, 100, 10, 100]
Epoch 001 | Batch 280 | val_kld=0.938514 | val_ordacc@10=0.133528 | val_recall@10=0.553136
Epoch 001 | Batch 290 | val_kld=0.941149 | val_ordacc@10=0.134648 | val_recall@10=0.551725
Epoch 001 | Batch 300 | val_kld=0.942498 | val_ordacc@10=0.131678 | val_recall@10=0.552542
Epoch 001 | Step 300 | lr=5.000000e-04 | loss=0.934797 | k_vals=[50, 20, 10, 1, 1]
Epoch 001 | Batch 310 | val_kld=0.941109 | val_ordacc@10=0.130913 | val_recall@10=0.548329
Epoch 001 | Batch 320 | val_kld=0.919628 | val_ordacc@10=0.134968 | val_recall@10=0.550872
Epoch 001 | Batch 330 | val_kld=0.901091 | val_ordacc@10=0.139073 | val_recall@10=0.556321
Epoch 001 | Step 330 | lr=5.000000e-04 | loss=0.879874 | k_vals=[50, 100, 10, 10, 10]
Epoch 001 | Batch 340 | val_kld=0.928463 | val_ordacc@10=0.132981 | val_recall@10=0.546563
Epoch 001 | Batch 350 | val_kld=0.920745 | val_ordacc@10=0.134637 | val_recall@10=0.546168
Epoch 001 | Batch 360 | val_kld=0.935585 | val_ordacc@10=0.129207 | val_recall@10=0.548898
Epoch 001 | Step 360 | lr=5.000000e-04 | loss=0.864709 | k_vals=[10, 100, 50, 50, 50]
Epoch 001 | Batch 370 | val_kld=0.930070 | val_ordacc@10=0.136794 | val_recall@10=0.553745
Epoch 001 | Batch 380 | val_kld=0.903986 | val_ordacc@10=0.137310 | val_recall@10=0.548991
Epoch 001 | Batch 390 | val_kld=0.939720 | val_ordacc@10=0.130330 | val_recall@10=0.549983
Epoch 001 | Step 390 | lr=5.000000e-04 | loss=1.044689 | k_vals=[1, 20, 50, 100, 1]
Epoch 001 | Batch 400 | val_kld=0.929257 | val_ordacc@10=0.133419 | val_recall@10=0.550835
Epoch 001 | Batch 410 | val_kld=0.914360 | val_ordacc@10=0.136314 | val_recall@10=0.547712
Epoch 001 | Batch 420 | val_kld=0.923293 | val_ordacc@10=0.134776 | val_recall@10=0.558791
Epoch 001 | Step 420 | lr=5.000000e-04 | loss=0.960073 | k_vals=[50, 1, 100, 1, 50]
Epoch 001 | Batch 430 | val_kld=0.915112 | val_ordacc@10=0.135269 | val_recall@10=0.551605
Epoch 001 | Batch 440 | val_kld=0.917690 | val_ordacc@10=0.136347 | val_recall@10=0.553829
Epoch 001 | Batch 450 | val_kld=0.914694 | val_ordacc@10=0.136052 | val_recall@10=0.552974
Epoch 001 | Step 450 | lr=5.000000e-04 | loss=1.016871 | k_vals=[1, 20, 50, 1, 20]
Epoch 001 | Batch 460 | val_kld=0.929511 | val_ordacc@10=0.133728 | val_recall@10=0.552145
Epoch 001 | Batch 470 | val_kld=0.921016 | val_ordacc@10=0.134263 | val_recall@10=0.558244
Epoch 001 | Batch 480 | val_kld=0.928378 | val_ordacc@10=0.137801 | val_recall@10=0.559376
Epoch 001 | Step 480 | lr=5.000000e-04 | loss=0.971145 | k_vals=[100, 100, 100, 50, 1]
Epoch 001 | Batch 490 | val_kld=0.904552 | val_ordacc@10=0.137955 | val_recall@10=0.552824
Epoch 001 | Batch 500 | val_kld=0.879338 | val_ordacc@10=0.143764 | val_recall@10=0.555411
Epoch 001 | Batch 510 | val_kld=0.931714 | val_ordacc@10=0.131910 | val_recall@10=0.549364
Epoch 001 | Step 510 | lr=5.000000e-04 | loss=0.889538 | k_vals=[1, 10, 50, 100, 50]
Epoch 001 | Batch 520 | val_kld=0.920188 | val_ordacc@10=0.136272 | val_recall@10=0.554556
Epoch 001 | Batch 530 | val_kld=0.891956 | val_ordacc@10=0.137954 | val_recall@10=0.559718
Epoch 001 | Batch 540 | val_kld=0.914400 | val_ordacc@10=0.132766 | val_recall@10=0.560407
Epoch 001 | Step 540 | lr=5.000000e-04 | loss=0.997559 | k_vals=[20, 10, 50, 50, 100]
Epoch 001 | Batch 550 | val_kld=0.903067 | val_ordacc@10=0.133125 | val_recall@10=0.553379
Epoch 001 | Batch 560 | val_kld=0.880051 | val_ordacc@10=0.141283 | val_recall@10=0.559316
Epoch 001 | Batch 570 | val_kld=0.890997 | val_ordacc@10=0.137930 | val_recall@10=0.556026
Epoch 001 | Step 570 | lr=5.000000e-04 | loss=0.803013 | k_vals=[100, 20, 10, 50, 20]
Epoch 001 | Batch 580 | val_kld=0.895237 | val_ordacc@10=0.139323 | val_recall@10=0.555247
Epoch 001 | Batch 590 | val_kld=0.890016 | val_ordacc@10=0.141311 | val_recall@10=0.555217
Epoch 001 | Batch 600 | val_kld=0.898787 | val_ordacc@10=0.136709 | val_recall@10=0.550020
Epoch 001 | Step 600 | lr=5.000000e-04 | loss=0.945471 | k_vals=[1, 100, 1, 100, 100]
Epoch 001 | Batch 610 | val_kld=0.881240 | val_ordacc@10=0.139520 | val_recall@10=0.564989
Epoch 001 | Batch 620 | val_kld=0.859524 | val_ordacc@10=0.143601 | val_recall@10=0.563011
Epoch 001 | Batch 630 | val_kld=0.897597 | val_ordacc@10=0.136242 | val_recall@10=0.560507
Epoch 001 | Step 630 | lr=5.000000e-04 | loss=0.889495 | k_vals=[50, 1, 100, 20, 10]
Epoch 001 | Batch 640 | val_kld=0.882910 | val_ordacc@10=0.137929 | val_recall@10=0.552428
Epoch 001 | Batch 650 | val_kld=0.880941 | val_ordacc@10=0.139838 | val_recall@10=0.557460
Epoch 001 | Batch 660 | val_kld=0.891167 | val_ordacc@10=0.139693 | val_recall@10=0.553954
Epoch 001 | Step 660 | lr=5.000000e-04 | loss=1.080050 | k_vals=[10, 20, 20, 50, 10]
Epoch 001 | Batch 670 | val_kld=0.883960 | val_ordacc@10=0.140186 | val_recall@10=0.556762
Epoch 001 | Batch 680 | val_kld=0.872601 | val_ordacc@10=0.142572 | val_recall@10=0.556816
Epoch 001 | Batch 690 | val_kld=0.873112 | val_ordacc@10=0.141366 | val_recall@10=0.567348
Epoch 001 | Step 690 | lr=5.000000e-04 | loss=0.960766 | k_vals=[20, 10, 10, 10, 100]
Epoch 001 | Batch 700 | val_kld=0.870382 | val_ordacc@10=0.141881 | val_recall@10=0.561115
Epoch 001 | Batch 710 | val_kld=0.904321 | val_ordacc@10=0.136788 | val_recall@10=0.551694
Epoch 001 | Batch 720 | val_kld=0.883395 | val_ordacc@10=0.140354 | val_recall@10=0.564712
Epoch 001 | Step 720 | lr=5.000000e-04 | loss=1.000174 | k_vals=[50, 100, 100, 1, 1]
Epoch 001 | Batch 730 | val_kld=0.882666 | val_ordacc@10=0.139252 | val_recall@10=0.552020
Epoch 001 | Batch 740 | val_kld=0.887669 | val_ordacc@10=0.135953 | val_recall@10=0.567875
Epoch 001 | Batch 750 | val_kld=0.883871 | val_ordacc@10=0.136612 | val_recall@10=0.549124
Epoch 001 | Step 750 | lr=5.000000e-04 | loss=0.920342 | k_vals=[50, 20, 1, 50, 50]
Epoch 001 | Batch 760 | val_kld=0.895853 | val_ordacc@10=0.135642 | val_recall@10=0.561579
Epoch 001 | Batch 770 | val_kld=0.867838 | val_ordacc@10=0.139056 | val_recall@10=0.557760
Epoch 001 | Batch 780 | val_kld=0.851764 | val_ordacc@10=0.146147 | val_recall@10=0.553257
Epoch 001 | Step 780 | lr=5.000000e-04 | loss=0.725028 | k_vals=[20, 100, 100, 50, 100]
Epoch 001 | Batch 790 | val_kld=0.861331 | val_ordacc@10=0.143762 | val_recall@10=0.559714
Epoch 001 | Batch 800 | val_kld=0.867289 | val_ordacc@10=0.139456 | val_recall@10=0.565586
Epoch 001 | Batch 810 | val_kld=0.882888 | val_ordacc@10=0.137413 | val_recall@10=0.553973
Epoch 001 | Step 810 | lr=5.000000e-04 | loss=0.890741 | k_vals=[20, 100, 10, 100, 1]
Epoch 001 | Batch 820 | val_kld=0.867461 | val_ordacc@10=0.141515 | val_recall@10=0.566054
Epoch 001 | Batch 830 | val_kld=0.852006 | val_ordacc@10=0.145134 | val_recall@10=0.558779
Epoch 001 | Batch 840 | val_kld=0.866759 | val_ordacc@10=0.142357 | val_recall@10=0.563601
Epoch 001 | Step 840 | lr=5.000000e-04 | loss=0.974227 | k_vals=[1, 10, 50, 10, 100]
Epoch 001 | Batch 850 | val_kld=0.877839 | val_ordacc@10=0.139826 | val_recall@10=0.566136
Epoch 001 | Batch 860 | val_kld=0.867695 | val_ordacc@10=0.141132 | val_recall@10=0.564991
Epoch 001 | Batch 870 | val_kld=0.884132 | val_ordacc@10=0.137178 | val_recall@10=0.567585
Epoch 001 | Step 870 | lr=5.000000e-04 | loss=0.971205 | k_vals=[1, 50, 100, 50, 1]
Epoch 001 | Batch 880 | val_kld=0.855762 | val_ordacc@10=0.142234 | val_recall@10=0.563133
Epoch 001 | Batch 890 | val_kld=0.880913 | val_ordacc@10=0.137662 | val_recall@10=0.554363
Epoch 001 | Batch 900 | val_kld=0.866312 | val_ordacc@10=0.140810 | val_recall@10=0.565819
Epoch 001 | Step 900 | lr=5.000000e-04 | loss=1.023920 | k_vals=[20, 1, 100, 20, 20]
Epoch 001 | Batch 910 | val_kld=0.883781 | val_ordacc@10=0.138204 | val_recall@10=0.564769
Epoch 001 | Batch 920 | val_kld=0.876027 | val_ordacc@10=0.138360 | val_recall@10=0.559322
Epoch 001 | Batch 930 | val_kld=0.871874 | val_ordacc@10=0.140568 | val_recall@10=0.560201
Epoch 001 | Step 930 | lr=5.000000e-04 | loss=0.880891 | k_vals=[10, 50, 20, 1, 20]
Epoch 001 | Batch 940 | val_kld=0.848372 | val_ordacc@10=0.144610 | val_recall@10=0.558265
Epoch 001 | Batch 950 | val_kld=0.848015 | val_ordacc@10=0.143510 | val_recall@10=0.565238
Epoch 001 | Batch 960 | val_kld=0.856126 | val_ordacc@10=0.143922 | val_recall@10=0.564800
Epoch 001 | Step 960 | lr=5.000000e-04 | loss=0.909131 | k_vals=[50, 10, 20, 50, 10]
Epoch 001 | Batch 970 | val_kld=0.863304 | val_ordacc@10=0.140836 | val_recall@10=0.566006
Epoch 001 | Batch 980 | val_kld=0.853613 | val_ordacc@10=0.144850 | val_recall@10=0.563361
Epoch 001 | Batch 990 | val_kld=0.879148 | val_ordacc@10=0.136116 | val_recall@10=0.559722
Epoch 001 | Step 990 | lr=5.000000e-04 | loss=0.950271 | k_vals=[50, 1, 1, 100, 50]
Epoch 001 | Batch 1000 | val_kld=0.862043 | val_ordacc@10=0.140074 | val_recall@10=0.561064
Epoch 001 | Batch 1010 | val_kld=0.861332 | val_ordacc@10=0.141378 | val_recall@10=0.556733
Epoch 001 | Batch 1020 | val_kld=0.853396 | val_ordacc@10=0.144040 | val_recall@10=0.564392
Epoch 001 | Step 1020 | lr=5.000000e-04 | loss=0.853508 | k_vals=[50, 20, 10, 1, 1]
Epoch 001 | Batch 1030 | val_kld=0.848788 | val_ordacc@10=0.145220 | val_recall@10=0.556287
Epoch 001 | Batch 1040 | val_kld=0.848351 | val_ordacc@10=0.146939 | val_recall@10=0.564514
Epoch 001 | Batch 1050 | val_kld=0.855308 | val_ordacc@10=0.145288 | val_recall@10=0.561550
Epoch 001 | Step 1050 | lr=5.000000e-04 | loss=0.801741 | k_vals=[1, 100, 1, 10, 10]
Epoch 001 | Batch 1060 | val_kld=0.857438 | val_ordacc@10=0.141363 | val_recall@10=0.558596
Epoch 001 | Batch 1070 | val_kld=0.833762 | val_ordacc@10=0.147744 | val_recall@10=0.566096
Epoch 001 | Batch 1080 | val_kld=0.848659 | val_ordacc@10=0.145216 | val_recall@10=0.558950
Epoch 001 | Step 1080 | lr=5.000000e-04 | loss=0.813989 | k_vals=[10, 20, 50, 10, 1]
Epoch 001 | Batch 1090 | val_kld=0.867553 | val_ordacc@10=0.139947 | val_recall@10=0.572430
Epoch 001 | Batch 1100 | val_kld=0.858975 | val_ordacc@10=0.143731 | val_recall@10=0.572814
Epoch 001 | Batch 1110 | val_kld=0.864013 | val_ordacc@10=0.143598 | val_recall@10=0.559224
Epoch 001 | Step 1110 | lr=5.000000e-04 | loss=0.703491 | k_vals=[100, 1, 50, 20, 10]
Epoch 001 | Batch 1120 | val_kld=0.830615 | val_ordacc@10=0.148784 | val_recall@10=0.563468
Epoch 001 | Batch 1130 | val_kld=0.831002 | val_ordacc@10=0.148755 | val_recall@10=0.572574
Epoch 001 | Batch 1140 | val_kld=0.846605 | val_ordacc@10=0.146745 | val_recall@10=0.564729
Epoch 001 | Step 1140 | lr=5.000000e-04 | loss=0.864352 | k_vals=[50, 10, 100, 1, 1]
Epoch 001 | Batch 1150 | val_kld=0.843435 | val_ordacc@10=0.144311 | val_recall@10=0.564786
Epoch 001 | Batch 1160 | val_kld=0.856757 | val_ordacc@10=0.142251 | val_recall@10=0.555908
Epoch 001 | Batch 1170 | val_kld=0.849409 | val_ordacc@10=0.145646 | val_recall@10=0.557837
Epoch 001 | Step 1170 | lr=5.000000e-04 | loss=0.874005 | k_vals=[50, 1, 100, 1, 50]
Epoch 001 | Batch 1180 | val_kld=0.863953 | val_ordacc@10=0.138328 | val_recall@10=0.563542
Epoch 001 | Batch 1190 | val_kld=0.839890 | val_ordacc@10=0.145205 | val_recall@10=0.560650
Epoch 001 | Batch 1200 | val_kld=0.862774 | val_ordacc@10=0.139266 | val_recall@10=0.558161
Epoch 001 | Step 1200 | lr=5.000000e-04 | loss=0.832893 | k_vals=[20, 20, 10, 50, 10]
Epoch 001 | Batch 1210 | val_kld=0.844935 | val_ordacc@10=0.143589 | val_recall@10=0.562269
Epoch 001 | Batch 1220 | val_kld=0.848860 | val_ordacc@10=0.143769 | val_recall@10=0.565186
Epoch 001 | Batch 1230 | val_kld=0.836047 | val_ordacc@10=0.145842 | val_recall@10=0.565581
Epoch 001 | Step 1230 | lr=5.000000e-04 | loss=0.804575 | k_vals=[1, 50, 50, 1, 50]
Epoch 001 | Batch 1240 | val_kld=0.844996 | val_ordacc@10=0.143974 | val_recall@10=0.559877
Epoch 001 | Batch 1250 | val_kld=0.866320 | val_ordacc@10=0.141957 | val_recall@10=0.558138
Epoch 001 | Batch 1260 | val_kld=0.850605 | val_ordacc@10=0.144019 | val_recall@10=0.565204
Epoch 001 | Step 1260 | lr=5.000000e-04 | loss=0.825910 | k_vals=[10, 50, 100, 10, 20]
Epoch 001 | Batch 1270 | val_kld=0.838749 | val_ordacc@10=0.145358 | val_recall@10=0.560980
Epoch 001 | Batch 1280 | val_kld=0.831900 | val_ordacc@10=0.148846 | val_recall@10=0.561512
Epoch 001 | Batch 1290 | val_kld=0.834822 | val_ordacc@10=0.147341 | val_recall@10=0.563382
Epoch 001 | Step 1290 | lr=5.000000e-04 | loss=0.823205 | k_vals=[50, 20, 100, 50, 20]
Epoch 001 | Batch 1300 | val_kld=0.869930 | val_ordacc@10=0.139233 | val_recall@10=0.568414
Epoch 001 | Batch 1310 | val_kld=0.828910 | val_ordacc@10=0.147874 | val_recall@10=0.568407
Epoch 001 | Batch 1320 | val_kld=0.843311 | val_ordacc@10=0.144427 | val_recall@10=0.558150
Epoch 001 | Step 1320 | lr=5.000000e-04 | loss=0.900389 | k_vals=[1, 10, 1, 100, 50]
Epoch 001 | Batch 1330 | val_kld=0.858949 | val_ordacc@10=0.141972 | val_recall@10=0.561208
Epoch 001 | Batch 1340 | val_kld=0.849571 | val_ordacc@10=0.144383 | val_recall@10=0.562889
Epoch 001 | Batch 1350 | val_kld=0.855231 | val_ordacc@10=0.140458 | val_recall@10=0.556058
Epoch 001 | Step 1350 | lr=5.000000e-04 | loss=0.803214 | k_vals=[100, 100, 100, 50, 50]
Epoch 001 | Batch 1360 | val_kld=0.850512 | val_ordacc@10=0.143031 | val_recall@10=0.555590
Epoch 001 | Batch 1370 | val_kld=0.834173 | val_ordacc@10=0.148172 | val_recall@10=0.570058
Epoch 001 | Batch 1380 | val_kld=0.858950 | val_ordacc@10=0.139708 | val_recall@10=0.555054
Epoch 001 | Step 1380 | lr=5.000000e-04 | loss=0.896130 | k_vals=[50, 100, 10, 10, 1]
Epoch 001 | Batch 1390 | val_kld=0.829681 | val_ordacc@10=0.149776 | val_recall@10=0.570972
Epoch 001 | Batch 1400 | val_kld=0.826298 | val_ordacc@10=0.147639 | val_recall@10=0.568554
Epoch 001 | Batch 1410 | val_kld=0.833068 | val_ordacc@10=0.146336 | val_recall@10=0.569389
Epoch 001 | Step 1410 | lr=5.000000e-04 | loss=0.917657 | k_vals=[20, 50, 100, 10, 10]
Epoch 001 | Batch 1420 | val_kld=0.837971 | val_ordacc@10=0.144175 | val_recall@10=0.560512
Epoch 001 | Batch 1430 | val_kld=0.827709 | val_ordacc@10=0.149436 | val_recall@10=0.559361
Epoch 001 | Batch 1440 | val_kld=0.819184 | val_ordacc@10=0.150342 | val_recall@10=0.563753
Epoch 001 | Step 1440 | lr=5.000000e-04 | loss=0.826552 | k_vals=[1, 100, 20, 50, 1]
Epoch 001 | Batch 1450 | val_kld=0.854726 | val_ordacc@10=0.141580 | val_recall@10=0.567216
Epoch 001 | Batch 1460 | val_kld=0.854403 | val_ordacc@10=0.143004 | val_recall@10=0.566560
Epoch 001 | Batch 1470 | val_kld=0.836854 | val_ordacc@10=0.145120 | val_recall@10=0.557523
Epoch 001 | Step 1470 | lr=5.000000e-04 | loss=0.810909 | k_vals=[50, 10, 10, 10, 50]
Epoch 001 | Batch 1480 | val_kld=0.835166 | val_ordacc@10=0.146131 | val_recall@10=0.561494
Epoch 001 | Batch 1490 | val_kld=0.829076 | val_ordacc@10=0.147882 | val_recall@10=0.564218
Epoch 001 | Batch 1500 | val_kld=0.830454 | val_ordacc@10=0.147828 | val_recall@10=0.567077
Epoch 001 | Step 1500 | lr=5.000000e-04 | loss=0.777699 | k_vals=[1, 100, 10, 100, 1]
Epoch 001 | Batch 1510 | val_kld=0.837898 | val_ordacc@10=0.147348 | val_recall@10=0.560204
Epoch 001 | Batch 1520 | val_kld=0.845046 | val_ordacc@10=0.144073 | val_recall@10=0.559201
Epoch 001 | Batch 1530 | val_kld=0.833166 | val_ordacc@10=0.145996 | val_recall@10=0.558918
Epoch 001 | Step 1530 | lr=5.000000e-04 | loss=0.927797 | k_vals=[10, 50, 1, 20, 50]
Epoch 001 | Batch 1540 | val_kld=0.843001 | val_ordacc@10=0.145378 | val_recall@10=0.560024
Epoch 001 | Batch 1550 | val_kld=0.829350 | val_ordacc@10=0.147900 | val_recall@10=0.567908
Epoch 001 | Batch 1560 | val_kld=0.829255 | val_ordacc@10=0.147350 | val_recall@10=0.560415
Epoch 001 | Step 1560 | lr=5.000000e-04 | loss=0.853292 | k_vals=[20, 1, 50, 1, 20]
Epoch 001 | Batch 1570 | val_kld=0.823577 | val_ordacc@10=0.149247 | val_recall@10=0.559194
Epoch 001 | Batch 1580 | val_kld=0.823772 | val_ordacc@10=0.148255 | val_recall@10=0.570318
Epoch 001 | Batch 1590 | val_kld=0.841446 | val_ordacc@10=0.144743 | val_recall@10=0.568197
Epoch 001 | Step 1590 | lr=5.000000e-04 | loss=1.020243 | k_vals=[20, 100, 1, 20, 20]
Epoch 001 | Batch 1600 | val_kld=0.835320 | val_ordacc@10=0.146186 | val_recall@10=0.567360
Epoch 001 | Batch 1610 | val_kld=0.829851 | val_ordacc@10=0.146392 | val_recall@10=0.566923
Epoch 001 | Batch 1620 | val_kld=0.818788 | val_ordacc@10=0.149594 | val_recall@10=0.566888
Epoch 001 | Step 1620 | lr=5.000000e-04 | loss=0.786159 | k_vals=[50, 100, 10, 1, 1]
Epoch 001 | Batch 1630 | val_kld=0.836272 | val_ordacc@10=0.146967 | val_recall@10=0.566970
Epoch 001 | Batch 1640 | val_kld=0.831607 | val_ordacc@10=0.144192 | val_recall@10=0.561634
Epoch 001 | Batch 1650 | val_kld=0.824495 | val_ordacc@10=0.148109 | val_recall@10=0.569997
Epoch 001 | Step 1650 | lr=5.000000e-04 | loss=0.769552 | k_vals=[50, 20, 10, 100, 1]
Epoch 001 | Batch 1660 | val_kld=0.830074 | val_ordacc@10=0.148650 | val_recall@10=0.565189
Epoch 001 | Batch 1670 | val_kld=0.820223 | val_ordacc@10=0.150200 | val_recall@10=0.574010
Epoch 001 | Batch 1680 | val_kld=0.856697 | val_ordacc@10=0.140352 | val_recall@10=0.570294
Epoch 001 | Step 1680 | lr=5.000000e-04 | loss=0.873225 | k_vals=[1, 10, 10, 20, 50]
Epoch 001 | Batch 1690 | val_kld=0.831383 | val_ordacc@10=0.146302 | val_recall@10=0.569318
Epoch 001 | Batch 1700 | val_kld=0.829273 | val_ordacc@10=0.147299 | val_recall@10=0.564358
Epoch 001 | Batch 1710 | val_kld=0.823026 | val_ordacc@10=0.148836 | val_recall@10=0.560881
Epoch 001 | Step 1710 | lr=5.000000e-04 | loss=0.685565 | k_vals=[1, 50, 50, 20, 10]
Epoch 001 | Batch 1720 | val_kld=0.816130 | val_ordacc@10=0.150089 | val_recall@10=0.569426
Epoch 001 | Batch 1730 | val_kld=0.837597 | val_ordacc@10=0.144155 | val_recall@10=0.568791
Epoch 001 | Batch 1740 | val_kld=0.824300 | val_ordacc@10=0.147441 | val_recall@10=0.565278
Epoch 001 | Step 1740 | lr=5.000000e-04 | loss=0.865093 | k_vals=[50, 50, 10, 50, 100]
Epoch 001 | Batch 1750 | val_kld=0.820400 | val_ordacc@10=0.150936 | val_recall@10=0.570991
Epoch 001 | Batch 1760 | val_kld=0.833820 | val_ordacc@10=0.144246 | val_recall@10=0.567420
Epoch 001 | Batch 1770 | val_kld=0.833046 | val_ordacc@10=0.147061 | val_recall@10=0.566215
Epoch 001 | Step 1770 | lr=5.000000e-04 | loss=0.798754 | k_vals=[50, 100, 20, 20, 100]
Epoch 001 | Batch 1780 | val_kld=0.820007 | val_ordacc@10=0.149602 | val_recall@10=0.572084
Epoch 001 | Batch 1790 | val_kld=0.810199 | val_ordacc@10=0.151192 | val_recall@10=0.564940
Epoch 001 | Batch 1800 | val_kld=0.812082 | val_ordacc@10=0.152543 | val_recall@10=0.568943
Epoch 001 | Step 1800 | lr=5.000000e-04 | loss=0.791243 | k_vals=[10, 50, 20, 10, 50]
Epoch 001 | Batch 1810 | val_kld=0.833964 | val_ordacc@10=0.148210 | val_recall@10=0.558792
Epoch 001 | Batch 1820 | val_kld=0.821758 | val_ordacc@10=0.148645 | val_recall@10=0.563487
Epoch 001 | Batch 1830 | val_kld=0.812557 | val_ordacc@10=0.150474 | val_recall@10=0.563468
Epoch 001 | Step 1830 | lr=5.000000e-04 | loss=0.740585 | k_vals=[100, 10, 10, 100, 20]
Epoch 001 | Batch 1840 | val_kld=0.816825 | val_ordacc@10=0.148537 | val_recall@10=0.564183
Epoch 001 | Batch 1850 | val_kld=0.836042 | val_ordacc@10=0.144654 | val_recall@10=0.561794
Epoch 001 | Batch 1860 | val_kld=0.834190 | val_ordacc@10=0.144043 | val_recall@10=0.564046
Epoch 001 | Step 1860 | lr=5.000000e-04 | loss=0.923986 | k_vals=[10, 1, 1, 50, 20]
Epoch 001 | Batch 1870 | val_kld=0.824463 | val_ordacc@10=0.146953 | val_recall@10=0.569384
Epoch 001 | Batch 1880 | val_kld=0.826816 | val_ordacc@10=0.147601 | val_recall@10=0.568074
Epoch 001 | Batch 1890 | val_kld=0.812788 | val_ordacc@10=0.151809 | val_recall@10=0.567020
Epoch 001 | Step 1890 | lr=5.000000e-04 | loss=0.706295 | k_vals=[20, 100, 50, 50, 100]
Epoch 001 | Batch 1900 | val_kld=0.823863 | val_ordacc@10=0.149186 | val_recall@10=0.574412
Epoch 001 | Batch 1910 | val_kld=0.815540 | val_ordacc@10=0.149933 | val_recall@10=0.573419
Epoch 001 | Batch 1920 | val_kld=0.830027 | val_ordacc@10=0.148213 | val_recall@10=0.566713
Epoch 001 | Step 1920 | lr=5.000000e-04 | loss=0.847264 | k_vals=[1, 20, 1, 50, 1]
Epoch 001 | Batch 1930 | val_kld=0.821344 | val_ordacc@10=0.148332 | val_recall@10=0.568386
Epoch 001 | Batch 1940 | val_kld=0.812579 | val_ordacc@10=0.151418 | val_recall@10=0.564848
Epoch 001 | Batch 1950 | val_kld=0.818887 | val_ordacc@10=0.149704 | val_recall@10=0.568020
Epoch 001 | Step 1950 | lr=5.000000e-04 | loss=0.872490 | k_vals=[10, 50, 50, 10, 20]
Epoch 001 | Batch 1960 | val_kld=0.830223 | val_ordacc@10=0.145869 | val_recall@10=0.566123
Epoch 001 | Batch 1970 | val_kld=0.817981 | val_ordacc@10=0.149586 | val_recall@10=0.565844
Epoch 001 | Batch 1980 | val_kld=0.819333 | val_ordacc@10=0.150204 | val_recall@10=0.571018
Epoch 001 | Step 1980 | lr=5.000000e-04 | loss=0.744935 | k_vals=[10, 50, 50, 1, 100]
Epoch 001 | Batch 1990 | val_kld=0.819913 | val_ordacc@10=0.149839 | val_recall@10=0.570554
Epoch 001 | Batch 2000 | val_kld=0.820760 | val_ordacc@10=0.147679 | val_recall@10=0.566767
Epoch 001 | Batch 2010 | val_kld=0.807645 | val_ordacc@10=0.154060 | val_recall@10=0.569294
Epoch 001 | Step 2010 | lr=5.000000e-04 | loss=0.748924 | k_vals=[1, 50, 20, 1, 10]
Epoch 001 | Batch 2020 | val_kld=0.804688 | val_ordacc@10=0.152377 | val_recall@10=0.566534
Epoch 001 | Batch 2030 | val_kld=0.826414 | val_ordacc@10=0.147658 | val_recall@10=0.568984
Epoch 001 | Batch 2040 | val_kld=0.810586 | val_ordacc@10=0.151396 | val_recall@10=0.573676
Epoch 001 | Step 2040 | lr=5.000000e-04 | loss=0.907094 | k_vals=[100, 1, 10, 10, 50]
Epoch 001 | Batch 2050 | val_kld=0.810242 | val_ordacc@10=0.150182 | val_recall@10=0.574639
Epoch 001 | Batch 2060 | val_kld=0.812313 | val_ordacc@10=0.148942 | val_recall@10=0.567435
Epoch 001 | Batch 2070 | val_kld=0.828891 | val_ordacc@10=0.146623 | val_recall@10=0.569488
Epoch 001 | Step 2070 | lr=5.000000e-04 | loss=0.762952 | k_vals=[50, 50, 100, 20, 10]
Epoch 001 | Batch 2080 | val_kld=0.813343 | val_ordacc@10=0.149371 | val_recall@10=0.571104
Epoch 001 | Batch 2090 | val_kld=0.825788 | val_ordacc@10=0.146915 | val_recall@10=0.566909
Epoch 001 | Batch 2100 | val_kld=0.815423 | val_ordacc@10=0.150924 | val_recall@10=0.570164
Epoch 001 | Step 2100 | lr=5.000000e-04 | loss=0.699966 | k_vals=[1, 1, 20, 50, 50]
Epoch 001 | Batch 2110 | val_kld=0.823229 | val_ordacc@10=0.144154 | val_recall@10=0.567355
Epoch 001 | Batch 2120 | val_kld=0.828268 | val_ordacc@10=0.147908 | val_recall@10=0.570796
Epoch 001 | Batch 2130 | val_kld=0.820779 | val_ordacc@10=0.148960 | val_recall@10=0.567086
Epoch 001 | Step 2130 | lr=5.000000e-04 | loss=0.812186 | k_vals=[50, 20, 10, 1, 1]
Epoch 001 | Batch 2140 | val_kld=0.815996 | val_ordacc@10=0.150226 | val_recall@10=0.567944
Epoch 001 | Batch 2150 | val_kld=0.834845 | val_ordacc@10=0.151508 | val_recall@10=0.567190
Epoch 001 | Batch 2160 | val_kld=0.827856 | val_ordacc@10=0.149332 | val_recall@10=0.575688
Epoch 001 | Step 2160 | lr=5.000000e-04 | loss=0.859500 | k_vals=[20, 50, 1, 10, 100]
Epoch 001 | Batch 2170 | val_kld=0.813846 | val_ordacc@10=0.149019 | val_recall@10=0.567300
Epoch 001 | Batch 2180 | val_kld=0.814714 | val_ordacc@10=0.150423 | val_recall@10=0.567947
Epoch 001 | Batch 2190 | val_kld=0.824415 | val_ordacc@10=0.147950 | val_recall@10=0.562967
Epoch 001 | Step 2190 | lr=5.000000e-04 | loss=0.902926 | k_vals=[20, 10, 20, 1, 1]
Epoch 001 | Batch 2200 | val_kld=0.815425 | val_ordacc@10=0.148771 | val_recall@10=0.567915
Epoch 001 | Batch 2210 | val_kld=0.817177 | val_ordacc@10=0.149602 | val_recall@10=0.565361
Epoch 001 | Batch 2220 | val_kld=0.801377 | val_ordacc@10=0.152430 | val_recall@10=0.572289
Epoch 001 | Step 2220 | lr=5.000000e-04 | loss=0.645420 | k_vals=[10, 20, 10, 50, 100]
Epoch 001 | Batch 2230 | val_kld=0.815470 | val_ordacc@10=0.148797 | val_recall@10=0.562207
Epoch 001 | Batch 2240 | val_kld=0.806876 | val_ordacc@10=0.151640 | val_recall@10=0.569408
Epoch 001 | Batch 2250 | val_kld=0.814089 | val_ordacc@10=0.149576 | val_recall@10=0.564925
Epoch 001 | Step 2250 | lr=5.000000e-04 | loss=0.794402 | k_vals=[1, 50, 20, 20, 50]
Epoch 001 | Batch 2260 | val_kld=0.833643 | val_ordacc@10=0.143381 | val_recall@10=0.565724
Epoch 001 | Batch 2270 | val_kld=0.812050 | val_ordacc@10=0.150276 | val_recall@10=0.569424
Epoch 001 | Batch 2280 | val_kld=0.813880 | val_ordacc@10=0.147503 | val_recall@10=0.566701
Epoch 001 | Step 2280 | lr=5.000000e-04 | loss=0.863818 | k_vals=[50, 20, 20, 1, 100]
Epoch 001 | Batch 2290 | val_kld=0.809259 | val_ordacc@10=0.150971 | val_recall@10=0.572229
Epoch 001 | Batch 2300 | val_kld=0.802748 | val_ordacc@10=0.153650 | val_recall@10=0.571574
Epoch 001 | Batch 2310 | val_kld=0.815084 | val_ordacc@10=0.149911 | val_recall@10=0.571876
Epoch 001 | Step 2310 | lr=5.000000e-04 | loss=0.764602 | k_vals=[10, 100, 50, 1, 1]
Epoch 001 | Batch 2320 | val_kld=0.817144 | val_ordacc@10=0.150873 | val_recall@10=0.569954
Epoch 001 | Batch 2330 | val_kld=0.817921 | val_ordacc@10=0.150460 | val_recall@10=0.570566
Epoch 001 | Batch 2340 | val_kld=0.818826 | val_ordacc@10=0.149544 | val_recall@10=0.564379
Epoch 001 | Step 2340 | lr=5.000000e-04 | loss=0.926179 | k_vals=[1, 10, 1, 100, 1]
Epoch 001 | Batch 2350 | val_kld=0.816404 | val_ordacc@10=0.148471 | val_recall@10=0.566773
Epoch 001 | Batch 2360 | val_kld=0.814022 | val_ordacc@10=0.150388 | val_recall@10=0.580914
Epoch 001 | Batch 2370 | val_kld=0.809497 | val_ordacc@10=0.151102 | val_recall@10=0.566052
Epoch 001 | Step 2370 | lr=5.000000e-04 | loss=0.646453 | k_vals=[10, 50, 10, 20, 100]
Epoch 001 | Batch 2380 | val_kld=0.824067 | val_ordacc@10=0.146774 | val_recall@10=0.563697
Epoch 001 | Batch 2390 | val_kld=0.817684 | val_ordacc@10=0.148318 | val_recall@10=0.566174
Epoch 001 | Batch 2400 | val_kld=0.805037 | val_ordacc@10=0.152492 | val_recall@10=0.571407
Epoch 001 | Step 2400 | lr=5.000000e-04 | loss=1.006793 | k_vals=[20, 1, 10, 1, 20]
Epoch 001 | Batch 2410 | val_kld=0.813307 | val_ordacc@10=0.149929 | val_recall@10=0.571928
Epoch 001 | Batch 2420 | val_kld=0.801844 | val_ordacc@10=0.153536 | val_recall@10=0.569274
Epoch 001 | Batch 2430 | val_kld=0.811295 | val_ordacc@10=0.150828 | val_recall@10=0.566905
Epoch 001 | Step 2430 | lr=5.000000e-04 | loss=0.835220 | k_vals=[50, 10, 20, 10, 10]
Epoch 001 | Batch 2440 | val_kld=0.812979 | val_ordacc@10=0.149222 | val_recall@10=0.571768
Epoch 001 | Batch 2450 | val_kld=0.820860 | val_ordacc@10=0.147230 | val_recall@10=0.577106
Epoch 001 | Batch 2460 | val_kld=0.817554 | val_ordacc@10=0.149089 | val_recall@10=0.574903
Epoch 001 | Step 2460 | lr=5.000000e-04 | loss=0.882745 | k_vals=[10, 50, 100, 1, 20]
Epoch 001 | Batch 2470 | val_kld=0.803577 | val_ordacc@10=0.150754 | val_recall@10=0.568300
Epoch 001 | Batch 2480 | val_kld=0.822746 | val_ordacc@10=0.147270 | val_recall@10=0.567272
Epoch 001 | Batch 2490 | val_kld=0.812325 | val_ordacc@10=0.150506 | val_recall@10=0.569948
Epoch 001 | Step 2490 | lr=5.000000e-04 | loss=0.764775 | k_vals=[10, 10, 1, 20, 100]
Epoch 001 | Batch 2500 | val_kld=0.838467 | val_ordacc@10=0.140772 | val_recall@10=0.557219
Epoch 001 | Batch 2510 | val_kld=0.817367 | val_ordacc@10=0.148783 | val_recall@10=0.569516
Epoch 001 | Batch 2520 | val_kld=0.801521 | val_ordacc@10=0.154183 | val_recall@10=0.572021
Epoch 001 | Step 2520 | lr=5.000000e-04 | loss=0.805363 | k_vals=[1, 20, 1, 10, 20]
Epoch 001 | Batch 2530 | val_kld=0.817541 | val_ordacc@10=0.150477 | val_recall@10=0.567728
Epoch 001 | Batch 2540 | val_kld=0.817072 | val_ordacc@10=0.149586 | val_recall@10=0.562914
Epoch 001 | Batch 2550 | val_kld=0.798763 | val_ordacc@10=0.154265 | val_recall@10=0.572609
Epoch 001 | Step 2550 | lr=5.000000e-04 | loss=0.856336 | k_vals=[1, 1, 50, 10, 20]
Epoch 001 | Batch 2560 | val_kld=0.812444 | val_ordacc@10=0.150068 | val_recall@10=0.564797
Epoch 001 | Batch 2570 | val_kld=0.814278 | val_ordacc@10=0.148508 | val_recall@10=0.572266
Epoch 001 | Batch 2580 | val_kld=0.798890 | val_ordacc@10=0.153303 | val_recall@10=0.569404
Epoch 001 | Step 2580 | lr=5.000000e-04 | loss=0.721639 | k_vals=[10, 1, 100, 10, 50]
Epoch 001 | Batch 2590 | val_kld=0.807803 | val_ordacc@10=0.150702 | val_recall@10=0.569675
Epoch 001 | Batch 2600 | val_kld=0.811943 | val_ordacc@10=0.150360 | val_recall@10=0.563059
Epoch 001 | Batch 2610 | val_kld=0.791165 | val_ordacc@10=0.156138 | val_recall@10=0.576460
Epoch 001 | Step 2610 | lr=5.000000e-04 | loss=0.712641 | k_vals=[20, 20, 1, 20, 100]
Epoch 001 | Batch 2620 | val_kld=0.815467 | val_ordacc@10=0.150998 | val_recall@10=0.558279
Epoch 001 | Batch 2630 | val_kld=0.810601 | val_ordacc@10=0.151255 | val_recall@10=0.568533
Epoch 001 | Batch 2640 | val_kld=0.814054 | val_ordacc@10=0.147863 | val_recall@10=0.568497
Epoch 001 | Step 2640 | lr=5.000000e-04 | loss=0.684777 | k_vals=[50, 50, 10, 10, 100]
Epoch 001 | Batch 2650 | val_kld=0.803020 | val_ordacc@10=0.152030 | val_recall@10=0.573996
Epoch 001 | Batch 2660 | val_kld=0.793831 | val_ordacc@10=0.153709 | val_recall@10=0.566993
Epoch 001 | Batch 2670 | val_kld=0.810320 | val_ordacc@10=0.152674 | val_recall@10=0.568847
Epoch 001 | Step 2670 | lr=5.000000e-04 | loss=0.831124 | k_vals=[10, 100, 100, 20, 10]
Epoch 001 | Batch 2680 | val_kld=0.811855 | val_ordacc@10=0.150819 | val_recall@10=0.574458
Epoch 001 | Batch 2690 | val_kld=0.811681 | val_ordacc@10=0.148107 | val_recall@10=0.568240
Epoch 001 | Batch 2700 | val_kld=0.794840 | val_ordacc@10=0.154011 | val_recall@10=0.569834
Epoch 001 | Step 2700 | lr=5.000000e-04 | loss=0.846285 | k_vals=[20, 20, 1, 1, 10]
Epoch 001 | Batch 2710 | val_kld=0.795017 | val_ordacc@10=0.154191 | val_recall@10=0.573214
Epoch 001 | Batch 2720 | val_kld=0.800303 | val_ordacc@10=0.152983 | val_recall@10=0.580316
Epoch 001 | Batch 2730 | val_kld=0.809075 | val_ordacc@10=0.150709 | val_recall@10=0.576744
Epoch 001 | Step 2730 | lr=5.000000e-04 | loss=0.997960 | k_vals=[20, 1, 1, 1, 10]
Epoch 001 | Batch 2740 | val_kld=0.799284 | val_ordacc@10=0.153780 | val_recall@10=0.577106
Epoch 001 | Batch 2750 | val_kld=0.811137 | val_ordacc@10=0.147741 | val_recall@10=0.565060
Epoch 001 | Batch 2760 | val_kld=0.801032 | val_ordacc@10=0.153216 | val_recall@10=0.574085
Epoch 001 | Step 2760 | lr=5.000000e-04 | loss=0.852692 | k_vals=[50, 10, 1, 50, 20]
Epoch 001 | Batch 2770 | val_kld=0.806911 | val_ordacc@10=0.150893 | val_recall@10=0.571279
Epoch 001 | Batch 2780 | val_kld=0.794165 | val_ordacc@10=0.153117 | val_recall@10=0.574680
Epoch 001 | Batch 2790 | val_kld=0.804032 | val_ordacc@10=0.151921 | val_recall@10=0.573323
Epoch 001 | Step 2790 | lr=5.000000e-04 | loss=0.571516 | k_vals=[10, 100, 20, 20, 10]
Epoch 001 | Batch 2800 | val_kld=0.824338 | val_ordacc@10=0.147224 | val_recall@10=0.571735
Epoch 001 | Batch 2810 | val_kld=0.809387 | val_ordacc@10=0.150357 | val_recall@10=0.576106
Epoch 001 | Batch 2820 | val_kld=0.805448 | val_ordacc@10=0.150064 | val_recall@10=0.568994
Epoch 001 | Step 2820 | lr=5.000000e-04 | loss=0.768852 | k_vals=[10, 1, 10, 100, 100]
Epoch 001 | Batch 2830 | val_kld=0.801851 | val_ordacc@10=0.150705 | val_recall@10=0.571731
Epoch 001 | Batch 2840 | val_kld=0.804310 | val_ordacc@10=0.153954 | val_recall@10=0.569916
Epoch 001 | Batch 2850 | val_kld=0.806094 | val_ordacc@10=0.151504 | val_recall@10=0.568938
Epoch 001 | Step 2850 | lr=5.000000e-04 | loss=0.791349 | k_vals=[1, 1, 100, 50, 100]
Epoch 001 | Batch 2860 | val_kld=0.812801 | val_ordacc@10=0.150383 | val_recall@10=0.575104
Epoch 001 | Batch 2870 | val_kld=0.811899 | val_ordacc@10=0.151803 | val_recall@10=0.572086
Epoch 001 | Batch 2880 | val_kld=0.803871 | val_ordacc@10=0.153407 | val_recall@10=0.574321
Epoch 001 | Step 2880 | lr=5.000000e-04 | loss=0.751712 | k_vals=[100, 100, 20, 10, 10]
Epoch 001 | Batch 2890 | val_kld=0.806017 | val_ordacc@10=0.150464 | val_recall@10=0.565192
Epoch 001 | Batch 2900 | val_kld=0.807014 | val_ordacc@10=0.149833 | val_recall@10=0.566508
Epoch 001 | Batch 2910 | val_kld=0.792012 | val_ordacc@10=0.152726 | val_recall@10=0.565717
Epoch 001 | Step 2910 | lr=5.000000e-04 | loss=0.903804 | k_vals=[1, 1, 10, 100, 50]
Epoch 001 | Batch 2920 | val_kld=0.794485 | val_ordacc@10=0.152044 | val_recall@10=0.571848
Epoch 001 | Batch 2930 | val_kld=0.783900 | val_ordacc@10=0.157415 | val_recall@10=0.574675
Epoch 001 | Batch 2940 | val_kld=0.790829 | val_ordacc@10=0.153446 | val_recall@10=0.572097
Epoch 001 | Step 2940 | lr=5.000000e-04 | loss=0.706093 | k_vals=[50, 20, 100, 10, 20]
Epoch 001 | Batch 2950 | val_kld=0.791090 | val_ordacc@10=0.155204 | val_recall@10=0.574255
Epoch 001 | Batch 2960 | val_kld=0.806895 | val_ordacc@10=0.151474 | val_recall@10=0.569363
Epoch 001 | Batch 2970 | val_kld=0.795758 | val_ordacc@10=0.154538 | val_recall@10=0.578002
Epoch 001 | Step 2970 | lr=5.000000e-04 | loss=0.760780 | k_vals=[1, 100, 10, 20, 100]
Epoch 001 | Batch 2980 | val_kld=0.798786 | val_ordacc@10=0.152344 | val_recall@10=0.573400
Epoch 001 | Batch 2990 | val_kld=0.801869 | val_ordacc@10=0.153332 | val_recall@10=0.570581
Epoch 001 | Batch 3000 | val_kld=0.825333 | val_ordacc@10=0.146934 | val_recall@10=0.580254
Epoch 001 | Step 3000 | lr=5.000000e-04 | loss=0.878468 | k_vals=[100, 50, 1, 10, 100]
Epoch 001 | Batch 3010 | val_kld=0.808624 | val_ordacc@10=0.151064 | val_recall@10=0.576483
Epoch 001 | Batch 3020 | val_kld=0.799936 | val_ordacc@10=0.153623 | val_recall@10=0.574848
Epoch 001 | Batch 3030 | val_kld=0.800199 | val_ordacc@10=0.152458 | val_recall@10=0.572844
Epoch 001 | Step 3030 | lr=5.000000e-04 | loss=0.963367 | k_vals=[50, 100, 100, 1, 100]
Epoch 001 | Batch 3040 | val_kld=0.794303 | val_ordacc@10=0.154320 | val_recall@10=0.573445
Epoch 001 | Batch 3050 | val_kld=0.797073 | val_ordacc@10=0.152820 | val_recall@10=0.567481
Epoch 001 | Batch 3060 | val_kld=0.794039 | val_ordacc@10=0.153008 | val_recall@10=0.567906
Epoch 001 | Step 3060 | lr=5.000000e-04 | loss=0.853501 | k_vals=[10, 10, 10, 20, 10]
Epoch 001 | Batch 3070 | val_kld=0.803387 | val_ordacc@10=0.153038 | val_recall@10=0.577486
Epoch 001 | Batch 3080 | val_kld=0.798695 | val_ordacc@10=0.153546 | val_recall@10=0.572668
Epoch 001 | Batch 3090 | val_kld=0.793820 | val_ordacc@10=0.152916 | val_recall@10=0.573188
Epoch 001 | Step 3090 | lr=5.000000e-04 | loss=0.861079 | k_vals=[1, 1, 50, 10, 1]
Epoch 001 | Batch 3100 | val_kld=0.787954 | val_ordacc@10=0.155841 | val_recall@10=0.572764
Epoch 001 | Batch 3110 | val_kld=0.790398 | val_ordacc@10=0.156034 | val_recall@10=0.577434
Epoch 001 | Batch 3120 | val_kld=0.785702 | val_ordacc@10=0.155596 | val_recall@10=0.570390
Epoch 001 | Step 3120 | lr=5.000000e-04 | loss=0.834306 | k_vals=[10, 50, 10, 50, 50]
Epoch 001 | Batch 3130 | val_kld=0.794219 | val_ordacc@10=0.152334 | val_recall@10=0.574564
Epoch 001 | Batch 3140 | val_kld=0.794312 | val_ordacc@10=0.154735 | val_recall@10=0.579584
Epoch 001 | Batch 3150 | val_kld=0.824831 | val_ordacc@10=0.147136 | val_recall@10=0.564247
Epoch 001 | Step 3150 | lr=5.000000e-04 | loss=0.824464 | k_vals=[1, 1, 100, 10, 50]
Epoch 001 | Batch 3160 | val_kld=0.792845 | val_ordacc@10=0.154524 | val_recall@10=0.570350
Epoch 001 | Batch 3170 | val_kld=0.796336 | val_ordacc@10=0.153245 | val_recall@10=0.572585
Epoch 001 | Batch 3180 | val_kld=0.804328 | val_ordacc@10=0.152199 | val_recall@10=0.574756
Epoch 001 | Step 3180 | lr=5.000000e-04 | loss=0.827952 | k_vals=[10, 10, 10, 10, 100]
Epoch 001 | Batch 3190 | val_kld=0.800650 | val_ordacc@10=0.151212 | val_recall@10=0.571938
Epoch 001 | Batch 3200 | val_kld=0.790910 | val_ordacc@10=0.155676 | val_recall@10=0.565984
Epoch 001 | Batch 3210 | val_kld=0.793598 | val_ordacc@10=0.153387 | val_recall@10=0.564687
Epoch 001 | Step 3210 | lr=5.000000e-04 | loss=0.698946 | k_vals=[50, 10, 100, 100, 1]
Epoch 001 | Batch 3220 | val_kld=0.818935 | val_ordacc@10=0.148325 | val_recall@10=0.572308
Epoch 001 | Batch 3230 | val_kld=0.815726 | val_ordacc@10=0.145306 | val_recall@10=0.571717
Epoch 001 | Batch 3240 | val_kld=0.790735 | val_ordacc@10=0.154542 | val_recall@10=0.575988
Epoch 001 | Step 3240 | lr=5.000000e-04 | loss=0.723214 | k_vals=[100, 10, 20, 10, 100]
Epoch 001 | Batch 3250 | val_kld=0.790786 | val_ordacc@10=0.154890 | val_recall@10=0.572726
Epoch 001 | Batch 3260 | val_kld=0.794183 | val_ordacc@10=0.152501 | val_recall@10=0.574324
Epoch 001 | Batch 3270 | val_kld=0.795782 | val_ordacc@10=0.152221 | val_recall@10=0.572386
Epoch 001 | Step 3270 | lr=5.000000e-04 | loss=1.059638 | k_vals=[50, 50, 100, 100, 10]
Epoch 001 | Batch 3280 | val_kld=0.796943 | val_ordacc@10=0.152084 | val_recall@10=0.571990
Epoch 001 | Batch 3290 | val_kld=0.799500 | val_ordacc@10=0.152280 | val_recall@10=0.568199
Epoch 001 | Batch 3300 | val_kld=0.812628 | val_ordacc@10=0.149034 | val_recall@10=0.570755
Epoch 001 | Step 3300 | lr=5.000000e-04 | loss=0.717288 | k_vals=[50, 100, 10, 50, 10]
Epoch 001 | Batch 3310 | val_kld=0.787955 | val_ordacc@10=0.153832 | val_recall@10=0.571378
Epoch 001 | Batch 3320 | val_kld=0.797376 | val_ordacc@10=0.151758 | val_recall@10=0.572350
Epoch 001 | Batch 3330 | val_kld=0.791336 | val_ordacc@10=0.153476 | val_recall@10=0.573932
Epoch 001 | Step 3330 | lr=5.000000e-04 | loss=0.817927 | k_vals=[1, 1, 100, 100, 10]
Epoch 001 | Batch 3340 | val_kld=0.795388 | val_ordacc@10=0.154064 | val_recall@10=0.569168
Epoch 001 | Batch 3350 | val_kld=0.801622 | val_ordacc@10=0.151221 | val_recall@10=0.571516
Epoch 001 | Batch 3360 | val_kld=0.811722 | val_ordacc@10=0.150534 | val_recall@10=0.571628
Epoch 001 | Step 3360 | lr=5.000000e-04 | loss=0.880314 | k_vals=[20, 1, 100, 100, 1]
Epoch 001 | Batch 3370 | val_kld=0.791159 | val_ordacc@10=0.155432 | val_recall@10=0.575968
Epoch 001 | Batch 3380 | val_kld=0.789598 | val_ordacc@10=0.157367 | val_recall@10=0.572427
Epoch 001 | Batch 3390 | val_kld=0.788262 | val_ordacc@10=0.155017 | val_recall@10=0.569140
Epoch 001 | Step 3390 | lr=5.000000e-04 | loss=0.720356 | k_vals=[50, 100, 10, 20, 20]
Epoch 001 | Batch 3400 | val_kld=0.808031 | val_ordacc@10=0.148457 | val_recall@10=0.569022
Epoch 001 | Batch 3410 | val_kld=0.793710 | val_ordacc@10=0.153351 | val_recall@10=0.571558
Epoch 001 | Batch 3420 | val_kld=0.836179 | val_ordacc@10=0.142932 | val_recall@10=0.564724
Epoch 001 | Step 3420 | lr=5.000000e-04 | loss=0.685989 | k_vals=[20, 100, 50, 100, 50]
Epoch 001 | Batch 3430 | val_kld=0.787603 | val_ordacc@10=0.154505 | val_recall@10=0.570980
Epoch 001 | Batch 3440 | val_kld=0.801765 | val_ordacc@10=0.148661 | val_recall@10=0.567514
Epoch 001 | Batch 3450 | val_kld=0.788777 | val_ordacc@10=0.157212 | val_recall@10=0.576064
Epoch 001 | Step 3450 | lr=5.000000e-04 | loss=0.837346 | k_vals=[10, 50, 20, 50, 1]
Epoch 001 | Batch 3460 | val_kld=0.784206 | val_ordacc@10=0.155531 | val_recall@10=0.573449
Epoch 001 | Batch 3470 | val_kld=0.792531 | val_ordacc@10=0.154562 | val_recall@10=0.574693
Epoch 001 | Batch 3480 | val_kld=0.791112 | val_ordacc@10=0.154659 | val_recall@10=0.577502
Epoch 001 | Step 3480 | lr=5.000000e-04 | loss=0.811491 | k_vals=[1, 100, 20, 1, 20]
Epoch 001 | Batch 3490 | val_kld=0.782338 | val_ordacc@10=0.157785 | val_recall@10=0.575199
Epoch 001 | Batch 3500 | val_kld=0.807357 | val_ordacc@10=0.150030 | val_recall@10=0.573209
Epoch 001 | Batch 3510 | val_kld=0.795875 | val_ordacc@10=0.152465 | val_recall@10=0.571328
Epoch 001 | Step 3510 | lr=5.000000e-04 | loss=0.745019 | k_vals=[100, 10, 20, 100, 1]
Epoch 001 | Batch 3520 | val_kld=0.801022 | val_ordacc@10=0.151694 | val_recall@10=0.565827
Epoch 001 | Batch 3530 | val_kld=0.811281 | val_ordacc@10=0.148905 | val_recall@10=0.562812
Epoch 001 | Batch 3540 | val_kld=0.793841 | val_ordacc@10=0.153360 | val_recall@10=0.571947
Epoch 001 | Step 3540 | lr=5.000000e-04 | loss=0.818615 | k_vals=[100, 10, 1, 20, 20]
Epoch 001 | Batch 3550 | val_kld=0.799785 | val_ordacc@10=0.152372 | val_recall@10=0.574143
Epoch 001 | Batch 3560 | val_kld=0.785101 | val_ordacc@10=0.156523 | val_recall@10=0.570544
Epoch 001 | Batch 3570 | val_kld=0.806666 | val_ordacc@10=0.150091 | val_recall@10=0.567042
Epoch 001 | Step 3570 | lr=5.000000e-04 | loss=0.920481 | k_vals=[50, 1, 100, 1, 100]
Epoch 001 | Batch 3580 | val_kld=0.799868 | val_ordacc@10=0.152487 | val_recall@10=0.565816
Epoch 001 | Batch 3590 | val_kld=0.803292 | val_ordacc@10=0.149938 | val_recall@10=0.567111
Epoch 001 | Batch 3600 | val_kld=0.796421 | val_ordacc@10=0.150346 | val_recall@10=0.567392
Epoch 001 | Step 3600 | lr=5.000000e-04 | loss=0.830358 | k_vals=[50, 10, 20, 50, 50]
Epoch 001 | Batch 3610 | val_kld=0.787543 | val_ordacc@10=0.154718 | val_recall@10=0.568095
Epoch 001 | Batch 3620 | val_kld=0.793526 | val_ordacc@10=0.152853 | val_recall@10=0.571461
Epoch 001 | Batch 3630 | val_kld=0.805470 | val_ordacc@10=0.150340 | val_recall@10=0.576025
Epoch 001 | Step 3630 | lr=5.000000e-04 | loss=0.754609 | k_vals=[50, 50, 1, 10, 20]
Epoch 001 | Batch 3640 | val_kld=0.795638 | val_ordacc@10=0.152454 | val_recall@10=0.570199
Epoch 001 | Batch 3650 | val_kld=0.794864 | val_ordacc@10=0.154512 | val_recall@10=0.572777
Epoch 001 | Batch 3660 | val_kld=0.781580 | val_ordacc@10=0.157656 | val_recall@10=0.577075
Epoch 001 | Step 3660 | lr=5.000000e-04 | loss=0.720239 | k_vals=[20, 100, 10, 20, 50]
Epoch 001 | Batch 3670 | val_kld=0.796977 | val_ordacc@10=0.154886 | val_recall@10=0.573368
Epoch 001 | Batch 3680 | val_kld=0.797593 | val_ordacc@10=0.152441 | val_recall@10=0.572506
Epoch 001 | Batch 3690 | val_kld=0.810005 | val_ordacc@10=0.148066 | val_recall@10=0.570797
Epoch 001 | Step 3690 | lr=5.000000e-04 | loss=0.985198 | k_vals=[50, 100, 100, 20, 20]
Epoch 001 | Batch 3700 | val_kld=0.795819 | val_ordacc@10=0.153769 | val_recall@10=0.575708
Epoch 001 | Batch 3710 | val_kld=0.780983 | val_ordacc@10=0.155446 | val_recall@10=0.574638
Epoch 001 | Batch 3720 | val_kld=0.792933 | val_ordacc@10=0.152853 | val_recall@10=0.569998
Epoch 001 | Step 3720 | lr=5.000000e-04 | loss=0.806243 | k_vals=[100, 20, 20, 20, 50]
Epoch 001 | Batch 3730 | val_kld=0.795141 | val_ordacc@10=0.153900 | val_recall@10=0.573405
Epoch 001 | Batch 3740 | val_kld=0.778862 | val_ordacc@10=0.157905 | val_recall@10=0.577014
Epoch 001 | Batch 3750 | val_kld=0.794893 | val_ordacc@10=0.153230 | val_recall@10=0.571277
Epoch 001 | Step 3750 | lr=5.000000e-04 | loss=0.878108 | k_vals=[100, 20, 1, 10, 20]
Epoch 001 | Batch 3760 | val_kld=0.792052 | val_ordacc@10=0.154296 | val_recall@10=0.570605
Epoch 001 | Batch 3770 | val_kld=0.790658 | val_ordacc@10=0.152984 | val_recall@10=0.569734
Epoch 001 | Batch 3780 | val_kld=0.790449 | val_ordacc@10=0.154410 | val_recall@10=0.574590
Epoch 001 | Step 3780 | lr=5.000000e-04 | loss=0.921505 | k_vals=[20, 50, 1, 1, 50]
Epoch 001 | Batch 3790 | val_kld=0.778770 | val_ordacc@10=0.157184 | val_recall@10=0.573546
Epoch 001 | Batch 3800 | val_kld=0.801231 | val_ordacc@10=0.151453 | val_recall@10=0.566937
Epoch 001 | Batch 3810 | val_kld=0.791114 | val_ordacc@10=0.154942 | val_recall@10=0.572726
Epoch 001 | Step 3810 | lr=5.000000e-04 | loss=0.905044 | k_vals=[100, 100, 20, 20, 100]
Epoch 001 | Batch 3820 | val_kld=0.784498 | val_ordacc@10=0.156664 | val_recall@10=0.574754
Epoch 001 | Batch 3830 | val_kld=0.786188 | val_ordacc@10=0.155716 | val_recall@10=0.572274
Epoch 001 | Batch 3840 | val_kld=0.791989 | val_ordacc@10=0.155248 | val_recall@10=0.574519
Epoch 001 | Step 3840 | lr=5.000000e-04 | loss=0.660000 | k_vals=[100, 100, 100, 1, 20]
Epoch 001 | Batch 3850 | val_kld=0.786749 | val_ordacc@10=0.154664 | val_recall@10=0.572078
Epoch 001 | Batch 3860 | val_kld=0.797083 | val_ordacc@10=0.153108 | val_recall@10=0.569813
Epoch 001 | Batch 3870 | val_kld=0.784541 | val_ordacc@10=0.155708 | val_recall@10=0.573111
Epoch 001 | Step 3870 | lr=5.000000e-04 | loss=0.752916 | k_vals=[1, 10, 50, 50, 20]
Epoch 001 | Batch 3880 | val_kld=0.795359 | val_ordacc@10=0.153978 | val_recall@10=0.571860
Epoch 001 | Batch 3890 | val_kld=0.798947 | val_ordacc@10=0.153422 | val_recall@10=0.572517
Epoch 001 | Batch 3900 | val_kld=0.796716 | val_ordacc@10=0.152841 | val_recall@10=0.580888
Epoch 001 | Step 3900 | lr=5.000000e-04 | loss=0.753305 | k_vals=[20, 20, 20, 50, 20]
Epoch 001 | Batch 3910 | val_kld=0.790361 | val_ordacc@10=0.153092 | val_recall@10=0.576824
Epoch 001 | Batch 3920 | val_kld=0.786621 | val_ordacc@10=0.157668 | val_recall@10=0.577019
Epoch 001 | Batch 3930 | val_kld=0.779673 | val_ordacc@10=0.156350 | val_recall@10=0.572867
Epoch 001 | Step 3930 | lr=5.000000e-04 | loss=0.772554 | k_vals=[100, 20, 1, 100, 10]
Epoch 001 | Batch 3940 | val_kld=0.797211 | val_ordacc@10=0.153015 | val_recall@10=0.571672
Epoch 001 | Batch 3950 | val_kld=0.808731 | val_ordacc@10=0.150853 | val_recall@10=0.571665
Epoch 001 | Batch 3960 | val_kld=0.776834 | val_ordacc@10=0.156755 | val_recall@10=0.577179
Epoch 001 | Step 3960 | lr=5.000000e-04 | loss=0.869427 | k_vals=[1, 10, 1, 1, 10]
Epoch 001 | Batch 3970 | val_kld=0.780715 | val_ordacc@10=0.156146 | val_recall@10=0.572532
Epoch 001 | Batch 3980 | val_kld=0.784924 | val_ordacc@10=0.154668 | val_recall@10=0.572100
Epoch 001 | Batch 3990 | val_kld=0.799196 | val_ordacc@10=0.152582 | val_recall@10=0.570950
Epoch 001 | Step 3990 | lr=5.000000e-04 | loss=0.753174 | k_vals=[1, 10, 100, 1, 1]
Epoch 001 | Batch 4000 | val_kld=0.794847 | val_ordacc@10=0.155150 | val_recall@10=0.575402
Epoch 001 | Batch 4010 | val_kld=0.781160 | val_ordacc@10=0.157008 | val_recall@10=0.573751
Epoch 001 | Batch 4020 | val_kld=0.794546 | val_ordacc@10=0.152098 | val_recall@10=0.572043
Epoch 001 | Step 4020 | lr=5.000000e-04 | loss=0.859515 | k_vals=[50, 1, 1, 1, 1]
Epoch 001 | Batch 4030 | val_kld=0.791605 | val_ordacc@10=0.154166 | val_recall@10=0.568470
Epoch 001 | Batch 4040 | val_kld=0.781554 | val_ordacc@10=0.155368 | val_recall@10=0.570308
Epoch 001 | Batch 4050 | val_kld=0.794392 | val_ordacc@10=0.153070 | val_recall@10=0.580188
Epoch 001 | Step 4050 | lr=5.000000e-04 | loss=0.884865 | k_vals=[10, 50, 10, 10, 20]
Epoch 001 | Batch 4060 | val_kld=0.792975 | val_ordacc@10=0.152639 | val_recall@10=0.571848
Epoch 001 | Batch 4070 | val_kld=0.786724 | val_ordacc@10=0.154576 | val_recall@10=0.575582
Epoch 001 | Batch 4080 | val_kld=0.789754 | val_ordacc@10=0.155607 | val_recall@10=0.571786
Epoch 001 | Step 4080 | lr=5.000000e-04 | loss=0.980447 | k_vals=[10, 20, 20, 10, 1]
Epoch 001 | Batch 4090 | val_kld=0.788953 | val_ordacc@10=0.155120 | val_recall@10=0.574778
Epoch 001 | Batch 4100 | val_kld=0.788995 | val_ordacc@10=0.153808 | val_recall@10=0.579039
Epoch 001 | Batch 4110 | val_kld=0.790825 | val_ordacc@10=0.151583 | val_recall@10=0.567537
Epoch 001 | Step 4110 | lr=5.000000e-04 | loss=0.900674 | k_vals=[1, 1, 100, 10, 10]
Epoch 001 | Batch 4120 | val_kld=0.789941 | val_ordacc@10=0.152196 | val_recall@10=0.574243
Epoch 001 | Batch 4130 | val_kld=0.787492 | val_ordacc@10=0.154827 | val_recall@10=0.572565
Epoch 001 | Batch 4140 | val_kld=0.793162 | val_ordacc@10=0.152477 | val_recall@10=0.568846
Epoch 001 | Step 4140 | lr=5.000000e-04 | loss=0.834686 | k_vals=[10, 10, 20, 50, 100]
Epoch 001 | Batch 4150 | val_kld=0.797843 | val_ordacc@10=0.153624 | val_recall@10=0.567487
Epoch 001 | Batch 4160 | val_kld=0.781871 | val_ordacc@10=0.156004 | val_recall@10=0.570757
Epoch 001 | Batch 4170 | val_kld=0.777761 | val_ordacc@10=0.157423 | val_recall@10=0.572731
Epoch 001 | Step 4170 | lr=5.000000e-04 | loss=0.816721 | k_vals=[20, 10, 20, 50, 20]
Epoch 001 | Batch 4180 | val_kld=0.784373 | val_ordacc@10=0.154536 | val_recall@10=0.567862
Epoch 001 | Batch 4190 | val_kld=0.778400 | val_ordacc@10=0.156918 | val_recall@10=0.575098
Epoch 001 | Batch 4200 | val_kld=0.773355 | val_ordacc@10=0.158430 | val_recall@10=0.580018
Epoch 001 | Step 4200 | lr=5.000000e-04 | loss=0.920855 | k_vals=[50, 1, 100, 1, 10]
Epoch 001 | Batch 4210 | val_kld=0.791832 | val_ordacc@10=0.153778 | val_recall@10=0.577452
Epoch 001 | Batch 4220 | val_kld=0.779685 | val_ordacc@10=0.156802 | val_recall@10=0.573287
Epoch 001 | Batch 4230 | val_kld=0.784530 | val_ordacc@10=0.154498 | val_recall@10=0.568859
Epoch 001 | Step 4230 | lr=5.000000e-04 | loss=0.734479 | k_vals=[20, 50, 50, 20, 10]
Epoch 001 | Batch 4240 | val_kld=0.777676 | val_ordacc@10=0.158414 | val_recall@10=0.575713
Epoch 001 | Batch 4250 | val_kld=0.791412 | val_ordacc@10=0.153681 | val_recall@10=0.573635
Epoch 001 | Batch 4260 | val_kld=0.783005 | val_ordacc@10=0.155952 | val_recall@10=0.573559
Epoch 001 | Step 4260 | lr=5.000000e-04 | loss=0.744977 | k_vals=[10, 20, 20, 10, 20]
Epoch 001 | Batch 4270 | val_kld=0.785828 | val_ordacc@10=0.155003 | val_recall@10=0.570864
Epoch 001 | Batch 4280 | val_kld=0.785721 | val_ordacc@10=0.153326 | val_recall@10=0.571508
Epoch 001 | Batch 4290 | val_kld=0.792130 | val_ordacc@10=0.151986 | val_recall@10=0.563106
Epoch 001 | Step 4290 | lr=5.000000e-04 | loss=0.840481 | k_vals=[100, 50, 20, 100, 1]
Epoch 001 | Batch 4300 | val_kld=0.785750 | val_ordacc@10=0.154597 | val_recall@10=0.576321
Epoch 001 | Batch 4310 | val_kld=0.813329 | val_ordacc@10=0.148909 | val_recall@10=0.575793
Epoch 001 | Batch 4320 | val_kld=0.798219 | val_ordacc@10=0.152121 | val_recall@10=0.578810
Epoch 001 | Step 4320 | lr=5.000000e-04 | loss=0.783976 | k_vals=[50, 50, 10, 20, 20]
Epoch 001 | Batch 4330 | val_kld=0.783045 | val_ordacc@10=0.156791 | val_recall@10=0.578438
Epoch 001 | Batch 4340 | val_kld=0.785514 | val_ordacc@10=0.154693 | val_recall@10=0.576439
Epoch 001 | Batch 4350 | val_kld=0.784449 | val_ordacc@10=0.153004 | val_recall@10=0.571906
Epoch 001 | Step 4350 | lr=5.000000e-04 | loss=0.767584 | k_vals=[20, 100, 1, 20, 1]
Epoch 001 | Batch 4360 | val_kld=0.779991 | val_ordacc@10=0.154599 | val_recall@10=0.574607
Epoch 001 | Batch 4370 | val_kld=0.787872 | val_ordacc@10=0.154697 | val_recall@10=0.570443
Epoch 001 | Batch 4380 | val_kld=0.785241 | val_ordacc@10=0.154716 | val_recall@10=0.570930
Epoch 001 | Step 4380 | lr=5.000000e-04 | loss=0.653372 | k_vals=[20, 10, 100, 20, 10]
Epoch 001 | Batch 4390 | val_kld=0.797741 | val_ordacc@10=0.149951 | val_recall@10=0.567593
Epoch 001 | Batch 4400 | val_kld=0.786021 | val_ordacc@10=0.153019 | val_recall@10=0.569227
Epoch 001 | Batch 4410 | val_kld=0.794060 | val_ordacc@10=0.150464 | val_recall@10=0.567091
Epoch 001 | Step 4410 | lr=5.000000e-04 | loss=0.829203 | k_vals=[10, 50, 20, 10, 10]
Epoch 001 | Batch 4420 | val_kld=0.794252 | val_ordacc@10=0.152172 | val_recall@10=0.565378
Epoch 001 | Batch 4430 | val_kld=0.793508 | val_ordacc@10=0.151209 | val_recall@10=0.567756
Epoch 001 | Batch 4440 | val_kld=0.783888 | val_ordacc@10=0.154718 | val_recall@10=0.569192
Epoch 001 | Step 4440 | lr=5.000000e-04 | loss=0.764818 | k_vals=[10, 10, 10, 10, 10]
Epoch 001 | Batch 4450 | val_kld=0.782564 | val_ordacc@10=0.156562 | val_recall@10=0.574325
Epoch 001 | Batch 4460 | val_kld=0.792405 | val_ordacc@10=0.153304 | val_recall@10=0.574154
Epoch 001 | Batch 4470 | val_kld=0.787962 | val_ordacc@10=0.152299 | val_recall@10=0.574204
Epoch 001 | Step 4470 | lr=5.000000e-04 | loss=0.918692 | k_vals=[50, 10, 20, 1, 10]
Epoch 001 | Batch 4480 | val_kld=0.774263 | val_ordacc@10=0.158370 | val_recall@10=0.581037
Epoch 001 | Batch 4490 | val_kld=0.789806 | val_ordacc@10=0.153683 | val_recall@10=0.577322
Epoch 001 | Batch 4500 | val_kld=0.781391 | val_ordacc@10=0.155058 | val_recall@10=0.571442
Epoch 001 | Step 4500 | lr=5.000000e-04 | loss=0.917125 | k_vals=[100, 1, 1, 100, 1]
Epoch 001 | Batch 4510 | val_kld=0.786505 | val_ordacc@10=0.154347 | val_recall@10=0.566117
Epoch 001 | Batch 4520 | val_kld=0.786970 | val_ordacc@10=0.152052 | val_recall@10=0.569100
Epoch 001 | Batch 4530 | val_kld=0.782882 | val_ordacc@10=0.156518 | val_recall@10=0.573035
Epoch 001 | Step 4530 | lr=5.000000e-04 | loss=0.708141 | k_vals=[10, 100, 10, 100, 20]
Epoch 001 | Batch 4540 | val_kld=0.782667 | val_ordacc@10=0.156804 | val_recall@10=0.569280
Epoch 001 | Batch 4550 | val_kld=0.790274 | val_ordacc@10=0.152361 | val_recall@10=0.570988
Epoch 001 | Batch 4560 | val_kld=0.792415 | val_ordacc@10=0.153357 | val_recall@10=0.577986
Epoch 001 | Step 4560 | lr=5.000000e-04 | loss=0.774849 | k_vals=[100, 10, 1, 20, 50]
Epoch 001 | Batch 4570 | val_kld=0.812869 | val_ordacc@10=0.147266 | val_recall@10=0.569552
Epoch 001 | Batch 4580 | val_kld=0.774060 | val_ordacc@10=0.158723 | val_recall@10=0.576540
Epoch 001 | Batch 4590 | val_kld=0.778071 | val_ordacc@10=0.156436 | val_recall@10=0.575092
Epoch 001 | Step 4590 | lr=5.000000e-04 | loss=0.783939 | k_vals=[20, 100, 20, 1, 10]
Epoch 001 | Batch 4600 | val_kld=0.785717 | val_ordacc@10=0.153503 | val_recall@10=0.572390
Epoch 001 | Batch 4610 | val_kld=0.776687 | val_ordacc@10=0.156732 | val_recall@10=0.570990
Epoch 001 | Batch 4620 | val_kld=0.777110 | val_ordacc@10=0.155515 | val_recall@10=0.574160
Epoch 001 | Step 4620 | lr=5.000000e-04 | loss=0.777061 | k_vals=[50, 10, 50, 1, 10]
Epoch 001 | Batch 4630 | val_kld=0.776649 | val_ordacc@10=0.157724 | val_recall@10=0.576889
Epoch 001 | Batch 4640 | val_kld=0.794819 | val_ordacc@10=0.151398 | val_recall@10=0.567422
Epoch 001 | Batch 4650 | val_kld=0.776827 | val_ordacc@10=0.156406 | val_recall@10=0.576769
Epoch 001 | Step 4650 | lr=5.000000e-04 | loss=0.834278 | k_vals=[20, 20, 100, 1, 20]
Epoch 001 | Batch 4660 | val_kld=0.780137 | val_ordacc@10=0.154724 | val_recall@10=0.568491
Epoch 001 | Batch 4670 | val_kld=0.783078 | val_ordacc@10=0.155704 | val_recall@10=0.569451
Epoch 001 | Batch 4680 | val_kld=0.780640 | val_ordacc@10=0.155650 | val_recall@10=0.571616
Epoch 001 | Step 4680 | lr=5.000000e-04 | loss=0.870508 | k_vals=[50, 1, 100, 1, 50]
Epoch 001 | Batch 4690 | val_kld=0.782558 | val_ordacc@10=0.154309 | val_recall@10=0.570246
Epoch 001 | Batch 4700 | val_kld=0.799528 | val_ordacc@10=0.150320 | val_recall@10=0.577253
Epoch 001 | Batch 4710 | val_kld=0.775662 | val_ordacc@10=0.157120 | val_recall@10=0.573006
Epoch 001 | Step 4710 | lr=5.000000e-04 | loss=0.874491 | k_vals=[20, 10, 50, 1, 50]
Epoch 001 | Batch 4720 | val_kld=0.785669 | val_ordacc@10=0.155852 | val_recall@10=0.574087
Epoch 001 | Batch 4730 | val_kld=0.787581 | val_ordacc@10=0.153302 | val_recall@10=0.574451
Epoch 001 | Batch 4740 | val_kld=0.780704 | val_ordacc@10=0.155856 | val_recall@10=0.573968
Epoch 001 | Step 4740 | lr=5.000000e-04 | loss=0.836058 | k_vals=[10, 50, 1, 20, 50]
Epoch 001 | Batch 4750 | val_kld=0.784417 | val_ordacc@10=0.154560 | val_recall@10=0.575448
Epoch 001 | Batch 4760 | val_kld=0.773528 | val_ordacc@10=0.157407 | val_recall@10=0.574750
Epoch 001 | Batch 4770 | val_kld=0.774716 | val_ordacc@10=0.158105 | val_recall@10=0.577225
Epoch 001 | Step 4770 | lr=5.000000e-04 | loss=0.738077 | k_vals=[50, 100, 10, 100, 50]
Epoch 001 | Batch 4780 | val_kld=0.775857 | val_ordacc@10=0.157521 | val_recall@10=0.573997
Epoch 001 | Batch 4790 | val_kld=0.775809 | val_ordacc@10=0.156011 | val_recall@10=0.574467
Epoch 001 | Batch 4800 | val_kld=0.779052 | val_ordacc@10=0.156807 | val_recall@10=0.575493
Epoch 001 | Step 4800 | lr=5.000000e-04 | loss=0.735046 | k_vals=[100, 100, 20, 100, 50]
Epoch 001 | Batch 4810 | val_kld=0.794676 | val_ordacc@10=0.152494 | val_recall@10=0.572440
Epoch 001 | Batch 4820 | val_kld=0.788388 | val_ordacc@10=0.154686 | val_recall@10=0.574742
Epoch 001 | Batch 4830 | val_kld=0.777446 | val_ordacc@10=0.155886 | val_recall@10=0.571721
Epoch 001 | Step 4830 | lr=5.000000e-04 | loss=0.967362 | k_vals=[50, 20, 50, 10, 100]
Epoch 001 | Batch 4840 | val_kld=0.814767 | val_ordacc@10=0.145987 | val_recall@10=0.558113
Epoch 001 | Batch 4850 | val_kld=0.777381 | val_ordacc@10=0.156794 | val_recall@10=0.569426
Epoch 001 | Batch 4860 | val_kld=0.776929 | val_ordacc@10=0.156671 | val_recall@10=0.572103
Epoch 001 | Step 4860 | lr=5.000000e-04 | loss=0.778861 | k_vals=[1, 50, 1, 100, 100]
Epoch 001 | Batch 4870 | val_kld=0.777011 | val_ordacc@10=0.155994 | val_recall@10=0.574938
Epoch 001 | Batch 4880 | val_kld=0.768576 | val_ordacc@10=0.160322 | val_recall@10=0.573760
Epoch 001 | Batch 4890 | val_kld=0.767541 | val_ordacc@10=0.159856 | val_recall@10=0.572268
Epoch 001 | Step 4890 | lr=5.000000e-04 | loss=0.692803 | k_vals=[1, 100, 100, 50, 10]
Epoch 001 | Batch 4900 | val_kld=0.789004 | val_ordacc@10=0.152748 | val_recall@10=0.574112
Epoch 001 | Batch 4910 | val_kld=0.780139 | val_ordacc@10=0.155085 | val_recall@10=0.578712
Epoch 001 | Batch 4920 | val_kld=0.773824 | val_ordacc@10=0.158760 | val_recall@10=0.577726
Epoch 001 | Step 4920 | lr=5.000000e-04 | loss=0.524974 | k_vals=[10, 1, 20, 50, 1]
Epoch 001 | Batch 4930 | val_kld=0.783705 | val_ordacc@10=0.155483 | val_recall@10=0.571227
Epoch 001 | Batch 4940 | val_kld=0.781506 | val_ordacc@10=0.156669 | val_recall@10=0.574374
Epoch 001 | Batch 4950 | val_kld=0.777216 | val_ordacc@10=0.156101 | val_recall@10=0.576422
Epoch 001 | Step 4950 | lr=5.000000e-04 | loss=0.752159 | k_vals=[10, 50, 100, 10, 1]
Epoch 001 | Batch 4960 | val_kld=0.781357 | val_ordacc@10=0.154026 | val_recall@10=0.572918
Epoch 001 | Batch 4970 | val_kld=0.782980 | val_ordacc@10=0.154554 | val_recall@10=0.571104
Epoch 001 | Batch 4980 | val_kld=0.779116 | val_ordacc@10=0.155839 | val_recall@10=0.575011
Epoch 001 | Step 4980 | lr=5.000000e-04 | loss=0.697006 | k_vals=[100, 50, 20, 50, 10]
Epoch 001 | Batch 4990 | val_kld=0.792149 | val_ordacc@10=0.153376 | val_recall@10=0.575447
Epoch 001 | Batch 5000 | val_kld=0.781891 | val_ordacc@10=0.155616 | val_recall@10=0.575559
Epoch 001 | Batch 5010 | val_kld=0.773401 | val_ordacc@10=0.156938 | val_recall@10=0.577264
Epoch 001 | Step 5010 | lr=5.000000e-04 | loss=0.808291 | k_vals=[20, 1, 100, 50, 100]
Epoch 001 | Batch 5020 | val_kld=0.770127 | val_ordacc@10=0.159750 | val_recall@10=0.578957
Epoch 001 | Batch 5030 | val_kld=0.779729 | val_ordacc@10=0.155010 | val_recall@10=0.574942
Epoch 001 | Batch 5040 | val_kld=0.777182 | val_ordacc@10=0.157353 | val_recall@10=0.576470
Epoch 001 | Step 5040 | lr=5.000000e-04 | loss=0.637765 | k_vals=[10, 20, 20, 100, 1]
Epoch 001 | Batch 5050 | val_kld=0.780017 | val_ordacc@10=0.155616 | val_recall@10=0.576312
Epoch 001 | Batch 5060 | val_kld=0.773995 | val_ordacc@10=0.155510 | val_recall@10=0.572870
Epoch 001 | Batch 5070 | val_kld=0.778494 | val_ordacc@10=0.156486 | val_recall@10=0.570766
Epoch 001 | Step 5070 | lr=5.000000e-04 | loss=0.764532 | k_vals=[20, 1, 10, 10, 10]
Epoch 001 | Batch 5080 | val_kld=0.774674 | val_ordacc@10=0.159572 | val_recall@10=0.580588
Epoch 001 | Batch 5090 | val_kld=0.774860 | val_ordacc@10=0.156444 | val_recall@10=0.574369
Epoch 001 | Batch 5100 | val_kld=0.775275 | val_ordacc@10=0.156960 | val_recall@10=0.571688
Epoch 001 | Step 5100 | lr=5.000000e-04 | loss=0.685549 | k_vals=[1, 1, 20, 100, 100]
Epoch 001 | Batch 5110 | val_kld=0.779035 | val_ordacc@10=0.157344 | val_recall@10=0.575351
Epoch 001 | Batch 5120 | val_kld=0.773331 | val_ordacc@10=0.157924 | val_recall@10=0.571363
Epoch 001 | Batch 5130 | val_kld=0.781790 | val_ordacc@10=0.156812 | val_recall@10=0.572738
Epoch 001 | Step 5130 | lr=5.000000e-04 | loss=0.765900 | k_vals=[50, 50, 50, 1, 1]
Epoch 001 | Batch 5140 | val_kld=0.777645 | val_ordacc@10=0.157840 | val_recall@10=0.575694
Epoch 001 | Batch 5150 | val_kld=0.768120 | val_ordacc@10=0.160713 | val_recall@10=0.580402
Epoch 001 | Batch 5160 | val_kld=0.771773 | val_ordacc@10=0.160076 | val_recall@10=0.578870
Epoch 001 | Step 5160 | lr=5.000000e-04 | loss=0.717138 | k_vals=[10, 50, 50, 10, 100]
Epoch 001 | Batch 5170 | val_kld=0.774095 | val_ordacc@10=0.157218 | val_recall@10=0.571759
Epoch 001 | Batch 5180 | val_kld=0.776309 | val_ordacc@10=0.157207 | val_recall@10=0.571319
Epoch 001 | Batch 5190 | val_kld=0.775786 | val_ordacc@10=0.156909 | val_recall@10=0.578470
Epoch 001 | Step 5190 | lr=5.000000e-04 | loss=0.797096 | k_vals=[1, 20, 20, 20, 1]
Epoch 001 | Batch 5200 | val_kld=0.784788 | val_ordacc@10=0.157142 | val_recall@10=0.578891
Epoch 001 | Batch 5210 | val_kld=0.775842 | val_ordacc@10=0.156356 | val_recall@10=0.578730
Epoch 001 | Batch 5220 | val_kld=0.774905 | val_ordacc@10=0.158144 | val_recall@10=0.574729
Epoch 001 | Step 5220 | lr=5.000000e-04 | loss=0.695775 | k_vals=[10, 10, 1, 1, 10]
Epoch 001 | Batch 5230 | val_kld=0.772457 | val_ordacc@10=0.157707 | val_recall@10=0.576065
Epoch 001 | Batch 5240 | val_kld=0.768893 | val_ordacc@10=0.159687 | val_recall@10=0.575139
Epoch 001 | Batch 5250 | val_kld=0.781915 | val_ordacc@10=0.156507 | val_recall@10=0.570728
Epoch 001 | Step 5250 | lr=5.000000e-04 | loss=0.689099 | k_vals=[100, 50, 20, 10, 50]
Epoch 001 | Batch 5260 | val_kld=0.786377 | val_ordacc@10=0.152944 | val_recall@10=0.567345
Epoch 001 | Batch 5270 | val_kld=0.774603 | val_ordacc@10=0.158192 | val_recall@10=0.575712
Epoch 001 | Batch 5280 | val_kld=0.777521 | val_ordacc@10=0.157428 | val_recall@10=0.573251
Epoch 001 | Step 5280 | lr=5.000000e-04 | loss=0.756516 | k_vals=[20, 20, 10, 100, 100]
Epoch 001 | Batch 5290 | val_kld=0.776592 | val_ordacc@10=0.156068 | val_recall@10=0.578142
Epoch 001 | Batch 5300 | val_kld=0.786417 | val_ordacc@10=0.152382 | val_recall@10=0.568856
Epoch 001 | Batch 5310 | val_kld=0.780018 | val_ordacc@10=0.156994 | val_recall@10=0.574921
Epoch 001 | Step 5310 | lr=5.000000e-04 | loss=0.826227 | k_vals=[100, 50, 10, 1, 10]
Epoch 001 | Batch 5320 | val_kld=0.775062 | val_ordacc@10=0.158948 | val_recall@10=0.574228
Epoch 001 | Batch 5330 | val_kld=0.779643 | val_ordacc@10=0.155877 | val_recall@10=0.573426
Epoch 001 | Batch 5340 | val_kld=0.780457 | val_ordacc@10=0.156928 | val_recall@10=0.577714
Epoch 001 | Step 5340 | lr=5.000000e-04 | loss=0.659598 | k_vals=[100, 100, 10, 100, 50]
Epoch 001 | Batch 5350 | val_kld=0.777297 | val_ordacc@10=0.155236 | val_recall@10=0.574900
Epoch 001 | Batch 5360 | val_kld=0.775731 | val_ordacc@10=0.156052 | val_recall@10=0.573440
Epoch 001 | Batch 5370 | val_kld=0.767054 | val_ordacc@10=0.159285 | val_recall@10=0.578022
Epoch 001 | Step 5370 | lr=5.000000e-04 | loss=0.684680 | k_vals=[10, 20, 20, 100, 100]
Epoch 001 | Batch 5380 | val_kld=0.777014 | val_ordacc@10=0.157457 | val_recall@10=0.574284
Epoch 001 | Batch 5390 | val_kld=0.766220 | val_ordacc@10=0.160609 | val_recall@10=0.575686
Epoch 001 | Batch 5400 | val_kld=0.781029 | val_ordacc@10=0.155300 | val_recall@10=0.572120
Epoch 001 | Step 5400 | lr=5.000000e-04 | loss=0.750600 | k_vals=[100, 20, 10, 50, 50]
Epoch 001 | Batch 5410 | val_kld=0.778220 | val_ordacc@10=0.156012 | val_recall@10=0.567904
Epoch 001 | Batch 5420 | val_kld=0.774459 | val_ordacc@10=0.157952 | val_recall@10=0.569268
Epoch 001 | Batch 5430 | val_kld=0.781558 | val_ordacc@10=0.153913 | val_recall@10=0.570230
Epoch 001 | Step 5430 | lr=5.000000e-04 | loss=0.715372 | k_vals=[100, 100, 100, 1, 20]
Epoch 001 | Batch 5440 | val_kld=0.769722 | val_ordacc@10=0.158008 | val_recall@10=0.571936
Epoch 001 | Batch 5450 | val_kld=0.770880 | val_ordacc@10=0.158049 | val_recall@10=0.572813
Epoch 001 | Batch 5460 | val_kld=0.790567 | val_ordacc@10=0.155259 | val_recall@10=0.574019
Epoch 001 | Step 5460 | lr=5.000000e-04 | loss=0.898390 | k_vals=[10, 50, 1, 1, 50]
Epoch 001 | Batch 5470 | val_kld=0.773920 | val_ordacc@10=0.157356 | val_recall@10=0.571328
Epoch 001 | Batch 5480 | val_kld=0.773915 | val_ordacc@10=0.159692 | val_recall@10=0.576867
Epoch 001 | Batch 5490 | val_kld=0.777184 | val_ordacc@10=0.157721 | val_recall@10=0.576264
Epoch 001 | Step 5490 | lr=5.000000e-04 | loss=0.789576 | k_vals=[50, 100, 20, 20, 10]
Epoch 001 | Batch 5500 | val_kld=0.787367 | val_ordacc@10=0.153706 | val_recall@10=0.572885
Epoch 001 | Batch 5510 | val_kld=0.778845 | val_ordacc@10=0.154869 | val_recall@10=0.569970
Epoch 001 | Batch 5520 | val_kld=0.791399 | val_ordacc@10=0.152278 | val_recall@10=0.564669
Epoch 001 | Step 5520 | lr=5.000000e-04 | loss=0.792008 | k_vals=[100, 50, 50, 100, 1]
Epoch 001 | Batch 5530 | val_kld=0.790060 | val_ordacc@10=0.154222 | val_recall@10=0.570724
Epoch 001 | Batch 5540 | val_kld=0.772799 | val_ordacc@10=0.156975 | val_recall@10=0.575602
Epoch 001 | Batch 5550 | val_kld=0.777155 | val_ordacc@10=0.156488 | val_recall@10=0.576422
Epoch 001 | Step 5550 | lr=5.000000e-04 | loss=0.871644 | k_vals=[10, 20, 1, 20, 100]
Epoch 001 | Batch 5560 | val_kld=0.774111 | val_ordacc@10=0.157847 | val_recall@10=0.569783
Epoch 001 | Batch 5570 | val_kld=0.777066 | val_ordacc@10=0.156271 | val_recall@10=0.574628
Epoch 001 | Batch 5580 | val_kld=0.769067 | val_ordacc@10=0.158158 | val_recall@10=0.577172
Epoch 001 | Step 5580 | lr=5.000000e-04 | loss=0.826374 | k_vals=[50, 1, 1, 50, 1]
Epoch 001 | Batch 5590 | val_kld=0.767248 | val_ordacc@10=0.159197 | val_recall@10=0.574234
Epoch 001 | Batch 5600 | val_kld=0.768704 | val_ordacc@10=0.159568 | val_recall@10=0.579281
Epoch 001 | Batch 5610 | val_kld=0.770363 | val_ordacc@10=0.158835 | val_recall@10=0.581134
Epoch 001 | Step 5610 | lr=5.000000e-04 | loss=0.686743 | k_vals=[50, 10, 10, 50, 100]
Epoch 001 | Batch 5620 | val_kld=0.784519 | val_ordacc@10=0.153300 | val_recall@10=0.573652
Epoch 001 | Batch 5630 | val_kld=0.769472 | val_ordacc@10=0.158648 | val_recall@10=0.577033
Epoch 001 | Batch 5640 | val_kld=0.769171 | val_ordacc@10=0.158024 | val_recall@10=0.580939
Epoch 001 | Step 5640 | lr=5.000000e-04 | loss=0.780243 | k_vals=[100, 20, 10, 20, 10]
Epoch 001 | Batch 5650 | val_kld=0.774919 | val_ordacc@10=0.156446 | val_recall@10=0.576227
Epoch 001 | Batch 5660 | val_kld=0.768261 | val_ordacc@10=0.157907 | val_recall@10=0.576998
Epoch 001 | Batch 5670 | val_kld=0.766821 | val_ordacc@10=0.159691 | val_recall@10=0.573606
Epoch 001 | Step 5670 | lr=5.000000e-04 | loss=0.670878 | k_vals=[100, 20, 10, 50, 10]
Epoch 001 | Batch 5680 | val_kld=0.775428 | val_ordacc@10=0.157823 | val_recall@10=0.576979
Epoch 001 | Batch 5690 | val_kld=0.765542 | val_ordacc@10=0.159955 | val_recall@10=0.577720
Epoch 001 | Batch 5700 | val_kld=0.766787 | val_ordacc@10=0.159098 | val_recall@10=0.574324
Epoch 001 | Step 5700 | lr=5.000000e-04 | loss=0.688842 | k_vals=[20, 50, 100, 100, 20]
Epoch 001 | Batch 5710 | val_kld=0.780138 | val_ordacc@10=0.154327 | val_recall@10=0.574280
Epoch 001 | Batch 5720 | val_kld=0.766379 | val_ordacc@10=0.159512 | val_recall@10=0.573803
Epoch 001 | Batch 5730 | val_kld=0.764504 | val_ordacc@10=0.160826 | val_recall@10=0.578863
Epoch 001 | Step 5730 | lr=5.000000e-04 | loss=0.897385 | k_vals=[20, 50, 10, 1, 50]
Epoch 001 | Batch 5740 | val_kld=0.761257 | val_ordacc@10=0.161578 | val_recall@10=0.578723
Epoch 001 | Batch 5750 | val_kld=0.768272 | val_ordacc@10=0.158275 | val_recall@10=0.572172
Epoch 001 | Batch 5760 | val_kld=0.769728 | val_ordacc@10=0.157679 | val_recall@10=0.573475
Epoch 001 | Step 5760 | lr=5.000000e-04 | loss=0.825893 | k_vals=[1, 50, 100, 50, 50]
Epoch 001 | Batch 5770 | val_kld=0.774679 | val_ordacc@10=0.156376 | val_recall@10=0.572976
Epoch 001 | Batch 5780 | val_kld=0.771158 | val_ordacc@10=0.156216 | val_recall@10=0.575966
Epoch 001 | Batch 5790 | val_kld=0.769294 | val_ordacc@10=0.158359 | val_recall@10=0.577420
Epoch 001 | Step 5790 | lr=5.000000e-04 | loss=0.998751 | k_vals=[1, 20, 1, 1, 1]
Epoch 001 | Batch 5800 | val_kld=0.761668 | val_ordacc@10=0.161638 | val_recall@10=0.579241
Epoch 001 | Batch 5810 | val_kld=0.773524 | val_ordacc@10=0.157432 | val_recall@10=0.574523
Epoch 001 | Batch 5820 | val_kld=0.783025 | val_ordacc@10=0.155376 | val_recall@10=0.570483
Epoch 001 | Step 5820 | lr=5.000000e-04 | loss=0.830893 | k_vals=[100, 50, 20, 1, 1]
Epoch 001 | Batch 5830 | val_kld=0.770783 | val_ordacc@10=0.159119 | val_recall@10=0.574208
Epoch 001 | Batch 5840 | val_kld=0.772589 | val_ordacc@10=0.156217 | val_recall@10=0.570526
Epoch 001 | Batch 5850 | val_kld=0.790894 | val_ordacc@10=0.152204 | val_recall@10=0.572498
Epoch 001 | Step 5850 | lr=5.000000e-04 | loss=0.860800 | k_vals=[50, 1, 10, 100, 1]
Epoch 001 | Batch 5860 | val_kld=0.791001 | val_ordacc@10=0.156338 | val_recall@10=0.575848
Epoch 001 | Batch 5870 | val_kld=0.774985 | val_ordacc@10=0.156405 | val_recall@10=0.572925
Epoch 001 | Batch 5880 | val_kld=0.773354 | val_ordacc@10=0.157844 | val_recall@10=0.568231
Epoch 001 | Step 5880 | lr=5.000000e-04 | loss=0.738964 | k_vals=[10, 50, 20, 100, 20]
Epoch 001 | Batch 5890 | val_kld=0.772100 | val_ordacc@10=0.157010 | val_recall@10=0.572345
Epoch 001 | Batch 5900 | val_kld=0.767549 | val_ordacc@10=0.158877 | val_recall@10=0.574028
Epoch 001 | Batch 5910 | val_kld=0.777457 | val_ordacc@10=0.155232 | val_recall@10=0.568231
Epoch 001 | Step 5910 | lr=5.000000e-04 | loss=0.734623 | k_vals=[100, 20, 10, 20, 20]
Epoch 001 | Batch 5920 | val_kld=0.770728 | val_ordacc@10=0.158681 | val_recall@10=0.571750
Epoch 001 | Batch 5930 | val_kld=0.778524 | val_ordacc@10=0.155507 | val_recall@10=0.572068
Epoch 001 | Batch 5940 | val_kld=0.771150 | val_ordacc@10=0.158298 | val_recall@10=0.578225
Epoch 001 | Step 5940 | lr=5.000000e-04 | loss=0.803274 | k_vals=[1, 50, 20, 100, 50]
Epoch 001 | Batch 5950 | val_kld=0.767676 | val_ordacc@10=0.160344 | val_recall@10=0.580117
Epoch 001 | Batch 5960 | val_kld=0.774884 | val_ordacc@10=0.157741 | val_recall@10=0.575388
Epoch 001 | Batch 5970 | val_kld=0.776645 | val_ordacc@10=0.156828 | val_recall@10=0.581600
Epoch 001 | Step 5970 | lr=5.000000e-04 | loss=0.726891 | k_vals=[50, 1, 1, 10, 100]
Epoch 001 | Batch 5980 | val_kld=0.772377 | val_ordacc@10=0.155890 | val_recall@10=0.577994
Epoch 001 | Batch 5990 | val_kld=0.783858 | val_ordacc@10=0.156859 | val_recall@10=0.580280
Epoch 001 | Batch 6000 | val_kld=0.761641 | val_ordacc@10=0.159721 | val_recall@10=0.579495
Epoch 001 | Step 6000 | lr=5.000000e-04 | loss=0.628906 | k_vals=[100, 1, 20, 100, 100]
Epoch 001 | Batch 6010 | val_kld=0.767825 | val_ordacc@10=0.159244 | val_recall@10=0.580445
Epoch 001 | Batch 6020 | val_kld=0.764853 | val_ordacc@10=0.159186 | val_recall@10=0.573763
Epoch 001 | Batch 6030 | val_kld=0.769221 | val_ordacc@10=0.158330 | val_recall@10=0.571561
Epoch 001 | Step 6030 | lr=5.000000e-04 | loss=0.678855 | k_vals=[1, 100, 100, 20, 20]
Epoch 001 | Batch 6040 | val_kld=0.775529 | val_ordacc@10=0.157448 | val_recall@10=0.574761
Epoch 001 | Batch 6050 | val_kld=0.772693 | val_ordacc@10=0.157009 | val_recall@10=0.574619
Epoch 001 | Batch 6060 | val_kld=0.762478 | val_ordacc@10=0.159360 | val_recall@10=0.574244
Epoch 001 | Step 6060 | lr=5.000000e-04 | loss=0.731018 | k_vals=[1, 20, 50, 50, 50]
Epoch 001 | Batch 6070 | val_kld=0.766463 | val_ordacc@10=0.160558 | val_recall@10=0.581192
Epoch 001 | Batch 6080 | val_kld=0.765866 | val_ordacc@10=0.159513 | val_recall@10=0.577115
Epoch 001 | Batch 6090 | val_kld=0.764581 | val_ordacc@10=0.159881 | val_recall@10=0.577594
Epoch 001 | Step 6090 | lr=5.000000e-04 | loss=0.873340 | k_vals=[10, 10, 10, 1, 50]
Epoch 001 | Batch 6100 | val_kld=0.770280 | val_ordacc@10=0.158693 | val_recall@10=0.575744
Epoch 001 | Batch 6110 | val_kld=0.775671 | val_ordacc@10=0.153968 | val_recall@10=0.568844
Epoch 001 | Batch 6120 | val_kld=0.775920 | val_ordacc@10=0.157514 | val_recall@10=0.574175
Epoch 001 | Step 6120 | lr=5.000000e-04 | loss=0.788401 | k_vals=[1, 100, 1, 1, 1]
Epoch 001 | Batch 6130 | val_kld=0.767502 | val_ordacc@10=0.158939 | val_recall@10=0.577067
Epoch 001 | Batch 6140 | val_kld=0.774285 | val_ordacc@10=0.155130 | val_recall@10=0.566455
Epoch 001 | Batch 6150 | val_kld=0.771638 | val_ordacc@10=0.158306 | val_recall@10=0.573465
Epoch 001 | Step 6150 | lr=5.000000e-04 | loss=0.830173 | k_vals=[50, 20, 20, 20, 20]
Epoch 001 | Batch 6160 | val_kld=0.773951 | val_ordacc@10=0.155559 | val_recall@10=0.572540
Epoch 001 | Batch 6170 | val_kld=0.758313 | val_ordacc@10=0.161015 | val_recall@10=0.576794
Epoch 001 | Batch 6180 | val_kld=0.769379 | val_ordacc@10=0.157371 | val_recall@10=0.575622
Epoch 001 | Step 6180 | lr=5.000000e-04 | loss=0.780754 | k_vals=[1, 100, 50, 50, 100]
Epoch 001 | Batch 6190 | val_kld=0.769389 | val_ordacc@10=0.157164 | val_recall@10=0.574850
Epoch 001 | Batch 6200 | val_kld=0.775563 | val_ordacc@10=0.155704 | val_recall@10=0.577221
Epoch 001 | Batch 6210 | val_kld=0.769074 | val_ordacc@10=0.157029 | val_recall@10=0.572278
Epoch 001 | Step 6210 | lr=5.000000e-04 | loss=0.789770 | k_vals=[20, 20, 50, 10, 10]
Epoch 001 | Batch 6220 | val_kld=0.767005 | val_ordacc@10=0.160119 | val_recall@10=0.572930
Epoch 001 | Batch 6230 | val_kld=0.765165 | val_ordacc@10=0.159510 | val_recall@10=0.576792
Epoch 001 | Batch 6240 | val_kld=0.774289 | val_ordacc@10=0.158618 | val_recall@10=0.575623
Epoch 001 | Step 6240 | lr=5.000000e-04 | loss=0.743322 | k_vals=[1, 100, 20, 100, 20]
Epoch 001 | Batch 6250 | val_kld=0.765726 | val_ordacc@10=0.159383 | val_recall@10=0.577810
Epoch 001 | Batch 6260 | val_kld=0.767850 | val_ordacc@10=0.157743 | val_recall@10=0.575235
Epoch 001 | Batch 6270 | val_kld=0.767819 | val_ordacc@10=0.157162 | val_recall@10=0.574544
Epoch 001 | Step 6270 | lr=5.000000e-04 | loss=0.769364 | k_vals=[50, 10, 10, 1, 100]
Epoch 001 | Batch 6280 | val_kld=0.777935 | val_ordacc@10=0.155354 | val_recall@10=0.569116
Epoch 001 | Batch 6290 | val_kld=0.768702 | val_ordacc@10=0.157884 | val_recall@10=0.574108
Epoch 001 | Batch 6300 | val_kld=0.777473 | val_ordacc@10=0.157124 | val_recall@10=0.575296
Epoch 001 | Step 6300 | lr=5.000000e-04 | loss=0.767466 | k_vals=[10, 20, 10, 50, 100]
Epoch 001 | Batch 6310 | val_kld=0.766754 | val_ordacc@10=0.159790 | val_recall@10=0.578175
Epoch 001 | Batch 6320 | val_kld=0.769914 | val_ordacc@10=0.158341 | val_recall@10=0.578695
Epoch 001 | Batch 6330 | val_kld=0.787133 | val_ordacc@10=0.154467 | val_recall@10=0.572094
Epoch 001 | Step 6330 | lr=5.000000e-04 | loss=0.686130 | k_vals=[100, 1, 10, 20, 100]
Epoch 001 | Batch 6340 | val_kld=0.768872 | val_ordacc@10=0.157840 | val_recall@10=0.576216
Epoch 001 | Batch 6350 | val_kld=0.763341 | val_ordacc@10=0.160104 | val_recall@10=0.576458
Epoch 001 | Batch 6360 | val_kld=0.766749 | val_ordacc@10=0.159280 | val_recall@10=0.577499
Epoch 001 | Step 6360 | lr=5.000000e-04 | loss=0.671896 | k_vals=[50, 50, 100, 10, 100]
Epoch 001 | Batch 6370 | val_kld=0.766094 | val_ordacc@10=0.159604 | val_recall@10=0.577624
Epoch 001 | Batch 6380 | val_kld=0.777669 | val_ordacc@10=0.155150 | val_recall@10=0.570313
Epoch 001 | Batch 6390 | val_kld=0.780908 | val_ordacc@10=0.156966 | val_recall@10=0.569230
Epoch 001 | Step 6390 | lr=5.000000e-04 | loss=0.686840 | k_vals=[1, 10, 10, 50, 50]
Epoch 001 | Batch 6400 | val_kld=0.763639 | val_ordacc@10=0.161159 | val_recall@10=0.578120
Epoch 001 | Batch 6410 | val_kld=0.768873 | val_ordacc@10=0.157762 | val_recall@10=0.573999
Epoch 001 | Batch 6420 | val_kld=0.765595 | val_ordacc@10=0.160192 | val_recall@10=0.577067
Epoch 001 | Step 6420 | lr=5.000000e-04 | loss=0.744744 | k_vals=[20, 20, 10, 1, 50]
Epoch 001 | Batch 6430 | val_kld=0.767682 | val_ordacc@10=0.159673 | val_recall@10=0.573865
Epoch 001 | Batch 6440 | val_kld=0.783600 | val_ordacc@10=0.152575 | val_recall@10=0.569887
Epoch 001 | Batch 6450 | val_kld=0.773318 | val_ordacc@10=0.156146 | val_recall@10=0.578980
Epoch 001 | Step 6450 | lr=5.000000e-04 | loss=0.795405 | k_vals=[100, 20, 10, 20, 20]
Epoch 001 | Batch 6460 | val_kld=0.773991 | val_ordacc@10=0.157703 | val_recall@10=0.573441
Epoch 001 | Batch 6470 | val_kld=0.769886 | val_ordacc@10=0.156634 | val_recall@10=0.576252
Epoch 001 | Batch 6480 | val_kld=0.768266 | val_ordacc@10=0.159266 | val_recall@10=0.577332
Epoch 001 | Step 6480 | lr=5.000000e-04 | loss=0.864310 | k_vals=[20, 100, 50, 10, 1]
Epoch 001 | Batch 6490 | val_kld=0.772963 | val_ordacc@10=0.157753 | val_recall@10=0.573627
Epoch 001 | Batch 6500 | val_kld=0.763329 | val_ordacc@10=0.160690 | val_recall@10=0.576667
Epoch 001 | Batch 6510 | val_kld=0.765696 | val_ordacc@10=0.159394 | val_recall@10=0.576476
Epoch 001 | Step 6510 | lr=5.000000e-04 | loss=0.714968 | k_vals=[10, 50, 10, 50, 10]
Epoch 001 | Batch 6520 | val_kld=0.762699 | val_ordacc@10=0.160812 | val_recall@10=0.580002
Epoch 001 | Batch 6530 | val_kld=0.759383 | val_ordacc@10=0.161891 | val_recall@10=0.577378
Epoch 001 | Batch 6540 | val_kld=0.773290 | val_ordacc@10=0.155630 | val_recall@10=0.572753
Epoch 001 | Step 6540 | lr=5.000000e-04 | loss=0.806774 | k_vals=[100, 50, 1, 1, 100]
Epoch 001 | Batch 6550 | val_kld=0.772727 | val_ordacc@10=0.158791 | val_recall@10=0.575460
Epoch 001 | Batch 6560 | val_kld=0.772054 | val_ordacc@10=0.156346 | val_recall@10=0.576224
Epoch 001 | Batch 6570 | val_kld=0.774866 | val_ordacc@10=0.156876 | val_recall@10=0.571658
Epoch 001 | Step 6570 | lr=5.000000e-04 | loss=0.706580 | k_vals=[10, 50, 50, 20, 10]
Epoch 001 | Batch 6580 | val_kld=0.767724 | val_ordacc@10=0.159952 | val_recall@10=0.576024
Epoch 001 | Batch 6590 | val_kld=0.771340 | val_ordacc@10=0.157056 | val_recall@10=0.578373
Epoch 001 | Batch 6600 | val_kld=0.785196 | val_ordacc@10=0.152714 | val_recall@10=0.575187
Epoch 001 | Step 6600 | lr=5.000000e-04 | loss=0.833500 | k_vals=[10, 10, 10, 1, 20]
Epoch 001 | Batch 6610 | val_kld=0.771095 | val_ordacc@10=0.156372 | val_recall@10=0.576256
Epoch 001 | Batch 6620 | val_kld=0.760306 | val_ordacc@10=0.161139 | val_recall@10=0.575371
Epoch 001 | Batch 6630 | val_kld=0.774805 | val_ordacc@10=0.155509 | val_recall@10=0.581554
Epoch 001 | Step 6630 | lr=5.000000e-04 | loss=0.864362 | k_vals=[10, 50, 20, 50, 20]
Epoch 001 | Batch 6640 | val_kld=0.768227 | val_ordacc@10=0.158853 | val_recall@10=0.572055
Epoch 001 | Batch 6650 | val_kld=0.776993 | val_ordacc@10=0.154828 | val_recall@10=0.569069
Epoch 001 | Batch 6660 | val_kld=0.766138 | val_ordacc@10=0.161134 | val_recall@10=0.576468
Epoch 001 | Step 6660 | lr=5.000000e-04 | loss=0.692293 | k_vals=[50, 100, 20, 10, 20]
Epoch 001 | Batch 6670 | val_kld=0.773442 | val_ordacc@10=0.157145 | val_recall@10=0.573673
Epoch 001 | Batch 6680 | val_kld=0.771302 | val_ordacc@10=0.157250 | val_recall@10=0.575342
Epoch 001 | Batch 6690 | val_kld=0.768219 | val_ordacc@10=0.159088 | val_recall@10=0.576257
Epoch 001 | Step 6690 | lr=5.000000e-04 | loss=0.749551 | k_vals=[20, 20, 100, 1, 10]
Epoch 001 | Batch 6700 | val_kld=0.768287 | val_ordacc@10=0.157904 | val_recall@10=0.578278
Epoch 001 | Batch 6710 | val_kld=0.764033 | val_ordacc@10=0.159969 | val_recall@10=0.581153
Epoch 001 | Batch 6720 | val_kld=0.764341 | val_ordacc@10=0.160111 | val_recall@10=0.578640
Epoch 001 | Step 6720 | lr=5.000000e-04 | loss=0.851360 | k_vals=[1, 50, 1, 1, 100]
Epoch 001 | Batch 6730 | val_kld=0.769492 | val_ordacc@10=0.158250 | val_recall@10=0.577044
Epoch 001 | Batch 6740 | val_kld=0.772871 | val_ordacc@10=0.158869 | val_recall@10=0.573751
Epoch 001 | Batch 6750 | val_kld=0.771298 | val_ordacc@10=0.157799 | val_recall@10=0.578147
Epoch 001 | Step 6750 | lr=5.000000e-04 | loss=0.777958 | k_vals=[50, 10, 100, 20, 10]
Epoch 001 | Batch 6760 | val_kld=0.764143 | val_ordacc@10=0.160523 | val_recall@10=0.575906
Epoch 001 | Batch 6770 | val_kld=0.760694 | val_ordacc@10=0.159838 | val_recall@10=0.576252
Epoch 001 | Batch 6780 | val_kld=0.774641 | val_ordacc@10=0.155791 | val_recall@10=0.571186
Epoch 001 | Step 6780 | lr=5.000000e-04 | loss=0.899110 | k_vals=[10, 100, 1, 100, 20]
Epoch 001 | Batch 6790 | val_kld=0.767803 | val_ordacc@10=0.157687 | val_recall@10=0.574377
Epoch 001 | Batch 6800 | val_kld=0.765278 | val_ordacc@10=0.160174 | val_recall@10=0.575884
Epoch 001 | Batch 6810 | val_kld=0.762826 | val_ordacc@10=0.160376 | val_recall@10=0.577758
Epoch 001 | Step 6810 | lr=5.000000e-04 | loss=0.858808 | k_vals=[10, 1, 20, 20, 100]
Epoch 001 | Batch 6820 | val_kld=0.767547 | val_ordacc@10=0.157805 | val_recall@10=0.577045
Epoch 001 | Batch 6830 | val_kld=0.774025 | val_ordacc@10=0.156006 | val_recall@10=0.569098
Epoch 001 | Batch 6840 | val_kld=0.757656 | val_ordacc@10=0.162324 | val_recall@10=0.580248
Epoch 001 | Step 6840 | lr=5.000000e-04 | loss=0.761624 | k_vals=[50, 1, 50, 100, 20]
Epoch 001 | Batch 6850 | val_kld=0.766698 | val_ordacc@10=0.158878 | val_recall@10=0.573812
Epoch 001 | Batch 6860 | val_kld=0.772278 | val_ordacc@10=0.158683 | val_recall@10=0.578816
Epoch 001 | Batch 6870 | val_kld=0.760739 | val_ordacc@10=0.160340 | val_recall@10=0.577151
Epoch 001 | Step 6870 | lr=5.000000e-04 | loss=0.713741 | k_vals=[100, 20, 20, 1, 100]
Epoch 001 | Batch 6880 | val_kld=0.778040 | val_ordacc@10=0.154231 | val_recall@10=0.565278
Epoch 001 | Batch 6890 | val_kld=0.764290 | val_ordacc@10=0.159096 | val_recall@10=0.571972
Epoch 001 | Batch 6900 | val_kld=0.768324 | val_ordacc@10=0.157159 | val_recall@10=0.569343
Epoch 001 | Step 6900 | lr=5.000000e-04 | loss=0.821118 | k_vals=[10, 1, 10, 20, 20]
Epoch 001 | Batch 6910 | val_kld=0.759316 | val_ordacc@10=0.160904 | val_recall@10=0.582718
Epoch 001 | Batch 6920 | val_kld=0.765195 | val_ordacc@10=0.158868 | val_recall@10=0.580035
Epoch 001 | Batch 6930 | val_kld=0.759677 | val_ordacc@10=0.160571 | val_recall@10=0.575418
Epoch 001 | Step 6930 | lr=5.000000e-04 | loss=0.902260 | k_vals=[50, 100, 100, 100, 20]
Epoch 001 | Batch 6940 | val_kld=0.773945 | val_ordacc@10=0.154986 | val_recall@10=0.572353
Epoch 001 | Batch 6950 | val_kld=0.761294 | val_ordacc@10=0.158957 | val_recall@10=0.575697
Epoch 001 | Batch 6960 | val_kld=0.769167 | val_ordacc@10=0.158542 | val_recall@10=0.579737
Epoch 001 | Step 6960 | lr=5.000000e-04 | loss=0.751661 | k_vals=[50, 100, 20, 50, 20]
Epoch 001 | Batch 6970 | val_kld=0.769977 | val_ordacc@10=0.158137 | val_recall@10=0.576324
Epoch 001 | Batch 6980 | val_kld=0.769692 | val_ordacc@10=0.157305 | val_recall@10=0.571108
Epoch 001 | Batch 6990 | val_kld=0.766188 | val_ordacc@10=0.158100 | val_recall@10=0.569974
Epoch 001 | Step 6990 | lr=5.000000e-04 | loss=0.769091 | k_vals=[50, 1, 1, 20, 50]
Epoch 001 | Batch 7000 | val_kld=0.769906 | val_ordacc@10=0.157771 | val_recall@10=0.576454
Epoch 001 | Batch 7010 | val_kld=0.770586 | val_ordacc@10=0.159649 | val_recall@10=0.575898
Epoch 001 | Batch 7020 | val_kld=0.768010 | val_ordacc@10=0.158304 | val_recall@10=0.571819
Epoch 001 | Step 7020 | lr=5.000000e-04 | loss=0.897741 | k_vals=[1, 10, 100, 10, 100]
Epoch 001 | Batch 7030 | val_kld=0.768713 | val_ordacc@10=0.155469 | val_recall@10=0.567969
Epoch 001 | Batch 7040 | val_kld=0.764241 | val_ordacc@10=0.158505 | val_recall@10=0.579434
Epoch 001 | Batch 7050 | val_kld=0.773216 | val_ordacc@10=0.156737 | val_recall@10=0.575431
Epoch 001 | Step 7050 | lr=5.000000e-04 | loss=0.821042 | k_vals=[1, 10, 50, 20, 10]
Epoch 001 | Batch 7060 | val_kld=0.769087 | val_ordacc@10=0.158874 | val_recall@10=0.577371
Epoch 001 | Batch 7070 | val_kld=0.775681 | val_ordacc@10=0.155531 | val_recall@10=0.574693
Epoch 001 | Batch 7080 | val_kld=0.770916 | val_ordacc@10=0.156703 | val_recall@10=0.577070
Epoch 001 | Step 7080 | lr=5.000000e-04 | loss=0.655635 | k_vals=[50, 1, 1, 1, 1]
Epoch 001 | Batch 7090 | val_kld=0.760612 | val_ordacc@10=0.158939 | val_recall@10=0.573318
Epoch 001 | Batch 7100 | val_kld=0.762152 | val_ordacc@10=0.160004 | val_recall@10=0.575150
Epoch 001 | Batch 7110 | val_kld=0.755918 | val_ordacc@10=0.162429 | val_recall@10=0.576068
Epoch 001 | Step 7110 | lr=5.000000e-04 | loss=0.829041 | k_vals=[1, 50, 50, 20, 10]
Epoch 001 | Batch 7120 | val_kld=0.772500 | val_ordacc@10=0.156766 | val_recall@10=0.574585
Epoch 001 | Batch 7130 | val_kld=0.761872 | val_ordacc@10=0.161460 | val_recall@10=0.575402
Epoch 001 | Batch 7140 | val_kld=0.770992 | val_ordacc@10=0.158644 | val_recall@10=0.578626
Epoch 001 | Step 7140 | lr=5.000000e-04 | loss=0.660248 | k_vals=[50, 100, 100, 1, 100]
Epoch 001 | Batch 7150 | val_kld=0.772707 | val_ordacc@10=0.157253 | val_recall@10=0.580566
Epoch 001 | Batch 7160 | val_kld=0.766188 | val_ordacc@10=0.157990 | val_recall@10=0.573752
Epoch 001 | Batch 7170 | val_kld=0.761206 | val_ordacc@10=0.159019 | val_recall@10=0.575955
Epoch 001 | Step 7170 | lr=5.000000e-04 | loss=0.724465 | k_vals=[100, 1, 20, 100, 1]
Epoch 001 | Batch 7180 | val_kld=0.762799 | val_ordacc@10=0.160815 | val_recall@10=0.575292
Epoch 001 | Batch 7190 | val_kld=0.761216 | val_ordacc@10=0.160224 | val_recall@10=0.577045
Epoch 001 | Batch 7200 | val_kld=0.759057 | val_ordacc@10=0.161113 | val_recall@10=0.578702
Epoch 001 | Step 7200 | lr=5.000000e-04 | loss=0.753583 | k_vals=[50, 100, 20, 50, 20]
Epoch 001 | Batch 7210 | val_kld=0.760707 | val_ordacc@10=0.162702 | val_recall@10=0.579051
Epoch 001 | Batch 7220 | val_kld=0.775752 | val_ordacc@10=0.157766 | val_recall@10=0.571490
Epoch 001 | Batch 7230 | val_kld=0.760042 | val_ordacc@10=0.161722 | val_recall@10=0.579267
Epoch 001 | Step 7230 | lr=5.000000e-04 | loss=0.885456 | k_vals=[100, 20, 1, 10, 100]
Epoch 001 | Batch 7240 | val_kld=0.764870 | val_ordacc@10=0.160345 | val_recall@10=0.576320
Epoch 001 | Batch 7250 | val_kld=0.757957 | val_ordacc@10=0.162666 | val_recall@10=0.579159
Epoch 001 | Batch 7260 | val_kld=0.765395 | val_ordacc@10=0.158289 | val_recall@10=0.576590
Epoch 001 | Step 7260 | lr=5.000000e-04 | loss=0.828596 | k_vals=[1, 50, 10, 20, 20]
Epoch 001 | Batch 7270 | val_kld=0.765243 | val_ordacc@10=0.159735 | val_recall@10=0.576371
Epoch 001 | Batch 7280 | val_kld=0.766402 | val_ordacc@10=0.159392 | val_recall@10=0.578434
Epoch 001 | Batch 7290 | val_kld=0.776143 | val_ordacc@10=0.155527 | val_recall@10=0.573298
Epoch 001 | Step 7290 | lr=5.000000e-04 | loss=1.070119 | k_vals=[20, 10, 100, 100, 20]
Epoch 001 | Batch 7300 | val_kld=0.761672 | val_ordacc@10=0.160069 | val_recall@10=0.572557
Epoch 001 | Batch 7310 | val_kld=0.772651 | val_ordacc@10=0.158086 | val_recall@10=0.581595
Epoch 001 | Batch 7320 | val_kld=0.769960 | val_ordacc@10=0.157779 | val_recall@10=0.572272
Epoch 001 | Step 7320 | lr=5.000000e-04 | loss=0.887889 | k_vals=[100, 50, 20, 50, 20]
Epoch 001 | Batch 7330 | val_kld=0.768806 | val_ordacc@10=0.156345 | val_recall@10=0.572281
Epoch 001 | Batch 7340 | val_kld=0.767242 | val_ordacc@10=0.159154 | val_recall@10=0.573814
Epoch 001 | Batch 7350 | val_kld=0.761288 | val_ordacc@10=0.158653 | val_recall@10=0.572363
Epoch 001 | Step 7350 | lr=5.000000e-04 | loss=0.813684 | k_vals=[20, 10, 10, 1, 100]
Epoch 001 | Batch 7360 | val_kld=0.762846 | val_ordacc@10=0.159276 | val_recall@10=0.571011
Epoch 001 | Batch 7370 | val_kld=0.758664 | val_ordacc@10=0.161353 | val_recall@10=0.574953
Epoch 001 | Batch 7380 | val_kld=0.766433 | val_ordacc@10=0.156156 | val_recall@10=0.571854
Epoch 001 | Step 7380 | lr=5.000000e-04 | loss=0.812338 | k_vals=[1, 50, 10, 1, 10]
Epoch 001 | Batch 7390 | val_kld=0.767654 | val_ordacc@10=0.160370 | val_recall@10=0.575751
Epoch 001 | Batch 7400 | val_kld=0.759848 | val_ordacc@10=0.160525 | val_recall@10=0.574529
Epoch 001 | Batch 7410 | val_kld=0.766293 | val_ordacc@10=0.159185 | val_recall@10=0.571035
Epoch 001 | Step 7410 | lr=5.000000e-04 | loss=0.713785 | k_vals=[10, 20, 100, 100, 50]
Epoch 001 | Batch 7420 | val_kld=0.771378 | val_ordacc@10=0.159744 | val_recall@10=0.574240
Epoch 001 | Batch 7430 | val_kld=0.766526 | val_ordacc@10=0.159797 | val_recall@10=0.580105
Epoch 001 | Batch 7440 | val_kld=0.761202 | val_ordacc@10=0.160854 | val_recall@10=0.576577
Epoch 001 | Step 7440 | lr=5.000000e-04 | loss=0.918846 | k_vals=[20, 100, 20, 50, 1]
Epoch 001 | Batch 7450 | val_kld=0.751114 | val_ordacc@10=0.163484 | val_recall@10=0.576112
Epoch 001 | Batch 7460 | val_kld=0.761650 | val_ordacc@10=0.161670 | val_recall@10=0.579935
Epoch 001 | Batch 7470 | val_kld=0.758967 | val_ordacc@10=0.160850 | val_recall@10=0.575860
Epoch 001 | Step 7470 | lr=5.000000e-04 | loss=0.830558 | k_vals=[1, 1, 1, 1, 1]
Epoch 001 | Batch 7480 | val_kld=0.763770 | val_ordacc@10=0.159829 | val_recall@10=0.575788
Epoch 001 | Batch 7490 | val_kld=0.763589 | val_ordacc@10=0.159073 | val_recall@10=0.576172
Epoch 001 | Batch 7500 | val_kld=0.764882 | val_ordacc@10=0.159616 | val_recall@10=0.577643
Epoch 001 | Step 7500 | lr=5.000000e-04 | loss=0.750881 | k_vals=[50, 100, 100, 1, 1]
Epoch 001 | Batch 7510 | val_kld=0.755161 | val_ordacc@10=0.163059 | val_recall@10=0.576737
Epoch 001 | Batch 7520 | val_kld=0.762957 | val_ordacc@10=0.160172 | val_recall@10=0.577403
Epoch 001 | Batch 7530 | val_kld=0.768376 | val_ordacc@10=0.159007 | val_recall@10=0.572466
Epoch 001 | Step 7530 | lr=5.000000e-04 | loss=0.594389 | k_vals=[10, 10, 20, 20, 20]
Epoch 001 | Batch 7540 | val_kld=0.773478 | val_ordacc@10=0.156281 | val_recall@10=0.574360
Epoch 001 | Batch 7550 | val_kld=0.769906 | val_ordacc@10=0.156220 | val_recall@10=0.575476
Epoch 001 | Batch 7560 | val_kld=0.766568 | val_ordacc@10=0.159025 | val_recall@10=0.576372
Epoch 001 | Step 7560 | lr=5.000000e-04 | loss=0.850185 | k_vals=[1, 100, 50, 10, 50]
Epoch 001 | Batch 7570 | val_kld=0.757903 | val_ordacc@10=0.161529 | val_recall@10=0.580938
Epoch 001 | Batch 7580 | val_kld=0.760949 | val_ordacc@10=0.161166 | val_recall@10=0.579761
Epoch 001 | Batch 7590 | val_kld=0.762657 | val_ordacc@10=0.160130 | val_recall@10=0.579378
Epoch 001 | Step 7590 | lr=5.000000e-04 | loss=0.798695 | k_vals=[100, 20, 10, 50, 50]
Epoch 001 | Batch 7600 | val_kld=0.757478 | val_ordacc@10=0.161642 | val_recall@10=0.578992
Epoch 001 | Batch 7610 | val_kld=0.761449 | val_ordacc@10=0.159810 | val_recall@10=0.580349
Epoch 001 | Batch 7620 | val_kld=0.753720 | val_ordacc@10=0.162107 | val_recall@10=0.576442
Epoch 001 | Step 7620 | lr=5.000000e-04 | loss=0.746279 | k_vals=[1, 100, 1, 100, 1]
Epoch 001 | Batch 7630 | val_kld=0.771994 | val_ordacc@10=0.155840 | val_recall@10=0.570508
Epoch 001 | Batch 7640 | val_kld=0.757070 | val_ordacc@10=0.162010 | val_recall@10=0.577669
Epoch 001 | Batch 7650 | val_kld=0.766079 | val_ordacc@10=0.160396 | val_recall@10=0.578228
Epoch 001 | Step 7650 | lr=5.000000e-04 | loss=0.709239 | k_vals=[10, 10, 100, 20, 20]
Epoch 001 | Batch 7660 | val_kld=0.764402 | val_ordacc@10=0.158888 | val_recall@10=0.575697
Epoch 001 | Batch 7670 | val_kld=0.761388 | val_ordacc@10=0.159928 | val_recall@10=0.574441
Epoch 001 | Batch 7680 | val_kld=0.762295 | val_ordacc@10=0.161412 | val_recall@10=0.575954
Epoch 001 | Step 7680 | lr=5.000000e-04 | loss=0.805156 | k_vals=[50, 100, 10, 1, 10]
Epoch 001 | Batch 7690 | val_kld=0.752394 | val_ordacc@10=0.163365 | val_recall@10=0.577461
Epoch 001 | Batch 7700 | val_kld=0.759343 | val_ordacc@10=0.160846 | val_recall@10=0.576492
Epoch 001 | Batch 7710 | val_kld=0.760823 | val_ordacc@10=0.160960 | val_recall@10=0.576903
Epoch 001 | Step 7710 | lr=5.000000e-04 | loss=0.723549 | k_vals=[50, 100, 100, 1, 50]
Epoch 001 | Batch 7720 | val_kld=0.762595 | val_ordacc@10=0.161248 | val_recall@10=0.576057
Epoch 001 | Batch 7730 | val_kld=0.754964 | val_ordacc@10=0.162100 | val_recall@10=0.580494
Epoch 001 | Batch 7740 | val_kld=0.757350 | val_ordacc@10=0.162566 | val_recall@10=0.578199
Epoch 001 | Step 7740 | lr=5.000000e-04 | loss=0.729948 | k_vals=[20, 10, 10, 20, 10]
Epoch 001 | Batch 7750 | val_kld=0.754702 | val_ordacc@10=0.162801 | val_recall@10=0.583294
Epoch 001 | Batch 7760 | val_kld=0.757113 | val_ordacc@10=0.161318 | val_recall@10=0.578520
Epoch 001 | Batch 7770 | val_kld=0.768244 | val_ordacc@10=0.158009 | val_recall@10=0.573547
Epoch 001 | Step 7770 | lr=5.000000e-04 | loss=0.738084 | k_vals=[100, 50, 1, 10, 10]
Epoch 001 | Batch 7780 | val_kld=0.761244 | val_ordacc@10=0.161026 | val_recall@10=0.575885
Epoch 001 | Batch 7790 | val_kld=0.760352 | val_ordacc@10=0.161549 | val_recall@10=0.582046
Epoch 001 | Batch 7800 | val_kld=0.769791 | val_ordacc@10=0.159744 | val_recall@10=0.581568
Epoch 001 | Step 7800 | lr=5.000000e-04 | loss=0.863089 | k_vals=[100, 20, 50, 50, 1]
Epoch 001 | Batch 7810 | val_kld=0.769407 | val_ordacc@10=0.158474 | val_recall@10=0.577734
Epoch 001 | Batch 7820 | val_kld=0.768940 | val_ordacc@10=0.158956 | val_recall@10=0.580054
Epoch 001 | Batch 7830 | val_kld=0.760404 | val_ordacc@10=0.162109 | val_recall@10=0.578388
Epoch 001 | Step 7830 | lr=5.000000e-04 | loss=0.874169 | k_vals=[100, 10, 10, 20, 20]
Epoch 001 | Batch 7840 | val_kld=0.758334 | val_ordacc@10=0.160515 | val_recall@10=0.577978
Epoch 001 | Batch 7850 | val_kld=0.761066 | val_ordacc@10=0.160270 | val_recall@10=0.574923
Epoch 001 | Batch 7860 | val_kld=0.763403 | val_ordacc@10=0.159455 | val_recall@10=0.574824
Epoch 001 | Step 7860 | lr=5.000000e-04 | loss=0.811633 | k_vals=[50, 100, 10, 20, 10]
Epoch 001 | Batch 7870 | val_kld=0.769750 | val_ordacc@10=0.158697 | val_recall@10=0.574818
Epoch 001 | Batch 7880 | val_kld=0.768267 | val_ordacc@10=0.157392 | val_recall@10=0.575003
Epoch 001 | Batch 7890 | val_kld=0.762912 | val_ordacc@10=0.159493 | val_recall@10=0.573336
Epoch 001 | Step 7890 | lr=5.000000e-04 | loss=0.828807 | k_vals=[1, 100, 100, 10, 50]
Epoch 001 | Batch 7900 | val_kld=0.767907 | val_ordacc@10=0.159658 | val_recall@10=0.574129
Epoch 001 | Batch 7910 | val_kld=0.754944 | val_ordacc@10=0.163656 | val_recall@10=0.578270
Epoch 001 | Batch 7920 | val_kld=0.755880 | val_ordacc@10=0.161795 | val_recall@10=0.579804
Epoch 001 | Step 7920 | lr=5.000000e-04 | loss=0.648585 | k_vals=[100, 50, 50, 1, 20]
Epoch 001 | Batch 7930 | val_kld=0.757210 | val_ordacc@10=0.161143 | val_recall@10=0.582052
Epoch 001 | Batch 7940 | val_kld=0.759878 | val_ordacc@10=0.160959 | val_recall@10=0.577799
Epoch 001 | Batch 7950 | val_kld=0.764329 | val_ordacc@10=0.158122 | val_recall@10=0.579218
Epoch 001 | Step 7950 | lr=5.000000e-04 | loss=0.726878 | k_vals=[50, 50, 20, 100, 1]
Epoch 001 | Batch 7960 | val_kld=0.759362 | val_ordacc@10=0.159300 | val_recall@10=0.574924
Epoch 001 | Batch 7970 | val_kld=0.766936 | val_ordacc@10=0.159171 | val_recall@10=0.575164
Epoch 001 | Batch 7980 | val_kld=0.769802 | val_ordacc@10=0.159204 | val_recall@10=0.575953
Epoch 001 | Step 7980 | lr=5.000000e-04 | loss=0.735947 | k_vals=[50, 1, 1, 20, 10]
Epoch 001 | Batch 7990 | val_kld=0.758090 | val_ordacc@10=0.160570 | val_recall@10=0.574520
Epoch 001 | Batch 8000 | val_kld=0.773137 | val_ordacc@10=0.155382 | val_recall@10=0.575607
Epoch 001 | Batch 8010 | val_kld=0.762356 | val_ordacc@10=0.162299 | val_recall@10=0.579260
Epoch 001 | Step 8010 | lr=5.000000e-04 | loss=0.720802 | k_vals=[20, 1, 100, 20, 20]
Epoch 001 | Batch 8020 | val_kld=0.766456 | val_ordacc@10=0.158512 | val_recall@10=0.579062
Epoch 001 | Batch 8030 | val_kld=0.758922 | val_ordacc@10=0.160446 | val_recall@10=0.573798
Epoch 001 | Batch 8040 | val_kld=0.759554 | val_ordacc@10=0.160204 | val_recall@10=0.571591
Epoch 001 | Step 8040 | lr=5.000000e-04 | loss=0.884393 | k_vals=[50, 100, 1, 10, 100]
Epoch 001 | Batch 8050 | val_kld=0.763263 | val_ordacc@10=0.160646 | val_recall@10=0.577400
Epoch 001 | Batch 8060 | val_kld=0.765867 | val_ordacc@10=0.157914 | val_recall@10=0.580350
Epoch 001 | Batch 8070 | val_kld=0.762602 | val_ordacc@10=0.160668 | val_recall@10=0.575426
Epoch 001 | Step 8070 | lr=5.000000e-04 | loss=0.629793 | k_vals=[50, 100, 100, 100, 20]
Epoch 001 | Batch 8080 | val_kld=0.762620 | val_ordacc@10=0.160929 | val_recall@10=0.580688
Epoch 001 | Batch 8090 | val_kld=0.758985 | val_ordacc@10=0.160096 | val_recall@10=0.575170
Epoch 001 | Batch 8100 | val_kld=0.761613 | val_ordacc@10=0.161296 | val_recall@10=0.580592
Epoch 001 | Step 8100 | lr=5.000000e-04 | loss=0.860759 | k_vals=[20, 10, 1, 100, 50]
Epoch 001 | Batch 8110 | val_kld=0.765105 | val_ordacc@10=0.158496 | val_recall@10=0.577073
Epoch 001 | Batch 8120 | val_kld=0.759177 | val_ordacc@10=0.161272 | val_recall@10=0.576941
Epoch 001 | Batch 8130 | val_kld=0.755826 | val_ordacc@10=0.160451 | val_recall@10=0.574727
Epoch 001 | Step 8130 | lr=5.000000e-04 | loss=0.979085 | k_vals=[50, 1, 10, 1, 1]
Epoch 001 | Batch 8140 | val_kld=0.760016 | val_ordacc@10=0.160426 | val_recall@10=0.579694
Epoch 001 | Batch 8150 | val_kld=0.761075 | val_ordacc@10=0.160592 | val_recall@10=0.573798
Epoch 001 | Batch 8160 | val_kld=0.757541 | val_ordacc@10=0.159184 | val_recall@10=0.572266
Epoch 001 | Step 8160 | lr=5.000000e-04 | loss=0.763295 | k_vals=[10, 50, 1, 1, 1]
Epoch 001 | Batch 8170 | val_kld=0.752810 | val_ordacc@10=0.163013 | val_recall@10=0.581528
Epoch 001 | Batch 8180 | val_kld=0.762436 | val_ordacc@10=0.158635 | val_recall@10=0.574243
Epoch 001 | Batch 8190 | val_kld=0.757232 | val_ordacc@10=0.160981 | val_recall@10=0.577390
Epoch 001 | Step 8190 | lr=5.000000e-04 | loss=0.673995 | k_vals=[50, 1, 1, 1, 10]
Epoch 001 | Batch 8200 | val_kld=0.756777 | val_ordacc@10=0.161116 | val_recall@10=0.579588
Epoch 001 | Batch 8210 | val_kld=0.751946 | val_ordacc@10=0.164299 | val_recall@10=0.577952
Epoch 001 | Batch 8220 | val_kld=0.751134 | val_ordacc@10=0.163996 | val_recall@10=0.578487
Epoch 001 | Step 8220 | lr=5.000000e-04 | loss=0.837049 | k_vals=[100, 100, 10, 50, 50]
Epoch 001 | Batch 8230 | val_kld=0.757603 | val_ordacc@10=0.161400 | val_recall@10=0.572794
Epoch 001 | Batch 8240 | val_kld=0.755477 | val_ordacc@10=0.161294 | val_recall@10=0.574524
Epoch 001 | Batch 8250 | val_kld=0.757704 | val_ordacc@10=0.162145 | val_recall@10=0.584609
Epoch 001 | Step 8250 | lr=5.000000e-04 | loss=0.762749 | k_vals=[1, 20, 10, 100, 100]
Epoch 001 | Batch 8260 | val_kld=0.760833 | val_ordacc@10=0.160921 | val_recall@10=0.580917
Epoch 001 | Batch 8270 | val_kld=0.759446 | val_ordacc@10=0.160358 | val_recall@10=0.576646
Epoch 001 | Batch 8280 | val_kld=0.755563 | val_ordacc@10=0.161698 | val_recall@10=0.578466
Epoch 001 | Step 8280 | lr=5.000000e-04 | loss=0.753067 | k_vals=[10, 50, 10, 50, 50]
Epoch 001 | Batch 8290 | val_kld=0.753695 | val_ordacc@10=0.162607 | val_recall@10=0.576742
Epoch 001 | Batch 8300 | val_kld=0.752604 | val_ordacc@10=0.162441 | val_recall@10=0.577828
Epoch 001 | Batch 8310 | val_kld=0.756147 | val_ordacc@10=0.161822 | val_recall@10=0.576958
Epoch 001 | Step 8310 | lr=5.000000e-04 | loss=0.746134 | k_vals=[20, 10, 100, 100, 50]
Epoch 001 | Batch 8320 | val_kld=0.761066 | val_ordacc@10=0.160398 | val_recall@10=0.574902
Epoch 001 | Batch 8330 | val_kld=0.755526 | val_ordacc@10=0.160701 | val_recall@10=0.575276
Epoch 001 | Batch 8340 | val_kld=0.751151 | val_ordacc@10=0.162651 | val_recall@10=0.576078
Epoch 001 | Step 8340 | lr=5.000000e-04 | loss=0.809571 | k_vals=[50, 1, 10, 10, 100]
Epoch 001 | Batch 8350 | val_kld=0.755479 | val_ordacc@10=0.162735 | val_recall@10=0.586088
Epoch 001 | Batch 8360 | val_kld=0.756149 | val_ordacc@10=0.161934 | val_recall@10=0.574902
Epoch 001 | Batch 8370 | val_kld=0.756272 | val_ordacc@10=0.161316 | val_recall@10=0.574552
Epoch 001 | Step 8370 | lr=5.000000e-04 | loss=0.859216 | k_vals=[1, 20, 50, 20, 1]
Epoch 001 | Batch 8380 | val_kld=0.756518 | val_ordacc@10=0.163526 | val_recall@10=0.580994
Epoch 001 | Batch 8390 | val_kld=0.754505 | val_ordacc@10=0.163606 | val_recall@10=0.577581
Epoch 001 | Batch 8400 | val_kld=0.752500 | val_ordacc@10=0.162667 | val_recall@10=0.577672
Epoch 001 | Step 8400 | lr=5.000000e-04 | loss=0.777889 | k_vals=[50, 1, 100, 10, 10]
Epoch 001 | Batch 8410 | val_kld=0.763687 | val_ordacc@10=0.159949 | val_recall@10=0.574340
Epoch 001 | Batch 8420 | val_kld=0.763736 | val_ordacc@10=0.158706 | val_recall@10=0.574242
Epoch 001 | Batch 8430 | val_kld=0.760772 | val_ordacc@10=0.160480 | val_recall@10=0.573894
Epoch 001 | Step 8430 | lr=5.000000e-04 | loss=0.748409 | k_vals=[50, 50, 1, 20, 1]
Epoch 001 | Batch 8440 | val_kld=0.759917 | val_ordacc@10=0.160505 | val_recall@10=0.574557
Epoch 001 | Batch 8450 | val_kld=0.750057 | val_ordacc@10=0.162278 | val_recall@10=0.578214
Epoch 001 | Batch 8460 | val_kld=0.764645 | val_ordacc@10=0.160611 | val_recall@10=0.576535
Epoch 001 | Step 8460 | lr=5.000000e-04 | loss=0.802796 | k_vals=[10, 10, 10, 100, 1]
Epoch 001 | Batch 8470 | val_kld=0.757211 | val_ordacc@10=0.161346 | val_recall@10=0.577761
Epoch 001 | Batch 8480 | val_kld=0.760876 | val_ordacc@10=0.160216 | val_recall@10=0.581976
Epoch 001 | Batch 8490 | val_kld=0.760446 | val_ordacc@10=0.158686 | val_recall@10=0.578235
Epoch 001 | Step 8490 | lr=5.000000e-04 | loss=0.700609 | k_vals=[20, 20, 1, 10, 20]
Epoch 001 | Batch 8500 | val_kld=0.750711 | val_ordacc@10=0.163102 | val_recall@10=0.577138
Epoch 001 | Batch 8510 | val_kld=0.763397 | val_ordacc@10=0.160924 | val_recall@10=0.580503
Epoch 001 | Batch 8520 | val_kld=0.753866 | val_ordacc@10=0.162176 | val_recall@10=0.579045
Epoch 001 | Step 8520 | lr=5.000000e-04 | loss=0.714051 | k_vals=[10, 10, 50, 50, 100]
Epoch 001 | Batch 8530 | val_kld=0.753650 | val_ordacc@10=0.162976 | val_recall@10=0.577940
Epoch 001 | Batch 8540 | val_kld=0.758217 | val_ordacc@10=0.160219 | val_recall@10=0.580062
Epoch 001 | Batch 8550 | val_kld=0.764595 | val_ordacc@10=0.157953 | val_recall@10=0.577384
Epoch 001 | Step 8550 | lr=5.000000e-04 | loss=0.703888 | k_vals=[100, 50, 1, 50, 100]
Epoch 001 | Batch 8560 | val_kld=0.756761 | val_ordacc@10=0.161918 | val_recall@10=0.574241
Epoch 001 | Batch 8570 | val_kld=0.759493 | val_ordacc@10=0.161413 | val_recall@10=0.573222
Epoch 001 | Batch 8580 | val_kld=0.762099 | val_ordacc@10=0.160008 | val_recall@10=0.574271
Epoch 001 | Step 8580 | lr=5.000000e-04 | loss=0.693979 | k_vals=[1, 1, 50, 50, 10]
Epoch 001 | Batch 8590 | val_kld=0.756651 | val_ordacc@10=0.161575 | val_recall@10=0.580223
Epoch 001 | Batch 8600 | val_kld=0.757544 | val_ordacc@10=0.161064 | val_recall@10=0.578046
Epoch 001 | Batch 8610 | val_kld=0.755796 | val_ordacc@10=0.160640 | val_recall@10=0.577778
Epoch 001 | Step 8610 | lr=5.000000e-04 | loss=0.743274 | k_vals=[1, 100, 100, 1, 50]
Epoch 001 | Batch 8620 | val_kld=0.756739 | val_ordacc@10=0.161575 | val_recall@10=0.577834
Epoch 001 | Batch 8630 | val_kld=0.755680 | val_ordacc@10=0.161652 | val_recall@10=0.578669
Epoch 001 | Batch 8640 | val_kld=0.759065 | val_ordacc@10=0.160448 | val_recall@10=0.577784
Epoch 001 | Step 8640 | lr=5.000000e-04 | loss=0.595886 | k_vals=[20, 50, 50, 100, 10]
Epoch 001 | Batch 8650 | val_kld=0.762015 | val_ordacc@10=0.157844 | val_recall@10=0.568510
Epoch 001 | Batch 8660 | val_kld=0.759419 | val_ordacc@10=0.161619 | val_recall@10=0.581327
Epoch 001 | Batch 8670 | val_kld=0.755158 | val_ordacc@10=0.162560 | val_recall@10=0.582796
Epoch 001 | Step 8670 | lr=5.000000e-04 | loss=0.744925 | k_vals=[100, 1, 50, 1, 50]
Epoch 001 | Batch 8680 | val_kld=0.753181 | val_ordacc@10=0.162806 | val_recall@10=0.577356
Epoch 001 | Batch 8690 | val_kld=0.765115 | val_ordacc@10=0.160041 | val_recall@10=0.576872
Epoch 001 | Batch 8700 | val_kld=0.757608 | val_ordacc@10=0.160516 | val_recall@10=0.577455
Epoch 001 | Step 8700 | lr=5.000000e-04 | loss=0.817742 | k_vals=[100, 50, 10, 20, 20]
Epoch 001 | Batch 8710 | val_kld=0.750626 | val_ordacc@10=0.162438 | val_recall@10=0.577649
Epoch 001 | Batch 8720 | val_kld=0.768716 | val_ordacc@10=0.156592 | val_recall@10=0.577016
Epoch 001 | Batch 8730 | val_kld=0.751501 | val_ordacc@10=0.162668 | val_recall@10=0.580136
Epoch 001 | Step 8730 | lr=5.000000e-04 | loss=0.750400 | k_vals=[100, 20, 1, 50, 50]
Epoch 001 | Batch 8740 | val_kld=0.753968 | val_ordacc@10=0.160514 | val_recall@10=0.577044
Epoch 001 | Batch 8750 | val_kld=0.755526 | val_ordacc@10=0.162141 | val_recall@10=0.581065
Epoch 001 | Batch 8760 | val_kld=0.756526 | val_ordacc@10=0.161184 | val_recall@10=0.579547
Epoch 001 | Step 8760 | lr=5.000000e-04 | loss=0.644360 | k_vals=[10, 20, 20, 20, 50]
Epoch 001 | Batch 8770 | val_kld=0.757347 | val_ordacc@10=0.162038 | val_recall@10=0.577189
Epoch 001 | Batch 8780 | val_kld=0.756910 | val_ordacc@10=0.161086 | val_recall@10=0.573837
Epoch 001 | Batch 8790 | val_kld=0.754313 | val_ordacc@10=0.162090 | val_recall@10=0.573298
Epoch 001 | Step 8790 | lr=5.000000e-04 | loss=0.801828 | k_vals=[100, 20, 1, 10, 10]
Epoch 001 | Batch 8800 | val_kld=0.758774 | val_ordacc@10=0.160133 | val_recall@10=0.576460
Epoch 001 | Batch 8810 | val_kld=0.757441 | val_ordacc@10=0.160068 | val_recall@10=0.576175
Epoch 001 | Batch 8820 | val_kld=0.754627 | val_ordacc@10=0.161705 | val_recall@10=0.580275
Epoch 001 | Step 8820 | lr=5.000000e-04 | loss=0.717603 | k_vals=[20, 10, 50, 50, 100]
Epoch 001 | Batch 8830 | val_kld=0.757206 | val_ordacc@10=0.161358 | val_recall@10=0.577709
Epoch 001 | Batch 8840 | val_kld=0.760508 | val_ordacc@10=0.161922 | val_recall@10=0.578518
Epoch 001 | Batch 8850 | val_kld=0.759444 | val_ordacc@10=0.161464 | val_recall@10=0.577143
Epoch 001 | Step 8850 | lr=5.000000e-04 | loss=0.868860 | k_vals=[50, 100, 1, 1, 10]
Epoch 001 | Batch 8860 | val_kld=0.757378 | val_ordacc@10=0.161818 | val_recall@10=0.574831
Epoch 001 | Batch 8870 | val_kld=0.758287 | val_ordacc@10=0.160382 | val_recall@10=0.574704
Epoch 001 | Batch 8880 | val_kld=0.751440 | val_ordacc@10=0.162525 | val_recall@10=0.578827
Epoch 001 | Step 8880 | lr=5.000000e-04 | loss=0.894154 | k_vals=[100, 20, 100, 10, 50]
Epoch 001 | Batch 8890 | val_kld=0.759671 | val_ordacc@10=0.161437 | val_recall@10=0.584612
Epoch 001 | Batch 8900 | val_kld=0.761288 | val_ordacc@10=0.159920 | val_recall@10=0.578090
Epoch 001 | Batch 8910 | val_kld=0.747439 | val_ordacc@10=0.165073 | val_recall@10=0.578924
Epoch 001 | Step 8910 | lr=5.000000e-04 | loss=0.682924 | k_vals=[20, 1, 50, 1, 50]
Epoch 001 | Batch 8920 | val_kld=0.756010 | val_ordacc@10=0.160902 | val_recall@10=0.575446
Epoch 001 | Batch 8930 | val_kld=0.750551 | val_ordacc@10=0.162517 | val_recall@10=0.574425
Epoch 001 | Batch 8940 | val_kld=0.763065 | val_ordacc@10=0.158505 | val_recall@10=0.577410
Epoch 001 | Step 8940 | lr=5.000000e-04 | loss=0.741463 | k_vals=[20, 50, 1, 10, 100]
Epoch 001 | Batch 8950 | val_kld=0.760419 | val_ordacc@10=0.160140 | val_recall@10=0.576938
Epoch 001 | Batch 8960 | val_kld=0.756365 | val_ordacc@10=0.160034 | val_recall@10=0.576208
Epoch 001 | Batch 8970 | val_kld=0.752848 | val_ordacc@10=0.162528 | val_recall@10=0.582382
Epoch 001 | Step 8970 | lr=5.000000e-04 | loss=0.855571 | k_vals=[50, 10, 50, 1, 20]
Epoch 001 | Batch 8980 | val_kld=0.747906 | val_ordacc@10=0.164123 | val_recall@10=0.583077
Epoch 001 | Batch 8990 | val_kld=0.753723 | val_ordacc@10=0.161420 | val_recall@10=0.576531
Epoch 001 | Batch 9000 | val_kld=0.759054 | val_ordacc@10=0.160592 | val_recall@10=0.572510
Epoch 001 | Step 9000 | lr=5.000000e-04 | loss=0.803799 | k_vals=[10, 1, 100, 1, 100]
Epoch 001 | Batch 9010 | val_kld=0.752965 | val_ordacc@10=0.161940 | val_recall@10=0.575650
Epoch 001 | Batch 9020 | val_kld=0.749720 | val_ordacc@10=0.162626 | val_recall@10=0.572788
Epoch 001 | Batch 9030 | val_kld=0.762544 | val_ordacc@10=0.158771 | val_recall@10=0.576651
Epoch 001 | Step 9030 | lr=5.000000e-04 | loss=0.760135 | k_vals=[20, 20, 50, 1, 20]
Epoch 001 | Batch 9040 | val_kld=0.759402 | val_ordacc@10=0.160284 | val_recall@10=0.578555
Epoch 001 | Batch 9050 | val_kld=0.752718 | val_ordacc@10=0.161761 | val_recall@10=0.576834
Epoch 001 | Batch 9060 | val_kld=0.752341 | val_ordacc@10=0.162062 | val_recall@10=0.573610
Epoch 001 | Step 9060 | lr=5.000000e-04 | loss=0.569794 | k_vals=[100, 20, 20, 50, 50]
Epoch 001 | Batch 9070 | val_kld=0.755669 | val_ordacc@10=0.161937 | val_recall@10=0.575683
Epoch 001 | Batch 9080 | val_kld=0.751709 | val_ordacc@10=0.162002 | val_recall@10=0.575989
Epoch 001 | Batch 9090 | val_kld=0.750840 | val_ordacc@10=0.163503 | val_recall@10=0.579775
Epoch 001 | Step 9090 | lr=5.000000e-04 | loss=0.691943 | k_vals=[100, 10, 100, 50, 50]
Epoch 001 | Batch 9100 | val_kld=0.757904 | val_ordacc@10=0.161229 | val_recall@10=0.577650
Epoch 001 | Batch 9110 | val_kld=0.759325 | val_ordacc@10=0.159301 | val_recall@10=0.570308
Epoch 001 | Batch 9120 | val_kld=0.751708 | val_ordacc@10=0.162514 | val_recall@10=0.580762
Epoch 001 | Step 9120 | lr=5.000000e-04 | loss=0.701166 | k_vals=[20, 20, 20, 50, 20]
Epoch 001 | Batch 9130 | val_kld=0.770296 | val_ordacc@10=0.156345 | val_recall@10=0.577474
Epoch 001 | Batch 9140 | val_kld=0.748818 | val_ordacc@10=0.163481 | val_recall@10=0.581090
Epoch 001 | Batch 9150 | val_kld=0.756364 | val_ordacc@10=0.161078 | val_recall@10=0.575282
Epoch 001 | Step 9150 | lr=5.000000e-04 | loss=0.822149 | k_vals=[20, 1, 50, 1, 1]
Epoch 001 | Batch 9160 | val_kld=0.758997 | val_ordacc@10=0.160970 | val_recall@10=0.576200
Epoch 001 | Batch 9170 | val_kld=0.761180 | val_ordacc@10=0.160504 | val_recall@10=0.569436
Epoch 001 | Batch 9180 | val_kld=0.758233 | val_ordacc@10=0.161488 | val_recall@10=0.576281
Epoch 001 | Step 9180 | lr=5.000000e-04 | loss=0.748466 | k_vals=[100, 100, 100, 1, 50]
Epoch 001 | Batch 9190 | val_kld=0.753796 | val_ordacc@10=0.163183 | val_recall@10=0.575565
Epoch 001 | Batch 9200 | val_kld=0.754149 | val_ordacc@10=0.160996 | val_recall@10=0.579750
Epoch 001 | Batch 9210 | val_kld=0.750939 | val_ordacc@10=0.161340 | val_recall@10=0.578488
Epoch 001 | Step 9210 | lr=5.000000e-04 | loss=0.762448 | k_vals=[20, 50, 20, 10, 50]
Epoch 001 | Batch 9220 | val_kld=0.757179 | val_ordacc@10=0.161462 | val_recall@10=0.580911
Epoch 001 | Batch 9230 | val_kld=0.754318 | val_ordacc@10=0.162659 | val_recall@10=0.579204
Epoch 001 | Batch 9240 | val_kld=0.750615 | val_ordacc@10=0.162936 | val_recall@10=0.575922
Epoch 001 | Step 9240 | lr=5.000000e-04 | loss=0.605597 | k_vals=[100, 50, 100, 50, 10]
Epoch 001 | Batch 9250 | val_kld=0.749269 | val_ordacc@10=0.162449 | val_recall@10=0.571736
Epoch 001 | Batch 9260 | val_kld=0.752139 | val_ordacc@10=0.163076 | val_recall@10=0.576890
Epoch 001 | Batch 9270 | val_kld=0.755810 | val_ordacc@10=0.161816 | val_recall@10=0.580620
Epoch 001 | Step 9270 | lr=5.000000e-04 | loss=0.817927 | k_vals=[1, 100, 1, 10, 1]
Epoch 001 | Batch 9280 | val_kld=0.754826 | val_ordacc@10=0.160881 | val_recall@10=0.579320
Epoch 001 | Batch 9290 | val_kld=0.748558 | val_ordacc@10=0.162527 | val_recall@10=0.577954
Epoch 001 | Batch 9300 | val_kld=0.747773 | val_ordacc@10=0.162747 | val_recall@10=0.576752
Epoch 001 | Step 9300 | lr=5.000000e-04 | loss=0.877671 | k_vals=[10, 20, 1, 50, 50]
Epoch 001 | Batch 9310 | val_kld=0.759333 | val_ordacc@10=0.160450 | val_recall@10=0.579134
Epoch 001 | Batch 9320 | val_kld=0.758103 | val_ordacc@10=0.160273 | val_recall@10=0.581014
Epoch 001 | Batch 9330 | val_kld=0.753173 | val_ordacc@10=0.161464 | val_recall@10=0.579801
Epoch 001 | Step 9330 | lr=5.000000e-04 | loss=0.858265 | k_vals=[20, 20, 50, 20, 20]
Epoch 001 | Batch 9340 | val_kld=0.766794 | val_ordacc@10=0.159257 | val_recall@10=0.579139
Epoch 001 | Batch 9350 | val_kld=0.758861 | val_ordacc@10=0.160881 | val_recall@10=0.579980
Epoch 001 | Batch 9360 | val_kld=0.760384 | val_ordacc@10=0.161194 | val_recall@10=0.580490
Epoch 001 | Step 9360 | lr=5.000000e-04 | loss=0.890593 | k_vals=[1, 10, 50, 10, 10]
Epoch 001 | Batch 9370 | val_kld=0.762137 | val_ordacc@10=0.157548 | val_recall@10=0.577363
Epoch 001 | Batch 9380 | val_kld=0.756505 | val_ordacc@10=0.160709 | val_recall@10=0.581374
Epoch 001 | Batch 9390 | val_kld=0.749865 | val_ordacc@10=0.162984 | val_recall@10=0.576816
Epoch 001 | Step 9390 | lr=5.000000e-04 | loss=0.674994 | k_vals=[10, 1, 10, 100, 20]
Epoch 001 | Batch 9400 | val_kld=0.752898 | val_ordacc@10=0.162074 | val_recall@10=0.580722
Epoch 001 | Batch 9410 | val_kld=0.755062 | val_ordacc@10=0.161753 | val_recall@10=0.576669
Epoch 001 | Batch 9420 | val_kld=0.753844 | val_ordacc@10=0.160014 | val_recall@10=0.576410
Epoch 001 | Step 9420 | lr=5.000000e-04 | loss=0.638928 | k_vals=[50, 100, 100, 1, 20]
Epoch 001 | Batch 9430 | val_kld=0.756311 | val_ordacc@10=0.160054 | val_recall@10=0.576254
Epoch 001 | Batch 9440 | val_kld=0.753372 | val_ordacc@10=0.161308 | val_recall@10=0.572177
Epoch 001 | Batch 9450 | val_kld=0.746621 | val_ordacc@10=0.165186 | val_recall@10=0.577911
Epoch 001 | Step 9450 | lr=5.000000e-04 | loss=0.643664 | k_vals=[1, 50, 50, 10, 1]
Epoch 001 | Batch 9460 | val_kld=0.751365 | val_ordacc@10=0.163557 | val_recall@10=0.580076
Epoch 001 | Batch 9470 | val_kld=0.760961 | val_ordacc@10=0.159198 | val_recall@10=0.576243
Epoch 001 | Batch 9480 | val_kld=0.759268 | val_ordacc@10=0.159788 | val_recall@10=0.576998
Epoch 001 | Step 9480 | lr=5.000000e-04 | loss=0.919218 | k_vals=[10, 1, 1, 100, 50]
Epoch 001 | Batch 9490 | val_kld=0.757468 | val_ordacc@10=0.160046 | val_recall@10=0.573412
Epoch 001 | Batch 9500 | val_kld=0.758944 | val_ordacc@10=0.158199 | val_recall@10=0.578630
Epoch 001 | Batch 9510 | val_kld=0.760190 | val_ordacc@10=0.161037 | val_recall@10=0.581522
Epoch 001 | Step 9510 | lr=5.000000e-04 | loss=0.817707 | k_vals=[50, 50, 20, 1, 100]
Epoch 001 | Batch 9520 | val_kld=0.756512 | val_ordacc@10=0.160606 | val_recall@10=0.576976
Epoch 001 | Batch 9530 | val_kld=0.749782 | val_ordacc@10=0.163077 | val_recall@10=0.575890
Epoch 001 | Batch 9540 | val_kld=0.753042 | val_ordacc@10=0.161869 | val_recall@10=0.575750
Epoch 001 | Step 9540 | lr=5.000000e-04 | loss=0.773403 | k_vals=[1, 20, 20, 20, 50]
Epoch 001 | Batch 9550 | val_kld=0.749642 | val_ordacc@10=0.162898 | val_recall@10=0.579354
Epoch 001 | Batch 9560 | val_kld=0.750928 | val_ordacc@10=0.162767 | val_recall@10=0.583973
Epoch 001 | Batch 9570 | val_kld=0.746316 | val_ordacc@10=0.163716 | val_recall@10=0.580056
Epoch 001 | Step 9570 | lr=5.000000e-04 | loss=0.760291 | k_vals=[100, 1, 1, 100, 100]
Epoch 001 | Batch 9580 | val_kld=0.753305 | val_ordacc@10=0.161902 | val_recall@10=0.583904
Epoch 001 | Batch 9590 | val_kld=0.753738 | val_ordacc@10=0.161229 | val_recall@10=0.577320
Epoch 001 | Batch 9600 | val_kld=0.747359 | val_ordacc@10=0.163604 | val_recall@10=0.576389
Epoch 001 | Step 9600 | lr=5.000000e-04 | loss=0.539566 | k_vals=[10, 20, 100, 100, 10]
Epoch 001 | Batch 9610 | val_kld=0.758039 | val_ordacc@10=0.159034 | val_recall@10=0.570448
Epoch 001 | Batch 9620 | val_kld=0.755952 | val_ordacc@10=0.160464 | val_recall@10=0.579625
Epoch 001 | Batch 9630 | val_kld=0.748621 | val_ordacc@10=0.163427 | val_recall@10=0.577492
Epoch 001 | Step 9630 | lr=5.000000e-04 | loss=0.693350 | k_vals=[20, 10, 100, 1, 50]
Epoch 001 | Batch 9640 | val_kld=0.755930 | val_ordacc@10=0.162228 | val_recall@10=0.578198
Epoch 001 | Batch 9650 | val_kld=0.748114 | val_ordacc@10=0.163995 | val_recall@10=0.582119
Epoch 001 | Batch 9660 | val_kld=0.756884 | val_ordacc@10=0.160354 | val_recall@10=0.580623
Epoch 001 | Step 9660 | lr=5.000000e-04 | loss=1.085834 | k_vals=[100, 1, 1, 1, 20]
Epoch 001 | Batch 9670 | val_kld=0.753804 | val_ordacc@10=0.161779 | val_recall@10=0.575161
Epoch 001 | Batch 9680 | val_kld=0.758954 | val_ordacc@10=0.159087 | val_recall@10=0.569092
Epoch 001 | Batch 9690 | val_kld=0.757237 | val_ordacc@10=0.160008 | val_recall@10=0.578545
Epoch 001 | Step 9690 | lr=5.000000e-04 | loss=0.664059 | k_vals=[50, 50, 1, 20, 10]
Epoch 001 | Batch 9700 | val_kld=0.748999 | val_ordacc@10=0.164184 | val_recall@10=0.579083
Epoch 001 | Batch 9710 | val_kld=0.751478 | val_ordacc@10=0.163635 | val_recall@10=0.579319
Epoch 001 | Batch 9720 | val_kld=0.757250 | val_ordacc@10=0.160293 | val_recall@10=0.577508
Epoch 001 | Step 9720 | lr=5.000000e-04 | loss=0.832550 | k_vals=[100, 100, 50, 1, 10]
Epoch 001 | Batch 9730 | val_kld=0.749471 | val_ordacc@10=0.163411 | val_recall@10=0.578247
Epoch 001 | Batch 9740 | val_kld=0.750990 | val_ordacc@10=0.162635 | val_recall@10=0.580128
Epoch 001 | Batch 9750 | val_kld=0.757275 | val_ordacc@10=0.161848 | val_recall@10=0.578864
Epoch 001 | Step 9750 | lr=5.000000e-04 | loss=0.861967 | k_vals=[20, 1, 10, 100, 100]
Epoch 001 | Batch 9760 | val_kld=0.759333 | val_ordacc@10=0.160310 | val_recall@10=0.575791
Epoch 001 | Batch 9770 | val_kld=0.755135 | val_ordacc@10=0.160914 | val_recall@10=0.576717
Epoch 001 | Batch 9780 | val_kld=0.754719 | val_ordacc@10=0.162350 | val_recall@10=0.578264
Epoch 001 | Step 9780 | lr=5.000000e-04 | loss=0.672358 | k_vals=[1, 1, 10, 10, 50]
Epoch 001 | Batch 9790 | val_kld=0.752086 | val_ordacc@10=0.161706 | val_recall@10=0.574024
Epoch 001 | Batch 9800 | val_kld=0.754267 | val_ordacc@10=0.161259 | val_recall@10=0.576345
Epoch 001 | Batch 9810 | val_kld=0.751414 | val_ordacc@10=0.161770 | val_recall@10=0.577353
Epoch 001 | Step 9810 | lr=5.000000e-04 | loss=0.911245 | k_vals=[100, 1, 50, 20, 20]
Epoch 001 | Batch 9820 | val_kld=0.749495 | val_ordacc@10=0.162603 | val_recall@10=0.577206
Epoch 001 | Batch 9830 | val_kld=0.751148 | val_ordacc@10=0.161842 | val_recall@10=0.576668
Epoch 001 | Batch 9840 | val_kld=0.752778 | val_ordacc@10=0.162877 | val_recall@10=0.580622
Epoch 001 | Step 9840 | lr=5.000000e-04 | loss=0.833710 | k_vals=[20, 20, 50, 100, 10]
Epoch 001 | Batch 9850 | val_kld=0.745461 | val_ordacc@10=0.163662 | val_recall@10=0.579504
Epoch 001 | Batch 9860 | val_kld=0.752166 | val_ordacc@10=0.162604 | val_recall@10=0.581252
Epoch 001 | Batch 9870 | val_kld=0.748250 | val_ordacc@10=0.163307 | val_recall@10=0.578782
Epoch 001 | Step 9870 | lr=5.000000e-04 | loss=0.708500 | k_vals=[50, 100, 100, 50, 100]
Epoch 001 | Batch 9880 | val_kld=0.757430 | val_ordacc@10=0.161497 | val_recall@10=0.576498
Epoch 001 | Batch 9890 | val_kld=0.755400 | val_ordacc@10=0.159414 | val_recall@10=0.580096
Epoch 001 | Batch 9900 | val_kld=0.748106 | val_ordacc@10=0.162874 | val_recall@10=0.577132
Epoch 001 | Step 9900 | lr=5.000000e-04 | loss=0.660627 | k_vals=[50, 100, 20, 100, 20]
Epoch 001 | Batch 9910 | val_kld=0.754570 | val_ordacc@10=0.160137 | val_recall@10=0.575074
Epoch 001 | Batch 9920 | val_kld=0.753402 | val_ordacc@10=0.161657 | val_recall@10=0.576420
Epoch 001 | Batch 9930 | val_kld=0.750025 | val_ordacc@10=0.162920 | val_recall@10=0.576188
Epoch 001 | Step 9930 | lr=5.000000e-04 | loss=0.887061 | k_vals=[1, 100, 20, 50, 50]
Epoch 001 | Batch 9940 | val_kld=0.749807 | val_ordacc@10=0.163095 | val_recall@10=0.580297
Epoch 001 | Batch 9950 | val_kld=0.750857 | val_ordacc@10=0.162689 | val_recall@10=0.580249
Epoch 001 | Batch 9960 | val_kld=0.750693 | val_ordacc@10=0.162342 | val_recall@10=0.580218
Epoch 001 | Step 9960 | lr=5.000000e-04 | loss=0.696329 | k_vals=[20, 50, 10, 100, 50]
Epoch 001 | Batch 9970 | val_kld=0.747769 | val_ordacc@10=0.163120 | val_recall@10=0.577593
Epoch 001 | Batch 9980 | val_kld=0.758892 | val_ordacc@10=0.158757 | val_recall@10=0.572428
Epoch 001 | Batch 9990 | val_kld=0.755234 | val_ordacc@10=0.159250 | val_recall@10=0.573540
Epoch 001 | Step 9990 | lr=5.000000e-04 | loss=0.783012 | k_vals=[20, 1, 20, 100, 20]
Epoch 001 | Batch 10000 | val_kld=0.749371 | val_ordacc@10=0.162022 | val_recall@10=0.576327
Epoch 001 | Batch 10010 | val_kld=0.748702 | val_ordacc@10=0.161711 | val_recall@10=0.577054
Epoch 001 | Batch 10020 | val_kld=0.750717 | val_ordacc@10=0.162335 | val_recall@10=0.574570
Epoch 001 | Step 10020 | lr=5.000000e-04 | loss=0.774289 | k_vals=[20, 1, 10, 50, 20]
Epoch 001 | Batch 10030 | val_kld=0.756495 | val_ordacc@10=0.160662 | val_recall@10=0.576920
Epoch 001 | Batch 10040 | val_kld=0.758505 | val_ordacc@10=0.159283 | val_recall@10=0.582527
Epoch 001 | Batch 10050 | val_kld=0.749467 | val_ordacc@10=0.162843 | val_recall@10=0.578813
Epoch 001 | Step 10050 | lr=5.000000e-04 | loss=0.837831 | k_vals=[20, 1, 10, 50, 1]
Epoch 001 | Batch 10060 | val_kld=0.757957 | val_ordacc@10=0.160487 | val_recall@10=0.572958
Epoch 001 | Batch 10070 | val_kld=0.747472 | val_ordacc@10=0.163864 | val_recall@10=0.579340
Epoch 001 | Batch 10080 | val_kld=0.745371 | val_ordacc@10=0.164110 | val_recall@10=0.579914
Epoch 001 | Step 10080 | lr=5.000000e-04 | loss=0.685587 | k_vals=[100, 1, 50, 20, 50]
Epoch 001 | Batch 10090 | val_kld=0.750290 | val_ordacc@10=0.163792 | val_recall@10=0.576566
Epoch 001 | Batch 10100 | val_kld=0.754811 | val_ordacc@10=0.160357 | val_recall@10=0.574652
Epoch 001 | Batch 10110 | val_kld=0.749696 | val_ordacc@10=0.163253 | val_recall@10=0.580791
Epoch 001 | Step 10110 | lr=5.000000e-04 | loss=0.854544 | k_vals=[10, 20, 20, 50, 1]
Epoch 001 | Batch 10120 | val_kld=0.759019 | val_ordacc@10=0.159553 | val_recall@10=0.576370
Epoch 001 | Batch 10130 | val_kld=0.746389 | val_ordacc@10=0.162926 | val_recall@10=0.578443
Epoch 001 | Batch 10140 | val_kld=0.755120 | val_ordacc@10=0.161732 | val_recall@10=0.577467
Epoch 001 | Step 10140 | lr=5.000000e-04 | loss=0.883017 | k_vals=[10, 20, 50, 50, 1]
Epoch 001 | Batch 10150 | val_kld=0.761907 | val_ordacc@10=0.160917 | val_recall@10=0.575774
Epoch 001 | Batch 10160 | val_kld=0.754260 | val_ordacc@10=0.162791 | val_recall@10=0.578806
Epoch 001 | Batch 10170 | val_kld=0.750527 | val_ordacc@10=0.162416 | val_recall@10=0.579589
Epoch 001 | Step 10170 | lr=5.000000e-04 | loss=0.834492 | k_vals=[1, 1, 20, 100, 1]
Epoch 001 | Batch 10180 | val_kld=0.747892 | val_ordacc@10=0.164147 | val_recall@10=0.578554
Epoch 001 | Batch 10190 | val_kld=0.748978 | val_ordacc@10=0.162730 | val_recall@10=0.575182
Epoch 001 | Batch 10200 | val_kld=0.748434 | val_ordacc@10=0.163765 | val_recall@10=0.577655
Epoch 001 | Step 10200 | lr=5.000000e-04 | loss=0.784401 | k_vals=[10, 1, 10, 10, 100]
Epoch 001 | Batch 10210 | val_kld=0.748507 | val_ordacc@10=0.163972 | val_recall@10=0.577938
Epoch 001 | Batch 10220 | val_kld=0.748776 | val_ordacc@10=0.163048 | val_recall@10=0.579274
Epoch 001 | Batch 10230 | val_kld=0.754691 | val_ordacc@10=0.161539 | val_recall@10=0.579177
Epoch 001 | Step 10230 | lr=5.000000e-04 | loss=0.784374 | k_vals=[50, 50, 1, 100, 50]
Epoch 001 | Batch 10240 | val_kld=0.753225 | val_ordacc@10=0.160463 | val_recall@10=0.576948
Epoch 001 | Batch 10250 | val_kld=0.756952 | val_ordacc@10=0.160526 | val_recall@10=0.579876
Epoch 001 | Batch 10260 | val_kld=0.753708 | val_ordacc@10=0.162006 | val_recall@10=0.579276
Epoch 001 | Step 10260 | lr=5.000000e-04 | loss=0.736687 | k_vals=[20, 10, 1, 50, 20]
Epoch 001 | Batch 10270 | val_kld=0.747688 | val_ordacc@10=0.163053 | val_recall@10=0.581879
Epoch 001 | Batch 10280 | val_kld=0.748642 | val_ordacc@10=0.162095 | val_recall@10=0.578475
Epoch 001 | Batch 10290 | val_kld=0.748791 | val_ordacc@10=0.163931 | val_recall@10=0.576976
Epoch 001 | Step 10290 | lr=5.000000e-04 | loss=0.804781 | k_vals=[100, 100, 10, 50, 10]
Epoch 001 | Batch 10300 | val_kld=0.744042 | val_ordacc@10=0.164352 | val_recall@10=0.578438
Epoch 001 | Batch 10310 | val_kld=0.748887 | val_ordacc@10=0.163040 | val_recall@10=0.579524
Epoch 001 | Batch 10320 | val_kld=0.751533 | val_ordacc@10=0.160836 | val_recall@10=0.573328
Epoch 001 | Step 10320 | lr=5.000000e-04 | loss=0.729190 | k_vals=[1, 20, 1, 100, 50]
Epoch 001 | Batch 10330 | val_kld=0.751950 | val_ordacc@10=0.161640 | val_recall@10=0.580764
Epoch 001 | Batch 10340 | val_kld=0.745833 | val_ordacc@10=0.163970 | val_recall@10=0.579782
Epoch 001 | Batch 10350 | val_kld=0.748593 | val_ordacc@10=0.163060 | val_recall@10=0.579054
Epoch 001 | Step 10350 | lr=5.000000e-04 | loss=0.943667 | k_vals=[100, 10, 1, 50, 10]
Epoch 001 | Batch 10360 | val_kld=0.753134 | val_ordacc@10=0.162790 | val_recall@10=0.577308
Epoch 001 | Batch 10370 | val_kld=0.749817 | val_ordacc@10=0.160962 | val_recall@10=0.576996
Epoch 001 | Batch 10380 | val_kld=0.746298 | val_ordacc@10=0.163874 | val_recall@10=0.575680
Epoch 001 | Step 10380 | lr=5.000000e-04 | loss=0.956538 | k_vals=[10, 20, 100, 50, 100]
Epoch 001 | Batch 10390 | val_kld=0.750375 | val_ordacc@10=0.162617 | val_recall@10=0.577775
Epoch 001 | Batch 10400 | val_kld=0.744462 | val_ordacc@10=0.164641 | val_recall@10=0.580274
Epoch 001 | Batch 10410 | val_kld=0.746233 | val_ordacc@10=0.164354 | val_recall@10=0.576543
Epoch 001 | Step 10410 | lr=5.000000e-04 | loss=0.723939 | k_vals=[100, 1, 1, 10, 100]
Epoch 001 | Batch 10420 | val_kld=0.750084 | val_ordacc@10=0.161242 | val_recall@10=0.572404
Epoch 001 | Batch 10430 | val_kld=0.744308 | val_ordacc@10=0.163898 | val_recall@10=0.577622
Epoch 001 | Batch 10440 | val_kld=0.750243 | val_ordacc@10=0.161448 | val_recall@10=0.584577
Epoch 001 | Step 10440 | lr=5.000000e-04 | loss=0.884767 | k_vals=[1, 10, 10, 50, 20]
Epoch 001 | Batch 10450 | val_kld=0.754835 | val_ordacc@10=0.160028 | val_recall@10=0.574466
Epoch 001 | Batch 10460 | val_kld=0.745307 | val_ordacc@10=0.165556 | val_recall@10=0.582930
Epoch 001 | Batch 10470 | val_kld=0.751219 | val_ordacc@10=0.162860 | val_recall@10=0.580040
Epoch 001 | Step 10470 | lr=5.000000e-04 | loss=0.705382 | k_vals=[20, 50, 20, 1, 20]
Epoch 001 | Batch 10480 | val_kld=0.750200 | val_ordacc@10=0.162222 | val_recall@10=0.579475
Epoch 001 | Batch 10490 | val_kld=0.746971 | val_ordacc@10=0.164655 | val_recall@10=0.578376
Epoch 001 | Batch 10500 | val_kld=0.755855 | val_ordacc@10=0.160083 | val_recall@10=0.573477
Epoch 001 | Step 10500 | lr=5.000000e-04 | loss=0.702845 | k_vals=[100, 10, 100, 100, 50]
Epoch 001 | Batch 10510 | val_kld=0.746295 | val_ordacc@10=0.164203 | val_recall@10=0.582975
Epoch 001 | Batch 10520 | val_kld=0.740304 | val_ordacc@10=0.165340 | val_recall@10=0.579900
Epoch 001 | Batch 10530 | val_kld=0.739017 | val_ordacc@10=0.166157 | val_recall@10=0.580619
Epoch 001 | Step 10530 | lr=5.000000e-04 | loss=0.831624 | k_vals=[50, 1, 20, 10, 1]
Epoch 001 | Batch 10540 | val_kld=0.745800 | val_ordacc@10=0.162139 | val_recall@10=0.577422
Epoch 001 | Batch 10550 | val_kld=0.749603 | val_ordacc@10=0.162328 | val_recall@10=0.578020
Epoch 001 | Batch 10560 | val_kld=0.755266 | val_ordacc@10=0.162404 | val_recall@10=0.581106
Epoch 001 | Step 10560 | lr=5.000000e-04 | loss=0.744058 | k_vals=[1, 100, 100, 20, 100]
Epoch 001 | Batch 10570 | val_kld=0.750288 | val_ordacc@10=0.162358 | val_recall@10=0.576093
Epoch 001 | Batch 10580 | val_kld=0.748171 | val_ordacc@10=0.163088 | val_recall@10=0.579838
Epoch 001 | Batch 10590 | val_kld=0.745731 | val_ordacc@10=0.164576 | val_recall@10=0.578762
Epoch 001 | Step 10590 | lr=5.000000e-04 | loss=0.802455 | k_vals=[100, 100, 10, 10, 20]
Epoch 001 | Batch 10600 | val_kld=0.749836 | val_ordacc@10=0.162146 | val_recall@10=0.576934
Epoch 001 | Batch 10610 | val_kld=0.752694 | val_ordacc@10=0.162696 | val_recall@10=0.580576
Epoch 001 | Batch 10620 | val_kld=0.755886 | val_ordacc@10=0.161086 | val_recall@10=0.576331
Epoch 001 | Step 10620 | lr=5.000000e-04 | loss=0.932799 | k_vals=[20, 20, 20, 20, 100]
Epoch 001 | Batch 10630 | val_kld=0.742563 | val_ordacc@10=0.164928 | val_recall@10=0.576792
Epoch 001 | Batch 10640 | val_kld=0.753152 | val_ordacc@10=0.161001 | val_recall@10=0.572615
Epoch 001 | Batch 10650 | val_kld=0.746227 | val_ordacc@10=0.163836 | val_recall@10=0.580768
Epoch 001 | Step 10650 | lr=5.000000e-04 | loss=0.627761 | k_vals=[20, 100, 10, 50, 10]
Epoch 001 | Batch 10660 | val_kld=0.752011 | val_ordacc@10=0.161395 | val_recall@10=0.574760
Epoch 001 | Batch 10670 | val_kld=0.741738 | val_ordacc@10=0.164261 | val_recall@10=0.580320
Epoch 001 | Batch 10680 | val_kld=0.742304 | val_ordacc@10=0.164490 | val_recall@10=0.580866
Epoch 001 | Step 10680 | lr=5.000000e-04 | loss=0.877286 | k_vals=[20, 50, 20, 1, 1]
Epoch 001 | Batch 10690 | val_kld=0.750460 | val_ordacc@10=0.162018 | val_recall@10=0.576679
Epoch 001 | Batch 10700 | val_kld=0.748559 | val_ordacc@10=0.162382 | val_recall@10=0.578901
Epoch 001 | Batch 10710 | val_kld=0.743653 | val_ordacc@10=0.164312 | val_recall@10=0.576707
Epoch 001 | Step 10710 | lr=5.000000e-04 | loss=0.727037 | k_vals=[10, 50, 100, 1, 1]
Epoch 001 | Batch 10720 | val_kld=0.747464 | val_ordacc@10=0.163790 | val_recall@10=0.582594
Epoch 001 | Batch 10730 | val_kld=0.748353 | val_ordacc@10=0.164182 | val_recall@10=0.578376
Epoch 001 | Batch 10740 | val_kld=0.748285 | val_ordacc@10=0.163681 | val_recall@10=0.577910
Epoch 001 | Step 10740 | lr=5.000000e-04 | loss=0.577523 | k_vals=[50, 50, 1, 20, 50]
Epoch 001 | Batch 10750 | val_kld=0.751884 | val_ordacc@10=0.161417 | val_recall@10=0.571688
Epoch 001 | Batch 10760 | val_kld=0.749730 | val_ordacc@10=0.162098 | val_recall@10=0.573968
Epoch 001 | Batch 10770 | val_kld=0.743353 | val_ordacc@10=0.164323 | val_recall@10=0.578425
Epoch 001 | Step 10770 | lr=5.000000e-04 | loss=0.729574 | k_vals=[100, 100, 50, 10, 10]
Epoch 001 | Batch 10780 | val_kld=0.746821 | val_ordacc@10=0.163302 | val_recall@10=0.579006
Epoch 001 | Batch 10790 | val_kld=0.753015 | val_ordacc@10=0.161084 | val_recall@10=0.580396
Epoch 001 | Batch 10800 | val_kld=0.749227 | val_ordacc@10=0.163248 | val_recall@10=0.579942
Epoch 001 | Step 10800 | lr=5.000000e-04 | loss=0.827749 | k_vals=[20, 1, 20, 100, 100]
Epoch 001 | Batch 10810 | val_kld=0.747595 | val_ordacc@10=0.163323 | val_recall@10=0.576015
Epoch 001 | Batch 10820 | val_kld=0.752221 | val_ordacc@10=0.161759 | val_recall@10=0.576273
Epoch 001 | Batch 10830 | val_kld=0.746969 | val_ordacc@10=0.162573 | val_recall@10=0.581250
Epoch 001 | Step 10830 | lr=5.000000e-04 | loss=0.786065 | k_vals=[100, 50, 50, 1, 1]
Epoch 001 | Batch 10840 | val_kld=0.742192 | val_ordacc@10=0.164104 | val_recall@10=0.577850
Epoch 001 | Batch 10850 | val_kld=0.745010 | val_ordacc@10=0.164480 | val_recall@10=0.578808
Epoch 001 | Batch 10860 | val_kld=0.742676 | val_ordacc@10=0.165279 | val_recall@10=0.577530
Epoch 001 | Step 10860 | lr=5.000000e-04 | loss=0.707931 | k_vals=[20, 10, 1, 20, 20]
Epoch 001 | Batch 10870 | val_kld=0.744203 | val_ordacc@10=0.163621 | val_recall@10=0.576828
Epoch 001 | Batch 10880 | val_kld=0.744919 | val_ordacc@10=0.164214 | val_recall@10=0.582460
Epoch 001 | Batch 10890 | val_kld=0.749009 | val_ordacc@10=0.162108 | val_recall@10=0.582182
Epoch 001 | Step 10890 | lr=5.000000e-04 | loss=0.836889 | k_vals=[1, 1, 1, 1, 20]
Epoch 001 | Batch 10900 | val_kld=0.744268 | val_ordacc@10=0.163824 | val_recall@10=0.577010
Epoch 001 | Batch 10910 | val_kld=0.754166 | val_ordacc@10=0.162065 | val_recall@10=0.578987
Epoch 001 | Batch 10920 | val_kld=0.755233 | val_ordacc@10=0.160416 | val_recall@10=0.574396
Epoch 001 | Step 10920 | lr=5.000000e-04 | loss=0.605808 | k_vals=[50, 1, 50, 50, 10]
Epoch 001 | Batch 10930 | val_kld=0.761159 | val_ordacc@10=0.157855 | val_recall@10=0.581020
Epoch 001 | Batch 10940 | val_kld=0.750318 | val_ordacc@10=0.163634 | val_recall@10=0.581302
Epoch 001 | Batch 10950 | val_kld=0.742025 | val_ordacc@10=0.166057 | val_recall@10=0.582520
Epoch 001 | Step 10950 | lr=5.000000e-04 | loss=0.685127 | k_vals=[100, 50, 10, 50, 20]
Epoch 001 | Batch 10960 | val_kld=0.740676 | val_ordacc@10=0.165152 | val_recall@10=0.582584
Epoch 001 | Batch 10970 | val_kld=0.740844 | val_ordacc@10=0.165072 | val_recall@10=0.579286
Epoch 001 | Batch 10980 | val_kld=0.748752 | val_ordacc@10=0.162470 | val_recall@10=0.578628
Epoch 001 | Step 10980 | lr=5.000000e-04 | loss=0.753435 | k_vals=[10, 50, 10, 1, 10]
Epoch 001 | Batch 10990 | val_kld=0.747931 | val_ordacc@10=0.162978 | val_recall@10=0.580784
Epoch 001 | Batch 11000 | val_kld=0.747485 | val_ordacc@10=0.163178 | val_recall@10=0.579942
Epoch 001 | Batch 11010 | val_kld=0.751516 | val_ordacc@10=0.159820 | val_recall@10=0.577467
Epoch 001 | Step 11010 | lr=5.000000e-04 | loss=0.840112 | k_vals=[100, 50, 20, 10, 1]
Epoch 001 | Batch 11020 | val_kld=0.745321 | val_ordacc@10=0.164038 | val_recall@10=0.578340
Epoch 001 | Batch 11030 | val_kld=0.744268 | val_ordacc@10=0.164910 | val_recall@10=0.579787
Epoch 001 | Batch 11040 | val_kld=0.740759 | val_ordacc@10=0.164925 | val_recall@10=0.574528
Epoch 001 | Step 11040 | lr=5.000000e-04 | loss=0.902261 | k_vals=[50, 1, 20, 50, 50]
Epoch 001 | Batch 11050 | val_kld=0.749756 | val_ordacc@10=0.161540 | val_recall@10=0.576189
Epoch 001 | Batch 11060 | val_kld=0.742123 | val_ordacc@10=0.164676 | val_recall@10=0.575802
Epoch 001 | Batch 11070 | val_kld=0.745762 | val_ordacc@10=0.163972 | val_recall@10=0.580513
Epoch 001 | Step 11070 | lr=5.000000e-04 | loss=0.709812 | k_vals=[50, 1, 50, 1, 100]
Epoch 001 | Batch 11080 | val_kld=0.743660 | val_ordacc@10=0.164800 | val_recall@10=0.577374
Epoch 001 | Batch 11090 | val_kld=0.754821 | val_ordacc@10=0.159722 | val_recall@10=0.582407
Epoch 001 | Batch 11100 | val_kld=0.757872 | val_ordacc@10=0.160321 | val_recall@10=0.580376
Epoch 001 | Step 11100 | lr=5.000000e-04 | loss=0.672162 | k_vals=[20, 100, 100, 10, 100]
Epoch 001 | Batch 11110 | val_kld=0.743742 | val_ordacc@10=0.163577 | val_recall@10=0.577629
Epoch 001 | Batch 11120 | val_kld=0.744392 | val_ordacc@10=0.164640 | val_recall@10=0.582055
Epoch 001 | Batch 11130 | val_kld=0.751967 | val_ordacc@10=0.162417 | val_recall@10=0.579908
Epoch 001 | Step 11130 | lr=5.000000e-04 | loss=0.887423 | k_vals=[1, 20, 10, 50, 20]
Epoch 001 | Batch 11140 | val_kld=0.746651 | val_ordacc@10=0.163464 | val_recall@10=0.580412
Epoch 001 | Batch 11150 | val_kld=0.753531 | val_ordacc@10=0.160696 | val_recall@10=0.571142
Epoch 001 | Batch 11160 | val_kld=0.749371 | val_ordacc@10=0.162438 | val_recall@10=0.578361
Epoch 001 | Step 11160 | lr=5.000000e-04 | loss=0.750940 | k_vals=[1, 20, 1, 10, 100]
Epoch 001 | Batch 11170 | val_kld=0.745859 | val_ordacc@10=0.164978 | val_recall@10=0.579356
Epoch 001 | Batch 11180 | val_kld=0.747927 | val_ordacc@10=0.163741 | val_recall@10=0.579245
Epoch 001 | Batch 11190 | val_kld=0.747355 | val_ordacc@10=0.162678 | val_recall@10=0.572640
Epoch 001 | Step 11190 | lr=5.000000e-04 | loss=0.957811 | k_vals=[1, 1, 50, 100, 20]
Epoch 001 | Batch 11200 | val_kld=0.748689 | val_ordacc@10=0.162685 | val_recall@10=0.582866
Epoch 001 | Batch 11210 | val_kld=0.745623 | val_ordacc@10=0.163563 | val_recall@10=0.581243
Epoch 001 | Batch 11220 | val_kld=0.750913 | val_ordacc@10=0.160875 | val_recall@10=0.574542
Epoch 001 | Step 11220 | lr=5.000000e-04 | loss=0.736356 | k_vals=[50, 1, 50, 1, 10]
Epoch 001 | Batch 11230 | val_kld=0.751837 | val_ordacc@10=0.162293 | val_recall@10=0.578312
Epoch 001 | Batch 11240 | val_kld=0.745239 | val_ordacc@10=0.164289 | val_recall@10=0.581271
Epoch 001 | Batch 11250 | val_kld=0.746205 | val_ordacc@10=0.163731 | val_recall@10=0.580122
Epoch 001 | Step 11250 | lr=5.000000e-04 | loss=0.767450 | k_vals=[50, 20, 20, 20, 20]
Epoch 001 | Batch 11260 | val_kld=0.742929 | val_ordacc@10=0.164984 | val_recall@10=0.579229
Epoch 001 | Batch 11270 | val_kld=0.742223 | val_ordacc@10=0.165463 | val_recall@10=0.576013
Epoch 001 | Batch 11280 | val_kld=0.749322 | val_ordacc@10=0.163751 | val_recall@10=0.581534
Epoch 001 | Step 11280 | lr=5.000000e-04 | loss=0.596059 | k_vals=[1, 1, 100, 100, 20]
Epoch 001 | Batch 11290 | val_kld=0.746166 | val_ordacc@10=0.164914 | val_recall@10=0.577553
Epoch 001 | Batch 11300 | val_kld=0.745507 | val_ordacc@10=0.163392 | val_recall@10=0.580972
Epoch 001 | Batch 11310 | val_kld=0.751859 | val_ordacc@10=0.163844 | val_recall@10=0.582520
Epoch 001 | Step 11310 | lr=5.000000e-04 | loss=0.667090 | k_vals=[20, 100, 50, 100, 100]
Epoch 001 | Batch 11320 | val_kld=0.744270 | val_ordacc@10=0.163536 | val_recall@10=0.577231
Epoch 001 | Batch 11330 | val_kld=0.745113 | val_ordacc@10=0.164443 | val_recall@10=0.576596
Epoch 001 | Batch 11340 | val_kld=0.749553 | val_ordacc@10=0.162462 | val_recall@10=0.582818
Epoch 001 | Step 11340 | lr=5.000000e-04 | loss=0.640852 | k_vals=[100, 50, 50, 20, 100]
Epoch 001 | Batch 11350 | val_kld=0.742074 | val_ordacc@10=0.165213 | val_recall@10=0.578634
Epoch 001 | Batch 11360 | val_kld=0.744314 | val_ordacc@10=0.163330 | val_recall@10=0.576975
Epoch 001 | Batch 11370 | val_kld=0.755400 | val_ordacc@10=0.161751 | val_recall@10=0.577918
Epoch 001 | Step 11370 | lr=5.000000e-04 | loss=0.732503 | k_vals=[100, 20, 10, 100, 100]
Epoch 001 | Batch 11380 | val_kld=0.748508 | val_ordacc@10=0.164182 | val_recall@10=0.581469
Epoch 001 | Batch 11390 | val_kld=0.752626 | val_ordacc@10=0.163672 | val_recall@10=0.584699
Epoch 001 | Batch 11400 | val_kld=0.744140 | val_ordacc@10=0.164685 | val_recall@10=0.580708
Epoch 001 | Step 11400 | lr=5.000000e-04 | loss=0.673903 | k_vals=[1, 100, 1, 100, 10]
Epoch 001 | Batch 11410 | val_kld=0.744418 | val_ordacc@10=0.165041 | val_recall@10=0.580300
Epoch 001 | Batch 11420 | val_kld=0.752005 | val_ordacc@10=0.163360 | val_recall@10=0.584172
Epoch 001 | Batch 11430 | val_kld=0.748529 | val_ordacc@10=0.162073 | val_recall@10=0.580634
Epoch 001 | Step 11430 | lr=5.000000e-04 | loss=0.770431 | k_vals=[1, 20, 100, 20, 10]
Epoch 001 | Batch 11440 | val_kld=0.742250 | val_ordacc@10=0.164638 | val_recall@10=0.580664
Epoch 001 | Batch 11450 | val_kld=0.748544 | val_ordacc@10=0.162377 | val_recall@10=0.579364
Epoch 001 | Batch 11460 | val_kld=0.755435 | val_ordacc@10=0.159993 | val_recall@10=0.575090
Epoch 001 | Step 11460 | lr=5.000000e-04 | loss=0.758812 | k_vals=[1, 100, 100, 1, 100]
Epoch 001 | Batch 11470 | val_kld=0.742789 | val_ordacc@10=0.164824 | val_recall@10=0.579683
Epoch 001 | Batch 11480 | val_kld=0.744386 | val_ordacc@10=0.164374 | val_recall@10=0.578857
Epoch 001 | Batch 11490 | val_kld=0.740449 | val_ordacc@10=0.165013 | val_recall@10=0.583624
Epoch 001 | Step 11490 | lr=5.000000e-04 | loss=0.809141 | k_vals=[50, 1, 10, 50, 100]
Epoch 001 | Batch 11500 | val_kld=0.745180 | val_ordacc@10=0.162384 | val_recall@10=0.579758
Epoch 001 | Batch 11510 | val_kld=0.740364 | val_ordacc@10=0.165306 | val_recall@10=0.580225
Epoch 001 | Batch 11520 | val_kld=0.749677 | val_ordacc@10=0.161532 | val_recall@10=0.577959
Epoch 001 | Step 11520 | lr=5.000000e-04 | loss=0.841318 | k_vals=[10, 10, 20, 50, 50]
Epoch 001 | Batch 11530 | val_kld=0.742475 | val_ordacc@10=0.164464 | val_recall@10=0.579146
Epoch 001 | Batch 11540 | val_kld=0.742057 | val_ordacc@10=0.165246 | val_recall@10=0.579572
Epoch 001 | Batch 11550 | val_kld=0.756155 | val_ordacc@10=0.158954 | val_recall@10=0.581477
Epoch 001 | Step 11550 | lr=5.000000e-04 | loss=0.659954 | k_vals=[20, 20, 20, 100, 50]
Epoch 001 | Batch 11560 | val_kld=0.747186 | val_ordacc@10=0.164058 | val_recall@10=0.582268
Epoch 001 | Batch 11570 | val_kld=0.754581 | val_ordacc@10=0.161050 | val_recall@10=0.574495
Epoch 001 | Batch 11580 | val_kld=0.744853 | val_ordacc@10=0.165173 | val_recall@10=0.578240
Epoch 001 | Step 11580 | lr=5.000000e-04 | loss=0.729711 | k_vals=[10, 100, 10, 50, 10]
Epoch 001 | Batch 11590 | val_kld=0.742646 | val_ordacc@10=0.165634 | val_recall@10=0.583557
Epoch 001 | Batch 11600 | val_kld=0.752855 | val_ordacc@10=0.162424 | val_recall@10=0.581832
Epoch 001 | Batch 11610 | val_kld=0.749693 | val_ordacc@10=0.161591 | val_recall@10=0.576359
Epoch 001 | Step 11610 | lr=5.000000e-04 | loss=0.746033 | k_vals=[100, 20, 1, 100, 100]
Epoch 001 | Batch 11620 | val_kld=0.744797 | val_ordacc@10=0.162788 | val_recall@10=0.578170
Epoch 001 | Batch 11630 | val_kld=0.756413 | val_ordacc@10=0.160808 | val_recall@10=0.576554
Epoch 001 | Batch 11640 | val_kld=0.746724 | val_ordacc@10=0.163239 | val_recall@10=0.581037
Epoch 001 | Step 11640 | lr=5.000000e-04 | loss=0.878465 | k_vals=[10, 50, 100, 20, 10]
Epoch 001 | Batch 11650 | val_kld=0.744386 | val_ordacc@10=0.165309 | val_recall@10=0.581010
Epoch 001 | Batch 11660 | val_kld=0.741886 | val_ordacc@10=0.165049 | val_recall@10=0.581678
Epoch 001 | Batch 11670 | val_kld=0.748829 | val_ordacc@10=0.163209 | val_recall@10=0.579281
Epoch 001 | Step 11670 | lr=5.000000e-04 | loss=0.678658 | k_vals=[100, 20, 1, 1, 10]
Epoch 001 | Batch 11680 | val_kld=0.745957 | val_ordacc@10=0.164442 | val_recall@10=0.583532
Epoch 001 | Batch 11690 | val_kld=0.740573 | val_ordacc@10=0.165517 | val_recall@10=0.578406
Epoch 001 | Batch 11700 | val_kld=0.759258 | val_ordacc@10=0.158957 | val_recall@10=0.580996
Epoch 001 | Step 11700 | lr=5.000000e-04 | loss=0.813681 | k_vals=[1, 10, 1, 20, 20]
Epoch 001 | Batch 11710 | val_kld=0.741601 | val_ordacc@10=0.164801 | val_recall@10=0.578309
Epoch 001 | Batch 11720 | val_kld=0.748222 | val_ordacc@10=0.162180 | val_recall@10=0.577806
Epoch 001 | Batch 11730 | val_kld=0.743765 | val_ordacc@10=0.163415 | val_recall@10=0.576984
Epoch 001 | Step 11730 | lr=5.000000e-04 | loss=0.833723 | k_vals=[20, 10, 1, 1, 100]
Epoch 001 | Batch 11740 | val_kld=0.741973 | val_ordacc@10=0.164666 | val_recall@10=0.579747
Epoch 001 | Batch 11750 | val_kld=0.755831 | val_ordacc@10=0.158784 | val_recall@10=0.583208
Epoch 001 | Batch 11760 | val_kld=0.747221 | val_ordacc@10=0.162785 | val_recall@10=0.579996
Epoch 001 | Step 11760 | lr=5.000000e-04 | loss=0.848622 | k_vals=[100, 20, 1, 20, 20]
Epoch 001 | Batch 11770 | val_kld=0.741387 | val_ordacc@10=0.164771 | val_recall@10=0.578003
Epoch 001 | Batch 11780 | val_kld=0.746128 | val_ordacc@10=0.163706 | val_recall@10=0.579139
Epoch 001 | Batch 11790 | val_kld=0.749580 | val_ordacc@10=0.160532 | val_recall@10=0.576158
Epoch 001 | Step 11790 | lr=5.000000e-04 | loss=0.751916 | k_vals=[20, 50, 1, 10, 100]
Epoch 001 | Batch 11800 | val_kld=0.751271 | val_ordacc@10=0.161518 | val_recall@10=0.578701
Epoch 001 | Batch 11810 | val_kld=0.746415 | val_ordacc@10=0.163548 | val_recall@10=0.578940
Epoch 001 | Batch 11820 | val_kld=0.743022 | val_ordacc@10=0.164938 | val_recall@10=0.577918
Epoch 001 | Step 11820 | lr=5.000000e-04 | loss=0.703611 | k_vals=[1, 100, 50, 1, 20]
Epoch 001 | Batch 11830 | val_kld=0.743723 | val_ordacc@10=0.164667 | val_recall@10=0.577529
Epoch 001 | Batch 11840 | val_kld=0.755894 | val_ordacc@10=0.160356 | val_recall@10=0.575842
Epoch 001 | Batch 11850 | val_kld=0.755397 | val_ordacc@10=0.159320 | val_recall@10=0.576058
Epoch 001 | Step 11850 | lr=5.000000e-04 | loss=0.914104 | k_vals=[100, 100, 1, 100, 100]
Epoch 001 | Batch 11860 | val_kld=0.747426 | val_ordacc@10=0.162817 | val_recall@10=0.580406
Epoch 001 | Batch 11870 | val_kld=0.750400 | val_ordacc@10=0.162885 | val_recall@10=0.577408
Epoch 001 | Batch 11880 | val_kld=0.744041 | val_ordacc@10=0.162882 | val_recall@10=0.577477
Epoch 001 | Step 11880 | lr=5.000000e-04 | loss=0.680156 | k_vals=[100, 1, 10, 10, 10]
Epoch 001 | Batch 11890 | val_kld=0.746424 | val_ordacc@10=0.162717 | val_recall@10=0.576305
Epoch 001 | Batch 11900 | val_kld=0.744155 | val_ordacc@10=0.163643 | val_recall@10=0.573864
Epoch 001 | Batch 11910 | val_kld=0.746970 | val_ordacc@10=0.163670 | val_recall@10=0.583758
Epoch 001 | Step 11910 | lr=5.000000e-04 | loss=0.767727 | k_vals=[10, 1, 20, 10, 50]
Epoch 001 | Batch 11920 | val_kld=0.744937 | val_ordacc@10=0.163806 | val_recall@10=0.583154
Epoch 001 | Batch 11930 | val_kld=0.748509 | val_ordacc@10=0.163711 | val_recall@10=0.580903
Epoch 001 | Batch 11940 | val_kld=0.747334 | val_ordacc@10=0.163186 | val_recall@10=0.576768
Epoch 001 | Step 11940 | lr=5.000000e-04 | loss=0.874921 | k_vals=[50, 1, 1, 1, 1]
Epoch 001 | Batch 11950 | val_kld=0.741017 | val_ordacc@10=0.165430 | val_recall@10=0.578204
Epoch 001 | Batch 11960 | val_kld=0.753927 | val_ordacc@10=0.163018 | val_recall@10=0.581741
Epoch 001 | Batch 11970 | val_kld=0.743198 | val_ordacc@10=0.162809 | val_recall@10=0.573575
Epoch 001 | Step 11970 | lr=5.000000e-04 | loss=0.840996 | k_vals=[10, 10, 1, 10, 1]
Epoch 001 | Batch 11980 | val_kld=0.746167 | val_ordacc@10=0.163860 | val_recall@10=0.576494
Epoch 001 | Batch 11990 | val_kld=0.751430 | val_ordacc@10=0.160772 | val_recall@10=0.583343
Epoch 001 | Batch 12000 | val_kld=0.742020 | val_ordacc@10=0.163012 | val_recall@10=0.579771
Epoch 001 | Step 12000 | lr=5.000000e-04 | loss=0.753948 | k_vals=[20, 20, 50, 1, 10]
Epoch 001 | Batch 12010 | val_kld=0.744079 | val_ordacc@10=0.164553 | val_recall@10=0.581891
Epoch 001 | Batch 12020 | val_kld=0.743258 | val_ordacc@10=0.164882 | val_recall@10=0.581360
Epoch 001 | Batch 12030 | val_kld=0.735859 | val_ordacc@10=0.166527 | val_recall@10=0.580412
Epoch 001 | Step 12030 | lr=5.000000e-04 | loss=0.817906 | k_vals=[1, 50, 50, 100, 10]
Epoch 001 | Batch 12040 | val_kld=0.743864 | val_ordacc@10=0.165568 | val_recall@10=0.580086
Epoch 001 | Batch 12050 | val_kld=0.744534 | val_ordacc@10=0.164104 | val_recall@10=0.582587
Epoch 001 | Batch 12060 | val_kld=0.746949 | val_ordacc@10=0.162792 | val_recall@10=0.581386
Epoch 001 | Step 12060 | lr=5.000000e-04 | loss=0.787981 | k_vals=[20, 10, 20, 100, 50]
Epoch 001 | Batch 12070 | val_kld=0.742489 | val_ordacc@10=0.163052 | val_recall@10=0.579728
Epoch 001 | Batch 12080 | val_kld=0.747570 | val_ordacc@10=0.163896 | val_recall@10=0.577983
Epoch 001 | Batch 12090 | val_kld=0.745175 | val_ordacc@10=0.163319 | val_recall@10=0.573974
Epoch 001 | Step 12090 | lr=5.000000e-04 | loss=0.837175 | k_vals=[1, 100, 10, 10, 10]
Epoch 001 | Batch 12100 | val_kld=0.747142 | val_ordacc@10=0.164420 | val_recall@10=0.576216
Epoch 001 | Batch 12110 | val_kld=0.742868 | val_ordacc@10=0.164525 | val_recall@10=0.582655
Epoch 001 | Batch 12120 | val_kld=0.742838 | val_ordacc@10=0.164276 | val_recall@10=0.585468
Epoch 001 | Step 12120 | lr=5.000000e-04 | loss=0.704064 | k_vals=[50, 20, 100, 20, 100]
Epoch 001 | Batch 12130 | val_kld=0.744381 | val_ordacc@10=0.165770 | val_recall@10=0.580512
Epoch 001 | Batch 12140 | val_kld=0.743845 | val_ordacc@10=0.165070 | val_recall@10=0.582484
Epoch 001 | Batch 12150 | val_kld=0.739129 | val_ordacc@10=0.165796 | val_recall@10=0.579218
Epoch 001 | Step 12150 | lr=5.000000e-04 | loss=0.726560 | k_vals=[10, 100, 1, 50, 50]
Epoch 001 | Batch 12160 | val_kld=0.741319 | val_ordacc@10=0.164475 | val_recall@10=0.579361
Epoch 001 | Batch 12170 | val_kld=0.745155 | val_ordacc@10=0.164624 | val_recall@10=0.583601
Epoch 001 | Batch 12180 | val_kld=0.743280 | val_ordacc@10=0.164214 | val_recall@10=0.578769
Epoch 001 | Step 12180 | lr=5.000000e-04 | loss=0.921028 | k_vals=[100, 100, 100, 1, 10]
Epoch 001 | Batch 12190 | val_kld=0.745455 | val_ordacc@10=0.164442 | val_recall@10=0.576592
Epoch 001 | Batch 12200 | val_kld=0.751213 | val_ordacc@10=0.161208 | val_recall@10=0.576413
Epoch 001 | Batch 12210 | val_kld=0.744320 | val_ordacc@10=0.164490 | val_recall@10=0.579486
Epoch 001 | Step 12210 | lr=5.000000e-04 | loss=0.750674 | k_vals=[10, 50, 10, 20, 100]
Epoch 001 | Batch 12220 | val_kld=0.737757 | val_ordacc@10=0.166466 | val_recall@10=0.583597
Epoch 001 | Batch 12230 | val_kld=0.741486 | val_ordacc@10=0.163655 | val_recall@10=0.578244
Epoch 001 | Batch 12240 | val_kld=0.739710 | val_ordacc@10=0.164521 | val_recall@10=0.578321
Epoch 001 | Step 12240 | lr=5.000000e-04 | loss=0.707683 | k_vals=[20, 1, 10, 10, 10]
Epoch 001 | Batch 12250 | val_kld=0.741361 | val_ordacc@10=0.164424 | val_recall@10=0.579538
Epoch 001 | Batch 12260 | val_kld=0.740827 | val_ordacc@10=0.165319 | val_recall@10=0.580628
Epoch 001 | Batch 12270 | val_kld=0.744940 | val_ordacc@10=0.164516 | val_recall@10=0.580642
Epoch 001 | Step 12270 | lr=5.000000e-04 | loss=0.900979 | k_vals=[50, 1, 1, 1, 100]
Epoch 001 | Batch 12280 | val_kld=0.743829 | val_ordacc@10=0.164698 | val_recall@10=0.578746
Epoch 001 | Batch 12290 | val_kld=0.741496 | val_ordacc@10=0.164737 | val_recall@10=0.577844
Epoch 001 | Batch 12300 | val_kld=0.750164 | val_ordacc@10=0.162816 | val_recall@10=0.578398
Epoch 001 | Step 12300 | lr=5.000000e-04 | loss=0.872405 | k_vals=[100, 1, 50, 50, 100]
Epoch 001 | Batch 12310 | val_kld=0.747882 | val_ordacc@10=0.161886 | val_recall@10=0.578763
Epoch 001 | Batch 12320 | val_kld=0.742845 | val_ordacc@10=0.164813 | val_recall@10=0.579280
Epoch 001 | Batch 12330 | val_kld=0.747443 | val_ordacc@10=0.162773 | val_recall@10=0.579396
Epoch 001 | Step 12330 | lr=5.000000e-04 | loss=0.787644 | k_vals=[20, 100, 1, 100, 20]
Epoch 001 | Batch 12340 | val_kld=0.744803 | val_ordacc@10=0.164219 | val_recall@10=0.582173
Epoch 001 | Batch 12350 | val_kld=0.745691 | val_ordacc@10=0.161936 | val_recall@10=0.576045
Epoch 001 | Batch 12360 | val_kld=0.745525 | val_ordacc@10=0.163605 | val_recall@10=0.576514
Epoch 001 | Step 12360 | lr=5.000000e-04 | loss=0.624103 | k_vals=[20, 20, 50, 50, 1]
Epoch 001 | Batch 12370 | val_kld=0.745244 | val_ordacc@10=0.164000 | val_recall@10=0.582114
Epoch 001 | Batch 12380 | val_kld=0.746705 | val_ordacc@10=0.162019 | val_recall@10=0.578898
Epoch 001 | Batch 12390 | val_kld=0.752444 | val_ordacc@10=0.161882 | val_recall@10=0.577074
Epoch 001 | Step 12390 | lr=5.000000e-04 | loss=0.707129 | k_vals=[100, 10, 20, 100, 50]
Epoch 001 | Batch 12400 | val_kld=0.753064 | val_ordacc@10=0.161908 | val_recall@10=0.581640
Epoch 001 | Batch 12410 | val_kld=0.755867 | val_ordacc@10=0.162285 | val_recall@10=0.580193
Epoch 001 | Batch 12420 | val_kld=0.742987 | val_ordacc@10=0.163723 | val_recall@10=0.577898
Epoch 001 | Step 12420 | lr=5.000000e-04 | loss=0.718356 | k_vals=[100, 100, 20, 1, 100]
Epoch 001 | Batch 12430 | val_kld=0.747293 | val_ordacc@10=0.162172 | val_recall@10=0.577161
Epoch 001 | Batch 12440 | val_kld=0.751760 | val_ordacc@10=0.161529 | val_recall@10=0.581064
Epoch 001 | Batch 12450 | val_kld=0.739646 | val_ordacc@10=0.165472 | val_recall@10=0.582734
Epoch 001 | Step 12450 | lr=5.000000e-04 | loss=0.805718 | k_vals=[100, 1, 10, 100, 100]
Epoch 001 | Batch 12460 | val_kld=0.747112 | val_ordacc@10=0.162221 | val_recall@10=0.579160
Epoch 001 | Batch 12470 | val_kld=0.750004 | val_ordacc@10=0.161866 | val_recall@10=0.576850
Epoch 001 | Batch 12480 | val_kld=0.747657 | val_ordacc@10=0.163543 | val_recall@10=0.585145
Epoch 001 | Step 12480 | lr=5.000000e-04 | loss=0.624781 | k_vals=[100, 50, 20, 10, 20]
Epoch 001 | Batch 12490 | val_kld=0.741439 | val_ordacc@10=0.164697 | val_recall@10=0.580078
Epoch 001 | Batch 12500 | val_kld=0.743719 | val_ordacc@10=0.164370 | val_recall@10=0.582468
Epoch 001 | Batch 12510 | val_kld=0.746583 | val_ordacc@10=0.163633 | val_recall@10=0.581170
Epoch 001 | Step 12510 | lr=5.000000e-04 | loss=0.775027 | k_vals=[20, 50, 10, 50, 20]
Epoch 001 | Batch 12520 | val_kld=0.746110 | val_ordacc@10=0.164589 | val_recall@10=0.582162
Epoch 001 | Batch 12530 | val_kld=0.742525 | val_ordacc@10=0.165404 | val_recall@10=0.583922
Epoch 001 | Batch 12540 | val_kld=0.751572 | val_ordacc@10=0.162301 | val_recall@10=0.576488
Epoch 001 | Step 12540 | lr=5.000000e-04 | loss=0.690664 | k_vals=[10, 100, 1, 20, 20]
Epoch 001 | Batch 12550 | val_kld=0.744138 | val_ordacc@10=0.164546 | val_recall@10=0.580760
Epoch 001 | Batch 12560 | val_kld=0.747247 | val_ordacc@10=0.163671 | val_recall@10=0.580009
Epoch 001 | Batch 12570 | val_kld=0.751060 | val_ordacc@10=0.162726 | val_recall@10=0.581792
Epoch 001 | Step 12570 | lr=5.000000e-04 | loss=0.799342 | k_vals=[10, 50, 10, 50, 100]
Epoch 001 | Batch 12580 | val_kld=0.737507 | val_ordacc@10=0.165520 | val_recall@10=0.579049
Epoch 001 | Batch 12590 | val_kld=0.739283 | val_ordacc@10=0.164827 | val_recall@10=0.580040
Epoch 001 | Batch 12600 | val_kld=0.741943 | val_ordacc@10=0.164696 | val_recall@10=0.580565
Epoch 001 | Step 12600 | lr=5.000000e-04 | loss=0.873265 | k_vals=[50, 1, 50, 1, 10]
Epoch 001 | Batch 12610 | val_kld=0.747113 | val_ordacc@10=0.163512 | val_recall@10=0.578223
Epoch 001 | Batch 12620 | val_kld=0.746535 | val_ordacc@10=0.161844 | val_recall@10=0.577266
Epoch 001 | Batch 12630 | val_kld=0.738499 | val_ordacc@10=0.165805 | val_recall@10=0.580505
Epoch 001 | Step 12630 | lr=5.000000e-04 | loss=0.707291 | k_vals=[50, 10, 100, 100, 100]
Epoch 001 | Batch 12640 | val_kld=0.745161 | val_ordacc@10=0.163188 | val_recall@10=0.579710
Epoch 001 | Batch 12650 | val_kld=0.737637 | val_ordacc@10=0.165834 | val_recall@10=0.583270
Epoch 001 | Batch 12660 | val_kld=0.739165 | val_ordacc@10=0.165610 | val_recall@10=0.579868
Epoch 001 | Step 12660 | lr=5.000000e-04 | loss=0.721065 | k_vals=[100, 50, 50, 1, 100]
Epoch 001 | Batch 12670 | val_kld=0.746533 | val_ordacc@10=0.162138 | val_recall@10=0.579781
Epoch 001 | Batch 12680 | val_kld=0.739400 | val_ordacc@10=0.165862 | val_recall@10=0.575788
Epoch 001 | Batch 12690 | val_kld=0.745402 | val_ordacc@10=0.163513 | val_recall@10=0.574124
Epoch 001 | Step 12690 | lr=5.000000e-04 | loss=0.751105 | k_vals=[20, 1, 50, 50, 50]
Epoch 001 | Batch 12700 | val_kld=0.739470 | val_ordacc@10=0.163952 | val_recall@10=0.576003
Epoch 001 | Batch 12710 | val_kld=0.744299 | val_ordacc@10=0.164975 | val_recall@10=0.583340
Epoch 001 | Batch 12720 | val_kld=0.737749 | val_ordacc@10=0.164390 | val_recall@10=0.580208
Epoch 001 | Step 12720 | lr=5.000000e-04 | loss=0.745245 | k_vals=[1, 100, 100, 50, 10]
Epoch 001 | Batch 12730 | val_kld=0.740439 | val_ordacc@10=0.164420 | val_recall@10=0.577749
Epoch 001 | Batch 12740 | val_kld=0.737208 | val_ordacc@10=0.165634 | val_recall@10=0.581434
Epoch 001 | Batch 12750 | val_kld=0.743567 | val_ordacc@10=0.164415 | val_recall@10=0.580799
Epoch 001 | Step 12750 | lr=5.000000e-04 | loss=0.775319 | k_vals=[1, 50, 10, 1, 50]
Epoch 001 | Batch 12760 | val_kld=0.742351 | val_ordacc@10=0.164198 | val_recall@10=0.582118
Epoch 001 | Batch 12770 | val_kld=0.743973 | val_ordacc@10=0.163479 | val_recall@10=0.583404
Epoch 001 | Batch 12780 | val_kld=0.742618 | val_ordacc@10=0.164365 | val_recall@10=0.581010
Epoch 001 | Step 12780 | lr=5.000000e-04 | loss=0.786449 | k_vals=[100, 20, 50, 20, 50]
Epoch 001 | Batch 12790 | val_kld=0.737530 | val_ordacc@10=0.165917 | val_recall@10=0.581612
Epoch 001 | Batch 12800 | val_kld=0.747611 | val_ordacc@10=0.164160 | val_recall@10=0.580646
Epoch 001 | Batch 12810 | val_kld=0.743410 | val_ordacc@10=0.162590 | val_recall@10=0.574703
Epoch 001 | Step 12810 | lr=5.000000e-04 | loss=0.825183 | k_vals=[20, 100, 100, 100, 10]
Epoch 001 | Batch 12820 | val_kld=0.734359 | val_ordacc@10=0.167179 | val_recall@10=0.581399
Epoch 001 | Batch 12830 | val_kld=0.733959 | val_ordacc@10=0.167628 | val_recall@10=0.582068
Epoch 001 | Batch 12840 | val_kld=0.744939 | val_ordacc@10=0.163906 | val_recall@10=0.577562
Epoch 001 | Step 12840 | lr=5.000000e-04 | loss=0.694129 | k_vals=[50, 10, 1, 20, 10]
Epoch 001 | Batch 12850 | val_kld=0.747671 | val_ordacc@10=0.162072 | val_recall@10=0.578938
Epoch 001 | Batch 12860 | val_kld=0.749171 | val_ordacc@10=0.163012 | val_recall@10=0.578003
Epoch 001 | Batch 12870 | val_kld=0.747307 | val_ordacc@10=0.161002 | val_recall@10=0.575227
Epoch 001 | Step 12870 | lr=5.000000e-04 | loss=0.726579 | k_vals=[50, 1, 100, 20, 10]
Epoch 001 | Batch 12880 | val_kld=0.743906 | val_ordacc@10=0.163574 | val_recall@10=0.577829
Epoch 001 | Batch 12890 | val_kld=0.743319 | val_ordacc@10=0.163942 | val_recall@10=0.581652
Epoch 001 | Batch 12900 | val_kld=0.736988 | val_ordacc@10=0.165643 | val_recall@10=0.580104
Epoch 001 | Step 12900 | lr=5.000000e-04 | loss=0.939088 | k_vals=[20, 100, 1, 20, 1]
Epoch 001 | Batch 12910 | val_kld=0.740312 | val_ordacc@10=0.165660 | val_recall@10=0.580261
Epoch 001 | Batch 12920 | val_kld=0.736005 | val_ordacc@10=0.166381 | val_recall@10=0.582324
Epoch 001 | Batch 12930 | val_kld=0.737518 | val_ordacc@10=0.167203 | val_recall@10=0.580842
Epoch 001 | Step 12930 | lr=5.000000e-04 | loss=0.857151 | k_vals=[1, 1, 1, 100, 1]
Epoch 001 | Batch 12940 | val_kld=0.742121 | val_ordacc@10=0.166088 | val_recall@10=0.581674
Epoch 001 | Batch 12950 | val_kld=0.752654 | val_ordacc@10=0.160427 | val_recall@10=0.579404
Epoch 001 | Batch 12960 | val_kld=0.751121 | val_ordacc@10=0.161864 | val_recall@10=0.576826
Epoch 001 | Step 12960 | lr=5.000000e-04 | loss=0.824156 | k_vals=[20, 50, 100, 20, 10]
Epoch 001 | Batch 12970 | val_kld=0.743297 | val_ordacc@10=0.164289 | val_recall@10=0.579208
Epoch 001 | Batch 12980 | val_kld=0.736664 | val_ordacc@10=0.166442 | val_recall@10=0.582283
Epoch 001 | Batch 12990 | val_kld=0.745019 | val_ordacc@10=0.163381 | val_recall@10=0.575756
Epoch 001 | Step 12990 | lr=5.000000e-04 | loss=0.652911 | k_vals=[20, 100, 100, 100, 1]
Epoch 001 | Batch 13000 | val_kld=0.742299 | val_ordacc@10=0.163746 | val_recall@10=0.573411
Epoch 001 | Batch 13010 | val_kld=0.742083 | val_ordacc@10=0.163374 | val_recall@10=0.575284
Epoch 001 | Batch 13020 | val_kld=0.739922 | val_ordacc@10=0.164664 | val_recall@10=0.581194
Epoch 001 | Step 13020 | lr=5.000000e-04 | loss=0.821767 | k_vals=[10, 100, 10, 1, 100]
Epoch 001 | Batch 13030 | val_kld=0.747855 | val_ordacc@10=0.160565 | val_recall@10=0.583982
Epoch 001 | Batch 13040 | val_kld=0.740147 | val_ordacc@10=0.165341 | val_recall@10=0.577982
Epoch 001 | Batch 13050 | val_kld=0.748018 | val_ordacc@10=0.161598 | val_recall@10=0.577042
Epoch 001 | Step 13050 | lr=5.000000e-04 | loss=0.922415 | k_vals=[10, 10, 50, 50, 100]
Epoch 001 | Batch 13060 | val_kld=0.741611 | val_ordacc@10=0.165136 | val_recall@10=0.577391
Epoch 001 | Batch 13070 | val_kld=0.742123 | val_ordacc@10=0.163540 | val_recall@10=0.580434
Epoch 001 | Batch 13080 | val_kld=0.749051 | val_ordacc@10=0.162073 | val_recall@10=0.580746
Epoch 001 | Step 13080 | lr=5.000000e-04 | loss=0.675593 | k_vals=[50, 1, 10, 10, 20]
Epoch 001 | Batch 13090 | val_kld=0.742246 | val_ordacc@10=0.163496 | val_recall@10=0.582417
Epoch 001 | Batch 13100 | val_kld=0.739818 | val_ordacc@10=0.165078 | val_recall@10=0.582227
Epoch 001 | Batch 13110 | val_kld=0.746530 | val_ordacc@10=0.163164 | val_recall@10=0.578188
Epoch 001 | Step 13110 | lr=5.000000e-04 | loss=0.663285 | k_vals=[1, 50, 100, 20, 1]
Epoch 001 | Batch 13120 | val_kld=0.742575 | val_ordacc@10=0.163906 | val_recall@10=0.580125
Epoch 001 | Batch 13130 | val_kld=0.741925 | val_ordacc@10=0.164788 | val_recall@10=0.581297
Epoch 001 | Batch 13140 | val_kld=0.738326 | val_ordacc@10=0.165046 | val_recall@10=0.580810
Epoch 001 | Step 13140 | lr=5.000000e-04 | loss=0.564565 | k_vals=[10, 10, 100, 20, 50]
Epoch 001 | Batch 13150 | val_kld=0.740909 | val_ordacc@10=0.164395 | val_recall@10=0.579590
Epoch 001 | Batch 13160 | val_kld=0.732740 | val_ordacc@10=0.168144 | val_recall@10=0.581079
Epoch 001 | Batch 13170 | val_kld=0.738382 | val_ordacc@10=0.163857 | val_recall@10=0.579711
Epoch 001 | Step 13170 | lr=5.000000e-04 | loss=0.681106 | k_vals=[10, 20, 20, 50, 10]
Epoch 001 | Batch 13180 | val_kld=0.738756 | val_ordacc@10=0.164129 | val_recall@10=0.579189
Epoch 001 | Batch 13190 | val_kld=0.741665 | val_ordacc@10=0.165490 | val_recall@10=0.581022
Epoch 001 | Batch 13200 | val_kld=0.746193 | val_ordacc@10=0.161673 | val_recall@10=0.573998
Epoch 001 | Step 13200 | lr=5.000000e-04 | loss=0.725004 | k_vals=[20, 10, 1, 50, 100]
Epoch 001 | Batch 13210 | val_kld=0.738833 | val_ordacc@10=0.164857 | val_recall@10=0.577312
Epoch 001 | Batch 13220 | val_kld=0.744673 | val_ordacc@10=0.163237 | val_recall@10=0.583495
Epoch 001 | Batch 13230 | val_kld=0.739744 | val_ordacc@10=0.164224 | val_recall@10=0.579605
Epoch 001 | Step 13230 | lr=5.000000e-04 | loss=0.881081 | k_vals=[20, 50, 1, 20, 50]
Epoch 001 | Batch 13240 | val_kld=0.740914 | val_ordacc@10=0.164180 | val_recall@10=0.577012
Epoch 001 | Batch 13250 | val_kld=0.747369 | val_ordacc@10=0.163010 | val_recall@10=0.577232
Epoch 001 | Batch 13260 | val_kld=0.746938 | val_ordacc@10=0.162871 | val_recall@10=0.579891
Epoch 001 | Step 13260 | lr=5.000000e-04 | loss=0.786660 | k_vals=[1, 50, 10, 10, 10]
Epoch 001 | Batch 13270 | val_kld=0.742311 | val_ordacc@10=0.164083 | val_recall@10=0.577950
Epoch 001 | Batch 13280 | val_kld=0.745867 | val_ordacc@10=0.164479 | val_recall@10=0.578151
Epoch 001 | Batch 13290 | val_kld=0.749511 | val_ordacc@10=0.161557 | val_recall@10=0.580831
Epoch 001 | Step 13290 | lr=5.000000e-04 | loss=0.741910 | k_vals=[10, 100, 50, 50, 20]
Epoch 001 | Batch 13300 | val_kld=0.751685 | val_ordacc@10=0.161170 | val_recall@10=0.578663
Epoch 001 | Batch 13310 | val_kld=0.741869 | val_ordacc@10=0.164204 | val_recall@10=0.582642
Epoch 001 | Batch 13320 | val_kld=0.741117 | val_ordacc@10=0.164274 | val_recall@10=0.577138
Epoch 001 | Step 13320 | lr=5.000000e-04 | loss=0.803029 | k_vals=[1, 50, 50, 20, 100]
Epoch 001 | Batch 13330 | val_kld=0.746572 | val_ordacc@10=0.163269 | val_recall@10=0.579212
Epoch 001 | Batch 13340 | val_kld=0.741071 | val_ordacc@10=0.164186 | val_recall@10=0.578149
Epoch 001 | Batch 13350 | val_kld=0.740605 | val_ordacc@10=0.163823 | val_recall@10=0.581886
Epoch 001 | Step 13350 | lr=5.000000e-04 | loss=0.866479 | k_vals=[100, 1, 50, 50, 20]
Epoch 001 | Batch 13360 | val_kld=0.743082 | val_ordacc@10=0.164320 | val_recall@10=0.578252
Epoch 001 | Batch 13370 | val_kld=0.738183 | val_ordacc@10=0.165464 | val_recall@10=0.577879
Epoch 001 | Batch 13380 | val_kld=0.746813 | val_ordacc@10=0.162731 | val_recall@10=0.581188
Epoch 001 | Step 13380 | lr=5.000000e-04 | loss=0.803211 | k_vals=[10, 100, 100, 1, 50]
Epoch 001 | Batch 13390 | val_kld=0.749584 | val_ordacc@10=0.160685 | val_recall@10=0.574077
Epoch 001 | Batch 13400 | val_kld=0.743786 | val_ordacc@10=0.163614 | val_recall@10=0.580595
Epoch 001 | Batch 13410 | val_kld=0.742398 | val_ordacc@10=0.163343 | val_recall@10=0.581037
Epoch 001 | Step 13410 | lr=5.000000e-04 | loss=0.725134 | k_vals=[50, 20, 20, 10, 20]
Epoch 001 | Batch 13420 | val_kld=0.749907 | val_ordacc@10=0.162618 | val_recall@10=0.581372
Epoch 001 | Batch 13430 | val_kld=0.742885 | val_ordacc@10=0.163883 | val_recall@10=0.579592
Epoch 001 | Batch 13440 | val_kld=0.741557 | val_ordacc@10=0.165274 | val_recall@10=0.579738
Epoch 001 | Step 13440 | lr=5.000000e-04 | loss=0.772419 | k_vals=[1, 50, 20, 100, 50]
Epoch 001 | Batch 13450 | val_kld=0.746733 | val_ordacc@10=0.163748 | val_recall@10=0.579456
Epoch 001 | Batch 13460 | val_kld=0.750967 | val_ordacc@10=0.162071 | val_recall@10=0.578572
Epoch 001 | Batch 13470 | val_kld=0.743664 | val_ordacc@10=0.163216 | val_recall@10=0.576356
Epoch 001 | Step 13470 | lr=5.000000e-04 | loss=0.784983 | k_vals=[1, 20, 50, 1, 50]
Epoch 001 | Batch 13480 | val_kld=0.740425 | val_ordacc@10=0.164859 | val_recall@10=0.581928
Epoch 001 | Batch 13490 | val_kld=0.736613 | val_ordacc@10=0.165946 | val_recall@10=0.580584
Epoch 001 | Batch 13500 | val_kld=0.743501 | val_ordacc@10=0.163381 | val_recall@10=0.576671
Epoch 001 | Step 13500 | lr=5.000000e-04 | loss=0.776379 | k_vals=[100, 10, 20, 1, 50]
Epoch 001 | Batch 13510 | val_kld=0.743096 | val_ordacc@10=0.162954 | val_recall@10=0.576471
Epoch 001 | Batch 13520 | val_kld=0.739446 | val_ordacc@10=0.165119 | val_recall@10=0.579072
Epoch 001 | Batch 13530 | val_kld=0.748896 | val_ordacc@10=0.161518 | val_recall@10=0.572232
Epoch 001 | Step 13530 | lr=5.000000e-04 | loss=0.673595 | k_vals=[100, 50, 10, 20, 1]
Epoch 001 | Batch 13540 | val_kld=0.737684 | val_ordacc@10=0.165067 | val_recall@10=0.583642
Epoch 001 | Batch 13550 | val_kld=0.741735 | val_ordacc@10=0.164392 | val_recall@10=0.578518
Epoch 001 | Batch 13560 | val_kld=0.737174 | val_ordacc@10=0.165472 | val_recall@10=0.579943
Epoch 001 | Step 13560 | lr=5.000000e-04 | loss=0.894391 | k_vals=[1, 10, 1, 100, 1]
Epoch 001 | Batch 13570 | val_kld=0.750155 | val_ordacc@10=0.160172 | val_recall@10=0.585808
Epoch 001 | Batch 13580 | val_kld=0.751370 | val_ordacc@10=0.159548 | val_recall@10=0.570886
Epoch 001 | Batch 13590 | val_kld=0.736852 | val_ordacc@10=0.166382 | val_recall@10=0.581308
Epoch 001 | Step 13590 | lr=5.000000e-04 | loss=0.711160 | k_vals=[100, 20, 50, 100, 100]
Epoch 001 | Batch 13600 | val_kld=0.738526 | val_ordacc@10=0.165920 | val_recall@10=0.585582
Epoch 001 | Batch 13610 | val_kld=0.739625 | val_ordacc@10=0.164747 | val_recall@10=0.581587
Epoch 001 | Batch 13620 | val_kld=0.749013 | val_ordacc@10=0.163028 | val_recall@10=0.579788
Epoch 001 | Step 13620 | lr=5.000000e-04 | loss=0.720985 | k_vals=[100, 100, 20, 1, 50]
Epoch 001 | Batch 13630 | val_kld=0.742557 | val_ordacc@10=0.163928 | val_recall@10=0.575301
Epoch 001 | Batch 13640 | val_kld=0.749786 | val_ordacc@10=0.161634 | val_recall@10=0.577039
Epoch 001 | Batch 13650 | val_kld=0.748157 | val_ordacc@10=0.161626 | val_recall@10=0.579454
Epoch 001 | Step 13650 | lr=5.000000e-04 | loss=0.961501 | k_vals=[1, 1, 20, 50, 1]
Epoch 001 | Batch 13660 | val_kld=0.745941 | val_ordacc@10=0.163231 | val_recall@10=0.580106
Epoch 001 | Batch 13670 | val_kld=0.748782 | val_ordacc@10=0.161448 | val_recall@10=0.578126
Epoch 001 | Batch 13680 | val_kld=0.740424 | val_ordacc@10=0.164524 | val_recall@10=0.578900
Epoch 001 | Step 13680 | lr=5.000000e-04 | loss=0.640800 | k_vals=[50, 50, 1, 20, 50]
Epoch 001 | Batch 13690 | val_kld=0.736531 | val_ordacc@10=0.164872 | val_recall@10=0.580432
Epoch 001 | Batch 13700 | val_kld=0.738655 | val_ordacc@10=0.167075 | val_recall@10=0.581268
Epoch 001 | Batch 13710 | val_kld=0.738892 | val_ordacc@10=0.166534 | val_recall@10=0.583580
Epoch 001 | Step 13710 | lr=5.000000e-04 | loss=0.637788 | k_vals=[1, 10, 50, 1, 50]
Epoch 001 | Batch 13720 | val_kld=0.746896 | val_ordacc@10=0.162752 | val_recall@10=0.580232
Epoch 001 | Batch 13730 | val_kld=0.741274 | val_ordacc@10=0.163092 | val_recall@10=0.576533
Epoch 001 | Batch 13740 | val_kld=0.742702 | val_ordacc@10=0.164493 | val_recall@10=0.576800
Epoch 001 | Step 13740 | lr=5.000000e-04 | loss=0.749529 | k_vals=[20, 100, 50, 20, 1]
Epoch 001 | Batch 13750 | val_kld=0.742551 | val_ordacc@10=0.165514 | val_recall@10=0.583440
Epoch 001 | Batch 13760 | val_kld=0.744130 | val_ordacc@10=0.164876 | val_recall@10=0.580185
Epoch 001 | Batch 13770 | val_kld=0.746017 | val_ordacc@10=0.162178 | val_recall@10=0.584125
Epoch 001 | Step 13770 | lr=5.000000e-04 | loss=0.696066 | k_vals=[100, 50, 1, 1, 10]
Epoch 001 | Batch 13780 | val_kld=0.741253 | val_ordacc@10=0.164239 | val_recall@10=0.579900
Epoch 001 | Batch 13790 | val_kld=0.741716 | val_ordacc@10=0.164039 | val_recall@10=0.577658
Epoch 001 | Batch 13800 | val_kld=0.737867 | val_ordacc@10=0.165755 | val_recall@10=0.583311
Epoch 001 | Step 13800 | lr=5.000000e-04 | loss=0.770457 | k_vals=[1, 100, 1, 10, 1]
Epoch 001 | Batch 13810 | val_kld=0.736565 | val_ordacc@10=0.165883 | val_recall@10=0.580820
Epoch 001 | Batch 13820 | val_kld=0.737875 | val_ordacc@10=0.165975 | val_recall@10=0.579927
Epoch 001 | Batch 13830 | val_kld=0.734028 | val_ordacc@10=0.166332 | val_recall@10=0.583264
Epoch 001 | Step 13830 | lr=5.000000e-04 | loss=0.892805 | k_vals=[20, 20, 20, 100, 10]
Epoch 001 | Batch 13840 | val_kld=0.737518 | val_ordacc@10=0.164636 | val_recall@10=0.583348
Epoch 001 | Batch 13850 | val_kld=0.740729 | val_ordacc@10=0.163941 | val_recall@10=0.581506
Epoch 001 | Batch 13860 | val_kld=0.744457 | val_ordacc@10=0.162942 | val_recall@10=0.577538
Epoch 001 | Step 13860 | lr=5.000000e-04 | loss=0.803937 | k_vals=[10, 50, 50, 50, 100]
Epoch 001 | Batch 13870 | val_kld=0.745099 | val_ordacc@10=0.164053 | val_recall@10=0.579030
Epoch 001 | Batch 13880 | val_kld=0.735548 | val_ordacc@10=0.167472 | val_recall@10=0.585302
Epoch 001 | Batch 13890 | val_kld=0.738772 | val_ordacc@10=0.165114 | val_recall@10=0.579740
Epoch 001 | Step 13890 | lr=5.000000e-04 | loss=0.856656 | k_vals=[1, 1, 1, 1, 50]
Epoch 001 | Batch 13900 | val_kld=0.740283 | val_ordacc@10=0.164873 | val_recall@10=0.582223
Epoch 001 | Batch 13910 | val_kld=0.738027 | val_ordacc@10=0.165133 | val_recall@10=0.576803
Epoch 001 | Batch 13920 | val_kld=0.739846 | val_ordacc@10=0.164850 | val_recall@10=0.576620
Epoch 001 | Step 13920 | lr=5.000000e-04 | loss=0.674285 | k_vals=[100, 20, 10, 50, 50]
Epoch 001 | Batch 13930 | val_kld=0.738140 | val_ordacc@10=0.165999 | val_recall@10=0.580165
Epoch 001 | Batch 13940 | val_kld=0.742080 | val_ordacc@10=0.164236 | val_recall@10=0.580412
Epoch 001 | Batch 13950 | val_kld=0.740421 | val_ordacc@10=0.165376 | val_recall@10=0.578302
Epoch 001 | Step 13950 | lr=5.000000e-04 | loss=0.594547 | k_vals=[50, 50, 50, 100, 20]
Epoch 001 | Batch 13960 | val_kld=0.747008 | val_ordacc@10=0.163444 | val_recall@10=0.578987
Epoch 001 | Batch 13970 | val_kld=0.740343 | val_ordacc@10=0.163620 | val_recall@10=0.579458
Epoch 001 | Batch 13980 | val_kld=0.737892 | val_ordacc@10=0.165223 | val_recall@10=0.578466
Epoch 001 | Step 13980 | lr=5.000000e-04 | loss=0.566254 | k_vals=[100, 100, 20, 50, 20]
Epoch 001 | Batch 13990 | val_kld=0.735504 | val_ordacc@10=0.165452 | val_recall@10=0.577941
Epoch 001 | Batch 14000 | val_kld=0.745229 | val_ordacc@10=0.162679 | val_recall@10=0.579164
Epoch 001 | Batch 14010 | val_kld=0.739099 | val_ordacc@10=0.165092 | val_recall@10=0.581520
Epoch 001 | Step 14010 | lr=5.000000e-04 | loss=0.848021 | k_vals=[50, 100, 10, 1, 1]
Epoch 001 | Batch 14020 | val_kld=0.748233 | val_ordacc@10=0.162407 | val_recall@10=0.586551
Epoch 001 | Batch 14030 | val_kld=0.737892 | val_ordacc@10=0.165068 | val_recall@10=0.578531
Epoch 001 | Batch 14040 | val_kld=0.737995 | val_ordacc@10=0.164788 | val_recall@10=0.578146
Epoch 001 | Step 14040 | lr=5.000000e-04 | loss=0.813354 | k_vals=[20, 10, 50, 1, 20]
Epoch 001 | Batch 14050 | val_kld=0.741585 | val_ordacc@10=0.164770 | val_recall@10=0.579142
Epoch 001 | Batch 14060 | val_kld=0.738115 | val_ordacc@10=0.165310 | val_recall@10=0.580760
Epoch 001 | Batch 14070 | val_kld=0.743450 | val_ordacc@10=0.164016 | val_recall@10=0.579450
Epoch 001 | Step 14070 | lr=5.000000e-04 | loss=0.730941 | k_vals=[1, 10, 1, 10, 20]
Epoch 001 | Batch 14080 | val_kld=0.742597 | val_ordacc@10=0.163810 | val_recall@10=0.579162
Epoch 001 | Batch 14090 | val_kld=0.743410 | val_ordacc@10=0.162734 | val_recall@10=0.582327
Epoch 001 | Batch 14100 | val_kld=0.736451 | val_ordacc@10=0.165648 | val_recall@10=0.581015
Epoch 001 | Step 14100 | lr=5.000000e-04 | loss=0.751414 | k_vals=[20, 20, 100, 1, 1]
Epoch 001 | Batch 14110 | val_kld=0.736698 | val_ordacc@10=0.164753 | val_recall@10=0.584111
Epoch 001 | Batch 14120 | val_kld=0.741302 | val_ordacc@10=0.164441 | val_recall@10=0.577959
Epoch 001 | Batch 14130 | val_kld=0.746476 | val_ordacc@10=0.162874 | val_recall@10=0.578861
Epoch 001 | Step 14130 | lr=5.000000e-04 | loss=0.735097 | k_vals=[10, 100, 100, 10, 100]
Epoch 001 | Batch 14140 | val_kld=0.746376 | val_ordacc@10=0.162866 | val_recall@10=0.579611
Epoch 001 | Batch 14150 | val_kld=0.737175 | val_ordacc@10=0.164543 | val_recall@10=0.581910
Epoch 001 | Batch 14160 | val_kld=0.735058 | val_ordacc@10=0.165868 | val_recall@10=0.577022
Epoch 001 | Step 14160 | lr=5.000000e-04 | loss=0.904137 | k_vals=[10, 20, 20, 1, 1]
Epoch 001 | Batch 14170 | val_kld=0.736083 | val_ordacc@10=0.166820 | val_recall@10=0.583239
Epoch 001 | Batch 14180 | val_kld=0.740955 | val_ordacc@10=0.164562 | val_recall@10=0.583874
Epoch 001 | Batch 14190 | val_kld=0.739504 | val_ordacc@10=0.165108 | val_recall@10=0.577144
Epoch 001 | Step 14190 | lr=5.000000e-04 | loss=0.833459 | k_vals=[50, 1, 10, 20, 50]
Epoch 001 | Batch 14200 | val_kld=0.738915 | val_ordacc@10=0.166094 | val_recall@10=0.579826
Epoch 001 | Batch 14210 | val_kld=0.735564 | val_ordacc@10=0.166545 | val_recall@10=0.585568
Epoch 001 | Batch 14220 | val_kld=0.737616 | val_ordacc@10=0.166032 | val_recall@10=0.580160
Epoch 001 | Step 14220 | lr=5.000000e-04 | loss=0.761493 | k_vals=[10, 100, 1, 1, 10]
Epoch 001 | Batch 14230 | val_kld=0.742392 | val_ordacc@10=0.163849 | val_recall@10=0.581450
Epoch 001 | Batch 14240 | val_kld=0.739792 | val_ordacc@10=0.164792 | val_recall@10=0.579047
Epoch 001 | Batch 14250 | val_kld=0.745905 | val_ordacc@10=0.163091 | val_recall@10=0.583474
Epoch 001 | Step 14250 | lr=5.000000e-04 | loss=0.611074 | k_vals=[10, 1, 20, 20, 10]
Epoch 001 | Batch 14260 | val_kld=0.749677 | val_ordacc@10=0.163892 | val_recall@10=0.583929
Epoch 001 | Batch 14270 | val_kld=0.734256 | val_ordacc@10=0.167383 | val_recall@10=0.581559
Epoch 001 | Batch 14280 | val_kld=0.742056 | val_ordacc@10=0.164872 | val_recall@10=0.582928
Epoch 001 | Step 14280 | lr=5.000000e-04 | loss=0.718145 | k_vals=[50, 20, 100, 50, 50]
Epoch 001 | Batch 14290 | val_kld=0.739746 | val_ordacc@10=0.165214 | val_recall@10=0.579568
Epoch 001 | Batch 14300 | val_kld=0.733755 | val_ordacc@10=0.165948 | val_recall@10=0.579482
Epoch 001 | Batch 14310 | val_kld=0.734806 | val_ordacc@10=0.166726 | val_recall@10=0.581807
Epoch 001 | Step 14310 | lr=5.000000e-04 | loss=0.794800 | k_vals=[1, 1, 1, 10, 10]
Epoch 001 | Batch 14320 | val_kld=0.737406 | val_ordacc@10=0.166586 | val_recall@10=0.581729
Epoch 001 | Batch 14330 | val_kld=0.746629 | val_ordacc@10=0.160756 | val_recall@10=0.574759
Epoch 001 | Batch 14340 | val_kld=0.747146 | val_ordacc@10=0.162941 | val_recall@10=0.578635
Epoch 001 | Step 14340 | lr=5.000000e-04 | loss=0.678621 | k_vals=[1, 50, 10, 10, 20]
Epoch 001 | Batch 14350 | val_kld=0.736782 | val_ordacc@10=0.165875 | val_recall@10=0.579491
Epoch 001 | Batch 14360 | val_kld=0.740895 | val_ordacc@10=0.164490 | val_recall@10=0.578800
Epoch 001 | Batch 14370 | val_kld=0.741177 | val_ordacc@10=0.164286 | val_recall@10=0.583263
Epoch 001 | Step 14370 | lr=5.000000e-04 | loss=0.728396 | k_vals=[1, 20, 1, 10, 10]
Epoch 001 | Batch 14380 | val_kld=0.740522 | val_ordacc@10=0.163231 | val_recall@10=0.576606
Epoch 001 | Batch 14390 | val_kld=0.735649 | val_ordacc@10=0.167517 | val_recall@10=0.581275
Epoch 001 | Batch 14400 | val_kld=0.735232 | val_ordacc@10=0.166392 | val_recall@10=0.581496
Epoch 001 | Step 14400 | lr=5.000000e-04 | loss=0.949132 | k_vals=[10, 100, 10, 100, 50]
Epoch 001 | Batch 14410 | val_kld=0.735258 | val_ordacc@10=0.165756 | val_recall@10=0.576811
Epoch 001 | Batch 14420 | val_kld=0.733124 | val_ordacc@10=0.165555 | val_recall@10=0.575815
Epoch 001 | Batch 14430 | val_kld=0.735159 | val_ordacc@10=0.166979 | val_recall@10=0.584302
Epoch 001 | Step 14430 | lr=5.000000e-04 | loss=0.766585 | k_vals=[1, 20, 20, 100, 50]
Epoch 001 | Batch 14440 | val_kld=0.740603 | val_ordacc@10=0.165677 | val_recall@10=0.584147
Epoch 001 | Batch 14450 | val_kld=0.738218 | val_ordacc@10=0.164446 | val_recall@10=0.578457
Epoch 001 | Batch 14460 | val_kld=0.738202 | val_ordacc@10=0.164436 | val_recall@10=0.578643
Epoch 001 | Step 14460 | lr=5.000000e-04 | loss=0.764683 | k_vals=[50, 1, 1, 1, 10]
Epoch 001 | Batch 14470 | val_kld=0.742117 | val_ordacc@10=0.164002 | val_recall@10=0.576482
Epoch 001 | Batch 14480 | val_kld=0.738027 | val_ordacc@10=0.165765 | val_recall@10=0.579524
Epoch 001 | Batch 14490 | val_kld=0.745343 | val_ordacc@10=0.163688 | val_recall@10=0.581046
Epoch 001 | Step 14490 | lr=5.000000e-04 | loss=0.716051 | k_vals=[10, 50, 1, 50, 1]
Epoch 001 | Batch 14500 | val_kld=0.743058 | val_ordacc@10=0.163667 | val_recall@10=0.579380
Epoch 001 | Batch 14510 | val_kld=0.736765 | val_ordacc@10=0.165640 | val_recall@10=0.580404
Epoch 001 | Batch 14520 | val_kld=0.738103 | val_ordacc@10=0.164878 | val_recall@10=0.579413
Epoch 001 | Step 14520 | lr=5.000000e-04 | loss=0.598725 | k_vals=[100, 100, 10, 10, 10]
Epoch 001 | Batch 14530 | val_kld=0.736397 | val_ordacc@10=0.165581 | val_recall@10=0.579600
Epoch 001 | Batch 14540 | val_kld=0.736368 | val_ordacc@10=0.166649 | val_recall@10=0.583722
Epoch 001 | Batch 14550 | val_kld=0.733702 | val_ordacc@10=0.165858 | val_recall@10=0.581187
Epoch 001 | Step 14550 | lr=5.000000e-04 | loss=0.760166 | k_vals=[100, 100, 1, 100, 50]
Epoch 001 | Batch 14560 | val_kld=0.748980 | val_ordacc@10=0.161800 | val_recall@10=0.578061
Epoch 001 | Batch 14570 | val_kld=0.744914 | val_ordacc@10=0.164159 | val_recall@10=0.580121
Epoch 001 | Batch 14580 | val_kld=0.746124 | val_ordacc@10=0.162522 | val_recall@10=0.576246
Epoch 001 | Step 14580 | lr=5.000000e-04 | loss=0.707476 | k_vals=[20, 10, 20, 20, 100]
Epoch 001 | Batch 14590 | val_kld=0.742823 | val_ordacc@10=0.163190 | val_recall@10=0.576579
Epoch 001 | Batch 14600 | val_kld=0.747641 | val_ordacc@10=0.162485 | val_recall@10=0.579704
Epoch 001 | Batch 14610 | val_kld=0.745422 | val_ordacc@10=0.162751 | val_recall@10=0.583496
Epoch 001 | Step 14610 | lr=5.000000e-04 | loss=0.693210 | k_vals=[1, 50, 50, 10, 50]
Epoch 001 | Batch 14620 | val_kld=0.741207 | val_ordacc@10=0.163427 | val_recall@10=0.580438
Epoch 001 | Batch 14630 | val_kld=0.737457 | val_ordacc@10=0.164866 | val_recall@10=0.576552
Epoch 001 | Batch 14640 | val_kld=0.736892 | val_ordacc@10=0.165356 | val_recall@10=0.580405
Epoch 001 | Step 14640 | lr=5.000000e-04 | loss=0.842178 | k_vals=[100, 1, 20, 1, 10]
Epoch 001 | Batch 14650 | val_kld=0.734815 | val_ordacc@10=0.166792 | val_recall@10=0.582401
Epoch 001 | Batch 14660 | val_kld=0.736664 | val_ordacc@10=0.165369 | val_recall@10=0.579458
Epoch 001 | Batch 14670 | val_kld=0.743305 | val_ordacc@10=0.163375 | val_recall@10=0.579568
Epoch 001 | Step 14670 | lr=5.000000e-04 | loss=0.827908 | k_vals=[50, 100, 10, 1, 10]
Epoch 001 | Batch 14680 | val_kld=0.737890 | val_ordacc@10=0.165432 | val_recall@10=0.581042
Epoch 001 | Batch 14690 | val_kld=0.739167 | val_ordacc@10=0.165882 | val_recall@10=0.584514
Epoch 001 | Batch 14700 | val_kld=0.743526 | val_ordacc@10=0.162704 | val_recall@10=0.577350
Epoch 001 | Step 14700 | lr=5.000000e-04 | loss=0.723401 | k_vals=[50, 10, 50, 20, 100]
Epoch 001 | Batch 14710 | val_kld=0.740660 | val_ordacc@10=0.164943 | val_recall@10=0.579020
Epoch 001 | Batch 14720 | val_kld=0.739109 | val_ordacc@10=0.165574 | val_recall@10=0.582798
Epoch 001 | Batch 14730 | val_kld=0.736190 | val_ordacc@10=0.165995 | val_recall@10=0.581280
Epoch 001 | Step 14730 | lr=5.000000e-04 | loss=0.815750 | k_vals=[1, 50, 50, 100, 100]
Epoch 001 | Batch 14740 | val_kld=0.733380 | val_ordacc@10=0.167842 | val_recall@10=0.579262
Epoch 001 | Batch 14750 | val_kld=0.733087 | val_ordacc@10=0.166744 | val_recall@10=0.578045
Epoch 001 | Batch 14760 | val_kld=0.735407 | val_ordacc@10=0.166050 | val_recall@10=0.579501
Epoch 001 | Step 14760 | lr=5.000000e-04 | loss=0.891214 | k_vals=[1, 10, 1, 100, 1]
Epoch 001 | Batch 14770 | val_kld=0.740772 | val_ordacc@10=0.163907 | val_recall@10=0.580146
Epoch 001 | Batch 14780 | val_kld=0.733779 | val_ordacc@10=0.165405 | val_recall@10=0.580031
Epoch 001 | Batch 14790 | val_kld=0.742886 | val_ordacc@10=0.162553 | val_recall@10=0.576752
Epoch 001 | Step 14790 | lr=5.000000e-04 | loss=0.721600 | k_vals=[20, 10, 100, 1, 20]
Epoch 001 | Batch 14800 | val_kld=0.734571 | val_ordacc@10=0.164723 | val_recall@10=0.578661
Epoch 001 | Batch 14810 | val_kld=0.730666 | val_ordacc@10=0.168144 | val_recall@10=0.584471
Epoch 001 | Batch 14820 | val_kld=0.737279 | val_ordacc@10=0.165218 | val_recall@10=0.582684
Epoch 001 | Step 14820 | lr=5.000000e-04 | loss=0.833796 | k_vals=[1, 50, 1, 100, 10]
Epoch 001 | Batch 14830 | val_kld=0.739818 | val_ordacc@10=0.162974 | val_recall@10=0.575543
Epoch 001 | Batch 14840 | val_kld=0.748012 | val_ordacc@10=0.162237 | val_recall@10=0.579355
Epoch 001 | Batch 14850 | val_kld=0.741515 | val_ordacc@10=0.163946 | val_recall@10=0.578786
Epoch 001 | Step 14850 | lr=5.000000e-04 | loss=0.829746 | k_vals=[20, 1, 100, 100, 100]
Epoch 001 | Batch 14860 | val_kld=0.740169 | val_ordacc@10=0.164934 | val_recall@10=0.580942
Epoch 001 | Batch 14870 | val_kld=0.738553 | val_ordacc@10=0.165037 | val_recall@10=0.578544
Epoch 001 | Batch 14880 | val_kld=0.739641 | val_ordacc@10=0.164090 | val_recall@10=0.582055
Epoch 001 | Step 14880 | lr=5.000000e-04 | loss=0.609262 | k_vals=[20, 50, 100, 100, 100]
Epoch 001 | Batch 14890 | val_kld=0.734500 | val_ordacc@10=0.165714 | val_recall@10=0.576706
Epoch 001 | Batch 14900 | val_kld=0.731282 | val_ordacc@10=0.168225 | val_recall@10=0.580456
Epoch 001 | Batch 14910 | val_kld=0.735104 | val_ordacc@10=0.165939 | val_recall@10=0.576410
Epoch 001 | Step 14910 | lr=5.000000e-04 | loss=0.635058 | k_vals=[100, 100, 20, 100, 20]
Epoch 001 | Batch 14920 | val_kld=0.736986 | val_ordacc@10=0.165336 | val_recall@10=0.579989
Epoch 001 | Batch 14930 | val_kld=0.735088 | val_ordacc@10=0.165212 | val_recall@10=0.579482
Epoch 001 | Batch 14940 | val_kld=0.736289 | val_ordacc@10=0.164527 | val_recall@10=0.580441
Epoch 001 | Step 14940 | lr=5.000000e-04 | loss=0.633013 | k_vals=[50, 20, 100, 20, 20]
Epoch 001 | Batch 14950 | val_kld=0.737350 | val_ordacc@10=0.165727 | val_recall@10=0.581720
Epoch 001 | Batch 14960 | val_kld=0.728636 | val_ordacc@10=0.169655 | val_recall@10=0.585690
Epoch 001 | Batch 14970 | val_kld=0.735388 | val_ordacc@10=0.167015 | val_recall@10=0.580878
Epoch 001 | Step 14970 | lr=5.000000e-04 | loss=0.714030 | k_vals=[10, 10, 20, 100, 50]
Epoch 001 | Batch 14980 | val_kld=0.733865 | val_ordacc@10=0.166314 | val_recall@10=0.577812
Epoch 001 | Batch 14990 | val_kld=0.734983 | val_ordacc@10=0.165805 | val_recall@10=0.579958
Epoch 001 | Batch 15000 | val_kld=0.737808 | val_ordacc@10=0.165683 | val_recall@10=0.577924
Epoch 001 | Step 15000 | lr=5.000000e-04 | loss=0.819327 | k_vals=[20, 20, 50, 50, 1]
Epoch 001 | Batch 15010 | val_kld=0.748272 | val_ordacc@10=0.162407 | val_recall@10=0.575646
Epoch 001 | Batch 15020 | val_kld=0.737026 | val_ordacc@10=0.166468 | val_recall@10=0.581412
Epoch 001 | Batch 15030 | val_kld=0.740143 | val_ordacc@10=0.165633 | val_recall@10=0.580313
Epoch 001 | Step 15030 | lr=5.000000e-04 | loss=0.616333 | k_vals=[50, 50, 50, 100, 100]
Epoch 001 | Batch 15040 | val_kld=0.740795 | val_ordacc@10=0.164544 | val_recall@10=0.579529
Epoch 001 | Batch 15050 | val_kld=0.737418 | val_ordacc@10=0.164733 | val_recall@10=0.578398
Epoch 001 | Batch 15060 | val_kld=0.738179 | val_ordacc@10=0.165720 | val_recall@10=0.579426
Epoch 001 | Step 15060 | lr=5.000000e-04 | loss=0.878988 | k_vals=[20, 100, 20, 1, 100]
Epoch 001 | Batch 15070 | val_kld=0.735024 | val_ordacc@10=0.167408 | val_recall@10=0.581351
Epoch 001 | Batch 15080 | val_kld=0.736986 | val_ordacc@10=0.166587 | val_recall@10=0.581530
Epoch 001 | Batch 15090 | val_kld=0.740021 | val_ordacc@10=0.164798 | val_recall@10=0.582030
Epoch 001 | Step 15090 | lr=5.000000e-04 | loss=0.782066 | k_vals=[50, 100, 10, 20, 1]
Epoch 001 | Batch 15100 | val_kld=0.739052 | val_ordacc@10=0.165703 | val_recall@10=0.583840
Epoch 001 | Batch 15110 | val_kld=0.749844 | val_ordacc@10=0.163484 | val_recall@10=0.583716
Epoch 001 | Batch 15120 | val_kld=0.738565 | val_ordacc@10=0.163763 | val_recall@10=0.578277
Epoch 001 | Step 15120 | lr=5.000000e-04 | loss=0.715438 | k_vals=[20, 50, 50, 100, 1]
Epoch 001 | Batch 15130 | val_kld=0.742568 | val_ordacc@10=0.164464 | val_recall@10=0.577505
Epoch 001 | Batch 15140 | val_kld=0.737563 | val_ordacc@10=0.165053 | val_recall@10=0.582790
Epoch 001 | Batch 15150 | val_kld=0.735080 | val_ordacc@10=0.165991 | val_recall@10=0.579508
Epoch 001 | Step 15150 | lr=5.000000e-04 | loss=0.810842 | k_vals=[10, 1, 100, 1, 50]
Epoch 001 | Batch 15160 | val_kld=0.731978 | val_ordacc@10=0.166416 | val_recall@10=0.580779
Epoch 001 | Batch 15170 | val_kld=0.730849 | val_ordacc@10=0.167373 | val_recall@10=0.583634
Epoch 001 | Batch 15180 | val_kld=0.733909 | val_ordacc@10=0.168032 | val_recall@10=0.583486
Epoch 001 | Step 15180 | lr=5.000000e-04 | loss=0.777551 | k_vals=[1, 10, 1, 1, 1]
Epoch 001 | Batch 15190 | val_kld=0.733777 | val_ordacc@10=0.167980 | val_recall@10=0.583454
Epoch 001 | Batch 15200 | val_kld=0.731119 | val_ordacc@10=0.167470 | val_recall@10=0.582089
Epoch 001 | Batch 15210 | val_kld=0.738332 | val_ordacc@10=0.164084 | val_recall@10=0.577221
Epoch 001 | Step 15210 | lr=5.000000e-04 | loss=0.714178 | k_vals=[1, 100, 10, 100, 20]
Epoch 001 | Batch 15220 | val_kld=0.743564 | val_ordacc@10=0.163841 | val_recall@10=0.579647
Epoch 001 | Batch 15230 | val_kld=0.742395 | val_ordacc@10=0.163410 | val_recall@10=0.580362
Epoch 001 | Batch 15240 | val_kld=0.743940 | val_ordacc@10=0.162633 | val_recall@10=0.576838
Epoch 001 | Step 15240 | lr=5.000000e-04 | loss=0.661008 | k_vals=[50, 1, 100, 20, 50]
Epoch 001 | Batch 15250 | val_kld=0.737206 | val_ordacc@10=0.165691 | val_recall@10=0.577558
Epoch 001 | Batch 15260 | val_kld=0.733161 | val_ordacc@10=0.166732 | val_recall@10=0.579000
Epoch 001 | Batch 15270 | val_kld=0.734651 | val_ordacc@10=0.167285 | val_recall@10=0.579449
Epoch 001 | Step 15270 | lr=5.000000e-04 | loss=0.826903 | k_vals=[10, 1, 20, 50, 1]
Epoch 001 | Batch 15280 | val_kld=0.735203 | val_ordacc@10=0.165375 | val_recall@10=0.583927
Epoch 001 | Batch 15290 | val_kld=0.732839 | val_ordacc@10=0.167119 | val_recall@10=0.578844
Epoch 001 | Batch 15300 | val_kld=0.736391 | val_ordacc@10=0.164932 | val_recall@10=0.579134
Epoch 001 | Step 15300 | lr=5.000000e-04 | loss=0.696540 | k_vals=[10, 100, 50, 10, 50]
Epoch 001 | Batch 15310 | val_kld=0.738517 | val_ordacc@10=0.165284 | val_recall@10=0.582081
Epoch 001 | Batch 15320 | val_kld=0.737454 | val_ordacc@10=0.167507 | val_recall@10=0.583674
Epoch 001 | Batch 15330 | val_kld=0.734555 | val_ordacc@10=0.165368 | val_recall@10=0.579847
Epoch 001 | Step 15330 | lr=5.000000e-04 | loss=0.697350 | k_vals=[50, 100, 1, 100, 50]
Epoch 001 | Batch 15340 | val_kld=0.735994 | val_ordacc@10=0.165556 | val_recall@10=0.575910
Epoch 001 | Batch 15350 | val_kld=0.737796 | val_ordacc@10=0.165344 | val_recall@10=0.579278
Epoch 001 | Batch 15360 | val_kld=0.737173 | val_ordacc@10=0.165995 | val_recall@10=0.577073
Epoch 001 | Step 15360 | lr=5.000000e-04 | loss=0.779881 | k_vals=[100, 1, 20, 20, 20]
Epoch 001 | Batch 15370 | val_kld=0.734500 | val_ordacc@10=0.165624 | val_recall@10=0.577723
Epoch 001 | Batch 15380 | val_kld=0.744028 | val_ordacc@10=0.163224 | val_recall@10=0.579341
Epoch 001 | Batch 15390 | val_kld=0.747019 | val_ordacc@10=0.160358 | val_recall@10=0.572508
Epoch 001 | Step 15390 | lr=5.000000e-04 | loss=0.759864 | k_vals=[10, 20, 50, 20, 50]
Epoch 001 | Batch 15400 | val_kld=0.741030 | val_ordacc@10=0.164473 | val_recall@10=0.581810
Epoch 001 | Batch 15410 | val_kld=0.733525 | val_ordacc@10=0.167024 | val_recall@10=0.582882
Epoch 001 | Batch 15420 | val_kld=0.735948 | val_ordacc@10=0.164872 | val_recall@10=0.577346
Epoch 001 | Step 15420 | lr=5.000000e-04 | loss=0.836631 | k_vals=[20, 1, 100, 1, 100]
Epoch 001 | Batch 15430 | val_kld=0.739229 | val_ordacc@10=0.164351 | val_recall@10=0.581899
Epoch 001 | Batch 15440 | val_kld=0.737894 | val_ordacc@10=0.164658 | val_recall@10=0.583320
Epoch 001 | Batch 15450 | val_kld=0.738014 | val_ordacc@10=0.165351 | val_recall@10=0.580777
Epoch 001 | Step 15450 | lr=5.000000e-04 | loss=0.616663 | k_vals=[100, 50, 50, 10, 1]
Epoch 001 | Batch 15460 | val_kld=0.733389 | val_ordacc@10=0.165833 | val_recall@10=0.579632
Epoch 001 | Batch 15470 | val_kld=0.734139 | val_ordacc@10=0.166250 | val_recall@10=0.583498
Epoch 001 | Batch 15480 | val_kld=0.730010 | val_ordacc@10=0.168059 | val_recall@10=0.582502
Epoch 001 | Step 15480 | lr=5.000000e-04 | loss=0.734378 | k_vals=[50, 100, 100, 1, 100]
Epoch 001 | Batch 15490 | val_kld=0.736704 | val_ordacc@10=0.163844 | val_recall@10=0.578512
Epoch 001 | Batch 15500 | val_kld=0.735533 | val_ordacc@10=0.165709 | val_recall@10=0.577509
Epoch 001 | Batch 15510 | val_kld=0.735689 | val_ordacc@10=0.165812 | val_recall@10=0.584236
Epoch 001 | Step 15510 | lr=5.000000e-04 | loss=0.722493 | k_vals=[10, 50, 20, 100, 10]
Epoch 001 | Batch 15520 | val_kld=0.739751 | val_ordacc@10=0.164314 | val_recall@10=0.581311
Epoch 001 | Batch 15530 | val_kld=0.734882 | val_ordacc@10=0.165086 | val_recall@10=0.577778
Epoch 001 | Batch 15540 | val_kld=0.734984 | val_ordacc@10=0.165967 | val_recall@10=0.582006
Epoch 001 | Step 15540 | lr=5.000000e-04 | loss=0.684134 | k_vals=[20, 1, 50, 100, 1]
Epoch 001 | Batch 15550 | val_kld=0.735561 | val_ordacc@10=0.165055 | val_recall@10=0.581226
Epoch 001 | Batch 15560 | val_kld=0.742151 | val_ordacc@10=0.162589 | val_recall@10=0.576674
Epoch 001 | Batch 15570 | val_kld=0.732161 | val_ordacc@10=0.166574 | val_recall@10=0.581566
Epoch 001 | Step 15570 | lr=5.000000e-04 | loss=0.721546 | k_vals=[100, 1, 1, 10, 100]
Epoch 001 | Batch 15580 | val_kld=0.737739 | val_ordacc@10=0.163730 | val_recall@10=0.584018
Epoch 001 | Batch 15590 | val_kld=0.735965 | val_ordacc@10=0.164877 | val_recall@10=0.576110
Epoch 001 | Batch 15600 | val_kld=0.738597 | val_ordacc@10=0.166462 | val_recall@10=0.584024
Epoch 001 | Step 15600 | lr=5.000000e-04 | loss=0.666469 | k_vals=[1, 1, 10, 1, 10]
Epoch 001 | Batch 15610 | val_kld=0.730738 | val_ordacc@10=0.166966 | val_recall@10=0.580488
Epoch 001 | Batch 15620 | val_kld=0.732834 | val_ordacc@10=0.167386 | val_recall@10=0.583824
Epoch 001 | Batch 15630 | val_kld=0.730790 | val_ordacc@10=0.167194 | val_recall@10=0.578931
Epoch 001 | Step 15630 | lr=5.000000e-04 | loss=0.679089 | k_vals=[20, 1, 100, 1, 20]
Epoch 001 | Batch 15640 | val_kld=0.731008 | val_ordacc@10=0.167659 | val_recall@10=0.581669
Epoch 001 | Batch 15650 | val_kld=0.734414 | val_ordacc@10=0.164967 | val_recall@10=0.583149
Epoch 001 | Batch 15660 | val_kld=0.732471 | val_ordacc@10=0.167336 | val_recall@10=0.579744
Epoch 001 | Step 15660 | lr=5.000000e-04 | loss=0.704837 | k_vals=[1, 50, 20, 50, 10]
Epoch 001 | Batch 15670 | val_kld=0.736749 | val_ordacc@10=0.165745 | val_recall@10=0.576467
Epoch 001 | Batch 15680 | val_kld=0.735279 | val_ordacc@10=0.165409 | val_recall@10=0.580582
Epoch 001 | Batch 15690 | val_kld=0.740131 | val_ordacc@10=0.164515 | val_recall@10=0.578977
Epoch 001 | Step 15690 | lr=5.000000e-04 | loss=0.744599 | k_vals=[1, 100, 1, 20, 20]
Epoch 001 | Batch 15700 | val_kld=0.741181 | val_ordacc@10=0.164484 | val_recall@10=0.580528
Epoch 001 | Batch 15710 | val_kld=0.737344 | val_ordacc@10=0.164878 | val_recall@10=0.581854
Epoch 001 | Batch 15720 | val_kld=0.734692 | val_ordacc@10=0.165528 | val_recall@10=0.580248
Epoch 001 | Step 15720 | lr=5.000000e-04 | loss=0.782689 | k_vals=[50, 100, 10, 100, 1]
Epoch 001 | Batch 15730 | val_kld=0.731720 | val_ordacc@10=0.167942 | val_recall@10=0.582116
Epoch 001 | Batch 15740 | val_kld=0.731271 | val_ordacc@10=0.167346 | val_recall@10=0.582106
Epoch 001 | Batch 15750 | val_kld=0.737602 | val_ordacc@10=0.166449 | val_recall@10=0.580108
Epoch 001 | Step 15750 | lr=5.000000e-04 | loss=0.778167 | k_vals=[100, 20, 20, 1, 50]
Epoch 001 | Batch 15760 | val_kld=0.732981 | val_ordacc@10=0.166460 | val_recall@10=0.583258
Epoch 001 | Batch 15770 | val_kld=0.735362 | val_ordacc@10=0.167963 | val_recall@10=0.581645
Epoch 001 | Batch 15780 | val_kld=0.738123 | val_ordacc@10=0.165676 | val_recall@10=0.579923
Epoch 001 | Step 15780 | lr=5.000000e-04 | loss=0.615821 | k_vals=[10, 1, 20, 50, 100]
Epoch 001 | Batch 15790 | val_kld=0.739507 | val_ordacc@10=0.163630 | val_recall@10=0.580859
Epoch 001 | Batch 15800 | val_kld=0.738160 | val_ordacc@10=0.164742 | val_recall@10=0.576420
Epoch 001 | Batch 15810 | val_kld=0.735036 | val_ordacc@10=0.165688 | val_recall@10=0.580965
Epoch 001 | Step 15810 | lr=5.000000e-04 | loss=0.686574 | k_vals=[1, 20, 50, 10, 20]
Epoch 001 | Batch 15820 | val_kld=0.738340 | val_ordacc@10=0.166717 | val_recall@10=0.582256
Epoch 001 | Batch 15830 | val_kld=0.731757 | val_ordacc@10=0.167020 | val_recall@10=0.580593
Epoch 001 | Batch 15840 | val_kld=0.734173 | val_ordacc@10=0.165622 | val_recall@10=0.580609
Epoch 001 | Step 15840 | lr=5.000000e-04 | loss=0.899285 | k_vals=[10, 1, 50, 1, 1]
Epoch 001 | Batch 15850 | val_kld=0.739363 | val_ordacc@10=0.165061 | val_recall@10=0.579018
Epoch 001 | Batch 15860 | val_kld=0.730616 | val_ordacc@10=0.167468 | val_recall@10=0.583241
Epoch 001 | Batch 15870 | val_kld=0.730853 | val_ordacc@10=0.167078 | val_recall@10=0.579778
Epoch 001 | Step 15870 | lr=5.000000e-04 | loss=0.666694 | k_vals=[20, 100, 50, 10, 10]
Epoch 001 | Batch 15880 | val_kld=0.732531 | val_ordacc@10=0.167154 | val_recall@10=0.580400
Epoch 001 | Batch 15890 | val_kld=0.737926 | val_ordacc@10=0.165311 | val_recall@10=0.584293
Epoch 001 | Batch 15900 | val_kld=0.734470 | val_ordacc@10=0.165272 | val_recall@10=0.581976
Epoch 001 | Step 15900 | lr=5.000000e-04 | loss=0.654488 | k_vals=[50, 20, 10, 1, 1]
Epoch 001 | Batch 15910 | val_kld=0.740454 | val_ordacc@10=0.164932 | val_recall@10=0.580623
Epoch 001 | Batch 15920 | val_kld=0.734202 | val_ordacc@10=0.165975 | val_recall@10=0.576462
Epoch 001 | Batch 15930 | val_kld=0.725873 | val_ordacc@10=0.169049 | val_recall@10=0.582060
Epoch 001 | Step 15930 | lr=5.000000e-04 | loss=0.649708 | k_vals=[20, 1, 1, 10, 10]
Epoch 001 | Batch 15940 | val_kld=0.729979 | val_ordacc@10=0.167462 | val_recall@10=0.583308
Epoch 001 | Batch 15950 | val_kld=0.735423 | val_ordacc@10=0.165537 | val_recall@10=0.580209
Epoch 001 | Batch 15960 | val_kld=0.742419 | val_ordacc@10=0.163158 | val_recall@10=0.582670
Epoch 001 | Step 15960 | lr=5.000000e-04 | loss=0.667108 | k_vals=[20, 50, 10, 100, 1]
Epoch 001 | Batch 15970 | val_kld=0.743157 | val_ordacc@10=0.162444 | val_recall@10=0.577834
Epoch 001 | Batch 15980 | val_kld=0.740961 | val_ordacc@10=0.163870 | val_recall@10=0.582471
Epoch 001 | Batch 15990 | val_kld=0.739393 | val_ordacc@10=0.165298 | val_recall@10=0.583332
Epoch 001 | Step 15990 | lr=5.000000e-04 | loss=0.794879 | k_vals=[10, 10, 50, 20, 1]
Epoch 001 | Batch 16000 | val_kld=0.743652 | val_ordacc@10=0.163751 | val_recall@10=0.578808
Epoch 001 | Batch 16010 | val_kld=0.732326 | val_ordacc@10=0.167126 | val_recall@10=0.582432
Epoch 001 | Batch 16020 | val_kld=0.736643 | val_ordacc@10=0.164954 | val_recall@10=0.580226
Epoch 001 | Step 16020 | lr=5.000000e-04 | loss=0.654914 | k_vals=[50, 1, 100, 10, 50]
Epoch 001 | Batch 16030 | val_kld=0.735931 | val_ordacc@10=0.166189 | val_recall@10=0.578805
Epoch 001 | Batch 16040 | val_kld=0.734718 | val_ordacc@10=0.165306 | val_recall@10=0.583012
Epoch 001 | Batch 16050 | val_kld=0.736750 | val_ordacc@10=0.164226 | val_recall@10=0.581642
Epoch 001 | Step 16050 | lr=5.000000e-04 | loss=0.782657 | k_vals=[50, 1, 20, 20, 50]
Epoch 001 | Batch 16060 | val_kld=0.732630 | val_ordacc@10=0.165983 | val_recall@10=0.579663
Epoch 001 | Batch 16070 | val_kld=0.736512 | val_ordacc@10=0.166003 | val_recall@10=0.584303
Epoch 001 | Batch 16080 | val_kld=0.737805 | val_ordacc@10=0.165226 | val_recall@10=0.579780
Epoch 001 | Step 16080 | lr=5.000000e-04 | loss=0.677052 | k_vals=[50, 100, 1, 50, 100]
Epoch 001 | Batch 16090 | val_kld=0.735889 | val_ordacc@10=0.164792 | val_recall@10=0.576566
Epoch 001 | Batch 16100 | val_kld=0.732725 | val_ordacc@10=0.166695 | val_recall@10=0.582899
Epoch 001 | Batch 16110 | val_kld=0.732934 | val_ordacc@10=0.167024 | val_recall@10=0.582119
Epoch 001 | Step 16110 | lr=5.000000e-04 | loss=0.819204 | k_vals=[50, 1, 50, 1, 50]
Epoch 001 | Batch 16120 | val_kld=0.730841 | val_ordacc@10=0.167407 | val_recall@10=0.581490
Epoch 001 | Batch 16130 | val_kld=0.729984 | val_ordacc@10=0.167612 | val_recall@10=0.583914
Epoch 001 | Batch 16140 | val_kld=0.736299 | val_ordacc@10=0.166569 | val_recall@10=0.581589
Epoch 001 | Step 16140 | lr=5.000000e-04 | loss=0.751451 | k_vals=[100, 100, 20, 20, 1]
Epoch 001 | Batch 16150 | val_kld=0.734174 | val_ordacc@10=0.166026 | val_recall@10=0.579766
Epoch 001 | Batch 16160 | val_kld=0.733093 | val_ordacc@10=0.166750 | val_recall@10=0.580122
Epoch 001 | Batch 16170 | val_kld=0.730729 | val_ordacc@10=0.167176 | val_recall@10=0.581163
Epoch 001 | Step 16170 | lr=5.000000e-04 | loss=0.673707 | k_vals=[10, 1, 10, 10, 10]
Epoch 001 | Batch 16180 | val_kld=0.733331 | val_ordacc@10=0.166684 | val_recall@10=0.584223
Epoch 001 | Batch 16190 | val_kld=0.733141 | val_ordacc@10=0.166942 | val_recall@10=0.583494
Epoch 001 | Batch 16200 | val_kld=0.735204 | val_ordacc@10=0.165680 | val_recall@10=0.579522
Epoch 001 | Step 16200 | lr=5.000000e-04 | loss=0.781643 | k_vals=[100, 20, 20, 20, 10]
Epoch 001 | Batch 16210 | val_kld=0.729447 | val_ordacc@10=0.168262 | val_recall@10=0.580704
Epoch 001 | Batch 16220 | val_kld=0.732621 | val_ordacc@10=0.166010 | val_recall@10=0.581232
Epoch 001 | Batch 16230 | val_kld=0.731440 | val_ordacc@10=0.166341 | val_recall@10=0.578516
Epoch 001 | Step 16230 | lr=5.000000e-04 | loss=0.822432 | k_vals=[100, 1, 50, 1, 1]
Epoch 001 | Batch 16240 | val_kld=0.733656 | val_ordacc@10=0.166351 | val_recall@10=0.583208
Epoch 001 | Batch 16250 | val_kld=0.736312 | val_ordacc@10=0.165613 | val_recall@10=0.583832
Epoch 001 | Batch 16260 | val_kld=0.737446 | val_ordacc@10=0.164276 | val_recall@10=0.576516
Epoch 001 | Step 16260 | lr=5.000000e-04 | loss=0.711689 | k_vals=[50, 10, 20, 10, 20]
Epoch 001 | Batch 16270 | val_kld=0.734106 | val_ordacc@10=0.168150 | val_recall@10=0.583057
Epoch 001 | Batch 16280 | val_kld=0.732246 | val_ordacc@10=0.166747 | val_recall@10=0.583895
Epoch 001 | Batch 16290 | val_kld=0.740239 | val_ordacc@10=0.164508 | val_recall@10=0.578364
Epoch 001 | Step 16290 | lr=5.000000e-04 | loss=0.831486 | k_vals=[10, 50, 1, 1, 1]
Epoch 001 | Batch 16300 | val_kld=0.737982 | val_ordacc@10=0.165174 | val_recall@10=0.579988
Epoch 001 | Batch 16310 | val_kld=0.734737 | val_ordacc@10=0.166123 | val_recall@10=0.579764
Epoch 001 | Batch 16320 | val_kld=0.741222 | val_ordacc@10=0.163176 | val_recall@10=0.580883
Epoch 001 | Step 16320 | lr=5.000000e-04 | loss=0.771823 | k_vals=[1, 50, 10, 20, 1]
Epoch 001 | Batch 16330 | val_kld=0.733682 | val_ordacc@10=0.166594 | val_recall@10=0.579512
Epoch 001 | Batch 16340 | val_kld=0.731686 | val_ordacc@10=0.166721 | val_recall@10=0.580961
Epoch 001 | Batch 16350 | val_kld=0.738830 | val_ordacc@10=0.164472 | val_recall@10=0.578798
Epoch 001 | Step 16350 | lr=5.000000e-04 | loss=0.718232 | k_vals=[20, 1, 10, 20, 20]
Epoch 001 | Batch 16360 | val_kld=0.737294 | val_ordacc@10=0.165406 | val_recall@10=0.581946
Epoch 001 | Batch 16370 | val_kld=0.734515 | val_ordacc@10=0.166167 | val_recall@10=0.579677
Epoch 001 | Batch 16380 | val_kld=0.733583 | val_ordacc@10=0.165352 | val_recall@10=0.579697
Epoch 001 | Step 16380 | lr=5.000000e-04 | loss=0.832792 | k_vals=[20, 50, 1, 50, 10]
Epoch 001 | Batch 16390 | val_kld=0.731766 | val_ordacc@10=0.167840 | val_recall@10=0.579863
Epoch 001 | Batch 16400 | val_kld=0.728065 | val_ordacc@10=0.167045 | val_recall@10=0.581899
Epoch 001 | Batch 16410 | val_kld=0.730850 | val_ordacc@10=0.167170 | val_recall@10=0.578737
Epoch 001 | Step 16410 | lr=5.000000e-04 | loss=0.793875 | k_vals=[50, 1, 1, 50, 20]
Epoch 001 | Batch 16420 | val_kld=0.725620 | val_ordacc@10=0.168670 | val_recall@10=0.583410
Epoch 001 | Batch 16430 | val_kld=0.734377 | val_ordacc@10=0.166194 | val_recall@10=0.581132
Epoch 001 | Batch 16440 | val_kld=0.734538 | val_ordacc@10=0.166006 | val_recall@10=0.580809
Epoch 001 | Step 16440 | lr=5.000000e-04 | loss=0.826979 | k_vals=[100, 1, 20, 100, 100]
Epoch 001 | Batch 16450 | val_kld=0.738088 | val_ordacc@10=0.164616 | val_recall@10=0.581695
Epoch 001 | Batch 16460 | val_kld=0.731244 | val_ordacc@10=0.167144 | val_recall@10=0.582070
Epoch 001 | Batch 16470 | val_kld=0.733990 | val_ordacc@10=0.165618 | val_recall@10=0.579959
Epoch 001 | Step 16470 | lr=5.000000e-04 | loss=0.817308 | k_vals=[50, 10, 1, 100, 100]
Epoch 001 | Batch 16480 | val_kld=0.735827 | val_ordacc@10=0.165752 | val_recall@10=0.581892
Epoch 001 | Batch 16490 | val_kld=0.737089 | val_ordacc@10=0.164647 | val_recall@10=0.578340
Epoch 001 | Batch 16500 | val_kld=0.731350 | val_ordacc@10=0.166647 | val_recall@10=0.579494
Epoch 001 | Step 16500 | lr=5.000000e-04 | loss=0.744881 | k_vals=[100, 1, 50, 1, 50]
Epoch 001 | Batch 16510 | val_kld=0.737256 | val_ordacc@10=0.164825 | val_recall@10=0.580392
Epoch 001 | Batch 16520 | val_kld=0.737862 | val_ordacc@10=0.163824 | val_recall@10=0.577166
Epoch 001 | Batch 16530 | val_kld=0.736904 | val_ordacc@10=0.165356 | val_recall@10=0.582603
Epoch 001 | Step 16530 | lr=5.000000e-04 | loss=0.749995 | k_vals=[100, 1, 100, 20, 1]
Epoch 001 | Batch 16540 | val_kld=0.734909 | val_ordacc@10=0.166452 | val_recall@10=0.584016
Epoch 001 | Batch 16550 | val_kld=0.734646 | val_ordacc@10=0.165816 | val_recall@10=0.582680
Epoch 001 | Batch 16560 | val_kld=0.733491 | val_ordacc@10=0.165610 | val_recall@10=0.583736
Epoch 001 | Step 16560 | lr=5.000000e-04 | loss=0.639088 | k_vals=[1, 100, 20, 20, 10]
Epoch 001 | Batch 16570 | val_kld=0.740356 | val_ordacc@10=0.165025 | val_recall@10=0.584411
Epoch 001 | Batch 16580 | val_kld=0.738644 | val_ordacc@10=0.164974 | val_recall@10=0.583287
Epoch 001 | Batch 16590 | val_kld=0.746413 | val_ordacc@10=0.162297 | val_recall@10=0.579432
Epoch 001 | Step 16590 | lr=5.000000e-04 | loss=0.600289 | k_vals=[20, 20, 100, 100, 100]
Epoch 001 | Batch 16600 | val_kld=0.737869 | val_ordacc@10=0.163978 | val_recall@10=0.578832
Epoch 001 | Batch 16610 | val_kld=0.737435 | val_ordacc@10=0.164988 | val_recall@10=0.578704
Epoch 001 | Batch 16620 | val_kld=0.735498 | val_ordacc@10=0.165430 | val_recall@10=0.581361
Epoch 001 | Step 16620 | lr=5.000000e-04 | loss=0.906794 | k_vals=[50, 50, 1, 20, 1]
Epoch 001 | Batch 16630 | val_kld=0.738372 | val_ordacc@10=0.164657 | val_recall@10=0.577884
Epoch 001 | Batch 16640 | val_kld=0.734744 | val_ordacc@10=0.165690 | val_recall@10=0.583136
Epoch 001 | Batch 16650 | val_kld=0.739003 | val_ordacc@10=0.163608 | val_recall@10=0.575379
Epoch 001 | Step 16650 | lr=5.000000e-04 | loss=0.645593 | k_vals=[20, 50, 20, 1, 50]
Epoch 001 | Batch 16660 | val_kld=0.730578 | val_ordacc@10=0.167216 | val_recall@10=0.579894
Epoch 001 | Batch 16670 | val_kld=0.729854 | val_ordacc@10=0.168837 | val_recall@10=0.584086
Epoch 001 | Batch 16680 | val_kld=0.732404 | val_ordacc@10=0.166668 | val_recall@10=0.579500
Epoch 001 | Step 16680 | lr=5.000000e-04 | loss=0.719099 | k_vals=[10, 20, 10, 100, 20]
Epoch 001 | Batch 16690 | val_kld=0.739554 | val_ordacc@10=0.164376 | val_recall@10=0.583276
Epoch 001 | Batch 16700 | val_kld=0.741326 | val_ordacc@10=0.163790 | val_recall@10=0.579022
Epoch 001 | Batch 16710 | val_kld=0.737977 | val_ordacc@10=0.165246 | val_recall@10=0.582630
Epoch 001 | Step 16710 | lr=5.000000e-04 | loss=0.668050 | k_vals=[100, 50, 100, 1, 20]
Epoch 001 | Batch 16720 | val_kld=0.735199 | val_ordacc@10=0.165610 | val_recall@10=0.578932
Epoch 001 | Batch 16730 | val_kld=0.738015 | val_ordacc@10=0.165299 | val_recall@10=0.579171
Epoch 001 | Batch 16740 | val_kld=0.736160 | val_ordacc@10=0.165216 | val_recall@10=0.576394
Epoch 001 | Step 16740 | lr=5.000000e-04 | loss=0.838083 | k_vals=[20, 50, 20, 1, 20]
Epoch 001 | Batch 16750 | val_kld=0.743814 | val_ordacc@10=0.161041 | val_recall@10=0.578699
Epoch 001 | Batch 16760 | val_kld=0.735974 | val_ordacc@10=0.165508 | val_recall@10=0.578504
Epoch 001 | Batch 16770 | val_kld=0.734575 | val_ordacc@10=0.165699 | val_recall@10=0.578075
Epoch 001 | Step 16770 | lr=5.000000e-04 | loss=0.893975 | k_vals=[20, 50, 50, 50, 50]
Epoch 001 | Batch 16780 | val_kld=0.737078 | val_ordacc@10=0.164838 | val_recall@10=0.583295
Epoch 001 | Batch 16790 | val_kld=0.736603 | val_ordacc@10=0.166174 | val_recall@10=0.583906
Epoch 001 | Batch 16800 | val_kld=0.732255 | val_ordacc@10=0.167486 | val_recall@10=0.583001
Epoch 001 | Step 16800 | lr=5.000000e-04 | loss=0.772438 | k_vals=[50, 20, 10, 50, 10]
Epoch 001 | Batch 16810 | val_kld=0.733601 | val_ordacc@10=0.166612 | val_recall@10=0.582015
Epoch 001 | Batch 16820 | val_kld=0.729987 | val_ordacc@10=0.166855 | val_recall@10=0.579882
Epoch 001 | Batch 16830 | val_kld=0.733002 | val_ordacc@10=0.166554 | val_recall@10=0.582612
Epoch 001 | Step 16830 | lr=5.000000e-04 | loss=0.809582 | k_vals=[100, 1, 1, 100, 100]
Epoch 001 | Batch 16840 | val_kld=0.738833 | val_ordacc@10=0.164672 | val_recall@10=0.580289
Epoch 001 | Batch 16850 | val_kld=0.737645 | val_ordacc@10=0.166050 | val_recall@10=0.581936
Epoch 001 | Batch 16860 | val_kld=0.738654 | val_ordacc@10=0.164239 | val_recall@10=0.579400
Epoch 001 | Step 16860 | lr=5.000000e-04 | loss=0.703945 | k_vals=[50, 10, 20, 1, 100]
Epoch 001 | Batch 16870 | val_kld=0.737656 | val_ordacc@10=0.164654 | val_recall@10=0.582734
Epoch 001 | Batch 16880 | val_kld=0.739762 | val_ordacc@10=0.163063 | val_recall@10=0.577735
Epoch 001 | Batch 16890 | val_kld=0.737292 | val_ordacc@10=0.163893 | val_recall@10=0.580160
Epoch 001 | Step 16890 | lr=5.000000e-04 | loss=0.810278 | k_vals=[100, 10, 10, 1, 20]
Epoch 001 | Batch 16900 | val_kld=0.734839 | val_ordacc@10=0.165858 | val_recall@10=0.583159
Epoch 001 | Batch 16910 | val_kld=0.734968 | val_ordacc@10=0.166364 | val_recall@10=0.583465
Epoch 001 | Batch 16920 | val_kld=0.735322 | val_ordacc@10=0.166282 | val_recall@10=0.580872
Epoch 001 | Step 16920 | lr=5.000000e-04 | loss=0.636292 | k_vals=[1, 100, 20, 20, 20]
Epoch 001 | Batch 16930 | val_kld=0.731567 | val_ordacc@10=0.167740 | val_recall@10=0.580265
Epoch 001 | Batch 16940 | val_kld=0.732009 | val_ordacc@10=0.166172 | val_recall@10=0.580975
Epoch 001 | Batch 16950 | val_kld=0.734616 | val_ordacc@10=0.165579 | val_recall@10=0.578646
Epoch 001 | Step 16950 | lr=5.000000e-04 | loss=0.826491 | k_vals=[1, 20, 10, 20, 20]
Epoch 001 | Batch 16960 | val_kld=0.735180 | val_ordacc@10=0.166526 | val_recall@10=0.580161
Epoch 001 | Batch 16970 | val_kld=0.738606 | val_ordacc@10=0.165689 | val_recall@10=0.584363
Epoch 001 | Batch 16980 | val_kld=0.730837 | val_ordacc@10=0.166732 | val_recall@10=0.578778
Epoch 001 | Step 16980 | lr=5.000000e-04 | loss=0.649825 | k_vals=[100, 10, 50, 20, 100]
Epoch 001 | Batch 16990 | val_kld=0.732335 | val_ordacc@10=0.166482 | val_recall@10=0.579641
Epoch 001 | Batch 17000 | val_kld=0.730357 | val_ordacc@10=0.168244 | val_recall@10=0.582796
Epoch 001 | Batch 17010 | val_kld=0.731311 | val_ordacc@10=0.167664 | val_recall@10=0.581056
Epoch 001 | Step 17010 | lr=5.000000e-04 | loss=0.819781 | k_vals=[100, 20, 50, 50, 100]
Epoch 001 | Batch 17020 | val_kld=0.739422 | val_ordacc@10=0.164535 | val_recall@10=0.581848
Epoch 001 | Batch 17030 | val_kld=0.732576 | val_ordacc@10=0.166828 | val_recall@10=0.577815
Epoch 001 | Batch 17040 | val_kld=0.734097 | val_ordacc@10=0.167102 | val_recall@10=0.580900
Epoch 001 | Step 17040 | lr=5.000000e-04 | loss=0.762392 | k_vals=[50, 100, 50, 20, 50]
Epoch 001 | Batch 17050 | val_kld=0.734907 | val_ordacc@10=0.166627 | val_recall@10=0.586698
Epoch 001 | Batch 17060 | val_kld=0.736944 | val_ordacc@10=0.164735 | val_recall@10=0.585062
Epoch 001 | Batch 17070 | val_kld=0.732611 | val_ordacc@10=0.166530 | val_recall@10=0.576787
Epoch 001 | Step 17070 | lr=5.000000e-04 | loss=0.698830 | k_vals=[20, 20, 100, 100, 50]
Epoch 001 | Batch 17080 | val_kld=0.727653 | val_ordacc@10=0.169217 | val_recall@10=0.582472
Epoch 001 | Batch 17090 | val_kld=0.738309 | val_ordacc@10=0.164147 | val_recall@10=0.578555
Epoch 001 | Batch 17100 | val_kld=0.729692 | val_ordacc@10=0.168115 | val_recall@10=0.581036
Epoch 001 | Step 17100 | lr=5.000000e-04 | loss=0.787296 | k_vals=[10, 1, 10, 1, 100]
Epoch 001 | Batch 17110 | val_kld=0.736698 | val_ordacc@10=0.165303 | val_recall@10=0.577378
Epoch 001 | Batch 17120 | val_kld=0.735608 | val_ordacc@10=0.164904 | val_recall@10=0.581494
Epoch 001 | Batch 17130 | val_kld=0.736083 | val_ordacc@10=0.165932 | val_recall@10=0.584051
Epoch 001 | Step 17130 | lr=5.000000e-04 | loss=0.557544 | k_vals=[50, 20, 10, 20, 50]
Epoch 001 | Batch 17140 | val_kld=0.731885 | val_ordacc@10=0.167364 | val_recall@10=0.580041
Epoch 001 | Batch 17150 | val_kld=0.741754 | val_ordacc@10=0.162630 | val_recall@10=0.576992
Epoch 001 | Batch 17160 | val_kld=0.731688 | val_ordacc@10=0.166711 | val_recall@10=0.582312
Epoch 001 | Step 17160 | lr=5.000000e-04 | loss=0.653014 | k_vals=[20, 10, 100, 20, 100]
Epoch 001 | Batch 17170 | val_kld=0.730683 | val_ordacc@10=0.167832 | val_recall@10=0.582958
Epoch 001 | Batch 17180 | val_kld=0.740181 | val_ordacc@10=0.164723 | val_recall@10=0.581291
Epoch 001 | Batch 17190 | val_kld=0.731262 | val_ordacc@10=0.168151 | val_recall@10=0.582145
Epoch 001 | Step 17190 | lr=5.000000e-04 | loss=0.843312 | k_vals=[100, 1, 1, 20, 20]
Epoch 001 | Batch 17200 | val_kld=0.731944 | val_ordacc@10=0.166968 | val_recall@10=0.579785
Epoch 001 | Batch 17210 | val_kld=0.731913 | val_ordacc@10=0.167291 | val_recall@10=0.580910
Epoch 001 | Batch 17220 | val_kld=0.733053 | val_ordacc@10=0.166235 | val_recall@10=0.587348
Epoch 001 | Step 17220 | lr=5.000000e-04 | loss=0.802594 | k_vals=[10, 100, 50, 50, 100]
Epoch 001 | Batch 17230 | val_kld=0.735635 | val_ordacc@10=0.165194 | val_recall@10=0.580163
Epoch 001 | Batch 17240 | val_kld=0.731046 | val_ordacc@10=0.166260 | val_recall@10=0.585751
Epoch 001 | Batch 17250 | val_kld=0.729338 | val_ordacc@10=0.167629 | val_recall@10=0.583322
Epoch 001 | Step 17250 | lr=5.000000e-04 | loss=0.656042 | k_vals=[10, 50, 10, 50, 10]
Epoch 001 | Batch 17260 | val_kld=0.731428 | val_ordacc@10=0.166784 | val_recall@10=0.578798
Epoch 001 | Batch 17270 | val_kld=0.733314 | val_ordacc@10=0.166968 | val_recall@10=0.580461
Epoch 001 | Batch 17280 | val_kld=0.734362 | val_ordacc@10=0.166326 | val_recall@10=0.582534
Epoch 001 | Step 17280 | lr=5.000000e-04 | loss=0.663398 | k_vals=[100, 100, 20, 100, 20]
Epoch 001 | Batch 17290 | val_kld=0.725450 | val_ordacc@10=0.168062 | val_recall@10=0.580688
Epoch 001 | Batch 17300 | val_kld=0.732544 | val_ordacc@10=0.164765 | val_recall@10=0.578385
Epoch 001 | Batch 17310 | val_kld=0.730296 | val_ordacc@10=0.167513 | val_recall@10=0.582323
Epoch 001 | Step 17310 | lr=5.000000e-04 | loss=0.724212 | k_vals=[100, 100, 100, 100, 20]
Epoch 001 | Batch 17320 | val_kld=0.732166 | val_ordacc@10=0.166370 | val_recall@10=0.580151
Epoch 001 | Batch 17330 | val_kld=0.732166 | val_ordacc@10=0.167609 | val_recall@10=0.578534
Epoch 001 | Batch 17340 | val_kld=0.737380 | val_ordacc@10=0.165360 | val_recall@10=0.586838
Epoch 001 | Step 17340 | lr=5.000000e-04 | loss=0.662082 | k_vals=[20, 1, 1, 20, 1]
Epoch 001 | Batch 17350 | val_kld=0.742422 | val_ordacc@10=0.162114 | val_recall@10=0.580521
Epoch 001 | Batch 17360 | val_kld=0.731835 | val_ordacc@10=0.165628 | val_recall@10=0.583251
Epoch 001 | Batch 17370 | val_kld=0.736838 | val_ordacc@10=0.164730 | val_recall@10=0.583857
Epoch 001 | Step 17370 | lr=5.000000e-04 | loss=0.692196 | k_vals=[1, 1, 100, 50, 50]
Epoch 001 | Batch 17380 | val_kld=0.737589 | val_ordacc@10=0.165371 | val_recall@10=0.582801
Epoch 001 | Batch 17390 | val_kld=0.736990 | val_ordacc@10=0.163932 | val_recall@10=0.580166
Epoch 001 | Batch 17400 | val_kld=0.735955 | val_ordacc@10=0.166050 | val_recall@10=0.580761
Epoch 001 | Step 17400 | lr=5.000000e-04 | loss=0.800038 | k_vals=[1, 1, 100, 50, 1]
Epoch 001 | Batch 17410 | val_kld=0.739782 | val_ordacc@10=0.164966 | val_recall@10=0.582485
Epoch 001 | Batch 17420 | val_kld=0.729409 | val_ordacc@10=0.167502 | val_recall@10=0.580840
Epoch 001 | Batch 17430 | val_kld=0.737435 | val_ordacc@10=0.164697 | val_recall@10=0.579794
Epoch 001 | Step 17430 | lr=5.000000e-04 | loss=0.748117 | k_vals=[10, 50, 100, 50, 1]
Epoch 001 | Batch 17440 | val_kld=0.737510 | val_ordacc@10=0.165934 | val_recall@10=0.580398
Epoch 001 | Batch 17450 | val_kld=0.733596 | val_ordacc@10=0.165066 | val_recall@10=0.581964
Epoch 001 | Batch 17460 | val_kld=0.733111 | val_ordacc@10=0.167824 | val_recall@10=0.581830
Epoch 001 | Step 17460 | lr=5.000000e-04 | loss=0.714775 | k_vals=[100, 10, 20, 50, 100]
Epoch 001 | Batch 17470 | val_kld=0.734272 | val_ordacc@10=0.165875 | val_recall@10=0.578637
Epoch 001 | Batch 17480 | val_kld=0.732523 | val_ordacc@10=0.167730 | val_recall@10=0.584278
Epoch 001 | Batch 17490 | val_kld=0.733622 | val_ordacc@10=0.165655 | val_recall@10=0.576384
Epoch 001 | Step 17490 | lr=5.000000e-04 | loss=0.758564 | k_vals=[100, 100, 20, 10, 20]
Epoch 001 | Batch 17500 | val_kld=0.727287 | val_ordacc@10=0.167901 | val_recall@10=0.580047
Epoch 001 | Batch 17510 | val_kld=0.730650 | val_ordacc@10=0.166836 | val_recall@10=0.584376
Epoch 001 | Batch 17520 | val_kld=0.726340 | val_ordacc@10=0.168283 | val_recall@10=0.582107
Epoch 001 | Step 17520 | lr=5.000000e-04 | loss=0.937545 | k_vals=[50, 100, 50, 1, 10]
Epoch 001 | Batch 17530 | val_kld=0.729625 | val_ordacc@10=0.168811 | val_recall@10=0.581815
Epoch 001 | Batch 17540 | val_kld=0.729008 | val_ordacc@10=0.166725 | val_recall@10=0.580236
Epoch 001 | Batch 17550 | val_kld=0.740088 | val_ordacc@10=0.166343 | val_recall@10=0.581815
Epoch 001 | Step 17550 | lr=5.000000e-04 | loss=0.758915 | k_vals=[1, 10, 20, 50, 50]
Epoch 001 | Batch 17560 | val_kld=0.727741 | val_ordacc@10=0.168560 | val_recall@10=0.581806
Epoch 001 | Batch 17570 | val_kld=0.729153 | val_ordacc@10=0.167852 | val_recall@10=0.581161
[Epoch 1] K-value distribution: K=1:450138(20.0%) | K=10:450114(20.0%) | K=20:449711(20.0%) | K=50:450051(20.0%) | K=100:449986(20.0%)
epoch 001 | train_kld=0.787785 | val_kld=0.732950 | val_mae=0.006634 | val_mse=0.001667 | ord_acc@10=0.1665 | recall@10=0.5856
Epoch 002 | Step 30 | lr=4.877641e-04 | loss=0.759853 | k_vals=[10, 50, 10, 50, 1]
Epoch 002 | Step 60 | lr=4.877641e-04 | loss=0.705597 | k_vals=[20, 20, 10, 100, 10]
Epoch 002 | Step 90 | lr=4.877641e-04 | loss=0.726009 | k_vals=[50, 1, 50, 20, 20]
Epoch 002 | Step 120 | lr=4.877641e-04 | loss=0.700583 | k_vals=[50, 10, 1, 20, 100]
Epoch 002 | Step 150 | lr=4.877641e-04 | loss=0.787357 | k_vals=[10, 1, 100, 1, 10]
Epoch 002 | Step 180 | lr=4.877641e-04 | loss=0.670599 | k_vals=[100, 1, 10, 100, 50]
Epoch 002 | Step 210 | lr=4.877641e-04 | loss=0.785455 | k_vals=[20, 100, 100, 100, 100]
Epoch 002 | Step 240 | lr=4.877641e-04 | loss=0.722858 | k_vals=[1, 20, 20, 1, 50]
Epoch 002 | Step 270 | lr=4.877641e-04 | loss=0.774235 | k_vals=[10, 10, 20, 1, 10]
Epoch 002 | Step 300 | lr=4.877641e-04 | loss=0.571563 | k_vals=[50, 50, 1, 1, 50]
Epoch 002 | Step 330 | lr=4.877641e-04 | loss=0.616435 | k_vals=[50, 50, 1, 10, 1]
Epoch 002 | Step 360 | lr=4.877641e-04 | loss=0.917348 | k_vals=[50, 20, 50, 1, 20]
Epoch 002 | Step 390 | lr=4.877641e-04 | loss=0.863697 | k_vals=[1, 20, 20, 20, 1]
Epoch 002 | Step 420 | lr=4.877641e-04 | loss=0.674852 | k_vals=[1, 20, 1, 50, 20]
Epoch 002 | Step 450 | lr=4.877641e-04 | loss=0.829123 | k_vals=[1, 100, 20, 50, 50]
Epoch 002 | Step 480 | lr=4.877641e-04 | loss=0.635721 | k_vals=[100, 20, 100, 100, 1]
Epoch 002 | Step 510 | lr=4.877641e-04 | loss=0.666987 | k_vals=[20, 10, 100, 10, 50]
Epoch 002 | Step 540 | lr=4.877641e-04 | loss=0.606849 | k_vals=[20, 100, 100, 10, 20]
Epoch 002 | Step 570 | lr=4.877641e-04 | loss=0.688415 | k_vals=[20, 10, 50, 100, 1]
Epoch 002 | Step 600 | lr=4.877641e-04 | loss=0.794962 | k_vals=[20, 50, 20, 20, 10]
Epoch 002 | Step 630 | lr=4.877641e-04 | loss=0.676937 | k_vals=[10, 1, 10, 50, 50]
Epoch 002 | Step 660 | lr=4.877641e-04 | loss=0.850376 | k_vals=[20, 100, 1, 20, 20]
Epoch 002 | Step 690 | lr=4.877641e-04 | loss=0.768117 | k_vals=[100, 100, 50, 100, 50]
Epoch 002 | Step 720 | lr=4.877641e-04 | loss=0.712450 | k_vals=[20, 1, 100, 50, 20]
Epoch 002 | Step 750 | lr=4.877641e-04 | loss=0.659269 | k_vals=[50, 50, 50, 20, 100]
Epoch 002 | Step 780 | lr=4.877641e-04 | loss=0.673612 | k_vals=[10, 50, 50, 100, 100]
Epoch 002 | Step 810 | lr=4.877641e-04 | loss=0.613889 | k_vals=[20, 50, 50, 1, 100]
Epoch 002 | Step 840 | lr=4.877641e-04 | loss=0.797576 | k_vals=[20, 100, 10, 1, 50]
Epoch 002 | Step 870 | lr=4.877641e-04 | loss=0.696125 | k_vals=[1, 50, 50, 10, 10]
Epoch 002 | Step 900 | lr=4.877641e-04 | loss=0.802819 | k_vals=[50, 10, 50, 10, 50]
Epoch 002 | Step 930 | lr=4.877641e-04 | loss=0.751721 | k_vals=[50, 10, 1, 50, 1]
Epoch 002 | Step 960 | lr=4.877641e-04 | loss=0.750922 | k_vals=[1, 100, 100, 10, 50]
Epoch 002 | Step 990 | lr=4.877641e-04 | loss=0.883888 | k_vals=[100, 20, 1, 20, 100]
Epoch 002 | Step 1020 | lr=4.877641e-04 | loss=0.623860 | k_vals=[100, 100, 20, 100, 100]
Epoch 002 | Step 1050 | lr=4.877641e-04 | loss=0.652620 | k_vals=[10, 50, 50, 50, 10]
Epoch 002 | Step 1080 | lr=4.877641e-04 | loss=0.669318 | k_vals=[10, 50, 100, 1, 10]
Epoch 002 | Step 1110 | lr=4.877641e-04 | loss=0.719747 | k_vals=[100, 50, 50, 100, 50]
Epoch 002 | Step 1140 | lr=4.877641e-04 | loss=0.679645 | k_vals=[20, 10, 50, 10, 20]
Epoch 002 | Step 1170 | lr=4.877641e-04 | loss=0.701121 | k_vals=[50, 100, 100, 1, 1]
Epoch 002 | Step 1200 | lr=4.877641e-04 | loss=0.672549 | k_vals=[10, 20, 50, 50, 1]
Epoch 002 | Step 1230 | lr=4.877641e-04 | loss=0.697953 | k_vals=[100, 1, 50, 20, 1]
Epoch 002 | Step 1260 | lr=4.877641e-04 | loss=0.697391 | k_vals=[10, 20, 50, 50, 50]
Epoch 002 | Step 1290 | lr=4.877641e-04 | loss=0.774361 | k_vals=[100, 1, 20, 1, 20]
Epoch 002 | Step 1320 | lr=4.877641e-04 | loss=0.665794 | k_vals=[1, 10, 50, 50, 1]
Epoch 002 | Step 1350 | lr=4.877641e-04 | loss=0.738950 | k_vals=[1, 1, 1, 100, 50]
Epoch 002 | Step 1380 | lr=4.877641e-04 | loss=0.680247 | k_vals=[50, 50, 100, 1, 100]
Epoch 002 | Step 1410 | lr=4.877641e-04 | loss=0.735245 | k_vals=[20, 1, 20, 50, 1]
Epoch 002 | Step 1440 | lr=4.877641e-04 | loss=0.786190 | k_vals=[50, 100, 100, 20, 50]
Epoch 002 | Step 1470 | lr=4.877641e-04 | loss=0.658657 | k_vals=[20, 100, 100, 20, 10]
Epoch 002 | Step 1500 | lr=4.877641e-04 | loss=0.741226 | k_vals=[10, 20, 1, 20, 50]
Epoch 002 | Step 1530 | lr=4.877641e-04 | loss=0.791985 | k_vals=[10, 1, 1, 50, 10]
Epoch 002 | Step 1560 | lr=4.877641e-04 | loss=0.643385 | k_vals=[10, 1, 100, 50, 1]
Epoch 002 | Step 1590 | lr=4.877641e-04 | loss=0.614086 | k_vals=[1, 100, 1, 50, 1]
Epoch 002 | Step 1620 | lr=4.877641e-04 | loss=0.782383 | k_vals=[100, 1, 10, 20, 10]
Epoch 002 | Step 1650 | lr=4.877641e-04 | loss=0.670826 | k_vals=[20, 10, 50, 50, 100]
Epoch 002 | Step 1680 | lr=4.877641e-04 | loss=0.762716 | k_vals=[10, 100, 100, 10, 20]
Epoch 002 | Step 1710 | lr=4.877641e-04 | loss=0.671269 | k_vals=[50, 50, 10, 20, 100]
Epoch 002 | Step 1740 | lr=4.877641e-04 | loss=0.723782 | k_vals=[10, 20, 1, 100, 10]
Epoch 002 | Step 1770 | lr=4.877641e-04 | loss=0.724779 | k_vals=[10, 100, 50, 1, 20]
Epoch 002 | Step 1800 | lr=4.877641e-04 | loss=0.860715 | k_vals=[1, 20, 10, 1, 1]
Epoch 002 | Step 1830 | lr=4.877641e-04 | loss=0.751009 | k_vals=[100, 1, 20, 1, 100]
Epoch 002 | Step 1860 | lr=4.877641e-04 | loss=0.671121 | k_vals=[10, 50, 100, 100, 1]
Epoch 002 | Step 1890 | lr=4.877641e-04 | loss=0.729195 | k_vals=[20, 20, 20, 10, 100]
Epoch 002 | Step 1920 | lr=4.877641e-04 | loss=0.735490 | k_vals=[50, 100, 20, 1, 10]
Epoch 002 | Step 1950 | lr=4.877641e-04 | loss=0.795175 | k_vals=[50, 10, 20, 100, 100]
Epoch 002 | Step 1980 | lr=4.877641e-04 | loss=0.681545 | k_vals=[50, 50, 20, 20, 10]
Epoch 002 | Step 2010 | lr=4.877641e-04 | loss=0.815120 | k_vals=[10, 1, 100, 10, 50]
Epoch 002 | Step 2040 | lr=4.877641e-04 | loss=0.764811 | k_vals=[100, 100, 50, 20, 1]
Epoch 002 | Step 2070 | lr=4.877641e-04 | loss=0.723839 | k_vals=[50, 20, 10, 10, 50]
Epoch 002 | Step 2100 | lr=4.877641e-04 | loss=0.762926 | k_vals=[10, 1, 20, 1, 10]
Epoch 002 | Step 2130 | lr=4.877641e-04 | loss=0.809862 | k_vals=[100, 100, 1, 1, 10]
Epoch 002 | Step 2160 | lr=4.877641e-04 | loss=0.800159 | k_vals=[20, 20, 20, 20, 10]
Epoch 002 | Step 2190 | lr=4.877641e-04 | loss=0.839032 | k_vals=[20, 50, 10, 10, 100]
Epoch 002 | Step 2220 | lr=4.877641e-04 | loss=0.624356 | k_vals=[50, 100, 20, 20, 20]
Epoch 002 | Step 2250 | lr=4.877641e-04 | loss=0.679253 | k_vals=[20, 50, 10, 100, 50]
Epoch 002 | Step 2280 | lr=4.877641e-04 | loss=0.659616 | k_vals=[100, 1, 20, 10, 20]
Epoch 002 | Step 2310 | lr=4.877641e-04 | loss=0.706784 | k_vals=[50, 1, 20, 1, 10]
Epoch 002 | Step 2340 | lr=4.877641e-04 | loss=0.881918 | k_vals=[10, 50, 20, 1, 50]
Epoch 002 | Step 2370 | lr=4.877641e-04 | loss=0.607892 | k_vals=[10, 10, 100, 1, 50]
Epoch 002 | Step 2400 | lr=4.877641e-04 | loss=0.685331 | k_vals=[10, 1, 50, 20, 50]
Epoch 002 | Step 2430 | lr=4.877641e-04 | loss=0.874947 | k_vals=[1, 100, 10, 1, 100]
Epoch 002 | Step 2460 | lr=4.877641e-04 | loss=0.752750 | k_vals=[10, 50, 100, 100, 10]
Epoch 002 | Step 2490 | lr=4.877641e-04 | loss=0.701939 | k_vals=[50, 1, 100, 1, 100]
Epoch 002 | Step 2520 | lr=4.877641e-04 | loss=0.651685 | k_vals=[1, 1, 100, 50, 10]
Epoch 002 | Step 2550 | lr=4.877641e-04 | loss=0.783283 | k_vals=[50, 100, 20, 10, 100]
Epoch 002 | Step 2580 | lr=4.877641e-04 | loss=0.745742 | k_vals=[20, 20, 50, 50, 100]
Epoch 002 | Step 2610 | lr=4.877641e-04 | loss=0.865782 | k_vals=[50, 10, 50, 10, 20]
Epoch 002 | Step 2640 | lr=4.877641e-04 | loss=0.738847 | k_vals=[50, 50, 100, 1, 1]
Epoch 002 | Step 2670 | lr=4.877641e-04 | loss=0.857439 | k_vals=[50, 100, 10, 50, 100]
Epoch 002 | Step 2700 | lr=4.877641e-04 | loss=0.499670 | k_vals=[10, 20, 10, 10, 20]
Epoch 002 | Step 2730 | lr=4.877641e-04 | loss=0.866556 | k_vals=[20, 100, 100, 10, 1]
Epoch 002 | Step 2760 | lr=4.877641e-04 | loss=0.776639 | k_vals=[10, 1, 10, 100, 20]
Epoch 002 | Step 2790 | lr=4.877641e-04 | loss=0.810323 | k_vals=[1, 1, 20, 20, 50]
Epoch 002 | Step 2820 | lr=4.877641e-04 | loss=0.881497 | k_vals=[20, 10, 1, 1, 50]
Epoch 002 | Step 2850 | lr=4.877641e-04 | loss=0.830255 | k_vals=[10, 100, 50, 1, 50]
Epoch 002 | Step 2880 | lr=4.877641e-04 | loss=0.884571 | k_vals=[50, 50, 10, 50, 1]
Epoch 002 | Step 2910 | lr=4.877641e-04 | loss=0.579933 | k_vals=[100, 20, 100, 100, 50]
Epoch 002 | Step 2940 | lr=4.877641e-04 | loss=0.704802 | k_vals=[50, 1, 1, 10, 1]
Epoch 002 | Step 2970 | lr=4.877641e-04 | loss=0.722490 | k_vals=[50, 10, 10, 20, 10]
Epoch 002 | Step 3000 | lr=4.877641e-04 | loss=0.665303 | k_vals=[10, 20, 1, 50, 100]
Epoch 002 | Step 3030 | lr=4.877641e-04 | loss=0.704792 | k_vals=[100, 1, 20, 10, 100]
Epoch 002 | Step 3060 | lr=4.877641e-04 | loss=0.961514 | k_vals=[50, 50, 20, 50, 100]
Epoch 002 | Step 3090 | lr=4.877641e-04 | loss=0.588621 | k_vals=[50, 20, 50, 10, 100]
Epoch 002 | Step 3120 | lr=4.877641e-04 | loss=0.533657 | k_vals=[100, 20, 1, 100, 50]
Epoch 002 | Step 3150 | lr=4.877641e-04 | loss=0.760888 | k_vals=[10, 20, 20, 10, 100]
Epoch 002 | Step 3180 | lr=4.877641e-04 | loss=0.699987 | k_vals=[20, 20, 20, 1, 100]
Epoch 002 | Step 3210 | lr=4.877641e-04 | loss=0.708886 | k_vals=[100, 100, 20, 50, 1]
Epoch 002 | Step 3240 | lr=4.877641e-04 | loss=0.731311 | k_vals=[10, 10, 20, 1, 1]
Epoch 002 | Step 3270 | lr=4.877641e-04 | loss=0.777976 | k_vals=[10, 1, 1, 20, 1]
Epoch 002 | Step 3300 | lr=4.877641e-04 | loss=0.933787 | k_vals=[100, 10, 20, 1, 10]
Epoch 002 | Step 3330 | lr=4.877641e-04 | loss=0.803547 | k_vals=[10, 10, 100, 10, 20]
Epoch 002 | Step 3360 | lr=4.877641e-04 | loss=0.757138 | k_vals=[50, 1, 20, 100, 100]
Epoch 002 | Step 3390 | lr=4.877641e-04 | loss=0.879356 | k_vals=[50, 50, 100, 50, 50]
Epoch 002 | Step 3420 | lr=4.877641e-04 | loss=0.725445 | k_vals=[1, 1, 50, 50, 1]
Epoch 002 | Step 3450 | lr=4.877641e-04 | loss=0.727353 | k_vals=[1, 50, 1, 50, 10]
Epoch 002 | Step 3480 | lr=4.877641e-04 | loss=0.742836 | k_vals=[1, 50, 50, 1, 100]
Epoch 002 | Step 3510 | lr=4.877641e-04 | loss=0.632866 | k_vals=[20, 10, 50, 1, 100]
Epoch 002 | Step 3540 | lr=4.877641e-04 | loss=0.678952 | k_vals=[50, 20, 100, 100, 20]
Epoch 002 | Step 3570 | lr=4.877641e-04 | loss=0.703776 | k_vals=[20, 10, 20, 100, 100]
Epoch 002 | Step 3600 | lr=4.877641e-04 | loss=0.638905 | k_vals=[10, 10, 10, 100, 10]
Epoch 002 | Step 3630 | lr=4.877641e-04 | loss=0.724956 | k_vals=[1, 100, 10, 50, 1]
Epoch 002 | Step 3660 | lr=4.877641e-04 | loss=0.703233 | k_vals=[100, 50, 100, 1, 100]
Epoch 002 | Step 3690 | lr=4.877641e-04 | loss=0.738921 | k_vals=[1, 1, 20, 100, 10]
Epoch 002 | Step 3720 | lr=4.877641e-04 | loss=0.799356 | k_vals=[10, 20, 20, 1, 1]
Epoch 002 | Step 3750 | lr=4.877641e-04 | loss=0.687196 | k_vals=[10, 20, 1, 50, 1]
Epoch 002 | Step 3780 | lr=4.877641e-04 | loss=0.733266 | k_vals=[20, 20, 1, 1, 10]
Epoch 002 | Step 3810 | lr=4.877641e-04 | loss=0.745908 | k_vals=[10, 10, 10, 100, 1]
Epoch 002 | Step 3840 | lr=4.877641e-04 | loss=0.881540 | k_vals=[100, 100, 50, 10, 20]
Epoch 002 | Step 3870 | lr=4.877641e-04 | loss=0.855668 | k_vals=[50, 50, 10, 20, 10]
Epoch 002 | Step 3900 | lr=4.877641e-04 | loss=0.751333 | k_vals=[100, 100, 1, 20, 100]
Epoch 002 | Step 3930 | lr=4.877641e-04 | loss=0.773257 | k_vals=[50, 50, 10, 1, 10]
Epoch 002 | Step 3960 | lr=4.877641e-04 | loss=0.769268 | k_vals=[10, 50, 10, 20, 1]
Epoch 002 | Step 3990 | lr=4.877641e-04 | loss=0.708989 | k_vals=[10, 1, 100, 100, 100]
Epoch 002 | Step 4020 | lr=4.877641e-04 | loss=0.629084 | k_vals=[20, 10, 10, 1, 50]
Epoch 002 | Step 4050 | lr=4.877641e-04 | loss=0.698955 | k_vals=[1, 100, 50, 20, 10]
Epoch 002 | Step 4080 | lr=4.877641e-04 | loss=0.695743 | k_vals=[20, 100, 1, 50, 50]
Epoch 002 | Step 4110 | lr=4.877641e-04 | loss=0.665173 | k_vals=[100, 10, 50, 100, 100]
Epoch 002 | Step 4140 | lr=4.877641e-04 | loss=0.702150 | k_vals=[20, 20, 10, 50, 10]
Epoch 002 | Step 4170 | lr=4.877641e-04 | loss=0.676273 | k_vals=[20, 1, 50, 1, 50]
Epoch 002 | Step 4200 | lr=4.877641e-04 | loss=0.662854 | k_vals=[20, 20, 100, 100, 10]
Epoch 002 | Step 4230 | lr=4.877641e-04 | loss=0.621922 | k_vals=[20, 10, 20, 10, 1]
Epoch 002 | Step 4260 | lr=4.877641e-04 | loss=0.653922 | k_vals=[1, 50, 100, 20, 1]
Epoch 002 | Step 4290 | lr=4.877641e-04 | loss=0.820144 | k_vals=[100, 20, 1, 10, 10]
Epoch 002 | Step 4320 | lr=4.877641e-04 | loss=0.895472 | k_vals=[50, 1, 50, 1, 100]
Epoch 002 | Step 4350 | lr=4.877641e-04 | loss=0.743010 | k_vals=[10, 50, 1, 20, 20]
Epoch 002 | Step 4380 | lr=4.877641e-04 | loss=0.993945 | k_vals=[20, 1, 10, 100, 1]
Epoch 002 | Step 4410 | lr=4.877641e-04 | loss=0.824410 | k_vals=[10, 20, 50, 100, 20]
Epoch 002 | Step 4440 | lr=4.877641e-04 | loss=0.775234 | k_vals=[10, 20, 50, 50, 20]
Epoch 002 | Step 4470 | lr=4.877641e-04 | loss=0.780980 | k_vals=[50, 50, 20, 10, 100]
Epoch 002 | Step 4500 | lr=4.877641e-04 | loss=0.769492 | k_vals=[10, 50, 50, 100, 1]
Epoch 002 | Step 4530 | lr=4.877641e-04 | loss=0.666661 | k_vals=[20, 100, 100, 20, 100]
Epoch 002 | Step 4560 | lr=4.877641e-04 | loss=0.795067 | k_vals=[20, 20, 1, 20, 1]
Epoch 002 | Step 4590 | lr=4.877641e-04 | loss=0.697190 | k_vals=[100, 1, 20, 10, 100]
Epoch 002 | Step 4620 | lr=4.877641e-04 | loss=0.734365 | k_vals=[50, 100, 50, 50, 100]
Epoch 002 | Step 4650 | lr=4.877641e-04 | loss=0.827742 | k_vals=[1, 10, 50, 1, 1]
Epoch 002 | Step 4680 | lr=4.877641e-04 | loss=0.728526 | k_vals=[50, 50, 10, 1, 50]
Epoch 002 | Step 4710 | lr=4.877641e-04 | loss=0.721560 | k_vals=[100, 1, 50, 50, 50]
Epoch 002 | Step 4740 | lr=4.877641e-04 | loss=0.578706 | k_vals=[100, 100, 20, 10, 20]
Epoch 002 | Step 4770 | lr=4.877641e-04 | loss=0.704410 | k_vals=[1, 20, 20, 100, 10]
Epoch 002 | Step 4800 | lr=4.877641e-04 | loss=0.700268 | k_vals=[1, 50, 1, 1, 100]
Epoch 002 | Step 4830 | lr=4.877641e-04 | loss=0.763948 | k_vals=[50, 20, 50, 50, 1]
Epoch 002 | Step 4860 | lr=4.877641e-04 | loss=0.767242 | k_vals=[50, 100, 50, 1, 1]
Epoch 002 | Step 4890 | lr=4.877641e-04 | loss=0.715000 | k_vals=[20, 20, 20, 50, 100]
Epoch 002 | Step 4920 | lr=4.877641e-04 | loss=0.724680 | k_vals=[20, 100, 100, 10, 1]
Epoch 002 | Step 4950 | lr=4.877641e-04 | loss=0.718183 | k_vals=[10, 20, 20, 20, 50]
Epoch 002 | Step 4980 | lr=4.877641e-04 | loss=0.817587 | k_vals=[50, 1, 50, 100, 20]
Epoch 002 | Step 5010 | lr=4.877641e-04 | loss=0.602195 | k_vals=[50, 1, 10, 50, 100]
Epoch 002 | Step 5040 | lr=4.877641e-04 | loss=0.929088 | k_vals=[50, 10, 20, 100, 50]
Epoch 002 | Step 5070 | lr=4.877641e-04 | loss=0.696604 | k_vals=[100, 100, 1, 100, 10]
Epoch 002 | Step 5100 | lr=4.877641e-04 | loss=0.684795 | k_vals=[20, 20, 50, 100, 50]
Epoch 002 | Step 5130 | lr=4.877641e-04 | loss=0.835455 | k_vals=[50, 10, 1, 100, 100]
Epoch 002 | Step 5160 | lr=4.877641e-04 | loss=0.838109 | k_vals=[1, 10, 20, 50, 50]
Epoch 002 | Step 5190 | lr=4.877641e-04 | loss=0.722090 | k_vals=[20, 10, 1, 50, 100]
Epoch 002 | Step 5220 | lr=4.877641e-04 | loss=0.686364 | k_vals=[100, 20, 1, 20, 1]
Epoch 002 | Step 5250 | lr=4.877641e-04 | loss=0.699439 | k_vals=[100, 1, 1, 100, 1]
Epoch 002 | Step 5280 | lr=4.877641e-04 | loss=0.576617 | k_vals=[20, 10, 10, 10, 100]
Epoch 002 | Step 5310 | lr=4.877641e-04 | loss=0.644123 | k_vals=[100, 100, 20, 50, 1]
Epoch 002 | Step 5340 | lr=4.877641e-04 | loss=0.663147 | k_vals=[100, 20, 20, 20, 10]
Epoch 002 | Step 5370 | lr=4.877641e-04 | loss=0.647614 | k_vals=[100, 10, 20, 100, 1]
Epoch 002 | Step 5400 | lr=4.877641e-04 | loss=0.655390 | k_vals=[100, 100, 50, 50, 1]
Epoch 002 | Step 5430 | lr=4.877641e-04 | loss=0.836502 | k_vals=[50, 10, 100, 100, 50]
Epoch 002 | Step 5460 | lr=4.877641e-04 | loss=0.734376 | k_vals=[100, 10, 50, 1, 1]
Epoch 002 | Step 5490 | lr=4.877641e-04 | loss=0.700924 | k_vals=[20, 50, 20, 1, 1]
Epoch 002 | Step 5520 | lr=4.877641e-04 | loss=0.639063 | k_vals=[1, 100, 100, 20, 100]
Epoch 002 | Step 5550 | lr=4.877641e-04 | loss=0.698591 | k_vals=[50, 100, 10, 50, 50]
Epoch 002 | Step 5580 | lr=4.877641e-04 | loss=0.585749 | k_vals=[20, 50, 10, 10, 20]
Epoch 002 | Step 5610 | lr=4.877641e-04 | loss=0.795788 | k_vals=[1, 20, 10, 20, 1]
Epoch 002 | Step 5640 | lr=4.877641e-04 | loss=0.710515 | k_vals=[1, 50, 10, 100, 10]
Epoch 002 | Step 5670 | lr=4.877641e-04 | loss=0.887051 | k_vals=[50, 20, 10, 1, 10]
Epoch 002 | Step 5700 | lr=4.877641e-04 | loss=0.813177 | k_vals=[50, 10, 20, 20, 10]
Epoch 002 | Step 5730 | lr=4.877641e-04 | loss=0.590669 | k_vals=[20, 100, 100, 100, 1]
Epoch 002 | Step 5760 | lr=4.877641e-04 | loss=0.647557 | k_vals=[10, 10, 10, 50, 20]
Epoch 002 | Step 5790 | lr=4.877641e-04 | loss=0.837210 | k_vals=[50, 1, 100, 10, 100]
Epoch 002 | Step 5820 | lr=4.877641e-04 | loss=0.660186 | k_vals=[10, 100, 20, 100, 10]
Epoch 002 | Step 5850 | lr=4.877641e-04 | loss=0.725464 | k_vals=[20, 1, 20, 10, 50]
Epoch 002 | Step 5880 | lr=4.877641e-04 | loss=0.710554 | k_vals=[50, 100, 20, 20, 100]
Epoch 002 | Step 5910 | lr=4.877641e-04 | loss=0.671439 | k_vals=[1, 50, 1, 50, 10]
Epoch 002 | Step 5940 | lr=4.877641e-04 | loss=0.714286 | k_vals=[20, 20, 20, 50, 100]
Epoch 002 | Step 5970 | lr=4.877641e-04 | loss=0.672933 | k_vals=[20, 100, 10, 1, 100]
Epoch 002 | Step 6000 | lr=4.877641e-04 | loss=0.821217 | k_vals=[50, 20, 50, 50, 100]
Epoch 002 | Step 6030 | lr=4.877641e-04 | loss=0.599089 | k_vals=[1, 50, 20, 100, 10]
Epoch 002 | Step 6060 | lr=4.877641e-04 | loss=0.678175 | k_vals=[20, 100, 10, 10, 20]
Epoch 002 | Step 6090 | lr=4.877641e-04 | loss=0.777603 | k_vals=[50, 10, 100, 50, 1]
Epoch 002 | Step 6120 | lr=4.877641e-04 | loss=0.704898 | k_vals=[50, 100, 10, 100, 10]
Epoch 002 | Step 6150 | lr=4.877641e-04 | loss=0.828453 | k_vals=[1, 100, 100, 1, 20]
Epoch 002 | Step 6180 | lr=4.877641e-04 | loss=0.683512 | k_vals=[100, 10, 20, 20, 20]
Epoch 002 | Step 6210 | lr=4.877641e-04 | loss=0.747419 | k_vals=[20, 50, 1, 50, 100]
Epoch 002 | Step 6240 | lr=4.877641e-04 | loss=0.821187 | k_vals=[1, 1, 1, 20, 1]
Epoch 002 | Step 6270 | lr=4.877641e-04 | loss=0.736984 | k_vals=[50, 100, 10, 10, 20]
Epoch 002 | Step 6300 | lr=4.877641e-04 | loss=0.721627 | k_vals=[100, 1, 1, 100, 20]
Epoch 002 | Step 6330 | lr=4.877641e-04 | loss=0.707249 | k_vals=[10, 50, 50, 100, 1]
Epoch 002 | Step 6360 | lr=4.877641e-04 | loss=0.679049 | k_vals=[20, 100, 1, 50, 50]
Epoch 002 | Step 6390 | lr=4.877641e-04 | loss=0.796396 | k_vals=[1, 50, 100, 100, 1]
Epoch 002 | Step 6420 | lr=4.877641e-04 | loss=0.683633 | k_vals=[1, 1, 20, 100, 10]
Epoch 002 | Step 6450 | lr=4.877641e-04 | loss=0.707166 | k_vals=[20, 100, 1, 100, 50]
Epoch 002 | Step 6480 | lr=4.877641e-04 | loss=0.735932 | k_vals=[50, 50, 1, 1, 100]
Epoch 002 | Step 6510 | lr=4.877641e-04 | loss=0.637759 | k_vals=[1, 10, 100, 50, 20]
Epoch 002 | Step 6540 | lr=4.877641e-04 | loss=0.567197 | k_vals=[10, 10, 100, 50, 10]
Epoch 002 | Step 6570 | lr=4.877641e-04 | loss=0.642794 | k_vals=[20, 100, 1, 10, 100]
Epoch 002 | Step 6600 | lr=4.877641e-04 | loss=0.727848 | k_vals=[20, 20, 10, 20, 20]
Epoch 002 | Step 6630 | lr=4.877641e-04 | loss=0.689458 | k_vals=[20, 20, 100, 20, 100]
Epoch 002 | Step 6660 | lr=4.877641e-04 | loss=0.782972 | k_vals=[100, 20, 20, 20, 10]
Epoch 002 | Step 6690 | lr=4.877641e-04 | loss=0.814116 | k_vals=[50, 10, 1, 10, 100]
Epoch 002 | Step 6720 | lr=4.877641e-04 | loss=0.897396 | k_vals=[10, 10, 50, 20, 50]
Epoch 002 | Step 6750 | lr=4.877641e-04 | loss=0.774234 | k_vals=[100, 50, 50, 50, 100]
Epoch 002 | Step 6780 | lr=4.877641e-04 | loss=0.576340 | k_vals=[1, 50, 50, 100, 20]
Epoch 002 | Step 6810 | lr=4.877641e-04 | loss=0.838652 | k_vals=[10, 1, 50, 1, 1]
Epoch 002 | Step 6840 | lr=4.877641e-04 | loss=0.810064 | k_vals=[100, 20, 20, 1, 20]
Epoch 002 | Step 6870 | lr=4.877641e-04 | loss=0.728008 | k_vals=[20, 1, 20, 1, 1]
Epoch 002 | Step 6900 | lr=4.877641e-04 | loss=0.811837 | k_vals=[100, 1, 50, 10, 50]
Epoch 002 | Step 6930 | lr=4.877641e-04 | loss=0.678632 | k_vals=[10, 50, 50, 100, 20]
Epoch 002 | Step 6960 | lr=4.877641e-04 | loss=0.692497 | k_vals=[20, 50, 10, 20, 20]
Epoch 002 | Step 6990 | lr=4.877641e-04 | loss=0.667954 | k_vals=[50, 100, 20, 1, 10]
Epoch 002 | Step 7020 | lr=4.877641e-04 | loss=0.780246 | k_vals=[20, 1, 50, 1, 50]
Epoch 002 | Step 7050 | lr=4.877641e-04 | loss=0.643070 | k_vals=[100, 20, 50, 10, 10]
Epoch 002 | Step 7080 | lr=4.877641e-04 | loss=0.695535 | k_vals=[20, 20, 10, 100, 20]
Epoch 002 | Step 7110 | lr=4.877641e-04 | loss=0.742929 | k_vals=[1, 1, 100, 20, 20]
Epoch 002 | Step 7140 | lr=4.877641e-04 | loss=0.892547 | k_vals=[1, 20, 10, 1, 1]
Epoch 002 | Step 7170 | lr=4.877641e-04 | loss=0.785901 | k_vals=[20, 20, 10, 100, 100]
Epoch 002 | Step 7200 | lr=4.877641e-04 | loss=0.768614 | k_vals=[100, 20, 1, 10, 10]
Epoch 002 | Step 7230 | lr=4.877641e-04 | loss=0.593987 | k_vals=[1, 50, 50, 50, 20]
Epoch 002 | Step 7260 | lr=4.877641e-04 | loss=0.729287 | k_vals=[1, 10, 1, 10, 1]
Epoch 002 | Step 7290 | lr=4.877641e-04 | loss=0.731773 | k_vals=[1, 10, 10, 10, 10]
Epoch 002 | Step 7320 | lr=4.877641e-04 | loss=0.793865 | k_vals=[50, 1, 50, 20, 10]
Epoch 002 | Step 7350 | lr=4.877641e-04 | loss=0.668735 | k_vals=[1, 10, 20, 50, 10]
Epoch 002 | Step 7380 | lr=4.877641e-04 | loss=0.711090 | k_vals=[1, 10, 10, 100, 10]
Epoch 002 | Step 7410 | lr=4.877641e-04 | loss=0.774542 | k_vals=[100, 10, 1, 1, 20]
Epoch 002 | Step 7440 | lr=4.877641e-04 | loss=0.873245 | k_vals=[1, 50, 10, 100, 100]
Epoch 002 | Step 7470 | lr=4.877641e-04 | loss=0.665632 | k_vals=[1, 50, 100, 100, 20]
Epoch 002 | Step 7500 | lr=4.877641e-04 | loss=0.736337 | k_vals=[1, 10, 20, 1, 10]
Epoch 002 | Step 7530 | lr=4.877641e-04 | loss=0.897011 | k_vals=[1, 50, 50, 50, 1]
Epoch 002 | Step 7560 | lr=4.877641e-04 | loss=0.720004 | k_vals=[20, 100, 20, 100, 20]
Epoch 002 | Step 7590 | lr=4.877641e-04 | loss=0.833690 | k_vals=[1, 1, 50, 20, 50]
Epoch 002 | Step 7620 | lr=4.877641e-04 | loss=0.694573 | k_vals=[10, 50, 50, 20, 1]
Epoch 002 | Step 7650 | lr=4.877641e-04 | loss=0.592767 | k_vals=[20, 20, 20, 100, 10]
Epoch 002 | Step 7680 | lr=4.877641e-04 | loss=0.689101 | k_vals=[100, 100, 100, 1, 50]
Epoch 002 | Step 7710 | lr=4.877641e-04 | loss=0.805743 | k_vals=[10, 100, 50, 20, 50]
Epoch 002 | Step 7740 | lr=4.877641e-04 | loss=0.663836 | k_vals=[10, 50, 1, 1, 1]
Epoch 002 | Step 7770 | lr=4.877641e-04 | loss=0.617203 | k_vals=[100, 50, 1, 1, 100]
Epoch 002 | Step 7800 | lr=4.877641e-04 | loss=0.676381 | k_vals=[10, 1, 20, 10, 50]
Epoch 002 | Step 7830 | lr=4.877641e-04 | loss=0.596167 | k_vals=[100, 1, 100, 100, 10]
Epoch 002 | Step 7860 | lr=4.877641e-04 | loss=0.641613 | k_vals=[20, 50, 20, 10, 10]
Epoch 002 | Step 7890 | lr=4.877641e-04 | loss=0.850038 | k_vals=[1, 20, 10, 20, 100]
Epoch 002 | Step 7920 | lr=4.877641e-04 | loss=0.735773 | k_vals=[100, 1, 100, 50, 20]
Epoch 002 | Step 7950 | lr=4.877641e-04 | loss=0.673992 | k_vals=[100, 20, 10, 10, 20]
Epoch 002 | Step 7980 | lr=4.877641e-04 | loss=0.712358 | k_vals=[1, 1, 20, 1, 1]
Epoch 002 | Step 8010 | lr=4.877641e-04 | loss=0.703527 | k_vals=[20, 1, 20, 100, 1]
Epoch 002 | Step 8040 | lr=4.877641e-04 | loss=0.753085 | k_vals=[1, 1, 10, 20, 10]
Epoch 002 | Step 8070 | lr=4.877641e-04 | loss=0.678318 | k_vals=[50, 100, 100, 10, 20]
Epoch 002 | Step 8100 | lr=4.877641e-04 | loss=0.766504 | k_vals=[10, 20, 1, 1, 20]
Epoch 002 | Step 8130 | lr=4.877641e-04 | loss=0.800875 | k_vals=[10, 10, 20, 50, 10]
Epoch 002 | Step 8160 | lr=4.877641e-04 | loss=0.592563 | k_vals=[20, 100, 100, 20, 100]
Epoch 002 | Step 8190 | lr=4.877641e-04 | loss=0.725905 | k_vals=[100, 10, 100, 50, 10]
Epoch 002 | Step 8220 | lr=4.877641e-04 | loss=0.670351 | k_vals=[100, 10, 20, 100, 1]
Epoch 002 | Step 8250 | lr=4.877641e-04 | loss=0.854733 | k_vals=[100, 100, 50, 50, 10]
Epoch 002 | Step 8280 | lr=4.877641e-04 | loss=0.775397 | k_vals=[20, 50, 1, 50, 50]
Epoch 002 | Step 8310 | lr=4.877641e-04 | loss=0.749023 | k_vals=[10, 1, 10, 50, 10]
Epoch 002 | Step 8340 | lr=4.877641e-04 | loss=0.645237 | k_vals=[1, 10, 20, 10, 100]
Epoch 002 | Step 8370 | lr=4.877641e-04 | loss=0.887294 | k_vals=[10, 1, 50, 20, 20]
Epoch 002 | Step 8400 | lr=4.877641e-04 | loss=0.750115 | k_vals=[100, 1, 1, 20, 100]
Epoch 002 | Step 8430 | lr=4.877641e-04 | loss=0.630450 | k_vals=[100, 50, 50, 100, 10]
Epoch 002 | Step 8460 | lr=4.877641e-04 | loss=0.744124 | k_vals=[100, 1, 50, 50, 10]
Epoch 002 | Step 8490 | lr=4.877641e-04 | loss=0.690493 | k_vals=[100, 1, 10, 10, 100]
Epoch 002 | Step 8520 | lr=4.877641e-04 | loss=0.767420 | k_vals=[20, 10, 100, 100, 20]
Epoch 002 | Step 8550 | lr=4.877641e-04 | loss=0.813146 | k_vals=[100, 50, 100, 20, 100]
Epoch 002 | Step 8580 | lr=4.877641e-04 | loss=0.773176 | k_vals=[50, 50, 100, 1, 100]
Epoch 002 | Step 8610 | lr=4.877641e-04 | loss=0.677827 | k_vals=[100, 50, 50, 10, 1]
Epoch 002 | Step 8640 | lr=4.877641e-04 | loss=0.738889 | k_vals=[50, 100, 100, 100, 20]
Epoch 002 | Step 8670 | lr=4.877641e-04 | loss=0.767498 | k_vals=[20, 100, 20, 10, 10]
Epoch 002 | Step 8700 | lr=4.877641e-04 | loss=0.710745 | k_vals=[1, 20, 20, 50, 1]
Epoch 002 | Step 8730 | lr=4.877641e-04 | loss=0.733305 | k_vals=[50, 10, 10, 20, 10]
Epoch 002 | Step 8760 | lr=4.877641e-04 | loss=0.913995 | k_vals=[20, 20, 50, 20, 20]
Epoch 002 | Step 8790 | lr=4.877641e-04 | loss=0.707372 | k_vals=[100, 100, 100, 20, 10]
Epoch 002 | Step 8820 | lr=4.877641e-04 | loss=0.887030 | k_vals=[20, 1, 10, 50, 50]
Epoch 002 | Step 8850 | lr=4.877641e-04 | loss=0.625735 | k_vals=[20, 20, 1, 10, 100]
Epoch 002 | Step 8880 | lr=4.877641e-04 | loss=0.725451 | k_vals=[1, 100, 10, 50, 10]
Epoch 002 | Step 8910 | lr=4.877641e-04 | loss=0.651256 | k_vals=[20, 50, 10, 10, 100]
Epoch 002 | Step 8940 | lr=4.877641e-04 | loss=0.931887 | k_vals=[1, 50, 100, 1, 1]
Epoch 002 | Step 8970 | lr=4.877641e-04 | loss=0.646191 | k_vals=[10, 1, 100, 20, 10]
Epoch 002 | Step 9000 | lr=4.877641e-04 | loss=0.729724 | k_vals=[50, 50, 20, 1, 10]
Epoch 002 | Step 9030 | lr=4.877641e-04 | loss=0.663198 | k_vals=[50, 100, 20, 10, 50]
Epoch 002 | Step 9060 | lr=4.877641e-04 | loss=0.638257 | k_vals=[50, 1, 10, 10, 100]
Epoch 002 | Step 9090 | lr=4.877641e-04 | loss=0.840878 | k_vals=[1, 100, 10, 1, 50]
Epoch 002 | Step 9120 | lr=4.877641e-04 | loss=0.675518 | k_vals=[100, 20, 20, 50, 1]
Epoch 002 | Step 9150 | lr=4.877641e-04 | loss=0.631424 | k_vals=[100, 50, 100, 20, 20]
Epoch 002 | Step 9180 | lr=4.877641e-04 | loss=0.743446 | k_vals=[10, 1, 20, 50, 20]
Epoch 002 | Step 9210 | lr=4.877641e-04 | loss=0.753988 | k_vals=[100, 100, 100, 50, 50]
Epoch 002 | Step 9240 | lr=4.877641e-04 | loss=0.808382 | k_vals=[100, 50, 50, 10, 100]
Epoch 002 | Step 9270 | lr=4.877641e-04 | loss=0.685328 | k_vals=[100, 100, 1, 100, 1]
Epoch 002 | Step 9300 | lr=4.877641e-04 | loss=0.681119 | k_vals=[20, 100, 1, 50, 100]
Epoch 002 | Step 9330 | lr=4.877641e-04 | loss=0.808120 | k_vals=[20, 10, 1, 100, 10]
Epoch 002 | Step 9360 | lr=4.877641e-04 | loss=0.796284 | k_vals=[10, 20, 10, 50, 1]
Epoch 002 | Step 9390 | lr=4.877641e-04 | loss=0.861316 | k_vals=[20, 1, 100, 20, 1]
Epoch 002 | Step 9420 | lr=4.877641e-04 | loss=0.756197 | k_vals=[100, 10, 1, 20, 1]
Epoch 002 | Step 9450 | lr=4.877641e-04 | loss=0.627828 | k_vals=[1, 1, 100, 1, 100]
Epoch 002 | Step 9480 | lr=4.877641e-04 | loss=0.551468 | k_vals=[50, 10, 1, 100, 1]
Epoch 002 | Step 9510 | lr=4.877641e-04 | loss=0.733535 | k_vals=[100, 1, 20, 100, 10]
Epoch 002 | Step 9540 | lr=4.877641e-04 | loss=0.722269 | k_vals=[50, 100, 50, 20, 1]
Epoch 002 | Step 9570 | lr=4.877641e-04 | loss=0.617536 | k_vals=[10, 100, 100, 1, 50]
Epoch 002 | Step 9600 | lr=4.877641e-04 | loss=0.823092 | k_vals=[1, 1, 100, 1, 100]
Epoch 002 | Step 9630 | lr=4.877641e-04 | loss=0.761234 | k_vals=[10, 1, 100, 10, 20]
Epoch 002 | Step 9660 | lr=4.877641e-04 | loss=0.718096 | k_vals=[50, 100, 20, 20, 50]
Epoch 002 | Step 9690 | lr=4.877641e-04 | loss=0.718257 | k_vals=[10, 10, 1, 20, 100]
Epoch 002 | Step 9720 | lr=4.877641e-04 | loss=0.887755 | k_vals=[50, 50, 10, 1, 10]
Epoch 002 | Step 9750 | lr=4.877641e-04 | loss=0.781720 | k_vals=[100, 50, 100, 1, 100]
Epoch 002 | Step 9780 | lr=4.877641e-04 | loss=0.746623 | k_vals=[1, 100, 10, 1, 10]
Epoch 002 | Step 9810 | lr=4.877641e-04 | loss=0.652145 | k_vals=[10, 1, 20, 100, 100]
Epoch 002 | Step 9840 | lr=4.877641e-04 | loss=0.647796 | k_vals=[50, 50, 50, 50, 10]
Epoch 002 | Step 9870 | lr=4.877641e-04 | loss=0.727689 | k_vals=[10, 100, 50, 20, 10]
Epoch 002 | Step 9900 | lr=4.877641e-04 | loss=0.670010 | k_vals=[1, 20, 10, 20, 1]
Epoch 002 | Step 9930 | lr=4.877641e-04 | loss=0.957173 | k_vals=[1, 100, 100, 50, 50]
Epoch 002 | Step 9960 | lr=4.877641e-04 | loss=0.759846 | k_vals=[10, 100, 1, 10, 10]
Epoch 002 | Step 9990 | lr=4.877641e-04 | loss=0.759123 | k_vals=[100, 1, 1, 10, 10]
Epoch 002 | Step 10020 | lr=4.877641e-04 | loss=0.786257 | k_vals=[10, 100, 100, 10, 10]
Epoch 002 | Step 10050 | lr=4.877641e-04 | loss=0.698632 | k_vals=[1, 10, 50, 50, 20]
Epoch 002 | Step 10080 | lr=4.877641e-04 | loss=0.904668 | k_vals=[100, 50, 1, 1, 10]
Epoch 002 | Step 10110 | lr=4.877641e-04 | loss=0.707724 | k_vals=[1, 1, 10, 10, 20]
Epoch 002 | Step 10140 | lr=4.877641e-04 | loss=0.786229 | k_vals=[50, 100, 20, 1, 1]
Epoch 002 | Step 10170 | lr=4.877641e-04 | loss=0.686661 | k_vals=[10, 20, 100, 20, 20]
Epoch 002 | Step 10200 | lr=4.877641e-04 | loss=0.680811 | k_vals=[10, 50, 100, 50, 20]
Epoch 002 | Step 10230 | lr=4.877641e-04 | loss=0.593498 | k_vals=[20, 10, 100, 10, 100]
Epoch 002 | Step 10260 | lr=4.877641e-04 | loss=0.718488 | k_vals=[1, 100, 50, 1, 1]
Epoch 002 | Step 10290 | lr=4.877641e-04 | loss=0.758911 | k_vals=[20, 20, 100, 10, 1]
Epoch 002 | Step 10320 | lr=4.877641e-04 | loss=0.663332 | k_vals=[10, 10, 1, 100, 10]
Epoch 002 | Step 10350 | lr=4.877641e-04 | loss=0.645795 | k_vals=[1, 50, 10, 1, 50]
Epoch 002 | Step 10380 | lr=4.877641e-04 | loss=0.774803 | k_vals=[100, 10, 100, 20, 20]
Epoch 002 | Step 10410 | lr=4.877641e-04 | loss=0.639946 | k_vals=[50, 50, 100, 20, 50]
Epoch 002 | Step 10440 | lr=4.877641e-04 | loss=0.749626 | k_vals=[100, 20, 100, 50, 100]
Epoch 002 | Step 10470 | lr=4.877641e-04 | loss=0.671688 | k_vals=[50, 1, 10, 50, 10]
Epoch 002 | Step 10500 | lr=4.877641e-04 | loss=0.760005 | k_vals=[1, 1, 20, 10, 100]
Epoch 002 | Step 10530 | lr=4.877641e-04 | loss=0.758852 | k_vals=[50, 50, 50, 20, 50]
Epoch 002 | Step 10560 | lr=4.877641e-04 | loss=0.773081 | k_vals=[1, 50, 50, 100, 10]
Epoch 002 | Step 10590 | lr=4.877641e-04 | loss=0.799794 | k_vals=[1, 100, 1, 1, 10]
Epoch 002 | Step 10620 | lr=4.877641e-04 | loss=0.678681 | k_vals=[20, 50, 1, 20, 100]
Epoch 002 | Step 10650 | lr=4.877641e-04 | loss=0.729270 | k_vals=[100, 50, 20, 100, 50]
Epoch 002 | Step 10680 | lr=4.877641e-04 | loss=0.725288 | k_vals=[50, 50, 10, 20, 100]
Epoch 002 | Step 10710 | lr=4.877641e-04 | loss=0.819229 | k_vals=[100, 10, 50, 10, 20]
Epoch 002 | Step 10740 | lr=4.877641e-04 | loss=0.941249 | k_vals=[50, 100, 1, 100, 50]
Epoch 002 | Step 10770 | lr=4.877641e-04 | loss=0.849778 | k_vals=[100, 1, 1, 50, 1]
Epoch 002 | Step 10800 | lr=4.877641e-04 | loss=0.766754 | k_vals=[10, 50, 20, 50, 50]
Epoch 002 | Step 10830 | lr=4.877641e-04 | loss=0.869775 | k_vals=[10, 50, 50, 50, 100]
Epoch 002 | Step 10860 | lr=4.877641e-04 | loss=0.807447 | k_vals=[20, 10, 50, 20, 20]
Epoch 002 | Step 10890 | lr=4.877641e-04 | loss=0.866276 | k_vals=[1, 10, 20, 1, 1]
Epoch 002 | Step 10920 | lr=4.877641e-04 | loss=0.924506 | k_vals=[1, 100, 100, 10, 1]
Epoch 002 | Step 10950 | lr=4.877641e-04 | loss=0.756494 | k_vals=[50, 1, 100, 1, 100]
Epoch 002 | Step 10980 | lr=4.877641e-04 | loss=0.752081 | k_vals=[1, 1, 10, 50, 20]
Epoch 002 | Step 11010 | lr=4.877641e-04 | loss=0.745498 | k_vals=[20, 100, 20, 100, 50]
Epoch 002 | Step 11040 | lr=4.877641e-04 | loss=0.696178 | k_vals=[50, 100, 1, 20, 1]
Epoch 002 | Step 11070 | lr=4.877641e-04 | loss=0.641859 | k_vals=[50, 10, 20, 100, 10]
Epoch 002 | Step 11100 | lr=4.877641e-04 | loss=0.792763 | k_vals=[10, 10, 1, 20, 100]
Epoch 002 | Step 11130 | lr=4.877641e-04 | loss=0.711286 | k_vals=[20, 100, 1, 1, 50]
Epoch 002 | Step 11160 | lr=4.877641e-04 | loss=0.786068 | k_vals=[20, 10, 1, 1, 50]
Epoch 002 | Step 11190 | lr=4.877641e-04 | loss=0.756152 | k_vals=[1, 50, 20, 10, 100]
Epoch 002 | Step 11220 | lr=4.877641e-04 | loss=0.619844 | k_vals=[20, 10, 20, 50, 50]
Epoch 002 | Step 11250 | lr=4.877641e-04 | loss=0.638161 | k_vals=[1, 50, 1, 20, 100]
Epoch 002 | Step 11280 | lr=4.877641e-04 | loss=0.748860 | k_vals=[100, 1, 1, 100, 50]
Epoch 002 | Step 11310 | lr=4.877641e-04 | loss=0.854489 | k_vals=[10, 100, 20, 50, 10]
Epoch 002 | Step 11340 | lr=4.877641e-04 | loss=0.792789 | k_vals=[1, 10, 100, 1, 50]
Epoch 002 | Step 11370 | lr=4.877641e-04 | loss=0.792722 | k_vals=[100, 1, 50, 20, 100]
Epoch 002 | Step 11400 | lr=4.877641e-04 | loss=0.715333 | k_vals=[1, 1, 1, 100, 10]
Epoch 002 | Step 11430 | lr=4.877641e-04 | loss=0.705168 | k_vals=[1, 50, 10, 100, 20]
Epoch 002 | Step 11460 | lr=4.877641e-04 | loss=0.736358 | k_vals=[50, 50, 100, 100, 100]
Epoch 002 | Step 11490 | lr=4.877641e-04 | loss=0.825582 | k_vals=[10, 1, 1, 10, 20]
Epoch 002 | Step 11520 | lr=4.877641e-04 | loss=0.658325 | k_vals=[20, 20, 20, 20, 100]
Epoch 002 | Step 11550 | lr=4.877641e-04 | loss=0.802968 | k_vals=[10, 50, 100, 20, 50]
Epoch 002 | Step 11580 | lr=4.877641e-04 | loss=0.751289 | k_vals=[1, 10, 1, 20, 20]
Epoch 002 | Step 11610 | lr=4.877641e-04 | loss=0.715087 | k_vals=[100, 10, 100, 50, 20]
Epoch 002 | Step 11640 | lr=4.877641e-04 | loss=0.924044 | k_vals=[1, 100, 10, 100, 1]
Epoch 002 | Step 11670 | lr=4.877641e-04 | loss=0.716422 | k_vals=[1, 10, 20, 20, 1]
Epoch 002 | Step 11700 | lr=4.877641e-04 | loss=0.742731 | k_vals=[100, 10, 50, 50, 10]
Epoch 002 | Step 11730 | lr=4.877641e-04 | loss=0.735710 | k_vals=[1, 10, 1, 10, 100]
Epoch 002 | Step 11760 | lr=4.877641e-04 | loss=0.809811 | k_vals=[1, 100, 10, 1, 1]
Epoch 002 | Step 11790 | lr=4.877641e-04 | loss=0.811758 | k_vals=[100, 10, 1, 1, 10]
Epoch 002 | Step 11820 | lr=4.877641e-04 | loss=0.692675 | k_vals=[20, 100, 20, 10, 100]
Epoch 002 | Step 11850 | lr=4.877641e-04 | loss=0.787739 | k_vals=[1, 100, 50, 100, 50]
Epoch 002 | Step 11880 | lr=4.877641e-04 | loss=0.523294 | k_vals=[50, 10, 100, 20, 50]
Epoch 002 | Step 11910 | lr=4.877641e-04 | loss=0.749946 | k_vals=[100, 20, 10, 1, 100]
Epoch 002 | Step 11940 | lr=4.877641e-04 | loss=0.717234 | k_vals=[50, 1, 50, 20, 20]
Epoch 002 | Step 11970 | lr=4.877641e-04 | loss=0.691538 | k_vals=[50, 100, 1, 100, 100]
Epoch 002 | Step 12000 | lr=4.877641e-04 | loss=0.617988 | k_vals=[100, 100, 20, 50, 10]
Epoch 002 | Step 12030 | lr=4.877641e-04 | loss=0.830346 | k_vals=[20, 20, 20, 10, 1]
Epoch 002 | Step 12060 | lr=4.877641e-04 | loss=0.670133 | k_vals=[10, 50, 1, 1, 10]
Epoch 002 | Step 12090 | lr=4.877641e-04 | loss=0.841617 | k_vals=[20, 1, 10, 1, 50]
Epoch 002 | Step 12120 | lr=4.877641e-04 | loss=0.671742 | k_vals=[50, 100, 1, 100, 100]
Epoch 002 | Step 12150 | lr=4.877641e-04 | loss=0.648261 | k_vals=[20, 100, 20, 20, 50]
Epoch 002 | Step 12180 | lr=4.877641e-04 | loss=0.948891 | k_vals=[50, 50, 50, 20, 20]
Epoch 002 | Step 12210 | lr=4.877641e-04 | loss=0.798394 | k_vals=[10, 1, 10, 50, 50]
Epoch 002 | Step 12240 | lr=4.877641e-04 | loss=0.640407 | k_vals=[20, 50, 50, 10, 20]
Epoch 002 | Step 12270 | lr=4.877641e-04 | loss=0.827199 | k_vals=[1, 10, 10, 20, 10]
Epoch 002 | Step 12300 | lr=4.877641e-04 | loss=0.704243 | k_vals=[50, 50, 20, 10, 20]
Epoch 002 | Step 12330 | lr=4.877641e-04 | loss=0.669992 | k_vals=[20, 100, 1, 50, 20]
Epoch 002 | Step 12360 | lr=4.877641e-04 | loss=0.848787 | k_vals=[100, 10, 20, 1, 20]
Epoch 002 | Step 12390 | lr=4.877641e-04 | loss=0.826787 | k_vals=[1, 1, 100, 20, 50]
Epoch 002 | Step 12420 | lr=4.877641e-04 | loss=0.731840 | k_vals=[100, 1, 50, 20, 1]
Epoch 002 | Step 12450 | lr=4.877641e-04 | loss=0.885629 | k_vals=[50, 1, 1, 10, 20]
Epoch 002 | Step 12480 | lr=4.877641e-04 | loss=0.631888 | k_vals=[10, 1, 1, 50, 10]
Epoch 002 | Step 12510 | lr=4.877641e-04 | loss=0.747226 | k_vals=[100, 1, 100, 20, 20]
Epoch 002 | Step 12540 | lr=4.877641e-04 | loss=0.761897 | k_vals=[1, 100, 1, 10, 20]
Epoch 002 | Step 12570 | lr=4.877641e-04 | loss=0.679425 | k_vals=[1, 1, 20, 10, 50]
Epoch 002 | Step 12600 | lr=4.877641e-04 | loss=0.636704 | k_vals=[100, 50, 100, 1, 100]
Epoch 002 | Step 12630 | lr=4.877641e-04 | loss=0.744006 | k_vals=[100, 20, 10, 100, 20]
Epoch 002 | Step 12660 | lr=4.877641e-04 | loss=0.661436 | k_vals=[50, 50, 100, 1, 50]
Epoch 002 | Step 12690 | lr=4.877641e-04 | loss=0.870603 | k_vals=[50, 1, 100, 10, 1]
Epoch 002 | Step 12720 | lr=4.877641e-04 | loss=0.791862 | k_vals=[10, 10, 1, 50, 100]
Epoch 002 | Step 12750 | lr=4.877641e-04 | loss=0.613334 | k_vals=[10, 50, 20, 100, 20]
Epoch 002 | Step 12780 | lr=4.877641e-04 | loss=0.642645 | k_vals=[20, 1, 100, 10, 10]
Epoch 002 | Step 12810 | lr=4.877641e-04 | loss=0.834222 | k_vals=[10, 1, 1, 100, 20]
Epoch 002 | Step 12840 | lr=4.877641e-04 | loss=0.570269 | k_vals=[20, 50, 20, 10, 1]
Epoch 002 | Step 12870 | lr=4.877641e-04 | loss=0.702044 | k_vals=[50, 20, 50, 50, 100]
Epoch 002 | Step 12900 | lr=4.877641e-04 | loss=0.792276 | k_vals=[1, 100, 1, 20, 50]
Epoch 002 | Step 12930 | lr=4.877641e-04 | loss=0.755860 | k_vals=[100, 1, 10, 20, 50]
Epoch 002 | Step 12960 | lr=4.877641e-04 | loss=0.856926 | k_vals=[20, 50, 100, 20, 100]
Epoch 002 | Step 12990 | lr=4.877641e-04 | loss=0.755032 | k_vals=[20, 10, 1, 100, 100]
Epoch 002 | Step 13020 | lr=4.877641e-04 | loss=0.583628 | k_vals=[20, 100, 1, 10, 1]
Epoch 002 | Step 13050 | lr=4.877641e-04 | loss=0.746799 | k_vals=[100, 50, 100, 10, 100]
Epoch 002 | Step 13080 | lr=4.877641e-04 | loss=0.684808 | k_vals=[1, 100, 20, 1, 1]
Epoch 002 | Step 13110 | lr=4.877641e-04 | loss=0.684886 | k_vals=[10, 20, 20, 1, 20]
Epoch 002 | Step 13140 | lr=4.877641e-04 | loss=0.713920 | k_vals=[10, 50, 20, 10, 10]
Epoch 002 | Step 13170 | lr=4.877641e-04 | loss=0.630590 | k_vals=[1, 50, 100, 10, 20]
Epoch 002 | Step 13200 | lr=4.877641e-04 | loss=0.579286 | k_vals=[1, 50, 10, 1, 20]
Epoch 002 | Step 13230 | lr=4.877641e-04 | loss=0.775559 | k_vals=[10, 20, 20, 50, 20]
Epoch 002 | Step 13260 | lr=4.877641e-04 | loss=0.665261 | k_vals=[50, 100, 50, 100, 10]
Epoch 002 | Step 13290 | lr=4.877641e-04 | loss=0.731745 | k_vals=[100, 100, 20, 20, 50]
Epoch 002 | Step 13320 | lr=4.877641e-04 | loss=0.652993 | k_vals=[50, 10, 20, 50, 20]
Epoch 002 | Step 13350 | lr=4.877641e-04 | loss=0.693586 | k_vals=[1, 10, 20, 50, 20]
Epoch 002 | Step 13380 | lr=4.877641e-04 | loss=0.652503 | k_vals=[10, 50, 100, 50, 50]
Epoch 002 | Step 13410 | lr=4.877641e-04 | loss=0.669856 | k_vals=[10, 50, 50, 100, 1]
Epoch 002 | Step 13440 | lr=4.877641e-04 | loss=0.795554 | k_vals=[10, 1, 10, 1, 10]
Epoch 002 | Step 13470 | lr=4.877641e-04 | loss=0.680872 | k_vals=[1, 50, 1, 20, 20]
Epoch 002 | Step 13500 | lr=4.877641e-04 | loss=0.848288 | k_vals=[1, 1, 100, 10, 1]
Epoch 002 | Step 13530 | lr=4.877641e-04 | loss=0.711839 | k_vals=[100, 50, 10, 20, 20]
Epoch 002 | Step 13560 | lr=4.877641e-04 | loss=0.753347 | k_vals=[1, 20, 20, 50, 50]
Epoch 002 | Step 13590 | lr=4.877641e-04 | loss=0.853006 | k_vals=[20, 1, 10, 20, 20]
Epoch 002 | Step 13620 | lr=4.877641e-04 | loss=0.735628 | k_vals=[50, 20, 20, 100, 20]
Epoch 002 | Step 13650 | lr=4.877641e-04 | loss=0.704356 | k_vals=[50, 20, 10, 50, 100]
Epoch 002 | Step 13680 | lr=4.877641e-04 | loss=0.659803 | k_vals=[10, 100, 1, 100, 50]
Epoch 002 | Step 13710 | lr=4.877641e-04 | loss=0.678420 | k_vals=[100, 50, 100, 20, 100]
Epoch 002 | Step 13740 | lr=4.877641e-04 | loss=0.716067 | k_vals=[100, 100, 100, 10, 50]
Epoch 002 | Step 13770 | lr=4.877641e-04 | loss=0.648894 | k_vals=[50, 1, 100, 10, 20]
Epoch 002 | Step 13800 | lr=4.877641e-04 | loss=0.690015 | k_vals=[50, 100, 10, 10, 1]
Epoch 002 | Step 13830 | lr=4.877641e-04 | loss=0.652776 | k_vals=[1, 20, 10, 20, 10]
Epoch 002 | Step 13860 | lr=4.877641e-04 | loss=0.830836 | k_vals=[1, 1, 50, 50, 10]
Epoch 002 | Step 13890 | lr=4.877641e-04 | loss=0.672242 | k_vals=[100, 50, 20, 50, 20]
Epoch 002 | Step 13920 | lr=4.877641e-04 | loss=0.781577 | k_vals=[10, 1, 50, 1, 100]
Epoch 002 | Step 13950 | lr=4.877641e-04 | loss=0.615595 | k_vals=[10, 100, 50, 10, 20]
Epoch 002 | Step 13980 | lr=4.877641e-04 | loss=0.734403 | k_vals=[50, 20, 100, 10, 10]
Epoch 002 | Step 14010 | lr=4.877641e-04 | loss=0.701006 | k_vals=[1, 50, 1, 100, 1]
Epoch 002 | Step 14040 | lr=4.877641e-04 | loss=0.677257 | k_vals=[100, 10, 50, 1, 50]
Epoch 002 | Step 14070 | lr=4.877641e-04 | loss=0.649972 | k_vals=[1, 100, 10, 100, 50]
Epoch 002 | Step 14100 | lr=4.877641e-04 | loss=0.671055 | k_vals=[20, 50, 10, 50, 1]
Epoch 002 | Step 14130 | lr=4.877641e-04 | loss=0.590965 | k_vals=[100, 20, 50, 20, 10]
Epoch 002 | Step 14160 | lr=4.877641e-04 | loss=0.700964 | k_vals=[50, 1, 100, 20, 1]
Epoch 002 | Step 14190 | lr=4.877641e-04 | loss=0.699847 | k_vals=[10, 10, 10, 50, 10]
Epoch 002 | Step 14220 | lr=4.877641e-04 | loss=0.614369 | k_vals=[1, 10, 1, 20, 1]
Epoch 002 | Step 14250 | lr=4.877641e-04 | loss=0.722057 | k_vals=[1, 20, 10, 1, 50]
Epoch 002 | Step 14280 | lr=4.877641e-04 | loss=0.747322 | k_vals=[100, 50, 20, 100, 50]
Epoch 002 | Step 14310 | lr=4.877641e-04 | loss=0.590506 | k_vals=[100, 100, 1, 1, 50]
Epoch 002 | Step 14340 | lr=4.877641e-04 | loss=0.720257 | k_vals=[1, 10, 50, 1, 1]
Epoch 002 | Step 14370 | lr=4.877641e-04 | loss=0.757242 | k_vals=[20, 50, 100, 1, 50]
Epoch 002 | Step 14400 | lr=4.877641e-04 | loss=0.658056 | k_vals=[1, 100, 50, 100, 50]
Epoch 002 | Step 14430 | lr=4.877641e-04 | loss=0.606363 | k_vals=[50, 1, 10, 1, 20]
Epoch 002 | Step 14460 | lr=4.877641e-04 | loss=0.863150 | k_vals=[1, 1, 50, 10, 10]
Epoch 002 | Step 14490 | lr=4.877641e-04 | loss=0.622728 | k_vals=[50, 10, 1, 100, 100]
Epoch 002 | Step 14520 | lr=4.877641e-04 | loss=0.707096 | k_vals=[100, 50, 100, 10, 100]
Epoch 002 | Step 14550 | lr=4.877641e-04 | loss=0.648642 | k_vals=[20, 10, 50, 50, 10]
Epoch 002 | Step 14580 | lr=4.877641e-04 | loss=0.833881 | k_vals=[10, 20, 50, 20, 10]
Epoch 002 | Step 14610 | lr=4.877641e-04 | loss=0.856123 | k_vals=[10, 100, 20, 1, 50]
Epoch 002 | Step 14640 | lr=4.877641e-04 | loss=0.820202 | k_vals=[10, 10, 100, 10, 50]
Epoch 002 | Step 14670 | lr=4.877641e-04 | loss=0.811637 | k_vals=[50, 1, 1, 10, 50]
Epoch 002 | Step 14700 | lr=4.877641e-04 | loss=0.655476 | k_vals=[100, 1, 1, 10, 50]
Epoch 002 | Step 14730 | lr=4.877641e-04 | loss=0.828252 | k_vals=[50, 1, 10, 50, 50]
Epoch 002 | Step 14760 | lr=4.877641e-04 | loss=0.643015 | k_vals=[1, 1, 20, 10, 10]
Epoch 002 | Step 14790 | lr=4.877641e-04 | loss=0.759167 | k_vals=[100, 10, 1, 50, 1]
Epoch 002 | Step 14820 | lr=4.877641e-04 | loss=0.683054 | k_vals=[1, 10, 20, 1, 10]
Epoch 002 | Step 14850 | lr=4.877641e-04 | loss=0.520558 | k_vals=[100, 1, 100, 100, 20]
Epoch 002 | Step 14880 | lr=4.877641e-04 | loss=0.645497 | k_vals=[1, 10, 10, 20, 100]
Epoch 002 | Step 14910 | lr=4.877641e-04 | loss=0.821769 | k_vals=[10, 100, 50, 50, 10]
Epoch 002 | Step 14940 | lr=4.877641e-04 | loss=0.815737 | k_vals=[1, 50, 50, 1, 20]
Epoch 002 | Step 14970 | lr=4.877641e-04 | loss=0.766662 | k_vals=[10, 100, 1, 10, 20]
Epoch 002 | Step 15000 | lr=4.877641e-04 | loss=0.586681 | k_vals=[100, 20, 10, 100, 20]
Epoch 002 | Step 15030 | lr=4.877641e-04 | loss=0.716218 | k_vals=[20, 50, 10, 10, 50]
Epoch 002 | Step 15060 | lr=4.877641e-04 | loss=0.754381 | k_vals=[50, 1, 100, 100, 1]
Epoch 002 | Step 15090 | lr=4.877641e-04 | loss=0.633087 | k_vals=[50, 100, 20, 100, 10]
Epoch 002 | Step 15120 | lr=4.877641e-04 | loss=0.730718 | k_vals=[10, 50, 50, 10, 1]
Epoch 002 | Step 15150 | lr=4.877641e-04 | loss=0.728334 | k_vals=[50, 100, 50, 1, 10]
Epoch 002 | Step 15180 | lr=4.877641e-04 | loss=0.657276 | k_vals=[20, 1, 50, 1, 20]
Epoch 002 | Step 15210 | lr=4.877641e-04 | loss=0.652813 | k_vals=[50, 10, 10, 50, 1]
Epoch 002 | Step 15240 | lr=4.877641e-04 | loss=0.800953 | k_vals=[50, 50, 100, 1, 50]
Epoch 002 | Step 15270 | lr=4.877641e-04 | loss=0.703071 | k_vals=[1, 50, 50, 10, 20]
Epoch 002 | Step 15300 | lr=4.877641e-04 | loss=0.932837 | k_vals=[50, 1, 100, 1, 1]
Epoch 002 | Step 15330 | lr=4.877641e-04 | loss=0.715410 | k_vals=[100, 1, 50, 100, 1]
Epoch 002 | Step 15360 | lr=4.877641e-04 | loss=0.790952 | k_vals=[100, 10, 10, 50, 10]
Epoch 002 | Step 15390 | lr=4.877641e-04 | loss=0.657505 | k_vals=[50, 100, 100, 100, 10]
Epoch 002 | Step 15420 | lr=4.877641e-04 | loss=0.673068 | k_vals=[50, 20, 20, 20, 10]
Epoch 002 | Step 15450 | lr=4.877641e-04 | loss=0.730789 | k_vals=[50, 100, 100, 50, 1]
Epoch 002 | Step 15480 | lr=4.877641e-04 | loss=0.656782 | k_vals=[20, 20, 20, 20, 100]
Epoch 002 | Step 15510 | lr=4.877641e-04 | loss=0.881936 | k_vals=[50, 1, 10, 10, 1]
Epoch 002 | Step 15540 | lr=4.877641e-04 | loss=0.818717 | k_vals=[10, 50, 50, 100, 10]
Epoch 002 | Step 15570 | lr=4.877641e-04 | loss=0.705977 | k_vals=[50, 50, 100, 100, 50]
Epoch 002 | Step 15600 | lr=4.877641e-04 | loss=0.664821 | k_vals=[20, 50, 10, 10, 20]
Epoch 002 | Step 15630 | lr=4.877641e-04 | loss=0.487064 | k_vals=[20, 20, 1, 20, 100]
Epoch 002 | Step 15660 | lr=4.877641e-04 | loss=0.663994 | k_vals=[1, 100, 50, 10, 50]
Epoch 002 | Step 15690 | lr=4.877641e-04 | loss=0.790731 | k_vals=[100, 1, 100, 100, 1]
Epoch 002 | Step 15720 | lr=4.877641e-04 | loss=0.619141 | k_vals=[100, 50, 100, 100, 100]
Epoch 002 | Step 15750 | lr=4.877641e-04 | loss=0.696022 | k_vals=[1, 50, 50, 20, 100]
Epoch 002 | Step 15780 | lr=4.877641e-04 | loss=0.697813 | k_vals=[100, 20, 20, 1, 20]
Epoch 002 | Step 15810 | lr=4.877641e-04 | loss=0.852785 | k_vals=[1, 10, 10, 100, 20]
Epoch 002 | Step 15840 | lr=4.877641e-04 | loss=0.809603 | k_vals=[10, 20, 10, 1, 1]
Epoch 002 | Step 15870 | lr=4.877641e-04 | loss=0.722045 | k_vals=[1, 100, 10, 50, 10]
Epoch 002 | Step 15900 | lr=4.877641e-04 | loss=0.808610 | k_vals=[100, 100, 10, 100, 10]
Epoch 002 | Step 15930 | lr=4.877641e-04 | loss=0.576457 | k_vals=[10, 100, 50, 100, 20]
Epoch 002 | Step 15960 | lr=4.877641e-04 | loss=0.928854 | k_vals=[1, 100, 50, 1, 50]
Epoch 002 | Step 15990 | lr=4.877641e-04 | loss=0.649098 | k_vals=[100, 100, 50, 10, 1]
Epoch 002 | Step 16020 | lr=4.877641e-04 | loss=0.801566 | k_vals=[20, 20, 1, 20, 1]
Epoch 002 | Step 16050 | lr=4.877641e-04 | loss=0.647106 | k_vals=[10, 100, 1, 10, 20]
Epoch 002 | Step 16080 | lr=4.877641e-04 | loss=0.756687 | k_vals=[20, 1, 10, 100, 100]
Epoch 002 | Step 16110 | lr=4.877641e-04 | loss=0.719050 | k_vals=[10, 100, 100, 100, 1]
Epoch 002 | Step 16140 | lr=4.877641e-04 | loss=0.681292 | k_vals=[100, 50, 100, 50, 10]
Epoch 002 | Step 16170 | lr=4.877641e-04 | loss=0.647033 | k_vals=[20, 100, 50, 20, 50]
Epoch 002 | Step 16200 | lr=4.877641e-04 | loss=0.748322 | k_vals=[100, 1, 50, 100, 10]
Epoch 002 | Step 16230 | lr=4.877641e-04 | loss=0.754077 | k_vals=[10, 20, 50, 20, 50]
Epoch 002 | Step 16260 | lr=4.877641e-04 | loss=0.813399 | k_vals=[100, 10, 50, 1, 20]
Epoch 002 | Step 16290 | lr=4.877641e-04 | loss=0.806691 | k_vals=[50, 1, 20, 1, 100]
Epoch 002 | Step 16320 | lr=4.877641e-04 | loss=0.845483 | k_vals=[100, 20, 10, 50, 100]
Epoch 002 | Step 16350 | lr=4.877641e-04 | loss=0.787652 | k_vals=[20, 1, 20, 100, 50]
Epoch 002 | Step 16380 | lr=4.877641e-04 | loss=0.698441 | k_vals=[10, 20, 50, 10, 1]
Epoch 002 | Step 16410 | lr=4.877641e-04 | loss=0.811617 | k_vals=[20, 20, 1, 100, 20]
Epoch 002 | Step 16440 | lr=4.877641e-04 | loss=0.747153 | k_vals=[100, 10, 10, 50, 100]
Epoch 002 | Step 16470 | lr=4.877641e-04 | loss=0.780361 | k_vals=[1, 1, 1, 1, 50]
Epoch 002 | Step 16500 | lr=4.877641e-04 | loss=0.747963 | k_vals=[1, 20, 50, 50, 50]
Epoch 002 | Step 16530 | lr=4.877641e-04 | loss=0.618753 | k_vals=[20, 50, 1, 20, 10]
Epoch 002 | Step 16560 | lr=4.877641e-04 | loss=0.694940 | k_vals=[1, 20, 20, 20, 20]
Epoch 002 | Step 16590 | lr=4.877641e-04 | loss=0.657542 | k_vals=[100, 100, 50, 20, 100]
Epoch 002 | Step 16620 | lr=4.877641e-04 | loss=0.681852 | k_vals=[1, 20, 10, 50, 20]
Epoch 002 | Step 16650 | lr=4.877641e-04 | loss=0.867123 | k_vals=[1, 100, 20, 20, 20]
Epoch 002 | Step 16680 | lr=4.877641e-04 | loss=0.671778 | k_vals=[10, 20, 20, 100, 1]
Epoch 002 | Step 16710 | lr=4.877641e-04 | loss=0.857288 | k_vals=[100, 1, 10, 20, 1]
Epoch 002 | Step 16740 | lr=4.877641e-04 | loss=0.656839 | k_vals=[10, 20, 10, 100, 50]
Epoch 002 | Step 16770 | lr=4.877641e-04 | loss=0.643883 | k_vals=[50, 10, 10, 50, 100]
Epoch 002 | Step 16800 | lr=4.877641e-04 | loss=0.804354 | k_vals=[10, 20, 20, 100, 1]
Epoch 002 | Step 16830 | lr=4.877641e-04 | loss=0.825233 | k_vals=[10, 10, 100, 10, 1]
Epoch 002 | Step 16860 | lr=4.877641e-04 | loss=0.709512 | k_vals=[20, 10, 100, 100, 50]
Epoch 002 | Step 16890 | lr=4.877641e-04 | loss=0.851271 | k_vals=[10, 1, 10, 50, 10]
Epoch 002 | Step 16920 | lr=4.877641e-04 | loss=0.780506 | k_vals=[100, 20, 10, 10, 1]
Epoch 002 | Step 16950 | lr=4.877641e-04 | loss=0.738797 | k_vals=[50, 50, 10, 1, 10]
Epoch 002 | Step 16980 | lr=4.877641e-04 | loss=0.862513 | k_vals=[10, 100, 1, 20, 50]
Epoch 002 | Step 17010 | lr=4.877641e-04 | loss=0.734940 | k_vals=[20, 50, 50, 50, 1]
Epoch 002 | Step 17040 | lr=4.877641e-04 | loss=0.632073 | k_vals=[20, 50, 10, 10, 20]
Epoch 002 | Step 17070 | lr=4.877641e-04 | loss=0.737751 | k_vals=[50, 20, 20, 50, 50]
Epoch 002 | Step 17100 | lr=4.877641e-04 | loss=0.547973 | k_vals=[10, 1, 100, 50, 100]
Epoch 002 | Step 17130 | lr=4.877641e-04 | loss=0.804973 | k_vals=[20, 20, 100, 10, 100]
Epoch 002 | Step 17160 | lr=4.877641e-04 | loss=0.723936 | k_vals=[10, 20, 1, 20, 10]
Epoch 002 | Step 17190 | lr=4.877641e-04 | loss=0.812621 | k_vals=[10, 50, 100, 1, 100]
Epoch 002 | Step 17220 | lr=4.877641e-04 | loss=0.619192 | k_vals=[10, 50, 100, 1, 50]
Epoch 002 | Step 17250 | lr=4.877641e-04 | loss=0.782800 | k_vals=[50, 1, 100, 100, 20]
Epoch 002 | Step 17280 | lr=4.877641e-04 | loss=0.711054 | k_vals=[10, 100, 1, 10, 1]
Epoch 002 | Step 17310 | lr=4.877641e-04 | loss=0.719866 | k_vals=[100, 50, 20, 10, 20]
Epoch 002 | Step 17340 | lr=4.877641e-04 | loss=0.643551 | k_vals=[1, 1, 100, 10, 50]
Epoch 002 | Step 17370 | lr=4.877641e-04 | loss=0.800662 | k_vals=[50, 1, 1, 20, 1]
Epoch 002 | Step 17400 | lr=4.877641e-04 | loss=0.712869 | k_vals=[1, 100, 20, 1, 100]
Epoch 002 | Step 17430 | lr=4.877641e-04 | loss=0.729507 | k_vals=[20, 50, 1, 20, 50]
Epoch 002 | Step 17460 | lr=4.877641e-04 | loss=0.733001 | k_vals=[20, 20, 1, 20, 100]
Epoch 002 | Step 17490 | lr=4.877641e-04 | loss=0.890878 | k_vals=[50, 20, 10, 1, 10]
Epoch 002 | Step 17520 | lr=4.877641e-04 | loss=0.748996 | k_vals=[1, 1, 100, 20, 100]
Epoch 002 | Step 17550 | lr=4.877641e-04 | loss=0.699989 | k_vals=[1, 100, 100, 50, 50]
[Epoch 2] K-value distribution: K=1:450138(20.0%) | K=10:450114(20.0%) | K=20:449711(20.0%) | K=50:450051(20.0%) | K=100:449986(20.0%)
epoch 002 | train_kld=0.728599 | val_kld=0.715690 | val_mae=0.006501 | val_mse=0.001649 | ord_acc@10=0.1707 | recall@10=0.5887
Epoch 003 | Step 30 | lr=4.522542e-04 | loss=0.752602 | k_vals=[10, 1, 10, 10, 20]
Epoch 003 | Step 60 | lr=4.522542e-04 | loss=0.747485 | k_vals=[10, 10, 1, 1, 50]
Epoch 003 | Step 90 | lr=4.522542e-04 | loss=0.768180 | k_vals=[50, 10, 100, 10, 20]
Epoch 003 | Step 120 | lr=4.522542e-04 | loss=0.780431 | k_vals=[1, 50, 10, 20, 50]
Epoch 003 | Step 150 | lr=4.522542e-04 | loss=0.643585 | k_vals=[100, 20, 20, 100, 1]
Epoch 003 | Step 180 | lr=4.522542e-04 | loss=0.667985 | k_vals=[100, 100, 10, 10, 100]
Epoch 003 | Step 210 | lr=4.522542e-04 | loss=0.679569 | k_vals=[10, 1, 50, 20, 1]
Epoch 003 | Step 240 | lr=4.522542e-04 | loss=0.728786 | k_vals=[10, 10, 1, 100, 20]
Epoch 003 | Step 270 | lr=4.522542e-04 | loss=0.709879 | k_vals=[10, 100, 100, 20, 20]
Epoch 003 | Step 300 | lr=4.522542e-04 | loss=0.676234 | k_vals=[50, 1, 20, 100, 100]
Epoch 003 | Step 330 | lr=4.522542e-04 | loss=0.752541 | k_vals=[1, 20, 50, 20, 50]
Epoch 003 | Step 360 | lr=4.522542e-04 | loss=0.681547 | k_vals=[20, 20, 100, 1, 50]
Epoch 003 | Step 390 | lr=4.522542e-04 | loss=0.658667 | k_vals=[50, 10, 20, 20, 50]
Epoch 003 | Step 420 | lr=4.522542e-04 | loss=0.710564 | k_vals=[100, 50, 1, 50, 50]
Epoch 003 | Step 450 | lr=4.522542e-04 | loss=0.801752 | k_vals=[50, 10, 20, 50, 10]
Epoch 003 | Step 480 | lr=4.522542e-04 | loss=0.569752 | k_vals=[50, 10, 50, 20, 100]
Epoch 003 | Step 510 | lr=4.522542e-04 | loss=0.681876 | k_vals=[50, 1, 50, 20, 100]
Epoch 003 | Step 540 | lr=4.522542e-04 | loss=0.812369 | k_vals=[1, 20, 20, 1, 10]
Epoch 003 | Step 570 | lr=4.522542e-04 | loss=0.637473 | k_vals=[50, 50, 50, 50, 1]
Epoch 003 | Step 600 | lr=4.522542e-04 | loss=0.603266 | k_vals=[50, 10, 10, 1, 100]
Epoch 003 | Step 630 | lr=4.522542e-04 | loss=0.772530 | k_vals=[1, 20, 100, 10, 10]
Epoch 003 | Step 660 | lr=4.522542e-04 | loss=0.666098 | k_vals=[1, 50, 20, 10, 50]
Epoch 003 | Step 690 | lr=4.522542e-04 | loss=0.695341 | k_vals=[20, 10, 50, 10, 10]
Epoch 003 | Step 720 | lr=4.522542e-04 | loss=0.619352 | k_vals=[100, 100, 100, 50, 100]
Epoch 003 | Step 750 | lr=4.522542e-04 | loss=0.734040 | k_vals=[50, 100, 20, 1, 50]
Epoch 003 | Step 780 | lr=4.522542e-04 | loss=0.821894 | k_vals=[20, 50, 100, 100, 100]
Epoch 003 | Step 810 | lr=4.522542e-04 | loss=0.861248 | k_vals=[10, 1, 10, 100, 1]
Epoch 003 | Step 840 | lr=4.522542e-04 | loss=0.607322 | k_vals=[50, 100, 50, 20, 1]
Epoch 003 | Step 870 | lr=4.522542e-04 | loss=0.796668 | k_vals=[50, 1, 20, 100, 10]
Epoch 003 | Step 900 | lr=4.522542e-04 | loss=0.692513 | k_vals=[100, 10, 10, 50, 20]
Epoch 003 | Step 930 | lr=4.522542e-04 | loss=0.633428 | k_vals=[50, 20, 50, 20, 10]
Epoch 003 | Step 960 | lr=4.522542e-04 | loss=0.759746 | k_vals=[1, 50, 100, 10, 10]
Epoch 003 | Step 990 | lr=4.522542e-04 | loss=0.672579 | k_vals=[20, 50, 100, 10, 10]
Epoch 003 | Step 1020 | lr=4.522542e-04 | loss=0.753692 | k_vals=[1, 10, 1, 100, 100]
Epoch 003 | Step 1050 | lr=4.522542e-04 | loss=0.656501 | k_vals=[1, 50, 50, 50, 100]
Epoch 003 | Step 1080 | lr=4.522542e-04 | loss=0.746461 | k_vals=[1, 20, 1, 1, 10]
Epoch 003 | Step 1110 | lr=4.522542e-04 | loss=0.707150 | k_vals=[100, 100, 100, 100, 10]
Epoch 003 | Step 1140 | lr=4.522542e-04 | loss=0.640144 | k_vals=[100, 1, 10, 50, 1]
Epoch 003 | Step 1170 | lr=4.522542e-04 | loss=0.686648 | k_vals=[50, 10, 100, 20, 50]
Epoch 003 | Step 1200 | lr=4.522542e-04 | loss=0.712747 | k_vals=[1, 10, 100, 50, 20]
Epoch 003 | Step 1230 | lr=4.522542e-04 | loss=0.690095 | k_vals=[10, 50, 50, 20, 100]
Epoch 003 | Step 1260 | lr=4.522542e-04 | loss=0.648064 | k_vals=[100, 20, 1, 50, 50]
Epoch 003 | Step 1290 | lr=4.522542e-04 | loss=0.755025 | k_vals=[50, 10, 1, 50, 20]
Epoch 003 | Step 1320 | lr=4.522542e-04 | loss=0.734327 | k_vals=[100, 10, 1, 1, 50]
Epoch 003 | Step 1350 | lr=4.522542e-04 | loss=0.712729 | k_vals=[100, 20, 100, 50, 1]
Epoch 003 | Step 1380 | lr=4.522542e-04 | loss=0.717964 | k_vals=[50, 50, 50, 20, 100]
Epoch 003 | Step 1410 | lr=4.522542e-04 | loss=0.683949 | k_vals=[100, 50, 100, 1, 50]
Epoch 003 | Step 1440 | lr=4.522542e-04 | loss=0.754189 | k_vals=[50, 100, 20, 10, 100]
Epoch 003 | Step 1470 | lr=4.522542e-04 | loss=0.766207 | k_vals=[10, 1, 100, 10, 20]
Epoch 003 | Step 1500 | lr=4.522542e-04 | loss=0.635845 | k_vals=[20, 1, 100, 20, 10]
Epoch 003 | Step 1530 | lr=4.522542e-04 | loss=0.723142 | k_vals=[20, 50, 1, 50, 50]
Epoch 003 | Step 1560 | lr=4.522542e-04 | loss=0.666516 | k_vals=[10, 50, 1, 20, 10]
Epoch 003 | Step 1590 | lr=4.522542e-04 | loss=0.695121 | k_vals=[10, 10, 20, 50, 100]
Epoch 003 | Step 1620 | lr=4.522542e-04 | loss=0.722306 | k_vals=[20, 1, 20, 100, 20]
Epoch 003 | Step 1650 | lr=4.522542e-04 | loss=0.657026 | k_vals=[20, 20, 1, 50, 20]
Epoch 003 | Step 1680 | lr=4.522542e-04 | loss=0.854106 | k_vals=[1, 50, 50, 20, 50]
Epoch 003 | Step 1710 | lr=4.522542e-04 | loss=0.718151 | k_vals=[20, 50, 50, 50, 20]
Epoch 003 | Step 1740 | lr=4.522542e-04 | loss=0.729436 | k_vals=[1, 20, 10, 1, 20]
Epoch 003 | Step 1770 | lr=4.522542e-04 | loss=0.760072 | k_vals=[100, 1, 100, 1, 100]
Epoch 003 | Step 1800 | lr=4.522542e-04 | loss=0.736745 | k_vals=[1, 100, 20, 1, 1]
Epoch 003 | Step 1830 | lr=4.522542e-04 | loss=0.800101 | k_vals=[20, 1, 100, 1, 20]
Epoch 003 | Step 1860 | lr=4.522542e-04 | loss=0.665158 | k_vals=[50, 1, 50, 100, 100]
Epoch 003 | Step 1890 | lr=4.522542e-04 | loss=0.602044 | k_vals=[100, 50, 1, 20, 1]
Epoch 003 | Step 1920 | lr=4.522542e-04 | loss=0.638740 | k_vals=[10, 100, 50, 10, 100]
Epoch 003 | Step 1950 | lr=4.522542e-04 | loss=0.628388 | k_vals=[50, 1, 1, 1, 50]
Epoch 003 | Step 1980 | lr=4.522542e-04 | loss=0.735074 | k_vals=[50, 100, 100, 1, 20]
Epoch 003 | Step 2010 | lr=4.522542e-04 | loss=0.732966 | k_vals=[20, 1, 10, 20, 20]
Epoch 003 | Step 2040 | lr=4.522542e-04 | loss=0.711112 | k_vals=[50, 50, 100, 10, 10]
Epoch 003 | Step 2070 | lr=4.522542e-04 | loss=0.670741 | k_vals=[100, 20, 10, 1, 20]
Epoch 003 | Step 2100 | lr=4.522542e-04 | loss=0.631534 | k_vals=[20, 10, 1, 1, 1]
Epoch 003 | Step 2130 | lr=4.522542e-04 | loss=0.796641 | k_vals=[50, 10, 50, 10, 1]
Epoch 003 | Step 2160 | lr=4.522542e-04 | loss=0.720371 | k_vals=[1, 100, 50, 1, 50]
Epoch 003 | Step 2190 | lr=4.522542e-04 | loss=0.722636 | k_vals=[10, 10, 100, 20, 100]
Epoch 003 | Step 2220 | lr=4.522542e-04 | loss=0.819840 | k_vals=[1, 10, 50, 10, 50]
Epoch 003 | Step 2250 | lr=4.522542e-04 | loss=0.781328 | k_vals=[50, 100, 50, 20, 20]
Epoch 003 | Step 2280 | lr=4.522542e-04 | loss=0.774498 | k_vals=[20, 20, 100, 20, 1]
Epoch 003 | Step 2310 | lr=4.522542e-04 | loss=0.858801 | k_vals=[10, 1, 100, 20, 50]
Epoch 003 | Step 2340 | lr=4.522542e-04 | loss=0.623841 | k_vals=[20, 1, 1, 20, 50]
Epoch 003 | Step 2370 | lr=4.522542e-04 | loss=0.647309 | k_vals=[10, 20, 20, 20, 50]
Epoch 003 | Step 2400 | lr=4.522542e-04 | loss=0.738431 | k_vals=[100, 20, 1, 50, 100]
Epoch 003 | Step 2430 | lr=4.522542e-04 | loss=0.709396 | k_vals=[50, 100, 20, 100, 1]
Epoch 003 | Step 2460 | lr=4.522542e-04 | loss=0.755943 | k_vals=[100, 20, 50, 20, 50]
Epoch 003 | Step 2490 | lr=4.522542e-04 | loss=0.651018 | k_vals=[1, 50, 100, 50, 100]
Epoch 003 | Step 2520 | lr=4.522542e-04 | loss=0.696611 | k_vals=[50, 10, 100, 1, 20]
Epoch 003 | Step 2550 | lr=4.522542e-04 | loss=0.638413 | k_vals=[100, 1, 100, 20, 50]
Epoch 003 | Step 2580 | lr=4.522542e-04 | loss=0.805785 | k_vals=[1, 20, 20, 100, 20]
Epoch 003 | Step 2610 | lr=4.522542e-04 | loss=0.766827 | k_vals=[100, 50, 10, 1, 50]
Epoch 003 | Step 2640 | lr=4.522542e-04 | loss=0.665164 | k_vals=[50, 100, 100, 10, 1]
Epoch 003 | Step 2670 | lr=4.522542e-04 | loss=0.855458 | k_vals=[10, 50, 100, 20, 20]
Epoch 003 | Step 2700 | lr=4.522542e-04 | loss=0.797905 | k_vals=[1, 100, 20, 50, 1]
Epoch 003 | Step 2730 | lr=4.522542e-04 | loss=0.768722 | k_vals=[20, 10, 20, 1, 1]
Epoch 003 | Step 2760 | lr=4.522542e-04 | loss=0.771159 | k_vals=[10, 10, 100, 1, 50]
Epoch 003 | Step 2790 | lr=4.522542e-04 | loss=0.704811 | k_vals=[50, 20, 1, 10, 10]
Epoch 003 | Step 2820 | lr=4.522542e-04 | loss=0.752429 | k_vals=[10, 1, 20, 10, 20]
Epoch 003 | Step 2850 | lr=4.522542e-04 | loss=0.617916 | k_vals=[100, 20, 1, 50, 10]
Epoch 003 | Step 2880 | lr=4.522542e-04 | loss=0.714078 | k_vals=[20, 10, 20, 10, 10]
Epoch 003 | Step 2910 | lr=4.522542e-04 | loss=0.643433 | k_vals=[100, 10, 100, 1, 100]
Epoch 003 | Step 2940 | lr=4.522542e-04 | loss=0.619224 | k_vals=[100, 20, 50, 1, 50]
Epoch 003 | Step 2970 | lr=4.522542e-04 | loss=0.772264 | k_vals=[1, 100, 100, 100, 100]
Epoch 003 | Step 3000 | lr=4.522542e-04 | loss=0.779172 | k_vals=[10, 20, 1, 20, 20]
Epoch 003 | Step 3030 | lr=4.522542e-04 | loss=0.643727 | k_vals=[100, 20, 100, 1, 100]
Epoch 003 | Step 3060 | lr=4.522542e-04 | loss=0.742701 | k_vals=[100, 50, 20, 20, 20]
Epoch 003 | Step 3090 | lr=4.522542e-04 | loss=0.694337 | k_vals=[1, 10, 100, 20, 20]
Epoch 003 | Step 3120 | lr=4.522542e-04 | loss=0.851804 | k_vals=[1, 1, 20, 1, 100]
Epoch 003 | Step 3150 | lr=4.522542e-04 | loss=0.690591 | k_vals=[1, 1, 50, 20, 100]
Epoch 003 | Step 3180 | lr=4.522542e-04 | loss=0.670365 | k_vals=[50, 100, 50, 100, 1]
Epoch 003 | Step 3210 | lr=4.522542e-04 | loss=0.598986 | k_vals=[20, 100, 50, 10, 10]
Epoch 003 | Step 3240 | lr=4.522542e-04 | loss=0.785709 | k_vals=[1, 100, 100, 50, 50]
Epoch 003 | Step 3270 | lr=4.522542e-04 | loss=0.655543 | k_vals=[100, 100, 50, 50, 1]
Epoch 003 | Step 3300 | lr=4.522542e-04 | loss=0.721372 | k_vals=[10, 100, 10, 100, 20]
Epoch 003 | Step 3330 | lr=4.522542e-04 | loss=0.596851 | k_vals=[20, 100, 1, 50, 10]
Epoch 003 | Step 3360 | lr=4.522542e-04 | loss=0.699055 | k_vals=[50, 10, 10, 20, 50]
Epoch 003 | Step 3390 | lr=4.522542e-04 | loss=0.657284 | k_vals=[100, 10, 20, 50, 50]
Epoch 003 | Step 3420 | lr=4.522542e-04 | loss=0.738451 | k_vals=[20, 1, 10, 10, 10]
Epoch 003 | Step 3450 | lr=4.522542e-04 | loss=0.793025 | k_vals=[10, 100, 1, 10, 100]
Epoch 003 | Step 3480 | lr=4.522542e-04 | loss=0.742046 | k_vals=[20, 1, 100, 20, 50]
Epoch 003 | Step 3510 | lr=4.522542e-04 | loss=0.666627 | k_vals=[50, 20, 50, 100, 20]
Epoch 003 | Step 3540 | lr=4.522542e-04 | loss=0.757343 | k_vals=[100, 20, 10, 1, 10]
Epoch 003 | Step 3570 | lr=4.522542e-04 | loss=0.783659 | k_vals=[1, 1, 10, 1, 20]
Epoch 003 | Step 3600 | lr=4.522542e-04 | loss=0.789924 | k_vals=[100, 20, 10, 1, 10]
Epoch 003 | Step 3630 | lr=4.522542e-04 | loss=0.752923 | k_vals=[20, 50, 100, 1, 100]
Epoch 003 | Step 3660 | lr=4.522542e-04 | loss=0.779183 | k_vals=[50, 1, 1, 1, 10]
Epoch 003 | Step 3690 | lr=4.522542e-04 | loss=0.562254 | k_vals=[50, 50, 10, 20, 10]
Epoch 003 | Step 3720 | lr=4.522542e-04 | loss=0.697896 | k_vals=[20, 10, 100, 20, 50]
Epoch 003 | Step 3750 | lr=4.522542e-04 | loss=0.754297 | k_vals=[20, 20, 20, 10, 10]
Epoch 003 | Step 3780 | lr=4.522542e-04 | loss=0.750670 | k_vals=[10, 20, 20, 50, 50]
Epoch 003 | Step 3810 | lr=4.522542e-04 | loss=0.804519 | k_vals=[10, 1, 100, 20, 20]
Epoch 003 | Step 3840 | lr=4.522542e-04 | loss=0.747928 | k_vals=[20, 50, 10, 100, 10]
Epoch 003 | Step 3870 | lr=4.522542e-04 | loss=0.792791 | k_vals=[1, 20, 50, 10, 10]
Epoch 003 | Step 3900 | lr=4.522542e-04 | loss=0.593241 | k_vals=[100, 50, 100, 1, 10]
Epoch 003 | Step 3930 | lr=4.522542e-04 | loss=0.720554 | k_vals=[10, 10, 50, 1, 10]
Epoch 003 | Step 3960 | lr=4.522542e-04 | loss=0.820784 | k_vals=[20, 100, 100, 1, 50]
Epoch 003 | Step 3990 | lr=4.522542e-04 | loss=0.642898 | k_vals=[1, 10, 20, 100, 1]
Epoch 003 | Step 4020 | lr=4.522542e-04 | loss=0.707024 | k_vals=[100, 50, 1, 50, 10]
Epoch 003 | Step 4050 | lr=4.522542e-04 | loss=0.631340 | k_vals=[50, 1, 1, 50, 10]
Epoch 003 | Step 4080 | lr=4.522542e-04 | loss=0.746005 | k_vals=[50, 10, 50, 1, 1]
Epoch 003 | Step 4110 | lr=4.522542e-04 | loss=0.688381 | k_vals=[20, 1, 100, 100, 20]
Epoch 003 | Step 4140 | lr=4.522542e-04 | loss=0.624636 | k_vals=[20, 100, 100, 50, 20]
Epoch 003 | Step 4170 | lr=4.522542e-04 | loss=0.691716 | k_vals=[10, 10, 10, 100, 100]
Epoch 003 | Step 4200 | lr=4.522542e-04 | loss=0.719033 | k_vals=[1, 100, 10, 10, 10]
Epoch 003 | Step 4230 | lr=4.522542e-04 | loss=0.661945 | k_vals=[1, 50, 20, 1, 50]
Epoch 003 | Step 4260 | lr=4.522542e-04 | loss=0.786885 | k_vals=[50, 50, 10, 50, 1]
Epoch 003 | Step 4290 | lr=4.522542e-04 | loss=0.780086 | k_vals=[1, 1, 10, 10, 20]
Epoch 003 | Step 4320 | lr=4.522542e-04 | loss=0.625971 | k_vals=[100, 50, 20, 1, 50]
Epoch 003 | Step 4350 | lr=4.522542e-04 | loss=0.682569 | k_vals=[1, 10, 50, 20, 1]
Epoch 003 | Step 4380 | lr=4.522542e-04 | loss=0.852699 | k_vals=[50, 100, 50, 50, 50]
Epoch 003 | Step 4410 | lr=4.522542e-04 | loss=0.779188 | k_vals=[10, 1, 50, 1, 10]
Epoch 003 | Step 4440 | lr=4.522542e-04 | loss=0.787028 | k_vals=[1, 10, 50, 20, 20]
Epoch 003 | Step 4470 | lr=4.522542e-04 | loss=0.578051 | k_vals=[100, 100, 1, 10, 20]
Epoch 003 | Step 4500 | lr=4.522542e-04 | loss=0.635424 | k_vals=[10, 100, 1, 10, 50]
Epoch 003 | Step 4530 | lr=4.522542e-04 | loss=0.707466 | k_vals=[10, 10, 20, 10, 1]
Epoch 003 | Step 4560 | lr=4.522542e-04 | loss=0.740361 | k_vals=[20, 10, 100, 50, 50]
Epoch 003 | Step 4590 | lr=4.522542e-04 | loss=0.748480 | k_vals=[10, 1, 10, 10, 10]
Epoch 003 | Step 4620 | lr=4.522542e-04 | loss=0.658512 | k_vals=[20, 10, 10, 50, 100]
Epoch 003 | Step 4650 | lr=4.522542e-04 | loss=0.855607 | k_vals=[20, 1, 10, 10, 100]
Epoch 003 | Step 4680 | lr=4.522542e-04 | loss=0.680208 | k_vals=[10, 20, 20, 10, 1]
Epoch 003 | Step 4710 | lr=4.522542e-04 | loss=0.710656 | k_vals=[20, 20, 100, 10, 50]
Epoch 003 | Step 4740 | lr=4.522542e-04 | loss=0.682847 | k_vals=[50, 10, 20, 100, 50]
Epoch 003 | Step 4770 | lr=4.522542e-04 | loss=0.693656 | k_vals=[50, 1, 10, 100, 10]
Epoch 003 | Step 4800 | lr=4.522542e-04 | loss=0.721898 | k_vals=[50, 50, 1, 10, 10]
Epoch 003 | Step 4830 | lr=4.522542e-04 | loss=0.691236 | k_vals=[1, 50, 1, 50, 1]
Epoch 003 | Step 4860 | lr=4.522542e-04 | loss=0.726750 | k_vals=[50, 100, 1, 1, 20]
Epoch 003 | Step 4890 | lr=4.522542e-04 | loss=0.569149 | k_vals=[50, 10, 50, 100, 50]
Epoch 003 | Step 4920 | lr=4.522542e-04 | loss=0.554486 | k_vals=[100, 100, 10, 100, 50]
Epoch 003 | Step 4950 | lr=4.522542e-04 | loss=0.700739 | k_vals=[20, 10, 100, 50, 10]
Epoch 003 | Step 4980 | lr=4.522542e-04 | loss=0.677089 | k_vals=[10, 50, 10, 10, 50]
Epoch 003 | Step 5010 | lr=4.522542e-04 | loss=0.664055 | k_vals=[10, 1, 10, 20, 50]
Epoch 003 | Step 5040 | lr=4.522542e-04 | loss=0.722422 | k_vals=[10, 20, 20, 50, 1]
Epoch 003 | Step 5070 | lr=4.522542e-04 | loss=0.570251 | k_vals=[10, 100, 100, 1, 1]
Epoch 003 | Step 5100 | lr=4.522542e-04 | loss=0.828981 | k_vals=[10, 1, 20, 1, 20]
Epoch 003 | Step 5130 | lr=4.522542e-04 | loss=0.625749 | k_vals=[20, 50, 50, 50, 100]
Epoch 003 | Step 5160 | lr=4.522542e-04 | loss=0.690638 | k_vals=[1, 50, 10, 50, 100]
Epoch 003 | Step 5190 | lr=4.522542e-04 | loss=0.813987 | k_vals=[10, 1, 20, 10, 50]
Epoch 003 | Step 5220 | lr=4.522542e-04 | loss=0.576076 | k_vals=[10, 20, 1, 100, 50]
Epoch 003 | Step 5250 | lr=4.522542e-04 | loss=0.758653 | k_vals=[10, 20, 1, 50, 10]
Epoch 003 | Step 5280 | lr=4.522542e-04 | loss=0.850076 | k_vals=[1, 1, 100, 1, 100]
Epoch 003 | Step 5310 | lr=4.522542e-04 | loss=0.621899 | k_vals=[50, 50, 1, 10, 1]
Epoch 003 | Step 5340 | lr=4.522542e-04 | loss=0.667603 | k_vals=[100, 100, 100, 10, 20]
Epoch 003 | Step 5370 | lr=4.522542e-04 | loss=0.617449 | k_vals=[10, 100, 50, 1, 50]
Epoch 003 | Step 5400 | lr=4.522542e-04 | loss=0.553407 | k_vals=[100, 10, 10, 100, 100]
Epoch 003 | Step 5430 | lr=4.522542e-04 | loss=0.714008 | k_vals=[10, 50, 50, 10, 50]
Epoch 003 | Step 5460 | lr=4.522542e-04 | loss=0.656131 | k_vals=[50, 20, 1, 10, 20]
Epoch 003 | Step 5490 | lr=4.522542e-04 | loss=0.677194 | k_vals=[1, 10, 20, 10, 50]
Epoch 003 | Step 5520 | lr=4.522542e-04 | loss=0.604305 | k_vals=[20, 10, 10, 50, 100]
Epoch 003 | Step 5550 | lr=4.522542e-04 | loss=0.756649 | k_vals=[100, 100, 20, 1, 50]
Epoch 003 | Step 5580 | lr=4.522542e-04 | loss=0.737082 | k_vals=[50, 10, 1, 20, 10]
Epoch 003 | Step 5610 | lr=4.522542e-04 | loss=0.634390 | k_vals=[10, 100, 20, 1, 100]
Epoch 003 | Step 5640 | lr=4.522542e-04 | loss=0.786777 | k_vals=[20, 10, 50, 1, 10]
Epoch 003 | Step 5670 | lr=4.522542e-04 | loss=0.563246 | k_vals=[50, 50, 100, 50, 20]
Epoch 003 | Step 5700 | lr=4.522542e-04 | loss=0.759101 | k_vals=[20, 100, 1, 50, 50]
Epoch 003 | Step 5730 | lr=4.522542e-04 | loss=0.693510 | k_vals=[50, 1, 10, 1, 100]
Epoch 003 | Step 5760 | lr=4.522542e-04 | loss=0.727924 | k_vals=[50, 1, 10, 50, 100]
Epoch 003 | Step 5790 | lr=4.522542e-04 | loss=0.756190 | k_vals=[50, 100, 1, 50, 10]
Epoch 003 | Step 5820 | lr=4.522542e-04 | loss=0.632278 | k_vals=[10, 1, 50, 10, 10]
Epoch 003 | Step 5850 | lr=4.522542e-04 | loss=0.777103 | k_vals=[10, 50, 100, 20, 100]
Epoch 003 | Step 5880 | lr=4.522542e-04 | loss=0.703682 | k_vals=[50, 50, 1, 1, 20]
Epoch 003 | Step 5910 | lr=4.522542e-04 | loss=0.610960 | k_vals=[10, 100, 20, 20, 20]
Epoch 003 | Step 5940 | lr=4.522542e-04 | loss=0.616902 | k_vals=[1, 100, 100, 50, 20]
Epoch 003 | Step 5970 | lr=4.522542e-04 | loss=0.666242 | k_vals=[100, 1, 1, 10, 50]
Epoch 003 | Step 6000 | lr=4.522542e-04 | loss=0.669928 | k_vals=[10, 100, 50, 20, 100]
Epoch 003 | Step 6030 | lr=4.522542e-04 | loss=0.830384 | k_vals=[50, 1, 100, 10, 50]
Epoch 003 | Step 6060 | lr=4.522542e-04 | loss=0.678463 | k_vals=[20, 10, 10, 1, 50]
Epoch 003 | Step 6090 | lr=4.522542e-04 | loss=0.663668 | k_vals=[100, 1, 20, 10, 20]
Epoch 003 | Step 6120 | lr=4.522542e-04 | loss=0.682950 | k_vals=[10, 10, 10, 100, 20]
Epoch 003 | Step 6150 | lr=4.522542e-04 | loss=0.722343 | k_vals=[100, 100, 1, 20, 10]
Epoch 003 | Step 6180 | lr=4.522542e-04 | loss=0.816729 | k_vals=[50, 10, 50, 50, 1]
Epoch 003 | Step 6210 | lr=4.522542e-04 | loss=0.827573 | k_vals=[10, 10, 1, 1, 50]
Epoch 003 | Step 6240 | lr=4.522542e-04 | loss=0.685314 | k_vals=[1, 10, 20, 20, 20]
Epoch 003 | Step 6270 | lr=4.522542e-04 | loss=0.809070 | k_vals=[100, 20, 1, 50, 10]
Epoch 003 | Step 6300 | lr=4.522542e-04 | loss=0.598760 | k_vals=[100, 50, 50, 1, 1]
Epoch 003 | Step 6330 | lr=4.522542e-04 | loss=0.622619 | k_vals=[1, 1, 50, 50, 50]
Epoch 003 | Step 6360 | lr=4.522542e-04 | loss=0.683605 | k_vals=[1, 100, 10, 1, 50]
Epoch 003 | Step 6390 | lr=4.522542e-04 | loss=0.539490 | k_vals=[10, 100, 100, 10, 10]
Epoch 003 | Step 6420 | lr=4.522542e-04 | loss=0.563944 | k_vals=[50, 10, 10, 10, 100]
Epoch 003 | Step 6450 | lr=4.522542e-04 | loss=0.783646 | k_vals=[20, 50, 1, 1, 20]
Epoch 003 | Step 6480 | lr=4.522542e-04 | loss=0.668092 | k_vals=[10, 20, 100, 100, 20]
Epoch 003 | Step 6510 | lr=4.522542e-04 | loss=0.906258 | k_vals=[20, 1, 100, 10, 10]
Epoch 003 | Step 6540 | lr=4.522542e-04 | loss=0.663869 | k_vals=[50, 1, 100, 10, 20]
Epoch 003 | Step 6570 | lr=4.522542e-04 | loss=0.747169 | k_vals=[20, 20, 20, 20, 100]
Epoch 003 | Step 6600 | lr=4.522542e-04 | loss=0.817125 | k_vals=[100, 1, 50, 10, 50]
Epoch 003 | Step 6630 | lr=4.522542e-04 | loss=0.705766 | k_vals=[50, 50, 10, 100, 20]
Epoch 003 | Step 6660 | lr=4.522542e-04 | loss=0.723889 | k_vals=[10, 50, 20, 20, 100]
Epoch 003 | Step 6690 | lr=4.522542e-04 | loss=0.692462 | k_vals=[10, 10, 20, 10, 100]
Epoch 003 | Step 6720 | lr=4.522542e-04 | loss=0.536236 | k_vals=[10, 20, 50, 20, 1]
Epoch 003 | Step 6750 | lr=4.522542e-04 | loss=0.690469 | k_vals=[100, 1, 10, 10, 10]
Epoch 003 | Step 6780 | lr=4.522542e-04 | loss=0.739764 | k_vals=[1, 20, 1, 50, 20]
Epoch 003 | Step 6810 | lr=4.522542e-04 | loss=0.631602 | k_vals=[10, 10, 20, 1, 20]
Epoch 003 | Step 6840 | lr=4.522542e-04 | loss=0.874773 | k_vals=[100, 1, 20, 50, 1]
Epoch 003 | Step 6870 | lr=4.522542e-04 | loss=0.716485 | k_vals=[1, 1, 1, 1, 1]
Epoch 003 | Step 6900 | lr=4.522542e-04 | loss=0.712464 | k_vals=[100, 100, 10, 100, 10]
Epoch 003 | Step 6930 | lr=4.522542e-04 | loss=0.669448 | k_vals=[20, 20, 50, 50, 1]
Epoch 003 | Step 6960 | lr=4.522542e-04 | loss=0.689357 | k_vals=[1, 10, 20, 20, 10]
Epoch 003 | Step 6990 | lr=4.522542e-04 | loss=0.555607 | k_vals=[20, 50, 100, 1, 100]
Epoch 003 | Step 7020 | lr=4.522542e-04 | loss=0.713488 | k_vals=[1, 100, 50, 100, 10]
Epoch 003 | Step 7050 | lr=4.522542e-04 | loss=0.709254 | k_vals=[20, 1, 50, 10, 20]
Epoch 003 | Step 7080 | lr=4.522542e-04 | loss=0.634143 | k_vals=[100, 100, 50, 100, 20]
Epoch 003 | Step 7110 | lr=4.522542e-04 | loss=0.793698 | k_vals=[20, 50, 10, 100, 100]
Epoch 003 | Step 7140 | lr=4.522542e-04 | loss=0.725207 | k_vals=[100, 10, 10, 10, 100]
Epoch 003 | Step 7170 | lr=4.522542e-04 | loss=0.719049 | k_vals=[20, 100, 10, 10, 10]
Epoch 003 | Step 7200 | lr=4.522542e-04 | loss=0.738785 | k_vals=[1, 1, 100, 10, 1]
Epoch 003 | Step 7230 | lr=4.522542e-04 | loss=0.821620 | k_vals=[100, 10, 1, 20, 1]
Epoch 003 | Step 7260 | lr=4.522542e-04 | loss=0.620878 | k_vals=[20, 50, 100, 10, 20]
Epoch 003 | Step 7290 | lr=4.522542e-04 | loss=0.789986 | k_vals=[50, 50, 10, 50, 1]
Epoch 003 | Step 7320 | lr=4.522542e-04 | loss=0.839830 | k_vals=[1, 20, 10, 50, 50]
Epoch 003 | Step 7350 | lr=4.522542e-04 | loss=0.664904 | k_vals=[100, 20, 100, 50, 50]
Epoch 003 | Step 7380 | lr=4.522542e-04 | loss=0.690597 | k_vals=[10, 1, 50, 50, 50]
Epoch 003 | Step 7410 | lr=4.522542e-04 | loss=0.681921 | k_vals=[20, 50, 100, 20, 100]
Epoch 003 | Step 7440 | lr=4.522542e-04 | loss=0.723276 | k_vals=[100, 1, 20, 50, 1]
Epoch 003 | Step 7470 | lr=4.522542e-04 | loss=0.586771 | k_vals=[100, 50, 10, 50, 20]
Epoch 003 | Step 7500 | lr=4.522542e-04 | loss=0.696358 | k_vals=[100, 20, 50, 50, 10]
Epoch 003 | Step 7530 | lr=4.522542e-04 | loss=0.792520 | k_vals=[10, 1, 10, 50, 20]
Epoch 003 | Step 7560 | lr=4.522542e-04 | loss=0.786429 | k_vals=[100, 20, 1, 20, 50]
Epoch 003 | Step 7590 | lr=4.522542e-04 | loss=0.579089 | k_vals=[10, 20, 50, 100, 50]
Epoch 003 | Step 7620 | lr=4.522542e-04 | loss=0.784653 | k_vals=[50, 20, 100, 50, 100]
Epoch 003 | Step 7650 | lr=4.522542e-04 | loss=0.589912 | k_vals=[20, 10, 1, 20, 10]
Epoch 003 | Step 7680 | lr=4.522542e-04 | loss=0.625436 | k_vals=[10, 50, 100, 100, 100]
Epoch 003 | Step 7710 | lr=4.522542e-04 | loss=0.679405 | k_vals=[20, 1, 50, 10, 20]
Epoch 003 | Step 7740 | lr=4.522542e-04 | loss=0.729148 | k_vals=[20, 100, 20, 1, 10]
Epoch 003 | Step 7770 | lr=4.522542e-04 | loss=0.633244 | k_vals=[10, 20, 1, 50, 20]
Epoch 003 | Step 7800 | lr=4.522542e-04 | loss=0.701836 | k_vals=[1, 100, 20, 20, 10]
Epoch 003 | Step 7830 | lr=4.522542e-04 | loss=0.674973 | k_vals=[10, 100, 1, 10, 50]
Epoch 003 | Step 7860 | lr=4.522542e-04 | loss=0.735593 | k_vals=[10, 100, 10, 50, 100]
Epoch 003 | Step 7890 | lr=4.522542e-04 | loss=0.795273 | k_vals=[100, 50, 50, 1, 50]
Epoch 003 | Step 7920 | lr=4.522542e-04 | loss=0.632503 | k_vals=[1, 20, 50, 10, 1]
Epoch 003 | Step 7950 | lr=4.522542e-04 | loss=0.830899 | k_vals=[10, 20, 50, 50, 10]
Epoch 003 | Step 7980 | lr=4.522542e-04 | loss=0.679508 | k_vals=[50, 10, 20, 100, 100]
Epoch 003 | Step 8010 | lr=4.522542e-04 | loss=0.636897 | k_vals=[1, 100, 10, 20, 1]
Epoch 003 | Step 8040 | lr=4.522542e-04 | loss=0.718347 | k_vals=[10, 20, 1, 1, 50]
Epoch 003 | Step 8070 | lr=4.522542e-04 | loss=0.748984 | k_vals=[100, 1, 50, 10, 1]
Epoch 003 | Step 8100 | lr=4.522542e-04 | loss=0.690950 | k_vals=[10, 20, 10, 10, 1]
Epoch 003 | Step 8130 | lr=4.522542e-04 | loss=0.794609 | k_vals=[100, 1, 100, 10, 20]
Epoch 003 | Step 8160 | lr=4.522542e-04 | loss=0.863839 | k_vals=[10, 20, 100, 20, 1]
Epoch 003 | Step 8190 | lr=4.522542e-04 | loss=0.683384 | k_vals=[100, 50, 20, 20, 10]
Epoch 003 | Step 8220 | lr=4.522542e-04 | loss=0.708985 | k_vals=[50, 50, 50, 1, 50]
Epoch 003 | Step 8250 | lr=4.522542e-04 | loss=0.936216 | k_vals=[1, 1, 100, 100, 100]
Epoch 003 | Step 8280 | lr=4.522542e-04 | loss=0.700611 | k_vals=[1, 50, 20, 20, 1]
Epoch 003 | Step 8310 | lr=4.522542e-04 | loss=0.725988 | k_vals=[100, 1, 10, 1, 1]
Epoch 003 | Step 8340 | lr=4.522542e-04 | loss=0.690777 | k_vals=[10, 10, 100, 10, 50]
Epoch 003 | Step 8370 | lr=4.522542e-04 | loss=0.652333 | k_vals=[1, 10, 50, 10, 1]
Epoch 003 | Step 8400 | lr=4.522542e-04 | loss=0.656881 | k_vals=[20, 50, 50, 50, 10]
Epoch 003 | Step 8430 | lr=4.522542e-04 | loss=0.637145 | k_vals=[100, 50, 1, 100, 1]
Epoch 003 | Step 8460 | lr=4.522542e-04 | loss=0.800512 | k_vals=[50, 20, 50, 20, 10]
Epoch 003 | Step 8490 | lr=4.522542e-04 | loss=0.713823 | k_vals=[100, 10, 10, 1, 50]
Epoch 003 | Step 8520 | lr=4.522542e-04 | loss=0.726002 | k_vals=[50, 10, 50, 1, 1]
Epoch 003 | Step 8550 | lr=4.522542e-04 | loss=0.783546 | k_vals=[1, 50, 50, 50, 1]
Epoch 003 | Step 8580 | lr=4.522542e-04 | loss=0.665336 | k_vals=[50, 50, 100, 50, 50]
Epoch 003 | Step 8610 | lr=4.522542e-04 | loss=0.781657 | k_vals=[100, 100, 100, 1, 20]
Epoch 003 | Step 8640 | lr=4.522542e-04 | loss=0.716287 | k_vals=[50, 50, 50, 20, 20]
Epoch 003 | Step 8670 | lr=4.522542e-04 | loss=0.610362 | k_vals=[10, 50, 100, 10, 100]
Epoch 003 | Step 8700 | lr=4.522542e-04 | loss=0.863607 | k_vals=[10, 50, 1, 1, 20]
Epoch 003 | Step 8730 | lr=4.522542e-04 | loss=0.833370 | k_vals=[100, 1, 100, 1, 20]
Epoch 003 | Step 8760 | lr=4.522542e-04 | loss=0.642001 | k_vals=[100, 10, 20, 50, 100]
Epoch 003 | Step 8790 | lr=4.522542e-04 | loss=0.770252 | k_vals=[50, 20, 1, 20, 20]
Epoch 003 | Step 8820 | lr=4.522542e-04 | loss=0.646574 | k_vals=[20, 100, 100, 20, 10]
Epoch 003 | Step 8850 | lr=4.522542e-04 | loss=0.647232 | k_vals=[100, 50, 50, 10, 1]
Epoch 003 | Step 8880 | lr=4.522542e-04 | loss=0.694582 | k_vals=[20, 100, 10, 20, 10]
Epoch 003 | Step 8910 | lr=4.522542e-04 | loss=0.770044 | k_vals=[100, 1, 100, 10, 20]
Epoch 003 | Step 8940 | lr=4.522542e-04 | loss=0.673963 | k_vals=[10, 1, 100, 20, 100]
Epoch 003 | Step 8970 | lr=4.522542e-04 | loss=0.663268 | k_vals=[50, 1, 10, 50, 100]
Epoch 003 | Step 9000 | lr=4.522542e-04 | loss=0.772800 | k_vals=[1, 100, 1, 50, 50]
Epoch 003 | Step 9030 | lr=4.522542e-04 | loss=0.677616 | k_vals=[100, 20, 20, 10, 20]
Epoch 003 | Step 9060 | lr=4.522542e-04 | loss=0.880359 | k_vals=[20, 1, 100, 1, 10]
Epoch 003 | Step 9090 | lr=4.522542e-04 | loss=0.689989 | k_vals=[50, 50, 100, 100, 20]
Epoch 003 | Step 9120 | lr=4.522542e-04 | loss=0.680156 | k_vals=[20, 20, 1, 50, 20]
Epoch 003 | Step 9150 | lr=4.522542e-04 | loss=0.634097 | k_vals=[50, 20, 20, 100, 50]
Epoch 003 | Step 9180 | lr=4.522542e-04 | loss=0.531116 | k_vals=[20, 100, 10, 100, 20]
Epoch 003 | Step 9210 | lr=4.522542e-04 | loss=0.776884 | k_vals=[10, 100, 10, 20, 100]
Epoch 003 | Step 9240 | lr=4.522542e-04 | loss=0.679430 | k_vals=[1, 50, 100, 1, 50]
Epoch 003 | Step 9270 | lr=4.522542e-04 | loss=0.546610 | k_vals=[1, 10, 10, 20, 100]
Epoch 003 | Step 9300 | lr=4.522542e-04 | loss=0.764716 | k_vals=[1, 100, 1, 20, 1]
Epoch 003 | Step 9330 | lr=4.522542e-04 | loss=0.552073 | k_vals=[100, 100, 50, 10, 1]
Epoch 003 | Step 9360 | lr=4.522542e-04 | loss=0.649995 | k_vals=[20, 10, 100, 100, 20]
Epoch 003 | Step 9390 | lr=4.522542e-04 | loss=0.664147 | k_vals=[10, 1, 100, 20, 100]
Epoch 003 | Step 9420 | lr=4.522542e-04 | loss=0.836094 | k_vals=[100, 20, 100, 50, 50]
Epoch 003 | Step 9450 | lr=4.522542e-04 | loss=0.600797 | k_vals=[10, 50, 10, 20, 100]
Epoch 003 | Step 9480 | lr=4.522542e-04 | loss=0.805458 | k_vals=[1, 50, 20, 10, 1]
Epoch 003 | Step 9510 | lr=4.522542e-04 | loss=0.773396 | k_vals=[20, 20, 1, 50, 100]
Epoch 003 | Step 9540 | lr=4.522542e-04 | loss=0.732869 | k_vals=[20, 100, 50, 20, 50]
Epoch 003 | Step 9570 | lr=4.522542e-04 | loss=0.676256 | k_vals=[100, 100, 100, 50, 50]
Epoch 003 | Step 9600 | lr=4.522542e-04 | loss=0.766082 | k_vals=[100, 10, 1, 1, 50]
Epoch 003 | Step 9630 | lr=4.522542e-04 | loss=0.737530 | k_vals=[10, 50, 100, 50, 1]
Epoch 003 | Step 9660 | lr=4.522542e-04 | loss=0.650925 | k_vals=[100, 20, 50, 10, 50]
Epoch 003 | Step 9690 | lr=4.522542e-04 | loss=0.762207 | k_vals=[10, 1, 20, 20, 10]
Epoch 003 | Step 9720 | lr=4.522542e-04 | loss=0.668953 | k_vals=[1, 100, 20, 10, 50]
Epoch 003 | Step 9750 | lr=4.522542e-04 | loss=0.784705 | k_vals=[10, 10, 1, 20, 10]
Epoch 003 | Step 9780 | lr=4.522542e-04 | loss=0.771751 | k_vals=[10, 1, 100, 50, 100]
Epoch 003 | Step 9810 | lr=4.522542e-04 | loss=0.616226 | k_vals=[50, 20, 20, 20, 10]
Epoch 003 | Step 9840 | lr=4.522542e-04 | loss=0.679137 | k_vals=[20, 100, 20, 20, 50]
Epoch 003 | Step 9870 | lr=4.522542e-04 | loss=0.820287 | k_vals=[10, 50, 20, 100, 50]
Epoch 003 | Step 9900 | lr=4.522542e-04 | loss=0.626424 | k_vals=[10, 100, 100, 50, 20]
Epoch 003 | Step 9930 | lr=4.522542e-04 | loss=0.785871 | k_vals=[100, 1, 10, 20, 50]
Epoch 003 | Step 9960 | lr=4.522542e-04 | loss=0.985323 | k_vals=[10, 100, 100, 10, 20]
Epoch 003 | Step 9990 | lr=4.522542e-04 | loss=0.684904 | k_vals=[20, 10, 20, 50, 20]
Epoch 003 | Step 10020 | lr=4.522542e-04 | loss=0.742126 | k_vals=[1, 20, 1, 10, 100]
Epoch 003 | Step 10050 | lr=4.522542e-04 | loss=0.735484 | k_vals=[100, 50, 100, 10, 20]
Epoch 003 | Step 10080 | lr=4.522542e-04 | loss=0.821460 | k_vals=[1, 10, 100, 1, 1]
Epoch 003 | Step 10110 | lr=4.522542e-04 | loss=0.835917 | k_vals=[50, 20, 10, 20, 100]
Epoch 003 | Step 10140 | lr=4.522542e-04 | loss=0.673343 | k_vals=[50, 20, 20, 100, 50]
Epoch 003 | Step 10170 | lr=4.522542e-04 | loss=0.782446 | k_vals=[1, 10, 10, 10, 20]
Epoch 003 | Step 10200 | lr=4.522542e-04 | loss=0.687345 | k_vals=[10, 1, 1, 1, 10]
Epoch 003 | Step 10230 | lr=4.522542e-04 | loss=0.897288 | k_vals=[100, 10, 10, 20, 20]
Epoch 003 | Step 10260 | lr=4.522542e-04 | loss=0.674098 | k_vals=[20, 20, 10, 20, 100]
Epoch 003 | Step 10290 | lr=4.522542e-04 | loss=0.603154 | k_vals=[20, 1, 1, 50, 100]
Epoch 003 | Step 10320 | lr=4.522542e-04 | loss=0.694247 | k_vals=[10, 20, 100, 10, 50]
Epoch 003 | Step 10350 | lr=4.522542e-04 | loss=0.509227 | k_vals=[20, 10, 1, 20, 50]
Epoch 003 | Step 10380 | lr=4.522542e-04 | loss=0.736234 | k_vals=[10, 50, 10, 10, 100]
Epoch 003 | Step 10410 | lr=4.522542e-04 | loss=0.700479 | k_vals=[50, 50, 100, 100, 50]
Epoch 003 | Step 10440 | lr=4.522542e-04 | loss=0.827349 | k_vals=[1, 20, 50, 20, 10]
Epoch 003 | Step 10470 | lr=4.522542e-04 | loss=0.714234 | k_vals=[50, 20, 1, 100, 1]
Epoch 003 | Step 10500 | lr=4.522542e-04 | loss=0.703099 | k_vals=[20, 1, 1, 100, 10]
Epoch 003 | Step 10530 | lr=4.522542e-04 | loss=0.816566 | k_vals=[10, 50, 50, 20, 100]
Epoch 003 | Step 10560 | lr=4.522542e-04 | loss=0.647354 | k_vals=[1, 1, 1, 10, 1]
Epoch 003 | Step 10590 | lr=4.522542e-04 | loss=0.621083 | k_vals=[20, 20, 100, 50, 1]
Epoch 003 | Step 10620 | lr=4.522542e-04 | loss=0.740478 | k_vals=[20, 100, 100, 10, 10]
Epoch 003 | Step 10650 | lr=4.522542e-04 | loss=0.783931 | k_vals=[20, 20, 20, 10, 1]
Epoch 003 | Step 10680 | lr=4.522542e-04 | loss=0.728867 | k_vals=[100, 100, 1, 10, 100]
Epoch 003 | Step 10710 | lr=4.522542e-04 | loss=0.696756 | k_vals=[50, 20, 10, 20, 10]
Epoch 003 | Step 10740 | lr=4.522542e-04 | loss=0.776235 | k_vals=[1, 100, 20, 50, 100]
Epoch 003 | Step 10770 | lr=4.522542e-04 | loss=0.702010 | k_vals=[100, 100, 100, 10, 100]
Epoch 003 | Step 10800 | lr=4.522542e-04 | loss=0.649236 | k_vals=[10, 10, 50, 10, 20]
Epoch 003 | Step 10830 | lr=4.522542e-04 | loss=0.734025 | k_vals=[100, 10, 20, 50, 100]
Epoch 003 | Step 10860 | lr=4.522542e-04 | loss=0.813087 | k_vals=[100, 10, 20, 100, 1]
Epoch 003 | Step 10890 | lr=4.522542e-04 | loss=0.729753 | k_vals=[100, 100, 1, 100, 10]
Epoch 003 | Step 10920 | lr=4.522542e-04 | loss=0.729585 | k_vals=[1, 100, 50, 100, 100]
Epoch 003 | Step 10950 | lr=4.522542e-04 | loss=0.674141 | k_vals=[1, 100, 20, 100, 20]
Epoch 003 | Step 10980 | lr=4.522542e-04 | loss=0.762334 | k_vals=[10, 100, 1, 50, 50]
Epoch 003 | Step 11010 | lr=4.522542e-04 | loss=0.743368 | k_vals=[100, 20, 10, 50, 100]
Epoch 003 | Step 11040 | lr=4.522542e-04 | loss=0.674650 | k_vals=[10, 50, 50, 10, 10]
Epoch 003 | Step 11070 | lr=4.522542e-04 | loss=0.679127 | k_vals=[1, 50, 10, 1, 1]
Epoch 003 | Step 11100 | lr=4.522542e-04 | loss=0.718248 | k_vals=[20, 100, 100, 100, 1]
Epoch 003 | Step 11130 | lr=4.522542e-04 | loss=0.630367 | k_vals=[1, 10, 20, 10, 50]
Epoch 003 | Step 11160 | lr=4.522542e-04 | loss=0.697329 | k_vals=[100, 100, 50, 100, 1]
Epoch 003 | Step 11190 | lr=4.522542e-04 | loss=0.717138 | k_vals=[20, 10, 50, 10, 20]
Epoch 003 | Step 11220 | lr=4.522542e-04 | loss=0.658931 | k_vals=[100, 20, 50, 20, 10]
Epoch 003 | Step 11250 | lr=4.522542e-04 | loss=0.654104 | k_vals=[50, 20, 50, 1, 50]
Epoch 003 | Step 11280 | lr=4.522542e-04 | loss=0.768596 | k_vals=[50, 100, 100, 10, 1]
Epoch 003 | Step 11310 | lr=4.522542e-04 | loss=0.768725 | k_vals=[100, 10, 20, 1, 100]
Epoch 003 | Step 11340 | lr=4.522542e-04 | loss=0.616977 | k_vals=[10, 1, 100, 100, 50]
Epoch 003 | Step 11370 | lr=4.522542e-04 | loss=0.752610 | k_vals=[1, 1, 10, 1, 50]
Epoch 003 | Step 11400 | lr=4.522542e-04 | loss=0.689119 | k_vals=[20, 10, 20, 10, 20]
Epoch 003 | Step 11430 | lr=4.522542e-04 | loss=0.530588 | k_vals=[10, 50, 100, 20, 1]
Epoch 003 | Step 11460 | lr=4.522542e-04 | loss=0.635534 | k_vals=[50, 10, 10, 10, 1]
Epoch 003 | Step 11490 | lr=4.522542e-04 | loss=0.785224 | k_vals=[10, 20, 10, 50, 20]
Epoch 003 | Step 11520 | lr=4.522542e-04 | loss=0.623125 | k_vals=[20, 10, 1, 50, 100]
Epoch 003 | Step 11550 | lr=4.522542e-04 | loss=0.561752 | k_vals=[1, 50, 100, 20, 10]
Epoch 003 | Step 11580 | lr=4.522542e-04 | loss=0.741872 | k_vals=[100, 50, 100, 20, 100]
Epoch 003 | Step 11610 | lr=4.522542e-04 | loss=0.694551 | k_vals=[100, 100, 10, 100, 20]
Epoch 003 | Step 11640 | lr=4.522542e-04 | loss=0.667691 | k_vals=[1, 100, 20, 100, 50]
Epoch 003 | Step 11670 | lr=4.522542e-04 | loss=0.804872 | k_vals=[100, 20, 20, 1, 100]
Epoch 003 | Step 11700 | lr=4.522542e-04 | loss=0.642329 | k_vals=[10, 20, 100, 20, 10]
Epoch 003 | Step 11730 | lr=4.522542e-04 | loss=0.759027 | k_vals=[10, 10, 100, 100, 50]
Epoch 003 | Step 11760 | lr=4.522542e-04 | loss=0.788504 | k_vals=[20, 50, 20, 20, 10]
Epoch 003 | Step 11790 | lr=4.522542e-04 | loss=0.655820 | k_vals=[50, 1, 100, 1, 20]
Epoch 003 | Step 11820 | lr=4.522542e-04 | loss=0.653565 | k_vals=[50, 10, 1, 20, 10]
Epoch 003 | Step 11850 | lr=4.522542e-04 | loss=0.661321 | k_vals=[1, 1, 10, 50, 20]
Epoch 003 | Step 11880 | lr=4.522542e-04 | loss=0.605253 | k_vals=[10, 100, 20, 1, 20]
Epoch 003 | Step 11910 | lr=4.522542e-04 | loss=0.615857 | k_vals=[100, 100, 100, 50, 10]
Epoch 003 | Step 11940 | lr=4.522542e-04 | loss=0.772629 | k_vals=[100, 1, 20, 50, 50]
Epoch 003 | Step 11970 | lr=4.522542e-04 | loss=0.695296 | k_vals=[10, 20, 20, 100, 50]
Epoch 003 | Step 12000 | lr=4.522542e-04 | loss=0.759049 | k_vals=[1, 20, 1, 20, 20]
Epoch 003 | Step 12030 | lr=4.522542e-04 | loss=0.725294 | k_vals=[20, 50, 10, 20, 10]
Epoch 003 | Step 12060 | lr=4.522542e-04 | loss=0.588292 | k_vals=[50, 100, 20, 10, 20]
Epoch 003 | Step 12090 | lr=4.522542e-04 | loss=0.749404 | k_vals=[100, 20, 20, 10, 1]
Epoch 003 | Step 12120 | lr=4.522542e-04 | loss=0.681148 | k_vals=[100, 1, 100, 10, 50]
Epoch 003 | Step 12150 | lr=4.522542e-04 | loss=0.716342 | k_vals=[50, 1, 100, 10, 100]
Epoch 003 | Step 12180 | lr=4.522542e-04 | loss=0.744580 | k_vals=[1, 1, 20, 50, 10]
Epoch 003 | Step 12210 | lr=4.522542e-04 | loss=0.746908 | k_vals=[20, 10, 1, 10, 10]
Epoch 003 | Step 12240 | lr=4.522542e-04 | loss=0.793514 | k_vals=[100, 10, 10, 20, 100]
Epoch 003 | Step 12270 | lr=4.522542e-04 | loss=0.623859 | k_vals=[1, 1, 50, 100, 20]
Epoch 003 | Step 12300 | lr=4.522542e-04 | loss=0.659921 | k_vals=[10, 20, 50, 100, 50]
Epoch 003 | Step 12330 | lr=4.522542e-04 | loss=0.645761 | k_vals=[100, 50, 50, 20, 1]
Epoch 003 | Step 12360 | lr=4.522542e-04 | loss=0.610680 | k_vals=[20, 50, 20, 100, 10]
Epoch 003 | Step 12390 | lr=4.522542e-04 | loss=0.694839 | k_vals=[20, 20, 50, 100, 1]
Epoch 003 | Step 12420 | lr=4.522542e-04 | loss=0.716957 | k_vals=[20, 10, 50, 10, 50]
Epoch 003 | Step 12450 | lr=4.522542e-04 | loss=0.643026 | k_vals=[20, 10, 100, 10, 50]
Epoch 003 | Step 12480 | lr=4.522542e-04 | loss=0.630836 | k_vals=[10, 10, 50, 100, 1]
Epoch 003 | Step 12510 | lr=4.522542e-04 | loss=0.748855 | k_vals=[1, 20, 20, 100, 20]
Epoch 003 | Step 12540 | lr=4.522542e-04 | loss=0.657394 | k_vals=[10, 20, 50, 1, 10]
Epoch 003 | Step 12570 | lr=4.522542e-04 | loss=0.648035 | k_vals=[50, 50, 50, 100, 100]
Epoch 003 | Step 12600 | lr=4.522542e-04 | loss=0.627191 | k_vals=[1, 10, 1, 20, 50]
Epoch 003 | Step 12630 | lr=4.522542e-04 | loss=0.749380 | k_vals=[1, 50, 20, 100, 20]
Epoch 003 | Step 12660 | lr=4.522542e-04 | loss=0.724767 | k_vals=[10, 100, 50, 100, 50]
Epoch 003 | Step 12690 | lr=4.522542e-04 | loss=0.666244 | k_vals=[100, 50, 50, 20, 50]
Epoch 003 | Step 12720 | lr=4.522542e-04 | loss=0.796468 | k_vals=[100, 10, 10, 10, 10]
Epoch 003 | Step 12750 | lr=4.522542e-04 | loss=0.833552 | k_vals=[1, 50, 100, 1, 50]
Epoch 003 | Step 12780 | lr=4.522542e-04 | loss=0.794980 | k_vals=[50, 20, 50, 1, 50]
Epoch 003 | Step 12810 | lr=4.522542e-04 | loss=0.786168 | k_vals=[1, 1, 1, 20, 20]
Epoch 003 | Step 12840 | lr=4.522542e-04 | loss=0.790855 | k_vals=[100, 50, 1, 50, 100]
Epoch 003 | Step 12870 | lr=4.522542e-04 | loss=0.657987 | k_vals=[10, 20, 100, 1, 50]
Epoch 003 | Step 12900 | lr=4.522542e-04 | loss=0.851548 | k_vals=[50, 50, 50, 50, 100]
Epoch 003 | Step 12930 | lr=4.522542e-04 | loss=0.724241 | k_vals=[1, 10, 100, 1, 50]
Epoch 003 | Step 12960 | lr=4.522542e-04 | loss=0.962049 | k_vals=[1, 1, 50, 10, 20]
Epoch 003 | Step 12990 | lr=4.522542e-04 | loss=0.611194 | k_vals=[100, 20, 100, 1, 20]
Epoch 003 | Step 13020 | lr=4.522542e-04 | loss=0.836120 | k_vals=[10, 1, 1, 20, 50]
Epoch 003 | Step 13050 | lr=4.522542e-04 | loss=0.667180 | k_vals=[20, 100, 20, 20, 100]
Epoch 003 | Step 13080 | lr=4.522542e-04 | loss=0.607267 | k_vals=[100, 1, 10, 50, 1]
Epoch 003 | Step 13110 | lr=4.522542e-04 | loss=0.757477 | k_vals=[100, 100, 1, 10, 1]
Epoch 003 | Step 13140 | lr=4.522542e-04 | loss=0.830633 | k_vals=[50, 50, 50, 1, 10]
Epoch 003 | Step 13170 | lr=4.522542e-04 | loss=0.803027 | k_vals=[1, 50, 1, 1, 1]
Epoch 003 | Step 13200 | lr=4.522542e-04 | loss=0.757436 | k_vals=[1, 20, 1, 20, 20]
Epoch 003 | Step 13230 | lr=4.522542e-04 | loss=0.727131 | k_vals=[20, 1, 100, 1, 1]
Epoch 003 | Step 13260 | lr=4.522542e-04 | loss=0.715365 | k_vals=[100, 1, 1, 100, 100]
Epoch 003 | Step 13290 | lr=4.522542e-04 | loss=0.795006 | k_vals=[1, 10, 20, 10, 1]
Epoch 003 | Step 13320 | lr=4.522542e-04 | loss=0.589708 | k_vals=[20, 50, 1, 20, 50]
Epoch 003 | Step 13350 | lr=4.522542e-04 | loss=0.770712 | k_vals=[1, 50, 100, 100, 1]
Epoch 003 | Step 13380 | lr=4.522542e-04 | loss=0.893265 | k_vals=[50, 1, 20, 50, 100]
Epoch 003 | Step 13410 | lr=4.522542e-04 | loss=0.570135 | k_vals=[50, 100, 100, 100, 50]
Epoch 003 | Step 13440 | lr=4.522542e-04 | loss=0.684787 | k_vals=[20, 10, 50, 50, 50]
Epoch 003 | Step 13470 | lr=4.522542e-04 | loss=0.668752 | k_vals=[20, 20, 50, 1, 1]
Epoch 003 | Step 13500 | lr=4.522542e-04 | loss=0.646842 | k_vals=[10, 1, 20, 50, 20]
Epoch 003 | Step 13530 | lr=4.522542e-04 | loss=0.853583 | k_vals=[1, 20, 20, 20, 20]
Epoch 003 | Step 13560 | lr=4.522542e-04 | loss=0.728349 | k_vals=[10, 1, 20, 100, 1]
Epoch 003 | Step 13590 | lr=4.522542e-04 | loss=0.646617 | k_vals=[10, 1, 10, 100, 50]
Epoch 003 | Step 13620 | lr=4.522542e-04 | loss=0.559973 | k_vals=[20, 100, 50, 1, 100]
Epoch 003 | Step 13650 | lr=4.522542e-04 | loss=0.600495 | k_vals=[20, 20, 50, 50, 100]
Epoch 003 | Step 13680 | lr=4.522542e-04 | loss=0.671611 | k_vals=[10, 50, 100, 20, 20]
Epoch 003 | Step 13710 | lr=4.522542e-04 | loss=0.782137 | k_vals=[10, 1, 20, 50, 20]
Epoch 003 | Step 13740 | lr=4.522542e-04 | loss=0.589455 | k_vals=[50, 100, 1, 1, 50]
Epoch 003 | Step 13770 | lr=4.522542e-04 | loss=0.669088 | k_vals=[50, 100, 10, 50, 10]
Epoch 003 | Step 13800 | lr=4.522542e-04 | loss=0.800910 | k_vals=[20, 20, 50, 1, 100]
Epoch 003 | Step 13830 | lr=4.522542e-04 | loss=0.636076 | k_vals=[100, 20, 20, 50, 10]
Epoch 003 | Step 13860 | lr=4.522542e-04 | loss=0.653070 | k_vals=[1, 20, 10, 20, 50]
Epoch 003 | Step 13890 | lr=4.522542e-04 | loss=0.682531 | k_vals=[20, 1, 1, 50, 100]
Epoch 003 | Step 13920 | lr=4.522542e-04 | loss=0.649456 | k_vals=[10, 10, 50, 20, 1]
Epoch 003 | Step 13950 | lr=4.522542e-04 | loss=0.845409 | k_vals=[50, 100, 20, 50, 20]
Epoch 003 | Step 13980 | lr=4.522542e-04 | loss=0.644485 | k_vals=[10, 20, 1, 10, 100]
Epoch 003 | Step 14010 | lr=4.522542e-04 | loss=0.679189 | k_vals=[1, 1, 20, 10, 50]
Epoch 003 | Step 14040 | lr=4.522542e-04 | loss=0.818910 | k_vals=[20, 100, 50, 20, 20]
Epoch 003 | Step 14070 | lr=4.522542e-04 | loss=0.681017 | k_vals=[50, 100, 10, 100, 20]
Epoch 003 | Step 14100 | lr=4.522542e-04 | loss=0.632621 | k_vals=[20, 20, 100, 50, 20]
Epoch 003 | Step 14130 | lr=4.522542e-04 | loss=0.573294 | k_vals=[100, 20, 1, 50, 20]
Epoch 003 | Step 14160 | lr=4.522542e-04 | loss=0.542180 | k_vals=[20, 1, 100, 10, 20]
Epoch 003 | Step 14190 | lr=4.522542e-04 | loss=0.544560 | k_vals=[50, 1, 50, 1, 50]
Epoch 003 | Step 14220 | lr=4.522542e-04 | loss=0.699920 | k_vals=[50, 10, 50, 100, 20]
Epoch 003 | Step 14250 | lr=4.522542e-04 | loss=0.780431 | k_vals=[50, 10, 100, 20, 50]
Epoch 003 | Step 14280 | lr=4.522542e-04 | loss=0.701012 | k_vals=[20, 50, 20, 100, 100]
Epoch 003 | Step 14310 | lr=4.522542e-04 | loss=0.705011 | k_vals=[20, 1, 10, 50, 10]
Epoch 003 | Step 14340 | lr=4.522542e-04 | loss=0.790791 | k_vals=[50, 1, 10, 20, 20]
Epoch 003 | Step 14370 | lr=4.522542e-04 | loss=0.734642 | k_vals=[1, 20, 10, 20, 1]
Epoch 003 | Step 14400 | lr=4.522542e-04 | loss=0.735636 | k_vals=[50, 1, 100, 10, 50]
Epoch 003 | Step 14430 | lr=4.522542e-04 | loss=0.729003 | k_vals=[20, 100, 100, 1, 1]
Epoch 003 | Step 14460 | lr=4.522542e-04 | loss=0.632305 | k_vals=[50, 10, 100, 50, 100]
Epoch 003 | Step 14490 | lr=4.522542e-04 | loss=0.627179 | k_vals=[50, 100, 1, 20, 20]
Epoch 003 | Step 14520 | lr=4.522542e-04 | loss=0.751785 | k_vals=[50, 1, 1, 10, 10]
Epoch 003 | Step 14550 | lr=4.522542e-04 | loss=0.678056 | k_vals=[10, 50, 20, 100, 50]
Epoch 003 | Step 14580 | lr=4.522542e-04 | loss=0.801240 | k_vals=[100, 50, 20, 10, 10]
Epoch 003 | Step 14610 | lr=4.522542e-04 | loss=0.824242 | k_vals=[1, 10, 50, 10, 10]
Epoch 003 | Step 14640 | lr=4.522542e-04 | loss=0.877358 | k_vals=[10, 1, 1, 20, 10]
Epoch 003 | Step 14670 | lr=4.522542e-04 | loss=0.671664 | k_vals=[1, 10, 50, 1, 100]
Epoch 003 | Step 14700 | lr=4.522542e-04 | loss=0.662292 | k_vals=[20, 10, 20, 50, 20]
Epoch 003 | Step 14730 | lr=4.522542e-04 | loss=0.710506 | k_vals=[100, 20, 20, 100, 100]
Epoch 003 | Step 14760 | lr=4.522542e-04 | loss=0.589091 | k_vals=[100, 1, 1, 20, 10]
Epoch 003 | Step 14790 | lr=4.522542e-04 | loss=0.706744 | k_vals=[20, 50, 1, 50, 10]
Epoch 003 | Step 14820 | lr=4.522542e-04 | loss=0.755865 | k_vals=[1, 50, 20, 100, 1]
Epoch 003 | Step 14850 | lr=4.522542e-04 | loss=0.618478 | k_vals=[50, 20, 50, 20, 1]
Epoch 003 | Step 14880 | lr=4.522542e-04 | loss=0.614604 | k_vals=[100, 10, 20, 10, 20]
Epoch 003 | Step 14910 | lr=4.522542e-04 | loss=0.671862 | k_vals=[1, 20, 1, 50, 50]
Epoch 003 | Step 14940 | lr=4.522542e-04 | loss=0.831740 | k_vals=[100, 50, 100, 100, 100]
Epoch 003 | Step 14970 | lr=4.522542e-04 | loss=0.621330 | k_vals=[50, 1, 10, 10, 50]
Epoch 003 | Step 15000 | lr=4.522542e-04 | loss=0.783623 | k_vals=[20, 20, 20, 20, 10]
Epoch 003 | Step 15030 | lr=4.522542e-04 | loss=0.663307 | k_vals=[20, 20, 10, 20, 50]
Epoch 003 | Step 15060 | lr=4.522542e-04 | loss=0.637416 | k_vals=[10, 1, 100, 10, 1]
Epoch 003 | Step 15090 | lr=4.522542e-04 | loss=0.762380 | k_vals=[10, 20, 10, 100, 10]
Epoch 003 | Step 15120 | lr=4.522542e-04 | loss=0.611858 | k_vals=[10, 20, 20, 10, 20]
Epoch 003 | Step 15150 | lr=4.522542e-04 | loss=0.734977 | k_vals=[1, 50, 1, 20, 50]
Epoch 003 | Step 15180 | lr=4.522542e-04 | loss=0.702513 | k_vals=[20, 10, 1, 100, 50]
Epoch 003 | Step 15210 | lr=4.522542e-04 | loss=0.712937 | k_vals=[50, 50, 10, 10, 50]
Epoch 003 | Step 15240 | lr=4.522542e-04 | loss=0.715631 | k_vals=[10, 100, 50, 1, 10]
Epoch 003 | Step 15270 | lr=4.522542e-04 | loss=0.583215 | k_vals=[1, 20, 10, 10, 50]
Epoch 003 | Step 15300 | lr=4.522542e-04 | loss=0.614955 | k_vals=[20, 50, 1, 20, 100]
Epoch 003 | Step 15330 | lr=4.522542e-04 | loss=0.578652 | k_vals=[50, 100, 20, 50, 100]
Epoch 003 | Step 15360 | lr=4.522542e-04 | loss=0.829353 | k_vals=[1, 20, 1, 50, 1]
Epoch 003 | Step 15390 | lr=4.522542e-04 | loss=0.738671 | k_vals=[50, 100, 10, 50, 20]
Epoch 003 | Step 15420 | lr=4.522542e-04 | loss=0.718002 | k_vals=[50, 10, 20, 20, 50]
Epoch 003 | Step 15450 | lr=4.522542e-04 | loss=0.645479 | k_vals=[1, 10, 20, 50, 20]
Epoch 003 | Step 15480 | lr=4.522542e-04 | loss=0.635433 | k_vals=[100, 20, 100, 10, 1]
Epoch 003 | Step 15510 | lr=4.522542e-04 | loss=0.739700 | k_vals=[10, 50, 20, 1, 100]
Epoch 003 | Step 15540 | lr=4.522542e-04 | loss=0.694447 | k_vals=[50, 100, 100, 10, 1]
Epoch 003 | Step 15570 | lr=4.522542e-04 | loss=0.765753 | k_vals=[10, 50, 1, 20, 1]
Epoch 003 | Step 15600 | lr=4.522542e-04 | loss=0.682347 | k_vals=[10, 100, 20, 100, 50]
Epoch 003 | Step 15630 | lr=4.522542e-04 | loss=0.862719 | k_vals=[1, 50, 1, 1, 10]
Epoch 003 | Step 15660 | lr=4.522542e-04 | loss=0.745846 | k_vals=[50, 50, 1, 100, 1]
Epoch 003 | Step 15690 | lr=4.522542e-04 | loss=0.746024 | k_vals=[20, 1, 100, 10, 50]
Epoch 003 | Step 15720 | lr=4.522542e-04 | loss=0.671179 | k_vals=[20, 1, 1, 50, 100]
Epoch 003 | Step 15750 | lr=4.522542e-04 | loss=0.701709 | k_vals=[50, 20, 20, 20, 1]
Epoch 003 | Step 15780 | lr=4.522542e-04 | loss=0.638284 | k_vals=[100, 100, 20, 100, 10]
Epoch 003 | Step 15810 | lr=4.522542e-04 | loss=0.711361 | k_vals=[100, 1, 1, 20, 100]
Epoch 003 | Step 15840 | lr=4.522542e-04 | loss=0.686749 | k_vals=[10, 1, 50, 10, 20]
Epoch 003 | Step 15870 | lr=4.522542e-04 | loss=0.717157 | k_vals=[1, 50, 100, 20, 1]
Epoch 003 | Step 15900 | lr=4.522542e-04 | loss=0.597015 | k_vals=[20, 50, 10, 100, 20]
Epoch 003 | Step 15930 | lr=4.522542e-04 | loss=0.632036 | k_vals=[1, 10, 20, 1, 20]
Epoch 003 | Step 15960 | lr=4.522542e-04 | loss=0.908323 | k_vals=[1, 20, 10, 1, 1]
Epoch 003 | Step 15990 | lr=4.522542e-04 | loss=0.693226 | k_vals=[100, 50, 100, 50, 100]
Epoch 003 | Step 16020 | lr=4.522542e-04 | loss=0.628579 | k_vals=[20, 50, 20, 10, 20]
Epoch 003 | Step 16050 | lr=4.522542e-04 | loss=0.709525 | k_vals=[100, 50, 50, 10, 1]
Epoch 003 | Step 16080 | lr=4.522542e-04 | loss=0.710732 | k_vals=[100, 20, 100, 100, 50]
Epoch 003 | Step 16110 | lr=4.522542e-04 | loss=0.618060 | k_vals=[100, 100, 1, 50, 100]
Epoch 003 | Step 16140 | lr=4.522542e-04 | loss=0.695110 | k_vals=[20, 20, 10, 10, 20]
Epoch 003 | Step 16170 | lr=4.522542e-04 | loss=0.784355 | k_vals=[20, 1, 50, 20, 10]
Epoch 003 | Step 16200 | lr=4.522542e-04 | loss=0.817932 | k_vals=[10, 10, 50, 50, 100]
Epoch 003 | Step 16230 | lr=4.522542e-04 | loss=0.766134 | k_vals=[20, 100, 10, 10, 1]
Epoch 003 | Step 16260 | lr=4.522542e-04 | loss=0.703595 | k_vals=[10, 1, 1, 100, 1]
Epoch 003 | Step 16290 | lr=4.522542e-04 | loss=0.759434 | k_vals=[10, 10, 10, 1, 10]
Epoch 003 | Step 16320 | lr=4.522542e-04 | loss=0.678985 | k_vals=[50, 20, 100, 1, 100]
Epoch 003 | Step 16350 | lr=4.522542e-04 | loss=0.551165 | k_vals=[1, 100, 1, 10, 100]
Epoch 003 | Step 16380 | lr=4.522542e-04 | loss=0.748746 | k_vals=[1, 10, 20, 10, 100]
Epoch 003 | Step 16410 | lr=4.522542e-04 | loss=0.793229 | k_vals=[1, 100, 20, 10, 10]
Epoch 003 | Step 16440 | lr=4.522542e-04 | loss=0.787895 | k_vals=[50, 1, 100, 20, 10]
Epoch 003 | Step 16470 | lr=4.522542e-04 | loss=0.657858 | k_vals=[100, 10, 100, 10, 20]
Epoch 003 | Step 16500 | lr=4.522542e-04 | loss=0.703607 | k_vals=[50, 20, 10, 20, 50]
Epoch 003 | Step 16530 | lr=4.522542e-04 | loss=0.744545 | k_vals=[10, 1, 1, 50, 20]
Epoch 003 | Step 16560 | lr=4.522542e-04 | loss=0.905735 | k_vals=[100, 1, 1, 10, 50]
Epoch 003 | Step 16590 | lr=4.522542e-04 | loss=0.686025 | k_vals=[100, 10, 1, 50, 20]
Epoch 003 | Step 16620 | lr=4.522542e-04 | loss=0.849668 | k_vals=[10, 10, 20, 50, 100]
Epoch 003 | Step 16650 | lr=4.522542e-04 | loss=0.643361 | k_vals=[100, 50, 20, 1, 100]
Epoch 003 | Step 16680 | lr=4.522542e-04 | loss=0.779848 | k_vals=[100, 20, 1, 1, 100]
Epoch 003 | Step 16710 | lr=4.522542e-04 | loss=0.610790 | k_vals=[100, 100, 100, 10, 20]
Epoch 003 | Step 16740 | lr=4.522542e-04 | loss=0.815757 | k_vals=[20, 100, 20, 1, 50]
Epoch 003 | Step 16770 | lr=4.522542e-04 | loss=0.554749 | k_vals=[20, 100, 100, 100, 10]
Epoch 003 | Step 16800 | lr=4.522542e-04 | loss=0.672934 | k_vals=[1, 100, 50, 50, 10]
Epoch 003 | Step 16830 | lr=4.522542e-04 | loss=0.852706 | k_vals=[1, 1, 1, 100, 100]
Epoch 003 | Step 16860 | lr=4.522542e-04 | loss=0.668755 | k_vals=[100, 10, 20, 1, 100]
Epoch 003 | Step 16890 | lr=4.522542e-04 | loss=0.662653 | k_vals=[100, 20, 10, 100, 20]
Epoch 003 | Step 16920 | lr=4.522542e-04 | loss=0.729949 | k_vals=[1, 50, 10, 20, 100]
Epoch 003 | Step 16950 | lr=4.522542e-04 | loss=0.624940 | k_vals=[20, 100, 10, 50, 10]
Epoch 003 | Step 16980 | lr=4.522542e-04 | loss=0.759251 | k_vals=[50, 100, 1, 50, 20]
Epoch 003 | Step 17010 | lr=4.522542e-04 | loss=0.667473 | k_vals=[1, 10, 100, 20, 20]
Epoch 003 | Step 17040 | lr=4.522542e-04 | loss=0.720387 | k_vals=[50, 100, 20, 1, 50]
Epoch 003 | Step 17070 | lr=4.522542e-04 | loss=0.746546 | k_vals=[20, 20, 10, 100, 20]
Epoch 003 | Step 17100 | lr=4.522542e-04 | loss=0.646316 | k_vals=[10, 100, 20, 100, 50]
Epoch 003 | Step 17130 | lr=4.522542e-04 | loss=0.789648 | k_vals=[50, 100, 20, 10, 1]
Epoch 003 | Step 17160 | lr=4.522542e-04 | loss=0.828281 | k_vals=[100, 1, 100, 1, 50]
Epoch 003 | Step 17190 | lr=4.522542e-04 | loss=0.813046 | k_vals=[50, 10, 1, 50, 100]
Epoch 003 | Step 17220 | lr=4.522542e-04 | loss=0.729394 | k_vals=[50, 50, 1, 1, 50]
Epoch 003 | Step 17250 | lr=4.522542e-04 | loss=0.742946 | k_vals=[50, 1, 1, 100, 1]
Epoch 003 | Step 17280 | lr=4.522542e-04 | loss=0.676561 | k_vals=[100, 50, 1, 100, 100]
Epoch 003 | Step 17310 | lr=4.522542e-04 | loss=0.676249 | k_vals=[1, 50, 100, 20, 10]
Epoch 003 | Step 17340 | lr=4.522542e-04 | loss=0.546745 | k_vals=[100, 10, 1, 20, 100]
Epoch 003 | Step 17370 | lr=4.522542e-04 | loss=0.768620 | k_vals=[100, 100, 100, 1, 1]
Epoch 003 | Step 17400 | lr=4.522542e-04 | loss=0.871797 | k_vals=[100, 1, 50, 20, 100]
Epoch 003 | Step 17430 | lr=4.522542e-04 | loss=0.722884 | k_vals=[50, 20, 50, 10, 1]
Epoch 003 | Step 17460 | lr=4.522542e-04 | loss=0.668131 | k_vals=[50, 10, 10, 100, 1]
Epoch 003 | Step 17490 | lr=4.522542e-04 | loss=0.677829 | k_vals=[100, 10, 100, 20, 20]
Epoch 003 | Step 17520 | lr=4.522542e-04 | loss=0.674756 | k_vals=[100, 20, 100, 1, 10]
Epoch 003 | Step 17550 | lr=4.522542e-04 | loss=0.749198 | k_vals=[50, 100, 20, 10, 50]
[Epoch 3] K-value distribution: K=1:450138(20.0%) | K=10:450114(20.0%) | K=20:449711(20.0%) | K=50:450051(20.0%) | K=100:449986(20.0%)
epoch 003 | train_kld=0.710843 | val_kld=0.700258 | val_mae=0.006355 | val_mse=0.001618 | ord_acc@10=0.1748 | recall@10=0.5877
Epoch 004 | Step 30 | lr=3.969463e-04 | loss=0.642991 | k_vals=[1, 10, 100, 50, 100]
Epoch 004 | Step 60 | lr=3.969463e-04 | loss=0.804159 | k_vals=[10, 1, 1, 1, 100]
Epoch 004 | Step 90 | lr=3.969463e-04 | loss=0.750447 | k_vals=[100, 100, 100, 100, 50]
Epoch 004 | Step 120 | lr=3.969463e-04 | loss=0.727032 | k_vals=[50, 100, 50, 50, 20]
Epoch 004 | Step 150 | lr=3.969463e-04 | loss=0.714428 | k_vals=[100, 1, 10, 50, 100]
Epoch 004 | Step 180 | lr=3.969463e-04 | loss=0.621023 | k_vals=[50, 20, 1, 10, 10]
Epoch 004 | Step 210 | lr=3.969463e-04 | loss=0.815256 | k_vals=[10, 1, 10, 50, 10]
Epoch 004 | Step 240 | lr=3.969463e-04 | loss=0.730441 | k_vals=[1, 10, 10, 10, 100]
Epoch 004 | Step 270 | lr=3.969463e-04 | loss=0.653534 | k_vals=[20, 50, 20, 100, 20]
Epoch 004 | Step 300 | lr=3.969463e-04 | loss=0.799526 | k_vals=[1, 1, 20, 100, 100]
Epoch 004 | Step 330 | lr=3.969463e-04 | loss=0.902955 | k_vals=[10, 20, 1, 10, 20]
Epoch 004 | Step 360 | lr=3.969463e-04 | loss=0.617348 | k_vals=[50, 100, 10, 100, 10]
Epoch 004 | Step 390 | lr=3.969463e-04 | loss=0.673724 | k_vals=[20, 50, 50, 10, 20]
Epoch 004 | Step 420 | lr=3.969463e-04 | loss=0.648784 | k_vals=[20, 100, 20, 100, 50]
Epoch 004 | Step 450 | lr=3.969463e-04 | loss=0.709730 | k_vals=[100, 20, 1, 20, 100]
Epoch 004 | Step 480 | lr=3.969463e-04 | loss=0.788639 | k_vals=[1, 20, 50, 1, 20]
Epoch 004 | Step 510 | lr=3.969463e-04 | loss=0.808849 | k_vals=[100, 20, 10, 100, 10]
Epoch 004 | Step 540 | lr=3.969463e-04 | loss=0.701520 | k_vals=[20, 20, 100, 50, 50]
Epoch 004 | Step 570 | lr=3.969463e-04 | loss=0.764985 | k_vals=[10, 100, 100, 20, 1]
Epoch 004 | Step 600 | lr=3.969463e-04 | loss=0.740193 | k_vals=[50, 1, 10, 100, 50]
Epoch 004 | Step 630 | lr=3.969463e-04 | loss=0.588921 | k_vals=[50, 10, 10, 10, 50]
Epoch 004 | Step 660 | lr=3.969463e-04 | loss=0.765322 | k_vals=[1, 100, 100, 50, 1]
Epoch 004 | Step 690 | lr=3.969463e-04 | loss=0.649713 | k_vals=[20, 10, 1, 10, 1]
Epoch 004 | Step 720 | lr=3.969463e-04 | loss=0.739834 | k_vals=[10, 1, 50, 50, 100]
Epoch 004 | Step 750 | lr=3.969463e-04 | loss=0.601939 | k_vals=[50, 100, 1, 100, 10]
Epoch 004 | Step 780 | lr=3.969463e-04 | loss=0.682958 | k_vals=[50, 20, 1, 20, 10]
Epoch 004 | Step 810 | lr=3.969463e-04 | loss=0.609236 | k_vals=[20, 50, 20, 50, 10]
Epoch 004 | Step 840 | lr=3.969463e-04 | loss=0.620106 | k_vals=[100, 50, 20, 20, 50]
Epoch 004 | Step 870 | lr=3.969463e-04 | loss=0.744474 | k_vals=[20, 100, 20, 1, 1]
Epoch 004 | Step 900 | lr=3.969463e-04 | loss=0.597869 | k_vals=[10, 10, 20, 10, 10]
Epoch 004 | Step 930 | lr=3.969463e-04 | loss=0.690591 | k_vals=[20, 50, 50, 20, 50]
Epoch 004 | Step 960 | lr=3.969463e-04 | loss=0.641311 | k_vals=[50, 10, 1, 100, 1]
Epoch 004 | Step 990 | lr=3.969463e-04 | loss=0.632836 | k_vals=[50, 1, 10, 50, 100]
Epoch 004 | Step 1020 | lr=3.969463e-04 | loss=0.722865 | k_vals=[20, 20, 10, 50, 20]
Epoch 004 | Step 1050 | lr=3.969463e-04 | loss=0.721843 | k_vals=[100, 20, 50, 100, 50]
Epoch 004 | Step 1080 | lr=3.969463e-04 | loss=0.662359 | k_vals=[10, 1, 20, 100, 20]
Epoch 004 | Step 1110 | lr=3.969463e-04 | loss=0.751897 | k_vals=[1, 1, 50, 1, 20]
Epoch 004 | Step 1140 | lr=3.969463e-04 | loss=0.710828 | k_vals=[50, 50, 1, 100, 1]
Epoch 004 | Step 1170 | lr=3.969463e-04 | loss=0.677370 | k_vals=[100, 50, 100, 100, 10]
Epoch 004 | Step 1200 | lr=3.969463e-04 | loss=0.734837 | k_vals=[100, 100, 20, 20, 20]
Epoch 004 | Step 1230 | lr=3.969463e-04 | loss=0.614670 | k_vals=[50, 1, 20, 50, 10]
Epoch 004 | Step 1260 | lr=3.969463e-04 | loss=0.572248 | k_vals=[1, 100, 20, 100, 1]
Epoch 004 | Step 1290 | lr=3.969463e-04 | loss=0.626499 | k_vals=[100, 50, 50, 50, 1]
Epoch 004 | Step 1320 | lr=3.969463e-04 | loss=0.712407 | k_vals=[1, 1, 20, 10, 1]
Epoch 004 | Step 1350 | lr=3.969463e-04 | loss=0.681329 | k_vals=[10, 50, 10, 10, 10]
Epoch 004 | Step 1380 | lr=3.969463e-04 | loss=0.773253 | k_vals=[50, 50, 20, 100, 1]
Epoch 004 | Step 1410 | lr=3.969463e-04 | loss=0.732873 | k_vals=[100, 50, 20, 10, 50]
Epoch 004 | Step 1440 | lr=3.969463e-04 | loss=0.666120 | k_vals=[20, 100, 20, 100, 100]
Epoch 004 | Step 1470 | lr=3.969463e-04 | loss=0.665267 | k_vals=[10, 1, 20, 20, 1]
Epoch 004 | Step 1500 | lr=3.969463e-04 | loss=0.643976 | k_vals=[50, 10, 100, 20, 1]
Epoch 004 | Step 1530 | lr=3.969463e-04 | loss=0.716747 | k_vals=[50, 50, 20, 100, 50]
Epoch 004 | Step 1560 | lr=3.969463e-04 | loss=0.751168 | k_vals=[10, 20, 10, 10, 50]
Epoch 004 | Step 1590 | lr=3.969463e-04 | loss=0.572488 | k_vals=[100, 100, 20, 50, 1]
Epoch 004 | Step 1620 | lr=3.969463e-04 | loss=0.664694 | k_vals=[50, 100, 50, 10, 100]
Epoch 004 | Step 1650 | lr=3.969463e-04 | loss=0.604776 | k_vals=[50, 1, 50, 1, 10]
Epoch 004 | Step 1680 | lr=3.969463e-04 | loss=0.683686 | k_vals=[10, 20, 100, 10, 50]
Epoch 004 | Step 1710 | lr=3.969463e-04 | loss=0.780052 | k_vals=[20, 50, 100, 100, 1]
Epoch 004 | Step 1740 | lr=3.969463e-04 | loss=0.801396 | k_vals=[50, 50, 1, 50, 1]
Epoch 004 | Step 1770 | lr=3.969463e-04 | loss=0.591006 | k_vals=[10, 1, 10, 1, 100]
Epoch 004 | Step 1800 | lr=3.969463e-04 | loss=0.723198 | k_vals=[100, 50, 10, 1, 10]
Epoch 004 | Step 1830 | lr=3.969463e-04 | loss=0.834756 | k_vals=[10, 20, 50, 1, 1]
Epoch 004 | Step 1860 | lr=3.969463e-04 | loss=0.815267 | k_vals=[10, 20, 10, 1, 10]
Epoch 004 | Step 1890 | lr=3.969463e-04 | loss=0.703092 | k_vals=[100, 50, 1, 10, 100]
Epoch 004 | Step 1920 | lr=3.969463e-04 | loss=0.724297 | k_vals=[50, 20, 1, 100, 50]
Epoch 004 | Step 1950 | lr=3.969463e-04 | loss=0.572967 | k_vals=[10, 10, 100, 20, 10]
Epoch 004 | Step 1980 | lr=3.969463e-04 | loss=0.587345 | k_vals=[1, 100, 10, 100, 100]
Epoch 004 | Step 2010 | lr=3.969463e-04 | loss=0.865837 | k_vals=[10, 10, 20, 10, 50]
Epoch 004 | Step 2040 | lr=3.969463e-04 | loss=0.831149 | k_vals=[50, 100, 100, 10, 20]
Epoch 004 | Step 2070 | lr=3.969463e-04 | loss=0.885273 | k_vals=[50, 20, 100, 50, 10]
Epoch 004 | Step 2100 | lr=3.969463e-04 | loss=0.794266 | k_vals=[100, 20, 1, 20, 20]
Epoch 004 | Step 2130 | lr=3.969463e-04 | loss=0.720993 | k_vals=[50, 50, 50, 100, 50]
Epoch 004 | Step 2160 | lr=3.969463e-04 | loss=0.614623 | k_vals=[1, 1, 10, 1, 20]
Epoch 004 | Step 2190 | lr=3.969463e-04 | loss=0.606184 | k_vals=[50, 1, 20, 1, 10]
Epoch 004 | Step 2220 | lr=3.969463e-04 | loss=0.760511 | k_vals=[20, 20, 100, 50, 50]
Epoch 004 | Step 2250 | lr=3.969463e-04 | loss=0.818832 | k_vals=[20, 1, 10, 50, 100]
Epoch 004 | Step 2280 | lr=3.969463e-04 | loss=0.732458 | k_vals=[50, 20, 1, 20, 50]
Epoch 004 | Step 2310 | lr=3.969463e-04 | loss=0.731755 | k_vals=[100, 50, 100, 100, 50]
Epoch 004 | Step 2340 | lr=3.969463e-04 | loss=0.729114 | k_vals=[50, 20, 20, 100, 20]
Epoch 004 | Step 2370 | lr=3.969463e-04 | loss=0.582267 | k_vals=[50, 50, 1, 20, 50]
Epoch 004 | Step 2400 | lr=3.969463e-04 | loss=0.584817 | k_vals=[100, 50, 10, 20, 1]
Epoch 004 | Step 2430 | lr=3.969463e-04 | loss=0.671218 | k_vals=[50, 100, 10, 20, 50]
Epoch 004 | Step 2460 | lr=3.969463e-04 | loss=0.728033 | k_vals=[1, 10, 50, 100, 1]
Epoch 004 | Step 2490 | lr=3.969463e-04 | loss=0.630327 | k_vals=[50, 100, 50, 100, 20]
Epoch 004 | Step 2520 | lr=3.969463e-04 | loss=0.704237 | k_vals=[100, 10, 100, 1, 100]
Epoch 004 | Step 2550 | lr=3.969463e-04 | loss=0.642812 | k_vals=[50, 1, 1, 20, 50]
Epoch 004 | Step 2580 | lr=3.969463e-04 | loss=0.685982 | k_vals=[20, 20, 50, 20, 50]
Epoch 004 | Step 2610 | lr=3.969463e-04 | loss=0.690431 | k_vals=[50, 20, 50, 100, 1]
Epoch 004 | Step 2640 | lr=3.969463e-04 | loss=0.645662 | k_vals=[1, 50, 10, 100, 10]
Epoch 004 | Step 2670 | lr=3.969463e-04 | loss=0.612356 | k_vals=[20, 20, 100, 20, 20]
Epoch 004 | Step 2700 | lr=3.969463e-04 | loss=0.580429 | k_vals=[10, 50, 50, 100, 10]
Epoch 004 | Step 2730 | lr=3.969463e-04 | loss=0.596897 | k_vals=[100, 20, 10, 20, 20]
Epoch 004 | Step 2760 | lr=3.969463e-04 | loss=0.639864 | k_vals=[100, 10, 1, 50, 10]
Epoch 004 | Step 2790 | lr=3.969463e-04 | loss=0.688990 | k_vals=[20, 20, 100, 100, 50]
Epoch 004 | Step 2820 | lr=3.969463e-04 | loss=0.617743 | k_vals=[1, 100, 100, 50, 100]
Epoch 004 | Step 2850 | lr=3.969463e-04 | loss=0.639267 | k_vals=[50, 20, 20, 10, 50]
Epoch 004 | Step 2880 | lr=3.969463e-04 | loss=0.753071 | k_vals=[50, 20, 100, 100, 10]
Epoch 004 | Step 2910 | lr=3.969463e-04 | loss=0.845681 | k_vals=[10, 20, 20, 10, 10]
Epoch 004 | Step 2940 | lr=3.969463e-04 | loss=0.729553 | k_vals=[10, 100, 100, 1, 100]
Epoch 004 | Step 2970 | lr=3.969463e-04 | loss=0.845497 | k_vals=[100, 100, 100, 20, 50]
Epoch 004 | Step 3000 | lr=3.969463e-04 | loss=0.745830 | k_vals=[1, 20, 10, 1, 50]
Epoch 004 | Step 3030 | lr=3.969463e-04 | loss=0.574343 | k_vals=[20, 100, 100, 10, 1]
Epoch 004 | Step 3060 | lr=3.969463e-04 | loss=0.701218 | k_vals=[20, 100, 50, 100, 20]
Epoch 004 | Step 3090 | lr=3.969463e-04 | loss=0.717135 | k_vals=[1, 100, 100, 100, 100]
Epoch 004 | Step 3120 | lr=3.969463e-04 | loss=0.636713 | k_vals=[10, 10, 50, 100, 20]
Epoch 004 | Step 3150 | lr=3.969463e-04 | loss=0.849903 | k_vals=[20, 100, 100, 10, 100]
Epoch 004 | Step 3180 | lr=3.969463e-04 | loss=0.668140 | k_vals=[10, 20, 10, 10, 100]
Epoch 004 | Step 3210 | lr=3.969463e-04 | loss=0.691282 | k_vals=[1, 10, 20, 100, 20]
Epoch 004 | Step 3240 | lr=3.969463e-04 | loss=0.717513 | k_vals=[20, 20, 100, 10, 20]
Epoch 004 | Step 3270 | lr=3.969463e-04 | loss=0.669404 | k_vals=[10, 100, 1, 100, 20]
Epoch 004 | Step 3300 | lr=3.969463e-04 | loss=0.826772 | k_vals=[10, 1, 20, 20, 20]
Epoch 004 | Step 3330 | lr=3.969463e-04 | loss=0.701489 | k_vals=[100, 100, 1, 1, 50]
Epoch 004 | Step 3360 | lr=3.969463e-04 | loss=0.718362 | k_vals=[20, 1, 1, 1, 50]
Epoch 004 | Step 3390 | lr=3.969463e-04 | loss=0.776284 | k_vals=[20, 20, 20, 1, 20]
Epoch 004 | Step 3420 | lr=3.969463e-04 | loss=0.605770 | k_vals=[20, 10, 10, 20, 50]
Epoch 004 | Step 3450 | lr=3.969463e-04 | loss=0.741467 | k_vals=[100, 50, 1, 1, 100]
Epoch 004 | Step 3480 | lr=3.969463e-04 | loss=0.622127 | k_vals=[10, 50, 50, 100, 100]
Epoch 004 | Step 3510 | lr=3.969463e-04 | loss=0.591720 | k_vals=[1, 10, 20, 50, 50]
Epoch 004 | Step 3540 | lr=3.969463e-04 | loss=0.805818 | k_vals=[20, 100, 50, 100, 20]
Epoch 004 | Step 3570 | lr=3.969463e-04 | loss=0.717774 | k_vals=[50, 10, 20, 20, 10]
Epoch 004 | Step 3600 | lr=3.969463e-04 | loss=0.849040 | k_vals=[100, 50, 20, 50, 100]
Epoch 004 | Step 3630 | lr=3.969463e-04 | loss=0.737123 | k_vals=[50, 20, 100, 20, 20]
Epoch 004 | Step 3660 | lr=3.969463e-04 | loss=0.600546 | k_vals=[10, 50, 10, 50, 10]
Epoch 004 | Step 3690 | lr=3.969463e-04 | loss=0.729235 | k_vals=[1, 20, 20, 50, 100]
Epoch 004 | Step 3720 | lr=3.969463e-04 | loss=0.656236 | k_vals=[1, 50, 20, 20, 50]
Epoch 004 | Step 3750 | lr=3.969463e-04 | loss=0.610959 | k_vals=[50, 1, 20, 20, 1]
Epoch 004 | Step 3780 | lr=3.969463e-04 | loss=0.759840 | k_vals=[1, 100, 20, 1, 10]
Epoch 004 | Step 3810 | lr=3.969463e-04 | loss=0.795268 | k_vals=[20, 10, 10, 100, 10]
Epoch 004 | Step 3840 | lr=3.969463e-04 | loss=0.727013 | k_vals=[1, 10, 1, 1, 10]
Epoch 004 | Step 3870 | lr=3.969463e-04 | loss=0.611805 | k_vals=[10, 100, 50, 100, 100]
Epoch 004 | Step 3900 | lr=3.969463e-04 | loss=0.732860 | k_vals=[20, 50, 1, 10, 100]
Epoch 004 | Step 3930 | lr=3.969463e-04 | loss=0.769423 | k_vals=[1, 10, 100, 50, 10]
Epoch 004 | Step 3960 | lr=3.969463e-04 | loss=0.671124 | k_vals=[1, 100, 50, 100, 10]
Epoch 004 | Step 3990 | lr=3.969463e-04 | loss=0.661270 | k_vals=[50, 10, 1, 50, 1]
Epoch 004 | Step 4020 | lr=3.969463e-04 | loss=0.706580 | k_vals=[1, 1, 50, 50, 100]
Epoch 004 | Step 4050 | lr=3.969463e-04 | loss=0.795658 | k_vals=[100, 10, 10, 100, 1]
Epoch 004 | Step 4080 | lr=3.969463e-04 | loss=0.635201 | k_vals=[50, 10, 1, 20, 10]
Epoch 004 | Step 4110 | lr=3.969463e-04 | loss=0.729577 | k_vals=[10, 20, 50, 10, 1]
Epoch 004 | Step 4140 | lr=3.969463e-04 | loss=0.791709 | k_vals=[1, 1, 1, 20, 100]
Epoch 004 | Step 4170 | lr=3.969463e-04 | loss=0.622378 | k_vals=[10, 20, 100, 50, 10]
Epoch 004 | Step 4200 | lr=3.969463e-04 | loss=0.657609 | k_vals=[100, 100, 20, 100, 50]
Epoch 004 | Step 4230 | lr=3.969463e-04 | loss=0.747374 | k_vals=[10, 10, 20, 50, 100]
Epoch 004 | Step 4260 | lr=3.969463e-04 | loss=0.642906 | k_vals=[1, 20, 1, 100, 10]
Epoch 004 | Step 4290 | lr=3.969463e-04 | loss=0.709682 | k_vals=[1, 1, 100, 50, 50]
Epoch 004 | Step 4320 | lr=3.969463e-04 | loss=0.757061 | k_vals=[50, 10, 50, 100, 1]
Epoch 004 | Step 4350 | lr=3.969463e-04 | loss=0.713337 | k_vals=[50, 50, 1, 1, 10]
Epoch 004 | Step 4380 | lr=3.969463e-04 | loss=0.620318 | k_vals=[50, 1, 50, 100, 50]
Epoch 004 | Step 4410 | lr=3.969463e-04 | loss=0.741859 | k_vals=[20, 20, 50, 100, 100]
Epoch 004 | Step 4440 | lr=3.969463e-04 | loss=0.728586 | k_vals=[100, 20, 100, 10, 50]
Epoch 004 | Step 4470 | lr=3.969463e-04 | loss=0.834975 | k_vals=[100, 10, 1, 50, 1]
Epoch 004 | Step 4500 | lr=3.969463e-04 | loss=0.728614 | k_vals=[100, 100, 20, 50, 10]
Epoch 004 | Step 4530 | lr=3.969463e-04 | loss=0.590075 | k_vals=[100, 10, 10, 1, 1]
Epoch 004 | Step 4560 | lr=3.969463e-04 | loss=0.670141 | k_vals=[10, 20, 100, 20, 50]
Epoch 004 | Step 4590 | lr=3.969463e-04 | loss=0.820317 | k_vals=[50, 20, 20, 100, 100]
Epoch 004 | Step 4620 | lr=3.969463e-04 | loss=0.581513 | k_vals=[1, 50, 20, 100, 100]
Epoch 004 | Step 4650 | lr=3.969463e-04 | loss=0.739748 | k_vals=[10, 20, 20, 1, 50]
Epoch 004 | Step 4680 | lr=3.969463e-04 | loss=0.852222 | k_vals=[100, 1, 20, 10, 20]
Epoch 004 | Step 4710 | lr=3.969463e-04 | loss=0.641657 | k_vals=[1, 1, 20, 10, 20]
Epoch 004 | Step 4740 | lr=3.969463e-04 | loss=0.764368 | k_vals=[100, 10, 100, 20, 50]
Epoch 004 | Step 4770 | lr=3.969463e-04 | loss=0.686035 | k_vals=[50, 1, 20, 20, 20]
Epoch 004 | Step 4800 | lr=3.969463e-04 | loss=0.696440 | k_vals=[10, 10, 1, 1, 20]
Epoch 004 | Step 4830 | lr=3.969463e-04 | loss=0.698464 | k_vals=[100, 10, 100, 20, 50]
Epoch 004 | Step 4860 | lr=3.969463e-04 | loss=0.735364 | k_vals=[100, 20, 20, 50, 20]
Epoch 004 | Step 4890 | lr=3.969463e-04 | loss=0.596413 | k_vals=[50, 100, 50, 20, 100]
Epoch 004 | Step 4920 | lr=3.969463e-04 | loss=0.702246 | k_vals=[1, 20, 50, 1, 50]
Epoch 004 | Step 4950 | lr=3.969463e-04 | loss=0.676514 | k_vals=[10, 100, 20, 10, 100]
Epoch 004 | Step 4980 | lr=3.969463e-04 | loss=0.860245 | k_vals=[1, 10, 50, 50, 100]
Epoch 004 | Step 5010 | lr=3.969463e-04 | loss=0.676625 | k_vals=[1, 100, 10, 50, 10]
Epoch 004 | Step 5040 | lr=3.969463e-04 | loss=0.687417 | k_vals=[100, 100, 10, 10, 100]
Epoch 004 | Step 5070 | lr=3.969463e-04 | loss=0.648605 | k_vals=[10, 100, 50, 50, 1]
Epoch 004 | Step 5100 | lr=3.969463e-04 | loss=0.751024 | k_vals=[1, 10, 100, 50, 1]
Epoch 004 | Step 5130 | lr=3.969463e-04 | loss=0.693524 | k_vals=[50, 50, 10, 50, 20]
Epoch 004 | Step 5160 | lr=3.969463e-04 | loss=0.777728 | k_vals=[1, 1, 1, 1, 10]
Epoch 004 | Step 5190 | lr=3.969463e-04 | loss=0.641025 | k_vals=[100, 100, 1, 50, 100]
Epoch 004 | Step 5220 | lr=3.969463e-04 | loss=0.678248 | k_vals=[100, 50, 100, 100, 50]
Epoch 004 | Step 5250 | lr=3.969463e-04 | loss=0.642332 | k_vals=[100, 10, 100, 100, 20]
Epoch 004 | Step 5280 | lr=3.969463e-04 | loss=0.684247 | k_vals=[10, 10, 20, 100, 100]
Epoch 004 | Step 5310 | lr=3.969463e-04 | loss=0.670650 | k_vals=[1, 10, 1, 1, 50]
Epoch 004 | Step 5340 | lr=3.969463e-04 | loss=0.787887 | k_vals=[50, 20, 20, 100, 100]
Epoch 004 | Step 5370 | lr=3.969463e-04 | loss=0.817149 | k_vals=[10, 50, 50, 20, 1]
Epoch 004 | Step 5400 | lr=3.969463e-04 | loss=0.640665 | k_vals=[1, 50, 50, 100, 1]
Epoch 004 | Step 5430 | lr=3.969463e-04 | loss=0.537542 | k_vals=[10, 100, 50, 100, 100]
Epoch 004 | Step 5460 | lr=3.969463e-04 | loss=0.674561 | k_vals=[1, 10, 10, 100, 50]
Epoch 004 | Step 5490 | lr=3.969463e-04 | loss=0.715108 | k_vals=[50, 1, 50, 1, 50]
Epoch 004 | Step 5520 | lr=3.969463e-04 | loss=0.742591 | k_vals=[10, 100, 100, 1, 10]
Epoch 004 | Step 5550 | lr=3.969463e-04 | loss=0.745554 | k_vals=[20, 50, 1, 1, 1]
Epoch 004 | Step 5580 | lr=3.969463e-04 | loss=0.668799 | k_vals=[100, 20, 100, 10, 20]
Epoch 004 | Step 5610 | lr=3.969463e-04 | loss=0.719185 | k_vals=[100, 100, 50, 1, 1]
Epoch 004 | Step 5640 | lr=3.969463e-04 | loss=0.679973 | k_vals=[100, 50, 100, 100, 1]
Epoch 004 | Step 5670 | lr=3.969463e-04 | loss=0.804126 | k_vals=[100, 100, 1, 10, 50]
Epoch 004 | Step 5700 | lr=3.969463e-04 | loss=0.680222 | k_vals=[20, 1, 10, 100, 20]
Epoch 004 | Step 5730 | lr=3.969463e-04 | loss=0.769420 | k_vals=[1, 100, 1, 20, 100]
Epoch 004 | Step 5760 | lr=3.969463e-04 | loss=0.819515 | k_vals=[1, 10, 20, 20, 10]
Epoch 004 | Step 5790 | lr=3.969463e-04 | loss=0.741605 | k_vals=[1, 20, 10, 20, 1]
Epoch 004 | Step 5820 | lr=3.969463e-04 | loss=0.682915 | k_vals=[100, 50, 10, 1, 100]
Epoch 004 | Step 5850 | lr=3.969463e-04 | loss=0.655379 | k_vals=[1, 100, 10, 100, 100]
Epoch 004 | Step 5880 | lr=3.969463e-04 | loss=0.686505 | k_vals=[20, 50, 100, 10, 1]
Epoch 004 | Step 5910 | lr=3.969463e-04 | loss=0.683224 | k_vals=[20, 1, 1, 50, 100]
Epoch 004 | Step 5940 | lr=3.969463e-04 | loss=0.724686 | k_vals=[20, 20, 10, 100, 10]
Epoch 004 | Step 5970 | lr=3.969463e-04 | loss=0.654022 | k_vals=[20, 10, 50, 50, 50]
Epoch 004 | Step 6000 | lr=3.969463e-04 | loss=0.708274 | k_vals=[10, 20, 20, 50, 20]
Epoch 004 | Step 6030 | lr=3.969463e-04 | loss=0.767693 | k_vals=[100, 50, 1, 50, 10]
Epoch 004 | Step 6060 | lr=3.969463e-04 | loss=0.610067 | k_vals=[10, 1, 20, 20, 20]
Epoch 004 | Step 6090 | lr=3.969463e-04 | loss=0.707319 | k_vals=[50, 20, 100, 50, 20]
Epoch 004 | Step 6120 | lr=3.969463e-04 | loss=0.748267 | k_vals=[1, 50, 100, 20, 1]
Epoch 004 | Step 6150 | lr=3.969463e-04 | loss=0.776548 | k_vals=[10, 50, 20, 20, 50]
Epoch 004 | Step 6180 | lr=3.969463e-04 | loss=0.724432 | k_vals=[50, 1, 10, 10, 100]
Epoch 004 | Step 6210 | lr=3.969463e-04 | loss=0.813736 | k_vals=[1, 100, 1, 10, 10]
Epoch 004 | Step 6240 | lr=3.969463e-04 | loss=0.691632 | k_vals=[10, 50, 50, 10, 1]
Epoch 004 | Step 6270 | lr=3.969463e-04 | loss=0.609523 | k_vals=[10, 100, 100, 20, 20]
Epoch 004 | Step 6300 | lr=3.969463e-04 | loss=0.619390 | k_vals=[100, 100, 100, 10, 20]
Epoch 004 | Step 6330 | lr=3.969463e-04 | loss=0.702872 | k_vals=[10, 50, 50, 1, 20]
Epoch 004 | Step 6360 | lr=3.969463e-04 | loss=0.705753 | k_vals=[50, 1, 1, 20, 50]
Epoch 004 | Step 6390 | lr=3.969463e-04 | loss=0.738773 | k_vals=[100, 100, 50, 20, 100]
Epoch 004 | Step 6420 | lr=3.969463e-04 | loss=0.798695 | k_vals=[1, 10, 20, 10, 50]
Epoch 004 | Step 6450 | lr=3.969463e-04 | loss=0.645009 | k_vals=[100, 10, 50, 100, 100]
Epoch 004 | Step 6480 | lr=3.969463e-04 | loss=0.703327 | k_vals=[1, 20, 20, 50, 1]
Epoch 004 | Step 6510 | lr=3.969463e-04 | loss=0.708634 | k_vals=[10, 20, 20, 50, 1]
Epoch 004 | Step 6540 | lr=3.969463e-04 | loss=0.668354 | k_vals=[1, 1, 50, 20, 100]
Epoch 004 | Step 6570 | lr=3.969463e-04 | loss=0.700359 | k_vals=[1, 20, 50, 50, 10]
Epoch 004 | Step 6600 | lr=3.969463e-04 | loss=0.679967 | k_vals=[100, 50, 100, 20, 20]
Epoch 004 | Step 6630 | lr=3.969463e-04 | loss=0.783901 | k_vals=[20, 10, 50, 100, 20]
Epoch 004 | Step 6660 | lr=3.969463e-04 | loss=0.794288 | k_vals=[1, 10, 1, 50, 20]
Epoch 004 | Step 6690 | lr=3.969463e-04 | loss=0.672101 | k_vals=[20, 1, 100, 1, 20]
Epoch 004 | Step 6720 | lr=3.969463e-04 | loss=0.656017 | k_vals=[100, 1, 1, 20, 1]
Epoch 004 | Step 6750 | lr=3.969463e-04 | loss=0.620805 | k_vals=[100, 1, 1, 10, 100]
Epoch 004 | Step 6780 | lr=3.969463e-04 | loss=0.725174 | k_vals=[100, 100, 10, 100, 100]
Epoch 004 | Step 6810 | lr=3.969463e-04 | loss=0.586414 | k_vals=[100, 100, 20, 1, 50]
Epoch 004 | Step 6840 | lr=3.969463e-04 | loss=0.726992 | k_vals=[50, 20, 10, 1, 1]
Epoch 004 | Step 6870 | lr=3.969463e-04 | loss=0.815592 | k_vals=[100, 100, 20, 20, 10]
Epoch 004 | Step 6900 | lr=3.969463e-04 | loss=0.761940 | k_vals=[100, 10, 1, 20, 100]
Epoch 004 | Step 6930 | lr=3.969463e-04 | loss=0.700277 | k_vals=[100, 20, 10, 20, 10]
Epoch 004 | Step 6960 | lr=3.969463e-04 | loss=0.641538 | k_vals=[10, 10, 100, 20, 20]
Epoch 004 | Step 6990 | lr=3.969463e-04 | loss=0.695435 | k_vals=[10, 50, 10, 100, 20]
Epoch 004 | Step 7020 | lr=3.969463e-04 | loss=0.654669 | k_vals=[1, 50, 1, 10, 20]
Epoch 004 | Step 7050 | lr=3.969463e-04 | loss=0.641976 | k_vals=[50, 1, 100, 20, 50]
Epoch 004 | Step 7080 | lr=3.969463e-04 | loss=0.594048 | k_vals=[10, 50, 1, 50, 20]
Epoch 004 | Step 7110 | lr=3.969463e-04 | loss=0.751204 | k_vals=[10, 10, 20, 10, 100]
Epoch 004 | Step 7140 | lr=3.969463e-04 | loss=0.678956 | k_vals=[50, 20, 50, 20, 100]
Epoch 004 | Step 7170 | lr=3.969463e-04 | loss=0.671749 | k_vals=[100, 1, 20, 20, 10]
Epoch 004 | Step 7200 | lr=3.969463e-04 | loss=0.527031 | k_vals=[10, 10, 1, 1, 20]
Epoch 004 | Step 7230 | lr=3.969463e-04 | loss=0.612519 | k_vals=[50, 1, 1, 50, 20]
Epoch 004 | Step 7260 | lr=3.969463e-04 | loss=0.691030 | k_vals=[10, 50, 100, 100, 50]
Epoch 004 | Step 7290 | lr=3.969463e-04 | loss=0.725488 | k_vals=[100, 1, 20, 50, 1]
Epoch 004 | Step 7320 | lr=3.969463e-04 | loss=0.776924 | k_vals=[1, 100, 1, 20, 50]
Epoch 004 | Step 7350 | lr=3.969463e-04 | loss=0.584424 | k_vals=[20, 20, 50, 20, 20]
Epoch 004 | Step 7380 | lr=3.969463e-04 | loss=0.608854 | k_vals=[20, 50, 1, 10, 100]
Epoch 004 | Step 7410 | lr=3.969463e-04 | loss=0.728488 | k_vals=[10, 1, 10, 20, 50]
Epoch 004 | Step 7440 | lr=3.969463e-04 | loss=0.756551 | k_vals=[10, 50, 1, 100, 100]
Epoch 004 | Step 7470 | lr=3.969463e-04 | loss=0.766488 | k_vals=[10, 50, 20, 1, 1]
Epoch 004 | Step 7500 | lr=3.969463e-04 | loss=0.783645 | k_vals=[10, 50, 50, 50, 1]
Epoch 004 | Step 7530 | lr=3.969463e-04 | loss=0.682462 | k_vals=[10, 100, 100, 20, 10]
Epoch 004 | Step 7560 | lr=3.969463e-04 | loss=0.628697 | k_vals=[10, 100, 50, 100, 20]
Epoch 004 | Step 7590 | lr=3.969463e-04 | loss=0.597194 | k_vals=[100, 20, 10, 1, 20]
Epoch 004 | Step 7620 | lr=3.969463e-04 | loss=0.608694 | k_vals=[100, 20, 1, 1, 50]
Epoch 004 | Step 7650 | lr=3.969463e-04 | loss=0.618614 | k_vals=[100, 50, 50, 1, 1]
Epoch 004 | Step 7680 | lr=3.969463e-04 | loss=0.578223 | k_vals=[10, 50, 20, 10, 20]
Epoch 004 | Step 7710 | lr=3.969463e-04 | loss=0.718688 | k_vals=[100, 10, 100, 20, 1]
Epoch 004 | Step 7740 | lr=3.969463e-04 | loss=0.698555 | k_vals=[1, 50, 20, 100, 1]
Epoch 004 | Step 7770 | lr=3.969463e-04 | loss=0.666154 | k_vals=[50, 20, 100, 100, 100]
Epoch 004 | Step 7800 | lr=3.969463e-04 | loss=0.733883 | k_vals=[50, 1, 10, 1, 10]
Epoch 004 | Step 7830 | lr=3.969463e-04 | loss=0.695520 | k_vals=[100, 1, 20, 10, 10]
Epoch 004 | Step 7860 | lr=3.969463e-04 | loss=0.776240 | k_vals=[10, 1, 1, 10, 10]
Epoch 004 | Step 7890 | lr=3.969463e-04 | loss=0.643408 | k_vals=[50, 100, 10, 50, 50]
Epoch 004 | Step 7920 | lr=3.969463e-04 | loss=0.687468 | k_vals=[1, 1, 20, 50, 1]
Epoch 004 | Step 7950 | lr=3.969463e-04 | loss=0.531687 | k_vals=[50, 100, 1, 100, 100]
Epoch 004 | Step 7980 | lr=3.969463e-04 | loss=0.779845 | k_vals=[20, 20, 1, 100, 50]
Epoch 004 | Step 8010 | lr=3.969463e-04 | loss=0.670613 | k_vals=[20, 1, 50, 1, 20]
Epoch 004 | Step 8040 | lr=3.969463e-04 | loss=0.675607 | k_vals=[1, 100, 50, 20, 1]
Epoch 004 | Step 8070 | lr=3.969463e-04 | loss=0.647919 | k_vals=[100, 100, 1, 50, 10]
Epoch 004 | Step 8100 | lr=3.969463e-04 | loss=0.678664 | k_vals=[20, 50, 100, 10, 50]
Epoch 004 | Step 8130 | lr=3.969463e-04 | loss=0.636454 | k_vals=[1, 50, 20, 50, 100]
Epoch 004 | Step 8160 | lr=3.969463e-04 | loss=0.651387 | k_vals=[100, 20, 10, 1, 100]
Epoch 004 | Step 8190 | lr=3.969463e-04 | loss=0.651509 | k_vals=[50, 50, 1, 1, 100]
Epoch 004 | Step 8220 | lr=3.969463e-04 | loss=0.660980 | k_vals=[100, 50, 1, 100, 50]
Epoch 004 | Step 8250 | lr=3.969463e-04 | loss=0.596921 | k_vals=[20, 1, 1, 100, 100]
Epoch 004 | Step 8280 | lr=3.969463e-04 | loss=0.695831 | k_vals=[10, 100, 10, 1, 20]
Epoch 004 | Step 8310 | lr=3.969463e-04 | loss=0.658631 | k_vals=[1, 1, 1, 50, 50]
Epoch 004 | Step 8340 | lr=3.969463e-04 | loss=0.928364 | k_vals=[10, 50, 20, 1, 50]
Epoch 004 | Step 8370 | lr=3.969463e-04 | loss=0.847646 | k_vals=[50, 1, 1, 1, 10]
Epoch 004 | Step 8400 | lr=3.969463e-04 | loss=0.586225 | k_vals=[100, 100, 1, 100, 50]
Epoch 004 | Step 8430 | lr=3.969463e-04 | loss=0.601521 | k_vals=[50, 20, 100, 50, 20]
Epoch 004 | Step 8460 | lr=3.969463e-04 | loss=0.687515 | k_vals=[50, 1, 50, 100, 100]
Epoch 004 | Step 8490 | lr=3.969463e-04 | loss=0.689008 | k_vals=[100, 50, 50, 1, 1]
Epoch 004 | Step 8520 | lr=3.969463e-04 | loss=0.785565 | k_vals=[10, 20, 100, 20, 50]
Epoch 004 | Step 8550 | lr=3.969463e-04 | loss=0.650690 | k_vals=[1, 100, 50, 10, 20]
Epoch 004 | Step 8580 | lr=3.969463e-04 | loss=0.717732 | k_vals=[1, 1, 10, 1, 10]
Epoch 004 | Step 8610 | lr=3.969463e-04 | loss=0.705046 | k_vals=[1, 50, 1, 100, 1]
Epoch 004 | Step 8640 | lr=3.969463e-04 | loss=0.633011 | k_vals=[1, 20, 10, 10, 50]
Epoch 004 | Step 8670 | lr=3.969463e-04 | loss=0.620726 | k_vals=[20, 50, 1, 50, 50]
Epoch 004 | Step 8700 | lr=3.969463e-04 | loss=0.700711 | k_vals=[1, 10, 1, 1, 1]
Epoch 004 | Step 8730 | lr=3.969463e-04 | loss=0.790727 | k_vals=[20, 50, 1, 50, 100]
Epoch 004 | Step 8760 | lr=3.969463e-04 | loss=0.704640 | k_vals=[20, 10, 1, 1, 50]
Epoch 004 | Step 8790 | lr=3.969463e-04 | loss=0.667556 | k_vals=[20, 20, 50, 20, 50]
Epoch 004 | Step 8820 | lr=3.969463e-04 | loss=0.793663 | k_vals=[50, 50, 20, 1, 50]
Epoch 004 | Step 8850 | lr=3.969463e-04 | loss=0.609962 | k_vals=[20, 100, 10, 20, 1]
Epoch 004 | Step 8880 | lr=3.969463e-04 | loss=0.782239 | k_vals=[20, 100, 50, 1, 1]
Epoch 004 | Step 8910 | lr=3.969463e-04 | loss=0.675238 | k_vals=[1, 20, 10, 50, 50]
Epoch 004 | Step 8940 | lr=3.969463e-04 | loss=0.683358 | k_vals=[50, 50, 1, 20, 100]
Epoch 004 | Step 8970 | lr=3.969463e-04 | loss=0.518703 | k_vals=[100, 100, 50, 50, 20]
Epoch 004 | Step 9000 | lr=3.969463e-04 | loss=0.781839 | k_vals=[1, 1, 20, 10, 50]
Epoch 004 | Step 9030 | lr=3.969463e-04 | loss=0.749183 | k_vals=[1, 50, 1, 1, 1]
Epoch 004 | Step 9060 | lr=3.969463e-04 | loss=0.652425 | k_vals=[50, 10, 1, 10, 100]
Epoch 004 | Step 9090 | lr=3.969463e-04 | loss=0.722764 | k_vals=[50, 20, 1, 1, 100]
Epoch 004 | Step 9120 | lr=3.969463e-04 | loss=0.718607 | k_vals=[50, 1, 10, 20, 1]
Epoch 004 | Step 9150 | lr=3.969463e-04 | loss=0.792502 | k_vals=[20, 1, 100, 10, 20]
Epoch 004 | Step 9180 | lr=3.969463e-04 | loss=0.646999 | k_vals=[20, 100, 100, 20, 50]
Epoch 004 | Step 9210 | lr=3.969463e-04 | loss=0.752874 | k_vals=[50, 10, 10, 10, 10]
Epoch 004 | Step 9240 | lr=3.969463e-04 | loss=0.759202 | k_vals=[1, 100, 1, 50, 10]
Epoch 004 | Step 9270 | lr=3.969463e-04 | loss=0.708938 | k_vals=[20, 50, 20, 100, 1]
Epoch 004 | Step 9300 | lr=3.969463e-04 | loss=0.646615 | k_vals=[1, 10, 50, 20, 20]
Epoch 004 | Step 9330 | lr=3.969463e-04 | loss=0.704481 | k_vals=[1, 20, 20, 20, 20]
Epoch 004 | Step 9360 | lr=3.969463e-04 | loss=0.603626 | k_vals=[20, 10, 20, 100, 50]
Epoch 004 | Step 9390 | lr=3.969463e-04 | loss=0.608164 | k_vals=[100, 1, 20, 20, 100]
Epoch 004 | Step 9420 | lr=3.969463e-04 | loss=0.717471 | k_vals=[100, 20, 10, 20, 50]
Epoch 004 | Step 9450 | lr=3.969463e-04 | loss=0.558138 | k_vals=[1, 100, 10, 1, 50]
Epoch 004 | Step 9480 | lr=3.969463e-04 | loss=0.786084 | k_vals=[50, 1, 1, 100, 1]
Epoch 004 | Step 9510 | lr=3.969463e-04 | loss=0.744515 | k_vals=[1, 10, 10, 50, 10]
Epoch 004 | Step 9540 | lr=3.969463e-04 | loss=0.564118 | k_vals=[1, 100, 100, 10, 20]
Epoch 004 | Step 9570 | lr=3.969463e-04 | loss=0.612357 | k_vals=[50, 100, 50, 10, 50]
Epoch 004 | Step 9600 | lr=3.969463e-04 | loss=0.652140 | k_vals=[50, 50, 20, 100, 50]
Epoch 004 | Step 9630 | lr=3.969463e-04 | loss=0.734662 | k_vals=[50, 10, 1, 1, 50]
Epoch 004 | Step 9660 | lr=3.969463e-04 | loss=0.666978 | k_vals=[10, 20, 20, 20, 1]
Epoch 004 | Step 9690 | lr=3.969463e-04 | loss=0.656843 | k_vals=[50, 20, 1, 1, 20]
Epoch 004 | Step 9720 | lr=3.969463e-04 | loss=0.802682 | k_vals=[20, 50, 1, 1, 10]
Epoch 004 | Step 9750 | lr=3.969463e-04 | loss=0.626408 | k_vals=[10, 20, 100, 50, 10]
Epoch 004 | Step 9780 | lr=3.969463e-04 | loss=0.634017 | k_vals=[50, 100, 100, 50, 10]
Epoch 004 | Step 9810 | lr=3.969463e-04 | loss=0.739317 | k_vals=[10, 100, 100, 10, 1]
Epoch 004 | Step 9840 | lr=3.969463e-04 | loss=0.651166 | k_vals=[50, 1, 100, 1, 20]
Epoch 004 | Step 9870 | lr=3.969463e-04 | loss=0.643375 | k_vals=[20, 1, 100, 10, 10]
Epoch 004 | Step 9900 | lr=3.969463e-04 | loss=0.664328 | k_vals=[50, 20, 20, 50, 1]
Epoch 004 | Step 9930 | lr=3.969463e-04 | loss=0.832279 | k_vals=[50, 50, 10, 100, 10]
Epoch 004 | Step 9960 | lr=3.969463e-04 | loss=0.613870 | k_vals=[100, 50, 1, 10, 1]
Epoch 004 | Step 9990 | lr=3.969463e-04 | loss=0.831120 | k_vals=[100, 1, 50, 1, 20]
Epoch 004 | Step 10020 | lr=3.969463e-04 | loss=0.678097 | k_vals=[50, 50, 1, 20, 100]
Epoch 004 | Step 10050 | lr=3.969463e-04 | loss=0.530569 | k_vals=[10, 20, 50, 1, 20]
Epoch 004 | Step 10080 | lr=3.969463e-04 | loss=0.539217 | k_vals=[20, 10, 10, 10, 100]
Epoch 004 | Step 10110 | lr=3.969463e-04 | loss=0.773947 | k_vals=[50, 1, 50, 50, 100]
Epoch 004 | Step 10140 | lr=3.969463e-04 | loss=0.660385 | k_vals=[50, 20, 10, 10, 10]
Epoch 004 | Step 10170 | lr=3.969463e-04 | loss=0.732675 | k_vals=[1, 1, 20, 100, 10]
Epoch 004 | Step 10200 | lr=3.969463e-04 | loss=0.666795 | k_vals=[1, 100, 1, 100, 100]
Epoch 004 | Step 10230 | lr=3.969463e-04 | loss=0.749415 | k_vals=[100, 100, 10, 20, 1]
Epoch 004 | Step 10260 | lr=3.969463e-04 | loss=0.634765 | k_vals=[1, 10, 1, 1, 1]
Epoch 004 | Step 10290 | lr=3.969463e-04 | loss=0.923017 | k_vals=[1, 20, 20, 10, 100]
Epoch 004 | Step 10320 | lr=3.969463e-04 | loss=0.739731 | k_vals=[1, 50, 50, 100, 1]
Epoch 004 | Step 10350 | lr=3.969463e-04 | loss=0.655349 | k_vals=[100, 100, 100, 50, 20]
Epoch 004 | Step 10380 | lr=3.969463e-04 | loss=0.653734 | k_vals=[50, 100, 1, 20, 1]
Epoch 004 | Step 10410 | lr=3.969463e-04 | loss=0.732655 | k_vals=[20, 1, 100, 10, 1]
Epoch 004 | Step 10440 | lr=3.969463e-04 | loss=0.748311 | k_vals=[10, 10, 100, 20, 50]
Epoch 004 | Step 10470 | lr=3.969463e-04 | loss=0.717731 | k_vals=[1, 100, 100, 1, 100]
Epoch 004 | Step 10500 | lr=3.969463e-04 | loss=0.868419 | k_vals=[20, 50, 50, 1, 20]
Epoch 004 | Step 10530 | lr=3.969463e-04 | loss=0.977291 | k_vals=[1, 50, 10, 10, 1]
Epoch 004 | Step 10560 | lr=3.969463e-04 | loss=0.772727 | k_vals=[50, 1, 20, 100, 100]
Epoch 004 | Step 10590 | lr=3.969463e-04 | loss=0.715251 | k_vals=[100, 100, 1, 100, 20]
Epoch 004 | Step 10620 | lr=3.969463e-04 | loss=0.728068 | k_vals=[20, 1, 10, 10, 10]
Epoch 004 | Step 10650 | lr=3.969463e-04 | loss=0.756505 | k_vals=[100, 20, 20, 10, 20]
Epoch 004 | Step 10680 | lr=3.969463e-04 | loss=0.875332 | k_vals=[10, 1, 50, 1, 1]
Epoch 004 | Step 10710 | lr=3.969463e-04 | loss=0.636321 | k_vals=[50, 10, 50, 1, 20]
Epoch 004 | Step 10740 | lr=3.969463e-04 | loss=0.824934 | k_vals=[20, 10, 10, 1, 10]
Epoch 004 | Step 10770 | lr=3.969463e-04 | loss=0.782947 | k_vals=[50, 100, 1, 50, 50]
Epoch 004 | Step 10800 | lr=3.969463e-04 | loss=0.794681 | k_vals=[50, 20, 1, 50, 20]
Epoch 004 | Step 10830 | lr=3.969463e-04 | loss=0.747071 | k_vals=[100, 10, 1, 50, 50]
Epoch 004 | Step 10860 | lr=3.969463e-04 | loss=0.623594 | k_vals=[10, 1, 100, 50, 100]
Epoch 004 | Step 10890 | lr=3.969463e-04 | loss=0.533602 | k_vals=[50, 10, 100, 20, 50]
Epoch 004 | Step 10920 | lr=3.969463e-04 | loss=0.743100 | k_vals=[100, 100, 10, 1, 10]
Epoch 004 | Step 10950 | lr=3.969463e-04 | loss=0.652766 | k_vals=[50, 10, 100, 50, 100]
Epoch 004 | Step 10980 | lr=3.969463e-04 | loss=0.747886 | k_vals=[50, 1, 20, 50, 10]
Epoch 004 | Step 11010 | lr=3.969463e-04 | loss=0.665872 | k_vals=[20, 1, 10, 20, 20]
Epoch 004 | Step 11040 | lr=3.969463e-04 | loss=0.714505 | k_vals=[50, 1, 10, 10, 1]
Epoch 004 | Step 11070 | lr=3.969463e-04 | loss=0.641856 | k_vals=[10, 1, 10, 1, 1]
Epoch 004 | Step 11100 | lr=3.969463e-04 | loss=0.624639 | k_vals=[20, 1, 20, 50, 100]
Epoch 004 | Step 11130 | lr=3.969463e-04 | loss=0.675190 | k_vals=[20, 1, 1, 20, 100]
Epoch 004 | Step 11160 | lr=3.969463e-04 | loss=0.715457 | k_vals=[100, 1, 20, 20, 50]
Epoch 004 | Step 11190 | lr=3.969463e-04 | loss=0.676143 | k_vals=[1, 1, 1, 10, 20]
Epoch 004 | Step 11220 | lr=3.969463e-04 | loss=0.675950 | k_vals=[10, 50, 10, 20, 10]
Epoch 004 | Step 11250 | lr=3.969463e-04 | loss=0.640442 | k_vals=[100, 50, 50, 100, 1]
Epoch 004 | Step 11280 | lr=3.969463e-04 | loss=0.880167 | k_vals=[50, 20, 1, 50, 1]
Epoch 004 | Step 11310 | lr=3.969463e-04 | loss=0.666058 | k_vals=[10, 100, 50, 100, 100]
Epoch 004 | Step 11340 | lr=3.969463e-04 | loss=0.529504 | k_vals=[50, 100, 1, 10, 20]
Epoch 004 | Step 11370 | lr=3.969463e-04 | loss=0.617839 | k_vals=[10, 50, 1, 20, 100]
Epoch 004 | Step 11400 | lr=3.969463e-04 | loss=0.729671 | k_vals=[10, 100, 1, 100, 1]
Epoch 004 | Step 11430 | lr=3.969463e-04 | loss=0.637810 | k_vals=[50, 100, 1, 1, 50]
Epoch 004 | Step 11460 | lr=3.969463e-04 | loss=0.732153 | k_vals=[100, 50, 10, 50, 20]
Epoch 004 | Step 11490 | lr=3.969463e-04 | loss=0.643283 | k_vals=[10, 100, 1, 50, 50]
Epoch 004 | Step 11520 | lr=3.969463e-04 | loss=0.622520 | k_vals=[20, 10, 100, 20, 20]
Epoch 004 | Step 11550 | lr=3.969463e-04 | loss=0.725298 | k_vals=[1, 50, 1, 1, 100]
Epoch 004 | Step 11580 | lr=3.969463e-04 | loss=0.635897 | k_vals=[100, 100, 100, 10, 1]
Epoch 004 | Step 11610 | lr=3.969463e-04 | loss=0.565896 | k_vals=[100, 100, 20, 50, 50]
Epoch 004 | Step 11640 | lr=3.969463e-04 | loss=0.643168 | k_vals=[20, 10, 1, 100, 10]
Epoch 004 | Step 11670 | lr=3.969463e-04 | loss=0.646793 | k_vals=[50, 1, 10, 20, 1]
Epoch 004 | Step 11700 | lr=3.969463e-04 | loss=0.677855 | k_vals=[20, 10, 50, 1, 10]
Epoch 004 | Step 11730 | lr=3.969463e-04 | loss=0.791486 | k_vals=[10, 20, 10, 100, 20]
Epoch 004 | Step 11760 | lr=3.969463e-04 | loss=0.641365 | k_vals=[10, 10, 20, 50, 100]
Epoch 004 | Step 11790 | lr=3.969463e-04 | loss=0.685860 | k_vals=[100, 100, 100, 100, 50]
Epoch 004 | Step 11820 | lr=3.969463e-04 | loss=0.722222 | k_vals=[20, 10, 10, 20, 50]
Epoch 004 | Step 11850 | lr=3.969463e-04 | loss=0.619229 | k_vals=[50, 20, 1, 10, 100]
Epoch 004 | Step 11880 | lr=3.969463e-04 | loss=0.704445 | k_vals=[50, 100, 20, 50, 10]
Epoch 004 | Step 11910 | lr=3.969463e-04 | loss=0.701610 | k_vals=[100, 100, 10, 20, 20]
Epoch 004 | Step 11940 | lr=3.969463e-04 | loss=0.765603 | k_vals=[20, 1, 50, 10, 100]
Epoch 004 | Step 11970 | lr=3.969463e-04 | loss=0.782183 | k_vals=[20, 50, 20, 1, 100]
Epoch 004 | Step 12000 | lr=3.969463e-04 | loss=0.707346 | k_vals=[1, 50, 100, 1, 10]
Epoch 004 | Step 12030 | lr=3.969463e-04 | loss=0.767369 | k_vals=[20, 20, 10, 100, 10]
Epoch 004 | Step 12060 | lr=3.969463e-04 | loss=0.653018 | k_vals=[100, 50, 20, 20, 1]
Epoch 004 | Step 12090 | lr=3.969463e-04 | loss=0.757170 | k_vals=[20, 1, 50, 1, 1]
Epoch 004 | Step 12120 | lr=3.969463e-04 | loss=0.525731 | k_vals=[100, 10, 20, 1, 20]
Epoch 004 | Step 12150 | lr=3.969463e-04 | loss=0.720430 | k_vals=[100, 10, 20, 1, 100]
Epoch 004 | Step 12180 | lr=3.969463e-04 | loss=0.664546 | k_vals=[20, 1, 1, 50, 100]
Epoch 004 | Step 12210 | lr=3.969463e-04 | loss=0.601712 | k_vals=[100, 1, 100, 1, 100]
Epoch 004 | Step 12240 | lr=3.969463e-04 | loss=0.608116 | k_vals=[100, 20, 10, 20, 20]
Epoch 004 | Step 12270 | lr=3.969463e-04 | loss=0.909481 | k_vals=[10, 100, 1, 20, 50]
Epoch 004 | Step 12300 | lr=3.969463e-04 | loss=0.739267 | k_vals=[20, 10, 1, 100, 10]
Epoch 004 | Step 12330 | lr=3.969463e-04 | loss=0.707608 | k_vals=[20, 50, 50, 50, 1]
Epoch 004 | Step 12360 | lr=3.969463e-04 | loss=0.702824 | k_vals=[20, 20, 10, 10, 10]
Epoch 004 | Step 12390 | lr=3.969463e-04 | loss=0.818770 | k_vals=[100, 100, 10, 1, 20]
Epoch 004 | Step 12420 | lr=3.969463e-04 | loss=0.711513 | k_vals=[20, 50, 100, 1, 1]
Epoch 004 | Step 12450 | lr=3.969463e-04 | loss=0.528856 | k_vals=[20, 100, 100, 20, 20]
Epoch 004 | Step 12480 | lr=3.969463e-04 | loss=0.628302 | k_vals=[10, 10, 100, 100, 1]
Epoch 004 | Step 12510 | lr=3.969463e-04 | loss=0.537983 | k_vals=[20, 100, 100, 1, 20]
Epoch 004 | Step 12540 | lr=3.969463e-04 | loss=0.657685 | k_vals=[1, 50, 10, 20, 20]
Epoch 004 | Step 12570 | lr=3.969463e-04 | loss=0.649992 | k_vals=[10, 100, 50, 20, 10]
Epoch 004 | Step 12600 | lr=3.969463e-04 | loss=0.911787 | k_vals=[10, 1, 20, 20, 100]
Epoch 004 | Step 12630 | lr=3.969463e-04 | loss=0.654113 | k_vals=[50, 20, 10, 50, 20]
Epoch 004 | Step 12660 | lr=3.969463e-04 | loss=0.678071 | k_vals=[50, 100, 1, 100, 10]
Epoch 004 | Step 12690 | lr=3.969463e-04 | loss=0.809651 | k_vals=[10, 1, 10, 20, 50]
Epoch 004 | Step 12720 | lr=3.969463e-04 | loss=0.702165 | k_vals=[20, 50, 20, 1, 20]
Epoch 004 | Step 12750 | lr=3.969463e-04 | loss=0.667054 | k_vals=[20, 10, 100, 20, 100]
Epoch 004 | Step 12780 | lr=3.969463e-04 | loss=0.716602 | k_vals=[50, 10, 50, 50, 10]
Epoch 004 | Step 12810 | lr=3.969463e-04 | loss=0.780109 | k_vals=[10, 1, 50, 50, 50]
Epoch 004 | Step 12840 | lr=3.969463e-04 | loss=0.665945 | k_vals=[20, 100, 20, 50, 50]
Epoch 004 | Step 12870 | lr=3.969463e-04 | loss=0.878708 | k_vals=[1, 100, 100, 100, 1]
Epoch 004 | Step 12900 | lr=3.969463e-04 | loss=0.643381 | k_vals=[10, 100, 50, 1, 100]
Epoch 004 | Step 12930 | lr=3.969463e-04 | loss=0.782637 | k_vals=[10, 1, 1, 1, 10]
Epoch 004 | Step 12960 | lr=3.969463e-04 | loss=0.598121 | k_vals=[10, 10, 10, 1, 20]
Epoch 004 | Step 12990 | lr=3.969463e-04 | loss=0.644277 | k_vals=[100, 100, 100, 20, 50]
Epoch 004 | Step 13020 | lr=3.969463e-04 | loss=0.711626 | k_vals=[50, 20, 50, 50, 50]
Epoch 004 | Step 13050 | lr=3.969463e-04 | loss=0.705506 | k_vals=[1, 50, 1, 20, 100]
Epoch 004 | Step 13080 | lr=3.969463e-04 | loss=0.642532 | k_vals=[20, 10, 20, 10, 1]
Epoch 004 | Step 13110 | lr=3.969463e-04 | loss=0.522988 | k_vals=[100, 20, 50, 20, 1]
Epoch 004 | Step 13140 | lr=3.969463e-04 | loss=0.668188 | k_vals=[1, 1, 1, 50, 20]
Epoch 004 | Step 13170 | lr=3.969463e-04 | loss=0.641582 | k_vals=[100, 100, 1, 20, 100]
Epoch 004 | Step 13200 | lr=3.969463e-04 | loss=0.622890 | k_vals=[50, 50, 100, 10, 50]
Epoch 004 | Step 13230 | lr=3.969463e-04 | loss=0.762009 | k_vals=[50, 20, 20, 20, 20]
Epoch 004 | Step 13260 | lr=3.969463e-04 | loss=0.687295 | k_vals=[50, 50, 20, 1, 10]
Epoch 004 | Step 13290 | lr=3.969463e-04 | loss=0.639677 | k_vals=[100, 100, 20, 1, 100]
Epoch 004 | Step 13320 | lr=3.969463e-04 | loss=0.872967 | k_vals=[20, 10, 50, 50, 10]
Epoch 004 | Step 13350 | lr=3.969463e-04 | loss=0.663598 | k_vals=[10, 10, 1, 20, 50]
Epoch 004 | Step 13380 | lr=3.969463e-04 | loss=0.723687 | k_vals=[1, 10, 20, 50, 20]
Epoch 004 | Step 13410 | lr=3.969463e-04 | loss=0.607703 | k_vals=[1, 100, 50, 10, 10]
Epoch 004 | Step 13440 | lr=3.969463e-04 | loss=0.669377 | k_vals=[10, 1, 20, 50, 10]
Epoch 004 | Step 13470 | lr=3.969463e-04 | loss=0.874745 | k_vals=[1, 1, 100, 10, 10]
Epoch 004 | Step 13500 | lr=3.969463e-04 | loss=0.712490 | k_vals=[100, 20, 20, 100, 50]
Epoch 004 | Step 13530 | lr=3.969463e-04 | loss=0.664892 | k_vals=[50, 10, 50, 50, 10]
Epoch 004 | Step 13560 | lr=3.969463e-04 | loss=0.803363 | k_vals=[1, 100, 1, 50, 10]
Epoch 004 | Step 13590 | lr=3.969463e-04 | loss=0.629728 | k_vals=[50, 50, 1, 20, 20]
Epoch 004 | Step 13620 | lr=3.969463e-04 | loss=0.729026 | k_vals=[1, 20, 10, 10, 50]
Epoch 004 | Step 13650 | lr=3.969463e-04 | loss=0.712033 | k_vals=[100, 20, 10, 50, 10]
Epoch 004 | Step 13680 | lr=3.969463e-04 | loss=0.735802 | k_vals=[100, 1, 20, 20, 100]
Epoch 004 | Step 13710 | lr=3.969463e-04 | loss=0.648129 | k_vals=[50, 10, 50, 100, 100]
Epoch 004 | Step 13740 | lr=3.969463e-04 | loss=0.748983 | k_vals=[1, 1, 100, 10, 10]
Epoch 004 | Step 13770 | lr=3.969463e-04 | loss=0.643397 | k_vals=[20, 1, 50, 50, 1]
Epoch 004 | Step 13800 | lr=3.969463e-04 | loss=0.585758 | k_vals=[50, 20, 10, 100, 50]
Epoch 004 | Step 13830 | lr=3.969463e-04 | loss=0.827211 | k_vals=[1, 10, 10, 100, 50]
Epoch 004 | Step 13860 | lr=3.969463e-04 | loss=0.711004 | k_vals=[50, 10, 20, 50, 50]
Epoch 004 | Step 13890 | lr=3.969463e-04 | loss=0.584534 | k_vals=[100, 1, 20, 100, 100]
Epoch 004 | Step 13920 | lr=3.969463e-04 | loss=0.545358 | k_vals=[50, 100, 50, 50, 1]
Epoch 004 | Step 13950 | lr=3.969463e-04 | loss=0.559774 | k_vals=[10, 100, 100, 50, 20]
Epoch 004 | Step 13980 | lr=3.969463e-04 | loss=0.695401 | k_vals=[20, 100, 20, 1, 100]
Epoch 004 | Step 14010 | lr=3.969463e-04 | loss=0.710990 | k_vals=[10, 10, 100, 50, 1]
Epoch 004 | Step 14040 | lr=3.969463e-04 | loss=0.674803 | k_vals=[10, 20, 10, 1, 50]
Epoch 004 | Step 14070 | lr=3.969463e-04 | loss=0.673670 | k_vals=[1, 50, 100, 20, 1]
Epoch 004 | Step 14100 | lr=3.969463e-04 | loss=0.587909 | k_vals=[100, 50, 50, 50, 100]
Epoch 004 | Step 14130 | lr=3.969463e-04 | loss=0.643289 | k_vals=[50, 50, 20, 100, 50]
Epoch 004 | Step 14160 | lr=3.969463e-04 | loss=0.616174 | k_vals=[20, 50, 10, 1, 1]
Epoch 004 | Step 14190 | lr=3.969463e-04 | loss=0.664735 | k_vals=[10, 100, 50, 100, 50]
Epoch 004 | Step 14220 | lr=3.969463e-04 | loss=0.783518 | k_vals=[10, 100, 10, 20, 10]
Epoch 004 | Step 14250 | lr=3.969463e-04 | loss=0.787678 | k_vals=[20, 10, 1, 100, 10]
Epoch 004 | Step 14280 | lr=3.969463e-04 | loss=0.883520 | k_vals=[50, 1, 10, 1, 1]
Epoch 004 | Step 14310 | lr=3.969463e-04 | loss=0.690618 | k_vals=[10, 20, 10, 20, 10]
Epoch 004 | Step 14340 | lr=3.969463e-04 | loss=0.674270 | k_vals=[10, 1, 50, 50, 100]
Epoch 004 | Step 14370 | lr=3.969463e-04 | loss=0.711668 | k_vals=[100, 20, 1, 10, 50]
Epoch 004 | Step 14400 | lr=3.969463e-04 | loss=0.684850 | k_vals=[20, 1, 1, 1, 20]
Epoch 004 | Step 14430 | lr=3.969463e-04 | loss=0.754376 | k_vals=[1, 1, 1, 50, 50]
Epoch 004 | Step 14460 | lr=3.969463e-04 | loss=0.743921 | k_vals=[10, 1, 10, 1, 10]
Epoch 004 | Step 14490 | lr=3.969463e-04 | loss=0.711595 | k_vals=[1, 10, 50, 1, 50]
Epoch 004 | Step 14520 | lr=3.969463e-04 | loss=0.690123 | k_vals=[1, 50, 50, 100, 10]
Epoch 004 | Step 14550 | lr=3.969463e-04 | loss=0.631038 | k_vals=[10, 10, 10, 100, 1]
Epoch 004 | Step 14580 | lr=3.969463e-04 | loss=0.664491 | k_vals=[100, 50, 1, 20, 10]
Epoch 004 | Step 14610 | lr=3.969463e-04 | loss=0.697613 | k_vals=[1, 100, 50, 1, 20]
Epoch 004 | Step 14640 | lr=3.969463e-04 | loss=0.729865 | k_vals=[20, 50, 10, 100, 1]
Epoch 004 | Step 14670 | lr=3.969463e-04 | loss=0.762519 | k_vals=[1, 1, 1, 100, 100]
Epoch 004 | Step 14700 | lr=3.969463e-04 | loss=0.582892 | k_vals=[20, 50, 20, 20, 100]
Epoch 004 | Step 14730 | lr=3.969463e-04 | loss=0.884272 | k_vals=[100, 20, 1, 10, 1]
Epoch 004 | Step 14760 | lr=3.969463e-04 | loss=0.652931 | k_vals=[1, 20, 10, 100, 50]
Epoch 004 | Step 14790 | lr=3.969463e-04 | loss=0.708386 | k_vals=[10, 20, 100, 1, 100]
Epoch 004 | Step 14820 | lr=3.969463e-04 | loss=0.713772 | k_vals=[100, 1, 50, 100, 10]
Epoch 004 | Step 14850 | lr=3.969463e-04 | loss=0.633860 | k_vals=[10, 10, 1, 10, 50]
Epoch 004 | Step 14880 | lr=3.969463e-04 | loss=0.738453 | k_vals=[1, 20, 10, 1, 20]
Epoch 004 | Step 14910 | lr=3.969463e-04 | loss=0.689835 | k_vals=[10, 10, 20, 20, 20]
Epoch 004 | Step 14940 | lr=3.969463e-04 | loss=0.670880 | k_vals=[1, 20, 100, 50, 20]
Epoch 004 | Step 14970 | lr=3.969463e-04 | loss=0.944046 | k_vals=[1, 1, 50, 100, 100]
Epoch 004 | Step 15000 | lr=3.969463e-04 | loss=0.647701 | k_vals=[100, 1, 10, 20, 10]
Epoch 004 | Step 15030 | lr=3.969463e-04 | loss=0.730686 | k_vals=[100, 10, 100, 1, 1]
Epoch 004 | Step 15060 | lr=3.969463e-04 | loss=0.597041 | k_vals=[1, 1, 1, 100, 20]
Epoch 004 | Step 15090 | lr=3.969463e-04 | loss=0.627960 | k_vals=[1, 100, 20, 10, 1]
Epoch 004 | Step 15120 | lr=3.969463e-04 | loss=0.673409 | k_vals=[1, 1, 1, 100, 10]
Epoch 004 | Step 15150 | lr=3.969463e-04 | loss=0.690624 | k_vals=[20, 100, 1, 20, 1]
Epoch 004 | Step 15180 | lr=3.969463e-04 | loss=0.574331 | k_vals=[50, 50, 20, 50, 100]
Epoch 004 | Step 15210 | lr=3.969463e-04 | loss=0.589611 | k_vals=[100, 1, 10, 10, 10]
Epoch 004 | Step 15240 | lr=3.969463e-04 | loss=0.713762 | k_vals=[50, 10, 10, 20, 20]
Epoch 004 | Step 15270 | lr=3.969463e-04 | loss=0.670288 | k_vals=[50, 50, 1, 1, 100]
Epoch 004 | Step 15300 | lr=3.969463e-04 | loss=0.744086 | k_vals=[1, 10, 100, 20, 1]
Epoch 004 | Step 15330 | lr=3.969463e-04 | loss=0.710890 | k_vals=[10, 100, 1, 50, 100]
Epoch 004 | Step 15360 | lr=3.969463e-04 | loss=0.822646 | k_vals=[20, 20, 10, 100, 10]
Epoch 004 | Step 15390 | lr=3.969463e-04 | loss=0.705801 | k_vals=[50, 20, 1, 50, 50]
Epoch 004 | Step 15420 | lr=3.969463e-04 | loss=0.726018 | k_vals=[20, 50, 20, 10, 50]
Epoch 004 | Step 15450 | lr=3.969463e-04 | loss=0.725238 | k_vals=[100, 20, 20, 50, 50]
Epoch 004 | Step 15480 | lr=3.969463e-04 | loss=0.881399 | k_vals=[20, 20, 10, 10, 1]
Epoch 004 | Step 15510 | lr=3.969463e-04 | loss=0.638979 | k_vals=[10, 20, 1, 20, 100]
Epoch 004 | Step 15540 | lr=3.969463e-04 | loss=0.715860 | k_vals=[100, 100, 1, 20, 100]
Epoch 004 | Step 15570 | lr=3.969463e-04 | loss=0.742540 | k_vals=[10, 10, 20, 100, 10]
Epoch 004 | Step 15600 | lr=3.969463e-04 | loss=0.650019 | k_vals=[10, 100, 1, 1, 50]
Epoch 004 | Step 15630 | lr=3.969463e-04 | loss=0.593524 | k_vals=[10, 50, 20, 10, 20]
Epoch 004 | Step 15660 | lr=3.969463e-04 | loss=0.677421 | k_vals=[20, 10, 50, 1, 10]
Epoch 004 | Step 15690 | lr=3.969463e-04 | loss=0.722379 | k_vals=[100, 50, 50, 50, 20]
Epoch 004 | Step 15720 | lr=3.969463e-04 | loss=0.755840 | k_vals=[20, 100, 10, 100, 50]
Epoch 004 | Step 15750 | lr=3.969463e-04 | loss=0.602594 | k_vals=[50, 100, 20, 50, 50]
Epoch 004 | Step 15780 | lr=3.969463e-04 | loss=0.666467 | k_vals=[50, 1, 20, 10, 10]
Epoch 004 | Step 15810 | lr=3.969463e-04 | loss=0.693659 | k_vals=[20, 20, 10, 20, 20]
Epoch 004 | Step 15840 | lr=3.969463e-04 | loss=0.707296 | k_vals=[20, 10, 1, 100, 20]
Epoch 004 | Step 15870 | lr=3.969463e-04 | loss=0.701371 | k_vals=[50, 100, 50, 1, 1]
Epoch 004 | Step 15900 | lr=3.969463e-04 | loss=0.729336 | k_vals=[100, 100, 20, 50, 50]
Epoch 004 | Step 15930 | lr=3.969463e-04 | loss=0.868962 | k_vals=[1, 1, 20, 1, 50]
Epoch 004 | Step 15960 | lr=3.969463e-04 | loss=0.631002 | k_vals=[100, 100, 20, 50, 20]
Epoch 004 | Step 15990 | lr=3.969463e-04 | loss=0.724890 | k_vals=[50, 20, 1, 100, 1]
Epoch 004 | Step 16020 | lr=3.969463e-04 | loss=0.652149 | k_vals=[10, 20, 100, 1, 1]
Epoch 004 | Step 16050 | lr=3.969463e-04 | loss=0.728705 | k_vals=[50, 100, 50, 100, 20]
Epoch 004 | Step 16080 | lr=3.969463e-04 | loss=0.679352 | k_vals=[1, 100, 20, 1, 100]
Epoch 004 | Step 16110 | lr=3.969463e-04 | loss=0.674777 | k_vals=[10, 1, 100, 1, 10]
Epoch 004 | Step 16140 | lr=3.969463e-04 | loss=0.510603 | k_vals=[100, 10, 50, 20, 50]
Epoch 004 | Step 16170 | lr=3.969463e-04 | loss=0.650461 | k_vals=[100, 10, 1, 50, 10]
Epoch 004 | Step 16200 | lr=3.969463e-04 | loss=0.696213 | k_vals=[10, 100, 1, 1, 10]
Epoch 004 | Step 16230 | lr=3.969463e-04 | loss=0.723255 | k_vals=[20, 10, 10, 100, 50]
Epoch 004 | Step 16260 | lr=3.969463e-04 | loss=0.703451 | k_vals=[1, 1, 1, 100, 1]
Epoch 004 | Step 16290 | lr=3.969463e-04 | loss=0.785621 | k_vals=[20, 1, 50, 100, 1]
Epoch 004 | Step 16320 | lr=3.969463e-04 | loss=0.676006 | k_vals=[50, 50, 50, 100, 10]
Epoch 004 | Step 16350 | lr=3.969463e-04 | loss=0.581149 | k_vals=[50, 10, 10, 100, 50]
Epoch 004 | Step 16380 | lr=3.969463e-04 | loss=0.719006 | k_vals=[50, 50, 1, 1, 100]
Epoch 004 | Step 16410 | lr=3.969463e-04 | loss=0.764831 | k_vals=[1, 50, 1, 1, 20]
Epoch 004 | Step 16440 | lr=3.969463e-04 | loss=0.689183 | k_vals=[100, 1, 100, 20, 100]
Epoch 004 | Step 16470 | lr=3.969463e-04 | loss=0.733027 | k_vals=[50, 100, 10, 20, 1]
Epoch 004 | Step 16500 | lr=3.969463e-04 | loss=0.657221 | k_vals=[20, 1, 50, 20, 50]
Epoch 004 | Step 16530 | lr=3.969463e-04 | loss=0.855948 | k_vals=[20, 1, 50, 1, 10]
Epoch 004 | Step 16560 | lr=3.969463e-04 | loss=0.642040 | k_vals=[50, 100, 100, 100, 50]
Epoch 004 | Step 16590 | lr=3.969463e-04 | loss=0.618229 | k_vals=[50, 50, 50, 50, 100]
Epoch 004 | Step 16620 | lr=3.969463e-04 | loss=0.708269 | k_vals=[50, 1, 10, 50, 10]
Epoch 004 | Step 16650 | lr=3.969463e-04 | loss=0.706794 | k_vals=[10, 20, 1, 20, 50]
Epoch 004 | Step 16680 | lr=3.969463e-04 | loss=0.594737 | k_vals=[100, 1, 20, 100, 1]
Epoch 004 | Step 16710 | lr=3.969463e-04 | loss=0.722562 | k_vals=[1, 100, 100, 100, 100]
Epoch 004 | Step 16740 | lr=3.969463e-04 | loss=0.677525 | k_vals=[1, 1, 1, 10, 10]
Epoch 004 | Step 16770 | lr=3.969463e-04 | loss=0.573250 | k_vals=[50, 10, 50, 20, 1]
Epoch 004 | Step 16800 | lr=3.969463e-04 | loss=0.537298 | k_vals=[50, 100, 100, 50, 20]
Epoch 004 | Step 16830 | lr=3.969463e-04 | loss=0.751824 | k_vals=[50, 10, 1, 50, 10]
Epoch 004 | Step 16860 | lr=3.969463e-04 | loss=0.629653 | k_vals=[1, 20, 100, 50, 100]
Epoch 004 | Step 16890 | lr=3.969463e-04 | loss=0.640961 | k_vals=[100, 1, 10, 50, 50]
Epoch 004 | Step 16920 | lr=3.969463e-04 | loss=0.568093 | k_vals=[100, 100, 10, 10, 50]
Epoch 004 | Step 16950 | lr=3.969463e-04 | loss=0.615557 | k_vals=[100, 100, 50, 10, 100]
Epoch 004 | Step 16980 | lr=3.969463e-04 | loss=0.616541 | k_vals=[50, 10, 50, 100, 100]
Epoch 004 | Step 17010 | lr=3.969463e-04 | loss=0.777218 | k_vals=[100, 20, 1, 50, 50]
Epoch 004 | Step 17040 | lr=3.969463e-04 | loss=0.581356 | k_vals=[20, 1, 1, 20, 20]
Epoch 004 | Step 17070 | lr=3.969463e-04 | loss=0.730100 | k_vals=[100, 100, 50, 100, 100]
Epoch 004 | Step 17100 | lr=3.969463e-04 | loss=0.761132 | k_vals=[100, 1, 1, 10, 20]
Epoch 004 | Step 17130 | lr=3.969463e-04 | loss=0.613082 | k_vals=[50, 1, 100, 1, 10]
Epoch 004 | Step 17160 | lr=3.969463e-04 | loss=0.579817 | k_vals=[20, 100, 20, 100, 1]
Epoch 004 | Step 17190 | lr=3.969463e-04 | loss=0.792419 | k_vals=[20, 100, 50, 10, 100]
Epoch 004 | Step 17220 | lr=3.969463e-04 | loss=0.688979 | k_vals=[1, 20, 10, 20, 50]
Epoch 004 | Step 17250 | lr=3.969463e-04 | loss=0.728317 | k_vals=[100, 20, 10, 50, 10]
Epoch 004 | Step 17280 | lr=3.969463e-04 | loss=0.746883 | k_vals=[20, 20, 50, 10, 100]
Epoch 004 | Step 17310 | lr=3.969463e-04 | loss=0.916885 | k_vals=[10, 100, 1, 50, 20]
Epoch 004 | Step 17340 | lr=3.969463e-04 | loss=0.636453 | k_vals=[20, 20, 50, 1, 1]
Epoch 004 | Step 17370 | lr=3.969463e-04 | loss=0.507020 | k_vals=[20, 20, 20, 20, 100]
Epoch 004 | Step 17400 | lr=3.969463e-04 | loss=0.619307 | k_vals=[20, 10, 1, 20, 1]
Epoch 004 | Step 17430 | lr=3.969463e-04 | loss=0.623764 | k_vals=[20, 50, 100, 100, 100]
Epoch 004 | Step 17460 | lr=3.969463e-04 | loss=0.780660 | k_vals=[10, 20, 10, 20, 20]
Epoch 004 | Step 17490 | lr=3.969463e-04 | loss=0.718245 | k_vals=[50, 20, 10, 1, 100]
Epoch 004 | Step 17520 | lr=3.969463e-04 | loss=0.641032 | k_vals=[10, 10, 100, 50, 1]
Epoch 004 | Step 17550 | lr=3.969463e-04 | loss=0.807001 | k_vals=[1, 1, 1, 20, 1]
[Epoch 4] K-value distribution: K=1:450138(20.0%) | K=10:450114(20.0%) | K=20:449711(20.0%) | K=50:450051(20.0%) | K=100:449986(20.0%)
epoch 004 | train_kld=0.697158 | val_kld=0.692140 | val_mae=0.006276 | val_mse=0.001605 | ord_acc@10=0.1768 | recall@10=0.5897
Epoch 005 | Step 30 | lr=3.272542e-04 | loss=0.559275 | k_vals=[50, 50, 100, 50, 50]
Epoch 005 | Step 60 | lr=3.272542e-04 | loss=0.540801 | k_vals=[20, 20, 10, 10, 10]
Epoch 005 | Step 90 | lr=3.272542e-04 | loss=0.771799 | k_vals=[1, 1, 100, 1, 50]
Epoch 005 | Step 120 | lr=3.272542e-04 | loss=0.632066 | k_vals=[10, 100, 10, 1, 20]
Epoch 005 | Step 150 | lr=3.272542e-04 | loss=0.890048 | k_vals=[50, 100, 100, 1, 10]
Epoch 005 | Step 180 | lr=3.272542e-04 | loss=0.636082 | k_vals=[50, 50, 50, 20, 1]
Epoch 005 | Step 210 | lr=3.272542e-04 | loss=0.663061 | k_vals=[20, 1, 20, 1, 10]
Epoch 005 | Step 240 | lr=3.272542e-04 | loss=0.876928 | k_vals=[20, 20, 100, 100, 20]
Epoch 005 | Step 270 | lr=3.272542e-04 | loss=0.638770 | k_vals=[100, 1, 50, 50, 100]
Epoch 005 | Step 300 | lr=3.272542e-04 | loss=0.578493 | k_vals=[100, 100, 100, 50, 1]
Epoch 005 | Step 330 | lr=3.272542e-04 | loss=0.639977 | k_vals=[1, 50, 10, 1, 10]
Epoch 005 | Step 360 | lr=3.272542e-04 | loss=0.604162 | k_vals=[10, 100, 100, 10, 50]
Epoch 005 | Step 390 | lr=3.272542e-04 | loss=0.660904 | k_vals=[10, 1, 50, 20, 100]
Epoch 005 | Step 420 | lr=3.272542e-04 | loss=0.652418 | k_vals=[1, 20, 10, 20, 10]
Epoch 005 | Step 450 | lr=3.272542e-04 | loss=0.545408 | k_vals=[50, 50, 50, 100, 50]
Epoch 005 | Step 480 | lr=3.272542e-04 | loss=0.633463 | k_vals=[50, 1, 50, 20, 100]
Epoch 005 | Step 510 | lr=3.272542e-04 | loss=0.587355 | k_vals=[10, 100, 10, 50, 10]
Epoch 005 | Step 540 | lr=3.272542e-04 | loss=0.522477 | k_vals=[10, 50, 1, 100, 1]
Epoch 005 | Step 570 | lr=3.272542e-04 | loss=0.746843 | k_vals=[100, 50, 50, 1, 1]
Epoch 005 | Step 600 | lr=3.272542e-04 | loss=0.617135 | k_vals=[10, 10, 10, 10, 50]
Epoch 005 | Step 630 | lr=3.272542e-04 | loss=0.665775 | k_vals=[1, 100, 10, 10, 10]
Epoch 005 | Step 660 | lr=3.272542e-04 | loss=0.622868 | k_vals=[20, 20, 50, 1, 10]
Epoch 005 | Step 690 | lr=3.272542e-04 | loss=0.808293 | k_vals=[10, 1, 1, 1, 10]
Epoch 005 | Step 720 | lr=3.272542e-04 | loss=0.569386 | k_vals=[1, 50, 100, 10, 20]
Epoch 005 | Step 750 | lr=3.272542e-04 | loss=0.659195 | k_vals=[100, 1, 10, 20, 100]
Epoch 005 | Step 780 | lr=3.272542e-04 | loss=0.761732 | k_vals=[50, 10, 10, 10, 100]
Epoch 005 | Step 810 | lr=3.272542e-04 | loss=0.702966 | k_vals=[50, 20, 100, 1, 50]
Epoch 005 | Step 840 | lr=3.272542e-04 | loss=0.546242 | k_vals=[1, 100, 10, 10, 1]
Epoch 005 | Step 870 | lr=3.272542e-04 | loss=0.758383 | k_vals=[10, 10, 10, 20, 10]
Epoch 005 | Step 900 | lr=3.272542e-04 | loss=0.653719 | k_vals=[10, 100, 100, 100, 20]
Epoch 005 | Step 930 | lr=3.272542e-04 | loss=0.524738 | k_vals=[10, 20, 100, 1, 100]
Epoch 005 | Step 960 | lr=3.272542e-04 | loss=0.684574 | k_vals=[20, 100, 1, 20, 50]
Epoch 005 | Step 990 | lr=3.272542e-04 | loss=0.675304 | k_vals=[10, 100, 100, 100, 100]
Epoch 005 | Step 1020 | lr=3.272542e-04 | loss=0.628691 | k_vals=[20, 20, 1, 1, 100]
Epoch 005 | Step 1050 | lr=3.272542e-04 | loss=0.563219 | k_vals=[10, 20, 20, 50, 50]
Epoch 005 | Step 1080 | lr=3.272542e-04 | loss=0.679996 | k_vals=[100, 10, 1, 50, 100]
Epoch 005 | Step 1110 | lr=3.272542e-04 | loss=0.858957 | k_vals=[1, 50, 1, 1, 1]
Epoch 005 | Step 1140 | lr=3.272542e-04 | loss=0.783323 | k_vals=[20, 50, 20, 100, 50]
Epoch 005 | Step 1170 | lr=3.272542e-04 | loss=0.654271 | k_vals=[100, 20, 20, 20, 100]
Epoch 005 | Step 1200 | lr=3.272542e-04 | loss=0.771654 | k_vals=[1, 10, 100, 20, 1]
Epoch 005 | Step 1230 | lr=3.272542e-04 | loss=0.711104 | k_vals=[100, 1, 50, 100, 20]
Epoch 005 | Step 1260 | lr=3.272542e-04 | loss=0.864673 | k_vals=[1, 1, 50, 1, 20]
Epoch 005 | Step 1290 | lr=3.272542e-04 | loss=0.680662 | k_vals=[100, 20, 20, 10, 1]
Epoch 005 | Step 1320 | lr=3.272542e-04 | loss=0.701427 | k_vals=[50, 50, 20, 20, 50]
Epoch 005 | Step 1350 | lr=3.272542e-04 | loss=0.746612 | k_vals=[10, 20, 1, 100, 1]
Epoch 005 | Step 1380 | lr=3.272542e-04 | loss=0.837847 | k_vals=[20, 20, 50, 10, 100]
Epoch 005 | Step 1410 | lr=3.272542e-04 | loss=0.538092 | k_vals=[1, 50, 1, 50, 1]
Epoch 005 | Step 1440 | lr=3.272542e-04 | loss=0.722295 | k_vals=[50, 10, 50, 1, 1]
Epoch 005 | Step 1470 | lr=3.272542e-04 | loss=0.597888 | k_vals=[20, 1, 100, 1, 100]
Epoch 005 | Step 1500 | lr=3.272542e-04 | loss=0.791761 | k_vals=[1, 1, 10, 50, 20]
Epoch 005 | Step 1530 | lr=3.272542e-04 | loss=0.727227 | k_vals=[1, 1, 1, 1, 100]
Epoch 005 | Step 1560 | lr=3.272542e-04 | loss=0.505254 | k_vals=[10, 100, 1, 100, 10]
Epoch 005 | Step 1590 | lr=3.272542e-04 | loss=0.805494 | k_vals=[1, 100, 100, 1, 10]
Epoch 005 | Step 1620 | lr=3.272542e-04 | loss=0.694624 | k_vals=[20, 50, 100, 20, 20]
Epoch 005 | Step 1650 | lr=3.272542e-04 | loss=0.621050 | k_vals=[20, 10, 50, 20, 1]
Epoch 005 | Step 1680 | lr=3.272542e-04 | loss=0.751576 | k_vals=[10, 1, 10, 10, 1]
Epoch 005 | Step 1710 | lr=3.272542e-04 | loss=0.829148 | k_vals=[1, 50, 20, 20, 1]
Epoch 005 | Step 1740 | lr=3.272542e-04 | loss=0.668924 | k_vals=[10, 100, 100, 50, 20]
Epoch 005 | Step 1770 | lr=3.272542e-04 | loss=0.577484 | k_vals=[1, 50, 10, 50, 1]
Epoch 005 | Step 1800 | lr=3.272542e-04 | loss=0.763122 | k_vals=[1, 100, 50, 20, 100]
Epoch 005 | Step 1830 | lr=3.272542e-04 | loss=0.812876 | k_vals=[20, 50, 20, 1, 1]
Epoch 005 | Step 1860 | lr=3.272542e-04 | loss=0.702594 | k_vals=[100, 50, 100, 100, 20]
Epoch 005 | Step 1890 | lr=3.272542e-04 | loss=0.567057 | k_vals=[20, 100, 100, 100, 50]
Epoch 005 | Step 1920 | lr=3.272542e-04 | loss=0.562634 | k_vals=[20, 100, 50, 50, 50]
Epoch 005 | Step 1950 | lr=3.272542e-04 | loss=0.761660 | k_vals=[10, 50, 10, 1, 100]
Epoch 005 | Step 1980 | lr=3.272542e-04 | loss=0.616500 | k_vals=[10, 100, 1, 50, 20]
Epoch 005 | Step 2010 | lr=3.272542e-04 | loss=0.607442 | k_vals=[20, 20, 50, 1, 1]
Epoch 005 | Step 2040 | lr=3.272542e-04 | loss=0.672970 | k_vals=[10, 100, 10, 20, 1]
Epoch 005 | Step 2070 | lr=3.272542e-04 | loss=0.687567 | k_vals=[100, 50, 50, 100, 50]
Epoch 005 | Step 2100 | lr=3.272542e-04 | loss=0.639950 | k_vals=[100, 10, 50, 100, 1]
Epoch 005 | Step 2130 | lr=3.272542e-04 | loss=0.647863 | k_vals=[1, 1, 20, 20, 50]
Epoch 005 | Step 2160 | lr=3.272542e-04 | loss=0.731876 | k_vals=[100, 10, 50, 10, 1]
Epoch 005 | Step 2190 | lr=3.272542e-04 | loss=0.648711 | k_vals=[20, 10, 1, 10, 50]
Epoch 005 | Step 2220 | lr=3.272542e-04 | loss=0.708728 | k_vals=[20, 20, 50, 20, 10]
Epoch 005 | Step 2250 | lr=3.272542e-04 | loss=0.569515 | k_vals=[50, 50, 20, 100, 10]
Epoch 005 | Step 2280 | lr=3.272542e-04 | loss=0.598845 | k_vals=[1, 20, 20, 100, 50]
Epoch 005 | Step 2310 | lr=3.272542e-04 | loss=0.665159 | k_vals=[10, 10, 10, 10, 100]
Epoch 005 | Step 2340 | lr=3.272542e-04 | loss=0.734089 | k_vals=[100, 100, 20, 1, 100]
Epoch 005 | Step 2370 | lr=3.272542e-04 | loss=0.713083 | k_vals=[1, 50, 10, 1, 20]
Epoch 005 | Step 2400 | lr=3.272542e-04 | loss=0.854851 | k_vals=[20, 100, 1, 1, 20]
Epoch 005 | Step 2430 | lr=3.272542e-04 | loss=0.922277 | k_vals=[10, 50, 20, 50, 50]
Epoch 005 | Step 2460 | lr=3.272542e-04 | loss=0.714856 | k_vals=[10, 20, 1, 20, 50]
Epoch 005 | Step 2490 | lr=3.272542e-04 | loss=0.496321 | k_vals=[10, 50, 100, 50, 10]
Epoch 005 | Step 2520 | lr=3.272542e-04 | loss=0.679630 | k_vals=[10, 10, 20, 1, 10]
Epoch 005 | Step 2550 | lr=3.272542e-04 | loss=0.813444 | k_vals=[10, 1, 20, 50, 20]
Epoch 005 | Step 2580 | lr=3.272542e-04 | loss=0.684357 | k_vals=[20, 10, 50, 50, 1]
Epoch 005 | Step 2610 | lr=3.272542e-04 | loss=0.643192 | k_vals=[20, 100, 1, 100, 100]
Epoch 005 | Step 2640 | lr=3.272542e-04 | loss=0.682798 | k_vals=[10, 100, 50, 50, 20]
Epoch 005 | Step 2670 | lr=3.272542e-04 | loss=0.721646 | k_vals=[1, 10, 1, 100, 50]
Epoch 005 | Step 2700 | lr=3.272542e-04 | loss=0.714000 | k_vals=[10, 10, 10, 100, 20]
Epoch 005 | Step 2730 | lr=3.272542e-04 | loss=0.495345 | k_vals=[1, 50, 10, 1, 100]
Epoch 005 | Step 2760 | lr=3.272542e-04 | loss=0.551048 | k_vals=[100, 50, 100, 100, 20]
Epoch 005 | Step 2790 | lr=3.272542e-04 | loss=0.681419 | k_vals=[10, 10, 50, 50, 100]
Epoch 005 | Step 2820 | lr=3.272542e-04 | loss=0.624293 | k_vals=[50, 50, 100, 50, 1]
Epoch 005 | Step 2850 | lr=3.272542e-04 | loss=0.571895 | k_vals=[10, 100, 50, 10, 20]
Epoch 005 | Step 2880 | lr=3.272542e-04 | loss=0.756436 | k_vals=[100, 100, 10, 100, 20]
Epoch 005 | Step 2910 | lr=3.272542e-04 | loss=0.677726 | k_vals=[100, 50, 10, 100, 10]
Epoch 005 | Step 2940 | lr=3.272542e-04 | loss=0.704433 | k_vals=[100, 10, 20, 50, 1]
Epoch 005 | Step 2970 | lr=3.272542e-04 | loss=0.536932 | k_vals=[20, 100, 1, 50, 1]
Epoch 005 | Step 3000 | lr=3.272542e-04 | loss=0.641386 | k_vals=[100, 1, 100, 100, 50]
Epoch 005 | Step 3030 | lr=3.272542e-04 | loss=0.776481 | k_vals=[100, 100, 50, 100, 1]
Epoch 005 | Step 3060 | lr=3.272542e-04 | loss=0.797762 | k_vals=[20, 100, 20, 1, 10]
Epoch 005 | Step 3090 | lr=3.272542e-04 | loss=0.759978 | k_vals=[20, 1, 10, 20, 10]
Epoch 005 | Step 3120 | lr=3.272542e-04 | loss=0.806497 | k_vals=[100, 10, 1, 20, 1]
Epoch 005 | Step 3150 | lr=3.272542e-04 | loss=0.666963 | k_vals=[50, 50, 1, 10, 10]
Epoch 005 | Step 3180 | lr=3.272542e-04 | loss=0.574582 | k_vals=[100, 100, 1, 100, 1]
Epoch 005 | Step 3210 | lr=3.272542e-04 | loss=0.573288 | k_vals=[10, 50, 100, 100, 20]
Epoch 005 | Step 3240 | lr=3.272542e-04 | loss=0.795540 | k_vals=[100, 100, 1, 50, 50]
Epoch 005 | Step 3270 | lr=3.272542e-04 | loss=0.645683 | k_vals=[50, 50, 100, 100, 50]
Epoch 005 | Step 3300 | lr=3.272542e-04 | loss=0.677752 | k_vals=[1, 20, 50, 10, 10]
Epoch 005 | Step 3330 | lr=3.272542e-04 | loss=0.749566 | k_vals=[1, 10, 20, 1, 20]
Epoch 005 | Step 3360 | lr=3.272542e-04 | loss=0.843590 | k_vals=[1, 1, 50, 100, 10]
Epoch 005 | Step 3390 | lr=3.272542e-04 | loss=0.685320 | k_vals=[10, 100, 100, 100, 10]
Epoch 005 | Step 3420 | lr=3.272542e-04 | loss=0.556208 | k_vals=[50, 20, 1, 20, 10]
Epoch 005 | Step 3450 | lr=3.272542e-04 | loss=0.709549 | k_vals=[100, 20, 20, 10, 20]
Epoch 005 | Step 3480 | lr=3.272542e-04 | loss=0.578093 | k_vals=[50, 100, 1, 100, 50]
Epoch 005 | Step 3510 | lr=3.272542e-04 | loss=0.721024 | k_vals=[100, 1, 10, 10, 100]
Epoch 005 | Step 3540 | lr=3.272542e-04 | loss=0.660931 | k_vals=[1, 50, 50, 20, 20]
Epoch 005 | Step 3570 | lr=3.272542e-04 | loss=0.667455 | k_vals=[20, 1, 20, 100, 1]
Epoch 005 | Step 3600 | lr=3.272542e-04 | loss=0.672640 | k_vals=[20, 100, 1, 20, 20]
Epoch 005 | Step 3630 | lr=3.272542e-04 | loss=0.659168 | k_vals=[20, 1, 50, 10, 50]
Epoch 005 | Step 3660 | lr=3.272542e-04 | loss=0.633709 | k_vals=[100, 10, 100, 10, 20]
Epoch 005 | Step 3690 | lr=3.272542e-04 | loss=0.679334 | k_vals=[100, 100, 1, 50, 20]
Epoch 005 | Step 3720 | lr=3.272542e-04 | loss=0.743990 | k_vals=[50, 100, 1, 1, 20]
Epoch 005 | Step 3750 | lr=3.272542e-04 | loss=0.649134 | k_vals=[20, 20, 10, 20, 20]
Epoch 005 | Step 3780 | lr=3.272542e-04 | loss=0.840209 | k_vals=[50, 1, 1, 100, 20]
Epoch 005 | Step 3810 | lr=3.272542e-04 | loss=0.790412 | k_vals=[50, 50, 100, 50, 20]
Epoch 005 | Step 3840 | lr=3.272542e-04 | loss=0.583120 | k_vals=[50, 1, 100, 20, 100]
Epoch 005 | Step 3870 | lr=3.272542e-04 | loss=0.567205 | k_vals=[20, 1, 100, 20, 50]
Epoch 005 | Step 3900 | lr=3.272542e-04 | loss=0.614671 | k_vals=[20, 50, 50, 100, 1]
Epoch 005 | Step 3930 | lr=3.272542e-04 | loss=0.672679 | k_vals=[20, 50, 100, 1, 20]
Epoch 005 | Step 3960 | lr=3.272542e-04 | loss=0.838953 | k_vals=[1, 20, 100, 50, 10]
Epoch 005 | Step 3990 | lr=3.272542e-04 | loss=0.769295 | k_vals=[50, 50, 20, 50, 50]
Epoch 005 | Step 4020 | lr=3.272542e-04 | loss=0.734310 | k_vals=[10, 10, 20, 20, 20]
Epoch 005 | Step 4050 | lr=3.272542e-04 | loss=0.645638 | k_vals=[50, 10, 100, 50, 100]
Epoch 005 | Step 4080 | lr=3.272542e-04 | loss=0.625066 | k_vals=[20, 10, 100, 1, 100]
Epoch 005 | Step 4110 | lr=3.272542e-04 | loss=0.783741 | k_vals=[20, 20, 20, 20, 1]
Epoch 005 | Step 4140 | lr=3.272542e-04 | loss=0.748954 | k_vals=[20, 50, 20, 10, 20]
Epoch 005 | Step 4170 | lr=3.272542e-04 | loss=0.725187 | k_vals=[50, 1, 50, 10, 10]
Epoch 005 | Step 4200 | lr=3.272542e-04 | loss=0.611563 | k_vals=[10, 100, 100, 50, 20]
Epoch 005 | Step 4230 | lr=3.272542e-04 | loss=0.599410 | k_vals=[10, 1, 50, 100, 50]
Epoch 005 | Step 4260 | lr=3.272542e-04 | loss=0.908914 | k_vals=[1, 1, 20, 10, 100]
Epoch 005 | Step 4290 | lr=3.272542e-04 | loss=0.651780 | k_vals=[10, 20, 1, 20, 50]
Epoch 005 | Step 4320 | lr=3.272542e-04 | loss=0.732294 | k_vals=[100, 20, 20, 20, 1]
Epoch 005 | Step 4350 | lr=3.272542e-04 | loss=0.612871 | k_vals=[100, 1, 20, 50, 10]
Epoch 005 | Step 4380 | lr=3.272542e-04 | loss=0.625789 | k_vals=[1, 20, 100, 20, 10]
Epoch 005 | Step 4410 | lr=3.272542e-04 | loss=0.679940 | k_vals=[50, 20, 1, 1, 100]
Epoch 005 | Step 4440 | lr=3.272542e-04 | loss=0.869900 | k_vals=[100, 1, 1, 50, 100]
Epoch 005 | Step 4470 | lr=3.272542e-04 | loss=0.616637 | k_vals=[50, 10, 50, 50, 50]
Epoch 005 | Step 4500 | lr=3.272542e-04 | loss=0.655803 | k_vals=[100, 20, 50, 20, 20]
Epoch 005 | Step 4530 | lr=3.272542e-04 | loss=0.895557 | k_vals=[1, 1, 10, 10, 10]
Epoch 005 | Step 4560 | lr=3.272542e-04 | loss=0.862563 | k_vals=[50, 50, 10, 100, 10]
Epoch 005 | Step 4590 | lr=3.272542e-04 | loss=0.738527 | k_vals=[1, 100, 10, 20, 20]
Epoch 005 | Step 4620 | lr=3.272542e-04 | loss=0.701397 | k_vals=[20, 50, 20, 20, 10]
Epoch 005 | Step 4650 | lr=3.272542e-04 | loss=0.651949 | k_vals=[20, 100, 50, 20, 50]
Epoch 005 | Step 4680 | lr=3.272542e-04 | loss=0.851650 | k_vals=[10, 20, 1, 10, 20]
Epoch 005 | Step 4710 | lr=3.272542e-04 | loss=0.718839 | k_vals=[50, 100, 10, 20, 50]
Epoch 005 | Step 4740 | lr=3.272542e-04 | loss=0.652023 | k_vals=[50, 20, 10, 10, 100]
Epoch 005 | Step 4770 | lr=3.272542e-04 | loss=0.581942 | k_vals=[20, 100, 20, 1, 1]
Epoch 005 | Step 4800 | lr=3.272542e-04 | loss=0.577433 | k_vals=[100, 100, 20, 20, 10]
Epoch 005 | Step 4830 | lr=3.272542e-04 | loss=0.862999 | k_vals=[10, 1, 20, 20, 10]
Epoch 005 | Step 4860 | lr=3.272542e-04 | loss=0.841092 | k_vals=[50, 100, 100, 100, 10]
Epoch 005 | Step 4890 | lr=3.272542e-04 | loss=0.610510 | k_vals=[100, 10, 20, 20, 10]
Epoch 005 | Step 4920 | lr=3.272542e-04 | loss=0.661765 | k_vals=[10, 1, 50, 10, 20]
Epoch 005 | Step 4950 | lr=3.272542e-04 | loss=0.716606 | k_vals=[100, 10, 10, 100, 20]
Epoch 005 | Step 4980 | lr=3.272542e-04 | loss=0.722127 | k_vals=[10, 1, 20, 100, 50]
Epoch 005 | Step 5010 | lr=3.272542e-04 | loss=0.741442 | k_vals=[1, 10, 1, 20, 1]
Epoch 005 | Step 5040 | lr=3.272542e-04 | loss=0.891325 | k_vals=[1, 100, 1, 100, 1]
Epoch 005 | Step 5070 | lr=3.272542e-04 | loss=0.658317 | k_vals=[1, 20, 50, 10, 100]
Epoch 005 | Step 5100 | lr=3.272542e-04 | loss=0.718534 | k_vals=[20, 10, 50, 20, 50]
Epoch 005 | Step 5130 | lr=3.272542e-04 | loss=0.795980 | k_vals=[10, 20, 100, 1, 100]
Epoch 005 | Step 5160 | lr=3.272542e-04 | loss=0.681120 | k_vals=[100, 10, 100, 10, 10]
Epoch 005 | Step 5190 | lr=3.272542e-04 | loss=0.660169 | k_vals=[50, 1, 20, 100, 100]
Epoch 005 | Step 5220 | lr=3.272542e-04 | loss=0.582856 | k_vals=[100, 100, 100, 20, 20]
Epoch 005 | Step 5250 | lr=3.272542e-04 | loss=0.709697 | k_vals=[10, 10, 50, 100, 100]
Epoch 005 | Step 5280 | lr=3.272542e-04 | loss=0.549685 | k_vals=[20, 10, 50, 100, 10]
Epoch 005 | Step 5310 | lr=3.272542e-04 | loss=0.812210 | k_vals=[1, 20, 50, 100, 1]
Epoch 005 | Step 5340 | lr=3.272542e-04 | loss=0.767473 | k_vals=[20, 1, 100, 1, 1]
Epoch 005 | Step 5370 | lr=3.272542e-04 | loss=0.598626 | k_vals=[10, 20, 1, 50, 50]
Epoch 005 | Step 5400 | lr=3.272542e-04 | loss=0.775526 | k_vals=[100, 100, 1, 10, 50]
Epoch 005 | Step 5430 | lr=3.272542e-04 | loss=0.724523 | k_vals=[50, 100, 50, 10, 10]
Epoch 005 | Step 5460 | lr=3.272542e-04 | loss=0.794274 | k_vals=[100, 100, 1, 1, 20]
Epoch 005 | Step 5490 | lr=3.272542e-04 | loss=0.529199 | k_vals=[10, 100, 100, 10, 10]
Epoch 005 | Step 5520 | lr=3.272542e-04 | loss=0.768054 | k_vals=[20, 100, 20, 20, 10]
Epoch 005 | Step 5550 | lr=3.272542e-04 | loss=0.673480 | k_vals=[100, 20, 10, 10, 50]
Epoch 005 | Step 5580 | lr=3.272542e-04 | loss=0.645283 | k_vals=[50, 50, 50, 10, 50]
Epoch 005 | Step 5610 | lr=3.272542e-04 | loss=0.723551 | k_vals=[100, 20, 50, 1, 50]
Epoch 005 | Step 5640 | lr=3.272542e-04 | loss=0.678646 | k_vals=[1, 1, 1, 10, 50]
Epoch 005 | Step 5670 | lr=3.272542e-04 | loss=0.627399 | k_vals=[100, 50, 20, 50, 100]
Epoch 005 | Step 5700 | lr=3.272542e-04 | loss=0.755474 | k_vals=[100, 20, 1, 10, 1]
Epoch 005 | Step 5730 | lr=3.272542e-04 | loss=0.682069 | k_vals=[50, 1, 1, 100, 10]
Epoch 005 | Step 5760 | lr=3.272542e-04 | loss=0.780513 | k_vals=[20, 1, 50, 20, 1]
Epoch 005 | Step 5790 | lr=3.272542e-04 | loss=0.714014 | k_vals=[10, 20, 20, 20, 50]
Epoch 005 | Step 5820 | lr=3.272542e-04 | loss=0.710578 | k_vals=[100, 50, 100, 50, 1]
Epoch 005 | Step 5850 | lr=3.272542e-04 | loss=0.598121 | k_vals=[10, 10, 20, 10, 20]
Epoch 005 | Step 5880 | lr=3.272542e-04 | loss=0.785207 | k_vals=[10, 100, 1, 50, 50]
Epoch 005 | Step 5910 | lr=3.272542e-04 | loss=0.784163 | k_vals=[1, 50, 50, 1, 20]
Epoch 005 | Step 5940 | lr=3.272542e-04 | loss=0.702003 | k_vals=[50, 10, 10, 50, 50]
Epoch 005 | Step 5970 | lr=3.272542e-04 | loss=0.751113 | k_vals=[100, 1, 50, 1, 50]
Epoch 005 | Step 6000 | lr=3.272542e-04 | loss=0.815615 | k_vals=[1, 50, 1, 100, 50]
Epoch 005 | Step 6030 | lr=3.272542e-04 | loss=0.704541 | k_vals=[20, 20, 100, 10, 100]
Epoch 005 | Step 6060 | lr=3.272542e-04 | loss=0.669435 | k_vals=[20, 10, 1, 100, 20]
Epoch 005 | Step 6090 | lr=3.272542e-04 | loss=0.620821 | k_vals=[10, 1, 20, 1, 20]
Epoch 005 | Step 6120 | lr=3.272542e-04 | loss=0.639206 | k_vals=[20, 100, 1, 10, 20]
Epoch 005 | Step 6150 | lr=3.272542e-04 | loss=0.599855 | k_vals=[100, 100, 100, 10, 50]
Epoch 005 | Step 6180 | lr=3.272542e-04 | loss=0.722022 | k_vals=[1, 20, 1, 10, 10]
Epoch 005 | Step 6210 | lr=3.272542e-04 | loss=0.609381 | k_vals=[100, 10, 10, 20, 50]
Epoch 005 | Step 6240 | lr=3.272542e-04 | loss=0.691733 | k_vals=[1, 100, 1, 20, 20]
Epoch 005 | Step 6270 | lr=3.272542e-04 | loss=0.678958 | k_vals=[1, 50, 20, 1, 100]
Epoch 005 | Step 6300 | lr=3.272542e-04 | loss=0.666541 | k_vals=[10, 50, 20, 1, 1]
Epoch 005 | Step 6330 | lr=3.272542e-04 | loss=0.690091 | k_vals=[50, 50, 100, 50, 1]
Epoch 005 | Step 6360 | lr=3.272542e-04 | loss=0.776729 | k_vals=[50, 20, 50, 50, 10]
Epoch 005 | Step 6390 | lr=3.272542e-04 | loss=0.797971 | k_vals=[50, 20, 20, 20, 10]
Epoch 005 | Step 6420 | lr=3.272542e-04 | loss=0.750824 | k_vals=[50, 10, 20, 100, 50]
Epoch 005 | Step 6450 | lr=3.272542e-04 | loss=0.767222 | k_vals=[10, 100, 20, 100, 10]
Epoch 005 | Step 6480 | lr=3.272542e-04 | loss=0.726021 | k_vals=[20, 50, 50, 1, 20]
Epoch 005 | Step 6510 | lr=3.272542e-04 | loss=0.705046 | k_vals=[20, 20, 20, 100, 100]
Epoch 005 | Step 6540 | lr=3.272542e-04 | loss=0.658736 | k_vals=[1, 20, 1, 10, 100]
Epoch 005 | Step 6570 | lr=3.272542e-04 | loss=0.656505 | k_vals=[50, 20, 50, 20, 1]
Epoch 005 | Step 6600 | lr=3.272542e-04 | loss=0.577864 | k_vals=[20, 1, 10, 50, 20]
Epoch 005 | Step 6630 | lr=3.272542e-04 | loss=0.715624 | k_vals=[20, 50, 20, 1, 10]
Epoch 005 | Step 6660 | lr=3.272542e-04 | loss=0.618779 | k_vals=[50, 10, 1, 100, 10]
Epoch 005 | Step 6690 | lr=3.272542e-04 | loss=0.788161 | k_vals=[10, 50, 10, 50, 100]
Epoch 005 | Step 6720 | lr=3.272542e-04 | loss=0.654917 | k_vals=[100, 20, 20, 20, 1]
Epoch 005 | Step 6750 | lr=3.272542e-04 | loss=0.613920 | k_vals=[50, 100, 50, 50, 50]
Epoch 005 | Step 6780 | lr=3.272542e-04 | loss=0.702387 | k_vals=[20, 20, 50, 50, 20]
Epoch 005 | Step 6810 | lr=3.272542e-04 | loss=0.741144 | k_vals=[10, 10, 50, 100, 100]
Epoch 005 | Step 6840 | lr=3.272542e-04 | loss=0.627302 | k_vals=[50, 100, 20, 10, 50]
Epoch 005 | Step 6870 | lr=3.272542e-04 | loss=0.604464 | k_vals=[10, 50, 1, 10, 100]
Epoch 005 | Step 6900 | lr=3.272542e-04 | loss=0.730980 | k_vals=[100, 20, 50, 50, 20]
Epoch 005 | Step 6930 | lr=3.272542e-04 | loss=0.591502 | k_vals=[1, 10, 10, 50, 50]
Epoch 005 | Step 6960 | lr=3.272542e-04 | loss=0.716667 | k_vals=[1, 50, 100, 10, 50]
Epoch 005 | Step 6990 | lr=3.272542e-04 | loss=0.613867 | k_vals=[1, 100, 1, 10, 20]
Epoch 005 | Step 7020 | lr=3.272542e-04 | loss=0.819152 | k_vals=[10, 1, 100, 20, 100]
Epoch 005 | Step 7050 | lr=3.272542e-04 | loss=0.694414 | k_vals=[20, 50, 1, 10, 20]
Epoch 005 | Step 7080 | lr=3.272542e-04 | loss=0.851315 | k_vals=[20, 1, 1, 20, 20]
Epoch 005 | Step 7110 | lr=3.272542e-04 | loss=0.809313 | k_vals=[20, 20, 50, 10, 10]
Epoch 005 | Step 7140 | lr=3.272542e-04 | loss=0.714632 | k_vals=[100, 1, 20, 1, 100]
Epoch 005 | Step 7170 | lr=3.272542e-04 | loss=0.682732 | k_vals=[1, 50, 1, 100, 20]
Epoch 005 | Step 7200 | lr=3.272542e-04 | loss=0.671836 | k_vals=[10, 100, 100, 20, 50]
Epoch 005 | Step 7230 | lr=3.272542e-04 | loss=0.761349 | k_vals=[100, 50, 1, 100, 50]
Epoch 005 | Step 7260 | lr=3.272542e-04 | loss=0.677011 | k_vals=[10, 20, 20, 50, 50]
Epoch 005 | Step 7290 | lr=3.272542e-04 | loss=0.597654 | k_vals=[1, 20, 10, 20, 20]
Epoch 005 | Step 7320 | lr=3.272542e-04 | loss=0.700838 | k_vals=[20, 10, 100, 1, 100]
Epoch 005 | Step 7350 | lr=3.272542e-04 | loss=0.599106 | k_vals=[20, 100, 20, 50, 20]
Epoch 005 | Step 7380 | lr=3.272542e-04 | loss=0.621111 | k_vals=[10, 50, 1, 100, 100]
Epoch 005 | Step 7410 | lr=3.272542e-04 | loss=0.654703 | k_vals=[20, 10, 10, 20, 10]
Epoch 005 | Step 7440 | lr=3.272542e-04 | loss=0.750183 | k_vals=[1, 1, 20, 1, 1]
Epoch 005 | Step 7470 | lr=3.272542e-04 | loss=0.670666 | k_vals=[1, 20, 100, 20, 100]
Epoch 005 | Step 7500 | lr=3.272542e-04 | loss=0.753868 | k_vals=[100, 20, 10, 100, 100]
Epoch 005 | Step 7530 | lr=3.272542e-04 | loss=0.733936 | k_vals=[50, 10, 20, 20, 50]
Epoch 005 | Step 7560 | lr=3.272542e-04 | loss=0.635048 | k_vals=[1, 50, 100, 10, 20]
Epoch 005 | Step 7590 | lr=3.272542e-04 | loss=0.708420 | k_vals=[100, 100, 20, 20, 10]
Epoch 005 | Step 7620 | lr=3.272542e-04 | loss=0.642306 | k_vals=[10, 50, 10, 100, 20]
Epoch 005 | Step 7650 | lr=3.272542e-04 | loss=0.623189 | k_vals=[1, 50, 50, 50, 1]
Epoch 005 | Step 7680 | lr=3.272542e-04 | loss=0.658445 | k_vals=[10, 100, 10, 10, 100]
Epoch 005 | Step 7710 | lr=3.272542e-04 | loss=0.686454 | k_vals=[50, 50, 50, 20, 10]
Epoch 005 | Step 7740 | lr=3.272542e-04 | loss=0.745371 | k_vals=[1, 20, 10, 1, 1]
Epoch 005 | Step 7770 | lr=3.272542e-04 | loss=0.650786 | k_vals=[10, 10, 100, 50, 10]
Epoch 005 | Step 7800 | lr=3.272542e-04 | loss=0.443395 | k_vals=[20, 50, 50, 50, 50]
Epoch 005 | Step 7830 | lr=3.272542e-04 | loss=0.608192 | k_vals=[100, 50, 1, 50, 50]
Epoch 005 | Step 7860 | lr=3.272542e-04 | loss=0.576240 | k_vals=[50, 10, 20, 10, 20]
Epoch 005 | Step 7890 | lr=3.272542e-04 | loss=0.768187 | k_vals=[1, 1, 50, 20, 10]
Epoch 005 | Step 7920 | lr=3.272542e-04 | loss=0.627593 | k_vals=[20, 20, 1, 20, 100]
Epoch 005 | Step 7950 | lr=3.272542e-04 | loss=0.693491 | k_vals=[10, 50, 1, 10, 1]
Epoch 005 | Step 7980 | lr=3.272542e-04 | loss=0.788594 | k_vals=[1, 50, 1, 50, 100]
Epoch 005 | Step 8010 | lr=3.272542e-04 | loss=0.767046 | k_vals=[100, 1, 10, 50, 100]
Epoch 005 | Step 8040 | lr=3.272542e-04 | loss=0.564397 | k_vals=[50, 10, 10, 10, 10]
Epoch 005 | Step 8070 | lr=3.272542e-04 | loss=0.649576 | k_vals=[20, 50, 1, 1, 100]
Epoch 005 | Step 8100 | lr=3.272542e-04 | loss=0.626001 | k_vals=[20, 100, 20, 1, 100]
Epoch 005 | Step 8130 | lr=3.272542e-04 | loss=0.687841 | k_vals=[20, 50, 1, 1, 10]
Epoch 005 | Step 8160 | lr=3.272542e-04 | loss=0.772928 | k_vals=[50, 20, 100, 10, 10]
Epoch 005 | Step 8190 | lr=3.272542e-04 | loss=0.674756 | k_vals=[20, 20, 1, 20, 20]
Epoch 005 | Step 8220 | lr=3.272542e-04 | loss=0.850524 | k_vals=[20, 10, 1, 10, 10]
Epoch 005 | Step 8250 | lr=3.272542e-04 | loss=0.693339 | k_vals=[1, 10, 1, 20, 50]
Epoch 005 | Step 8280 | lr=3.272542e-04 | loss=0.650504 | k_vals=[20, 50, 10, 100, 20]
Epoch 005 | Step 8310 | lr=3.272542e-04 | loss=0.851249 | k_vals=[50, 1, 100, 10, 10]
Epoch 005 | Step 8340 | lr=3.272542e-04 | loss=0.787992 | k_vals=[1, 100, 100, 10, 1]
Epoch 005 | Step 8370 | lr=3.272542e-04 | loss=0.607231 | k_vals=[20, 50, 20, 20, 10]
Epoch 005 | Step 8400 | lr=3.272542e-04 | loss=0.756328 | k_vals=[100, 100, 1, 1, 1]
Epoch 005 | Step 8430 | lr=3.272542e-04 | loss=0.601222 | k_vals=[100, 10, 50, 10, 20]
Epoch 005 | Step 8460 | lr=3.272542e-04 | loss=0.586184 | k_vals=[10, 100, 20, 50, 1]
Epoch 005 | Step 8490 | lr=3.272542e-04 | loss=0.679387 | k_vals=[10, 1, 1, 1, 100]
Epoch 005 | Step 8520 | lr=3.272542e-04 | loss=0.730453 | k_vals=[50, 50, 20, 1, 100]
Epoch 005 | Step 8550 | lr=3.272542e-04 | loss=0.728595 | k_vals=[100, 100, 100, 10, 50]
Epoch 005 | Step 8580 | lr=3.272542e-04 | loss=0.646205 | k_vals=[1, 50, 50, 100, 20]
Epoch 005 | Step 8610 | lr=3.272542e-04 | loss=0.693611 | k_vals=[50, 1, 1, 50, 100]
Epoch 005 | Step 8640 | lr=3.272542e-04 | loss=0.665430 | k_vals=[20, 10, 100, 100, 1]
Epoch 005 | Step 8670 | lr=3.272542e-04 | loss=0.736373 | k_vals=[50, 20, 20, 10, 20]
Epoch 005 | Step 8700 | lr=3.272542e-04 | loss=0.672878 | k_vals=[20, 10, 10, 100, 50]
Epoch 005 | Step 8730 | lr=3.272542e-04 | loss=0.786703 | k_vals=[100, 50, 20, 50, 50]
Epoch 005 | Step 8760 | lr=3.272542e-04 | loss=0.659507 | k_vals=[20, 10, 100, 100, 10]
Epoch 005 | Step 8790 | lr=3.272542e-04 | loss=0.748484 | k_vals=[50, 1, 20, 20, 1]
Epoch 005 | Step 8820 | lr=3.272542e-04 | loss=0.706059 | k_vals=[10, 20, 100, 100, 50]
Epoch 005 | Step 8850 | lr=3.272542e-04 | loss=0.574385 | k_vals=[1, 10, 50, 1, 50]
Epoch 005 | Step 8880 | lr=3.272542e-04 | loss=0.581638 | k_vals=[20, 1, 50, 50, 50]
Epoch 005 | Step 8910 | lr=3.272542e-04 | loss=0.732609 | k_vals=[100, 10, 100, 10, 50]
Epoch 005 | Step 8940 | lr=3.272542e-04 | loss=0.616472 | k_vals=[50, 100, 1, 1, 20]
Epoch 005 | Step 8970 | lr=3.272542e-04 | loss=0.617730 | k_vals=[50, 20, 1, 1, 10]
Epoch 005 | Step 9000 | lr=3.272542e-04 | loss=0.765441 | k_vals=[10, 20, 100, 10, 20]
Epoch 005 | Step 9030 | lr=3.272542e-04 | loss=0.716265 | k_vals=[20, 1, 20, 10, 10]
Epoch 005 | Step 9060 | lr=3.272542e-04 | loss=0.726532 | k_vals=[10, 10, 20, 50, 10]
Epoch 005 | Step 9090 | lr=3.272542e-04 | loss=0.683914 | k_vals=[100, 50, 50, 100, 50]
Epoch 005 | Step 9120 | lr=3.272542e-04 | loss=0.775882 | k_vals=[100, 20, 10, 1, 20]
Epoch 005 | Step 9150 | lr=3.272542e-04 | loss=0.764037 | k_vals=[50, 10, 10, 1, 10]
Epoch 005 | Step 9180 | lr=3.272542e-04 | loss=0.578345 | k_vals=[100, 10, 50, 100, 1]
Epoch 005 | Step 9210 | lr=3.272542e-04 | loss=0.579022 | k_vals=[20, 20, 20, 1, 50]
Epoch 005 | Step 9240 | lr=3.272542e-04 | loss=0.722756 | k_vals=[10, 50, 50, 10, 50]
Epoch 005 | Step 9270 | lr=3.272542e-04 | loss=0.707149 | k_vals=[1, 10, 50, 1, 100]
Epoch 005 | Step 9300 | lr=3.272542e-04 | loss=0.696825 | k_vals=[1, 100, 10, 100, 10]
Epoch 005 | Step 9330 | lr=3.272542e-04 | loss=0.779453 | k_vals=[20, 10, 50, 50, 10]
Epoch 005 | Step 9360 | lr=3.272542e-04 | loss=0.612815 | k_vals=[50, 100, 50, 10, 100]
Epoch 005 | Step 9390 | lr=3.272542e-04 | loss=0.716644 | k_vals=[10, 20, 100, 10, 100]
Epoch 005 | Step 9420 | lr=3.272542e-04 | loss=0.728352 | k_vals=[1, 50, 50, 10, 50]
Epoch 005 | Step 9450 | lr=3.272542e-04 | loss=0.679023 | k_vals=[20, 20, 1, 100, 100]
Epoch 005 | Step 9480 | lr=3.272542e-04 | loss=0.612423 | k_vals=[50, 1, 100, 10, 20]
Epoch 005 | Step 9510 | lr=3.272542e-04 | loss=0.732530 | k_vals=[1, 50, 20, 1, 100]
Epoch 005 | Step 9540 | lr=3.272542e-04 | loss=0.514043 | k_vals=[10, 1, 100, 100, 1]
Epoch 005 | Step 9570 | lr=3.272542e-04 | loss=0.626442 | k_vals=[1, 50, 20, 50, 1]
Epoch 005 | Step 9600 | lr=3.272542e-04 | loss=0.889012 | k_vals=[1, 20, 100, 50, 100]
Epoch 005 | Step 9630 | lr=3.272542e-04 | loss=0.736470 | k_vals=[10, 10, 100, 20, 100]
Epoch 005 | Step 9660 | lr=3.272542e-04 | loss=0.647471 | k_vals=[10, 10, 50, 50, 10]
Epoch 005 | Step 9690 | lr=3.272542e-04 | loss=0.660692 | k_vals=[1, 10, 1, 50, 1]
Epoch 005 | Step 9720 | lr=3.272542e-04 | loss=0.582813 | k_vals=[100, 1, 20, 100, 20]
Epoch 005 | Step 9750 | lr=3.272542e-04 | loss=0.631930 | k_vals=[50, 1, 50, 20, 50]
Epoch 005 | Step 9780 | lr=3.272542e-04 | loss=0.627082 | k_vals=[100, 50, 20, 100, 1]
Epoch 005 | Step 9810 | lr=3.272542e-04 | loss=0.566610 | k_vals=[50, 1, 10, 50, 20]
Epoch 005 | Step 9840 | lr=3.272542e-04 | loss=0.718800 | k_vals=[20, 50, 20, 1, 1]
Epoch 005 | Step 9870 | lr=3.272542e-04 | loss=0.703346 | k_vals=[20, 20, 20, 10, 10]
Epoch 005 | Step 9900 | lr=3.272542e-04 | loss=0.630311 | k_vals=[20, 20, 20, 20, 1]
Epoch 005 | Step 9930 | lr=3.272542e-04 | loss=0.748877 | k_vals=[1, 1, 50, 1, 10]
Epoch 005 | Step 9960 | lr=3.272542e-04 | loss=0.696769 | k_vals=[20, 20, 10, 10, 100]
Epoch 005 | Step 9990 | lr=3.272542e-04 | loss=0.729192 | k_vals=[100, 20, 20, 20, 10]
Epoch 005 | Step 10020 | lr=3.272542e-04 | loss=0.737897 | k_vals=[1, 1, 10, 20, 100]
Epoch 005 | Step 10050 | lr=3.272542e-04 | loss=0.738619 | k_vals=[1, 100, 20, 20, 20]
Epoch 005 | Step 10080 | lr=3.272542e-04 | loss=0.659517 | k_vals=[20, 50, 100, 50, 20]
Epoch 005 | Step 10110 | lr=3.272542e-04 | loss=0.702255 | k_vals=[20, 20, 1, 10, 1]
Epoch 005 | Step 10140 | lr=3.272542e-04 | loss=0.714237 | k_vals=[10, 100, 10, 20, 100]
Epoch 005 | Step 10170 | lr=3.272542e-04 | loss=0.646755 | k_vals=[1, 50, 50, 50, 10]
Epoch 005 | Step 10200 | lr=3.272542e-04 | loss=0.678649 | k_vals=[10, 100, 50, 20, 20]
Epoch 005 | Step 10230 | lr=3.272542e-04 | loss=0.660933 | k_vals=[10, 20, 10, 1, 20]
Epoch 005 | Step 10260 | lr=3.272542e-04 | loss=0.660968 | k_vals=[10, 10, 1, 50, 10]
Epoch 005 | Step 10290 | lr=3.272542e-04 | loss=0.735202 | k_vals=[20, 1, 100, 20, 10]
Epoch 005 | Step 10320 | lr=3.272542e-04 | loss=0.941158 | k_vals=[1, 1, 50, 10, 1]
Epoch 005 | Step 10350 | lr=3.272542e-04 | loss=0.730961 | k_vals=[20, 100, 20, 50, 100]
Epoch 005 | Step 10380 | lr=3.272542e-04 | loss=0.647484 | k_vals=[20, 100, 1, 20, 50]
Epoch 005 | Step 10410 | lr=3.272542e-04 | loss=0.689935 | k_vals=[10, 20, 100, 10, 1]
Epoch 005 | Step 10440 | lr=3.272542e-04 | loss=0.793092 | k_vals=[100, 1, 20, 20, 10]
Epoch 005 | Step 10470 | lr=3.272542e-04 | loss=0.671183 | k_vals=[100, 20, 1, 1, 100]
Epoch 005 | Step 10500 | lr=3.272542e-04 | loss=0.815709 | k_vals=[100, 50, 10, 20, 50]
Epoch 005 | Step 10530 | lr=3.272542e-04 | loss=0.675386 | k_vals=[50, 100, 100, 1, 10]
Epoch 005 | Step 10560 | lr=3.272542e-04 | loss=0.717107 | k_vals=[100, 1, 100, 1, 10]
Epoch 005 | Step 10590 | lr=3.272542e-04 | loss=0.846665 | k_vals=[10, 50, 20, 20, 50]
Epoch 005 | Step 10620 | lr=3.272542e-04 | loss=0.638862 | k_vals=[1, 20, 100, 10, 50]
Epoch 005 | Step 10650 | lr=3.272542e-04 | loss=0.744353 | k_vals=[50, 1, 100, 10, 1]
Epoch 005 | Step 10680 | lr=3.272542e-04 | loss=0.641427 | k_vals=[1, 10, 10, 100, 50]
Epoch 005 | Step 10710 | lr=3.272542e-04 | loss=0.625939 | k_vals=[50, 20, 20, 20, 1]
Epoch 005 | Step 10740 | lr=3.272542e-04 | loss=0.767065 | k_vals=[50, 20, 20, 20, 1]
Epoch 005 | Step 10770 | lr=3.272542e-04 | loss=0.644025 | k_vals=[10, 10, 100, 50, 20]
Epoch 005 | Step 10800 | lr=3.272542e-04 | loss=0.799223 | k_vals=[1, 1, 10, 50, 100]
Epoch 005 | Step 10830 | lr=3.272542e-04 | loss=0.697972 | k_vals=[10, 20, 50, 100, 1]
Epoch 005 | Step 10860 | lr=3.272542e-04 | loss=0.785272 | k_vals=[50, 10, 100, 10, 20]
Epoch 005 | Step 10890 | lr=3.272542e-04 | loss=0.639922 | k_vals=[10, 1, 100, 1, 1]
Epoch 005 | Step 10920 | lr=3.272542e-04 | loss=0.730289 | k_vals=[1, 1, 20, 1, 10]
Epoch 005 | Step 10950 | lr=3.272542e-04 | loss=0.721910 | k_vals=[50, 10, 1, 10, 10]
Epoch 005 | Step 10980 | lr=3.272542e-04 | loss=0.689877 | k_vals=[50, 100, 20, 100, 1]
Epoch 005 | Step 11010 | lr=3.272542e-04 | loss=0.674052 | k_vals=[20, 1, 10, 50, 1]
Epoch 005 | Step 11040 | lr=3.272542e-04 | loss=0.652488 | k_vals=[20, 100, 1, 10, 10]
Epoch 005 | Step 11070 | lr=3.272542e-04 | loss=0.696650 | k_vals=[100, 100, 50, 20, 10]
Epoch 005 | Step 11100 | lr=3.272542e-04 | loss=0.531571 | k_vals=[10, 10, 10, 10, 50]
Epoch 005 | Step 11130 | lr=3.272542e-04 | loss=0.553544 | k_vals=[20, 100, 1, 100, 100]
Epoch 005 | Step 11160 | lr=3.272542e-04 | loss=0.493587 | k_vals=[10, 50, 50, 20, 10]
Epoch 005 | Step 11190 | lr=3.272542e-04 | loss=0.596591 | k_vals=[50, 20, 1, 100, 1]
Epoch 005 | Step 11220 | lr=3.272542e-04 | loss=0.626943 | k_vals=[50, 10, 1, 100, 50]
Epoch 005 | Step 11250 | lr=3.272542e-04 | loss=0.617282 | k_vals=[10, 50, 1, 20, 100]
Epoch 005 | Step 11280 | lr=3.272542e-04 | loss=0.622714 | k_vals=[20, 10, 50, 1, 10]
Epoch 005 | Step 11310 | lr=3.272542e-04 | loss=0.774473 | k_vals=[1, 50, 20, 10, 20]
Epoch 005 | Step 11340 | lr=3.272542e-04 | loss=0.667043 | k_vals=[10, 20, 1, 10, 100]
Epoch 005 | Step 11370 | lr=3.272542e-04 | loss=0.822341 | k_vals=[20, 1, 10, 20, 20]
Epoch 005 | Step 11400 | lr=3.272542e-04 | loss=0.658132 | k_vals=[20, 20, 1, 20, 50]
Epoch 005 | Step 11430 | lr=3.272542e-04 | loss=0.657611 | k_vals=[1, 100, 50, 1, 50]
Epoch 005 | Step 11460 | lr=3.272542e-04 | loss=0.874539 | k_vals=[10, 1, 50, 20, 50]
Epoch 005 | Step 11490 | lr=3.272542e-04 | loss=0.747522 | k_vals=[10, 100, 20, 100, 100]
Epoch 005 | Step 11520 | lr=3.272542e-04 | loss=0.611784 | k_vals=[10, 20, 1, 50, 50]
Epoch 005 | Step 11550 | lr=3.272542e-04 | loss=0.753054 | k_vals=[100, 1, 100, 50, 100]
Epoch 005 | Step 11580 | lr=3.272542e-04 | loss=0.645432 | k_vals=[10, 20, 20, 100, 100]
Epoch 005 | Step 11610 | lr=3.272542e-04 | loss=0.707095 | k_vals=[1, 10, 20, 100, 20]
Epoch 005 | Step 11640 | lr=3.272542e-04 | loss=0.760050 | k_vals=[1, 20, 20, 1, 10]
Epoch 005 | Step 11670 | lr=3.272542e-04 | loss=0.839322 | k_vals=[100, 100, 1, 1, 50]
Epoch 005 | Step 11700 | lr=3.272542e-04 | loss=0.706500 | k_vals=[100, 100, 1, 10, 20]
Epoch 005 | Step 11730 | lr=3.272542e-04 | loss=0.778679 | k_vals=[1, 100, 1, 100, 100]
Epoch 005 | Step 11760 | lr=3.272542e-04 | loss=0.647834 | k_vals=[20, 20, 100, 50, 20]
Epoch 005 | Step 11790 | lr=3.272542e-04 | loss=0.742014 | k_vals=[50, 50, 10, 50, 1]
Epoch 005 | Step 11820 | lr=3.272542e-04 | loss=0.658690 | k_vals=[1, 10, 50, 100, 100]
Epoch 005 | Step 11850 | lr=3.272542e-04 | loss=0.694735 | k_vals=[10, 10, 20, 20, 100]
Epoch 005 | Step 11880 | lr=3.272542e-04 | loss=0.796044 | k_vals=[50, 10, 1, 20, 1]
Epoch 005 | Step 11910 | lr=3.272542e-04 | loss=0.760391 | k_vals=[10, 50, 100, 10, 10]
Epoch 005 | Step 11940 | lr=3.272542e-04 | loss=0.529923 | k_vals=[1, 1, 100, 1, 1]
Epoch 005 | Step 11970 | lr=3.272542e-04 | loss=0.600767 | k_vals=[10, 1, 20, 100, 50]
Epoch 005 | Step 12000 | lr=3.272542e-04 | loss=0.719244 | k_vals=[100, 50, 20, 20, 20]
Epoch 005 | Step 12030 | lr=3.272542e-04 | loss=0.635492 | k_vals=[10, 20, 100, 1, 20]
Epoch 005 | Step 12060 | lr=3.272542e-04 | loss=0.784291 | k_vals=[20, 20, 10, 100, 100]
Epoch 005 | Step 12090 | lr=3.272542e-04 | loss=0.779691 | k_vals=[100, 1, 1, 20, 100]
Epoch 005 | Step 12120 | lr=3.272542e-04 | loss=0.634128 | k_vals=[10, 20, 1, 100, 100]
Epoch 005 | Step 12150 | lr=3.272542e-04 | loss=0.687602 | k_vals=[50, 50, 100, 50, 10]
Epoch 005 | Step 12180 | lr=3.272542e-04 | loss=0.629861 | k_vals=[1, 50, 100, 10, 10]
Epoch 005 | Step 12210 | lr=3.272542e-04 | loss=0.811690 | k_vals=[50, 1, 10, 1, 20]
Epoch 005 | Step 12240 | lr=3.272542e-04 | loss=0.667946 | k_vals=[10, 100, 100, 10, 50]
Epoch 005 | Step 12270 | lr=3.272542e-04 | loss=0.685502 | k_vals=[1, 20, 1, 100, 100]
Epoch 005 | Step 12300 | lr=3.272542e-04 | loss=0.614528 | k_vals=[1, 50, 50, 20, 1]
Epoch 005 | Step 12330 | lr=3.272542e-04 | loss=0.722053 | k_vals=[10, 10, 100, 50, 50]
Epoch 005 | Step 12360 | lr=3.272542e-04 | loss=0.622845 | k_vals=[50, 50, 10, 1, 50]
Epoch 005 | Step 12390 | lr=3.272542e-04 | loss=0.653664 | k_vals=[10, 100, 1, 20, 20]
Epoch 005 | Step 12420 | lr=3.272542e-04 | loss=0.785137 | k_vals=[50, 20, 100, 1, 50]
Epoch 005 | Step 12450 | lr=3.272542e-04 | loss=0.649244 | k_vals=[20, 20, 1, 100, 10]
Epoch 005 | Step 12480 | lr=3.272542e-04 | loss=0.839372 | k_vals=[20, 100, 1, 1, 10]
Epoch 005 | Step 12510 | lr=3.272542e-04 | loss=0.693194 | k_vals=[10, 10, 100, 100, 50]
Epoch 005 | Step 12540 | lr=3.272542e-04 | loss=0.779654 | k_vals=[20, 50, 20, 50, 1]
Epoch 005 | Step 12570 | lr=3.272542e-04 | loss=0.739829 | k_vals=[50, 10, 50, 50, 20]
Epoch 005 | Step 12600 | lr=3.272542e-04 | loss=0.809194 | k_vals=[20, 50, 10, 50, 1]
Epoch 005 | Step 12630 | lr=3.272542e-04 | loss=0.844368 | k_vals=[100, 20, 50, 100, 1]
Epoch 005 | Step 12660 | lr=3.272542e-04 | loss=0.785817 | k_vals=[1, 100, 20, 50, 100]
Epoch 005 | Step 12690 | lr=3.272542e-04 | loss=0.870400 | k_vals=[10, 100, 10, 1, 1]
Epoch 005 | Step 12720 | lr=3.272542e-04 | loss=0.717204 | k_vals=[1, 10, 20, 100, 10]
Epoch 005 | Step 12750 | lr=3.272542e-04 | loss=0.790450 | k_vals=[50, 1, 1, 100, 50]
Epoch 005 | Step 12780 | lr=3.272542e-04 | loss=0.648437 | k_vals=[50, 100, 50, 20, 10]
Epoch 005 | Step 12810 | lr=3.272542e-04 | loss=0.796073 | k_vals=[20, 10, 50, 1, 1]
Epoch 005 | Step 12840 | lr=3.272542e-04 | loss=0.665340 | k_vals=[20, 100, 50, 20, 100]
Epoch 005 | Step 12870 | lr=3.272542e-04 | loss=0.659472 | k_vals=[50, 10, 20, 20, 100]
Epoch 005 | Step 12900 | lr=3.272542e-04 | loss=0.576722 | k_vals=[1, 20, 1, 10, 50]
Epoch 005 | Step 12930 | lr=3.272542e-04 | loss=0.735641 | k_vals=[10, 100, 1, 1, 10]
Epoch 005 | Step 12960 | lr=3.272542e-04 | loss=0.734788 | k_vals=[100, 20, 10, 100, 50]
Epoch 005 | Step 12990 | lr=3.272542e-04 | loss=0.707906 | k_vals=[10, 100, 20, 10, 1]
Epoch 005 | Step 13020 | lr=3.272542e-04 | loss=0.691475 | k_vals=[10, 1, 100, 1, 20]
Epoch 005 | Step 13050 | lr=3.272542e-04 | loss=0.696710 | k_vals=[100, 50, 10, 20, 50]
Epoch 005 | Step 13080 | lr=3.272542e-04 | loss=0.634307 | k_vals=[1, 50, 100, 1, 20]
Epoch 005 | Step 13110 | lr=3.272542e-04 | loss=0.739485 | k_vals=[10, 100, 50, 20, 50]
Epoch 005 | Step 13140 | lr=3.272542e-04 | loss=0.642553 | k_vals=[1, 50, 50, 10, 20]
Epoch 005 | Step 13170 | lr=3.272542e-04 | loss=0.545615 | k_vals=[1, 10, 1, 50, 50]
Epoch 005 | Step 13200 | lr=3.272542e-04 | loss=0.716760 | k_vals=[50, 50, 20, 10, 50]
Epoch 005 | Step 13230 | lr=3.272542e-04 | loss=0.724194 | k_vals=[10, 10, 50, 1, 10]
Epoch 005 | Step 13260 | lr=3.272542e-04 | loss=0.641239 | k_vals=[100, 20, 100, 50, 20]
Epoch 005 | Step 13290 | lr=3.272542e-04 | loss=0.686314 | k_vals=[100, 1, 10, 10, 50]
Epoch 005 | Step 13320 | lr=3.272542e-04 | loss=0.681264 | k_vals=[50, 1, 1, 20, 1]
Epoch 005 | Step 13350 | lr=3.272542e-04 | loss=0.752846 | k_vals=[50, 1, 20, 10, 10]
Epoch 005 | Step 13380 | lr=3.272542e-04 | loss=0.678863 | k_vals=[10, 20, 10, 50, 50]
Epoch 005 | Step 13410 | lr=3.272542e-04 | loss=0.736083 | k_vals=[50, 1, 10, 10, 50]
Epoch 005 | Step 13440 | lr=3.272542e-04 | loss=0.688404 | k_vals=[50, 50, 20, 50, 50]
Epoch 005 | Step 13470 | lr=3.272542e-04 | loss=0.819181 | k_vals=[100, 100, 50, 20, 50]
Epoch 005 | Step 13500 | lr=3.272542e-04 | loss=0.685154 | k_vals=[20, 100, 10, 20, 20]
Epoch 005 | Step 13530 | lr=3.272542e-04 | loss=0.654416 | k_vals=[1, 10, 10, 20, 10]
Epoch 005 | Step 13560 | lr=3.272542e-04 | loss=0.588369 | k_vals=[100, 50, 1, 100, 50]
Epoch 005 | Step 13590 | lr=3.272542e-04 | loss=0.874389 | k_vals=[10, 10, 50, 50, 10]
Epoch 005 | Step 13620 | lr=3.272542e-04 | loss=0.660611 | k_vals=[10, 1, 1, 50, 50]
Epoch 005 | Step 13650 | lr=3.272542e-04 | loss=0.711271 | k_vals=[100, 100, 20, 10, 50]
Epoch 005 | Step 13680 | lr=3.272542e-04 | loss=0.631550 | k_vals=[100, 50, 100, 10, 1]
Epoch 005 | Step 13710 | lr=3.272542e-04 | loss=0.708676 | k_vals=[100, 10, 20, 1, 20]
Epoch 005 | Step 13740 | lr=3.272542e-04 | loss=0.689365 | k_vals=[10, 100, 100, 50, 1]
Epoch 005 | Step 13770 | lr=3.272542e-04 | loss=0.657697 | k_vals=[50, 20, 50, 20, 100]
Epoch 005 | Step 13800 | lr=3.272542e-04 | loss=0.582390 | k_vals=[10, 50, 50, 50, 20]
Epoch 005 | Step 13830 | lr=3.272542e-04 | loss=0.717117 | k_vals=[20, 100, 1, 20, 100]
Epoch 005 | Step 13860 | lr=3.272542e-04 | loss=0.608819 | k_vals=[1, 10, 10, 1, 50]
Epoch 005 | Step 13890 | lr=3.272542e-04 | loss=0.789540 | k_vals=[50, 20, 10, 20, 50]
Epoch 005 | Step 13920 | lr=3.272542e-04 | loss=0.687894 | k_vals=[1, 100, 100, 50, 10]
Epoch 005 | Step 13950 | lr=3.272542e-04 | loss=0.802361 | k_vals=[50, 20, 1, 100, 50]
Epoch 005 | Step 13980 | lr=3.272542e-04 | loss=0.821388 | k_vals=[20, 10, 10, 50, 1]
Epoch 005 | Step 14010 | lr=3.272542e-04 | loss=0.734886 | k_vals=[100, 100, 50, 50, 50]
Epoch 005 | Step 14040 | lr=3.272542e-04 | loss=0.802112 | k_vals=[50, 1, 50, 10, 10]
Epoch 005 | Step 14070 | lr=3.272542e-04 | loss=0.714535 | k_vals=[20, 1, 50, 20, 1]
Epoch 005 | Step 14100 | lr=3.272542e-04 | loss=0.634299 | k_vals=[100, 100, 20, 50, 1]
Epoch 005 | Step 14130 | lr=3.272542e-04 | loss=0.836879 | k_vals=[10, 100, 20, 10, 1]
Epoch 005 | Step 14160 | lr=3.272542e-04 | loss=0.735624 | k_vals=[20, 10, 10, 1, 20]
Epoch 005 | Step 14190 | lr=3.272542e-04 | loss=0.719252 | k_vals=[10, 10, 20, 1, 20]
Epoch 005 | Step 14220 | lr=3.272542e-04 | loss=0.668558 | k_vals=[1, 1, 20, 10, 100]
Epoch 005 | Step 14250 | lr=3.272542e-04 | loss=0.785745 | k_vals=[1, 20, 20, 20, 50]
Epoch 005 | Step 14280 | lr=3.272542e-04 | loss=0.671861 | k_vals=[100, 50, 100, 50, 10]
Epoch 005 | Step 14310 | lr=3.272542e-04 | loss=0.644850 | k_vals=[20, 100, 10, 100, 50]
Epoch 005 | Step 14340 | lr=3.272542e-04 | loss=0.758756 | k_vals=[50, 10, 20, 1, 1]
Epoch 005 | Step 14370 | lr=3.272542e-04 | loss=0.772025 | k_vals=[1, 20, 100, 10, 10]
Epoch 005 | Step 14400 | lr=3.272542e-04 | loss=0.610349 | k_vals=[1, 50, 10, 10, 100]
Epoch 005 | Step 14430 | lr=3.272542e-04 | loss=0.731374 | k_vals=[1, 1, 50, 10, 10]
Epoch 005 | Step 14460 | lr=3.272542e-04 | loss=0.835441 | k_vals=[50, 1, 50, 10, 10]
Epoch 005 | Step 14490 | lr=3.272542e-04 | loss=0.665339 | k_vals=[10, 100, 1, 100, 50]
Epoch 005 | Step 14520 | lr=3.272542e-04 | loss=0.657627 | k_vals=[100, 100, 100, 100, 1]
Epoch 005 | Step 14550 | lr=3.272542e-04 | loss=0.746460 | k_vals=[10, 1, 50, 50, 1]
Epoch 005 | Step 14580 | lr=3.272542e-04 | loss=0.605996 | k_vals=[10, 10, 50, 50, 20]
Epoch 005 | Step 14610 | lr=3.272542e-04 | loss=0.746118 | k_vals=[10, 20, 100, 100, 1]
Epoch 005 | Step 14640 | lr=3.272542e-04 | loss=0.664371 | k_vals=[50, 100, 10, 100, 100]
Epoch 005 | Step 14670 | lr=3.272542e-04 | loss=0.798595 | k_vals=[20, 20, 10, 20, 10]
Epoch 005 | Step 14700 | lr=3.272542e-04 | loss=0.479598 | k_vals=[20, 20, 100, 50, 50]
Epoch 005 | Step 14730 | lr=3.272542e-04 | loss=0.687938 | k_vals=[10, 10, 50, 1, 100]
Epoch 005 | Step 14760 | lr=3.272542e-04 | loss=0.712396 | k_vals=[1, 10, 10, 10, 10]
Epoch 005 | Step 14790 | lr=3.272542e-04 | loss=0.614821 | k_vals=[100, 50, 10, 20, 100]
Epoch 005 | Step 14820 | lr=3.272542e-04 | loss=0.621227 | k_vals=[1, 1, 20, 10, 10]
Epoch 005 | Step 14850 | lr=3.272542e-04 | loss=0.742106 | k_vals=[1, 10, 100, 100, 1]
Epoch 005 | Step 14880 | lr=3.272542e-04 | loss=0.668121 | k_vals=[50, 50, 100, 100, 10]
Epoch 005 | Step 14910 | lr=3.272542e-04 | loss=0.736973 | k_vals=[50, 1, 100, 20, 10]
Epoch 005 | Step 14940 | lr=3.272542e-04 | loss=0.681566 | k_vals=[20, 50, 100, 50, 10]
Epoch 005 | Step 14970 | lr=3.272542e-04 | loss=0.578072 | k_vals=[20, 50, 10, 20, 50]
Epoch 005 | Step 15000 | lr=3.272542e-04 | loss=0.782535 | k_vals=[10, 20, 1, 1, 20]
Epoch 005 | Step 15030 | lr=3.272542e-04 | loss=0.641005 | k_vals=[100, 1, 20, 50, 20]
Epoch 005 | Step 15060 | lr=3.272542e-04 | loss=0.684750 | k_vals=[100, 20, 100, 1, 50]
Epoch 005 | Step 15090 | lr=3.272542e-04 | loss=0.720415 | k_vals=[50, 50, 20, 20, 20]
Epoch 005 | Step 15120 | lr=3.272542e-04 | loss=0.639259 | k_vals=[10, 10, 1, 10, 10]
Epoch 005 | Step 15150 | lr=3.272542e-04 | loss=0.619811 | k_vals=[1, 50, 50, 50, 100]
Epoch 005 | Step 15180 | lr=3.272542e-04 | loss=0.667011 | k_vals=[20, 50, 20, 100, 1]
Epoch 005 | Step 15210 | lr=3.272542e-04 | loss=0.740020 | k_vals=[10, 50, 1, 100, 1]
Epoch 005 | Step 15240 | lr=3.272542e-04 | loss=0.502699 | k_vals=[50, 50, 10, 100, 10]
Epoch 005 | Step 15270 | lr=3.272542e-04 | loss=0.746645 | k_vals=[1, 1, 100, 20, 10]
Epoch 005 | Step 15300 | lr=3.272542e-04 | loss=0.625182 | k_vals=[20, 1, 50, 1, 20]
Epoch 005 | Step 15330 | lr=3.272542e-04 | loss=0.761090 | k_vals=[50, 100, 20, 20, 10]
Epoch 005 | Step 15360 | lr=3.272542e-04 | loss=0.758055 | k_vals=[10, 10, 1, 1, 100]
Epoch 005 | Step 15390 | lr=3.272542e-04 | loss=0.924945 | k_vals=[20, 20, 1, 10, 20]
Epoch 005 | Step 15420 | lr=3.272542e-04 | loss=0.756815 | k_vals=[50, 50, 50, 100, 20]
Epoch 005 | Step 15450 | lr=3.272542e-04 | loss=0.693261 | k_vals=[1, 10, 100, 50, 100]
Epoch 005 | Step 15480 | lr=3.272542e-04 | loss=0.607733 | k_vals=[1, 10, 50, 50, 20]
Epoch 005 | Step 15510 | lr=3.272542e-04 | loss=0.634310 | k_vals=[1, 50, 50, 50, 10]
Epoch 005 | Step 15540 | lr=3.272542e-04 | loss=0.594312 | k_vals=[10, 10, 100, 100, 1]
Epoch 005 | Step 15570 | lr=3.272542e-04 | loss=0.585922 | k_vals=[20, 50, 10, 10, 10]
Epoch 005 | Step 15600 | lr=3.272542e-04 | loss=0.648157 | k_vals=[10, 20, 20, 50, 20]
Epoch 005 | Step 15630 | lr=3.272542e-04 | loss=0.675146 | k_vals=[100, 1, 1, 1, 20]
Epoch 005 | Step 15660 | lr=3.272542e-04 | loss=0.746859 | k_vals=[50, 1, 1, 1, 10]
Epoch 005 | Step 15690 | lr=3.272542e-04 | loss=0.585375 | k_vals=[100, 20, 10, 10, 10]
Epoch 005 | Step 15720 | lr=3.272542e-04 | loss=0.623873 | k_vals=[50, 100, 100, 50, 50]
Epoch 005 | Step 15750 | lr=3.272542e-04 | loss=0.714420 | k_vals=[50, 1, 1, 100, 1]
Epoch 005 | Step 15780 | lr=3.272542e-04 | loss=0.601797 | k_vals=[20, 20, 10, 10, 50]
Epoch 005 | Step 15810 | lr=3.272542e-04 | loss=0.801011 | k_vals=[20, 20, 10, 10, 20]
Epoch 005 | Step 15840 | lr=3.272542e-04 | loss=0.738711 | k_vals=[50, 50, 100, 50, 20]
Epoch 005 | Step 15870 | lr=3.272542e-04 | loss=0.683619 | k_vals=[50, 50, 1, 50, 10]
Epoch 005 | Step 15900 | lr=3.272542e-04 | loss=0.563001 | k_vals=[1, 10, 100, 10, 10]
Epoch 005 | Step 15930 | lr=3.272542e-04 | loss=0.722526 | k_vals=[10, 50, 100, 50, 20]
Epoch 005 | Step 15960 | lr=3.272542e-04 | loss=0.593945 | k_vals=[50, 100, 10, 50, 10]
Epoch 005 | Step 15990 | lr=3.272542e-04 | loss=0.602237 | k_vals=[20, 100, 100, 1, 20]
Epoch 005 | Step 16020 | lr=3.272542e-04 | loss=0.613512 | k_vals=[100, 50, 100, 20, 10]
Epoch 005 | Step 16050 | lr=3.272542e-04 | loss=0.887044 | k_vals=[10, 100, 50, 10, 20]
Epoch 005 | Step 16080 | lr=3.272542e-04 | loss=0.628450 | k_vals=[1, 10, 1, 1, 50]
Epoch 005 | Step 16110 | lr=3.272542e-04 | loss=0.772965 | k_vals=[1, 20, 10, 100, 10]
Epoch 005 | Step 16140 | lr=3.272542e-04 | loss=0.749344 | k_vals=[50, 100, 10, 1, 1]
Epoch 005 | Step 16170 | lr=3.272542e-04 | loss=0.824528 | k_vals=[50, 10, 10, 20, 20]
Epoch 005 | Step 16200 | lr=3.272542e-04 | loss=0.582742 | k_vals=[1, 10, 10, 10, 100]
Epoch 005 | Step 16230 | lr=3.272542e-04 | loss=0.623456 | k_vals=[10, 1, 100, 1, 10]
Epoch 005 | Step 16260 | lr=3.272542e-04 | loss=0.750523 | k_vals=[100, 100, 10, 20, 50]
Epoch 005 | Step 16290 | lr=3.272542e-04 | loss=0.569290 | k_vals=[100, 100, 50, 50, 20]
Epoch 005 | Step 16320 | lr=3.272542e-04 | loss=0.789411 | k_vals=[100, 20, 20, 1, 10]
Epoch 005 | Step 16350 | lr=3.272542e-04 | loss=0.609000 | k_vals=[100, 10, 100, 50, 20]
Epoch 005 | Step 16380 | lr=3.272542e-04 | loss=0.605833 | k_vals=[100, 50, 100, 10, 10]
Epoch 005 | Step 16410 | lr=3.272542e-04 | loss=0.638756 | k_vals=[100, 50, 10, 10, 100]
Epoch 005 | Step 16440 | lr=3.272542e-04 | loss=0.750434 | k_vals=[100, 10, 50, 1, 1]
Epoch 005 | Step 16470 | lr=3.272542e-04 | loss=0.653417 | k_vals=[50, 50, 20, 20, 100]
Epoch 005 | Step 16500 | lr=3.272542e-04 | loss=0.621090 | k_vals=[100, 100, 1, 50, 50]
Epoch 005 | Step 16530 | lr=3.272542e-04 | loss=0.541312 | k_vals=[100, 20, 50, 50, 20]
Epoch 005 | Step 16560 | lr=3.272542e-04 | loss=0.768453 | k_vals=[100, 10, 1, 50, 100]
Epoch 005 | Step 16590 | lr=3.272542e-04 | loss=0.748518 | k_vals=[50, 50, 20, 20, 20]
Epoch 005 | Step 16620 | lr=3.272542e-04 | loss=0.780624 | k_vals=[20, 20, 10, 100, 20]
Epoch 005 | Step 16650 | lr=3.272542e-04 | loss=0.804259 | k_vals=[50, 20, 20, 100, 50]
Epoch 005 | Step 16680 | lr=3.272542e-04 | loss=0.728380 | k_vals=[100, 50, 50, 100, 50]
Epoch 005 | Step 16710 | lr=3.272542e-04 | loss=0.790566 | k_vals=[10, 10, 10, 10, 100]
Epoch 005 | Step 16740 | lr=3.272542e-04 | loss=0.654420 | k_vals=[50, 20, 10, 20, 50]
Epoch 005 | Step 16770 | lr=3.272542e-04 | loss=0.599044 | k_vals=[50, 20, 100, 10, 1]
Epoch 005 | Step 16800 | lr=3.272542e-04 | loss=0.643825 | k_vals=[1, 100, 20, 20, 50]
Epoch 005 | Step 16830 | lr=3.272542e-04 | loss=0.680838 | k_vals=[100, 100, 50, 10, 20]
Epoch 005 | Step 16860 | lr=3.272542e-04 | loss=0.661715 | k_vals=[50, 100, 20, 50, 20]
Epoch 005 | Step 16890 | lr=3.272542e-04 | loss=0.766890 | k_vals=[1, 10, 20, 50, 10]
Epoch 005 | Step 16920 | lr=3.272542e-04 | loss=0.574989 | k_vals=[100, 20, 50, 10, 10]
Epoch 005 | Step 16950 | lr=3.272542e-04 | loss=0.654063 | k_vals=[50, 100, 50, 1, 100]
Epoch 005 | Step 16980 | lr=3.272542e-04 | loss=0.699172 | k_vals=[10, 10, 1, 10, 100]
Epoch 005 | Step 17010 | lr=3.272542e-04 | loss=0.664378 | k_vals=[20, 50, 1, 1, 100]
Epoch 005 | Step 17040 | lr=3.272542e-04 | loss=0.838211 | k_vals=[1, 20, 100, 1, 100]
Epoch 005 | Step 17070 | lr=3.272542e-04 | loss=0.594280 | k_vals=[20, 100, 50, 50, 100]
Epoch 005 | Step 17100 | lr=3.272542e-04 | loss=0.822794 | k_vals=[1, 50, 50, 100, 100]
Epoch 005 | Step 17130 | lr=3.272542e-04 | loss=0.720552 | k_vals=[100, 1, 1, 50, 20]
Epoch 005 | Step 17160 | lr=3.272542e-04 | loss=0.627950 | k_vals=[20, 1, 1, 100, 1]
Epoch 005 | Step 17190 | lr=3.272542e-04 | loss=0.656566 | k_vals=[50, 10, 20, 50, 1]
Epoch 005 | Step 17220 | lr=3.272542e-04 | loss=0.738633 | k_vals=[1, 1, 100, 10, 100]
Epoch 005 | Step 17250 | lr=3.272542e-04 | loss=0.682824 | k_vals=[50, 20, 100, 10, 10]
Epoch 005 | Step 17280 | lr=3.272542e-04 | loss=0.707711 | k_vals=[100, 10, 10, 1, 10]
Epoch 005 | Step 17310 | lr=3.272542e-04 | loss=0.690612 | k_vals=[100, 50, 100, 50, 10]
Epoch 005 | Step 17340 | lr=3.272542e-04 | loss=0.708632 | k_vals=[10, 10, 20, 1, 100]
Epoch 005 | Step 17370 | lr=3.272542e-04 | loss=0.717137 | k_vals=[10, 20, 1, 100, 10]
Epoch 005 | Step 17400 | lr=3.272542e-04 | loss=0.651938 | k_vals=[20, 20, 1, 20, 50]
Epoch 005 | Step 17430 | lr=3.272542e-04 | loss=0.677812 | k_vals=[50, 100, 1, 20, 1]
Epoch 005 | Step 17460 | lr=3.272542e-04 | loss=0.759812 | k_vals=[100, 1, 1, 1, 1]
Epoch 005 | Step 17490 | lr=3.272542e-04 | loss=0.593637 | k_vals=[1, 1, 20, 10, 10]
Epoch 005 | Step 17520 | lr=3.272542e-04 | loss=0.720912 | k_vals=[100, 20, 50, 100, 10]
Epoch 005 | Step 17550 | lr=3.272542e-04 | loss=0.570306 | k_vals=[50, 50, 50, 100, 1]
[Epoch 5] K-value distribution: K=1:450138(20.0%) | K=10:450114(20.0%) | K=20:449711(20.0%) | K=50:450051(20.0%) | K=100:449986(20.0%)
epoch 005 | train_kld=0.683647 | val_kld=0.684856 | val_mae=0.006188 | val_mse=0.001592 | ord_acc@10=0.1794 | recall@10=0.5900
Epoch 006 | Step 30 | lr=2.500000e-04 | loss=0.695356 | k_vals=[20, 1, 50, 50, 50]
Epoch 006 | Step 60 | lr=2.500000e-04 | loss=0.674092 | k_vals=[1, 1, 50, 100, 20]
Epoch 006 | Step 90 | lr=2.500000e-04 | loss=0.603322 | k_vals=[20, 1, 10, 20, 20]
Epoch 006 | Step 120 | lr=2.500000e-04 | loss=0.743870 | k_vals=[20, 10, 50, 100, 50]
Epoch 006 | Step 150 | lr=2.500000e-04 | loss=0.742033 | k_vals=[1, 100, 100, 10, 10]
Epoch 006 | Step 180 | lr=2.500000e-04 | loss=0.564041 | k_vals=[10, 20, 50, 50, 20]
Epoch 006 | Step 210 | lr=2.500000e-04 | loss=0.725222 | k_vals=[1, 100, 100, 20, 1]
Epoch 006 | Step 240 | lr=2.500000e-04 | loss=0.671027 | k_vals=[10, 10, 1, 50, 100]
Epoch 006 | Step 270 | lr=2.500000e-04 | loss=0.693106 | k_vals=[1, 10, 20, 1, 20]
Epoch 006 | Step 300 | lr=2.500000e-04 | loss=0.816359 | k_vals=[20, 20, 50, 100, 100]
Epoch 006 | Step 330 | lr=2.500000e-04 | loss=0.632324 | k_vals=[1, 1, 20, 50, 100]
Epoch 006 | Step 360 | lr=2.500000e-04 | loss=0.661531 | k_vals=[20, 20, 100, 100, 1]
Epoch 006 | Step 390 | lr=2.500000e-04 | loss=0.653916 | k_vals=[1, 50, 10, 10, 100]
Epoch 006 | Step 420 | lr=2.500000e-04 | loss=0.628525 | k_vals=[20, 1, 10, 20, 20]
Epoch 006 | Step 450 | lr=2.500000e-04 | loss=0.671552 | k_vals=[20, 100, 100, 1, 50]
Epoch 006 | Step 480 | lr=2.500000e-04 | loss=0.652147 | k_vals=[20, 1, 20, 10, 20]
Epoch 006 | Step 510 | lr=2.500000e-04 | loss=0.594686 | k_vals=[50, 20, 50, 100, 100]
Epoch 006 | Step 540 | lr=2.500000e-04 | loss=0.739829 | k_vals=[1, 50, 50, 1, 20]
Epoch 006 | Step 570 | lr=2.500000e-04 | loss=0.680586 | k_vals=[100, 100, 50, 1, 20]
Epoch 006 | Step 600 | lr=2.500000e-04 | loss=0.706752 | k_vals=[100, 20, 100, 10, 100]
Epoch 006 | Step 630 | lr=2.500000e-04 | loss=0.866442 | k_vals=[10, 50, 10, 100, 10]
Epoch 006 | Step 660 | lr=2.500000e-04 | loss=0.671634 | k_vals=[20, 1, 50, 50, 50]
Epoch 006 | Step 690 | lr=2.500000e-04 | loss=0.639587 | k_vals=[100, 100, 50, 10, 50]
Epoch 006 | Step 720 | lr=2.500000e-04 | loss=0.627482 | k_vals=[100, 50, 20, 10, 20]
Epoch 006 | Step 750 | lr=2.500000e-04 | loss=0.761803 | k_vals=[20, 20, 50, 1, 50]
Epoch 006 | Step 780 | lr=2.500000e-04 | loss=0.659461 | k_vals=[1, 1, 100, 100, 10]
Epoch 006 | Step 810 | lr=2.500000e-04 | loss=0.646630 | k_vals=[1, 10, 50, 10, 10]
Epoch 006 | Step 840 | lr=2.500000e-04 | loss=0.637440 | k_vals=[50, 100, 50, 10, 20]
Epoch 006 | Step 870 | lr=2.500000e-04 | loss=0.703188 | k_vals=[10, 20, 10, 10, 20]
Epoch 006 | Step 900 | lr=2.500000e-04 | loss=0.814316 | k_vals=[20, 100, 20, 10, 20]
Epoch 006 | Step 930 | lr=2.500000e-04 | loss=0.823409 | k_vals=[1, 1, 10, 20, 20]
Epoch 006 | Step 960 | lr=2.500000e-04 | loss=0.766596 | k_vals=[100, 20, 10, 10, 100]
Epoch 006 | Step 990 | lr=2.500000e-04 | loss=0.706226 | k_vals=[10, 1, 20, 50, 10]
Epoch 006 | Step 1020 | lr=2.500000e-04 | loss=0.715782 | k_vals=[10, 10, 20, 100, 20]
Epoch 006 | Step 1050 | lr=2.500000e-04 | loss=0.765700 | k_vals=[10, 100, 20, 10, 10]
Epoch 006 | Step 1080 | lr=2.500000e-04 | loss=0.711265 | k_vals=[1, 50, 20, 100, 10]
Epoch 006 | Step 1110 | lr=2.500000e-04 | loss=0.690377 | k_vals=[100, 100, 1, 50, 1]
Epoch 006 | Step 1140 | lr=2.500000e-04 | loss=0.569491 | k_vals=[100, 20, 20, 50, 50]
Epoch 006 | Step 1170 | lr=2.500000e-04 | loss=0.553673 | k_vals=[20, 10, 50, 100, 1]
Epoch 006 | Step 1200 | lr=2.500000e-04 | loss=0.689726 | k_vals=[50, 1, 1, 10, 20]
Epoch 006 | Step 1230 | lr=2.500000e-04 | loss=0.742373 | k_vals=[20, 50, 20, 1, 1]
Epoch 006 | Step 1260 | lr=2.500000e-04 | loss=0.592265 | k_vals=[50, 100, 100, 10, 1]
Epoch 006 | Step 1290 | lr=2.500000e-04 | loss=0.833086 | k_vals=[20, 10, 100, 20, 20]
Epoch 006 | Step 1320 | lr=2.500000e-04 | loss=0.654977 | k_vals=[10, 20, 20, 20, 50]
Epoch 006 | Step 1350 | lr=2.500000e-04 | loss=0.633559 | k_vals=[50, 20, 20, 50, 1]
Epoch 006 | Step 1380 | lr=2.500000e-04 | loss=0.676440 | k_vals=[50, 50, 10, 10, 100]
Epoch 006 | Step 1410 | lr=2.500000e-04 | loss=0.863636 | k_vals=[10, 20, 20, 20, 10]
Epoch 006 | Step 1440 | lr=2.500000e-04 | loss=0.668060 | k_vals=[1, 20, 1, 10, 100]
Epoch 006 | Step 1470 | lr=2.500000e-04 | loss=0.613565 | k_vals=[50, 50, 10, 50, 50]
Epoch 006 | Step 1500 | lr=2.500000e-04 | loss=0.728634 | k_vals=[100, 10, 20, 10, 20]
Epoch 006 | Step 1530 | lr=2.500000e-04 | loss=0.691309 | k_vals=[20, 50, 1, 10, 20]
Epoch 006 | Step 1560 | lr=2.500000e-04 | loss=0.756894 | k_vals=[10, 1, 10, 10, 10]
Epoch 006 | Step 1590 | lr=2.500000e-04 | loss=0.770987 | k_vals=[10, 10, 20, 50, 100]
Epoch 006 | Step 1620 | lr=2.500000e-04 | loss=0.642984 | k_vals=[50, 10, 1, 1, 100]
Epoch 006 | Step 1650 | lr=2.500000e-04 | loss=0.732474 | k_vals=[20, 100, 1, 100, 10]
Epoch 006 | Step 1680 | lr=2.500000e-04 | loss=0.724802 | k_vals=[20, 50, 10, 1, 1]
Epoch 006 | Step 1710 | lr=2.500000e-04 | loss=0.754100 | k_vals=[10, 20, 50, 10, 1]
Epoch 006 | Step 1740 | lr=2.500000e-04 | loss=0.690900 | k_vals=[1, 20, 50, 10, 50]
Epoch 006 | Step 1770 | lr=2.500000e-04 | loss=0.714363 | k_vals=[50, 100, 1, 100, 50]
Epoch 006 | Step 1800 | lr=2.500000e-04 | loss=0.587635 | k_vals=[100, 20, 1, 50, 100]
Epoch 006 | Step 1830 | lr=2.500000e-04 | loss=0.665198 | k_vals=[1, 50, 10, 100, 10]
Epoch 006 | Step 1860 | lr=2.500000e-04 | loss=0.672833 | k_vals=[50, 50, 10, 1, 50]
Epoch 006 | Step 1890 | lr=2.500000e-04 | loss=0.656507 | k_vals=[100, 50, 10, 50, 100]
Epoch 006 | Step 1920 | lr=2.500000e-04 | loss=0.802686 | k_vals=[100, 1, 1, 100, 50]
Epoch 006 | Step 1950 | lr=2.500000e-04 | loss=0.547807 | k_vals=[100, 50, 100, 10, 50]
Epoch 006 | Step 1980 | lr=2.500000e-04 | loss=0.847549 | k_vals=[20, 20, 1, 1, 20]
Epoch 006 | Step 2010 | lr=2.500000e-04 | loss=0.630649 | k_vals=[100, 20, 20, 10, 1]
Epoch 006 | Step 2040 | lr=2.500000e-04 | loss=0.532419 | k_vals=[20, 10, 1, 20, 1]
Epoch 006 | Step 2070 | lr=2.500000e-04 | loss=0.753878 | k_vals=[20, 100, 100, 20, 50]
Epoch 006 | Step 2100 | lr=2.500000e-04 | loss=0.606617 | k_vals=[50, 20, 10, 50, 100]
Epoch 006 | Step 2130 | lr=2.500000e-04 | loss=0.711215 | k_vals=[10, 1, 10, 20, 10]
Epoch 006 | Step 2160 | lr=2.500000e-04 | loss=0.656326 | k_vals=[50, 100, 1, 100, 10]
Epoch 006 | Step 2190 | lr=2.500000e-04 | loss=0.705721 | k_vals=[20, 10, 20, 100, 100]
Epoch 006 | Step 2220 | lr=2.500000e-04 | loss=0.724240 | k_vals=[1, 10, 50, 100, 100]
Epoch 006 | Step 2250 | lr=2.500000e-04 | loss=0.650476 | k_vals=[50, 20, 50, 1, 100]
Epoch 006 | Step 2280 | lr=2.500000e-04 | loss=0.652513 | k_vals=[1, 20, 20, 20, 1]
Epoch 006 | Step 2310 | lr=2.500000e-04 | loss=0.599587 | k_vals=[50, 50, 20, 100, 100]
Epoch 006 | Step 2340 | lr=2.500000e-04 | loss=0.728146 | k_vals=[50, 50, 20, 10, 100]
Epoch 006 | Step 2370 | lr=2.500000e-04 | loss=0.675977 | k_vals=[1, 10, 100, 1, 100]
Epoch 006 | Step 2400 | lr=2.500000e-04 | loss=0.711658 | k_vals=[1, 10, 10, 50, 50]
Epoch 006 | Step 2430 | lr=2.500000e-04 | loss=0.611391 | k_vals=[20, 100, 100, 100, 100]
Epoch 006 | Step 2460 | lr=2.500000e-04 | loss=0.710799 | k_vals=[50, 1, 50, 1, 20]
Epoch 006 | Step 2490 | lr=2.500000e-04 | loss=0.577004 | k_vals=[10, 1, 20, 1, 20]
Epoch 006 | Step 2520 | lr=2.500000e-04 | loss=0.713097 | k_vals=[20, 10, 10, 10, 50]
Epoch 006 | Step 2550 | lr=2.500000e-04 | loss=0.487979 | k_vals=[20, 100, 50, 1, 20]
Epoch 006 | Step 2580 | lr=2.500000e-04 | loss=0.719139 | k_vals=[20, 100, 1, 20, 1]
Epoch 006 | Step 2610 | lr=2.500000e-04 | loss=0.584850 | k_vals=[1, 20, 50, 100, 100]
Epoch 006 | Step 2640 | lr=2.500000e-04 | loss=0.589089 | k_vals=[20, 50, 50, 10, 1]
Epoch 006 | Step 2670 | lr=2.500000e-04 | loss=0.683693 | k_vals=[100, 10, 50, 50, 100]
Epoch 006 | Step 2700 | lr=2.500000e-04 | loss=0.712199 | k_vals=[100, 1, 20, 100, 50]
Epoch 006 | Step 2730 | lr=2.500000e-04 | loss=0.646124 | k_vals=[50, 50, 100, 1, 100]
Epoch 006 | Step 2760 | lr=2.500000e-04 | loss=0.815705 | k_vals=[20, 20, 1, 10, 100]
Epoch 006 | Step 2790 | lr=2.500000e-04 | loss=0.685973 | k_vals=[100, 1, 10, 1, 1]
Epoch 006 | Step 2820 | lr=2.500000e-04 | loss=0.707365 | k_vals=[20, 100, 10, 10, 100]
Epoch 006 | Step 2850 | lr=2.500000e-04 | loss=0.653489 | k_vals=[50, 20, 1, 100, 10]
Epoch 006 | Step 2880 | lr=2.500000e-04 | loss=0.873718 | k_vals=[10, 50, 50, 1, 50]
Epoch 006 | Step 2910 | lr=2.500000e-04 | loss=0.612813 | k_vals=[1, 100, 50, 1, 1]
Epoch 006 | Step 2940 | lr=2.500000e-04 | loss=0.765673 | k_vals=[20, 1, 1, 100, 20]
Epoch 006 | Step 2970 | lr=2.500000e-04 | loss=0.668350 | k_vals=[10, 10, 1, 10, 100]
Epoch 006 | Step 3000 | lr=2.500000e-04 | loss=0.783746 | k_vals=[1, 1, 1, 1, 1]
Epoch 006 | Step 3030 | lr=2.500000e-04 | loss=0.683693 | k_vals=[1, 20, 50, 50, 1]
Epoch 006 | Step 3060 | lr=2.500000e-04 | loss=0.664799 | k_vals=[20, 20, 1, 1, 1]
Epoch 006 | Step 3090 | lr=2.500000e-04 | loss=0.768089 | k_vals=[100, 1, 100, 20, 1]
Epoch 006 | Step 3120 | lr=2.500000e-04 | loss=0.637287 | k_vals=[20, 10, 100, 100, 100]
Epoch 006 | Step 3150 | lr=2.500000e-04 | loss=0.555478 | k_vals=[50, 100, 20, 50, 20]
Epoch 006 | Step 3180 | lr=2.500000e-04 | loss=0.748185 | k_vals=[50, 100, 50, 10, 10]
Epoch 006 | Step 3210 | lr=2.500000e-04 | loss=0.559063 | k_vals=[20, 10, 20, 100, 20]
Epoch 006 | Step 3240 | lr=2.500000e-04 | loss=0.641249 | k_vals=[50, 20, 50, 50, 20]
Epoch 006 | Step 3270 | lr=2.500000e-04 | loss=0.579662 | k_vals=[100, 100, 10, 10, 100]
Epoch 006 | Step 3300 | lr=2.500000e-04 | loss=0.617311 | k_vals=[10, 10, 10, 10, 100]
Epoch 006 | Step 3330 | lr=2.500000e-04 | loss=0.733198 | k_vals=[10, 10, 20, 1, 1]
Epoch 006 | Step 3360 | lr=2.500000e-04 | loss=0.613852 | k_vals=[1, 50, 50, 20, 10]
Epoch 006 | Step 3390 | lr=2.500000e-04 | loss=0.657019 | k_vals=[50, 1, 10, 1, 50]
Epoch 006 | Step 3420 | lr=2.500000e-04 | loss=0.640509 | k_vals=[10, 50, 50, 1, 100]
Epoch 006 | Step 3450 | lr=2.500000e-04 | loss=0.685563 | k_vals=[100, 10, 1, 50, 100]
Epoch 006 | Step 3480 | lr=2.500000e-04 | loss=0.653116 | k_vals=[10, 10, 1, 100, 20]
Epoch 006 | Step 3510 | lr=2.500000e-04 | loss=0.719012 | k_vals=[20, 100, 100, 10, 50]
Epoch 006 | Step 3540 | lr=2.500000e-04 | loss=0.616334 | k_vals=[10, 1, 10, 20, 10]
Epoch 006 | Step 3570 | lr=2.500000e-04 | loss=0.663453 | k_vals=[10, 1, 1, 1, 20]
Epoch 006 | Step 3600 | lr=2.500000e-04 | loss=0.635222 | k_vals=[10, 100, 10, 50, 20]
Epoch 006 | Step 3630 | lr=2.500000e-04 | loss=0.713857 | k_vals=[100, 50, 20, 1, 50]
Epoch 006 | Step 3660 | lr=2.500000e-04 | loss=0.737949 | k_vals=[10, 10, 100, 50, 50]
Epoch 006 | Step 3690 | lr=2.500000e-04 | loss=0.683812 | k_vals=[100, 1, 100, 10, 100]
Epoch 006 | Step 3720 | lr=2.500000e-04 | loss=0.761679 | k_vals=[10, 20, 100, 10, 50]
Epoch 006 | Step 3750 | lr=2.500000e-04 | loss=0.599541 | k_vals=[10, 20, 100, 1, 50]
Epoch 006 | Step 3780 | lr=2.500000e-04 | loss=0.498987 | k_vals=[100, 20, 50, 100, 50]
Epoch 006 | Step 3810 | lr=2.500000e-04 | loss=0.513354 | k_vals=[20, 100, 1, 50, 50]
Epoch 006 | Step 3840 | lr=2.500000e-04 | loss=0.544944 | k_vals=[10, 10, 50, 50, 50]
Epoch 006 | Step 3870 | lr=2.500000e-04 | loss=0.645563 | k_vals=[100, 1, 20, 1, 100]
Epoch 006 | Step 3900 | lr=2.500000e-04 | loss=0.607310 | k_vals=[1, 20, 100, 1, 50]
Epoch 006 | Step 3930 | lr=2.500000e-04 | loss=0.718091 | k_vals=[20, 50, 1, 100, 50]
Epoch 006 | Step 3960 | lr=2.500000e-04 | loss=0.572688 | k_vals=[10, 10, 1, 10, 50]
Epoch 006 | Step 3990 | lr=2.500000e-04 | loss=0.739632 | k_vals=[20, 100, 100, 1, 20]
Epoch 006 | Step 4020 | lr=2.500000e-04 | loss=0.641999 | k_vals=[50, 50, 10, 10, 20]
Epoch 006 | Step 4050 | lr=2.500000e-04 | loss=0.632182 | k_vals=[20, 50, 20, 20, 1]
Epoch 006 | Step 4080 | lr=2.500000e-04 | loss=0.695910 | k_vals=[1, 1, 20, 100, 100]
Epoch 006 | Step 4110 | lr=2.500000e-04 | loss=0.706181 | k_vals=[100, 1, 100, 20, 20]
Epoch 006 | Step 4140 | lr=2.500000e-04 | loss=0.689317 | k_vals=[100, 10, 50, 50, 100]
Epoch 006 | Step 4170 | lr=2.500000e-04 | loss=0.726842 | k_vals=[50, 10, 20, 20, 50]
Epoch 006 | Step 4200 | lr=2.500000e-04 | loss=0.612282 | k_vals=[50, 50, 1, 50, 20]
Epoch 006 | Step 4230 | lr=2.500000e-04 | loss=0.624637 | k_vals=[50, 100, 100, 1, 50]
Epoch 006 | Step 4260 | lr=2.500000e-04 | loss=0.678600 | k_vals=[10, 1, 1, 50, 1]
Epoch 006 | Step 4290 | lr=2.500000e-04 | loss=0.727958 | k_vals=[100, 1, 1, 10, 50]
Epoch 006 | Step 4320 | lr=2.500000e-04 | loss=0.706878 | k_vals=[1, 50, 10, 20, 1]
Epoch 006 | Step 4350 | lr=2.500000e-04 | loss=0.676707 | k_vals=[50, 20, 20, 100, 20]
Epoch 006 | Step 4380 | lr=2.500000e-04 | loss=0.684700 | k_vals=[10, 20, 1, 20, 10]
Epoch 006 | Step 4410 | lr=2.500000e-04 | loss=0.820585 | k_vals=[10, 10, 20, 20, 50]
Epoch 006 | Step 4440 | lr=2.500000e-04 | loss=0.647200 | k_vals=[20, 100, 50, 1, 100]
Epoch 006 | Step 4470 | lr=2.500000e-04 | loss=0.902340 | k_vals=[10, 50, 20, 50, 50]
Epoch 006 | Step 4500 | lr=2.500000e-04 | loss=0.669027 | k_vals=[50, 50, 1, 10, 20]
Epoch 006 | Step 4530 | lr=2.500000e-04 | loss=0.758528 | k_vals=[50, 10, 20, 50, 50]
Epoch 006 | Step 4560 | lr=2.500000e-04 | loss=0.676105 | k_vals=[10, 100, 10, 1, 100]
Epoch 006 | Step 4590 | lr=2.500000e-04 | loss=0.564389 | k_vals=[20, 10, 100, 1, 100]
Epoch 006 | Step 4620 | lr=2.500000e-04 | loss=0.688440 | k_vals=[1, 20, 50, 20, 1]
Epoch 006 | Step 4650 | lr=2.500000e-04 | loss=0.662887 | k_vals=[50, 50, 10, 10, 1]
Epoch 006 | Step 4680 | lr=2.500000e-04 | loss=0.682150 | k_vals=[1, 1, 10, 10, 1]
Epoch 006 | Step 4710 | lr=2.500000e-04 | loss=0.671272 | k_vals=[10, 50, 10, 1, 1]
Epoch 006 | Step 4740 | lr=2.500000e-04 | loss=0.723513 | k_vals=[50, 20, 20, 50, 10]
Epoch 006 | Step 4770 | lr=2.500000e-04 | loss=0.809885 | k_vals=[1, 20, 50, 20, 20]
Epoch 006 | Step 4800 | lr=2.500000e-04 | loss=0.650082 | k_vals=[1, 50, 100, 100, 20]
Epoch 006 | Step 4830 | lr=2.500000e-04 | loss=0.650521 | k_vals=[10, 10, 20, 50, 1]
Epoch 006 | Step 4860 | lr=2.500000e-04 | loss=0.603644 | k_vals=[20, 1, 1, 100, 10]
Epoch 006 | Step 4890 | lr=2.500000e-04 | loss=0.550799 | k_vals=[10, 20, 1, 10, 20]
Epoch 006 | Step 4920 | lr=2.500000e-04 | loss=0.653153 | k_vals=[100, 20, 10, 50, 50]
Epoch 006 | Step 4950 | lr=2.500000e-04 | loss=0.688203 | k_vals=[10, 100, 10, 1, 1]
Epoch 006 | Step 4980 | lr=2.500000e-04 | loss=0.600274 | k_vals=[1, 100, 50, 20, 100]
Epoch 006 | Step 5010 | lr=2.500000e-04 | loss=0.680242 | k_vals=[20, 1, 10, 20, 20]
Epoch 006 | Step 5040 | lr=2.500000e-04 | loss=0.664369 | k_vals=[50, 10, 20, 1, 20]
Epoch 006 | Step 5070 | lr=2.500000e-04 | loss=0.772126 | k_vals=[20, 1, 1, 100, 1]
Epoch 006 | Step 5100 | lr=2.500000e-04 | loss=0.681369 | k_vals=[20, 50, 10, 1, 10]
Epoch 006 | Step 5130 | lr=2.500000e-04 | loss=0.776192 | k_vals=[100, 1, 20, 10, 1]
Epoch 006 | Step 5160 | lr=2.500000e-04 | loss=0.702336 | k_vals=[100, 10, 50, 1, 20]
Epoch 006 | Step 5190 | lr=2.500000e-04 | loss=0.740241 | k_vals=[10, 1, 1, 50, 100]
Epoch 006 | Step 5220 | lr=2.500000e-04 | loss=0.917895 | k_vals=[10, 1, 20, 1, 1]
Epoch 006 | Step 5250 | lr=2.500000e-04 | loss=0.653393 | k_vals=[20, 10, 1, 20, 10]
Epoch 006 | Step 5280 | lr=2.500000e-04 | loss=0.655800 | k_vals=[10, 20, 1, 20, 50]
Epoch 006 | Step 5310 | lr=2.500000e-04 | loss=0.549969 | k_vals=[50, 20, 50, 100, 10]
Epoch 006 | Step 5340 | lr=2.500000e-04 | loss=0.741588 | k_vals=[20, 10, 50, 20, 100]
Epoch 006 | Step 5370 | lr=2.500000e-04 | loss=0.664302 | k_vals=[100, 20, 20, 10, 1]
Epoch 006 | Step 5400 | lr=2.500000e-04 | loss=0.465921 | k_vals=[20, 100, 20, 20, 100]
Epoch 006 | Step 5430 | lr=2.500000e-04 | loss=0.653911 | k_vals=[50, 1, 50, 50, 100]
Epoch 006 | Step 5460 | lr=2.500000e-04 | loss=0.661598 | k_vals=[10, 100, 10, 10, 20]
Epoch 006 | Step 5490 | lr=2.500000e-04 | loss=0.569262 | k_vals=[50, 20, 50, 100, 1]
Epoch 006 | Step 5520 | lr=2.500000e-04 | loss=0.591764 | k_vals=[20, 10, 50, 100, 10]
Epoch 006 | Step 5550 | lr=2.500000e-04 | loss=0.744691 | k_vals=[10, 20, 10, 50, 100]
Epoch 006 | Step 5580 | lr=2.500000e-04 | loss=0.688873 | k_vals=[20, 1, 100, 100, 10]
Epoch 006 | Step 5610 | lr=2.500000e-04 | loss=0.777959 | k_vals=[10, 10, 10, 100, 10]
Epoch 006 | Step 5640 | lr=2.500000e-04 | loss=0.656511 | k_vals=[1, 20, 50, 20, 100]
Epoch 006 | Step 5670 | lr=2.500000e-04 | loss=0.602126 | k_vals=[50, 20, 1, 10, 100]
Epoch 006 | Step 5700 | lr=2.500000e-04 | loss=0.799379 | k_vals=[50, 50, 100, 10, 50]
Epoch 006 | Step 5730 | lr=2.500000e-04 | loss=0.643035 | k_vals=[20, 100, 50, 50, 10]
Epoch 006 | Step 5760 | lr=2.500000e-04 | loss=0.711793 | k_vals=[100, 10, 50, 10, 50]
Epoch 006 | Step 5790 | lr=2.500000e-04 | loss=0.642425 | k_vals=[100, 1, 1, 1, 10]
Epoch 006 | Step 5820 | lr=2.500000e-04 | loss=0.626070 | k_vals=[20, 50, 50, 1, 20]
Epoch 006 | Step 5850 | lr=2.500000e-04 | loss=0.661810 | k_vals=[100, 10, 20, 50, 1]
Epoch 006 | Step 5880 | lr=2.500000e-04 | loss=0.717303 | k_vals=[1, 20, 1, 1, 10]
Epoch 006 | Step 5910 | lr=2.500000e-04 | loss=0.720223 | k_vals=[1, 20, 10, 10, 10]
Epoch 006 | Step 5940 | lr=2.500000e-04 | loss=0.708985 | k_vals=[100, 100, 100, 1, 50]
Epoch 006 | Step 5970 | lr=2.500000e-04 | loss=0.641992 | k_vals=[50, 20, 100, 20, 1]
Epoch 006 | Step 6000 | lr=2.500000e-04 | loss=0.626177 | k_vals=[100, 100, 1, 1, 20]
Epoch 006 | Step 6030 | lr=2.500000e-04 | loss=0.625644 | k_vals=[50, 50, 100, 50, 10]
Epoch 006 | Step 6060 | lr=2.500000e-04 | loss=0.605776 | k_vals=[50, 50, 10, 10, 10]
Epoch 006 | Step 6090 | lr=2.500000e-04 | loss=0.708853 | k_vals=[20, 1, 20, 50, 20]
Epoch 006 | Step 6120 | lr=2.500000e-04 | loss=0.620752 | k_vals=[10, 50, 100, 1, 100]
Epoch 006 | Step 6150 | lr=2.500000e-04 | loss=0.578767 | k_vals=[1, 100, 50, 50, 10]
Epoch 006 | Step 6180 | lr=2.500000e-04 | loss=0.713480 | k_vals=[20, 20, 20, 100, 1]
Epoch 006 | Step 6210 | lr=2.500000e-04 | loss=0.796065 | k_vals=[20, 10, 100, 100, 100]
Epoch 006 | Step 6240 | lr=2.500000e-04 | loss=0.680087 | k_vals=[100, 100, 20, 50, 50]
Epoch 006 | Step 6270 | lr=2.500000e-04 | loss=0.612688 | k_vals=[100, 50, 20, 1, 1]
Epoch 006 | Step 6300 | lr=2.500000e-04 | loss=0.667806 | k_vals=[100, 50, 1, 20, 10]
Epoch 006 | Step 6330 | lr=2.500000e-04 | loss=0.622264 | k_vals=[10, 1, 100, 50, 50]
Epoch 006 | Step 6360 | lr=2.500000e-04 | loss=0.780759 | k_vals=[20, 1, 100, 20, 1]
Epoch 006 | Step 6390 | lr=2.500000e-04 | loss=0.589171 | k_vals=[10, 1, 20, 50, 1]
Epoch 006 | Step 6420 | lr=2.500000e-04 | loss=0.679787 | k_vals=[100, 100, 10, 100, 100]
Epoch 006 | Step 6450 | lr=2.500000e-04 | loss=0.680655 | k_vals=[50, 1, 100, 10, 10]
Epoch 006 | Step 6480 | lr=2.500000e-04 | loss=0.699943 | k_vals=[1, 20, 50, 20, 1]
Epoch 006 | Step 6510 | lr=2.500000e-04 | loss=0.805294 | k_vals=[1, 50, 20, 50, 10]
Epoch 006 | Step 6540 | lr=2.500000e-04 | loss=0.615932 | k_vals=[20, 10, 10, 10, 100]
Epoch 006 | Step 6570 | lr=2.500000e-04 | loss=0.657773 | k_vals=[20, 1, 20, 20, 10]
Epoch 006 | Step 6600 | lr=2.500000e-04 | loss=0.734009 | k_vals=[20, 10, 20, 100, 1]
Epoch 006 | Step 6630 | lr=2.500000e-04 | loss=0.609472 | k_vals=[20, 10, 10, 1, 10]
Epoch 006 | Step 6660 | lr=2.500000e-04 | loss=0.664254 | k_vals=[100, 10, 50, 20, 100]
Epoch 006 | Step 6690 | lr=2.500000e-04 | loss=0.606300 | k_vals=[1, 10, 100, 50, 10]
Epoch 006 | Step 6720 | lr=2.500000e-04 | loss=0.665894 | k_vals=[10, 20, 50, 100, 100]
Epoch 006 | Step 6750 | lr=2.500000e-04 | loss=0.707264 | k_vals=[20, 100, 100, 20, 1]
Epoch 006 | Step 6780 | lr=2.500000e-04 | loss=0.617584 | k_vals=[1, 100, 50, 20, 100]
Epoch 006 | Step 6810 | lr=2.500000e-04 | loss=0.629102 | k_vals=[100, 1, 10, 100, 20]
Epoch 006 | Step 6840 | lr=2.500000e-04 | loss=0.642028 | k_vals=[100, 1, 100, 1, 1]
Epoch 006 | Step 6870 | lr=2.500000e-04 | loss=0.756131 | k_vals=[10, 20, 50, 100, 10]
Epoch 006 | Step 6900 | lr=2.500000e-04 | loss=0.631678 | k_vals=[50, 100, 100, 100, 100]
Epoch 006 | Step 6930 | lr=2.500000e-04 | loss=0.626256 | k_vals=[1, 50, 10, 1, 10]
Epoch 006 | Step 6960 | lr=2.500000e-04 | loss=0.638065 | k_vals=[20, 10, 20, 20, 100]
Epoch 006 | Step 6990 | lr=2.500000e-04 | loss=0.545258 | k_vals=[50, 20, 50, 20, 100]
Epoch 006 | Step 7020 | lr=2.500000e-04 | loss=0.656858 | k_vals=[100, 10, 20, 50, 10]
Epoch 006 | Step 7050 | lr=2.500000e-04 | loss=0.678892 | k_vals=[20, 1, 20, 20, 1]
Epoch 006 | Step 7080 | lr=2.500000e-04 | loss=0.783714 | k_vals=[20, 10, 20, 10, 100]
Epoch 006 | Step 7110 | lr=2.500000e-04 | loss=0.742130 | k_vals=[100, 100, 50, 20, 100]
Epoch 006 | Step 7140 | lr=2.500000e-04 | loss=0.550862 | k_vals=[1, 1, 50, 100, 50]
Epoch 006 | Step 7170 | lr=2.500000e-04 | loss=0.646516 | k_vals=[20, 100, 100, 20, 1]
Epoch 006 | Step 7200 | lr=2.500000e-04 | loss=0.681135 | k_vals=[1, 100, 20, 1, 1]
Epoch 006 | Step 7230 | lr=2.500000e-04 | loss=0.716122 | k_vals=[50, 10, 50, 50, 10]
Epoch 006 | Step 7260 | lr=2.500000e-04 | loss=0.655775 | k_vals=[100, 100, 1, 1, 1]
Epoch 006 | Step 7290 | lr=2.500000e-04 | loss=0.571671 | k_vals=[50, 100, 50, 20, 50]
Epoch 006 | Step 7320 | lr=2.500000e-04 | loss=0.637879 | k_vals=[20, 1, 10, 20, 10]
Epoch 006 | Step 7350 | lr=2.500000e-04 | loss=0.695687 | k_vals=[100, 10, 50, 1, 1]
Epoch 006 | Step 7380 | lr=2.500000e-04 | loss=0.615976 | k_vals=[1, 100, 20, 50, 50]
Epoch 006 | Step 7410 | lr=2.500000e-04 | loss=0.765905 | k_vals=[1, 50, 10, 100, 10]
Epoch 006 | Step 7440 | lr=2.500000e-04 | loss=0.805720 | k_vals=[50, 50, 1, 10, 1]
Epoch 006 | Step 7470 | lr=2.500000e-04 | loss=0.618527 | k_vals=[20, 10, 50, 20, 100]
Epoch 006 | Step 7500 | lr=2.500000e-04 | loss=0.682302 | k_vals=[100, 1, 50, 100, 1]
Epoch 006 | Step 7530 | lr=2.500000e-04 | loss=0.641522 | k_vals=[100, 50, 10, 100, 50]
Epoch 006 | Step 7560 | lr=2.500000e-04 | loss=0.691107 | k_vals=[50, 10, 20, 20, 100]
Epoch 006 | Step 7590 | lr=2.500000e-04 | loss=0.602743 | k_vals=[1, 100, 100, 1, 20]
Epoch 006 | Step 7620 | lr=2.500000e-04 | loss=0.634000 | k_vals=[100, 1, 20, 50, 20]
Epoch 006 | Step 7650 | lr=2.500000e-04 | loss=0.740440 | k_vals=[100, 10, 100, 20, 100]
Epoch 006 | Step 7680 | lr=2.500000e-04 | loss=0.508340 | k_vals=[1, 10, 20, 10, 20]
Epoch 006 | Step 7710 | lr=2.500000e-04 | loss=0.606638 | k_vals=[10, 20, 20, 50, 20]
Epoch 006 | Step 7740 | lr=2.500000e-04 | loss=0.624949 | k_vals=[1, 20, 100, 1, 1]
Epoch 006 | Step 7770 | lr=2.500000e-04 | loss=0.689305 | k_vals=[100, 10, 20, 10, 100]
Epoch 006 | Step 7800 | lr=2.500000e-04 | loss=0.545255 | k_vals=[1, 100, 50, 20, 10]
Epoch 006 | Step 7830 | lr=2.500000e-04 | loss=0.564692 | k_vals=[50, 50, 1, 100, 100]
Epoch 006 | Step 7860 | lr=2.500000e-04 | loss=0.583344 | k_vals=[100, 20, 50, 20, 20]
Epoch 006 | Step 7890 | lr=2.500000e-04 | loss=0.682034 | k_vals=[10, 1, 50, 10, 50]
Epoch 006 | Step 7920 | lr=2.500000e-04 | loss=0.686195 | k_vals=[10, 20, 1, 50, 10]
Epoch 006 | Step 7950 | lr=2.500000e-04 | loss=0.647904 | k_vals=[20, 100, 1, 1, 1]
Epoch 006 | Step 7980 | lr=2.500000e-04 | loss=0.697811 | k_vals=[50, 10, 100, 100, 20]
Epoch 006 | Step 8010 | lr=2.500000e-04 | loss=0.748394 | k_vals=[20, 20, 100, 20, 20]
Epoch 006 | Step 8040 | lr=2.500000e-04 | loss=0.631235 | k_vals=[50, 100, 10, 1, 1]
Epoch 006 | Step 8070 | lr=2.500000e-04 | loss=0.535899 | k_vals=[50, 100, 50, 20, 50]
Epoch 006 | Step 8100 | lr=2.500000e-04 | loss=0.740086 | k_vals=[1, 10, 20, 10, 20]
Epoch 006 | Step 8130 | lr=2.500000e-04 | loss=0.697299 | k_vals=[10, 10, 10, 10, 50]
Epoch 006 | Step 8160 | lr=2.500000e-04 | loss=0.574744 | k_vals=[100, 1, 100, 1, 1]
Epoch 006 | Step 8190 | lr=2.500000e-04 | loss=0.630049 | k_vals=[50, 20, 50, 1, 100]
Epoch 006 | Step 8220 | lr=2.500000e-04 | loss=0.654318 | k_vals=[1, 10, 20, 10, 10]
Epoch 006 | Step 8250 | lr=2.500000e-04 | loss=0.488653 | k_vals=[10, 100, 10, 100, 10]
Epoch 006 | Step 8280 | lr=2.500000e-04 | loss=0.759895 | k_vals=[20, 50, 1, 20, 20]
Epoch 006 | Step 8310 | lr=2.500000e-04 | loss=0.595355 | k_vals=[1, 100, 50, 50, 10]
Epoch 006 | Step 8340 | lr=2.500000e-04 | loss=0.629977 | k_vals=[1, 1, 10, 20, 10]
Epoch 006 | Step 8370 | lr=2.500000e-04 | loss=0.731913 | k_vals=[100, 100, 1, 100, 100]
Epoch 006 | Step 8400 | lr=2.500000e-04 | loss=0.706194 | k_vals=[50, 10, 10, 50, 1]
Epoch 006 | Step 8430 | lr=2.500000e-04 | loss=0.702852 | k_vals=[1, 100, 50, 20, 20]
Epoch 006 | Step 8460 | lr=2.500000e-04 | loss=0.711414 | k_vals=[50, 50, 10, 1, 20]
Epoch 006 | Step 8490 | lr=2.500000e-04 | loss=0.720909 | k_vals=[1, 1, 100, 10, 100]
Epoch 006 | Step 8520 | lr=2.500000e-04 | loss=0.604845 | k_vals=[20, 10, 1, 50, 50]
Epoch 006 | Step 8550 | lr=2.500000e-04 | loss=0.587862 | k_vals=[100, 50, 20, 100, 50]
Epoch 006 | Step 8580 | lr=2.500000e-04 | loss=0.675630 | k_vals=[1, 100, 100, 100, 1]
Epoch 006 | Step 8610 | lr=2.500000e-04 | loss=0.835101 | k_vals=[100, 50, 10, 10, 100]
Epoch 006 | Step 8640 | lr=2.500000e-04 | loss=0.660688 | k_vals=[1, 50, 10, 1, 20]
Epoch 006 | Step 8670 | lr=2.500000e-04 | loss=0.542937 | k_vals=[50, 20, 20, 10, 1]
Epoch 006 | Step 8700 | lr=2.500000e-04 | loss=0.553841 | k_vals=[20, 1, 50, 20, 100]
Epoch 006 | Step 8730 | lr=2.500000e-04 | loss=0.581843 | k_vals=[10, 50, 100, 100, 1]
Epoch 006 | Step 8760 | lr=2.500000e-04 | loss=0.583231 | k_vals=[50, 10, 100, 50, 10]
Epoch 006 | Step 8790 | lr=2.500000e-04 | loss=0.643915 | k_vals=[1, 1, 20, 20, 20]
Epoch 006 | Step 8820 | lr=2.500000e-04 | loss=0.566984 | k_vals=[1, 10, 10, 1, 1]
Epoch 006 | Step 8850 | lr=2.500000e-04 | loss=0.560192 | k_vals=[100, 100, 1, 100, 100]
Epoch 006 | Step 8880 | lr=2.500000e-04 | loss=0.703416 | k_vals=[10, 50, 100, 50, 100]
Epoch 006 | Step 8910 | lr=2.500000e-04 | loss=0.728997 | k_vals=[1, 10, 100, 50, 20]
Epoch 006 | Step 8940 | lr=2.500000e-04 | loss=0.733088 | k_vals=[20, 50, 20, 100, 50]
Epoch 006 | Step 8970 | lr=2.500000e-04 | loss=0.685609 | k_vals=[10, 50, 20, 1, 10]
Epoch 006 | Step 9000 | lr=2.500000e-04 | loss=0.819469 | k_vals=[10, 1, 10, 50, 100]
Epoch 006 | Step 9030 | lr=2.500000e-04 | loss=0.598275 | k_vals=[20, 1, 20, 50, 50]
Epoch 006 | Step 9060 | lr=2.500000e-04 | loss=0.722187 | k_vals=[20, 10, 50, 50, 10]
Epoch 006 | Step 9090 | lr=2.500000e-04 | loss=0.629890 | k_vals=[1, 50, 100, 20, 20]
Epoch 006 | Step 9120 | lr=2.500000e-04 | loss=0.654918 | k_vals=[50, 20, 100, 1, 20]
Epoch 006 | Step 9150 | lr=2.500000e-04 | loss=0.726386 | k_vals=[10, 20, 1, 20, 1]
Epoch 006 | Step 9180 | lr=2.500000e-04 | loss=0.710396 | k_vals=[20, 20, 10, 10, 10]
Epoch 006 | Step 9210 | lr=2.500000e-04 | loss=0.614002 | k_vals=[20, 1, 20, 10, 10]
Epoch 006 | Step 9240 | lr=2.500000e-04 | loss=0.649898 | k_vals=[10, 100, 20, 100, 1]
Epoch 006 | Step 9270 | lr=2.500000e-04 | loss=0.627836 | k_vals=[10, 1, 1, 1, 10]
Epoch 006 | Step 9300 | lr=2.500000e-04 | loss=0.660736 | k_vals=[100, 1, 50, 10, 100]
Epoch 006 | Step 9330 | lr=2.500000e-04 | loss=0.788924 | k_vals=[1, 100, 10, 50, 10]
Epoch 006 | Step 9360 | lr=2.500000e-04 | loss=0.594778 | k_vals=[1, 20, 10, 10, 20]
Epoch 006 | Step 9390 | lr=2.500000e-04 | loss=0.555155 | k_vals=[10, 10, 10, 1, 10]
Epoch 006 | Step 9420 | lr=2.500000e-04 | loss=0.616120 | k_vals=[10, 50, 20, 100, 1]
Epoch 006 | Step 9450 | lr=2.500000e-04 | loss=0.590305 | k_vals=[50, 1, 1, 1, 50]
Epoch 006 | Step 9480 | lr=2.500000e-04 | loss=0.685443 | k_vals=[100, 50, 20, 50, 1]
Epoch 006 | Step 9510 | lr=2.500000e-04 | loss=0.683059 | k_vals=[1, 20, 50, 100, 10]
Epoch 006 | Step 9540 | lr=2.500000e-04 | loss=0.723193 | k_vals=[50, 50, 10, 10, 100]
Epoch 006 | Step 9570 | lr=2.500000e-04 | loss=0.569559 | k_vals=[10, 50, 50, 20, 100]
Epoch 006 | Step 9600 | lr=2.500000e-04 | loss=0.581042 | k_vals=[50, 50, 20, 20, 50]
Epoch 006 | Step 9630 | lr=2.500000e-04 | loss=0.821301 | k_vals=[10, 50, 20, 10, 20]
Epoch 006 | Step 9660 | lr=2.500000e-04 | loss=0.633196 | k_vals=[20, 1, 10, 100, 1]
Epoch 006 | Step 9690 | lr=2.500000e-04 | loss=0.536189 | k_vals=[20, 1, 10, 50, 1]
Epoch 006 | Step 9720 | lr=2.500000e-04 | loss=0.705771 | k_vals=[50, 10, 10, 1, 20]
Epoch 006 | Step 9750 | lr=2.500000e-04 | loss=0.587302 | k_vals=[100, 10, 100, 50, 1]
Epoch 006 | Step 9780 | lr=2.500000e-04 | loss=0.623520 | k_vals=[20, 1, 50, 50, 20]
Epoch 006 | Step 9810 | lr=2.500000e-04 | loss=0.628727 | k_vals=[10, 20, 1, 100, 1]
Epoch 006 | Step 9840 | lr=2.500000e-04 | loss=0.739358 | k_vals=[50, 20, 50, 1, 50]
Epoch 006 | Step 9870 | lr=2.500000e-04 | loss=0.683755 | k_vals=[100, 50, 10, 50, 100]
Epoch 006 | Step 9900 | lr=2.500000e-04 | loss=0.561790 | k_vals=[20, 100, 20, 20, 100]
Epoch 006 | Step 9930 | lr=2.500000e-04 | loss=0.495657 | k_vals=[10, 100, 100, 10, 1]
Epoch 006 | Step 9960 | lr=2.500000e-04 | loss=0.793327 | k_vals=[10, 1, 20, 100, 10]
Epoch 006 | Step 9990 | lr=2.500000e-04 | loss=0.761693 | k_vals=[50, 1, 1, 50, 10]
Epoch 006 | Step 10020 | lr=2.500000e-04 | loss=0.650240 | k_vals=[100, 50, 50, 20, 10]
Epoch 006 | Step 10050 | lr=2.500000e-04 | loss=0.811754 | k_vals=[1, 1, 50, 1, 50]
Epoch 006 | Step 10080 | lr=2.500000e-04 | loss=0.542007 | k_vals=[10, 20, 50, 20, 10]
Epoch 006 | Step 10110 | lr=2.500000e-04 | loss=0.658867 | k_vals=[10, 100, 20, 1, 1]
Epoch 006 | Step 10140 | lr=2.500000e-04 | loss=0.594839 | k_vals=[50, 20, 10, 20, 1]
Epoch 006 | Step 10170 | lr=2.500000e-04 | loss=0.715895 | k_vals=[10, 1, 100, 100, 20]
Epoch 006 | Step 10200 | lr=2.500000e-04 | loss=0.779347 | k_vals=[10, 20, 100, 100, 1]
Epoch 006 | Step 10230 | lr=2.500000e-04 | loss=0.694645 | k_vals=[50, 1, 50, 20, 20]
Epoch 006 | Step 10260 | lr=2.500000e-04 | loss=0.569219 | k_vals=[50, 10, 100, 100, 20]
Epoch 006 | Step 10290 | lr=2.500000e-04 | loss=0.590225 | k_vals=[20, 1, 10, 20, 20]
Epoch 006 | Step 10320 | lr=2.500000e-04 | loss=0.780555 | k_vals=[100, 10, 10, 50, 50]
Epoch 006 | Step 10350 | lr=2.500000e-04 | loss=0.600798 | k_vals=[50, 20, 1, 100, 1]
Epoch 006 | Step 10380 | lr=2.500000e-04 | loss=0.514992 | k_vals=[100, 50, 1, 10, 10]
Epoch 006 | Step 10410 | lr=2.500000e-04 | loss=0.617077 | k_vals=[10, 100, 50, 20, 10]
Epoch 006 | Step 10440 | lr=2.500000e-04 | loss=0.692210 | k_vals=[10, 100, 10, 20, 100]
Epoch 006 | Step 10470 | lr=2.500000e-04 | loss=0.690708 | k_vals=[1, 20, 1, 50, 1]
Epoch 006 | Step 10500 | lr=2.500000e-04 | loss=0.686385 | k_vals=[100, 100, 1, 1, 1]
Epoch 006 | Step 10530 | lr=2.500000e-04 | loss=0.787094 | k_vals=[10, 100, 10, 100, 20]
Epoch 006 | Step 10560 | lr=2.500000e-04 | loss=0.652432 | k_vals=[20, 20, 100, 100, 50]
Epoch 006 | Step 10590 | lr=2.500000e-04 | loss=0.677678 | k_vals=[50, 50, 10, 100, 1]
Epoch 006 | Step 10620 | lr=2.500000e-04 | loss=0.721210 | k_vals=[20, 20, 1, 10, 100]
Epoch 006 | Step 10650 | lr=2.500000e-04 | loss=0.506074 | k_vals=[10, 50, 100, 20, 50]
Epoch 006 | Step 10680 | lr=2.500000e-04 | loss=0.777255 | k_vals=[20, 20, 1, 20, 20]
Epoch 006 | Step 10710 | lr=2.500000e-04 | loss=0.709150 | k_vals=[10, 1, 50, 100, 10]
Epoch 006 | Step 10740 | lr=2.500000e-04 | loss=0.532517 | k_vals=[50, 20, 10, 50, 1]
Epoch 006 | Step 10770 | lr=2.500000e-04 | loss=0.681174 | k_vals=[100, 20, 50, 1, 20]
Epoch 006 | Step 10800 | lr=2.500000e-04 | loss=0.627263 | k_vals=[50, 100, 10, 20, 50]
Epoch 006 | Step 10830 | lr=2.500000e-04 | loss=0.697307 | k_vals=[50, 20, 20, 20, 10]
Epoch 006 | Step 10860 | lr=2.500000e-04 | loss=0.619653 | k_vals=[10, 100, 10, 50, 20]
Epoch 006 | Step 10890 | lr=2.500000e-04 | loss=0.501585 | k_vals=[50, 10, 10, 50, 10]
Epoch 006 | Step 10920 | lr=2.500000e-04 | loss=0.563722 | k_vals=[100, 10, 50, 20, 100]
Epoch 006 | Step 10950 | lr=2.500000e-04 | loss=0.686464 | k_vals=[20, 10, 100, 100, 100]
Epoch 006 | Step 10980 | lr=2.500000e-04 | loss=0.692718 | k_vals=[1, 50, 100, 50, 20]
Epoch 006 | Step 11010 | lr=2.500000e-04 | loss=0.747880 | k_vals=[10, 100, 10, 50, 50]
Epoch 006 | Step 11040 | lr=2.500000e-04 | loss=0.653148 | k_vals=[100, 50, 100, 50, 10]
Epoch 006 | Step 11070 | lr=2.500000e-04 | loss=0.652354 | k_vals=[100, 10, 20, 100, 20]
Epoch 006 | Step 11100 | lr=2.500000e-04 | loss=0.610039 | k_vals=[1, 100, 20, 1, 100]
Epoch 006 | Step 11130 | lr=2.500000e-04 | loss=0.722636 | k_vals=[50, 10, 20, 10, 100]
Epoch 006 | Step 11160 | lr=2.500000e-04 | loss=0.607370 | k_vals=[100, 50, 20, 100, 1]
Epoch 006 | Step 11190 | lr=2.500000e-04 | loss=0.655971 | k_vals=[1, 100, 50, 50, 20]
Epoch 006 | Step 11220 | lr=2.500000e-04 | loss=0.765744 | k_vals=[100, 50, 100, 100, 10]
Epoch 006 | Step 11250 | lr=2.500000e-04 | loss=0.711100 | k_vals=[10, 50, 50, 50, 100]
Epoch 006 | Step 11280 | lr=2.500000e-04 | loss=0.766562 | k_vals=[50, 20, 10, 1, 20]
Epoch 006 | Step 11310 | lr=2.500000e-04 | loss=0.595855 | k_vals=[100, 20, 20, 1, 20]
Epoch 006 | Step 11340 | lr=2.500000e-04 | loss=0.644800 | k_vals=[1, 1, 100, 20, 20]
Epoch 006 | Step 11370 | lr=2.500000e-04 | loss=0.776830 | k_vals=[100, 50, 1, 1, 100]
Epoch 006 | Step 11400 | lr=2.500000e-04 | loss=0.707488 | k_vals=[20, 100, 10, 50, 10]
Epoch 006 | Step 11430 | lr=2.500000e-04 | loss=0.629428 | k_vals=[50, 50, 1, 1, 100]
Epoch 006 | Step 11460 | lr=2.500000e-04 | loss=0.710891 | k_vals=[100, 10, 10, 100, 100]
Epoch 006 | Step 11490 | lr=2.500000e-04 | loss=0.487157 | k_vals=[1, 50, 10, 100, 20]
Epoch 006 | Step 11520 | lr=2.500000e-04 | loss=0.629238 | k_vals=[20, 10, 50, 20, 50]
Epoch 006 | Step 11550 | lr=2.500000e-04 | loss=0.673258 | k_vals=[1, 100, 10, 50, 10]
Epoch 006 | Step 11580 | lr=2.500000e-04 | loss=0.804916 | k_vals=[50, 50, 1, 1, 10]
Epoch 006 | Step 11610 | lr=2.500000e-04 | loss=0.632028 | k_vals=[20, 20, 100, 100, 50]
Epoch 006 | Step 11640 | lr=2.500000e-04 | loss=0.749405 | k_vals=[50, 1, 1, 100, 1]
Epoch 006 | Step 11670 | lr=2.500000e-04 | loss=0.710598 | k_vals=[50, 20, 50, 10, 50]
Epoch 006 | Step 11700 | lr=2.500000e-04 | loss=0.634746 | k_vals=[1, 50, 1, 1, 10]
Epoch 006 | Step 11730 | lr=2.500000e-04 | loss=0.636387 | k_vals=[20, 50, 20, 1, 10]
Epoch 006 | Step 11760 | lr=2.500000e-04 | loss=0.806155 | k_vals=[10, 1, 1, 1, 20]
Epoch 006 | Step 11790 | lr=2.500000e-04 | loss=0.560555 | k_vals=[50, 1, 50, 20, 10]
Epoch 006 | Step 11820 | lr=2.500000e-04 | loss=0.580675 | k_vals=[1, 20, 1, 20, 20]
Epoch 006 | Step 11850 | lr=2.500000e-04 | loss=0.550901 | k_vals=[1, 1, 20, 10, 1]
Epoch 006 | Step 11880 | lr=2.500000e-04 | loss=0.598070 | k_vals=[1, 100, 100, 10, 100]
Epoch 006 | Step 11910 | lr=2.500000e-04 | loss=0.624641 | k_vals=[20, 50, 50, 10, 10]
Epoch 006 | Step 11940 | lr=2.500000e-04 | loss=0.697114 | k_vals=[1, 20, 20, 1, 1]
Epoch 006 | Step 11970 | lr=2.500000e-04 | loss=0.690866 | k_vals=[1, 10, 10, 100, 10]
Epoch 006 | Step 12000 | lr=2.500000e-04 | loss=0.590559 | k_vals=[1, 20, 20, 100, 50]
Epoch 006 | Step 12030 | lr=2.500000e-04 | loss=0.653913 | k_vals=[10, 1, 1, 100, 100]
Epoch 006 | Step 12060 | lr=2.500000e-04 | loss=0.651960 | k_vals=[50, 10, 20, 20, 1]
Epoch 006 | Step 12090 | lr=2.500000e-04 | loss=0.634326 | k_vals=[50, 20, 100, 1, 100]
Epoch 006 | Step 12120 | lr=2.500000e-04 | loss=0.632116 | k_vals=[100, 100, 100, 100, 100]
Epoch 006 | Step 12150 | lr=2.500000e-04 | loss=0.662225 | k_vals=[10, 100, 10, 100, 1]
Epoch 006 | Step 12180 | lr=2.500000e-04 | loss=0.663404 | k_vals=[20, 1, 20, 20, 100]
Epoch 006 | Step 12210 | lr=2.500000e-04 | loss=0.617941 | k_vals=[50, 10, 50, 10, 1]
Epoch 006 | Step 12240 | lr=2.500000e-04 | loss=0.586428 | k_vals=[10, 1, 50, 50, 50]
Epoch 006 | Step 12270 | lr=2.500000e-04 | loss=0.715484 | k_vals=[50, 10, 50, 100, 100]
Epoch 006 | Step 12300 | lr=2.500000e-04 | loss=0.580784 | k_vals=[100, 20, 100, 20, 10]
Epoch 006 | Step 12330 | lr=2.500000e-04 | loss=0.658561 | k_vals=[1, 100, 50, 50, 100]
Epoch 006 | Step 12360 | lr=2.500000e-04 | loss=0.661785 | k_vals=[20, 1, 100, 1, 1]
Epoch 006 | Step 12390 | lr=2.500000e-04 | loss=0.693169 | k_vals=[1, 100, 50, 20, 10]
Epoch 006 | Step 12420 | lr=2.500000e-04 | loss=0.754916 | k_vals=[100, 20, 20, 20, 20]
Epoch 006 | Step 12450 | lr=2.500000e-04 | loss=0.607273 | k_vals=[1, 50, 10, 50, 20]
Epoch 006 | Step 12480 | lr=2.500000e-04 | loss=0.517011 | k_vals=[10, 10, 10, 50, 10]
Epoch 006 | Step 12510 | lr=2.500000e-04 | loss=0.585466 | k_vals=[100, 100, 20, 100, 100]
Epoch 006 | Step 12540 | lr=2.500000e-04 | loss=0.760989 | k_vals=[20, 20, 10, 100, 10]
Epoch 006 | Step 12570 | lr=2.500000e-04 | loss=0.605996 | k_vals=[20, 10, 10, 50, 1]
Epoch 006 | Step 12600 | lr=2.500000e-04 | loss=0.767156 | k_vals=[20, 50, 10, 20, 1]
Epoch 006 | Step 12630 | lr=2.500000e-04 | loss=0.695611 | k_vals=[20, 20, 1, 1, 20]
Epoch 006 | Step 12660 | lr=2.500000e-04 | loss=0.617699 | k_vals=[1, 100, 50, 20, 10]
Epoch 006 | Step 12690 | lr=2.500000e-04 | loss=0.719841 | k_vals=[50, 20, 50, 50, 1]
Epoch 006 | Step 12720 | lr=2.500000e-04 | loss=0.552090 | k_vals=[100, 20, 10, 10, 50]
Epoch 006 | Step 12750 | lr=2.500000e-04 | loss=0.615176 | k_vals=[50, 100, 100, 10, 100]
Epoch 006 | Step 12780 | lr=2.500000e-04 | loss=0.812191 | k_vals=[20, 1, 20, 100, 1]
Epoch 006 | Step 12810 | lr=2.500000e-04 | loss=0.620707 | k_vals=[10, 1, 20, 20, 100]
Epoch 006 | Step 12840 | lr=2.500000e-04 | loss=0.662138 | k_vals=[1, 1, 10, 1, 100]
Epoch 006 | Step 12870 | lr=2.500000e-04 | loss=0.681211 | k_vals=[20, 100, 50, 10, 50]
Epoch 006 | Step 12900 | lr=2.500000e-04 | loss=0.680772 | k_vals=[100, 10, 100, 20, 20]
Epoch 006 | Step 12930 | lr=2.500000e-04 | loss=0.653733 | k_vals=[100, 50, 50, 50, 10]
Epoch 006 | Step 12960 | lr=2.500000e-04 | loss=0.576527 | k_vals=[10, 50, 20, 10, 10]
Epoch 006 | Step 12990 | lr=2.500000e-04 | loss=0.857150 | k_vals=[50, 10, 10, 10, 100]
Epoch 006 | Step 13020 | lr=2.500000e-04 | loss=0.702255 | k_vals=[1, 20, 20, 100, 20]
Epoch 006 | Step 13050 | lr=2.500000e-04 | loss=0.601065 | k_vals=[100, 100, 100, 1, 20]
Epoch 006 | Step 13080 | lr=2.500000e-04 | loss=0.608427 | k_vals=[20, 100, 100, 1, 10]
Epoch 006 | Step 13110 | lr=2.500000e-04 | loss=0.707020 | k_vals=[10, 50, 50, 100, 1]
Epoch 006 | Step 13140 | lr=2.500000e-04 | loss=0.857379 | k_vals=[20, 100, 100, 20, 50]
Epoch 006 | Step 13170 | lr=2.500000e-04 | loss=0.614846 | k_vals=[100, 50, 20, 1, 20]
Epoch 006 | Step 13200 | lr=2.500000e-04 | loss=0.683492 | k_vals=[100, 100, 50, 1, 10]
Epoch 006 | Step 13230 | lr=2.500000e-04 | loss=0.587525 | k_vals=[20, 10, 20, 20, 1]
Epoch 006 | Step 13260 | lr=2.500000e-04 | loss=0.663151 | k_vals=[50, 50, 20, 1, 100]
Epoch 006 | Step 13290 | lr=2.500000e-04 | loss=0.568968 | k_vals=[100, 50, 20, 20, 10]
Epoch 006 | Step 13320 | lr=2.500000e-04 | loss=0.683782 | k_vals=[1, 20, 100, 10, 100]
Epoch 006 | Step 13350 | lr=2.500000e-04 | loss=0.708995 | k_vals=[100, 10, 50, 1, 1]
Epoch 006 | Step 13380 | lr=2.500000e-04 | loss=0.749836 | k_vals=[10, 100, 1, 1, 100]
Epoch 006 | Step 13410 | lr=2.500000e-04 | loss=0.597224 | k_vals=[1, 20, 50, 20, 50]
Epoch 006 | Step 13440 | lr=2.500000e-04 | loss=0.708850 | k_vals=[10, 20, 100, 100, 50]
Epoch 006 | Step 13470 | lr=2.500000e-04 | loss=0.630034 | k_vals=[10, 50, 10, 1, 50]
Epoch 006 | Step 13500 | lr=2.500000e-04 | loss=0.653778 | k_vals=[100, 100, 10, 100, 1]
Epoch 006 | Step 13530 | lr=2.500000e-04 | loss=0.737495 | k_vals=[10, 100, 10, 1, 100]
Epoch 006 | Step 13560 | lr=2.500000e-04 | loss=0.675727 | k_vals=[100, 20, 10, 1, 1]
Epoch 006 | Step 13590 | lr=2.500000e-04 | loss=0.799802 | k_vals=[1, 1, 10, 10, 10]
Epoch 006 | Step 13620 | lr=2.500000e-04 | loss=0.703041 | k_vals=[100, 10, 20, 20, 1]
Epoch 006 | Step 13650 | lr=2.500000e-04 | loss=0.665129 | k_vals=[100, 20, 100, 10, 1]
Epoch 006 | Step 13680 | lr=2.500000e-04 | loss=0.601693 | k_vals=[50, 50, 10, 20, 10]
Epoch 006 | Step 13710 | lr=2.500000e-04 | loss=0.654802 | k_vals=[10, 10, 20, 100, 50]
Epoch 006 | Step 13740 | lr=2.500000e-04 | loss=0.523260 | k_vals=[20, 1, 50, 10, 50]
Epoch 006 | Step 13770 | lr=2.500000e-04 | loss=0.702560 | k_vals=[100, 100, 100, 20, 1]
Epoch 006 | Step 13800 | lr=2.500000e-04 | loss=0.703326 | k_vals=[100, 20, 10, 10, 10]
Epoch 006 | Step 13830 | lr=2.500000e-04 | loss=0.643652 | k_vals=[50, 1, 10, 20, 50]
Epoch 006 | Step 13860 | lr=2.500000e-04 | loss=0.673074 | k_vals=[1, 50, 1, 1, 100]
Epoch 006 | Step 13890 | lr=2.500000e-04 | loss=0.589524 | k_vals=[50, 10, 100, 10, 100]
Epoch 006 | Step 13920 | lr=2.500000e-04 | loss=0.588661 | k_vals=[50, 1, 10, 100, 1]
Epoch 006 | Step 13950 | lr=2.500000e-04 | loss=0.646001 | k_vals=[10, 1, 1, 1, 1]
Epoch 006 | Step 13980 | lr=2.500000e-04 | loss=0.709807 | k_vals=[50, 10, 1, 50, 10]
Epoch 006 | Step 14010 | lr=2.500000e-04 | loss=0.678933 | k_vals=[50, 100, 50, 1, 100]
Epoch 006 | Step 14040 | lr=2.500000e-04 | loss=0.693291 | k_vals=[20, 20, 10, 20, 10]
Epoch 006 | Step 14070 | lr=2.500000e-04 | loss=0.879361 | k_vals=[1, 1, 10, 10, 10]
Epoch 006 | Step 14100 | lr=2.500000e-04 | loss=0.554147 | k_vals=[1, 100, 100, 10, 20]
Epoch 006 | Step 14130 | lr=2.500000e-04 | loss=0.705421 | k_vals=[100, 100, 50, 10, 100]
Epoch 006 | Step 14160 | lr=2.500000e-04 | loss=0.619529 | k_vals=[10, 50, 10, 20, 20]
Epoch 006 | Step 14190 | lr=2.500000e-04 | loss=0.606231 | k_vals=[20, 10, 100, 10, 1]
Epoch 006 | Step 14220 | lr=2.500000e-04 | loss=0.702470 | k_vals=[20, 20, 50, 100, 1]
Epoch 006 | Step 14250 | lr=2.500000e-04 | loss=0.550372 | k_vals=[100, 1, 20, 100, 20]
Epoch 006 | Step 14280 | lr=2.500000e-04 | loss=0.642808 | k_vals=[10, 20, 10, 100, 1]
Epoch 006 | Step 14310 | lr=2.500000e-04 | loss=0.763529 | k_vals=[1, 10, 20, 50, 20]
Epoch 006 | Step 14340 | lr=2.500000e-04 | loss=0.626743 | k_vals=[100, 1, 50, 10, 20]
Epoch 006 | Step 14370 | lr=2.500000e-04 | loss=0.636265 | k_vals=[50, 20, 20, 20, 20]
Epoch 006 | Step 14400 | lr=2.500000e-04 | loss=0.626634 | k_vals=[20, 10, 10, 20, 20]
Epoch 006 | Step 14430 | lr=2.500000e-04 | loss=0.613643 | k_vals=[20, 20, 100, 1, 50]
Epoch 006 | Step 14460 | lr=2.500000e-04 | loss=0.660585 | k_vals=[100, 50, 100, 10, 10]
Epoch 006 | Step 14490 | lr=2.500000e-04 | loss=0.754365 | k_vals=[1, 20, 10, 10, 10]
Epoch 006 | Step 14520 | lr=2.500000e-04 | loss=0.763804 | k_vals=[1, 1, 100, 20, 20]
Epoch 006 | Step 14550 | lr=2.500000e-04 | loss=0.789433 | k_vals=[1, 20, 100, 50, 20]
Epoch 006 | Step 14580 | lr=2.500000e-04 | loss=0.660136 | k_vals=[1, 10, 100, 20, 10]
Epoch 006 | Step 14610 | lr=2.500000e-04 | loss=0.646604 | k_vals=[20, 100, 50, 50, 1]
Epoch 006 | Step 14640 | lr=2.500000e-04 | loss=0.755502 | k_vals=[1, 10, 100, 10, 10]
Epoch 006 | Step 14670 | lr=2.500000e-04 | loss=0.619199 | k_vals=[1, 50, 1, 10, 100]
Epoch 006 | Step 14700 | lr=2.500000e-04 | loss=0.665094 | k_vals=[10, 100, 20, 10, 50]
Epoch 006 | Step 14730 | lr=2.500000e-04 | loss=0.758815 | k_vals=[100, 20, 100, 1, 1]
Epoch 006 | Step 14760 | lr=2.500000e-04 | loss=0.597495 | k_vals=[20, 10, 1, 10, 20]
Epoch 006 | Step 14790 | lr=2.500000e-04 | loss=0.644803 | k_vals=[100, 100, 1, 100, 50]
Epoch 006 | Step 14820 | lr=2.500000e-04 | loss=0.801860 | k_vals=[50, 10, 20, 100, 100]
Epoch 006 | Step 14850 | lr=2.500000e-04 | loss=0.693719 | k_vals=[50, 100, 1, 50, 100]
Epoch 006 | Step 14880 | lr=2.500000e-04 | loss=0.633705 | k_vals=[100, 10, 1, 1, 100]
Epoch 006 | Step 14910 | lr=2.500000e-04 | loss=0.524074 | k_vals=[20, 100, 100, 50, 20]
Epoch 006 | Step 14940 | lr=2.500000e-04 | loss=0.725344 | k_vals=[1, 10, 10, 20, 100]
Epoch 006 | Step 14970 | lr=2.500000e-04 | loss=0.711923 | k_vals=[10, 20, 50, 10, 100]
Epoch 006 | Step 15000 | lr=2.500000e-04 | loss=0.563408 | k_vals=[1, 10, 10, 100, 20]
Epoch 006 | Step 15030 | lr=2.500000e-04 | loss=0.576740 | k_vals=[50, 100, 50, 50, 1]
Epoch 006 | Step 15060 | lr=2.500000e-04 | loss=0.575498 | k_vals=[20, 1, 1, 100, 1]
Epoch 006 | Step 15090 | lr=2.500000e-04 | loss=0.701040 | k_vals=[100, 1, 20, 100, 50]
Epoch 006 | Step 15120 | lr=2.500000e-04 | loss=0.639293 | k_vals=[20, 100, 20, 1, 1]
Epoch 006 | Step 15150 | lr=2.500000e-04 | loss=0.625277 | k_vals=[1, 20, 1, 20, 1]
Epoch 006 | Step 15180 | lr=2.500000e-04 | loss=0.635074 | k_vals=[10, 10, 100, 100, 100]
Epoch 006 | Step 15210 | lr=2.500000e-04 | loss=0.744949 | k_vals=[10, 1, 50, 50, 10]
Epoch 006 | Step 15240 | lr=2.500000e-04 | loss=0.601302 | k_vals=[100, 1, 20, 1, 50]
Epoch 006 | Step 15270 | lr=2.500000e-04 | loss=0.671558 | k_vals=[20, 1, 100, 20, 50]
Epoch 006 | Step 15300 | lr=2.500000e-04 | loss=0.600366 | k_vals=[50, 50, 50, 20, 20]
Epoch 006 | Step 15330 | lr=2.500000e-04 | loss=0.648516 | k_vals=[50, 10, 1, 10, 100]
Epoch 006 | Step 15360 | lr=2.500000e-04 | loss=0.709302 | k_vals=[1, 50, 50, 100, 50]
Epoch 006 | Step 15390 | lr=2.500000e-04 | loss=0.691679 | k_vals=[100, 10, 1, 100, 50]
Epoch 006 | Step 15420 | lr=2.500000e-04 | loss=0.621247 | k_vals=[20, 50, 50, 20, 100]
Epoch 006 | Step 15450 | lr=2.500000e-04 | loss=0.739639 | k_vals=[100, 100, 100, 1, 50]
Epoch 006 | Step 15480 | lr=2.500000e-04 | loss=0.566690 | k_vals=[20, 20, 20, 50, 100]
Epoch 006 | Step 15510 | lr=2.500000e-04 | loss=0.739266 | k_vals=[10, 100, 10, 1, 100]
Epoch 006 | Step 15540 | lr=2.500000e-04 | loss=0.710070 | k_vals=[1, 10, 1, 100, 100]
Epoch 006 | Step 15570 | lr=2.500000e-04 | loss=0.620075 | k_vals=[100, 50, 1, 20, 1]
Epoch 006 | Step 15600 | lr=2.500000e-04 | loss=0.605441 | k_vals=[20, 50, 50, 10, 100]
Epoch 006 | Step 15630 | lr=2.500000e-04 | loss=0.712771 | k_vals=[10, 1, 10, 50, 50]
Epoch 006 | Step 15660 | lr=2.500000e-04 | loss=0.544284 | k_vals=[10, 10, 100, 1, 20]
Epoch 006 | Step 15690 | lr=2.500000e-04 | loss=0.691229 | k_vals=[100, 50, 1, 50, 50]
Epoch 006 | Step 15720 | lr=2.500000e-04 | loss=0.556200 | k_vals=[10, 20, 1, 50, 10]
Epoch 006 | Step 15750 | lr=2.500000e-04 | loss=0.749743 | k_vals=[50, 20, 100, 100, 1]
Epoch 006 | Step 15780 | lr=2.500000e-04 | loss=0.651517 | k_vals=[100, 100, 10, 50, 100]
Epoch 006 | Step 15810 | lr=2.500000e-04 | loss=0.663050 | k_vals=[1, 100, 10, 50, 10]
Epoch 006 | Step 15840 | lr=2.500000e-04 | loss=0.720925 | k_vals=[100, 20, 20, 10, 1]
Epoch 006 | Step 15870 | lr=2.500000e-04 | loss=0.553610 | k_vals=[100, 1, 100, 20, 1]
Epoch 006 | Step 15900 | lr=2.500000e-04 | loss=0.602154 | k_vals=[100, 1, 100, 10, 50]
Epoch 006 | Step 15930 | lr=2.500000e-04 | loss=0.762811 | k_vals=[10, 50, 10, 1, 1]
Epoch 006 | Step 15960 | lr=2.500000e-04 | loss=0.682727 | k_vals=[100, 50, 20, 20, 50]
Epoch 006 | Step 15990 | lr=2.500000e-04 | loss=0.719081 | k_vals=[50, 20, 100, 50, 100]
Epoch 006 | Step 16020 | lr=2.500000e-04 | loss=0.714824 | k_vals=[50, 100, 100, 20, 100]
Epoch 006 | Step 16050 | lr=2.500000e-04 | loss=0.643971 | k_vals=[50, 1, 100, 20, 50]
Epoch 006 | Step 16080 | lr=2.500000e-04 | loss=0.666513 | k_vals=[20, 20, 10, 50, 50]
Epoch 006 | Step 16110 | lr=2.500000e-04 | loss=0.697633 | k_vals=[1, 20, 50, 100, 10]
Epoch 006 | Step 16140 | lr=2.500000e-04 | loss=0.639176 | k_vals=[20, 10, 50, 10, 20]
Epoch 006 | Step 16170 | lr=2.500000e-04 | loss=0.692634 | k_vals=[50, 10, 50, 20, 50]
Epoch 006 | Step 16200 | lr=2.500000e-04 | loss=0.759051 | k_vals=[50, 100, 100, 20, 1]
Epoch 006 | Step 16230 | lr=2.500000e-04 | loss=0.766894 | k_vals=[1, 50, 20, 100, 10]
Epoch 006 | Step 16260 | lr=2.500000e-04 | loss=0.716722 | k_vals=[20, 100, 1, 10, 20]
Epoch 006 | Step 16290 | lr=2.500000e-04 | loss=0.626766 | k_vals=[10, 20, 10, 10, 20]
Epoch 006 | Step 16320 | lr=2.500000e-04 | loss=0.548908 | k_vals=[10, 20, 50, 100, 100]
Epoch 006 | Step 16350 | lr=2.500000e-04 | loss=0.546525 | k_vals=[100, 100, 20, 50, 10]
Epoch 006 | Step 16380 | lr=2.500000e-04 | loss=0.627066 | k_vals=[100, 100, 100, 50, 20]
Epoch 006 | Step 16410 | lr=2.500000e-04 | loss=0.597546 | k_vals=[1, 10, 50, 50, 10]
Epoch 006 | Step 16440 | lr=2.500000e-04 | loss=0.635039 | k_vals=[10, 50, 10, 20, 100]
Epoch 006 | Step 16470 | lr=2.500000e-04 | loss=0.674464 | k_vals=[1, 1, 20, 100, 1]
Epoch 006 | Step 16500 | lr=2.500000e-04 | loss=0.638766 | k_vals=[100, 50, 1, 20, 100]
Epoch 006 | Step 16530 | lr=2.500000e-04 | loss=0.677533 | k_vals=[100, 10, 20, 100, 10]
Epoch 006 | Step 16560 | lr=2.500000e-04 | loss=0.868284 | k_vals=[20, 50, 50, 50, 10]
Epoch 006 | Step 16590 | lr=2.500000e-04 | loss=0.721075 | k_vals=[50, 20, 20, 20, 50]
Epoch 006 | Step 16620 | lr=2.500000e-04 | loss=0.583951 | k_vals=[100, 50, 100, 10, 1]
Epoch 006 | Step 16650 | lr=2.500000e-04 | loss=0.793996 | k_vals=[20, 50, 20, 100, 1]
Epoch 006 | Step 16680 | lr=2.500000e-04 | loss=0.643255 | k_vals=[50, 10, 100, 50, 100]
Epoch 006 | Step 16710 | lr=2.500000e-04 | loss=0.585699 | k_vals=[10, 20, 50, 1, 50]
Epoch 006 | Step 16740 | lr=2.500000e-04 | loss=0.595364 | k_vals=[100, 10, 20, 20, 10]
Epoch 006 | Step 16770 | lr=2.500000e-04 | loss=0.725295 | k_vals=[1, 20, 1, 1, 10]
Epoch 006 | Step 16800 | lr=2.500000e-04 | loss=0.519306 | k_vals=[20, 10, 10, 100, 100]
Epoch 006 | Step 16830 | lr=2.500000e-04 | loss=0.716250 | k_vals=[10, 20, 10, 10, 1]
Epoch 006 | Step 16860 | lr=2.500000e-04 | loss=0.576739 | k_vals=[10, 1, 1, 100, 100]
Epoch 006 | Step 16890 | lr=2.500000e-04 | loss=0.645441 | k_vals=[100, 50, 100, 50, 20]
Epoch 006 | Step 16920 | lr=2.500000e-04 | loss=0.727560 | k_vals=[20, 1, 50, 20, 1]
Epoch 006 | Step 16950 | lr=2.500000e-04 | loss=0.747863 | k_vals=[100, 1, 1, 100, 100]
Epoch 006 | Step 16980 | lr=2.500000e-04 | loss=0.744855 | k_vals=[50, 100, 1, 50, 1]
Epoch 006 | Step 17010 | lr=2.500000e-04 | loss=0.682495 | k_vals=[100, 1, 100, 10, 50]
Epoch 006 | Step 17040 | lr=2.500000e-04 | loss=0.561695 | k_vals=[20, 10, 10, 1, 10]
Epoch 006 | Step 17070 | lr=2.500000e-04 | loss=0.755029 | k_vals=[10, 10, 20, 50, 50]
Epoch 006 | Step 17100 | lr=2.500000e-04 | loss=0.702909 | k_vals=[100, 1, 50, 100, 100]
Epoch 006 | Step 17130 | lr=2.500000e-04 | loss=0.655754 | k_vals=[1, 10, 10, 20, 1]
Epoch 006 | Step 17160 | lr=2.500000e-04 | loss=0.771538 | k_vals=[100, 1, 10, 50, 1]
Epoch 006 | Step 17190 | lr=2.500000e-04 | loss=0.700676 | k_vals=[20, 50, 20, 20, 1]
Epoch 006 | Step 17220 | lr=2.500000e-04 | loss=0.767649 | k_vals=[1, 100, 1, 50, 50]
Epoch 006 | Step 17250 | lr=2.500000e-04 | loss=0.628934 | k_vals=[50, 20, 10, 10, 1]
Epoch 006 | Step 17280 | lr=2.500000e-04 | loss=0.567531 | k_vals=[50, 1, 100, 1, 100]
Epoch 006 | Step 17310 | lr=2.500000e-04 | loss=0.573128 | k_vals=[10, 50, 100, 50, 1]
Epoch 006 | Step 17340 | lr=2.500000e-04 | loss=0.725424 | k_vals=[20, 10, 20, 20, 50]
Epoch 006 | Step 17370 | lr=2.500000e-04 | loss=0.636293 | k_vals=[50, 50, 1, 50, 100]
Epoch 006 | Step 17400 | lr=2.500000e-04 | loss=0.746179 | k_vals=[50, 10, 100, 20, 50]
Epoch 006 | Step 17430 | lr=2.500000e-04 | loss=0.580586 | k_vals=[100, 50, 50, 100, 1]
Epoch 006 | Step 17460 | lr=2.500000e-04 | loss=0.867455 | k_vals=[100, 1, 20, 1, 1]
Epoch 006 | Step 17490 | lr=2.500000e-04 | loss=0.687727 | k_vals=[50, 20, 10, 10, 20]
Epoch 006 | Step 17520 | lr=2.500000e-04 | loss=0.622701 | k_vals=[20, 50, 100, 10, 50]
Epoch 006 | Step 17550 | lr=2.500000e-04 | loss=0.671129 | k_vals=[1, 20, 20, 1, 50]
[Epoch 6] K-value distribution: K=1:450138(20.0%) | K=10:450114(20.0%) | K=20:449711(20.0%) | K=50:450051(20.0%) | K=100:449986(20.0%)
epoch 006 | train_kld=0.669025 | val_kld=0.679702 | val_mae=0.006171 | val_mse=0.001583 | ord_acc@10=0.1813 | recall@10=0.5894
Epoch 007 | Step 30 | lr=1.727458e-04 | loss=0.558591 | k_vals=[1, 50, 1, 1, 100]
Epoch 007 | Step 60 | lr=1.727458e-04 | loss=0.660004 | k_vals=[50, 50, 1, 100, 1]
Epoch 007 | Step 90 | lr=1.727458e-04 | loss=0.586166 | k_vals=[1, 10, 100, 10, 20]
Epoch 007 | Step 120 | lr=1.727458e-04 | loss=0.566667 | k_vals=[50, 10, 10, 50, 1]
Epoch 007 | Step 150 | lr=1.727458e-04 | loss=0.635550 | k_vals=[100, 50, 100, 50, 100]
Epoch 007 | Step 180 | lr=1.727458e-04 | loss=0.526445 | k_vals=[50, 100, 20, 10, 1]
Epoch 007 | Step 210 | lr=1.727458e-04 | loss=0.670785 | k_vals=[20, 50, 20, 100, 50]
Epoch 007 | Step 240 | lr=1.727458e-04 | loss=0.569784 | k_vals=[50, 50, 20, 1, 100]
Epoch 007 | Step 270 | lr=1.727458e-04 | loss=0.565472 | k_vals=[50, 1, 10, 100, 1]
Epoch 007 | Step 300 | lr=1.727458e-04 | loss=0.728363 | k_vals=[50, 1, 50, 50, 1]
Epoch 007 | Step 330 | lr=1.727458e-04 | loss=0.751983 | k_vals=[10, 1, 50, 50, 20]
Epoch 007 | Step 360 | lr=1.727458e-04 | loss=0.693277 | k_vals=[50, 20, 100, 50, 10]
Epoch 007 | Step 390 | lr=1.727458e-04 | loss=0.631462 | k_vals=[1, 20, 10, 1, 100]
Epoch 007 | Step 420 | lr=1.727458e-04 | loss=0.667644 | k_vals=[10, 1, 10, 1, 50]
Epoch 007 | Step 450 | lr=1.727458e-04 | loss=0.695985 | k_vals=[50, 1, 50, 20, 1]
Epoch 007 | Step 480 | lr=1.727458e-04 | loss=0.864613 | k_vals=[10, 1, 1, 1, 20]
Epoch 007 | Step 510 | lr=1.727458e-04 | loss=0.697974 | k_vals=[10, 10, 20, 50, 50]
Epoch 007 | Step 540 | lr=1.727458e-04 | loss=0.731995 | k_vals=[1, 20, 1, 20, 10]
Epoch 007 | Step 570 | lr=1.727458e-04 | loss=0.655858 | k_vals=[100, 10, 10, 50, 10]
Epoch 007 | Step 600 | lr=1.727458e-04 | loss=0.618633 | k_vals=[10, 1, 50, 50, 100]
Epoch 007 | Step 630 | lr=1.727458e-04 | loss=0.783180 | k_vals=[100, 100, 1, 20, 100]
Epoch 007 | Step 660 | lr=1.727458e-04 | loss=0.773625 | k_vals=[1, 10, 20, 1, 20]
Epoch 007 | Step 690 | lr=1.727458e-04 | loss=0.556672 | k_vals=[1, 50, 10, 50, 20]
Epoch 007 | Step 720 | lr=1.727458e-04 | loss=0.710852 | k_vals=[1, 10, 20, 100, 20]
Epoch 007 | Step 750 | lr=1.727458e-04 | loss=0.655317 | k_vals=[50, 20, 100, 20, 50]
Epoch 007 | Step 780 | lr=1.727458e-04 | loss=0.919561 | k_vals=[20, 10, 10, 50, 50]
Epoch 007 | Step 810 | lr=1.727458e-04 | loss=0.576996 | k_vals=[1, 1, 100, 1, 20]
Epoch 007 | Step 840 | lr=1.727458e-04 | loss=0.689807 | k_vals=[1, 20, 50, 50, 1]
Epoch 007 | Step 870 | lr=1.727458e-04 | loss=0.676047 | k_vals=[100, 10, 20, 1, 1]
Epoch 007 | Step 900 | lr=1.727458e-04 | loss=0.611825 | k_vals=[10, 1, 1, 10, 1]
Epoch 007 | Step 930 | lr=1.727458e-04 | loss=0.674601 | k_vals=[20, 10, 1, 20, 10]
Epoch 007 | Step 960 | lr=1.727458e-04 | loss=0.603201 | k_vals=[20, 100, 50, 100, 10]
Epoch 007 | Step 990 | lr=1.727458e-04 | loss=0.638153 | k_vals=[10, 10, 20, 50, 1]
Epoch 007 | Step 1020 | lr=1.727458e-04 | loss=0.802061 | k_vals=[100, 100, 20, 50, 10]
Epoch 007 | Step 1050 | lr=1.727458e-04 | loss=0.642766 | k_vals=[50, 50, 1, 10, 10]
Epoch 007 | Step 1080 | lr=1.727458e-04 | loss=0.591275 | k_vals=[100, 50, 1, 100, 50]
Epoch 007 | Step 1110 | lr=1.727458e-04 | loss=0.761304 | k_vals=[20, 10, 10, 1, 10]
Epoch 007 | Step 1140 | lr=1.727458e-04 | loss=0.555129 | k_vals=[50, 100, 50, 10, 50]
Epoch 007 | Step 1170 | lr=1.727458e-04 | loss=0.828317 | k_vals=[20, 1, 20, 10, 100]
Epoch 007 | Step 1200 | lr=1.727458e-04 | loss=0.566784 | k_vals=[100, 20, 1, 10, 100]
Epoch 007 | Step 1230 | lr=1.727458e-04 | loss=0.706968 | k_vals=[100, 10, 10, 50, 10]
Epoch 007 | Step 1260 | lr=1.727458e-04 | loss=0.785342 | k_vals=[50, 100, 10, 20, 1]
Epoch 007 | Step 1290 | lr=1.727458e-04 | loss=0.663346 | k_vals=[1, 1, 20, 50, 50]
Epoch 007 | Step 1320 | lr=1.727458e-04 | loss=0.538223 | k_vals=[20, 50, 1, 10, 10]
Epoch 007 | Step 1350 | lr=1.727458e-04 | loss=0.656898 | k_vals=[10, 10, 100, 10, 50]
Epoch 007 | Step 1380 | lr=1.727458e-04 | loss=0.554678 | k_vals=[100, 10, 20, 10, 10]
Epoch 007 | Step 1410 | lr=1.727458e-04 | loss=0.641619 | k_vals=[10, 100, 1, 20, 50]
Epoch 007 | Step 1440 | lr=1.727458e-04 | loss=0.739916 | k_vals=[10, 100, 1, 50, 1]
Epoch 007 | Step 1470 | lr=1.727458e-04 | loss=0.773481 | k_vals=[1, 10, 10, 50, 10]
Epoch 007 | Step 1500 | lr=1.727458e-04 | loss=0.735024 | k_vals=[50, 1, 10, 100, 10]
Epoch 007 | Step 1530 | lr=1.727458e-04 | loss=0.627734 | k_vals=[100, 100, 20, 100, 10]
Epoch 007 | Step 1560 | lr=1.727458e-04 | loss=0.634567 | k_vals=[100, 20, 100, 10, 1]
Epoch 007 | Step 1590 | lr=1.727458e-04 | loss=0.511804 | k_vals=[50, 20, 100, 10, 10]
Epoch 007 | Step 1620 | lr=1.727458e-04 | loss=0.561328 | k_vals=[100, 100, 100, 20, 1]
Epoch 007 | Step 1650 | lr=1.727458e-04 | loss=0.637527 | k_vals=[100, 1, 1, 10, 50]
Epoch 007 | Step 1680 | lr=1.727458e-04 | loss=0.635258 | k_vals=[50, 1, 50, 100, 100]
Epoch 007 | Step 1710 | lr=1.727458e-04 | loss=0.547745 | k_vals=[1, 50, 20, 10, 50]
Epoch 007 | Step 1740 | lr=1.727458e-04 | loss=0.629297 | k_vals=[100, 20, 10, 100, 50]
Epoch 007 | Step 1770 | lr=1.727458e-04 | loss=0.586346 | k_vals=[1, 100, 50, 50, 10]
Epoch 007 | Step 1800 | lr=1.727458e-04 | loss=0.797745 | k_vals=[50, 1, 1, 1, 50]
Epoch 007 | Step 1830 | lr=1.727458e-04 | loss=0.667155 | k_vals=[50, 10, 1, 1, 20]
Epoch 007 | Step 1860 | lr=1.727458e-04 | loss=0.573518 | k_vals=[10, 20, 100, 20, 20]
Epoch 007 | Step 1890 | lr=1.727458e-04 | loss=0.616259 | k_vals=[50, 100, 100, 50, 1]
Epoch 007 | Step 1920 | lr=1.727458e-04 | loss=0.574452 | k_vals=[100, 20, 20, 1, 20]
Epoch 007 | Step 1950 | lr=1.727458e-04 | loss=0.729528 | k_vals=[20, 20, 10, 20, 10]
Epoch 007 | Step 1980 | lr=1.727458e-04 | loss=0.520046 | k_vals=[50, 50, 100, 1, 100]
Epoch 007 | Step 2010 | lr=1.727458e-04 | loss=0.399028 | k_vals=[1, 100, 50, 50, 50]
Epoch 007 | Step 2040 | lr=1.727458e-04 | loss=0.665219 | k_vals=[100, 20, 1, 1, 10]
Epoch 007 | Step 2070 | lr=1.727458e-04 | loss=0.637154 | k_vals=[100, 1, 10, 20, 1]
Epoch 007 | Step 2100 | lr=1.727458e-04 | loss=0.719772 | k_vals=[1, 50, 1, 1, 20]
Epoch 007 | Step 2130 | lr=1.727458e-04 | loss=0.704346 | k_vals=[50, 10, 1, 1, 10]
Epoch 007 | Step 2160 | lr=1.727458e-04 | loss=0.641992 | k_vals=[50, 20, 1, 10, 50]
Epoch 007 | Step 2190 | lr=1.727458e-04 | loss=0.672417 | k_vals=[10, 50, 20, 20, 1]
Epoch 007 | Step 2220 | lr=1.727458e-04 | loss=0.549289 | k_vals=[1, 100, 20, 20, 10]
Epoch 007 | Step 2250 | lr=1.727458e-04 | loss=0.667374 | k_vals=[10, 10, 1, 100, 100]
Epoch 007 | Step 2280 | lr=1.727458e-04 | loss=0.625303 | k_vals=[1, 20, 20, 10, 20]
Epoch 007 | Step 2310 | lr=1.727458e-04 | loss=0.728023 | k_vals=[100, 20, 100, 50, 1]
Epoch 007 | Step 2340 | lr=1.727458e-04 | loss=0.697725 | k_vals=[1, 100, 1, 10, 100]
Epoch 007 | Step 2370 | lr=1.727458e-04 | loss=0.748312 | k_vals=[10, 100, 100, 1, 100]
Epoch 007 | Step 2400 | lr=1.727458e-04 | loss=0.649008 | k_vals=[10, 10, 100, 10, 20]
Epoch 007 | Step 2430 | lr=1.727458e-04 | loss=0.664903 | k_vals=[10, 20, 1, 1, 50]
Epoch 007 | Step 2460 | lr=1.727458e-04 | loss=0.789218 | k_vals=[1, 10, 10, 10, 1]
Epoch 007 | Step 2490 | lr=1.727458e-04 | loss=0.872630 | k_vals=[50, 10, 100, 100, 50]
Epoch 007 | Step 2520 | lr=1.727458e-04 | loss=0.749055 | k_vals=[1, 1, 50, 10, 10]
Epoch 007 | Step 2550 | lr=1.727458e-04 | loss=0.749631 | k_vals=[50, 100, 50, 1, 10]
Epoch 007 | Step 2580 | lr=1.727458e-04 | loss=0.630765 | k_vals=[10, 100, 1, 100, 20]
Epoch 007 | Step 2610 | lr=1.727458e-04 | loss=0.692447 | k_vals=[10, 1, 10, 100, 10]
Epoch 007 | Step 2640 | lr=1.727458e-04 | loss=0.532689 | k_vals=[20, 1, 100, 1, 10]
Epoch 007 | Step 2670 | lr=1.727458e-04 | loss=0.669259 | k_vals=[10, 50, 20, 20, 50]
Epoch 007 | Step 2700 | lr=1.727458e-04 | loss=0.526580 | k_vals=[1, 10, 10, 1, 50]
Epoch 007 | Step 2730 | lr=1.727458e-04 | loss=0.608947 | k_vals=[10, 10, 10, 10, 50]
Epoch 007 | Step 2760 | lr=1.727458e-04 | loss=0.628647 | k_vals=[1, 1, 100, 20, 1]
Epoch 007 | Step 2790 | lr=1.727458e-04 | loss=0.738702 | k_vals=[100, 20, 20, 20, 1]
Epoch 007 | Step 2820 | lr=1.727458e-04 | loss=0.666609 | k_vals=[20, 1, 50, 100, 1]
Epoch 007 | Step 2850 | lr=1.727458e-04 | loss=0.732292 | k_vals=[100, 50, 100, 1, 10]
Epoch 007 | Step 2880 | lr=1.727458e-04 | loss=0.626038 | k_vals=[20, 50, 100, 100, 50]
Epoch 007 | Step 2910 | lr=1.727458e-04 | loss=0.643146 | k_vals=[1, 1, 50, 1, 10]
Epoch 007 | Step 2940 | lr=1.727458e-04 | loss=0.672394 | k_vals=[10, 50, 1, 1, 100]
Epoch 007 | Step 2970 | lr=1.727458e-04 | loss=0.695727 | k_vals=[20, 100, 10, 20, 50]
Epoch 007 | Step 3000 | lr=1.727458e-04 | loss=0.566353 | k_vals=[1, 10, 1, 50, 20]
Epoch 007 | Step 3030 | lr=1.727458e-04 | loss=0.584888 | k_vals=[50, 10, 50, 10, 1]
Epoch 007 | Step 3060 | lr=1.727458e-04 | loss=0.718618 | k_vals=[100, 100, 10, 10, 1]
Epoch 007 | Step 3090 | lr=1.727458e-04 | loss=0.694037 | k_vals=[100, 10, 1, 20, 1]
Epoch 007 | Step 3120 | lr=1.727458e-04 | loss=0.649786 | k_vals=[10, 100, 10, 20, 1]
Epoch 007 | Step 3150 | lr=1.727458e-04 | loss=0.616266 | k_vals=[20, 1, 100, 100, 10]
Epoch 007 | Step 3180 | lr=1.727458e-04 | loss=0.629704 | k_vals=[20, 100, 10, 10, 20]
Epoch 007 | Step 3210 | lr=1.727458e-04 | loss=0.658760 | k_vals=[20, 100, 10, 1, 1]
Epoch 007 | Step 3240 | lr=1.727458e-04 | loss=0.656389 | k_vals=[10, 20, 100, 50, 20]
Epoch 007 | Step 3270 | lr=1.727458e-04 | loss=0.629046 | k_vals=[100, 20, 50, 20, 1]
Epoch 007 | Step 3300 | lr=1.727458e-04 | loss=0.555761 | k_vals=[20, 10, 100, 50, 10]
Epoch 007 | Step 3330 | lr=1.727458e-04 | loss=0.627111 | k_vals=[10, 100, 1, 1, 100]
Epoch 007 | Step 3360 | lr=1.727458e-04 | loss=0.671765 | k_vals=[100, 100, 10, 10, 100]
Epoch 007 | Step 3390 | lr=1.727458e-04 | loss=0.592250 | k_vals=[50, 100, 50, 20, 50]
Epoch 007 | Step 3420 | lr=1.727458e-04 | loss=0.553888 | k_vals=[1, 10, 50, 100, 1]
Epoch 007 | Step 3450 | lr=1.727458e-04 | loss=0.673033 | k_vals=[20, 20, 20, 20, 1]
Epoch 007 | Step 3480 | lr=1.727458e-04 | loss=0.664307 | k_vals=[1, 100, 1, 100, 1]
Epoch 007 | Step 3510 | lr=1.727458e-04 | loss=0.706337 | k_vals=[10, 20, 100, 100, 1]
Epoch 007 | Step 3540 | lr=1.727458e-04 | loss=0.690759 | k_vals=[10, 1, 20, 50, 10]
Epoch 007 | Step 3570 | lr=1.727458e-04 | loss=0.654813 | k_vals=[100, 10, 20, 50, 100]
Epoch 007 | Step 3600 | lr=1.727458e-04 | loss=0.541110 | k_vals=[50, 1, 10, 10, 20]
Epoch 007 | Step 3630 | lr=1.727458e-04 | loss=0.705329 | k_vals=[20, 20, 50, 50, 10]
Epoch 007 | Step 3660 | lr=1.727458e-04 | loss=0.554878 | k_vals=[10, 50, 100, 100, 100]
Epoch 007 | Step 3690 | lr=1.727458e-04 | loss=0.611780 | k_vals=[1, 50, 10, 10, 10]
Epoch 007 | Step 3720 | lr=1.727458e-04 | loss=0.600385 | k_vals=[20, 1, 1, 50, 50]
Epoch 007 | Step 3750 | lr=1.727458e-04 | loss=0.671450 | k_vals=[1, 100, 50, 100, 20]
Epoch 007 | Step 3780 | lr=1.727458e-04 | loss=0.872364 | k_vals=[50, 10, 50, 50, 20]
Epoch 007 | Step 3810 | lr=1.727458e-04 | loss=0.629156 | k_vals=[50, 1, 10, 20, 1]
Epoch 007 | Step 3840 | lr=1.727458e-04 | loss=0.668079 | k_vals=[1, 100, 10, 20, 1]
Epoch 007 | Step 3870 | lr=1.727458e-04 | loss=0.615060 | k_vals=[1, 50, 10, 100, 50]
Epoch 007 | Step 3900 | lr=1.727458e-04 | loss=0.594147 | k_vals=[10, 100, 20, 10, 1]
Epoch 007 | Step 3930 | lr=1.727458e-04 | loss=0.539090 | k_vals=[10, 50, 1, 100, 10]
Epoch 007 | Step 3960 | lr=1.727458e-04 | loss=0.643898 | k_vals=[10, 100, 10, 20, 100]
Epoch 007 | Step 3990 | lr=1.727458e-04 | loss=0.600325 | k_vals=[50, 100, 10, 20, 10]
Epoch 007 | Step 4020 | lr=1.727458e-04 | loss=0.609104 | k_vals=[10, 20, 20, 50, 20]
Epoch 007 | Step 4050 | lr=1.727458e-04 | loss=0.591751 | k_vals=[10, 1, 10, 1, 50]
Epoch 007 | Step 4080 | lr=1.727458e-04 | loss=0.748403 | k_vals=[1, 20, 1, 100, 50]
Epoch 007 | Step 4110 | lr=1.727458e-04 | loss=0.691685 | k_vals=[1, 50, 1, 20, 20]
Epoch 007 | Step 4140 | lr=1.727458e-04 | loss=0.644469 | k_vals=[100, 20, 20, 1, 100]
Epoch 007 | Step 4170 | lr=1.727458e-04 | loss=0.659063 | k_vals=[50, 10, 1, 20, 10]
Epoch 007 | Step 4200 | lr=1.727458e-04 | loss=0.552659 | k_vals=[100, 100, 50, 10, 10]
Epoch 007 | Step 4230 | lr=1.727458e-04 | loss=0.618418 | k_vals=[50, 50, 1, 20, 50]
Epoch 007 | Step 4260 | lr=1.727458e-04 | loss=0.758618 | k_vals=[50, 20, 1, 10, 10]
Epoch 007 | Step 4290 | lr=1.727458e-04 | loss=0.632260 | k_vals=[10, 100, 20, 100, 10]
Epoch 007 | Step 4320 | lr=1.727458e-04 | loss=0.589665 | k_vals=[10, 10, 50, 20, 20]
Epoch 007 | Step 4350 | lr=1.727458e-04 | loss=0.585357 | k_vals=[20, 50, 100, 50, 50]
Epoch 007 | Step 4380 | lr=1.727458e-04 | loss=0.521915 | k_vals=[10, 20, 1, 1, 50]
Epoch 007 | Step 4410 | lr=1.727458e-04 | loss=0.805228 | k_vals=[1, 20, 10, 100, 50]
Epoch 007 | Step 4440 | lr=1.727458e-04 | loss=0.702561 | k_vals=[10, 100, 20, 20, 50]
Epoch 007 | Step 4470 | lr=1.727458e-04 | loss=0.679002 | k_vals=[10, 100, 1, 100, 100]
Epoch 007 | Step 4500 | lr=1.727458e-04 | loss=0.596718 | k_vals=[50, 10, 10, 1, 50]
Epoch 007 | Step 4530 | lr=1.727458e-04 | loss=0.624442 | k_vals=[10, 10, 100, 20, 20]
Epoch 007 | Step 4560 | lr=1.727458e-04 | loss=0.648047 | k_vals=[20, 50, 20, 50, 20]
Epoch 007 | Step 4590 | lr=1.727458e-04 | loss=0.689190 | k_vals=[1, 1, 20, 50, 10]
Epoch 007 | Step 4620 | lr=1.727458e-04 | loss=0.628699 | k_vals=[50, 1, 50, 50, 1]
Epoch 007 | Step 4650 | lr=1.727458e-04 | loss=0.489481 | k_vals=[100, 1, 20, 1, 1]
Epoch 007 | Step 4680 | lr=1.727458e-04 | loss=0.658838 | k_vals=[100, 1, 10, 1, 50]
Epoch 007 | Step 4710 | lr=1.727458e-04 | loss=0.592128 | k_vals=[100, 10, 100, 50, 20]
Epoch 007 | Step 4740 | lr=1.727458e-04 | loss=0.694992 | k_vals=[10, 100, 50, 10, 20]
Epoch 007 | Step 4770 | lr=1.727458e-04 | loss=0.772721 | k_vals=[50, 50, 100, 20, 20]
Epoch 007 | Step 4800 | lr=1.727458e-04 | loss=0.624045 | k_vals=[100, 50, 20, 10, 10]
Epoch 007 | Step 4830 | lr=1.727458e-04 | loss=0.678362 | k_vals=[50, 50, 10, 50, 20]
Epoch 007 | Step 4860 | lr=1.727458e-04 | loss=0.649191 | k_vals=[20, 100, 1, 50, 50]
Epoch 007 | Step 4890 | lr=1.727458e-04 | loss=0.676268 | k_vals=[50, 10, 1, 100, 10]
Epoch 007 | Step 4920 | lr=1.727458e-04 | loss=0.772894 | k_vals=[1, 1, 1, 1, 10]
Epoch 007 | Step 4950 | lr=1.727458e-04 | loss=0.583541 | k_vals=[20, 1, 10, 50, 50]
Epoch 007 | Step 4980 | lr=1.727458e-04 | loss=0.584079 | k_vals=[20, 10, 50, 20, 20]
Epoch 007 | Step 5010 | lr=1.727458e-04 | loss=0.726227 | k_vals=[20, 10, 50, 20, 1]
Epoch 007 | Step 5040 | lr=1.727458e-04 | loss=0.623003 | k_vals=[1, 20, 10, 10, 50]
Epoch 007 | Step 5070 | lr=1.727458e-04 | loss=0.655263 | k_vals=[10, 20, 1, 100, 50]
Epoch 007 | Step 5100 | lr=1.727458e-04 | loss=0.689302 | k_vals=[1, 20, 10, 20, 20]
Epoch 007 | Step 5130 | lr=1.727458e-04 | loss=0.663155 | k_vals=[10, 50, 20, 10, 10]
Epoch 007 | Step 5160 | lr=1.727458e-04 | loss=0.580847 | k_vals=[100, 100, 10, 100, 10]
Epoch 007 | Step 5190 | lr=1.727458e-04 | loss=0.641379 | k_vals=[10, 100, 10, 1, 10]
Epoch 007 | Step 5220 | lr=1.727458e-04 | loss=0.668708 | k_vals=[1, 10, 100, 20, 20]
Epoch 007 | Step 5250 | lr=1.727458e-04 | loss=0.680835 | k_vals=[10, 100, 20, 20, 20]
Epoch 007 | Step 5280 | lr=1.727458e-04 | loss=0.648923 | k_vals=[10, 1, 100, 100, 50]
Epoch 007 | Step 5310 | lr=1.727458e-04 | loss=0.627003 | k_vals=[50, 50, 20, 10, 50]
Epoch 007 | Step 5340 | lr=1.727458e-04 | loss=0.641897 | k_vals=[10, 50, 100, 10, 100]
Epoch 007 | Step 5370 | lr=1.727458e-04 | loss=0.599868 | k_vals=[10, 50, 10, 1, 10]
Epoch 007 | Step 5400 | lr=1.727458e-04 | loss=0.816307 | k_vals=[1, 50, 1, 10, 1]
Epoch 007 | Step 5430 | lr=1.727458e-04 | loss=0.729154 | k_vals=[100, 100, 100, 100, 50]
Epoch 007 | Step 5460 | lr=1.727458e-04 | loss=0.554061 | k_vals=[10, 100, 100, 100, 50]
Epoch 007 | Step 5490 | lr=1.727458e-04 | loss=0.611040 | k_vals=[50, 20, 10, 1, 100]
Epoch 007 | Step 5520 | lr=1.727458e-04 | loss=0.751905 | k_vals=[1, 50, 20, 20, 50]
Epoch 007 | Step 5550 | lr=1.727458e-04 | loss=0.712757 | k_vals=[100, 1, 100, 100, 100]
Epoch 007 | Step 5580 | lr=1.727458e-04 | loss=0.750877 | k_vals=[100, 1, 20, 100, 1]
Epoch 007 | Step 5610 | lr=1.727458e-04 | loss=0.546915 | k_vals=[10, 10, 10, 1, 100]
Epoch 007 | Step 5640 | lr=1.727458e-04 | loss=0.540431 | k_vals=[50, 50, 50, 20, 50]
Epoch 007 | Step 5670 | lr=1.727458e-04 | loss=0.691981 | k_vals=[10, 50, 20, 50, 10]
Epoch 007 | Step 5700 | lr=1.727458e-04 | loss=0.600988 | k_vals=[20, 1, 1, 20, 50]
Epoch 007 | Step 5730 | lr=1.727458e-04 | loss=0.646324 | k_vals=[50, 100, 10, 1, 20]
Epoch 007 | Step 5760 | lr=1.727458e-04 | loss=0.589811 | k_vals=[50, 1, 10, 50, 50]
Epoch 007 | Step 5790 | lr=1.727458e-04 | loss=0.595604 | k_vals=[10, 50, 20, 10, 50]
Epoch 007 | Step 5820 | lr=1.727458e-04 | loss=0.738536 | k_vals=[10, 1, 100, 100, 50]
Epoch 007 | Step 5850 | lr=1.727458e-04 | loss=0.670560 | k_vals=[1, 10, 10, 50, 50]
Epoch 007 | Step 5880 | lr=1.727458e-04 | loss=0.793572 | k_vals=[50, 100, 10, 20, 100]
Epoch 007 | Step 5910 | lr=1.727458e-04 | loss=0.636366 | k_vals=[10, 1, 100, 1, 10]
Epoch 007 | Step 5940 | lr=1.727458e-04 | loss=0.762072 | k_vals=[100, 100, 50, 50, 1]
Epoch 007 | Step 5970 | lr=1.727458e-04 | loss=0.665778 | k_vals=[20, 20, 20, 50, 100]
Epoch 007 | Step 6000 | lr=1.727458e-04 | loss=0.673986 | k_vals=[50, 50, 1, 1, 100]
Epoch 007 | Step 6030 | lr=1.727458e-04 | loss=0.773356 | k_vals=[20, 10, 20, 100, 1]
Epoch 007 | Step 6060 | lr=1.727458e-04 | loss=0.653389 | k_vals=[20, 20, 50, 50, 10]
Epoch 007 | Step 6090 | lr=1.727458e-04 | loss=0.603776 | k_vals=[1, 50, 20, 50, 100]
Epoch 007 | Step 6120 | lr=1.727458e-04 | loss=0.836071 | k_vals=[50, 10, 100, 10, 1]
Epoch 007 | Step 6150 | lr=1.727458e-04 | loss=0.618126 | k_vals=[1, 1, 20, 20, 10]
Epoch 007 | Step 6180 | lr=1.727458e-04 | loss=0.655373 | k_vals=[1, 20, 1, 20, 20]
Epoch 007 | Step 6210 | lr=1.727458e-04 | loss=0.634236 | k_vals=[20, 1, 50, 1, 10]
Epoch 007 | Step 6240 | lr=1.727458e-04 | loss=0.679810 | k_vals=[20, 1, 10, 10, 20]
Epoch 007 | Step 6270 | lr=1.727458e-04 | loss=0.514140 | k_vals=[10, 10, 20, 100, 10]
Epoch 007 | Step 6300 | lr=1.727458e-04 | loss=0.602004 | k_vals=[100, 10, 10, 50, 10]
Epoch 007 | Step 6330 | lr=1.727458e-04 | loss=0.682509 | k_vals=[1, 1, 100, 20, 1]
Epoch 007 | Step 6360 | lr=1.727458e-04 | loss=0.640794 | k_vals=[20, 100, 100, 1, 50]
Epoch 007 | Step 6390 | lr=1.727458e-04 | loss=0.635011 | k_vals=[100, 20, 1, 20, 50]
Epoch 007 | Step 6420 | lr=1.727458e-04 | loss=0.525265 | k_vals=[100, 10, 1, 100, 100]
Epoch 007 | Step 6450 | lr=1.727458e-04 | loss=0.672980 | k_vals=[10, 20, 50, 10, 100]
Epoch 007 | Step 6480 | lr=1.727458e-04 | loss=0.736270 | k_vals=[100, 100, 1, 1, 100]
Epoch 007 | Step 6510 | lr=1.727458e-04 | loss=0.587455 | k_vals=[10, 20, 100, 10, 20]
Epoch 007 | Step 6540 | lr=1.727458e-04 | loss=0.853973 | k_vals=[10, 100, 50, 100, 10]
Epoch 007 | Step 6570 | lr=1.727458e-04 | loss=0.651070 | k_vals=[20, 20, 10, 20, 10]
Epoch 007 | Step 6600 | lr=1.727458e-04 | loss=0.628177 | k_vals=[50, 100, 50, 20, 20]
Epoch 007 | Step 6630 | lr=1.727458e-04 | loss=0.686247 | k_vals=[20, 50, 1, 1, 100]
Epoch 007 | Step 6660 | lr=1.727458e-04 | loss=0.658670 | k_vals=[50, 50, 50, 1, 50]
Epoch 007 | Step 6690 | lr=1.727458e-04 | loss=0.622105 | k_vals=[50, 20, 10, 20, 10]
Epoch 007 | Step 6720 | lr=1.727458e-04 | loss=0.655274 | k_vals=[20, 10, 50, 1, 100]
Epoch 007 | Step 6750 | lr=1.727458e-04 | loss=0.702650 | k_vals=[50, 10, 1, 50, 50]
Epoch 007 | Step 6780 | lr=1.727458e-04 | loss=0.646694 | k_vals=[100, 1, 20, 100, 10]
Epoch 007 | Step 6810 | lr=1.727458e-04 | loss=0.682453 | k_vals=[50, 1, 1, 1, 100]
Epoch 007 | Step 6840 | lr=1.727458e-04 | loss=0.518931 | k_vals=[1, 10, 10, 10, 10]
Epoch 007 | Step 6870 | lr=1.727458e-04 | loss=0.693474 | k_vals=[50, 1, 50, 1, 1]
Epoch 007 | Step 6900 | lr=1.727458e-04 | loss=0.646561 | k_vals=[10, 20, 100, 100, 100]
Epoch 007 | Step 6930 | lr=1.727458e-04 | loss=0.635467 | k_vals=[20, 10, 10, 100, 100]
Epoch 007 | Step 6960 | lr=1.727458e-04 | loss=0.539203 | k_vals=[100, 50, 10, 10, 50]
Epoch 007 | Step 6990 | lr=1.727458e-04 | loss=0.666336 | k_vals=[1, 50, 50, 10, 100]
Epoch 007 | Step 7020 | lr=1.727458e-04 | loss=0.642342 | k_vals=[100, 20, 100, 1, 100]
Epoch 007 | Step 7050 | lr=1.727458e-04 | loss=0.721768 | k_vals=[50, 1, 50, 20, 100]
Epoch 007 | Step 7080 | lr=1.727458e-04 | loss=0.652312 | k_vals=[20, 50, 100, 50, 1]
Epoch 007 | Step 7110 | lr=1.727458e-04 | loss=0.648715 | k_vals=[10, 100, 20, 10, 20]
Epoch 007 | Step 7140 | lr=1.727458e-04 | loss=0.752425 | k_vals=[10, 100, 50, 50, 20]
Epoch 007 | Step 7170 | lr=1.727458e-04 | loss=0.634866 | k_vals=[10, 10, 1, 100, 100]
Epoch 007 | Step 7200 | lr=1.727458e-04 | loss=0.562902 | k_vals=[20, 1, 50, 1, 20]
Epoch 007 | Step 7230 | lr=1.727458e-04 | loss=0.600203 | k_vals=[1, 100, 100, 20, 1]
Epoch 007 | Step 7260 | lr=1.727458e-04 | loss=0.638117 | k_vals=[100, 50, 50, 100, 50]
Epoch 007 | Step 7290 | lr=1.727458e-04 | loss=0.532973 | k_vals=[10, 10, 100, 50, 10]
Epoch 007 | Step 7320 | lr=1.727458e-04 | loss=0.633055 | k_vals=[10, 100, 20, 1, 100]
Epoch 007 | Step 7350 | lr=1.727458e-04 | loss=0.739658 | k_vals=[100, 20, 1, 20, 100]
Epoch 007 | Step 7380 | lr=1.727458e-04 | loss=0.607160 | k_vals=[20, 1, 50, 10, 100]
Epoch 007 | Step 7410 | lr=1.727458e-04 | loss=0.616382 | k_vals=[20, 100, 10, 10, 10]
Epoch 007 | Step 7440 | lr=1.727458e-04 | loss=0.725587 | k_vals=[50, 10, 50, 10, 1]
Epoch 007 | Step 7470 | lr=1.727458e-04 | loss=0.581967 | k_vals=[100, 20, 100, 10, 50]
Epoch 007 | Step 7500 | lr=1.727458e-04 | loss=0.750959 | k_vals=[50, 20, 20, 20, 50]
Epoch 007 | Step 7530 | lr=1.727458e-04 | loss=0.801828 | k_vals=[10, 1, 10, 10, 10]
Epoch 007 | Step 7560 | lr=1.727458e-04 | loss=0.772555 | k_vals=[10, 100, 50, 1, 100]
Epoch 007 | Step 7590 | lr=1.727458e-04 | loss=0.549393 | k_vals=[10, 10, 50, 20, 50]
Epoch 007 | Step 7620 | lr=1.727458e-04 | loss=0.623818 | k_vals=[20, 1, 20, 50, 1]
Epoch 007 | Step 7650 | lr=1.727458e-04 | loss=0.754716 | k_vals=[20, 100, 50, 100, 10]
Epoch 007 | Step 7680 | lr=1.727458e-04 | loss=0.489543 | k_vals=[20, 50, 10, 50, 100]
Epoch 007 | Step 7710 | lr=1.727458e-04 | loss=0.644722 | k_vals=[10, 10, 20, 50, 1]
Epoch 007 | Step 7740 | lr=1.727458e-04 | loss=0.793661 | k_vals=[20, 50, 10, 100, 20]
Epoch 007 | Step 7770 | lr=1.727458e-04 | loss=0.644806 | k_vals=[10, 1, 100, 50, 10]
Epoch 007 | Step 7800 | lr=1.727458e-04 | loss=0.620878 | k_vals=[1, 100, 20, 50, 20]
Epoch 007 | Step 7830 | lr=1.727458e-04 | loss=0.678317 | k_vals=[1, 50, 50, 50, 100]
Epoch 007 | Step 7860 | lr=1.727458e-04 | loss=0.423981 | k_vals=[50, 10, 50, 20, 50]
Epoch 007 | Step 7890 | lr=1.727458e-04 | loss=0.724681 | k_vals=[20, 10, 50, 20, 20]
Epoch 007 | Step 7920 | lr=1.727458e-04 | loss=0.643971 | k_vals=[1, 10, 20, 10, 10]
Epoch 007 | Step 7950 | lr=1.727458e-04 | loss=0.653681 | k_vals=[20, 10, 10, 100, 100]
Epoch 007 | Step 7980 | lr=1.727458e-04 | loss=0.581217 | k_vals=[10, 10, 100, 1, 20]
Epoch 007 | Step 8010 | lr=1.727458e-04 | loss=0.673730 | k_vals=[10, 1, 1, 1, 10]
Epoch 007 | Step 8040 | lr=1.727458e-04 | loss=0.624374 | k_vals=[10, 100, 50, 100, 50]
Epoch 007 | Step 8070 | lr=1.727458e-04 | loss=0.638791 | k_vals=[100, 100, 10, 1, 50]
Epoch 007 | Step 8100 | lr=1.727458e-04 | loss=0.672744 | k_vals=[10, 1, 50, 10, 10]
Epoch 007 | Step 8130 | lr=1.727458e-04 | loss=0.496240 | k_vals=[20, 20, 100, 20, 50]
Epoch 007 | Step 8160 | lr=1.727458e-04 | loss=0.652978 | k_vals=[100, 10, 50, 100, 1]
Epoch 007 | Step 8190 | lr=1.727458e-04 | loss=0.798571 | k_vals=[100, 1, 10, 20, 20]
Epoch 007 | Step 8220 | lr=1.727458e-04 | loss=0.698804 | k_vals=[100, 100, 10, 10, 100]
Epoch 007 | Step 8250 | lr=1.727458e-04 | loss=0.634992 | k_vals=[10, 100, 20, 100, 50]
Epoch 007 | Step 8280 | lr=1.727458e-04 | loss=0.870981 | k_vals=[1, 1, 20, 1, 50]
Epoch 007 | Step 8310 | lr=1.727458e-04 | loss=0.650115 | k_vals=[1, 1, 1, 20, 10]
Epoch 007 | Step 8340 | lr=1.727458e-04 | loss=0.569753 | k_vals=[1, 100, 10, 50, 100]
Epoch 007 | Step 8370 | lr=1.727458e-04 | loss=0.750456 | k_vals=[1, 100, 20, 1, 100]
Epoch 007 | Step 8400 | lr=1.727458e-04 | loss=0.598581 | k_vals=[100, 20, 1, 10, 20]
Epoch 007 | Step 8430 | lr=1.727458e-04 | loss=0.566466 | k_vals=[10, 10, 20, 10, 10]
Epoch 007 | Step 8460 | lr=1.727458e-04 | loss=0.604347 | k_vals=[1, 1, 100, 1, 100]
Epoch 007 | Step 8490 | lr=1.727458e-04 | loss=0.519652 | k_vals=[50, 50, 10, 20, 20]
Epoch 007 | Step 8520 | lr=1.727458e-04 | loss=0.641064 | k_vals=[50, 20, 1, 50, 100]
Epoch 007 | Step 8550 | lr=1.727458e-04 | loss=0.575365 | k_vals=[20, 10, 100, 10, 50]
Epoch 007 | Step 8580 | lr=1.727458e-04 | loss=0.628845 | k_vals=[50, 100, 10, 50, 50]
Epoch 007 | Step 8610 | lr=1.727458e-04 | loss=0.651346 | k_vals=[100, 50, 10, 1, 100]
Epoch 007 | Step 8640 | lr=1.727458e-04 | loss=0.810908 | k_vals=[1, 100, 50, 100, 100]
Epoch 007 | Step 8670 | lr=1.727458e-04 | loss=0.656796 | k_vals=[100, 100, 50, 50, 1]
Epoch 007 | Step 8700 | lr=1.727458e-04 | loss=0.602109 | k_vals=[100, 50, 1, 10, 1]
Epoch 007 | Step 8730 | lr=1.727458e-04 | loss=0.780569 | k_vals=[100, 100, 1, 1, 20]
Epoch 007 | Step 8760 | lr=1.727458e-04 | loss=0.574275 | k_vals=[50, 10, 50, 50, 10]
Epoch 007 | Step 8790 | lr=1.727458e-04 | loss=0.674766 | k_vals=[20, 1, 50, 1, 100]
Epoch 007 | Step 8820 | lr=1.727458e-04 | loss=0.735194 | k_vals=[50, 100, 10, 100, 20]
Epoch 007 | Step 8850 | lr=1.727458e-04 | loss=0.571288 | k_vals=[50, 100, 10, 50, 50]
Epoch 007 | Step 8880 | lr=1.727458e-04 | loss=0.642906 | k_vals=[50, 50, 20, 1, 1]
Epoch 007 | Step 8910 | lr=1.727458e-04 | loss=0.663219 | k_vals=[50, 50, 50, 1, 20]
Epoch 007 | Step 8940 | lr=1.727458e-04 | loss=0.739965 | k_vals=[10, 100, 20, 50, 10]
Epoch 007 | Step 8970 | lr=1.727458e-04 | loss=0.709224 | k_vals=[20, 20, 50, 50, 20]
Epoch 007 | Step 9000 | lr=1.727458e-04 | loss=0.642084 | k_vals=[50, 100, 10, 1, 100]
Epoch 007 | Step 9030 | lr=1.727458e-04 | loss=0.663366 | k_vals=[50, 20, 1, 10, 20]
Epoch 007 | Step 9060 | lr=1.727458e-04 | loss=0.651101 | k_vals=[10, 50, 10, 1, 50]
Epoch 007 | Step 9090 | lr=1.727458e-04 | loss=0.690262 | k_vals=[100, 1, 50, 10, 50]
Epoch 007 | Step 9120 | lr=1.727458e-04 | loss=0.579097 | k_vals=[100, 1, 10, 1, 20]
Epoch 007 | Step 9150 | lr=1.727458e-04 | loss=0.547567 | k_vals=[10, 100, 1, 1, 20]
Epoch 007 | Step 9180 | lr=1.727458e-04 | loss=0.716241 | k_vals=[100, 50, 1, 50, 20]
Epoch 007 | Step 9210 | lr=1.727458e-04 | loss=0.767981 | k_vals=[10, 10, 100, 10, 20]
Epoch 007 | Step 9240 | lr=1.727458e-04 | loss=0.538380 | k_vals=[10, 100, 1, 20, 100]
Epoch 007 | Step 9270 | lr=1.727458e-04 | loss=0.619653 | k_vals=[50, 50, 1, 1, 50]
Epoch 007 | Step 9300 | lr=1.727458e-04 | loss=0.696148 | k_vals=[50, 50, 1, 50, 1]
Epoch 007 | Step 9330 | lr=1.727458e-04 | loss=0.517912 | k_vals=[1, 50, 1, 100, 10]
Epoch 007 | Step 9360 | lr=1.727458e-04 | loss=0.658139 | k_vals=[50, 10, 1, 1, 20]
Epoch 007 | Step 9390 | lr=1.727458e-04 | loss=0.623612 | k_vals=[1, 10, 10, 100, 100]
Epoch 007 | Step 9420 | lr=1.727458e-04 | loss=0.588869 | k_vals=[10, 100, 50, 10, 20]
Epoch 007 | Step 9450 | lr=1.727458e-04 | loss=0.606406 | k_vals=[50, 10, 20, 1, 10]
Epoch 007 | Step 9480 | lr=1.727458e-04 | loss=0.664625 | k_vals=[50, 10, 20, 100, 50]
Epoch 007 | Step 9510 | lr=1.727458e-04 | loss=0.696986 | k_vals=[1, 50, 1, 50, 20]
Epoch 007 | Step 9540 | lr=1.727458e-04 | loss=0.670526 | k_vals=[1, 1, 20, 10, 1]
Epoch 007 | Step 9570 | lr=1.727458e-04 | loss=0.558139 | k_vals=[10, 20, 1, 20, 100]
Epoch 007 | Step 9600 | lr=1.727458e-04 | loss=0.493035 | k_vals=[20, 20, 20, 100, 50]
Epoch 007 | Step 9630 | lr=1.727458e-04 | loss=0.687299 | k_vals=[1, 10, 1, 100, 20]
Epoch 007 | Step 9660 | lr=1.727458e-04 | loss=0.645374 | k_vals=[100, 1, 50, 10, 100]
Epoch 007 | Step 9690 | lr=1.727458e-04 | loss=0.617640 | k_vals=[20, 10, 50, 20, 100]
Epoch 007 | Step 9720 | lr=1.727458e-04 | loss=0.649248 | k_vals=[50, 1, 50, 50, 10]
Epoch 007 | Step 9750 | lr=1.727458e-04 | loss=0.661310 | k_vals=[10, 100, 50, 100, 100]
Epoch 007 | Step 9780 | lr=1.727458e-04 | loss=0.632456 | k_vals=[20, 20, 10, 10, 50]
Epoch 007 | Step 9810 | lr=1.727458e-04 | loss=0.736032 | k_vals=[50, 100, 100, 50, 10]
Epoch 007 | Step 9840 | lr=1.727458e-04 | loss=0.615297 | k_vals=[50, 20, 10, 1, 50]
Epoch 007 | Step 9870 | lr=1.727458e-04 | loss=0.577923 | k_vals=[20, 50, 1, 10, 100]
Epoch 007 | Step 9900 | lr=1.727458e-04 | loss=0.478577 | k_vals=[100, 50, 10, 1, 100]
Epoch 007 | Step 9930 | lr=1.727458e-04 | loss=0.811019 | k_vals=[1, 20, 100, 100, 50]
Epoch 007 | Step 9960 | lr=1.727458e-04 | loss=0.836082 | k_vals=[10, 10, 20, 50, 50]
Epoch 007 | Step 9990 | lr=1.727458e-04 | loss=0.628420 | k_vals=[50, 20, 100, 50, 20]
Epoch 007 | Step 10020 | lr=1.727458e-04 | loss=0.598993 | k_vals=[100, 50, 10, 20, 10]
Epoch 007 | Step 10050 | lr=1.727458e-04 | loss=0.619028 | k_vals=[50, 100, 10, 10, 100]
Epoch 007 | Step 10080 | lr=1.727458e-04 | loss=0.689624 | k_vals=[20, 100, 20, 10, 20]
Epoch 007 | Step 10110 | lr=1.727458e-04 | loss=0.558114 | k_vals=[100, 50, 20, 10, 50]
Epoch 007 | Step 10140 | lr=1.727458e-04 | loss=0.781730 | k_vals=[100, 50, 20, 50, 50]
Epoch 007 | Step 10170 | lr=1.727458e-04 | loss=0.817769 | k_vals=[10, 1, 100, 1, 10]
Epoch 007 | Step 10200 | lr=1.727458e-04 | loss=0.695713 | k_vals=[20, 10, 50, 100, 10]
Epoch 007 | Step 10230 | lr=1.727458e-04 | loss=0.607364 | k_vals=[50, 10, 50, 100, 50]
Epoch 007 | Step 10260 | lr=1.727458e-04 | loss=0.679424 | k_vals=[50, 10, 50, 20, 100]
Epoch 007 | Step 10290 | lr=1.727458e-04 | loss=0.625888 | k_vals=[20, 100, 1, 1, 50]
Epoch 007 | Step 10320 | lr=1.727458e-04 | loss=0.578288 | k_vals=[20, 50, 50, 10, 1]
Epoch 007 | Step 10350 | lr=1.727458e-04 | loss=0.676097 | k_vals=[10, 50, 100, 100, 50]
Epoch 007 | Step 10380 | lr=1.727458e-04 | loss=0.690656 | k_vals=[1, 20, 20, 50, 10]
Epoch 007 | Step 10410 | lr=1.727458e-04 | loss=0.606497 | k_vals=[20, 1, 50, 10, 20]
Epoch 007 | Step 10440 | lr=1.727458e-04 | loss=0.576805 | k_vals=[1, 100, 50, 20, 50]
Epoch 007 | Step 10470 | lr=1.727458e-04 | loss=0.607184 | k_vals=[10, 1, 50, 50, 10]
Epoch 007 | Step 10500 | lr=1.727458e-04 | loss=0.726202 | k_vals=[50, 1, 20, 1, 1]
Epoch 007 | Step 10530 | lr=1.727458e-04 | loss=0.636162 | k_vals=[100, 20, 20, 20, 10]
Epoch 007 | Step 10560 | lr=1.727458e-04 | loss=0.613166 | k_vals=[1, 1, 100, 1, 10]
Epoch 007 | Step 10590 | lr=1.727458e-04 | loss=0.574673 | k_vals=[20, 10, 10, 100, 50]
Epoch 007 | Step 10620 | lr=1.727458e-04 | loss=0.766072 | k_vals=[10, 1, 20, 1, 50]
Epoch 007 | Step 10650 | lr=1.727458e-04 | loss=0.874723 | k_vals=[100, 50, 10, 100, 50]
Epoch 007 | Step 10680 | lr=1.727458e-04 | loss=0.601176 | k_vals=[20, 1, 10, 50, 20]
Epoch 007 | Step 10710 | lr=1.727458e-04 | loss=0.857221 | k_vals=[100, 20, 1, 20, 10]
Epoch 007 | Step 10740 | lr=1.727458e-04 | loss=0.631133 | k_vals=[50, 50, 50, 10, 20]
Epoch 007 | Step 10770 | lr=1.727458e-04 | loss=0.645089 | k_vals=[1, 20, 100, 10, 20]
Epoch 007 | Step 10800 | lr=1.727458e-04 | loss=0.627096 | k_vals=[10, 20, 50, 10, 1]
Epoch 007 | Step 10830 | lr=1.727458e-04 | loss=0.808743 | k_vals=[20, 20, 10, 10, 50]
Epoch 007 | Step 10860 | lr=1.727458e-04 | loss=0.570922 | k_vals=[10, 10, 1, 50, 100]
Epoch 007 | Step 10890 | lr=1.727458e-04 | loss=0.731284 | k_vals=[100, 1, 50, 10, 1]
Epoch 007 | Step 10920 | lr=1.727458e-04 | loss=0.708213 | k_vals=[1, 100, 50, 10, 50]
Epoch 007 | Step 10950 | lr=1.727458e-04 | loss=0.737784 | k_vals=[20, 10, 20, 1, 1]
Epoch 007 | Step 10980 | lr=1.727458e-04 | loss=0.520459 | k_vals=[10, 1, 50, 1, 10]
Epoch 007 | Step 11010 | lr=1.727458e-04 | loss=0.618676 | k_vals=[1, 100, 100, 20, 1]
Epoch 007 | Step 11040 | lr=1.727458e-04 | loss=0.582171 | k_vals=[20, 20, 100, 100, 20]
Epoch 007 | Step 11070 | lr=1.727458e-04 | loss=0.517892 | k_vals=[50, 50, 50, 50, 100]
Epoch 007 | Step 11100 | lr=1.727458e-04 | loss=0.707837 | k_vals=[50, 20, 20, 20, 10]
Epoch 007 | Step 11130 | lr=1.727458e-04 | loss=0.653649 | k_vals=[1, 100, 1, 10, 10]
Epoch 007 | Step 11160 | lr=1.727458e-04 | loss=0.762704 | k_vals=[50, 1, 50, 10, 20]
Epoch 007 | Step 11190 | lr=1.727458e-04 | loss=0.493057 | k_vals=[100, 10, 50, 100, 100]
Epoch 007 | Step 11220 | lr=1.727458e-04 | loss=0.729442 | k_vals=[20, 50, 100, 1, 10]
Epoch 007 | Step 11250 | lr=1.727458e-04 | loss=0.668003 | k_vals=[50, 1, 20, 10, 1]
Epoch 007 | Step 11280 | lr=1.727458e-04 | loss=0.697745 | k_vals=[20, 10, 100, 1, 10]
Epoch 007 | Step 11310 | lr=1.727458e-04 | loss=0.594397 | k_vals=[1, 10, 100, 20, 50]
Epoch 007 | Step 11340 | lr=1.727458e-04 | loss=0.566327 | k_vals=[50, 1, 10, 1, 20]
Epoch 007 | Step 11370 | lr=1.727458e-04 | loss=0.590106 | k_vals=[10, 20, 20, 20, 50]
Epoch 007 | Step 11400 | lr=1.727458e-04 | loss=0.813850 | k_vals=[20, 100, 50, 1, 50]
Epoch 007 | Step 11430 | lr=1.727458e-04 | loss=0.678255 | k_vals=[50, 1, 1, 20, 100]
Epoch 007 | Step 11460 | lr=1.727458e-04 | loss=0.704963 | k_vals=[1, 1, 100, 1, 50]
Epoch 007 | Step 11490 | lr=1.727458e-04 | loss=0.541798 | k_vals=[10, 1, 10, 50, 10]
Epoch 007 | Step 11520 | lr=1.727458e-04 | loss=0.719524 | k_vals=[20, 50, 1, 10, 10]
Epoch 007 | Step 11550 | lr=1.727458e-04 | loss=0.526076 | k_vals=[10, 50, 50, 100, 100]
Epoch 007 | Step 11580 | lr=1.727458e-04 | loss=0.587800 | k_vals=[50, 20, 50, 100, 10]
Epoch 007 | Step 11610 | lr=1.727458e-04 | loss=0.669859 | k_vals=[50, 10, 100, 100, 10]
Epoch 007 | Step 11640 | lr=1.727458e-04 | loss=0.601343 | k_vals=[100, 1, 100, 10, 100]
Epoch 007 | Step 11670 | lr=1.727458e-04 | loss=0.606809 | k_vals=[100, 100, 20, 100, 1]
Epoch 007 | Step 11700 | lr=1.727458e-04 | loss=0.700786 | k_vals=[100, 10, 50, 10, 100]
Epoch 007 | Step 11730 | lr=1.727458e-04 | loss=0.641503 | k_vals=[100, 1, 100, 1, 1]
Epoch 007 | Step 11760 | lr=1.727458e-04 | loss=0.663369 | k_vals=[100, 100, 100, 10, 10]
Epoch 007 | Step 11790 | lr=1.727458e-04 | loss=0.678145 | k_vals=[1, 1, 10, 1, 10]
Epoch 007 | Step 11820 | lr=1.727458e-04 | loss=0.576270 | k_vals=[10, 10, 100, 50, 50]
Epoch 007 | Step 11850 | lr=1.727458e-04 | loss=0.586417 | k_vals=[20, 100, 50, 100, 10]
Epoch 007 | Step 11880 | lr=1.727458e-04 | loss=0.499517 | k_vals=[50, 50, 20, 10, 10]
Epoch 007 | Step 11910 | lr=1.727458e-04 | loss=0.704865 | k_vals=[10, 10, 1, 10, 100]
Epoch 007 | Step 11940 | lr=1.727458e-04 | loss=0.846557 | k_vals=[20, 1, 100, 1, 10]
Epoch 007 | Step 11970 | lr=1.727458e-04 | loss=0.772363 | k_vals=[50, 10, 1, 50, 10]
Epoch 007 | Step 12000 | lr=1.727458e-04 | loss=0.723924 | k_vals=[20, 50, 20, 20, 1]
Epoch 007 | Step 12030 | lr=1.727458e-04 | loss=0.634807 | k_vals=[20, 1, 1, 20, 50]
Epoch 007 | Step 12060 | lr=1.727458e-04 | loss=0.596096 | k_vals=[50, 50, 20, 20, 10]
Epoch 007 | Step 12090 | lr=1.727458e-04 | loss=0.695720 | k_vals=[1, 20, 50, 20, 1]
Epoch 007 | Step 12120 | lr=1.727458e-04 | loss=0.657849 | k_vals=[50, 10, 10, 1, 50]
Epoch 007 | Step 12150 | lr=1.727458e-04 | loss=0.554900 | k_vals=[1, 100, 100, 20, 50]
Epoch 007 | Step 12180 | lr=1.727458e-04 | loss=0.866781 | k_vals=[50, 20, 1, 100, 100]
Epoch 007 | Step 12210 | lr=1.727458e-04 | loss=0.637205 | k_vals=[20, 50, 100, 10, 50]
Epoch 007 | Step 12240 | lr=1.727458e-04 | loss=0.721173 | k_vals=[20, 100, 50, 10, 100]
Epoch 007 | Step 12270 | lr=1.727458e-04 | loss=0.716350 | k_vals=[20, 100, 20, 10, 1]
Epoch 007 | Step 12300 | lr=1.727458e-04 | loss=0.682679 | k_vals=[100, 10, 1, 50, 10]
Epoch 007 | Step 12330 | lr=1.727458e-04 | loss=0.559499 | k_vals=[1, 10, 10, 10, 10]
Epoch 007 | Step 12360 | lr=1.727458e-04 | loss=0.612903 | k_vals=[1, 100, 50, 10, 10]
Epoch 007 | Step 12390 | lr=1.727458e-04 | loss=0.639060 | k_vals=[100, 10, 1, 50, 20]
Epoch 007 | Step 12420 | lr=1.727458e-04 | loss=0.702384 | k_vals=[100, 1, 50, 20, 50]
Epoch 007 | Step 12450 | lr=1.727458e-04 | loss=0.690736 | k_vals=[1, 100, 1, 1, 10]
Epoch 007 | Step 12480 | lr=1.727458e-04 | loss=0.710001 | k_vals=[10, 100, 50, 50, 50]
Epoch 007 | Step 12510 | lr=1.727458e-04 | loss=0.653951 | k_vals=[10, 1, 1, 100, 50]
Epoch 007 | Step 12540 | lr=1.727458e-04 | loss=0.597670 | k_vals=[20, 20, 100, 10, 50]
Epoch 007 | Step 12570 | lr=1.727458e-04 | loss=0.501511 | k_vals=[1, 20, 50, 10, 100]
Epoch 007 | Step 12600 | lr=1.727458e-04 | loss=0.618815 | k_vals=[100, 100, 20, 100, 10]
Epoch 007 | Step 12630 | lr=1.727458e-04 | loss=0.673974 | k_vals=[1, 1, 10, 100, 100]
Epoch 007 | Step 12660 | lr=1.727458e-04 | loss=0.588565 | k_vals=[1, 1, 20, 1, 10]
Epoch 007 | Step 12690 | lr=1.727458e-04 | loss=0.749159 | k_vals=[20, 1, 10, 20, 10]
Epoch 007 | Step 12720 | lr=1.727458e-04 | loss=0.612693 | k_vals=[100, 50, 20, 1, 100]
Epoch 007 | Step 12750 | lr=1.727458e-04 | loss=0.620094 | k_vals=[20, 100, 1, 100, 100]
Epoch 007 | Step 12780 | lr=1.727458e-04 | loss=0.619061 | k_vals=[1, 10, 100, 1, 50]
Epoch 007 | Step 12810 | lr=1.727458e-04 | loss=0.708462 | k_vals=[100, 1, 1, 10, 50]
Epoch 007 | Step 12840 | lr=1.727458e-04 | loss=0.574996 | k_vals=[100, 100, 1, 50, 20]
Epoch 007 | Step 12870 | lr=1.727458e-04 | loss=0.771057 | k_vals=[20, 1, 1, 1, 20]
Epoch 007 | Step 12900 | lr=1.727458e-04 | loss=0.556874 | k_vals=[20, 100, 100, 20, 100]
Epoch 007 | Step 12930 | lr=1.727458e-04 | loss=0.789614 | k_vals=[50, 1, 20, 1, 10]
Epoch 007 | Step 12960 | lr=1.727458e-04 | loss=0.827576 | k_vals=[1, 1, 10, 20, 100]
Epoch 007 | Step 12990 | lr=1.727458e-04 | loss=0.590069 | k_vals=[10, 10, 10, 50, 50]
Epoch 007 | Step 13020 | lr=1.727458e-04 | loss=0.709525 | k_vals=[20, 20, 100, 20, 10]
Epoch 007 | Step 13050 | lr=1.727458e-04 | loss=0.692573 | k_vals=[50, 20, 20, 1, 50]
Epoch 007 | Step 13080 | lr=1.727458e-04 | loss=0.708469 | k_vals=[10, 50, 50, 50, 10]
Epoch 007 | Step 13110 | lr=1.727458e-04 | loss=0.594364 | k_vals=[50, 1, 100, 20, 10]
Epoch 007 | Step 13140 | lr=1.727458e-04 | loss=0.592488 | k_vals=[10, 1, 100, 100, 10]
Epoch 007 | Step 13170 | lr=1.727458e-04 | loss=0.626589 | k_vals=[1, 1, 50, 50, 10]
Epoch 007 | Step 13200 | lr=1.727458e-04 | loss=0.663751 | k_vals=[20, 10, 50, 1, 50]
Epoch 007 | Step 13230 | lr=1.727458e-04 | loss=0.630456 | k_vals=[100, 50, 20, 10, 100]
Epoch 007 | Step 13260 | lr=1.727458e-04 | loss=0.615145 | k_vals=[20, 1, 10, 100, 50]
Epoch 007 | Step 13290 | lr=1.727458e-04 | loss=0.495328 | k_vals=[1, 10, 10, 100, 20]
Epoch 007 | Step 13320 | lr=1.727458e-04 | loss=0.637097 | k_vals=[100, 20, 1, 50, 10]
Epoch 007 | Step 13350 | lr=1.727458e-04 | loss=0.567376 | k_vals=[10, 10, 10, 20, 10]
Epoch 007 | Step 13380 | lr=1.727458e-04 | loss=0.740117 | k_vals=[50, 100, 50, 1, 100]
Epoch 007 | Step 13410 | lr=1.727458e-04 | loss=0.621519 | k_vals=[1, 10, 20, 20, 10]
Epoch 007 | Step 13440 | lr=1.727458e-04 | loss=0.570206 | k_vals=[50, 1, 1, 50, 20]
Epoch 007 | Step 13470 | lr=1.727458e-04 | loss=0.579852 | k_vals=[20, 10, 50, 100, 20]
Epoch 007 | Step 13500 | lr=1.727458e-04 | loss=0.677621 | k_vals=[50, 10, 50, 100, 100]
Epoch 007 | Step 13530 | lr=1.727458e-04 | loss=0.748557 | k_vals=[1, 1, 50, 10, 20]
Epoch 007 | Step 13560 | lr=1.727458e-04 | loss=0.642213 | k_vals=[10, 1, 1, 10, 1]
Epoch 007 | Step 13590 | lr=1.727458e-04 | loss=0.739795 | k_vals=[50, 50, 50, 100, 10]
Epoch 007 | Step 13620 | lr=1.727458e-04 | loss=0.542958 | k_vals=[100, 50, 100, 20, 20]
Epoch 007 | Step 13650 | lr=1.727458e-04 | loss=0.750134 | k_vals=[100, 1, 100, 100, 100]
Epoch 007 | Step 13680 | lr=1.727458e-04 | loss=0.597000 | k_vals=[10, 20, 1, 100, 100]
Epoch 007 | Step 13710 | lr=1.727458e-04 | loss=0.551087 | k_vals=[1, 20, 20, 50, 20]
Epoch 007 | Step 13740 | lr=1.727458e-04 | loss=0.715140 | k_vals=[50, 100, 50, 100, 1]
Epoch 007 | Step 13770 | lr=1.727458e-04 | loss=0.716525 | k_vals=[100, 20, 10, 100, 1]
Epoch 007 | Step 13800 | lr=1.727458e-04 | loss=0.657490 | k_vals=[50, 20, 20, 20, 1]
Epoch 007 | Step 13830 | lr=1.727458e-04 | loss=0.642972 | k_vals=[10, 20, 20, 10, 20]
Epoch 007 | Step 13860 | lr=1.727458e-04 | loss=0.685767 | k_vals=[20, 50, 1, 100, 1]
Epoch 007 | Step 13890 | lr=1.727458e-04 | loss=0.615837 | k_vals=[50, 100, 1, 50, 20]
Epoch 007 | Step 13920 | lr=1.727458e-04 | loss=0.593113 | k_vals=[10, 1, 50, 20, 10]
Epoch 007 | Step 13950 | lr=1.727458e-04 | loss=0.688916 | k_vals=[100, 50, 50, 20, 10]
Epoch 007 | Step 13980 | lr=1.727458e-04 | loss=0.612383 | k_vals=[50, 10, 20, 20, 50]
Epoch 007 | Step 14010 | lr=1.727458e-04 | loss=0.659520 | k_vals=[100, 1, 50, 1, 1]
Epoch 007 | Step 14040 | lr=1.727458e-04 | loss=0.619032 | k_vals=[100, 20, 100, 50, 100]
Epoch 007 | Step 14070 | lr=1.727458e-04 | loss=0.640504 | k_vals=[1, 10, 100, 50, 50]
Epoch 007 | Step 14100 | lr=1.727458e-04 | loss=0.562762 | k_vals=[50, 10, 50, 10, 100]
Epoch 007 | Step 14130 | lr=1.727458e-04 | loss=0.566118 | k_vals=[50, 50, 50, 20, 1]
Epoch 007 | Step 14160 | lr=1.727458e-04 | loss=0.611908 | k_vals=[100, 100, 100, 10, 10]
Epoch 007 | Step 14190 | lr=1.727458e-04 | loss=0.549732 | k_vals=[1, 50, 100, 1, 1]
Epoch 007 | Step 14220 | lr=1.727458e-04 | loss=0.856334 | k_vals=[1, 1, 1, 10, 20]
Epoch 007 | Step 14250 | lr=1.727458e-04 | loss=0.675823 | k_vals=[10, 1, 20, 50, 50]
Epoch 007 | Step 14280 | lr=1.727458e-04 | loss=0.700096 | k_vals=[20, 10, 1, 100, 10]
Epoch 007 | Step 14310 | lr=1.727458e-04 | loss=0.712866 | k_vals=[20, 20, 1, 50, 20]
Epoch 007 | Step 14340 | lr=1.727458e-04 | loss=0.554398 | k_vals=[20, 10, 1, 50, 50]
Epoch 007 | Step 14370 | lr=1.727458e-04 | loss=0.653136 | k_vals=[100, 20, 10, 50, 1]
Epoch 007 | Step 14400 | lr=1.727458e-04 | loss=0.569319 | k_vals=[100, 100, 50, 50, 50]
Epoch 007 | Step 14430 | lr=1.727458e-04 | loss=0.642116 | k_vals=[1, 20, 100, 20, 50]
Epoch 007 | Step 14460 | lr=1.727458e-04 | loss=0.542931 | k_vals=[1, 20, 1, 1, 10]
Epoch 007 | Step 14490 | lr=1.727458e-04 | loss=0.557672 | k_vals=[10, 10, 20, 20, 10]
Epoch 007 | Step 14520 | lr=1.727458e-04 | loss=0.678987 | k_vals=[10, 10, 50, 20, 1]
Epoch 007 | Step 14550 | lr=1.727458e-04 | loss=0.664331 | k_vals=[50, 50, 1, 20, 50]
Epoch 007 | Step 14580 | lr=1.727458e-04 | loss=0.819856 | k_vals=[20, 100, 1, 1, 1]
Epoch 007 | Step 14610 | lr=1.727458e-04 | loss=0.759576 | k_vals=[100, 20, 1, 100, 10]
Epoch 007 | Step 14640 | lr=1.727458e-04 | loss=0.688945 | k_vals=[50, 20, 20, 20, 10]
Epoch 007 | Step 14670 | lr=1.727458e-04 | loss=0.676855 | k_vals=[1, 20, 10, 10, 1]
Epoch 007 | Step 14700 | lr=1.727458e-04 | loss=0.637067 | k_vals=[10, 100, 100, 20, 20]
Epoch 007 | Step 14730 | lr=1.727458e-04 | loss=0.554011 | k_vals=[1, 100, 20, 100, 20]
Epoch 007 | Step 14760 | lr=1.727458e-04 | loss=0.570067 | k_vals=[10, 100, 50, 10, 10]
Epoch 007 | Step 14790 | lr=1.727458e-04 | loss=0.675306 | k_vals=[50, 100, 10, 1, 100]
Epoch 007 | Step 14820 | lr=1.727458e-04 | loss=0.593660 | k_vals=[20, 20, 50, 50, 100]
Epoch 007 | Step 14850 | lr=1.727458e-04 | loss=0.697455 | k_vals=[50, 10, 50, 100, 20]
Epoch 007 | Step 14880 | lr=1.727458e-04 | loss=0.765676 | k_vals=[20, 50, 100, 10, 10]
Epoch 007 | Step 14910 | lr=1.727458e-04 | loss=0.642366 | k_vals=[20, 10, 1, 20, 100]
Epoch 007 | Step 14940 | lr=1.727458e-04 | loss=0.679422 | k_vals=[50, 20, 1, 100, 1]
Epoch 007 | Step 14970 | lr=1.727458e-04 | loss=0.713687 | k_vals=[100, 100, 10, 50, 1]
Epoch 007 | Step 15000 | lr=1.727458e-04 | loss=0.727696 | k_vals=[1, 20, 10, 100, 50]
Epoch 007 | Step 15030 | lr=1.727458e-04 | loss=0.696619 | k_vals=[20, 100, 20, 1, 1]
Epoch 007 | Step 15060 | lr=1.727458e-04 | loss=0.700977 | k_vals=[50, 100, 1, 10, 100]
Epoch 007 | Step 15090 | lr=1.727458e-04 | loss=0.638235 | k_vals=[20, 1, 50, 100, 1]
Epoch 007 | Step 15120 | lr=1.727458e-04 | loss=0.791621 | k_vals=[1, 50, 10, 100, 100]
Epoch 007 | Step 15150 | lr=1.727458e-04 | loss=0.635601 | k_vals=[50, 20, 100, 100, 100]
Epoch 007 | Step 15180 | lr=1.727458e-04 | loss=0.691438 | k_vals=[1, 100, 100, 1, 1]
Epoch 007 | Step 15210 | lr=1.727458e-04 | loss=0.664646 | k_vals=[50, 100, 1, 50, 100]
Epoch 007 | Step 15240 | lr=1.727458e-04 | loss=0.670335 | k_vals=[10, 1, 1, 100, 50]
Epoch 007 | Step 15270 | lr=1.727458e-04 | loss=0.645592 | k_vals=[1, 20, 10, 50, 50]
Epoch 007 | Step 15300 | lr=1.727458e-04 | loss=0.625209 | k_vals=[10, 10, 100, 50, 50]
Epoch 007 | Step 15330 | lr=1.727458e-04 | loss=0.567114 | k_vals=[10, 100, 10, 1, 1]
Epoch 007 | Step 15360 | lr=1.727458e-04 | loss=0.755180 | k_vals=[1, 10, 50, 10, 1]
Epoch 007 | Step 15390 | lr=1.727458e-04 | loss=0.743012 | k_vals=[20, 100, 100, 100, 20]
Epoch 007 | Step 15420 | lr=1.727458e-04 | loss=0.677040 | k_vals=[1, 100, 1, 10, 50]
Epoch 007 | Step 15450 | lr=1.727458e-04 | loss=0.694746 | k_vals=[10, 20, 1, 10, 1]
Epoch 007 | Step 15480 | lr=1.727458e-04 | loss=0.526992 | k_vals=[1, 20, 1, 50, 100]
Epoch 007 | Step 15510 | lr=1.727458e-04 | loss=0.715006 | k_vals=[50, 20, 20, 50, 10]
Epoch 007 | Step 15540 | lr=1.727458e-04 | loss=0.577883 | k_vals=[1, 50, 50, 50, 100]
Epoch 007 | Step 15570 | lr=1.727458e-04 | loss=0.565384 | k_vals=[10, 10, 20, 100, 20]
Epoch 007 | Step 15600 | lr=1.727458e-04 | loss=0.674252 | k_vals=[1, 20, 10, 100, 20]
Epoch 007 | Step 15630 | lr=1.727458e-04 | loss=0.651393 | k_vals=[20, 10, 10, 20, 100]
Epoch 007 | Step 15660 | lr=1.727458e-04 | loss=0.652752 | k_vals=[100, 1, 50, 50, 20]
Epoch 007 | Step 15690 | lr=1.727458e-04 | loss=0.728233 | k_vals=[1, 10, 20, 20, 10]
Epoch 007 | Step 15720 | lr=1.727458e-04 | loss=0.751244 | k_vals=[1, 1, 20, 20, 20]
Epoch 007 | Step 15750 | lr=1.727458e-04 | loss=0.585507 | k_vals=[100, 10, 100, 20, 10]
Epoch 007 | Step 15780 | lr=1.727458e-04 | loss=0.712992 | k_vals=[100, 50, 1, 1, 1]
Epoch 007 | Step 15810 | lr=1.727458e-04 | loss=0.680699 | k_vals=[100, 20, 1, 100, 50]
Epoch 007 | Step 15840 | lr=1.727458e-04 | loss=0.569210 | k_vals=[10, 10, 1, 100, 50]
Epoch 007 | Step 15870 | lr=1.727458e-04 | loss=0.707172 | k_vals=[1, 1, 10, 1, 50]
Epoch 007 | Step 15900 | lr=1.727458e-04 | loss=0.576367 | k_vals=[50, 1, 20, 1, 100]
Epoch 007 | Step 15930 | lr=1.727458e-04 | loss=0.619963 | k_vals=[100, 20, 10, 10, 100]
Epoch 007 | Step 15960 | lr=1.727458e-04 | loss=0.749014 | k_vals=[50, 100, 20, 20, 10]
Epoch 007 | Step 15990 | lr=1.727458e-04 | loss=0.531892 | k_vals=[20, 10, 1, 20, 50]
Epoch 007 | Step 16020 | lr=1.727458e-04 | loss=0.603366 | k_vals=[20, 50, 1, 50, 100]
Epoch 007 | Step 16050 | lr=1.727458e-04 | loss=0.629792 | k_vals=[1, 20, 100, 100, 50]
Epoch 007 | Step 16080 | lr=1.727458e-04 | loss=0.623545 | k_vals=[1, 10, 100, 20, 20]
Epoch 007 | Step 16110 | lr=1.727458e-04 | loss=0.725727 | k_vals=[1, 1, 20, 50, 20]
Epoch 007 | Step 16140 | lr=1.727458e-04 | loss=0.570476 | k_vals=[1, 50, 50, 1, 20]
Epoch 007 | Step 16170 | lr=1.727458e-04 | loss=0.590516 | k_vals=[1, 1, 1, 50, 50]
Epoch 007 | Step 16200 | lr=1.727458e-04 | loss=0.620053 | k_vals=[10, 1, 10, 1, 1]
Epoch 007 | Step 16230 | lr=1.727458e-04 | loss=0.669187 | k_vals=[10, 20, 50, 20, 10]
Epoch 007 | Step 16260 | lr=1.727458e-04 | loss=0.744748 | k_vals=[100, 1, 20, 20, 1]
Epoch 007 | Step 16290 | lr=1.727458e-04 | loss=0.673494 | k_vals=[20, 100, 50, 20, 1]
Epoch 007 | Step 16320 | lr=1.727458e-04 | loss=0.691006 | k_vals=[1, 1, 10, 10, 50]
Epoch 007 | Step 16350 | lr=1.727458e-04 | loss=0.793904 | k_vals=[20, 10, 50, 1, 1]
Epoch 007 | Step 16380 | lr=1.727458e-04 | loss=0.658376 | k_vals=[20, 20, 20, 50, 20]
Epoch 007 | Step 16410 | lr=1.727458e-04 | loss=0.619013 | k_vals=[20, 50, 1, 100, 1]
Epoch 007 | Step 16440 | lr=1.727458e-04 | loss=0.606012 | k_vals=[50, 50, 50, 100, 20]
Epoch 007 | Step 16470 | lr=1.727458e-04 | loss=0.499194 | k_vals=[100, 10, 100, 20, 20]
Epoch 007 | Step 16500 | lr=1.727458e-04 | loss=0.656389 | k_vals=[20, 20, 20, 1, 10]
Epoch 007 | Step 16530 | lr=1.727458e-04 | loss=0.619015 | k_vals=[10, 20, 50, 50, 20]
Epoch 007 | Step 16560 | lr=1.727458e-04 | loss=0.908662 | k_vals=[1, 10, 50, 50, 20]
Epoch 007 | Step 16590 | lr=1.727458e-04 | loss=0.572956 | k_vals=[10, 10, 50, 1, 1]
Epoch 007 | Step 16620 | lr=1.727458e-04 | loss=0.621820 | k_vals=[1, 100, 1, 50, 20]
Epoch 007 | Step 16650 | lr=1.727458e-04 | loss=0.544923 | k_vals=[100, 10, 10, 100, 10]
Epoch 007 | Step 16680 | lr=1.727458e-04 | loss=0.655041 | k_vals=[1, 20, 50, 50, 10]
Epoch 007 | Step 16710 | lr=1.727458e-04 | loss=0.665782 | k_vals=[10, 50, 50, 20, 50]
Epoch 007 | Step 16740 | lr=1.727458e-04 | loss=0.690993 | k_vals=[1, 1, 100, 20, 100]
Epoch 007 | Step 16770 | lr=1.727458e-04 | loss=0.751681 | k_vals=[20, 1, 10, 1, 100]
Epoch 007 | Step 16800 | lr=1.727458e-04 | loss=0.710492 | k_vals=[100, 20, 10, 100, 20]
Epoch 007 | Step 16830 | lr=1.727458e-04 | loss=0.503513 | k_vals=[1, 50, 50, 1, 20]
Epoch 007 | Step 16860 | lr=1.727458e-04 | loss=0.657160 | k_vals=[20, 1, 10, 50, 1]
Epoch 007 | Step 16890 | lr=1.727458e-04 | loss=0.682607 | k_vals=[20, 100, 100, 10, 50]
Epoch 007 | Step 16920 | lr=1.727458e-04 | loss=0.636868 | k_vals=[10, 1, 20, 100, 100]
Epoch 007 | Step 16950 | lr=1.727458e-04 | loss=0.633920 | k_vals=[100, 100, 20, 50, 20]
Epoch 007 | Step 16980 | lr=1.727458e-04 | loss=0.713996 | k_vals=[1, 50, 50, 20, 50]
Epoch 007 | Step 17010 | lr=1.727458e-04 | loss=0.644651 | k_vals=[10, 100, 20, 100, 10]
Epoch 007 | Step 17040 | lr=1.727458e-04 | loss=0.556876 | k_vals=[10, 100, 1, 20, 1]
Epoch 007 | Step 17070 | lr=1.727458e-04 | loss=0.719318 | k_vals=[100, 100, 100, 100, 100]
Epoch 007 | Step 17100 | lr=1.727458e-04 | loss=0.602125 | k_vals=[100, 20, 20, 1, 50]
Epoch 007 | Step 17130 | lr=1.727458e-04 | loss=0.522613 | k_vals=[50, 20, 1, 10, 50]
Epoch 007 | Step 17160 | lr=1.727458e-04 | loss=0.847173 | k_vals=[1, 100, 1, 1, 20]
Epoch 007 | Step 17190 | lr=1.727458e-04 | loss=0.654771 | k_vals=[100, 20, 20, 100, 50]
Epoch 007 | Step 17220 | lr=1.727458e-04 | loss=0.580935 | k_vals=[1, 1, 20, 1, 100]
Epoch 007 | Step 17250 | lr=1.727458e-04 | loss=0.635774 | k_vals=[100, 100, 10, 10, 1]
Epoch 007 | Step 17280 | lr=1.727458e-04 | loss=0.581608 | k_vals=[20, 20, 100, 20, 10]
Epoch 007 | Step 17310 | lr=1.727458e-04 | loss=0.699204 | k_vals=[20, 1, 100, 50, 50]
Epoch 007 | Step 17340 | lr=1.727458e-04 | loss=0.645172 | k_vals=[50, 20, 10, 100, 1]
Epoch 007 | Step 17370 | lr=1.727458e-04 | loss=0.697508 | k_vals=[20, 100, 50, 10, 100]
Epoch 007 | Step 17400 | lr=1.727458e-04 | loss=0.705350 | k_vals=[100, 50, 100, 1, 20]
Epoch 007 | Step 17430 | lr=1.727458e-04 | loss=0.742022 | k_vals=[20, 1, 100, 100, 10]
Epoch 007 | Step 17460 | lr=1.727458e-04 | loss=0.656209 | k_vals=[20, 50, 10, 10, 100]
Epoch 007 | Step 17490 | lr=1.727458e-04 | loss=0.722806 | k_vals=[20, 20, 100, 10, 100]
Epoch 007 | Step 17520 | lr=1.727458e-04 | loss=0.591438 | k_vals=[20, 10, 100, 20, 10]
Epoch 007 | Step 17550 | lr=1.727458e-04 | loss=0.708947 | k_vals=[100, 20, 1, 20, 10]
[Epoch 7] K-value distribution: K=1:450138(20.0%) | K=10:450114(20.0%) | K=20:449711(20.0%) | K=50:450051(20.0%) | K=100:449986(20.0%)
epoch 007 | train_kld=0.652163 | val_kld=0.676866 | val_mae=0.006078 | val_mse=0.001576 | ord_acc@10=0.1830 | recall@10=0.5906
Epoch 008 | Step 30 | lr=1.030537e-04 | loss=0.580211 | k_vals=[50, 20, 20, 1, 100]
Epoch 008 | Step 60 | lr=1.030537e-04 | loss=0.600834 | k_vals=[100, 50, 100, 10, 100]
Epoch 008 | Step 90 | lr=1.030537e-04 | loss=0.584959 | k_vals=[1, 50, 10, 50, 1]
Epoch 008 | Step 120 | lr=1.030537e-04 | loss=0.691266 | k_vals=[1, 100, 50, 100, 20]
Epoch 008 | Step 150 | lr=1.030537e-04 | loss=0.769506 | k_vals=[100, 50, 100, 100, 20]
Epoch 008 | Step 180 | lr=1.030537e-04 | loss=0.579429 | k_vals=[50, 10, 50, 50, 20]
Epoch 008 | Step 210 | lr=1.030537e-04 | loss=0.638881 | k_vals=[1, 100, 1, 20, 50]
Epoch 008 | Step 240 | lr=1.030537e-04 | loss=0.550226 | k_vals=[1, 20, 50, 50, 10]
Epoch 008 | Step 270 | lr=1.030537e-04 | loss=0.683053 | k_vals=[10, 10, 10, 20, 10]
Epoch 008 | Step 300 | lr=1.030537e-04 | loss=0.682480 | k_vals=[10, 20, 20, 1, 10]
Epoch 008 | Step 330 | lr=1.030537e-04 | loss=0.623857 | k_vals=[50, 1, 10, 100, 10]
Epoch 008 | Step 360 | lr=1.030537e-04 | loss=0.539390 | k_vals=[100, 1, 100, 50, 20]
Epoch 008 | Step 390 | lr=1.030537e-04 | loss=0.601440 | k_vals=[100, 1, 10, 10, 20]
Epoch 008 | Step 420 | lr=1.030537e-04 | loss=0.711177 | k_vals=[100, 20, 50, 20, 50]
Epoch 008 | Step 450 | lr=1.030537e-04 | loss=0.488228 | k_vals=[10, 50, 50, 1, 1]
Epoch 008 | Step 480 | lr=1.030537e-04 | loss=0.759874 | k_vals=[1, 100, 100, 100, 1]
Epoch 008 | Step 510 | lr=1.030537e-04 | loss=0.673520 | k_vals=[10, 20, 1, 10, 10]
Epoch 008 | Step 540 | lr=1.030537e-04 | loss=0.571746 | k_vals=[20, 100, 50, 10, 20]
Epoch 008 | Step 570 | lr=1.030537e-04 | loss=0.480822 | k_vals=[1, 20, 10, 100, 20]
Epoch 008 | Step 600 | lr=1.030537e-04 | loss=0.610123 | k_vals=[50, 20, 50, 1, 100]
Epoch 008 | Step 630 | lr=1.030537e-04 | loss=0.653771 | k_vals=[50, 20, 50, 10, 100]
Epoch 008 | Step 660 | lr=1.030537e-04 | loss=0.629853 | k_vals=[100, 1, 1, 20, 50]
Epoch 008 | Step 690 | lr=1.030537e-04 | loss=0.606542 | k_vals=[1, 50, 100, 50, 100]
Epoch 008 | Step 720 | lr=1.030537e-04 | loss=0.542849 | k_vals=[20, 10, 50, 100, 50]
Epoch 008 | Step 750 | lr=1.030537e-04 | loss=0.519037 | k_vals=[100, 100, 50, 50, 50]
Epoch 008 | Step 780 | lr=1.030537e-04 | loss=0.649901 | k_vals=[100, 20, 20, 20, 10]
Epoch 008 | Step 810 | lr=1.030537e-04 | loss=0.559704 | k_vals=[1, 1, 50, 10, 1]
Epoch 008 | Step 840 | lr=1.030537e-04 | loss=0.610475 | k_vals=[1, 20, 10, 50, 50]
Epoch 008 | Step 870 | lr=1.030537e-04 | loss=0.710110 | k_vals=[20, 50, 1, 100, 100]
Epoch 008 | Step 900 | lr=1.030537e-04 | loss=0.469724 | k_vals=[20, 10, 100, 20, 10]
Epoch 008 | Step 930 | lr=1.030537e-04 | loss=0.689274 | k_vals=[10, 50, 20, 100, 10]
Epoch 008 | Step 960 | lr=1.030537e-04 | loss=0.683788 | k_vals=[10, 10, 50, 20, 1]
Epoch 008 | Step 990 | lr=1.030537e-04 | loss=0.615827 | k_vals=[10, 20, 1, 1, 1]
Epoch 008 | Step 1020 | lr=1.030537e-04 | loss=0.565772 | k_vals=[10, 50, 10, 100, 100]
Epoch 008 | Step 1050 | lr=1.030537e-04 | loss=0.653686 | k_vals=[50, 20, 100, 50, 100]
Epoch 008 | Step 1080 | lr=1.030537e-04 | loss=0.615548 | k_vals=[10, 20, 1, 100, 1]
Epoch 008 | Step 1110 | lr=1.030537e-04 | loss=0.529056 | k_vals=[20, 100, 10, 1, 1]
Epoch 008 | Step 1140 | lr=1.030537e-04 | loss=0.636148 | k_vals=[20, 1, 50, 50, 50]
Epoch 008 | Step 1170 | lr=1.030537e-04 | loss=0.504211 | k_vals=[20, 1, 1, 10, 100]
Epoch 008 | Step 1200 | lr=1.030537e-04 | loss=0.702287 | k_vals=[50, 1, 100, 10, 1]
Epoch 008 | Step 1230 | lr=1.030537e-04 | loss=0.609029 | k_vals=[1, 1, 100, 10, 20]
Epoch 008 | Step 1260 | lr=1.030537e-04 | loss=0.651920 | k_vals=[1, 10, 50, 100, 1]
Epoch 008 | Step 1290 | lr=1.030537e-04 | loss=0.618289 | k_vals=[100, 1, 50, 1, 10]
Epoch 008 | Step 1320 | lr=1.030537e-04 | loss=0.574507 | k_vals=[10, 20, 50, 100, 50]
Epoch 008 | Step 1350 | lr=1.030537e-04 | loss=0.729146 | k_vals=[20, 20, 50, 100, 10]
Epoch 008 | Step 1380 | lr=1.030537e-04 | loss=0.739420 | k_vals=[1, 1, 10, 10, 1]
Epoch 008 | Step 1410 | lr=1.030537e-04 | loss=0.561520 | k_vals=[50, 50, 20, 20, 10]
Epoch 008 | Step 1440 | lr=1.030537e-04 | loss=0.653305 | k_vals=[20, 100, 100, 100, 100]
Epoch 008 | Step 1470 | lr=1.030537e-04 | loss=0.606014 | k_vals=[100, 50, 20, 10, 10]
Epoch 008 | Step 1500 | lr=1.030537e-04 | loss=0.584395 | k_vals=[10, 50, 10, 10, 20]
Epoch 008 | Step 1530 | lr=1.030537e-04 | loss=0.652952 | k_vals=[100, 20, 1, 1, 20]
Epoch 008 | Step 1560 | lr=1.030537e-04 | loss=0.711870 | k_vals=[50, 50, 20, 10, 1]
Epoch 008 | Step 1590 | lr=1.030537e-04 | loss=0.679426 | k_vals=[100, 1, 100, 10, 20]
Epoch 008 | Step 1620 | lr=1.030537e-04 | loss=0.679704 | k_vals=[50, 20, 1, 10, 100]
Epoch 008 | Step 1650 | lr=1.030537e-04 | loss=0.478124 | k_vals=[100, 100, 20, 50, 50]
Epoch 008 | Step 1680 | lr=1.030537e-04 | loss=0.553059 | k_vals=[20, 20, 1, 20, 100]
Epoch 008 | Step 1710 | lr=1.030537e-04 | loss=0.655995 | k_vals=[100, 100, 20, 50, 50]
Epoch 008 | Step 1740 | lr=1.030537e-04 | loss=0.743844 | k_vals=[20, 50, 50, 100, 100]
Epoch 008 | Step 1770 | lr=1.030537e-04 | loss=0.666325 | k_vals=[20, 10, 10, 1, 100]
Epoch 008 | Step 1800 | lr=1.030537e-04 | loss=0.718935 | k_vals=[50, 10, 100, 50, 20]
Epoch 008 | Step 1830 | lr=1.030537e-04 | loss=0.619185 | k_vals=[50, 10, 1, 20, 10]
Epoch 008 | Step 1860 | lr=1.030537e-04 | loss=0.627047 | k_vals=[100, 1, 1, 20, 50]
Epoch 008 | Step 1890 | lr=1.030537e-04 | loss=0.520350 | k_vals=[100, 10, 50, 100, 20]
Epoch 008 | Step 1920 | lr=1.030537e-04 | loss=0.629156 | k_vals=[10, 1, 100, 10, 50]
Epoch 008 | Step 1950 | lr=1.030537e-04 | loss=0.619691 | k_vals=[1, 1, 100, 100, 1]
Epoch 008 | Step 1980 | lr=1.030537e-04 | loss=0.635194 | k_vals=[100, 10, 100, 1, 10]
Epoch 008 | Step 2010 | lr=1.030537e-04 | loss=0.596439 | k_vals=[20, 1, 100, 100, 1]
Epoch 008 | Step 2040 | lr=1.030537e-04 | loss=0.663935 | k_vals=[100, 10, 1, 1, 100]
Epoch 008 | Step 2070 | lr=1.030537e-04 | loss=0.657472 | k_vals=[100, 1, 10, 20, 10]
Epoch 008 | Step 2100 | lr=1.030537e-04 | loss=0.643904 | k_vals=[100, 10, 50, 20, 1]
Epoch 008 | Step 2130 | lr=1.030537e-04 | loss=0.665001 | k_vals=[10, 10, 10, 20, 10]
Epoch 008 | Step 2160 | lr=1.030537e-04 | loss=0.617069 | k_vals=[50, 20, 50, 1, 50]
Epoch 008 | Step 2190 | lr=1.030537e-04 | loss=0.615031 | k_vals=[1, 1, 100, 100, 10]
Epoch 008 | Step 2220 | lr=1.030537e-04 | loss=0.682880 | k_vals=[10, 50, 100, 10, 50]
Epoch 008 | Step 2250 | lr=1.030537e-04 | loss=0.602927 | k_vals=[10, 20, 20, 1, 10]
Epoch 008 | Step 2280 | lr=1.030537e-04 | loss=0.645260 | k_vals=[100, 10, 100, 50, 10]
Epoch 008 | Step 2310 | lr=1.030537e-04 | loss=0.541515 | k_vals=[10, 20, 50, 50, 100]
Epoch 008 | Step 2340 | lr=1.030537e-04 | loss=0.719634 | k_vals=[20, 10, 100, 50, 20]
Epoch 008 | Step 2370 | lr=1.030537e-04 | loss=0.603031 | k_vals=[1, 1, 10, 10, 50]
Epoch 008 | Step 2400 | lr=1.030537e-04 | loss=0.604465 | k_vals=[20, 20, 50, 20, 1]
Epoch 008 | Step 2430 | lr=1.030537e-04 | loss=0.621302 | k_vals=[100, 20, 50, 10, 1]
Epoch 008 | Step 2460 | lr=1.030537e-04 | loss=0.669882 | k_vals=[50, 1, 1, 10, 50]
Epoch 008 | Step 2490 | lr=1.030537e-04 | loss=0.613530 | k_vals=[20, 1, 10, 1, 1]
Epoch 008 | Step 2520 | lr=1.030537e-04 | loss=0.712620 | k_vals=[1, 1, 20, 1, 20]
Epoch 008 | Step 2550 | lr=1.030537e-04 | loss=0.701424 | k_vals=[100, 50, 100, 1, 10]
Epoch 008 | Step 2580 | lr=1.030537e-04 | loss=0.659315 | k_vals=[10, 10, 1, 10, 10]
Epoch 008 | Step 2610 | lr=1.030537e-04 | loss=0.639837 | k_vals=[20, 10, 1, 50, 100]
Epoch 008 | Step 2640 | lr=1.030537e-04 | loss=0.571921 | k_vals=[20, 20, 10, 50, 50]
Epoch 008 | Step 2670 | lr=1.030537e-04 | loss=0.664428 | k_vals=[20, 100, 20, 100, 100]
Epoch 008 | Step 2700 | lr=1.030537e-04 | loss=0.507813 | k_vals=[100, 50, 100, 20, 20]
Epoch 008 | Step 2730 | lr=1.030537e-04 | loss=0.675942 | k_vals=[50, 1, 20, 100, 20]
Epoch 008 | Step 2760 | lr=1.030537e-04 | loss=0.544141 | k_vals=[100, 50, 100, 20, 100]
Epoch 008 | Step 2790 | lr=1.030537e-04 | loss=0.658458 | k_vals=[20, 100, 1, 20, 50]
Epoch 008 | Step 2820 | lr=1.030537e-04 | loss=0.630631 | k_vals=[1, 10, 50, 1, 10]
Epoch 008 | Step 2850 | lr=1.030537e-04 | loss=0.481913 | k_vals=[100, 1, 100, 50, 50]
Epoch 008 | Step 2880 | lr=1.030537e-04 | loss=0.673575 | k_vals=[1, 10, 1, 20, 50]
Epoch 008 | Step 2910 | lr=1.030537e-04 | loss=0.562925 | k_vals=[50, 50, 1, 20, 1]
Epoch 008 | Step 2940 | lr=1.030537e-04 | loss=0.708437 | k_vals=[20, 50, 1, 20, 20]
Epoch 008 | Step 2970 | lr=1.030537e-04 | loss=0.648054 | k_vals=[1, 100, 100, 1, 20]
Epoch 008 | Step 3000 | lr=1.030537e-04 | loss=0.616258 | k_vals=[100, 10, 1, 100, 10]
Epoch 008 | Step 3030 | lr=1.030537e-04 | loss=0.611684 | k_vals=[50, 50, 10, 10, 1]
Epoch 008 | Step 3060 | lr=1.030537e-04 | loss=0.537230 | k_vals=[20, 50, 50, 100, 20]
Epoch 008 | Step 3090 | lr=1.030537e-04 | loss=0.761018 | k_vals=[1, 1, 10, 10, 100]
Epoch 008 | Step 3120 | lr=1.030537e-04 | loss=0.659501 | k_vals=[100, 100, 20, 20, 10]
Epoch 008 | Step 3150 | lr=1.030537e-04 | loss=0.577643 | k_vals=[20, 1, 50, 50, 20]
Epoch 008 | Step 3180 | lr=1.030537e-04 | loss=0.633977 | k_vals=[20, 50, 10, 1, 20]
Epoch 008 | Step 3210 | lr=1.030537e-04 | loss=0.759967 | k_vals=[1, 50, 50, 50, 100]
Epoch 008 | Step 3240 | lr=1.030537e-04 | loss=0.581539 | k_vals=[100, 10, 10, 50, 100]
Epoch 008 | Step 3270 | lr=1.030537e-04 | loss=0.547983 | k_vals=[100, 50, 50, 20, 100]
Epoch 008 | Step 3300 | lr=1.030537e-04 | loss=0.581452 | k_vals=[20, 1, 100, 1, 100]
Epoch 008 | Step 3330 | lr=1.030537e-04 | loss=0.763615 | k_vals=[50, 10, 100, 100, 10]
Epoch 008 | Step 3360 | lr=1.030537e-04 | loss=0.587265 | k_vals=[1, 10, 1, 50, 100]
Epoch 008 | Step 3390 | lr=1.030537e-04 | loss=0.576206 | k_vals=[10, 50, 1, 100, 50]
Epoch 008 | Step 3420 | lr=1.030537e-04 | loss=0.816197 | k_vals=[50, 1, 1, 20, 20]
Epoch 008 | Step 3450 | lr=1.030537e-04 | loss=0.802430 | k_vals=[100, 10, 10, 1, 100]
Epoch 008 | Step 3480 | lr=1.030537e-04 | loss=0.639360 | k_vals=[10, 20, 20, 50, 50]
Epoch 008 | Step 3510 | lr=1.030537e-04 | loss=0.586260 | k_vals=[50, 50, 20, 50, 50]
Epoch 008 | Step 3540 | lr=1.030537e-04 | loss=0.611771 | k_vals=[10, 50, 50, 100, 100]
Epoch 008 | Step 3570 | lr=1.030537e-04 | loss=0.596780 | k_vals=[100, 1, 50, 1, 10]
Epoch 008 | Step 3600 | lr=1.030537e-04 | loss=0.516135 | k_vals=[50, 10, 20, 10, 10]
Epoch 008 | Step 3630 | lr=1.030537e-04 | loss=0.647733 | k_vals=[100, 10, 50, 20, 100]
Epoch 008 | Step 3660 | lr=1.030537e-04 | loss=0.504874 | k_vals=[1, 1, 20, 1, 100]
Epoch 008 | Step 3690 | lr=1.030537e-04 | loss=0.521811 | k_vals=[10, 20, 50, 20, 100]
Epoch 008 | Step 3720 | lr=1.030537e-04 | loss=0.629793 | k_vals=[50, 100, 50, 20, 100]
Epoch 008 | Step 3750 | lr=1.030537e-04 | loss=0.656000 | k_vals=[50, 100, 50, 100, 20]
Epoch 008 | Step 3780 | lr=1.030537e-04 | loss=0.660514 | k_vals=[20, 10, 50, 20, 1]
Epoch 008 | Step 3810 | lr=1.030537e-04 | loss=0.680301 | k_vals=[1, 50, 50, 50, 1]
Epoch 008 | Step 3840 | lr=1.030537e-04 | loss=0.683922 | k_vals=[50, 100, 1, 10, 50]
Epoch 008 | Step 3870 | lr=1.030537e-04 | loss=0.540263 | k_vals=[10, 20, 20, 20, 1]
Epoch 008 | Step 3900 | lr=1.030537e-04 | loss=0.670996 | k_vals=[10, 50, 20, 50, 50]
Epoch 008 | Step 3930 | lr=1.030537e-04 | loss=0.551091 | k_vals=[10, 20, 20, 1, 50]
Epoch 008 | Step 3960 | lr=1.030537e-04 | loss=0.626867 | k_vals=[50, 20, 20, 20, 100]
Epoch 008 | Step 3990 | lr=1.030537e-04 | loss=0.635014 | k_vals=[1, 100, 50, 50, 10]
Epoch 008 | Step 4020 | lr=1.030537e-04 | loss=0.617248 | k_vals=[20, 50, 10, 10, 1]
Epoch 008 | Step 4050 | lr=1.030537e-04 | loss=0.545559 | k_vals=[10, 20, 10, 50, 1]
Epoch 008 | Step 4080 | lr=1.030537e-04 | loss=0.573199 | k_vals=[1, 10, 1, 50, 100]
Epoch 008 | Step 4110 | lr=1.030537e-04 | loss=0.537688 | k_vals=[50, 20, 50, 10, 1]
Epoch 008 | Step 4140 | lr=1.030537e-04 | loss=0.807251 | k_vals=[1, 1, 20, 10, 20]
Epoch 008 | Step 4170 | lr=1.030537e-04 | loss=0.551829 | k_vals=[100, 10, 20, 20, 100]
Epoch 008 | Step 4200 | lr=1.030537e-04 | loss=0.630983 | k_vals=[100, 100, 100, 10, 50]
Epoch 008 | Step 4230 | lr=1.030537e-04 | loss=0.697896 | k_vals=[50, 20, 50, 1, 100]
Epoch 008 | Step 4260 | lr=1.030537e-04 | loss=0.617779 | k_vals=[100, 20, 20, 100, 1]
Epoch 008 | Step 4290 | lr=1.030537e-04 | loss=0.542833 | k_vals=[50, 1, 20, 1, 50]
Epoch 008 | Step 4320 | lr=1.030537e-04 | loss=0.576408 | k_vals=[20, 50, 50, 10, 100]
Epoch 008 | Step 4350 | lr=1.030537e-04 | loss=0.577928 | k_vals=[100, 20, 10, 1, 50]
Epoch 008 | Step 4380 | lr=1.030537e-04 | loss=0.620813 | k_vals=[100, 50, 50, 100, 100]
Epoch 008 | Step 4410 | lr=1.030537e-04 | loss=0.655116 | k_vals=[10, 20, 20, 100, 20]
Epoch 008 | Step 4440 | lr=1.030537e-04 | loss=0.562437 | k_vals=[20, 10, 100, 20, 10]
Epoch 008 | Step 4470 | lr=1.030537e-04 | loss=0.636145 | k_vals=[1, 10, 20, 10, 20]
Epoch 008 | Step 4500 | lr=1.030537e-04 | loss=0.601201 | k_vals=[50, 50, 100, 10, 10]
Epoch 008 | Step 4530 | lr=1.030537e-04 | loss=0.551643 | k_vals=[100, 1, 10, 20, 20]
Epoch 008 | Step 4560 | lr=1.030537e-04 | loss=0.600742 | k_vals=[10, 10, 20, 50, 50]
Epoch 008 | Step 4590 | lr=1.030537e-04 | loss=0.628893 | k_vals=[1, 10, 20, 10, 50]
Epoch 008 | Step 4620 | lr=1.030537e-04 | loss=0.461913 | k_vals=[10, 50, 100, 20, 50]
Epoch 008 | Step 4650 | lr=1.030537e-04 | loss=0.527250 | k_vals=[10, 1, 100, 50, 1]
Epoch 008 | Step 4680 | lr=1.030537e-04 | loss=0.704526 | k_vals=[20, 100, 100, 1, 10]
Epoch 008 | Step 4710 | lr=1.030537e-04 | loss=0.617160 | k_vals=[1, 1, 1, 50, 100]
Epoch 008 | Step 4740 | lr=1.030537e-04 | loss=0.677430 | k_vals=[10, 100, 10, 50, 20]
Epoch 008 | Step 4770 | lr=1.030537e-04 | loss=0.680955 | k_vals=[10, 1, 100, 20, 100]
Epoch 008 | Step 4800 | lr=1.030537e-04 | loss=0.539654 | k_vals=[20, 50, 20, 50, 1]
Epoch 008 | Step 4830 | lr=1.030537e-04 | loss=0.628333 | k_vals=[100, 50, 20, 100, 100]
Epoch 008 | Step 4860 | lr=1.030537e-04 | loss=0.612543 | k_vals=[20, 10, 100, 10, 20]
Epoch 008 | Step 4890 | lr=1.030537e-04 | loss=0.563365 | k_vals=[50, 100, 100, 10, 100]
Epoch 008 | Step 4920 | lr=1.030537e-04 | loss=0.595632 | k_vals=[1, 10, 20, 50, 20]
Epoch 008 | Step 4950 | lr=1.030537e-04 | loss=0.715220 | k_vals=[20, 20, 10, 1, 1]
Epoch 008 | Step 4980 | lr=1.030537e-04 | loss=0.629768 | k_vals=[20, 20, 100, 10, 10]
Epoch 008 | Step 5010 | lr=1.030537e-04 | loss=0.807803 | k_vals=[1, 50, 20, 50, 1]
Epoch 008 | Step 5040 | lr=1.030537e-04 | loss=0.663861 | k_vals=[1, 10, 10, 20, 50]
Epoch 008 | Step 5070 | lr=1.030537e-04 | loss=0.634745 | k_vals=[100, 20, 20, 20, 1]
Epoch 008 | Step 5100 | lr=1.030537e-04 | loss=0.685253 | k_vals=[10, 10, 100, 1, 50]
Epoch 008 | Step 5130 | lr=1.030537e-04 | loss=0.656780 | k_vals=[1, 100, 1, 100, 20]
Epoch 008 | Step 5160 | lr=1.030537e-04 | loss=0.720039 | k_vals=[100, 1, 100, 10, 100]
Epoch 008 | Step 5190 | lr=1.030537e-04 | loss=0.662841 | k_vals=[50, 100, 20, 20, 20]
Epoch 008 | Step 5220 | lr=1.030537e-04 | loss=0.466806 | k_vals=[20, 20, 100, 100, 10]
Epoch 008 | Step 5250 | lr=1.030537e-04 | loss=0.636518 | k_vals=[1, 10, 1, 100, 20]
Epoch 008 | Step 5280 | lr=1.030537e-04 | loss=0.593432 | k_vals=[20, 20, 100, 20, 1]
Epoch 008 | Step 5310 | lr=1.030537e-04 | loss=0.772791 | k_vals=[10, 100, 50, 10, 20]
Epoch 008 | Step 5340 | lr=1.030537e-04 | loss=0.586173 | k_vals=[1, 100, 1, 50, 100]
Epoch 008 | Step 5370 | lr=1.030537e-04 | loss=0.576963 | k_vals=[100, 100, 50, 10, 1]
Epoch 008 | Step 5400 | lr=1.030537e-04 | loss=0.574317 | k_vals=[1, 10, 1, 100, 10]
Epoch 008 | Step 5430 | lr=1.030537e-04 | loss=0.595024 | k_vals=[10, 50, 20, 100, 10]
Epoch 008 | Step 5460 | lr=1.030537e-04 | loss=0.663743 | k_vals=[50, 50, 1, 10, 1]
Epoch 008 | Step 5490 | lr=1.030537e-04 | loss=0.616894 | k_vals=[1, 50, 1, 50, 20]
Epoch 008 | Step 5520 | lr=1.030537e-04 | loss=0.667099 | k_vals=[10, 100, 10, 1, 50]
Epoch 008 | Step 5550 | lr=1.030537e-04 | loss=0.667549 | k_vals=[20, 1, 20, 1, 10]
Epoch 008 | Step 5580 | lr=1.030537e-04 | loss=0.732121 | k_vals=[20, 10, 100, 10, 10]
Epoch 008 | Step 5610 | lr=1.030537e-04 | loss=0.662742 | k_vals=[100, 100, 50, 1, 1]
Epoch 008 | Step 5640 | lr=1.030537e-04 | loss=0.730555 | k_vals=[10, 10, 100, 10, 1]
Epoch 008 | Step 5670 | lr=1.030537e-04 | loss=0.589092 | k_vals=[10, 50, 10, 10, 100]
Epoch 008 | Step 5700 | lr=1.030537e-04 | loss=0.596716 | k_vals=[100, 50, 100, 10, 50]
Epoch 008 | Step 5730 | lr=1.030537e-04 | loss=0.642875 | k_vals=[1, 10, 50, 20, 50]
Epoch 008 | Step 5760 | lr=1.030537e-04 | loss=0.626830 | k_vals=[100, 1, 10, 20, 20]
Epoch 008 | Step 5790 | lr=1.030537e-04 | loss=0.599867 | k_vals=[1, 100, 20, 50, 1]
Epoch 008 | Step 5820 | lr=1.030537e-04 | loss=0.620500 | k_vals=[10, 20, 100, 10, 100]
Epoch 008 | Step 5850 | lr=1.030537e-04 | loss=0.627324 | k_vals=[1, 50, 1, 1, 50]
Epoch 008 | Step 5880 | lr=1.030537e-04 | loss=0.560935 | k_vals=[10, 10, 10, 10, 10]
Epoch 008 | Step 5910 | lr=1.030537e-04 | loss=0.622516 | k_vals=[100, 100, 50, 1, 20]
Epoch 008 | Step 5940 | lr=1.030537e-04 | loss=0.655305 | k_vals=[100, 10, 100, 100, 100]
Epoch 008 | Step 5970 | lr=1.030537e-04 | loss=0.645427 | k_vals=[10, 10, 100, 10, 100]
Epoch 008 | Step 6000 | lr=1.030537e-04 | loss=0.562826 | k_vals=[20, 1, 20, 10, 20]
Epoch 008 | Step 6030 | lr=1.030537e-04 | loss=0.660473 | k_vals=[10, 100, 50, 1, 100]
Epoch 008 | Step 6060 | lr=1.030537e-04 | loss=0.604062 | k_vals=[1, 10, 10, 10, 50]
Epoch 008 | Step 6090 | lr=1.030537e-04 | loss=0.565807 | k_vals=[100, 50, 10, 1, 100]
Epoch 008 | Step 6120 | lr=1.030537e-04 | loss=0.717965 | k_vals=[50, 50, 1, 20, 20]
Epoch 008 | Step 6150 | lr=1.030537e-04 | loss=0.562853 | k_vals=[10, 50, 100, 50, 10]
Epoch 008 | Step 6180 | lr=1.030537e-04 | loss=0.617033 | k_vals=[100, 100, 1, 50, 10]
Epoch 008 | Step 6210 | lr=1.030537e-04 | loss=0.620305 | k_vals=[50, 10, 50, 1, 50]
Epoch 008 | Step 6240 | lr=1.030537e-04 | loss=0.718657 | k_vals=[50, 50, 1, 1, 20]
Epoch 008 | Step 6270 | lr=1.030537e-04 | loss=0.655185 | k_vals=[1, 50, 10, 50, 10]
Epoch 008 | Step 6300 | lr=1.030537e-04 | loss=0.694193 | k_vals=[50, 100, 100, 50, 100]
Epoch 008 | Step 6330 | lr=1.030537e-04 | loss=0.595147 | k_vals=[100, 50, 10, 100, 50]
Epoch 008 | Step 6360 | lr=1.030537e-04 | loss=0.686133 | k_vals=[1, 50, 1, 50, 1]
Epoch 008 | Step 6390 | lr=1.030537e-04 | loss=0.487300 | k_vals=[1, 100, 10, 100, 20]
Epoch 008 | Step 6420 | lr=1.030537e-04 | loss=0.614860 | k_vals=[50, 10, 20, 100, 50]
Epoch 008 | Step 6450 | lr=1.030537e-04 | loss=0.693534 | k_vals=[1, 20, 1, 1, 100]
Epoch 008 | Step 6480 | lr=1.030537e-04 | loss=0.621188 | k_vals=[20, 100, 10, 1, 1]
Epoch 008 | Step 6510 | lr=1.030537e-04 | loss=0.556806 | k_vals=[20, 50, 100, 10, 100]
Epoch 008 | Step 6540 | lr=1.030537e-04 | loss=0.508017 | k_vals=[1, 100, 50, 1, 50]
Epoch 008 | Step 6570 | lr=1.030537e-04 | loss=0.674085 | k_vals=[20, 1, 1, 50, 1]
Epoch 008 | Step 6600 | lr=1.030537e-04 | loss=0.779114 | k_vals=[50, 10, 100, 10, 100]
Epoch 008 | Step 6630 | lr=1.030537e-04 | loss=0.574911 | k_vals=[10, 50, 10, 100, 20]
Epoch 008 | Step 6660 | lr=1.030537e-04 | loss=0.548254 | k_vals=[10, 1, 20, 50, 50]
Epoch 008 | Step 6690 | lr=1.030537e-04 | loss=0.507640 | k_vals=[50, 100, 100, 10, 1]
Epoch 008 | Step 6720 | lr=1.030537e-04 | loss=0.733390 | k_vals=[10, 20, 10, 10, 10]
Epoch 008 | Step 6750 | lr=1.030537e-04 | loss=0.613091 | k_vals=[50, 20, 1, 50, 50]
Epoch 008 | Step 6780 | lr=1.030537e-04 | loss=0.599531 | k_vals=[20, 50, 50, 100, 10]
Epoch 008 | Step 6810 | lr=1.030537e-04 | loss=0.715337 | k_vals=[100, 50, 50, 10, 1]
Epoch 008 | Step 6840 | lr=1.030537e-04 | loss=0.621411 | k_vals=[10, 50, 20, 1, 1]
Epoch 008 | Step 6870 | lr=1.030537e-04 | loss=0.674067 | k_vals=[1, 50, 20, 20, 100]
Epoch 008 | Step 6900 | lr=1.030537e-04 | loss=0.727865 | k_vals=[100, 10, 50, 1, 1]
Epoch 008 | Step 6930 | lr=1.030537e-04 | loss=0.633507 | k_vals=[50, 20, 1, 10, 1]
Epoch 008 | Step 6960 | lr=1.030537e-04 | loss=0.584128 | k_vals=[50, 100, 10, 50, 100]
Epoch 008 | Step 6990 | lr=1.030537e-04 | loss=0.687173 | k_vals=[20, 1, 100, 1, 100]
Epoch 008 | Step 7020 | lr=1.030537e-04 | loss=0.640815 | k_vals=[1, 10, 50, 100, 50]
Epoch 008 | Step 7050 | lr=1.030537e-04 | loss=0.561859 | k_vals=[20, 1, 20, 10, 50]
Epoch 008 | Step 7080 | lr=1.030537e-04 | loss=0.560342 | k_vals=[50, 50, 50, 10, 10]
Epoch 008 | Step 7110 | lr=1.030537e-04 | loss=0.495398 | k_vals=[10, 100, 50, 1, 100]
Epoch 008 | Step 7140 | lr=1.030537e-04 | loss=0.705446 | k_vals=[100, 50, 10, 20, 20]
Epoch 008 | Step 7170 | lr=1.030537e-04 | loss=0.543951 | k_vals=[10, 100, 10, 1, 100]
Epoch 008 | Step 7200 | lr=1.030537e-04 | loss=0.810177 | k_vals=[10, 1, 20, 10, 50]
Epoch 008 | Step 7230 | lr=1.030537e-04 | loss=0.728766 | k_vals=[100, 1, 100, 50, 10]
Epoch 008 | Step 7260 | lr=1.030537e-04 | loss=0.637917 | k_vals=[50, 20, 50, 10, 1]
Epoch 008 | Step 7290 | lr=1.030537e-04 | loss=0.713390 | k_vals=[1, 100, 10, 1, 10]
Epoch 008 | Step 7320 | lr=1.030537e-04 | loss=0.757239 | k_vals=[1, 100, 50, 50, 20]
Epoch 008 | Step 7350 | lr=1.030537e-04 | loss=0.711441 | k_vals=[10, 100, 1, 50, 50]
Epoch 008 | Step 7380 | lr=1.030537e-04 | loss=0.696646 | k_vals=[50, 50, 1, 20, 50]
Epoch 008 | Step 7410 | lr=1.030537e-04 | loss=0.761761 | k_vals=[1, 1, 50, 50, 20]
Epoch 008 | Step 7440 | lr=1.030537e-04 | loss=0.578347 | k_vals=[10, 20, 50, 50, 20]
Epoch 008 | Step 7470 | lr=1.030537e-04 | loss=0.655761 | k_vals=[1, 1, 100, 50, 1]
Epoch 008 | Step 7500 | lr=1.030537e-04 | loss=0.549470 | k_vals=[1, 1, 1, 20, 20]
Epoch 008 | Step 7530 | lr=1.030537e-04 | loss=0.652259 | k_vals=[10, 20, 10, 20, 10]
Epoch 008 | Step 7560 | lr=1.030537e-04 | loss=0.527829 | k_vals=[50, 50, 1, 20, 10]
Epoch 008 | Step 7590 | lr=1.030537e-04 | loss=0.729327 | k_vals=[1, 10, 10, 100, 100]
Epoch 008 | Step 7620 | lr=1.030537e-04 | loss=0.664321 | k_vals=[100, 1, 1, 50, 100]
Epoch 008 | Step 7650 | lr=1.030537e-04 | loss=0.711159 | k_vals=[10, 10, 10, 1, 50]
Epoch 008 | Step 7680 | lr=1.030537e-04 | loss=0.642653 | k_vals=[20, 20, 10, 10, 20]
Epoch 008 | Step 7710 | lr=1.030537e-04 | loss=0.626374 | k_vals=[10, 20, 20, 1, 50]
Epoch 008 | Step 7740 | lr=1.030537e-04 | loss=0.688367 | k_vals=[100, 50, 50, 1, 10]
Epoch 008 | Step 7770 | lr=1.030537e-04 | loss=0.590542 | k_vals=[100, 50, 10, 1, 100]
Epoch 008 | Step 7800 | lr=1.030537e-04 | loss=0.631203 | k_vals=[20, 1, 100, 100, 1]
Epoch 008 | Step 7830 | lr=1.030537e-04 | loss=0.670905 | k_vals=[10, 50, 10, 1, 1]
Epoch 008 | Step 7860 | lr=1.030537e-04 | loss=0.620556 | k_vals=[20, 50, 20, 50, 100]
Epoch 008 | Step 7890 | lr=1.030537e-04 | loss=0.620894 | k_vals=[50, 100, 10, 50, 10]
Epoch 008 | Step 7920 | lr=1.030537e-04 | loss=0.619846 | k_vals=[10, 50, 20, 20, 20]
Epoch 008 | Step 7950 | lr=1.030537e-04 | loss=0.688739 | k_vals=[1, 10, 20, 100, 100]
Epoch 008 | Step 7980 | lr=1.030537e-04 | loss=0.694101 | k_vals=[10, 1, 1, 10, 50]
Epoch 008 | Step 8010 | lr=1.030537e-04 | loss=0.561111 | k_vals=[100, 1, 10, 100, 100]
Epoch 008 | Step 8040 | lr=1.030537e-04 | loss=0.544819 | k_vals=[20, 1, 20, 1, 1]
Epoch 008 | Step 8070 | lr=1.030537e-04 | loss=0.664393 | k_vals=[1, 10, 50, 100, 20]
Epoch 008 | Step 8100 | lr=1.030537e-04 | loss=0.575302 | k_vals=[50, 50, 100, 10, 20]
Epoch 008 | Step 8130 | lr=1.030537e-04 | loss=0.676708 | k_vals=[100, 100, 1, 100, 20]
Epoch 008 | Step 8160 | lr=1.030537e-04 | loss=0.563751 | k_vals=[100, 100, 100, 1, 50]
Epoch 008 | Step 8190 | lr=1.030537e-04 | loss=0.640998 | k_vals=[10, 50, 20, 10, 10]
Epoch 008 | Step 8220 | lr=1.030537e-04 | loss=0.705514 | k_vals=[100, 100, 50, 10, 100]
Epoch 008 | Step 8250 | lr=1.030537e-04 | loss=0.600144 | k_vals=[10, 50, 50, 50, 20]
Epoch 008 | Step 8280 | lr=1.030537e-04 | loss=0.538344 | k_vals=[100, 1, 10, 20, 10]
Epoch 008 | Step 8310 | lr=1.030537e-04 | loss=0.601194 | k_vals=[100, 10, 20, 10, 20]
Epoch 008 | Step 8340 | lr=1.030537e-04 | loss=0.594533 | k_vals=[50, 10, 20, 1, 1]
Epoch 008 | Step 8370 | lr=1.030537e-04 | loss=0.644129 | k_vals=[100, 20, 100, 1, 20]
Epoch 008 | Step 8400 | lr=1.030537e-04 | loss=0.601458 | k_vals=[1, 1, 50, 1, 100]
Epoch 008 | Step 8430 | lr=1.030537e-04 | loss=0.558505 | k_vals=[100, 50, 1, 100, 20]
Epoch 008 | Step 8460 | lr=1.030537e-04 | loss=0.668723 | k_vals=[1, 20, 1, 100, 50]
Epoch 008 | Step 8490 | lr=1.030537e-04 | loss=0.496765 | k_vals=[50, 1, 100, 50, 20]
Epoch 008 | Step 8520 | lr=1.030537e-04 | loss=0.619897 | k_vals=[100, 1, 20, 50, 50]
Epoch 008 | Step 8550 | lr=1.030537e-04 | loss=0.552341 | k_vals=[1, 1, 10, 20, 100]
Epoch 008 | Step 8580 | lr=1.030537e-04 | loss=0.564959 | k_vals=[20, 50, 50, 100, 50]
Epoch 008 | Step 8610 | lr=1.030537e-04 | loss=0.607343 | k_vals=[50, 20, 10, 10, 20]
Epoch 008 | Step 8640 | lr=1.030537e-04 | loss=0.630974 | k_vals=[50, 100, 20, 10, 50]
Epoch 008 | Step 8670 | lr=1.030537e-04 | loss=0.724146 | k_vals=[10, 10, 20, 50, 20]
Epoch 008 | Step 8700 | lr=1.030537e-04 | loss=0.522483 | k_vals=[50, 50, 1, 10, 20]
Epoch 008 | Step 8730 | lr=1.030537e-04 | loss=0.628411 | k_vals=[20, 50, 20, 50, 100]
Epoch 008 | Step 8760 | lr=1.030537e-04 | loss=0.690340 | k_vals=[50, 100, 50, 10, 1]
Epoch 008 | Step 8790 | lr=1.030537e-04 | loss=0.584816 | k_vals=[100, 100, 1, 50, 100]
Epoch 008 | Step 8820 | lr=1.030537e-04 | loss=0.528542 | k_vals=[20, 20, 10, 100, 100]
Epoch 008 | Step 8850 | lr=1.030537e-04 | loss=0.626793 | k_vals=[50, 100, 100, 100, 1]
Epoch 008 | Step 8880 | lr=1.030537e-04 | loss=0.682364 | k_vals=[1, 1, 10, 20, 100]
Epoch 008 | Step 8910 | lr=1.030537e-04 | loss=0.551373 | k_vals=[1, 50, 20, 100, 10]
Epoch 008 | Step 8940 | lr=1.030537e-04 | loss=0.580887 | k_vals=[50, 100, 50, 50, 10]
Epoch 008 | Step 8970 | lr=1.030537e-04 | loss=0.577554 | k_vals=[100, 10, 10, 50, 1]
Epoch 008 | Step 9000 | lr=1.030537e-04 | loss=0.733791 | k_vals=[100, 10, 1, 20, 20]
Epoch 008 | Step 9030 | lr=1.030537e-04 | loss=0.550162 | k_vals=[1, 50, 100, 1, 100]
Epoch 008 | Step 9060 | lr=1.030537e-04 | loss=0.612582 | k_vals=[50, 100, 20, 1, 50]
Epoch 008 | Step 9090 | lr=1.030537e-04 | loss=0.613759 | k_vals=[100, 20, 10, 100, 100]
Epoch 008 | Step 9120 | lr=1.030537e-04 | loss=0.580728 | k_vals=[20, 100, 100, 50, 1]
Epoch 008 | Step 9150 | lr=1.030537e-04 | loss=0.622430 | k_vals=[50, 100, 1, 100, 100]
Epoch 008 | Step 9180 | lr=1.030537e-04 | loss=0.591856 | k_vals=[100, 20, 1, 20, 10]
Epoch 008 | Step 9210 | lr=1.030537e-04 | loss=0.660806 | k_vals=[1, 1, 10, 100, 100]
Epoch 008 | Step 9240 | lr=1.030537e-04 | loss=0.598808 | k_vals=[1, 100, 50, 50, 50]
Epoch 008 | Step 9270 | lr=1.030537e-04 | loss=0.522853 | k_vals=[10, 1, 10, 1, 10]
Epoch 008 | Step 9300 | lr=1.030537e-04 | loss=0.718128 | k_vals=[10, 1, 20, 1, 20]
Epoch 008 | Step 9330 | lr=1.030537e-04 | loss=0.579830 | k_vals=[50, 20, 1, 50, 20]
Epoch 008 | Step 9360 | lr=1.030537e-04 | loss=0.607513 | k_vals=[50, 1, 50, 10, 1]
Epoch 008 | Step 9390 | lr=1.030537e-04 | loss=0.614376 | k_vals=[10, 10, 100, 100, 1]
Epoch 008 | Step 9420 | lr=1.030537e-04 | loss=0.570745 | k_vals=[10, 1, 50, 100, 50]
Epoch 008 | Step 9450 | lr=1.030537e-04 | loss=0.575954 | k_vals=[20, 1, 20, 100, 20]
Epoch 008 | Step 9480 | lr=1.030537e-04 | loss=0.668538 | k_vals=[100, 20, 10, 50, 10]
Epoch 008 | Step 9510 | lr=1.030537e-04 | loss=0.588906 | k_vals=[20, 10, 50, 50, 20]
Epoch 008 | Step 9540 | lr=1.030537e-04 | loss=0.598805 | k_vals=[1, 1, 20, 50, 20]
Epoch 008 | Step 9570 | lr=1.030537e-04 | loss=0.638206 | k_vals=[20, 20, 50, 10, 100]
Epoch 008 | Step 9600 | lr=1.030537e-04 | loss=0.683231 | k_vals=[50, 50, 50, 20, 10]
Epoch 008 | Step 9630 | lr=1.030537e-04 | loss=0.522617 | k_vals=[20, 50, 1, 1, 20]
Epoch 008 | Step 9660 | lr=1.030537e-04 | loss=0.718940 | k_vals=[50, 1, 100, 10, 1]
Epoch 008 | Step 9690 | lr=1.030537e-04 | loss=0.620889 | k_vals=[10, 1, 1, 1, 20]
Epoch 008 | Step 9720 | lr=1.030537e-04 | loss=0.648002 | k_vals=[50, 10, 100, 20, 50]
Epoch 008 | Step 9750 | lr=1.030537e-04 | loss=0.652264 | k_vals=[20, 10, 50, 100, 10]
Epoch 008 | Step 9780 | lr=1.030537e-04 | loss=0.544171 | k_vals=[1, 1, 100, 50, 10]
Epoch 008 | Step 9810 | lr=1.030537e-04 | loss=0.578772 | k_vals=[20, 1, 20, 20, 20]
Epoch 008 | Step 9840 | lr=1.030537e-04 | loss=0.804339 | k_vals=[20, 50, 10, 100, 10]
Epoch 008 | Step 9870 | lr=1.030537e-04 | loss=0.622830 | k_vals=[50, 50, 100, 10, 1]
Epoch 008 | Step 9900 | lr=1.030537e-04 | loss=0.638504 | k_vals=[1, 1, 100, 10, 1]
Epoch 008 | Step 9930 | lr=1.030537e-04 | loss=0.622151 | k_vals=[10, 20, 1, 100, 50]
Epoch 008 | Step 9960 | lr=1.030537e-04 | loss=0.683578 | k_vals=[100, 50, 20, 10, 1]
Epoch 008 | Step 9990 | lr=1.030537e-04 | loss=0.626858 | k_vals=[50, 10, 10, 50, 50]
Epoch 008 | Step 10020 | lr=1.030537e-04 | loss=0.531849 | k_vals=[10, 50, 50, 20, 50]
Epoch 008 | Step 10050 | lr=1.030537e-04 | loss=0.691328 | k_vals=[100, 100, 20, 10, 100]
Epoch 008 | Step 10080 | lr=1.030537e-04 | loss=0.588294 | k_vals=[100, 10, 20, 20, 1]
Epoch 008 | Step 10110 | lr=1.030537e-04 | loss=0.588249 | k_vals=[20, 100, 100, 1, 100]
Epoch 008 | Step 10140 | lr=1.030537e-04 | loss=0.608822 | k_vals=[50, 1, 100, 50, 50]
Epoch 008 | Step 10170 | lr=1.030537e-04 | loss=0.710479 | k_vals=[100, 100, 100, 100, 10]
Epoch 008 | Step 10200 | lr=1.030537e-04 | loss=0.784478 | k_vals=[10, 1, 100, 100, 20]
Epoch 008 | Step 10230 | lr=1.030537e-04 | loss=0.700530 | k_vals=[50, 50, 50, 20, 50]
Epoch 008 | Step 10260 | lr=1.030537e-04 | loss=0.538117 | k_vals=[20, 20, 100, 20, 50]
Epoch 008 | Step 10290 | lr=1.030537e-04 | loss=0.764207 | k_vals=[100, 20, 100, 10, 10]
Epoch 008 | Step 10320 | lr=1.030537e-04 | loss=0.784431 | k_vals=[50, 50, 20, 10, 1]
Epoch 008 | Step 10350 | lr=1.030537e-04 | loss=0.524386 | k_vals=[50, 1, 100, 20, 100]
Epoch 008 | Step 10380 | lr=1.030537e-04 | loss=0.545137 | k_vals=[1, 50, 100, 20, 10]
Epoch 008 | Step 10410 | lr=1.030537e-04 | loss=0.721021 | k_vals=[50, 50, 1, 1, 50]
Epoch 008 | Step 10440 | lr=1.030537e-04 | loss=0.534101 | k_vals=[1, 100, 10, 1, 20]
Epoch 008 | Step 10470 | lr=1.030537e-04 | loss=0.765384 | k_vals=[100, 1, 1, 20, 10]
Epoch 008 | Step 10500 | lr=1.030537e-04 | loss=0.641851 | k_vals=[20, 1, 100, 20, 100]
Epoch 008 | Step 10530 | lr=1.030537e-04 | loss=0.657702 | k_vals=[10, 10, 10, 20, 10]
Epoch 008 | Step 10560 | lr=1.030537e-04 | loss=0.544890 | k_vals=[100, 100, 10, 50, 20]
Epoch 008 | Step 10590 | lr=1.030537e-04 | loss=0.563771 | k_vals=[100, 10, 1, 20, 1]
Epoch 008 | Step 10620 | lr=1.030537e-04 | loss=0.570505 | k_vals=[100, 50, 50, 20, 20]
Epoch 008 | Step 10650 | lr=1.030537e-04 | loss=0.559418 | k_vals=[20, 10, 100, 20, 10]
Epoch 008 | Step 10680 | lr=1.030537e-04 | loss=0.636331 | k_vals=[10, 100, 20, 50, 10]
Epoch 008 | Step 10710 | lr=1.030537e-04 | loss=0.623850 | k_vals=[10, 50, 20, 100, 10]
Epoch 008 | Step 10740 | lr=1.030537e-04 | loss=0.584811 | k_vals=[10, 1, 20, 100, 100]
Epoch 008 | Step 10770 | lr=1.030537e-04 | loss=0.530494 | k_vals=[100, 50, 100, 20, 50]
Epoch 008 | Step 10800 | lr=1.030537e-04 | loss=0.730562 | k_vals=[1, 10, 50, 10, 1]
Epoch 008 | Step 10830 | lr=1.030537e-04 | loss=0.593129 | k_vals=[10, 100, 50, 50, 1]
Epoch 008 | Step 10860 | lr=1.030537e-04 | loss=0.613976 | k_vals=[10, 1, 100, 1, 1]
Epoch 008 | Step 10890 | lr=1.030537e-04 | loss=0.616628 | k_vals=[50, 10, 1, 20, 50]
Epoch 008 | Step 10920 | lr=1.030537e-04 | loss=0.700617 | k_vals=[100, 1, 10, 1, 100]
Epoch 008 | Step 10950 | lr=1.030537e-04 | loss=0.695201 | k_vals=[1, 50, 1, 20, 10]
Epoch 008 | Step 10980 | lr=1.030537e-04 | loss=0.567434 | k_vals=[20, 100, 50, 10, 20]
Epoch 008 | Step 11010 | lr=1.030537e-04 | loss=0.574811 | k_vals=[50, 10, 50, 1, 10]
Epoch 008 | Step 11040 | lr=1.030537e-04 | loss=0.588443 | k_vals=[100, 100, 20, 20, 10]
Epoch 008 | Step 11070 | lr=1.030537e-04 | loss=0.568966 | k_vals=[10, 1, 100, 10, 100]
Epoch 008 | Step 11100 | lr=1.030537e-04 | loss=0.667539 | k_vals=[10, 50, 10, 10, 100]
Epoch 008 | Step 11130 | lr=1.030537e-04 | loss=0.618942 | k_vals=[10, 10, 100, 1, 1]
Epoch 008 | Step 11160 | lr=1.030537e-04 | loss=0.648841 | k_vals=[20, 10, 10, 50, 10]
Epoch 008 | Step 11190 | lr=1.030537e-04 | loss=0.684024 | k_vals=[20, 10, 100, 10, 20]
Epoch 008 | Step 11220 | lr=1.030537e-04 | loss=0.645450 | k_vals=[10, 10, 1, 100, 100]
Epoch 008 | Step 11250 | lr=1.030537e-04 | loss=0.701426 | k_vals=[10, 20, 100, 20, 10]
Epoch 008 | Step 11280 | lr=1.030537e-04 | loss=0.665984 | k_vals=[10, 100, 1, 20, 50]
Epoch 008 | Step 11310 | lr=1.030537e-04 | loss=0.692123 | k_vals=[10, 50, 1, 50, 100]
Epoch 008 | Step 11340 | lr=1.030537e-04 | loss=0.593328 | k_vals=[50, 20, 100, 1, 100]
Epoch 008 | Step 11370 | lr=1.030537e-04 | loss=0.635711 | k_vals=[10, 20, 50, 50, 100]
Epoch 008 | Step 11400 | lr=1.030537e-04 | loss=0.745885 | k_vals=[20, 10, 50, 10, 50]
Epoch 008 | Step 11430 | lr=1.030537e-04 | loss=0.677797 | k_vals=[20, 20, 50, 100, 10]
Epoch 008 | Step 11460 | lr=1.030537e-04 | loss=0.611426 | k_vals=[20, 100, 20, 10, 10]
Epoch 008 | Step 11490 | lr=1.030537e-04 | loss=0.770034 | k_vals=[20, 100, 100, 20, 50]
Epoch 008 | Step 11520 | lr=1.030537e-04 | loss=0.653414 | k_vals=[50, 100, 1, 20, 10]
Epoch 008 | Step 11550 | lr=1.030537e-04 | loss=0.673038 | k_vals=[1, 100, 10, 20, 10]
Epoch 008 | Step 11580 | lr=1.030537e-04 | loss=0.592722 | k_vals=[1, 1, 20, 1, 1]
Epoch 008 | Step 11610 | lr=1.030537e-04 | loss=0.697822 | k_vals=[50, 50, 20, 50, 100]
Epoch 008 | Step 11640 | lr=1.030537e-04 | loss=0.789210 | k_vals=[10, 1, 50, 1, 1]
Epoch 008 | Step 11670 | lr=1.030537e-04 | loss=0.683621 | k_vals=[50, 50, 10, 10, 10]
Epoch 008 | Step 11700 | lr=1.030537e-04 | loss=0.602827 | k_vals=[20, 1, 1, 10, 1]
Epoch 008 | Step 11730 | lr=1.030537e-04 | loss=0.597378 | k_vals=[100, 10, 20, 20, 1]
Epoch 008 | Step 11760 | lr=1.030537e-04 | loss=0.684216 | k_vals=[10, 20, 1, 10, 10]
Epoch 008 | Step 11790 | lr=1.030537e-04 | loss=0.678226 | k_vals=[1, 20, 20, 1, 1]
Epoch 008 | Step 11820 | lr=1.030537e-04 | loss=0.711890 | k_vals=[10, 1, 20, 100, 100]
Epoch 008 | Step 11850 | lr=1.030537e-04 | loss=0.611134 | k_vals=[50, 10, 100, 50, 1]
Epoch 008 | Step 11880 | lr=1.030537e-04 | loss=0.602670 | k_vals=[20, 1, 50, 1, 1]
Epoch 008 | Step 11910 | lr=1.030537e-04 | loss=0.662188 | k_vals=[1, 20, 100, 50, 10]
Epoch 008 | Step 11940 | lr=1.030537e-04 | loss=0.669713 | k_vals=[1, 50, 50, 20, 100]
Epoch 008 | Step 11970 | lr=1.030537e-04 | loss=0.599847 | k_vals=[100, 50, 100, 10, 10]
Epoch 008 | Step 12000 | lr=1.030537e-04 | loss=0.672745 | k_vals=[50, 50, 100, 50, 10]
Epoch 008 | Step 12030 | lr=1.030537e-04 | loss=0.755366 | k_vals=[20, 100, 10, 20, 100]
Epoch 008 | Step 12060 | lr=1.030537e-04 | loss=0.640769 | k_vals=[50, 50, 1, 20, 20]
Epoch 008 | Step 12090 | lr=1.030537e-04 | loss=0.620352 | k_vals=[50, 1, 100, 100, 1]
Epoch 008 | Step 12120 | lr=1.030537e-04 | loss=0.658674 | k_vals=[20, 50, 50, 10, 1]
Epoch 008 | Step 12150 | lr=1.030537e-04 | loss=0.697580 | k_vals=[10, 50, 50, 20, 100]
Epoch 008 | Step 12180 | lr=1.030537e-04 | loss=0.585412 | k_vals=[50, 10, 1, 1, 1]
Epoch 008 | Step 12210 | lr=1.030537e-04 | loss=0.653712 | k_vals=[50, 1, 10, 100, 1]
Epoch 008 | Step 12240 | lr=1.030537e-04 | loss=0.621027 | k_vals=[1, 1, 10, 50, 10]
Epoch 008 | Step 12270 | lr=1.030537e-04 | loss=0.611539 | k_vals=[20, 50, 50, 1, 20]
Epoch 008 | Step 12300 | lr=1.030537e-04 | loss=0.567234 | k_vals=[50, 50, 1, 1, 100]
Epoch 008 | Step 12330 | lr=1.030537e-04 | loss=0.666169 | k_vals=[10, 1, 1, 100, 20]
Epoch 008 | Step 12360 | lr=1.030537e-04 | loss=0.590553 | k_vals=[100, 100, 100, 1, 1]
Epoch 008 | Step 12390 | lr=1.030537e-04 | loss=0.715920 | k_vals=[10, 10, 100, 50, 1]
Epoch 008 | Step 12420 | lr=1.030537e-04 | loss=0.498260 | k_vals=[100, 20, 1, 100, 1]
Epoch 008 | Step 12450 | lr=1.030537e-04 | loss=0.636123 | k_vals=[1, 100, 10, 20, 50]
Epoch 008 | Step 12480 | lr=1.030537e-04 | loss=0.521882 | k_vals=[100, 20, 20, 20, 1]
Epoch 008 | Step 12510 | lr=1.030537e-04 | loss=0.575072 | k_vals=[20, 20, 10, 50, 10]
Epoch 008 | Step 12540 | lr=1.030537e-04 | loss=0.638801 | k_vals=[50, 1, 100, 20, 20]
Epoch 008 | Step 12570 | lr=1.030537e-04 | loss=0.662476 | k_vals=[50, 10, 10, 10, 10]
Epoch 008 | Step 12600 | lr=1.030537e-04 | loss=0.521656 | k_vals=[100, 1, 100, 20, 1]
Epoch 008 | Step 12630 | lr=1.030537e-04 | loss=0.590504 | k_vals=[100, 10, 10, 50, 100]
Epoch 008 | Step 12660 | lr=1.030537e-04 | loss=0.549629 | k_vals=[20, 20, 1, 1, 50]
Epoch 008 | Step 12690 | lr=1.030537e-04 | loss=0.533833 | k_vals=[20, 50, 50, 100, 20]
Epoch 008 | Step 12720 | lr=1.030537e-04 | loss=0.612070 | k_vals=[100, 20, 1, 20, 1]
Epoch 008 | Step 12750 | lr=1.030537e-04 | loss=0.672726 | k_vals=[20, 1, 100, 100, 10]
Epoch 008 | Step 12780 | lr=1.030537e-04 | loss=0.797612 | k_vals=[1, 50, 50, 50, 50]
Epoch 008 | Step 12810 | lr=1.030537e-04 | loss=0.769090 | k_vals=[1, 10, 10, 100, 50]
Epoch 008 | Step 12840 | lr=1.030537e-04 | loss=0.680586 | k_vals=[20, 50, 100, 10, 1]
Epoch 008 | Step 12870 | lr=1.030537e-04 | loss=0.715395 | k_vals=[50, 1, 1, 20, 100]
Epoch 008 | Step 12900 | lr=1.030537e-04 | loss=0.650302 | k_vals=[10, 20, 10, 10, 100]
Epoch 008 | Step 12930 | lr=1.030537e-04 | loss=0.484010 | k_vals=[50, 100, 10, 50, 100]
Epoch 008 | Step 12960 | lr=1.030537e-04 | loss=0.707835 | k_vals=[10, 20, 50, 1, 10]
Epoch 008 | Step 12990 | lr=1.030537e-04 | loss=0.737207 | k_vals=[10, 1, 1, 20, 1]
Epoch 008 | Step 13020 | lr=1.030537e-04 | loss=0.591874 | k_vals=[50, 1, 50, 1, 20]
Epoch 008 | Step 13050 | lr=1.030537e-04 | loss=0.709909 | k_vals=[1, 1, 1, 10, 50]
Epoch 008 | Step 13080 | lr=1.030537e-04 | loss=0.746482 | k_vals=[100, 1, 100, 50, 10]
Epoch 008 | Step 13110 | lr=1.030537e-04 | loss=0.501848 | k_vals=[50, 100, 100, 50, 50]
Epoch 008 | Step 13140 | lr=1.030537e-04 | loss=0.461672 | k_vals=[10, 100, 50, 1, 20]
Epoch 008 | Step 13170 | lr=1.030537e-04 | loss=0.641009 | k_vals=[50, 100, 10, 100, 1]
Epoch 008 | Step 13200 | lr=1.030537e-04 | loss=0.700886 | k_vals=[100, 50, 20, 20, 10]
Epoch 008 | Step 13230 | lr=1.030537e-04 | loss=0.584733 | k_vals=[50, 20, 20, 50, 50]
Epoch 008 | Step 13260 | lr=1.030537e-04 | loss=0.749182 | k_vals=[100, 1, 50, 100, 20]
Epoch 008 | Step 13290 | lr=1.030537e-04 | loss=0.565046 | k_vals=[100, 10, 10, 10, 10]
Epoch 008 | Step 13320 | lr=1.030537e-04 | loss=0.480584 | k_vals=[10, 20, 10, 100, 100]
Epoch 008 | Step 13350 | lr=1.030537e-04 | loss=0.683427 | k_vals=[1, 1, 1, 20, 1]
Epoch 008 | Step 13380 | lr=1.030537e-04 | loss=0.636536 | k_vals=[50, 10, 100, 100, 100]
Epoch 008 | Step 13410 | lr=1.030537e-04 | loss=0.616217 | k_vals=[1, 20, 100, 50, 10]
Epoch 008 | Step 13440 | lr=1.030537e-04 | loss=0.622224 | k_vals=[50, 1, 50, 100, 50]
Epoch 008 | Step 13470 | lr=1.030537e-04 | loss=0.579517 | k_vals=[50, 1, 20, 1, 10]
Epoch 008 | Step 13500 | lr=1.030537e-04 | loss=0.666919 | k_vals=[100, 20, 10, 1, 1]
Epoch 008 | Step 13530 | lr=1.030537e-04 | loss=0.628219 | k_vals=[10, 50, 20, 50, 20]
Epoch 008 | Step 13560 | lr=1.030537e-04 | loss=0.602948 | k_vals=[1, 100, 100, 20, 1]
Epoch 008 | Step 13590 | lr=1.030537e-04 | loss=0.663922 | k_vals=[10, 20, 50, 10, 10]
Epoch 008 | Step 13620 | lr=1.030537e-04 | loss=0.580471 | k_vals=[50, 10, 20, 50, 1]
Epoch 008 | Step 13650 | lr=1.030537e-04 | loss=0.595818 | k_vals=[1, 50, 20, 1, 100]
Epoch 008 | Step 13680 | lr=1.030537e-04 | loss=0.465511 | k_vals=[20, 100, 1, 20, 10]
Epoch 008 | Step 13710 | lr=1.030537e-04 | loss=0.674764 | k_vals=[10, 20, 100, 20, 1]
Epoch 008 | Step 13740 | lr=1.030537e-04 | loss=0.682243 | k_vals=[10, 50, 100, 100, 10]
Epoch 008 | Step 13770 | lr=1.030537e-04 | loss=0.659207 | k_vals=[50, 20, 50, 50, 50]
Epoch 008 | Step 13800 | lr=1.030537e-04 | loss=0.488499 | k_vals=[100, 10, 10, 50, 100]
Epoch 008 | Step 13830 | lr=1.030537e-04 | loss=0.585530 | k_vals=[1, 50, 50, 10, 20]
Epoch 008 | Step 13860 | lr=1.030537e-04 | loss=0.515141 | k_vals=[20, 20, 100, 50, 50]
Epoch 008 | Step 13890 | lr=1.030537e-04 | loss=0.583981 | k_vals=[100, 100, 1, 100, 1]
Epoch 008 | Step 13920 | lr=1.030537e-04 | loss=0.601734 | k_vals=[1, 1, 100, 50, 100]
Epoch 008 | Step 13950 | lr=1.030537e-04 | loss=0.576905 | k_vals=[50, 10, 50, 50, 10]
Epoch 008 | Step 13980 | lr=1.030537e-04 | loss=0.580789 | k_vals=[20, 20, 100, 100, 1]
Epoch 008 | Step 14010 | lr=1.030537e-04 | loss=0.553320 | k_vals=[50, 1, 20, 10, 1]
Epoch 008 | Step 14040 | lr=1.030537e-04 | loss=0.641092 | k_vals=[50, 10, 20, 50, 10]
Epoch 008 | Step 14070 | lr=1.030537e-04 | loss=0.649765 | k_vals=[20, 10, 50, 1, 50]
Epoch 008 | Step 14100 | lr=1.030537e-04 | loss=0.636612 | k_vals=[20, 1, 20, 1, 100]
Epoch 008 | Step 14130 | lr=1.030537e-04 | loss=0.659537 | k_vals=[10, 20, 10, 100, 50]
Epoch 008 | Step 14160 | lr=1.030537e-04 | loss=0.700492 | k_vals=[1, 1, 20, 100, 1]
Epoch 008 | Step 14190 | lr=1.030537e-04 | loss=0.665826 | k_vals=[1, 1, 20, 10, 20]
Epoch 008 | Step 14220 | lr=1.030537e-04 | loss=0.533657 | k_vals=[20, 10, 20, 50, 10]
Epoch 008 | Step 14250 | lr=1.030537e-04 | loss=0.534760 | k_vals=[10, 100, 20, 100, 100]
Epoch 008 | Step 14280 | lr=1.030537e-04 | loss=0.659781 | k_vals=[10, 10, 10, 20, 1]
Epoch 008 | Step 14310 | lr=1.030537e-04 | loss=0.723998 | k_vals=[10, 10, 100, 1, 1]
Epoch 008 | Step 14340 | lr=1.030537e-04 | loss=0.503677 | k_vals=[100, 100, 100, 50, 100]
Epoch 008 | Step 14370 | lr=1.030537e-04 | loss=0.484500 | k_vals=[100, 100, 10, 100, 50]
Epoch 008 | Step 14400 | lr=1.030537e-04 | loss=0.624914 | k_vals=[50, 1, 20, 20, 10]
Epoch 008 | Step 14430 | lr=1.030537e-04 | loss=0.646186 | k_vals=[20, 100, 100, 10, 20]
Epoch 008 | Step 14460 | lr=1.030537e-04 | loss=0.563357 | k_vals=[20, 10, 1, 100, 10]
Epoch 008 | Step 14490 | lr=1.030537e-04 | loss=0.556849 | k_vals=[20, 100, 10, 10, 100]
Epoch 008 | Step 14520 | lr=1.030537e-04 | loss=0.594477 | k_vals=[100, 20, 20, 100, 50]
Epoch 008 | Step 14550 | lr=1.030537e-04 | loss=0.598346 | k_vals=[100, 100, 1, 50, 100]
Epoch 008 | Step 14580 | lr=1.030537e-04 | loss=0.513958 | k_vals=[20, 10, 10, 10, 20]
Epoch 008 | Step 14610 | lr=1.030537e-04 | loss=0.582410 | k_vals=[100, 100, 20, 50, 20]
Epoch 008 | Step 14640 | lr=1.030537e-04 | loss=0.686667 | k_vals=[20, 50, 50, 100, 50]
Epoch 008 | Step 14670 | lr=1.030537e-04 | loss=0.464650 | k_vals=[20, 50, 100, 50, 20]
Epoch 008 | Step 14700 | lr=1.030537e-04 | loss=0.537148 | k_vals=[1, 20, 20, 1, 100]
Epoch 008 | Step 14730 | lr=1.030537e-04 | loss=0.790610 | k_vals=[100, 1, 20, 1, 1]
Epoch 008 | Step 14760 | lr=1.030537e-04 | loss=0.623499 | k_vals=[100, 50, 10, 20, 1]
Epoch 008 | Step 14790 | lr=1.030537e-04 | loss=0.544174 | k_vals=[10, 50, 100, 10, 50]
Epoch 008 | Step 14820 | lr=1.030537e-04 | loss=0.626755 | k_vals=[100, 20, 100, 50, 10]
Epoch 008 | Step 14850 | lr=1.030537e-04 | loss=0.619665 | k_vals=[100, 20, 10, 20, 20]
Epoch 008 | Step 14880 | lr=1.030537e-04 | loss=0.688872 | k_vals=[100, 1, 20, 20, 100]
Epoch 008 | Step 14910 | lr=1.030537e-04 | loss=0.639213 | k_vals=[50, 10, 1, 20, 100]
Epoch 008 | Step 14940 | lr=1.030537e-04 | loss=0.748876 | k_vals=[20, 10, 10, 100, 1]
Epoch 008 | Step 14970 | lr=1.030537e-04 | loss=0.665746 | k_vals=[50, 100, 50, 100, 10]
Epoch 008 | Step 15000 | lr=1.030537e-04 | loss=0.514658 | k_vals=[20, 20, 50, 1, 50]
Epoch 008 | Step 15030 | lr=1.030537e-04 | loss=0.587618 | k_vals=[50, 100, 10, 1, 50]
Epoch 008 | Step 15060 | lr=1.030537e-04 | loss=0.675194 | k_vals=[1, 20, 100, 1, 1]
Epoch 008 | Step 15090 | lr=1.030537e-04 | loss=0.637852 | k_vals=[1, 20, 50, 20, 100]
Epoch 008 | Step 15120 | lr=1.030537e-04 | loss=0.580649 | k_vals=[100, 1, 10, 10, 50]
Epoch 008 | Step 15150 | lr=1.030537e-04 | loss=0.617979 | k_vals=[20, 10, 20, 1, 1]
Epoch 008 | Step 15180 | lr=1.030537e-04 | loss=0.576585 | k_vals=[10, 1, 50, 1, 10]
Epoch 008 | Step 15210 | lr=1.030537e-04 | loss=0.651885 | k_vals=[1, 1, 20, 50, 20]
Epoch 008 | Step 15240 | lr=1.030537e-04 | loss=0.938944 | k_vals=[10, 100, 100, 50, 100]
Epoch 008 | Step 15270 | lr=1.030537e-04 | loss=0.723875 | k_vals=[10, 1, 20, 1, 100]
Epoch 008 | Step 15300 | lr=1.030537e-04 | loss=0.609349 | k_vals=[20, 20, 10, 1, 1]
Epoch 008 | Step 15330 | lr=1.030537e-04 | loss=0.736775 | k_vals=[100, 50, 10, 10, 20]
Epoch 008 | Step 15360 | lr=1.030537e-04 | loss=0.630690 | k_vals=[20, 50, 100, 100, 1]
Epoch 008 | Step 15390 | lr=1.030537e-04 | loss=0.702874 | k_vals=[1, 1, 10, 20, 1]
Epoch 008 | Step 15420 | lr=1.030537e-04 | loss=0.667809 | k_vals=[10, 20, 50, 100, 1]
Epoch 008 | Step 15450 | lr=1.030537e-04 | loss=0.645120 | k_vals=[50, 10, 10, 20, 10]
Epoch 008 | Step 15480 | lr=1.030537e-04 | loss=0.564787 | k_vals=[10, 10, 10, 10, 20]
Epoch 008 | Step 15510 | lr=1.030537e-04 | loss=0.621482 | k_vals=[10, 1, 1, 20, 50]
Epoch 008 | Step 15540 | lr=1.030537e-04 | loss=0.527083 | k_vals=[100, 50, 20, 20, 1]
Epoch 008 | Step 15570 | lr=1.030537e-04 | loss=0.758285 | k_vals=[100, 10, 100, 20, 20]
Epoch 008 | Step 15600 | lr=1.030537e-04 | loss=0.708525 | k_vals=[50, 50, 20, 50, 10]
Epoch 008 | Step 15630 | lr=1.030537e-04 | loss=0.597276 | k_vals=[100, 10, 20, 50, 20]
Epoch 008 | Step 15660 | lr=1.030537e-04 | loss=0.616808 | k_vals=[100, 20, 10, 1, 100]
Epoch 008 | Step 15690 | lr=1.030537e-04 | loss=0.540593 | k_vals=[100, 10, 100, 20, 10]
Epoch 008 | Step 15720 | lr=1.030537e-04 | loss=0.605486 | k_vals=[1, 10, 1, 50, 1]
Epoch 008 | Step 15750 | lr=1.030537e-04 | loss=0.680588 | k_vals=[20, 50, 10, 20, 10]
Epoch 008 | Step 15780 | lr=1.030537e-04 | loss=0.663665 | k_vals=[100, 100, 1, 20, 10]
Epoch 008 | Step 15810 | lr=1.030537e-04 | loss=0.709832 | k_vals=[1, 1, 1, 100, 10]
Epoch 008 | Step 15840 | lr=1.030537e-04 | loss=0.564386 | k_vals=[20, 1, 50, 10, 10]
Epoch 008 | Step 15870 | lr=1.030537e-04 | loss=0.634310 | k_vals=[1, 50, 50, 20, 50]
Epoch 008 | Step 15900 | lr=1.030537e-04 | loss=0.676901 | k_vals=[1, 1, 10, 1, 50]
Epoch 008 | Step 15930 | lr=1.030537e-04 | loss=0.652096 | k_vals=[1, 1, 50, 50, 50]
Epoch 008 | Step 15960 | lr=1.030537e-04 | loss=0.608658 | k_vals=[10, 1, 20, 20, 20]
Epoch 008 | Step 15990 | lr=1.030537e-04 | loss=0.523954 | k_vals=[100, 10, 10, 1, 10]
Epoch 008 | Step 16020 | lr=1.030537e-04 | loss=0.649022 | k_vals=[50, 1, 100, 1, 20]
Epoch 008 | Step 16050 | lr=1.030537e-04 | loss=0.575635 | k_vals=[20, 50, 20, 100, 10]
Epoch 008 | Step 16080 | lr=1.030537e-04 | loss=0.625481 | k_vals=[1, 10, 100, 50, 50]
Epoch 008 | Step 16110 | lr=1.030537e-04 | loss=0.657869 | k_vals=[10, 100, 100, 20, 100]
Epoch 008 | Step 16140 | lr=1.030537e-04 | loss=0.667129 | k_vals=[50, 100, 1, 100, 10]
Epoch 008 | Step 16170 | lr=1.030537e-04 | loss=0.633413 | k_vals=[1, 10, 100, 1, 1]
Epoch 008 | Step 16200 | lr=1.030537e-04 | loss=0.715207 | k_vals=[50, 50, 10, 1, 1]
Epoch 008 | Step 16230 | lr=1.030537e-04 | loss=0.510578 | k_vals=[20, 10, 50, 1, 20]
Epoch 008 | Step 16260 | lr=1.030537e-04 | loss=0.680151 | k_vals=[50, 10, 10, 100, 1]
Epoch 008 | Step 16290 | lr=1.030537e-04 | loss=0.693031 | k_vals=[100, 100, 50, 20, 10]
Epoch 008 | Step 16320 | lr=1.030537e-04 | loss=0.728722 | k_vals=[100, 20, 20, 10, 20]
Epoch 008 | Step 16350 | lr=1.030537e-04 | loss=0.607182 | k_vals=[100, 1, 100, 20, 100]
Epoch 008 | Step 16380 | lr=1.030537e-04 | loss=0.547419 | k_vals=[100, 10, 100, 50, 100]
Epoch 008 | Step 16410 | lr=1.030537e-04 | loss=0.696179 | k_vals=[1, 1, 50, 1, 20]
Epoch 008 | Step 16440 | lr=1.030537e-04 | loss=0.585746 | k_vals=[20, 100, 50, 20, 10]
Epoch 008 | Step 16470 | lr=1.030537e-04 | loss=0.562454 | k_vals=[100, 100, 100, 1, 1]
Epoch 008 | Step 16500 | lr=1.030537e-04 | loss=0.668598 | k_vals=[1, 50, 50, 1, 10]
Epoch 008 | Step 16530 | lr=1.030537e-04 | loss=0.720844 | k_vals=[100, 20, 50, 20, 1]
Epoch 008 | Step 16560 | lr=1.030537e-04 | loss=0.600206 | k_vals=[1, 50, 10, 10, 100]
Epoch 008 | Step 16590 | lr=1.030537e-04 | loss=0.578735 | k_vals=[20, 10, 50, 1, 20]
Epoch 008 | Step 16620 | lr=1.030537e-04 | loss=0.595562 | k_vals=[100, 50, 50, 1, 50]
Epoch 008 | Step 16650 | lr=1.030537e-04 | loss=0.697568 | k_vals=[50, 20, 10, 50, 1]
Epoch 008 | Step 16680 | lr=1.030537e-04 | loss=0.565229 | k_vals=[50, 50, 50, 1, 10]
Epoch 008 | Step 16710 | lr=1.030537e-04 | loss=0.629091 | k_vals=[20, 1, 50, 50, 1]
Epoch 008 | Step 16740 | lr=1.030537e-04 | loss=0.777613 | k_vals=[100, 50, 1, 50, 1]
Epoch 008 | Step 16770 | lr=1.030537e-04 | loss=0.640230 | k_vals=[1, 1, 50, 100, 20]
Epoch 008 | Step 16800 | lr=1.030537e-04 | loss=0.581884 | k_vals=[50, 50, 20, 20, 50]
Epoch 008 | Step 16830 | lr=1.030537e-04 | loss=0.529702 | k_vals=[20, 50, 50, 10, 50]
Epoch 008 | Step 16860 | lr=1.030537e-04 | loss=0.491129 | k_vals=[100, 1, 50, 20, 20]
Epoch 008 | Step 16890 | lr=1.030537e-04 | loss=0.691080 | k_vals=[1, 50, 10, 10, 100]
Epoch 008 | Step 16920 | lr=1.030537e-04 | loss=0.507424 | k_vals=[20, 20, 100, 50, 10]
Epoch 008 | Step 16950 | lr=1.030537e-04 | loss=0.717292 | k_vals=[10, 20, 1, 10, 10]
Epoch 008 | Step 16980 | lr=1.030537e-04 | loss=0.660639 | k_vals=[1, 100, 20, 1, 100]
Epoch 008 | Step 17010 | lr=1.030537e-04 | loss=0.696884 | k_vals=[10, 50, 1, 1, 20]
Epoch 008 | Step 17040 | lr=1.030537e-04 | loss=0.662764 | k_vals=[1, 20, 50, 100, 1]
Epoch 008 | Step 17070 | lr=1.030537e-04 | loss=0.607054 | k_vals=[100, 100, 100, 20, 50]
Epoch 008 | Step 17100 | lr=1.030537e-04 | loss=0.650228 | k_vals=[20, 50, 10, 20, 1]
Epoch 008 | Step 17130 | lr=1.030537e-04 | loss=0.615067 | k_vals=[10, 10, 50, 20, 1]
Epoch 008 | Step 17160 | lr=1.030537e-04 | loss=0.657825 | k_vals=[100, 1, 100, 1, 10]
Epoch 008 | Step 17190 | lr=1.030537e-04 | loss=0.557925 | k_vals=[100, 10, 10, 20, 100]
Epoch 008 | Step 17220 | lr=1.030537e-04 | loss=0.606537 | k_vals=[10, 10, 100, 100, 1]
Epoch 008 | Step 17250 | lr=1.030537e-04 | loss=0.608214 | k_vals=[1, 100, 100, 50, 1]
Epoch 008 | Step 17280 | lr=1.030537e-04 | loss=0.744127 | k_vals=[10, 1, 50, 1, 100]
Epoch 008 | Step 17310 | lr=1.030537e-04 | loss=0.660522 | k_vals=[100, 10, 10, 20, 50]
Epoch 008 | Step 17340 | lr=1.030537e-04 | loss=0.610918 | k_vals=[20, 1, 20, 1, 20]
Epoch 008 | Step 17370 | lr=1.030537e-04 | loss=0.769022 | k_vals=[1, 20, 20, 20, 10]
Epoch 008 | Step 17400 | lr=1.030537e-04 | loss=0.702946 | k_vals=[50, 50, 100, 1, 50]
Epoch 008 | Step 17430 | lr=1.030537e-04 | loss=0.609367 | k_vals=[1, 1, 20, 100, 50]
Epoch 008 | Step 17460 | lr=1.030537e-04 | loss=0.692896 | k_vals=[100, 1, 1, 10, 1]
Epoch 008 | Step 17490 | lr=1.030537e-04 | loss=0.671574 | k_vals=[10, 100, 10, 1, 1]
Epoch 008 | Step 17520 | lr=1.030537e-04 | loss=0.636310 | k_vals=[100, 1, 20, 10, 10]
Epoch 008 | Step 17550 | lr=1.030537e-04 | loss=0.690990 | k_vals=[100, 1, 50, 10, 1]
[Epoch 8] K-value distribution: K=1:450138(20.0%) | K=10:450114(20.0%) | K=20:449711(20.0%) | K=50:450051(20.0%) | K=100:449986(20.0%)
epoch 008 | train_kld=0.633823 | val_kld=0.676274 | val_mae=0.006046 | val_mse=0.001574 | ord_acc@10=0.1842 | recall@10=0.5919
Epoch 009 | Step 30 | lr=4.774575e-05 | loss=0.568203 | k_vals=[20, 50, 50, 1, 100]
Epoch 009 | Step 60 | lr=4.774575e-05 | loss=0.570462 | k_vals=[100, 1, 10, 10, 50]
Epoch 009 | Step 90 | lr=4.774575e-05 | loss=0.631192 | k_vals=[10, 20, 20, 100, 50]
Epoch 009 | Step 120 | lr=4.774575e-05 | loss=0.606156 | k_vals=[10, 50, 1, 10, 10]
Epoch 009 | Step 150 | lr=4.774575e-05 | loss=0.678326 | k_vals=[100, 100, 20, 50, 20]
Epoch 009 | Step 180 | lr=4.774575e-05 | loss=0.656856 | k_vals=[100, 20, 100, 50, 1]
Epoch 009 | Step 210 | lr=4.774575e-05 | loss=0.556553 | k_vals=[100, 50, 100, 20, 1]
Epoch 009 | Step 240 | lr=4.774575e-05 | loss=0.625636 | k_vals=[20, 50, 100, 50, 10]
Epoch 009 | Step 270 | lr=4.774575e-05 | loss=0.675992 | k_vals=[20, 100, 100, 50, 20]
Epoch 009 | Step 300 | lr=4.774575e-05 | loss=0.548580 | k_vals=[50, 10, 20, 1, 10]
Epoch 009 | Step 330 | lr=4.774575e-05 | loss=0.611039 | k_vals=[1, 1, 100, 10, 100]
Epoch 009 | Step 360 | lr=4.774575e-05 | loss=0.566539 | k_vals=[10, 10, 50, 1, 1]
Epoch 009 | Step 390 | lr=4.774575e-05 | loss=0.748226 | k_vals=[1, 100, 20, 20, 100]
Epoch 009 | Step 420 | lr=4.774575e-05 | loss=0.620806 | k_vals=[10, 100, 1, 100, 10]
Epoch 009 | Step 450 | lr=4.774575e-05 | loss=0.658160 | k_vals=[1, 50, 50, 10, 100]
Epoch 009 | Step 480 | lr=4.774575e-05 | loss=0.587181 | k_vals=[20, 100, 100, 50, 50]
Epoch 009 | Step 510 | lr=4.774575e-05 | loss=0.666393 | k_vals=[10, 20, 20, 20, 10]
Epoch 009 | Step 540 | lr=4.774575e-05 | loss=0.648698 | k_vals=[10, 20, 100, 20, 100]
Epoch 009 | Step 570 | lr=4.774575e-05 | loss=0.576225 | k_vals=[50, 50, 100, 10, 20]
Epoch 009 | Step 600 | lr=4.774575e-05 | loss=0.552932 | k_vals=[1, 10, 50, 20, 100]
Epoch 009 | Step 630 | lr=4.774575e-05 | loss=0.492051 | k_vals=[50, 100, 100, 100, 20]
Epoch 009 | Step 660 | lr=4.774575e-05 | loss=0.548053 | k_vals=[1, 20, 1, 10, 100]
Epoch 009 | Step 690 | lr=4.774575e-05 | loss=0.496000 | k_vals=[10, 10, 20, 100, 20]
Epoch 009 | Step 720 | lr=4.774575e-05 | loss=0.636246 | k_vals=[20, 100, 20, 1, 1]
Epoch 009 | Step 750 | lr=4.774575e-05 | loss=0.669620 | k_vals=[100, 10, 50, 10, 10]
Epoch 009 | Step 780 | lr=4.774575e-05 | loss=0.569002 | k_vals=[1, 20, 20, 100, 50]
Epoch 009 | Step 810 | lr=4.774575e-05 | loss=0.683769 | k_vals=[50, 50, 100, 10, 20]
Epoch 009 | Step 840 | lr=4.774575e-05 | loss=0.747697 | k_vals=[1, 50, 50, 1, 10]
Epoch 009 | Step 870 | lr=4.774575e-05 | loss=0.593502 | k_vals=[10, 50, 10, 1, 50]
Epoch 009 | Step 900 | lr=4.774575e-05 | loss=0.599403 | k_vals=[10, 1, 20, 20, 100]
Epoch 009 | Step 930 | lr=4.774575e-05 | loss=0.554867 | k_vals=[10, 50, 50, 20, 20]
Epoch 009 | Step 960 | lr=4.774575e-05 | loss=0.746990 | k_vals=[100, 1, 1, 10, 20]
Epoch 009 | Step 990 | lr=4.774575e-05 | loss=0.705010 | k_vals=[1, 100, 100, 1, 100]
Epoch 009 | Step 1020 | lr=4.774575e-05 | loss=0.599028 | k_vals=[10, 1, 10, 1, 10]
Epoch 009 | Step 1050 | lr=4.774575e-05 | loss=0.569959 | k_vals=[20, 100, 50, 50, 1]
Epoch 009 | Step 1080 | lr=4.774575e-05 | loss=0.665870 | k_vals=[50, 1, 50, 20, 20]
Epoch 009 | Step 1110 | lr=4.774575e-05 | loss=0.645621 | k_vals=[50, 10, 50, 10, 100]
Epoch 009 | Step 1140 | lr=4.774575e-05 | loss=0.673906 | k_vals=[1, 20, 50, 20, 100]
Epoch 009 | Step 1170 | lr=4.774575e-05 | loss=0.579167 | k_vals=[10, 20, 50, 100, 10]
Epoch 009 | Step 1200 | lr=4.774575e-05 | loss=0.723403 | k_vals=[10, 1, 10, 50, 20]
Epoch 009 | Step 1230 | lr=4.774575e-05 | loss=0.536459 | k_vals=[20, 100, 100, 1, 50]
Epoch 009 | Step 1260 | lr=4.774575e-05 | loss=0.644858 | k_vals=[10, 20, 100, 100, 50]
Epoch 009 | Step 1290 | lr=4.774575e-05 | loss=0.614138 | k_vals=[50, 1, 20, 1, 50]
Epoch 009 | Step 1320 | lr=4.774575e-05 | loss=0.716702 | k_vals=[10, 10, 1, 100, 1]
Epoch 009 | Step 1350 | lr=4.774575e-05 | loss=0.614489 | k_vals=[1, 20, 50, 10, 10]
Epoch 009 | Step 1380 | lr=4.774575e-05 | loss=0.713600 | k_vals=[50, 50, 20, 20, 1]
Epoch 009 | Step 1410 | lr=4.774575e-05 | loss=0.553631 | k_vals=[50, 1, 20, 1, 10]
Epoch 009 | Step 1440 | lr=4.774575e-05 | loss=0.545321 | k_vals=[10, 20, 10, 100, 100]
Epoch 009 | Step 1470 | lr=4.774575e-05 | loss=0.638790 | k_vals=[1, 20, 1, 1, 50]
Epoch 009 | Step 1500 | lr=4.774575e-05 | loss=0.541717 | k_vals=[10, 10, 20, 10, 50]
Epoch 009 | Step 1530 | lr=4.774575e-05 | loss=0.693324 | k_vals=[10, 50, 20, 100, 10]
Epoch 009 | Step 1560 | lr=4.774575e-05 | loss=0.616234 | k_vals=[20, 20, 100, 50, 100]
Epoch 009 | Step 1590 | lr=4.774575e-05 | loss=0.538053 | k_vals=[1, 10, 1, 100, 10]
Epoch 009 | Step 1620 | lr=4.774575e-05 | loss=0.551847 | k_vals=[1, 10, 100, 50, 20]
Epoch 009 | Step 1650 | lr=4.774575e-05 | loss=0.434606 | k_vals=[100, 20, 1, 100, 1]
Epoch 009 | Step 1680 | lr=4.774575e-05 | loss=0.700814 | k_vals=[20, 1, 100, 20, 10]
Epoch 009 | Step 1710 | lr=4.774575e-05 | loss=0.534950 | k_vals=[100, 50, 20, 20, 100]
Epoch 009 | Step 1740 | lr=4.774575e-05 | loss=0.557573 | k_vals=[50, 100, 50, 50, 10]
Epoch 009 | Step 1770 | lr=4.774575e-05 | loss=0.559230 | k_vals=[20, 20, 20, 1, 20]
Epoch 009 | Step 1800 | lr=4.774575e-05 | loss=0.540196 | k_vals=[100, 10, 100, 50, 50]
Epoch 009 | Step 1830 | lr=4.774575e-05 | loss=0.526686 | k_vals=[10, 20, 10, 50, 20]
Epoch 009 | Step 1860 | lr=4.774575e-05 | loss=0.630533 | k_vals=[1, 1, 20, 10, 100]
Epoch 009 | Step 1890 | lr=4.774575e-05 | loss=0.683268 | k_vals=[10, 20, 20, 50, 50]
Epoch 009 | Step 1920 | lr=4.774575e-05 | loss=0.643613 | k_vals=[50, 50, 20, 20, 20]
Epoch 009 | Step 1950 | lr=4.774575e-05 | loss=0.627431 | k_vals=[1, 20, 50, 10, 10]
Epoch 009 | Step 1980 | lr=4.774575e-05 | loss=0.543389 | k_vals=[20, 1, 10, 50, 50]
Epoch 009 | Step 2010 | lr=4.774575e-05 | loss=0.563948 | k_vals=[1, 1, 50, 20, 20]
Epoch 009 | Step 2040 | lr=4.774575e-05 | loss=0.503144 | k_vals=[100, 20, 50, 100, 100]
Epoch 009 | Step 2070 | lr=4.774575e-05 | loss=0.537791 | k_vals=[1, 100, 50, 100, 20]
Epoch 009 | Step 2100 | lr=4.774575e-05 | loss=0.628648 | k_vals=[1, 100, 100, 100, 100]
Epoch 009 | Step 2130 | lr=4.774575e-05 | loss=0.773275 | k_vals=[100, 1, 20, 10, 50]
Epoch 009 | Step 2160 | lr=4.774575e-05 | loss=0.591407 | k_vals=[50, 1, 1, 50, 10]
Epoch 009 | Step 2190 | lr=4.774575e-05 | loss=0.551172 | k_vals=[1, 10, 1, 50, 100]
Epoch 009 | Step 2220 | lr=4.774575e-05 | loss=0.683527 | k_vals=[1, 50, 20, 50, 1]
Epoch 009 | Step 2250 | lr=4.774575e-05 | loss=0.552489 | k_vals=[100, 100, 10, 1, 10]
Epoch 009 | Step 2280 | lr=4.774575e-05 | loss=0.656266 | k_vals=[10, 100, 10, 1, 1]
Epoch 009 | Step 2310 | lr=4.774575e-05 | loss=0.582580 | k_vals=[50, 50, 100, 1, 50]
Epoch 009 | Step 2340 | lr=4.774575e-05 | loss=0.567732 | k_vals=[100, 50, 1, 50, 20]
Epoch 009 | Step 2370 | lr=4.774575e-05 | loss=0.662315 | k_vals=[10, 50, 10, 20, 100]
Epoch 009 | Step 2400 | lr=4.774575e-05 | loss=0.494396 | k_vals=[50, 10, 1, 20, 50]
Epoch 009 | Step 2430 | lr=4.774575e-05 | loss=0.634173 | k_vals=[10, 1, 50, 10, 100]
Epoch 009 | Step 2460 | lr=4.774575e-05 | loss=0.775406 | k_vals=[50, 10, 1, 20, 20]
Epoch 009 | Step 2490 | lr=4.774575e-05 | loss=0.551334 | k_vals=[100, 50, 100, 20, 20]
Epoch 009 | Step 2520 | lr=4.774575e-05 | loss=0.667927 | k_vals=[10, 100, 1, 20, 20]
Epoch 009 | Step 2550 | lr=4.774575e-05 | loss=0.565280 | k_vals=[20, 100, 10, 10, 20]
Epoch 009 | Step 2580 | lr=4.774575e-05 | loss=0.621862 | k_vals=[50, 1, 10, 10, 10]
Epoch 009 | Step 2610 | lr=4.774575e-05 | loss=0.629884 | k_vals=[100, 10, 100, 1, 100]
Epoch 009 | Step 2640 | lr=4.774575e-05 | loss=0.609421 | k_vals=[100, 50, 10, 100, 50]
Epoch 009 | Step 2670 | lr=4.774575e-05 | loss=0.688882 | k_vals=[1, 1, 1, 50, 50]
Epoch 009 | Step 2700 | lr=4.774575e-05 | loss=0.728909 | k_vals=[100, 100, 1, 10, 10]
Epoch 009 | Step 2730 | lr=4.774575e-05 | loss=0.612237 | k_vals=[10, 100, 50, 50, 1]
Epoch 009 | Step 2760 | lr=4.774575e-05 | loss=0.623916 | k_vals=[50, 100, 1, 50, 50]
Epoch 009 | Step 2790 | lr=4.774575e-05 | loss=0.629073 | k_vals=[50, 50, 50, 10, 1]
Epoch 009 | Step 2820 | lr=4.774575e-05 | loss=0.834439 | k_vals=[1, 100, 20, 20, 50]
Epoch 009 | Step 2850 | lr=4.774575e-05 | loss=0.630696 | k_vals=[10, 20, 1, 20, 10]
Epoch 009 | Step 2880 | lr=4.774575e-05 | loss=0.609495 | k_vals=[100, 100, 20, 100, 50]
Epoch 009 | Step 2910 | lr=4.774575e-05 | loss=0.628392 | k_vals=[20, 20, 20, 20, 100]
Epoch 009 | Step 2940 | lr=4.774575e-05 | loss=0.529620 | k_vals=[1, 20, 20, 10, 100]
Epoch 009 | Step 2970 | lr=4.774575e-05 | loss=0.532873 | k_vals=[50, 1, 10, 20, 10]
Epoch 009 | Step 3000 | lr=4.774575e-05 | loss=0.580081 | k_vals=[20, 20, 20, 10, 1]
Epoch 009 | Step 3030 | lr=4.774575e-05 | loss=0.590156 | k_vals=[100, 100, 20, 10, 100]
Epoch 009 | Step 3060 | lr=4.774575e-05 | loss=0.619456 | k_vals=[10, 100, 1, 50, 100]
Epoch 009 | Step 3090 | lr=4.774575e-05 | loss=0.591091 | k_vals=[100, 20, 20, 10, 1]
Epoch 009 | Step 3120 | lr=4.774575e-05 | loss=0.588503 | k_vals=[20, 100, 50, 50, 10]
Epoch 009 | Step 3150 | lr=4.774575e-05 | loss=0.647087 | k_vals=[1, 100, 1, 50, 1]
Epoch 009 | Step 3180 | lr=4.774575e-05 | loss=0.585785 | k_vals=[100, 10, 1, 50, 50]
Epoch 009 | Step 3210 | lr=4.774575e-05 | loss=0.566847 | k_vals=[100, 10, 10, 20, 100]
Epoch 009 | Step 3240 | lr=4.774575e-05 | loss=0.577000 | k_vals=[1, 10, 50, 1, 50]
Epoch 009 | Step 3270 | lr=4.774575e-05 | loss=0.669401 | k_vals=[100, 100, 1, 100, 10]
Epoch 009 | Step 3300 | lr=4.774575e-05 | loss=0.658859 | k_vals=[50, 50, 50, 100, 20]
Epoch 009 | Step 3330 | lr=4.774575e-05 | loss=0.660594 | k_vals=[20, 10, 10, 10, 10]
Epoch 009 | Step 3360 | lr=4.774575e-05 | loss=0.549758 | k_vals=[100, 20, 50, 50, 10]
Epoch 009 | Step 3390 | lr=4.774575e-05 | loss=0.681057 | k_vals=[10, 10, 1, 20, 50]
Epoch 009 | Step 3420 | lr=4.774575e-05 | loss=0.647257 | k_vals=[100, 10, 20, 1, 50]
Epoch 009 | Step 3450 | lr=4.774575e-05 | loss=0.563956 | k_vals=[20, 20, 50, 100, 50]
Epoch 009 | Step 3480 | lr=4.774575e-05 | loss=0.559557 | k_vals=[50, 50, 10, 10, 1]
Epoch 009 | Step 3510 | lr=4.774575e-05 | loss=0.662953 | k_vals=[1, 100, 100, 100, 20]
Epoch 009 | Step 3540 | lr=4.774575e-05 | loss=0.673455 | k_vals=[100, 20, 1, 20, 1]
Epoch 009 | Step 3570 | lr=4.774575e-05 | loss=0.571740 | k_vals=[50, 50, 100, 50, 50]
Epoch 009 | Step 3600 | lr=4.774575e-05 | loss=0.732563 | k_vals=[50, 100, 100, 20, 50]
Epoch 009 | Step 3630 | lr=4.774575e-05 | loss=0.606304 | k_vals=[50, 50, 1, 20, 1]
Epoch 009 | Step 3660 | lr=4.774575e-05 | loss=0.650878 | k_vals=[100, 20, 50, 50, 1]
Epoch 009 | Step 3690 | lr=4.774575e-05 | loss=0.559243 | k_vals=[100, 1, 100, 1, 50]
Epoch 009 | Step 3720 | lr=4.774575e-05 | loss=0.571043 | k_vals=[1, 10, 1, 50, 10]
Epoch 009 | Step 3750 | lr=4.774575e-05 | loss=0.734692 | k_vals=[10, 10, 1, 50, 20]
Epoch 009 | Step 3780 | lr=4.774575e-05 | loss=0.656360 | k_vals=[50, 20, 50, 100, 1]
Epoch 009 | Step 3810 | lr=4.774575e-05 | loss=0.792215 | k_vals=[1, 10, 1, 20, 100]
Epoch 009 | Step 3840 | lr=4.774575e-05 | loss=0.769031 | k_vals=[10, 50, 50, 1, 20]
Epoch 009 | Step 3870 | lr=4.774575e-05 | loss=0.597699 | k_vals=[10, 20, 50, 100, 1]
Epoch 009 | Step 3900 | lr=4.774575e-05 | loss=0.692970 | k_vals=[20, 100, 1, 100, 50]
Epoch 009 | Step 3930 | lr=4.774575e-05 | loss=0.694275 | k_vals=[10, 50, 10, 10, 1]
Epoch 009 | Step 3960 | lr=4.774575e-05 | loss=0.758213 | k_vals=[10, 20, 50, 10, 1]
Epoch 009 | Step 3990 | lr=4.774575e-05 | loss=0.648833 | k_vals=[10, 50, 20, 50, 100]
Epoch 009 | Step 4020 | lr=4.774575e-05 | loss=0.692972 | k_vals=[1, 100, 100, 50, 100]
Epoch 009 | Step 4050 | lr=4.774575e-05 | loss=0.623369 | k_vals=[1, 1, 1, 100, 100]
Epoch 009 | Step 4080 | lr=4.774575e-05 | loss=0.630199 | k_vals=[50, 1, 1, 1, 1]
Epoch 009 | Step 4110 | lr=4.774575e-05 | loss=0.628964 | k_vals=[50, 20, 10, 50, 20]
Epoch 009 | Step 4140 | lr=4.774575e-05 | loss=0.598606 | k_vals=[1, 50, 1, 10, 1]
Epoch 009 | Step 4170 | lr=4.774575e-05 | loss=0.592662 | k_vals=[10, 20, 10, 20, 10]
Epoch 009 | Step 4200 | lr=4.774575e-05 | loss=0.476782 | k_vals=[1, 50, 10, 50, 100]
Epoch 009 | Step 4230 | lr=4.774575e-05 | loss=0.662417 | k_vals=[100, 1, 50, 10, 50]
Epoch 009 | Step 4260 | lr=4.774575e-05 | loss=0.667192 | k_vals=[100, 10, 100, 1, 10]
Epoch 009 | Step 4290 | lr=4.774575e-05 | loss=0.656144 | k_vals=[10, 20, 50, 20, 20]
Epoch 009 | Step 4320 | lr=4.774575e-05 | loss=0.557366 | k_vals=[100, 1, 50, 100, 50]
Epoch 009 | Step 4350 | lr=4.774575e-05 | loss=0.580771 | k_vals=[100, 20, 20, 100, 50]
Epoch 009 | Step 4380 | lr=4.774575e-05 | loss=0.710436 | k_vals=[20, 20, 100, 100, 1]
Epoch 009 | Step 4410 | lr=4.774575e-05 | loss=0.622061 | k_vals=[1, 20, 50, 1, 1]
Epoch 009 | Step 4440 | lr=4.774575e-05 | loss=0.446509 | k_vals=[100, 10, 20, 1, 100]
Epoch 009 | Step 4470 | lr=4.774575e-05 | loss=0.650067 | k_vals=[50, 1, 50, 20, 1]
Epoch 009 | Step 4500 | lr=4.774575e-05 | loss=0.634584 | k_vals=[50, 100, 50, 10, 1]
Epoch 009 | Step 4530 | lr=4.774575e-05 | loss=0.476571 | k_vals=[100, 20, 50, 100, 10]
Epoch 009 | Step 4560 | lr=4.774575e-05 | loss=0.558213 | k_vals=[50, 20, 10, 100, 10]
Epoch 009 | Step 4590 | lr=4.774575e-05 | loss=0.698507 | k_vals=[20, 10, 100, 50, 20]
Epoch 009 | Step 4620 | lr=4.774575e-05 | loss=0.494926 | k_vals=[100, 50, 1, 10, 20]
Epoch 009 | Step 4650 | lr=4.774575e-05 | loss=0.709805 | k_vals=[1, 10, 20, 50, 1]
Epoch 009 | Step 4680 | lr=4.774575e-05 | loss=0.628876 | k_vals=[100, 10, 50, 1, 50]
Epoch 009 | Step 4710 | lr=4.774575e-05 | loss=0.709239 | k_vals=[10, 20, 100, 50, 10]
Epoch 009 | Step 4740 | lr=4.774575e-05 | loss=0.594150 | k_vals=[50, 1, 20, 1, 10]
Epoch 009 | Step 4770 | lr=4.774575e-05 | loss=0.576567 | k_vals=[10, 100, 50, 100, 1]
Epoch 009 | Step 4800 | lr=4.774575e-05 | loss=0.604265 | k_vals=[20, 10, 20, 50, 100]
Epoch 009 | Step 4830 | lr=4.774575e-05 | loss=0.641621 | k_vals=[1, 50, 1, 1, 100]
Epoch 009 | Step 4860 | lr=4.774575e-05 | loss=0.799123 | k_vals=[20, 1, 100, 20, 50]
Epoch 009 | Step 4890 | lr=4.774575e-05 | loss=0.737823 | k_vals=[100, 10, 50, 1, 10]
Epoch 009 | Step 4920 | lr=4.774575e-05 | loss=0.697897 | k_vals=[1, 100, 100, 50, 50]
Epoch 009 | Step 4950 | lr=4.774575e-05 | loss=0.602593 | k_vals=[20, 10, 10, 10, 10]
Epoch 009 | Step 4980 | lr=4.774575e-05 | loss=0.674090 | k_vals=[10, 100, 100, 1, 1]
Epoch 009 | Step 5010 | lr=4.774575e-05 | loss=0.582062 | k_vals=[20, 1, 50, 10, 1]
Epoch 009 | Step 5040 | lr=4.774575e-05 | loss=0.581435 | k_vals=[20, 50, 50, 1, 20]
Epoch 009 | Step 5070 | lr=4.774575e-05 | loss=0.567121 | k_vals=[10, 20, 100, 10, 50]
Epoch 009 | Step 5100 | lr=4.774575e-05 | loss=0.647780 | k_vals=[1, 50, 20, 100, 10]
Epoch 009 | Step 5130 | lr=4.774575e-05 | loss=0.494643 | k_vals=[50, 100, 20, 100, 50]
Epoch 009 | Step 5160 | lr=4.774575e-05 | loss=0.589281 | k_vals=[20, 20, 1, 10, 1]
Epoch 009 | Step 5190 | lr=4.774575e-05 | loss=0.587101 | k_vals=[100, 100, 20, 50, 10]
Epoch 009 | Step 5220 | lr=4.774575e-05 | loss=0.736243 | k_vals=[50, 10, 100, 50, 10]
Epoch 009 | Step 5250 | lr=4.774575e-05 | loss=0.678298 | k_vals=[10, 50, 10, 20, 1]
Epoch 009 | Step 5280 | lr=4.774575e-05 | loss=0.641584 | k_vals=[100, 20, 50, 100, 10]
Epoch 009 | Step 5310 | lr=4.774575e-05 | loss=0.772897 | k_vals=[50, 50, 1, 1, 10]
Epoch 009 | Step 5340 | lr=4.774575e-05 | loss=0.518469 | k_vals=[100, 100, 100, 10, 100]
Epoch 009 | Step 5370 | lr=4.774575e-05 | loss=0.592191 | k_vals=[50, 50, 10, 100, 10]
Epoch 009 | Step 5400 | lr=4.774575e-05 | loss=0.581116 | k_vals=[20, 10, 50, 50, 10]
Epoch 009 | Step 5430 | lr=4.774575e-05 | loss=0.654283 | k_vals=[10, 20, 100, 50, 1]
Epoch 009 | Step 5460 | lr=4.774575e-05 | loss=0.620618 | k_vals=[50, 10, 20, 20, 1]
Epoch 009 | Step 5490 | lr=4.774575e-05 | loss=0.574815 | k_vals=[10, 100, 100, 20, 50]
Epoch 009 | Step 5520 | lr=4.774575e-05 | loss=0.581233 | k_vals=[100, 1, 100, 10, 10]
Epoch 009 | Step 5550 | lr=4.774575e-05 | loss=0.610024 | k_vals=[1, 50, 50, 50, 10]
Epoch 009 | Step 5580 | lr=4.774575e-05 | loss=0.749442 | k_vals=[20, 100, 50, 50, 100]
Epoch 009 | Step 5610 | lr=4.774575e-05 | loss=0.551043 | k_vals=[10, 10, 1, 50, 100]
Epoch 009 | Step 5640 | lr=4.774575e-05 | loss=0.599571 | k_vals=[50, 100, 100, 10, 1]
Epoch 009 | Step 5670 | lr=4.774575e-05 | loss=0.661233 | k_vals=[10, 100, 100, 10, 1]
Epoch 009 | Step 5700 | lr=4.774575e-05 | loss=0.616086 | k_vals=[100, 10, 50, 50, 50]
Epoch 009 | Step 5730 | lr=4.774575e-05 | loss=0.540280 | k_vals=[10, 10, 1, 50, 10]
Epoch 009 | Step 5760 | lr=4.774575e-05 | loss=0.575057 | k_vals=[50, 10, 1, 10, 10]
Epoch 009 | Step 5790 | lr=4.774575e-05 | loss=0.689397 | k_vals=[20, 1, 20, 1, 1]
Epoch 009 | Step 5820 | lr=4.774575e-05 | loss=0.645025 | k_vals=[20, 10, 1, 20, 50]
Epoch 009 | Step 5850 | lr=4.774575e-05 | loss=0.606601 | k_vals=[1, 1, 1, 1, 50]
Epoch 009 | Step 5880 | lr=4.774575e-05 | loss=0.531279 | k_vals=[20, 10, 10, 100, 10]
Epoch 009 | Step 5910 | lr=4.774575e-05 | loss=0.567598 | k_vals=[20, 50, 100, 100, 50]
Epoch 009 | Step 5940 | lr=4.774575e-05 | loss=0.605966 | k_vals=[50, 100, 10, 20, 20]
Epoch 009 | Step 5970 | lr=4.774575e-05 | loss=0.578315 | k_vals=[50, 20, 100, 1, 1]
Epoch 009 | Step 6000 | lr=4.774575e-05 | loss=0.676842 | k_vals=[10, 20, 50, 20, 20]
Epoch 009 | Step 6030 | lr=4.774575e-05 | loss=0.635621 | k_vals=[20, 50, 10, 50, 1]
Epoch 009 | Step 6060 | lr=4.774575e-05 | loss=0.581462 | k_vals=[100, 20, 10, 100, 20]
Epoch 009 | Step 6090 | lr=4.774575e-05 | loss=0.690039 | k_vals=[100, 1, 50, 50, 1]
Epoch 009 | Step 6120 | lr=4.774575e-05 | loss=0.671372 | k_vals=[1, 100, 20, 20, 100]
Epoch 009 | Step 6150 | lr=4.774575e-05 | loss=0.645447 | k_vals=[10, 50, 100, 10, 10]
Epoch 009 | Step 6180 | lr=4.774575e-05 | loss=0.599298 | k_vals=[100, 50, 100, 1, 100]
Epoch 009 | Step 6210 | lr=4.774575e-05 | loss=0.591031 | k_vals=[100, 10, 100, 50, 20]
Epoch 009 | Step 6240 | lr=4.774575e-05 | loss=0.705831 | k_vals=[1, 100, 10, 10, 50]
Epoch 009 | Step 6270 | lr=4.774575e-05 | loss=0.791887 | k_vals=[50, 1, 100, 100, 20]
Epoch 009 | Step 6300 | lr=4.774575e-05 | loss=0.571738 | k_vals=[100, 20, 50, 1, 20]
Epoch 009 | Step 6330 | lr=4.774575e-05 | loss=0.631248 | k_vals=[1, 100, 20, 20, 1]
Epoch 009 | Step 6360 | lr=4.774575e-05 | loss=0.657687 | k_vals=[50, 1, 20, 20, 1]
Epoch 009 | Step 6390 | lr=4.774575e-05 | loss=0.585199 | k_vals=[20, 10, 1, 100, 20]
Epoch 009 | Step 6420 | lr=4.774575e-05 | loss=0.546110 | k_vals=[100, 20, 20, 50, 100]
Epoch 009 | Step 6450 | lr=4.774575e-05 | loss=0.586030 | k_vals=[50, 50, 50, 100, 50]
Epoch 009 | Step 6480 | lr=4.774575e-05 | loss=0.631073 | k_vals=[20, 100, 20, 10, 50]
Epoch 009 | Step 6510 | lr=4.774575e-05 | loss=0.593413 | k_vals=[10, 20, 20, 20, 1]
Epoch 009 | Step 6540 | lr=4.774575e-05 | loss=0.587882 | k_vals=[50, 1, 20, 10, 50]
Epoch 009 | Step 6570 | lr=4.774575e-05 | loss=0.595722 | k_vals=[1, 1, 50, 1, 10]
Epoch 009 | Step 6600 | lr=4.774575e-05 | loss=0.535287 | k_vals=[1, 50, 10, 50, 20]
Epoch 009 | Step 6630 | lr=4.774575e-05 | loss=0.618948 | k_vals=[100, 20, 20, 1, 100]
Epoch 009 | Step 6660 | lr=4.774575e-05 | loss=0.434130 | k_vals=[50, 10, 10, 50, 1]
Epoch 009 | Step 6690 | lr=4.774575e-05 | loss=0.597914 | k_vals=[20, 10, 1, 1, 100]
Epoch 009 | Step 6720 | lr=4.774575e-05 | loss=0.594735 | k_vals=[100, 10, 20, 1, 1]
Epoch 009 | Step 6750 | lr=4.774575e-05 | loss=0.643768 | k_vals=[10, 50, 50, 50, 100]
Epoch 009 | Step 6780 | lr=4.774575e-05 | loss=0.631852 | k_vals=[100, 50, 10, 50, 1]
Epoch 009 | Step 6810 | lr=4.774575e-05 | loss=0.525560 | k_vals=[1, 10, 50, 1, 20]
Epoch 009 | Step 6840 | lr=4.774575e-05 | loss=0.616808 | k_vals=[1, 100, 50, 1, 50]
Epoch 009 | Step 6870 | lr=4.774575e-05 | loss=0.639007 | k_vals=[100, 100, 20, 100, 10]
Epoch 009 | Step 6900 | lr=4.774575e-05 | loss=0.713691 | k_vals=[10, 10, 10, 50, 10]
Epoch 009 | Step 6930 | lr=4.774575e-05 | loss=0.476837 | k_vals=[50, 50, 20, 100, 20]
Epoch 009 | Step 6960 | lr=4.774575e-05 | loss=0.635811 | k_vals=[20, 10, 50, 10, 1]
Epoch 009 | Step 6990 | lr=4.774575e-05 | loss=0.638448 | k_vals=[10, 1, 1, 1, 1]
Epoch 009 | Step 7020 | lr=4.774575e-05 | loss=0.655106 | k_vals=[10, 1, 20, 100, 100]
Epoch 009 | Step 7050 | lr=4.774575e-05 | loss=0.525965 | k_vals=[10, 50, 1, 10, 20]
Epoch 009 | Step 7080 | lr=4.774575e-05 | loss=0.594996 | k_vals=[20, 50, 20, 100, 100]
Epoch 009 | Step 7110 | lr=4.774575e-05 | loss=0.569881 | k_vals=[10, 1, 100, 50, 100]
Epoch 009 | Step 7140 | lr=4.774575e-05 | loss=0.719670 | k_vals=[50, 1, 1, 100, 10]
Epoch 009 | Step 7170 | lr=4.774575e-05 | loss=0.618634 | k_vals=[20, 50, 100, 20, 20]
Epoch 009 | Step 7200 | lr=4.774575e-05 | loss=0.699277 | k_vals=[50, 100, 20, 100, 20]
Epoch 009 | Step 7230 | lr=4.774575e-05 | loss=0.702840 | k_vals=[1, 100, 100, 100, 10]
Epoch 009 | Step 7260 | lr=4.774575e-05 | loss=0.576151 | k_vals=[100, 10, 10, 10, 50]
Epoch 009 | Step 7290 | lr=4.774575e-05 | loss=0.774266 | k_vals=[50, 1, 1, 1, 50]
Epoch 009 | Step 7320 | lr=4.774575e-05 | loss=0.709436 | k_vals=[20, 20, 10, 1, 20]
Epoch 009 | Step 7350 | lr=4.774575e-05 | loss=0.677739 | k_vals=[100, 50, 1, 20, 20]
Epoch 009 | Step 7380 | lr=4.774575e-05 | loss=0.654338 | k_vals=[100, 20, 50, 20, 1]
Epoch 009 | Step 7410 | lr=4.774575e-05 | loss=0.613689 | k_vals=[1, 20, 20, 20, 1]
Epoch 009 | Step 7440 | lr=4.774575e-05 | loss=0.688757 | k_vals=[50, 20, 100, 1, 100]
Epoch 009 | Step 7470 | lr=4.774575e-05 | loss=0.563890 | k_vals=[100, 20, 20, 10, 50]
Epoch 009 | Step 7500 | lr=4.774575e-05 | loss=0.633847 | k_vals=[50, 100, 1, 20, 20]
Epoch 009 | Step 7530 | lr=4.774575e-05 | loss=0.630120 | k_vals=[20, 50, 1, 100, 20]
Epoch 009 | Step 7560 | lr=4.774575e-05 | loss=0.726902 | k_vals=[1, 1, 20, 100, 100]
Epoch 009 | Step 7590 | lr=4.774575e-05 | loss=0.589891 | k_vals=[10, 50, 20, 50, 20]
Epoch 009 | Step 7620 | lr=4.774575e-05 | loss=0.630398 | k_vals=[10, 50, 1, 20, 100]
Epoch 009 | Step 7650 | lr=4.774575e-05 | loss=0.571823 | k_vals=[50, 20, 50, 20, 50]
Epoch 009 | Step 7680 | lr=4.774575e-05 | loss=0.615200 | k_vals=[100, 1, 100, 10, 50]
Epoch 009 | Step 7710 | lr=4.774575e-05 | loss=0.897242 | k_vals=[50, 1, 100, 1, 50]
Epoch 009 | Step 7740 | lr=4.774575e-05 | loss=0.648694 | k_vals=[10, 10, 50, 50, 10]
Epoch 009 | Step 7770 | lr=4.774575e-05 | loss=0.616416 | k_vals=[50, 10, 100, 100, 20]
Epoch 009 | Step 7800 | lr=4.774575e-05 | loss=0.481815 | k_vals=[20, 1, 10, 20, 50]
Epoch 009 | Step 7830 | lr=4.774575e-05 | loss=0.550609 | k_vals=[10, 20, 1, 20, 50]
Epoch 009 | Step 7860 | lr=4.774575e-05 | loss=0.706019 | k_vals=[20, 20, 1, 50, 20]
Epoch 009 | Step 7890 | lr=4.774575e-05 | loss=0.653826 | k_vals=[50, 50, 10, 10, 50]
Epoch 009 | Step 7920 | lr=4.774575e-05 | loss=0.694080 | k_vals=[10, 1, 100, 10, 100]
Epoch 009 | Step 7950 | lr=4.774575e-05 | loss=0.751324 | k_vals=[50, 20, 1, 1, 1]
Epoch 009 | Step 7980 | lr=4.774575e-05 | loss=0.670512 | k_vals=[100, 100, 1, 1, 50]
Epoch 009 | Step 8010 | lr=4.774575e-05 | loss=0.583576 | k_vals=[20, 1, 100, 20, 50]
Epoch 009 | Step 8040 | lr=4.774575e-05 | loss=0.640352 | k_vals=[10, 100, 100, 10, 20]
Epoch 009 | Step 8070 | lr=4.774575e-05 | loss=0.549196 | k_vals=[1, 10, 100, 100, 10]
Epoch 009 | Step 8100 | lr=4.774575e-05 | loss=0.624488 | k_vals=[20, 50, 10, 1, 1]
Epoch 009 | Step 8130 | lr=4.774575e-05 | loss=0.544004 | k_vals=[10, 100, 50, 50, 20]
Epoch 009 | Step 8160 | lr=4.774575e-05 | loss=0.590369 | k_vals=[100, 20, 100, 20, 100]
Epoch 009 | Step 8190 | lr=4.774575e-05 | loss=0.573067 | k_vals=[50, 20, 100, 10, 10]
Epoch 009 | Step 8220 | lr=4.774575e-05 | loss=0.608676 | k_vals=[1, 1, 20, 50, 10]
Epoch 009 | Step 8250 | lr=4.774575e-05 | loss=0.667250 | k_vals=[20, 20, 100, 20, 1]
Epoch 009 | Step 8280 | lr=4.774575e-05 | loss=0.729595 | k_vals=[10, 20, 1, 10, 50]
Epoch 009 | Step 8310 | lr=4.774575e-05 | loss=0.674641 | k_vals=[100, 1, 20, 50, 1]
Epoch 009 | Step 8340 | lr=4.774575e-05 | loss=0.503503 | k_vals=[50, 100, 1, 100, 20]
Epoch 009 | Step 8370 | lr=4.774575e-05 | loss=0.678196 | k_vals=[1, 20, 20, 100, 50]
Epoch 009 | Step 8400 | lr=4.774575e-05 | loss=0.527826 | k_vals=[10, 20, 100, 100, 20]
Epoch 009 | Step 8430 | lr=4.774575e-05 | loss=0.445340 | k_vals=[50, 100, 100, 10, 10]
Epoch 009 | Step 8460 | lr=4.774575e-05 | loss=0.636197 | k_vals=[1, 10, 50, 20, 20]
Epoch 009 | Step 8490 | lr=4.774575e-05 | loss=0.574841 | k_vals=[50, 20, 20, 10, 1]
Epoch 009 | Step 8520 | lr=4.774575e-05 | loss=0.642779 | k_vals=[20, 1, 20, 50, 100]
Epoch 009 | Step 8550 | lr=4.774575e-05 | loss=0.641119 | k_vals=[1, 1, 50, 1, 50]
Epoch 009 | Step 8580 | lr=4.774575e-05 | loss=0.705106 | k_vals=[100, 20, 20, 100, 50]
Epoch 009 | Step 8610 | lr=4.774575e-05 | loss=0.529741 | k_vals=[10, 20, 1, 20, 20]
Epoch 009 | Step 8640 | lr=4.774575e-05 | loss=0.597685 | k_vals=[10, 1, 10, 100, 10]
Epoch 009 | Step 8670 | lr=4.774575e-05 | loss=0.516475 | k_vals=[1, 20, 100, 10, 50]
Epoch 009 | Step 8700 | lr=4.774575e-05 | loss=0.603073 | k_vals=[20, 50, 1, 20, 100]
Epoch 009 | Step 8730 | lr=4.774575e-05 | loss=0.460603 | k_vals=[100, 100, 100, 10, 20]
Epoch 009 | Step 8760 | lr=4.774575e-05 | loss=0.608686 | k_vals=[1, 50, 1, 100, 10]
Epoch 009 | Step 8790 | lr=4.774575e-05 | loss=0.566877 | k_vals=[1, 1, 20, 1, 20]
Epoch 009 | Step 8820 | lr=4.774575e-05 | loss=0.623961 | k_vals=[10, 1, 20, 50, 1]
Epoch 009 | Step 8850 | lr=4.774575e-05 | loss=0.618599 | k_vals=[100, 1, 1, 20, 50]
Epoch 009 | Step 8880 | lr=4.774575e-05 | loss=0.560468 | k_vals=[1, 20, 1, 20, 1]
Epoch 009 | Step 8910 | lr=4.774575e-05 | loss=0.550393 | k_vals=[100, 20, 10, 10, 20]
Epoch 009 | Step 8940 | lr=4.774575e-05 | loss=0.610304 | k_vals=[20, 50, 20, 10, 20]
Epoch 009 | Step 8970 | lr=4.774575e-05 | loss=0.556180 | k_vals=[10, 100, 100, 10, 50]
Epoch 009 | Step 9000 | lr=4.774575e-05 | loss=0.575510 | k_vals=[20, 10, 100, 100, 50]
Epoch 009 | Step 9030 | lr=4.774575e-05 | loss=0.566093 | k_vals=[10, 10, 50, 100, 1]
Epoch 009 | Step 9060 | lr=4.774575e-05 | loss=0.673283 | k_vals=[1, 50, 50, 10, 20]
Epoch 009 | Step 9090 | lr=4.774575e-05 | loss=0.602277 | k_vals=[20, 10, 100, 100, 20]
Epoch 009 | Step 9120 | lr=4.774575e-05 | loss=0.584106 | k_vals=[100, 20, 10, 50, 20]
Epoch 009 | Step 9150 | lr=4.774575e-05 | loss=0.612267 | k_vals=[20, 100, 50, 20, 20]
Epoch 009 | Step 9180 | lr=4.774575e-05 | loss=0.539256 | k_vals=[50, 100, 100, 50, 20]
Epoch 009 | Step 9210 | lr=4.774575e-05 | loss=0.617291 | k_vals=[1, 10, 10, 20, 20]
Epoch 009 | Step 9240 | lr=4.774575e-05 | loss=0.637366 | k_vals=[10, 10, 10, 100, 20]
Epoch 009 | Step 9270 | lr=4.774575e-05 | loss=0.765140 | k_vals=[10, 20, 1, 50, 100]
Epoch 009 | Step 9300 | lr=4.774575e-05 | loss=0.531602 | k_vals=[10, 50, 20, 100, 20]
Epoch 009 | Step 9330 | lr=4.774575e-05 | loss=0.564511 | k_vals=[50, 10, 10, 50, 100]
Epoch 009 | Step 9360 | lr=4.774575e-05 | loss=0.751951 | k_vals=[20, 1, 1, 10, 50]
Epoch 009 | Step 9390 | lr=4.774575e-05 | loss=0.547176 | k_vals=[10, 20, 20, 100, 100]
Epoch 009 | Step 9420 | lr=4.774575e-05 | loss=0.536654 | k_vals=[50, 1, 20, 20, 20]
Epoch 009 | Step 9450 | lr=4.774575e-05 | loss=0.659849 | k_vals=[50, 10, 1, 100, 100]
Epoch 009 | Step 9480 | lr=4.774575e-05 | loss=0.625217 | k_vals=[100, 50, 10, 1, 50]
Epoch 009 | Step 9510 | lr=4.774575e-05 | loss=0.632856 | k_vals=[100, 100, 1, 20, 20]
Epoch 009 | Step 9540 | lr=4.774575e-05 | loss=0.599984 | k_vals=[1, 1, 1, 20, 10]
Epoch 009 | Step 9570 | lr=4.774575e-05 | loss=0.713547 | k_vals=[20, 10, 100, 1, 1]
Epoch 009 | Step 9600 | lr=4.774575e-05 | loss=0.577272 | k_vals=[10, 50, 10, 10, 10]
Epoch 009 | Step 9630 | lr=4.774575e-05 | loss=0.564193 | k_vals=[50, 10, 100, 100, 20]
Epoch 009 | Step 9660 | lr=4.774575e-05 | loss=0.582922 | k_vals=[100, 1, 1, 50, 20]
Epoch 009 | Step 9690 | lr=4.774575e-05 | loss=0.666712 | k_vals=[50, 20, 1, 20, 50]
Epoch 009 | Step 9720 | lr=4.774575e-05 | loss=0.751305 | k_vals=[20, 100, 10, 10, 1]
Epoch 009 | Step 9750 | lr=4.774575e-05 | loss=0.626948 | k_vals=[20, 100, 10, 1, 100]
Epoch 009 | Step 9780 | lr=4.774575e-05 | loss=0.567191 | k_vals=[100, 20, 1, 1, 10]
Epoch 009 | Step 9810 | lr=4.774575e-05 | loss=0.735530 | k_vals=[20, 100, 10, 100, 10]
Epoch 009 | Step 9840 | lr=4.774575e-05 | loss=0.634191 | k_vals=[20, 10, 1, 100, 100]
Epoch 009 | Step 9870 | lr=4.774575e-05 | loss=0.563759 | k_vals=[10, 50, 50, 1, 50]
Epoch 009 | Step 9900 | lr=4.774575e-05 | loss=0.571463 | k_vals=[100, 50, 1, 100, 10]
Epoch 009 | Step 9930 | lr=4.774575e-05 | loss=0.833400 | k_vals=[20, 10, 1, 10, 10]
Epoch 009 | Step 9960 | lr=4.774575e-05 | loss=0.483765 | k_vals=[1, 100, 10, 1, 100]
Epoch 009 | Step 9990 | lr=4.774575e-05 | loss=0.592866 | k_vals=[50, 20, 20, 20, 50]
Epoch 009 | Step 10020 | lr=4.774575e-05 | loss=0.601846 | k_vals=[20, 50, 10, 20, 1]
Epoch 009 | Step 10050 | lr=4.774575e-05 | loss=0.674675 | k_vals=[10, 100, 100, 10, 20]
Epoch 009 | Step 10080 | lr=4.774575e-05 | loss=0.666752 | k_vals=[50, 50, 10, 100, 1]
Epoch 009 | Step 10110 | lr=4.774575e-05 | loss=0.612984 | k_vals=[100, 50, 50, 10, 100]
Epoch 009 | Step 10140 | lr=4.774575e-05 | loss=0.599514 | k_vals=[100, 1, 50, 10, 20]
Epoch 009 | Step 10170 | lr=4.774575e-05 | loss=0.632532 | k_vals=[20, 100, 10, 50, 20]
Epoch 009 | Step 10200 | lr=4.774575e-05 | loss=0.595089 | k_vals=[50, 50, 10, 50, 1]
Epoch 009 | Step 10230 | lr=4.774575e-05 | loss=0.551866 | k_vals=[20, 10, 10, 10, 100]
Epoch 009 | Step 10260 | lr=4.774575e-05 | loss=0.516712 | k_vals=[100, 100, 50, 10, 100]
Epoch 009 | Step 10290 | lr=4.774575e-05 | loss=0.617631 | k_vals=[1, 100, 1, 50, 20]
Epoch 009 | Step 10320 | lr=4.774575e-05 | loss=0.583078 | k_vals=[100, 100, 1, 20, 1]
Epoch 009 | Step 10350 | lr=4.774575e-05 | loss=0.533816 | k_vals=[1, 100, 1, 50, 10]
Epoch 009 | Step 10380 | lr=4.774575e-05 | loss=0.662046 | k_vals=[20, 1, 10, 50, 100]
Epoch 009 | Step 10410 | lr=4.774575e-05 | loss=0.650757 | k_vals=[100, 10, 1, 50, 100]
Epoch 009 | Step 10440 | lr=4.774575e-05 | loss=0.654881 | k_vals=[1, 1, 100, 1, 100]
Epoch 009 | Step 10470 | lr=4.774575e-05 | loss=0.593020 | k_vals=[20, 1, 100, 50, 20]
Epoch 009 | Step 10500 | lr=4.774575e-05 | loss=0.606546 | k_vals=[10, 1, 1, 50, 50]
Epoch 009 | Step 10530 | lr=4.774575e-05 | loss=0.568553 | k_vals=[100, 50, 100, 100, 50]
Epoch 009 | Step 10560 | lr=4.774575e-05 | loss=0.656372 | k_vals=[1, 1, 10, 100, 20]
Epoch 009 | Step 10590 | lr=4.774575e-05 | loss=0.596256 | k_vals=[1, 1, 10, 1, 20]
Epoch 009 | Step 10620 | lr=4.774575e-05 | loss=0.535939 | k_vals=[20, 20, 10, 1, 10]
Epoch 009 | Step 10650 | lr=4.774575e-05 | loss=0.657313 | k_vals=[10, 100, 100, 1, 50]
Epoch 009 | Step 10680 | lr=4.774575e-05 | loss=0.672688 | k_vals=[10, 100, 50, 1, 20]
Epoch 009 | Step 10710 | lr=4.774575e-05 | loss=0.587118 | k_vals=[50, 100, 10, 100, 1]
Epoch 009 | Step 10740 | lr=4.774575e-05 | loss=0.668251 | k_vals=[50, 10, 20, 10, 10]
Epoch 009 | Step 10770 | lr=4.774575e-05 | loss=0.666830 | k_vals=[50, 10, 20, 100, 50]
Epoch 009 | Step 10800 | lr=4.774575e-05 | loss=0.577242 | k_vals=[100, 100, 1, 100, 100]
Epoch 009 | Step 10830 | lr=4.774575e-05 | loss=0.710637 | k_vals=[10, 1, 100, 10, 10]
Epoch 009 | Step 10860 | lr=4.774575e-05 | loss=0.727674 | k_vals=[20, 100, 1, 100, 50]
Epoch 009 | Step 10890 | lr=4.774575e-05 | loss=0.751076 | k_vals=[10, 50, 1, 20, 10]
Epoch 009 | Step 10920 | lr=4.774575e-05 | loss=0.551291 | k_vals=[50, 100, 20, 100, 20]
Epoch 009 | Step 10950 | lr=4.774575e-05 | loss=0.592549 | k_vals=[10, 50, 1, 10, 1]
Epoch 009 | Step 10980 | lr=4.774575e-05 | loss=0.739618 | k_vals=[1, 100, 1, 10, 20]
Epoch 009 | Step 11010 | lr=4.774575e-05 | loss=0.721774 | k_vals=[1, 10, 1, 1, 50]
Epoch 009 | Step 11040 | lr=4.774575e-05 | loss=0.628792 | k_vals=[1, 100, 50, 1, 100]
Epoch 009 | Step 11070 | lr=4.774575e-05 | loss=0.613813 | k_vals=[20, 50, 10, 50, 100]
Epoch 009 | Step 11100 | lr=4.774575e-05 | loss=0.520818 | k_vals=[100, 100, 20, 100, 20]
Epoch 009 | Step 11130 | lr=4.774575e-05 | loss=0.557078 | k_vals=[50, 50, 50, 50, 100]
Epoch 009 | Step 11160 | lr=4.774575e-05 | loss=0.563203 | k_vals=[100, 100, 50, 20, 100]
Epoch 009 | Step 11190 | lr=4.774575e-05 | loss=0.596693 | k_vals=[10, 1, 100, 10, 1]
Epoch 009 | Step 11220 | lr=4.774575e-05 | loss=0.622872 | k_vals=[100, 50, 50, 10, 100]
Epoch 009 | Step 11250 | lr=4.774575e-05 | loss=0.678583 | k_vals=[1, 100, 50, 10, 20]
Epoch 009 | Step 11280 | lr=4.774575e-05 | loss=0.548268 | k_vals=[50, 10, 100, 10, 50]
Epoch 009 | Step 11310 | lr=4.774575e-05 | loss=0.620948 | k_vals=[20, 20, 10, 10, 1]
Epoch 009 | Step 11340 | lr=4.774575e-05 | loss=0.637917 | k_vals=[100, 100, 100, 20, 50]
Epoch 009 | Step 11370 | lr=4.774575e-05 | loss=0.675749 | k_vals=[10, 100, 50, 20, 50]
Epoch 009 | Step 11400 | lr=4.774575e-05 | loss=0.598827 | k_vals=[100, 100, 20, 20, 100]
Epoch 009 | Step 11430 | lr=4.774575e-05 | loss=0.566373 | k_vals=[1, 20, 50, 100, 100]
Epoch 009 | Step 11460 | lr=4.774575e-05 | loss=0.689816 | k_vals=[20, 1, 10, 10, 1]
Epoch 009 | Step 11490 | lr=4.774575e-05 | loss=0.487807 | k_vals=[20, 10, 20, 50, 20]
Epoch 009 | Step 11520 | lr=4.774575e-05 | loss=0.592857 | k_vals=[100, 10, 50, 1, 10]
Epoch 009 | Step 11550 | lr=4.774575e-05 | loss=0.572496 | k_vals=[10, 10, 50, 1, 1]
Epoch 009 | Step 11580 | lr=4.774575e-05 | loss=0.546782 | k_vals=[10, 1, 10, 100, 50]
Epoch 009 | Step 11610 | lr=4.774575e-05 | loss=0.600678 | k_vals=[50, 20, 1, 50, 50]
Epoch 009 | Step 11640 | lr=4.774575e-05 | loss=0.604575 | k_vals=[100, 50, 20, 100, 1]
Epoch 009 | Step 11670 | lr=4.774575e-05 | loss=0.670110 | k_vals=[1, 1, 100, 1, 50]
Epoch 009 | Step 11700 | lr=4.774575e-05 | loss=0.668743 | k_vals=[10, 100, 1, 20, 1]
Epoch 009 | Step 11730 | lr=4.774575e-05 | loss=0.518056 | k_vals=[50, 100, 50, 100, 50]
Epoch 009 | Step 11760 | lr=4.774575e-05 | loss=0.580833 | k_vals=[10, 1, 50, 10, 50]
Epoch 009 | Step 11790 | lr=4.774575e-05 | loss=0.599969 | k_vals=[100, 50, 50, 50, 50]
Epoch 009 | Step 11820 | lr=4.774575e-05 | loss=0.543023 | k_vals=[50, 20, 20, 20, 1]
Epoch 009 | Step 11850 | lr=4.774575e-05 | loss=0.672100 | k_vals=[1, 20, 100, 100, 20]
Epoch 009 | Step 11880 | lr=4.774575e-05 | loss=0.545920 | k_vals=[50, 50, 1, 10, 10]
Epoch 009 | Step 11910 | lr=4.774575e-05 | loss=0.575288 | k_vals=[100, 1, 10, 100, 100]
Epoch 009 | Step 11940 | lr=4.774575e-05 | loss=0.621374 | k_vals=[10, 10, 1, 100, 50]
Epoch 009 | Step 11970 | lr=4.774575e-05 | loss=0.657905 | k_vals=[1, 50, 10, 10, 1]
Epoch 009 | Step 12000 | lr=4.774575e-05 | loss=0.597142 | k_vals=[100, 20, 20, 10, 10]
Epoch 009 | Step 12030 | lr=4.774575e-05 | loss=0.678712 | k_vals=[50, 10, 1, 20, 100]
Epoch 009 | Step 12060 | lr=4.774575e-05 | loss=0.564101 | k_vals=[1, 1, 1, 1, 1]
Epoch 009 | Step 12090 | lr=4.774575e-05 | loss=0.622439 | k_vals=[10, 100, 10, 50, 10]
Epoch 009 | Step 12120 | lr=4.774575e-05 | loss=0.597178 | k_vals=[1, 10, 100, 20, 1]
Epoch 009 | Step 12150 | lr=4.774575e-05 | loss=0.643866 | k_vals=[50, 1, 10, 1, 10]
Epoch 009 | Step 12180 | lr=4.774575e-05 | loss=0.621829 | k_vals=[50, 1, 20, 10, 10]
Epoch 009 | Step 12210 | lr=4.774575e-05 | loss=0.670789 | k_vals=[50, 20, 20, 100, 10]
Epoch 009 | Step 12240 | lr=4.774575e-05 | loss=0.585762 | k_vals=[10, 20, 1, 20, 1]
Epoch 009 | Step 12270 | lr=4.774575e-05 | loss=0.557271 | k_vals=[100, 1, 50, 1, 50]
Epoch 009 | Step 12300 | lr=4.774575e-05 | loss=0.483619 | k_vals=[10, 10, 20, 10, 10]
Epoch 009 | Step 12330 | lr=4.774575e-05 | loss=0.663898 | k_vals=[1, 10, 100, 100, 50]
Epoch 009 | Step 12360 | lr=4.774575e-05 | loss=0.801937 | k_vals=[50, 10, 10, 50, 50]
Epoch 009 | Step 12390 | lr=4.774575e-05 | loss=0.635272 | k_vals=[50, 1, 50, 10, 100]
Epoch 009 | Step 12420 | lr=4.774575e-05 | loss=0.684208 | k_vals=[1, 1, 50, 100, 1]
Epoch 009 | Step 12450 | lr=4.774575e-05 | loss=0.656698 | k_vals=[10, 50, 50, 10, 20]
Epoch 009 | Step 12480 | lr=4.774575e-05 | loss=0.593145 | k_vals=[10, 10, 100, 50, 10]
Epoch 009 | Step 12510 | lr=4.774575e-05 | loss=0.640362 | k_vals=[1, 20, 1, 1, 20]
Epoch 009 | Step 12540 | lr=4.774575e-05 | loss=0.616070 | k_vals=[20, 20, 20, 1, 100]
Epoch 009 | Step 12570 | lr=4.774575e-05 | loss=0.572508 | k_vals=[1, 100, 20, 100, 10]
Epoch 009 | Step 12600 | lr=4.774575e-05 | loss=0.718984 | k_vals=[100, 1, 20, 10, 100]
Epoch 009 | Step 12630 | lr=4.774575e-05 | loss=0.764325 | k_vals=[20, 100, 50, 10, 20]
Epoch 009 | Step 12660 | lr=4.774575e-05 | loss=0.596329 | k_vals=[100, 20, 1, 100, 10]
Epoch 009 | Step 12690 | lr=4.774575e-05 | loss=0.476161 | k_vals=[50, 50, 1, 10, 100]
Epoch 009 | Step 12720 | lr=4.774575e-05 | loss=0.723835 | k_vals=[20, 100, 10, 10, 20]
Epoch 009 | Step 12750 | lr=4.774575e-05 | loss=0.747106 | k_vals=[1, 10, 100, 1, 1]
Epoch 009 | Step 12780 | lr=4.774575e-05 | loss=0.676675 | k_vals=[20, 100, 20, 50, 1]
Epoch 009 | Step 12810 | lr=4.774575e-05 | loss=0.732555 | k_vals=[20, 100, 1, 100, 1]
Epoch 009 | Step 12840 | lr=4.774575e-05 | loss=0.600210 | k_vals=[100, 50, 50, 100, 20]
Epoch 009 | Step 12870 | lr=4.774575e-05 | loss=0.568282 | k_vals=[100, 10, 50, 1, 10]
Epoch 009 | Step 12900 | lr=4.774575e-05 | loss=0.575562 | k_vals=[20, 1, 20, 50, 20]
Epoch 009 | Step 12930 | lr=4.774575e-05 | loss=0.543283 | k_vals=[100, 1, 100, 50, 100]
Epoch 009 | Step 12960 | lr=4.774575e-05 | loss=0.566286 | k_vals=[100, 10, 1, 50, 20]
Epoch 009 | Step 12990 | lr=4.774575e-05 | loss=0.681267 | k_vals=[100, 20, 50, 50, 1]
Epoch 009 | Step 13020 | lr=4.774575e-05 | loss=0.563712 | k_vals=[1, 1, 100, 20, 1]
Epoch 009 | Step 13050 | lr=4.774575e-05 | loss=0.618472 | k_vals=[20, 1, 10, 10, 10]
Epoch 009 | Step 13080 | lr=4.774575e-05 | loss=0.781176 | k_vals=[50, 100, 10, 10, 1]
Epoch 009 | Step 13110 | lr=4.774575e-05 | loss=0.629467 | k_vals=[10, 50, 10, 10, 10]
Epoch 009 | Step 13140 | lr=4.774575e-05 | loss=0.541519 | k_vals=[100, 20, 50, 50, 20]
Epoch 009 | Step 13170 | lr=4.774575e-05 | loss=0.525580 | k_vals=[1, 50, 20, 100, 20]
Epoch 009 | Step 13200 | lr=4.774575e-05 | loss=0.603708 | k_vals=[100, 20, 20, 1, 20]
Epoch 009 | Step 13230 | lr=4.774575e-05 | loss=0.629716 | k_vals=[10, 100, 20, 50, 1]
Epoch 009 | Step 13260 | lr=4.774575e-05 | loss=0.609191 | k_vals=[50, 10, 1, 1, 10]
Epoch 009 | Step 13290 | lr=4.774575e-05 | loss=0.510185 | k_vals=[20, 100, 20, 20, 1]
Epoch 009 | Step 13320 | lr=4.774575e-05 | loss=0.581500 | k_vals=[50, 100, 100, 50, 100]
Epoch 009 | Step 13350 | lr=4.774575e-05 | loss=0.584459 | k_vals=[100, 10, 20, 50, 1]
Epoch 009 | Step 13380 | lr=4.774575e-05 | loss=0.633966 | k_vals=[1, 50, 20, 50, 1]
Epoch 009 | Step 13410 | lr=4.774575e-05 | loss=0.588593 | k_vals=[50, 20, 10, 10, 100]
Epoch 009 | Step 13440 | lr=4.774575e-05 | loss=0.601366 | k_vals=[50, 10, 1, 1, 1]
Epoch 009 | Step 13470 | lr=4.774575e-05 | loss=0.595972 | k_vals=[10, 100, 100, 50, 100]
Epoch 009 | Step 13500 | lr=4.774575e-05 | loss=0.654156 | k_vals=[10, 50, 20, 100, 50]
Epoch 009 | Step 13530 | lr=4.774575e-05 | loss=0.667253 | k_vals=[50, 100, 10, 100, 50]
Epoch 009 | Step 13560 | lr=4.774575e-05 | loss=0.572876 | k_vals=[100, 50, 100, 20, 1]
Epoch 009 | Step 13590 | lr=4.774575e-05 | loss=0.650869 | k_vals=[20, 50, 20, 100, 10]
Epoch 009 | Step 13620 | lr=4.774575e-05 | loss=0.675062 | k_vals=[10, 10, 100, 50, 1]
Epoch 009 | Step 13650 | lr=4.774575e-05 | loss=0.524194 | k_vals=[10, 20, 100, 1, 10]
Epoch 009 | Step 13680 | lr=4.774575e-05 | loss=0.581217 | k_vals=[100, 1, 50, 20, 20]
Epoch 009 | Step 13710 | lr=4.774575e-05 | loss=0.503129 | k_vals=[10, 20, 1, 100, 50]
Epoch 009 | Step 13740 | lr=4.774575e-05 | loss=0.718766 | k_vals=[50, 10, 50, 20, 20]
Epoch 009 | Step 13770 | lr=4.774575e-05 | loss=0.585411 | k_vals=[20, 1, 1, 10, 1]
Epoch 009 | Step 13800 | lr=4.774575e-05 | loss=0.588671 | k_vals=[50, 100, 50, 10, 10]
Epoch 009 | Step 13830 | lr=4.774575e-05 | loss=0.514764 | k_vals=[10, 100, 1, 100, 50]
Epoch 009 | Step 13860 | lr=4.774575e-05 | loss=0.715245 | k_vals=[10, 100, 10, 10, 20]
Epoch 009 | Step 13890 | lr=4.774575e-05 | loss=0.694580 | k_vals=[10, 10, 20, 1, 100]
Epoch 009 | Step 13920 | lr=4.774575e-05 | loss=0.584400 | k_vals=[10, 1, 20, 20, 1]
Epoch 009 | Step 13950 | lr=4.774575e-05 | loss=0.718505 | k_vals=[1, 1, 50, 100, 50]
Epoch 009 | Step 13980 | lr=4.774575e-05 | loss=0.727454 | k_vals=[1, 50, 1, 50, 10]
Epoch 009 | Step 14010 | lr=4.774575e-05 | loss=0.663635 | k_vals=[20, 1, 1, 1, 1]
Epoch 009 | Step 14040 | lr=4.774575e-05 | loss=0.597741 | k_vals=[50, 1, 1, 50, 100]
Epoch 009 | Step 14070 | lr=4.774575e-05 | loss=0.643402 | k_vals=[1, 100, 20, 20, 100]
Epoch 009 | Step 14100 | lr=4.774575e-05 | loss=0.519119 | k_vals=[1, 10, 10, 100, 50]
Epoch 009 | Step 14130 | lr=4.774575e-05 | loss=0.620539 | k_vals=[50, 10, 100, 10, 100]
Epoch 009 | Step 14160 | lr=4.774575e-05 | loss=0.812810 | k_vals=[20, 100, 20, 10, 100]
Epoch 009 | Step 14190 | lr=4.774575e-05 | loss=0.616900 | k_vals=[50, 20, 20, 1, 100]
Epoch 009 | Step 14220 | lr=4.774575e-05 | loss=0.548659 | k_vals=[20, 10, 50, 1, 50]
Epoch 009 | Step 14250 | lr=4.774575e-05 | loss=0.558862 | k_vals=[100, 100, 100, 100, 10]
Epoch 009 | Step 14280 | lr=4.774575e-05 | loss=0.525056 | k_vals=[100, 1, 10, 100, 1]
Epoch 009 | Step 14310 | lr=4.774575e-05 | loss=0.598721 | k_vals=[100, 50, 100, 20, 20]
Epoch 009 | Step 14340 | lr=4.774575e-05 | loss=0.540685 | k_vals=[100, 10, 100, 100, 1]
Epoch 009 | Step 14370 | lr=4.774575e-05 | loss=0.612021 | k_vals=[50, 10, 100, 1, 20]
Epoch 009 | Step 14400 | lr=4.774575e-05 | loss=0.623700 | k_vals=[10, 10, 50, 1, 100]
Epoch 009 | Step 14430 | lr=4.774575e-05 | loss=0.607864 | k_vals=[50, 50, 10, 50, 10]
Epoch 009 | Step 14460 | lr=4.774575e-05 | loss=0.529997 | k_vals=[100, 100, 10, 10, 20]
Epoch 009 | Step 14490 | lr=4.774575e-05 | loss=0.657634 | k_vals=[100, 10, 50, 10, 50]
Epoch 009 | Step 14520 | lr=4.774575e-05 | loss=0.585782 | k_vals=[100, 50, 50, 1, 50]
Epoch 009 | Step 14550 | lr=4.774575e-05 | loss=0.723019 | k_vals=[10, 100, 100, 100, 10]
Epoch 009 | Step 14580 | lr=4.774575e-05 | loss=0.552218 | k_vals=[10, 50, 50, 1, 50]
Epoch 009 | Step 14610 | lr=4.774575e-05 | loss=0.577695 | k_vals=[20, 10, 10, 50, 1]
Epoch 009 | Step 14640 | lr=4.774575e-05 | loss=0.579188 | k_vals=[50, 10, 10, 50, 50]
Epoch 009 | Step 14670 | lr=4.774575e-05 | loss=0.633673 | k_vals=[20, 10, 20, 20, 50]
Epoch 009 | Step 14700 | lr=4.774575e-05 | loss=0.676235 | k_vals=[10, 100, 1, 10, 20]
Epoch 009 | Step 14730 | lr=4.774575e-05 | loss=0.577110 | k_vals=[10, 1, 50, 20, 1]
Epoch 009 | Step 14760 | lr=4.774575e-05 | loss=0.712213 | k_vals=[20, 1, 10, 10, 1]
Epoch 009 | Step 14790 | lr=4.774575e-05 | loss=0.683012 | k_vals=[100, 10, 1, 20, 100]
Epoch 009 | Step 14820 | lr=4.774575e-05 | loss=0.616397 | k_vals=[20, 10, 50, 20, 1]
Epoch 009 | Step 14850 | lr=4.774575e-05 | loss=0.517752 | k_vals=[20, 20, 1, 50, 20]
Epoch 009 | Step 14880 | lr=4.774575e-05 | loss=0.736985 | k_vals=[50, 100, 50, 1, 50]
Epoch 009 | Step 14910 | lr=4.774575e-05 | loss=0.666826 | k_vals=[10, 10, 1, 20, 50]
Epoch 009 | Step 14940 | lr=4.774575e-05 | loss=0.693897 | k_vals=[100, 50, 20, 20, 10]
Epoch 009 | Step 14970 | lr=4.774575e-05 | loss=0.633982 | k_vals=[10, 10, 1, 100, 50]
Epoch 009 | Step 15000 | lr=4.774575e-05 | loss=0.674849 | k_vals=[10, 20, 20, 1, 1]
Epoch 009 | Step 15030 | lr=4.774575e-05 | loss=0.648943 | k_vals=[50, 50, 1, 1, 50]
Epoch 009 | Step 15060 | lr=4.774575e-05 | loss=0.563351 | k_vals=[1, 20, 50, 100, 20]
Epoch 009 | Step 15090 | lr=4.774575e-05 | loss=0.582261 | k_vals=[10, 20, 100, 10, 10]
Epoch 009 | Step 15120 | lr=4.774575e-05 | loss=0.624292 | k_vals=[20, 10, 100, 20, 50]
Epoch 009 | Step 15150 | lr=4.774575e-05 | loss=0.598459 | k_vals=[100, 1, 20, 100, 20]
Epoch 009 | Step 15180 | lr=4.774575e-05 | loss=0.613134 | k_vals=[10, 20, 100, 100, 50]
Epoch 009 | Step 15210 | lr=4.774575e-05 | loss=0.567466 | k_vals=[20, 50, 50, 50, 10]
Epoch 009 | Step 15240 | lr=4.774575e-05 | loss=0.690462 | k_vals=[10, 20, 100, 1, 100]
Epoch 009 | Step 15270 | lr=4.774575e-05 | loss=0.665868 | k_vals=[50, 20, 10, 10, 1]
Epoch 009 | Step 15300 | lr=4.774575e-05 | loss=0.614586 | k_vals=[50, 100, 20, 50, 50]
Epoch 009 | Step 15330 | lr=4.774575e-05 | loss=0.590176 | k_vals=[20, 20, 100, 20, 1]
Epoch 009 | Step 15360 | lr=4.774575e-05 | loss=0.715006 | k_vals=[10, 1, 1, 50, 10]
Epoch 009 | Step 15390 | lr=4.774575e-05 | loss=0.559572 | k_vals=[20, 20, 20, 100, 20]
Epoch 009 | Step 15420 | lr=4.774575e-05 | loss=0.570184 | k_vals=[20, 50, 50, 100, 10]
Epoch 009 | Step 15450 | lr=4.774575e-05 | loss=0.730027 | k_vals=[1, 20, 10, 100, 10]
Epoch 009 | Step 15480 | lr=4.774575e-05 | loss=0.502801 | k_vals=[100, 100, 1, 1, 20]
Epoch 009 | Step 15510 | lr=4.774575e-05 | loss=0.549512 | k_vals=[50, 20, 10, 50, 100]
Epoch 009 | Step 15540 | lr=4.774575e-05 | loss=0.697073 | k_vals=[10, 10, 50, 10, 1]
Epoch 009 | Step 15570 | lr=4.774575e-05 | loss=0.557083 | k_vals=[100, 1, 20, 100, 10]
Epoch 009 | Step 15600 | lr=4.774575e-05 | loss=0.496565 | k_vals=[1, 20, 10, 100, 1]
Epoch 009 | Step 15630 | lr=4.774575e-05 | loss=0.609946 | k_vals=[20, 100, 20, 100, 10]
Epoch 009 | Step 15660 | lr=4.774575e-05 | loss=0.662695 | k_vals=[20, 50, 20, 20, 1]
Epoch 009 | Step 15690 | lr=4.774575e-05 | loss=0.604391 | k_vals=[10, 100, 20, 20, 50]
Epoch 009 | Step 15720 | lr=4.774575e-05 | loss=0.656789 | k_vals=[100, 20, 20, 50, 10]
Epoch 009 | Step 15750 | lr=4.774575e-05 | loss=0.664768 | k_vals=[1, 50, 20, 10, 20]
Epoch 009 | Step 15780 | lr=4.774575e-05 | loss=0.631717 | k_vals=[1, 1, 100, 100, 1]
Epoch 009 | Step 15810 | lr=4.774575e-05 | loss=0.611342 | k_vals=[20, 1, 50, 100, 20]
Epoch 009 | Step 15840 | lr=4.774575e-05 | loss=0.607167 | k_vals=[20, 100, 100, 50, 10]
Epoch 009 | Step 15870 | lr=4.774575e-05 | loss=0.660132 | k_vals=[10, 20, 10, 50, 100]
Epoch 009 | Step 15900 | lr=4.774575e-05 | loss=0.553891 | k_vals=[10, 20, 1, 1, 10]
Epoch 009 | Step 15930 | lr=4.774575e-05 | loss=0.623076 | k_vals=[50, 50, 1, 10, 1]
Epoch 009 | Step 15960 | lr=4.774575e-05 | loss=0.650227 | k_vals=[20, 20, 50, 50, 1]
Epoch 009 | Step 15990 | lr=4.774575e-05 | loss=0.600866 | k_vals=[50, 1, 100, 1, 20]
Epoch 009 | Step 16020 | lr=4.774575e-05 | loss=0.544785 | k_vals=[10, 50, 20, 20, 1]
Epoch 009 | Step 16050 | lr=4.774575e-05 | loss=0.659369 | k_vals=[1, 1, 10, 100, 10]
Epoch 009 | Step 16080 | lr=4.774575e-05 | loss=0.499596 | k_vals=[50, 1, 10, 10, 1]
Epoch 009 | Step 16110 | lr=4.774575e-05 | loss=0.555551 | k_vals=[100, 100, 20, 10, 1]
Epoch 009 | Step 16140 | lr=4.774575e-05 | loss=0.544577 | k_vals=[1, 20, 10, 50, 50]
Epoch 009 | Step 16170 | lr=4.774575e-05 | loss=0.686700 | k_vals=[20, 1, 10, 10, 100]
Epoch 009 | Step 16200 | lr=4.774575e-05 | loss=0.687811 | k_vals=[100, 1, 20, 10, 50]
Epoch 009 | Step 16230 | lr=4.774575e-05 | loss=0.673582 | k_vals=[50, 100, 50, 10, 20]
Epoch 009 | Step 16260 | lr=4.774575e-05 | loss=0.787121 | k_vals=[50, 20, 50, 20, 20]
Epoch 009 | Step 16290 | lr=4.774575e-05 | loss=0.478372 | k_vals=[20, 50, 100, 10, 20]
Epoch 009 | Step 16320 | lr=4.774575e-05 | loss=0.599760 | k_vals=[10, 20, 1, 10, 50]
Epoch 009 | Step 16350 | lr=4.774575e-05 | loss=0.588803 | k_vals=[10, 100, 50, 10, 20]
Epoch 009 | Step 16380 | lr=4.774575e-05 | loss=0.530069 | k_vals=[50, 20, 100, 20, 50]
Epoch 009 | Step 16410 | lr=4.774575e-05 | loss=0.563039 | k_vals=[50, 20, 100, 50, 1]
Epoch 009 | Step 16440 | lr=4.774575e-05 | loss=0.627344 | k_vals=[10, 20, 10, 1, 10]
Epoch 009 | Step 16470 | lr=4.774575e-05 | loss=0.557591 | k_vals=[1, 20, 50, 10, 50]
Epoch 009 | Step 16500 | lr=4.774575e-05 | loss=0.689777 | k_vals=[1, 1, 20, 100, 50]
Epoch 009 | Step 16530 | lr=4.774575e-05 | loss=0.429202 | k_vals=[100, 10, 20, 100, 10]
Epoch 009 | Step 16560 | lr=4.774575e-05 | loss=0.658632 | k_vals=[1, 20, 50, 10, 50]
Epoch 009 | Step 16590 | lr=4.774575e-05 | loss=0.534701 | k_vals=[1, 100, 10, 20, 100]
Epoch 009 | Step 16620 | lr=4.774575e-05 | loss=0.658478 | k_vals=[10, 1, 50, 10, 1]
Epoch 009 | Step 16650 | lr=4.774575e-05 | loss=0.759346 | k_vals=[1, 10, 1, 50, 10]
Epoch 009 | Step 16680 | lr=4.774575e-05 | loss=0.576178 | k_vals=[20, 100, 100, 50, 50]
Epoch 009 | Step 16710 | lr=4.774575e-05 | loss=0.644806 | k_vals=[1, 20, 10, 10, 20]
Epoch 009 | Step 16740 | lr=4.774575e-05 | loss=0.554167 | k_vals=[10, 20, 100, 10, 50]
Epoch 009 | Step 16770 | lr=4.774575e-05 | loss=0.477856 | k_vals=[20, 10, 10, 20, 10]
Epoch 009 | Step 16800 | lr=4.774575e-05 | loss=0.635453 | k_vals=[50, 1, 50, 100, 50]
Epoch 009 | Step 16830 | lr=4.774575e-05 | loss=0.675043 | k_vals=[10, 20, 10, 50, 50]
Epoch 009 | Step 16860 | lr=4.774575e-05 | loss=0.605059 | k_vals=[1, 20, 20, 100, 50]
Epoch 009 | Step 16890 | lr=4.774575e-05 | loss=0.533989 | k_vals=[20, 1, 50, 100, 50]
Epoch 009 | Step 16920 | lr=4.774575e-05 | loss=0.550362 | k_vals=[1, 10, 100, 100, 100]
Epoch 009 | Step 16950 | lr=4.774575e-05 | loss=0.625587 | k_vals=[1, 1, 1, 100, 100]
Epoch 009 | Step 16980 | lr=4.774575e-05 | loss=0.594092 | k_vals=[10, 10, 20, 1, 100]
Epoch 009 | Step 17010 | lr=4.774575e-05 | loss=0.639620 | k_vals=[1, 50, 10, 100, 20]
Epoch 009 | Step 17040 | lr=4.774575e-05 | loss=0.540304 | k_vals=[50, 50, 100, 20, 1]
Epoch 009 | Step 17070 | lr=4.774575e-05 | loss=0.686971 | k_vals=[10, 20, 1, 20, 1]
Epoch 009 | Step 17100 | lr=4.774575e-05 | loss=0.562333 | k_vals=[10, 100, 100, 20, 1]
Epoch 009 | Step 17130 | lr=4.774575e-05 | loss=0.542664 | k_vals=[20, 50, 1, 20, 50]
Epoch 009 | Step 17160 | lr=4.774575e-05 | loss=0.561128 | k_vals=[50, 10, 10, 50, 10]
Epoch 009 | Step 17190 | lr=4.774575e-05 | loss=0.620112 | k_vals=[100, 1, 100, 1, 20]
Epoch 009 | Step 17220 | lr=4.774575e-05 | loss=0.709864 | k_vals=[1, 10, 10, 100, 20]
Epoch 009 | Step 17250 | lr=4.774575e-05 | loss=0.632226 | k_vals=[10, 100, 10, 100, 10]
Epoch 009 | Step 17280 | lr=4.774575e-05 | loss=0.661833 | k_vals=[10, 50, 20, 50, 1]
Epoch 009 | Step 17310 | lr=4.774575e-05 | loss=0.608915 | k_vals=[10, 50, 50, 20, 100]
Epoch 009 | Step 17340 | lr=4.774575e-05 | loss=0.647572 | k_vals=[20, 20, 100, 20, 20]
Epoch 009 | Step 17370 | lr=4.774575e-05 | loss=0.641379 | k_vals=[10, 100, 100, 20, 1]
Epoch 009 | Step 17400 | lr=4.774575e-05 | loss=0.586682 | k_vals=[20, 1, 20, 100, 20]
Epoch 009 | Step 17430 | lr=4.774575e-05 | loss=0.671796 | k_vals=[50, 10, 10, 20, 100]
Epoch 009 | Step 17460 | lr=4.774575e-05 | loss=0.541348 | k_vals=[10, 20, 20, 10, 1]
Epoch 009 | Step 17490 | lr=4.774575e-05 | loss=0.615649 | k_vals=[100, 20, 50, 10, 100]
Epoch 009 | Step 17520 | lr=4.774575e-05 | loss=0.670640 | k_vals=[10, 20, 20, 1, 50]
Epoch 009 | Step 17550 | lr=4.774575e-05 | loss=0.605781 | k_vals=[10, 50, 50, 20, 100]
[Epoch 9] K-value distribution: K=1:450138(20.0%) | K=10:450114(20.0%) | K=20:449711(20.0%) | K=50:450051(20.0%) | K=100:449986(20.0%)
epoch 009 | train_kld=0.617003 | val_kld=0.678642 | val_mae=0.006005 | val_mse=0.001577 | ord_acc@10=0.1854 | recall@10=0.5919
Epoch 010 | Step 30 | lr=1.223587e-05 | loss=0.604258 | k_vals=[20, 100, 10, 1, 10]
Epoch 010 | Step 60 | lr=1.223587e-05 | loss=0.566261 | k_vals=[100, 20, 100, 20, 20]
Epoch 010 | Step 90 | lr=1.223587e-05 | loss=0.550149 | k_vals=[1, 1, 20, 20, 50]
Epoch 010 | Step 120 | lr=1.223587e-05 | loss=0.685851 | k_vals=[50, 20, 10, 50, 20]
Epoch 010 | Step 150 | lr=1.223587e-05 | loss=0.631398 | k_vals=[20, 100, 20, 20, 1]
Epoch 010 | Step 180 | lr=1.223587e-05 | loss=0.646281 | k_vals=[10, 1, 50, 50, 1]
Epoch 010 | Step 210 | lr=1.223587e-05 | loss=0.637930 | k_vals=[100, 1, 20, 100, 1]
Epoch 010 | Step 240 | lr=1.223587e-05 | loss=0.560908 | k_vals=[1, 10, 100, 100, 10]
Epoch 010 | Step 270 | lr=1.223587e-05 | loss=0.662383 | k_vals=[50, 50, 10, 100, 20]
Epoch 010 | Step 300 | lr=1.223587e-05 | loss=0.583125 | k_vals=[100, 1, 1, 50, 1]
Epoch 010 | Step 330 | lr=1.223587e-05 | loss=0.651133 | k_vals=[1, 20, 20, 20, 20]
Epoch 010 | Step 360 | lr=1.223587e-05 | loss=0.533706 | k_vals=[1, 20, 1, 100, 1]
Epoch 010 | Step 390 | lr=1.223587e-05 | loss=0.573241 | k_vals=[50, 10, 50, 1, 50]
Epoch 010 | Step 420 | lr=1.223587e-05 | loss=0.532791 | k_vals=[1, 10, 50, 10, 1]
Epoch 010 | Step 450 | lr=1.223587e-05 | loss=0.651183 | k_vals=[10, 20, 10, 50, 50]
Epoch 010 | Step 480 | lr=1.223587e-05 | loss=0.527835 | k_vals=[50, 10, 20, 10, 10]
Epoch 010 | Step 510 | lr=1.223587e-05 | loss=0.559840 | k_vals=[100, 20, 100, 10, 100]
Epoch 010 | Step 540 | lr=1.223587e-05 | loss=0.591067 | k_vals=[10, 20, 100, 20, 20]
Epoch 010 | Step 570 | lr=1.223587e-05 | loss=0.570024 | k_vals=[20, 10, 10, 1, 10]
Epoch 010 | Step 600 | lr=1.223587e-05 | loss=0.560721 | k_vals=[10, 100, 100, 20, 10]
Epoch 010 | Step 630 | lr=1.223587e-05 | loss=0.549374 | k_vals=[10, 1, 20, 50, 1]
Epoch 010 | Step 660 | lr=1.223587e-05 | loss=0.613533 | k_vals=[20, 1, 50, 50, 1]
Epoch 010 | Step 690 | lr=1.223587e-05 | loss=0.635000 | k_vals=[20, 10, 1, 20, 50]
Epoch 010 | Step 720 | lr=1.223587e-05 | loss=0.560602 | k_vals=[20, 1, 20, 50, 10]
Epoch 010 | Step 750 | lr=1.223587e-05 | loss=0.639626 | k_vals=[50, 1, 50, 10, 100]
Epoch 010 | Step 780 | lr=1.223587e-05 | loss=0.705536 | k_vals=[50, 10, 50, 50, 1]
Epoch 010 | Step 810 | lr=1.223587e-05 | loss=0.474015 | k_vals=[50, 1, 20, 20, 100]
Epoch 010 | Step 840 | lr=1.223587e-05 | loss=0.693442 | k_vals=[20, 50, 100, 50, 20]
Epoch 010 | Step 870 | lr=1.223587e-05 | loss=0.657740 | k_vals=[1, 10, 1, 100, 20]
Epoch 010 | Step 900 | lr=1.223587e-05 | loss=0.670349 | k_vals=[10, 1, 10, 10, 20]
Epoch 010 | Step 930 | lr=1.223587e-05 | loss=0.536896 | k_vals=[10, 50, 1, 20, 50]
Epoch 010 | Step 960 | lr=1.223587e-05 | loss=0.628939 | k_vals=[50, 50, 20, 20, 1]
Epoch 010 | Step 990 | lr=1.223587e-05 | loss=0.576755 | k_vals=[10, 100, 50, 10, 10]
Epoch 010 | Step 1020 | lr=1.223587e-05 | loss=0.511973 | k_vals=[50, 10, 20, 10, 20]
Epoch 010 | Step 1050 | lr=1.223587e-05 | loss=0.549664 | k_vals=[20, 20, 20, 50, 1]
Epoch 010 | Step 1080 | lr=1.223587e-05 | loss=0.592946 | k_vals=[50, 10, 50, 50, 10]
Epoch 010 | Step 1110 | lr=1.223587e-05 | loss=0.564409 | k_vals=[50, 20, 1, 50, 100]
Epoch 010 | Step 1140 | lr=1.223587e-05 | loss=0.642019 | k_vals=[50, 10, 10, 50, 100]
Epoch 010 | Step 1170 | lr=1.223587e-05 | loss=0.599223 | k_vals=[100, 100, 1, 50, 10]
Epoch 010 | Step 1200 | lr=1.223587e-05 | loss=0.541940 | k_vals=[50, 1, 20, 100, 100]
Epoch 010 | Step 1230 | lr=1.223587e-05 | loss=0.610924 | k_vals=[20, 1, 1, 1, 50]
Epoch 010 | Step 1260 | lr=1.223587e-05 | loss=0.646819 | k_vals=[50, 20, 20, 1, 100]
Epoch 010 | Step 1290 | lr=1.223587e-05 | loss=0.605701 | k_vals=[10, 1, 1, 20, 10]
Epoch 010 | Step 1320 | lr=1.223587e-05 | loss=0.776507 | k_vals=[20, 20, 20, 1, 10]
Epoch 010 | Step 1350 | lr=1.223587e-05 | loss=0.540650 | k_vals=[20, 10, 1, 50, 1]
Epoch 010 | Step 1380 | lr=1.223587e-05 | loss=0.632024 | k_vals=[1, 10, 1, 20, 20]
Epoch 010 | Step 1410 | lr=1.223587e-05 | loss=0.602448 | k_vals=[20, 10, 10, 50, 100]
Epoch 010 | Step 1440 | lr=1.223587e-05 | loss=0.581918 | k_vals=[1, 50, 100, 50, 1]
Epoch 010 | Step 1470 | lr=1.223587e-05 | loss=0.537120 | k_vals=[20, 10, 1, 10, 20]
Epoch 010 | Step 1500 | lr=1.223587e-05 | loss=0.389017 | k_vals=[10, 10, 50, 20, 50]
Epoch 010 | Step 1530 | lr=1.223587e-05 | loss=0.608367 | k_vals=[1, 1, 10, 10, 1]
Epoch 010 | Step 1560 | lr=1.223587e-05 | loss=0.620232 | k_vals=[100, 20, 100, 50, 1]
Epoch 010 | Step 1590 | lr=1.223587e-05 | loss=0.670773 | k_vals=[50, 50, 10, 100, 100]
Epoch 010 | Step 1620 | lr=1.223587e-05 | loss=0.596379 | k_vals=[10, 100, 1, 20, 20]
Epoch 010 | Step 1650 | lr=1.223587e-05 | loss=0.585258 | k_vals=[100, 1, 1, 20, 1]
Epoch 010 | Step 1680 | lr=1.223587e-05 | loss=0.552295 | k_vals=[10, 20, 1, 20, 10]
Epoch 010 | Step 1710 | lr=1.223587e-05 | loss=0.680926 | k_vals=[20, 20, 20, 20, 10]
Epoch 010 | Step 1740 | lr=1.223587e-05 | loss=0.617689 | k_vals=[10, 1, 1, 1, 100]
Epoch 010 | Step 1770 | lr=1.223587e-05 | loss=0.704241 | k_vals=[20, 1, 20, 10, 20]
Epoch 010 | Step 1800 | lr=1.223587e-05 | loss=0.557989 | k_vals=[50, 10, 50, 100, 20]
Epoch 010 | Step 1830 | lr=1.223587e-05 | loss=0.609052 | k_vals=[10, 10, 20, 1, 1]
Epoch 010 | Step 1860 | lr=1.223587e-05 | loss=0.567116 | k_vals=[20, 10, 10, 1, 1]
Epoch 010 | Step 1890 | lr=1.223587e-05 | loss=0.488571 | k_vals=[1, 1, 50, 50, 1]
Epoch 010 | Step 1920 | lr=1.223587e-05 | loss=0.580623 | k_vals=[50, 1, 20, 10, 100]
Epoch 010 | Step 1950 | lr=1.223587e-05 | loss=0.486576 | k_vals=[100, 100, 100, 20, 100]
Epoch 010 | Step 1980 | lr=1.223587e-05 | loss=0.619663 | k_vals=[20, 10, 1, 100, 50]
Epoch 010 | Step 2010 | lr=1.223587e-05 | loss=0.607295 | k_vals=[10, 10, 1, 1, 10]
Epoch 010 | Step 2040 | lr=1.223587e-05 | loss=0.675557 | k_vals=[10, 1, 1, 10, 100]
Epoch 010 | Step 2070 | lr=1.223587e-05 | loss=0.492633 | k_vals=[100, 10, 100, 20, 100]
Epoch 010 | Step 2100 | lr=1.223587e-05 | loss=0.525223 | k_vals=[20, 10, 100, 1, 10]
Epoch 010 | Step 2130 | lr=1.223587e-05 | loss=0.694950 | k_vals=[100, 20, 100, 20, 20]
Epoch 010 | Step 2160 | lr=1.223587e-05 | loss=0.514269 | k_vals=[100, 100, 50, 50, 100]
Epoch 010 | Step 2190 | lr=1.223587e-05 | loss=0.622945 | k_vals=[100, 10, 50, 100, 1]
Epoch 010 | Step 2220 | lr=1.223587e-05 | loss=0.435111 | k_vals=[10, 1, 20, 20, 20]
Epoch 010 | Step 2250 | lr=1.223587e-05 | loss=0.579683 | k_vals=[50, 100, 50, 50, 20]
Epoch 010 | Step 2280 | lr=1.223587e-05 | loss=0.564375 | k_vals=[1, 10, 50, 10, 20]
Epoch 010 | Step 2310 | lr=1.223587e-05 | loss=0.622421 | k_vals=[50, 20, 1, 20, 20]
Epoch 010 | Step 2340 | lr=1.223587e-05 | loss=0.576847 | k_vals=[1, 50, 100, 1, 10]
Epoch 010 | Step 2370 | lr=1.223587e-05 | loss=0.548344 | k_vals=[10, 50, 1, 20, 20]
Epoch 010 | Step 2400 | lr=1.223587e-05 | loss=0.660484 | k_vals=[10, 100, 100, 1, 10]
Epoch 010 | Step 2430 | lr=1.223587e-05 | loss=0.707627 | k_vals=[100, 20, 100, 20, 1]
Epoch 010 | Step 2460 | lr=1.223587e-05 | loss=0.616620 | k_vals=[100, 100, 100, 1, 50]
Epoch 010 | Step 2490 | lr=1.223587e-05 | loss=0.684713 | k_vals=[100, 20, 1, 20, 100]
Epoch 010 | Step 2520 | lr=1.223587e-05 | loss=0.562325 | k_vals=[10, 1, 100, 10, 100]
Epoch 010 | Step 2550 | lr=1.223587e-05 | loss=0.528740 | k_vals=[20, 10, 100, 20, 100]
Epoch 010 | Step 2580 | lr=1.223587e-05 | loss=0.648171 | k_vals=[100, 10, 10, 1, 100]
Epoch 010 | Step 2610 | lr=1.223587e-05 | loss=0.613708 | k_vals=[100, 10, 1, 1, 50]
Epoch 010 | Step 2640 | lr=1.223587e-05 | loss=0.546030 | k_vals=[100, 20, 1, 10, 1]
Epoch 010 | Step 2670 | lr=1.223587e-05 | loss=0.635605 | k_vals=[100, 20, 20, 20, 20]
Epoch 010 | Step 2700 | lr=1.223587e-05 | loss=0.592369 | k_vals=[100, 10, 1, 1, 50]
Epoch 010 | Step 2730 | lr=1.223587e-05 | loss=0.623286 | k_vals=[50, 20, 50, 20, 10]
Epoch 010 | Step 2760 | lr=1.223587e-05 | loss=0.661859 | k_vals=[50, 1, 10, 100, 1]
Epoch 010 | Step 2790 | lr=1.223587e-05 | loss=0.649878 | k_vals=[20, 50, 20, 10, 10]
Epoch 010 | Step 2820 | lr=1.223587e-05 | loss=0.544035 | k_vals=[100, 20, 50, 10, 50]
Epoch 010 | Step 2850 | lr=1.223587e-05 | loss=0.532413 | k_vals=[20, 20, 10, 100, 100]
Epoch 010 | Step 2880 | lr=1.223587e-05 | loss=0.697256 | k_vals=[100, 50, 10, 50, 1]
Epoch 010 | Step 2910 | lr=1.223587e-05 | loss=0.546543 | k_vals=[50, 1, 100, 20, 10]
Epoch 010 | Step 2940 | lr=1.223587e-05 | loss=0.562478 | k_vals=[20, 100, 20, 50, 10]
Epoch 010 | Step 2970 | lr=1.223587e-05 | loss=0.689655 | k_vals=[50, 20, 10, 50, 100]
Epoch 010 | Step 3000 | lr=1.223587e-05 | loss=0.584443 | k_vals=[1, 20, 20, 20, 10]
Epoch 010 | Step 3030 | lr=1.223587e-05 | loss=0.544197 | k_vals=[20, 1, 10, 50, 20]
Epoch 010 | Step 3060 | lr=1.223587e-05 | loss=0.551717 | k_vals=[100, 100, 20, 20, 1]
Epoch 010 | Step 3090 | lr=1.223587e-05 | loss=0.619914 | k_vals=[1, 50, 20, 50, 1]
Epoch 010 | Step 3120 | lr=1.223587e-05 | loss=0.639900 | k_vals=[10, 1, 20, 50, 1]
Epoch 010 | Step 3150 | lr=1.223587e-05 | loss=0.629866 | k_vals=[10, 10, 50, 10, 20]
Epoch 010 | Step 3180 | lr=1.223587e-05 | loss=0.595143 | k_vals=[10, 50, 10, 100, 20]
Epoch 010 | Step 3210 | lr=1.223587e-05 | loss=0.636906 | k_vals=[50, 10, 10, 100, 20]
Epoch 010 | Step 3240 | lr=1.223587e-05 | loss=0.576787 | k_vals=[20, 1, 10, 1, 50]
Epoch 010 | Step 3270 | lr=1.223587e-05 | loss=0.663352 | k_vals=[10, 50, 100, 1, 10]
Epoch 010 | Step 3300 | lr=1.223587e-05 | loss=0.623385 | k_vals=[100, 10, 100, 1, 1]
Epoch 010 | Step 3330 | lr=1.223587e-05 | loss=0.774609 | k_vals=[100, 10, 100, 50, 20]
Epoch 010 | Step 3360 | lr=1.223587e-05 | loss=0.597473 | k_vals=[50, 1, 10, 1, 10]
Epoch 010 | Step 3390 | lr=1.223587e-05 | loss=0.729484 | k_vals=[50, 10, 20, 50, 100]
Epoch 010 | Step 3420 | lr=1.223587e-05 | loss=0.643342 | k_vals=[20, 50, 1, 1, 100]
Epoch 010 | Step 3450 | lr=1.223587e-05 | loss=0.589321 | k_vals=[10, 1, 1, 20, 50]
Epoch 010 | Step 3480 | lr=1.223587e-05 | loss=0.551873 | k_vals=[20, 50, 100, 10, 100]
Epoch 010 | Step 3510 | lr=1.223587e-05 | loss=0.611148 | k_vals=[10, 100, 1, 20, 100]
Epoch 010 | Step 3540 | lr=1.223587e-05 | loss=0.592643 | k_vals=[20, 20, 100, 100, 50]
Epoch 010 | Step 3570 | lr=1.223587e-05 | loss=0.673204 | k_vals=[10, 1, 10, 100, 10]
Epoch 010 | Step 3600 | lr=1.223587e-05 | loss=0.672612 | k_vals=[100, 50, 50, 50, 20]
Epoch 010 | Step 3630 | lr=1.223587e-05 | loss=0.719380 | k_vals=[100, 1, 10, 50, 10]
Epoch 010 | Step 3660 | lr=1.223587e-05 | loss=0.518485 | k_vals=[20, 20, 1, 20, 100]
Epoch 010 | Step 3690 | lr=1.223587e-05 | loss=0.713105 | k_vals=[10, 1, 20, 100, 50]
Epoch 010 | Step 3720 | lr=1.223587e-05 | loss=0.651371 | k_vals=[50, 20, 100, 10, 50]
Epoch 010 | Step 3750 | lr=1.223587e-05 | loss=0.638607 | k_vals=[20, 10, 50, 50, 1]
Epoch 010 | Step 3780 | lr=1.223587e-05 | loss=0.632820 | k_vals=[50, 20, 50, 1, 100]
Epoch 010 | Step 3810 | lr=1.223587e-05 | loss=0.591642 | k_vals=[50, 1, 100, 50, 20]
Epoch 010 | Step 3840 | lr=1.223587e-05 | loss=0.536771 | k_vals=[100, 50, 50, 100, 20]
Epoch 010 | Step 3870 | lr=1.223587e-05 | loss=0.639232 | k_vals=[20, 100, 10, 100, 10]
Epoch 010 | Step 3900 | lr=1.223587e-05 | loss=0.598486 | k_vals=[10, 20, 10, 100, 1]
Epoch 010 | Step 3930 | lr=1.223587e-05 | loss=0.737904 | k_vals=[100, 20, 1, 50, 10]
Epoch 010 | Step 3960 | lr=1.223587e-05 | loss=0.465718 | k_vals=[10, 10, 20, 10, 10]
Epoch 010 | Step 3990 | lr=1.223587e-05 | loss=0.680214 | k_vals=[100, 20, 1, 10, 1]
Epoch 010 | Step 4020 | lr=1.223587e-05 | loss=0.510572 | k_vals=[100, 50, 100, 50, 100]
Epoch 010 | Step 4050 | lr=1.223587e-05 | loss=0.713354 | k_vals=[100, 1, 20, 100, 10]
Epoch 010 | Step 4080 | lr=1.223587e-05 | loss=0.587048 | k_vals=[20, 20, 100, 50, 20]
Epoch 010 | Step 4110 | lr=1.223587e-05 | loss=0.612826 | k_vals=[100, 1, 100, 50, 20]
Epoch 010 | Step 4140 | lr=1.223587e-05 | loss=0.594526 | k_vals=[1, 1, 1, 1, 50]
Epoch 010 | Step 4170 | lr=1.223587e-05 | loss=0.557507 | k_vals=[50, 20, 10, 20, 100]
Epoch 010 | Step 4200 | lr=1.223587e-05 | loss=0.573897 | k_vals=[50, 10, 1, 100, 100]
Epoch 010 | Step 4230 | lr=1.223587e-05 | loss=0.587554 | k_vals=[1, 10, 10, 100, 1]
Epoch 010 | Step 4260 | lr=1.223587e-05 | loss=0.668140 | k_vals=[50, 1, 20, 1, 10]
Epoch 010 | Step 4290 | lr=1.223587e-05 | loss=0.658558 | k_vals=[20, 10, 100, 1, 100]
Epoch 010 | Step 4320 | lr=1.223587e-05 | loss=0.639617 | k_vals=[100, 50, 100, 50, 10]
Epoch 010 | Step 4350 | lr=1.223587e-05 | loss=0.544383 | k_vals=[20, 50, 20, 20, 1]
Epoch 010 | Step 4380 | lr=1.223587e-05 | loss=0.720062 | k_vals=[1, 1, 1, 20, 20]
Epoch 010 | Step 4410 | lr=1.223587e-05 | loss=0.648649 | k_vals=[1, 1, 1, 10, 1]
Epoch 010 | Step 4440 | lr=1.223587e-05 | loss=0.755619 | k_vals=[1, 100, 1, 20, 100]
Epoch 010 | Step 4470 | lr=1.223587e-05 | loss=0.663187 | k_vals=[50, 100, 10, 50, 10]
Epoch 010 | Step 4500 | lr=1.223587e-05 | loss=0.612623 | k_vals=[50, 50, 100, 100, 100]
Epoch 010 | Step 4530 | lr=1.223587e-05 | loss=0.450011 | k_vals=[10, 50, 1, 50, 10]
Epoch 010 | Step 4560 | lr=1.223587e-05 | loss=0.685912 | k_vals=[10, 1, 1, 20, 10]
Epoch 010 | Step 4590 | lr=1.223587e-05 | loss=0.608669 | k_vals=[20, 50, 10, 10, 10]
Epoch 010 | Step 4620 | lr=1.223587e-05 | loss=0.532489 | k_vals=[50, 20, 10, 1, 20]
Epoch 010 | Step 4650 | lr=1.223587e-05 | loss=0.537064 | k_vals=[10, 20, 1, 20, 100]
Epoch 010 | Step 4680 | lr=1.223587e-05 | loss=0.514299 | k_vals=[10, 20, 1, 1, 20]
Epoch 010 | Step 4710 | lr=1.223587e-05 | loss=0.599021 | k_vals=[50, 20, 20, 10, 50]
Epoch 010 | Step 4740 | lr=1.223587e-05 | loss=0.580133 | k_vals=[10, 1, 1, 1, 20]
Epoch 010 | Step 4770 | lr=1.223587e-05 | loss=0.726702 | k_vals=[1, 50, 1, 20, 1]
Epoch 010 | Step 4800 | lr=1.223587e-05 | loss=0.555885 | k_vals=[1, 100, 1, 20, 20]
Epoch 010 | Step 4830 | lr=1.223587e-05 | loss=0.520822 | k_vals=[20, 10, 20, 1, 50]
Epoch 010 | Step 4860 | lr=1.223587e-05 | loss=0.562652 | k_vals=[20, 100, 10, 20, 10]
Epoch 010 | Step 4890 | lr=1.223587e-05 | loss=0.631155 | k_vals=[50, 100, 10, 50, 10]
Epoch 010 | Step 4920 | lr=1.223587e-05 | loss=0.658808 | k_vals=[10, 50, 20, 20, 50]
Epoch 010 | Step 4950 | lr=1.223587e-05 | loss=0.598825 | k_vals=[100, 50, 20, 20, 100]
Epoch 010 | Step 4980 | lr=1.223587e-05 | loss=0.576339 | k_vals=[10, 1, 20, 10, 100]
Epoch 010 | Step 5010 | lr=1.223587e-05 | loss=0.500923 | k_vals=[20, 1, 50, 10, 20]
Epoch 010 | Step 5040 | lr=1.223587e-05 | loss=0.580706 | k_vals=[50, 10, 50, 50, 1]
Epoch 010 | Step 5070 | lr=1.223587e-05 | loss=0.587364 | k_vals=[10, 50, 10, 100, 100]
Epoch 010 | Step 5100 | lr=1.223587e-05 | loss=0.599437 | k_vals=[100, 50, 50, 20, 1]
Epoch 010 | Step 5130 | lr=1.223587e-05 | loss=0.621136 | k_vals=[1, 100, 100, 20, 20]
Epoch 010 | Step 5160 | lr=1.223587e-05 | loss=0.566834 | k_vals=[100, 100, 100, 10, 20]
Epoch 010 | Step 5190 | lr=1.223587e-05 | loss=0.646656 | k_vals=[1, 20, 10, 20, 20]
Epoch 010 | Step 5220 | lr=1.223587e-05 | loss=0.590737 | k_vals=[1, 20, 100, 50, 100]
Epoch 010 | Step 5250 | lr=1.223587e-05 | loss=0.615008 | k_vals=[10, 10, 1, 100, 100]
Epoch 010 | Step 5280 | lr=1.223587e-05 | loss=0.546739 | k_vals=[50, 50, 10, 50, 100]
Epoch 010 | Step 5310 | lr=1.223587e-05 | loss=0.544158 | k_vals=[50, 1, 10, 10, 50]
Epoch 010 | Step 5340 | lr=1.223587e-05 | loss=0.493231 | k_vals=[100, 1, 100, 10, 100]
Epoch 010 | Step 5370 | lr=1.223587e-05 | loss=0.651197 | k_vals=[10, 10, 50, 50, 50]
Epoch 010 | Step 5400 | lr=1.223587e-05 | loss=0.476212 | k_vals=[50, 1, 100, 50, 100]
Epoch 010 | Step 5430 | lr=1.223587e-05 | loss=0.534066 | k_vals=[100, 10, 1, 50, 10]
Epoch 010 | Step 5460 | lr=1.223587e-05 | loss=0.617243 | k_vals=[10, 100, 50, 50, 10]
Epoch 010 | Step 5490 | lr=1.223587e-05 | loss=0.634136 | k_vals=[1, 100, 50, 1, 1]
Epoch 010 | Step 5520 | lr=1.223587e-05 | loss=0.751744 | k_vals=[50, 1, 1, 1, 10]
Epoch 010 | Step 5550 | lr=1.223587e-05 | loss=0.612729 | k_vals=[20, 20, 100, 1, 10]
Epoch 010 | Step 5580 | lr=1.223587e-05 | loss=0.524028 | k_vals=[100, 1, 1, 10, 20]
Epoch 010 | Step 5610 | lr=1.223587e-05 | loss=0.683282 | k_vals=[20, 50, 20, 20, 50]
Epoch 010 | Step 5640 | lr=1.223587e-05 | loss=0.550489 | k_vals=[1, 1, 20, 10, 1]
Epoch 010 | Step 5670 | lr=1.223587e-05 | loss=0.726937 | k_vals=[100, 1, 50, 20, 10]
Epoch 010 | Step 5700 | lr=1.223587e-05 | loss=0.604074 | k_vals=[1, 50, 10, 10, 1]
Epoch 010 | Step 5730 | lr=1.223587e-05 | loss=0.572213 | k_vals=[1, 50, 20, 100, 100]
Epoch 010 | Step 5760 | lr=1.223587e-05 | loss=0.517354 | k_vals=[10, 20, 20, 50, 100]
Epoch 010 | Step 5790 | lr=1.223587e-05 | loss=0.638909 | k_vals=[20, 100, 50, 50, 20]
Epoch 010 | Step 5820 | lr=1.223587e-05 | loss=0.530496 | k_vals=[100, 20, 100, 10, 20]
Epoch 010 | Step 5850 | lr=1.223587e-05 | loss=0.610723 | k_vals=[1, 100, 1, 100, 100]
Epoch 010 | Step 5880 | lr=1.223587e-05 | loss=0.617993 | k_vals=[1, 20, 50, 100, 50]
Epoch 010 | Step 5910 | lr=1.223587e-05 | loss=0.500129 | k_vals=[20, 10, 1, 20, 50]
Epoch 010 | Step 5940 | lr=1.223587e-05 | loss=0.718113 | k_vals=[50, 20, 10, 50, 10]
Epoch 010 | Step 5970 | lr=1.223587e-05 | loss=0.487288 | k_vals=[20, 20, 50, 20, 100]
Epoch 010 | Step 6000 | lr=1.223587e-05 | loss=0.699997 | k_vals=[10, 20, 1, 100, 20]
Epoch 010 | Step 6030 | lr=1.223587e-05 | loss=0.569751 | k_vals=[20, 10, 20, 1, 100]
Epoch 010 | Step 6060 | lr=1.223587e-05 | loss=0.586523 | k_vals=[50, 1, 50, 10, 100]
Epoch 010 | Step 6090 | lr=1.223587e-05 | loss=0.540641 | k_vals=[50, 1, 50, 10, 50]
Epoch 010 | Step 6120 | lr=1.223587e-05 | loss=0.573169 | k_vals=[50, 50, 50, 1, 1]
Epoch 010 | Step 6150 | lr=1.223587e-05 | loss=0.689250 | k_vals=[10, 1, 1, 20, 10]
Epoch 010 | Step 6180 | lr=1.223587e-05 | loss=0.637217 | k_vals=[1, 100, 100, 100, 1]
Epoch 010 | Step 6210 | lr=1.223587e-05 | loss=0.591623 | k_vals=[100, 100, 20, 100, 1]
Epoch 010 | Step 6240 | lr=1.223587e-05 | loss=0.614580 | k_vals=[1, 1, 100, 50, 10]
Epoch 010 | Step 6270 | lr=1.223587e-05 | loss=0.644997 | k_vals=[100, 100, 10, 10, 20]
Epoch 010 | Step 6300 | lr=1.223587e-05 | loss=0.537928 | k_vals=[10, 100, 50, 10, 100]
Epoch 010 | Step 6330 | lr=1.223587e-05 | loss=0.817968 | k_vals=[1, 20, 10, 20, 10]
Epoch 010 | Step 6360 | lr=1.223587e-05 | loss=0.716358 | k_vals=[50, 100, 100, 100, 1]
Epoch 010 | Step 6390 | lr=1.223587e-05 | loss=0.602194 | k_vals=[20, 20, 50, 10, 100]
Epoch 010 | Step 6420 | lr=1.223587e-05 | loss=0.716374 | k_vals=[1, 1, 100, 10, 50]
Epoch 010 | Step 6450 | lr=1.223587e-05 | loss=0.496610 | k_vals=[10, 50, 1, 1, 20]
Epoch 010 | Step 6480 | lr=1.223587e-05 | loss=0.522329 | k_vals=[1, 10, 20, 50, 100]
Epoch 010 | Step 6510 | lr=1.223587e-05 | loss=0.505971 | k_vals=[1, 100, 20, 10, 100]
Epoch 010 | Step 6540 | lr=1.223587e-05 | loss=0.608264 | k_vals=[100, 20, 10, 50, 50]
Epoch 010 | Step 6570 | lr=1.223587e-05 | loss=0.545935 | k_vals=[50, 20, 100, 50, 50]
Epoch 010 | Step 6600 | lr=1.223587e-05 | loss=0.586387 | k_vals=[50, 1, 20, 20, 20]
Epoch 010 | Step 6630 | lr=1.223587e-05 | loss=0.650707 | k_vals=[50, 10, 10, 10, 20]
Epoch 010 | Step 6660 | lr=1.223587e-05 | loss=0.462589 | k_vals=[50, 100, 1, 10, 100]
Epoch 010 | Step 6690 | lr=1.223587e-05 | loss=0.514984 | k_vals=[1, 50, 100, 10, 50]
Epoch 010 | Step 6720 | lr=1.223587e-05 | loss=0.542813 | k_vals=[50, 20, 10, 20, 10]
Epoch 010 | Step 6750 | lr=1.223587e-05 | loss=0.531231 | k_vals=[20, 1, 50, 20, 50]
Epoch 010 | Step 6780 | lr=1.223587e-05 | loss=0.710645 | k_vals=[1, 10, 10, 10, 10]
Epoch 010 | Step 6810 | lr=1.223587e-05 | loss=0.616015 | k_vals=[1, 100, 50, 100, 1]
Epoch 010 | Step 6840 | lr=1.223587e-05 | loss=0.534617 | k_vals=[50, 1, 10, 10, 10]
Epoch 010 | Step 6870 | lr=1.223587e-05 | loss=0.620560 | k_vals=[20, 10, 50, 10, 10]
Epoch 010 | Step 6900 | lr=1.223587e-05 | loss=0.685537 | k_vals=[10, 1, 100, 1, 1]
Epoch 010 | Step 6930 | lr=1.223587e-05 | loss=0.639039 | k_vals=[20, 10, 20, 1, 50]
Epoch 010 | Step 6960 | lr=1.223587e-05 | loss=0.635359 | k_vals=[20, 1, 50, 50, 20]
Epoch 010 | Step 6990 | lr=1.223587e-05 | loss=0.574590 | k_vals=[100, 50, 50, 100, 50]
Epoch 010 | Step 7020 | lr=1.223587e-05 | loss=0.596176 | k_vals=[1, 10, 100, 100, 1]
Epoch 010 | Step 7050 | lr=1.223587e-05 | loss=0.556046 | k_vals=[10, 1, 1, 1, 20]
Epoch 010 | Step 7080 | lr=1.223587e-05 | loss=0.565923 | k_vals=[50, 100, 100, 1, 50]
Epoch 010 | Step 7110 | lr=1.223587e-05 | loss=0.565506 | k_vals=[10, 1, 100, 10, 50]
Epoch 010 | Step 7140 | lr=1.223587e-05 | loss=0.642386 | k_vals=[1, 10, 20, 10, 50]
Epoch 010 | Step 7170 | lr=1.223587e-05 | loss=0.470046 | k_vals=[20, 1, 50, 100, 50]
Epoch 010 | Step 7200 | lr=1.223587e-05 | loss=0.594803 | k_vals=[20, 100, 1, 20, 20]
Epoch 010 | Step 7230 | lr=1.223587e-05 | loss=0.727399 | k_vals=[1, 20, 20, 50, 10]
Epoch 010 | Step 7260 | lr=1.223587e-05 | loss=0.645184 | k_vals=[1, 20, 100, 10, 20]
Epoch 010 | Step 7290 | lr=1.223587e-05 | loss=0.604509 | k_vals=[10, 1, 20, 10, 1]
Epoch 010 | Step 7320 | lr=1.223587e-05 | loss=0.572726 | k_vals=[50, 50, 50, 50, 50]
Epoch 010 | Step 7350 | lr=1.223587e-05 | loss=0.518562 | k_vals=[100, 1, 50, 50, 100]
Epoch 010 | Step 7380 | lr=1.223587e-05 | loss=0.659873 | k_vals=[100, 10, 10, 20, 1]
Epoch 010 | Step 7410 | lr=1.223587e-05 | loss=0.567119 | k_vals=[20, 20, 20, 20, 100]
Epoch 010 | Step 7440 | lr=1.223587e-05 | loss=0.574073 | k_vals=[100, 50, 100, 50, 10]
Epoch 010 | Step 7470 | lr=1.223587e-05 | loss=0.634923 | k_vals=[1, 100, 50, 100, 1]
Epoch 010 | Step 7500 | lr=1.223587e-05 | loss=0.764800 | k_vals=[1, 10, 100, 10, 50]
Epoch 010 | Step 7530 | lr=1.223587e-05 | loss=0.555330 | k_vals=[100, 50, 100, 20, 1]
Epoch 010 | Step 7560 | lr=1.223587e-05 | loss=0.533789 | k_vals=[1, 1, 1, 1, 20]
Epoch 010 | Step 7590 | lr=1.223587e-05 | loss=0.634759 | k_vals=[10, 50, 50, 100, 50]
Epoch 010 | Step 7620 | lr=1.223587e-05 | loss=0.731706 | k_vals=[1, 100, 10, 1, 100]
Epoch 010 | Step 7650 | lr=1.223587e-05 | loss=0.467856 | k_vals=[20, 20, 100, 50, 50]
Epoch 010 | Step 7680 | lr=1.223587e-05 | loss=0.571699 | k_vals=[100, 1, 100, 1, 50]
Epoch 010 | Step 7710 | lr=1.223587e-05 | loss=0.609707 | k_vals=[100, 1, 1, 1, 1]
Epoch 010 | Step 7740 | lr=1.223587e-05 | loss=0.560842 | k_vals=[50, 1, 100, 1, 50]
Epoch 010 | Step 7770 | lr=1.223587e-05 | loss=0.668204 | k_vals=[50, 100, 50, 20, 1]
Epoch 010 | Step 7800 | lr=1.223587e-05 | loss=0.625382 | k_vals=[10, 1, 1, 100, 10]
Epoch 010 | Step 7830 | lr=1.223587e-05 | loss=0.624250 | k_vals=[50, 1, 10, 20, 10]
Epoch 010 | Step 7860 | lr=1.223587e-05 | loss=0.558795 | k_vals=[1, 10, 1, 1, 50]
Epoch 010 | Step 7890 | lr=1.223587e-05 | loss=0.695328 | k_vals=[50, 50, 50, 20, 10]
Epoch 010 | Step 7920 | lr=1.223587e-05 | loss=0.526486 | k_vals=[1, 100, 100, 100, 10]
Epoch 010 | Step 7950 | lr=1.223587e-05 | loss=0.568798 | k_vals=[10, 50, 10, 10, 50]
Epoch 010 | Step 7980 | lr=1.223587e-05 | loss=0.575927 | k_vals=[20, 10, 100, 20, 10]
Epoch 010 | Step 8010 | lr=1.223587e-05 | loss=0.812319 | k_vals=[10, 100, 20, 100, 10]
Epoch 010 | Step 8040 | lr=1.223587e-05 | loss=0.597105 | k_vals=[10, 50, 50, 1, 20]
Epoch 010 | Step 8070 | lr=1.223587e-05 | loss=0.677992 | k_vals=[20, 50, 50, 100, 20]
Epoch 010 | Step 8100 | lr=1.223587e-05 | loss=0.800907 | k_vals=[50, 10, 20, 10, 1]
Epoch 010 | Step 8130 | lr=1.223587e-05 | loss=0.596822 | k_vals=[1, 100, 100, 100, 10]
Epoch 010 | Step 8160 | lr=1.223587e-05 | loss=0.572192 | k_vals=[10, 100, 20, 20, 50]
Epoch 010 | Step 8190 | lr=1.223587e-05 | loss=0.598203 | k_vals=[20, 50, 50, 50, 10]
Epoch 010 | Step 8220 | lr=1.223587e-05 | loss=0.591005 | k_vals=[50, 100, 1, 100, 20]
Epoch 010 | Step 8250 | lr=1.223587e-05 | loss=0.677929 | k_vals=[10, 100, 20, 10, 1]
Epoch 010 | Step 8280 | lr=1.223587e-05 | loss=0.564804 | k_vals=[1, 100, 50, 20, 100]
Epoch 010 | Step 8310 | lr=1.223587e-05 | loss=0.776371 | k_vals=[50, 1, 10, 50, 100]
Epoch 010 | Step 8340 | lr=1.223587e-05 | loss=0.569341 | k_vals=[20, 100, 50, 20, 50]
Epoch 010 | Step 8370 | lr=1.223587e-05 | loss=0.528933 | k_vals=[1, 1, 1, 20, 10]
Epoch 010 | Step 8400 | lr=1.223587e-05 | loss=0.690548 | k_vals=[10, 50, 100, 10, 20]
Epoch 010 | Step 8430 | lr=1.223587e-05 | loss=0.528313 | k_vals=[50, 1, 100, 20, 20]
Epoch 010 | Step 8460 | lr=1.223587e-05 | loss=0.565105 | k_vals=[50, 50, 20, 1, 10]
Epoch 010 | Step 8490 | lr=1.223587e-05 | loss=0.537470 | k_vals=[20, 1, 10, 50, 10]
Epoch 010 | Step 8520 | lr=1.223587e-05 | loss=0.646573 | k_vals=[10, 1, 1, 1, 100]
Epoch 010 | Step 8550 | lr=1.223587e-05 | loss=0.654807 | k_vals=[10, 1, 1, 1, 100]
Epoch 010 | Step 8580 | lr=1.223587e-05 | loss=0.549304 | k_vals=[10, 100, 100, 10, 1]
Epoch 010 | Step 8610 | lr=1.223587e-05 | loss=0.585764 | k_vals=[1, 1, 50, 50, 20]
Epoch 010 | Step 8640 | lr=1.223587e-05 | loss=0.652541 | k_vals=[10, 50, 50, 100, 1]
Epoch 010 | Step 8670 | lr=1.223587e-05 | loss=0.537474 | k_vals=[20, 50, 50, 100, 20]
Epoch 010 | Step 8700 | lr=1.223587e-05 | loss=0.687033 | k_vals=[1, 1, 100, 10, 50]
Epoch 010 | Step 8730 | lr=1.223587e-05 | loss=0.592224 | k_vals=[50, 50, 20, 20, 10]
Epoch 010 | Step 8760 | lr=1.223587e-05 | loss=0.501628 | k_vals=[100, 10, 20, 50, 100]
Epoch 010 | Step 8790 | lr=1.223587e-05 | loss=0.640385 | k_vals=[100, 20, 100, 1, 10]
Epoch 010 | Step 8820 | lr=1.223587e-05 | loss=0.674426 | k_vals=[1, 50, 50, 50, 10]
Epoch 010 | Step 8850 | lr=1.223587e-05 | loss=0.457302 | k_vals=[1, 20, 10, 10, 100]
Epoch 010 | Step 8880 | lr=1.223587e-05 | loss=0.537005 | k_vals=[50, 50, 50, 50, 10]
Epoch 010 | Step 8910 | lr=1.223587e-05 | loss=0.639834 | k_vals=[50, 1, 1, 1, 20]
Epoch 010 | Step 8940 | lr=1.223587e-05 | loss=0.564285 | k_vals=[20, 1, 1, 50, 50]
Epoch 010 | Step 8970 | lr=1.223587e-05 | loss=0.687156 | k_vals=[1, 50, 10, 10, 10]
Epoch 010 | Step 9000 | lr=1.223587e-05 | loss=0.770095 | k_vals=[20, 20, 100, 10, 20]
Epoch 010 | Step 9030 | lr=1.223587e-05 | loss=0.603016 | k_vals=[20, 50, 1, 100, 10]
Epoch 010 | Step 9060 | lr=1.223587e-05 | loss=0.552218 | k_vals=[20, 10, 20, 10, 20]
Epoch 010 | Step 9090 | lr=1.223587e-05 | loss=0.616449 | k_vals=[50, 20, 50, 50, 1]
Epoch 010 | Step 9120 | lr=1.223587e-05 | loss=0.621566 | k_vals=[10, 1, 20, 50, 10]
Epoch 010 | Step 9150 | lr=1.223587e-05 | loss=0.572271 | k_vals=[20, 1, 50, 20, 100]
Epoch 010 | Step 9180 | lr=1.223587e-05 | loss=0.592788 | k_vals=[1, 100, 1, 10, 50]
Epoch 010 | Step 9210 | lr=1.223587e-05 | loss=0.730697 | k_vals=[20, 100, 10, 1, 1]
Epoch 010 | Step 9240 | lr=1.223587e-05 | loss=0.714762 | k_vals=[100, 100, 50, 10, 1]
Epoch 010 | Step 9270 | lr=1.223587e-05 | loss=0.624641 | k_vals=[50, 1, 100, 10, 1]
Epoch 010 | Step 9300 | lr=1.223587e-05 | loss=0.599122 | k_vals=[50, 10, 20, 20, 100]
Epoch 010 | Step 9330 | lr=1.223587e-05 | loss=0.569616 | k_vals=[50, 50, 10, 50, 1]
Epoch 010 | Step 9360 | lr=1.223587e-05 | loss=0.581012 | k_vals=[1, 100, 1, 50, 1]
Epoch 010 | Step 9390 | lr=1.223587e-05 | loss=0.538874 | k_vals=[10, 10, 100, 50, 1]
Epoch 010 | Step 9420 | lr=1.223587e-05 | loss=0.570486 | k_vals=[100, 50, 100, 1, 100]
Epoch 010 | Step 9450 | lr=1.223587e-05 | loss=0.611467 | k_vals=[100, 100, 10, 50, 1]
Epoch 010 | Step 9480 | lr=1.223587e-05 | loss=0.530781 | k_vals=[50, 10, 100, 50, 20]
Epoch 010 | Step 9510 | lr=1.223587e-05 | loss=0.652333 | k_vals=[1, 10, 20, 50, 20]
Epoch 010 | Step 9540 | lr=1.223587e-05 | loss=0.592124 | k_vals=[1, 20, 10, 1, 20]
Epoch 010 | Step 9570 | lr=1.223587e-05 | loss=0.639574 | k_vals=[50, 50, 10, 1, 10]
Epoch 010 | Step 9600 | lr=1.223587e-05 | loss=0.550077 | k_vals=[20, 10, 20, 10, 20]
Epoch 010 | Step 9630 | lr=1.223587e-05 | loss=0.616013 | k_vals=[50, 20, 50, 20, 20]
Epoch 010 | Step 9660 | lr=1.223587e-05 | loss=0.634277 | k_vals=[10, 1, 100, 1, 1]
Epoch 010 | Step 9690 | lr=1.223587e-05 | loss=0.569662 | k_vals=[50, 20, 1, 50, 1]
Epoch 010 | Step 9720 | lr=1.223587e-05 | loss=0.632413 | k_vals=[50, 10, 1, 50, 10]
Epoch 010 | Step 9750 | lr=1.223587e-05 | loss=0.631206 | k_vals=[10, 100, 20, 50, 1]
Epoch 010 | Step 9780 | lr=1.223587e-05 | loss=0.752744 | k_vals=[20, 10, 20, 20, 50]
Epoch 010 | Step 9810 | lr=1.223587e-05 | loss=0.649529 | k_vals=[100, 50, 20, 1, 50]
Epoch 010 | Step 9840 | lr=1.223587e-05 | loss=0.620033 | k_vals=[1, 1, 50, 50, 50]
Epoch 010 | Step 9870 | lr=1.223587e-05 | loss=0.637115 | k_vals=[10, 20, 1, 20, 20]
Epoch 010 | Step 9900 | lr=1.223587e-05 | loss=0.615654 | k_vals=[20, 20, 100, 100, 100]
Epoch 010 | Step 9930 | lr=1.223587e-05 | loss=0.702896 | k_vals=[20, 10, 1, 50, 1]
Epoch 010 | Step 9960 | lr=1.223587e-05 | loss=0.547899 | k_vals=[100, 100, 100, 50, 50]
Epoch 010 | Step 9990 | lr=1.223587e-05 | loss=0.628359 | k_vals=[10, 50, 10, 20, 20]
Epoch 010 | Step 10020 | lr=1.223587e-05 | loss=0.617946 | k_vals=[50, 1, 50, 20, 20]
Epoch 010 | Step 10050 | lr=1.223587e-05 | loss=0.635255 | k_vals=[1, 20, 100, 10, 20]
Epoch 010 | Step 10080 | lr=1.223587e-05 | loss=0.587140 | k_vals=[20, 1, 1, 20, 1]
Epoch 010 | Step 10110 | lr=1.223587e-05 | loss=0.476495 | k_vals=[50, 20, 1, 20, 20]
Epoch 010 | Step 10140 | lr=1.223587e-05 | loss=0.566622 | k_vals=[50, 10, 10, 100, 50]
Epoch 010 | Step 10170 | lr=1.223587e-05 | loss=0.645713 | k_vals=[20, 50, 10, 10, 20]
Epoch 010 | Step 10200 | lr=1.223587e-05 | loss=0.543299 | k_vals=[50, 20, 100, 50, 50]
Epoch 010 | Step 10230 | lr=1.223587e-05 | loss=0.595569 | k_vals=[10, 100, 50, 10, 50]
Epoch 010 | Step 10260 | lr=1.223587e-05 | loss=0.665284 | k_vals=[100, 20, 10, 20, 20]
Epoch 010 | Step 10290 | lr=1.223587e-05 | loss=0.754003 | k_vals=[100, 10, 1, 100, 10]
Epoch 010 | Step 10320 | lr=1.223587e-05 | loss=0.544587 | k_vals=[20, 10, 50, 50, 50]
Epoch 010 | Step 10350 | lr=1.223587e-05 | loss=0.612411 | k_vals=[100, 100, 20, 1, 20]
Epoch 010 | Step 10380 | lr=1.223587e-05 | loss=0.596892 | k_vals=[1, 10, 10, 1, 20]
Epoch 010 | Step 10410 | lr=1.223587e-05 | loss=0.567885 | k_vals=[1, 1, 1, 50, 50]
Epoch 010 | Step 10440 | lr=1.223587e-05 | loss=0.561584 | k_vals=[20, 20, 10, 50, 10]
Epoch 010 | Step 10470 | lr=1.223587e-05 | loss=0.595081 | k_vals=[10, 1, 100, 20, 100]
Epoch 010 | Step 10500 | lr=1.223587e-05 | loss=0.639847 | k_vals=[20, 1, 20, 1, 100]
Epoch 010 | Step 10530 | lr=1.223587e-05 | loss=0.581587 | k_vals=[20, 10, 50, 20, 1]
Epoch 010 | Step 10560 | lr=1.223587e-05 | loss=0.636475 | k_vals=[100, 1, 50, 20, 20]
Epoch 010 | Step 10590 | lr=1.223587e-05 | loss=0.541003 | k_vals=[50, 50, 100, 50, 50]
Epoch 010 | Step 10620 | lr=1.223587e-05 | loss=0.534820 | k_vals=[100, 10, 1, 50, 50]
Epoch 010 | Step 10650 | lr=1.223587e-05 | loss=0.637777 | k_vals=[1, 50, 10, 100, 50]
Epoch 010 | Step 10680 | lr=1.223587e-05 | loss=0.658556 | k_vals=[1, 10, 50, 100, 50]
Epoch 010 | Step 10710 | lr=1.223587e-05 | loss=0.620337 | k_vals=[10, 10, 50, 100, 10]
Epoch 010 | Step 10740 | lr=1.223587e-05 | loss=0.540809 | k_vals=[100, 1, 50, 100, 20]
Epoch 010 | Step 10770 | lr=1.223587e-05 | loss=0.562971 | k_vals=[10, 100, 20, 10, 50]
Epoch 010 | Step 10800 | lr=1.223587e-05 | loss=0.698301 | k_vals=[1, 50, 50, 20, 100]
Epoch 010 | Step 10830 | lr=1.223587e-05 | loss=0.544254 | k_vals=[100, 50, 50, 20, 1]
Epoch 010 | Step 10860 | lr=1.223587e-05 | loss=0.566014 | k_vals=[10, 20, 1, 20, 50]
Epoch 010 | Step 10890 | lr=1.223587e-05 | loss=0.689641 | k_vals=[10, 50, 20, 1, 50]
Epoch 010 | Step 10920 | lr=1.223587e-05 | loss=0.753348 | k_vals=[100, 1, 50, 50, 10]
Epoch 010 | Step 10950 | lr=1.223587e-05 | loss=0.625457 | k_vals=[20, 1, 100, 10, 20]
Epoch 010 | Step 10980 | lr=1.223587e-05 | loss=0.604901 | k_vals=[1, 100, 100, 10, 1]
Epoch 010 | Step 11010 | lr=1.223587e-05 | loss=0.620890 | k_vals=[20, 1, 10, 50, 100]
Epoch 010 | Step 11040 | lr=1.223587e-05 | loss=0.614463 | k_vals=[100, 50, 50, 100, 1]
Epoch 010 | Step 11070 | lr=1.223587e-05 | loss=0.586848 | k_vals=[50, 1, 10, 100, 1]
Epoch 010 | Step 11100 | lr=1.223587e-05 | loss=0.666597 | k_vals=[1, 10, 100, 20, 100]
Epoch 010 | Step 11130 | lr=1.223587e-05 | loss=0.626442 | k_vals=[20, 50, 1, 50, 20]
Epoch 010 | Step 11160 | lr=1.223587e-05 | loss=0.711343 | k_vals=[1, 1, 1, 20, 50]
Epoch 010 | Step 11190 | lr=1.223587e-05 | loss=0.564175 | k_vals=[20, 50, 10, 20, 50]
Epoch 010 | Step 11220 | lr=1.223587e-05 | loss=0.565373 | k_vals=[20, 10, 1, 10, 20]
Epoch 010 | Step 11250 | lr=1.223587e-05 | loss=0.549237 | k_vals=[50, 100, 1, 10, 1]
Epoch 010 | Step 11280 | lr=1.223587e-05 | loss=0.684345 | k_vals=[20, 10, 100, 1, 100]
Epoch 010 | Step 11310 | lr=1.223587e-05 | loss=0.671454 | k_vals=[1, 20, 10, 100, 10]
Epoch 010 | Step 11340 | lr=1.223587e-05 | loss=0.780395 | k_vals=[20, 10, 20, 100, 1]
Epoch 010 | Step 11370 | lr=1.223587e-05 | loss=0.781962 | k_vals=[1, 20, 20, 20, 100]
Epoch 010 | Step 11400 | lr=1.223587e-05 | loss=0.599473 | k_vals=[10, 1, 10, 20, 1]
Epoch 010 | Step 11430 | lr=1.223587e-05 | loss=0.741957 | k_vals=[1, 20, 1, 1, 20]
Epoch 010 | Step 11460 | lr=1.223587e-05 | loss=0.586258 | k_vals=[50, 1, 1, 100, 50]
Epoch 010 | Step 11490 | lr=1.223587e-05 | loss=0.532696 | k_vals=[50, 20, 50, 50, 100]
Epoch 010 | Step 11520 | lr=1.223587e-05 | loss=0.673603 | k_vals=[1, 10, 10, 1, 1]
Epoch 010 | Step 11550 | lr=1.223587e-05 | loss=0.611638 | k_vals=[100, 1, 20, 1, 10]
Epoch 010 | Step 11580 | lr=1.223587e-05 | loss=0.756869 | k_vals=[1, 1, 50, 10, 100]
Epoch 010 | Step 11610 | lr=1.223587e-05 | loss=0.578467 | k_vals=[20, 50, 50, 100, 100]
Epoch 010 | Step 11640 | lr=1.223587e-05 | loss=0.655733 | k_vals=[1, 50, 50, 10, 1]
Epoch 010 | Step 11670 | lr=1.223587e-05 | loss=0.495549 | k_vals=[100, 50, 50, 100, 50]
Epoch 010 | Step 11700 | lr=1.223587e-05 | loss=0.745265 | k_vals=[1, 50, 1, 100, 50]
Epoch 010 | Step 11730 | lr=1.223587e-05 | loss=0.618911 | k_vals=[100, 10, 1, 50, 20]
Epoch 010 | Step 11760 | lr=1.223587e-05 | loss=0.531200 | k_vals=[50, 20, 10, 10, 50]
Epoch 010 | Step 11790 | lr=1.223587e-05 | loss=0.562202 | k_vals=[100, 100, 1, 1, 50]
Epoch 010 | Step 11820 | lr=1.223587e-05 | loss=0.659904 | k_vals=[10, 100, 1, 1, 100]
Epoch 010 | Step 11850 | lr=1.223587e-05 | loss=0.540354 | k_vals=[100, 10, 50, 10, 100]
Epoch 010 | Step 11880 | lr=1.223587e-05 | loss=0.572077 | k_vals=[50, 50, 100, 100, 20]
Epoch 010 | Step 11910 | lr=1.223587e-05 | loss=0.572428 | k_vals=[1, 20, 50, 20, 20]
Epoch 010 | Step 11940 | lr=1.223587e-05 | loss=0.683264 | k_vals=[10, 50, 20, 100, 50]
Epoch 010 | Step 11970 | lr=1.223587e-05 | loss=0.634613 | k_vals=[1, 1, 100, 1, 1]
Epoch 010 | Step 12000 | lr=1.223587e-05 | loss=0.544337 | k_vals=[20, 100, 10, 50, 10]
Epoch 010 | Step 12030 | lr=1.223587e-05 | loss=0.536104 | k_vals=[50, 10, 1, 20, 10]
Epoch 010 | Step 12060 | lr=1.223587e-05 | loss=0.639797 | k_vals=[50, 10, 1, 1, 1]
Epoch 010 | Step 12090 | lr=1.223587e-05 | loss=0.538145 | k_vals=[100, 100, 1, 10, 10]
Epoch 010 | Step 12120 | lr=1.223587e-05 | loss=0.601525 | k_vals=[50, 50, 1, 10, 20]
Epoch 010 | Step 12150 | lr=1.223587e-05 | loss=0.626160 | k_vals=[100, 20, 100, 1, 10]
Epoch 010 | Step 12180 | lr=1.223587e-05 | loss=0.622870 | k_vals=[100, 100, 10, 50, 20]
Epoch 010 | Step 12210 | lr=1.223587e-05 | loss=0.532833 | k_vals=[10, 100, 20, 1, 20]
Epoch 010 | Step 12240 | lr=1.223587e-05 | loss=0.583413 | k_vals=[100, 1, 10, 50, 50]
Epoch 010 | Step 12270 | lr=1.223587e-05 | loss=0.532880 | k_vals=[10, 100, 1, 20, 1]
Epoch 010 | Step 12300 | lr=1.223587e-05 | loss=0.707548 | k_vals=[1, 1, 10, 1, 50]
Epoch 010 | Step 12330 | lr=1.223587e-05 | loss=0.678037 | k_vals=[100, 20, 10, 1, 10]
Epoch 010 | Step 12360 | lr=1.223587e-05 | loss=0.539179 | k_vals=[10, 10, 50, 1, 50]
Epoch 010 | Step 12390 | lr=1.223587e-05 | loss=0.603115 | k_vals=[50, 1, 10, 100, 1]
Epoch 010 | Step 12420 | lr=1.223587e-05 | loss=0.537122 | k_vals=[1, 50, 10, 100, 20]
Epoch 010 | Step 12450 | lr=1.223587e-05 | loss=0.606738 | k_vals=[50, 10, 20, 1, 50]
Epoch 010 | Step 12480 | lr=1.223587e-05 | loss=0.571029 | k_vals=[10, 10, 20, 100, 50]
Epoch 010 | Step 12510 | lr=1.223587e-05 | loss=0.443104 | k_vals=[100, 20, 100, 100, 20]
Epoch 010 | Step 12540 | lr=1.223587e-05 | loss=0.616918 | k_vals=[10, 10, 10, 100, 100]
Epoch 010 | Step 12570 | lr=1.223587e-05 | loss=0.660253 | k_vals=[1, 50, 50, 100, 1]
Epoch 010 | Step 12600 | lr=1.223587e-05 | loss=0.682254 | k_vals=[1, 20, 1, 10, 10]
Epoch 010 | Step 12630 | lr=1.223587e-05 | loss=0.651498 | k_vals=[50, 20, 1, 10, 50]
Epoch 010 | Step 12660 | lr=1.223587e-05 | loss=0.581504 | k_vals=[50, 100, 10, 20, 20]
Epoch 010 | Step 12690 | lr=1.223587e-05 | loss=0.553322 | k_vals=[50, 100, 50, 100, 100]
Epoch 010 | Step 12720 | lr=1.223587e-05 | loss=0.599663 | k_vals=[50, 100, 1, 1, 10]
Epoch 010 | Step 12750 | lr=1.223587e-05 | loss=0.566636 | k_vals=[50, 20, 10, 100, 10]
Epoch 010 | Step 12780 | lr=1.223587e-05 | loss=0.626740 | k_vals=[50, 50, 50, 1, 1]
Epoch 010 | Step 12810 | lr=1.223587e-05 | loss=0.646835 | k_vals=[100, 50, 10, 10, 10]
Epoch 010 | Step 12840 | lr=1.223587e-05 | loss=0.542856 | k_vals=[50, 100, 20, 20, 100]
Epoch 010 | Step 12870 | lr=1.223587e-05 | loss=0.580131 | k_vals=[50, 10, 50, 100, 100]
Epoch 010 | Step 12900 | lr=1.223587e-05 | loss=0.821133 | k_vals=[50, 1, 1, 100, 100]
Epoch 010 | Step 12930 | lr=1.223587e-05 | loss=0.725118 | k_vals=[20, 20, 50, 1, 10]
Epoch 010 | Step 12960 | lr=1.223587e-05 | loss=0.571828 | k_vals=[50, 50, 20, 20, 50]
Epoch 010 | Step 12990 | lr=1.223587e-05 | loss=0.626777 | k_vals=[10, 20, 10, 100, 20]
Epoch 010 | Step 13020 | lr=1.223587e-05 | loss=0.504558 | k_vals=[100, 100, 1, 50, 1]
Epoch 010 | Step 13050 | lr=1.223587e-05 | loss=0.504426 | k_vals=[100, 50, 20, 100, 1]
Epoch 010 | Step 13080 | lr=1.223587e-05 | loss=0.720449 | k_vals=[10, 100, 50, 50, 10]
Epoch 010 | Step 13110 | lr=1.223587e-05 | loss=0.655280 | k_vals=[100, 20, 20, 1, 50]
Epoch 010 | Step 13140 | lr=1.223587e-05 | loss=0.639210 | k_vals=[50, 10, 10, 1, 10]
Epoch 010 | Step 13170 | lr=1.223587e-05 | loss=0.496400 | k_vals=[100, 100, 20, 100, 1]
Epoch 010 | Step 13200 | lr=1.223587e-05 | loss=0.569588 | k_vals=[1, 50, 20, 50, 50]
Epoch 010 | Step 13230 | lr=1.223587e-05 | loss=0.612237 | k_vals=[100, 20, 20, 1, 50]
Epoch 010 | Step 13260 | lr=1.223587e-05 | loss=0.582205 | k_vals=[100, 10, 50, 10, 50]
Epoch 010 | Step 13290 | lr=1.223587e-05 | loss=0.555713 | k_vals=[1, 20, 20, 10, 10]
Epoch 010 | Step 13320 | lr=1.223587e-05 | loss=0.618442 | k_vals=[20, 20, 20, 20, 1]
Epoch 010 | Step 13350 | lr=1.223587e-05 | loss=0.671917 | k_vals=[1, 20, 100, 1, 1]
Epoch 010 | Step 13380 | lr=1.223587e-05 | loss=0.632093 | k_vals=[100, 1, 20, 20, 20]
Epoch 010 | Step 13410 | lr=1.223587e-05 | loss=0.631268 | k_vals=[20, 100, 50, 10, 50]
Epoch 010 | Step 13440 | lr=1.223587e-05 | loss=0.600707 | k_vals=[1, 100, 10, 100, 10]
Epoch 010 | Step 13470 | lr=1.223587e-05 | loss=0.485447 | k_vals=[100, 50, 10, 20, 20]
Epoch 010 | Step 13500 | lr=1.223587e-05 | loss=0.575055 | k_vals=[10, 50, 1, 1, 50]
Epoch 010 | Step 13530 | lr=1.223587e-05 | loss=0.712683 | k_vals=[20, 20, 50, 100, 1]
Epoch 010 | Step 13560 | lr=1.223587e-05 | loss=0.647867 | k_vals=[1, 100, 20, 100, 100]
Epoch 010 | Step 13590 | lr=1.223587e-05 | loss=0.703276 | k_vals=[1, 10, 10, 10, 10]
Epoch 010 | Step 13620 | lr=1.223587e-05 | loss=0.717240 | k_vals=[20, 50, 100, 10, 20]
Epoch 010 | Step 13650 | lr=1.223587e-05 | loss=0.701005 | k_vals=[50, 50, 20, 10, 100]
Epoch 010 | Step 13680 | lr=1.223587e-05 | loss=0.520594 | k_vals=[1, 50, 50, 10, 100]
Epoch 010 | Step 13710 | lr=1.223587e-05 | loss=0.562583 | k_vals=[100, 10, 50, 100, 20]
Epoch 010 | Step 13740 | lr=1.223587e-05 | loss=0.521048 | k_vals=[20, 50, 10, 100, 10]
Epoch 010 | Step 13770 | lr=1.223587e-05 | loss=0.692806 | k_vals=[20, 20, 100, 50, 10]
Epoch 010 | Step 13800 | lr=1.223587e-05 | loss=0.513071 | k_vals=[1, 100, 100, 10, 1]
Epoch 010 | Step 13830 | lr=1.223587e-05 | loss=0.565526 | k_vals=[10, 100, 1, 10, 100]
Epoch 010 | Step 13860 | lr=1.223587e-05 | loss=0.524192 | k_vals=[10, 50, 50, 1, 1]
Epoch 010 | Step 13890 | lr=1.223587e-05 | loss=0.590063 | k_vals=[1, 50, 100, 100, 20]
Epoch 010 | Step 13920 | lr=1.223587e-05 | loss=0.530932 | k_vals=[50, 20, 1, 10, 50]
Epoch 010 | Step 13950 | lr=1.223587e-05 | loss=0.508229 | k_vals=[10, 100, 20, 20, 10]
Epoch 010 | Step 13980 | lr=1.223587e-05 | loss=0.528201 | k_vals=[50, 20, 20, 20, 1]
Epoch 010 | Step 14010 | lr=1.223587e-05 | loss=0.659334 | k_vals=[1, 100, 1, 100, 1]
Epoch 010 | Step 14040 | lr=1.223587e-05 | loss=0.566973 | k_vals=[1, 50, 10, 10, 50]
Epoch 010 | Step 14070 | lr=1.223587e-05 | loss=0.594616 | k_vals=[20, 100, 50, 20, 100]
Epoch 010 | Step 14100 | lr=1.223587e-05 | loss=0.526258 | k_vals=[50, 20, 1, 100, 20]
Epoch 010 | Step 14130 | lr=1.223587e-05 | loss=0.631847 | k_vals=[100, 20, 50, 100, 50]
Epoch 010 | Step 14160 | lr=1.223587e-05 | loss=0.590275 | k_vals=[1, 50, 1, 20, 10]
Epoch 010 | Step 14190 | lr=1.223587e-05 | loss=0.512863 | k_vals=[1, 100, 1, 20, 100]
Epoch 010 | Step 14220 | lr=1.223587e-05 | loss=0.637073 | k_vals=[20, 1, 10, 100, 50]
Epoch 010 | Step 14250 | lr=1.223587e-05 | loss=0.662060 | k_vals=[10, 10, 50, 10, 1]
Epoch 010 | Step 14280 | lr=1.223587e-05 | loss=0.666039 | k_vals=[20, 100, 50, 10, 20]
Epoch 010 | Step 14310 | lr=1.223587e-05 | loss=0.631843 | k_vals=[1, 100, 20, 1, 10]
Epoch 010 | Step 14340 | lr=1.223587e-05 | loss=0.578583 | k_vals=[100, 10, 1, 10, 100]
Epoch 010 | Step 14370 | lr=1.223587e-05 | loss=0.548278 | k_vals=[100, 10, 20, 20, 50]
Epoch 010 | Step 14400 | lr=1.223587e-05 | loss=0.765222 | k_vals=[100, 100, 10, 50, 1]
Epoch 010 | Step 14430 | lr=1.223587e-05 | loss=0.566368 | k_vals=[10, 1, 10, 100, 10]
Epoch 010 | Step 14460 | lr=1.223587e-05 | loss=0.601802 | k_vals=[50, 1, 10, 50, 10]
Epoch 010 | Step 14490 | lr=1.223587e-05 | loss=0.642759 | k_vals=[1, 10, 1, 100, 1]
Epoch 010 | Step 14520 | lr=1.223587e-05 | loss=0.580011 | k_vals=[1, 10, 1, 20, 100]
Epoch 010 | Step 14550 | lr=1.223587e-05 | loss=0.614016 | k_vals=[10, 20, 10, 1, 1]
Epoch 010 | Step 14580 | lr=1.223587e-05 | loss=0.540624 | k_vals=[50, 10, 20, 10, 1]
Epoch 010 | Step 14610 | lr=1.223587e-05 | loss=0.626997 | k_vals=[10, 100, 10, 50, 100]
Epoch 010 | Step 14640 | lr=1.223587e-05 | loss=0.497332 | k_vals=[50, 100, 1, 50, 20]
Epoch 010 | Step 14670 | lr=1.223587e-05 | loss=0.527573 | k_vals=[50, 50, 1, 100, 10]
Epoch 010 | Step 14700 | lr=1.223587e-05 | loss=0.616264 | k_vals=[20, 50, 1, 1, 100]
Epoch 010 | Step 14730 | lr=1.223587e-05 | loss=0.637430 | k_vals=[20, 10, 20, 1, 100]
Epoch 010 | Step 14760 | lr=1.223587e-05 | loss=0.622190 | k_vals=[100, 1, 100, 10, 1]
Epoch 010 | Step 14790 | lr=1.223587e-05 | loss=0.577551 | k_vals=[10, 10, 1, 10, 1]
Epoch 010 | Step 14820 | lr=1.223587e-05 | loss=0.576702 | k_vals=[100, 1, 20, 1, 20]
Epoch 010 | Step 14850 | lr=1.223587e-05 | loss=0.580203 | k_vals=[1, 1, 100, 10, 10]
Epoch 010 | Step 14880 | lr=1.223587e-05 | loss=0.615415 | k_vals=[10, 20, 100, 100, 10]
Epoch 010 | Step 14910 | lr=1.223587e-05 | loss=0.609358 | k_vals=[50, 50, 50, 10, 100]
Epoch 010 | Step 14940 | lr=1.223587e-05 | loss=0.556118 | k_vals=[1, 20, 50, 20, 1]
Epoch 010 | Step 14970 | lr=1.223587e-05 | loss=0.633630 | k_vals=[10, 1, 50, 100, 50]
Epoch 010 | Step 15000 | lr=1.223587e-05 | loss=0.552124 | k_vals=[20, 100, 100, 100, 100]
Epoch 010 | Step 15030 | lr=1.223587e-05 | loss=0.638626 | k_vals=[1, 50, 100, 20, 10]
Epoch 010 | Step 15060 | lr=1.223587e-05 | loss=0.658198 | k_vals=[1, 100, 50, 1, 10]
Epoch 010 | Step 15090 | lr=1.223587e-05 | loss=0.662859 | k_vals=[10, 100, 1, 1, 100]
Epoch 010 | Step 15120 | lr=1.223587e-05 | loss=0.649209 | k_vals=[1, 1, 100, 50, 1]
Epoch 010 | Step 15150 | lr=1.223587e-05 | loss=0.647832 | k_vals=[20, 100, 1, 50, 100]
Epoch 010 | Step 15180 | lr=1.223587e-05 | loss=0.554372 | k_vals=[1, 100, 10, 1, 1]
Epoch 010 | Step 15210 | lr=1.223587e-05 | loss=0.700414 | k_vals=[10, 100, 20, 20, 1]
Epoch 010 | Step 15240 | lr=1.223587e-05 | loss=0.520890 | k_vals=[20, 50, 10, 20, 100]
Epoch 010 | Step 15270 | lr=1.223587e-05 | loss=0.616473 | k_vals=[10, 20, 100, 50, 100]
Epoch 010 | Step 15300 | lr=1.223587e-05 | loss=0.618083 | k_vals=[1, 1, 50, 10, 10]
Epoch 010 | Step 15330 | lr=1.223587e-05 | loss=0.579426 | k_vals=[10, 50, 20, 10, 20]
Epoch 010 | Step 15360 | lr=1.223587e-05 | loss=0.619441 | k_vals=[10, 1, 100, 1, 50]
Epoch 010 | Step 15390 | lr=1.223587e-05 | loss=0.668215 | k_vals=[50, 10, 1, 100, 20]
Epoch 010 | Step 15420 | lr=1.223587e-05 | loss=0.634964 | k_vals=[50, 50, 1, 1, 20]
Epoch 010 | Step 15450 | lr=1.223587e-05 | loss=0.542511 | k_vals=[20, 20, 1, 100, 50]
Epoch 010 | Step 15480 | lr=1.223587e-05 | loss=0.576220 | k_vals=[50, 50, 50, 50, 10]
Epoch 010 | Step 15510 | lr=1.223587e-05 | loss=0.660163 | k_vals=[50, 50, 10, 10, 20]
Epoch 010 | Step 15540 | lr=1.223587e-05 | loss=0.580613 | k_vals=[1, 100, 20, 20, 50]
Epoch 010 | Step 15570 | lr=1.223587e-05 | loss=0.635811 | k_vals=[1, 50, 20, 20, 10]
Epoch 010 | Step 15600 | lr=1.223587e-05 | loss=0.608973 | k_vals=[10, 100, 100, 1, 100]
Epoch 010 | Step 15630 | lr=1.223587e-05 | loss=0.566638 | k_vals=[10, 50, 10, 50, 20]
Epoch 010 | Step 15660 | lr=1.223587e-05 | loss=0.713560 | k_vals=[1, 50, 50, 50, 100]
Epoch 010 | Step 15690 | lr=1.223587e-05 | loss=0.569986 | k_vals=[10, 1, 10, 1, 100]
Epoch 010 | Step 15720 | lr=1.223587e-05 | loss=0.687201 | k_vals=[50, 1, 1, 20, 1]
Epoch 010 | Step 15750 | lr=1.223587e-05 | loss=0.534111 | k_vals=[1, 10, 20, 100, 10]
Epoch 010 | Step 15780 | lr=1.223587e-05 | loss=0.549998 | k_vals=[10, 100, 100, 100, 10]
Epoch 010 | Step 15810 | lr=1.223587e-05 | loss=0.680599 | k_vals=[10, 50, 50, 50, 1]
Epoch 010 | Step 15840 | lr=1.223587e-05 | loss=0.650703 | k_vals=[50, 10, 50, 100, 10]
Epoch 010 | Step 15870 | lr=1.223587e-05 | loss=0.568722 | k_vals=[10, 20, 100, 10, 100]
Epoch 010 | Step 15900 | lr=1.223587e-05 | loss=0.649558 | k_vals=[10, 1, 20, 1, 50]
Epoch 010 | Step 15930 | lr=1.223587e-05 | loss=0.639773 | k_vals=[20, 10, 10, 1, 20]
Epoch 010 | Step 15960 | lr=1.223587e-05 | loss=0.559784 | k_vals=[100, 50, 100, 20, 10]
Epoch 010 | Step 15990 | lr=1.223587e-05 | loss=0.599826 | k_vals=[10, 20, 100, 50, 50]
Epoch 010 | Step 16020 | lr=1.223587e-05 | loss=0.584391 | k_vals=[20, 10, 1, 1, 20]
Epoch 010 | Step 16050 | lr=1.223587e-05 | loss=0.560352 | k_vals=[1, 1, 20, 100, 10]
Epoch 010 | Step 16080 | lr=1.223587e-05 | loss=0.673948 | k_vals=[100, 50, 50, 50, 20]
Epoch 010 | Step 16110 | lr=1.223587e-05 | loss=0.542189 | k_vals=[20, 100, 1, 10, 50]
Epoch 010 | Step 16140 | lr=1.223587e-05 | loss=0.673518 | k_vals=[10, 20, 1, 50, 1]
Epoch 010 | Step 16170 | lr=1.223587e-05 | loss=0.545450 | k_vals=[10, 10, 10, 10, 100]
Epoch 010 | Step 16200 | lr=1.223587e-05 | loss=0.532961 | k_vals=[100, 20, 10, 10, 10]
Epoch 010 | Step 16230 | lr=1.223587e-05 | loss=0.653347 | k_vals=[10, 50, 100, 50, 20]
Epoch 010 | Step 16260 | lr=1.223587e-05 | loss=0.580320 | k_vals=[100, 50, 1, 10, 20]
Epoch 010 | Step 16290 | lr=1.223587e-05 | loss=0.521308 | k_vals=[50, 100, 1, 10, 10]
Epoch 010 | Step 16320 | lr=1.223587e-05 | loss=0.706424 | k_vals=[20, 1, 20, 1, 50]
Epoch 010 | Step 16350 | lr=1.223587e-05 | loss=0.583881 | k_vals=[50, 10, 20, 100, 20]
Epoch 010 | Step 16380 | lr=1.223587e-05 | loss=0.605277 | k_vals=[10, 20, 100, 20, 10]
Epoch 010 | Step 16410 | lr=1.223587e-05 | loss=0.563252 | k_vals=[50, 20, 20, 50, 10]
Epoch 010 | Step 16440 | lr=1.223587e-05 | loss=0.541028 | k_vals=[50, 10, 50, 50, 50]
Epoch 010 | Step 16470 | lr=1.223587e-05 | loss=0.660834 | k_vals=[100, 50, 10, 20, 20]
Epoch 010 | Step 16500 | lr=1.223587e-05 | loss=0.573859 | k_vals=[100, 100, 10, 1, 100]
Epoch 010 | Step 16530 | lr=1.223587e-05 | loss=0.621559 | k_vals=[1, 100, 1, 20, 20]
Epoch 010 | Step 16560 | lr=1.223587e-05 | loss=0.777316 | k_vals=[10, 20, 1, 20, 20]
Epoch 010 | Step 16590 | lr=1.223587e-05 | loss=0.663971 | k_vals=[10, 20, 20, 20, 1]
Epoch 010 | Step 16620 | lr=1.223587e-05 | loss=0.539053 | k_vals=[100, 10, 10, 50, 1]
Epoch 010 | Step 16650 | lr=1.223587e-05 | loss=0.651142 | k_vals=[10, 20, 10, 20, 20]
Epoch 010 | Step 16680 | lr=1.223587e-05 | loss=0.535803 | k_vals=[10, 1, 50, 20, 20]
Epoch 010 | Step 16710 | lr=1.223587e-05 | loss=0.554805 | k_vals=[50, 100, 50, 100, 1]
Epoch 010 | Step 16740 | lr=1.223587e-05 | loss=0.670825 | k_vals=[20, 50, 10, 20, 10]
Epoch 010 | Step 16770 | lr=1.223587e-05 | loss=0.687151 | k_vals=[100, 100, 20, 10, 10]
Epoch 010 | Step 16800 | lr=1.223587e-05 | loss=0.623200 | k_vals=[20, 100, 10, 50, 1]
Epoch 010 | Step 16830 | lr=1.223587e-05 | loss=0.646867 | k_vals=[10, 10, 100, 20, 50]
Epoch 010 | Step 16860 | lr=1.223587e-05 | loss=0.547728 | k_vals=[10, 20, 50, 50, 100]
Epoch 010 | Step 16890 | lr=1.223587e-05 | loss=0.658994 | k_vals=[50, 1, 20, 10, 100]
Epoch 010 | Step 16920 | lr=1.223587e-05 | loss=0.520127 | k_vals=[100, 10, 1, 10, 20]
Epoch 010 | Step 16950 | lr=1.223587e-05 | loss=0.676198 | k_vals=[20, 100, 10, 1, 10]
Epoch 010 | Step 16980 | lr=1.223587e-05 | loss=0.463413 | k_vals=[10, 100, 1, 100, 100]
Epoch 010 | Step 17010 | lr=1.223587e-05 | loss=0.653844 | k_vals=[100, 10, 50, 10, 1]
Epoch 010 | Step 17040 | lr=1.223587e-05 | loss=0.607564 | k_vals=[1, 20, 20, 20, 50]
Epoch 010 | Step 17070 | lr=1.223587e-05 | loss=0.554983 | k_vals=[10, 10, 1, 100, 1]
Epoch 010 | Step 17100 | lr=1.223587e-05 | loss=0.599094 | k_vals=[20, 1, 20, 10, 10]
Epoch 010 | Step 17130 | lr=1.223587e-05 | loss=0.464049 | k_vals=[1, 50, 20, 1, 10]
Epoch 010 | Step 17160 | lr=1.223587e-05 | loss=0.652888 | k_vals=[20, 100, 1, 1, 1]
Epoch 010 | Step 17190 | lr=1.223587e-05 | loss=0.537555 | k_vals=[100, 20, 1, 20, 20]
Epoch 010 | Step 17220 | lr=1.223587e-05 | loss=0.581668 | k_vals=[1, 20, 1, 50, 20]
Epoch 010 | Step 17250 | lr=1.223587e-05 | loss=0.516472 | k_vals=[10, 10, 1, 20, 20]
Epoch 010 | Step 17280 | lr=1.223587e-05 | loss=0.539991 | k_vals=[20, 20, 10, 100, 50]
Epoch 010 | Step 17310 | lr=1.223587e-05 | loss=0.600003 | k_vals=[100, 1, 100, 100, 20]
Epoch 010 | Step 17340 | lr=1.223587e-05 | loss=0.575285 | k_vals=[50, 10, 100, 50, 20]
Epoch 010 | Step 17370 | lr=1.223587e-05 | loss=0.589003 | k_vals=[1, 50, 20, 50, 10]
Epoch 010 | Step 17400 | lr=1.223587e-05 | loss=0.644460 | k_vals=[20, 10, 100, 100, 50]
Epoch 010 | Step 17430 | lr=1.223587e-05 | loss=0.678079 | k_vals=[20, 1, 10, 10, 50]
Epoch 010 | Step 17460 | lr=1.223587e-05 | loss=0.625307 | k_vals=[1, 1, 100, 10, 20]
Epoch 010 | Step 17490 | lr=1.223587e-05 | loss=0.507047 | k_vals=[10, 1, 50, 100, 50]
Epoch 010 | Step 17520 | lr=1.223587e-05 | loss=0.693830 | k_vals=[1, 20, 1, 10, 100]
Epoch 010 | Step 17550 | lr=1.223587e-05 | loss=0.556626 | k_vals=[10, 1, 100, 100, 10]
[Epoch 10] K-value distribution: K=1:450138(20.0%) | K=10:450114(20.0%) | K=20:449711(20.0%) | K=50:450051(20.0%) | K=100:449986(20.0%)
epoch 010 | train_kld=0.605833 | val_kld=0.682900 | val_mae=0.005978 | val_mse=0.001583 | ord_acc@10=0.1858 | recall@10=0.5918
Saved epoch 1 batch metrics plot to input/Training_data/gist1M_learn/leafsize20K/H_dynamic_k_1_10_20_50_100_d256_L6_bs128_ep10_bilinear_kld/dynamic_k_1_10_20_50_100_d256_L6_bs128_ep10_bilinear_kld_epoch1_batch_metrics@10.png
Saved epoch metrics plot to input/Training_data/gist1M_learn/leafsize20K/H_dynamic_k_1_10_20_50_100_d256_L6_bs128_ep10_bilinear_kld/dynamic_k_1_10_20_50_100_d256_L6_bs128_ep10_bilinear_kld_epoch_metrics.png
best val_kld: 0.676274 at epoch 8
Training completed! Results saved to input/Training_data/gist1M_learn/leafsize20K/H_dynamic_k_1_10_20_50_100_d256_L6_bs128_ep10_bilinear_kld
