/home/xln/miniconda3/envs/elpis_torch/lib/python3.12/site-packages/torch/nn/modules/transformer.py:379: UserWarning: enable_nested_tensor is True, but self.use_nested_tensor is False because encoder_layer.norm_first was True
  warnings.warn(
Detected K=116, D=960
Using experiment ID: D
Epoch 001 | Batch 10 | val_kld=0.544247 | val_ordacc@10=0.036822 | val_recall@10=0.357563
Epoch 001 | Step 10 | lr=1.000000e-03 | loss=0.886041
Epoch 001 | Batch 20 | val_kld=0.348630 | val_ordacc@10=0.076323 | val_recall@10=0.573210
Epoch 001 | Step 20 | lr=1.000000e-03 | loss=0.405933
Epoch 001 | Batch 30 | val_kld=0.252245 | val_ordacc@10=0.121701 | val_recall@10=0.649547
Epoch 001 | Step 30 | lr=1.000000e-03 | loss=0.287071
Epoch 001 | Batch 40 | val_kld=0.192263 | val_ordacc@10=0.144059 | val_recall@10=0.703835
Epoch 001 | Step 40 | lr=1.000000e-03 | loss=0.217270
Epoch 001 | Batch 50 | val_kld=0.155881 | val_ordacc@10=0.175888 | val_recall@10=0.723681
Epoch 001 | Step 50 | lr=1.000000e-03 | loss=0.164935
Epoch 001 | Batch 60 | val_kld=0.133709 | val_ordacc@10=0.189019 | val_recall@10=0.743344
Epoch 001 | Step 60 | lr=1.000000e-03 | loss=0.154131
Epoch 001 | Batch 70 | val_kld=0.121573 | val_ordacc@10=0.197404 | val_recall@10=0.754096
Epoch 001 | Step 70 | lr=1.000000e-03 | loss=0.138198
Epoch 001 | Batch 80 | val_kld=0.108884 | val_ordacc@10=0.205044 | val_recall@10=0.761680
Epoch 001 | Step 80 | lr=1.000000e-03 | loss=0.124475
Epoch 001 | Batch 90 | val_kld=0.106160 | val_ordacc@10=0.211477 | val_recall@10=0.763411
Epoch 001 | Step 90 | lr=1.000000e-03 | loss=0.119276
Epoch 001 | Batch 100 | val_kld=0.097149 | val_ordacc@10=0.222866 | val_recall@10=0.767958
Epoch 001 | Step 100 | lr=1.000000e-03 | loss=0.113099
Epoch 001 | Batch 110 | val_kld=0.095118 | val_ordacc@10=0.218108 | val_recall@10=0.766823
Epoch 001 | Step 110 | lr=1.000000e-03 | loss=0.102552
Epoch 001 | Batch 120 | val_kld=0.088639 | val_ordacc@10=0.229931 | val_recall@10=0.774813
Epoch 001 | Step 120 | lr=1.000000e-03 | loss=0.094151
Epoch 001 | Batch 130 | val_kld=0.087299 | val_ordacc@10=0.229906 | val_recall@10=0.777038
Epoch 001 | Step 130 | lr=1.000000e-03 | loss=0.097587
Epoch 001 | Batch 140 | val_kld=0.079608 | val_ordacc@10=0.236657 | val_recall@10=0.782741
Epoch 001 | Step 140 | lr=1.000000e-03 | loss=0.085200
Epoch 001 | Batch 150 | val_kld=0.079215 | val_ordacc@10=0.234566 | val_recall@10=0.782950
Epoch 001 | Step 150 | lr=1.000000e-03 | loss=0.092113
Epoch 001 | Batch 160 | val_kld=0.075634 | val_ordacc@10=0.244470 | val_recall@10=0.786207
Epoch 001 | Step 160 | lr=1.000000e-03 | loss=0.086334
Epoch 001 | Batch 170 | val_kld=0.074802 | val_ordacc@10=0.241849 | val_recall@10=0.785399
Epoch 001 | Step 170 | lr=1.000000e-03 | loss=0.095815
Epoch 001 | Batch 180 | val_kld=0.072343 | val_ordacc@10=0.243295 | val_recall@10=0.790945
Epoch 001 | Step 180 | lr=1.000000e-03 | loss=0.078482
Epoch 001 | Batch 190 | val_kld=0.070043 | val_ordacc@10=0.248442 | val_recall@10=0.789074
Epoch 001 | Step 190 | lr=1.000000e-03 | loss=0.079828
Epoch 001 | Batch 200 | val_kld=0.074103 | val_ordacc@10=0.239556 | val_recall@10=0.783092
Epoch 001 | Step 200 | lr=1.000000e-03 | loss=0.076837
Epoch 001 | Batch 210 | val_kld=0.070436 | val_ordacc@10=0.247168 | val_recall@10=0.781785
Epoch 001 | Step 210 | lr=1.000000e-03 | loss=0.079261
Epoch 001 | Batch 220 | val_kld=0.068480 | val_ordacc@10=0.253209 | val_recall@10=0.794332
Epoch 001 | Step 220 | lr=1.000000e-03 | loss=0.076353
Epoch 001 | Batch 230 | val_kld=0.068037 | val_ordacc@10=0.249681 | val_recall@10=0.799999
Epoch 001 | Step 230 | lr=1.000000e-03 | loss=0.073531
Epoch 001 | Batch 240 | val_kld=0.064424 | val_ordacc@10=0.258108 | val_recall@10=0.796145
Epoch 001 | Step 240 | lr=1.000000e-03 | loss=0.071361
Epoch 001 | Batch 250 | val_kld=0.074095 | val_ordacc@10=0.237563 | val_recall@10=0.797486
Epoch 001 | Step 250 | lr=1.000000e-03 | loss=0.076256
Epoch 001 | Batch 260 | val_kld=0.065464 | val_ordacc@10=0.255972 | val_recall@10=0.795424
Epoch 001 | Step 260 | lr=1.000000e-03 | loss=0.070106
Epoch 001 | Batch 270 | val_kld=0.062408 | val_ordacc@10=0.261169 | val_recall@10=0.801152
Epoch 001 | Step 270 | lr=1.000000e-03 | loss=0.068447
Epoch 001 | Batch 280 | val_kld=0.062139 | val_ordacc@10=0.261591 | val_recall@10=0.796722
Epoch 001 | Step 280 | lr=1.000000e-03 | loss=0.071022
Epoch 001 | Batch 290 | val_kld=0.069850 | val_ordacc@10=0.233234 | val_recall@10=0.792243
Epoch 001 | Step 290 | lr=1.000000e-03 | loss=0.070014
Epoch 001 | Batch 300 | val_kld=0.065830 | val_ordacc@10=0.250808 | val_recall@10=0.797185
Epoch 001 | Step 300 | lr=1.000000e-03 | loss=0.066291
Epoch 001 | Batch 310 | val_kld=0.064640 | val_ordacc@10=0.254230 | val_recall@10=0.800102
Epoch 001 | Step 310 | lr=1.000000e-03 | loss=0.071525
Epoch 001 | Batch 320 | val_kld=0.062258 | val_ordacc@10=0.260504 | val_recall@10=0.806197
Epoch 001 | Step 320 | lr=1.000000e-03 | loss=0.067473
Epoch 001 | Batch 330 | val_kld=0.058123 | val_ordacc@10=0.267300 | val_recall@10=0.801997
Epoch 001 | Step 330 | lr=1.000000e-03 | loss=0.068119
Epoch 001 | Batch 340 | val_kld=0.059530 | val_ordacc@10=0.263652 | val_recall@10=0.802866
Epoch 001 | Step 340 | lr=1.000000e-03 | loss=0.069615
Epoch 001 | Batch 350 | val_kld=0.058351 | val_ordacc@10=0.268357 | val_recall@10=0.801024
Epoch 001 | Step 350 | lr=1.000000e-03 | loss=0.065970
Epoch 001 | Batch 360 | val_kld=0.058461 | val_ordacc@10=0.265204 | val_recall@10=0.797345
Epoch 001 | Step 360 | lr=1.000000e-03 | loss=0.068210
Epoch 001 | Batch 370 | val_kld=0.058263 | val_ordacc@10=0.266247 | val_recall@10=0.804332
Epoch 001 | Step 370 | lr=1.000000e-03 | loss=0.063055
Epoch 001 | Batch 380 | val_kld=0.058067 | val_ordacc@10=0.266197 | val_recall@10=0.798304
Epoch 001 | Step 380 | lr=1.000000e-03 | loss=0.062303
Epoch 001 | Batch 390 | val_kld=0.059513 | val_ordacc@10=0.261526 | val_recall@10=0.807628
Epoch 001 | Step 390 | lr=1.000000e-03 | loss=0.065437
Epoch 001 | Batch 400 | val_kld=0.059368 | val_ordacc@10=0.261531 | val_recall@10=0.802081
Epoch 001 | Step 400 | lr=1.000000e-03 | loss=0.065085
Epoch 001 | Batch 410 | val_kld=0.056374 | val_ordacc@10=0.268315 | val_recall@10=0.801744
Epoch 001 | Step 410 | lr=1.000000e-03 | loss=0.067491
Epoch 001 | Batch 420 | val_kld=0.056334 | val_ordacc@10=0.272797 | val_recall@10=0.803868
Epoch 001 | Step 420 | lr=1.000000e-03 | loss=0.067315
Epoch 001 | Batch 430 | val_kld=0.055619 | val_ordacc@10=0.273308 | val_recall@10=0.805625
Epoch 001 | Step 430 | lr=1.000000e-03 | loss=0.063321
Epoch 001 | Batch 440 | val_kld=0.059215 | val_ordacc@10=0.259479 | val_recall@10=0.793103
Epoch 001 | Step 440 | lr=1.000000e-03 | loss=0.061728
Epoch 001 | Batch 450 | val_kld=0.054654 | val_ordacc@10=0.271949 | val_recall@10=0.801185
Epoch 001 | Step 450 | lr=1.000000e-03 | loss=0.060220
Epoch 001 | Batch 460 | val_kld=0.054310 | val_ordacc@10=0.275571 | val_recall@10=0.806987
Epoch 001 | Step 460 | lr=1.000000e-03 | loss=0.058685
Epoch 001 | Batch 470 | val_kld=0.058304 | val_ordacc@10=0.264403 | val_recall@10=0.800943
Epoch 001 | Step 470 | lr=1.000000e-03 | loss=0.061624
Epoch 001 | Batch 480 | val_kld=0.059840 | val_ordacc@10=0.257167 | val_recall@10=0.799381
Epoch 001 | Step 480 | lr=1.000000e-03 | loss=0.061200
Epoch 001 | Batch 490 | val_kld=0.054546 | val_ordacc@10=0.276034 | val_recall@10=0.807897
Epoch 001 | Step 490 | lr=1.000000e-03 | loss=0.062758
Epoch 001 | Batch 500 | val_kld=0.054189 | val_ordacc@10=0.276791 | val_recall@10=0.809813
Epoch 001 | Step 500 | lr=1.000000e-03 | loss=0.058826
Epoch 001 | Batch 510 | val_kld=0.053239 | val_ordacc@10=0.277078 | val_recall@10=0.806806
Epoch 001 | Step 510 | lr=1.000000e-03 | loss=0.056367
Epoch 001 | Batch 520 | val_kld=0.054759 | val_ordacc@10=0.273340 | val_recall@10=0.804437
Epoch 001 | Step 520 | lr=1.000000e-03 | loss=0.055499
Epoch 001 | Batch 530 | val_kld=0.058790 | val_ordacc@10=0.258568 | val_recall@10=0.788192
Epoch 001 | Step 530 | lr=1.000000e-03 | loss=0.064751
Epoch 001 | Batch 540 | val_kld=0.056746 | val_ordacc@10=0.266970 | val_recall@10=0.808229
Epoch 001 | Step 540 | lr=1.000000e-03 | loss=0.061894
Epoch 001 | Batch 550 | val_kld=0.054030 | val_ordacc@10=0.275861 | val_recall@10=0.806421
Epoch 001 | Step 550 | lr=1.000000e-03 | loss=0.058994
Epoch 001 | Batch 560 | val_kld=0.055582 | val_ordacc@10=0.270046 | val_recall@10=0.802655
Epoch 001 | Step 560 | lr=1.000000e-03 | loss=0.056153
Epoch 001 | Batch 570 | val_kld=0.052163 | val_ordacc@10=0.278163 | val_recall@10=0.803623
Epoch 001 | Step 570 | lr=1.000000e-03 | loss=0.059941
Epoch 001 | Batch 580 | val_kld=0.051689 | val_ordacc@10=0.280978 | val_recall@10=0.807315
Epoch 001 | Step 580 | lr=1.000000e-03 | loss=0.055944
Epoch 001 | Batch 590 | val_kld=0.052987 | val_ordacc@10=0.277269 | val_recall@10=0.801212
Epoch 001 | Step 590 | lr=1.000000e-03 | loss=0.057682
Epoch 001 | Batch 600 | val_kld=0.051684 | val_ordacc@10=0.282916 | val_recall@10=0.805808
Epoch 001 | Step 600 | lr=1.000000e-03 | loss=0.058520
Epoch 001 | Batch 610 | val_kld=0.051836 | val_ordacc@10=0.282910 | val_recall@10=0.807378
Epoch 001 | Step 610 | lr=1.000000e-03 | loss=0.056251
Epoch 001 | Batch 620 | val_kld=0.051883 | val_ordacc@10=0.278671 | val_recall@10=0.809224
Epoch 001 | Step 620 | lr=1.000000e-03 | loss=0.058124
Epoch 001 | Batch 630 | val_kld=0.052524 | val_ordacc@10=0.278000 | val_recall@10=0.805872
Epoch 001 | Step 630 | lr=1.000000e-03 | loss=0.058843
Epoch 001 | Batch 640 | val_kld=0.052488 | val_ordacc@10=0.278632 | val_recall@10=0.806151
Epoch 001 | Step 640 | lr=1.000000e-03 | loss=0.057165
Epoch 001 | Batch 650 | val_kld=0.050972 | val_ordacc@10=0.282828 | val_recall@10=0.807961
Epoch 001 | Step 650 | lr=1.000000e-03 | loss=0.056729
Epoch 001 | Batch 660 | val_kld=0.052570 | val_ordacc@10=0.273480 | val_recall@10=0.799456
Epoch 001 | Step 660 | lr=1.000000e-03 | loss=0.058079
Epoch 001 | Batch 670 | val_kld=0.051948 | val_ordacc@10=0.276517 | val_recall@10=0.807834
Epoch 001 | Step 670 | lr=1.000000e-03 | loss=0.053606
Epoch 001 | Batch 680 | val_kld=0.051186 | val_ordacc@10=0.283418 | val_recall@10=0.807048
Epoch 001 | Step 680 | lr=1.000000e-03 | loss=0.055590
Epoch 001 | Batch 690 | val_kld=0.050621 | val_ordacc@10=0.285144 | val_recall@10=0.803783
Epoch 001 | Step 690 | lr=1.000000e-03 | loss=0.055703
Epoch 001 | Batch 700 | val_kld=0.050674 | val_ordacc@10=0.281598 | val_recall@10=0.811393
Epoch 001 | Step 700 | lr=1.000000e-03 | loss=0.055440
Epoch 001 | Batch 710 | val_kld=0.051369 | val_ordacc@10=0.280131 | val_recall@10=0.804775
Epoch 001 | Step 710 | lr=1.000000e-03 | loss=0.056734
Epoch 001 | Batch 720 | val_kld=0.049664 | val_ordacc@10=0.287113 | val_recall@10=0.810671
Epoch 001 | Step 720 | lr=1.000000e-03 | loss=0.055237
Epoch 001 | Batch 730 | val_kld=0.049735 | val_ordacc@10=0.283802 | val_recall@10=0.803764
Epoch 001 | Step 730 | lr=1.000000e-03 | loss=0.053900
Epoch 001 | Batch 740 | val_kld=0.051781 | val_ordacc@10=0.278530 | val_recall@10=0.807484
Epoch 001 | Step 740 | lr=1.000000e-03 | loss=0.058645
Epoch 001 | Batch 750 | val_kld=0.053019 | val_ordacc@10=0.279162 | val_recall@10=0.806738
Epoch 001 | Step 750 | lr=1.000000e-03 | loss=0.057814
Epoch 001 | Batch 760 | val_kld=0.051304 | val_ordacc@10=0.279660 | val_recall@10=0.805590
Epoch 001 | Step 760 | lr=1.000000e-03 | loss=0.055978
Epoch 001 | Batch 770 | val_kld=0.053093 | val_ordacc@10=0.274371 | val_recall@10=0.808185
Epoch 001 | Step 770 | lr=1.000000e-03 | loss=0.056798
Epoch 001 | Batch 780 | val_kld=0.050222 | val_ordacc@10=0.283317 | val_recall@10=0.803450
Epoch 001 | Step 780 | lr=1.000000e-03 | loss=0.056244
Epoch 001 | Batch 790 | val_kld=0.050986 | val_ordacc@10=0.277508 | val_recall@10=0.812776
Epoch 001 | Step 790 | lr=1.000000e-03 | loss=0.057327
Epoch 001 | Batch 800 | val_kld=0.049921 | val_ordacc@10=0.284371 | val_recall@10=0.803817
Epoch 001 | Step 800 | lr=1.000000e-03 | loss=0.058779
Epoch 001 | Batch 810 | val_kld=0.050448 | val_ordacc@10=0.279267 | val_recall@10=0.805029
Epoch 001 | Step 810 | lr=1.000000e-03 | loss=0.056430
Epoch 001 | Batch 820 | val_kld=0.050638 | val_ordacc@10=0.280112 | val_recall@10=0.806596
Epoch 001 | Step 820 | lr=1.000000e-03 | loss=0.052801
Epoch 001 | Batch 830 | val_kld=0.049854 | val_ordacc@10=0.283937 | val_recall@10=0.805238
Epoch 001 | Step 830 | lr=1.000000e-03 | loss=0.053758
Epoch 001 | Batch 840 | val_kld=0.050312 | val_ordacc@10=0.283597 | val_recall@10=0.807566
Epoch 001 | Step 840 | lr=1.000000e-03 | loss=0.056083
Epoch 001 | Batch 850 | val_kld=0.049460 | val_ordacc@10=0.286088 | val_recall@10=0.810983
Epoch 001 | Step 850 | lr=1.000000e-03 | loss=0.053939
Epoch 001 | Batch 860 | val_kld=0.049812 | val_ordacc@10=0.284447 | val_recall@10=0.812458
Epoch 001 | Step 860 | lr=1.000000e-03 | loss=0.055235
Epoch 001 | Batch 870 | val_kld=0.049521 | val_ordacc@10=0.285995 | val_recall@10=0.808638
Epoch 001 | Step 870 | lr=1.000000e-03 | loss=0.054042
Epoch 001 | Batch 880 | val_kld=0.048721 | val_ordacc@10=0.287987 | val_recall@10=0.805594
Epoch 001 | Step 880 | lr=1.000000e-03 | loss=0.052372
Epoch 001 | Batch 890 | val_kld=0.050030 | val_ordacc@10=0.283333 | val_recall@10=0.801734
Epoch 001 | Step 890 | lr=1.000000e-03 | loss=0.056065
Epoch 001 | Batch 900 | val_kld=0.048473 | val_ordacc@10=0.286609 | val_recall@10=0.809717
Epoch 001 | Step 900 | lr=1.000000e-03 | loss=0.053418
Epoch 001 | Batch 910 | val_kld=0.050571 | val_ordacc@10=0.279530 | val_recall@10=0.803731
Epoch 001 | Step 910 | lr=1.000000e-03 | loss=0.053154
Epoch 001 | Batch 920 | val_kld=0.049416 | val_ordacc@10=0.287067 | val_recall@10=0.811814
Epoch 001 | Step 920 | lr=1.000000e-03 | loss=0.055770
Epoch 001 | Batch 930 | val_kld=0.049308 | val_ordacc@10=0.282922 | val_recall@10=0.809408
Epoch 001 | Step 930 | lr=1.000000e-03 | loss=0.053774
Epoch 001 | Batch 940 | val_kld=0.048605 | val_ordacc@10=0.287211 | val_recall@10=0.810104
Epoch 001 | Step 940 | lr=1.000000e-03 | loss=0.052094
Epoch 001 | Batch 950 | val_kld=0.047315 | val_ordacc@10=0.293071 | val_recall@10=0.812037
Epoch 001 | Step 950 | lr=1.000000e-03 | loss=0.053698
Epoch 001 | Batch 960 | val_kld=0.047717 | val_ordacc@10=0.290906 | val_recall@10=0.809761
Epoch 001 | Step 960 | lr=1.000000e-03 | loss=0.053169
epoch 001 | train_kld=0.096439 | val_kld=0.047606 | val_mae=0.003062 | val_mse=0.000119 | ord_acc@10=0.2899 | recall@10=0.8087
Epoch 002 | Step 10 | lr=9.938442e-04 | loss=0.051691
Epoch 002 | Step 20 | lr=9.938442e-04 | loss=0.052939
Epoch 002 | Step 30 | lr=9.938442e-04 | loss=0.050480
Epoch 002 | Step 40 | lr=9.938442e-04 | loss=0.053245
Epoch 002 | Step 50 | lr=9.938442e-04 | loss=0.051551
Epoch 002 | Step 60 | lr=9.938442e-04 | loss=0.053299
Epoch 002 | Step 70 | lr=9.938442e-04 | loss=0.053165
Epoch 002 | Step 80 | lr=9.938442e-04 | loss=0.050419
Epoch 002 | Step 90 | lr=9.938442e-04 | loss=0.051178
Epoch 002 | Step 100 | lr=9.938442e-04 | loss=0.053523
Epoch 002 | Step 110 | lr=9.938442e-04 | loss=0.055768
Epoch 002 | Step 120 | lr=9.938442e-04 | loss=0.052498
Epoch 002 | Step 130 | lr=9.938442e-04 | loss=0.054336
Epoch 002 | Step 140 | lr=9.938442e-04 | loss=0.050996
Epoch 002 | Step 150 | lr=9.938442e-04 | loss=0.050959
Epoch 002 | Step 160 | lr=9.938442e-04 | loss=0.054569
Epoch 002 | Step 170 | lr=9.938442e-04 | loss=0.053347
Epoch 002 | Step 180 | lr=9.938442e-04 | loss=0.054490
Epoch 002 | Step 190 | lr=9.938442e-04 | loss=0.051537
Epoch 002 | Step 200 | lr=9.938442e-04 | loss=0.050748
Epoch 002 | Step 210 | lr=9.938442e-04 | loss=0.052252
Epoch 002 | Step 220 | lr=9.938442e-04 | loss=0.052124
Epoch 002 | Step 230 | lr=9.938442e-04 | loss=0.051852
Epoch 002 | Step 240 | lr=9.938442e-04 | loss=0.051275
Epoch 002 | Step 250 | lr=9.938442e-04 | loss=0.053878
Epoch 002 | Step 260 | lr=9.938442e-04 | loss=0.051085
Epoch 002 | Step 270 | lr=9.938442e-04 | loss=0.051655
Epoch 002 | Step 280 | lr=9.938442e-04 | loss=0.051547
Epoch 002 | Step 290 | lr=9.938442e-04 | loss=0.050761
Epoch 002 | Step 300 | lr=9.938442e-04 | loss=0.048817
Epoch 002 | Step 310 | lr=9.938442e-04 | loss=0.050352
Epoch 002 | Step 320 | lr=9.938442e-04 | loss=0.051767
Epoch 002 | Step 330 | lr=9.938442e-04 | loss=0.052241
Epoch 002 | Step 340 | lr=9.938442e-04 | loss=0.051863
Epoch 002 | Step 350 | lr=9.938442e-04 | loss=0.050174
Epoch 002 | Step 360 | lr=9.938442e-04 | loss=0.051711
Epoch 002 | Step 370 | lr=9.938442e-04 | loss=0.051555
Epoch 002 | Step 380 | lr=9.938442e-04 | loss=0.052066
Epoch 002 | Step 390 | lr=9.938442e-04 | loss=0.051689
Epoch 002 | Step 400 | lr=9.938442e-04 | loss=0.049083
Epoch 002 | Step 410 | lr=9.938442e-04 | loss=0.048924
Epoch 002 | Step 420 | lr=9.938442e-04 | loss=0.049618
Epoch 002 | Step 430 | lr=9.938442e-04 | loss=0.051954
Epoch 002 | Step 440 | lr=9.938442e-04 | loss=0.051252
Epoch 002 | Step 450 | lr=9.938442e-04 | loss=0.053870
Epoch 002 | Step 460 | lr=9.938442e-04 | loss=0.051800
Epoch 002 | Step 470 | lr=9.938442e-04 | loss=0.050624
Epoch 002 | Step 480 | lr=9.938442e-04 | loss=0.052031
Epoch 002 | Step 490 | lr=9.938442e-04 | loss=0.049163
Epoch 002 | Step 500 | lr=9.938442e-04 | loss=0.049070
Epoch 002 | Step 510 | lr=9.938442e-04 | loss=0.049990
Epoch 002 | Step 520 | lr=9.938442e-04 | loss=0.052247
Epoch 002 | Step 530 | lr=9.938442e-04 | loss=0.050537
Epoch 002 | Step 540 | lr=9.938442e-04 | loss=0.047648
Epoch 002 | Step 550 | lr=9.938442e-04 | loss=0.050938
Epoch 002 | Step 560 | lr=9.938442e-04 | loss=0.052752
Epoch 002 | Step 570 | lr=9.938442e-04 | loss=0.050827
Epoch 002 | Step 580 | lr=9.938442e-04 | loss=0.050802
Epoch 002 | Step 590 | lr=9.938442e-04 | loss=0.049278
Epoch 002 | Step 600 | lr=9.938442e-04 | loss=0.049261
Epoch 002 | Step 610 | lr=9.938442e-04 | loss=0.047382
Epoch 002 | Step 620 | lr=9.938442e-04 | loss=0.051602
Epoch 002 | Step 630 | lr=9.938442e-04 | loss=0.048730
Epoch 002 | Step 640 | lr=9.938442e-04 | loss=0.051391
Epoch 002 | Step 650 | lr=9.938442e-04 | loss=0.048857
Epoch 002 | Step 660 | lr=9.938442e-04 | loss=0.048357
Epoch 002 | Step 670 | lr=9.938442e-04 | loss=0.051454
Epoch 002 | Step 680 | lr=9.938442e-04 | loss=0.049774
Epoch 002 | Step 690 | lr=9.938442e-04 | loss=0.049542
Epoch 002 | Step 700 | lr=9.938442e-04 | loss=0.049116
Epoch 002 | Step 710 | lr=9.938442e-04 | loss=0.050898
Epoch 002 | Step 720 | lr=9.938442e-04 | loss=0.049721
Epoch 002 | Step 730 | lr=9.938442e-04 | loss=0.049771
Epoch 002 | Step 740 | lr=9.938442e-04 | loss=0.050852
Epoch 002 | Step 750 | lr=9.938442e-04 | loss=0.049130
Epoch 002 | Step 760 | lr=9.938442e-04 | loss=0.048722
Epoch 002 | Step 770 | lr=9.938442e-04 | loss=0.052019
Epoch 002 | Step 780 | lr=9.938442e-04 | loss=0.051567
Epoch 002 | Step 790 | lr=9.938442e-04 | loss=0.046725
Epoch 002 | Step 800 | lr=9.938442e-04 | loss=0.049728
Epoch 002 | Step 810 | lr=9.938442e-04 | loss=0.047971
Epoch 002 | Step 820 | lr=9.938442e-04 | loss=0.048291
Epoch 002 | Step 830 | lr=9.938442e-04 | loss=0.050797
Epoch 002 | Step 840 | lr=9.938442e-04 | loss=0.046570
Epoch 002 | Step 850 | lr=9.938442e-04 | loss=0.050277
Epoch 002 | Step 860 | lr=9.938442e-04 | loss=0.047805
Epoch 002 | Step 870 | lr=9.938442e-04 | loss=0.050552
Epoch 002 | Step 880 | lr=9.938442e-04 | loss=0.051074
Epoch 002 | Step 890 | lr=9.938442e-04 | loss=0.047547
Epoch 002 | Step 900 | lr=9.938442e-04 | loss=0.050907
Epoch 002 | Step 910 | lr=9.938442e-04 | loss=0.047998
Epoch 002 | Step 920 | lr=9.938442e-04 | loss=0.050197
Epoch 002 | Step 930 | lr=9.938442e-04 | loss=0.049199
Epoch 002 | Step 940 | lr=9.938442e-04 | loss=0.049670
Epoch 002 | Step 950 | lr=9.938442e-04 | loss=0.048377
Epoch 002 | Step 960 | lr=9.938442e-04 | loss=0.046909
epoch 002 | train_kld=0.050649 | val_kld=0.044666 | val_mae=0.002933 | val_mse=0.000109 | ord_acc@10=0.2958 | recall@10=0.8091
Epoch 003 | Step 10 | lr=9.755283e-04 | loss=0.046215
Epoch 003 | Step 20 | lr=9.755283e-04 | loss=0.048630
Epoch 003 | Step 30 | lr=9.755283e-04 | loss=0.048897
Epoch 003 | Step 40 | lr=9.755283e-04 | loss=0.047123
Epoch 003 | Step 50 | lr=9.755283e-04 | loss=0.047326
Epoch 003 | Step 60 | lr=9.755283e-04 | loss=0.047479
Epoch 003 | Step 70 | lr=9.755283e-04 | loss=0.046155
Epoch 003 | Step 80 | lr=9.755283e-04 | loss=0.048402
Epoch 003 | Step 90 | lr=9.755283e-04 | loss=0.047960
Epoch 003 | Step 100 | lr=9.755283e-04 | loss=0.049669
Epoch 003 | Step 110 | lr=9.755283e-04 | loss=0.047155
Epoch 003 | Step 120 | lr=9.755283e-04 | loss=0.048498
Epoch 003 | Step 130 | lr=9.755283e-04 | loss=0.050587
Epoch 003 | Step 140 | lr=9.755283e-04 | loss=0.049281
Epoch 003 | Step 150 | lr=9.755283e-04 | loss=0.047119
Epoch 003 | Step 160 | lr=9.755283e-04 | loss=0.046690
Epoch 003 | Step 170 | lr=9.755283e-04 | loss=0.050190
Epoch 003 | Step 180 | lr=9.755283e-04 | loss=0.049668
Epoch 003 | Step 190 | lr=9.755283e-04 | loss=0.048168
Epoch 003 | Step 200 | lr=9.755283e-04 | loss=0.047241
Epoch 003 | Step 210 | lr=9.755283e-04 | loss=0.045582
Epoch 003 | Step 220 | lr=9.755283e-04 | loss=0.048481
Epoch 003 | Step 230 | lr=9.755283e-04 | loss=0.045743
Epoch 003 | Step 240 | lr=9.755283e-04 | loss=0.046324
Epoch 003 | Step 250 | lr=9.755283e-04 | loss=0.047718
Epoch 003 | Step 260 | lr=9.755283e-04 | loss=0.049093
Epoch 003 | Step 270 | lr=9.755283e-04 | loss=0.048999
Epoch 003 | Step 280 | lr=9.755283e-04 | loss=0.051344
Epoch 003 | Step 290 | lr=9.755283e-04 | loss=0.047219
Epoch 003 | Step 300 | lr=9.755283e-04 | loss=0.049295
Epoch 003 | Step 310 | lr=9.755283e-04 | loss=0.046080
Epoch 003 | Step 320 | lr=9.755283e-04 | loss=0.045305
Epoch 003 | Step 330 | lr=9.755283e-04 | loss=0.047425
Epoch 003 | Step 340 | lr=9.755283e-04 | loss=0.047076
Epoch 003 | Step 350 | lr=9.755283e-04 | loss=0.045960
Epoch 003 | Step 360 | lr=9.755283e-04 | loss=0.047393
Epoch 003 | Step 370 | lr=9.755283e-04 | loss=0.045651
Epoch 003 | Step 380 | lr=9.755283e-04 | loss=0.045482
Epoch 003 | Step 390 | lr=9.755283e-04 | loss=0.048283
Epoch 003 | Step 400 | lr=9.755283e-04 | loss=0.046907
Epoch 003 | Step 410 | lr=9.755283e-04 | loss=0.047431
Epoch 003 | Step 420 | lr=9.755283e-04 | loss=0.048084
Epoch 003 | Step 430 | lr=9.755283e-04 | loss=0.046148
Epoch 003 | Step 440 | lr=9.755283e-04 | loss=0.047997
Epoch 003 | Step 450 | lr=9.755283e-04 | loss=0.046256
Epoch 003 | Step 460 | lr=9.755283e-04 | loss=0.045733
Epoch 003 | Step 470 | lr=9.755283e-04 | loss=0.046280
Epoch 003 | Step 480 | lr=9.755283e-04 | loss=0.046249
Epoch 003 | Step 490 | lr=9.755283e-04 | loss=0.046556
Epoch 003 | Step 500 | lr=9.755283e-04 | loss=0.046249
Epoch 003 | Step 510 | lr=9.755283e-04 | loss=0.047840
Epoch 003 | Step 520 | lr=9.755283e-04 | loss=0.046724
Epoch 003 | Step 530 | lr=9.755283e-04 | loss=0.047103
Epoch 003 | Step 540 | lr=9.755283e-04 | loss=0.045756
Epoch 003 | Step 550 | lr=9.755283e-04 | loss=0.046943
Epoch 003 | Step 560 | lr=9.755283e-04 | loss=0.048259
Epoch 003 | Step 570 | lr=9.755283e-04 | loss=0.046628
Epoch 003 | Step 580 | lr=9.755283e-04 | loss=0.047872
Epoch 003 | Step 590 | lr=9.755283e-04 | loss=0.045883
Epoch 003 | Step 600 | lr=9.755283e-04 | loss=0.045467
Epoch 003 | Step 610 | lr=9.755283e-04 | loss=0.046580
Epoch 003 | Step 620 | lr=9.755283e-04 | loss=0.046010
Epoch 003 | Step 630 | lr=9.755283e-04 | loss=0.046152
Epoch 003 | Step 640 | lr=9.755283e-04 | loss=0.046956
Epoch 003 | Step 650 | lr=9.755283e-04 | loss=0.047771
Epoch 003 | Step 660 | lr=9.755283e-04 | loss=0.044973
Epoch 003 | Step 670 | lr=9.755283e-04 | loss=0.043162
Epoch 003 | Step 680 | lr=9.755283e-04 | loss=0.047202
Epoch 003 | Step 690 | lr=9.755283e-04 | loss=0.046275
Epoch 003 | Step 700 | lr=9.755283e-04 | loss=0.047783
Epoch 003 | Step 710 | lr=9.755283e-04 | loss=0.047681
Epoch 003 | Step 720 | lr=9.755283e-04 | loss=0.047310
Epoch 003 | Step 730 | lr=9.755283e-04 | loss=0.045875
Epoch 003 | Step 740 | lr=9.755283e-04 | loss=0.044684
Epoch 003 | Step 750 | lr=9.755283e-04 | loss=0.049614
Epoch 003 | Step 760 | lr=9.755283e-04 | loss=0.046200
Epoch 003 | Step 770 | lr=9.755283e-04 | loss=0.046923
Epoch 003 | Step 780 | lr=9.755283e-04 | loss=0.047083
Epoch 003 | Step 790 | lr=9.755283e-04 | loss=0.046631
Epoch 003 | Step 800 | lr=9.755283e-04 | loss=0.046190
Epoch 003 | Step 810 | lr=9.755283e-04 | loss=0.046685
Epoch 003 | Step 820 | lr=9.755283e-04 | loss=0.045392
Epoch 003 | Step 830 | lr=9.755283e-04 | loss=0.045059
Epoch 003 | Step 840 | lr=9.755283e-04 | loss=0.047656
Epoch 003 | Step 850 | lr=9.755283e-04 | loss=0.046880
Epoch 003 | Step 860 | lr=9.755283e-04 | loss=0.045163
Epoch 003 | Step 870 | lr=9.755283e-04 | loss=0.046942
Epoch 003 | Step 880 | lr=9.755283e-04 | loss=0.046284
Epoch 003 | Step 890 | lr=9.755283e-04 | loss=0.045817
Epoch 003 | Step 900 | lr=9.755283e-04 | loss=0.043816
Epoch 003 | Step 910 | lr=9.755283e-04 | loss=0.047952
Epoch 003 | Step 920 | lr=9.755283e-04 | loss=0.044008
Epoch 003 | Step 930 | lr=9.755283e-04 | loss=0.046404
Epoch 003 | Step 940 | lr=9.755283e-04 | loss=0.046454
Epoch 003 | Step 950 | lr=9.755283e-04 | loss=0.048961
Epoch 003 | Step 960 | lr=9.755283e-04 | loss=0.045270
epoch 003 | train_kld=0.047324 | val_kld=0.043628 | val_mae=0.002898 | val_mse=0.000106 | ord_acc@10=0.3006 | recall@10=0.8196
Epoch 004 | Step 10 | lr=9.455033e-04 | loss=0.046340
Epoch 004 | Step 20 | lr=9.455033e-04 | loss=0.046215
Epoch 004 | Step 30 | lr=9.455033e-04 | loss=0.045901
Epoch 004 | Step 40 | lr=9.455033e-04 | loss=0.045691
Epoch 004 | Step 50 | lr=9.455033e-04 | loss=0.047843
Epoch 004 | Step 60 | lr=9.455033e-04 | loss=0.045994
Epoch 004 | Step 70 | lr=9.455033e-04 | loss=0.043877
Epoch 004 | Step 80 | lr=9.455033e-04 | loss=0.046325
Epoch 004 | Step 90 | lr=9.455033e-04 | loss=0.047572
Epoch 004 | Step 100 | lr=9.455033e-04 | loss=0.047189
Epoch 004 | Step 110 | lr=9.455033e-04 | loss=0.045600
Epoch 004 | Step 120 | lr=9.455033e-04 | loss=0.046075
Epoch 004 | Step 130 | lr=9.455033e-04 | loss=0.044892
Epoch 004 | Step 140 | lr=9.455033e-04 | loss=0.047583
Epoch 004 | Step 150 | lr=9.455033e-04 | loss=0.047640
Epoch 004 | Step 160 | lr=9.455033e-04 | loss=0.047565
Epoch 004 | Step 170 | lr=9.455033e-04 | loss=0.048200
Epoch 004 | Step 180 | lr=9.455033e-04 | loss=0.044184
Epoch 004 | Step 190 | lr=9.455033e-04 | loss=0.045138
Epoch 004 | Step 200 | lr=9.455033e-04 | loss=0.046734
Epoch 004 | Step 210 | lr=9.455033e-04 | loss=0.048421
Epoch 004 | Step 220 | lr=9.455033e-04 | loss=0.044812
Epoch 004 | Step 230 | lr=9.455033e-04 | loss=0.046419
Epoch 004 | Step 240 | lr=9.455033e-04 | loss=0.044150
Epoch 004 | Step 250 | lr=9.455033e-04 | loss=0.044134
Epoch 004 | Step 260 | lr=9.455033e-04 | loss=0.046464
Epoch 004 | Step 270 | lr=9.455033e-04 | loss=0.045943
Epoch 004 | Step 280 | lr=9.455033e-04 | loss=0.045668
Epoch 004 | Step 290 | lr=9.455033e-04 | loss=0.046295
Epoch 004 | Step 300 | lr=9.455033e-04 | loss=0.045708
Epoch 004 | Step 310 | lr=9.455033e-04 | loss=0.047096
Epoch 004 | Step 320 | lr=9.455033e-04 | loss=0.044467
Epoch 004 | Step 330 | lr=9.455033e-04 | loss=0.046438
Epoch 004 | Step 340 | lr=9.455033e-04 | loss=0.045469
Epoch 004 | Step 350 | lr=9.455033e-04 | loss=0.046445
Epoch 004 | Step 360 | lr=9.455033e-04 | loss=0.046806
Epoch 004 | Step 370 | lr=9.455033e-04 | loss=0.045689
Epoch 004 | Step 380 | lr=9.455033e-04 | loss=0.045593
Epoch 004 | Step 390 | lr=9.455033e-04 | loss=0.045378
Epoch 004 | Step 400 | lr=9.455033e-04 | loss=0.045786
Epoch 004 | Step 410 | lr=9.455033e-04 | loss=0.044702
Epoch 004 | Step 420 | lr=9.455033e-04 | loss=0.046227
Epoch 004 | Step 430 | lr=9.455033e-04 | loss=0.047848
Epoch 004 | Step 440 | lr=9.455033e-04 | loss=0.046630
Epoch 004 | Step 450 | lr=9.455033e-04 | loss=0.046328
Epoch 004 | Step 460 | lr=9.455033e-04 | loss=0.045900
Epoch 004 | Step 470 | lr=9.455033e-04 | loss=0.046044
Epoch 004 | Step 480 | lr=9.455033e-04 | loss=0.045387
Epoch 004 | Step 490 | lr=9.455033e-04 | loss=0.044434
Epoch 004 | Step 500 | lr=9.455033e-04 | loss=0.046938
Epoch 004 | Step 510 | lr=9.455033e-04 | loss=0.046332
Epoch 004 | Step 520 | lr=9.455033e-04 | loss=0.045404
Epoch 004 | Step 530 | lr=9.455033e-04 | loss=0.045270
Epoch 004 | Step 540 | lr=9.455033e-04 | loss=0.046617
Epoch 004 | Step 550 | lr=9.455033e-04 | loss=0.043702
Epoch 004 | Step 560 | lr=9.455033e-04 | loss=0.043916
Epoch 004 | Step 570 | lr=9.455033e-04 | loss=0.044888
Epoch 004 | Step 580 | lr=9.455033e-04 | loss=0.043623
Epoch 004 | Step 590 | lr=9.455033e-04 | loss=0.044103
Epoch 004 | Step 600 | lr=9.455033e-04 | loss=0.044328
Epoch 004 | Step 610 | lr=9.455033e-04 | loss=0.046974
Epoch 004 | Step 620 | lr=9.455033e-04 | loss=0.046568
Epoch 004 | Step 630 | lr=9.455033e-04 | loss=0.044888
Epoch 004 | Step 640 | lr=9.455033e-04 | loss=0.044708
Epoch 004 | Step 650 | lr=9.455033e-04 | loss=0.044681
Epoch 004 | Step 660 | lr=9.455033e-04 | loss=0.044701
Epoch 004 | Step 670 | lr=9.455033e-04 | loss=0.045561
Epoch 004 | Step 680 | lr=9.455033e-04 | loss=0.046551
Epoch 004 | Step 690 | lr=9.455033e-04 | loss=0.045314
Epoch 004 | Step 700 | lr=9.455033e-04 | loss=0.046112
Epoch 004 | Step 710 | lr=9.455033e-04 | loss=0.047004
Epoch 004 | Step 720 | lr=9.455033e-04 | loss=0.046468
Epoch 004 | Step 730 | lr=9.455033e-04 | loss=0.044954
Epoch 004 | Step 740 | lr=9.455033e-04 | loss=0.045066
Epoch 004 | Step 750 | lr=9.455033e-04 | loss=0.045144
Epoch 004 | Step 760 | lr=9.455033e-04 | loss=0.047931
Epoch 004 | Step 770 | lr=9.455033e-04 | loss=0.045140
Epoch 004 | Step 780 | lr=9.455033e-04 | loss=0.045125
Epoch 004 | Step 790 | lr=9.455033e-04 | loss=0.044398
Epoch 004 | Step 800 | lr=9.455033e-04 | loss=0.045822
Epoch 004 | Step 810 | lr=9.455033e-04 | loss=0.046697
Epoch 004 | Step 820 | lr=9.455033e-04 | loss=0.045908
Epoch 004 | Step 830 | lr=9.455033e-04 | loss=0.045389
Epoch 004 | Step 840 | lr=9.455033e-04 | loss=0.044226
Epoch 004 | Step 850 | lr=9.455033e-04 | loss=0.046230
Epoch 004 | Step 860 | lr=9.455033e-04 | loss=0.046261
Epoch 004 | Step 870 | lr=9.455033e-04 | loss=0.046199
Epoch 004 | Step 880 | lr=9.455033e-04 | loss=0.044010
Epoch 004 | Step 890 | lr=9.455033e-04 | loss=0.044055
Epoch 004 | Step 900 | lr=9.455033e-04 | loss=0.045865
Epoch 004 | Step 910 | lr=9.455033e-04 | loss=0.043346
Epoch 004 | Step 920 | lr=9.455033e-04 | loss=0.044442
Epoch 004 | Step 930 | lr=9.455033e-04 | loss=0.045419
Epoch 004 | Step 940 | lr=9.455033e-04 | loss=0.043974
Epoch 004 | Step 950 | lr=9.455033e-04 | loss=0.047806
Epoch 004 | Step 960 | lr=9.455033e-04 | loss=0.045191
epoch 004 | train_kld=0.045685 | val_kld=0.042537 | val_mae=0.002816 | val_mse=0.000100 | ord_acc@10=0.3055 | recall@10=0.8205
Epoch 005 | Step 10 | lr=9.045085e-04 | loss=0.045377
Epoch 005 | Step 20 | lr=9.045085e-04 | loss=0.045238
Epoch 005 | Step 30 | lr=9.045085e-04 | loss=0.043758
Epoch 005 | Step 40 | lr=9.045085e-04 | loss=0.045561
Epoch 005 | Step 50 | lr=9.045085e-04 | loss=0.044598
Epoch 005 | Step 60 | lr=9.045085e-04 | loss=0.044561
Epoch 005 | Step 70 | lr=9.045085e-04 | loss=0.045063
Epoch 005 | Step 80 | lr=9.045085e-04 | loss=0.043883
Epoch 005 | Step 90 | lr=9.045085e-04 | loss=0.044223
Epoch 005 | Step 100 | lr=9.045085e-04 | loss=0.044866
Epoch 005 | Step 110 | lr=9.045085e-04 | loss=0.044008
Epoch 005 | Step 120 | lr=9.045085e-04 | loss=0.045822
Epoch 005 | Step 130 | lr=9.045085e-04 | loss=0.045965
Epoch 005 | Step 140 | lr=9.045085e-04 | loss=0.044309
Epoch 005 | Step 150 | lr=9.045085e-04 | loss=0.044809
Epoch 005 | Step 160 | lr=9.045085e-04 | loss=0.045358
Epoch 005 | Step 170 | lr=9.045085e-04 | loss=0.046814
Epoch 005 | Step 180 | lr=9.045085e-04 | loss=0.045080
Epoch 005 | Step 190 | lr=9.045085e-04 | loss=0.045807
Epoch 005 | Step 200 | lr=9.045085e-04 | loss=0.044160
Epoch 005 | Step 210 | lr=9.045085e-04 | loss=0.045362
Epoch 005 | Step 220 | lr=9.045085e-04 | loss=0.045965
Epoch 005 | Step 230 | lr=9.045085e-04 | loss=0.044771
Epoch 005 | Step 240 | lr=9.045085e-04 | loss=0.044729
Epoch 005 | Step 250 | lr=9.045085e-04 | loss=0.043525
Epoch 005 | Step 260 | lr=9.045085e-04 | loss=0.044111
Epoch 005 | Step 270 | lr=9.045085e-04 | loss=0.044256
Epoch 005 | Step 280 | lr=9.045085e-04 | loss=0.042423
Epoch 005 | Step 290 | lr=9.045085e-04 | loss=0.042764
Epoch 005 | Step 300 | lr=9.045085e-04 | loss=0.045909
Epoch 005 | Step 310 | lr=9.045085e-04 | loss=0.044990
Epoch 005 | Step 320 | lr=9.045085e-04 | loss=0.044575
Epoch 005 | Step 330 | lr=9.045085e-04 | loss=0.045143
Epoch 005 | Step 340 | lr=9.045085e-04 | loss=0.045718
Epoch 005 | Step 350 | lr=9.045085e-04 | loss=0.044179
Epoch 005 | Step 360 | lr=9.045085e-04 | loss=0.045926
Epoch 005 | Step 370 | lr=9.045085e-04 | loss=0.046210
Epoch 005 | Step 380 | lr=9.045085e-04 | loss=0.045286
Epoch 005 | Step 390 | lr=9.045085e-04 | loss=0.043307
Epoch 005 | Step 400 | lr=9.045085e-04 | loss=0.045219
Epoch 005 | Step 410 | lr=9.045085e-04 | loss=0.045593
Epoch 005 | Step 420 | lr=9.045085e-04 | loss=0.045409
Epoch 005 | Step 430 | lr=9.045085e-04 | loss=0.044663
Epoch 005 | Step 440 | lr=9.045085e-04 | loss=0.043864
Epoch 005 | Step 450 | lr=9.045085e-04 | loss=0.043690
Epoch 005 | Step 460 | lr=9.045085e-04 | loss=0.043924
Epoch 005 | Step 470 | lr=9.045085e-04 | loss=0.047831
Epoch 005 | Step 480 | lr=9.045085e-04 | loss=0.044760
Epoch 005 | Step 490 | lr=9.045085e-04 | loss=0.043847
Epoch 005 | Step 500 | lr=9.045085e-04 | loss=0.043704
Epoch 005 | Step 510 | lr=9.045085e-04 | loss=0.044402
Epoch 005 | Step 520 | lr=9.045085e-04 | loss=0.043531
Epoch 005 | Step 530 | lr=9.045085e-04 | loss=0.045947
Epoch 005 | Step 540 | lr=9.045085e-04 | loss=0.045191
Epoch 005 | Step 550 | lr=9.045085e-04 | loss=0.044572
Epoch 005 | Step 560 | lr=9.045085e-04 | loss=0.046888
Epoch 005 | Step 570 | lr=9.045085e-04 | loss=0.044136
Epoch 005 | Step 580 | lr=9.045085e-04 | loss=0.045311
Epoch 005 | Step 590 | lr=9.045085e-04 | loss=0.044660
Epoch 005 | Step 600 | lr=9.045085e-04 | loss=0.044860
Epoch 005 | Step 610 | lr=9.045085e-04 | loss=0.043094
Epoch 005 | Step 620 | lr=9.045085e-04 | loss=0.045065
Epoch 005 | Step 630 | lr=9.045085e-04 | loss=0.042056
Epoch 005 | Step 640 | lr=9.045085e-04 | loss=0.044184
Epoch 005 | Step 650 | lr=9.045085e-04 | loss=0.046117
Epoch 005 | Step 660 | lr=9.045085e-04 | loss=0.046046
Epoch 005 | Step 670 | lr=9.045085e-04 | loss=0.043935
Epoch 005 | Step 680 | lr=9.045085e-04 | loss=0.045985
Epoch 005 | Step 690 | lr=9.045085e-04 | loss=0.044525
Epoch 005 | Step 700 | lr=9.045085e-04 | loss=0.045584
Epoch 005 | Step 710 | lr=9.045085e-04 | loss=0.044020
Epoch 005 | Step 720 | lr=9.045085e-04 | loss=0.044856
Epoch 005 | Step 730 | lr=9.045085e-04 | loss=0.045847
Epoch 005 | Step 740 | lr=9.045085e-04 | loss=0.045256
Epoch 005 | Step 750 | lr=9.045085e-04 | loss=0.042943
Epoch 005 | Step 760 | lr=9.045085e-04 | loss=0.043153
Epoch 005 | Step 770 | lr=9.045085e-04 | loss=0.044378
Epoch 005 | Step 780 | lr=9.045085e-04 | loss=0.045522
Epoch 005 | Step 790 | lr=9.045085e-04 | loss=0.045825
Epoch 005 | Step 800 | lr=9.045085e-04 | loss=0.044381
Epoch 005 | Step 810 | lr=9.045085e-04 | loss=0.044207
Epoch 005 | Step 820 | lr=9.045085e-04 | loss=0.043225
Epoch 005 | Step 830 | lr=9.045085e-04 | loss=0.044244
Epoch 005 | Step 840 | lr=9.045085e-04 | loss=0.043578
Epoch 005 | Step 850 | lr=9.045085e-04 | loss=0.044713
Epoch 005 | Step 860 | lr=9.045085e-04 | loss=0.043037
Epoch 005 | Step 870 | lr=9.045085e-04 | loss=0.048097
Epoch 005 | Step 880 | lr=9.045085e-04 | loss=0.042602
Epoch 005 | Step 890 | lr=9.045085e-04 | loss=0.044545
Epoch 005 | Step 900 | lr=9.045085e-04 | loss=0.043733
Epoch 005 | Step 910 | lr=9.045085e-04 | loss=0.044528
Epoch 005 | Step 920 | lr=9.045085e-04 | loss=0.042049
Epoch 005 | Step 930 | lr=9.045085e-04 | loss=0.043460
Epoch 005 | Step 940 | lr=9.045085e-04 | loss=0.043217
Epoch 005 | Step 950 | lr=9.045085e-04 | loss=0.041679
Epoch 005 | Step 960 | lr=9.045085e-04 | loss=0.044542
epoch 005 | train_kld=0.044530 | val_kld=0.041287 | val_mae=0.002803 | val_mse=0.000098 | ord_acc@10=0.3049 | recall@10=0.8161
Epoch 006 | Step 10 | lr=8.535534e-04 | loss=0.042558
Epoch 006 | Step 20 | lr=8.535534e-04 | loss=0.044319
Epoch 006 | Step 30 | lr=8.535534e-04 | loss=0.041725
Epoch 006 | Step 40 | lr=8.535534e-04 | loss=0.044645
Epoch 006 | Step 50 | lr=8.535534e-04 | loss=0.042638
Epoch 006 | Step 60 | lr=8.535534e-04 | loss=0.045747
Epoch 006 | Step 70 | lr=8.535534e-04 | loss=0.043247
Epoch 006 | Step 80 | lr=8.535534e-04 | loss=0.042446
Epoch 006 | Step 90 | lr=8.535534e-04 | loss=0.045506
Epoch 006 | Step 100 | lr=8.535534e-04 | loss=0.045520
Epoch 006 | Step 110 | lr=8.535534e-04 | loss=0.044124
Epoch 006 | Step 120 | lr=8.535534e-04 | loss=0.043212
Epoch 006 | Step 130 | lr=8.535534e-04 | loss=0.044063
Epoch 006 | Step 140 | lr=8.535534e-04 | loss=0.043896
Epoch 006 | Step 150 | lr=8.535534e-04 | loss=0.043342
Epoch 006 | Step 160 | lr=8.535534e-04 | loss=0.041123
Epoch 006 | Step 170 | lr=8.535534e-04 | loss=0.044139
Epoch 006 | Step 180 | lr=8.535534e-04 | loss=0.044427
Epoch 006 | Step 190 | lr=8.535534e-04 | loss=0.042322
Epoch 006 | Step 200 | lr=8.535534e-04 | loss=0.044309
Epoch 006 | Step 210 | lr=8.535534e-04 | loss=0.041917
Epoch 006 | Step 220 | lr=8.535534e-04 | loss=0.043626
Epoch 006 | Step 230 | lr=8.535534e-04 | loss=0.043796
Epoch 006 | Step 240 | lr=8.535534e-04 | loss=0.045335
Epoch 006 | Step 250 | lr=8.535534e-04 | loss=0.043530
Epoch 006 | Step 260 | lr=8.535534e-04 | loss=0.044732
Epoch 006 | Step 270 | lr=8.535534e-04 | loss=0.045651
Epoch 006 | Step 280 | lr=8.535534e-04 | loss=0.042088
Epoch 006 | Step 290 | lr=8.535534e-04 | loss=0.042944
Epoch 006 | Step 300 | lr=8.535534e-04 | loss=0.043716
Epoch 006 | Step 310 | lr=8.535534e-04 | loss=0.043164
Epoch 006 | Step 320 | lr=8.535534e-04 | loss=0.042211
Epoch 006 | Step 330 | lr=8.535534e-04 | loss=0.044618
Epoch 006 | Step 340 | lr=8.535534e-04 | loss=0.045384
Epoch 006 | Step 350 | lr=8.535534e-04 | loss=0.043176
Epoch 006 | Step 360 | lr=8.535534e-04 | loss=0.042392
Epoch 006 | Step 370 | lr=8.535534e-04 | loss=0.042052
Epoch 006 | Step 380 | lr=8.535534e-04 | loss=0.043152
Epoch 006 | Step 390 | lr=8.535534e-04 | loss=0.043997
Epoch 006 | Step 400 | lr=8.535534e-04 | loss=0.042748
Epoch 006 | Step 410 | lr=8.535534e-04 | loss=0.044932
Epoch 006 | Step 420 | lr=8.535534e-04 | loss=0.043089
Epoch 006 | Step 430 | lr=8.535534e-04 | loss=0.042454
Epoch 006 | Step 440 | lr=8.535534e-04 | loss=0.042240
Epoch 006 | Step 450 | lr=8.535534e-04 | loss=0.043115
Epoch 006 | Step 460 | lr=8.535534e-04 | loss=0.043381
Epoch 006 | Step 470 | lr=8.535534e-04 | loss=0.042279
Epoch 006 | Step 480 | lr=8.535534e-04 | loss=0.044513
Epoch 006 | Step 490 | lr=8.535534e-04 | loss=0.040068
Epoch 006 | Step 500 | lr=8.535534e-04 | loss=0.041631
Epoch 006 | Step 510 | lr=8.535534e-04 | loss=0.041883
Epoch 006 | Step 520 | lr=8.535534e-04 | loss=0.043152
Epoch 006 | Step 530 | lr=8.535534e-04 | loss=0.041926
Epoch 006 | Step 540 | lr=8.535534e-04 | loss=0.042514
Epoch 006 | Step 550 | lr=8.535534e-04 | loss=0.044415
Epoch 006 | Step 560 | lr=8.535534e-04 | loss=0.042934
Epoch 006 | Step 570 | lr=8.535534e-04 | loss=0.042587
Epoch 006 | Step 580 | lr=8.535534e-04 | loss=0.044643
Epoch 006 | Step 590 | lr=8.535534e-04 | loss=0.044534
Epoch 006 | Step 600 | lr=8.535534e-04 | loss=0.044911
Epoch 006 | Step 610 | lr=8.535534e-04 | loss=0.044860
Epoch 006 | Step 620 | lr=8.535534e-04 | loss=0.042798
Epoch 006 | Step 630 | lr=8.535534e-04 | loss=0.042503
Epoch 006 | Step 640 | lr=8.535534e-04 | loss=0.043506
Epoch 006 | Step 650 | lr=8.535534e-04 | loss=0.043966
Epoch 006 | Step 660 | lr=8.535534e-04 | loss=0.041718
Epoch 006 | Step 670 | lr=8.535534e-04 | loss=0.042890
Epoch 006 | Step 680 | lr=8.535534e-04 | loss=0.043547
Epoch 006 | Step 690 | lr=8.535534e-04 | loss=0.044127
Epoch 006 | Step 700 | lr=8.535534e-04 | loss=0.043784
Epoch 006 | Step 710 | lr=8.535534e-04 | loss=0.043756
Epoch 006 | Step 720 | lr=8.535534e-04 | loss=0.043509
Epoch 006 | Step 730 | lr=8.535534e-04 | loss=0.040874
Epoch 006 | Step 740 | lr=8.535534e-04 | loss=0.042252
Epoch 006 | Step 750 | lr=8.535534e-04 | loss=0.044704
Epoch 006 | Step 760 | lr=8.535534e-04 | loss=0.042241
Epoch 006 | Step 770 | lr=8.535534e-04 | loss=0.044408
Epoch 006 | Step 780 | lr=8.535534e-04 | loss=0.043375
Epoch 006 | Step 790 | lr=8.535534e-04 | loss=0.042758
Epoch 006 | Step 800 | lr=8.535534e-04 | loss=0.043809
Epoch 006 | Step 810 | lr=8.535534e-04 | loss=0.043747
Epoch 006 | Step 820 | lr=8.535534e-04 | loss=0.040150
Epoch 006 | Step 830 | lr=8.535534e-04 | loss=0.042074
Epoch 006 | Step 840 | lr=8.535534e-04 | loss=0.043404
Epoch 006 | Step 850 | lr=8.535534e-04 | loss=0.041994
Epoch 006 | Step 860 | lr=8.535534e-04 | loss=0.045056
Epoch 006 | Step 870 | lr=8.535534e-04 | loss=0.044597
Epoch 006 | Step 880 | lr=8.535534e-04 | loss=0.043700
Epoch 006 | Step 890 | lr=8.535534e-04 | loss=0.041646
Epoch 006 | Step 900 | lr=8.535534e-04 | loss=0.043678
Epoch 006 | Step 910 | lr=8.535534e-04 | loss=0.042231
Epoch 006 | Step 920 | lr=8.535534e-04 | loss=0.042464
Epoch 006 | Step 930 | lr=8.535534e-04 | loss=0.042458
Epoch 006 | Step 940 | lr=8.535534e-04 | loss=0.040640
Epoch 006 | Step 950 | lr=8.535534e-04 | loss=0.042311
Epoch 006 | Step 960 | lr=8.535534e-04 | loss=0.043178
epoch 006 | train_kld=0.043446 | val_kld=0.040914 | val_mae=0.002794 | val_mse=0.000094 | ord_acc@10=0.3080 | recall@10=0.8139
Epoch 007 | Step 10 | lr=7.938926e-04 | loss=0.044754
Epoch 007 | Step 20 | lr=7.938926e-04 | loss=0.044652
Epoch 007 | Step 30 | lr=7.938926e-04 | loss=0.042348
Epoch 007 | Step 40 | lr=7.938926e-04 | loss=0.040726
Epoch 007 | Step 50 | lr=7.938926e-04 | loss=0.042941
Epoch 007 | Step 60 | lr=7.938926e-04 | loss=0.045055
Epoch 007 | Step 70 | lr=7.938926e-04 | loss=0.041410
Epoch 007 | Step 80 | lr=7.938926e-04 | loss=0.042749
Epoch 007 | Step 90 | lr=7.938926e-04 | loss=0.042787
Epoch 007 | Step 100 | lr=7.938926e-04 | loss=0.041237
Epoch 007 | Step 110 | lr=7.938926e-04 | loss=0.041866
Epoch 007 | Step 120 | lr=7.938926e-04 | loss=0.045033
Epoch 007 | Step 130 | lr=7.938926e-04 | loss=0.043094
Epoch 007 | Step 140 | lr=7.938926e-04 | loss=0.042378
Epoch 007 | Step 150 | lr=7.938926e-04 | loss=0.043290
Epoch 007 | Step 160 | lr=7.938926e-04 | loss=0.042457
Epoch 007 | Step 170 | lr=7.938926e-04 | loss=0.043429
Epoch 007 | Step 180 | lr=7.938926e-04 | loss=0.040858
Epoch 007 | Step 190 | lr=7.938926e-04 | loss=0.042103
Epoch 007 | Step 200 | lr=7.938926e-04 | loss=0.042122
Epoch 007 | Step 210 | lr=7.938926e-04 | loss=0.043318
Epoch 007 | Step 220 | lr=7.938926e-04 | loss=0.044253
Epoch 007 | Step 230 | lr=7.938926e-04 | loss=0.039154
Epoch 007 | Step 240 | lr=7.938926e-04 | loss=0.042267
Epoch 007 | Step 250 | lr=7.938926e-04 | loss=0.042862
Epoch 007 | Step 260 | lr=7.938926e-04 | loss=0.044359
Epoch 007 | Step 270 | lr=7.938926e-04 | loss=0.041985
Epoch 007 | Step 280 | lr=7.938926e-04 | loss=0.042451
Epoch 007 | Step 290 | lr=7.938926e-04 | loss=0.042773
Epoch 007 | Step 300 | lr=7.938926e-04 | loss=0.044123
Epoch 007 | Step 310 | lr=7.938926e-04 | loss=0.042553
Epoch 007 | Step 320 | lr=7.938926e-04 | loss=0.044097
Epoch 007 | Step 330 | lr=7.938926e-04 | loss=0.042340
Epoch 007 | Step 340 | lr=7.938926e-04 | loss=0.044822
Epoch 007 | Step 350 | lr=7.938926e-04 | loss=0.041148
Epoch 007 | Step 360 | lr=7.938926e-04 | loss=0.041384
Epoch 007 | Step 370 | lr=7.938926e-04 | loss=0.041513
Epoch 007 | Step 380 | lr=7.938926e-04 | loss=0.042187
Epoch 007 | Step 390 | lr=7.938926e-04 | loss=0.043240
Epoch 007 | Step 400 | lr=7.938926e-04 | loss=0.044073
Epoch 007 | Step 410 | lr=7.938926e-04 | loss=0.043977
Epoch 007 | Step 420 | lr=7.938926e-04 | loss=0.041901
Epoch 007 | Step 430 | lr=7.938926e-04 | loss=0.043674
Epoch 007 | Step 440 | lr=7.938926e-04 | loss=0.044542
Epoch 007 | Step 450 | lr=7.938926e-04 | loss=0.041965
Epoch 007 | Step 460 | lr=7.938926e-04 | loss=0.042298
Epoch 007 | Step 470 | lr=7.938926e-04 | loss=0.040970
Epoch 007 | Step 480 | lr=7.938926e-04 | loss=0.043999
Epoch 007 | Step 490 | lr=7.938926e-04 | loss=0.040917
Epoch 007 | Step 500 | lr=7.938926e-04 | loss=0.042109
Epoch 007 | Step 510 | lr=7.938926e-04 | loss=0.044419
Epoch 007 | Step 520 | lr=7.938926e-04 | loss=0.041343
Epoch 007 | Step 530 | lr=7.938926e-04 | loss=0.041352
Epoch 007 | Step 540 | lr=7.938926e-04 | loss=0.041059
Epoch 007 | Step 550 | lr=7.938926e-04 | loss=0.041198
Epoch 007 | Step 560 | lr=7.938926e-04 | loss=0.043092
Epoch 007 | Step 570 | lr=7.938926e-04 | loss=0.042145
Epoch 007 | Step 580 | lr=7.938926e-04 | loss=0.040659
Epoch 007 | Step 590 | lr=7.938926e-04 | loss=0.040706
Epoch 007 | Step 600 | lr=7.938926e-04 | loss=0.039494
Epoch 007 | Step 610 | lr=7.938926e-04 | loss=0.043241
Epoch 007 | Step 620 | lr=7.938926e-04 | loss=0.042067
Epoch 007 | Step 630 | lr=7.938926e-04 | loss=0.041834
Epoch 007 | Step 640 | lr=7.938926e-04 | loss=0.040784
Epoch 007 | Step 650 | lr=7.938926e-04 | loss=0.042033
Epoch 007 | Step 660 | lr=7.938926e-04 | loss=0.041563
Epoch 007 | Step 670 | lr=7.938926e-04 | loss=0.042081
Epoch 007 | Step 680 | lr=7.938926e-04 | loss=0.044963
Epoch 007 | Step 690 | lr=7.938926e-04 | loss=0.040663
Epoch 007 | Step 700 | lr=7.938926e-04 | loss=0.041392
Epoch 007 | Step 710 | lr=7.938926e-04 | loss=0.041370
Epoch 007 | Step 720 | lr=7.938926e-04 | loss=0.041576
Epoch 007 | Step 730 | lr=7.938926e-04 | loss=0.041501
Epoch 007 | Step 740 | lr=7.938926e-04 | loss=0.044104
Epoch 007 | Step 750 | lr=7.938926e-04 | loss=0.042804
Epoch 007 | Step 760 | lr=7.938926e-04 | loss=0.044820
Epoch 007 | Step 770 | lr=7.938926e-04 | loss=0.041806
Epoch 007 | Step 780 | lr=7.938926e-04 | loss=0.041925
Epoch 007 | Step 790 | lr=7.938926e-04 | loss=0.043008
Epoch 007 | Step 800 | lr=7.938926e-04 | loss=0.041728
Epoch 007 | Step 810 | lr=7.938926e-04 | loss=0.038982
Epoch 007 | Step 820 | lr=7.938926e-04 | loss=0.041140
Epoch 007 | Step 830 | lr=7.938926e-04 | loss=0.042524
Epoch 007 | Step 840 | lr=7.938926e-04 | loss=0.043592
Epoch 007 | Step 850 | lr=7.938926e-04 | loss=0.042360
Epoch 007 | Step 860 | lr=7.938926e-04 | loss=0.042066
Epoch 007 | Step 870 | lr=7.938926e-04 | loss=0.044364
Epoch 007 | Step 880 | lr=7.938926e-04 | loss=0.042802
Epoch 007 | Step 890 | lr=7.938926e-04 | loss=0.043164
Epoch 007 | Step 900 | lr=7.938926e-04 | loss=0.043294
Epoch 007 | Step 910 | lr=7.938926e-04 | loss=0.043061
Epoch 007 | Step 920 | lr=7.938926e-04 | loss=0.042378
Epoch 007 | Step 930 | lr=7.938926e-04 | loss=0.042128
Epoch 007 | Step 940 | lr=7.938926e-04 | loss=0.041077
Epoch 007 | Step 950 | lr=7.938926e-04 | loss=0.042252
Epoch 007 | Step 960 | lr=7.938926e-04 | loss=0.042391
epoch 007 | train_kld=0.042638 | val_kld=0.040522 | val_mae=0.002782 | val_mse=0.000092 | ord_acc@10=0.3076 | recall@10=0.8197
Epoch 008 | Step 10 | lr=7.269952e-04 | loss=0.042462
Epoch 008 | Step 20 | lr=7.269952e-04 | loss=0.040965
Epoch 008 | Step 30 | lr=7.269952e-04 | loss=0.043225
Epoch 008 | Step 40 | lr=7.269952e-04 | loss=0.043958
Epoch 008 | Step 50 | lr=7.269952e-04 | loss=0.041786
Epoch 008 | Step 60 | lr=7.269952e-04 | loss=0.042739
Epoch 008 | Step 70 | lr=7.269952e-04 | loss=0.041249
Epoch 008 | Step 80 | lr=7.269952e-04 | loss=0.041742
Epoch 008 | Step 90 | lr=7.269952e-04 | loss=0.041507
Epoch 008 | Step 100 | lr=7.269952e-04 | loss=0.043352
Epoch 008 | Step 110 | lr=7.269952e-04 | loss=0.041285
Epoch 008 | Step 120 | lr=7.269952e-04 | loss=0.040755
Epoch 008 | Step 130 | lr=7.269952e-04 | loss=0.041914
Epoch 008 | Step 140 | lr=7.269952e-04 | loss=0.041402
Epoch 008 | Step 150 | lr=7.269952e-04 | loss=0.040680
Epoch 008 | Step 160 | lr=7.269952e-04 | loss=0.042169
Epoch 008 | Step 170 | lr=7.269952e-04 | loss=0.041637
Epoch 008 | Step 180 | lr=7.269952e-04 | loss=0.040802
Epoch 008 | Step 190 | lr=7.269952e-04 | loss=0.042499
Epoch 008 | Step 200 | lr=7.269952e-04 | loss=0.042890
Epoch 008 | Step 210 | lr=7.269952e-04 | loss=0.041884
Epoch 008 | Step 220 | lr=7.269952e-04 | loss=0.040199
Epoch 008 | Step 230 | lr=7.269952e-04 | loss=0.042043
Epoch 008 | Step 240 | lr=7.269952e-04 | loss=0.041261
Epoch 008 | Step 250 | lr=7.269952e-04 | loss=0.042092
Epoch 008 | Step 260 | lr=7.269952e-04 | loss=0.040263
Epoch 008 | Step 270 | lr=7.269952e-04 | loss=0.040113
Epoch 008 | Step 280 | lr=7.269952e-04 | loss=0.044142
Epoch 008 | Step 290 | lr=7.269952e-04 | loss=0.041927
Epoch 008 | Step 300 | lr=7.269952e-04 | loss=0.041400
Epoch 008 | Step 310 | lr=7.269952e-04 | loss=0.042482
Epoch 008 | Step 320 | lr=7.269952e-04 | loss=0.043150
Epoch 008 | Step 330 | lr=7.269952e-04 | loss=0.041108
Epoch 008 | Step 340 | lr=7.269952e-04 | loss=0.041971
Epoch 008 | Step 350 | lr=7.269952e-04 | loss=0.041953
Epoch 008 | Step 360 | lr=7.269952e-04 | loss=0.041570
Epoch 008 | Step 370 | lr=7.269952e-04 | loss=0.041170
Epoch 008 | Step 380 | lr=7.269952e-04 | loss=0.041572
Epoch 008 | Step 390 | lr=7.269952e-04 | loss=0.041281
Epoch 008 | Step 400 | lr=7.269952e-04 | loss=0.042658
Epoch 008 | Step 410 | lr=7.269952e-04 | loss=0.042646
Epoch 008 | Step 420 | lr=7.269952e-04 | loss=0.041470
Epoch 008 | Step 430 | lr=7.269952e-04 | loss=0.040415
Epoch 008 | Step 440 | lr=7.269952e-04 | loss=0.041270
Epoch 008 | Step 450 | lr=7.269952e-04 | loss=0.042831
Epoch 008 | Step 460 | lr=7.269952e-04 | loss=0.041224
Epoch 008 | Step 470 | lr=7.269952e-04 | loss=0.040537
Epoch 008 | Step 480 | lr=7.269952e-04 | loss=0.042197
Epoch 008 | Step 490 | lr=7.269952e-04 | loss=0.042665
Epoch 008 | Step 500 | lr=7.269952e-04 | loss=0.043537
Epoch 008 | Step 510 | lr=7.269952e-04 | loss=0.041557
Epoch 008 | Step 520 | lr=7.269952e-04 | loss=0.042886
Epoch 008 | Step 530 | lr=7.269952e-04 | loss=0.041368
Epoch 008 | Step 540 | lr=7.269952e-04 | loss=0.040302
Epoch 008 | Step 550 | lr=7.269952e-04 | loss=0.042424
Epoch 008 | Step 560 | lr=7.269952e-04 | loss=0.042063
Epoch 008 | Step 570 | lr=7.269952e-04 | loss=0.042038
Epoch 008 | Step 580 | lr=7.269952e-04 | loss=0.041021
Epoch 008 | Step 590 | lr=7.269952e-04 | loss=0.041724
Epoch 008 | Step 600 | lr=7.269952e-04 | loss=0.040831
Epoch 008 | Step 610 | lr=7.269952e-04 | loss=0.042071
Epoch 008 | Step 620 | lr=7.269952e-04 | loss=0.042837
Epoch 008 | Step 630 | lr=7.269952e-04 | loss=0.041263
Epoch 008 | Step 640 | lr=7.269952e-04 | loss=0.040804
Epoch 008 | Step 650 | lr=7.269952e-04 | loss=0.043130
Epoch 008 | Step 660 | lr=7.269952e-04 | loss=0.041498
Epoch 008 | Step 670 | lr=7.269952e-04 | loss=0.040613
Epoch 008 | Step 680 | lr=7.269952e-04 | loss=0.040906
Epoch 008 | Step 690 | lr=7.269952e-04 | loss=0.041329
Epoch 008 | Step 700 | lr=7.269952e-04 | loss=0.041183
Epoch 008 | Step 710 | lr=7.269952e-04 | loss=0.039931
Epoch 008 | Step 720 | lr=7.269952e-04 | loss=0.041811
Epoch 008 | Step 730 | lr=7.269952e-04 | loss=0.043301
Epoch 008 | Step 740 | lr=7.269952e-04 | loss=0.040596
Epoch 008 | Step 750 | lr=7.269952e-04 | loss=0.041616
Epoch 008 | Step 760 | lr=7.269952e-04 | loss=0.042340
Epoch 008 | Step 770 | lr=7.269952e-04 | loss=0.042037
Epoch 008 | Step 780 | lr=7.269952e-04 | loss=0.041148
Epoch 008 | Step 790 | lr=7.269952e-04 | loss=0.044356
Epoch 008 | Step 800 | lr=7.269952e-04 | loss=0.040455
Epoch 008 | Step 810 | lr=7.269952e-04 | loss=0.042061
Epoch 008 | Step 820 | lr=7.269952e-04 | loss=0.040958
Epoch 008 | Step 830 | lr=7.269952e-04 | loss=0.040626
Epoch 008 | Step 840 | lr=7.269952e-04 | loss=0.042080
Epoch 008 | Step 850 | lr=7.269952e-04 | loss=0.041387
Epoch 008 | Step 860 | lr=7.269952e-04 | loss=0.040710
Epoch 008 | Step 870 | lr=7.269952e-04 | loss=0.044686
Epoch 008 | Step 880 | lr=7.269952e-04 | loss=0.044232
Epoch 008 | Step 890 | lr=7.269952e-04 | loss=0.041441
Epoch 008 | Step 900 | lr=7.269952e-04 | loss=0.040931
Epoch 008 | Step 910 | lr=7.269952e-04 | loss=0.041302
Epoch 008 | Step 920 | lr=7.269952e-04 | loss=0.039198
Epoch 008 | Step 930 | lr=7.269952e-04 | loss=0.043533
Epoch 008 | Step 940 | lr=7.269952e-04 | loss=0.040988
Epoch 008 | Step 950 | lr=7.269952e-04 | loss=0.043030
Epoch 008 | Step 960 | lr=7.269952e-04 | loss=0.043776
epoch 008 | train_kld=0.041843 | val_kld=0.040416 | val_mae=0.002781 | val_mse=0.000093 | ord_acc@10=0.3104 | recall@10=0.8211
Epoch 009 | Step 10 | lr=6.545085e-04 | loss=0.044271
Epoch 009 | Step 20 | lr=6.545085e-04 | loss=0.041792
Epoch 009 | Step 30 | lr=6.545085e-04 | loss=0.041357
Epoch 009 | Step 40 | lr=6.545085e-04 | loss=0.040130
Epoch 009 | Step 50 | lr=6.545085e-04 | loss=0.043698
Epoch 009 | Step 60 | lr=6.545085e-04 | loss=0.041312
Epoch 009 | Step 70 | lr=6.545085e-04 | loss=0.040335
Epoch 009 | Step 80 | lr=6.545085e-04 | loss=0.040132
Epoch 009 | Step 90 | lr=6.545085e-04 | loss=0.041758
Epoch 009 | Step 100 | lr=6.545085e-04 | loss=0.040431
Epoch 009 | Step 110 | lr=6.545085e-04 | loss=0.040891
Epoch 009 | Step 120 | lr=6.545085e-04 | loss=0.040994
Epoch 009 | Step 130 | lr=6.545085e-04 | loss=0.041059
Epoch 009 | Step 140 | lr=6.545085e-04 | loss=0.041968
Epoch 009 | Step 150 | lr=6.545085e-04 | loss=0.040561
Epoch 009 | Step 160 | lr=6.545085e-04 | loss=0.042613
Epoch 009 | Step 170 | lr=6.545085e-04 | loss=0.040967
Epoch 009 | Step 180 | lr=6.545085e-04 | loss=0.041095
Epoch 009 | Step 190 | lr=6.545085e-04 | loss=0.040548
Epoch 009 | Step 200 | lr=6.545085e-04 | loss=0.041218
Epoch 009 | Step 210 | lr=6.545085e-04 | loss=0.041693
Epoch 009 | Step 220 | lr=6.545085e-04 | loss=0.040012
Epoch 009 | Step 230 | lr=6.545085e-04 | loss=0.040057
Epoch 009 | Step 240 | lr=6.545085e-04 | loss=0.042126
Epoch 009 | Step 250 | lr=6.545085e-04 | loss=0.041632
Epoch 009 | Step 260 | lr=6.545085e-04 | loss=0.041349
Epoch 009 | Step 270 | lr=6.545085e-04 | loss=0.040988
Epoch 009 | Step 280 | lr=6.545085e-04 | loss=0.040387
Epoch 009 | Step 290 | lr=6.545085e-04 | loss=0.041357
Epoch 009 | Step 300 | lr=6.545085e-04 | loss=0.041601
Epoch 009 | Step 310 | lr=6.545085e-04 | loss=0.041035
Epoch 009 | Step 320 | lr=6.545085e-04 | loss=0.040126
Epoch 009 | Step 330 | lr=6.545085e-04 | loss=0.041177
Epoch 009 | Step 340 | lr=6.545085e-04 | loss=0.042559
Epoch 009 | Step 350 | lr=6.545085e-04 | loss=0.041250
Epoch 009 | Step 360 | lr=6.545085e-04 | loss=0.043399
Epoch 009 | Step 370 | lr=6.545085e-04 | loss=0.040642
Epoch 009 | Step 380 | lr=6.545085e-04 | loss=0.038610
Epoch 009 | Step 390 | lr=6.545085e-04 | loss=0.041147
Epoch 009 | Step 400 | lr=6.545085e-04 | loss=0.041018
Epoch 009 | Step 410 | lr=6.545085e-04 | loss=0.041577
Epoch 009 | Step 420 | lr=6.545085e-04 | loss=0.040807
Epoch 009 | Step 430 | lr=6.545085e-04 | loss=0.042527
Epoch 009 | Step 440 | lr=6.545085e-04 | loss=0.042316
Epoch 009 | Step 450 | lr=6.545085e-04 | loss=0.039415
Epoch 009 | Step 460 | lr=6.545085e-04 | loss=0.039838
Epoch 009 | Step 470 | lr=6.545085e-04 | loss=0.040130
Epoch 009 | Step 480 | lr=6.545085e-04 | loss=0.041433
Epoch 009 | Step 490 | lr=6.545085e-04 | loss=0.041401
Epoch 009 | Step 500 | lr=6.545085e-04 | loss=0.042917
Epoch 009 | Step 510 | lr=6.545085e-04 | loss=0.043538
Epoch 009 | Step 520 | lr=6.545085e-04 | loss=0.040860
Epoch 009 | Step 530 | lr=6.545085e-04 | loss=0.040390
Epoch 009 | Step 540 | lr=6.545085e-04 | loss=0.040678
Epoch 009 | Step 550 | lr=6.545085e-04 | loss=0.040735
Epoch 009 | Step 560 | lr=6.545085e-04 | loss=0.041087
Epoch 009 | Step 570 | lr=6.545085e-04 | loss=0.040512
Epoch 009 | Step 580 | lr=6.545085e-04 | loss=0.038998
Epoch 009 | Step 590 | lr=6.545085e-04 | loss=0.041560
Epoch 009 | Step 600 | lr=6.545085e-04 | loss=0.040755
Epoch 009 | Step 610 | lr=6.545085e-04 | loss=0.041786
Epoch 009 | Step 620 | lr=6.545085e-04 | loss=0.041976
Epoch 009 | Step 630 | lr=6.545085e-04 | loss=0.038686
Epoch 009 | Step 640 | lr=6.545085e-04 | loss=0.042276
Epoch 009 | Step 650 | lr=6.545085e-04 | loss=0.040457
Epoch 009 | Step 660 | lr=6.545085e-04 | loss=0.039887
Epoch 009 | Step 670 | lr=6.545085e-04 | loss=0.040355
Epoch 009 | Step 680 | lr=6.545085e-04 | loss=0.040777
Epoch 009 | Step 690 | lr=6.545085e-04 | loss=0.042903
Epoch 009 | Step 700 | lr=6.545085e-04 | loss=0.042116
Epoch 009 | Step 710 | lr=6.545085e-04 | loss=0.043090
Epoch 009 | Step 720 | lr=6.545085e-04 | loss=0.043170
Epoch 009 | Step 730 | lr=6.545085e-04 | loss=0.040917
Epoch 009 | Step 740 | lr=6.545085e-04 | loss=0.042070
Epoch 009 | Step 750 | lr=6.545085e-04 | loss=0.038812
Epoch 009 | Step 760 | lr=6.545085e-04 | loss=0.041076
Epoch 009 | Step 770 | lr=6.545085e-04 | loss=0.039761
Epoch 009 | Step 780 | lr=6.545085e-04 | loss=0.040027
Epoch 009 | Step 790 | lr=6.545085e-04 | loss=0.041594
Epoch 009 | Step 800 | lr=6.545085e-04 | loss=0.040389
Epoch 009 | Step 810 | lr=6.545085e-04 | loss=0.039829
Epoch 009 | Step 820 | lr=6.545085e-04 | loss=0.040289
Epoch 009 | Step 830 | lr=6.545085e-04 | loss=0.039811
Epoch 009 | Step 840 | lr=6.545085e-04 | loss=0.038960
Epoch 009 | Step 850 | lr=6.545085e-04 | loss=0.040104
Epoch 009 | Step 860 | lr=6.545085e-04 | loss=0.039697
Epoch 009 | Step 870 | lr=6.545085e-04 | loss=0.041073
Epoch 009 | Step 880 | lr=6.545085e-04 | loss=0.041688
Epoch 009 | Step 890 | lr=6.545085e-04 | loss=0.043346
Epoch 009 | Step 900 | lr=6.545085e-04 | loss=0.041341
Epoch 009 | Step 910 | lr=6.545085e-04 | loss=0.039983
Epoch 009 | Step 920 | lr=6.545085e-04 | loss=0.041421
Epoch 009 | Step 930 | lr=6.545085e-04 | loss=0.040901
Epoch 009 | Step 940 | lr=6.545085e-04 | loss=0.041365
Epoch 009 | Step 950 | lr=6.545085e-04 | loss=0.041137
Epoch 009 | Step 960 | lr=6.545085e-04 | loss=0.040851
epoch 009 | train_kld=0.041095 | val_kld=0.039460 | val_mae=0.002738 | val_mse=0.000089 | ord_acc@10=0.3130 | recall@10=0.8103
Epoch 010 | Step 10 | lr=5.782172e-04 | loss=0.039983
Epoch 010 | Step 20 | lr=5.782172e-04 | loss=0.042317
Epoch 010 | Step 30 | lr=5.782172e-04 | loss=0.039207
Epoch 010 | Step 40 | lr=5.782172e-04 | loss=0.040891
Epoch 010 | Step 50 | lr=5.782172e-04 | loss=0.041517
Epoch 010 | Step 60 | lr=5.782172e-04 | loss=0.039864
Epoch 010 | Step 70 | lr=5.782172e-04 | loss=0.040477
Epoch 010 | Step 80 | lr=5.782172e-04 | loss=0.039600
Epoch 010 | Step 90 | lr=5.782172e-04 | loss=0.041166
Epoch 010 | Step 100 | lr=5.782172e-04 | loss=0.039451
Epoch 010 | Step 110 | lr=5.782172e-04 | loss=0.039818
Epoch 010 | Step 120 | lr=5.782172e-04 | loss=0.040800
Epoch 010 | Step 130 | lr=5.782172e-04 | loss=0.038934
Epoch 010 | Step 140 | lr=5.782172e-04 | loss=0.040415
Epoch 010 | Step 150 | lr=5.782172e-04 | loss=0.039412
Epoch 010 | Step 160 | lr=5.782172e-04 | loss=0.041477
Epoch 010 | Step 170 | lr=5.782172e-04 | loss=0.041129
Epoch 010 | Step 180 | lr=5.782172e-04 | loss=0.040573
Epoch 010 | Step 190 | lr=5.782172e-04 | loss=0.039033
Epoch 010 | Step 200 | lr=5.782172e-04 | loss=0.039799
Epoch 010 | Step 210 | lr=5.782172e-04 | loss=0.039687
Epoch 010 | Step 220 | lr=5.782172e-04 | loss=0.039638
Epoch 010 | Step 230 | lr=5.782172e-04 | loss=0.039694
Epoch 010 | Step 240 | lr=5.782172e-04 | loss=0.039816
Epoch 010 | Step 250 | lr=5.782172e-04 | loss=0.040298
Epoch 010 | Step 260 | lr=5.782172e-04 | loss=0.039112
Epoch 010 | Step 270 | lr=5.782172e-04 | loss=0.041613
Epoch 010 | Step 280 | lr=5.782172e-04 | loss=0.041031
Epoch 010 | Step 290 | lr=5.782172e-04 | loss=0.042177
Epoch 010 | Step 300 | lr=5.782172e-04 | loss=0.042687
Epoch 010 | Step 310 | lr=5.782172e-04 | loss=0.040554
Epoch 010 | Step 320 | lr=5.782172e-04 | loss=0.041859
Epoch 010 | Step 330 | lr=5.782172e-04 | loss=0.040903
Epoch 010 | Step 340 | lr=5.782172e-04 | loss=0.040714
Epoch 010 | Step 350 | lr=5.782172e-04 | loss=0.040201
Epoch 010 | Step 360 | lr=5.782172e-04 | loss=0.040768
Epoch 010 | Step 370 | lr=5.782172e-04 | loss=0.040010
Epoch 010 | Step 380 | lr=5.782172e-04 | loss=0.039228
Epoch 010 | Step 390 | lr=5.782172e-04 | loss=0.040802
Epoch 010 | Step 400 | lr=5.782172e-04 | loss=0.040418
Epoch 010 | Step 410 | lr=5.782172e-04 | loss=0.039653
Epoch 010 | Step 420 | lr=5.782172e-04 | loss=0.041464
Epoch 010 | Step 430 | lr=5.782172e-04 | loss=0.041030
Epoch 010 | Step 440 | lr=5.782172e-04 | loss=0.040223
Epoch 010 | Step 450 | lr=5.782172e-04 | loss=0.040915
Epoch 010 | Step 460 | lr=5.782172e-04 | loss=0.039141
Epoch 010 | Step 470 | lr=5.782172e-04 | loss=0.039688
Epoch 010 | Step 480 | lr=5.782172e-04 | loss=0.041457
Epoch 010 | Step 490 | lr=5.782172e-04 | loss=0.038779
Epoch 010 | Step 500 | lr=5.782172e-04 | loss=0.041265
Epoch 010 | Step 510 | lr=5.782172e-04 | loss=0.040543
Epoch 010 | Step 520 | lr=5.782172e-04 | loss=0.039295
Epoch 010 | Step 530 | lr=5.782172e-04 | loss=0.039093
Epoch 010 | Step 540 | lr=5.782172e-04 | loss=0.039862
Epoch 010 | Step 550 | lr=5.782172e-04 | loss=0.040298
Epoch 010 | Step 560 | lr=5.782172e-04 | loss=0.040422
Epoch 010 | Step 570 | lr=5.782172e-04 | loss=0.040250
Epoch 010 | Step 580 | lr=5.782172e-04 | loss=0.039635
Epoch 010 | Step 590 | lr=5.782172e-04 | loss=0.039778
Epoch 010 | Step 600 | lr=5.782172e-04 | loss=0.041185
Epoch 010 | Step 610 | lr=5.782172e-04 | loss=0.040354
Epoch 010 | Step 620 | lr=5.782172e-04 | loss=0.039696
Epoch 010 | Step 630 | lr=5.782172e-04 | loss=0.038903
Epoch 010 | Step 640 | lr=5.782172e-04 | loss=0.040113
Epoch 010 | Step 650 | lr=5.782172e-04 | loss=0.041524
Epoch 010 | Step 660 | lr=5.782172e-04 | loss=0.039979
Epoch 010 | Step 670 | lr=5.782172e-04 | loss=0.040678
Epoch 010 | Step 680 | lr=5.782172e-04 | loss=0.039412
Epoch 010 | Step 690 | lr=5.782172e-04 | loss=0.041674
Epoch 010 | Step 700 | lr=5.782172e-04 | loss=0.040995
Epoch 010 | Step 710 | lr=5.782172e-04 | loss=0.040434
Epoch 010 | Step 720 | lr=5.782172e-04 | loss=0.039850
Epoch 010 | Step 730 | lr=5.782172e-04 | loss=0.040998
Epoch 010 | Step 740 | lr=5.782172e-04 | loss=0.038167
Epoch 010 | Step 750 | lr=5.782172e-04 | loss=0.040924
Epoch 010 | Step 760 | lr=5.782172e-04 | loss=0.041760
Epoch 010 | Step 770 | lr=5.782172e-04 | loss=0.039950
Epoch 010 | Step 780 | lr=5.782172e-04 | loss=0.040202
Epoch 010 | Step 790 | lr=5.782172e-04 | loss=0.041175
Epoch 010 | Step 800 | lr=5.782172e-04 | loss=0.039717
Epoch 010 | Step 810 | lr=5.782172e-04 | loss=0.038068
Epoch 010 | Step 820 | lr=5.782172e-04 | loss=0.038781
Epoch 010 | Step 830 | lr=5.782172e-04 | loss=0.039571
Epoch 010 | Step 840 | lr=5.782172e-04 | loss=0.040234
Epoch 010 | Step 850 | lr=5.782172e-04 | loss=0.040676
Epoch 010 | Step 860 | lr=5.782172e-04 | loss=0.040367
Epoch 010 | Step 870 | lr=5.782172e-04 | loss=0.039723
Epoch 010 | Step 880 | lr=5.782172e-04 | loss=0.040761
Epoch 010 | Step 890 | lr=5.782172e-04 | loss=0.041243
Epoch 010 | Step 900 | lr=5.782172e-04 | loss=0.039857
Epoch 010 | Step 910 | lr=5.782172e-04 | loss=0.039655
Epoch 010 | Step 920 | lr=5.782172e-04 | loss=0.038247
Epoch 010 | Step 930 | lr=5.782172e-04 | loss=0.039708
Epoch 010 | Step 940 | lr=5.782172e-04 | loss=0.042820
Epoch 010 | Step 950 | lr=5.782172e-04 | loss=0.040317
Epoch 010 | Step 960 | lr=5.782172e-04 | loss=0.039989
epoch 010 | train_kld=0.040452 | val_kld=0.038949 | val_mae=0.002727 | val_mse=0.000087 | ord_acc@10=0.3188 | recall@10=0.8166
Epoch 011 | Step 10 | lr=5.000000e-04 | loss=0.039449
Epoch 011 | Step 20 | lr=5.000000e-04 | loss=0.039557
Epoch 011 | Step 30 | lr=5.000000e-04 | loss=0.039561
Epoch 011 | Step 40 | lr=5.000000e-04 | loss=0.041230
Epoch 011 | Step 50 | lr=5.000000e-04 | loss=0.040077
Epoch 011 | Step 60 | lr=5.000000e-04 | loss=0.038237
Epoch 011 | Step 70 | lr=5.000000e-04 | loss=0.040881
Epoch 011 | Step 80 | lr=5.000000e-04 | loss=0.039868
Epoch 011 | Step 90 | lr=5.000000e-04 | loss=0.040545
Epoch 011 | Step 100 | lr=5.000000e-04 | loss=0.042220
Epoch 011 | Step 110 | lr=5.000000e-04 | loss=0.039113
Epoch 011 | Step 120 | lr=5.000000e-04 | loss=0.039296
Epoch 011 | Step 130 | lr=5.000000e-04 | loss=0.040766
Epoch 011 | Step 140 | lr=5.000000e-04 | loss=0.038206
Epoch 011 | Step 150 | lr=5.000000e-04 | loss=0.039972
Epoch 011 | Step 160 | lr=5.000000e-04 | loss=0.042423
Epoch 011 | Step 170 | lr=5.000000e-04 | loss=0.038697
Epoch 011 | Step 180 | lr=5.000000e-04 | loss=0.039341
Epoch 011 | Step 190 | lr=5.000000e-04 | loss=0.040901
Epoch 011 | Step 200 | lr=5.000000e-04 | loss=0.039475
Epoch 011 | Step 210 | lr=5.000000e-04 | loss=0.038433
Epoch 011 | Step 220 | lr=5.000000e-04 | loss=0.041354
Epoch 011 | Step 230 | lr=5.000000e-04 | loss=0.041508
Epoch 011 | Step 240 | lr=5.000000e-04 | loss=0.041168
Epoch 011 | Step 250 | lr=5.000000e-04 | loss=0.041338
Epoch 011 | Step 260 | lr=5.000000e-04 | loss=0.038963
Epoch 011 | Step 270 | lr=5.000000e-04 | loss=0.039691
Epoch 011 | Step 280 | lr=5.000000e-04 | loss=0.039846
Epoch 011 | Step 290 | lr=5.000000e-04 | loss=0.040859
Epoch 011 | Step 300 | lr=5.000000e-04 | loss=0.040866
Epoch 011 | Step 310 | lr=5.000000e-04 | loss=0.039537
Epoch 011 | Step 320 | lr=5.000000e-04 | loss=0.039337
Epoch 011 | Step 330 | lr=5.000000e-04 | loss=0.039731
Epoch 011 | Step 340 | lr=5.000000e-04 | loss=0.040762
Epoch 011 | Step 350 | lr=5.000000e-04 | loss=0.040169
Epoch 011 | Step 360 | lr=5.000000e-04 | loss=0.039171
Epoch 011 | Step 370 | lr=5.000000e-04 | loss=0.038695
Epoch 011 | Step 380 | lr=5.000000e-04 | loss=0.037918
Epoch 011 | Step 390 | lr=5.000000e-04 | loss=0.040351
Epoch 011 | Step 400 | lr=5.000000e-04 | loss=0.040235
Epoch 011 | Step 410 | lr=5.000000e-04 | loss=0.039790
Epoch 011 | Step 420 | lr=5.000000e-04 | loss=0.039407
Epoch 011 | Step 430 | lr=5.000000e-04 | loss=0.039802
Epoch 011 | Step 440 | lr=5.000000e-04 | loss=0.040708
Epoch 011 | Step 450 | lr=5.000000e-04 | loss=0.038613
Epoch 011 | Step 460 | lr=5.000000e-04 | loss=0.038275
Epoch 011 | Step 470 | lr=5.000000e-04 | loss=0.042123
Epoch 011 | Step 480 | lr=5.000000e-04 | loss=0.039792
Epoch 011 | Step 490 | lr=5.000000e-04 | loss=0.040544
Epoch 011 | Step 500 | lr=5.000000e-04 | loss=0.039560
Epoch 011 | Step 510 | lr=5.000000e-04 | loss=0.040233
Epoch 011 | Step 520 | lr=5.000000e-04 | loss=0.039823
Epoch 011 | Step 530 | lr=5.000000e-04 | loss=0.041850
Epoch 011 | Step 540 | lr=5.000000e-04 | loss=0.038365
Epoch 011 | Step 550 | lr=5.000000e-04 | loss=0.037462
Epoch 011 | Step 560 | lr=5.000000e-04 | loss=0.039983
Epoch 011 | Step 570 | lr=5.000000e-04 | loss=0.038837
Epoch 011 | Step 580 | lr=5.000000e-04 | loss=0.040521
Epoch 011 | Step 590 | lr=5.000000e-04 | loss=0.041361
Epoch 011 | Step 600 | lr=5.000000e-04 | loss=0.040514
Epoch 011 | Step 610 | lr=5.000000e-04 | loss=0.040434
Epoch 011 | Step 620 | lr=5.000000e-04 | loss=0.040116
Epoch 011 | Step 630 | lr=5.000000e-04 | loss=0.039646
Epoch 011 | Step 640 | lr=5.000000e-04 | loss=0.040575
Epoch 011 | Step 650 | lr=5.000000e-04 | loss=0.040276
Epoch 011 | Step 660 | lr=5.000000e-04 | loss=0.037953
Epoch 011 | Step 670 | lr=5.000000e-04 | loss=0.039562
Epoch 011 | Step 680 | lr=5.000000e-04 | loss=0.039955
Epoch 011 | Step 690 | lr=5.000000e-04 | loss=0.040814
Epoch 011 | Step 700 | lr=5.000000e-04 | loss=0.039123
Epoch 011 | Step 710 | lr=5.000000e-04 | loss=0.039140
Epoch 011 | Step 720 | lr=5.000000e-04 | loss=0.039876
Epoch 011 | Step 730 | lr=5.000000e-04 | loss=0.039996
Epoch 011 | Step 740 | lr=5.000000e-04 | loss=0.038667
Epoch 011 | Step 750 | lr=5.000000e-04 | loss=0.039663
Epoch 011 | Step 760 | lr=5.000000e-04 | loss=0.040066
Epoch 011 | Step 770 | lr=5.000000e-04 | loss=0.037982
Epoch 011 | Step 780 | lr=5.000000e-04 | loss=0.040467
Epoch 011 | Step 790 | lr=5.000000e-04 | loss=0.040706
Epoch 011 | Step 800 | lr=5.000000e-04 | loss=0.040278
Epoch 011 | Step 810 | lr=5.000000e-04 | loss=0.039482
Epoch 011 | Step 820 | lr=5.000000e-04 | loss=0.040920
Epoch 011 | Step 830 | lr=5.000000e-04 | loss=0.039829
Epoch 011 | Step 840 | lr=5.000000e-04 | loss=0.039466
Epoch 011 | Step 850 | lr=5.000000e-04 | loss=0.041025
Epoch 011 | Step 860 | lr=5.000000e-04 | loss=0.039245
Epoch 011 | Step 870 | lr=5.000000e-04 | loss=0.038577
Epoch 011 | Step 880 | lr=5.000000e-04 | loss=0.041295
Epoch 011 | Step 890 | lr=5.000000e-04 | loss=0.038413
Epoch 011 | Step 900 | lr=5.000000e-04 | loss=0.039955
Epoch 011 | Step 910 | lr=5.000000e-04 | loss=0.040276
Epoch 011 | Step 920 | lr=5.000000e-04 | loss=0.042730
Epoch 011 | Step 930 | lr=5.000000e-04 | loss=0.039535
Epoch 011 | Step 940 | lr=5.000000e-04 | loss=0.040516
Epoch 011 | Step 950 | lr=5.000000e-04 | loss=0.039010
Epoch 011 | Step 960 | lr=5.000000e-04 | loss=0.040491
epoch 011 | train_kld=0.039799 | val_kld=0.038267 | val_mae=0.002639 | val_mse=0.000082 | ord_acc@10=0.3211 | recall@10=0.8175
Epoch 012 | Step 10 | lr=4.217828e-04 | loss=0.040218
Epoch 012 | Step 20 | lr=4.217828e-04 | loss=0.040063
Epoch 012 | Step 30 | lr=4.217828e-04 | loss=0.038868
Epoch 012 | Step 40 | lr=4.217828e-04 | loss=0.038257
Epoch 012 | Step 50 | lr=4.217828e-04 | loss=0.039994
Epoch 012 | Step 60 | lr=4.217828e-04 | loss=0.040563
Epoch 012 | Step 70 | lr=4.217828e-04 | loss=0.039196
Epoch 012 | Step 80 | lr=4.217828e-04 | loss=0.040277
Epoch 012 | Step 90 | lr=4.217828e-04 | loss=0.040058
Epoch 012 | Step 100 | lr=4.217828e-04 | loss=0.039310
Epoch 012 | Step 110 | lr=4.217828e-04 | loss=0.039163
Epoch 012 | Step 120 | lr=4.217828e-04 | loss=0.038755
Epoch 012 | Step 130 | lr=4.217828e-04 | loss=0.039810
Epoch 012 | Step 140 | lr=4.217828e-04 | loss=0.038931
Epoch 012 | Step 150 | lr=4.217828e-04 | loss=0.039525
Epoch 012 | Step 160 | lr=4.217828e-04 | loss=0.038315
Epoch 012 | Step 170 | lr=4.217828e-04 | loss=0.037608
Epoch 012 | Step 180 | lr=4.217828e-04 | loss=0.041712
Epoch 012 | Step 190 | lr=4.217828e-04 | loss=0.040625
Epoch 012 | Step 200 | lr=4.217828e-04 | loss=0.038029
Epoch 012 | Step 210 | lr=4.217828e-04 | loss=0.038639
Epoch 012 | Step 220 | lr=4.217828e-04 | loss=0.038618
Epoch 012 | Step 230 | lr=4.217828e-04 | loss=0.039265
Epoch 012 | Step 240 | lr=4.217828e-04 | loss=0.040263
Epoch 012 | Step 250 | lr=4.217828e-04 | loss=0.039963
Epoch 012 | Step 260 | lr=4.217828e-04 | loss=0.039358
Epoch 012 | Step 270 | lr=4.217828e-04 | loss=0.037379
Epoch 012 | Step 280 | lr=4.217828e-04 | loss=0.038716
Epoch 012 | Step 290 | lr=4.217828e-04 | loss=0.039516
Epoch 012 | Step 300 | lr=4.217828e-04 | loss=0.038312
Epoch 012 | Step 310 | lr=4.217828e-04 | loss=0.041048
Epoch 012 | Step 320 | lr=4.217828e-04 | loss=0.039447
Epoch 012 | Step 330 | lr=4.217828e-04 | loss=0.038327
Epoch 012 | Step 340 | lr=4.217828e-04 | loss=0.039910
Epoch 012 | Step 350 | lr=4.217828e-04 | loss=0.039221
Epoch 012 | Step 360 | lr=4.217828e-04 | loss=0.038894
Epoch 012 | Step 370 | lr=4.217828e-04 | loss=0.040985
Epoch 012 | Step 380 | lr=4.217828e-04 | loss=0.037831
Epoch 012 | Step 390 | lr=4.217828e-04 | loss=0.040886
Epoch 012 | Step 400 | lr=4.217828e-04 | loss=0.039208
Epoch 012 | Step 410 | lr=4.217828e-04 | loss=0.040677
Epoch 012 | Step 420 | lr=4.217828e-04 | loss=0.039056
Epoch 012 | Step 430 | lr=4.217828e-04 | loss=0.039512
Epoch 012 | Step 440 | lr=4.217828e-04 | loss=0.040152
Epoch 012 | Step 450 | lr=4.217828e-04 | loss=0.039634
Epoch 012 | Step 460 | lr=4.217828e-04 | loss=0.037588
Epoch 012 | Step 470 | lr=4.217828e-04 | loss=0.037682
Epoch 012 | Step 480 | lr=4.217828e-04 | loss=0.040762
Epoch 012 | Step 490 | lr=4.217828e-04 | loss=0.039534
Epoch 012 | Step 500 | lr=4.217828e-04 | loss=0.040294
Epoch 012 | Step 510 | lr=4.217828e-04 | loss=0.038489
Epoch 012 | Step 520 | lr=4.217828e-04 | loss=0.039943
Epoch 012 | Step 530 | lr=4.217828e-04 | loss=0.039693
Epoch 012 | Step 540 | lr=4.217828e-04 | loss=0.039730
Epoch 012 | Step 550 | lr=4.217828e-04 | loss=0.040699
Epoch 012 | Step 560 | lr=4.217828e-04 | loss=0.039467
Epoch 012 | Step 570 | lr=4.217828e-04 | loss=0.038399
Epoch 012 | Step 580 | lr=4.217828e-04 | loss=0.038529
Epoch 012 | Step 590 | lr=4.217828e-04 | loss=0.039798
Epoch 012 | Step 600 | lr=4.217828e-04 | loss=0.039009
Epoch 012 | Step 610 | lr=4.217828e-04 | loss=0.038894
Epoch 012 | Step 620 | lr=4.217828e-04 | loss=0.038410
Epoch 012 | Step 630 | lr=4.217828e-04 | loss=0.038844
Epoch 012 | Step 640 | lr=4.217828e-04 | loss=0.040089
Epoch 012 | Step 650 | lr=4.217828e-04 | loss=0.040224
Epoch 012 | Step 660 | lr=4.217828e-04 | loss=0.038567
Epoch 012 | Step 670 | lr=4.217828e-04 | loss=0.038736
Epoch 012 | Step 680 | lr=4.217828e-04 | loss=0.040910
Epoch 012 | Step 690 | lr=4.217828e-04 | loss=0.040491
Epoch 012 | Step 700 | lr=4.217828e-04 | loss=0.038932
Epoch 012 | Step 710 | lr=4.217828e-04 | loss=0.040117
Epoch 012 | Step 720 | lr=4.217828e-04 | loss=0.040635
Epoch 012 | Step 730 | lr=4.217828e-04 | loss=0.037961
Epoch 012 | Step 740 | lr=4.217828e-04 | loss=0.041295
Epoch 012 | Step 750 | lr=4.217828e-04 | loss=0.040256
Epoch 012 | Step 760 | lr=4.217828e-04 | loss=0.039578
Epoch 012 | Step 770 | lr=4.217828e-04 | loss=0.039248
Epoch 012 | Step 780 | lr=4.217828e-04 | loss=0.038281
Epoch 012 | Step 790 | lr=4.217828e-04 | loss=0.040056
Epoch 012 | Step 800 | lr=4.217828e-04 | loss=0.039112
Epoch 012 | Step 810 | lr=4.217828e-04 | loss=0.037960
Epoch 012 | Step 820 | lr=4.217828e-04 | loss=0.040549
Epoch 012 | Step 830 | lr=4.217828e-04 | loss=0.039558
Epoch 012 | Step 840 | lr=4.217828e-04 | loss=0.039032
Epoch 012 | Step 850 | lr=4.217828e-04 | loss=0.039794
Epoch 012 | Step 860 | lr=4.217828e-04 | loss=0.039713
Epoch 012 | Step 870 | lr=4.217828e-04 | loss=0.039589
Epoch 012 | Step 880 | lr=4.217828e-04 | loss=0.039420
Epoch 012 | Step 890 | lr=4.217828e-04 | loss=0.039232
Epoch 012 | Step 900 | lr=4.217828e-04 | loss=0.040020
Epoch 012 | Step 910 | lr=4.217828e-04 | loss=0.038934
Epoch 012 | Step 920 | lr=4.217828e-04 | loss=0.038601
Epoch 012 | Step 930 | lr=4.217828e-04 | loss=0.038258
Epoch 012 | Step 940 | lr=4.217828e-04 | loss=0.039179
Epoch 012 | Step 950 | lr=4.217828e-04 | loss=0.038966
Epoch 012 | Step 960 | lr=4.217828e-04 | loss=0.039388
epoch 012 | train_kld=0.039228 | val_kld=0.038165 | val_mae=0.002670 | val_mse=0.000083 | ord_acc@10=0.3184 | recall@10=0.8202
Epoch 013 | Step 10 | lr=3.454915e-04 | loss=0.038776
Epoch 013 | Step 20 | lr=3.454915e-04 | loss=0.038127
Epoch 013 | Step 30 | lr=3.454915e-04 | loss=0.036498
Epoch 013 | Step 40 | lr=3.454915e-04 | loss=0.038923
Epoch 013 | Step 50 | lr=3.454915e-04 | loss=0.039863
Epoch 013 | Step 60 | lr=3.454915e-04 | loss=0.038262
Epoch 013 | Step 70 | lr=3.454915e-04 | loss=0.038605
Epoch 013 | Step 80 | lr=3.454915e-04 | loss=0.038805
Epoch 013 | Step 90 | lr=3.454915e-04 | loss=0.039187
Epoch 013 | Step 100 | lr=3.454915e-04 | loss=0.037746
Epoch 013 | Step 110 | lr=3.454915e-04 | loss=0.038210
Epoch 013 | Step 120 | lr=3.454915e-04 | loss=0.038857
Epoch 013 | Step 130 | lr=3.454915e-04 | loss=0.039318
Epoch 013 | Step 140 | lr=3.454915e-04 | loss=0.039298
Epoch 013 | Step 150 | lr=3.454915e-04 | loss=0.039034
Epoch 013 | Step 160 | lr=3.454915e-04 | loss=0.039195
Epoch 013 | Step 170 | lr=3.454915e-04 | loss=0.037506
Epoch 013 | Step 180 | lr=3.454915e-04 | loss=0.039904
Epoch 013 | Step 190 | lr=3.454915e-04 | loss=0.038872
Epoch 013 | Step 200 | lr=3.454915e-04 | loss=0.038780
Epoch 013 | Step 210 | lr=3.454915e-04 | loss=0.039425
Epoch 013 | Step 220 | lr=3.454915e-04 | loss=0.040408
Epoch 013 | Step 230 | lr=3.454915e-04 | loss=0.039155
Epoch 013 | Step 240 | lr=3.454915e-04 | loss=0.037147
Epoch 013 | Step 250 | lr=3.454915e-04 | loss=0.038877
Epoch 013 | Step 260 | lr=3.454915e-04 | loss=0.038556
Epoch 013 | Step 270 | lr=3.454915e-04 | loss=0.037968
Epoch 013 | Step 280 | lr=3.454915e-04 | loss=0.038288
Epoch 013 | Step 290 | lr=3.454915e-04 | loss=0.037002
Epoch 013 | Step 300 | lr=3.454915e-04 | loss=0.037653
Epoch 013 | Step 310 | lr=3.454915e-04 | loss=0.037975
Epoch 013 | Step 320 | lr=3.454915e-04 | loss=0.039340
Epoch 013 | Step 330 | lr=3.454915e-04 | loss=0.037699
Epoch 013 | Step 340 | lr=3.454915e-04 | loss=0.038647
Epoch 013 | Step 350 | lr=3.454915e-04 | loss=0.039288
Epoch 013 | Step 360 | lr=3.454915e-04 | loss=0.038386
Epoch 013 | Step 370 | lr=3.454915e-04 | loss=0.038192
Epoch 013 | Step 380 | lr=3.454915e-04 | loss=0.039095
Epoch 013 | Step 390 | lr=3.454915e-04 | loss=0.040086
Epoch 013 | Step 400 | lr=3.454915e-04 | loss=0.039663
Epoch 013 | Step 410 | lr=3.454915e-04 | loss=0.039098
Epoch 013 | Step 420 | lr=3.454915e-04 | loss=0.038938
Epoch 013 | Step 430 | lr=3.454915e-04 | loss=0.039013
Epoch 013 | Step 440 | lr=3.454915e-04 | loss=0.036913
Epoch 013 | Step 450 | lr=3.454915e-04 | loss=0.038205
Epoch 013 | Step 460 | lr=3.454915e-04 | loss=0.040493
Epoch 013 | Step 470 | lr=3.454915e-04 | loss=0.039211
Epoch 013 | Step 480 | lr=3.454915e-04 | loss=0.038448
Epoch 013 | Step 490 | lr=3.454915e-04 | loss=0.038572
Epoch 013 | Step 500 | lr=3.454915e-04 | loss=0.038230
Epoch 013 | Step 510 | lr=3.454915e-04 | loss=0.039259
Epoch 013 | Step 520 | lr=3.454915e-04 | loss=0.038393
Epoch 013 | Step 530 | lr=3.454915e-04 | loss=0.039161
Epoch 013 | Step 540 | lr=3.454915e-04 | loss=0.038136
Epoch 013 | Step 550 | lr=3.454915e-04 | loss=0.039993
Epoch 013 | Step 560 | lr=3.454915e-04 | loss=0.038262
Epoch 013 | Step 570 | lr=3.454915e-04 | loss=0.038767
Epoch 013 | Step 580 | lr=3.454915e-04 | loss=0.039546
Epoch 013 | Step 590 | lr=3.454915e-04 | loss=0.037853
Epoch 013 | Step 600 | lr=3.454915e-04 | loss=0.039187
Epoch 013 | Step 610 | lr=3.454915e-04 | loss=0.040949
Epoch 013 | Step 620 | lr=3.454915e-04 | loss=0.038905
Epoch 013 | Step 630 | lr=3.454915e-04 | loss=0.037082
Epoch 013 | Step 640 | lr=3.454915e-04 | loss=0.039117
Epoch 013 | Step 650 | lr=3.454915e-04 | loss=0.039100
Epoch 013 | Step 660 | lr=3.454915e-04 | loss=0.039690
Epoch 013 | Step 670 | lr=3.454915e-04 | loss=0.039338
Epoch 013 | Step 680 | lr=3.454915e-04 | loss=0.038668
Epoch 013 | Step 690 | lr=3.454915e-04 | loss=0.038469
Epoch 013 | Step 700 | lr=3.454915e-04 | loss=0.037974
Epoch 013 | Step 710 | lr=3.454915e-04 | loss=0.038251
Epoch 013 | Step 720 | lr=3.454915e-04 | loss=0.037713
Epoch 013 | Step 730 | lr=3.454915e-04 | loss=0.039148
Epoch 013 | Step 740 | lr=3.454915e-04 | loss=0.039005
Epoch 013 | Step 750 | lr=3.454915e-04 | loss=0.039314
Epoch 013 | Step 760 | lr=3.454915e-04 | loss=0.038894
Epoch 013 | Step 770 | lr=3.454915e-04 | loss=0.036554
Epoch 013 | Step 780 | lr=3.454915e-04 | loss=0.039314
Epoch 013 | Step 790 | lr=3.454915e-04 | loss=0.039260
Epoch 013 | Step 800 | lr=3.454915e-04 | loss=0.038610
Epoch 013 | Step 810 | lr=3.454915e-04 | loss=0.038238
Epoch 013 | Step 820 | lr=3.454915e-04 | loss=0.040457
Epoch 013 | Step 830 | lr=3.454915e-04 | loss=0.039761
Epoch 013 | Step 840 | lr=3.454915e-04 | loss=0.039566
Epoch 013 | Step 850 | lr=3.454915e-04 | loss=0.036683
Epoch 013 | Step 860 | lr=3.454915e-04 | loss=0.041630
Epoch 013 | Step 870 | lr=3.454915e-04 | loss=0.039125
Epoch 013 | Step 880 | lr=3.454915e-04 | loss=0.038403
Epoch 013 | Step 890 | lr=3.454915e-04 | loss=0.036939
Epoch 013 | Step 900 | lr=3.454915e-04 | loss=0.037793
Epoch 013 | Step 910 | lr=3.454915e-04 | loss=0.039056
Epoch 013 | Step 920 | lr=3.454915e-04 | loss=0.040783
Epoch 013 | Step 930 | lr=3.454915e-04 | loss=0.037677
Epoch 013 | Step 940 | lr=3.454915e-04 | loss=0.037366
Epoch 013 | Step 950 | lr=3.454915e-04 | loss=0.038821
Epoch 013 | Step 960 | lr=3.454915e-04 | loss=0.038270
epoch 013 | train_kld=0.038682 | val_kld=0.037686 | val_mae=0.002629 | val_mse=0.000080 | ord_acc@10=0.3194 | recall@10=0.8185
Epoch 014 | Step 10 | lr=2.730048e-04 | loss=0.037938
Epoch 014 | Step 20 | lr=2.730048e-04 | loss=0.037621
Epoch 014 | Step 30 | lr=2.730048e-04 | loss=0.038085
Epoch 014 | Step 40 | lr=2.730048e-04 | loss=0.036741
Epoch 014 | Step 50 | lr=2.730048e-04 | loss=0.038073
Epoch 014 | Step 60 | lr=2.730048e-04 | loss=0.037084
Epoch 014 | Step 70 | lr=2.730048e-04 | loss=0.038810
Epoch 014 | Step 80 | lr=2.730048e-04 | loss=0.038341
Epoch 014 | Step 90 | lr=2.730048e-04 | loss=0.040158
Epoch 014 | Step 100 | lr=2.730048e-04 | loss=0.037016
Epoch 014 | Step 110 | lr=2.730048e-04 | loss=0.037365
Epoch 014 | Step 120 | lr=2.730048e-04 | loss=0.038381
Epoch 014 | Step 130 | lr=2.730048e-04 | loss=0.038717
Epoch 014 | Step 140 | lr=2.730048e-04 | loss=0.037191
Epoch 014 | Step 150 | lr=2.730048e-04 | loss=0.037111
Epoch 014 | Step 160 | lr=2.730048e-04 | loss=0.040239
Epoch 014 | Step 170 | lr=2.730048e-04 | loss=0.037846
Epoch 014 | Step 180 | lr=2.730048e-04 | loss=0.038721
Epoch 014 | Step 190 | lr=2.730048e-04 | loss=0.038696
Epoch 014 | Step 200 | lr=2.730048e-04 | loss=0.037595
Epoch 014 | Step 210 | lr=2.730048e-04 | loss=0.039021
Epoch 014 | Step 220 | lr=2.730048e-04 | loss=0.037189
Epoch 014 | Step 230 | lr=2.730048e-04 | loss=0.039101
Epoch 014 | Step 240 | lr=2.730048e-04 | loss=0.037416
Epoch 014 | Step 250 | lr=2.730048e-04 | loss=0.038121
Epoch 014 | Step 260 | lr=2.730048e-04 | loss=0.037127
Epoch 014 | Step 270 | lr=2.730048e-04 | loss=0.037345
Epoch 014 | Step 280 | lr=2.730048e-04 | loss=0.036647
Epoch 014 | Step 290 | lr=2.730048e-04 | loss=0.038641
Epoch 014 | Step 300 | lr=2.730048e-04 | loss=0.038496
Epoch 014 | Step 310 | lr=2.730048e-04 | loss=0.036965
Epoch 014 | Step 320 | lr=2.730048e-04 | loss=0.037925
Epoch 014 | Step 330 | lr=2.730048e-04 | loss=0.038428
Epoch 014 | Step 340 | lr=2.730048e-04 | loss=0.038465
Epoch 014 | Step 350 | lr=2.730048e-04 | loss=0.038386
Epoch 014 | Step 360 | lr=2.730048e-04 | loss=0.038628
Epoch 014 | Step 370 | lr=2.730048e-04 | loss=0.039052
Epoch 014 | Step 380 | lr=2.730048e-04 | loss=0.038245
Epoch 014 | Step 390 | lr=2.730048e-04 | loss=0.038423
Epoch 014 | Step 400 | lr=2.730048e-04 | loss=0.037511
Epoch 014 | Step 410 | lr=2.730048e-04 | loss=0.037426
Epoch 014 | Step 420 | lr=2.730048e-04 | loss=0.038982
Epoch 014 | Step 430 | lr=2.730048e-04 | loss=0.039011
Epoch 014 | Step 440 | lr=2.730048e-04 | loss=0.038490
Epoch 014 | Step 450 | lr=2.730048e-04 | loss=0.038179
Epoch 014 | Step 460 | lr=2.730048e-04 | loss=0.038241
Epoch 014 | Step 470 | lr=2.730048e-04 | loss=0.037651
Epoch 014 | Step 480 | lr=2.730048e-04 | loss=0.038501
Epoch 014 | Step 490 | lr=2.730048e-04 | loss=0.039999
Epoch 014 | Step 500 | lr=2.730048e-04 | loss=0.041307
Epoch 014 | Step 510 | lr=2.730048e-04 | loss=0.040369
Epoch 014 | Step 520 | lr=2.730048e-04 | loss=0.039468
Epoch 014 | Step 530 | lr=2.730048e-04 | loss=0.037958
Epoch 014 | Step 540 | lr=2.730048e-04 | loss=0.039539
Epoch 014 | Step 550 | lr=2.730048e-04 | loss=0.036995
Epoch 014 | Step 560 | lr=2.730048e-04 | loss=0.039456
Epoch 014 | Step 570 | lr=2.730048e-04 | loss=0.039528
Epoch 014 | Step 580 | lr=2.730048e-04 | loss=0.038773
Epoch 014 | Step 590 | lr=2.730048e-04 | loss=0.039540
Epoch 014 | Step 600 | lr=2.730048e-04 | loss=0.038990
Epoch 014 | Step 610 | lr=2.730048e-04 | loss=0.039763
Epoch 014 | Step 620 | lr=2.730048e-04 | loss=0.039584
Epoch 014 | Step 630 | lr=2.730048e-04 | loss=0.037945
Epoch 014 | Step 640 | lr=2.730048e-04 | loss=0.039849
Epoch 014 | Step 650 | lr=2.730048e-04 | loss=0.040008
Epoch 014 | Step 660 | lr=2.730048e-04 | loss=0.037535
Epoch 014 | Step 670 | lr=2.730048e-04 | loss=0.038179
Epoch 014 | Step 680 | lr=2.730048e-04 | loss=0.040013
Epoch 014 | Step 690 | lr=2.730048e-04 | loss=0.037334
Epoch 014 | Step 700 | lr=2.730048e-04 | loss=0.036160
Epoch 014 | Step 710 | lr=2.730048e-04 | loss=0.037981
Epoch 014 | Step 720 | lr=2.730048e-04 | loss=0.041217
Epoch 014 | Step 730 | lr=2.730048e-04 | loss=0.038207
Epoch 014 | Step 740 | lr=2.730048e-04 | loss=0.037586
Epoch 014 | Step 750 | lr=2.730048e-04 | loss=0.037445
Epoch 014 | Step 760 | lr=2.730048e-04 | loss=0.036926
Epoch 014 | Step 770 | lr=2.730048e-04 | loss=0.036537
Epoch 014 | Step 780 | lr=2.730048e-04 | loss=0.038335
Epoch 014 | Step 790 | lr=2.730048e-04 | loss=0.037771
Epoch 014 | Step 800 | lr=2.730048e-04 | loss=0.039379
Epoch 014 | Step 810 | lr=2.730048e-04 | loss=0.039167
Epoch 014 | Step 820 | lr=2.730048e-04 | loss=0.038393
Epoch 014 | Step 830 | lr=2.730048e-04 | loss=0.038251
Epoch 014 | Step 840 | lr=2.730048e-04 | loss=0.037599
Epoch 014 | Step 850 | lr=2.730048e-04 | loss=0.037696
Epoch 014 | Step 860 | lr=2.730048e-04 | loss=0.038919
Epoch 014 | Step 870 | lr=2.730048e-04 | loss=0.039097
Epoch 014 | Step 880 | lr=2.730048e-04 | loss=0.038282
Epoch 014 | Step 890 | lr=2.730048e-04 | loss=0.036826
Epoch 014 | Step 900 | lr=2.730048e-04 | loss=0.039700
Epoch 014 | Step 910 | lr=2.730048e-04 | loss=0.037515
Epoch 014 | Step 920 | lr=2.730048e-04 | loss=0.038496
Epoch 014 | Step 930 | lr=2.730048e-04 | loss=0.037774
Epoch 014 | Step 940 | lr=2.730048e-04 | loss=0.038393
Epoch 014 | Step 950 | lr=2.730048e-04 | loss=0.037917
Epoch 014 | Step 960 | lr=2.730048e-04 | loss=0.038488
epoch 014 | train_kld=0.038153 | val_kld=0.037364 | val_mae=0.002605 | val_mse=0.000078 | ord_acc@10=0.3230 | recall@10=0.8187
Epoch 015 | Step 10 | lr=2.061074e-04 | loss=0.036231
Epoch 015 | Step 20 | lr=2.061074e-04 | loss=0.038286
Epoch 015 | Step 30 | lr=2.061074e-04 | loss=0.037568
Epoch 015 | Step 40 | lr=2.061074e-04 | loss=0.038442
Epoch 015 | Step 50 | lr=2.061074e-04 | loss=0.037871
Epoch 015 | Step 60 | lr=2.061074e-04 | loss=0.036621
Epoch 015 | Step 70 | lr=2.061074e-04 | loss=0.036753
Epoch 015 | Step 80 | lr=2.061074e-04 | loss=0.039243
Epoch 015 | Step 90 | lr=2.061074e-04 | loss=0.038377
Epoch 015 | Step 100 | lr=2.061074e-04 | loss=0.037529
Epoch 015 | Step 110 | lr=2.061074e-04 | loss=0.035691
Epoch 015 | Step 120 | lr=2.061074e-04 | loss=0.038721
Epoch 015 | Step 130 | lr=2.061074e-04 | loss=0.035735
Epoch 015 | Step 140 | lr=2.061074e-04 | loss=0.037863
Epoch 015 | Step 150 | lr=2.061074e-04 | loss=0.037643
Epoch 015 | Step 160 | lr=2.061074e-04 | loss=0.038039
Epoch 015 | Step 170 | lr=2.061074e-04 | loss=0.036224
Epoch 015 | Step 180 | lr=2.061074e-04 | loss=0.037687
Epoch 015 | Step 190 | lr=2.061074e-04 | loss=0.037673
Epoch 015 | Step 200 | lr=2.061074e-04 | loss=0.038059
Epoch 015 | Step 210 | lr=2.061074e-04 | loss=0.037021
Epoch 015 | Step 220 | lr=2.061074e-04 | loss=0.039767
Epoch 015 | Step 230 | lr=2.061074e-04 | loss=0.038116
Epoch 015 | Step 240 | lr=2.061074e-04 | loss=0.036776
Epoch 015 | Step 250 | lr=2.061074e-04 | loss=0.038267
Epoch 015 | Step 260 | lr=2.061074e-04 | loss=0.037660
Epoch 015 | Step 270 | lr=2.061074e-04 | loss=0.038717
Epoch 015 | Step 280 | lr=2.061074e-04 | loss=0.038593
Epoch 015 | Step 290 | lr=2.061074e-04 | loss=0.036850
Epoch 015 | Step 300 | lr=2.061074e-04 | loss=0.036537
Epoch 015 | Step 310 | lr=2.061074e-04 | loss=0.038303
Epoch 015 | Step 320 | lr=2.061074e-04 | loss=0.038256
Epoch 015 | Step 330 | lr=2.061074e-04 | loss=0.037449
Epoch 015 | Step 340 | lr=2.061074e-04 | loss=0.037854
Epoch 015 | Step 350 | lr=2.061074e-04 | loss=0.036373
Epoch 015 | Step 360 | lr=2.061074e-04 | loss=0.037442
Epoch 015 | Step 370 | lr=2.061074e-04 | loss=0.036395
Epoch 015 | Step 380 | lr=2.061074e-04 | loss=0.039538
Epoch 015 | Step 390 | lr=2.061074e-04 | loss=0.038522
Epoch 015 | Step 400 | lr=2.061074e-04 | loss=0.037724
Epoch 015 | Step 410 | lr=2.061074e-04 | loss=0.038125
Epoch 015 | Step 420 | lr=2.061074e-04 | loss=0.036597
Epoch 015 | Step 430 | lr=2.061074e-04 | loss=0.039965
Epoch 015 | Step 440 | lr=2.061074e-04 | loss=0.037089
Epoch 015 | Step 450 | lr=2.061074e-04 | loss=0.038228
Epoch 015 | Step 460 | lr=2.061074e-04 | loss=0.037213
Epoch 015 | Step 470 | lr=2.061074e-04 | loss=0.039390
Epoch 015 | Step 480 | lr=2.061074e-04 | loss=0.036348
Epoch 015 | Step 490 | lr=2.061074e-04 | loss=0.036206
Epoch 015 | Step 500 | lr=2.061074e-04 | loss=0.037923
Epoch 015 | Step 510 | lr=2.061074e-04 | loss=0.038899
Epoch 015 | Step 520 | lr=2.061074e-04 | loss=0.039493
Epoch 015 | Step 530 | lr=2.061074e-04 | loss=0.035817
Epoch 015 | Step 540 | lr=2.061074e-04 | loss=0.038243
Epoch 015 | Step 550 | lr=2.061074e-04 | loss=0.038280
Epoch 015 | Step 560 | lr=2.061074e-04 | loss=0.036964
Epoch 015 | Step 570 | lr=2.061074e-04 | loss=0.036056
Epoch 015 | Step 580 | lr=2.061074e-04 | loss=0.036562
Epoch 015 | Step 590 | lr=2.061074e-04 | loss=0.036099
Epoch 015 | Step 600 | lr=2.061074e-04 | loss=0.039563
Epoch 015 | Step 610 | lr=2.061074e-04 | loss=0.037384
Epoch 015 | Step 620 | lr=2.061074e-04 | loss=0.037762
Epoch 015 | Step 630 | lr=2.061074e-04 | loss=0.036771
Epoch 015 | Step 640 | lr=2.061074e-04 | loss=0.038791
Epoch 015 | Step 650 | lr=2.061074e-04 | loss=0.037444
Epoch 015 | Step 660 | lr=2.061074e-04 | loss=0.039096
Epoch 015 | Step 670 | lr=2.061074e-04 | loss=0.038967
Epoch 015 | Step 680 | lr=2.061074e-04 | loss=0.037614
Epoch 015 | Step 690 | lr=2.061074e-04 | loss=0.038458
Epoch 015 | Step 700 | lr=2.061074e-04 | loss=0.039419
Epoch 015 | Step 710 | lr=2.061074e-04 | loss=0.037912
Epoch 015 | Step 720 | lr=2.061074e-04 | loss=0.039734
Epoch 015 | Step 730 | lr=2.061074e-04 | loss=0.038308
Epoch 015 | Step 740 | lr=2.061074e-04 | loss=0.039022
Epoch 015 | Step 750 | lr=2.061074e-04 | loss=0.037997
Epoch 015 | Step 760 | lr=2.061074e-04 | loss=0.038408
Epoch 015 | Step 770 | lr=2.061074e-04 | loss=0.038191
Epoch 015 | Step 780 | lr=2.061074e-04 | loss=0.037462
Epoch 015 | Step 790 | lr=2.061074e-04 | loss=0.037854
Epoch 015 | Step 800 | lr=2.061074e-04 | loss=0.037684
Epoch 015 | Step 810 | lr=2.061074e-04 | loss=0.035738
Epoch 015 | Step 820 | lr=2.061074e-04 | loss=0.038042
Epoch 015 | Step 830 | lr=2.061074e-04 | loss=0.037155
Epoch 015 | Step 840 | lr=2.061074e-04 | loss=0.037519
Epoch 015 | Step 850 | lr=2.061074e-04 | loss=0.037393
Epoch 015 | Step 860 | lr=2.061074e-04 | loss=0.037151
Epoch 015 | Step 870 | lr=2.061074e-04 | loss=0.037416
Epoch 015 | Step 880 | lr=2.061074e-04 | loss=0.037631
Epoch 015 | Step 890 | lr=2.061074e-04 | loss=0.037734
Epoch 015 | Step 900 | lr=2.061074e-04 | loss=0.038092
Epoch 015 | Step 910 | lr=2.061074e-04 | loss=0.037587
Epoch 015 | Step 920 | lr=2.061074e-04 | loss=0.037889
Epoch 015 | Step 930 | lr=2.061074e-04 | loss=0.037643
Epoch 015 | Step 940 | lr=2.061074e-04 | loss=0.037644
Epoch 015 | Step 950 | lr=2.061074e-04 | loss=0.037581
Epoch 015 | Step 960 | lr=2.061074e-04 | loss=0.036366
epoch 015 | train_kld=0.037680 | val_kld=0.036978 | val_mae=0.002583 | val_mse=0.000077 | ord_acc@10=0.3224 | recall@10=0.8181
Epoch 016 | Step 10 | lr=1.464466e-04 | loss=0.037559
Epoch 016 | Step 20 | lr=1.464466e-04 | loss=0.037533
Epoch 016 | Step 30 | lr=1.464466e-04 | loss=0.037096
Epoch 016 | Step 40 | lr=1.464466e-04 | loss=0.037158
Epoch 016 | Step 50 | lr=1.464466e-04 | loss=0.038425
Epoch 016 | Step 60 | lr=1.464466e-04 | loss=0.037183
Epoch 016 | Step 70 | lr=1.464466e-04 | loss=0.038336
Epoch 016 | Step 80 | lr=1.464466e-04 | loss=0.037483
Epoch 016 | Step 90 | lr=1.464466e-04 | loss=0.037625
Epoch 016 | Step 100 | lr=1.464466e-04 | loss=0.038002
Epoch 016 | Step 110 | lr=1.464466e-04 | loss=0.038570
Epoch 016 | Step 120 | lr=1.464466e-04 | loss=0.038838
Epoch 016 | Step 130 | lr=1.464466e-04 | loss=0.038222
Epoch 016 | Step 140 | lr=1.464466e-04 | loss=0.036917
Epoch 016 | Step 150 | lr=1.464466e-04 | loss=0.037899
Epoch 016 | Step 160 | lr=1.464466e-04 | loss=0.038074
Epoch 016 | Step 170 | lr=1.464466e-04 | loss=0.038165
Epoch 016 | Step 180 | lr=1.464466e-04 | loss=0.036653
Epoch 016 | Step 190 | lr=1.464466e-04 | loss=0.036890
Epoch 016 | Step 200 | lr=1.464466e-04 | loss=0.039191
Epoch 016 | Step 210 | lr=1.464466e-04 | loss=0.037548
Epoch 016 | Step 220 | lr=1.464466e-04 | loss=0.036769
Epoch 016 | Step 230 | lr=1.464466e-04 | loss=0.037004
Epoch 016 | Step 240 | lr=1.464466e-04 | loss=0.036408
Epoch 016 | Step 250 | lr=1.464466e-04 | loss=0.038714
Epoch 016 | Step 260 | lr=1.464466e-04 | loss=0.038080
Epoch 016 | Step 270 | lr=1.464466e-04 | loss=0.035628
Epoch 016 | Step 280 | lr=1.464466e-04 | loss=0.036082
Epoch 016 | Step 290 | lr=1.464466e-04 | loss=0.036882
Epoch 016 | Step 300 | lr=1.464466e-04 | loss=0.037849
Epoch 016 | Step 310 | lr=1.464466e-04 | loss=0.036213
Epoch 016 | Step 320 | lr=1.464466e-04 | loss=0.036579
Epoch 016 | Step 330 | lr=1.464466e-04 | loss=0.036963
Epoch 016 | Step 340 | lr=1.464466e-04 | loss=0.036880
Epoch 016 | Step 350 | lr=1.464466e-04 | loss=0.036565
Epoch 016 | Step 360 | lr=1.464466e-04 | loss=0.037612
Epoch 016 | Step 370 | lr=1.464466e-04 | loss=0.037700
Epoch 016 | Step 380 | lr=1.464466e-04 | loss=0.038224
Epoch 016 | Step 390 | lr=1.464466e-04 | loss=0.036097
Epoch 016 | Step 400 | lr=1.464466e-04 | loss=0.036368
Epoch 016 | Step 410 | lr=1.464466e-04 | loss=0.035745
Epoch 016 | Step 420 | lr=1.464466e-04 | loss=0.038250
Epoch 016 | Step 430 | lr=1.464466e-04 | loss=0.036552
Epoch 016 | Step 440 | lr=1.464466e-04 | loss=0.037111
Epoch 016 | Step 450 | lr=1.464466e-04 | loss=0.035793
Epoch 016 | Step 460 | lr=1.464466e-04 | loss=0.037261
Epoch 016 | Step 470 | lr=1.464466e-04 | loss=0.036755
Epoch 016 | Step 480 | lr=1.464466e-04 | loss=0.037707
Epoch 016 | Step 490 | lr=1.464466e-04 | loss=0.036641
Epoch 016 | Step 500 | lr=1.464466e-04 | loss=0.037201
Epoch 016 | Step 510 | lr=1.464466e-04 | loss=0.036118
Epoch 016 | Step 520 | lr=1.464466e-04 | loss=0.035705
Epoch 016 | Step 530 | lr=1.464466e-04 | loss=0.037559
Epoch 016 | Step 540 | lr=1.464466e-04 | loss=0.037403
Epoch 016 | Step 550 | lr=1.464466e-04 | loss=0.035671
Epoch 016 | Step 560 | lr=1.464466e-04 | loss=0.036374
Epoch 016 | Step 570 | lr=1.464466e-04 | loss=0.037405
Epoch 016 | Step 580 | lr=1.464466e-04 | loss=0.037409
Epoch 016 | Step 590 | lr=1.464466e-04 | loss=0.036757
Epoch 016 | Step 600 | lr=1.464466e-04 | loss=0.035632
Epoch 016 | Step 610 | lr=1.464466e-04 | loss=0.036221
Epoch 016 | Step 620 | lr=1.464466e-04 | loss=0.038008
Epoch 016 | Step 630 | lr=1.464466e-04 | loss=0.034694
Epoch 016 | Step 640 | lr=1.464466e-04 | loss=0.036869
Epoch 016 | Step 650 | lr=1.464466e-04 | loss=0.036719
Epoch 016 | Step 660 | lr=1.464466e-04 | loss=0.037664
Epoch 016 | Step 670 | lr=1.464466e-04 | loss=0.036236
Epoch 016 | Step 680 | lr=1.464466e-04 | loss=0.038566
Epoch 016 | Step 690 | lr=1.464466e-04 | loss=0.036914
Epoch 016 | Step 700 | lr=1.464466e-04 | loss=0.037226
Epoch 016 | Step 710 | lr=1.464466e-04 | loss=0.039329
Epoch 016 | Step 720 | lr=1.464466e-04 | loss=0.035826
Epoch 016 | Step 730 | lr=1.464466e-04 | loss=0.036372
Epoch 016 | Step 740 | lr=1.464466e-04 | loss=0.035719
Epoch 016 | Step 750 | lr=1.464466e-04 | loss=0.038948
Epoch 016 | Step 760 | lr=1.464466e-04 | loss=0.036055
Epoch 016 | Step 770 | lr=1.464466e-04 | loss=0.036642
Epoch 016 | Step 780 | lr=1.464466e-04 | loss=0.037560
Epoch 016 | Step 790 | lr=1.464466e-04 | loss=0.037307
Epoch 016 | Step 800 | lr=1.464466e-04 | loss=0.036755
Epoch 016 | Step 810 | lr=1.464466e-04 | loss=0.037866
Epoch 016 | Step 820 | lr=1.464466e-04 | loss=0.037774
Epoch 016 | Step 830 | lr=1.464466e-04 | loss=0.037398
Epoch 016 | Step 840 | lr=1.464466e-04 | loss=0.037625
Epoch 016 | Step 850 | lr=1.464466e-04 | loss=0.038416
Epoch 016 | Step 860 | lr=1.464466e-04 | loss=0.036475
Epoch 016 | Step 870 | lr=1.464466e-04 | loss=0.037760
Epoch 016 | Step 880 | lr=1.464466e-04 | loss=0.038430
Epoch 016 | Step 890 | lr=1.464466e-04 | loss=0.038430
Epoch 016 | Step 900 | lr=1.464466e-04 | loss=0.037561
Epoch 016 | Step 910 | lr=1.464466e-04 | loss=0.036982
Epoch 016 | Step 920 | lr=1.464466e-04 | loss=0.038152
Epoch 016 | Step 930 | lr=1.464466e-04 | loss=0.037909
Epoch 016 | Step 940 | lr=1.464466e-04 | loss=0.038422
Epoch 016 | Step 950 | lr=1.464466e-04 | loss=0.039351
Epoch 016 | Step 960 | lr=1.464466e-04 | loss=0.037156
epoch 016 | train_kld=0.037258 | val_kld=0.036581 | val_mae=0.002562 | val_mse=0.000075 | ord_acc@10=0.3254 | recall@10=0.8193
Epoch 017 | Step 10 | lr=9.549150e-05 | loss=0.036242
Epoch 017 | Step 20 | lr=9.549150e-05 | loss=0.036679
Epoch 017 | Step 30 | lr=9.549150e-05 | loss=0.034961
Epoch 017 | Step 40 | lr=9.549150e-05 | loss=0.036924
Epoch 017 | Step 50 | lr=9.549150e-05 | loss=0.036846
Epoch 017 | Step 60 | lr=9.549150e-05 | loss=0.038103
Epoch 017 | Step 70 | lr=9.549150e-05 | loss=0.037532
Epoch 017 | Step 80 | lr=9.549150e-05 | loss=0.037567
Epoch 017 | Step 90 | lr=9.549150e-05 | loss=0.035769
Epoch 017 | Step 100 | lr=9.549150e-05 | loss=0.036856
Epoch 017 | Step 110 | lr=9.549150e-05 | loss=0.036032
Epoch 017 | Step 120 | lr=9.549150e-05 | loss=0.036441
Epoch 017 | Step 130 | lr=9.549150e-05 | loss=0.037887
Epoch 017 | Step 140 | lr=9.549150e-05 | loss=0.035667
Epoch 017 | Step 150 | lr=9.549150e-05 | loss=0.035139
Epoch 017 | Step 160 | lr=9.549150e-05 | loss=0.036544
Epoch 017 | Step 170 | lr=9.549150e-05 | loss=0.035116
Epoch 017 | Step 180 | lr=9.549150e-05 | loss=0.036606
Epoch 017 | Step 190 | lr=9.549150e-05 | loss=0.038004
Epoch 017 | Step 200 | lr=9.549150e-05 | loss=0.037097
Epoch 017 | Step 210 | lr=9.549150e-05 | loss=0.036426
Epoch 017 | Step 220 | lr=9.549150e-05 | loss=0.036562
Epoch 017 | Step 230 | lr=9.549150e-05 | loss=0.036599
Epoch 017 | Step 240 | lr=9.549150e-05 | loss=0.036316
Epoch 017 | Step 250 | lr=9.549150e-05 | loss=0.038067
Epoch 017 | Step 260 | lr=9.549150e-05 | loss=0.039163
Epoch 017 | Step 270 | lr=9.549150e-05 | loss=0.036509
Epoch 017 | Step 280 | lr=9.549150e-05 | loss=0.036579
Epoch 017 | Step 290 | lr=9.549150e-05 | loss=0.035563
Epoch 017 | Step 300 | lr=9.549150e-05 | loss=0.037069
Epoch 017 | Step 310 | lr=9.549150e-05 | loss=0.036514
Epoch 017 | Step 320 | lr=9.549150e-05 | loss=0.038402
Epoch 017 | Step 330 | lr=9.549150e-05 | loss=0.036748
Epoch 017 | Step 340 | lr=9.549150e-05 | loss=0.037479
Epoch 017 | Step 350 | lr=9.549150e-05 | loss=0.036924
Epoch 017 | Step 360 | lr=9.549150e-05 | loss=0.037808
Epoch 017 | Step 370 | lr=9.549150e-05 | loss=0.036663
Epoch 017 | Step 380 | lr=9.549150e-05 | loss=0.037313
Epoch 017 | Step 390 | lr=9.549150e-05 | loss=0.037883
Epoch 017 | Step 400 | lr=9.549150e-05 | loss=0.036586
Epoch 017 | Step 410 | lr=9.549150e-05 | loss=0.036340
Epoch 017 | Step 420 | lr=9.549150e-05 | loss=0.035354
Epoch 017 | Step 430 | lr=9.549150e-05 | loss=0.036343
Epoch 017 | Step 440 | lr=9.549150e-05 | loss=0.035991
Epoch 017 | Step 450 | lr=9.549150e-05 | loss=0.037283
Epoch 017 | Step 460 | lr=9.549150e-05 | loss=0.036491
Epoch 017 | Step 470 | lr=9.549150e-05 | loss=0.035497
Epoch 017 | Step 480 | lr=9.549150e-05 | loss=0.036596
Epoch 017 | Step 490 | lr=9.549150e-05 | loss=0.037401
Epoch 017 | Step 500 | lr=9.549150e-05 | loss=0.037643
Epoch 017 | Step 510 | lr=9.549150e-05 | loss=0.038356
Epoch 017 | Step 520 | lr=9.549150e-05 | loss=0.036290
Epoch 017 | Step 530 | lr=9.549150e-05 | loss=0.037326
Epoch 017 | Step 540 | lr=9.549150e-05 | loss=0.038499
Epoch 017 | Step 550 | lr=9.549150e-05 | loss=0.036589
Epoch 017 | Step 560 | lr=9.549150e-05 | loss=0.036649
Epoch 017 | Step 570 | lr=9.549150e-05 | loss=0.035733
Epoch 017 | Step 580 | lr=9.549150e-05 | loss=0.036388
Epoch 017 | Step 590 | lr=9.549150e-05 | loss=0.035842
Epoch 017 | Step 600 | lr=9.549150e-05 | loss=0.037216
Epoch 017 | Step 610 | lr=9.549150e-05 | loss=0.036985
Epoch 017 | Step 620 | lr=9.549150e-05 | loss=0.036664
Epoch 017 | Step 630 | lr=9.549150e-05 | loss=0.038062
Epoch 017 | Step 640 | lr=9.549150e-05 | loss=0.036937
Epoch 017 | Step 650 | lr=9.549150e-05 | loss=0.036145
Epoch 017 | Step 660 | lr=9.549150e-05 | loss=0.037995
Epoch 017 | Step 670 | lr=9.549150e-05 | loss=0.036700
Epoch 017 | Step 680 | lr=9.549150e-05 | loss=0.036924
Epoch 017 | Step 690 | lr=9.549150e-05 | loss=0.036159
Epoch 017 | Step 700 | lr=9.549150e-05 | loss=0.037655
Epoch 017 | Step 710 | lr=9.549150e-05 | loss=0.037217
Epoch 017 | Step 720 | lr=9.549150e-05 | loss=0.037720
Epoch 017 | Step 730 | lr=9.549150e-05 | loss=0.038009
Epoch 017 | Step 740 | lr=9.549150e-05 | loss=0.035704
Epoch 017 | Step 750 | lr=9.549150e-05 | loss=0.038278
Epoch 017 | Step 760 | lr=9.549150e-05 | loss=0.036568
Epoch 017 | Step 770 | lr=9.549150e-05 | loss=0.036534
Epoch 017 | Step 780 | lr=9.549150e-05 | loss=0.037557
Epoch 017 | Step 790 | lr=9.549150e-05 | loss=0.036753
Epoch 017 | Step 800 | lr=9.549150e-05 | loss=0.039209
Epoch 017 | Step 810 | lr=9.549150e-05 | loss=0.037266
Epoch 017 | Step 820 | lr=9.549150e-05 | loss=0.038009
Epoch 017 | Step 830 | lr=9.549150e-05 | loss=0.037859
Epoch 017 | Step 840 | lr=9.549150e-05 | loss=0.036735
Epoch 017 | Step 850 | lr=9.549150e-05 | loss=0.036532
Epoch 017 | Step 860 | lr=9.549150e-05 | loss=0.036399
Epoch 017 | Step 870 | lr=9.549150e-05 | loss=0.037845
Epoch 017 | Step 880 | lr=9.549150e-05 | loss=0.035658
Epoch 017 | Step 890 | lr=9.549150e-05 | loss=0.036189
Epoch 017 | Step 900 | lr=9.549150e-05 | loss=0.038283
Epoch 017 | Step 910 | lr=9.549150e-05 | loss=0.036643
Epoch 017 | Step 920 | lr=9.549150e-05 | loss=0.035334
Epoch 017 | Step 930 | lr=9.549150e-05 | loss=0.036594
Epoch 017 | Step 940 | lr=9.549150e-05 | loss=0.037721
Epoch 017 | Step 950 | lr=9.549150e-05 | loss=0.036681
Epoch 017 | Step 960 | lr=9.549150e-05 | loss=0.039233
epoch 017 | train_kld=0.036897 | val_kld=0.036446 | val_mae=0.002564 | val_mse=0.000074 | ord_acc@10=0.3250 | recall@10=0.8218
Epoch 018 | Step 10 | lr=5.449674e-05 | loss=0.037416
Epoch 018 | Step 20 | lr=5.449674e-05 | loss=0.037380
Epoch 018 | Step 30 | lr=5.449674e-05 | loss=0.037143
Epoch 018 | Step 40 | lr=5.449674e-05 | loss=0.036401
Epoch 018 | Step 50 | lr=5.449674e-05 | loss=0.036277
Epoch 018 | Step 60 | lr=5.449674e-05 | loss=0.037368
Epoch 018 | Step 70 | lr=5.449674e-05 | loss=0.037214
Epoch 018 | Step 80 | lr=5.449674e-05 | loss=0.037239
Epoch 018 | Step 90 | lr=5.449674e-05 | loss=0.038118
Epoch 018 | Step 100 | lr=5.449674e-05 | loss=0.034672
Epoch 018 | Step 110 | lr=5.449674e-05 | loss=0.033926
Epoch 018 | Step 120 | lr=5.449674e-05 | loss=0.037457
Epoch 018 | Step 130 | lr=5.449674e-05 | loss=0.035880
Epoch 018 | Step 140 | lr=5.449674e-05 | loss=0.035439
Epoch 018 | Step 150 | lr=5.449674e-05 | loss=0.035208
Epoch 018 | Step 160 | lr=5.449674e-05 | loss=0.036026
Epoch 018 | Step 170 | lr=5.449674e-05 | loss=0.036821
Epoch 018 | Step 180 | lr=5.449674e-05 | loss=0.037431
Epoch 018 | Step 190 | lr=5.449674e-05 | loss=0.035788
Epoch 018 | Step 200 | lr=5.449674e-05 | loss=0.035551
Epoch 018 | Step 210 | lr=5.449674e-05 | loss=0.037479
Epoch 018 | Step 220 | lr=5.449674e-05 | loss=0.035214
Epoch 018 | Step 230 | lr=5.449674e-05 | loss=0.037204
Epoch 018 | Step 240 | lr=5.449674e-05 | loss=0.036052
Epoch 018 | Step 250 | lr=5.449674e-05 | loss=0.034673
Epoch 018 | Step 260 | lr=5.449674e-05 | loss=0.034673
Epoch 018 | Step 270 | lr=5.449674e-05 | loss=0.035894
Epoch 018 | Step 280 | lr=5.449674e-05 | loss=0.038226
Epoch 018 | Step 290 | lr=5.449674e-05 | loss=0.036522
Epoch 018 | Step 300 | lr=5.449674e-05 | loss=0.036184
Epoch 018 | Step 310 | lr=5.449674e-05 | loss=0.037078
Epoch 018 | Step 320 | lr=5.449674e-05 | loss=0.036660
Epoch 018 | Step 330 | lr=5.449674e-05 | loss=0.035907
Epoch 018 | Step 340 | lr=5.449674e-05 | loss=0.037446
Epoch 018 | Step 350 | lr=5.449674e-05 | loss=0.037570
Epoch 018 | Step 360 | lr=5.449674e-05 | loss=0.036953
Epoch 018 | Step 370 | lr=5.449674e-05 | loss=0.037553
Epoch 018 | Step 380 | lr=5.449674e-05 | loss=0.036138
Epoch 018 | Step 390 | lr=5.449674e-05 | loss=0.035231
Epoch 018 | Step 400 | lr=5.449674e-05 | loss=0.038297
Epoch 018 | Step 410 | lr=5.449674e-05 | loss=0.036011
Epoch 018 | Step 420 | lr=5.449674e-05 | loss=0.037788
Epoch 018 | Step 430 | lr=5.449674e-05 | loss=0.037770
Epoch 018 | Step 440 | lr=5.449674e-05 | loss=0.036508
Epoch 018 | Step 450 | lr=5.449674e-05 | loss=0.037744
Epoch 018 | Step 460 | lr=5.449674e-05 | loss=0.037151
Epoch 018 | Step 470 | lr=5.449674e-05 | loss=0.036415
Epoch 018 | Step 480 | lr=5.449674e-05 | loss=0.037336
Epoch 018 | Step 490 | lr=5.449674e-05 | loss=0.037010
Epoch 018 | Step 500 | lr=5.449674e-05 | loss=0.037012
Epoch 018 | Step 510 | lr=5.449674e-05 | loss=0.036931
Epoch 018 | Step 520 | lr=5.449674e-05 | loss=0.037309
Epoch 018 | Step 530 | lr=5.449674e-05 | loss=0.036049
Epoch 018 | Step 540 | lr=5.449674e-05 | loss=0.036268
Epoch 018 | Step 550 | lr=5.449674e-05 | loss=0.037105
Epoch 018 | Step 560 | lr=5.449674e-05 | loss=0.035543
Epoch 018 | Step 570 | lr=5.449674e-05 | loss=0.037211
Epoch 018 | Step 580 | lr=5.449674e-05 | loss=0.037248
Epoch 018 | Step 590 | lr=5.449674e-05 | loss=0.038268
Epoch 018 | Step 600 | lr=5.449674e-05 | loss=0.036236
Epoch 018 | Step 610 | lr=5.449674e-05 | loss=0.037856
Epoch 018 | Step 620 | lr=5.449674e-05 | loss=0.035355
Epoch 018 | Step 630 | lr=5.449674e-05 | loss=0.036866
Epoch 018 | Step 640 | lr=5.449674e-05 | loss=0.037104
Epoch 018 | Step 650 | lr=5.449674e-05 | loss=0.037333
Epoch 018 | Step 660 | lr=5.449674e-05 | loss=0.035214
Epoch 018 | Step 670 | lr=5.449674e-05 | loss=0.036243
Epoch 018 | Step 680 | lr=5.449674e-05 | loss=0.035880
Epoch 018 | Step 690 | lr=5.449674e-05 | loss=0.037182
Epoch 018 | Step 700 | lr=5.449674e-05 | loss=0.038164
Epoch 018 | Step 710 | lr=5.449674e-05 | loss=0.037745
Epoch 018 | Step 720 | lr=5.449674e-05 | loss=0.036596
Epoch 018 | Step 730 | lr=5.449674e-05 | loss=0.037459
Epoch 018 | Step 740 | lr=5.449674e-05 | loss=0.038105
Epoch 018 | Step 750 | lr=5.449674e-05 | loss=0.036173
Epoch 018 | Step 760 | lr=5.449674e-05 | loss=0.036515
Epoch 018 | Step 770 | lr=5.449674e-05 | loss=0.038175
Epoch 018 | Step 780 | lr=5.449674e-05 | loss=0.036999
Epoch 018 | Step 790 | lr=5.449674e-05 | loss=0.034786
Epoch 018 | Step 800 | lr=5.449674e-05 | loss=0.037108
Epoch 018 | Step 810 | lr=5.449674e-05 | loss=0.037658
Epoch 018 | Step 820 | lr=5.449674e-05 | loss=0.035853
Epoch 018 | Step 830 | lr=5.449674e-05 | loss=0.037337
Epoch 018 | Step 840 | lr=5.449674e-05 | loss=0.036993
Epoch 018 | Step 850 | lr=5.449674e-05 | loss=0.036607
Epoch 018 | Step 860 | lr=5.449674e-05 | loss=0.037367
Epoch 018 | Step 870 | lr=5.449674e-05 | loss=0.037037
Epoch 018 | Step 880 | lr=5.449674e-05 | loss=0.036517
Epoch 018 | Step 890 | lr=5.449674e-05 | loss=0.036152
Epoch 018 | Step 900 | lr=5.449674e-05 | loss=0.037562
Epoch 018 | Step 910 | lr=5.449674e-05 | loss=0.035804
Epoch 018 | Step 920 | lr=5.449674e-05 | loss=0.036421
Epoch 018 | Step 930 | lr=5.449674e-05 | loss=0.037223
Epoch 018 | Step 940 | lr=5.449674e-05 | loss=0.036764
Epoch 018 | Step 950 | lr=5.449674e-05 | loss=0.037628
Epoch 018 | Step 960 | lr=5.449674e-05 | loss=0.037045
epoch 018 | train_kld=0.036604 | val_kld=0.036219 | val_mae=0.002538 | val_mse=0.000073 | ord_acc@10=0.3280 | recall@10=0.8193
Epoch 019 | Step 10 | lr=2.447174e-05 | loss=0.036446
Epoch 019 | Step 20 | lr=2.447174e-05 | loss=0.037288
Epoch 019 | Step 30 | lr=2.447174e-05 | loss=0.037314
Epoch 019 | Step 40 | lr=2.447174e-05 | loss=0.035762
Epoch 019 | Step 50 | lr=2.447174e-05 | loss=0.038031
Epoch 019 | Step 60 | lr=2.447174e-05 | loss=0.036314
Epoch 019 | Step 70 | lr=2.447174e-05 | loss=0.035330
Epoch 019 | Step 80 | lr=2.447174e-05 | loss=0.036525
Epoch 019 | Step 90 | lr=2.447174e-05 | loss=0.035600
Epoch 019 | Step 100 | lr=2.447174e-05 | loss=0.035808
Epoch 019 | Step 110 | lr=2.447174e-05 | loss=0.035531
Epoch 019 | Step 120 | lr=2.447174e-05 | loss=0.035783
Epoch 019 | Step 130 | lr=2.447174e-05 | loss=0.036266
Epoch 019 | Step 140 | lr=2.447174e-05 | loss=0.035322
Epoch 019 | Step 150 | lr=2.447174e-05 | loss=0.035404
Epoch 019 | Step 160 | lr=2.447174e-05 | loss=0.037316
Epoch 019 | Step 170 | lr=2.447174e-05 | loss=0.035898
Epoch 019 | Step 180 | lr=2.447174e-05 | loss=0.035831
Epoch 019 | Step 190 | lr=2.447174e-05 | loss=0.036406
Epoch 019 | Step 200 | lr=2.447174e-05 | loss=0.036912
Epoch 019 | Step 210 | lr=2.447174e-05 | loss=0.035364
Epoch 019 | Step 220 | lr=2.447174e-05 | loss=0.036935
Epoch 019 | Step 230 | lr=2.447174e-05 | loss=0.036430
Epoch 019 | Step 240 | lr=2.447174e-05 | loss=0.037583
Epoch 019 | Step 250 | lr=2.447174e-05 | loss=0.037583
Epoch 019 | Step 260 | lr=2.447174e-05 | loss=0.037035
Epoch 019 | Step 270 | lr=2.447174e-05 | loss=0.035386
Epoch 019 | Step 280 | lr=2.447174e-05 | loss=0.035536
Epoch 019 | Step 290 | lr=2.447174e-05 | loss=0.035496
Epoch 019 | Step 300 | lr=2.447174e-05 | loss=0.037587
Epoch 019 | Step 310 | lr=2.447174e-05 | loss=0.035588
Epoch 019 | Step 320 | lr=2.447174e-05 | loss=0.036650
Epoch 019 | Step 330 | lr=2.447174e-05 | loss=0.035545
Epoch 019 | Step 340 | lr=2.447174e-05 | loss=0.037915
Epoch 019 | Step 350 | lr=2.447174e-05 | loss=0.036267
Epoch 019 | Step 360 | lr=2.447174e-05 | loss=0.035669
Epoch 019 | Step 370 | lr=2.447174e-05 | loss=0.036688
Epoch 019 | Step 380 | lr=2.447174e-05 | loss=0.037042
Epoch 019 | Step 390 | lr=2.447174e-05 | loss=0.037741
Epoch 019 | Step 400 | lr=2.447174e-05 | loss=0.036944
Epoch 019 | Step 410 | lr=2.447174e-05 | loss=0.035177
Epoch 019 | Step 420 | lr=2.447174e-05 | loss=0.035887
Epoch 019 | Step 430 | lr=2.447174e-05 | loss=0.037160
Epoch 019 | Step 440 | lr=2.447174e-05 | loss=0.036641
Epoch 019 | Step 450 | lr=2.447174e-05 | loss=0.036403
Epoch 019 | Step 460 | lr=2.447174e-05 | loss=0.035715
Epoch 019 | Step 470 | lr=2.447174e-05 | loss=0.037270
Epoch 019 | Step 480 | lr=2.447174e-05 | loss=0.035848
Epoch 019 | Step 490 | lr=2.447174e-05 | loss=0.038006
Epoch 019 | Step 500 | lr=2.447174e-05 | loss=0.036912
Epoch 019 | Step 510 | lr=2.447174e-05 | loss=0.035446
Epoch 019 | Step 520 | lr=2.447174e-05 | loss=0.034862
Epoch 019 | Step 530 | lr=2.447174e-05 | loss=0.034983
Epoch 019 | Step 540 | lr=2.447174e-05 | loss=0.036620
Epoch 019 | Step 550 | lr=2.447174e-05 | loss=0.036761
Epoch 019 | Step 560 | lr=2.447174e-05 | loss=0.036407
Epoch 019 | Step 570 | lr=2.447174e-05 | loss=0.034928
Epoch 019 | Step 580 | lr=2.447174e-05 | loss=0.036720
Epoch 019 | Step 590 | lr=2.447174e-05 | loss=0.036103
Epoch 019 | Step 600 | lr=2.447174e-05 | loss=0.036909
Epoch 019 | Step 610 | lr=2.447174e-05 | loss=0.036010
Epoch 019 | Step 620 | lr=2.447174e-05 | loss=0.034929
Epoch 019 | Step 630 | lr=2.447174e-05 | loss=0.036640
Epoch 019 | Step 640 | lr=2.447174e-05 | loss=0.036830
Epoch 019 | Step 650 | lr=2.447174e-05 | loss=0.037240
Epoch 019 | Step 660 | lr=2.447174e-05 | loss=0.037177
Epoch 019 | Step 670 | lr=2.447174e-05 | loss=0.034449
Epoch 019 | Step 680 | lr=2.447174e-05 | loss=0.036481
Epoch 019 | Step 690 | lr=2.447174e-05 | loss=0.035052
Epoch 019 | Step 700 | lr=2.447174e-05 | loss=0.036888
Epoch 019 | Step 710 | lr=2.447174e-05 | loss=0.039093
Epoch 019 | Step 720 | lr=2.447174e-05 | loss=0.036222
Epoch 019 | Step 730 | lr=2.447174e-05 | loss=0.036690
Epoch 019 | Step 740 | lr=2.447174e-05 | loss=0.036401
Epoch 019 | Step 750 | lr=2.447174e-05 | loss=0.037076
Epoch 019 | Step 760 | lr=2.447174e-05 | loss=0.036647
Epoch 019 | Step 770 | lr=2.447174e-05 | loss=0.035842
Epoch 019 | Step 780 | lr=2.447174e-05 | loss=0.037284
Epoch 019 | Step 790 | lr=2.447174e-05 | loss=0.036648
Epoch 019 | Step 800 | lr=2.447174e-05 | loss=0.035843
Epoch 019 | Step 810 | lr=2.447174e-05 | loss=0.036756
Epoch 019 | Step 820 | lr=2.447174e-05 | loss=0.035137
Epoch 019 | Step 830 | lr=2.447174e-05 | loss=0.036540
Epoch 019 | Step 840 | lr=2.447174e-05 | loss=0.035619
Epoch 019 | Step 850 | lr=2.447174e-05 | loss=0.037536
Epoch 019 | Step 860 | lr=2.447174e-05 | loss=0.036099
Epoch 019 | Step 870 | lr=2.447174e-05 | loss=0.037313
Epoch 019 | Step 880 | lr=2.447174e-05 | loss=0.036233
Epoch 019 | Step 890 | lr=2.447174e-05 | loss=0.035830
Epoch 019 | Step 900 | lr=2.447174e-05 | loss=0.035161
Epoch 019 | Step 910 | lr=2.447174e-05 | loss=0.037710
Epoch 019 | Step 920 | lr=2.447174e-05 | loss=0.037066
Epoch 019 | Step 930 | lr=2.447174e-05 | loss=0.036006
Epoch 019 | Step 940 | lr=2.447174e-05 | loss=0.036312
Epoch 019 | Step 950 | lr=2.447174e-05 | loss=0.036101
Epoch 019 | Step 960 | lr=2.447174e-05 | loss=0.036334
epoch 019 | train_kld=0.036405 | val_kld=0.036092 | val_mae=0.002531 | val_mse=0.000073 | ord_acc@10=0.3261 | recall@10=0.8203
Epoch 020 | Step 10 | lr=6.155830e-06 | loss=0.036932
Epoch 020 | Step 20 | lr=6.155830e-06 | loss=0.035785
Epoch 020 | Step 30 | lr=6.155830e-06 | loss=0.035119
Epoch 020 | Step 40 | lr=6.155830e-06 | loss=0.036996
Epoch 020 | Step 50 | lr=6.155830e-06 | loss=0.036237
Epoch 020 | Step 60 | lr=6.155830e-06 | loss=0.034279
Epoch 020 | Step 70 | lr=6.155830e-06 | loss=0.034992
Epoch 020 | Step 80 | lr=6.155830e-06 | loss=0.037136
Epoch 020 | Step 90 | lr=6.155830e-06 | loss=0.034763
Epoch 020 | Step 100 | lr=6.155830e-06 | loss=0.036858
Epoch 020 | Step 110 | lr=6.155830e-06 | loss=0.035104
Epoch 020 | Step 120 | lr=6.155830e-06 | loss=0.036325
Epoch 020 | Step 130 | lr=6.155830e-06 | loss=0.037076
Epoch 020 | Step 140 | lr=6.155830e-06 | loss=0.036633
Epoch 020 | Step 150 | lr=6.155830e-06 | loss=0.034971
Epoch 020 | Step 160 | lr=6.155830e-06 | loss=0.035646
Epoch 020 | Step 170 | lr=6.155830e-06 | loss=0.036007
Epoch 020 | Step 180 | lr=6.155830e-06 | loss=0.035948
Epoch 020 | Step 190 | lr=6.155830e-06 | loss=0.037702
Epoch 020 | Step 200 | lr=6.155830e-06 | loss=0.037163
Epoch 020 | Step 210 | lr=6.155830e-06 | loss=0.036186
Epoch 020 | Step 220 | lr=6.155830e-06 | loss=0.033942
Epoch 020 | Step 230 | lr=6.155830e-06 | loss=0.037446
Epoch 020 | Step 240 | lr=6.155830e-06 | loss=0.036554
Epoch 020 | Step 250 | lr=6.155830e-06 | loss=0.034556
Epoch 020 | Step 260 | lr=6.155830e-06 | loss=0.036279
Epoch 020 | Step 270 | lr=6.155830e-06 | loss=0.035295
Epoch 020 | Step 280 | lr=6.155830e-06 | loss=0.036559
Epoch 020 | Step 290 | lr=6.155830e-06 | loss=0.036739
Epoch 020 | Step 300 | lr=6.155830e-06 | loss=0.035518
Epoch 020 | Step 310 | lr=6.155830e-06 | loss=0.036049
Epoch 020 | Step 320 | lr=6.155830e-06 | loss=0.036466
Epoch 020 | Step 330 | lr=6.155830e-06 | loss=0.035846
Epoch 020 | Step 340 | lr=6.155830e-06 | loss=0.035313
Epoch 020 | Step 350 | lr=6.155830e-06 | loss=0.035570
Epoch 020 | Step 360 | lr=6.155830e-06 | loss=0.035183
Epoch 020 | Step 370 | lr=6.155830e-06 | loss=0.038052
Epoch 020 | Step 380 | lr=6.155830e-06 | loss=0.035640
Epoch 020 | Step 390 | lr=6.155830e-06 | loss=0.036025
Epoch 020 | Step 400 | lr=6.155830e-06 | loss=0.036866
Epoch 020 | Step 410 | lr=6.155830e-06 | loss=0.035685
Epoch 020 | Step 420 | lr=6.155830e-06 | loss=0.035217
Epoch 020 | Step 430 | lr=6.155830e-06 | loss=0.038021
Epoch 020 | Step 440 | lr=6.155830e-06 | loss=0.038177
Epoch 020 | Step 450 | lr=6.155830e-06 | loss=0.036409
Epoch 020 | Step 460 | lr=6.155830e-06 | loss=0.035629
Epoch 020 | Step 470 | lr=6.155830e-06 | loss=0.035947
Epoch 020 | Step 480 | lr=6.155830e-06 | loss=0.036348
Epoch 020 | Step 490 | lr=6.155830e-06 | loss=0.036495
Epoch 020 | Step 500 | lr=6.155830e-06 | loss=0.035959
Epoch 020 | Step 510 | lr=6.155830e-06 | loss=0.035998
Epoch 020 | Step 520 | lr=6.155830e-06 | loss=0.036615
Epoch 020 | Step 530 | lr=6.155830e-06 | loss=0.036042
Epoch 020 | Step 540 | lr=6.155830e-06 | loss=0.036150
Epoch 020 | Step 550 | lr=6.155830e-06 | loss=0.037056
Epoch 020 | Step 560 | lr=6.155830e-06 | loss=0.035603
Epoch 020 | Step 570 | lr=6.155830e-06 | loss=0.035424
Epoch 020 | Step 580 | lr=6.155830e-06 | loss=0.036202
Epoch 020 | Step 590 | lr=6.155830e-06 | loss=0.035322
Epoch 020 | Step 600 | lr=6.155830e-06 | loss=0.036125
Epoch 020 | Step 610 | lr=6.155830e-06 | loss=0.036723
Epoch 020 | Step 620 | lr=6.155830e-06 | loss=0.036418
Epoch 020 | Step 630 | lr=6.155830e-06 | loss=0.039035
Epoch 020 | Step 640 | lr=6.155830e-06 | loss=0.036512
Epoch 020 | Step 650 | lr=6.155830e-06 | loss=0.037054
Epoch 020 | Step 660 | lr=6.155830e-06 | loss=0.034611
Epoch 020 | Step 670 | lr=6.155830e-06 | loss=0.034526
Epoch 020 | Step 680 | lr=6.155830e-06 | loss=0.036335
Epoch 020 | Step 690 | lr=6.155830e-06 | loss=0.036415
Epoch 020 | Step 700 | lr=6.155830e-06 | loss=0.037207
Epoch 020 | Step 710 | lr=6.155830e-06 | loss=0.037505
Epoch 020 | Step 720 | lr=6.155830e-06 | loss=0.034493
Epoch 020 | Step 730 | lr=6.155830e-06 | loss=0.036237
Epoch 020 | Step 740 | lr=6.155830e-06 | loss=0.036512
Epoch 020 | Step 750 | lr=6.155830e-06 | loss=0.035865
Epoch 020 | Step 760 | lr=6.155830e-06 | loss=0.034024
Epoch 020 | Step 770 | lr=6.155830e-06 | loss=0.036203
Epoch 020 | Step 780 | lr=6.155830e-06 | loss=0.037009
Epoch 020 | Step 790 | lr=6.155830e-06 | loss=0.035871
Epoch 020 | Step 800 | lr=6.155830e-06 | loss=0.037254
Epoch 020 | Step 810 | lr=6.155830e-06 | loss=0.036970
Epoch 020 | Step 820 | lr=6.155830e-06 | loss=0.036111
Epoch 020 | Step 830 | lr=6.155830e-06 | loss=0.037695
Epoch 020 | Step 840 | lr=6.155830e-06 | loss=0.038472
Epoch 020 | Step 850 | lr=6.155830e-06 | loss=0.036918
Epoch 020 | Step 860 | lr=6.155830e-06 | loss=0.037252
Epoch 020 | Step 870 | lr=6.155830e-06 | loss=0.036842
Epoch 020 | Step 880 | lr=6.155830e-06 | loss=0.037236
Epoch 020 | Step 890 | lr=6.155830e-06 | loss=0.034468
Epoch 020 | Step 900 | lr=6.155830e-06 | loss=0.038221
Epoch 020 | Step 910 | lr=6.155830e-06 | loss=0.035898
Epoch 020 | Step 920 | lr=6.155830e-06 | loss=0.035839
Epoch 020 | Step 930 | lr=6.155830e-06 | loss=0.037221
Epoch 020 | Step 940 | lr=6.155830e-06 | loss=0.035535
Epoch 020 | Step 950 | lr=6.155830e-06 | loss=0.036341
Epoch 020 | Step 960 | lr=6.155830e-06 | loss=0.034749
/mnt/hdd/xln/PycharmProjects/PredictLeafNode/src/model/cluster_dist_transformer_original.py:844: FutureWarning: You are using `torch.load` with `weights_only=False` (the current default value), which uses the default pickle module implicitly. It is possible to construct malicious pickle data which will execute arbitrary code during unpickling (See https://github.com/pytorch/pytorch/blob/main/SECURITY.md#untrusted-models for more details). In a future release, the default value for `weights_only` will be flipped to `True`. This limits the functions that could be executed during unpickling. Arbitrary objects will no longer be allowed to be loaded via this mode unless they are explicitly allowlisted by the user via `torch.serialization.add_safe_globals`. We recommend you start setting `weights_only=True` for any use case where you don't have full control of the loaded file. Please open an issue on GitHub for any issues related to this experimental feature.
  ckpt = torch.load(best_path, map_location=device)
epoch 020 | train_kld=0.036258 | val_kld=0.036016 | val_mae=0.002529 | val_mse=0.000072 | ord_acc@10=0.3290 | recall@10=0.8203
Saved epoch 1 batch metrics plot to input/Training_data/gist1M_learn/leafsize20K/D_model_d256_L4_H8_ff512_topk10_bs512_ep20_lr0.001_wd0.01_bilinear_normalizeTrue_posFalse_gatingFalse_loss_typehybrid_use_type_embedTrue/model_d256_L4_H8_ff512_topk10_bs512_ep20_lr0.001_wd0.01_bilinear_normalizeTrue_posFalse_gatingFalse_loss_typehybrid_use_type_embedTrue_epoch1_batch_metrics@10.png
Saved epoch metrics plot to input/Training_data/gist1M_learn/leafsize20K/D_model_d256_L4_H8_ff512_topk10_bs512_ep20_lr0.001_wd0.01_bilinear_normalizeTrue_posFalse_gatingFalse_loss_typehybrid_use_type_embedTrue/model_d256_L4_H8_ff512_topk10_bs512_ep20_lr0.001_wd0.01_bilinear_normalizeTrue_posFalse_gatingFalse_loss_typehybrid_use_type_embedTrue_epoch_metrics.png
best val_kld: 0.036016 at epoch 20
Loaded checkpoint from input/Training_data/gist1M_learn/leafsize20K/D_model_d256_L4_H8_ff512_topk10_bs512_ep20_lr0.001_wd0.01_bilinear_normalizeTrue_posFalse_gatingFalse_loss_typehybrid_use_type_embedTrue/model_d256_L4_H8_ff512_topk10_bs512_ep20_lr0.001_wd0.01_bilinear_normalizeTrue_posFalse_gatingFalse_loss_typehybrid_use_type_embedTrue.pt (epoch=20)
[TEST] kld=0.038093 | mae=0.002608 | mse=0.000072 | ord_acc@10=0.3191 | recall@10=0.8233
Saving model predictions to file...
Saved predictions -> input/Training_data/gist1M_learn/leafsize20K/D_model_d256_L4_H8_ff512_topk10_bs512_ep20_lr0.001_wd0.01_bilinear_normalizeTrue_posFalse_gatingFalse_loss_typehybrid_use_type_embedTrue/model_d256_L4_H8_ff512_topk10_bs512_ep20_lr0.001_wd0.01_bilinear_normalizeTrue_posFalse_gatingFalse_loss_typehybrid_use_type_embedTrue_pred.txt
