/home/xln/miniconda3/envs/elpis_torch/lib/python3.12/site-packages/torch/nn/modules/transformer.py:379: UserWarning: enable_nested_tensor is True, but self.use_nested_tensor is False because encoder_layer.norm_first was True
  warnings.warn(
Detected K=116, D=960
Using experiment ID: D
Epoch 001 | Batch 10 | val_kld=6.920510 | val_ordacc@10=0.062503 | val_recall@10=0.480886
Epoch 001 | Step 10 | lr=1.000000e-03 | loss=9.016233
Epoch 001 | Batch 20 | val_kld=3.488261 | val_ordacc@10=0.080492 | val_recall@10=0.576247
Epoch 001 | Step 20 | lr=1.000000e-03 | loss=3.898069
Epoch 001 | Batch 30 | val_kld=1.749077 | val_ordacc@10=0.116989 | val_recall@10=0.628122
Epoch 001 | Step 30 | lr=1.000000e-03 | loss=2.346834
Epoch 001 | Batch 40 | val_kld=1.429551 | val_ordacc@10=0.136511 | val_recall@10=0.665165
Epoch 001 | Step 40 | lr=1.000000e-03 | loss=2.219944
Epoch 001 | Batch 50 | val_kld=1.171461 | val_ordacc@10=0.151545 | val_recall@10=0.681404
Epoch 001 | Step 50 | lr=1.000000e-03 | loss=1.654880
Epoch 001 | Batch 60 | val_kld=1.132838 | val_ordacc@10=0.159295 | val_recall@10=0.699428
Epoch 001 | Step 60 | lr=1.000000e-03 | loss=1.295568
Epoch 001 | Batch 70 | val_kld=0.934104 | val_ordacc@10=0.170291 | val_recall@10=0.710811
Epoch 001 | Step 70 | lr=1.000000e-03 | loss=1.186787
Epoch 001 | Batch 80 | val_kld=0.857055 | val_ordacc@10=0.180548 | val_recall@10=0.720922
Epoch 001 | Step 80 | lr=1.000000e-03 | loss=1.110430
Epoch 001 | Batch 90 | val_kld=0.950197 | val_ordacc@10=0.157840 | val_recall@10=0.698245
Epoch 001 | Step 90 | lr=1.000000e-03 | loss=0.903782
Epoch 001 | Batch 100 | val_kld=0.806193 | val_ordacc@10=0.181988 | val_recall@10=0.736204
Epoch 001 | Step 100 | lr=1.000000e-03 | loss=1.023300
Epoch 001 | Batch 110 | val_kld=0.729763 | val_ordacc@10=0.200931 | val_recall@10=0.746656
Epoch 001 | Step 110 | lr=1.000000e-03 | loss=0.844403
Epoch 001 | Batch 120 | val_kld=0.789563 | val_ordacc@10=0.179951 | val_recall@10=0.742454
Epoch 001 | Step 120 | lr=1.000000e-03 | loss=0.824453
Epoch 001 | Batch 130 | val_kld=0.789044 | val_ordacc@10=0.181323 | val_recall@10=0.736948
Epoch 001 | Step 130 | lr=1.000000e-03 | loss=1.005179
Epoch 001 | Batch 140 | val_kld=0.702234 | val_ordacc@10=0.200092 | val_recall@10=0.749823
Epoch 001 | Step 140 | lr=1.000000e-03 | loss=0.719185
Epoch 001 | Batch 150 | val_kld=0.729065 | val_ordacc@10=0.193560 | val_recall@10=0.749139
Epoch 001 | Step 150 | lr=1.000000e-03 | loss=0.827577
Epoch 001 | Batch 160 | val_kld=0.725371 | val_ordacc@10=0.189655 | val_recall@10=0.735340
Epoch 001 | Step 160 | lr=1.000000e-03 | loss=0.815972
Epoch 001 | Batch 170 | val_kld=0.649107 | val_ordacc@10=0.214422 | val_recall@10=0.754094
Epoch 001 | Step 170 | lr=1.000000e-03 | loss=0.755462
Epoch 001 | Batch 180 | val_kld=0.712463 | val_ordacc@10=0.188603 | val_recall@10=0.753375
Epoch 001 | Step 180 | lr=1.000000e-03 | loss=0.803948
Epoch 001 | Batch 190 | val_kld=0.683298 | val_ordacc@10=0.201403 | val_recall@10=0.752172
Epoch 001 | Step 190 | lr=1.000000e-03 | loss=0.702965
Epoch 001 | Batch 200 | val_kld=0.682121 | val_ordacc@10=0.201944 | val_recall@10=0.741921
Epoch 001 | Step 200 | lr=1.000000e-03 | loss=0.733487
Epoch 001 | Batch 210 | val_kld=0.683516 | val_ordacc@10=0.189974 | val_recall@10=0.753199
Epoch 001 | Step 210 | lr=1.000000e-03 | loss=0.800336
Epoch 001 | Batch 220 | val_kld=0.676368 | val_ordacc@10=0.200879 | val_recall@10=0.762167
Epoch 001 | Step 220 | lr=1.000000e-03 | loss=0.721438
Epoch 001 | Batch 230 | val_kld=0.621278 | val_ordacc@10=0.214492 | val_recall@10=0.760798
Epoch 001 | Step 230 | lr=1.000000e-03 | loss=0.686914
Epoch 001 | Batch 240 | val_kld=0.638316 | val_ordacc@10=0.204348 | val_recall@10=0.757498
Epoch 001 | Step 240 | lr=1.000000e-03 | loss=0.679541
Epoch 001 | Batch 250 | val_kld=0.616474 | val_ordacc@10=0.209281 | val_recall@10=0.760555
Epoch 001 | Step 250 | lr=1.000000e-03 | loss=0.653522
Epoch 001 | Batch 260 | val_kld=0.576648 | val_ordacc@10=0.214725 | val_recall@10=0.769537
Epoch 001 | Step 260 | lr=1.000000e-03 | loss=0.648234
Epoch 001 | Batch 270 | val_kld=0.545357 | val_ordacc@10=0.226075 | val_recall@10=0.768676
Epoch 001 | Step 270 | lr=1.000000e-03 | loss=0.645800
Epoch 001 | Batch 280 | val_kld=0.614135 | val_ordacc@10=0.205699 | val_recall@10=0.758317
Epoch 001 | Step 280 | lr=1.000000e-03 | loss=0.674229
Epoch 001 | Batch 290 | val_kld=0.553799 | val_ordacc@10=0.229288 | val_recall@10=0.773711
Epoch 001 | Step 290 | lr=1.000000e-03 | loss=0.660815
Epoch 001 | Batch 300 | val_kld=0.548702 | val_ordacc@10=0.225474 | val_recall@10=0.768256
Epoch 001 | Step 300 | lr=1.000000e-03 | loss=0.589354
Epoch 001 | Batch 310 | val_kld=0.532329 | val_ordacc@10=0.230921 | val_recall@10=0.771583
Epoch 001 | Step 310 | lr=1.000000e-03 | loss=0.639629
Epoch 001 | Batch 320 | val_kld=0.606659 | val_ordacc@10=0.202603 | val_recall@10=0.757651
Epoch 001 | Step 320 | lr=1.000000e-03 | loss=0.645223
Epoch 001 | Batch 330 | val_kld=0.548933 | val_ordacc@10=0.216401 | val_recall@10=0.774725
Epoch 001 | Step 330 | lr=1.000000e-03 | loss=0.633341
Epoch 001 | Batch 340 | val_kld=0.536146 | val_ordacc@10=0.222479 | val_recall@10=0.772902
Epoch 001 | Step 340 | lr=1.000000e-03 | loss=0.573898
Epoch 001 | Batch 350 | val_kld=0.568255 | val_ordacc@10=0.213667 | val_recall@10=0.776967
Epoch 001 | Step 350 | lr=1.000000e-03 | loss=0.593243
Epoch 001 | Batch 360 | val_kld=0.523410 | val_ordacc@10=0.224971 | val_recall@10=0.770884
Epoch 001 | Step 360 | lr=1.000000e-03 | loss=0.552200
Epoch 001 | Batch 370 | val_kld=0.561352 | val_ordacc@10=0.212050 | val_recall@10=0.775821
Epoch 001 | Step 370 | lr=1.000000e-03 | loss=0.562215
Epoch 001 | Batch 380 | val_kld=0.563021 | val_ordacc@10=0.214295 | val_recall@10=0.763467
Epoch 001 | Step 380 | lr=1.000000e-03 | loss=0.547061
Epoch 001 | Batch 390 | val_kld=0.520296 | val_ordacc@10=0.226153 | val_recall@10=0.777638
Epoch 001 | Step 390 | lr=1.000000e-03 | loss=0.559879
Epoch 001 | Batch 400 | val_kld=0.527732 | val_ordacc@10=0.224738 | val_recall@10=0.778829
Epoch 001 | Step 400 | lr=1.000000e-03 | loss=0.616924
Epoch 001 | Batch 410 | val_kld=0.485761 | val_ordacc@10=0.232436 | val_recall@10=0.780391
Epoch 001 | Step 410 | lr=1.000000e-03 | loss=0.576054
Epoch 001 | Batch 420 | val_kld=0.510788 | val_ordacc@10=0.226361 | val_recall@10=0.775442
Epoch 001 | Step 420 | lr=1.000000e-03 | loss=0.581494
Epoch 001 | Batch 430 | val_kld=0.495727 | val_ordacc@10=0.224290 | val_recall@10=0.776097
Epoch 001 | Step 430 | lr=1.000000e-03 | loss=0.574226
Epoch 001 | Batch 440 | val_kld=0.480306 | val_ordacc@10=0.234747 | val_recall@10=0.785240
Epoch 001 | Step 440 | lr=1.000000e-03 | loss=0.516543
Epoch 001 | Batch 450 | val_kld=0.456388 | val_ordacc@10=0.239073 | val_recall@10=0.782419
Epoch 001 | Step 450 | lr=1.000000e-03 | loss=0.483062
Epoch 001 | Batch 460 | val_kld=0.464825 | val_ordacc@10=0.234022 | val_recall@10=0.785136
Epoch 001 | Step 460 | lr=1.000000e-03 | loss=0.492283
Epoch 001 | Batch 470 | val_kld=0.518012 | val_ordacc@10=0.225380 | val_recall@10=0.780015
Epoch 001 | Step 470 | lr=1.000000e-03 | loss=0.557231
Epoch 001 | Batch 480 | val_kld=0.480326 | val_ordacc@10=0.233215 | val_recall@10=0.779355
Epoch 001 | Step 480 | lr=1.000000e-03 | loss=0.551158
Epoch 001 | Batch 490 | val_kld=0.456605 | val_ordacc@10=0.239482 | val_recall@10=0.787652
Epoch 001 | Step 490 | lr=1.000000e-03 | loss=0.541955
Epoch 001 | Batch 500 | val_kld=0.467206 | val_ordacc@10=0.239396 | val_recall@10=0.780278
Epoch 001 | Step 500 | lr=1.000000e-03 | loss=0.495605
Epoch 001 | Batch 510 | val_kld=0.447462 | val_ordacc@10=0.232387 | val_recall@10=0.786954
Epoch 001 | Step 510 | lr=1.000000e-03 | loss=0.452294
Epoch 001 | Batch 520 | val_kld=0.447454 | val_ordacc@10=0.239523 | val_recall@10=0.788453
Epoch 001 | Step 520 | lr=1.000000e-03 | loss=0.495253
Epoch 001 | Batch 530 | val_kld=0.431153 | val_ordacc@10=0.238077 | val_recall@10=0.792467
Epoch 001 | Step 530 | lr=1.000000e-03 | loss=0.482752
Epoch 001 | Batch 540 | val_kld=0.426965 | val_ordacc@10=0.240866 | val_recall@10=0.789401
Epoch 001 | Step 540 | lr=1.000000e-03 | loss=0.453804
Epoch 001 | Batch 550 | val_kld=0.435823 | val_ordacc@10=0.239258 | val_recall@10=0.782980
Epoch 001 | Step 550 | lr=1.000000e-03 | loss=0.491733
Epoch 001 | Batch 560 | val_kld=0.424318 | val_ordacc@10=0.242347 | val_recall@10=0.792628
Epoch 001 | Step 560 | lr=1.000000e-03 | loss=0.437752
Epoch 001 | Batch 570 | val_kld=0.422720 | val_ordacc@10=0.239974 | val_recall@10=0.796954
Epoch 001 | Step 570 | lr=1.000000e-03 | loss=0.488643
Epoch 001 | Batch 580 | val_kld=0.401422 | val_ordacc@10=0.248815 | val_recall@10=0.794773
Epoch 001 | Step 580 | lr=1.000000e-03 | loss=0.459928
Epoch 001 | Batch 590 | val_kld=0.390945 | val_ordacc@10=0.252508 | val_recall@10=0.798765
Epoch 001 | Step 590 | lr=1.000000e-03 | loss=0.450344
Epoch 001 | Batch 600 | val_kld=0.395548 | val_ordacc@10=0.251307 | val_recall@10=0.787950
Epoch 001 | Step 600 | lr=1.000000e-03 | loss=0.445596
Epoch 001 | Batch 610 | val_kld=0.422911 | val_ordacc@10=0.236545 | val_recall@10=0.797908
Epoch 001 | Step 610 | lr=1.000000e-03 | loss=0.441692
Epoch 001 | Batch 620 | val_kld=0.405906 | val_ordacc@10=0.243365 | val_recall@10=0.790769
Epoch 001 | Step 620 | lr=1.000000e-03 | loss=0.503550
Epoch 001 | Batch 630 | val_kld=0.382638 | val_ordacc@10=0.249315 | val_recall@10=0.795389
Epoch 001 | Step 630 | lr=1.000000e-03 | loss=0.432648
Epoch 001 | Batch 640 | val_kld=0.385444 | val_ordacc@10=0.253886 | val_recall@10=0.800072
Epoch 001 | Step 640 | lr=1.000000e-03 | loss=0.430391
Epoch 001 | Batch 650 | val_kld=0.385750 | val_ordacc@10=0.250687 | val_recall@10=0.794630
Epoch 001 | Step 650 | lr=1.000000e-03 | loss=0.435358
Epoch 001 | Batch 660 | val_kld=0.376258 | val_ordacc@10=0.251993 | val_recall@10=0.796551
Epoch 001 | Step 660 | lr=1.000000e-03 | loss=0.432447
Epoch 001 | Batch 670 | val_kld=0.401241 | val_ordacc@10=0.247038 | val_recall@10=0.793786
Epoch 001 | Step 670 | lr=1.000000e-03 | loss=0.459806
Epoch 001 | Batch 680 | val_kld=0.383206 | val_ordacc@10=0.251055 | val_recall@10=0.798752
Epoch 001 | Step 680 | lr=1.000000e-03 | loss=0.430914
Epoch 001 | Batch 690 | val_kld=0.369357 | val_ordacc@10=0.258367 | val_recall@10=0.802140
Epoch 001 | Step 690 | lr=1.000000e-03 | loss=0.428470
Epoch 001 | Batch 700 | val_kld=0.364108 | val_ordacc@10=0.257746 | val_recall@10=0.802089
Epoch 001 | Step 700 | lr=1.000000e-03 | loss=0.407907
Epoch 001 | Batch 710 | val_kld=0.385583 | val_ordacc@10=0.247119 | val_recall@10=0.798169
Epoch 001 | Step 710 | lr=1.000000e-03 | loss=0.434925
Epoch 001 | Batch 720 | val_kld=0.376023 | val_ordacc@10=0.257530 | val_recall@10=0.806298
Epoch 001 | Step 720 | lr=1.000000e-03 | loss=0.430110
Epoch 001 | Batch 730 | val_kld=0.391631 | val_ordacc@10=0.244072 | val_recall@10=0.806122
Epoch 001 | Step 730 | lr=1.000000e-03 | loss=0.391776
Epoch 001 | Batch 740 | val_kld=0.378084 | val_ordacc@10=0.254542 | val_recall@10=0.797231
Epoch 001 | Step 740 | lr=1.000000e-03 | loss=0.422598
Epoch 001 | Batch 750 | val_kld=0.376716 | val_ordacc@10=0.257159 | val_recall@10=0.792824
Epoch 001 | Step 750 | lr=1.000000e-03 | loss=0.460230
Epoch 001 | Batch 760 | val_kld=0.423973 | val_ordacc@10=0.236679 | val_recall@10=0.792005
Epoch 001 | Step 760 | lr=1.000000e-03 | loss=0.489253
Epoch 001 | Batch 770 | val_kld=0.389553 | val_ordacc@10=0.256595 | val_recall@10=0.802738
Epoch 001 | Step 770 | lr=1.000000e-03 | loss=0.414723
Epoch 001 | Batch 780 | val_kld=0.378819 | val_ordacc@10=0.258168 | val_recall@10=0.802797
Epoch 001 | Step 780 | lr=1.000000e-03 | loss=0.418352
Epoch 001 | Batch 790 | val_kld=0.374230 | val_ordacc@10=0.256197 | val_recall@10=0.805682
Epoch 001 | Step 790 | lr=1.000000e-03 | loss=0.429593
Epoch 001 | Batch 800 | val_kld=0.405293 | val_ordacc@10=0.245373 | val_recall@10=0.803972
Epoch 001 | Step 800 | lr=1.000000e-03 | loss=0.430355
Epoch 001 | Batch 810 | val_kld=0.382752 | val_ordacc@10=0.248089 | val_recall@10=0.803754
Epoch 001 | Step 810 | lr=1.000000e-03 | loss=0.446052
Epoch 001 | Batch 820 | val_kld=0.380681 | val_ordacc@10=0.254416 | val_recall@10=0.803608
Epoch 001 | Step 820 | lr=1.000000e-03 | loss=0.446041
Epoch 001 | Batch 830 | val_kld=0.391756 | val_ordacc@10=0.247749 | val_recall@10=0.794866
Epoch 001 | Step 830 | lr=1.000000e-03 | loss=0.426044
Epoch 001 | Batch 840 | val_kld=0.370034 | val_ordacc@10=0.259168 | val_recall@10=0.798964
Epoch 001 | Step 840 | lr=1.000000e-03 | loss=0.455532
Epoch 001 | Batch 850 | val_kld=0.365060 | val_ordacc@10=0.259649 | val_recall@10=0.808967
Epoch 001 | Step 850 | lr=1.000000e-03 | loss=0.364289
Epoch 001 | Batch 860 | val_kld=0.362794 | val_ordacc@10=0.257292 | val_recall@10=0.804103
Epoch 001 | Step 860 | lr=1.000000e-03 | loss=0.429385
Epoch 001 | Batch 870 | val_kld=0.365265 | val_ordacc@10=0.252582 | val_recall@10=0.810755
Epoch 001 | Step 870 | lr=1.000000e-03 | loss=0.370836
Epoch 001 | Batch 880 | val_kld=0.355259 | val_ordacc@10=0.263177 | val_recall@10=0.808228
Epoch 001 | Step 880 | lr=1.000000e-03 | loss=0.380323
Epoch 001 | Batch 890 | val_kld=0.370021 | val_ordacc@10=0.254714 | val_recall@10=0.798408
Epoch 001 | Step 890 | lr=1.000000e-03 | loss=0.443316
Epoch 001 | Batch 900 | val_kld=0.348375 | val_ordacc@10=0.265273 | val_recall@10=0.807317
Epoch 001 | Step 900 | lr=1.000000e-03 | loss=0.420546
Epoch 001 | Batch 910 | val_kld=0.352573 | val_ordacc@10=0.259409 | val_recall@10=0.812209
Epoch 001 | Step 910 | lr=1.000000e-03 | loss=0.355896
Epoch 001 | Batch 920 | val_kld=0.353792 | val_ordacc@10=0.260452 | val_recall@10=0.805431
Epoch 001 | Step 920 | lr=1.000000e-03 | loss=0.389356
Epoch 001 | Batch 930 | val_kld=0.344947 | val_ordacc@10=0.260764 | val_recall@10=0.813021
Epoch 001 | Step 930 | lr=1.000000e-03 | loss=0.418461
Epoch 001 | Batch 940 | val_kld=0.345260 | val_ordacc@10=0.267345 | val_recall@10=0.809118
Epoch 001 | Step 940 | lr=1.000000e-03 | loss=0.352251
Epoch 001 | Batch 950 | val_kld=0.341316 | val_ordacc@10=0.263824 | val_recall@10=0.808015
Epoch 001 | Step 950 | lr=1.000000e-03 | loss=0.383853
Epoch 001 | Batch 960 | val_kld=0.353508 | val_ordacc@10=0.258084 | val_recall@10=0.805138
Epoch 001 | Step 960 | lr=1.000000e-03 | loss=0.377559
epoch 001 | train_kld=0.792174 | val_kld=0.343279 | val_mae=0.004389 | val_mse=0.000409 | ord_acc@10=0.2674 | recall@10=0.8015
Epoch 002 | Step 10 | lr=9.938442e-04 | loss=0.355205
Epoch 002 | Step 20 | lr=9.938442e-04 | loss=0.369759
Epoch 002 | Step 30 | lr=9.938442e-04 | loss=0.340419
Epoch 002 | Step 40 | lr=9.938442e-04 | loss=0.360758
Epoch 002 | Step 50 | lr=9.938442e-04 | loss=0.354357
Epoch 002 | Step 60 | lr=9.938442e-04 | loss=0.360321
Epoch 002 | Step 70 | lr=9.938442e-04 | loss=0.409502
Epoch 002 | Step 80 | lr=9.938442e-04 | loss=0.358372
Epoch 002 | Step 90 | lr=9.938442e-04 | loss=0.369611
Epoch 002 | Step 100 | lr=9.938442e-04 | loss=0.362189
Epoch 002 | Step 110 | lr=9.938442e-04 | loss=0.355814
Epoch 002 | Step 120 | lr=9.938442e-04 | loss=0.352637
Epoch 002 | Step 130 | lr=9.938442e-04 | loss=0.369351
Epoch 002 | Step 140 | lr=9.938442e-04 | loss=0.339472
Epoch 002 | Step 150 | lr=9.938442e-04 | loss=0.332251
Epoch 002 | Step 160 | lr=9.938442e-04 | loss=0.353847
Epoch 002 | Step 170 | lr=9.938442e-04 | loss=0.405560
Epoch 002 | Step 180 | lr=9.938442e-04 | loss=0.350584
Epoch 002 | Step 190 | lr=9.938442e-04 | loss=0.348028
Epoch 002 | Step 200 | lr=9.938442e-04 | loss=0.348006
Epoch 002 | Step 210 | lr=9.938442e-04 | loss=0.358672
Epoch 002 | Step 220 | lr=9.938442e-04 | loss=0.377301
Epoch 002 | Step 230 | lr=9.938442e-04 | loss=0.381024
Epoch 002 | Step 240 | lr=9.938442e-04 | loss=0.349602
Epoch 002 | Step 250 | lr=9.938442e-04 | loss=0.475254
Epoch 002 | Step 260 | lr=9.938442e-04 | loss=0.400608
Epoch 002 | Step 270 | lr=9.938442e-04 | loss=0.384818
Epoch 002 | Step 280 | lr=9.938442e-04 | loss=0.372181
Epoch 002 | Step 290 | lr=9.938442e-04 | loss=0.372673
Epoch 002 | Step 300 | lr=9.938442e-04 | loss=0.329081
Epoch 002 | Step 310 | lr=9.938442e-04 | loss=0.329981
Epoch 002 | Step 320 | lr=9.938442e-04 | loss=0.407782
Epoch 002 | Step 330 | lr=9.938442e-04 | loss=0.354254
Epoch 002 | Step 340 | lr=9.938442e-04 | loss=0.345302
Epoch 002 | Step 350 | lr=9.938442e-04 | loss=0.393669
Epoch 002 | Step 360 | lr=9.938442e-04 | loss=0.348855
Epoch 002 | Step 370 | lr=9.938442e-04 | loss=0.353399
Epoch 002 | Step 380 | lr=9.938442e-04 | loss=0.402005
Epoch 002 | Step 390 | lr=9.938442e-04 | loss=0.356852
Epoch 002 | Step 400 | lr=9.938442e-04 | loss=0.338202
Epoch 002 | Step 410 | lr=9.938442e-04 | loss=0.365093
Epoch 002 | Step 420 | lr=9.938442e-04 | loss=0.359574
Epoch 002 | Step 430 | lr=9.938442e-04 | loss=0.374080
Epoch 002 | Step 440 | lr=9.938442e-04 | loss=0.335573
Epoch 002 | Step 450 | lr=9.938442e-04 | loss=0.358510
Epoch 002 | Step 460 | lr=9.938442e-04 | loss=0.368638
Epoch 002 | Step 470 | lr=9.938442e-04 | loss=0.356096
Epoch 002 | Step 480 | lr=9.938442e-04 | loss=0.338966
Epoch 002 | Step 490 | lr=9.938442e-04 | loss=0.347635
Epoch 002 | Step 500 | lr=9.938442e-04 | loss=0.335673
Epoch 002 | Step 510 | lr=9.938442e-04 | loss=0.334232
Epoch 002 | Step 520 | lr=9.938442e-04 | loss=0.334472
Epoch 002 | Step 530 | lr=9.938442e-04 | loss=0.332786
Epoch 002 | Step 540 | lr=9.938442e-04 | loss=0.353877
Epoch 002 | Step 550 | lr=9.938442e-04 | loss=0.334680
Epoch 002 | Step 560 | lr=9.938442e-04 | loss=0.350355
Epoch 002 | Step 570 | lr=9.938442e-04 | loss=0.311052
Epoch 002 | Step 580 | lr=9.938442e-04 | loss=0.357778
Epoch 002 | Step 590 | lr=9.938442e-04 | loss=0.334634
Epoch 002 | Step 600 | lr=9.938442e-04 | loss=0.334042
Epoch 002 | Step 610 | lr=9.938442e-04 | loss=0.336279
Epoch 002 | Step 620 | lr=9.938442e-04 | loss=0.365876
Epoch 002 | Step 630 | lr=9.938442e-04 | loss=0.318733
Epoch 002 | Step 640 | lr=9.938442e-04 | loss=0.325505
Epoch 002 | Step 650 | lr=9.938442e-04 | loss=0.338810
Epoch 002 | Step 660 | lr=9.938442e-04 | loss=0.354983
Epoch 002 | Step 670 | lr=9.938442e-04 | loss=0.321996
Epoch 002 | Step 680 | lr=9.938442e-04 | loss=0.354418
Epoch 002 | Step 690 | lr=9.938442e-04 | loss=0.312665
Epoch 002 | Step 700 | lr=9.938442e-04 | loss=0.353642
Epoch 002 | Step 710 | lr=9.938442e-04 | loss=0.330299
Epoch 002 | Step 720 | lr=9.938442e-04 | loss=0.327855
Epoch 002 | Step 730 | lr=9.938442e-04 | loss=0.326978
Epoch 002 | Step 740 | lr=9.938442e-04 | loss=0.332484
Epoch 002 | Step 750 | lr=9.938442e-04 | loss=0.319299
Epoch 002 | Step 760 | lr=9.938442e-04 | loss=0.325947
Epoch 002 | Step 770 | lr=9.938442e-04 | loss=0.342707
Epoch 002 | Step 780 | lr=9.938442e-04 | loss=0.309987
Epoch 002 | Step 790 | lr=9.938442e-04 | loss=0.311306
Epoch 002 | Step 800 | lr=9.938442e-04 | loss=0.353201
Epoch 002 | Step 810 | lr=9.938442e-04 | loss=0.315972
Epoch 002 | Step 820 | lr=9.938442e-04 | loss=0.328028
Epoch 002 | Step 830 | lr=9.938442e-04 | loss=0.373801
Epoch 002 | Step 840 | lr=9.938442e-04 | loss=0.351770
Epoch 002 | Step 850 | lr=9.938442e-04 | loss=0.338109
Epoch 002 | Step 860 | lr=9.938442e-04 | loss=0.323911
Epoch 002 | Step 870 | lr=9.938442e-04 | loss=0.349185
Epoch 002 | Step 880 | lr=9.938442e-04 | loss=0.323327
Epoch 002 | Step 890 | lr=9.938442e-04 | loss=0.386414
Epoch 002 | Step 900 | lr=9.938442e-04 | loss=0.338104
Epoch 002 | Step 910 | lr=9.938442e-04 | loss=0.337248
Epoch 002 | Step 920 | lr=9.938442e-04 | loss=0.382137
Epoch 002 | Step 930 | lr=9.938442e-04 | loss=0.368260
Epoch 002 | Step 940 | lr=9.938442e-04 | loss=0.387864
Epoch 002 | Step 950 | lr=9.938442e-04 | loss=0.335419
Epoch 002 | Step 960 | lr=9.938442e-04 | loss=0.311027
epoch 002 | train_kld=0.350363 | val_kld=0.307098 | val_mae=0.004133 | val_mse=0.000346 | ord_acc@10=0.2729 | recall@10=0.8171
Epoch 003 | Step 10 | lr=9.755283e-04 | loss=0.308266
Epoch 003 | Step 20 | lr=9.755283e-04 | loss=0.357404
Epoch 003 | Step 30 | lr=9.755283e-04 | loss=0.320871
Epoch 003 | Step 40 | lr=9.755283e-04 | loss=0.354628
Epoch 003 | Step 50 | lr=9.755283e-04 | loss=0.306664
Epoch 003 | Step 60 | lr=9.755283e-04 | loss=0.325000
Epoch 003 | Step 70 | lr=9.755283e-04 | loss=0.319520
Epoch 003 | Step 80 | lr=9.755283e-04 | loss=0.312471
Epoch 003 | Step 90 | lr=9.755283e-04 | loss=0.320000
Epoch 003 | Step 100 | lr=9.755283e-04 | loss=0.334980
Epoch 003 | Step 110 | lr=9.755283e-04 | loss=0.341156
Epoch 003 | Step 120 | lr=9.755283e-04 | loss=0.328683
Epoch 003 | Step 130 | lr=9.755283e-04 | loss=0.318299
Epoch 003 | Step 140 | lr=9.755283e-04 | loss=0.316722
Epoch 003 | Step 150 | lr=9.755283e-04 | loss=0.323319
Epoch 003 | Step 160 | lr=9.755283e-04 | loss=0.297428
Epoch 003 | Step 170 | lr=9.755283e-04 | loss=0.338016
Epoch 003 | Step 180 | lr=9.755283e-04 | loss=0.332515
Epoch 003 | Step 190 | lr=9.755283e-04 | loss=0.384202
Epoch 003 | Step 200 | lr=9.755283e-04 | loss=0.313883
Epoch 003 | Step 210 | lr=9.755283e-04 | loss=0.318334
Epoch 003 | Step 220 | lr=9.755283e-04 | loss=0.317671
Epoch 003 | Step 230 | lr=9.755283e-04 | loss=0.296216
Epoch 003 | Step 240 | lr=9.755283e-04 | loss=0.303892
Epoch 003 | Step 250 | lr=9.755283e-04 | loss=0.310940
Epoch 003 | Step 260 | lr=9.755283e-04 | loss=0.335921
Epoch 003 | Step 270 | lr=9.755283e-04 | loss=0.323441
Epoch 003 | Step 280 | lr=9.755283e-04 | loss=0.329389
Epoch 003 | Step 290 | lr=9.755283e-04 | loss=0.317849
Epoch 003 | Step 300 | lr=9.755283e-04 | loss=0.334424
Epoch 003 | Step 310 | lr=9.755283e-04 | loss=0.317517
Epoch 003 | Step 320 | lr=9.755283e-04 | loss=0.302279
Epoch 003 | Step 330 | lr=9.755283e-04 | loss=0.299220
Epoch 003 | Step 340 | lr=9.755283e-04 | loss=0.319229
Epoch 003 | Step 350 | lr=9.755283e-04 | loss=0.304595
Epoch 003 | Step 360 | lr=9.755283e-04 | loss=0.310609
Epoch 003 | Step 370 | lr=9.755283e-04 | loss=0.296076
Epoch 003 | Step 380 | lr=9.755283e-04 | loss=0.316980
Epoch 003 | Step 390 | lr=9.755283e-04 | loss=0.309393
Epoch 003 | Step 400 | lr=9.755283e-04 | loss=0.324158
Epoch 003 | Step 410 | lr=9.755283e-04 | loss=0.328560
Epoch 003 | Step 420 | lr=9.755283e-04 | loss=0.317553
Epoch 003 | Step 430 | lr=9.755283e-04 | loss=0.306445
Epoch 003 | Step 440 | lr=9.755283e-04 | loss=0.297104
Epoch 003 | Step 450 | lr=9.755283e-04 | loss=0.291670
Epoch 003 | Step 460 | lr=9.755283e-04 | loss=0.309376
Epoch 003 | Step 470 | lr=9.755283e-04 | loss=0.314933
Epoch 003 | Step 480 | lr=9.755283e-04 | loss=0.310998
Epoch 003 | Step 490 | lr=9.755283e-04 | loss=0.303477
Epoch 003 | Step 500 | lr=9.755283e-04 | loss=0.309263
Epoch 003 | Step 510 | lr=9.755283e-04 | loss=0.319279
Epoch 003 | Step 520 | lr=9.755283e-04 | loss=0.306047
Epoch 003 | Step 530 | lr=9.755283e-04 | loss=0.292066
Epoch 003 | Step 540 | lr=9.755283e-04 | loss=0.339812
Epoch 003 | Step 550 | lr=9.755283e-04 | loss=0.338984
Epoch 003 | Step 560 | lr=9.755283e-04 | loss=0.303127
Epoch 003 | Step 570 | lr=9.755283e-04 | loss=0.306689
Epoch 003 | Step 580 | lr=9.755283e-04 | loss=0.314773
Epoch 003 | Step 590 | lr=9.755283e-04 | loss=0.300838
Epoch 003 | Step 600 | lr=9.755283e-04 | loss=0.319676
Epoch 003 | Step 610 | lr=9.755283e-04 | loss=0.291984
Epoch 003 | Step 620 | lr=9.755283e-04 | loss=0.279658
Epoch 003 | Step 630 | lr=9.755283e-04 | loss=0.292155
Epoch 003 | Step 640 | lr=9.755283e-04 | loss=0.304206
Epoch 003 | Step 650 | lr=9.755283e-04 | loss=0.341317
Epoch 003 | Step 660 | lr=9.755283e-04 | loss=0.291531
Epoch 003 | Step 670 | lr=9.755283e-04 | loss=0.289078
Epoch 003 | Step 680 | lr=9.755283e-04 | loss=0.295509
Epoch 003 | Step 690 | lr=9.755283e-04 | loss=0.315575
Epoch 003 | Step 700 | lr=9.755283e-04 | loss=0.321342
Epoch 003 | Step 710 | lr=9.755283e-04 | loss=0.307751
Epoch 003 | Step 720 | lr=9.755283e-04 | loss=0.288166
Epoch 003 | Step 730 | lr=9.755283e-04 | loss=0.300568
Epoch 003 | Step 740 | lr=9.755283e-04 | loss=0.289457
Epoch 003 | Step 750 | lr=9.755283e-04 | loss=0.314705
Epoch 003 | Step 760 | lr=9.755283e-04 | loss=0.292150
Epoch 003 | Step 770 | lr=9.755283e-04 | loss=0.314308
Epoch 003 | Step 780 | lr=9.755283e-04 | loss=0.307855
Epoch 003 | Step 790 | lr=9.755283e-04 | loss=0.312671
Epoch 003 | Step 800 | lr=9.755283e-04 | loss=0.307933
Epoch 003 | Step 810 | lr=9.755283e-04 | loss=0.295792
Epoch 003 | Step 820 | lr=9.755283e-04 | loss=0.298529
Epoch 003 | Step 830 | lr=9.755283e-04 | loss=0.310092
Epoch 003 | Step 840 | lr=9.755283e-04 | loss=0.314292
Epoch 003 | Step 850 | lr=9.755283e-04 | loss=0.309291
Epoch 003 | Step 860 | lr=9.755283e-04 | loss=0.318679
Epoch 003 | Step 870 | lr=9.755283e-04 | loss=0.320682
Epoch 003 | Step 880 | lr=9.755283e-04 | loss=0.332827
Epoch 003 | Step 890 | lr=9.755283e-04 | loss=0.291572
Epoch 003 | Step 900 | lr=9.755283e-04 | loss=0.281507
Epoch 003 | Step 910 | lr=9.755283e-04 | loss=0.302451
Epoch 003 | Step 920 | lr=9.755283e-04 | loss=0.299766
Epoch 003 | Step 930 | lr=9.755283e-04 | loss=0.293127
Epoch 003 | Step 940 | lr=9.755283e-04 | loss=0.292997
Epoch 003 | Step 950 | lr=9.755283e-04 | loss=0.309396
Epoch 003 | Step 960 | lr=9.755283e-04 | loss=0.314145
epoch 003 | train_kld=0.317235 | val_kld=0.298118 | val_mae=0.003962 | val_mse=0.000316 | ord_acc@10=0.2723 | recall@10=0.8101
Epoch 004 | Step 10 | lr=9.455033e-04 | loss=0.315621
Epoch 004 | Step 20 | lr=9.455033e-04 | loss=0.308777
Epoch 004 | Step 30 | lr=9.455033e-04 | loss=0.328113
Epoch 004 | Step 40 | lr=9.455033e-04 | loss=0.353679
Epoch 004 | Step 50 | lr=9.455033e-04 | loss=0.334330
Epoch 004 | Step 60 | lr=9.455033e-04 | loss=0.324319
Epoch 004 | Step 70 | lr=9.455033e-04 | loss=0.302233
Epoch 004 | Step 80 | lr=9.455033e-04 | loss=0.307197
Epoch 004 | Step 90 | lr=9.455033e-04 | loss=0.310111
Epoch 004 | Step 100 | lr=9.455033e-04 | loss=0.304955
Epoch 004 | Step 110 | lr=9.455033e-04 | loss=0.279619
Epoch 004 | Step 120 | lr=9.455033e-04 | loss=0.282428
Epoch 004 | Step 130 | lr=9.455033e-04 | loss=0.284805
Epoch 004 | Step 140 | lr=9.455033e-04 | loss=0.302747
Epoch 004 | Step 150 | lr=9.455033e-04 | loss=0.300647
Epoch 004 | Step 160 | lr=9.455033e-04 | loss=0.307068
Epoch 004 | Step 170 | lr=9.455033e-04 | loss=0.295144
Epoch 004 | Step 180 | lr=9.455033e-04 | loss=0.301437
Epoch 004 | Step 190 | lr=9.455033e-04 | loss=0.314315
Epoch 004 | Step 200 | lr=9.455033e-04 | loss=0.302514
Epoch 004 | Step 210 | lr=9.455033e-04 | loss=0.320643
Epoch 004 | Step 220 | lr=9.455033e-04 | loss=0.320936
Epoch 004 | Step 230 | lr=9.455033e-04 | loss=0.302510
Epoch 004 | Step 240 | lr=9.455033e-04 | loss=0.322948
Epoch 004 | Step 250 | lr=9.455033e-04 | loss=0.305269
Epoch 004 | Step 260 | lr=9.455033e-04 | loss=0.314962
Epoch 004 | Step 270 | lr=9.455033e-04 | loss=0.315898
Epoch 004 | Step 280 | lr=9.455033e-04 | loss=0.314477
Epoch 004 | Step 290 | lr=9.455033e-04 | loss=0.296841
Epoch 004 | Step 300 | lr=9.455033e-04 | loss=0.295858
Epoch 004 | Step 310 | lr=9.455033e-04 | loss=0.312489
Epoch 004 | Step 320 | lr=9.455033e-04 | loss=0.287535
Epoch 004 | Step 330 | lr=9.455033e-04 | loss=0.341140
Epoch 004 | Step 340 | lr=9.455033e-04 | loss=0.304473
Epoch 004 | Step 350 | lr=9.455033e-04 | loss=0.314950
Epoch 004 | Step 360 | lr=9.455033e-04 | loss=0.301831
Epoch 004 | Step 370 | lr=9.455033e-04 | loss=0.344838
Epoch 004 | Step 380 | lr=9.455033e-04 | loss=0.291549
Epoch 004 | Step 390 | lr=9.455033e-04 | loss=0.305425
Epoch 004 | Step 400 | lr=9.455033e-04 | loss=0.298574
Epoch 004 | Step 410 | lr=9.455033e-04 | loss=0.282870
Epoch 004 | Step 420 | lr=9.455033e-04 | loss=0.308412
Epoch 004 | Step 430 | lr=9.455033e-04 | loss=0.295378
Epoch 004 | Step 440 | lr=9.455033e-04 | loss=0.310984
Epoch 004 | Step 450 | lr=9.455033e-04 | loss=0.304679
Epoch 004 | Step 460 | lr=9.455033e-04 | loss=0.304702
Epoch 004 | Step 470 | lr=9.455033e-04 | loss=0.301682
Epoch 004 | Step 480 | lr=9.455033e-04 | loss=0.299960
Epoch 004 | Step 490 | lr=9.455033e-04 | loss=0.282185
Epoch 004 | Step 500 | lr=9.455033e-04 | loss=0.326061
Epoch 004 | Step 510 | lr=9.455033e-04 | loss=0.302834
Epoch 004 | Step 520 | lr=9.455033e-04 | loss=0.317189
Epoch 004 | Step 530 | lr=9.455033e-04 | loss=0.301866
Epoch 004 | Step 540 | lr=9.455033e-04 | loss=0.314338
Epoch 004 | Step 550 | lr=9.455033e-04 | loss=0.317885
Epoch 004 | Step 560 | lr=9.455033e-04 | loss=0.301770
Epoch 004 | Step 570 | lr=9.455033e-04 | loss=0.311262
Epoch 004 | Step 580 | lr=9.455033e-04 | loss=0.288039
Epoch 004 | Step 590 | lr=9.455033e-04 | loss=0.293536
Epoch 004 | Step 600 | lr=9.455033e-04 | loss=0.297327
Epoch 004 | Step 610 | lr=9.455033e-04 | loss=0.304816
Epoch 004 | Step 620 | lr=9.455033e-04 | loss=0.285632
Epoch 004 | Step 630 | lr=9.455033e-04 | loss=0.291545
Epoch 004 | Step 640 | lr=9.455033e-04 | loss=0.289641
Epoch 004 | Step 650 | lr=9.455033e-04 | loss=0.284911
Epoch 004 | Step 660 | lr=9.455033e-04 | loss=0.290519
Epoch 004 | Step 670 | lr=9.455033e-04 | loss=0.303699
Epoch 004 | Step 680 | lr=9.455033e-04 | loss=0.282612
Epoch 004 | Step 690 | lr=9.455033e-04 | loss=0.303765
Epoch 004 | Step 700 | lr=9.455033e-04 | loss=0.299214
Epoch 004 | Step 710 | lr=9.455033e-04 | loss=0.297896
Epoch 004 | Step 720 | lr=9.455033e-04 | loss=0.332643
Epoch 004 | Step 730 | lr=9.455033e-04 | loss=0.303867
Epoch 004 | Step 740 | lr=9.455033e-04 | loss=0.278771
Epoch 004 | Step 750 | lr=9.455033e-04 | loss=0.287280
Epoch 004 | Step 760 | lr=9.455033e-04 | loss=0.317528
Epoch 004 | Step 770 | lr=9.455033e-04 | loss=0.305831
Epoch 004 | Step 780 | lr=9.455033e-04 | loss=0.302643
Epoch 004 | Step 790 | lr=9.455033e-04 | loss=0.289916
Epoch 004 | Step 800 | lr=9.455033e-04 | loss=0.287391
Epoch 004 | Step 810 | lr=9.455033e-04 | loss=0.294302
Epoch 004 | Step 820 | lr=9.455033e-04 | loss=0.347070
Epoch 004 | Step 830 | lr=9.455033e-04 | loss=0.310186
Epoch 004 | Step 840 | lr=9.455033e-04 | loss=0.282139
Epoch 004 | Step 850 | lr=9.455033e-04 | loss=0.331870
Epoch 004 | Step 860 | lr=9.455033e-04 | loss=0.310992
Epoch 004 | Step 870 | lr=9.455033e-04 | loss=0.301209
Epoch 004 | Step 880 | lr=9.455033e-04 | loss=0.288530
Epoch 004 | Step 890 | lr=9.455033e-04 | loss=0.292802
Epoch 004 | Step 900 | lr=9.455033e-04 | loss=0.291714
Epoch 004 | Step 910 | lr=9.455033e-04 | loss=0.267716
Epoch 004 | Step 920 | lr=9.455033e-04 | loss=0.316379
Epoch 004 | Step 930 | lr=9.455033e-04 | loss=0.276470
Epoch 004 | Step 940 | lr=9.455033e-04 | loss=0.254972
Epoch 004 | Step 950 | lr=9.455033e-04 | loss=0.312749
Epoch 004 | Step 960 | lr=9.455033e-04 | loss=0.295238
epoch 004 | train_kld=0.303261 | val_kld=0.276015 | val_mae=0.003845 | val_mse=0.000289 | ord_acc@10=0.2870 | recall@10=0.8172
Epoch 005 | Step 10 | lr=9.045085e-04 | loss=0.286405
Epoch 005 | Step 20 | lr=9.045085e-04 | loss=0.290221
Epoch 005 | Step 30 | lr=9.045085e-04 | loss=0.279815
Epoch 005 | Step 40 | lr=9.045085e-04 | loss=0.294888
Epoch 005 | Step 50 | lr=9.045085e-04 | loss=0.279353
Epoch 005 | Step 60 | lr=9.045085e-04 | loss=0.310437
Epoch 005 | Step 70 | lr=9.045085e-04 | loss=0.298110
Epoch 005 | Step 80 | lr=9.045085e-04 | loss=0.291408
Epoch 005 | Step 90 | lr=9.045085e-04 | loss=0.308714
Epoch 005 | Step 100 | lr=9.045085e-04 | loss=0.280399
Epoch 005 | Step 110 | lr=9.045085e-04 | loss=0.287724
Epoch 005 | Step 120 | lr=9.045085e-04 | loss=0.287520
Epoch 005 | Step 130 | lr=9.045085e-04 | loss=0.275236
Epoch 005 | Step 140 | lr=9.045085e-04 | loss=0.290856
Epoch 005 | Step 150 | lr=9.045085e-04 | loss=0.290700
Epoch 005 | Step 160 | lr=9.045085e-04 | loss=0.271599
Epoch 005 | Step 170 | lr=9.045085e-04 | loss=0.301546
Epoch 005 | Step 180 | lr=9.045085e-04 | loss=0.286227
Epoch 005 | Step 190 | lr=9.045085e-04 | loss=0.275809
Epoch 005 | Step 200 | lr=9.045085e-04 | loss=0.279133
Epoch 005 | Step 210 | lr=9.045085e-04 | loss=0.292317
Epoch 005 | Step 220 | lr=9.045085e-04 | loss=0.299671
Epoch 005 | Step 230 | lr=9.045085e-04 | loss=0.341282
Epoch 005 | Step 240 | lr=9.045085e-04 | loss=0.280835
Epoch 005 | Step 250 | lr=9.045085e-04 | loss=0.273238
Epoch 005 | Step 260 | lr=9.045085e-04 | loss=0.276627
Epoch 005 | Step 270 | lr=9.045085e-04 | loss=0.324205
Epoch 005 | Step 280 | lr=9.045085e-04 | loss=0.296181
Epoch 005 | Step 290 | lr=9.045085e-04 | loss=0.281765
Epoch 005 | Step 300 | lr=9.045085e-04 | loss=0.303100
Epoch 005 | Step 310 | lr=9.045085e-04 | loss=0.294329
Epoch 005 | Step 320 | lr=9.045085e-04 | loss=0.282951
Epoch 005 | Step 330 | lr=9.045085e-04 | loss=0.342332
Epoch 005 | Step 340 | lr=9.045085e-04 | loss=0.302137
Epoch 005 | Step 350 | lr=9.045085e-04 | loss=0.289237
Epoch 005 | Step 360 | lr=9.045085e-04 | loss=0.297912
Epoch 005 | Step 370 | lr=9.045085e-04 | loss=0.308364
Epoch 005 | Step 380 | lr=9.045085e-04 | loss=0.291757
Epoch 005 | Step 390 | lr=9.045085e-04 | loss=0.276246
Epoch 005 | Step 400 | lr=9.045085e-04 | loss=0.320919
Epoch 005 | Step 410 | lr=9.045085e-04 | loss=0.292338
Epoch 005 | Step 420 | lr=9.045085e-04 | loss=0.325775
Epoch 005 | Step 430 | lr=9.045085e-04 | loss=0.317221
Epoch 005 | Step 440 | lr=9.045085e-04 | loss=0.308771
Epoch 005 | Step 450 | lr=9.045085e-04 | loss=0.282491
Epoch 005 | Step 460 | lr=9.045085e-04 | loss=0.313244
Epoch 005 | Step 470 | lr=9.045085e-04 | loss=0.317106
Epoch 005 | Step 480 | lr=9.045085e-04 | loss=0.299100
Epoch 005 | Step 490 | lr=9.045085e-04 | loss=0.268175
Epoch 005 | Step 500 | lr=9.045085e-04 | loss=0.285477
Epoch 005 | Step 510 | lr=9.045085e-04 | loss=0.323868
Epoch 005 | Step 520 | lr=9.045085e-04 | loss=0.296824
Epoch 005 | Step 530 | lr=9.045085e-04 | loss=0.315606
Epoch 005 | Step 540 | lr=9.045085e-04 | loss=0.295898
Epoch 005 | Step 550 | lr=9.045085e-04 | loss=0.279561
Epoch 005 | Step 560 | lr=9.045085e-04 | loss=0.291035
Epoch 005 | Step 570 | lr=9.045085e-04 | loss=0.305303
Epoch 005 | Step 580 | lr=9.045085e-04 | loss=0.319173
Epoch 005 | Step 590 | lr=9.045085e-04 | loss=0.292155
Epoch 005 | Step 600 | lr=9.045085e-04 | loss=0.322447
Epoch 005 | Step 610 | lr=9.045085e-04 | loss=0.286858
Epoch 005 | Step 620 | lr=9.045085e-04 | loss=0.297144
Epoch 005 | Step 630 | lr=9.045085e-04 | loss=0.291367
Epoch 005 | Step 640 | lr=9.045085e-04 | loss=0.306039
Epoch 005 | Step 650 | lr=9.045085e-04 | loss=0.299139
Epoch 005 | Step 660 | lr=9.045085e-04 | loss=0.283623
Epoch 005 | Step 670 | lr=9.045085e-04 | loss=0.285984
Epoch 005 | Step 680 | lr=9.045085e-04 | loss=0.288749
Epoch 005 | Step 690 | lr=9.045085e-04 | loss=0.286989
Epoch 005 | Step 700 | lr=9.045085e-04 | loss=0.299895
Epoch 005 | Step 710 | lr=9.045085e-04 | loss=0.284588
Epoch 005 | Step 720 | lr=9.045085e-04 | loss=0.281461
Epoch 005 | Step 730 | lr=9.045085e-04 | loss=0.293582
Epoch 005 | Step 740 | lr=9.045085e-04 | loss=0.283008
Epoch 005 | Step 750 | lr=9.045085e-04 | loss=0.263335
Epoch 005 | Step 760 | lr=9.045085e-04 | loss=0.287892
Epoch 005 | Step 770 | lr=9.045085e-04 | loss=0.298841
Epoch 005 | Step 780 | lr=9.045085e-04 | loss=0.305098
Epoch 005 | Step 790 | lr=9.045085e-04 | loss=0.310622
Epoch 005 | Step 800 | lr=9.045085e-04 | loss=0.311940
Epoch 005 | Step 810 | lr=9.045085e-04 | loss=0.286757
Epoch 005 | Step 820 | lr=9.045085e-04 | loss=0.279730
Epoch 005 | Step 830 | lr=9.045085e-04 | loss=0.293482
Epoch 005 | Step 840 | lr=9.045085e-04 | loss=0.275893
Epoch 005 | Step 850 | lr=9.045085e-04 | loss=0.297277
Epoch 005 | Step 860 | lr=9.045085e-04 | loss=0.282449
Epoch 005 | Step 870 | lr=9.045085e-04 | loss=0.305725
Epoch 005 | Step 880 | lr=9.045085e-04 | loss=0.268551
Epoch 005 | Step 890 | lr=9.045085e-04 | loss=0.288022
Epoch 005 | Step 900 | lr=9.045085e-04 | loss=0.278657
Epoch 005 | Step 910 | lr=9.045085e-04 | loss=0.303742
Epoch 005 | Step 920 | lr=9.045085e-04 | loss=0.267887
Epoch 005 | Step 930 | lr=9.045085e-04 | loss=0.279409
Epoch 005 | Step 940 | lr=9.045085e-04 | loss=0.274822
Epoch 005 | Step 950 | lr=9.045085e-04 | loss=0.267653
Epoch 005 | Step 960 | lr=9.045085e-04 | loss=0.289876
epoch 005 | train_kld=0.293032 | val_kld=0.272931 | val_mae=0.003661 | val_mse=0.000262 | ord_acc@10=0.2893 | recall@10=0.8191
Epoch 006 | Step 10 | lr=8.535534e-04 | loss=0.306475
Epoch 006 | Step 20 | lr=8.535534e-04 | loss=0.333828
Epoch 006 | Step 30 | lr=8.535534e-04 | loss=0.274287
Epoch 006 | Step 40 | lr=8.535534e-04 | loss=0.324852
Epoch 006 | Step 50 | lr=8.535534e-04 | loss=0.273268
Epoch 006 | Step 60 | lr=8.535534e-04 | loss=0.280133
Epoch 006 | Step 70 | lr=8.535534e-04 | loss=0.282942
Epoch 006 | Step 80 | lr=8.535534e-04 | loss=0.290640
Epoch 006 | Step 90 | lr=8.535534e-04 | loss=0.296683
Epoch 006 | Step 100 | lr=8.535534e-04 | loss=0.280056
Epoch 006 | Step 110 | lr=8.535534e-04 | loss=0.288231
Epoch 006 | Step 120 | lr=8.535534e-04 | loss=0.290578
Epoch 006 | Step 130 | lr=8.535534e-04 | loss=0.283539
Epoch 006 | Step 140 | lr=8.535534e-04 | loss=0.274183
Epoch 006 | Step 150 | lr=8.535534e-04 | loss=0.281602
Epoch 006 | Step 160 | lr=8.535534e-04 | loss=0.302319
Epoch 006 | Step 170 | lr=8.535534e-04 | loss=0.300609
Epoch 006 | Step 180 | lr=8.535534e-04 | loss=0.285099
Epoch 006 | Step 190 | lr=8.535534e-04 | loss=0.324162
Epoch 006 | Step 200 | lr=8.535534e-04 | loss=0.335828
Epoch 006 | Step 210 | lr=8.535534e-04 | loss=0.308847
Epoch 006 | Step 220 | lr=8.535534e-04 | loss=0.279803
Epoch 006 | Step 230 | lr=8.535534e-04 | loss=0.281841
Epoch 006 | Step 240 | lr=8.535534e-04 | loss=0.283329
Epoch 006 | Step 250 | lr=8.535534e-04 | loss=0.277378
Epoch 006 | Step 260 | lr=8.535534e-04 | loss=0.284913
Epoch 006 | Step 270 | lr=8.535534e-04 | loss=0.301692
Epoch 006 | Step 280 | lr=8.535534e-04 | loss=0.264831
Epoch 006 | Step 290 | lr=8.535534e-04 | loss=0.277633
Epoch 006 | Step 300 | lr=8.535534e-04 | loss=0.274388
Epoch 006 | Step 310 | lr=8.535534e-04 | loss=0.284373
Epoch 006 | Step 320 | lr=8.535534e-04 | loss=0.282462
Epoch 006 | Step 330 | lr=8.535534e-04 | loss=0.291490
Epoch 006 | Step 340 | lr=8.535534e-04 | loss=0.297097
Epoch 006 | Step 350 | lr=8.535534e-04 | loss=0.266803
Epoch 006 | Step 360 | lr=8.535534e-04 | loss=0.267805
Epoch 006 | Step 370 | lr=8.535534e-04 | loss=0.274576
Epoch 006 | Step 380 | lr=8.535534e-04 | loss=0.269059
Epoch 006 | Step 390 | lr=8.535534e-04 | loss=0.279019
Epoch 006 | Step 400 | lr=8.535534e-04 | loss=0.261399
Epoch 006 | Step 410 | lr=8.535534e-04 | loss=0.270642
Epoch 006 | Step 420 | lr=8.535534e-04 | loss=0.276349
Epoch 006 | Step 430 | lr=8.535534e-04 | loss=0.266401
Epoch 006 | Step 440 | lr=8.535534e-04 | loss=0.275786
Epoch 006 | Step 450 | lr=8.535534e-04 | loss=0.274224
Epoch 006 | Step 460 | lr=8.535534e-04 | loss=0.271693
Epoch 006 | Step 470 | lr=8.535534e-04 | loss=0.282960
Epoch 006 | Step 480 | lr=8.535534e-04 | loss=0.293437
Epoch 006 | Step 490 | lr=8.535534e-04 | loss=0.264281
Epoch 006 | Step 500 | lr=8.535534e-04 | loss=0.269357
Epoch 006 | Step 510 | lr=8.535534e-04 | loss=0.280802
Epoch 006 | Step 520 | lr=8.535534e-04 | loss=0.281016
Epoch 006 | Step 530 | lr=8.535534e-04 | loss=0.313540
Epoch 006 | Step 540 | lr=8.535534e-04 | loss=0.260938
Epoch 006 | Step 550 | lr=8.535534e-04 | loss=0.275503
Epoch 006 | Step 560 | lr=8.535534e-04 | loss=0.268320
Epoch 006 | Step 570 | lr=8.535534e-04 | loss=0.315471
Epoch 006 | Step 580 | lr=8.535534e-04 | loss=0.284966
Epoch 006 | Step 590 | lr=8.535534e-04 | loss=0.317675
Epoch 006 | Step 600 | lr=8.535534e-04 | loss=0.292355
Epoch 006 | Step 610 | lr=8.535534e-04 | loss=0.293726
Epoch 006 | Step 620 | lr=8.535534e-04 | loss=0.275144
Epoch 006 | Step 630 | lr=8.535534e-04 | loss=0.270521
Epoch 006 | Step 640 | lr=8.535534e-04 | loss=0.277979
Epoch 006 | Step 650 | lr=8.535534e-04 | loss=0.288938
Epoch 006 | Step 660 | lr=8.535534e-04 | loss=0.267719
Epoch 006 | Step 670 | lr=8.535534e-04 | loss=0.253963
Epoch 006 | Step 680 | lr=8.535534e-04 | loss=0.283525
Epoch 006 | Step 690 | lr=8.535534e-04 | loss=0.322677
Epoch 006 | Step 700 | lr=8.535534e-04 | loss=0.273575
Epoch 006 | Step 710 | lr=8.535534e-04 | loss=0.308619
Epoch 006 | Step 720 | lr=8.535534e-04 | loss=0.276198
Epoch 006 | Step 730 | lr=8.535534e-04 | loss=0.253216
Epoch 006 | Step 740 | lr=8.535534e-04 | loss=0.276851
Epoch 006 | Step 750 | lr=8.535534e-04 | loss=0.294234
Epoch 006 | Step 760 | lr=8.535534e-04 | loss=0.261367
Epoch 006 | Step 770 | lr=8.535534e-04 | loss=0.279111
Epoch 006 | Step 780 | lr=8.535534e-04 | loss=0.278626
Epoch 006 | Step 790 | lr=8.535534e-04 | loss=0.273843
Epoch 006 | Step 800 | lr=8.535534e-04 | loss=0.276794
Epoch 006 | Step 810 | lr=8.535534e-04 | loss=0.283977
Epoch 006 | Step 820 | lr=8.535534e-04 | loss=0.262019
Epoch 006 | Step 830 | lr=8.535534e-04 | loss=0.259588
Epoch 006 | Step 840 | lr=8.535534e-04 | loss=0.290967
Epoch 006 | Step 850 | lr=8.535534e-04 | loss=0.275442
Epoch 006 | Step 860 | lr=8.535534e-04 | loss=0.292000
Epoch 006 | Step 870 | lr=8.535534e-04 | loss=0.281394
Epoch 006 | Step 880 | lr=8.535534e-04 | loss=0.290586
Epoch 006 | Step 890 | lr=8.535534e-04 | loss=0.292347
Epoch 006 | Step 900 | lr=8.535534e-04 | loss=0.289813
Epoch 006 | Step 910 | lr=8.535534e-04 | loss=0.282882
Epoch 006 | Step 920 | lr=8.535534e-04 | loss=0.260760
Epoch 006 | Step 930 | lr=8.535534e-04 | loss=0.261699
Epoch 006 | Step 940 | lr=8.535534e-04 | loss=0.303814
Epoch 006 | Step 950 | lr=8.535534e-04 | loss=0.273648
Epoch 006 | Step 960 | lr=8.535534e-04 | loss=0.275188
epoch 006 | train_kld=0.284510 | val_kld=0.262434 | val_mae=0.003729 | val_mse=0.000274 | ord_acc@10=0.2963 | recall@10=0.8193
Epoch 007 | Step 10 | lr=7.938926e-04 | loss=0.292601
Epoch 007 | Step 20 | lr=7.938926e-04 | loss=0.289000
Epoch 007 | Step 30 | lr=7.938926e-04 | loss=0.277247
Epoch 007 | Step 40 | lr=7.938926e-04 | loss=0.255744
Epoch 007 | Step 50 | lr=7.938926e-04 | loss=0.287820
Epoch 007 | Step 60 | lr=7.938926e-04 | loss=0.291990
Epoch 007 | Step 70 | lr=7.938926e-04 | loss=0.255782
Epoch 007 | Step 80 | lr=7.938926e-04 | loss=0.286869
Epoch 007 | Step 90 | lr=7.938926e-04 | loss=0.276349
Epoch 007 | Step 100 | lr=7.938926e-04 | loss=0.253878
Epoch 007 | Step 110 | lr=7.938926e-04 | loss=0.300951
Epoch 007 | Step 120 | lr=7.938926e-04 | loss=0.294072
Epoch 007 | Step 130 | lr=7.938926e-04 | loss=0.269052
Epoch 007 | Step 140 | lr=7.938926e-04 | loss=0.262186
Epoch 007 | Step 150 | lr=7.938926e-04 | loss=0.267973
Epoch 007 | Step 160 | lr=7.938926e-04 | loss=0.266818
Epoch 007 | Step 170 | lr=7.938926e-04 | loss=0.283292
Epoch 007 | Step 180 | lr=7.938926e-04 | loss=0.256434
Epoch 007 | Step 190 | lr=7.938926e-04 | loss=0.270660
Epoch 007 | Step 200 | lr=7.938926e-04 | loss=0.294104
Epoch 007 | Step 210 | lr=7.938926e-04 | loss=0.269767
Epoch 007 | Step 220 | lr=7.938926e-04 | loss=0.286458
Epoch 007 | Step 230 | lr=7.938926e-04 | loss=0.289195
Epoch 007 | Step 240 | lr=7.938926e-04 | loss=0.259273
Epoch 007 | Step 250 | lr=7.938926e-04 | loss=0.269835
Epoch 007 | Step 260 | lr=7.938926e-04 | loss=0.282255
Epoch 007 | Step 270 | lr=7.938926e-04 | loss=0.268330
Epoch 007 | Step 280 | lr=7.938926e-04 | loss=0.269034
Epoch 007 | Step 290 | lr=7.938926e-04 | loss=0.310148
Epoch 007 | Step 300 | lr=7.938926e-04 | loss=0.270252
Epoch 007 | Step 310 | lr=7.938926e-04 | loss=0.321293
Epoch 007 | Step 320 | lr=7.938926e-04 | loss=0.268139
Epoch 007 | Step 330 | lr=7.938926e-04 | loss=0.269817
Epoch 007 | Step 340 | lr=7.938926e-04 | loss=0.297776
Epoch 007 | Step 350 | lr=7.938926e-04 | loss=0.267566
Epoch 007 | Step 360 | lr=7.938926e-04 | loss=0.247777
Epoch 007 | Step 370 | lr=7.938926e-04 | loss=0.246853
Epoch 007 | Step 380 | lr=7.938926e-04 | loss=0.288331
Epoch 007 | Step 390 | lr=7.938926e-04 | loss=0.312849
Epoch 007 | Step 400 | lr=7.938926e-04 | loss=0.296825
Epoch 007 | Step 410 | lr=7.938926e-04 | loss=0.281215
Epoch 007 | Step 420 | lr=7.938926e-04 | loss=0.278912
Epoch 007 | Step 430 | lr=7.938926e-04 | loss=0.275250
Epoch 007 | Step 440 | lr=7.938926e-04 | loss=0.292449
Epoch 007 | Step 450 | lr=7.938926e-04 | loss=0.272031
Epoch 007 | Step 460 | lr=7.938926e-04 | loss=0.255841
Epoch 007 | Step 470 | lr=7.938926e-04 | loss=0.241119
Epoch 007 | Step 480 | lr=7.938926e-04 | loss=0.271104
Epoch 007 | Step 490 | lr=7.938926e-04 | loss=0.252600
Epoch 007 | Step 500 | lr=7.938926e-04 | loss=0.265229
Epoch 007 | Step 510 | lr=7.938926e-04 | loss=0.252052
Epoch 007 | Step 520 | lr=7.938926e-04 | loss=0.274161
Epoch 007 | Step 530 | lr=7.938926e-04 | loss=0.270703
Epoch 007 | Step 540 | lr=7.938926e-04 | loss=0.276778
Epoch 007 | Step 550 | lr=7.938926e-04 | loss=0.265486
Epoch 007 | Step 560 | lr=7.938926e-04 | loss=0.285115
Epoch 007 | Step 570 | lr=7.938926e-04 | loss=0.265806
Epoch 007 | Step 580 | lr=7.938926e-04 | loss=0.256947
Epoch 007 | Step 590 | lr=7.938926e-04 | loss=0.267902
Epoch 007 | Step 600 | lr=7.938926e-04 | loss=0.264046
Epoch 007 | Step 610 | lr=7.938926e-04 | loss=0.303495
Epoch 007 | Step 620 | lr=7.938926e-04 | loss=0.311408
Epoch 007 | Step 630 | lr=7.938926e-04 | loss=0.307247
Epoch 007 | Step 640 | lr=7.938926e-04 | loss=0.280162
Epoch 007 | Step 650 | lr=7.938926e-04 | loss=0.266432
Epoch 007 | Step 660 | lr=7.938926e-04 | loss=0.283105
Epoch 007 | Step 670 | lr=7.938926e-04 | loss=0.265227
Epoch 007 | Step 680 | lr=7.938926e-04 | loss=0.300977
Epoch 007 | Step 690 | lr=7.938926e-04 | loss=0.262302
Epoch 007 | Step 700 | lr=7.938926e-04 | loss=0.258608
Epoch 007 | Step 710 | lr=7.938926e-04 | loss=0.296892
Epoch 007 | Step 720 | lr=7.938926e-04 | loss=0.279125
Epoch 007 | Step 730 | lr=7.938926e-04 | loss=0.269470
Epoch 007 | Step 740 | lr=7.938926e-04 | loss=0.282876
Epoch 007 | Step 750 | lr=7.938926e-04 | loss=0.272995
Epoch 007 | Step 760 | lr=7.938926e-04 | loss=0.285648
Epoch 007 | Step 770 | lr=7.938926e-04 | loss=0.252918
Epoch 007 | Step 780 | lr=7.938926e-04 | loss=0.309737
Epoch 007 | Step 790 | lr=7.938926e-04 | loss=0.335069
Epoch 007 | Step 800 | lr=7.938926e-04 | loss=0.267410
Epoch 007 | Step 810 | lr=7.938926e-04 | loss=0.270778
Epoch 007 | Step 820 | lr=7.938926e-04 | loss=0.283413
Epoch 007 | Step 830 | lr=7.938926e-04 | loss=0.264706
Epoch 007 | Step 840 | lr=7.938926e-04 | loss=0.276610
Epoch 007 | Step 850 | lr=7.938926e-04 | loss=0.263560
Epoch 007 | Step 860 | lr=7.938926e-04 | loss=0.251958
Epoch 007 | Step 870 | lr=7.938926e-04 | loss=0.284182
Epoch 007 | Step 880 | lr=7.938926e-04 | loss=0.271330
Epoch 007 | Step 890 | lr=7.938926e-04 | loss=0.288032
Epoch 007 | Step 900 | lr=7.938926e-04 | loss=0.263570
Epoch 007 | Step 910 | lr=7.938926e-04 | loss=0.274980
Epoch 007 | Step 920 | lr=7.938926e-04 | loss=0.303378
Epoch 007 | Step 930 | lr=7.938926e-04 | loss=0.253491
Epoch 007 | Step 940 | lr=7.938926e-04 | loss=0.261400
Epoch 007 | Step 950 | lr=7.938926e-04 | loss=0.303667
Epoch 007 | Step 960 | lr=7.938926e-04 | loss=0.276928
epoch 007 | train_kld=0.277985 | val_kld=0.263828 | val_mae=0.003657 | val_mse=0.000264 | ord_acc@10=0.2958 | recall@10=0.8140
Epoch 008 | Step 10 | lr=7.269952e-04 | loss=0.272035
Epoch 008 | Step 20 | lr=7.269952e-04 | loss=0.255518
Epoch 008 | Step 30 | lr=7.269952e-04 | loss=0.264065
Epoch 008 | Step 40 | lr=7.269952e-04 | loss=0.272285
Epoch 008 | Step 50 | lr=7.269952e-04 | loss=0.251941
Epoch 008 | Step 60 | lr=7.269952e-04 | loss=0.270748
Epoch 008 | Step 70 | lr=7.269952e-04 | loss=0.244243
Epoch 008 | Step 80 | lr=7.269952e-04 | loss=0.262991
Epoch 008 | Step 90 | lr=7.269952e-04 | loss=0.253738
Epoch 008 | Step 100 | lr=7.269952e-04 | loss=0.279825
Epoch 008 | Step 110 | lr=7.269952e-04 | loss=0.256357
Epoch 008 | Step 120 | lr=7.269952e-04 | loss=0.259107
Epoch 008 | Step 130 | lr=7.269952e-04 | loss=0.273517
Epoch 008 | Step 140 | lr=7.269952e-04 | loss=0.245086
Epoch 008 | Step 150 | lr=7.269952e-04 | loss=0.253078
Epoch 008 | Step 160 | lr=7.269952e-04 | loss=0.259805
Epoch 008 | Step 170 | lr=7.269952e-04 | loss=0.249034
Epoch 008 | Step 180 | lr=7.269952e-04 | loss=0.254181
Epoch 008 | Step 190 | lr=7.269952e-04 | loss=0.320344
Epoch 008 | Step 200 | lr=7.269952e-04 | loss=0.262036
Epoch 008 | Step 210 | lr=7.269952e-04 | loss=0.263589
Epoch 008 | Step 220 | lr=7.269952e-04 | loss=0.261612
Epoch 008 | Step 230 | lr=7.269952e-04 | loss=0.334737
Epoch 008 | Step 240 | lr=7.269952e-04 | loss=0.264290
Epoch 008 | Step 250 | lr=7.269952e-04 | loss=0.302734
Epoch 008 | Step 260 | lr=7.269952e-04 | loss=0.245954
Epoch 008 | Step 270 | lr=7.269952e-04 | loss=0.260096
Epoch 008 | Step 280 | lr=7.269952e-04 | loss=0.262929
Epoch 008 | Step 290 | lr=7.269952e-04 | loss=0.269279
Epoch 008 | Step 300 | lr=7.269952e-04 | loss=0.255454
Epoch 008 | Step 310 | lr=7.269952e-04 | loss=0.254351
Epoch 008 | Step 320 | lr=7.269952e-04 | loss=0.274851
Epoch 008 | Step 330 | lr=7.269952e-04 | loss=0.245088
Epoch 008 | Step 340 | lr=7.269952e-04 | loss=0.257291
Epoch 008 | Step 350 | lr=7.269952e-04 | loss=0.274002
Epoch 008 | Step 360 | lr=7.269952e-04 | loss=0.301539
Epoch 008 | Step 370 | lr=7.269952e-04 | loss=0.244374
Epoch 008 | Step 380 | lr=7.269952e-04 | loss=0.253830
Epoch 008 | Step 390 | lr=7.269952e-04 | loss=0.247698
Epoch 008 | Step 400 | lr=7.269952e-04 | loss=0.263261
Epoch 008 | Step 410 | lr=7.269952e-04 | loss=0.267615
Epoch 008 | Step 420 | lr=7.269952e-04 | loss=0.275312
Epoch 008 | Step 430 | lr=7.269952e-04 | loss=0.249402
Epoch 008 | Step 440 | lr=7.269952e-04 | loss=0.263560
Epoch 008 | Step 450 | lr=7.269952e-04 | loss=0.266464
Epoch 008 | Step 460 | lr=7.269952e-04 | loss=0.248215
Epoch 008 | Step 470 | lr=7.269952e-04 | loss=0.295274
Epoch 008 | Step 480 | lr=7.269952e-04 | loss=0.282544
Epoch 008 | Step 490 | lr=7.269952e-04 | loss=0.279230
Epoch 008 | Step 500 | lr=7.269952e-04 | loss=0.277221
Epoch 008 | Step 510 | lr=7.269952e-04 | loss=0.268222
Epoch 008 | Step 520 | lr=7.269952e-04 | loss=0.271403
Epoch 008 | Step 530 | lr=7.269952e-04 | loss=0.276829
Epoch 008 | Step 540 | lr=7.269952e-04 | loss=0.288771
Epoch 008 | Step 550 | lr=7.269952e-04 | loss=0.277827
Epoch 008 | Step 560 | lr=7.269952e-04 | loss=0.269929
Epoch 008 | Step 570 | lr=7.269952e-04 | loss=0.271338
Epoch 008 | Step 580 | lr=7.269952e-04 | loss=0.258442
Epoch 008 | Step 590 | lr=7.269952e-04 | loss=0.295559
Epoch 008 | Step 600 | lr=7.269952e-04 | loss=0.272498
Epoch 008 | Step 610 | lr=7.269952e-04 | loss=0.267297
Epoch 008 | Step 620 | lr=7.269952e-04 | loss=0.270657
Epoch 008 | Step 630 | lr=7.269952e-04 | loss=0.260554
Epoch 008 | Step 640 | lr=7.269952e-04 | loss=0.262114
Epoch 008 | Step 650 | lr=7.269952e-04 | loss=0.259206
Epoch 008 | Step 660 | lr=7.269952e-04 | loss=0.267513
Epoch 008 | Step 670 | lr=7.269952e-04 | loss=0.243818
Epoch 008 | Step 680 | lr=7.269952e-04 | loss=0.249857
Epoch 008 | Step 690 | lr=7.269952e-04 | loss=0.286467
Epoch 008 | Step 700 | lr=7.269952e-04 | loss=0.288907
Epoch 008 | Step 710 | lr=7.269952e-04 | loss=0.269352
Epoch 008 | Step 720 | lr=7.269952e-04 | loss=0.281551
Epoch 008 | Step 730 | lr=7.269952e-04 | loss=0.287323
Epoch 008 | Step 740 | lr=7.269952e-04 | loss=0.247409
Epoch 008 | Step 750 | lr=7.269952e-04 | loss=0.295847
Epoch 008 | Step 760 | lr=7.269952e-04 | loss=0.272221
Epoch 008 | Step 770 | lr=7.269952e-04 | loss=0.281974
Epoch 008 | Step 780 | lr=7.269952e-04 | loss=0.264955
Epoch 008 | Step 790 | lr=7.269952e-04 | loss=0.285324
Epoch 008 | Step 800 | lr=7.269952e-04 | loss=0.261175
Epoch 008 | Step 810 | lr=7.269952e-04 | loss=0.273901
Epoch 008 | Step 820 | lr=7.269952e-04 | loss=0.329403
Epoch 008 | Step 830 | lr=7.269952e-04 | loss=0.250462
Epoch 008 | Step 840 | lr=7.269952e-04 | loss=0.259614
Epoch 008 | Step 850 | lr=7.269952e-04 | loss=0.290611
Epoch 008 | Step 860 | lr=7.269952e-04 | loss=0.246988
Epoch 008 | Step 870 | lr=7.269952e-04 | loss=0.269836
Epoch 008 | Step 880 | lr=7.269952e-04 | loss=0.300108
Epoch 008 | Step 890 | lr=7.269952e-04 | loss=0.270475
Epoch 008 | Step 900 | lr=7.269952e-04 | loss=0.273193
Epoch 008 | Step 910 | lr=7.269952e-04 | loss=0.267854
Epoch 008 | Step 920 | lr=7.269952e-04 | loss=0.251865
Epoch 008 | Step 930 | lr=7.269952e-04 | loss=0.281130
Epoch 008 | Step 940 | lr=7.269952e-04 | loss=0.258048
Epoch 008 | Step 950 | lr=7.269952e-04 | loss=0.273907
Epoch 008 | Step 960 | lr=7.269952e-04 | loss=0.282018
epoch 008 | train_kld=0.269748 | val_kld=0.265526 | val_mae=0.003663 | val_mse=0.000255 | ord_acc@10=0.2858 | recall@10=0.8159
Epoch 009 | Step 10 | lr=6.545085e-04 | loss=0.281454
Epoch 009 | Step 20 | lr=6.545085e-04 | loss=0.281782
Epoch 009 | Step 30 | lr=6.545085e-04 | loss=0.298691
Epoch 009 | Step 40 | lr=6.545085e-04 | loss=0.248450
Epoch 009 | Step 50 | lr=6.545085e-04 | loss=0.310049
Epoch 009 | Step 60 | lr=6.545085e-04 | loss=0.295628
Epoch 009 | Step 70 | lr=6.545085e-04 | loss=0.267331
Epoch 009 | Step 80 | lr=6.545085e-04 | loss=0.285229
Epoch 009 | Step 90 | lr=6.545085e-04 | loss=0.272902
Epoch 009 | Step 100 | lr=6.545085e-04 | loss=0.277397
Epoch 009 | Step 110 | lr=6.545085e-04 | loss=0.301213
Epoch 009 | Step 120 | lr=6.545085e-04 | loss=0.261211
Epoch 009 | Step 130 | lr=6.545085e-04 | loss=0.252920
Epoch 009 | Step 140 | lr=6.545085e-04 | loss=0.261294
Epoch 009 | Step 150 | lr=6.545085e-04 | loss=0.295833
Epoch 009 | Step 160 | lr=6.545085e-04 | loss=0.279377
Epoch 009 | Step 170 | lr=6.545085e-04 | loss=0.288237
Epoch 009 | Step 180 | lr=6.545085e-04 | loss=0.261136
Epoch 009 | Step 190 | lr=6.545085e-04 | loss=0.285815
Epoch 009 | Step 200 | lr=6.545085e-04 | loss=0.262934
Epoch 009 | Step 210 | lr=6.545085e-04 | loss=0.252850
Epoch 009 | Step 220 | lr=6.545085e-04 | loss=0.243193
Epoch 009 | Step 230 | lr=6.545085e-04 | loss=0.255405
Epoch 009 | Step 240 | lr=6.545085e-04 | loss=0.270215
Epoch 009 | Step 250 | lr=6.545085e-04 | loss=0.272021
Epoch 009 | Step 260 | lr=6.545085e-04 | loss=0.257824
Epoch 009 | Step 270 | lr=6.545085e-04 | loss=0.284848
Epoch 009 | Step 280 | lr=6.545085e-04 | loss=0.259025
Epoch 009 | Step 290 | lr=6.545085e-04 | loss=0.255802
Epoch 009 | Step 300 | lr=6.545085e-04 | loss=0.257126
Epoch 009 | Step 310 | lr=6.545085e-04 | loss=0.261361
Epoch 009 | Step 320 | lr=6.545085e-04 | loss=0.244389
Epoch 009 | Step 330 | lr=6.545085e-04 | loss=0.267747
Epoch 009 | Step 340 | lr=6.545085e-04 | loss=0.262097
Epoch 009 | Step 350 | lr=6.545085e-04 | loss=0.252048
Epoch 009 | Step 360 | lr=6.545085e-04 | loss=0.279637
Epoch 009 | Step 370 | lr=6.545085e-04 | loss=0.268318
Epoch 009 | Step 380 | lr=6.545085e-04 | loss=0.240251
Epoch 009 | Step 390 | lr=6.545085e-04 | loss=0.265437
Epoch 009 | Step 400 | lr=6.545085e-04 | loss=0.267146
Epoch 009 | Step 410 | lr=6.545085e-04 | loss=0.261052
Epoch 009 | Step 420 | lr=6.545085e-04 | loss=0.262318
Epoch 009 | Step 430 | lr=6.545085e-04 | loss=0.259538
Epoch 009 | Step 440 | lr=6.545085e-04 | loss=0.304007
Epoch 009 | Step 450 | lr=6.545085e-04 | loss=0.298719
Epoch 009 | Step 460 | lr=6.545085e-04 | loss=0.265482
Epoch 009 | Step 470 | lr=6.545085e-04 | loss=0.272161
Epoch 009 | Step 480 | lr=6.545085e-04 | loss=0.255140
Epoch 009 | Step 490 | lr=6.545085e-04 | loss=0.257552
Epoch 009 | Step 500 | lr=6.545085e-04 | loss=0.266526
Epoch 009 | Step 510 | lr=6.545085e-04 | loss=0.282079
Epoch 009 | Step 520 | lr=6.545085e-04 | loss=0.254452
Epoch 009 | Step 530 | lr=6.545085e-04 | loss=0.243630
Epoch 009 | Step 540 | lr=6.545085e-04 | loss=0.288922
Epoch 009 | Step 550 | lr=6.545085e-04 | loss=0.257208
Epoch 009 | Step 560 | lr=6.545085e-04 | loss=0.255464
Epoch 009 | Step 570 | lr=6.545085e-04 | loss=0.266575
Epoch 009 | Step 580 | lr=6.545085e-04 | loss=0.232192
Epoch 009 | Step 590 | lr=6.545085e-04 | loss=0.247068
Epoch 009 | Step 600 | lr=6.545085e-04 | loss=0.255333
Epoch 009 | Step 610 | lr=6.545085e-04 | loss=0.252959
Epoch 009 | Step 620 | lr=6.545085e-04 | loss=0.259640
Epoch 009 | Step 630 | lr=6.545085e-04 | loss=0.284784
Epoch 009 | Step 640 | lr=6.545085e-04 | loss=0.262001
Epoch 009 | Step 650 | lr=6.545085e-04 | loss=0.244748
Epoch 009 | Step 660 | lr=6.545085e-04 | loss=0.248475
Epoch 009 | Step 670 | lr=6.545085e-04 | loss=0.242423
Epoch 009 | Step 680 | lr=6.545085e-04 | loss=0.258103
Epoch 009 | Step 690 | lr=6.545085e-04 | loss=0.275853
Epoch 009 | Step 700 | lr=6.545085e-04 | loss=0.312337
Epoch 009 | Step 710 | lr=6.545085e-04 | loss=0.270211
Epoch 009 | Step 720 | lr=6.545085e-04 | loss=0.267921
Epoch 009 | Step 730 | lr=6.545085e-04 | loss=0.270360
Epoch 009 | Step 740 | lr=6.545085e-04 | loss=0.299511
Epoch 009 | Step 750 | lr=6.545085e-04 | loss=0.283084
Epoch 009 | Step 760 | lr=6.545085e-04 | loss=0.267103
Epoch 009 | Step 770 | lr=6.545085e-04 | loss=0.259101
Epoch 009 | Step 780 | lr=6.545085e-04 | loss=0.289627
Epoch 009 | Step 790 | lr=6.545085e-04 | loss=0.268375
Epoch 009 | Step 800 | lr=6.545085e-04 | loss=0.255214
Epoch 009 | Step 810 | lr=6.545085e-04 | loss=0.257588
Epoch 009 | Step 820 | lr=6.545085e-04 | loss=0.255609
Epoch 009 | Step 830 | lr=6.545085e-04 | loss=0.254638
Epoch 009 | Step 840 | lr=6.545085e-04 | loss=0.252980
Epoch 009 | Step 850 | lr=6.545085e-04 | loss=0.249291
Epoch 009 | Step 860 | lr=6.545085e-04 | loss=0.266493
Epoch 009 | Step 870 | lr=6.545085e-04 | loss=0.280001
Epoch 009 | Step 880 | lr=6.545085e-04 | loss=0.263245
Epoch 009 | Step 890 | lr=6.545085e-04 | loss=0.271004
Epoch 009 | Step 900 | lr=6.545085e-04 | loss=0.295423
Epoch 009 | Step 910 | lr=6.545085e-04 | loss=0.286825
Epoch 009 | Step 920 | lr=6.545085e-04 | loss=0.254500
Epoch 009 | Step 930 | lr=6.545085e-04 | loss=0.254278
Epoch 009 | Step 940 | lr=6.545085e-04 | loss=0.259216
Epoch 009 | Step 950 | lr=6.545085e-04 | loss=0.316573
Epoch 009 | Step 960 | lr=6.545085e-04 | loss=0.258151
epoch 009 | train_kld=0.264580 | val_kld=0.248446 | val_mae=0.003513 | val_mse=0.000232 | ord_acc@10=0.3026 | recall@10=0.8160
Epoch 010 | Step 10 | lr=5.782172e-04 | loss=0.239293
Epoch 010 | Step 20 | lr=5.782172e-04 | loss=0.255707
Epoch 010 | Step 30 | lr=5.782172e-04 | loss=0.255130
Epoch 010 | Step 40 | lr=5.782172e-04 | loss=0.274974
Epoch 010 | Step 50 | lr=5.782172e-04 | loss=0.256011
Epoch 010 | Step 60 | lr=5.782172e-04 | loss=0.279713
Epoch 010 | Step 70 | lr=5.782172e-04 | loss=0.271293
Epoch 010 | Step 80 | lr=5.782172e-04 | loss=0.260682
Epoch 010 | Step 90 | lr=5.782172e-04 | loss=0.265736
Epoch 010 | Step 100 | lr=5.782172e-04 | loss=0.251217
Epoch 010 | Step 110 | lr=5.782172e-04 | loss=0.242113
Epoch 010 | Step 120 | lr=5.782172e-04 | loss=0.236737
Epoch 010 | Step 130 | lr=5.782172e-04 | loss=0.248380
Epoch 010 | Step 140 | lr=5.782172e-04 | loss=0.254621
Epoch 010 | Step 150 | lr=5.782172e-04 | loss=0.248358
Epoch 010 | Step 160 | lr=5.782172e-04 | loss=0.245396
Epoch 010 | Step 170 | lr=5.782172e-04 | loss=0.257137
Epoch 010 | Step 180 | lr=5.782172e-04 | loss=0.269870
Epoch 010 | Step 190 | lr=5.782172e-04 | loss=0.252418
Epoch 010 | Step 200 | lr=5.782172e-04 | loss=0.238685
Epoch 010 | Step 210 | lr=5.782172e-04 | loss=0.251997
Epoch 010 | Step 220 | lr=5.782172e-04 | loss=0.254619
Epoch 010 | Step 230 | lr=5.782172e-04 | loss=0.241950
Epoch 010 | Step 240 | lr=5.782172e-04 | loss=0.258673
Epoch 010 | Step 250 | lr=5.782172e-04 | loss=0.253970
Epoch 010 | Step 260 | lr=5.782172e-04 | loss=0.253610
Epoch 010 | Step 270 | lr=5.782172e-04 | loss=0.250093
Epoch 010 | Step 280 | lr=5.782172e-04 | loss=0.285726
Epoch 010 | Step 290 | lr=5.782172e-04 | loss=0.302099
Epoch 010 | Step 300 | lr=5.782172e-04 | loss=0.270467
Epoch 010 | Step 310 | lr=5.782172e-04 | loss=0.254704
Epoch 010 | Step 320 | lr=5.782172e-04 | loss=0.263955
Epoch 010 | Step 330 | lr=5.782172e-04 | loss=0.288059
Epoch 010 | Step 340 | lr=5.782172e-04 | loss=0.250713
Epoch 010 | Step 350 | lr=5.782172e-04 | loss=0.231701
Epoch 010 | Step 360 | lr=5.782172e-04 | loss=0.249764
Epoch 010 | Step 370 | lr=5.782172e-04 | loss=0.245700
Epoch 010 | Step 380 | lr=5.782172e-04 | loss=0.242432
Epoch 010 | Step 390 | lr=5.782172e-04 | loss=0.245198
Epoch 010 | Step 400 | lr=5.782172e-04 | loss=0.245135
Epoch 010 | Step 410 | lr=5.782172e-04 | loss=0.240304
Epoch 010 | Step 420 | lr=5.782172e-04 | loss=0.263767
Epoch 010 | Step 430 | lr=5.782172e-04 | loss=0.292125
Epoch 010 | Step 440 | lr=5.782172e-04 | loss=0.249923
Epoch 010 | Step 450 | lr=5.782172e-04 | loss=0.254354
Epoch 010 | Step 460 | lr=5.782172e-04 | loss=0.286460
Epoch 010 | Step 470 | lr=5.782172e-04 | loss=0.250677
Epoch 010 | Step 480 | lr=5.782172e-04 | loss=0.305267
Epoch 010 | Step 490 | lr=5.782172e-04 | loss=0.279031
Epoch 010 | Step 500 | lr=5.782172e-04 | loss=0.257093
Epoch 010 | Step 510 | lr=5.782172e-04 | loss=0.243067
Epoch 010 | Step 520 | lr=5.782172e-04 | loss=0.262789
Epoch 010 | Step 530 | lr=5.782172e-04 | loss=0.248732
Epoch 010 | Step 540 | lr=5.782172e-04 | loss=0.258713
Epoch 010 | Step 550 | lr=5.782172e-04 | loss=0.289031
Epoch 010 | Step 560 | lr=5.782172e-04 | loss=0.250293
Epoch 010 | Step 570 | lr=5.782172e-04 | loss=0.246219
Epoch 010 | Step 580 | lr=5.782172e-04 | loss=0.243509
Epoch 010 | Step 590 | lr=5.782172e-04 | loss=0.251898
Epoch 010 | Step 600 | lr=5.782172e-04 | loss=0.258261
Epoch 010 | Step 610 | lr=5.782172e-04 | loss=0.246772
Epoch 010 | Step 620 | lr=5.782172e-04 | loss=0.250109
Epoch 010 | Step 630 | lr=5.782172e-04 | loss=0.277743
Epoch 010 | Step 640 | lr=5.782172e-04 | loss=0.252718
Epoch 010 | Step 650 | lr=5.782172e-04 | loss=0.256274
Epoch 010 | Step 660 | lr=5.782172e-04 | loss=0.245981
Epoch 010 | Step 670 | lr=5.782172e-04 | loss=0.282870
Epoch 010 | Step 680 | lr=5.782172e-04 | loss=0.258230
Epoch 010 | Step 690 | lr=5.782172e-04 | loss=0.256072
Epoch 010 | Step 700 | lr=5.782172e-04 | loss=0.249691
Epoch 010 | Step 710 | lr=5.782172e-04 | loss=0.244805
Epoch 010 | Step 720 | lr=5.782172e-04 | loss=0.252094
Epoch 010 | Step 730 | lr=5.782172e-04 | loss=0.252075
Epoch 010 | Step 740 | lr=5.782172e-04 | loss=0.252974
Epoch 010 | Step 750 | lr=5.782172e-04 | loss=0.260289
Epoch 010 | Step 760 | lr=5.782172e-04 | loss=0.270984
Epoch 010 | Step 770 | lr=5.782172e-04 | loss=0.266098
Epoch 010 | Step 780 | lr=5.782172e-04 | loss=0.268078
Epoch 010 | Step 790 | lr=5.782172e-04 | loss=0.259095
Epoch 010 | Step 800 | lr=5.782172e-04 | loss=0.257576
Epoch 010 | Step 810 | lr=5.782172e-04 | loss=0.243934
Epoch 010 | Step 820 | lr=5.782172e-04 | loss=0.272707
Epoch 010 | Step 830 | lr=5.782172e-04 | loss=0.259506
Epoch 010 | Step 840 | lr=5.782172e-04 | loss=0.243381
Epoch 010 | Step 850 | lr=5.782172e-04 | loss=0.248690
Epoch 010 | Step 860 | lr=5.782172e-04 | loss=0.262071
Epoch 010 | Step 870 | lr=5.782172e-04 | loss=0.254767
Epoch 010 | Step 880 | lr=5.782172e-04 | loss=0.253210
Epoch 010 | Step 890 | lr=5.782172e-04 | loss=0.263433
Epoch 010 | Step 900 | lr=5.782172e-04 | loss=0.248235
Epoch 010 | Step 910 | lr=5.782172e-04 | loss=0.292780
Epoch 010 | Step 920 | lr=5.782172e-04 | loss=0.360292
Epoch 010 | Step 930 | lr=5.782172e-04 | loss=0.260509
Epoch 010 | Step 940 | lr=5.782172e-04 | loss=0.270309
Epoch 010 | Step 950 | lr=5.782172e-04 | loss=0.248056
Epoch 010 | Step 960 | lr=5.782172e-04 | loss=0.249011
epoch 010 | train_kld=0.258850 | val_kld=0.246933 | val_mae=0.003355 | val_mse=0.000207 | ord_acc@10=0.3058 | recall@10=0.8191
Epoch 011 | Step 10 | lr=5.000000e-04 | loss=0.248021
Epoch 011 | Step 20 | lr=5.000000e-04 | loss=0.250047
Epoch 011 | Step 30 | lr=5.000000e-04 | loss=0.257091
Epoch 011 | Step 40 | lr=5.000000e-04 | loss=0.252406
Epoch 011 | Step 50 | lr=5.000000e-04 | loss=0.252077
Epoch 011 | Step 60 | lr=5.000000e-04 | loss=0.243384
Epoch 011 | Step 70 | lr=5.000000e-04 | loss=0.247229
Epoch 011 | Step 80 | lr=5.000000e-04 | loss=0.242068
Epoch 011 | Step 90 | lr=5.000000e-04 | loss=0.247407
Epoch 011 | Step 100 | lr=5.000000e-04 | loss=0.250570
Epoch 011 | Step 110 | lr=5.000000e-04 | loss=0.278982
Epoch 011 | Step 120 | lr=5.000000e-04 | loss=0.242594
Epoch 011 | Step 130 | lr=5.000000e-04 | loss=0.253543
Epoch 011 | Step 140 | lr=5.000000e-04 | loss=0.247236
Epoch 011 | Step 150 | lr=5.000000e-04 | loss=0.245698
Epoch 011 | Step 160 | lr=5.000000e-04 | loss=0.269581
Epoch 011 | Step 170 | lr=5.000000e-04 | loss=0.288773
Epoch 011 | Step 180 | lr=5.000000e-04 | loss=0.227619
Epoch 011 | Step 190 | lr=5.000000e-04 | loss=0.288359
Epoch 011 | Step 200 | lr=5.000000e-04 | loss=0.229035
Epoch 011 | Step 210 | lr=5.000000e-04 | loss=0.243626
Epoch 011 | Step 220 | lr=5.000000e-04 | loss=0.248820
Epoch 011 | Step 230 | lr=5.000000e-04 | loss=0.237603
Epoch 011 | Step 240 | lr=5.000000e-04 | loss=0.243249
Epoch 011 | Step 250 | lr=5.000000e-04 | loss=0.250755
Epoch 011 | Step 260 | lr=5.000000e-04 | loss=0.235437
Epoch 011 | Step 270 | lr=5.000000e-04 | loss=0.239918
Epoch 011 | Step 280 | lr=5.000000e-04 | loss=0.251236
Epoch 011 | Step 290 | lr=5.000000e-04 | loss=0.251628
Epoch 011 | Step 300 | lr=5.000000e-04 | loss=0.300221
Epoch 011 | Step 310 | lr=5.000000e-04 | loss=0.261446
Epoch 011 | Step 320 | lr=5.000000e-04 | loss=0.280857
Epoch 011 | Step 330 | lr=5.000000e-04 | loss=0.281398
Epoch 011 | Step 340 | lr=5.000000e-04 | loss=0.250956
Epoch 011 | Step 350 | lr=5.000000e-04 | loss=0.271675
Epoch 011 | Step 360 | lr=5.000000e-04 | loss=0.236839
Epoch 011 | Step 370 | lr=5.000000e-04 | loss=0.303272
Epoch 011 | Step 380 | lr=5.000000e-04 | loss=0.276858
Epoch 011 | Step 390 | lr=5.000000e-04 | loss=0.253900
Epoch 011 | Step 400 | lr=5.000000e-04 | loss=0.288572
Epoch 011 | Step 410 | lr=5.000000e-04 | loss=0.246388
Epoch 011 | Step 420 | lr=5.000000e-04 | loss=0.238987
Epoch 011 | Step 430 | lr=5.000000e-04 | loss=0.241910
Epoch 011 | Step 440 | lr=5.000000e-04 | loss=0.253124
Epoch 011 | Step 450 | lr=5.000000e-04 | loss=0.232044
Epoch 011 | Step 460 | lr=5.000000e-04 | loss=0.239721
Epoch 011 | Step 470 | lr=5.000000e-04 | loss=0.252853
Epoch 011 | Step 480 | lr=5.000000e-04 | loss=0.245359
Epoch 011 | Step 490 | lr=5.000000e-04 | loss=0.255188
Epoch 011 | Step 500 | lr=5.000000e-04 | loss=0.251660
Epoch 011 | Step 510 | lr=5.000000e-04 | loss=0.245367
Epoch 011 | Step 520 | lr=5.000000e-04 | loss=0.257664
Epoch 011 | Step 530 | lr=5.000000e-04 | loss=0.247935
Epoch 011 | Step 540 | lr=5.000000e-04 | loss=0.233718
Epoch 011 | Step 550 | lr=5.000000e-04 | loss=0.238039
Epoch 011 | Step 560 | lr=5.000000e-04 | loss=0.245477
Epoch 011 | Step 570 | lr=5.000000e-04 | loss=0.282775
Epoch 011 | Step 580 | lr=5.000000e-04 | loss=0.254548
Epoch 011 | Step 590 | lr=5.000000e-04 | loss=0.253156
Epoch 011 | Step 600 | lr=5.000000e-04 | loss=0.244991
Epoch 011 | Step 610 | lr=5.000000e-04 | loss=0.256659
Epoch 011 | Step 620 | lr=5.000000e-04 | loss=0.236194
Epoch 011 | Step 630 | lr=5.000000e-04 | loss=0.235034
Epoch 011 | Step 640 | lr=5.000000e-04 | loss=0.257195
Epoch 011 | Step 650 | lr=5.000000e-04 | loss=0.253597
Epoch 011 | Step 660 | lr=5.000000e-04 | loss=0.290889
Epoch 011 | Step 670 | lr=5.000000e-04 | loss=0.261029
Epoch 011 | Step 680 | lr=5.000000e-04 | loss=0.250661
Epoch 011 | Step 690 | lr=5.000000e-04 | loss=0.267366
Epoch 011 | Step 700 | lr=5.000000e-04 | loss=0.241088
Epoch 011 | Step 710 | lr=5.000000e-04 | loss=0.268196
Epoch 011 | Step 720 | lr=5.000000e-04 | loss=0.247400
Epoch 011 | Step 730 | lr=5.000000e-04 | loss=0.249332
Epoch 011 | Step 740 | lr=5.000000e-04 | loss=0.250983
Epoch 011 | Step 750 | lr=5.000000e-04 | loss=0.241816
Epoch 011 | Step 760 | lr=5.000000e-04 | loss=0.243719
Epoch 011 | Step 770 | lr=5.000000e-04 | loss=0.242120
Epoch 011 | Step 780 | lr=5.000000e-04 | loss=0.252398
Epoch 011 | Step 790 | lr=5.000000e-04 | loss=0.295830
Epoch 011 | Step 800 | lr=5.000000e-04 | loss=0.246951
Epoch 011 | Step 810 | lr=5.000000e-04 | loss=0.251108
Epoch 011 | Step 820 | lr=5.000000e-04 | loss=0.274637
Epoch 011 | Step 830 | lr=5.000000e-04 | loss=0.247980
Epoch 011 | Step 840 | lr=5.000000e-04 | loss=0.284188
Epoch 011 | Step 850 | lr=5.000000e-04 | loss=0.257610
Epoch 011 | Step 860 | lr=5.000000e-04 | loss=0.291579
Epoch 011 | Step 870 | lr=5.000000e-04 | loss=0.249085
Epoch 011 | Step 880 | lr=5.000000e-04 | loss=0.299722
Epoch 011 | Step 890 | lr=5.000000e-04 | loss=0.257707
Epoch 011 | Step 900 | lr=5.000000e-04 | loss=0.230052
Epoch 011 | Step 910 | lr=5.000000e-04 | loss=0.267679
Epoch 011 | Step 920 | lr=5.000000e-04 | loss=0.265526
Epoch 011 | Step 930 | lr=5.000000e-04 | loss=0.244535
Epoch 011 | Step 940 | lr=5.000000e-04 | loss=0.246468
Epoch 011 | Step 950 | lr=5.000000e-04 | loss=0.232855
Epoch 011 | Step 960 | lr=5.000000e-04 | loss=0.247987
epoch 011 | train_kld=0.252365 | val_kld=0.246654 | val_mae=0.003483 | val_mse=0.000224 | ord_acc@10=0.3055 | recall@10=0.8209
Epoch 012 | Step 10 | lr=4.217828e-04 | loss=0.252143
Epoch 012 | Step 20 | lr=4.217828e-04 | loss=0.246555
Epoch 012 | Step 30 | lr=4.217828e-04 | loss=0.240193
Epoch 012 | Step 40 | lr=4.217828e-04 | loss=0.242721
Epoch 012 | Step 50 | lr=4.217828e-04 | loss=0.239575
Epoch 012 | Step 60 | lr=4.217828e-04 | loss=0.239419
Epoch 012 | Step 70 | lr=4.217828e-04 | loss=0.241038
Epoch 012 | Step 80 | lr=4.217828e-04 | loss=0.237011
Epoch 012 | Step 90 | lr=4.217828e-04 | loss=0.238745
Epoch 012 | Step 100 | lr=4.217828e-04 | loss=0.259227
Epoch 012 | Step 110 | lr=4.217828e-04 | loss=0.242464
Epoch 012 | Step 120 | lr=4.217828e-04 | loss=0.247147
Epoch 012 | Step 130 | lr=4.217828e-04 | loss=0.249769
Epoch 012 | Step 140 | lr=4.217828e-04 | loss=0.235479
Epoch 012 | Step 150 | lr=4.217828e-04 | loss=0.245444
Epoch 012 | Step 160 | lr=4.217828e-04 | loss=0.232565
Epoch 012 | Step 170 | lr=4.217828e-04 | loss=0.220900
Epoch 012 | Step 180 | lr=4.217828e-04 | loss=0.267502
Epoch 012 | Step 190 | lr=4.217828e-04 | loss=0.239033
Epoch 012 | Step 200 | lr=4.217828e-04 | loss=0.259043
Epoch 012 | Step 210 | lr=4.217828e-04 | loss=0.230997
Epoch 012 | Step 220 | lr=4.217828e-04 | loss=0.230121
Epoch 012 | Step 230 | lr=4.217828e-04 | loss=0.245685
Epoch 012 | Step 240 | lr=4.217828e-04 | loss=0.249472
Epoch 012 | Step 250 | lr=4.217828e-04 | loss=0.247741
Epoch 012 | Step 260 | lr=4.217828e-04 | loss=0.231375
Epoch 012 | Step 270 | lr=4.217828e-04 | loss=0.230667
Epoch 012 | Step 280 | lr=4.217828e-04 | loss=0.239217
Epoch 012 | Step 290 | lr=4.217828e-04 | loss=0.246469
Epoch 012 | Step 300 | lr=4.217828e-04 | loss=0.233543
Epoch 012 | Step 310 | lr=4.217828e-04 | loss=0.279990
Epoch 012 | Step 320 | lr=4.217828e-04 | loss=0.249309
Epoch 012 | Step 330 | lr=4.217828e-04 | loss=0.235767
Epoch 012 | Step 340 | lr=4.217828e-04 | loss=0.240452
Epoch 012 | Step 350 | lr=4.217828e-04 | loss=0.263839
Epoch 012 | Step 360 | lr=4.217828e-04 | loss=0.255609
Epoch 012 | Step 370 | lr=4.217828e-04 | loss=0.249244
Epoch 012 | Step 380 | lr=4.217828e-04 | loss=0.227745
Epoch 012 | Step 390 | lr=4.217828e-04 | loss=0.254059
Epoch 012 | Step 400 | lr=4.217828e-04 | loss=0.225741
Epoch 012 | Step 410 | lr=4.217828e-04 | loss=0.257312
Epoch 012 | Step 420 | lr=4.217828e-04 | loss=0.269598
Epoch 012 | Step 430 | lr=4.217828e-04 | loss=0.256647
Epoch 012 | Step 440 | lr=4.217828e-04 | loss=0.244974
Epoch 012 | Step 450 | lr=4.217828e-04 | loss=0.249342
Epoch 012 | Step 460 | lr=4.217828e-04 | loss=0.238285
Epoch 012 | Step 470 | lr=4.217828e-04 | loss=0.236790
Epoch 012 | Step 480 | lr=4.217828e-04 | loss=0.285882
Epoch 012 | Step 490 | lr=4.217828e-04 | loss=0.231911
Epoch 012 | Step 500 | lr=4.217828e-04 | loss=0.255307
Epoch 012 | Step 510 | lr=4.217828e-04 | loss=0.232953
Epoch 012 | Step 520 | lr=4.217828e-04 | loss=0.241244
Epoch 012 | Step 530 | lr=4.217828e-04 | loss=0.239158
Epoch 012 | Step 540 | lr=4.217828e-04 | loss=0.248563
Epoch 012 | Step 550 | lr=4.217828e-04 | loss=0.261076
Epoch 012 | Step 560 | lr=4.217828e-04 | loss=0.247198
Epoch 012 | Step 570 | lr=4.217828e-04 | loss=0.246341
Epoch 012 | Step 580 | lr=4.217828e-04 | loss=0.284546
Epoch 012 | Step 590 | lr=4.217828e-04 | loss=0.245702
Epoch 012 | Step 600 | lr=4.217828e-04 | loss=0.241578
Epoch 012 | Step 610 | lr=4.217828e-04 | loss=0.239029
Epoch 012 | Step 620 | lr=4.217828e-04 | loss=0.244684
Epoch 012 | Step 630 | lr=4.217828e-04 | loss=0.247366
Epoch 012 | Step 640 | lr=4.217828e-04 | loss=0.238168
Epoch 012 | Step 650 | lr=4.217828e-04 | loss=0.250099
Epoch 012 | Step 660 | lr=4.217828e-04 | loss=0.253486
Epoch 012 | Step 670 | lr=4.217828e-04 | loss=0.228405
Epoch 012 | Step 680 | lr=4.217828e-04 | loss=0.244725
Epoch 012 | Step 690 | lr=4.217828e-04 | loss=0.249530
Epoch 012 | Step 700 | lr=4.217828e-04 | loss=0.267408
Epoch 012 | Step 710 | lr=4.217828e-04 | loss=0.235981
Epoch 012 | Step 720 | lr=4.217828e-04 | loss=0.250681
Epoch 012 | Step 730 | lr=4.217828e-04 | loss=0.234340
Epoch 012 | Step 740 | lr=4.217828e-04 | loss=0.258058
Epoch 012 | Step 750 | lr=4.217828e-04 | loss=0.250397
Epoch 012 | Step 760 | lr=4.217828e-04 | loss=0.237014
Epoch 012 | Step 770 | lr=4.217828e-04 | loss=0.243908
Epoch 012 | Step 780 | lr=4.217828e-04 | loss=0.253320
Epoch 012 | Step 790 | lr=4.217828e-04 | loss=0.258539
Epoch 012 | Step 800 | lr=4.217828e-04 | loss=0.255504
Epoch 012 | Step 810 | lr=4.217828e-04 | loss=0.266199
Epoch 012 | Step 820 | lr=4.217828e-04 | loss=0.247993
Epoch 012 | Step 830 | lr=4.217828e-04 | loss=0.256256
Epoch 012 | Step 840 | lr=4.217828e-04 | loss=0.265664
Epoch 012 | Step 850 | lr=4.217828e-04 | loss=0.238540
Epoch 012 | Step 860 | lr=4.217828e-04 | loss=0.244502
Epoch 012 | Step 870 | lr=4.217828e-04 | loss=0.228259
Epoch 012 | Step 880 | lr=4.217828e-04 | loss=0.246736
Epoch 012 | Step 890 | lr=4.217828e-04 | loss=0.239583
Epoch 012 | Step 900 | lr=4.217828e-04 | loss=0.249128
Epoch 012 | Step 910 | lr=4.217828e-04 | loss=0.239438
Epoch 012 | Step 920 | lr=4.217828e-04 | loss=0.255768
Epoch 012 | Step 930 | lr=4.217828e-04 | loss=0.233485
Epoch 012 | Step 940 | lr=4.217828e-04 | loss=0.233643
Epoch 012 | Step 950 | lr=4.217828e-04 | loss=0.234093
Epoch 012 | Step 960 | lr=4.217828e-04 | loss=0.265452
epoch 012 | train_kld=0.245970 | val_kld=0.239759 | val_mae=0.003456 | val_mse=0.000221 | ord_acc@10=0.3054 | recall@10=0.8183
Epoch 013 | Step 10 | lr=3.454915e-04 | loss=0.249989
Epoch 013 | Step 20 | lr=3.454915e-04 | loss=0.237795
Epoch 013 | Step 30 | lr=3.454915e-04 | loss=0.228975
Epoch 013 | Step 40 | lr=3.454915e-04 | loss=0.233210
Epoch 013 | Step 50 | lr=3.454915e-04 | loss=0.237075
Epoch 013 | Step 60 | lr=3.454915e-04 | loss=0.235954
Epoch 013 | Step 70 | lr=3.454915e-04 | loss=0.229863
Epoch 013 | Step 80 | lr=3.454915e-04 | loss=0.296569
Epoch 013 | Step 90 | lr=3.454915e-04 | loss=0.238214
Epoch 013 | Step 100 | lr=3.454915e-04 | loss=0.232000
Epoch 013 | Step 110 | lr=3.454915e-04 | loss=0.224992
Epoch 013 | Step 120 | lr=3.454915e-04 | loss=0.228449
Epoch 013 | Step 130 | lr=3.454915e-04 | loss=0.234616
Epoch 013 | Step 140 | lr=3.454915e-04 | loss=0.250701
Epoch 013 | Step 150 | lr=3.454915e-04 | loss=0.239594
Epoch 013 | Step 160 | lr=3.454915e-04 | loss=0.256233
Epoch 013 | Step 170 | lr=3.454915e-04 | loss=0.230692
Epoch 013 | Step 180 | lr=3.454915e-04 | loss=0.248281
Epoch 013 | Step 190 | lr=3.454915e-04 | loss=0.230048
Epoch 013 | Step 200 | lr=3.454915e-04 | loss=0.240748
Epoch 013 | Step 210 | lr=3.454915e-04 | loss=0.244592
Epoch 013 | Step 220 | lr=3.454915e-04 | loss=0.250025
Epoch 013 | Step 230 | lr=3.454915e-04 | loss=0.244139
Epoch 013 | Step 240 | lr=3.454915e-04 | loss=0.221998
Epoch 013 | Step 250 | lr=3.454915e-04 | loss=0.239144
Epoch 013 | Step 260 | lr=3.454915e-04 | loss=0.228642
Epoch 013 | Step 270 | lr=3.454915e-04 | loss=0.229443
Epoch 013 | Step 280 | lr=3.454915e-04 | loss=0.257323
Epoch 013 | Step 290 | lr=3.454915e-04 | loss=0.228972
Epoch 013 | Step 300 | lr=3.454915e-04 | loss=0.217700
Epoch 013 | Step 310 | lr=3.454915e-04 | loss=0.224464
Epoch 013 | Step 320 | lr=3.454915e-04 | loss=0.242136
Epoch 013 | Step 330 | lr=3.454915e-04 | loss=0.231194
Epoch 013 | Step 340 | lr=3.454915e-04 | loss=0.243699
Epoch 013 | Step 350 | lr=3.454915e-04 | loss=0.242834
Epoch 013 | Step 360 | lr=3.454915e-04 | loss=0.229101
Epoch 013 | Step 370 | lr=3.454915e-04 | loss=0.238378
Epoch 013 | Step 380 | lr=3.454915e-04 | loss=0.256023
Epoch 013 | Step 390 | lr=3.454915e-04 | loss=0.240636
Epoch 013 | Step 400 | lr=3.454915e-04 | loss=0.244750
Epoch 013 | Step 410 | lr=3.454915e-04 | loss=0.240469
Epoch 013 | Step 420 | lr=3.454915e-04 | loss=0.235980
Epoch 013 | Step 430 | lr=3.454915e-04 | loss=0.234259
Epoch 013 | Step 440 | lr=3.454915e-04 | loss=0.228523
Epoch 013 | Step 450 | lr=3.454915e-04 | loss=0.219957
Epoch 013 | Step 460 | lr=3.454915e-04 | loss=0.250467
Epoch 013 | Step 470 | lr=3.454915e-04 | loss=0.225296
Epoch 013 | Step 480 | lr=3.454915e-04 | loss=0.225385
Epoch 013 | Step 490 | lr=3.454915e-04 | loss=0.219483
Epoch 013 | Step 500 | lr=3.454915e-04 | loss=0.234771
Epoch 013 | Step 510 | lr=3.454915e-04 | loss=0.238609
Epoch 013 | Step 520 | lr=3.454915e-04 | loss=0.240412
Epoch 013 | Step 530 | lr=3.454915e-04 | loss=0.243960
Epoch 013 | Step 540 | lr=3.454915e-04 | loss=0.241094
Epoch 013 | Step 550 | lr=3.454915e-04 | loss=0.249165
Epoch 013 | Step 560 | lr=3.454915e-04 | loss=0.230763
Epoch 013 | Step 570 | lr=3.454915e-04 | loss=0.279465
Epoch 013 | Step 580 | lr=3.454915e-04 | loss=0.243230
Epoch 013 | Step 590 | lr=3.454915e-04 | loss=0.265704
Epoch 013 | Step 600 | lr=3.454915e-04 | loss=0.242021
Epoch 013 | Step 610 | lr=3.454915e-04 | loss=0.268285
Epoch 013 | Step 620 | lr=3.454915e-04 | loss=0.251560
Epoch 013 | Step 630 | lr=3.454915e-04 | loss=0.223531
Epoch 013 | Step 640 | lr=3.454915e-04 | loss=0.249981
Epoch 013 | Step 650 | lr=3.454915e-04 | loss=0.246504
Epoch 013 | Step 660 | lr=3.454915e-04 | loss=0.248777
Epoch 013 | Step 670 | lr=3.454915e-04 | loss=0.242350
Epoch 013 | Step 680 | lr=3.454915e-04 | loss=0.274796
Epoch 013 | Step 690 | lr=3.454915e-04 | loss=0.224829
Epoch 013 | Step 700 | lr=3.454915e-04 | loss=0.227335
Epoch 013 | Step 710 | lr=3.454915e-04 | loss=0.235736
Epoch 013 | Step 720 | lr=3.454915e-04 | loss=0.237087
Epoch 013 | Step 730 | lr=3.454915e-04 | loss=0.238585
Epoch 013 | Step 740 | lr=3.454915e-04 | loss=0.241079
Epoch 013 | Step 750 | lr=3.454915e-04 | loss=0.248655
Epoch 013 | Step 760 | lr=3.454915e-04 | loss=0.259818
Epoch 013 | Step 770 | lr=3.454915e-04 | loss=0.225065
Epoch 013 | Step 780 | lr=3.454915e-04 | loss=0.246645
Epoch 013 | Step 790 | lr=3.454915e-04 | loss=0.238620
Epoch 013 | Step 800 | lr=3.454915e-04 | loss=0.232106
Epoch 013 | Step 810 | lr=3.454915e-04 | loss=0.235469
Epoch 013 | Step 820 | lr=3.454915e-04 | loss=0.234801
Epoch 013 | Step 830 | lr=3.454915e-04 | loss=0.285239
Epoch 013 | Step 840 | lr=3.454915e-04 | loss=0.238761
Epoch 013 | Step 850 | lr=3.454915e-04 | loss=0.234117
Epoch 013 | Step 860 | lr=3.454915e-04 | loss=0.242200
Epoch 013 | Step 870 | lr=3.454915e-04 | loss=0.249103
Epoch 013 | Step 880 | lr=3.454915e-04 | loss=0.226785
Epoch 013 | Step 890 | lr=3.454915e-04 | loss=0.220916
Epoch 013 | Step 900 | lr=3.454915e-04 | loss=0.224458
Epoch 013 | Step 910 | lr=3.454915e-04 | loss=0.223229
Epoch 013 | Step 920 | lr=3.454915e-04 | loss=0.245624
Epoch 013 | Step 930 | lr=3.454915e-04 | loss=0.232865
Epoch 013 | Step 940 | lr=3.454915e-04 | loss=0.230202
Epoch 013 | Step 950 | lr=3.454915e-04 | loss=0.238190
Epoch 013 | Step 960 | lr=3.454915e-04 | loss=0.233935
epoch 013 | train_kld=0.240921 | val_kld=0.238439 | val_mae=0.003266 | val_mse=0.000193 | ord_acc@10=0.3100 | recall@10=0.8181
Epoch 014 | Step 10 | lr=2.730048e-04 | loss=0.228508
Epoch 014 | Step 20 | lr=2.730048e-04 | loss=0.222966
Epoch 014 | Step 30 | lr=2.730048e-04 | loss=0.226688
Epoch 014 | Step 40 | lr=2.730048e-04 | loss=0.220446
Epoch 014 | Step 50 | lr=2.730048e-04 | loss=0.235006
Epoch 014 | Step 60 | lr=2.730048e-04 | loss=0.220621
Epoch 014 | Step 70 | lr=2.730048e-04 | loss=0.249626
Epoch 014 | Step 80 | lr=2.730048e-04 | loss=0.235241
Epoch 014 | Step 90 | lr=2.730048e-04 | loss=0.316812
Epoch 014 | Step 100 | lr=2.730048e-04 | loss=0.238500
Epoch 014 | Step 110 | lr=2.730048e-04 | loss=0.226940
Epoch 014 | Step 120 | lr=2.730048e-04 | loss=0.239957
Epoch 014 | Step 130 | lr=2.730048e-04 | loss=0.231920
Epoch 014 | Step 140 | lr=2.730048e-04 | loss=0.279111
Epoch 014 | Step 150 | lr=2.730048e-04 | loss=0.262846
Epoch 014 | Step 160 | lr=2.730048e-04 | loss=0.255246
Epoch 014 | Step 170 | lr=2.730048e-04 | loss=0.226567
Epoch 014 | Step 180 | lr=2.730048e-04 | loss=0.239198
Epoch 014 | Step 190 | lr=2.730048e-04 | loss=0.234394
Epoch 014 | Step 200 | lr=2.730048e-04 | loss=0.223150
Epoch 014 | Step 210 | lr=2.730048e-04 | loss=0.227103
Epoch 014 | Step 220 | lr=2.730048e-04 | loss=0.230187
Epoch 014 | Step 230 | lr=2.730048e-04 | loss=0.244439
Epoch 014 | Step 240 | lr=2.730048e-04 | loss=0.236233
Epoch 014 | Step 250 | lr=2.730048e-04 | loss=0.235467
Epoch 014 | Step 260 | lr=2.730048e-04 | loss=0.229275
Epoch 014 | Step 270 | lr=2.730048e-04 | loss=0.218817
Epoch 014 | Step 280 | lr=2.730048e-04 | loss=0.215677
Epoch 014 | Step 290 | lr=2.730048e-04 | loss=0.231576
Epoch 014 | Step 300 | lr=2.730048e-04 | loss=0.222627
Epoch 014 | Step 310 | lr=2.730048e-04 | loss=0.218858
Epoch 014 | Step 320 | lr=2.730048e-04 | loss=0.235740
Epoch 014 | Step 330 | lr=2.730048e-04 | loss=0.240699
Epoch 014 | Step 340 | lr=2.730048e-04 | loss=0.228980
Epoch 014 | Step 350 | lr=2.730048e-04 | loss=0.273523
Epoch 014 | Step 360 | lr=2.730048e-04 | loss=0.229798
Epoch 014 | Step 370 | lr=2.730048e-04 | loss=0.256747
Epoch 014 | Step 380 | lr=2.730048e-04 | loss=0.238714
Epoch 014 | Step 390 | lr=2.730048e-04 | loss=0.246512
Epoch 014 | Step 400 | lr=2.730048e-04 | loss=0.225987
Epoch 014 | Step 410 | lr=2.730048e-04 | loss=0.236284
Epoch 014 | Step 420 | lr=2.730048e-04 | loss=0.277375
Epoch 014 | Step 430 | lr=2.730048e-04 | loss=0.245745
Epoch 014 | Step 440 | lr=2.730048e-04 | loss=0.238879
Epoch 014 | Step 450 | lr=2.730048e-04 | loss=0.238615
Epoch 014 | Step 460 | lr=2.730048e-04 | loss=0.278641
Epoch 014 | Step 470 | lr=2.730048e-04 | loss=0.220842
Epoch 014 | Step 480 | lr=2.730048e-04 | loss=0.231738
Epoch 014 | Step 490 | lr=2.730048e-04 | loss=0.237490
Epoch 014 | Step 500 | lr=2.730048e-04 | loss=0.247454
Epoch 014 | Step 510 | lr=2.730048e-04 | loss=0.245630
Epoch 014 | Step 520 | lr=2.730048e-04 | loss=0.277445
Epoch 014 | Step 530 | lr=2.730048e-04 | loss=0.233760
Epoch 014 | Step 540 | lr=2.730048e-04 | loss=0.244531
Epoch 014 | Step 550 | lr=2.730048e-04 | loss=0.222194
Epoch 014 | Step 560 | lr=2.730048e-04 | loss=0.236752
Epoch 014 | Step 570 | lr=2.730048e-04 | loss=0.247438
Epoch 014 | Step 580 | lr=2.730048e-04 | loss=0.224637
Epoch 014 | Step 590 | lr=2.730048e-04 | loss=0.271897
Epoch 014 | Step 600 | lr=2.730048e-04 | loss=0.236804
Epoch 014 | Step 610 | lr=2.730048e-04 | loss=0.243123
Epoch 014 | Step 620 | lr=2.730048e-04 | loss=0.249899
Epoch 014 | Step 630 | lr=2.730048e-04 | loss=0.245483
Epoch 014 | Step 640 | lr=2.730048e-04 | loss=0.245334
Epoch 014 | Step 650 | lr=2.730048e-04 | loss=0.234656
Epoch 014 | Step 660 | lr=2.730048e-04 | loss=0.230061
Epoch 014 | Step 670 | lr=2.730048e-04 | loss=0.237495
Epoch 014 | Step 680 | lr=2.730048e-04 | loss=0.231304
Epoch 014 | Step 690 | lr=2.730048e-04 | loss=0.229348
Epoch 014 | Step 700 | lr=2.730048e-04 | loss=0.269648
Epoch 014 | Step 710 | lr=2.730048e-04 | loss=0.234203
Epoch 014 | Step 720 | lr=2.730048e-04 | loss=0.289173
Epoch 014 | Step 730 | lr=2.730048e-04 | loss=0.226999
Epoch 014 | Step 740 | lr=2.730048e-04 | loss=0.229568
Epoch 014 | Step 750 | lr=2.730048e-04 | loss=0.231020
Epoch 014 | Step 760 | lr=2.730048e-04 | loss=0.240123
Epoch 014 | Step 770 | lr=2.730048e-04 | loss=0.223086
Epoch 014 | Step 780 | lr=2.730048e-04 | loss=0.240989
Epoch 014 | Step 790 | lr=2.730048e-04 | loss=0.229948
Epoch 014 | Step 800 | lr=2.730048e-04 | loss=0.238996
Epoch 014 | Step 810 | lr=2.730048e-04 | loss=0.228020
Epoch 014 | Step 820 | lr=2.730048e-04 | loss=0.233772
Epoch 014 | Step 830 | lr=2.730048e-04 | loss=0.245193
Epoch 014 | Step 840 | lr=2.730048e-04 | loss=0.231311
Epoch 014 | Step 850 | lr=2.730048e-04 | loss=0.221545
Epoch 014 | Step 860 | lr=2.730048e-04 | loss=0.237490
Epoch 014 | Step 870 | lr=2.730048e-04 | loss=0.251296
Epoch 014 | Step 880 | lr=2.730048e-04 | loss=0.242083
Epoch 014 | Step 890 | lr=2.730048e-04 | loss=0.219565
Epoch 014 | Step 900 | lr=2.730048e-04 | loss=0.224817
Epoch 014 | Step 910 | lr=2.730048e-04 | loss=0.241402
Epoch 014 | Step 920 | lr=2.730048e-04 | loss=0.243910
Epoch 014 | Step 930 | lr=2.730048e-04 | loss=0.234356
Epoch 014 | Step 940 | lr=2.730048e-04 | loss=0.238322
Epoch 014 | Step 950 | lr=2.730048e-04 | loss=0.246654
Epoch 014 | Step 960 | lr=2.730048e-04 | loss=0.239335
epoch 014 | train_kld=0.235899 | val_kld=0.234860 | val_mae=0.003283 | val_mse=0.000194 | ord_acc@10=0.3118 | recall@10=0.8177
Epoch 015 | Step 10 | lr=2.061074e-04 | loss=0.215438
Epoch 015 | Step 20 | lr=2.061074e-04 | loss=0.224048
Epoch 015 | Step 30 | lr=2.061074e-04 | loss=0.218117
Epoch 015 | Step 40 | lr=2.061074e-04 | loss=0.229692
Epoch 015 | Step 50 | lr=2.061074e-04 | loss=0.220577
Epoch 015 | Step 60 | lr=2.061074e-04 | loss=0.214476
Epoch 015 | Step 70 | lr=2.061074e-04 | loss=0.260422
Epoch 015 | Step 80 | lr=2.061074e-04 | loss=0.230576
Epoch 015 | Step 90 | lr=2.061074e-04 | loss=0.223401
Epoch 015 | Step 100 | lr=2.061074e-04 | loss=0.223767
Epoch 015 | Step 110 | lr=2.061074e-04 | loss=0.249710
Epoch 015 | Step 120 | lr=2.061074e-04 | loss=0.242928
Epoch 015 | Step 130 | lr=2.061074e-04 | loss=0.212462
Epoch 015 | Step 140 | lr=2.061074e-04 | loss=0.253050
Epoch 015 | Step 150 | lr=2.061074e-04 | loss=0.263502
Epoch 015 | Step 160 | lr=2.061074e-04 | loss=0.236414
Epoch 015 | Step 170 | lr=2.061074e-04 | loss=0.211729
Epoch 015 | Step 180 | lr=2.061074e-04 | loss=0.218372
Epoch 015 | Step 190 | lr=2.061074e-04 | loss=0.221038
Epoch 015 | Step 200 | lr=2.061074e-04 | loss=0.215410
Epoch 015 | Step 210 | lr=2.061074e-04 | loss=0.217787
Epoch 015 | Step 220 | lr=2.061074e-04 | loss=0.234628
Epoch 015 | Step 230 | lr=2.061074e-04 | loss=0.263353
Epoch 015 | Step 240 | lr=2.061074e-04 | loss=0.220013
Epoch 015 | Step 250 | lr=2.061074e-04 | loss=0.227166
Epoch 015 | Step 260 | lr=2.061074e-04 | loss=0.223153
Epoch 015 | Step 270 | lr=2.061074e-04 | loss=0.232170
Epoch 015 | Step 280 | lr=2.061074e-04 | loss=0.238367
Epoch 015 | Step 290 | lr=2.061074e-04 | loss=0.253147
Epoch 015 | Step 300 | lr=2.061074e-04 | loss=0.227023
Epoch 015 | Step 310 | lr=2.061074e-04 | loss=0.224023
Epoch 015 | Step 320 | lr=2.061074e-04 | loss=0.226385
Epoch 015 | Step 330 | lr=2.061074e-04 | loss=0.221802
Epoch 015 | Step 340 | lr=2.061074e-04 | loss=0.232172
Epoch 015 | Step 350 | lr=2.061074e-04 | loss=0.216962
Epoch 015 | Step 360 | lr=2.061074e-04 | loss=0.255637
Epoch 015 | Step 370 | lr=2.061074e-04 | loss=0.255009
Epoch 015 | Step 380 | lr=2.061074e-04 | loss=0.226138
Epoch 015 | Step 390 | lr=2.061074e-04 | loss=0.231627
Epoch 015 | Step 400 | lr=2.061074e-04 | loss=0.229125
Epoch 015 | Step 410 | lr=2.061074e-04 | loss=0.224284
Epoch 015 | Step 420 | lr=2.061074e-04 | loss=0.227816
Epoch 015 | Step 430 | lr=2.061074e-04 | loss=0.275715
Epoch 015 | Step 440 | lr=2.061074e-04 | loss=0.254787
Epoch 015 | Step 450 | lr=2.061074e-04 | loss=0.230323
Epoch 015 | Step 460 | lr=2.061074e-04 | loss=0.228433
Epoch 015 | Step 470 | lr=2.061074e-04 | loss=0.236147
Epoch 015 | Step 480 | lr=2.061074e-04 | loss=0.214848
Epoch 015 | Step 490 | lr=2.061074e-04 | loss=0.219183
Epoch 015 | Step 500 | lr=2.061074e-04 | loss=0.231336
Epoch 015 | Step 510 | lr=2.061074e-04 | loss=0.223349
Epoch 015 | Step 520 | lr=2.061074e-04 | loss=0.234464
Epoch 015 | Step 530 | lr=2.061074e-04 | loss=0.219355
Epoch 015 | Step 540 | lr=2.061074e-04 | loss=0.223855
Epoch 015 | Step 550 | lr=2.061074e-04 | loss=0.232764
Epoch 015 | Step 560 | lr=2.061074e-04 | loss=0.232071
Epoch 015 | Step 570 | lr=2.061074e-04 | loss=0.219918
Epoch 015 | Step 580 | lr=2.061074e-04 | loss=0.217339
Epoch 015 | Step 590 | lr=2.061074e-04 | loss=0.216430
Epoch 015 | Step 600 | lr=2.061074e-04 | loss=0.240600
Epoch 015 | Step 610 | lr=2.061074e-04 | loss=0.223010
Epoch 015 | Step 620 | lr=2.061074e-04 | loss=0.219197
Epoch 015 | Step 630 | lr=2.061074e-04 | loss=0.224006
Epoch 015 | Step 640 | lr=2.061074e-04 | loss=0.237021
Epoch 015 | Step 650 | lr=2.061074e-04 | loss=0.226395
Epoch 015 | Step 660 | lr=2.061074e-04 | loss=0.227352
Epoch 015 | Step 670 | lr=2.061074e-04 | loss=0.235651
Epoch 015 | Step 680 | lr=2.061074e-04 | loss=0.226943
Epoch 015 | Step 690 | lr=2.061074e-04 | loss=0.235133
Epoch 015 | Step 700 | lr=2.061074e-04 | loss=0.243369
Epoch 015 | Step 710 | lr=2.061074e-04 | loss=0.232847
Epoch 015 | Step 720 | lr=2.061074e-04 | loss=0.237132
Epoch 015 | Step 730 | lr=2.061074e-04 | loss=0.227832
Epoch 015 | Step 740 | lr=2.061074e-04 | loss=0.279050
Epoch 015 | Step 750 | lr=2.061074e-04 | loss=0.226230
Epoch 015 | Step 760 | lr=2.061074e-04 | loss=0.233412
Epoch 015 | Step 770 | lr=2.061074e-04 | loss=0.234274
Epoch 015 | Step 780 | lr=2.061074e-04 | loss=0.223404
Epoch 015 | Step 790 | lr=2.061074e-04 | loss=0.235256
Epoch 015 | Step 800 | lr=2.061074e-04 | loss=0.264778
Epoch 015 | Step 810 | lr=2.061074e-04 | loss=0.212242
Epoch 015 | Step 820 | lr=2.061074e-04 | loss=0.229578
Epoch 015 | Step 830 | lr=2.061074e-04 | loss=0.217494
Epoch 015 | Step 840 | lr=2.061074e-04 | loss=0.240269
Epoch 015 | Step 850 | lr=2.061074e-04 | loss=0.223305
Epoch 015 | Step 860 | lr=2.061074e-04 | loss=0.220904
Epoch 015 | Step 870 | lr=2.061074e-04 | loss=0.228296
Epoch 015 | Step 880 | lr=2.061074e-04 | loss=0.222440
Epoch 015 | Step 890 | lr=2.061074e-04 | loss=0.218625
Epoch 015 | Step 900 | lr=2.061074e-04 | loss=0.230778
Epoch 015 | Step 910 | lr=2.061074e-04 | loss=0.235849
Epoch 015 | Step 920 | lr=2.061074e-04 | loss=0.265279
Epoch 015 | Step 930 | lr=2.061074e-04 | loss=0.228546
Epoch 015 | Step 940 | lr=2.061074e-04 | loss=0.234935
Epoch 015 | Step 950 | lr=2.061074e-04 | loss=0.261936
Epoch 015 | Step 960 | lr=2.061074e-04 | loss=0.218862
epoch 015 | train_kld=0.231117 | val_kld=0.232806 | val_mae=0.003198 | val_mse=0.000182 | ord_acc@10=0.3115 | recall@10=0.8141
Epoch 016 | Step 10 | lr=1.464466e-04 | loss=0.228721
Epoch 016 | Step 20 | lr=1.464466e-04 | loss=0.234185
Epoch 016 | Step 30 | lr=1.464466e-04 | loss=0.220606
Epoch 016 | Step 40 | lr=1.464466e-04 | loss=0.235481
Epoch 016 | Step 50 | lr=1.464466e-04 | loss=0.234181
Epoch 016 | Step 60 | lr=1.464466e-04 | loss=0.226108
Epoch 016 | Step 70 | lr=1.464466e-04 | loss=0.233352
Epoch 016 | Step 80 | lr=1.464466e-04 | loss=0.286934
Epoch 016 | Step 90 | lr=1.464466e-04 | loss=0.231997
Epoch 016 | Step 100 | lr=1.464466e-04 | loss=0.221424
Epoch 016 | Step 110 | lr=1.464466e-04 | loss=0.221498
Epoch 016 | Step 120 | lr=1.464466e-04 | loss=0.224391
Epoch 016 | Step 130 | lr=1.464466e-04 | loss=0.222435
Epoch 016 | Step 140 | lr=1.464466e-04 | loss=0.230342
Epoch 016 | Step 150 | lr=1.464466e-04 | loss=0.301588
Epoch 016 | Step 160 | lr=1.464466e-04 | loss=0.231148
Epoch 016 | Step 170 | lr=1.464466e-04 | loss=0.227112
Epoch 016 | Step 180 | lr=1.464466e-04 | loss=0.260339
Epoch 016 | Step 190 | lr=1.464466e-04 | loss=0.216969
Epoch 016 | Step 200 | lr=1.464466e-04 | loss=0.229445
Epoch 016 | Step 210 | lr=1.464466e-04 | loss=0.233928
Epoch 016 | Step 220 | lr=1.464466e-04 | loss=0.221978
Epoch 016 | Step 230 | lr=1.464466e-04 | loss=0.248061
Epoch 016 | Step 240 | lr=1.464466e-04 | loss=0.211820
Epoch 016 | Step 250 | lr=1.464466e-04 | loss=0.231263
Epoch 016 | Step 260 | lr=1.464466e-04 | loss=0.235222
Epoch 016 | Step 270 | lr=1.464466e-04 | loss=0.210438
Epoch 016 | Step 280 | lr=1.464466e-04 | loss=0.219745
Epoch 016 | Step 290 | lr=1.464466e-04 | loss=0.225926
Epoch 016 | Step 300 | lr=1.464466e-04 | loss=0.218445
Epoch 016 | Step 310 | lr=1.464466e-04 | loss=0.209971
Epoch 016 | Step 320 | lr=1.464466e-04 | loss=0.218257
Epoch 016 | Step 330 | lr=1.464466e-04 | loss=0.218028
Epoch 016 | Step 340 | lr=1.464466e-04 | loss=0.222729
Epoch 016 | Step 350 | lr=1.464466e-04 | loss=0.215828
Epoch 016 | Step 360 | lr=1.464466e-04 | loss=0.223757
Epoch 016 | Step 370 | lr=1.464466e-04 | loss=0.227627
Epoch 016 | Step 380 | lr=1.464466e-04 | loss=0.227860
Epoch 016 | Step 390 | lr=1.464466e-04 | loss=0.204379
Epoch 016 | Step 400 | lr=1.464466e-04 | loss=0.214347
Epoch 016 | Step 410 | lr=1.464466e-04 | loss=0.240809
Epoch 016 | Step 420 | lr=1.464466e-04 | loss=0.230947
Epoch 016 | Step 430 | lr=1.464466e-04 | loss=0.219958
Epoch 016 | Step 440 | lr=1.464466e-04 | loss=0.221374
Epoch 016 | Step 450 | lr=1.464466e-04 | loss=0.247755
Epoch 016 | Step 460 | lr=1.464466e-04 | loss=0.221950
Epoch 016 | Step 470 | lr=1.464466e-04 | loss=0.228710
Epoch 016 | Step 480 | lr=1.464466e-04 | loss=0.242536
Epoch 016 | Step 490 | lr=1.464466e-04 | loss=0.218654
Epoch 016 | Step 500 | lr=1.464466e-04 | loss=0.219184
Epoch 016 | Step 510 | lr=1.464466e-04 | loss=0.219160
Epoch 016 | Step 520 | lr=1.464466e-04 | loss=0.215145
Epoch 016 | Step 530 | lr=1.464466e-04 | loss=0.229219
Epoch 016 | Step 540 | lr=1.464466e-04 | loss=0.231203
Epoch 016 | Step 550 | lr=1.464466e-04 | loss=0.210979
Epoch 016 | Step 560 | lr=1.464466e-04 | loss=0.219343
Epoch 016 | Step 570 | lr=1.464466e-04 | loss=0.232833
Epoch 016 | Step 580 | lr=1.464466e-04 | loss=0.221303
Epoch 016 | Step 590 | lr=1.464466e-04 | loss=0.225904
Epoch 016 | Step 600 | lr=1.464466e-04 | loss=0.209937
Epoch 016 | Step 610 | lr=1.464466e-04 | loss=0.216974
Epoch 016 | Step 620 | lr=1.464466e-04 | loss=0.224059
Epoch 016 | Step 630 | lr=1.464466e-04 | loss=0.219421
Epoch 016 | Step 640 | lr=1.464466e-04 | loss=0.222119
Epoch 016 | Step 650 | lr=1.464466e-04 | loss=0.219341
Epoch 016 | Step 660 | lr=1.464466e-04 | loss=0.229606
Epoch 016 | Step 670 | lr=1.464466e-04 | loss=0.225449
Epoch 016 | Step 680 | lr=1.464466e-04 | loss=0.230016
Epoch 016 | Step 690 | lr=1.464466e-04 | loss=0.213460
Epoch 016 | Step 700 | lr=1.464466e-04 | loss=0.222835
Epoch 016 | Step 710 | lr=1.464466e-04 | loss=0.237444
Epoch 016 | Step 720 | lr=1.464466e-04 | loss=0.220611
Epoch 016 | Step 730 | lr=1.464466e-04 | loss=0.214280
Epoch 016 | Step 740 | lr=1.464466e-04 | loss=0.211676
Epoch 016 | Step 750 | lr=1.464466e-04 | loss=0.218587
Epoch 016 | Step 760 | lr=1.464466e-04 | loss=0.242911
Epoch 016 | Step 770 | lr=1.464466e-04 | loss=0.224622
Epoch 016 | Step 780 | lr=1.464466e-04 | loss=0.223285
Epoch 016 | Step 790 | lr=1.464466e-04 | loss=0.231390
Epoch 016 | Step 800 | lr=1.464466e-04 | loss=0.205753
Epoch 016 | Step 810 | lr=1.464466e-04 | loss=0.220659
Epoch 016 | Step 820 | lr=1.464466e-04 | loss=0.212211
Epoch 016 | Step 830 | lr=1.464466e-04 | loss=0.216823
Epoch 016 | Step 840 | lr=1.464466e-04 | loss=0.218399
Epoch 016 | Step 850 | lr=1.464466e-04 | loss=0.233801
Epoch 016 | Step 860 | lr=1.464466e-04 | loss=0.223917
Epoch 016 | Step 870 | lr=1.464466e-04 | loss=0.222346
Epoch 016 | Step 880 | lr=1.464466e-04 | loss=0.218351
Epoch 016 | Step 890 | lr=1.464466e-04 | loss=0.226384
Epoch 016 | Step 900 | lr=1.464466e-04 | loss=0.222492
Epoch 016 | Step 910 | lr=1.464466e-04 | loss=0.222309
Epoch 016 | Step 920 | lr=1.464466e-04 | loss=0.259862
Epoch 016 | Step 930 | lr=1.464466e-04 | loss=0.226003
Epoch 016 | Step 940 | lr=1.464466e-04 | loss=0.239339
Epoch 016 | Step 950 | lr=1.464466e-04 | loss=0.279344
Epoch 016 | Step 960 | lr=1.464466e-04 | loss=0.215207
epoch 016 | train_kld=0.226758 | val_kld=0.229912 | val_mae=0.003236 | val_mse=0.000187 | ord_acc@10=0.3141 | recall@10=0.8158
Epoch 017 | Step 10 | lr=9.549150e-05 | loss=0.211069
Epoch 017 | Step 20 | lr=9.549150e-05 | loss=0.218761
Epoch 017 | Step 30 | lr=9.549150e-05 | loss=0.248837
Epoch 017 | Step 40 | lr=9.549150e-05 | loss=0.235332
Epoch 017 | Step 50 | lr=9.549150e-05 | loss=0.219923
Epoch 017 | Step 60 | lr=9.549150e-05 | loss=0.229304
Epoch 017 | Step 70 | lr=9.549150e-05 | loss=0.236735
Epoch 017 | Step 80 | lr=9.549150e-05 | loss=0.215361
Epoch 017 | Step 90 | lr=9.549150e-05 | loss=0.209129
Epoch 017 | Step 100 | lr=9.549150e-05 | loss=0.212554
Epoch 017 | Step 110 | lr=9.549150e-05 | loss=0.206114
Epoch 017 | Step 120 | lr=9.549150e-05 | loss=0.215673
Epoch 017 | Step 130 | lr=9.549150e-05 | loss=0.225884
Epoch 017 | Step 140 | lr=9.549150e-05 | loss=0.221992
Epoch 017 | Step 150 | lr=9.549150e-05 | loss=0.203866
Epoch 017 | Step 160 | lr=9.549150e-05 | loss=0.228133
Epoch 017 | Step 170 | lr=9.549150e-05 | loss=0.209237
Epoch 017 | Step 180 | lr=9.549150e-05 | loss=0.224691
Epoch 017 | Step 190 | lr=9.549150e-05 | loss=0.233363
Epoch 017 | Step 200 | lr=9.549150e-05 | loss=0.257418
Epoch 017 | Step 210 | lr=9.549150e-05 | loss=0.213583
Epoch 017 | Step 220 | lr=9.549150e-05 | loss=0.208078
Epoch 017 | Step 230 | lr=9.549150e-05 | loss=0.227915
Epoch 017 | Step 240 | lr=9.549150e-05 | loss=0.216521
Epoch 017 | Step 250 | lr=9.549150e-05 | loss=0.231030
Epoch 017 | Step 260 | lr=9.549150e-05 | loss=0.234617
Epoch 017 | Step 270 | lr=9.549150e-05 | loss=0.224408
Epoch 017 | Step 280 | lr=9.549150e-05 | loss=0.212449
Epoch 017 | Step 290 | lr=9.549150e-05 | loss=0.206688
Epoch 017 | Step 300 | lr=9.549150e-05 | loss=0.214983
Epoch 017 | Step 310 | lr=9.549150e-05 | loss=0.213725
Epoch 017 | Step 320 | lr=9.549150e-05 | loss=0.231529
Epoch 017 | Step 330 | lr=9.549150e-05 | loss=0.218067
Epoch 017 | Step 340 | lr=9.549150e-05 | loss=0.226990
Epoch 017 | Step 350 | lr=9.549150e-05 | loss=0.209888
Epoch 017 | Step 360 | lr=9.549150e-05 | loss=0.213267
Epoch 017 | Step 370 | lr=9.549150e-05 | loss=0.218963
Epoch 017 | Step 380 | lr=9.549150e-05 | loss=0.221546
Epoch 017 | Step 390 | lr=9.549150e-05 | loss=0.261964
Epoch 017 | Step 400 | lr=9.549150e-05 | loss=0.214819
Epoch 017 | Step 410 | lr=9.549150e-05 | loss=0.252863
Epoch 017 | Step 420 | lr=9.549150e-05 | loss=0.252424
Epoch 017 | Step 430 | lr=9.549150e-05 | loss=0.217773
Epoch 017 | Step 440 | lr=9.549150e-05 | loss=0.210062
Epoch 017 | Step 450 | lr=9.549150e-05 | loss=0.231590
Epoch 017 | Step 460 | lr=9.549150e-05 | loss=0.215453
Epoch 017 | Step 470 | lr=9.549150e-05 | loss=0.210814
Epoch 017 | Step 480 | lr=9.549150e-05 | loss=0.220954
Epoch 017 | Step 490 | lr=9.549150e-05 | loss=0.216952
Epoch 017 | Step 500 | lr=9.549150e-05 | loss=0.253564
Epoch 017 | Step 510 | lr=9.549150e-05 | loss=0.225518
Epoch 017 | Step 520 | lr=9.549150e-05 | loss=0.214756
Epoch 017 | Step 530 | lr=9.549150e-05 | loss=0.215714
Epoch 017 | Step 540 | lr=9.549150e-05 | loss=0.278042
Epoch 017 | Step 550 | lr=9.549150e-05 | loss=0.209006
Epoch 017 | Step 560 | lr=9.549150e-05 | loss=0.230088
Epoch 017 | Step 570 | lr=9.549150e-05 | loss=0.230232
Epoch 017 | Step 580 | lr=9.549150e-05 | loss=0.216949
Epoch 017 | Step 590 | lr=9.549150e-05 | loss=0.212020
Epoch 017 | Step 600 | lr=9.549150e-05 | loss=0.225424
Epoch 017 | Step 610 | lr=9.549150e-05 | loss=0.211865
Epoch 017 | Step 620 | lr=9.549150e-05 | loss=0.212171
Epoch 017 | Step 630 | lr=9.549150e-05 | loss=0.265958
Epoch 017 | Step 640 | lr=9.549150e-05 | loss=0.216770
Epoch 017 | Step 650 | lr=9.549150e-05 | loss=0.224527
Epoch 017 | Step 660 | lr=9.549150e-05 | loss=0.223983
Epoch 017 | Step 670 | lr=9.549150e-05 | loss=0.213431
Epoch 017 | Step 680 | lr=9.549150e-05 | loss=0.221147
Epoch 017 | Step 690 | lr=9.549150e-05 | loss=0.210836
Epoch 017 | Step 700 | lr=9.549150e-05 | loss=0.215740
Epoch 017 | Step 710 | lr=9.549150e-05 | loss=0.223935
Epoch 017 | Step 720 | lr=9.549150e-05 | loss=0.217364
Epoch 017 | Step 730 | lr=9.549150e-05 | loss=0.303924
Epoch 017 | Step 740 | lr=9.549150e-05 | loss=0.253453
Epoch 017 | Step 750 | lr=9.549150e-05 | loss=0.225555
Epoch 017 | Step 760 | lr=9.549150e-05 | loss=0.220221
Epoch 017 | Step 770 | lr=9.549150e-05 | loss=0.229007
Epoch 017 | Step 780 | lr=9.549150e-05 | loss=0.226360
Epoch 017 | Step 790 | lr=9.549150e-05 | loss=0.215790
Epoch 017 | Step 800 | lr=9.549150e-05 | loss=0.225575
Epoch 017 | Step 810 | lr=9.549150e-05 | loss=0.220337
Epoch 017 | Step 820 | lr=9.549150e-05 | loss=0.234361
Epoch 017 | Step 830 | lr=9.549150e-05 | loss=0.220241
Epoch 017 | Step 840 | lr=9.549150e-05 | loss=0.217872
Epoch 017 | Step 850 | lr=9.549150e-05 | loss=0.210780
Epoch 017 | Step 860 | lr=9.549150e-05 | loss=0.216795
Epoch 017 | Step 870 | lr=9.549150e-05 | loss=0.222730
Epoch 017 | Step 880 | lr=9.549150e-05 | loss=0.212781
Epoch 017 | Step 890 | lr=9.549150e-05 | loss=0.216867
Epoch 017 | Step 900 | lr=9.549150e-05 | loss=0.234024
Epoch 017 | Step 910 | lr=9.549150e-05 | loss=0.213787
Epoch 017 | Step 920 | lr=9.549150e-05 | loss=0.212665
Epoch 017 | Step 930 | lr=9.549150e-05 | loss=0.210775
Epoch 017 | Step 940 | lr=9.549150e-05 | loss=0.226968
Epoch 017 | Step 950 | lr=9.549150e-05 | loss=0.226474
Epoch 017 | Step 960 | lr=9.549150e-05 | loss=0.273538
epoch 017 | train_kld=0.223368 | val_kld=0.229359 | val_mae=0.003171 | val_mse=0.000178 | ord_acc@10=0.3143 | recall@10=0.8155
Epoch 018 | Step 10 | lr=5.449674e-05 | loss=0.218083
Epoch 018 | Step 20 | lr=5.449674e-05 | loss=0.250522
Epoch 018 | Step 30 | lr=5.449674e-05 | loss=0.219660
Epoch 018 | Step 40 | lr=5.449674e-05 | loss=0.216286
Epoch 018 | Step 50 | lr=5.449674e-05 | loss=0.207190
Epoch 018 | Step 60 | lr=5.449674e-05 | loss=0.214021
Epoch 018 | Step 70 | lr=5.449674e-05 | loss=0.217237
Epoch 018 | Step 80 | lr=5.449674e-05 | loss=0.262970
Epoch 018 | Step 90 | lr=5.449674e-05 | loss=0.222493
Epoch 018 | Step 100 | lr=5.449674e-05 | loss=0.201859
Epoch 018 | Step 110 | lr=5.449674e-05 | loss=0.206062
Epoch 018 | Step 120 | lr=5.449674e-05 | loss=0.223557
Epoch 018 | Step 130 | lr=5.449674e-05 | loss=0.214425
Epoch 018 | Step 140 | lr=5.449674e-05 | loss=0.253387
Epoch 018 | Step 150 | lr=5.449674e-05 | loss=0.201419
Epoch 018 | Step 160 | lr=5.449674e-05 | loss=0.217362
Epoch 018 | Step 170 | lr=5.449674e-05 | loss=0.225318
Epoch 018 | Step 180 | lr=5.449674e-05 | loss=0.222493
Epoch 018 | Step 190 | lr=5.449674e-05 | loss=0.221742
Epoch 018 | Step 200 | lr=5.449674e-05 | loss=0.208733
Epoch 018 | Step 210 | lr=5.449674e-05 | loss=0.291268
Epoch 018 | Step 220 | lr=5.449674e-05 | loss=0.213818
Epoch 018 | Step 230 | lr=5.449674e-05 | loss=0.217480
Epoch 018 | Step 240 | lr=5.449674e-05 | loss=0.202764
Epoch 018 | Step 250 | lr=5.449674e-05 | loss=0.215094
Epoch 018 | Step 260 | lr=5.449674e-05 | loss=0.210110
Epoch 018 | Step 270 | lr=5.449674e-05 | loss=0.229226
Epoch 018 | Step 280 | lr=5.449674e-05 | loss=0.227515
Epoch 018 | Step 290 | lr=5.449674e-05 | loss=0.225662
Epoch 018 | Step 300 | lr=5.449674e-05 | loss=0.213078
Epoch 018 | Step 310 | lr=5.449674e-05 | loss=0.221200
Epoch 018 | Step 320 | lr=5.449674e-05 | loss=0.222915
Epoch 018 | Step 330 | lr=5.449674e-05 | loss=0.215629
Epoch 018 | Step 340 | lr=5.449674e-05 | loss=0.217768
Epoch 018 | Step 350 | lr=5.449674e-05 | loss=0.229177
Epoch 018 | Step 360 | lr=5.449674e-05 | loss=0.215198
Epoch 018 | Step 370 | lr=5.449674e-05 | loss=0.243324
Epoch 018 | Step 380 | lr=5.449674e-05 | loss=0.204717
Epoch 018 | Step 390 | lr=5.449674e-05 | loss=0.219243
Epoch 018 | Step 400 | lr=5.449674e-05 | loss=0.215638
Epoch 018 | Step 410 | lr=5.449674e-05 | loss=0.224810
Epoch 018 | Step 420 | lr=5.449674e-05 | loss=0.228895
Epoch 018 | Step 430 | lr=5.449674e-05 | loss=0.230453
Epoch 018 | Step 440 | lr=5.449674e-05 | loss=0.254415
Epoch 018 | Step 450 | lr=5.449674e-05 | loss=0.217023
Epoch 018 | Step 460 | lr=5.449674e-05 | loss=0.210204
Epoch 018 | Step 470 | lr=5.449674e-05 | loss=0.216825
Epoch 018 | Step 480 | lr=5.449674e-05 | loss=0.220174
Epoch 018 | Step 490 | lr=5.449674e-05 | loss=0.221463
Epoch 018 | Step 500 | lr=5.449674e-05 | loss=0.212656
Epoch 018 | Step 510 | lr=5.449674e-05 | loss=0.235614
Epoch 018 | Step 520 | lr=5.449674e-05 | loss=0.216562
Epoch 018 | Step 530 | lr=5.449674e-05 | loss=0.225942
Epoch 018 | Step 540 | lr=5.449674e-05 | loss=0.213382
Epoch 018 | Step 550 | lr=5.449674e-05 | loss=0.218019
Epoch 018 | Step 560 | lr=5.449674e-05 | loss=0.213044
Epoch 018 | Step 570 | lr=5.449674e-05 | loss=0.259752
Epoch 018 | Step 580 | lr=5.449674e-05 | loss=0.227437
Epoch 018 | Step 590 | lr=5.449674e-05 | loss=0.292723
Epoch 018 | Step 600 | lr=5.449674e-05 | loss=0.211054
Epoch 018 | Step 610 | lr=5.449674e-05 | loss=0.239736
Epoch 018 | Step 620 | lr=5.449674e-05 | loss=0.210587
Epoch 018 | Step 630 | lr=5.449674e-05 | loss=0.220522
Epoch 018 | Step 640 | lr=5.449674e-05 | loss=0.214057
Epoch 018 | Step 650 | lr=5.449674e-05 | loss=0.219293
Epoch 018 | Step 660 | lr=5.449674e-05 | loss=0.207581
Epoch 018 | Step 670 | lr=5.449674e-05 | loss=0.214211
Epoch 018 | Step 680 | lr=5.449674e-05 | loss=0.213917
Epoch 018 | Step 690 | lr=5.449674e-05 | loss=0.231303
Epoch 018 | Step 700 | lr=5.449674e-05 | loss=0.221531
Epoch 018 | Step 710 | lr=5.449674e-05 | loss=0.228487
Epoch 018 | Step 720 | lr=5.449674e-05 | loss=0.214603
Epoch 018 | Step 730 | lr=5.449674e-05 | loss=0.223648
Epoch 018 | Step 740 | lr=5.449674e-05 | loss=0.229441
Epoch 018 | Step 750 | lr=5.449674e-05 | loss=0.207545
Epoch 018 | Step 760 | lr=5.449674e-05 | loss=0.206412
Epoch 018 | Step 770 | lr=5.449674e-05 | loss=0.252815
Epoch 018 | Step 780 | lr=5.449674e-05 | loss=0.227717
Epoch 018 | Step 790 | lr=5.449674e-05 | loss=0.227342
Epoch 018 | Step 800 | lr=5.449674e-05 | loss=0.215104
Epoch 018 | Step 810 | lr=5.449674e-05 | loss=0.259040
Epoch 018 | Step 820 | lr=5.449674e-05 | loss=0.200205
Epoch 018 | Step 830 | lr=5.449674e-05 | loss=0.216149
Epoch 018 | Step 840 | lr=5.449674e-05 | loss=0.215049
Epoch 018 | Step 850 | lr=5.449674e-05 | loss=0.209013
Epoch 018 | Step 860 | lr=5.449674e-05 | loss=0.213698
Epoch 018 | Step 870 | lr=5.449674e-05 | loss=0.217145
Epoch 018 | Step 880 | lr=5.449674e-05 | loss=0.241002
Epoch 018 | Step 890 | lr=5.449674e-05 | loss=0.210798
Epoch 018 | Step 900 | lr=5.449674e-05 | loss=0.225638
Epoch 018 | Step 910 | lr=5.449674e-05 | loss=0.212979
Epoch 018 | Step 920 | lr=5.449674e-05 | loss=0.212573
Epoch 018 | Step 930 | lr=5.449674e-05 | loss=0.215852
Epoch 018 | Step 940 | lr=5.449674e-05 | loss=0.210817
Epoch 018 | Step 950 | lr=5.449674e-05 | loss=0.228653
Epoch 018 | Step 960 | lr=5.449674e-05 | loss=0.220712
epoch 018 | train_kld=0.220310 | val_kld=0.227979 | val_mae=0.003145 | val_mse=0.000175 | ord_acc@10=0.3155 | recall@10=0.8149
Epoch 019 | Step 10 | lr=2.447174e-05 | loss=0.219761
Epoch 019 | Step 20 | lr=2.447174e-05 | loss=0.221037
Epoch 019 | Step 30 | lr=2.447174e-05 | loss=0.211027
Epoch 019 | Step 40 | lr=2.447174e-05 | loss=0.209145
Epoch 019 | Step 50 | lr=2.447174e-05 | loss=0.254693
Epoch 019 | Step 60 | lr=2.447174e-05 | loss=0.250996
Epoch 019 | Step 70 | lr=2.447174e-05 | loss=0.202224
Epoch 019 | Step 80 | lr=2.447174e-05 | loss=0.214103
Epoch 019 | Step 90 | lr=2.447174e-05 | loss=0.210340
Epoch 019 | Step 100 | lr=2.447174e-05 | loss=0.207287
Epoch 019 | Step 110 | lr=2.447174e-05 | loss=0.202768
Epoch 019 | Step 120 | lr=2.447174e-05 | loss=0.209994
Epoch 019 | Step 130 | lr=2.447174e-05 | loss=0.249825
Epoch 019 | Step 140 | lr=2.447174e-05 | loss=0.202335
Epoch 019 | Step 150 | lr=2.447174e-05 | loss=0.214064
Epoch 019 | Step 160 | lr=2.447174e-05 | loss=0.218621
Epoch 019 | Step 170 | lr=2.447174e-05 | loss=0.212650
Epoch 019 | Step 180 | lr=2.447174e-05 | loss=0.207017
Epoch 019 | Step 190 | lr=2.447174e-05 | loss=0.226502
Epoch 019 | Step 200 | lr=2.447174e-05 | loss=0.225720
Epoch 019 | Step 210 | lr=2.447174e-05 | loss=0.201206
Epoch 019 | Step 220 | lr=2.447174e-05 | loss=0.217513
Epoch 019 | Step 230 | lr=2.447174e-05 | loss=0.213863
Epoch 019 | Step 240 | lr=2.447174e-05 | loss=0.231278
Epoch 019 | Step 250 | lr=2.447174e-05 | loss=0.224456
Epoch 019 | Step 260 | lr=2.447174e-05 | loss=0.215884
Epoch 019 | Step 270 | lr=2.447174e-05 | loss=0.203802
Epoch 019 | Step 280 | lr=2.447174e-05 | loss=0.210083
Epoch 019 | Step 290 | lr=2.447174e-05 | loss=0.207869
Epoch 019 | Step 300 | lr=2.447174e-05 | loss=0.223383
Epoch 019 | Step 310 | lr=2.447174e-05 | loss=0.208987
Epoch 019 | Step 320 | lr=2.447174e-05 | loss=0.224947
Epoch 019 | Step 330 | lr=2.447174e-05 | loss=0.201274
Epoch 019 | Step 340 | lr=2.447174e-05 | loss=0.220453
Epoch 019 | Step 350 | lr=2.447174e-05 | loss=0.211507
Epoch 019 | Step 360 | lr=2.447174e-05 | loss=0.198276
Epoch 019 | Step 370 | lr=2.447174e-05 | loss=0.204457
Epoch 019 | Step 380 | lr=2.447174e-05 | loss=0.213141
Epoch 019 | Step 390 | lr=2.447174e-05 | loss=0.256072
Epoch 019 | Step 400 | lr=2.447174e-05 | loss=0.223263
Epoch 019 | Step 410 | lr=2.447174e-05 | loss=0.211891
Epoch 019 | Step 420 | lr=2.447174e-05 | loss=0.216143
Epoch 019 | Step 430 | lr=2.447174e-05 | loss=0.220243
Epoch 019 | Step 440 | lr=2.447174e-05 | loss=0.260666
Epoch 019 | Step 450 | lr=2.447174e-05 | loss=0.217228
Epoch 019 | Step 460 | lr=2.447174e-05 | loss=0.198695
Epoch 019 | Step 470 | lr=2.447174e-05 | loss=0.219949
Epoch 019 | Step 480 | lr=2.447174e-05 | loss=0.204015
Epoch 019 | Step 490 | lr=2.447174e-05 | loss=0.218728
Epoch 019 | Step 500 | lr=2.447174e-05 | loss=0.213629
Epoch 019 | Step 510 | lr=2.447174e-05 | loss=0.209920
Epoch 019 | Step 520 | lr=2.447174e-05 | loss=0.207549
Epoch 019 | Step 530 | lr=2.447174e-05 | loss=0.202267
Epoch 019 | Step 540 | lr=2.447174e-05 | loss=0.221144
Epoch 019 | Step 550 | lr=2.447174e-05 | loss=0.205038
Epoch 019 | Step 560 | lr=2.447174e-05 | loss=0.249793
Epoch 019 | Step 570 | lr=2.447174e-05 | loss=0.214595
Epoch 019 | Step 580 | lr=2.447174e-05 | loss=0.211085
Epoch 019 | Step 590 | lr=2.447174e-05 | loss=0.221324
Epoch 019 | Step 600 | lr=2.447174e-05 | loss=0.212083
Epoch 019 | Step 610 | lr=2.447174e-05 | loss=0.242214
Epoch 019 | Step 620 | lr=2.447174e-05 | loss=0.198981
Epoch 019 | Step 630 | lr=2.447174e-05 | loss=0.211272
Epoch 019 | Step 640 | lr=2.447174e-05 | loss=0.216148
Epoch 019 | Step 650 | lr=2.447174e-05 | loss=0.215330
Epoch 019 | Step 660 | lr=2.447174e-05 | loss=0.255194
Epoch 019 | Step 670 | lr=2.447174e-05 | loss=0.199075
Epoch 019 | Step 680 | lr=2.447174e-05 | loss=0.215272
Epoch 019 | Step 690 | lr=2.447174e-05 | loss=0.212902
Epoch 019 | Step 700 | lr=2.447174e-05 | loss=0.214394
Epoch 019 | Step 710 | lr=2.447174e-05 | loss=0.226474
Epoch 019 | Step 720 | lr=2.447174e-05 | loss=0.208429
Epoch 019 | Step 730 | lr=2.447174e-05 | loss=0.223747
Epoch 019 | Step 740 | lr=2.447174e-05 | loss=0.215688
Epoch 019 | Step 750 | lr=2.447174e-05 | loss=0.213214
Epoch 019 | Step 760 | lr=2.447174e-05 | loss=0.216143
Epoch 019 | Step 770 | lr=2.447174e-05 | loss=0.204135
Epoch 019 | Step 780 | lr=2.447174e-05 | loss=0.223869
Epoch 019 | Step 790 | lr=2.447174e-05 | loss=0.234337
Epoch 019 | Step 800 | lr=2.447174e-05 | loss=0.212500
Epoch 019 | Step 810 | lr=2.447174e-05 | loss=0.208211
Epoch 019 | Step 820 | lr=2.447174e-05 | loss=0.277599
Epoch 019 | Step 830 | lr=2.447174e-05 | loss=0.220919
Epoch 019 | Step 840 | lr=2.447174e-05 | loss=0.213733
Epoch 019 | Step 850 | lr=2.447174e-05 | loss=0.217852
Epoch 019 | Step 860 | lr=2.447174e-05 | loss=0.251971
Epoch 019 | Step 870 | lr=2.447174e-05 | loss=0.217566
Epoch 019 | Step 880 | lr=2.447174e-05 | loss=0.225337
Epoch 019 | Step 890 | lr=2.447174e-05 | loss=0.204233
Epoch 019 | Step 900 | lr=2.447174e-05 | loss=0.192452
Epoch 019 | Step 910 | lr=2.447174e-05 | loss=0.209763
Epoch 019 | Step 920 | lr=2.447174e-05 | loss=0.236117
Epoch 019 | Step 930 | lr=2.447174e-05 | loss=0.206353
Epoch 019 | Step 940 | lr=2.447174e-05 | loss=0.208887
Epoch 019 | Step 950 | lr=2.447174e-05 | loss=0.203949
Epoch 019 | Step 960 | lr=2.447174e-05 | loss=0.210691
epoch 019 | train_kld=0.218123 | val_kld=0.227277 | val_mae=0.003129 | val_mse=0.000172 | ord_acc@10=0.3173 | recall@10=0.8160
Epoch 020 | Step 10 | lr=6.155830e-06 | loss=0.222334
Epoch 020 | Step 20 | lr=6.155830e-06 | loss=0.213422
Epoch 020 | Step 30 | lr=6.155830e-06 | loss=0.196007
Epoch 020 | Step 40 | lr=6.155830e-06 | loss=0.218652
Epoch 020 | Step 50 | lr=6.155830e-06 | loss=0.213807
Epoch 020 | Step 60 | lr=6.155830e-06 | loss=0.193116
Epoch 020 | Step 70 | lr=6.155830e-06 | loss=0.203726
Epoch 020 | Step 80 | lr=6.155830e-06 | loss=0.220295
Epoch 020 | Step 90 | lr=6.155830e-06 | loss=0.209775
Epoch 020 | Step 100 | lr=6.155830e-06 | loss=0.210081
Epoch 020 | Step 110 | lr=6.155830e-06 | loss=0.248827
Epoch 020 | Step 120 | lr=6.155830e-06 | loss=0.205615
Epoch 020 | Step 130 | lr=6.155830e-06 | loss=0.209166
Epoch 020 | Step 140 | lr=6.155830e-06 | loss=0.253552
Epoch 020 | Step 150 | lr=6.155830e-06 | loss=0.207901
Epoch 020 | Step 160 | lr=6.155830e-06 | loss=0.216520
Epoch 020 | Step 170 | lr=6.155830e-06 | loss=0.214166
Epoch 020 | Step 180 | lr=6.155830e-06 | loss=0.211583
Epoch 020 | Step 190 | lr=6.155830e-06 | loss=0.226107
Epoch 020 | Step 200 | lr=6.155830e-06 | loss=0.229523
Epoch 020 | Step 210 | lr=6.155830e-06 | loss=0.210366
Epoch 020 | Step 220 | lr=6.155830e-06 | loss=0.201338
Epoch 020 | Step 230 | lr=6.155830e-06 | loss=0.216763
Epoch 020 | Step 240 | lr=6.155830e-06 | loss=0.218107
Epoch 020 | Step 250 | lr=6.155830e-06 | loss=0.207250
Epoch 020 | Step 260 | lr=6.155830e-06 | loss=0.213535
Epoch 020 | Step 270 | lr=6.155830e-06 | loss=0.216452
Epoch 020 | Step 280 | lr=6.155830e-06 | loss=0.252880
Epoch 020 | Step 290 | lr=6.155830e-06 | loss=0.210295
Epoch 020 | Step 300 | lr=6.155830e-06 | loss=0.282320
Epoch 020 | Step 310 | lr=6.155830e-06 | loss=0.211784
Epoch 020 | Step 320 | lr=6.155830e-06 | loss=0.217406
Epoch 020 | Step 330 | lr=6.155830e-06 | loss=0.206272
Epoch 020 | Step 340 | lr=6.155830e-06 | loss=0.213128
Epoch 020 | Step 350 | lr=6.155830e-06 | loss=0.202050
Epoch 020 | Step 360 | lr=6.155830e-06 | loss=0.205941
Epoch 020 | Step 370 | lr=6.155830e-06 | loss=0.232905
Epoch 020 | Step 380 | lr=6.155830e-06 | loss=0.202793
Epoch 020 | Step 390 | lr=6.155830e-06 | loss=0.217769
Epoch 020 | Step 400 | lr=6.155830e-06 | loss=0.222385
Epoch 020 | Step 410 | lr=6.155830e-06 | loss=0.214124
Epoch 020 | Step 420 | lr=6.155830e-06 | loss=0.206137
Epoch 020 | Step 430 | lr=6.155830e-06 | loss=0.225676
Epoch 020 | Step 440 | lr=6.155830e-06 | loss=0.240425
Epoch 020 | Step 450 | lr=6.155830e-06 | loss=0.201507
Epoch 020 | Step 460 | lr=6.155830e-06 | loss=0.212877
Epoch 020 | Step 470 | lr=6.155830e-06 | loss=0.209244
Epoch 020 | Step 480 | lr=6.155830e-06 | loss=0.211792
Epoch 020 | Step 490 | lr=6.155830e-06 | loss=0.225532
Epoch 020 | Step 500 | lr=6.155830e-06 | loss=0.209477
Epoch 020 | Step 510 | lr=6.155830e-06 | loss=0.213398
Epoch 020 | Step 520 | lr=6.155830e-06 | loss=0.223151
Epoch 020 | Step 530 | lr=6.155830e-06 | loss=0.205744
Epoch 020 | Step 540 | lr=6.155830e-06 | loss=0.208674
Epoch 020 | Step 550 | lr=6.155830e-06 | loss=0.227149
Epoch 020 | Step 560 | lr=6.155830e-06 | loss=0.218166
Epoch 020 | Step 570 | lr=6.155830e-06 | loss=0.206477
Epoch 020 | Step 580 | lr=6.155830e-06 | loss=0.204927
Epoch 020 | Step 590 | lr=6.155830e-06 | loss=0.231210
Epoch 020 | Step 600 | lr=6.155830e-06 | loss=0.220175
Epoch 020 | Step 610 | lr=6.155830e-06 | loss=0.226354
Epoch 020 | Step 620 | lr=6.155830e-06 | loss=0.230116
Epoch 020 | Step 630 | lr=6.155830e-06 | loss=0.225983
Epoch 020 | Step 640 | lr=6.155830e-06 | loss=0.207793
Epoch 020 | Step 650 | lr=6.155830e-06 | loss=0.217447
Epoch 020 | Step 660 | lr=6.155830e-06 | loss=0.241288
Epoch 020 | Step 670 | lr=6.155830e-06 | loss=0.200017
Epoch 020 | Step 680 | lr=6.155830e-06 | loss=0.213505
Epoch 020 | Step 690 | lr=6.155830e-06 | loss=0.212473
Epoch 020 | Step 700 | lr=6.155830e-06 | loss=0.221619
Epoch 020 | Step 710 | lr=6.155830e-06 | loss=0.223205
Epoch 020 | Step 720 | lr=6.155830e-06 | loss=0.210597
Epoch 020 | Step 730 | lr=6.155830e-06 | loss=0.229127
Epoch 020 | Step 740 | lr=6.155830e-06 | loss=0.214599
Epoch 020 | Step 750 | lr=6.155830e-06 | loss=0.217092
Epoch 020 | Step 760 | lr=6.155830e-06 | loss=0.201607
Epoch 020 | Step 770 | lr=6.155830e-06 | loss=0.204254
Epoch 020 | Step 780 | lr=6.155830e-06 | loss=0.209119
Epoch 020 | Step 790 | lr=6.155830e-06 | loss=0.211139
Epoch 020 | Step 800 | lr=6.155830e-06 | loss=0.213697
Epoch 020 | Step 810 | lr=6.155830e-06 | loss=0.216403
Epoch 020 | Step 820 | lr=6.155830e-06 | loss=0.208456
Epoch 020 | Step 830 | lr=6.155830e-06 | loss=0.228562
Epoch 020 | Step 840 | lr=6.155830e-06 | loss=0.258061
Epoch 020 | Step 850 | lr=6.155830e-06 | loss=0.216962
Epoch 020 | Step 860 | lr=6.155830e-06 | loss=0.209085
Epoch 020 | Step 870 | lr=6.155830e-06 | loss=0.217832
Epoch 020 | Step 880 | lr=6.155830e-06 | loss=0.226909
Epoch 020 | Step 890 | lr=6.155830e-06 | loss=0.214735
Epoch 020 | Step 900 | lr=6.155830e-06 | loss=0.223397
Epoch 020 | Step 910 | lr=6.155830e-06 | loss=0.220851
Epoch 020 | Step 920 | lr=6.155830e-06 | loss=0.218369
Epoch 020 | Step 930 | lr=6.155830e-06 | loss=0.218867
Epoch 020 | Step 940 | lr=6.155830e-06 | loss=0.213589
Epoch 020 | Step 950 | lr=6.155830e-06 | loss=0.221156
Epoch 020 | Step 960 | lr=6.155830e-06 | loss=0.199238
/mnt/hdd/xln/PycharmProjects/PredictLeafNode/src/model/cluster_dist_transformer_original.py:844: FutureWarning: You are using `torch.load` with `weights_only=False` (the current default value), which uses the default pickle module implicitly. It is possible to construct malicious pickle data which will execute arbitrary code during unpickling (See https://github.com/pytorch/pytorch/blob/main/SECURITY.md#untrusted-models for more details). In a future release, the default value for `weights_only` will be flipped to `True`. This limits the functions that could be executed during unpickling. Arbitrary objects will no longer be allowed to be loaded via this mode unless they are explicitly allowlisted by the user via `torch.serialization.add_safe_globals`. We recommend you start setting `weights_only=True` for any use case where you don't have full control of the loaded file. Please open an issue on GitHub for any issues related to this experimental feature.
  ckpt = torch.load(best_path, map_location=device)
epoch 020 | train_kld=0.217090 | val_kld=0.227226 | val_mae=0.003130 | val_mse=0.000172 | ord_acc@10=0.3170 | recall@10=0.8142
Saved epoch 1 batch metrics plot to input/Training_data/gist1M_learn/leafsize20K/D_model_d256_L4_H8_ff512_topk10_bs512_ep20_lr0.001_wd0.01_bilinear_normalizeTrue_posFalse_gatingFalse_loss_typekld_reverse_use_type_embedTrue/model_d256_L4_H8_ff512_topk10_bs512_ep20_lr0.001_wd0.01_bilinear_normalizeTrue_posFalse_gatingFalse_loss_typekld_reverse_use_type_embedTrue_epoch1_batch_metrics@10.png
Saved epoch metrics plot to input/Training_data/gist1M_learn/leafsize20K/D_model_d256_L4_H8_ff512_topk10_bs512_ep20_lr0.001_wd0.01_bilinear_normalizeTrue_posFalse_gatingFalse_loss_typekld_reverse_use_type_embedTrue/model_d256_L4_H8_ff512_topk10_bs512_ep20_lr0.001_wd0.01_bilinear_normalizeTrue_posFalse_gatingFalse_loss_typekld_reverse_use_type_embedTrue_epoch_metrics.png
best val_kld: 0.227226 at epoch 20
Loaded checkpoint from input/Training_data/gist1M_learn/leafsize20K/D_model_d256_L4_H8_ff512_topk10_bs512_ep20_lr0.001_wd0.01_bilinear_normalizeTrue_posFalse_gatingFalse_loss_typekld_reverse_use_type_embedTrue/model_d256_L4_H8_ff512_topk10_bs512_ep20_lr0.001_wd0.01_bilinear_normalizeTrue_posFalse_gatingFalse_loss_typekld_reverse_use_type_embedTrue.pt (epoch=20)
[TEST] kld=0.244956 | mae=0.003325 | mse=0.000202 | ord_acc@10=0.3024 | recall@10=0.8174
Saving model predictions to file...
Saved predictions -> input/Training_data/gist1M_learn/leafsize20K/D_model_d256_L4_H8_ff512_topk10_bs512_ep20_lr0.001_wd0.01_bilinear_normalizeTrue_posFalse_gatingFalse_loss_typekld_reverse_use_type_embedTrue/model_d256_L4_H8_ff512_topk10_bs512_ep20_lr0.001_wd0.01_bilinear_normalizeTrue_posFalse_gatingFalse_loss_typekld_reverse_use_type_embedTrue_pred.txt
