/home/xln/miniconda3/envs/elpis_torch/lib/python3.12/site-packages/torch/nn/modules/transformer.py:379: UserWarning: enable_nested_tensor is True, but self.use_nested_tensor is False because encoder_layer.norm_first was True
  warnings.warn(
Detected K=116, D=960
Using experiment ID: D
Epoch 001 | Batch 10 | val_kld=5.040135 | val_ordacc@10=0.011621 | val_recall@10=0.138917
Epoch 001 | Step 10 | lr=1.000000e-03 | loss=5.672145
Epoch 001 | Batch 20 | val_kld=4.892620 | val_ordacc@10=0.004295 | val_recall@10=0.046529
Epoch 001 | Step 20 | lr=1.000000e-03 | loss=4.952353
Epoch 001 | Batch 30 | val_kld=4.757229 | val_ordacc@10=0.002548 | val_recall@10=0.040015
Epoch 001 | Step 30 | lr=1.000000e-03 | loss=4.761916
Epoch 001 | Batch 40 | val_kld=4.754928 | val_ordacc@10=0.004840 | val_recall@10=0.048811
Epoch 001 | Step 40 | lr=1.000000e-03 | loss=4.756753
Epoch 001 | Batch 50 | val_kld=4.753826 | val_ordacc@10=0.006828 | val_recall@10=0.076663
Epoch 001 | Step 50 | lr=1.000000e-03 | loss=4.754988
Epoch 001 | Batch 60 | val_kld=4.753638 | val_ordacc@10=0.012898 | val_recall@10=0.178862
Epoch 001 | Step 60 | lr=1.000000e-03 | loss=4.754381
Epoch 001 | Batch 70 | val_kld=4.753589 | val_ordacc@10=0.017009 | val_recall@10=0.220524
Epoch 001 | Step 70 | lr=1.000000e-03 | loss=4.754150
Epoch 001 | Batch 80 | val_kld=4.753551 | val_ordacc@10=0.020238 | val_recall@10=0.244200
Epoch 001 | Step 80 | lr=1.000000e-03 | loss=4.754019
Epoch 001 | Batch 90 | val_kld=4.753532 | val_ordacc@10=0.021529 | val_recall@10=0.269073
Epoch 001 | Step 90 | lr=1.000000e-03 | loss=4.753931
Epoch 001 | Batch 100 | val_kld=4.753521 | val_ordacc@10=0.021471 | val_recall@10=0.277560
Epoch 001 | Step 100 | lr=1.000000e-03 | loss=4.753883
Epoch 001 | Batch 110 | val_kld=4.753512 | val_ordacc@10=0.023580 | val_recall@10=0.297463
Epoch 001 | Step 110 | lr=1.000000e-03 | loss=4.753831
Epoch 001 | Batch 120 | val_kld=4.753505 | val_ordacc@10=0.025536 | val_recall@10=0.313837
Epoch 001 | Step 120 | lr=1.000000e-03 | loss=4.753790
Epoch 001 | Batch 130 | val_kld=4.753499 | val_ordacc@10=0.025576 | val_recall@10=0.323538
Epoch 001 | Step 130 | lr=1.000000e-03 | loss=4.753757
Epoch 001 | Batch 140 | val_kld=4.753494 | val_ordacc@10=0.025968 | val_recall@10=0.328889
Epoch 001 | Step 140 | lr=1.000000e-03 | loss=4.753720
Epoch 001 | Batch 150 | val_kld=4.753489 | val_ordacc@10=0.027601 | val_recall@10=0.346145
Epoch 001 | Step 150 | lr=1.000000e-03 | loss=4.753713
Epoch 001 | Batch 160 | val_kld=4.753485 | val_ordacc@10=0.031135 | val_recall@10=0.361659
Epoch 001 | Step 160 | lr=1.000000e-03 | loss=4.753684
Epoch 001 | Batch 170 | val_kld=4.753481 | val_ordacc@10=0.032526 | val_recall@10=0.372302
Epoch 001 | Step 170 | lr=1.000000e-03 | loss=4.753695
Epoch 001 | Batch 180 | val_kld=4.753477 | val_ordacc@10=0.033268 | val_recall@10=0.377902
Epoch 001 | Step 180 | lr=1.000000e-03 | loss=4.753665
Epoch 001 | Batch 190 | val_kld=4.753474 | val_ordacc@10=0.034863 | val_recall@10=0.386496
Epoch 001 | Step 190 | lr=1.000000e-03 | loss=4.753649
Epoch 001 | Batch 200 | val_kld=4.753471 | val_ordacc@10=0.036474 | val_recall@10=0.396674
Epoch 001 | Step 200 | lr=1.000000e-03 | loss=4.753604
Epoch 001 | Batch 210 | val_kld=4.753468 | val_ordacc@10=0.036992 | val_recall@10=0.407651
Epoch 001 | Step 210 | lr=1.000000e-03 | loss=4.753628
Epoch 001 | Batch 220 | val_kld=4.753465 | val_ordacc@10=0.038574 | val_recall@10=0.414099
Epoch 001 | Step 220 | lr=1.000000e-03 | loss=4.753615
Epoch 001 | Batch 230 | val_kld=4.753462 | val_ordacc@10=0.039682 | val_recall@10=0.422203
Epoch 001 | Step 230 | lr=1.000000e-03 | loss=4.753611
Epoch 001 | Batch 240 | val_kld=4.753460 | val_ordacc@10=0.040057 | val_recall@10=0.431182
Epoch 001 | Step 240 | lr=1.000000e-03 | loss=4.753585
Epoch 001 | Batch 250 | val_kld=4.753457 | val_ordacc@10=0.041470 | val_recall@10=0.434914
Epoch 001 | Step 250 | lr=1.000000e-03 | loss=4.753581
Epoch 001 | Batch 260 | val_kld=4.753455 | val_ordacc@10=0.042575 | val_recall@10=0.444964
Epoch 001 | Step 260 | lr=1.000000e-03 | loss=4.753565
Epoch 001 | Batch 270 | val_kld=4.753453 | val_ordacc@10=0.043619 | val_recall@10=0.452978
Epoch 001 | Step 270 | lr=1.000000e-03 | loss=4.753567
Epoch 001 | Batch 280 | val_kld=4.753450 | val_ordacc@10=0.043705 | val_recall@10=0.456743
Epoch 001 | Step 280 | lr=1.000000e-03 | loss=4.753553
Epoch 001 | Batch 290 | val_kld=4.753448 | val_ordacc@10=0.045659 | val_recall@10=0.465365
Epoch 001 | Step 290 | lr=1.000000e-03 | loss=4.753545
Epoch 001 | Batch 300 | val_kld=4.753446 | val_ordacc@10=0.046594 | val_recall@10=0.472896
Epoch 001 | Step 300 | lr=1.000000e-03 | loss=4.753544
Epoch 001 | Batch 310 | val_kld=4.753444 | val_ordacc@10=0.047156 | val_recall@10=0.475507
Epoch 001 | Step 310 | lr=1.000000e-03 | loss=4.753551
Epoch 001 | Batch 320 | val_kld=4.753442 | val_ordacc@10=0.047235 | val_recall@10=0.479389
Epoch 001 | Step 320 | lr=1.000000e-03 | loss=4.753546
Epoch 001 | Batch 330 | val_kld=4.753440 | val_ordacc@10=0.049108 | val_recall@10=0.485398
Epoch 001 | Step 330 | lr=1.000000e-03 | loss=4.753534
Epoch 001 | Batch 340 | val_kld=4.753439 | val_ordacc@10=0.050474 | val_recall@10=0.489572
Epoch 001 | Step 340 | lr=1.000000e-03 | loss=4.753531
Epoch 001 | Batch 350 | val_kld=4.753437 | val_ordacc@10=0.051258 | val_recall@10=0.493011
Epoch 001 | Step 350 | lr=1.000000e-03 | loss=4.753522
Epoch 001 | Batch 360 | val_kld=4.753435 | val_ordacc@10=0.052425 | val_recall@10=0.500731
Epoch 001 | Step 360 | lr=1.000000e-03 | loss=4.753520
Epoch 001 | Batch 370 | val_kld=4.753433 | val_ordacc@10=0.054565 | val_recall@10=0.505462
Epoch 001 | Step 370 | lr=1.000000e-03 | loss=4.753508
Epoch 001 | Batch 380 | val_kld=4.753432 | val_ordacc@10=0.055074 | val_recall@10=0.508655
Epoch 001 | Step 380 | lr=1.000000e-03 | loss=4.753474
Epoch 001 | Batch 390 | val_kld=4.753430 | val_ordacc@10=0.055541 | val_recall@10=0.512288
Epoch 001 | Step 390 | lr=1.000000e-03 | loss=4.753496
Epoch 001 | Batch 400 | val_kld=4.753429 | val_ordacc@10=0.056731 | val_recall@10=0.513994
Epoch 001 | Step 400 | lr=1.000000e-03 | loss=4.753492
Epoch 001 | Batch 410 | val_kld=4.753427 | val_ordacc@10=0.057826 | val_recall@10=0.519606
Epoch 001 | Step 410 | lr=1.000000e-03 | loss=4.753524
Epoch 001 | Batch 420 | val_kld=4.753425 | val_ordacc@10=0.058922 | val_recall@10=0.522238
Epoch 001 | Step 420 | lr=1.000000e-03 | loss=4.753511
Epoch 001 | Batch 430 | val_kld=4.753424 | val_ordacc@10=0.059391 | val_recall@10=0.530314
Epoch 001 | Step 430 | lr=1.000000e-03 | loss=4.753499
Epoch 001 | Batch 440 | val_kld=4.753422 | val_ordacc@10=0.058265 | val_recall@10=0.526136
Epoch 001 | Step 440 | lr=1.000000e-03 | loss=4.753492
Epoch 001 | Batch 450 | val_kld=4.753420 | val_ordacc@10=0.059907 | val_recall@10=0.530906
Epoch 001 | Step 450 | lr=1.000000e-03 | loss=4.753472
Epoch 001 | Batch 460 | val_kld=4.753419 | val_ordacc@10=0.060012 | val_recall@10=0.534050
Epoch 001 | Step 460 | lr=1.000000e-03 | loss=4.753473
Epoch 001 | Batch 470 | val_kld=4.753418 | val_ordacc@10=0.061226 | val_recall@10=0.538480
Epoch 001 | Step 470 | lr=1.000000e-03 | loss=4.753453
Epoch 001 | Batch 480 | val_kld=4.753416 | val_ordacc@10=0.058882 | val_recall@10=0.536569
Epoch 001 | Step 480 | lr=1.000000e-03 | loss=4.753473
Epoch 001 | Batch 490 | val_kld=4.753415 | val_ordacc@10=0.060004 | val_recall@10=0.538199
Epoch 001 | Step 490 | lr=1.000000e-03 | loss=4.753469
Epoch 001 | Batch 500 | val_kld=4.753413 | val_ordacc@10=0.062577 | val_recall@10=0.546605
Epoch 001 | Step 500 | lr=1.000000e-03 | loss=4.753472
Epoch 001 | Batch 510 | val_kld=4.753411 | val_ordacc@10=0.061623 | val_recall@10=0.548247
Epoch 001 | Step 510 | lr=1.000000e-03 | loss=4.753468
Epoch 001 | Batch 520 | val_kld=4.753410 | val_ordacc@10=0.063306 | val_recall@10=0.550971
Epoch 001 | Step 520 | lr=1.000000e-03 | loss=4.753445
Epoch 001 | Batch 530 | val_kld=4.753408 | val_ordacc@10=0.062726 | val_recall@10=0.552332
Epoch 001 | Step 530 | lr=1.000000e-03 | loss=4.753473
Epoch 001 | Batch 540 | val_kld=4.753407 | val_ordacc@10=0.064808 | val_recall@10=0.554316
Epoch 001 | Step 540 | lr=1.000000e-03 | loss=4.753467
Epoch 001 | Batch 550 | val_kld=4.753406 | val_ordacc@10=0.063728 | val_recall@10=0.555408
Epoch 001 | Step 550 | lr=1.000000e-03 | loss=4.753448
Epoch 001 | Batch 560 | val_kld=4.753404 | val_ordacc@10=0.064840 | val_recall@10=0.559903
Epoch 001 | Step 560 | lr=1.000000e-03 | loss=4.753437
Epoch 001 | Batch 570 | val_kld=4.753402 | val_ordacc@10=0.066072 | val_recall@10=0.559587
Epoch 001 | Step 570 | lr=1.000000e-03 | loss=4.753449
Epoch 001 | Batch 580 | val_kld=4.753401 | val_ordacc@10=0.065908 | val_recall@10=0.562315
Epoch 001 | Step 580 | lr=1.000000e-03 | loss=4.753451
Epoch 001 | Batch 590 | val_kld=4.753399 | val_ordacc@10=0.069703 | val_recall@10=0.567203
Epoch 001 | Step 590 | lr=1.000000e-03 | loss=4.753467
Epoch 001 | Batch 600 | val_kld=4.753398 | val_ordacc@10=0.066726 | val_recall@10=0.564099
Epoch 001 | Step 600 | lr=1.000000e-03 | loss=4.753454
Epoch 001 | Batch 610 | val_kld=4.753396 | val_ordacc@10=0.071351 | val_recall@10=0.573698
Epoch 001 | Step 610 | lr=1.000000e-03 | loss=4.753450
Epoch 001 | Batch 620 | val_kld=4.753395 | val_ordacc@10=0.070130 | val_recall@10=0.570760
Epoch 001 | Step 620 | lr=1.000000e-03 | loss=4.753457
Epoch 001 | Batch 630 | val_kld=4.753393 | val_ordacc@10=0.069568 | val_recall@10=0.568812
Epoch 001 | Step 630 | lr=1.000000e-03 | loss=4.753444
Epoch 001 | Batch 640 | val_kld=4.753392 | val_ordacc@10=0.068976 | val_recall@10=0.569921
Epoch 001 | Step 640 | lr=1.000000e-03 | loss=4.753428
Epoch 001 | Batch 650 | val_kld=4.753390 | val_ordacc@10=0.071612 | val_recall@10=0.576788
Epoch 001 | Step 650 | lr=1.000000e-03 | loss=4.753425
Epoch 001 | Batch 660 | val_kld=4.753388 | val_ordacc@10=0.072026 | val_recall@10=0.578624
Epoch 001 | Step 660 | lr=1.000000e-03 | loss=4.753448
Epoch 001 | Batch 670 | val_kld=4.753387 | val_ordacc@10=0.072463 | val_recall@10=0.579477
Epoch 001 | Step 670 | lr=1.000000e-03 | loss=4.753423
Epoch 001 | Batch 680 | val_kld=4.753385 | val_ordacc@10=0.073129 | val_recall@10=0.582042
Epoch 001 | Step 680 | lr=1.000000e-03 | loss=4.753438
Epoch 001 | Batch 690 | val_kld=4.753383 | val_ordacc@10=0.073655 | val_recall@10=0.583395
Epoch 001 | Step 690 | lr=1.000000e-03 | loss=4.753423
Epoch 001 | Batch 700 | val_kld=4.753381 | val_ordacc@10=0.072435 | val_recall@10=0.581579
Epoch 001 | Step 700 | lr=1.000000e-03 | loss=4.753432
Epoch 001 | Batch 710 | val_kld=4.753379 | val_ordacc@10=0.072177 | val_recall@10=0.584232
Epoch 001 | Step 710 | lr=1.000000e-03 | loss=4.753442
Epoch 001 | Batch 720 | val_kld=4.753377 | val_ordacc@10=0.075979 | val_recall@10=0.588712
Epoch 001 | Step 720 | lr=1.000000e-03 | loss=4.753445
Epoch 001 | Batch 730 | val_kld=4.753376 | val_ordacc@10=0.076586 | val_recall@10=0.591484
Epoch 001 | Step 730 | lr=1.000000e-03 | loss=4.753435
Epoch 001 | Batch 740 | val_kld=4.753374 | val_ordacc@10=0.076706 | val_recall@10=0.593543
Epoch 001 | Step 740 | lr=1.000000e-03 | loss=4.753434
Epoch 001 | Batch 750 | val_kld=4.753372 | val_ordacc@10=0.077727 | val_recall@10=0.590860
Epoch 001 | Step 750 | lr=1.000000e-03 | loss=4.753427
Epoch 001 | Batch 760 | val_kld=4.753370 | val_ordacc@10=0.078639 | val_recall@10=0.598317
Epoch 001 | Step 760 | lr=1.000000e-03 | loss=4.753423
Epoch 001 | Batch 770 | val_kld=4.753368 | val_ordacc@10=0.078703 | val_recall@10=0.596294
Epoch 001 | Step 770 | lr=1.000000e-03 | loss=4.753400
Epoch 001 | Batch 780 | val_kld=4.753366 | val_ordacc@10=0.081381 | val_recall@10=0.602388
Epoch 001 | Step 780 | lr=1.000000e-03 | loss=4.753409
Epoch 001 | Batch 790 | val_kld=4.753364 | val_ordacc@10=0.081707 | val_recall@10=0.603320
Epoch 001 | Step 790 | lr=1.000000e-03 | loss=4.753414
Epoch 001 | Batch 800 | val_kld=4.753362 | val_ordacc@10=0.081140 | val_recall@10=0.604359
Epoch 001 | Step 800 | lr=1.000000e-03 | loss=4.753409
Epoch 001 | Batch 810 | val_kld=4.753360 | val_ordacc@10=0.081217 | val_recall@10=0.603357
Epoch 001 | Step 810 | lr=1.000000e-03 | loss=4.753416
Epoch 001 | Batch 820 | val_kld=4.753359 | val_ordacc@10=0.082181 | val_recall@10=0.604664
Epoch 001 | Step 820 | lr=1.000000e-03 | loss=4.753408
Epoch 001 | Batch 830 | val_kld=4.753356 | val_ordacc@10=0.081849 | val_recall@10=0.608018
Epoch 001 | Step 830 | lr=1.000000e-03 | loss=4.753397
Epoch 001 | Batch 840 | val_kld=4.753355 | val_ordacc@10=0.083548 | val_recall@10=0.610566
Epoch 001 | Step 840 | lr=1.000000e-03 | loss=4.753396
Epoch 001 | Batch 850 | val_kld=4.753353 | val_ordacc@10=0.083611 | val_recall@10=0.610521
Epoch 001 | Step 850 | lr=1.000000e-03 | loss=4.753410
Epoch 001 | Batch 860 | val_kld=4.753351 | val_ordacc@10=0.082070 | val_recall@10=0.611509
Epoch 001 | Step 860 | lr=1.000000e-03 | loss=4.753390
Epoch 001 | Batch 870 | val_kld=4.753350 | val_ordacc@10=0.085733 | val_recall@10=0.615315
Epoch 001 | Step 870 | lr=1.000000e-03 | loss=4.753408
Epoch 001 | Batch 880 | val_kld=4.753348 | val_ordacc@10=0.083982 | val_recall@10=0.612134
Epoch 001 | Step 880 | lr=1.000000e-03 | loss=4.753396
Epoch 001 | Batch 890 | val_kld=4.753346 | val_ordacc@10=0.086363 | val_recall@10=0.619288
Epoch 001 | Step 890 | lr=1.000000e-03 | loss=4.753390
Epoch 001 | Batch 900 | val_kld=4.753345 | val_ordacc@10=0.087127 | val_recall@10=0.616090
Epoch 001 | Step 900 | lr=1.000000e-03 | loss=4.753377
Epoch 001 | Batch 910 | val_kld=4.753343 | val_ordacc@10=0.087112 | val_recall@10=0.623810
Epoch 001 | Step 910 | lr=1.000000e-03 | loss=4.753383
Epoch 001 | Batch 920 | val_kld=4.753342 | val_ordacc@10=0.085552 | val_recall@10=0.616079
Epoch 001 | Step 920 | lr=1.000000e-03 | loss=4.753401
Epoch 001 | Batch 930 | val_kld=4.753340 | val_ordacc@10=0.086387 | val_recall@10=0.620356
Epoch 001 | Step 930 | lr=1.000000e-03 | loss=4.753374
Epoch 001 | Batch 940 | val_kld=4.753338 | val_ordacc@10=0.087783 | val_recall@10=0.622380
Epoch 001 | Step 940 | lr=1.000000e-03 | loss=4.753391
Epoch 001 | Batch 950 | val_kld=4.753336 | val_ordacc@10=0.087739 | val_recall@10=0.622566
Epoch 001 | Step 950 | lr=1.000000e-03 | loss=4.753389
Epoch 001 | Batch 960 | val_kld=4.753334 | val_ordacc@10=0.087045 | val_recall@10=0.623418
Epoch 001 | Step 960 | lr=1.000000e-03 | loss=4.753378
epoch 001 | train_kld=4.790224 | val_kld=4.753333 | val_mae=0.014902 | val_mse=0.001642 | ord_acc@10=0.0875 | recall@10=0.6260
Epoch 002 | Step 10 | lr=9.938442e-04 | loss=4.753372
Epoch 002 | Step 20 | lr=9.938442e-04 | loss=4.753371
Epoch 002 | Step 30 | lr=9.938442e-04 | loss=4.753380
Epoch 002 | Step 40 | lr=9.938442e-04 | loss=4.753385
Epoch 002 | Step 50 | lr=9.938442e-04 | loss=4.753344
Epoch 002 | Step 60 | lr=9.938442e-04 | loss=4.753364
Epoch 002 | Step 70 | lr=9.938442e-04 | loss=4.753386
Epoch 002 | Step 80 | lr=9.938442e-04 | loss=4.753351
Epoch 002 | Step 90 | lr=9.938442e-04 | loss=4.753349
Epoch 002 | Step 100 | lr=9.938442e-04 | loss=4.753360
Epoch 002 | Step 110 | lr=9.938442e-04 | loss=4.753358
Epoch 002 | Step 120 | lr=9.938442e-04 | loss=4.753336
Epoch 002 | Step 130 | lr=9.938442e-04 | loss=4.753325
Epoch 002 | Step 140 | lr=9.938442e-04 | loss=4.753341
Epoch 002 | Step 150 | lr=9.938442e-04 | loss=4.753326
Epoch 002 | Step 160 | lr=9.938442e-04 | loss=4.753340
Epoch 002 | Step 170 | lr=9.938442e-04 | loss=4.753366
Epoch 002 | Step 180 | lr=9.938442e-04 | loss=4.753361
Epoch 002 | Step 190 | lr=9.938442e-04 | loss=4.753355
Epoch 002 | Step 200 | lr=9.938442e-04 | loss=4.753311
Epoch 002 | Step 210 | lr=9.938442e-04 | loss=4.753358
Epoch 002 | Step 220 | lr=9.938442e-04 | loss=4.753345
Epoch 002 | Step 230 | lr=9.938442e-04 | loss=4.753341
Epoch 002 | Step 240 | lr=9.938442e-04 | loss=4.753312
Epoch 002 | Step 250 | lr=9.938442e-04 | loss=4.753304
Epoch 002 | Step 260 | lr=9.938442e-04 | loss=4.753271
Epoch 002 | Step 270 | lr=9.938442e-04 | loss=4.753310
Epoch 002 | Step 280 | lr=9.938442e-04 | loss=4.753295
Epoch 002 | Step 290 | lr=9.938442e-04 | loss=4.753295
Epoch 002 | Step 300 | lr=9.938442e-04 | loss=4.753315
Epoch 002 | Step 310 | lr=9.938442e-04 | loss=4.753295
Epoch 002 | Step 320 | lr=9.938442e-04 | loss=4.753332
Epoch 002 | Step 330 | lr=9.938442e-04 | loss=4.753309
Epoch 002 | Step 340 | lr=9.938442e-04 | loss=4.753326
Epoch 002 | Step 350 | lr=9.938442e-04 | loss=4.753337
Epoch 002 | Step 360 | lr=9.938442e-04 | loss=4.753300
Epoch 002 | Step 370 | lr=9.938442e-04 | loss=4.753277
Epoch 002 | Step 380 | lr=9.938442e-04 | loss=4.753293
Epoch 002 | Step 390 | lr=9.938442e-04 | loss=4.753288
Epoch 002 | Step 400 | lr=9.938442e-04 | loss=4.753304
Epoch 002 | Step 410 | lr=9.938442e-04 | loss=4.753234
Epoch 002 | Step 420 | lr=9.938442e-04 | loss=4.753279
Epoch 002 | Step 430 | lr=9.938442e-04 | loss=4.753225
Epoch 002 | Step 440 | lr=9.938442e-04 | loss=4.753271
Epoch 002 | Step 450 | lr=9.938442e-04 | loss=4.753300
Epoch 002 | Step 460 | lr=9.938442e-04 | loss=4.753267
Epoch 002 | Step 470 | lr=9.938442e-04 | loss=4.753262
Epoch 002 | Step 480 | lr=9.938442e-04 | loss=4.753262
Epoch 002 | Step 490 | lr=9.938442e-04 | loss=4.753283
Epoch 002 | Step 500 | lr=9.938442e-04 | loss=4.753199
Epoch 002 | Step 510 | lr=9.938442e-04 | loss=4.753267
Epoch 002 | Step 520 | lr=9.938442e-04 | loss=4.753312
Epoch 002 | Step 530 | lr=9.938442e-04 | loss=4.753299
Epoch 002 | Step 540 | lr=9.938442e-04 | loss=4.753238
Epoch 002 | Step 550 | lr=9.938442e-04 | loss=4.753253
Epoch 002 | Step 560 | lr=9.938442e-04 | loss=4.753196
Epoch 002 | Step 570 | lr=9.938442e-04 | loss=4.753237
Epoch 002 | Step 580 | lr=9.938442e-04 | loss=4.753276
Epoch 002 | Step 590 | lr=9.938442e-04 | loss=4.753204
Epoch 002 | Step 600 | lr=9.938442e-04 | loss=4.753235
Epoch 002 | Step 610 | lr=9.938442e-04 | loss=4.753247
Epoch 002 | Step 620 | lr=9.938442e-04 | loss=4.753346
Epoch 002 | Step 630 | lr=9.938442e-04 | loss=4.753197
Epoch 002 | Step 640 | lr=9.938442e-04 | loss=4.753226
Epoch 002 | Step 650 | lr=9.938442e-04 | loss=4.753184
Epoch 002 | Step 660 | lr=9.938442e-04 | loss=4.753103
Epoch 002 | Step 670 | lr=9.938442e-04 | loss=4.753222
Epoch 002 | Step 680 | lr=9.938442e-04 | loss=4.753178
Epoch 002 | Step 690 | lr=9.938442e-04 | loss=4.753198
Epoch 002 | Step 700 | lr=9.938442e-04 | loss=4.753155
Epoch 002 | Step 710 | lr=9.938442e-04 | loss=4.753152
Epoch 002 | Step 720 | lr=9.938442e-04 | loss=4.753198
Epoch 002 | Step 730 | lr=9.938442e-04 | loss=4.753166
Epoch 002 | Step 740 | lr=9.938442e-04 | loss=4.753163
Epoch 002 | Step 750 | lr=9.938442e-04 | loss=4.753125
Epoch 002 | Step 760 | lr=9.938442e-04 | loss=4.753205
Epoch 002 | Step 770 | lr=9.938442e-04 | loss=4.753181
Epoch 002 | Step 780 | lr=9.938442e-04 | loss=4.753197
Epoch 002 | Step 790 | lr=9.938442e-04 | loss=4.753147
Epoch 002 | Step 800 | lr=9.938442e-04 | loss=4.753160
Epoch 002 | Step 810 | lr=9.938442e-04 | loss=4.753126
Epoch 002 | Step 820 | lr=9.938442e-04 | loss=4.753152
Epoch 002 | Step 830 | lr=9.938442e-04 | loss=4.753116
Epoch 002 | Step 840 | lr=9.938442e-04 | loss=4.753092
Epoch 002 | Step 850 | lr=9.938442e-04 | loss=4.753160
Epoch 002 | Step 860 | lr=9.938442e-04 | loss=4.753097
Epoch 002 | Step 870 | lr=9.938442e-04 | loss=4.753120
Epoch 002 | Step 880 | lr=9.938442e-04 | loss=4.753066
Epoch 002 | Step 890 | lr=9.938442e-04 | loss=4.753114
Epoch 002 | Step 900 | lr=9.938442e-04 | loss=4.753088
Epoch 002 | Step 910 | lr=9.938442e-04 | loss=4.753164
Epoch 002 | Step 920 | lr=9.938442e-04 | loss=4.753116
Epoch 002 | Step 930 | lr=9.938442e-04 | loss=4.753192
Epoch 002 | Step 940 | lr=9.938442e-04 | loss=4.753061
Epoch 002 | Step 950 | lr=9.938442e-04 | loss=4.753139
Epoch 002 | Step 960 | lr=9.938442e-04 | loss=4.753160
epoch 002 | train_kld=4.753249 | val_kld=4.753029 | val_mae=0.014831 | val_mse=0.001620 | ord_acc@10=0.1300 | recall@10=0.6808
Epoch 003 | Step 10 | lr=9.755283e-04 | loss=4.753045
Epoch 003 | Step 20 | lr=9.755283e-04 | loss=4.753087
Epoch 003 | Step 30 | lr=9.755283e-04 | loss=4.753052
Epoch 003 | Step 40 | lr=9.755283e-04 | loss=4.753074
Epoch 003 | Step 50 | lr=9.755283e-04 | loss=4.753057
Epoch 003 | Step 60 | lr=9.755283e-04 | loss=4.753149
Epoch 003 | Step 70 | lr=9.755283e-04 | loss=4.753015
Epoch 003 | Step 80 | lr=9.755283e-04 | loss=4.752981
Epoch 003 | Step 90 | lr=9.755283e-04 | loss=4.753004
Epoch 003 | Step 100 | lr=9.755283e-04 | loss=4.753051
Epoch 003 | Step 110 | lr=9.755283e-04 | loss=4.753067
Epoch 003 | Step 120 | lr=9.755283e-04 | loss=4.752979
Epoch 003 | Step 130 | lr=9.755283e-04 | loss=4.753036
Epoch 003 | Step 140 | lr=9.755283e-04 | loss=4.752998
Epoch 003 | Step 150 | lr=9.755283e-04 | loss=4.753016
Epoch 003 | Step 160 | lr=9.755283e-04 | loss=4.752980
Epoch 003 | Step 170 | lr=9.755283e-04 | loss=4.752986
Epoch 003 | Step 180 | lr=9.755283e-04 | loss=4.753068
Epoch 003 | Step 190 | lr=9.755283e-04 | loss=4.753020
Epoch 003 | Step 200 | lr=9.755283e-04 | loss=4.752973
Epoch 003 | Step 210 | lr=9.755283e-04 | loss=4.752909
Epoch 003 | Step 220 | lr=9.755283e-04 | loss=4.752939
Epoch 003 | Step 230 | lr=9.755283e-04 | loss=4.752926
Epoch 003 | Step 240 | lr=9.755283e-04 | loss=4.752955
Epoch 003 | Step 250 | lr=9.755283e-04 | loss=4.752967
Epoch 003 | Step 260 | lr=9.755283e-04 | loss=4.752948
Epoch 003 | Step 270 | lr=9.755283e-04 | loss=4.752994
Epoch 003 | Step 280 | lr=9.755283e-04 | loss=4.752963
Epoch 003 | Step 290 | lr=9.755283e-04 | loss=4.752919
Epoch 003 | Step 300 | lr=9.755283e-04 | loss=4.752994
Epoch 003 | Step 310 | lr=9.755283e-04 | loss=4.752900
Epoch 003 | Step 320 | lr=9.755283e-04 | loss=4.752739
Epoch 003 | Step 330 | lr=9.755283e-04 | loss=4.752861
Epoch 003 | Step 340 | lr=9.755283e-04 | loss=4.752947
Epoch 003 | Step 350 | lr=9.755283e-04 | loss=4.752897
Epoch 003 | Step 360 | lr=9.755283e-04 | loss=4.752931
Epoch 003 | Step 370 | lr=9.755283e-04 | loss=4.752814
Epoch 003 | Step 380 | lr=9.755283e-04 | loss=4.752851
Epoch 003 | Step 390 | lr=9.755283e-04 | loss=4.752851
Epoch 003 | Step 400 | lr=9.755283e-04 | loss=4.752874
Epoch 003 | Step 410 | lr=9.755283e-04 | loss=4.752883
Epoch 003 | Step 420 | lr=9.755283e-04 | loss=4.752883
Epoch 003 | Step 430 | lr=9.755283e-04 | loss=4.752852
Epoch 003 | Step 440 | lr=9.755283e-04 | loss=4.752861
Epoch 003 | Step 450 | lr=9.755283e-04 | loss=4.752875
Epoch 003 | Step 460 | lr=9.755283e-04 | loss=4.752768
Epoch 003 | Step 470 | lr=9.755283e-04 | loss=4.752957
Epoch 003 | Step 480 | lr=9.755283e-04 | loss=4.752865
Epoch 003 | Step 490 | lr=9.755283e-04 | loss=4.752967
Epoch 003 | Step 500 | lr=9.755283e-04 | loss=4.752836
Epoch 003 | Step 510 | lr=9.755283e-04 | loss=4.752852
Epoch 003 | Step 520 | lr=9.755283e-04 | loss=4.752797
Epoch 003 | Step 530 | lr=9.755283e-04 | loss=4.752843
Epoch 003 | Step 540 | lr=9.755283e-04 | loss=4.752781
Epoch 003 | Step 550 | lr=9.755283e-04 | loss=4.752826
Epoch 003 | Step 560 | lr=9.755283e-04 | loss=4.752819
Epoch 003 | Step 570 | lr=9.755283e-04 | loss=4.752770
Epoch 003 | Step 580 | lr=9.755283e-04 | loss=4.752818
Epoch 003 | Step 590 | lr=9.755283e-04 | loss=4.752764
Epoch 003 | Step 600 | lr=9.755283e-04 | loss=4.752889
Epoch 003 | Step 610 | lr=9.755283e-04 | loss=4.752811
Epoch 003 | Step 620 | lr=9.755283e-04 | loss=4.752748
Epoch 003 | Step 630 | lr=9.755283e-04 | loss=4.752832
Epoch 003 | Step 640 | lr=9.755283e-04 | loss=4.752808
Epoch 003 | Step 650 | lr=9.755283e-04 | loss=4.752817
Epoch 003 | Step 660 | lr=9.755283e-04 | loss=4.752752
Epoch 003 | Step 670 | lr=9.755283e-04 | loss=4.752753
Epoch 003 | Step 680 | lr=9.755283e-04 | loss=4.752812
Epoch 003 | Step 690 | lr=9.755283e-04 | loss=4.752831
Epoch 003 | Step 700 | lr=9.755283e-04 | loss=4.752783
Epoch 003 | Step 710 | lr=9.755283e-04 | loss=4.752840
Epoch 003 | Step 720 | lr=9.755283e-04 | loss=4.752742
Epoch 003 | Step 730 | lr=9.755283e-04 | loss=4.752749
Epoch 003 | Step 740 | lr=9.755283e-04 | loss=4.752787
Epoch 003 | Step 750 | lr=9.755283e-04 | loss=4.752829
Epoch 003 | Step 760 | lr=9.755283e-04 | loss=4.752797
Epoch 003 | Step 770 | lr=9.755283e-04 | loss=4.752778
Epoch 003 | Step 780 | lr=9.755283e-04 | loss=4.752791
Epoch 003 | Step 790 | lr=9.755283e-04 | loss=4.752792
Epoch 003 | Step 800 | lr=9.755283e-04 | loss=4.752842
Epoch 003 | Step 810 | lr=9.755283e-04 | loss=4.752846
Epoch 003 | Step 820 | lr=9.755283e-04 | loss=4.752718
Epoch 003 | Step 830 | lr=9.755283e-04 | loss=4.752764
Epoch 003 | Step 840 | lr=9.755283e-04 | loss=4.752702
Epoch 003 | Step 850 | lr=9.755283e-04 | loss=4.752721
Epoch 003 | Step 860 | lr=9.755283e-04 | loss=4.752744
Epoch 003 | Step 870 | lr=9.755283e-04 | loss=4.752779
Epoch 003 | Step 880 | lr=9.755283e-04 | loss=4.752808
Epoch 003 | Step 890 | lr=9.755283e-04 | loss=4.752731
Epoch 003 | Step 900 | lr=9.755283e-04 | loss=4.752645
Epoch 003 | Step 910 | lr=9.755283e-04 | loss=4.752781
Epoch 003 | Step 920 | lr=9.755283e-04 | loss=4.752698
Epoch 003 | Step 930 | lr=9.755283e-04 | loss=4.752685
Epoch 003 | Step 940 | lr=9.755283e-04 | loss=4.752760
Epoch 003 | Step 950 | lr=9.755283e-04 | loss=4.752776
Epoch 003 | Step 960 | lr=9.755283e-04 | loss=4.752645
epoch 003 | train_kld=4.752875 | val_kld=4.752692 | val_mae=0.014781 | val_mse=0.001599 | ord_acc@10=0.2122 | recall@10=0.7304
Epoch 004 | Step 10 | lr=9.455033e-04 | loss=4.752730
Epoch 004 | Step 20 | lr=9.455033e-04 | loss=4.752740
Epoch 004 | Step 30 | lr=9.455033e-04 | loss=4.752727
Epoch 004 | Step 40 | lr=9.455033e-04 | loss=4.752789
Epoch 004 | Step 50 | lr=9.455033e-04 | loss=4.752736
Epoch 004 | Step 60 | lr=9.455033e-04 | loss=4.752810
Epoch 004 | Step 70 | lr=9.455033e-04 | loss=4.752769
Epoch 004 | Step 80 | lr=9.455033e-04 | loss=4.752800
Epoch 004 | Step 90 | lr=9.455033e-04 | loss=4.752825
Epoch 004 | Step 100 | lr=9.455033e-04 | loss=4.752706
Epoch 004 | Step 110 | lr=9.455033e-04 | loss=4.752706
Epoch 004 | Step 120 | lr=9.455033e-04 | loss=4.752726
Epoch 004 | Step 130 | lr=9.455033e-04 | loss=4.752646
Epoch 004 | Step 140 | lr=9.455033e-04 | loss=4.752779
Epoch 004 | Step 150 | lr=9.455033e-04 | loss=4.752757
Epoch 004 | Step 160 | lr=9.455033e-04 | loss=4.752780
Epoch 004 | Step 170 | lr=9.455033e-04 | loss=4.752794
Epoch 004 | Step 180 | lr=9.455033e-04 | loss=4.752785
Epoch 004 | Step 190 | lr=9.455033e-04 | loss=4.752627
Epoch 004 | Step 200 | lr=9.455033e-04 | loss=4.752743
Epoch 004 | Step 210 | lr=9.455033e-04 | loss=4.752754
Epoch 004 | Step 220 | lr=9.455033e-04 | loss=4.752725
Epoch 004 | Step 230 | lr=9.455033e-04 | loss=4.752712
Epoch 004 | Step 240 | lr=9.455033e-04 | loss=4.752630
Epoch 004 | Step 250 | lr=9.455033e-04 | loss=4.752744
Epoch 004 | Step 260 | lr=9.455033e-04 | loss=4.752764
Epoch 004 | Step 270 | lr=9.455033e-04 | loss=4.752801
Epoch 004 | Step 280 | lr=9.455033e-04 | loss=4.752740
Epoch 004 | Step 290 | lr=9.455033e-04 | loss=4.752752
Epoch 004 | Step 300 | lr=9.455033e-04 | loss=4.752789
Epoch 004 | Step 310 | lr=9.455033e-04 | loss=4.752716
Epoch 004 | Step 320 | lr=9.455033e-04 | loss=4.752693
Epoch 004 | Step 330 | lr=9.455033e-04 | loss=4.752730
Epoch 004 | Step 340 | lr=9.455033e-04 | loss=4.752751
Epoch 004 | Step 350 | lr=9.455033e-04 | loss=4.752679
Epoch 004 | Step 360 | lr=9.455033e-04 | loss=4.752716
Epoch 004 | Step 370 | lr=9.455033e-04 | loss=4.752632
Epoch 004 | Step 380 | lr=9.455033e-04 | loss=4.752727
Epoch 004 | Step 390 | lr=9.455033e-04 | loss=4.752749
Epoch 004 | Step 400 | lr=9.455033e-04 | loss=4.752637
Epoch 004 | Step 410 | lr=9.455033e-04 | loss=4.752619
Epoch 004 | Step 420 | lr=9.455033e-04 | loss=4.752645
Epoch 004 | Step 430 | lr=9.455033e-04 | loss=4.752804
Epoch 004 | Step 440 | lr=9.455033e-04 | loss=4.752734
Epoch 004 | Step 450 | lr=9.455033e-04 | loss=4.752706
Epoch 004 | Step 460 | lr=9.455033e-04 | loss=4.752684
Epoch 004 | Step 470 | lr=9.455033e-04 | loss=4.752742
Epoch 004 | Step 480 | lr=9.455033e-04 | loss=4.752724
Epoch 004 | Step 490 | lr=9.455033e-04 | loss=4.752633
Epoch 004 | Step 500 | lr=9.455033e-04 | loss=4.752709
Epoch 004 | Step 510 | lr=9.455033e-04 | loss=4.752738
Epoch 004 | Step 520 | lr=9.455033e-04 | loss=4.752787
Epoch 004 | Step 530 | lr=9.455033e-04 | loss=4.752663
Epoch 004 | Step 540 | lr=9.455033e-04 | loss=4.752796
Epoch 004 | Step 550 | lr=9.455033e-04 | loss=4.752682
Epoch 004 | Step 560 | lr=9.455033e-04 | loss=4.752680
Epoch 004 | Step 570 | lr=9.455033e-04 | loss=4.752745
Epoch 004 | Step 580 | lr=9.455033e-04 | loss=4.752707
Epoch 004 | Step 590 | lr=9.455033e-04 | loss=4.752659
Epoch 004 | Step 600 | lr=9.455033e-04 | loss=4.752755
Epoch 004 | Step 610 | lr=9.455033e-04 | loss=4.752718
Epoch 004 | Step 620 | lr=9.455033e-04 | loss=4.752746
Epoch 004 | Step 630 | lr=9.455033e-04 | loss=4.752639
Epoch 004 | Step 640 | lr=9.455033e-04 | loss=4.752679
Epoch 004 | Step 650 | lr=9.455033e-04 | loss=4.752692
Epoch 004 | Step 660 | lr=9.455033e-04 | loss=4.752630
Epoch 004 | Step 670 | lr=9.455033e-04 | loss=4.752732
Epoch 004 | Step 680 | lr=9.455033e-04 | loss=4.752774
Epoch 004 | Step 690 | lr=9.455033e-04 | loss=4.752716
Epoch 004 | Step 700 | lr=9.455033e-04 | loss=4.752769
Epoch 004 | Step 710 | lr=9.455033e-04 | loss=4.752749
Epoch 004 | Step 720 | lr=9.455033e-04 | loss=4.752684
Epoch 004 | Step 730 | lr=9.455033e-04 | loss=4.752724
Epoch 004 | Step 740 | lr=9.455033e-04 | loss=4.752620
Epoch 004 | Step 750 | lr=9.455033e-04 | loss=4.752649
Epoch 004 | Step 760 | lr=9.455033e-04 | loss=4.752773
Epoch 004 | Step 770 | lr=9.455033e-04 | loss=4.752614
Epoch 004 | Step 780 | lr=9.455033e-04 | loss=4.752727
Epoch 004 | Step 790 | lr=9.455033e-04 | loss=4.752715
Epoch 004 | Step 800 | lr=9.455033e-04 | loss=4.752690
Epoch 004 | Step 810 | lr=9.455033e-04 | loss=4.752694
Epoch 004 | Step 820 | lr=9.455033e-04 | loss=4.752679
Epoch 004 | Step 830 | lr=9.455033e-04 | loss=4.752628
Epoch 004 | Step 840 | lr=9.455033e-04 | loss=4.752714
Epoch 004 | Step 850 | lr=9.455033e-04 | loss=4.752651
Epoch 004 | Step 860 | lr=9.455033e-04 | loss=4.752621
Epoch 004 | Step 870 | lr=9.455033e-04 | loss=4.752717
Epoch 004 | Step 880 | lr=9.455033e-04 | loss=4.752601
Epoch 004 | Step 890 | lr=9.455033e-04 | loss=4.752591
Epoch 004 | Step 900 | lr=9.455033e-04 | loss=4.752741
Epoch 004 | Step 910 | lr=9.455033e-04 | loss=4.752555
Epoch 004 | Step 920 | lr=9.455033e-04 | loss=4.752685
Epoch 004 | Step 930 | lr=9.455033e-04 | loss=4.752659
Epoch 004 | Step 940 | lr=9.455033e-04 | loss=4.752620
Epoch 004 | Step 950 | lr=9.455033e-04 | loss=4.752641
Epoch 004 | Step 960 | lr=9.455033e-04 | loss=4.752685
epoch 004 | train_kld=4.752712 | val_kld=4.752646 | val_mae=0.014789 | val_mse=0.001603 | ord_acc@10=0.2203 | recall@10=0.7590
Epoch 005 | Step 10 | lr=9.045085e-04 | loss=4.752780
Epoch 005 | Step 20 | lr=9.045085e-04 | loss=4.752649
Epoch 005 | Step 30 | lr=9.045085e-04 | loss=4.752637
Epoch 005 | Step 40 | lr=9.045085e-04 | loss=4.752672
Epoch 005 | Step 50 | lr=9.045085e-04 | loss=4.752618
Epoch 005 | Step 60 | lr=9.045085e-04 | loss=4.752688
Epoch 005 | Step 70 | lr=9.045085e-04 | loss=4.752739
Epoch 005 | Step 80 | lr=9.045085e-04 | loss=4.752565
Epoch 005 | Step 90 | lr=9.045085e-04 | loss=4.752716
Epoch 005 | Step 100 | lr=9.045085e-04 | loss=4.752682
Epoch 005 | Step 110 | lr=9.045085e-04 | loss=4.752602
Epoch 005 | Step 120 | lr=9.045085e-04 | loss=4.752723
Epoch 005 | Step 130 | lr=9.045085e-04 | loss=4.752688
Epoch 005 | Step 140 | lr=9.045085e-04 | loss=4.752657
Epoch 005 | Step 150 | lr=9.045085e-04 | loss=4.752704
Epoch 005 | Step 160 | lr=9.045085e-04 | loss=4.752714
Epoch 005 | Step 170 | lr=9.045085e-04 | loss=4.752676
Epoch 005 | Step 180 | lr=9.045085e-04 | loss=4.752713
Epoch 005 | Step 190 | lr=9.045085e-04 | loss=4.752659
Epoch 005 | Step 200 | lr=9.045085e-04 | loss=4.752697
Epoch 005 | Step 210 | lr=9.045085e-04 | loss=4.752611
Epoch 005 | Step 220 | lr=9.045085e-04 | loss=4.752723
Epoch 005 | Step 230 | lr=9.045085e-04 | loss=4.752644
Epoch 005 | Step 240 | lr=9.045085e-04 | loss=4.752741
Epoch 005 | Step 250 | lr=9.045085e-04 | loss=4.752669
Epoch 005 | Step 260 | lr=9.045085e-04 | loss=4.752609
Epoch 005 | Step 270 | lr=9.045085e-04 | loss=4.752639
Epoch 005 | Step 280 | lr=9.045085e-04 | loss=4.752673
Epoch 005 | Step 290 | lr=9.045085e-04 | loss=4.752693
Epoch 005 | Step 300 | lr=9.045085e-04 | loss=4.752710
Epoch 005 | Step 310 | lr=9.045085e-04 | loss=4.752671
Epoch 005 | Step 320 | lr=9.045085e-04 | loss=4.752640
Epoch 005 | Step 330 | lr=9.045085e-04 | loss=4.752592
Epoch 005 | Step 340 | lr=9.045085e-04 | loss=4.752708
Epoch 005 | Step 350 | lr=9.045085e-04 | loss=4.752554
Epoch 005 | Step 360 | lr=9.045085e-04 | loss=4.752660
Epoch 005 | Step 370 | lr=9.045085e-04 | loss=4.752654
Epoch 005 | Step 380 | lr=9.045085e-04 | loss=4.752712
Epoch 005 | Step 390 | lr=9.045085e-04 | loss=4.752504
Epoch 005 | Step 400 | lr=9.045085e-04 | loss=4.752692
Epoch 005 | Step 410 | lr=9.045085e-04 | loss=4.752713
Epoch 005 | Step 420 | lr=9.045085e-04 | loss=4.752675
Epoch 005 | Step 430 | lr=9.045085e-04 | loss=4.752665
Epoch 005 | Step 440 | lr=9.045085e-04 | loss=4.752606
Epoch 005 | Step 450 | lr=9.045085e-04 | loss=4.752552
Epoch 005 | Step 460 | lr=9.045085e-04 | loss=4.752640
Epoch 005 | Step 470 | lr=9.045085e-04 | loss=4.752740
Epoch 005 | Step 480 | lr=9.045085e-04 | loss=4.752644
Epoch 005 | Step 490 | lr=9.045085e-04 | loss=4.752619
Epoch 005 | Step 500 | lr=9.045085e-04 | loss=4.752645
Epoch 005 | Step 510 | lr=9.045085e-04 | loss=4.752733
Epoch 005 | Step 520 | lr=9.045085e-04 | loss=4.752632
Epoch 005 | Step 530 | lr=9.045085e-04 | loss=4.752620
Epoch 005 | Step 540 | lr=9.045085e-04 | loss=4.752663
Epoch 005 | Step 550 | lr=9.045085e-04 | loss=4.752677
Epoch 005 | Step 560 | lr=9.045085e-04 | loss=4.752740
Epoch 005 | Step 570 | lr=9.045085e-04 | loss=4.752662
Epoch 005 | Step 580 | lr=9.045085e-04 | loss=4.752752
Epoch 005 | Step 590 | lr=9.045085e-04 | loss=4.752707
Epoch 005 | Step 600 | lr=9.045085e-04 | loss=4.752701
Epoch 005 | Step 610 | lr=9.045085e-04 | loss=4.752629
Epoch 005 | Step 620 | lr=9.045085e-04 | loss=4.752711
Epoch 005 | Step 630 | lr=9.045085e-04 | loss=4.752720
Epoch 005 | Step 640 | lr=9.045085e-04 | loss=4.752678
Epoch 005 | Step 650 | lr=9.045085e-04 | loss=4.752690
Epoch 005 | Step 660 | lr=9.045085e-04 | loss=4.752823
Epoch 005 | Step 670 | lr=9.045085e-04 | loss=4.752647
Epoch 005 | Step 680 | lr=9.045085e-04 | loss=4.752776
Epoch 005 | Step 690 | lr=9.045085e-04 | loss=4.752729
Epoch 005 | Step 700 | lr=9.045085e-04 | loss=4.752625
Epoch 005 | Step 710 | lr=9.045085e-04 | loss=4.752694
Epoch 005 | Step 720 | lr=9.045085e-04 | loss=4.752686
Epoch 005 | Step 730 | lr=9.045085e-04 | loss=4.752608
Epoch 005 | Step 740 | lr=9.045085e-04 | loss=4.752682
Epoch 005 | Step 750 | lr=9.045085e-04 | loss=4.752570
Epoch 005 | Step 760 | lr=9.045085e-04 | loss=4.752646
Epoch 005 | Step 770 | lr=9.045085e-04 | loss=4.752615
Epoch 005 | Step 780 | lr=9.045085e-04 | loss=4.752680
Epoch 005 | Step 790 | lr=9.045085e-04 | loss=4.752681
Epoch 005 | Step 800 | lr=9.045085e-04 | loss=4.752654
Epoch 005 | Step 810 | lr=9.045085e-04 | loss=4.752586
Epoch 005 | Step 820 | lr=9.045085e-04 | loss=4.752648
Epoch 005 | Step 830 | lr=9.045085e-04 | loss=4.752581
Epoch 005 | Step 840 | lr=9.045085e-04 | loss=4.752701
Epoch 005 | Step 850 | lr=9.045085e-04 | loss=4.752675
Epoch 005 | Step 860 | lr=9.045085e-04 | loss=4.752684
Epoch 005 | Step 870 | lr=9.045085e-04 | loss=4.752670
Epoch 005 | Step 880 | lr=9.045085e-04 | loss=4.752506
Epoch 005 | Step 890 | lr=9.045085e-04 | loss=4.752669
Epoch 005 | Step 900 | lr=9.045085e-04 | loss=4.752626
Epoch 005 | Step 910 | lr=9.045085e-04 | loss=4.752687
Epoch 005 | Step 920 | lr=9.045085e-04 | loss=4.752588
Epoch 005 | Step 930 | lr=9.045085e-04 | loss=4.752682
Epoch 005 | Step 940 | lr=9.045085e-04 | loss=4.752639
Epoch 005 | Step 950 | lr=9.045085e-04 | loss=4.752626
Epoch 005 | Step 960 | lr=9.045085e-04 | loss=4.752750
epoch 005 | train_kld=4.752667 | val_kld=4.752615 | val_mae=0.014773 | val_mse=0.001597 | ord_acc@10=0.2565 | recall@10=0.7732
Epoch 006 | Step 10 | lr=8.535534e-04 | loss=4.752569
Epoch 006 | Step 20 | lr=8.535534e-04 | loss=4.752625
Epoch 006 | Step 30 | lr=8.535534e-04 | loss=4.752577
Epoch 006 | Step 40 | lr=8.535534e-04 | loss=4.752675
Epoch 006 | Step 50 | lr=8.535534e-04 | loss=4.752704
Epoch 006 | Step 60 | lr=8.535534e-04 | loss=4.752730
Epoch 006 | Step 70 | lr=8.535534e-04 | loss=4.752606
Epoch 006 | Step 80 | lr=8.535534e-04 | loss=4.752584
Epoch 006 | Step 90 | lr=8.535534e-04 | loss=4.752661
Epoch 006 | Step 100 | lr=8.535534e-04 | loss=4.752658
Epoch 006 | Step 110 | lr=8.535534e-04 | loss=4.752630
Epoch 006 | Step 120 | lr=8.535534e-04 | loss=4.752655
Epoch 006 | Step 130 | lr=8.535534e-04 | loss=4.752618
Epoch 006 | Step 140 | lr=8.535534e-04 | loss=4.752623
Epoch 006 | Step 150 | lr=8.535534e-04 | loss=4.752749
Epoch 006 | Step 160 | lr=8.535534e-04 | loss=4.752606
Epoch 006 | Step 170 | lr=8.535534e-04 | loss=4.752638
Epoch 006 | Step 180 | lr=8.535534e-04 | loss=4.752728
Epoch 006 | Step 190 | lr=8.535534e-04 | loss=4.752588
Epoch 006 | Step 200 | lr=8.535534e-04 | loss=4.752719
Epoch 006 | Step 210 | lr=8.535534e-04 | loss=4.752619
Epoch 006 | Step 220 | lr=8.535534e-04 | loss=4.752655
Epoch 006 | Step 230 | lr=8.535534e-04 | loss=4.752658
Epoch 006 | Step 240 | lr=8.535534e-04 | loss=4.752670
Epoch 006 | Step 250 | lr=8.535534e-04 | loss=4.752658
Epoch 006 | Step 260 | lr=8.535534e-04 | loss=4.752553
Epoch 006 | Step 270 | lr=8.535534e-04 | loss=4.752726
Epoch 006 | Step 280 | lr=8.535534e-04 | loss=4.752679
Epoch 006 | Step 290 | lr=8.535534e-04 | loss=4.752586
Epoch 006 | Step 300 | lr=8.535534e-04 | loss=4.752646
Epoch 006 | Step 310 | lr=8.535534e-04 | loss=4.752702
Epoch 006 | Step 320 | lr=8.535534e-04 | loss=4.752576
Epoch 006 | Step 330 | lr=8.535534e-04 | loss=4.752566
Epoch 006 | Step 340 | lr=8.535534e-04 | loss=4.752660
Epoch 006 | Step 350 | lr=8.535534e-04 | loss=4.752680
Epoch 006 | Step 360 | lr=8.535534e-04 | loss=4.752535
Epoch 006 | Step 370 | lr=8.535534e-04 | loss=4.752653
Epoch 006 | Step 380 | lr=8.535534e-04 | loss=4.752614
Epoch 006 | Step 390 | lr=8.535534e-04 | loss=4.752649
Epoch 006 | Step 400 | lr=8.535534e-04 | loss=4.752725
Epoch 006 | Step 410 | lr=8.535534e-04 | loss=4.752690
Epoch 006 | Step 420 | lr=8.535534e-04 | loss=4.752601
Epoch 006 | Step 430 | lr=8.535534e-04 | loss=4.752628
Epoch 006 | Step 440 | lr=8.535534e-04 | loss=4.752680
Epoch 006 | Step 450 | lr=8.535534e-04 | loss=4.752635
Epoch 006 | Step 460 | lr=8.535534e-04 | loss=4.752657
Epoch 006 | Step 470 | lr=8.535534e-04 | loss=4.752645
Epoch 006 | Step 480 | lr=8.535534e-04 | loss=4.752779
Epoch 006 | Step 490 | lr=8.535534e-04 | loss=4.752600
Epoch 006 | Step 500 | lr=8.535534e-04 | loss=4.752553
Epoch 006 | Step 510 | lr=8.535534e-04 | loss=4.752633
Epoch 006 | Step 520 | lr=8.535534e-04 | loss=4.752681
Epoch 006 | Step 530 | lr=8.535534e-04 | loss=4.752657
Epoch 006 | Step 540 | lr=8.535534e-04 | loss=4.752573
Epoch 006 | Step 550 | lr=8.535534e-04 | loss=4.752657
Epoch 006 | Step 560 | lr=8.535534e-04 | loss=4.752661
Epoch 006 | Step 570 | lr=8.535534e-04 | loss=4.752577
Epoch 006 | Step 580 | lr=8.535534e-04 | loss=4.752719
Epoch 006 | Step 590 | lr=8.535534e-04 | loss=4.752505
Epoch 006 | Step 600 | lr=8.535534e-04 | loss=4.752676
Epoch 006 | Step 610 | lr=8.535534e-04 | loss=4.752686
Epoch 006 | Step 620 | lr=8.535534e-04 | loss=4.752542
Epoch 006 | Step 630 | lr=8.535534e-04 | loss=4.752655
Epoch 006 | Step 640 | lr=8.535534e-04 | loss=4.752626
Epoch 006 | Step 650 | lr=8.535534e-04 | loss=4.752571
Epoch 006 | Step 660 | lr=8.535534e-04 | loss=4.752633
Epoch 006 | Step 670 | lr=8.535534e-04 | loss=4.752706
Epoch 006 | Step 680 | lr=8.535534e-04 | loss=4.752682
Epoch 006 | Step 690 | lr=8.535534e-04 | loss=4.752600
Epoch 006 | Step 700 | lr=8.535534e-04 | loss=4.752739
Epoch 006 | Step 710 | lr=8.535534e-04 | loss=4.752690
Epoch 006 | Step 720 | lr=8.535534e-04 | loss=4.752646
Epoch 006 | Step 730 | lr=8.535534e-04 | loss=4.752521
Epoch 006 | Step 740 | lr=8.535534e-04 | loss=4.752606
Epoch 006 | Step 750 | lr=8.535534e-04 | loss=4.752651
Epoch 006 | Step 760 | lr=8.535534e-04 | loss=4.752607
Epoch 006 | Step 770 | lr=8.535534e-04 | loss=4.752665
Epoch 006 | Step 780 | lr=8.535534e-04 | loss=4.752669
Epoch 006 | Step 790 | lr=8.535534e-04 | loss=4.752559
Epoch 006 | Step 800 | lr=8.535534e-04 | loss=4.752576
Epoch 006 | Step 810 | lr=8.535534e-04 | loss=4.752602
Epoch 006 | Step 820 | lr=8.535534e-04 | loss=4.752670
Epoch 006 | Step 830 | lr=8.535534e-04 | loss=4.752631
Epoch 006 | Step 840 | lr=8.535534e-04 | loss=4.752651
Epoch 006 | Step 850 | lr=8.535534e-04 | loss=4.752633
Epoch 006 | Step 860 | lr=8.535534e-04 | loss=4.752720
Epoch 006 | Step 870 | lr=8.535534e-04 | loss=4.752714
Epoch 006 | Step 880 | lr=8.535534e-04 | loss=4.752622
Epoch 006 | Step 890 | lr=8.535534e-04 | loss=4.752531
Epoch 006 | Step 900 | lr=8.535534e-04 | loss=4.752567
Epoch 006 | Step 910 | lr=8.535534e-04 | loss=4.752687
Epoch 006 | Step 920 | lr=8.535534e-04 | loss=4.752650
Epoch 006 | Step 930 | lr=8.535534e-04 | loss=4.752671
Epoch 006 | Step 940 | lr=8.535534e-04 | loss=4.752534
Epoch 006 | Step 950 | lr=8.535534e-04 | loss=4.752625
Epoch 006 | Step 960 | lr=8.535534e-04 | loss=4.752638
epoch 006 | train_kld=4.752643 | val_kld=4.752608 | val_mae=0.014764 | val_mse=0.001596 | ord_acc@10=0.2555 | recall@10=0.7753
Epoch 007 | Step 10 | lr=7.938926e-04 | loss=4.752693
Epoch 007 | Step 20 | lr=7.938926e-04 | loss=4.752673
Epoch 007 | Step 30 | lr=7.938926e-04 | loss=4.752689
Epoch 007 | Step 40 | lr=7.938926e-04 | loss=4.752671
Epoch 007 | Step 50 | lr=7.938926e-04 | loss=4.752595
Epoch 007 | Step 60 | lr=7.938926e-04 | loss=4.752687
Epoch 007 | Step 70 | lr=7.938926e-04 | loss=4.752586
Epoch 007 | Step 80 | lr=7.938926e-04 | loss=4.752577
Epoch 007 | Step 90 | lr=7.938926e-04 | loss=4.752740
Epoch 007 | Step 100 | lr=7.938926e-04 | loss=4.752683
Epoch 007 | Step 110 | lr=7.938926e-04 | loss=4.752562
Epoch 007 | Step 120 | lr=7.938926e-04 | loss=4.752678
Epoch 007 | Step 130 | lr=7.938926e-04 | loss=4.752748
Epoch 007 | Step 140 | lr=7.938926e-04 | loss=4.752584
Epoch 007 | Step 150 | lr=7.938926e-04 | loss=4.752620
Epoch 007 | Step 160 | lr=7.938926e-04 | loss=4.752627
Epoch 007 | Step 170 | lr=7.938926e-04 | loss=4.752725
Epoch 007 | Step 180 | lr=7.938926e-04 | loss=4.752558
Epoch 007 | Step 190 | lr=7.938926e-04 | loss=4.752664
Epoch 007 | Step 200 | lr=7.938926e-04 | loss=4.752489
Epoch 007 | Step 210 | lr=7.938926e-04 | loss=4.752675
Epoch 007 | Step 220 | lr=7.938926e-04 | loss=4.752573
Epoch 007 | Step 230 | lr=7.938926e-04 | loss=4.752546
Epoch 007 | Step 240 | lr=7.938926e-04 | loss=4.752606
Epoch 007 | Step 250 | lr=7.938926e-04 | loss=4.752631
Epoch 007 | Step 260 | lr=7.938926e-04 | loss=4.752785
Epoch 007 | Step 270 | lr=7.938926e-04 | loss=4.752727
Epoch 007 | Step 280 | lr=7.938926e-04 | loss=4.752676
Epoch 007 | Step 290 | lr=7.938926e-04 | loss=4.752655
Epoch 007 | Step 300 | lr=7.938926e-04 | loss=4.752641
Epoch 007 | Step 310 | lr=7.938926e-04 | loss=4.752560
Epoch 007 | Step 320 | lr=7.938926e-04 | loss=4.752664
Epoch 007 | Step 330 | lr=7.938926e-04 | loss=4.752687
Epoch 007 | Step 340 | lr=7.938926e-04 | loss=4.752744
Epoch 007 | Step 350 | lr=7.938926e-04 | loss=4.752528
Epoch 007 | Step 360 | lr=7.938926e-04 | loss=4.752641
Epoch 007 | Step 370 | lr=7.938926e-04 | loss=4.752625
Epoch 007 | Step 380 | lr=7.938926e-04 | loss=4.752612
Epoch 007 | Step 390 | lr=7.938926e-04 | loss=4.752602
Epoch 007 | Step 400 | lr=7.938926e-04 | loss=4.752678
Epoch 007 | Step 410 | lr=7.938926e-04 | loss=4.752655
Epoch 007 | Step 420 | lr=7.938926e-04 | loss=4.752636
Epoch 007 | Step 430 | lr=7.938926e-04 | loss=4.752747
Epoch 007 | Step 440 | lr=7.938926e-04 | loss=4.752664
Epoch 007 | Step 450 | lr=7.938926e-04 | loss=4.752501
Epoch 007 | Step 460 | lr=7.938926e-04 | loss=4.752699
Epoch 007 | Step 470 | lr=7.938926e-04 | loss=4.752627
Epoch 007 | Step 480 | lr=7.938926e-04 | loss=4.752699
Epoch 007 | Step 490 | lr=7.938926e-04 | loss=4.752566
Epoch 007 | Step 500 | lr=7.938926e-04 | loss=4.752587
Epoch 007 | Step 510 | lr=7.938926e-04 | loss=4.752615
Epoch 007 | Step 520 | lr=7.938926e-04 | loss=4.752553
Epoch 007 | Step 530 | lr=7.938926e-04 | loss=4.752576
Epoch 007 | Step 540 | lr=7.938926e-04 | loss=4.752565
Epoch 007 | Step 550 | lr=7.938926e-04 | loss=4.752617
Epoch 007 | Step 560 | lr=7.938926e-04 | loss=4.752675
Epoch 007 | Step 570 | lr=7.938926e-04 | loss=4.752651
Epoch 007 | Step 580 | lr=7.938926e-04 | loss=4.752606
Epoch 007 | Step 590 | lr=7.938926e-04 | loss=4.752584
Epoch 007 | Step 600 | lr=7.938926e-04 | loss=4.752549
Epoch 007 | Step 610 | lr=7.938926e-04 | loss=4.752584
Epoch 007 | Step 620 | lr=7.938926e-04 | loss=4.752578
Epoch 007 | Step 630 | lr=7.938926e-04 | loss=4.752632
Epoch 007 | Step 640 | lr=7.938926e-04 | loss=4.752540
Epoch 007 | Step 650 | lr=7.938926e-04 | loss=4.752598
Epoch 007 | Step 660 | lr=7.938926e-04 | loss=4.752636
Epoch 007 | Step 670 | lr=7.938926e-04 | loss=4.752581
Epoch 007 | Step 680 | lr=7.938926e-04 | loss=4.752701
Epoch 007 | Step 690 | lr=7.938926e-04 | loss=4.752645
Epoch 007 | Step 700 | lr=7.938926e-04 | loss=4.752626
Epoch 007 | Step 710 | lr=7.938926e-04 | loss=4.752643
Epoch 007 | Step 720 | lr=7.938926e-04 | loss=4.752633
Epoch 007 | Step 730 | lr=7.938926e-04 | loss=4.752559
Epoch 007 | Step 740 | lr=7.938926e-04 | loss=4.752653
Epoch 007 | Step 750 | lr=7.938926e-04 | loss=4.752667
Epoch 007 | Step 760 | lr=7.938926e-04 | loss=4.752575
Epoch 007 | Step 770 | lr=7.938926e-04 | loss=4.752609
Epoch 007 | Step 780 | lr=7.938926e-04 | loss=4.752697
Epoch 007 | Step 790 | lr=7.938926e-04 | loss=4.752625
Epoch 007 | Step 800 | lr=7.938926e-04 | loss=4.752529
Epoch 007 | Step 810 | lr=7.938926e-04 | loss=4.752508
Epoch 007 | Step 820 | lr=7.938926e-04 | loss=4.752616
Epoch 007 | Step 830 | lr=7.938926e-04 | loss=4.752601
Epoch 007 | Step 840 | lr=7.938926e-04 | loss=4.752520
Epoch 007 | Step 850 | lr=7.938926e-04 | loss=4.752549
Epoch 007 | Step 860 | lr=7.938926e-04 | loss=4.752597
Epoch 007 | Step 870 | lr=7.938926e-04 | loss=4.752677
Epoch 007 | Step 880 | lr=7.938926e-04 | loss=4.752699
Epoch 007 | Step 890 | lr=7.938926e-04 | loss=4.752707
Epoch 007 | Step 900 | lr=7.938926e-04 | loss=4.752629
Epoch 007 | Step 910 | lr=7.938926e-04 | loss=4.752645
Epoch 007 | Step 920 | lr=7.938926e-04 | loss=4.752536
Epoch 007 | Step 930 | lr=7.938926e-04 | loss=4.752524
Epoch 007 | Step 940 | lr=7.938926e-04 | loss=4.752577
Epoch 007 | Step 950 | lr=7.938926e-04 | loss=4.752644
Epoch 007 | Step 960 | lr=7.938926e-04 | loss=4.752601
epoch 007 | train_kld=4.752630 | val_kld=4.752605 | val_mae=0.014769 | val_mse=0.001596 | ord_acc@10=0.2523 | recall@10=0.7721
Epoch 008 | Step 10 | lr=7.269952e-04 | loss=4.752625
Epoch 008 | Step 20 | lr=7.269952e-04 | loss=4.752633
Epoch 008 | Step 30 | lr=7.269952e-04 | loss=4.752739
Epoch 008 | Step 40 | lr=7.269952e-04 | loss=4.752789
Epoch 008 | Step 50 | lr=7.269952e-04 | loss=4.752639
Epoch 008 | Step 60 | lr=7.269952e-04 | loss=4.752632
Epoch 008 | Step 70 | lr=7.269952e-04 | loss=4.752702
Epoch 008 | Step 80 | lr=7.269952e-04 | loss=4.752639
Epoch 008 | Step 90 | lr=7.269952e-04 | loss=4.752599
Epoch 008 | Step 100 | lr=7.269952e-04 | loss=4.752693
Epoch 008 | Step 110 | lr=7.269952e-04 | loss=4.752589
Epoch 008 | Step 120 | lr=7.269952e-04 | loss=4.752668
Epoch 008 | Step 130 | lr=7.269952e-04 | loss=4.752586
Epoch 008 | Step 140 | lr=7.269952e-04 | loss=4.752581
Epoch 008 | Step 150 | lr=7.269952e-04 | loss=4.752599
Epoch 008 | Step 160 | lr=7.269952e-04 | loss=4.752615
Epoch 008 | Step 170 | lr=7.269952e-04 | loss=4.752678
Epoch 008 | Step 180 | lr=7.269952e-04 | loss=4.752627
Epoch 008 | Step 190 | lr=7.269952e-04 | loss=4.752739
Epoch 008 | Step 200 | lr=7.269952e-04 | loss=4.752635
Epoch 008 | Step 210 | lr=7.269952e-04 | loss=4.752621
Epoch 008 | Step 220 | lr=7.269952e-04 | loss=4.752485
Epoch 008 | Step 230 | lr=7.269952e-04 | loss=4.752583
Epoch 008 | Step 240 | lr=7.269952e-04 | loss=4.752563
Epoch 008 | Step 250 | lr=7.269952e-04 | loss=4.752640
Epoch 008 | Step 260 | lr=7.269952e-04 | loss=4.752503
Epoch 008 | Step 270 | lr=7.269952e-04 | loss=4.752553
Epoch 008 | Step 280 | lr=7.269952e-04 | loss=4.752708
Epoch 008 | Step 290 | lr=7.269952e-04 | loss=4.752639
Epoch 008 | Step 300 | lr=7.269952e-04 | loss=4.752647
Epoch 008 | Step 310 | lr=7.269952e-04 | loss=4.752653
Epoch 008 | Step 320 | lr=7.269952e-04 | loss=4.752601
Epoch 008 | Step 330 | lr=7.269952e-04 | loss=4.752666
Epoch 008 | Step 340 | lr=7.269952e-04 | loss=4.752615
Epoch 008 | Step 350 | lr=7.269952e-04 | loss=4.752697
Epoch 008 | Step 360 | lr=7.269952e-04 | loss=4.752641
Epoch 008 | Step 370 | lr=7.269952e-04 | loss=4.752609
Epoch 008 | Step 380 | lr=7.269952e-04 | loss=4.752618
Epoch 008 | Step 390 | lr=7.269952e-04 | loss=4.752617
Epoch 008 | Step 400 | lr=7.269952e-04 | loss=4.752645
Epoch 008 | Step 410 | lr=7.269952e-04 | loss=4.752635
Epoch 008 | Step 420 | lr=7.269952e-04 | loss=4.752589
Epoch 008 | Step 430 | lr=7.269952e-04 | loss=4.752628
Epoch 008 | Step 440 | lr=7.269952e-04 | loss=4.752544
Epoch 008 | Step 450 | lr=7.269952e-04 | loss=4.752667
Epoch 008 | Step 460 | lr=7.269952e-04 | loss=4.752537
Epoch 008 | Step 470 | lr=7.269952e-04 | loss=4.752537
Epoch 008 | Step 480 | lr=7.269952e-04 | loss=4.752651
Epoch 008 | Step 490 | lr=7.269952e-04 | loss=4.752704
Epoch 008 | Step 500 | lr=7.269952e-04 | loss=4.752590
Epoch 008 | Step 510 | lr=7.269952e-04 | loss=4.752600
Epoch 008 | Step 520 | lr=7.269952e-04 | loss=4.752594
Epoch 008 | Step 530 | lr=7.269952e-04 | loss=4.752581
Epoch 008 | Step 540 | lr=7.269952e-04 | loss=4.752525
Epoch 008 | Step 550 | lr=7.269952e-04 | loss=4.752651
Epoch 008 | Step 560 | lr=7.269952e-04 | loss=4.752667
Epoch 008 | Step 570 | lr=7.269952e-04 | loss=4.752629
Epoch 008 | Step 580 | lr=7.269952e-04 | loss=4.752666
Epoch 008 | Step 590 | lr=7.269952e-04 | loss=4.752609
Epoch 008 | Step 600 | lr=7.269952e-04 | loss=4.752521
Epoch 008 | Step 610 | lr=7.269952e-04 | loss=4.752634
Epoch 008 | Step 620 | lr=7.269952e-04 | loss=4.752647
Epoch 008 | Step 630 | lr=7.269952e-04 | loss=4.752480
Epoch 008 | Step 640 | lr=7.269952e-04 | loss=4.752645
Epoch 008 | Step 650 | lr=7.269952e-04 | loss=4.752610
Epoch 008 | Step 660 | lr=7.269952e-04 | loss=4.752610
Epoch 008 | Step 670 | lr=7.269952e-04 | loss=4.752624
Epoch 008 | Step 680 | lr=7.269952e-04 | loss=4.752624
Epoch 008 | Step 690 | lr=7.269952e-04 | loss=4.752652
Epoch 008 | Step 700 | lr=7.269952e-04 | loss=4.752522
Epoch 008 | Step 710 | lr=7.269952e-04 | loss=4.752620
Epoch 008 | Step 720 | lr=7.269952e-04 | loss=4.752601
Epoch 008 | Step 730 | lr=7.269952e-04 | loss=4.752615
Epoch 008 | Step 740 | lr=7.269952e-04 | loss=4.752642
Epoch 008 | Step 750 | lr=7.269952e-04 | loss=4.752557
Epoch 008 | Step 760 | lr=7.269952e-04 | loss=4.752524
Epoch 008 | Step 770 | lr=7.269952e-04 | loss=4.752539
Epoch 008 | Step 780 | lr=7.269952e-04 | loss=4.752579
Epoch 008 | Step 790 | lr=7.269952e-04 | loss=4.752758
Epoch 008 | Step 800 | lr=7.269952e-04 | loss=4.752553
Epoch 008 | Step 810 | lr=7.269952e-04 | loss=4.752584
Epoch 008 | Step 820 | lr=7.269952e-04 | loss=4.752606
Epoch 008 | Step 830 | lr=7.269952e-04 | loss=4.752557
Epoch 008 | Step 840 | lr=7.269952e-04 | loss=4.752661
Epoch 008 | Step 850 | lr=7.269952e-04 | loss=4.752665
Epoch 008 | Step 860 | lr=7.269952e-04 | loss=4.752541
Epoch 008 | Step 870 | lr=7.269952e-04 | loss=4.752762
Epoch 008 | Step 880 | lr=7.269952e-04 | loss=4.752638
Epoch 008 | Step 890 | lr=7.269952e-04 | loss=4.752678
Epoch 008 | Step 900 | lr=7.269952e-04 | loss=4.752591
Epoch 008 | Step 910 | lr=7.269952e-04 | loss=4.752597
Epoch 008 | Step 920 | lr=7.269952e-04 | loss=4.752568
Epoch 008 | Step 930 | lr=7.269952e-04 | loss=4.752694
Epoch 008 | Step 940 | lr=7.269952e-04 | loss=4.752659
Epoch 008 | Step 950 | lr=7.269952e-04 | loss=4.752676
Epoch 008 | Step 960 | lr=7.269952e-04 | loss=4.752666
epoch 008 | train_kld=4.752619 | val_kld=4.752593 | val_mae=0.014783 | val_mse=0.001601 | ord_acc@10=0.2625 | recall@10=0.7724
Epoch 009 | Step 10 | lr=6.545085e-04 | loss=4.752656
Epoch 009 | Step 20 | lr=6.545085e-04 | loss=4.752624
Epoch 009 | Step 30 | lr=6.545085e-04 | loss=4.752619
Epoch 009 | Step 40 | lr=6.545085e-04 | loss=4.752625
Epoch 009 | Step 50 | lr=6.545085e-04 | loss=4.752645
Epoch 009 | Step 60 | lr=6.545085e-04 | loss=4.752653
Epoch 009 | Step 70 | lr=6.545085e-04 | loss=4.752594
Epoch 009 | Step 80 | lr=6.545085e-04 | loss=4.752564
Epoch 009 | Step 90 | lr=6.545085e-04 | loss=4.752654
Epoch 009 | Step 100 | lr=6.545085e-04 | loss=4.752635
Epoch 009 | Step 110 | lr=6.545085e-04 | loss=4.752586
Epoch 009 | Step 120 | lr=6.545085e-04 | loss=4.752660
Epoch 009 | Step 130 | lr=6.545085e-04 | loss=4.752532
Epoch 009 | Step 140 | lr=6.545085e-04 | loss=4.752721
Epoch 009 | Step 150 | lr=6.545085e-04 | loss=4.752620
Epoch 009 | Step 160 | lr=6.545085e-04 | loss=4.752706
Epoch 009 | Step 170 | lr=6.545085e-04 | loss=4.752619
Epoch 009 | Step 180 | lr=6.545085e-04 | loss=4.752641
Epoch 009 | Step 190 | lr=6.545085e-04 | loss=4.752643
Epoch 009 | Step 200 | lr=6.545085e-04 | loss=4.752625
Epoch 009 | Step 210 | lr=6.545085e-04 | loss=4.752665
Epoch 009 | Step 220 | lr=6.545085e-04 | loss=4.752532
Epoch 009 | Step 230 | lr=6.545085e-04 | loss=4.752554
Epoch 009 | Step 240 | lr=6.545085e-04 | loss=4.752685
Epoch 009 | Step 250 | lr=6.545085e-04 | loss=4.752578
Epoch 009 | Step 260 | lr=6.545085e-04 | loss=4.752658
Epoch 009 | Step 270 | lr=6.545085e-04 | loss=4.752591
Epoch 009 | Step 280 | lr=6.545085e-04 | loss=4.752608
Epoch 009 | Step 290 | lr=6.545085e-04 | loss=4.752572
Epoch 009 | Step 300 | lr=6.545085e-04 | loss=4.752666
Epoch 009 | Step 310 | lr=6.545085e-04 | loss=4.752614
Epoch 009 | Step 320 | lr=6.545085e-04 | loss=4.752619
Epoch 009 | Step 330 | lr=6.545085e-04 | loss=4.752557
Epoch 009 | Step 340 | lr=6.545085e-04 | loss=4.752649
Epoch 009 | Step 350 | lr=6.545085e-04 | loss=4.752622
Epoch 009 | Step 360 | lr=6.545085e-04 | loss=4.752649
Epoch 009 | Step 370 | lr=6.545085e-04 | loss=4.752695
Epoch 009 | Step 380 | lr=6.545085e-04 | loss=4.752503
Epoch 009 | Step 390 | lr=6.545085e-04 | loss=4.752596
Epoch 009 | Step 400 | lr=6.545085e-04 | loss=4.752646
Epoch 009 | Step 410 | lr=6.545085e-04 | loss=4.752568
Epoch 009 | Step 420 | lr=6.545085e-04 | loss=4.752591
Epoch 009 | Step 430 | lr=6.545085e-04 | loss=4.752627
Epoch 009 | Step 440 | lr=6.545085e-04 | loss=4.752701
Epoch 009 | Step 450 | lr=6.545085e-04 | loss=4.752565
Epoch 009 | Step 460 | lr=6.545085e-04 | loss=4.752602
Epoch 009 | Step 470 | lr=6.545085e-04 | loss=4.752567
Epoch 009 | Step 480 | lr=6.545085e-04 | loss=4.752631
Epoch 009 | Step 490 | lr=6.545085e-04 | loss=4.752630
Epoch 009 | Step 500 | lr=6.545085e-04 | loss=4.752692
Epoch 009 | Step 510 | lr=6.545085e-04 | loss=4.752656
Epoch 009 | Step 520 | lr=6.545085e-04 | loss=4.752656
Epoch 009 | Step 530 | lr=6.545085e-04 | loss=4.752618
Epoch 009 | Step 540 | lr=6.545085e-04 | loss=4.752560
Epoch 009 | Step 550 | lr=6.545085e-04 | loss=4.752570
Epoch 009 | Step 560 | lr=6.545085e-04 | loss=4.752629
Epoch 009 | Step 570 | lr=6.545085e-04 | loss=4.752564
Epoch 009 | Step 580 | lr=6.545085e-04 | loss=4.752555
Epoch 009 | Step 590 | lr=6.545085e-04 | loss=4.752589
Epoch 009 | Step 600 | lr=6.545085e-04 | loss=4.752607
Epoch 009 | Step 610 | lr=6.545085e-04 | loss=4.752659
Epoch 009 | Step 620 | lr=6.545085e-04 | loss=4.752594
Epoch 009 | Step 630 | lr=6.545085e-04 | loss=4.752619
Epoch 009 | Step 640 | lr=6.545085e-04 | loss=4.752676
Epoch 009 | Step 650 | lr=6.545085e-04 | loss=4.752616
Epoch 009 | Step 660 | lr=6.545085e-04 | loss=4.752517
Epoch 009 | Step 670 | lr=6.545085e-04 | loss=4.752593
Epoch 009 | Step 680 | lr=6.545085e-04 | loss=4.752612
Epoch 009 | Step 690 | lr=6.545085e-04 | loss=4.752683
Epoch 009 | Step 700 | lr=6.545085e-04 | loss=4.752601
Epoch 009 | Step 710 | lr=6.545085e-04 | loss=4.752689
Epoch 009 | Step 720 | lr=6.545085e-04 | loss=4.752684
Epoch 009 | Step 730 | lr=6.545085e-04 | loss=4.752561
Epoch 009 | Step 740 | lr=6.545085e-04 | loss=4.752584
Epoch 009 | Step 750 | lr=6.545085e-04 | loss=4.752518
Epoch 009 | Step 760 | lr=6.545085e-04 | loss=4.752580
Epoch 009 | Step 770 | lr=6.545085e-04 | loss=4.752606
Epoch 009 | Step 780 | lr=6.545085e-04 | loss=4.752501
Epoch 009 | Step 790 | lr=6.545085e-04 | loss=4.752636
Epoch 009 | Step 800 | lr=6.545085e-04 | loss=4.752669
Epoch 009 | Step 810 | lr=6.545085e-04 | loss=4.752659
Epoch 009 | Step 820 | lr=6.545085e-04 | loss=4.772852
Epoch 009 | Step 830 | lr=6.545085e-04 | loss=15.429782
Epoch 009 | Step 840 | lr=6.545085e-04 | loss=6.335809
Epoch 009 | Step 850 | lr=6.545085e-04 | loss=7.689172
Epoch 009 | Step 860 | lr=6.545085e-04 | loss=7.253728
Epoch 009 | Step 870 | lr=6.545085e-04 | loss=5.519868
Epoch 009 | Step 880 | lr=6.545085e-04 | loss=5.074798
Epoch 009 | Step 890 | lr=6.545085e-04 | loss=4.771036
Epoch 009 | Step 900 | lr=6.545085e-04 | loss=4.757721
Epoch 009 | Step 910 | lr=6.545085e-04 | loss=4.755581
Epoch 009 | Step 920 | lr=6.545085e-04 | loss=4.754632
Epoch 009 | Step 930 | lr=6.545085e-04 | loss=4.754255
Epoch 009 | Step 940 | lr=6.545085e-04 | loss=4.754103
Epoch 009 | Step 950 | lr=6.545085e-04 | loss=4.754041
Epoch 009 | Step 960 | lr=6.545085e-04 | loss=4.753963
epoch 009 | train_kld=4.925376 | val_kld=4.753440 | val_mae=0.014925 | val_mse=0.001646 | ord_acc@10=0.0567 | recall@10=0.4892
Epoch 010 | Step 10 | lr=5.782172e-04 | loss=4.753847
Epoch 010 | Step 20 | lr=5.782172e-04 | loss=4.753852
Epoch 010 | Step 30 | lr=5.782172e-04 | loss=4.753782
Epoch 010 | Step 40 | lr=5.782172e-04 | loss=4.753814
Epoch 010 | Step 50 | lr=5.782172e-04 | loss=4.753798
Epoch 010 | Step 60 | lr=5.782172e-04 | loss=4.753742
Epoch 010 | Step 70 | lr=5.782172e-04 | loss=4.753760
Epoch 010 | Step 80 | lr=5.782172e-04 | loss=4.753723
Epoch 010 | Step 90 | lr=5.782172e-04 | loss=4.753726
Epoch 010 | Step 100 | lr=5.782172e-04 | loss=4.753698
Epoch 010 | Step 110 | lr=5.782172e-04 | loss=4.753723
Epoch 010 | Step 120 | lr=5.782172e-04 | loss=4.753676
Epoch 010 | Step 130 | lr=5.782172e-04 | loss=4.753631
Epoch 010 | Step 140 | lr=5.782172e-04 | loss=4.753654
Epoch 010 | Step 150 | lr=5.782172e-04 | loss=4.753618
Epoch 010 | Step 160 | lr=5.782172e-04 | loss=4.753624
Epoch 010 | Step 170 | lr=5.782172e-04 | loss=4.753619
Epoch 010 | Step 180 | lr=5.782172e-04 | loss=4.753615
Epoch 010 | Step 190 | lr=5.782172e-04 | loss=4.753602
Epoch 010 | Step 200 | lr=5.782172e-04 | loss=4.753591
Epoch 010 | Step 210 | lr=5.782172e-04 | loss=4.753603
Epoch 010 | Step 220 | lr=5.782172e-04 | loss=4.753595
Epoch 010 | Step 230 | lr=5.782172e-04 | loss=4.753571
Epoch 010 | Step 240 | lr=5.782172e-04 | loss=4.753577
Epoch 010 | Step 250 | lr=5.782172e-04 | loss=4.753583
Epoch 010 | Step 260 | lr=5.782172e-04 | loss=4.753566
Epoch 010 | Step 270 | lr=5.782172e-04 | loss=4.753580
Epoch 010 | Step 280 | lr=5.782172e-04 | loss=4.753561
Epoch 010 | Step 290 | lr=5.782172e-04 | loss=4.753567
Epoch 010 | Step 300 | lr=5.782172e-04 | loss=4.753555
Epoch 010 | Step 310 | lr=5.782172e-04 | loss=4.753545
Epoch 010 | Step 320 | lr=5.782172e-04 | loss=4.753562
Epoch 010 | Step 330 | lr=5.782172e-04 | loss=4.753549
Epoch 010 | Step 340 | lr=5.782172e-04 | loss=4.753497
Epoch 010 | Step 350 | lr=5.782172e-04 | loss=4.753515
Epoch 010 | Step 360 | lr=5.782172e-04 | loss=4.753540
Epoch 010 | Step 370 | lr=5.782172e-04 | loss=4.753506
Epoch 010 | Step 380 | lr=5.782172e-04 | loss=4.753500
Epoch 010 | Step 390 | lr=5.782172e-04 | loss=4.753506
Epoch 010 | Step 400 | lr=5.782172e-04 | loss=4.753509
Epoch 010 | Step 410 | lr=5.782172e-04 | loss=4.753501
Epoch 010 | Step 420 | lr=5.782172e-04 | loss=4.753494
Epoch 010 | Step 430 | lr=5.782172e-04 | loss=4.753511
Epoch 010 | Step 440 | lr=5.782172e-04 | loss=4.753476
Epoch 010 | Step 450 | lr=5.782172e-04 | loss=4.753477
Epoch 010 | Step 460 | lr=5.782172e-04 | loss=4.753470
Epoch 010 | Step 470 | lr=5.782172e-04 | loss=4.753490
Epoch 010 | Step 480 | lr=5.782172e-04 | loss=4.753484
Epoch 010 | Step 490 | lr=5.782172e-04 | loss=4.753487
Epoch 010 | Step 500 | lr=5.782172e-04 | loss=4.753464
Epoch 010 | Step 510 | lr=5.782172e-04 | loss=4.753469
Epoch 010 | Step 520 | lr=5.782172e-04 | loss=4.753469
Epoch 010 | Step 530 | lr=5.782172e-04 | loss=4.753459
Epoch 010 | Step 540 | lr=5.782172e-04 | loss=4.753470
Epoch 010 | Step 550 | lr=5.782172e-04 | loss=4.753467
Epoch 010 | Step 560 | lr=5.782172e-04 | loss=4.753471
Epoch 010 | Step 570 | lr=5.782172e-04 | loss=4.753458
Epoch 010 | Step 580 | lr=5.782172e-04 | loss=4.753458
Epoch 010 | Step 590 | lr=5.782172e-04 | loss=4.753447
Epoch 010 | Step 600 | lr=5.782172e-04 | loss=4.753454
Epoch 010 | Step 610 | lr=5.782172e-04 | loss=4.753423
Epoch 010 | Step 620 | lr=5.782172e-04 | loss=4.753436
Epoch 010 | Step 630 | lr=5.782172e-04 | loss=4.753409
Epoch 010 | Step 640 | lr=5.782172e-04 | loss=4.753430
Epoch 010 | Step 650 | lr=5.782172e-04 | loss=4.753456
Epoch 010 | Step 660 | lr=5.782172e-04 | loss=4.753423
Epoch 010 | Step 670 | lr=5.782172e-04 | loss=4.753420
Epoch 010 | Step 680 | lr=5.782172e-04 | loss=4.753400
Epoch 010 | Step 690 | lr=5.782172e-04 | loss=4.753404
Epoch 010 | Step 700 | lr=5.782172e-04 | loss=4.753411
Epoch 010 | Step 710 | lr=5.782172e-04 | loss=4.753440
Epoch 010 | Step 720 | lr=5.782172e-04 | loss=4.753427
Epoch 010 | Step 730 | lr=5.782172e-04 | loss=4.753436
Epoch 010 | Step 740 | lr=5.782172e-04 | loss=4.753415
Epoch 010 | Step 750 | lr=5.782172e-04 | loss=4.753421
Epoch 010 | Step 760 | lr=5.782172e-04 | loss=4.753418
Epoch 010 | Step 770 | lr=5.782172e-04 | loss=4.753395
Epoch 010 | Step 780 | lr=5.782172e-04 | loss=4.753420
Epoch 010 | Step 790 | lr=5.782172e-04 | loss=4.753418
Epoch 010 | Step 800 | lr=5.782172e-04 | loss=4.753402
Epoch 010 | Step 810 | lr=5.782172e-04 | loss=4.753360
Epoch 010 | Step 820 | lr=5.782172e-04 | loss=4.753395
Epoch 010 | Step 830 | lr=5.782172e-04 | loss=4.753377
Epoch 010 | Step 840 | lr=5.782172e-04 | loss=4.753373
Epoch 010 | Step 850 | lr=5.782172e-04 | loss=4.753401
Epoch 010 | Step 860 | lr=5.782172e-04 | loss=4.753393
Epoch 010 | Step 870 | lr=5.782172e-04 | loss=4.753377
Epoch 010 | Step 880 | lr=5.782172e-04 | loss=4.753377
Epoch 010 | Step 890 | lr=5.782172e-04 | loss=4.753376
Epoch 010 | Step 900 | lr=5.782172e-04 | loss=4.753363
Epoch 010 | Step 910 | lr=5.782172e-04 | loss=4.753357
Epoch 010 | Step 920 | lr=5.782172e-04 | loss=4.753330
Epoch 010 | Step 930 | lr=5.782172e-04 | loss=4.753362
Epoch 010 | Step 940 | lr=5.782172e-04 | loss=4.753367
Epoch 010 | Step 950 | lr=5.782172e-04 | loss=4.753374
Epoch 010 | Step 960 | lr=5.782172e-04 | loss=4.753354
epoch 010 | train_kld=4.753513 | val_kld=4.753249 | val_mae=0.014877 | val_mse=0.001639 | ord_acc@10=0.1097 | recall@10=0.6786
Epoch 011 | Step 10 | lr=5.000000e-04 | loss=4.753360
Epoch 011 | Step 20 | lr=5.000000e-04 | loss=4.753355
Epoch 011 | Step 30 | lr=5.000000e-04 | loss=4.753349
Epoch 011 | Step 40 | lr=5.000000e-04 | loss=4.753366
Epoch 011 | Step 50 | lr=5.000000e-04 | loss=4.753361
Epoch 011 | Step 60 | lr=5.000000e-04 | loss=4.753359
Epoch 011 | Step 70 | lr=5.000000e-04 | loss=4.753376
Epoch 011 | Step 80 | lr=5.000000e-04 | loss=4.753337
Epoch 011 | Step 90 | lr=5.000000e-04 | loss=4.753339
Epoch 011 | Step 100 | lr=5.000000e-04 | loss=4.753368
Epoch 011 | Step 110 | lr=5.000000e-04 | loss=4.753331
Epoch 011 | Step 120 | lr=5.000000e-04 | loss=4.753342
Epoch 011 | Step 130 | lr=5.000000e-04 | loss=4.753324
Epoch 011 | Step 140 | lr=5.000000e-04 | loss=4.753324
Epoch 011 | Step 150 | lr=5.000000e-04 | loss=4.753347
Epoch 011 | Step 160 | lr=5.000000e-04 | loss=4.753327
Epoch 011 | Step 170 | lr=5.000000e-04 | loss=4.753313
Epoch 011 | Step 180 | lr=5.000000e-04 | loss=4.753336
Epoch 011 | Step 190 | lr=5.000000e-04 | loss=4.753338
Epoch 011 | Step 200 | lr=5.000000e-04 | loss=4.753324
Epoch 011 | Step 210 | lr=5.000000e-04 | loss=4.753309
Epoch 011 | Step 220 | lr=5.000000e-04 | loss=4.753318
Epoch 011 | Step 230 | lr=5.000000e-04 | loss=4.753325
Epoch 011 | Step 240 | lr=5.000000e-04 | loss=4.753308
Epoch 011 | Step 250 | lr=5.000000e-04 | loss=4.753325
Epoch 011 | Step 260 | lr=5.000000e-04 | loss=4.753315
Epoch 011 | Step 270 | lr=5.000000e-04 | loss=4.753308
Epoch 011 | Step 280 | lr=5.000000e-04 | loss=4.753263
Epoch 011 | Step 290 | lr=5.000000e-04 | loss=4.753323
Epoch 011 | Step 300 | lr=5.000000e-04 | loss=4.753332
Epoch 011 | Step 310 | lr=5.000000e-04 | loss=4.753296
Epoch 011 | Step 320 | lr=5.000000e-04 | loss=4.753312
Epoch 011 | Step 330 | lr=5.000000e-04 | loss=4.753310
Epoch 011 | Step 340 | lr=5.000000e-04 | loss=4.753290
Epoch 011 | Step 350 | lr=5.000000e-04 | loss=4.753291
Epoch 011 | Step 360 | lr=5.000000e-04 | loss=4.753294
Epoch 011 | Step 370 | lr=5.000000e-04 | loss=4.753277
Epoch 011 | Step 380 | lr=5.000000e-04 | loss=4.753287
Epoch 011 | Step 390 | lr=5.000000e-04 | loss=4.753314
Epoch 011 | Step 400 | lr=5.000000e-04 | loss=4.753296
Epoch 011 | Step 410 | lr=5.000000e-04 | loss=4.753289
Epoch 011 | Step 420 | lr=5.000000e-04 | loss=4.753275
Epoch 011 | Step 430 | lr=5.000000e-04 | loss=4.753285
Epoch 011 | Step 440 | lr=5.000000e-04 | loss=4.753276
Epoch 011 | Step 450 | lr=5.000000e-04 | loss=4.753283
Epoch 011 | Step 460 | lr=5.000000e-04 | loss=4.753246
Epoch 011 | Step 470 | lr=5.000000e-04 | loss=4.753291
Epoch 011 | Step 480 | lr=5.000000e-04 | loss=4.753266
Epoch 011 | Step 490 | lr=5.000000e-04 | loss=4.753278
Epoch 011 | Step 500 | lr=5.000000e-04 | loss=4.753255
Epoch 011 | Step 510 | lr=5.000000e-04 | loss=4.753268
Epoch 011 | Step 520 | lr=5.000000e-04 | loss=4.753284
Epoch 011 | Step 530 | lr=5.000000e-04 | loss=4.753273
Epoch 011 | Step 540 | lr=5.000000e-04 | loss=4.753276
Epoch 011 | Step 550 | lr=5.000000e-04 | loss=4.753257
Epoch 011 | Step 560 | lr=5.000000e-04 | loss=4.753268
Epoch 011 | Step 570 | lr=5.000000e-04 | loss=4.753231
Epoch 011 | Step 580 | lr=5.000000e-04 | loss=4.753276
Epoch 011 | Step 590 | lr=5.000000e-04 | loss=4.753235
Epoch 011 | Step 600 | lr=5.000000e-04 | loss=4.753225
Epoch 011 | Step 610 | lr=5.000000e-04 | loss=4.753241
Epoch 011 | Step 620 | lr=5.000000e-04 | loss=4.753246
Epoch 011 | Step 630 | lr=5.000000e-04 | loss=4.753238
Epoch 011 | Step 640 | lr=5.000000e-04 | loss=4.753213
Epoch 011 | Step 650 | lr=5.000000e-04 | loss=4.753232
Epoch 011 | Step 660 | lr=5.000000e-04 | loss=4.753179
Epoch 011 | Step 670 | lr=5.000000e-04 | loss=4.753216
Epoch 011 | Step 680 | lr=5.000000e-04 | loss=4.753175
Epoch 011 | Step 690 | lr=5.000000e-04 | loss=4.753254
Epoch 011 | Step 700 | lr=5.000000e-04 | loss=4.753222
Epoch 011 | Step 710 | lr=5.000000e-04 | loss=4.753216
Epoch 011 | Step 720 | lr=5.000000e-04 | loss=4.753211
Epoch 011 | Step 730 | lr=5.000000e-04 | loss=4.753198
Epoch 011 | Step 740 | lr=5.000000e-04 | loss=4.753185
Epoch 011 | Step 750 | lr=5.000000e-04 | loss=4.753211
Epoch 011 | Step 760 | lr=5.000000e-04 | loss=4.753212
Epoch 011 | Step 770 | lr=5.000000e-04 | loss=4.753179
Epoch 011 | Step 780 | lr=5.000000e-04 | loss=4.753203
Epoch 011 | Step 790 | lr=5.000000e-04 | loss=4.753198
Epoch 011 | Step 800 | lr=5.000000e-04 | loss=4.753181
Epoch 011 | Step 810 | lr=5.000000e-04 | loss=4.753191
Epoch 011 | Step 820 | lr=5.000000e-04 | loss=4.753191
Epoch 011 | Step 830 | lr=5.000000e-04 | loss=4.753182
Epoch 011 | Step 840 | lr=5.000000e-04 | loss=4.753157
Epoch 011 | Step 850 | lr=5.000000e-04 | loss=4.753181
Epoch 011 | Step 860 | lr=5.000000e-04 | loss=4.753116
Epoch 011 | Step 870 | lr=5.000000e-04 | loss=4.753133
Epoch 011 | Step 880 | lr=5.000000e-04 | loss=4.753197
Epoch 011 | Step 890 | lr=5.000000e-04 | loss=4.753138
Epoch 011 | Step 900 | lr=5.000000e-04 | loss=4.753147
Epoch 011 | Step 910 | lr=5.000000e-04 | loss=4.753149
Epoch 011 | Step 920 | lr=5.000000e-04 | loss=4.753197
Epoch 011 | Step 930 | lr=5.000000e-04 | loss=4.753120
Epoch 011 | Step 940 | lr=5.000000e-04 | loss=4.753144
Epoch 011 | Step 950 | lr=5.000000e-04 | loss=4.753108
Epoch 011 | Step 960 | lr=5.000000e-04 | loss=4.753153
epoch 011 | train_kld=4.753260 | val_kld=4.753015 | val_mae=0.014820 | val_mse=0.001626 | ord_acc@10=0.1420 | recall@10=0.7067
Epoch 012 | Step 10 | lr=4.217828e-04 | loss=4.753164
Epoch 012 | Step 20 | lr=4.217828e-04 | loss=4.753170
Epoch 012 | Step 30 | lr=4.217828e-04 | loss=4.753130
Epoch 012 | Step 40 | lr=4.217828e-04 | loss=4.753121
Epoch 012 | Step 50 | lr=4.217828e-04 | loss=4.753124
Epoch 012 | Step 60 | lr=4.217828e-04 | loss=4.753125
Epoch 012 | Step 70 | lr=4.217828e-04 | loss=4.753102
Epoch 012 | Step 80 | lr=4.217828e-04 | loss=4.753138
Epoch 012 | Step 90 | lr=4.217828e-04 | loss=4.753061
Epoch 012 | Step 100 | lr=4.217828e-04 | loss=4.753091
Epoch 012 | Step 110 | lr=4.217828e-04 | loss=4.753074
Epoch 012 | Step 120 | lr=4.217828e-04 | loss=4.753082
Epoch 012 | Step 130 | lr=4.217828e-04 | loss=4.753082
Epoch 012 | Step 140 | lr=4.217828e-04 | loss=4.753051
Epoch 012 | Step 150 | lr=4.217828e-04 | loss=4.753074
Epoch 012 | Step 160 | lr=4.217828e-04 | loss=4.753087
Epoch 012 | Step 170 | lr=4.217828e-04 | loss=4.753024
Epoch 012 | Step 180 | lr=4.217828e-04 | loss=4.753112
Epoch 012 | Step 190 | lr=4.217828e-04 | loss=4.753098
Epoch 012 | Step 200 | lr=4.217828e-04 | loss=4.753058
Epoch 012 | Step 210 | lr=4.217828e-04 | loss=4.753094
Epoch 012 | Step 220 | lr=4.217828e-04 | loss=4.753071
Epoch 012 | Step 230 | lr=4.217828e-04 | loss=4.753039
Epoch 012 | Step 240 | lr=4.217828e-04 | loss=4.753062
Epoch 012 | Step 250 | lr=4.217828e-04 | loss=4.753077
Epoch 012 | Step 260 | lr=4.217828e-04 | loss=4.753075
Epoch 012 | Step 270 | lr=4.217828e-04 | loss=4.752995
Epoch 012 | Step 280 | lr=4.217828e-04 | loss=4.753058
Epoch 012 | Step 290 | lr=4.217828e-04 | loss=4.753020
Epoch 012 | Step 300 | lr=4.217828e-04 | loss=4.753006
Epoch 012 | Step 310 | lr=4.217828e-04 | loss=4.753057
Epoch 012 | Step 320 | lr=4.217828e-04 | loss=4.753060
Epoch 012 | Step 330 | lr=4.217828e-04 | loss=4.752964
Epoch 012 | Step 340 | lr=4.217828e-04 | loss=4.753011
Epoch 012 | Step 350 | lr=4.217828e-04 | loss=4.752998
Epoch 012 | Step 360 | lr=4.217828e-04 | loss=4.752991
Epoch 012 | Step 370 | lr=4.217828e-04 | loss=4.753050
Epoch 012 | Step 380 | lr=4.217828e-04 | loss=4.752943
Epoch 012 | Step 390 | lr=4.217828e-04 | loss=4.753068
Epoch 012 | Step 400 | lr=4.217828e-04 | loss=4.753000
Epoch 012 | Step 410 | lr=4.217828e-04 | loss=4.753050
Epoch 012 | Step 420 | lr=4.217828e-04 | loss=4.753032
Epoch 012 | Step 430 | lr=4.217828e-04 | loss=4.753021
Epoch 012 | Step 440 | lr=4.217828e-04 | loss=4.752991
Epoch 012 | Step 450 | lr=4.217828e-04 | loss=4.752974
Epoch 012 | Step 460 | lr=4.217828e-04 | loss=4.753031
Epoch 012 | Step 470 | lr=4.217828e-04 | loss=4.752937
Epoch 012 | Step 480 | lr=4.217828e-04 | loss=4.753008
Epoch 012 | Step 490 | lr=4.217828e-04 | loss=4.753007
Epoch 012 | Step 500 | lr=4.217828e-04 | loss=4.753014
Epoch 012 | Step 510 | lr=4.217828e-04 | loss=4.752985
Epoch 012 | Step 520 | lr=4.217828e-04 | loss=4.752934
Epoch 012 | Step 530 | lr=4.217828e-04 | loss=4.752953
Epoch 012 | Step 540 | lr=4.217828e-04 | loss=4.752995
Epoch 012 | Step 550 | lr=4.217828e-04 | loss=4.753042
Epoch 012 | Step 560 | lr=4.217828e-04 | loss=4.752992
Epoch 012 | Step 570 | lr=4.217828e-04 | loss=4.752947
Epoch 012 | Step 580 | lr=4.217828e-04 | loss=4.752979
Epoch 012 | Step 590 | lr=4.217828e-04 | loss=4.752969
Epoch 012 | Step 600 | lr=4.217828e-04 | loss=4.752947
Epoch 012 | Step 610 | lr=4.217828e-04 | loss=4.752976
Epoch 012 | Step 620 | lr=4.217828e-04 | loss=4.752973
Epoch 012 | Step 630 | lr=4.217828e-04 | loss=4.752949
Epoch 012 | Step 640 | lr=4.217828e-04 | loss=4.752954
Epoch 012 | Step 650 | lr=4.217828e-04 | loss=4.752958
Epoch 012 | Step 660 | lr=4.217828e-04 | loss=4.752900
Epoch 012 | Step 670 | lr=4.217828e-04 | loss=4.752951
Epoch 012 | Step 680 | lr=4.217828e-04 | loss=4.752996
Epoch 012 | Step 690 | lr=4.217828e-04 | loss=4.752940
Epoch 012 | Step 700 | lr=4.217828e-04 | loss=4.752850
Epoch 012 | Step 710 | lr=4.217828e-04 | loss=4.752924
Epoch 012 | Step 720 | lr=4.217828e-04 | loss=4.752928
Epoch 012 | Step 730 | lr=4.217828e-04 | loss=4.752916
Epoch 012 | Step 740 | lr=4.217828e-04 | loss=4.753017
Epoch 012 | Step 750 | lr=4.217828e-04 | loss=4.752968
Epoch 012 | Step 760 | lr=4.217828e-04 | loss=4.752979
Epoch 012 | Step 770 | lr=4.217828e-04 | loss=4.752916
Epoch 012 | Step 780 | lr=4.217828e-04 | loss=4.752917
Epoch 012 | Step 790 | lr=4.217828e-04 | loss=4.752858
Epoch 012 | Step 800 | lr=4.217828e-04 | loss=4.752884
Epoch 012 | Step 810 | lr=4.217828e-04 | loss=4.752924
Epoch 012 | Step 820 | lr=4.217828e-04 | loss=4.752960
Epoch 012 | Step 830 | lr=4.217828e-04 | loss=4.752936
Epoch 012 | Step 840 | lr=4.217828e-04 | loss=4.752934
Epoch 012 | Step 850 | lr=4.217828e-04 | loss=4.752918
Epoch 012 | Step 860 | lr=4.217828e-04 | loss=4.752847
Epoch 012 | Step 870 | lr=4.217828e-04 | loss=4.752853
Epoch 012 | Step 880 | lr=4.217828e-04 | loss=4.752930
Epoch 012 | Step 890 | lr=4.217828e-04 | loss=4.752956
Epoch 012 | Step 900 | lr=4.217828e-04 | loss=4.752873
Epoch 012 | Step 910 | lr=4.217828e-04 | loss=4.752898
Epoch 012 | Step 920 | lr=4.217828e-04 | loss=4.752919
Epoch 012 | Step 930 | lr=4.217828e-04 | loss=4.752884
Epoch 012 | Step 940 | lr=4.217828e-04 | loss=4.752890
Epoch 012 | Step 950 | lr=4.217828e-04 | loss=4.752921
Epoch 012 | Step 960 | lr=4.217828e-04 | loss=4.752940
epoch 012 | train_kld=4.752994 | val_kld=4.752763 | val_mae=0.014785 | val_mse=0.001609 | ord_acc@10=0.1998 | recall@10=0.7321
Epoch 013 | Step 10 | lr=3.454915e-04 | loss=4.752895
Epoch 013 | Step 20 | lr=3.454915e-04 | loss=4.752927
Epoch 013 | Step 30 | lr=3.454915e-04 | loss=4.752758
Epoch 013 | Step 40 | lr=3.454915e-04 | loss=4.752905
Epoch 013 | Step 50 | lr=3.454915e-04 | loss=4.752898
Epoch 013 | Step 60 | lr=3.454915e-04 | loss=4.752840
Epoch 013 | Step 70 | lr=3.454915e-04 | loss=4.752891
Epoch 013 | Step 80 | lr=3.454915e-04 | loss=4.752828
Epoch 013 | Step 90 | lr=3.454915e-04 | loss=4.752868
Epoch 013 | Step 100 | lr=3.454915e-04 | loss=4.752845
Epoch 013 | Step 110 | lr=3.454915e-04 | loss=4.752844
Epoch 013 | Step 120 | lr=3.454915e-04 | loss=4.752870
Epoch 013 | Step 130 | lr=3.454915e-04 | loss=4.752882
Epoch 013 | Step 140 | lr=3.454915e-04 | loss=4.752879
Epoch 013 | Step 150 | lr=3.454915e-04 | loss=4.752872
Epoch 013 | Step 160 | lr=3.454915e-04 | loss=4.752860
Epoch 013 | Step 170 | lr=3.454915e-04 | loss=4.752797
Epoch 013 | Step 180 | lr=3.454915e-04 | loss=4.752899
Epoch 013 | Step 190 | lr=3.454915e-04 | loss=4.752911
Epoch 013 | Step 200 | lr=3.454915e-04 | loss=4.752827
Epoch 013 | Step 210 | lr=3.454915e-04 | loss=4.752858
Epoch 013 | Step 220 | lr=3.454915e-04 | loss=4.752948
Epoch 013 | Step 230 | lr=3.454915e-04 | loss=4.752799
Epoch 013 | Step 240 | lr=3.454915e-04 | loss=4.752827
Epoch 013 | Step 250 | lr=3.454915e-04 | loss=4.752879
Epoch 013 | Step 260 | lr=3.454915e-04 | loss=4.752827
Epoch 013 | Step 270 | lr=3.454915e-04 | loss=4.752900
Epoch 013 | Step 280 | lr=3.454915e-04 | loss=4.752851
Epoch 013 | Step 290 | lr=3.454915e-04 | loss=4.752799
Epoch 013 | Step 300 | lr=3.454915e-04 | loss=4.752747
Epoch 013 | Step 310 | lr=3.454915e-04 | loss=4.752799
Epoch 013 | Step 320 | lr=3.454915e-04 | loss=4.752779
Epoch 013 | Step 330 | lr=3.454915e-04 | loss=4.752798
Epoch 013 | Step 340 | lr=3.454915e-04 | loss=4.752750
Epoch 013 | Step 350 | lr=3.454915e-04 | loss=4.752850
Epoch 013 | Step 360 | lr=3.454915e-04 | loss=4.752826
Epoch 013 | Step 370 | lr=3.454915e-04 | loss=4.752797
Epoch 013 | Step 380 | lr=3.454915e-04 | loss=4.752841
Epoch 013 | Step 390 | lr=3.454915e-04 | loss=4.752900
Epoch 013 | Step 400 | lr=3.454915e-04 | loss=4.752929
Epoch 013 | Step 410 | lr=3.454915e-04 | loss=4.752869
Epoch 013 | Step 420 | lr=3.454915e-04 | loss=4.752843
Epoch 013 | Step 430 | lr=3.454915e-04 | loss=4.752774
Epoch 013 | Step 440 | lr=3.454915e-04 | loss=4.752755
Epoch 013 | Step 450 | lr=3.454915e-04 | loss=4.752801
Epoch 013 | Step 460 | lr=3.454915e-04 | loss=4.752872
Epoch 013 | Step 470 | lr=3.454915e-04 | loss=4.752810
Epoch 013 | Step 480 | lr=3.454915e-04 | loss=4.752851
Epoch 013 | Step 490 | lr=3.454915e-04 | loss=4.752840
Epoch 013 | Step 500 | lr=3.454915e-04 | loss=4.752815
Epoch 013 | Step 510 | lr=3.454915e-04 | loss=4.752734
Epoch 013 | Step 520 | lr=3.454915e-04 | loss=4.752794
Epoch 013 | Step 530 | lr=3.454915e-04 | loss=4.752857
Epoch 013 | Step 540 | lr=3.454915e-04 | loss=4.752833
Epoch 013 | Step 550 | lr=3.454915e-04 | loss=4.752819
Epoch 013 | Step 560 | lr=3.454915e-04 | loss=4.752829
Epoch 013 | Step 570 | lr=3.454915e-04 | loss=4.752794
Epoch 013 | Step 580 | lr=3.454915e-04 | loss=4.752833
Epoch 013 | Step 590 | lr=3.454915e-04 | loss=4.752774
Epoch 013 | Step 600 | lr=3.454915e-04 | loss=4.752909
Epoch 013 | Step 610 | lr=3.454915e-04 | loss=4.752814
Epoch 013 | Step 620 | lr=3.454915e-04 | loss=4.752790
Epoch 013 | Step 630 | lr=3.454915e-04 | loss=4.752818
Epoch 013 | Step 640 | lr=3.454915e-04 | loss=4.752680
Epoch 013 | Step 650 | lr=3.454915e-04 | loss=4.752828
Epoch 013 | Step 660 | lr=3.454915e-04 | loss=4.752753
Epoch 013 | Step 670 | lr=3.454915e-04 | loss=4.752849
Epoch 013 | Step 680 | lr=3.454915e-04 | loss=4.752751
Epoch 013 | Step 690 | lr=3.454915e-04 | loss=4.752847
Epoch 013 | Step 700 | lr=3.454915e-04 | loss=4.752766
Epoch 013 | Step 710 | lr=3.454915e-04 | loss=4.752789
Epoch 013 | Step 720 | lr=3.454915e-04 | loss=4.752759
Epoch 013 | Step 730 | lr=3.454915e-04 | loss=4.752851
Epoch 013 | Step 740 | lr=3.454915e-04 | loss=4.752736
Epoch 013 | Step 750 | lr=3.454915e-04 | loss=4.752836
Epoch 013 | Step 760 | lr=3.454915e-04 | loss=4.752750
Epoch 013 | Step 770 | lr=3.454915e-04 | loss=4.752733
Epoch 013 | Step 780 | lr=3.454915e-04 | loss=4.752829
Epoch 013 | Step 790 | lr=3.454915e-04 | loss=4.752779
Epoch 013 | Step 800 | lr=3.454915e-04 | loss=4.752800
Epoch 013 | Step 810 | lr=3.454915e-04 | loss=4.752734
Epoch 013 | Step 820 | lr=3.454915e-04 | loss=4.752864
Epoch 013 | Step 830 | lr=3.454915e-04 | loss=4.752742
Epoch 013 | Step 840 | lr=3.454915e-04 | loss=4.752822
Epoch 013 | Step 850 | lr=3.454915e-04 | loss=4.752732
Epoch 013 | Step 860 | lr=3.454915e-04 | loss=4.752889
Epoch 013 | Step 870 | lr=3.454915e-04 | loss=4.752761
Epoch 013 | Step 880 | lr=3.454915e-04 | loss=4.752789
Epoch 013 | Step 890 | lr=3.454915e-04 | loss=4.752752
Epoch 013 | Step 900 | lr=3.454915e-04 | loss=4.752778
Epoch 013 | Step 910 | lr=3.454915e-04 | loss=4.752797
Epoch 013 | Step 920 | lr=3.454915e-04 | loss=4.752825
Epoch 013 | Step 930 | lr=3.454915e-04 | loss=4.752804
Epoch 013 | Step 940 | lr=3.454915e-04 | loss=4.752769
Epoch 013 | Step 950 | lr=3.454915e-04 | loss=4.752738
Epoch 013 | Step 960 | lr=3.454915e-04 | loss=4.752838
epoch 013 | train_kld=4.752820 | val_kld=4.752672 | val_mae=0.014790 | val_mse=0.001603 | ord_acc@10=0.2262 | recall@10=0.7476
Epoch 014 | Step 10 | lr=2.730048e-04 | loss=4.752765
Epoch 014 | Step 20 | lr=2.730048e-04 | loss=4.752825
Epoch 014 | Step 30 | lr=2.730048e-04 | loss=4.752836
Epoch 014 | Step 40 | lr=2.730048e-04 | loss=4.752753
Epoch 014 | Step 50 | lr=2.730048e-04 | loss=4.752805
Epoch 014 | Step 60 | lr=2.730048e-04 | loss=4.752865
Epoch 014 | Step 70 | lr=2.730048e-04 | loss=4.752754
Epoch 014 | Step 80 | lr=2.730048e-04 | loss=4.752753
Epoch 014 | Step 90 | lr=2.730048e-04 | loss=4.752738
Epoch 014 | Step 100 | lr=2.730048e-04 | loss=4.752752
Epoch 014 | Step 110 | lr=2.730048e-04 | loss=4.752784
Epoch 014 | Step 120 | lr=2.730048e-04 | loss=4.752769
Epoch 014 | Step 130 | lr=2.730048e-04 | loss=4.752830
Epoch 014 | Step 140 | lr=2.730048e-04 | loss=4.752717
Epoch 014 | Step 150 | lr=2.730048e-04 | loss=4.752715
Epoch 014 | Step 160 | lr=2.730048e-04 | loss=4.752789
Epoch 014 | Step 170 | lr=2.730048e-04 | loss=4.752747
Epoch 014 | Step 180 | lr=2.730048e-04 | loss=4.752709
Epoch 014 | Step 190 | lr=2.730048e-04 | loss=4.752744
Epoch 014 | Step 200 | lr=2.730048e-04 | loss=4.752703
Epoch 014 | Step 210 | lr=2.730048e-04 | loss=4.752776
Epoch 014 | Step 220 | lr=2.730048e-04 | loss=4.752741
Epoch 014 | Step 230 | lr=2.730048e-04 | loss=4.752821
Epoch 014 | Step 240 | lr=2.730048e-04 | loss=4.752711
Epoch 014 | Step 250 | lr=2.730048e-04 | loss=4.752696
Epoch 014 | Step 260 | lr=2.730048e-04 | loss=4.752754
Epoch 014 | Step 270 | lr=2.730048e-04 | loss=4.752657
Epoch 014 | Step 280 | lr=2.730048e-04 | loss=4.752762
Epoch 014 | Step 290 | lr=2.730048e-04 | loss=4.752763
Epoch 014 | Step 300 | lr=2.730048e-04 | loss=4.752803
Epoch 014 | Step 310 | lr=2.730048e-04 | loss=4.752676
Epoch 014 | Step 320 | lr=2.730048e-04 | loss=4.752786
Epoch 014 | Step 330 | lr=2.730048e-04 | loss=4.752769
Epoch 014 | Step 340 | lr=2.730048e-04 | loss=4.752688
Epoch 014 | Step 350 | lr=2.730048e-04 | loss=4.752686
Epoch 014 | Step 360 | lr=2.730048e-04 | loss=4.752754
Epoch 014 | Step 370 | lr=2.730048e-04 | loss=4.752769
Epoch 014 | Step 380 | lr=2.730048e-04 | loss=4.752764
Epoch 014 | Step 390 | lr=2.730048e-04 | loss=4.752728
Epoch 014 | Step 400 | lr=2.730048e-04 | loss=4.752723
Epoch 014 | Step 410 | lr=2.730048e-04 | loss=4.752700
Epoch 014 | Step 420 | lr=2.730048e-04 | loss=4.752817
Epoch 014 | Step 430 | lr=2.730048e-04 | loss=4.752740
Epoch 014 | Step 440 | lr=2.730048e-04 | loss=4.752765
Epoch 014 | Step 450 | lr=2.730048e-04 | loss=4.752799
Epoch 014 | Step 460 | lr=2.730048e-04 | loss=4.752767
Epoch 014 | Step 470 | lr=2.730048e-04 | loss=4.752797
Epoch 014 | Step 480 | lr=2.730048e-04 | loss=4.752755
Epoch 014 | Step 490 | lr=2.730048e-04 | loss=4.752801
Epoch 014 | Step 500 | lr=2.730048e-04 | loss=4.752802
Epoch 014 | Step 510 | lr=2.730048e-04 | loss=4.752812
Epoch 014 | Step 520 | lr=2.730048e-04 | loss=4.752775
Epoch 014 | Step 530 | lr=2.730048e-04 | loss=4.752732
Epoch 014 | Step 540 | lr=2.730048e-04 | loss=4.752775
Epoch 014 | Step 550 | lr=2.730048e-04 | loss=4.752744
Epoch 014 | Step 560 | lr=2.730048e-04 | loss=4.752741
Epoch 014 | Step 570 | lr=2.730048e-04 | loss=4.752806
Epoch 014 | Step 580 | lr=2.730048e-04 | loss=4.752754
Epoch 014 | Step 590 | lr=2.730048e-04 | loss=4.752792
Epoch 014 | Step 600 | lr=2.730048e-04 | loss=4.752740
Epoch 014 | Step 610 | lr=2.730048e-04 | loss=4.752783
Epoch 014 | Step 620 | lr=2.730048e-04 | loss=4.752720
Epoch 014 | Step 630 | lr=2.730048e-04 | loss=4.752754
Epoch 014 | Step 640 | lr=2.730048e-04 | loss=4.752743
Epoch 014 | Step 650 | lr=2.730048e-04 | loss=4.752743
Epoch 014 | Step 660 | lr=2.730048e-04 | loss=4.752644
Epoch 014 | Step 670 | lr=2.730048e-04 | loss=4.752749
Epoch 014 | Step 680 | lr=2.730048e-04 | loss=4.752798
Epoch 014 | Step 690 | lr=2.730048e-04 | loss=4.752674
Epoch 014 | Step 700 | lr=2.730048e-04 | loss=4.752650
Epoch 014 | Step 710 | lr=2.730048e-04 | loss=4.752755
Epoch 014 | Step 720 | lr=2.730048e-04 | loss=4.752774
Epoch 014 | Step 730 | lr=2.730048e-04 | loss=4.752695
Epoch 014 | Step 740 | lr=2.730048e-04 | loss=4.752713
Epoch 014 | Step 750 | lr=2.730048e-04 | loss=4.752756
Epoch 014 | Step 760 | lr=2.730048e-04 | loss=4.752656
Epoch 014 | Step 770 | lr=2.730048e-04 | loss=4.752647
Epoch 014 | Step 780 | lr=2.730048e-04 | loss=4.752740
Epoch 014 | Step 790 | lr=2.730048e-04 | loss=4.752725
Epoch 014 | Step 800 | lr=2.730048e-04 | loss=4.752717
Epoch 014 | Step 810 | lr=2.730048e-04 | loss=4.752683
Epoch 014 | Step 820 | lr=2.730048e-04 | loss=4.752657
Epoch 014 | Step 830 | lr=2.730048e-04 | loss=4.752721
Epoch 014 | Step 840 | lr=2.730048e-04 | loss=4.752804
Epoch 014 | Step 850 | lr=2.730048e-04 | loss=4.752615
Epoch 014 | Step 860 | lr=2.730048e-04 | loss=4.752691
Epoch 014 | Step 870 | lr=2.730048e-04 | loss=4.752700
Epoch 014 | Step 880 | lr=2.730048e-04 | loss=4.752680
Epoch 014 | Step 890 | lr=2.730048e-04 | loss=4.752687
Epoch 014 | Step 900 | lr=2.730048e-04 | loss=4.752747
Epoch 014 | Step 910 | lr=2.730048e-04 | loss=4.752666
Epoch 014 | Step 920 | lr=2.730048e-04 | loss=4.752691
Epoch 014 | Step 930 | lr=2.730048e-04 | loss=4.752664
Epoch 014 | Step 940 | lr=2.730048e-04 | loss=4.752748
Epoch 014 | Step 950 | lr=2.730048e-04 | loss=4.752735
Epoch 014 | Step 960 | lr=2.730048e-04 | loss=4.752724
epoch 014 | train_kld=4.752738 | val_kld=4.752640 | val_mae=0.014781 | val_mse=0.001600 | ord_acc@10=0.2346 | recall@10=0.7567
Epoch 015 | Step 10 | lr=2.061074e-04 | loss=4.752600
Epoch 015 | Step 20 | lr=2.061074e-04 | loss=4.752742
Epoch 015 | Step 30 | lr=2.061074e-04 | loss=4.752745
Epoch 015 | Step 40 | lr=2.061074e-04 | loss=4.752740
Epoch 015 | Step 50 | lr=2.061074e-04 | loss=4.752671
Epoch 015 | Step 60 | lr=2.061074e-04 | loss=4.752699
Epoch 015 | Step 70 | lr=2.061074e-04 | loss=4.752672
Epoch 015 | Step 80 | lr=2.061074e-04 | loss=4.752755
Epoch 015 | Step 90 | lr=2.061074e-04 | loss=4.752803
Epoch 015 | Step 100 | lr=2.061074e-04 | loss=4.752751
Epoch 015 | Step 110 | lr=2.061074e-04 | loss=4.752584
Epoch 015 | Step 120 | lr=2.061074e-04 | loss=4.752691
Epoch 015 | Step 130 | lr=2.061074e-04 | loss=4.752686
Epoch 015 | Step 140 | lr=2.061074e-04 | loss=4.752658
Epoch 015 | Step 150 | lr=2.061074e-04 | loss=4.752642
Epoch 015 | Step 160 | lr=2.061074e-04 | loss=4.752763
Epoch 015 | Step 170 | lr=2.061074e-04 | loss=4.752710
Epoch 015 | Step 180 | lr=2.061074e-04 | loss=4.752735
Epoch 015 | Step 190 | lr=2.061074e-04 | loss=4.752737
Epoch 015 | Step 200 | lr=2.061074e-04 | loss=4.752639
Epoch 015 | Step 210 | lr=2.061074e-04 | loss=4.752672
Epoch 015 | Step 220 | lr=2.061074e-04 | loss=4.752713
Epoch 015 | Step 230 | lr=2.061074e-04 | loss=4.752673
Epoch 015 | Step 240 | lr=2.061074e-04 | loss=4.752668
Epoch 015 | Step 250 | lr=2.061074e-04 | loss=4.752661
Epoch 015 | Step 260 | lr=2.061074e-04 | loss=4.752665
Epoch 015 | Step 270 | lr=2.061074e-04 | loss=4.752709
Epoch 015 | Step 280 | lr=2.061074e-04 | loss=4.752759
Epoch 015 | Step 290 | lr=2.061074e-04 | loss=4.752662
Epoch 015 | Step 300 | lr=2.061074e-04 | loss=4.752707
Epoch 015 | Step 310 | lr=2.061074e-04 | loss=4.752764
Epoch 015 | Step 320 | lr=2.061074e-04 | loss=4.752682
Epoch 015 | Step 330 | lr=2.061074e-04 | loss=4.752634
Epoch 015 | Step 340 | lr=2.061074e-04 | loss=4.752672
Epoch 015 | Step 350 | lr=2.061074e-04 | loss=4.752743
Epoch 015 | Step 360 | lr=2.061074e-04 | loss=4.752710
Epoch 015 | Step 370 | lr=2.061074e-04 | loss=4.752606
Epoch 015 | Step 380 | lr=2.061074e-04 | loss=4.752717
Epoch 015 | Step 390 | lr=2.061074e-04 | loss=4.752794
Epoch 015 | Step 400 | lr=2.061074e-04 | loss=4.752788
Epoch 015 | Step 410 | lr=2.061074e-04 | loss=4.752742
Epoch 015 | Step 420 | lr=2.061074e-04 | loss=4.752643
Epoch 015 | Step 430 | lr=2.061074e-04 | loss=4.752748
Epoch 015 | Step 440 | lr=2.061074e-04 | loss=4.752726
Epoch 015 | Step 450 | lr=2.061074e-04 | loss=4.752750
Epoch 015 | Step 460 | lr=2.061074e-04 | loss=4.752698
Epoch 015 | Step 470 | lr=2.061074e-04 | loss=4.752729
Epoch 015 | Step 480 | lr=2.061074e-04 | loss=4.752600
Epoch 015 | Step 490 | lr=2.061074e-04 | loss=4.752653
Epoch 015 | Step 500 | lr=2.061074e-04 | loss=4.752665
Epoch 015 | Step 510 | lr=2.061074e-04 | loss=4.752748
Epoch 015 | Step 520 | lr=2.061074e-04 | loss=4.752707
Epoch 015 | Step 530 | lr=2.061074e-04 | loss=4.752630
Epoch 015 | Step 540 | lr=2.061074e-04 | loss=4.752689
Epoch 015 | Step 550 | lr=2.061074e-04 | loss=4.752759
Epoch 015 | Step 560 | lr=2.061074e-04 | loss=4.752724
Epoch 015 | Step 570 | lr=2.061074e-04 | loss=4.752635
Epoch 015 | Step 580 | lr=2.061074e-04 | loss=4.752672
Epoch 015 | Step 590 | lr=2.061074e-04 | loss=4.752662
Epoch 015 | Step 600 | lr=2.061074e-04 | loss=4.752707
Epoch 015 | Step 610 | lr=2.061074e-04 | loss=4.752697
Epoch 015 | Step 620 | lr=2.061074e-04 | loss=4.752625
Epoch 015 | Step 630 | lr=2.061074e-04 | loss=4.752732
Epoch 015 | Step 640 | lr=2.061074e-04 | loss=4.752773
Epoch 015 | Step 650 | lr=2.061074e-04 | loss=4.752654
Epoch 015 | Step 660 | lr=2.061074e-04 | loss=4.752749
Epoch 015 | Step 670 | lr=2.061074e-04 | loss=4.752774
Epoch 015 | Step 680 | lr=2.061074e-04 | loss=4.752635
Epoch 015 | Step 690 | lr=2.061074e-04 | loss=4.752659
Epoch 015 | Step 700 | lr=2.061074e-04 | loss=4.752763
Epoch 015 | Step 710 | lr=2.061074e-04 | loss=4.752642
Epoch 015 | Step 720 | lr=2.061074e-04 | loss=4.752750
Epoch 015 | Step 730 | lr=2.061074e-04 | loss=4.752689
Epoch 015 | Step 740 | lr=2.061074e-04 | loss=4.752712
Epoch 015 | Step 750 | lr=2.061074e-04 | loss=4.752748
Epoch 015 | Step 760 | lr=2.061074e-04 | loss=4.752725
Epoch 015 | Step 770 | lr=2.061074e-04 | loss=4.752636
Epoch 015 | Step 780 | lr=2.061074e-04 | loss=4.752697
Epoch 015 | Step 790 | lr=2.061074e-04 | loss=4.752666
Epoch 015 | Step 800 | lr=2.061074e-04 | loss=4.752598
Epoch 015 | Step 810 | lr=2.061074e-04 | loss=4.752563
Epoch 015 | Step 820 | lr=2.061074e-04 | loss=4.752664
Epoch 015 | Step 830 | lr=2.061074e-04 | loss=4.752663
Epoch 015 | Step 840 | lr=2.061074e-04 | loss=4.752628
Epoch 015 | Step 850 | lr=2.061074e-04 | loss=4.752676
Epoch 015 | Step 860 | lr=2.061074e-04 | loss=4.752658
Epoch 015 | Step 870 | lr=2.061074e-04 | loss=4.752790
Epoch 015 | Step 880 | lr=2.061074e-04 | loss=4.752642
Epoch 015 | Step 890 | lr=2.061074e-04 | loss=4.752670
Epoch 015 | Step 900 | lr=2.061074e-04 | loss=4.752709
Epoch 015 | Step 910 | lr=2.061074e-04 | loss=4.752714
Epoch 015 | Step 920 | lr=2.061074e-04 | loss=4.752667
Epoch 015 | Step 930 | lr=2.061074e-04 | loss=4.752666
Epoch 015 | Step 940 | lr=2.061074e-04 | loss=4.752599
Epoch 015 | Step 950 | lr=2.061074e-04 | loss=4.752693
Epoch 015 | Step 960 | lr=2.061074e-04 | loss=4.752611
epoch 015 | train_kld=4.752694 | val_kld=4.752615 | val_mae=0.014789 | val_mse=0.001602 | ord_acc@10=0.2508 | recall@10=0.7657
Epoch 016 | Step 10 | lr=1.464466e-04 | loss=4.752742
Epoch 016 | Step 20 | lr=1.464466e-04 | loss=4.752719
Epoch 016 | Step 30 | lr=1.464466e-04 | loss=4.752761
Epoch 016 | Step 40 | lr=1.464466e-04 | loss=4.752654
Epoch 016 | Step 50 | lr=1.464466e-04 | loss=4.752702
Epoch 016 | Step 60 | lr=1.464466e-04 | loss=4.752695
Epoch 016 | Step 70 | lr=1.464466e-04 | loss=4.752748
Epoch 016 | Step 80 | lr=1.464466e-04 | loss=4.752676
Epoch 016 | Step 90 | lr=1.464466e-04 | loss=4.752701
Epoch 016 | Step 100 | lr=1.464466e-04 | loss=4.752705
Epoch 016 | Step 110 | lr=1.464466e-04 | loss=4.752709
Epoch 016 | Step 120 | lr=1.464466e-04 | loss=4.752761
Epoch 016 | Step 130 | lr=1.464466e-04 | loss=4.752687
Epoch 016 | Step 140 | lr=1.464466e-04 | loss=4.752676
Epoch 016 | Step 150 | lr=1.464466e-04 | loss=4.752641
Epoch 016 | Step 160 | lr=1.464466e-04 | loss=4.752680
Epoch 016 | Step 170 | lr=1.464466e-04 | loss=4.752682
Epoch 016 | Step 180 | lr=1.464466e-04 | loss=4.752579
Epoch 016 | Step 190 | lr=1.464466e-04 | loss=4.752654
Epoch 016 | Step 200 | lr=1.464466e-04 | loss=4.752696
Epoch 016 | Step 210 | lr=1.464466e-04 | loss=4.752708
Epoch 016 | Step 220 | lr=1.464466e-04 | loss=4.752652
Epoch 016 | Step 230 | lr=1.464466e-04 | loss=4.752548
Epoch 016 | Step 240 | lr=1.464466e-04 | loss=4.752629
Epoch 016 | Step 250 | lr=1.464466e-04 | loss=4.752656
Epoch 016 | Step 260 | lr=1.464466e-04 | loss=4.752743
Epoch 016 | Step 270 | lr=1.464466e-04 | loss=4.752634
Epoch 016 | Step 280 | lr=1.464466e-04 | loss=4.752676
Epoch 016 | Step 290 | lr=1.464466e-04 | loss=4.752700
Epoch 016 | Step 300 | lr=1.464466e-04 | loss=4.752663
Epoch 016 | Step 310 | lr=1.464466e-04 | loss=4.752656
Epoch 016 | Step 320 | lr=1.464466e-04 | loss=4.752640
Epoch 016 | Step 330 | lr=1.464466e-04 | loss=4.752618
Epoch 016 | Step 340 | lr=1.464466e-04 | loss=4.752697
Epoch 016 | Step 350 | lr=1.464466e-04 | loss=4.752605
Epoch 016 | Step 360 | lr=1.464466e-04 | loss=4.752676
Epoch 016 | Step 370 | lr=1.464466e-04 | loss=4.752720
Epoch 016 | Step 380 | lr=1.464466e-04 | loss=4.752634
Epoch 016 | Step 390 | lr=1.464466e-04 | loss=4.752641
Epoch 016 | Step 400 | lr=1.464466e-04 | loss=4.752690
Epoch 016 | Step 410 | lr=1.464466e-04 | loss=4.752631
Epoch 016 | Step 420 | lr=1.464466e-04 | loss=4.752747
Epoch 016 | Step 430 | lr=1.464466e-04 | loss=4.752644
Epoch 016 | Step 440 | lr=1.464466e-04 | loss=4.752691
Epoch 016 | Step 450 | lr=1.464466e-04 | loss=4.752577
Epoch 016 | Step 460 | lr=1.464466e-04 | loss=4.752626
Epoch 016 | Step 470 | lr=1.464466e-04 | loss=4.752705
Epoch 016 | Step 480 | lr=1.464466e-04 | loss=4.752699
Epoch 016 | Step 490 | lr=1.464466e-04 | loss=4.752683
Epoch 016 | Step 500 | lr=1.464466e-04 | loss=4.752683
Epoch 016 | Step 510 | lr=1.464466e-04 | loss=4.752655
Epoch 016 | Step 520 | lr=1.464466e-04 | loss=4.752639
Epoch 016 | Step 530 | lr=1.464466e-04 | loss=4.752694
Epoch 016 | Step 540 | lr=1.464466e-04 | loss=4.752625
Epoch 016 | Step 550 | lr=1.464466e-04 | loss=4.752625
Epoch 016 | Step 560 | lr=1.464466e-04 | loss=4.752702
Epoch 016 | Step 570 | lr=1.464466e-04 | loss=4.752676
Epoch 016 | Step 580 | lr=1.464466e-04 | loss=4.752686
Epoch 016 | Step 590 | lr=1.464466e-04 | loss=4.752646
Epoch 016 | Step 600 | lr=1.464466e-04 | loss=4.752658
Epoch 016 | Step 610 | lr=1.464466e-04 | loss=4.752684
Epoch 016 | Step 620 | lr=1.464466e-04 | loss=4.752684
Epoch 016 | Step 630 | lr=1.464466e-04 | loss=4.752620
Epoch 016 | Step 640 | lr=1.464466e-04 | loss=4.752733
Epoch 016 | Step 650 | lr=1.464466e-04 | loss=4.752589
Epoch 016 | Step 660 | lr=1.464466e-04 | loss=4.752642
Epoch 016 | Step 670 | lr=1.464466e-04 | loss=4.752600
Epoch 016 | Step 680 | lr=1.464466e-04 | loss=4.752688
Epoch 016 | Step 690 | lr=1.464466e-04 | loss=4.752687
Epoch 016 | Step 700 | lr=1.464466e-04 | loss=4.752609
Epoch 016 | Step 710 | lr=1.464466e-04 | loss=4.752678
Epoch 016 | Step 720 | lr=1.464466e-04 | loss=4.752595
Epoch 016 | Step 730 | lr=1.464466e-04 | loss=4.752688
Epoch 016 | Step 740 | lr=1.464466e-04 | loss=4.752509
Epoch 016 | Step 750 | lr=1.464466e-04 | loss=4.752765
Epoch 016 | Step 760 | lr=1.464466e-04 | loss=4.752623
Epoch 016 | Step 770 | lr=1.464466e-04 | loss=4.752577
Epoch 016 | Step 780 | lr=1.464466e-04 | loss=4.752687
Epoch 016 | Step 790 | lr=1.464466e-04 | loss=4.752634
Epoch 016 | Step 800 | lr=1.464466e-04 | loss=4.752673
Epoch 016 | Step 810 | lr=1.464466e-04 | loss=4.752716
Epoch 016 | Step 820 | lr=1.464466e-04 | loss=4.752680
Epoch 016 | Step 830 | lr=1.464466e-04 | loss=4.752686
Epoch 016 | Step 840 | lr=1.464466e-04 | loss=4.752716
Epoch 016 | Step 850 | lr=1.464466e-04 | loss=4.752740
Epoch 016 | Step 860 | lr=1.464466e-04 | loss=4.752666
Epoch 016 | Step 870 | lr=1.464466e-04 | loss=4.752700
Epoch 016 | Step 880 | lr=1.464466e-04 | loss=4.752743
Epoch 016 | Step 890 | lr=1.464466e-04 | loss=4.752730
Epoch 016 | Step 900 | lr=1.464466e-04 | loss=4.752645
Epoch 016 | Step 910 | lr=1.464466e-04 | loss=4.752641
Epoch 016 | Step 920 | lr=1.464466e-04 | loss=4.752673
Epoch 016 | Step 930 | lr=1.464466e-04 | loss=4.752697
Epoch 016 | Step 940 | lr=1.464466e-04 | loss=4.752662
Epoch 016 | Step 950 | lr=1.464466e-04 | loss=4.752678
Epoch 016 | Step 960 | lr=1.464466e-04 | loss=4.752598
epoch 016 | train_kld=4.752669 | val_kld=4.752611 | val_mae=0.014786 | val_mse=0.001600 | ord_acc@10=0.2508 | recall@10=0.7713
Epoch 017 | Step 10 | lr=9.549150e-05 | loss=4.752669
Epoch 017 | Step 20 | lr=9.549150e-05 | loss=4.752587
Epoch 017 | Step 30 | lr=9.549150e-05 | loss=4.752614
Epoch 017 | Step 40 | lr=9.549150e-05 | loss=4.752655
Epoch 017 | Step 50 | lr=9.549150e-05 | loss=4.752659
Epoch 017 | Step 60 | lr=9.549150e-05 | loss=4.752681
Epoch 017 | Step 70 | lr=9.549150e-05 | loss=4.752651
Epoch 017 | Step 80 | lr=9.549150e-05 | loss=4.752612
Epoch 017 | Step 90 | lr=9.549150e-05 | loss=4.752621
Epoch 017 | Step 100 | lr=9.549150e-05 | loss=4.752649
Epoch 017 | Step 110 | lr=9.549150e-05 | loss=4.752690
Epoch 017 | Step 120 | lr=9.549150e-05 | loss=4.752682
Epoch 017 | Step 130 | lr=9.549150e-05 | loss=4.752657
Epoch 017 | Step 140 | lr=9.549150e-05 | loss=4.752602
Epoch 017 | Step 150 | lr=9.549150e-05 | loss=4.752634
Epoch 017 | Step 160 | lr=9.549150e-05 | loss=4.752664
Epoch 017 | Step 170 | lr=9.549150e-05 | loss=4.752608
Epoch 017 | Step 180 | lr=9.549150e-05 | loss=4.752712
Epoch 017 | Step 190 | lr=9.549150e-05 | loss=4.752655
Epoch 017 | Step 200 | lr=9.549150e-05 | loss=4.752674
Epoch 017 | Step 210 | lr=9.549150e-05 | loss=4.752631
Epoch 017 | Step 220 | lr=9.549150e-05 | loss=4.752647
Epoch 017 | Step 230 | lr=9.549150e-05 | loss=4.752687
Epoch 017 | Step 240 | lr=9.549150e-05 | loss=4.752576
Epoch 017 | Step 250 | lr=9.549150e-05 | loss=4.752714
Epoch 017 | Step 260 | lr=9.549150e-05 | loss=4.752809
Epoch 017 | Step 270 | lr=9.549150e-05 | loss=4.752610
Epoch 017 | Step 280 | lr=9.549150e-05 | loss=4.752624
Epoch 017 | Step 290 | lr=9.549150e-05 | loss=4.752613
Epoch 017 | Step 300 | lr=9.549150e-05 | loss=4.752693
Epoch 017 | Step 310 | lr=9.549150e-05 | loss=4.752614
Epoch 017 | Step 320 | lr=9.549150e-05 | loss=4.752658
Epoch 017 | Step 330 | lr=9.549150e-05 | loss=4.752600
Epoch 017 | Step 340 | lr=9.549150e-05 | loss=4.752768
Epoch 017 | Step 350 | lr=9.549150e-05 | loss=4.752604
Epoch 017 | Step 360 | lr=9.549150e-05 | loss=4.752666
Epoch 017 | Step 370 | lr=9.549150e-05 | loss=4.752680
Epoch 017 | Step 380 | lr=9.549150e-05 | loss=4.752653
Epoch 017 | Step 390 | lr=9.549150e-05 | loss=4.752584
Epoch 017 | Step 400 | lr=9.549150e-05 | loss=4.752620
Epoch 017 | Step 410 | lr=9.549150e-05 | loss=4.752674
Epoch 017 | Step 420 | lr=9.549150e-05 | loss=4.752477
Epoch 017 | Step 430 | lr=9.549150e-05 | loss=4.752679
Epoch 017 | Step 440 | lr=9.549150e-05 | loss=4.752631
Epoch 017 | Step 450 | lr=9.549150e-05 | loss=4.752666
Epoch 017 | Step 460 | lr=9.549150e-05 | loss=4.752621
Epoch 017 | Step 470 | lr=9.549150e-05 | loss=4.752537
Epoch 017 | Step 480 | lr=9.549150e-05 | loss=4.752626
Epoch 017 | Step 490 | lr=9.549150e-05 | loss=4.752701
Epoch 017 | Step 500 | lr=9.549150e-05 | loss=4.752583
Epoch 017 | Step 510 | lr=9.549150e-05 | loss=4.752691
Epoch 017 | Step 520 | lr=9.549150e-05 | loss=4.752672
Epoch 017 | Step 530 | lr=9.549150e-05 | loss=4.752718
Epoch 017 | Step 540 | lr=9.549150e-05 | loss=4.752668
Epoch 017 | Step 550 | lr=9.549150e-05 | loss=4.752646
Epoch 017 | Step 560 | lr=9.549150e-05 | loss=4.752699
Epoch 017 | Step 570 | lr=9.549150e-05 | loss=4.752621
Epoch 017 | Step 580 | lr=9.549150e-05 | loss=4.752619
Epoch 017 | Step 590 | lr=9.549150e-05 | loss=4.752587
Epoch 017 | Step 600 | lr=9.549150e-05 | loss=4.752648
Epoch 017 | Step 610 | lr=9.549150e-05 | loss=4.752563
Epoch 017 | Step 620 | lr=9.549150e-05 | loss=4.752693
Epoch 017 | Step 630 | lr=9.549150e-05 | loss=4.752640
Epoch 017 | Step 640 | lr=9.549150e-05 | loss=4.752623
Epoch 017 | Step 650 | lr=9.549150e-05 | loss=4.752649
Epoch 017 | Step 660 | lr=9.549150e-05 | loss=4.752681
Epoch 017 | Step 670 | lr=9.549150e-05 | loss=4.752622
Epoch 017 | Step 680 | lr=9.549150e-05 | loss=4.752661
Epoch 017 | Step 690 | lr=9.549150e-05 | loss=4.752635
Epoch 017 | Step 700 | lr=9.549150e-05 | loss=4.752649
Epoch 017 | Step 710 | lr=9.549150e-05 | loss=4.752645
Epoch 017 | Step 720 | lr=9.549150e-05 | loss=4.752694
Epoch 017 | Step 730 | lr=9.549150e-05 | loss=4.752666
Epoch 017 | Step 740 | lr=9.549150e-05 | loss=4.752653
Epoch 017 | Step 750 | lr=9.549150e-05 | loss=4.752782
Epoch 017 | Step 760 | lr=9.549150e-05 | loss=4.752667
Epoch 017 | Step 770 | lr=9.549150e-05 | loss=4.752577
Epoch 017 | Step 780 | lr=9.549150e-05 | loss=4.752707
Epoch 017 | Step 790 | lr=9.549150e-05 | loss=4.752696
Epoch 017 | Step 800 | lr=9.549150e-05 | loss=4.752664
Epoch 017 | Step 810 | lr=9.549150e-05 | loss=4.752611
Epoch 017 | Step 820 | lr=9.549150e-05 | loss=4.752687
Epoch 017 | Step 830 | lr=9.549150e-05 | loss=4.752728
Epoch 017 | Step 840 | lr=9.549150e-05 | loss=4.752683
Epoch 017 | Step 850 | lr=9.549150e-05 | loss=4.752716
Epoch 017 | Step 860 | lr=9.549150e-05 | loss=4.752656
Epoch 017 | Step 870 | lr=9.549150e-05 | loss=4.752691
Epoch 017 | Step 880 | lr=9.549150e-05 | loss=4.752651
Epoch 017 | Step 890 | lr=9.549150e-05 | loss=4.752609
Epoch 017 | Step 900 | lr=9.549150e-05 | loss=4.752732
Epoch 017 | Step 910 | lr=9.549150e-05 | loss=4.752628
Epoch 017 | Step 920 | lr=9.549150e-05 | loss=4.752645
Epoch 017 | Step 930 | lr=9.549150e-05 | loss=4.752640
Epoch 017 | Step 940 | lr=9.549150e-05 | loss=4.752671
Epoch 017 | Step 950 | lr=9.549150e-05 | loss=4.752654
Epoch 017 | Step 960 | lr=9.549150e-05 | loss=4.752612
epoch 017 | train_kld=4.752653 | val_kld=4.752602 | val_mae=0.014784 | val_mse=0.001599 | ord_acc@10=0.2610 | recall@10=0.7721
Epoch 018 | Step 10 | lr=5.449674e-05 | loss=4.752699
Epoch 018 | Step 20 | lr=5.449674e-05 | loss=4.752646
Epoch 018 | Step 30 | lr=5.449674e-05 | loss=4.752658
Epoch 018 | Step 40 | lr=5.449674e-05 | loss=4.752687
Epoch 018 | Step 50 | lr=5.449674e-05 | loss=4.752702
Epoch 018 | Step 60 | lr=5.449674e-05 | loss=4.752663
Epoch 018 | Step 70 | lr=5.449674e-05 | loss=4.752724
Epoch 018 | Step 80 | lr=5.449674e-05 | loss=4.752706
Epoch 018 | Step 90 | lr=5.449674e-05 | loss=4.752666
Epoch 018 | Step 100 | lr=5.449674e-05 | loss=4.752565
Epoch 018 | Step 110 | lr=5.449674e-05 | loss=4.752646
Epoch 018 | Step 120 | lr=5.449674e-05 | loss=4.752638
Epoch 018 | Step 130 | lr=5.449674e-05 | loss=4.752597
Epoch 018 | Step 140 | lr=5.449674e-05 | loss=4.752600
Epoch 018 | Step 150 | lr=5.449674e-05 | loss=4.752527
Epoch 018 | Step 160 | lr=5.449674e-05 | loss=4.752561
Epoch 018 | Step 170 | lr=5.449674e-05 | loss=4.752588
Epoch 018 | Step 180 | lr=5.449674e-05 | loss=4.752682
Epoch 018 | Step 190 | lr=5.449674e-05 | loss=4.752512
Epoch 018 | Step 200 | lr=5.449674e-05 | loss=4.752551
Epoch 018 | Step 210 | lr=5.449674e-05 | loss=4.752594
Epoch 018 | Step 220 | lr=5.449674e-05 | loss=4.752600
Epoch 018 | Step 230 | lr=5.449674e-05 | loss=4.752662
Epoch 018 | Step 240 | lr=5.449674e-05 | loss=4.752631
Epoch 018 | Step 250 | lr=5.449674e-05 | loss=4.752582
Epoch 018 | Step 260 | lr=5.449674e-05 | loss=4.752559
Epoch 018 | Step 270 | lr=5.449674e-05 | loss=4.752585
Epoch 018 | Step 280 | lr=5.449674e-05 | loss=4.752649
Epoch 018 | Step 290 | lr=5.449674e-05 | loss=4.752613
Epoch 018 | Step 300 | lr=5.449674e-05 | loss=4.752664
Epoch 018 | Step 310 | lr=5.449674e-05 | loss=4.752673
Epoch 018 | Step 320 | lr=5.449674e-05 | loss=4.752662
Epoch 018 | Step 330 | lr=5.449674e-05 | loss=4.752725
Epoch 018 | Step 340 | lr=5.449674e-05 | loss=4.752754
Epoch 018 | Step 350 | lr=5.449674e-05 | loss=4.752666
Epoch 018 | Step 360 | lr=5.449674e-05 | loss=4.752727
Epoch 018 | Step 370 | lr=5.449674e-05 | loss=4.752632
Epoch 018 | Step 380 | lr=5.449674e-05 | loss=4.752641
Epoch 018 | Step 390 | lr=5.449674e-05 | loss=4.752559
Epoch 018 | Step 400 | lr=5.449674e-05 | loss=4.752697
Epoch 018 | Step 410 | lr=5.449674e-05 | loss=4.752577
Epoch 018 | Step 420 | lr=5.449674e-05 | loss=4.752707
Epoch 018 | Step 430 | lr=5.449674e-05 | loss=4.752731
Epoch 018 | Step 440 | lr=5.449674e-05 | loss=4.752617
Epoch 018 | Step 450 | lr=5.449674e-05 | loss=4.752663
Epoch 018 | Step 460 | lr=5.449674e-05 | loss=4.752685
Epoch 018 | Step 470 | lr=5.449674e-05 | loss=4.752674
Epoch 018 | Step 480 | lr=5.449674e-05 | loss=4.752717
Epoch 018 | Step 490 | lr=5.449674e-05 | loss=4.752605
Epoch 018 | Step 500 | lr=5.449674e-05 | loss=4.752645
Epoch 018 | Step 510 | lr=5.449674e-05 | loss=4.752619
Epoch 018 | Step 520 | lr=5.449674e-05 | loss=4.752656
Epoch 018 | Step 530 | lr=5.449674e-05 | loss=4.752688
Epoch 018 | Step 540 | lr=5.449674e-05 | loss=4.752579
Epoch 018 | Step 550 | lr=5.449674e-05 | loss=4.752747
Epoch 018 | Step 560 | lr=5.449674e-05 | loss=4.752678
Epoch 018 | Step 570 | lr=5.449674e-05 | loss=4.752707
Epoch 018 | Step 580 | lr=5.449674e-05 | loss=4.752715
Epoch 018 | Step 590 | lr=5.449674e-05 | loss=4.752599
Epoch 018 | Step 600 | lr=5.449674e-05 | loss=4.752638
Epoch 018 | Step 610 | lr=5.449674e-05 | loss=4.752728
Epoch 018 | Step 620 | lr=5.449674e-05 | loss=4.752544
Epoch 018 | Step 630 | lr=5.449674e-05 | loss=4.752686
Epoch 018 | Step 640 | lr=5.449674e-05 | loss=4.752721
Epoch 018 | Step 650 | lr=5.449674e-05 | loss=4.752590
Epoch 018 | Step 660 | lr=5.449674e-05 | loss=4.752647
Epoch 018 | Step 670 | lr=5.449674e-05 | loss=4.752550
Epoch 018 | Step 680 | lr=5.449674e-05 | loss=4.752615
Epoch 018 | Step 690 | lr=5.449674e-05 | loss=4.752673
Epoch 018 | Step 700 | lr=5.449674e-05 | loss=4.752640
Epoch 018 | Step 710 | lr=5.449674e-05 | loss=4.752538
Epoch 018 | Step 720 | lr=5.449674e-05 | loss=4.752662
Epoch 018 | Step 730 | lr=5.449674e-05 | loss=4.752666
Epoch 018 | Step 740 | lr=5.449674e-05 | loss=4.752662
Epoch 018 | Step 750 | lr=5.449674e-05 | loss=4.752656
Epoch 018 | Step 760 | lr=5.449674e-05 | loss=4.752664
Epoch 018 | Step 770 | lr=5.449674e-05 | loss=4.752649
Epoch 018 | Step 780 | lr=5.449674e-05 | loss=4.752596
Epoch 018 | Step 790 | lr=5.449674e-05 | loss=4.752585
Epoch 018 | Step 800 | lr=5.449674e-05 | loss=4.752596
Epoch 018 | Step 810 | lr=5.449674e-05 | loss=4.752683
Epoch 018 | Step 820 | lr=5.449674e-05 | loss=4.752595
Epoch 018 | Step 830 | lr=5.449674e-05 | loss=4.752728
Epoch 018 | Step 840 | lr=5.449674e-05 | loss=4.752687
Epoch 018 | Step 850 | lr=5.449674e-05 | loss=4.752721
Epoch 018 | Step 860 | lr=5.449674e-05 | loss=4.752723
Epoch 018 | Step 870 | lr=5.449674e-05 | loss=4.752626
Epoch 018 | Step 880 | lr=5.449674e-05 | loss=4.752660
Epoch 018 | Step 890 | lr=5.449674e-05 | loss=4.752605
Epoch 018 | Step 900 | lr=5.449674e-05 | loss=4.752655
Epoch 018 | Step 910 | lr=5.449674e-05 | loss=4.752654
Epoch 018 | Step 920 | lr=5.449674e-05 | loss=4.752626
Epoch 018 | Step 930 | lr=5.449674e-05 | loss=4.752651
Epoch 018 | Step 940 | lr=5.449674e-05 | loss=4.752664
Epoch 018 | Step 950 | lr=5.449674e-05 | loss=4.752690
Epoch 018 | Step 960 | lr=5.449674e-05 | loss=4.752721
epoch 018 | train_kld=4.752643 | val_kld=4.752596 | val_mae=0.014780 | val_mse=0.001598 | ord_acc@10=0.2655 | recall@10=0.7718
Epoch 019 | Step 10 | lr=2.447174e-05 | loss=4.752681
Epoch 019 | Step 20 | lr=2.447174e-05 | loss=4.752759
Epoch 019 | Step 30 | lr=2.447174e-05 | loss=4.752703
Epoch 019 | Step 40 | lr=2.447174e-05 | loss=4.752604
Epoch 019 | Step 50 | lr=2.447174e-05 | loss=4.752626
Epoch 019 | Step 60 | lr=2.447174e-05 | loss=4.752644
Epoch 019 | Step 70 | lr=2.447174e-05 | loss=4.752582
Epoch 019 | Step 80 | lr=2.447174e-05 | loss=4.752623
Epoch 019 | Step 90 | lr=2.447174e-05 | loss=4.752675
Epoch 019 | Step 100 | lr=2.447174e-05 | loss=4.752638
Epoch 019 | Step 110 | lr=2.447174e-05 | loss=4.752674
Epoch 019 | Step 120 | lr=2.447174e-05 | loss=4.752582
Epoch 019 | Step 130 | lr=2.447174e-05 | loss=4.752658
Epoch 019 | Step 140 | lr=2.447174e-05 | loss=4.752650
Epoch 019 | Step 150 | lr=2.447174e-05 | loss=4.752578
Epoch 019 | Step 160 | lr=2.447174e-05 | loss=4.752660
Epoch 019 | Step 170 | lr=2.447174e-05 | loss=4.752607
Epoch 019 | Step 180 | lr=2.447174e-05 | loss=4.752658
Epoch 019 | Step 190 | lr=2.447174e-05 | loss=4.752620
Epoch 019 | Step 200 | lr=2.447174e-05 | loss=4.752614
Epoch 019 | Step 210 | lr=2.447174e-05 | loss=4.752600
Epoch 019 | Step 220 | lr=2.447174e-05 | loss=4.752708
Epoch 019 | Step 230 | lr=2.447174e-05 | loss=4.752639
Epoch 019 | Step 240 | lr=2.447174e-05 | loss=4.752633
Epoch 019 | Step 250 | lr=2.447174e-05 | loss=4.752628
Epoch 019 | Step 260 | lr=2.447174e-05 | loss=4.752670
Epoch 019 | Step 270 | lr=2.447174e-05 | loss=4.752719
Epoch 019 | Step 280 | lr=2.447174e-05 | loss=4.752567
Epoch 019 | Step 290 | lr=2.447174e-05 | loss=4.752573
Epoch 019 | Step 300 | lr=2.447174e-05 | loss=4.752684
Epoch 019 | Step 310 | lr=2.447174e-05 | loss=4.752573
Epoch 019 | Step 320 | lr=2.447174e-05 | loss=4.752617
Epoch 019 | Step 330 | lr=2.447174e-05 | loss=4.752550
Epoch 019 | Step 340 | lr=2.447174e-05 | loss=4.752601
Epoch 019 | Step 350 | lr=2.447174e-05 | loss=4.752675
Epoch 019 | Step 360 | lr=2.447174e-05 | loss=4.752644
Epoch 019 | Step 370 | lr=2.447174e-05 | loss=4.752658
Epoch 019 | Step 380 | lr=2.447174e-05 | loss=4.752675
Epoch 019 | Step 390 | lr=2.447174e-05 | loss=4.752650
Epoch 019 | Step 400 | lr=2.447174e-05 | loss=4.752663
Epoch 019 | Step 410 | lr=2.447174e-05 | loss=4.752687
Epoch 019 | Step 420 | lr=2.447174e-05 | loss=4.752626
Epoch 019 | Step 430 | lr=2.447174e-05 | loss=4.752605
Epoch 019 | Step 440 | lr=2.447174e-05 | loss=4.752632
Epoch 019 | Step 450 | lr=2.447174e-05 | loss=4.752567
Epoch 019 | Step 460 | lr=2.447174e-05 | loss=4.752615
Epoch 019 | Step 470 | lr=2.447174e-05 | loss=4.752678
Epoch 019 | Step 480 | lr=2.447174e-05 | loss=4.752607
Epoch 019 | Step 490 | lr=2.447174e-05 | loss=4.752652
Epoch 019 | Step 500 | lr=2.447174e-05 | loss=4.752670
Epoch 019 | Step 510 | lr=2.447174e-05 | loss=4.752714
Epoch 019 | Step 520 | lr=2.447174e-05 | loss=4.752604
Epoch 019 | Step 530 | lr=2.447174e-05 | loss=4.752605
Epoch 019 | Step 540 | lr=2.447174e-05 | loss=4.752650
Epoch 019 | Step 550 | lr=2.447174e-05 | loss=4.752646
Epoch 019 | Step 560 | lr=2.447174e-05 | loss=4.752603
Epoch 019 | Step 570 | lr=2.447174e-05 | loss=4.752618
Epoch 019 | Step 580 | lr=2.447174e-05 | loss=4.752647
Epoch 019 | Step 590 | lr=2.447174e-05 | loss=4.752607
Epoch 019 | Step 600 | lr=2.447174e-05 | loss=4.752694
Epoch 019 | Step 610 | lr=2.447174e-05 | loss=4.752594
Epoch 019 | Step 620 | lr=2.447174e-05 | loss=4.752595
Epoch 019 | Step 630 | lr=2.447174e-05 | loss=4.752653
Epoch 019 | Step 640 | lr=2.447174e-05 | loss=4.752605
Epoch 019 | Step 650 | lr=2.447174e-05 | loss=4.752660
Epoch 019 | Step 660 | lr=2.447174e-05 | loss=4.752657
Epoch 019 | Step 670 | lr=2.447174e-05 | loss=4.752628
Epoch 019 | Step 680 | lr=2.447174e-05 | loss=4.752638
Epoch 019 | Step 690 | lr=2.447174e-05 | loss=4.752558
Epoch 019 | Step 700 | lr=2.447174e-05 | loss=4.752640
Epoch 019 | Step 710 | lr=2.447174e-05 | loss=4.752698
Epoch 019 | Step 720 | lr=2.447174e-05 | loss=4.752697
Epoch 019 | Step 730 | lr=2.447174e-05 | loss=4.752577
Epoch 019 | Step 740 | lr=2.447174e-05 | loss=4.752609
Epoch 019 | Step 750 | lr=2.447174e-05 | loss=4.752666
Epoch 019 | Step 760 | lr=2.447174e-05 | loss=4.752713
Epoch 019 | Step 770 | lr=2.447174e-05 | loss=4.752652
Epoch 019 | Step 780 | lr=2.447174e-05 | loss=4.752716
Epoch 019 | Step 790 | lr=2.447174e-05 | loss=4.752590
Epoch 019 | Step 800 | lr=2.447174e-05 | loss=4.752567
Epoch 019 | Step 810 | lr=2.447174e-05 | loss=4.752674
Epoch 019 | Step 820 | lr=2.447174e-05 | loss=4.752587
Epoch 019 | Step 830 | lr=2.447174e-05 | loss=4.752624
Epoch 019 | Step 840 | lr=2.447174e-05 | loss=4.752585
Epoch 019 | Step 850 | lr=2.447174e-05 | loss=4.752624
Epoch 019 | Step 860 | lr=2.447174e-05 | loss=4.752641
Epoch 019 | Step 870 | lr=2.447174e-05 | loss=4.752677
Epoch 019 | Step 880 | lr=2.447174e-05 | loss=4.752676
Epoch 019 | Step 890 | lr=2.447174e-05 | loss=4.752685
Epoch 019 | Step 900 | lr=2.447174e-05 | loss=4.752583
Epoch 019 | Step 910 | lr=2.447174e-05 | loss=4.752640
Epoch 019 | Step 920 | lr=2.447174e-05 | loss=4.752633
Epoch 019 | Step 930 | lr=2.447174e-05 | loss=4.752604
Epoch 019 | Step 940 | lr=2.447174e-05 | loss=4.752679
Epoch 019 | Step 950 | lr=2.447174e-05 | loss=4.752722
Epoch 019 | Step 960 | lr=2.447174e-05 | loss=4.752646
epoch 019 | train_kld=4.752636 | val_kld=4.752596 | val_mae=0.014784 | val_mse=0.001599 | ord_acc@10=0.2639 | recall@10=0.7821
Epoch 020 | Step 10 | lr=6.155830e-06 | loss=4.752680
Epoch 020 | Step 20 | lr=6.155830e-06 | loss=4.752657
Epoch 020 | Step 30 | lr=6.155830e-06 | loss=4.752625
Epoch 020 | Step 40 | lr=6.155830e-06 | loss=4.752715
Epoch 020 | Step 50 | lr=6.155830e-06 | loss=4.752625
Epoch 020 | Step 60 | lr=6.155830e-06 | loss=4.752559
Epoch 020 | Step 70 | lr=6.155830e-06 | loss=4.752579
Epoch 020 | Step 80 | lr=6.155830e-06 | loss=4.752727
Epoch 020 | Step 90 | lr=6.155830e-06 | loss=4.752617
Epoch 020 | Step 100 | lr=6.155830e-06 | loss=4.752760
Epoch 020 | Step 110 | lr=6.155830e-06 | loss=4.752560
Epoch 020 | Step 120 | lr=6.155830e-06 | loss=4.752616
Epoch 020 | Step 130 | lr=6.155830e-06 | loss=4.752673
Epoch 020 | Step 140 | lr=6.155830e-06 | loss=4.752625
Epoch 020 | Step 150 | lr=6.155830e-06 | loss=4.752625
Epoch 020 | Step 160 | lr=6.155830e-06 | loss=4.752562
Epoch 020 | Step 170 | lr=6.155830e-06 | loss=4.752609
Epoch 020 | Step 180 | lr=6.155830e-06 | loss=4.752683
Epoch 020 | Step 190 | lr=6.155830e-06 | loss=4.752649
Epoch 020 | Step 200 | lr=6.155830e-06 | loss=4.752696
Epoch 020 | Step 210 | lr=6.155830e-06 | loss=4.752687
Epoch 020 | Step 220 | lr=6.155830e-06 | loss=4.752629
Epoch 020 | Step 230 | lr=6.155830e-06 | loss=4.752703
Epoch 020 | Step 240 | lr=6.155830e-06 | loss=4.752617
Epoch 020 | Step 250 | lr=6.155830e-06 | loss=4.752563
Epoch 020 | Step 260 | lr=6.155830e-06 | loss=4.752578
Epoch 020 | Step 270 | lr=6.155830e-06 | loss=4.752573
Epoch 020 | Step 280 | lr=6.155830e-06 | loss=4.752638
Epoch 020 | Step 290 | lr=6.155830e-06 | loss=4.752686
Epoch 020 | Step 300 | lr=6.155830e-06 | loss=4.752553
Epoch 020 | Step 310 | lr=6.155830e-06 | loss=4.752656
Epoch 020 | Step 320 | lr=6.155830e-06 | loss=4.752684
Epoch 020 | Step 330 | lr=6.155830e-06 | loss=4.752553
Epoch 020 | Step 340 | lr=6.155830e-06 | loss=4.752580
Epoch 020 | Step 350 | lr=6.155830e-06 | loss=4.752652
Epoch 020 | Step 360 | lr=6.155830e-06 | loss=4.752628
Epoch 020 | Step 370 | lr=6.155830e-06 | loss=4.752714
Epoch 020 | Step 380 | lr=6.155830e-06 | loss=4.752643
Epoch 020 | Step 390 | lr=6.155830e-06 | loss=4.752694
Epoch 020 | Step 400 | lr=6.155830e-06 | loss=4.752621
Epoch 020 | Step 410 | lr=6.155830e-06 | loss=4.752651
Epoch 020 | Step 420 | lr=6.155830e-06 | loss=4.752556
Epoch 020 | Step 430 | lr=6.155830e-06 | loss=4.752693
Epoch 020 | Step 440 | lr=6.155830e-06 | loss=4.752761
Epoch 020 | Step 450 | lr=6.155830e-06 | loss=4.752703
Epoch 020 | Step 460 | lr=6.155830e-06 | loss=4.752591
Epoch 020 | Step 470 | lr=6.155830e-06 | loss=4.752653
Epoch 020 | Step 480 | lr=6.155830e-06 | loss=4.752556
Epoch 020 | Step 490 | lr=6.155830e-06 | loss=4.752628
Epoch 020 | Step 500 | lr=6.155830e-06 | loss=4.752530
Epoch 020 | Step 510 | lr=6.155830e-06 | loss=4.752581
Epoch 020 | Step 520 | lr=6.155830e-06 | loss=4.752666
Epoch 020 | Step 530 | lr=6.155830e-06 | loss=4.752595
Epoch 020 | Step 540 | lr=6.155830e-06 | loss=4.752704
Epoch 020 | Step 550 | lr=6.155830e-06 | loss=4.752681
Epoch 020 | Step 560 | lr=6.155830e-06 | loss=4.752610
Epoch 020 | Step 570 | lr=6.155830e-06 | loss=4.752562
Epoch 020 | Step 580 | lr=6.155830e-06 | loss=4.752658
Epoch 020 | Step 590 | lr=6.155830e-06 | loss=4.752581
Epoch 020 | Step 600 | lr=6.155830e-06 | loss=4.752677
Epoch 020 | Step 610 | lr=6.155830e-06 | loss=4.752658
Epoch 020 | Step 620 | lr=6.155830e-06 | loss=4.752642
Epoch 020 | Step 630 | lr=6.155830e-06 | loss=4.752723
Epoch 020 | Step 640 | lr=6.155830e-06 | loss=4.752627
Epoch 020 | Step 650 | lr=6.155830e-06 | loss=4.752715
Epoch 020 | Step 660 | lr=6.155830e-06 | loss=4.752551
Epoch 020 | Step 670 | lr=6.155830e-06 | loss=4.752567
Epoch 020 | Step 680 | lr=6.155830e-06 | loss=4.752681
Epoch 020 | Step 690 | lr=6.155830e-06 | loss=4.752705
Epoch 020 | Step 700 | lr=6.155830e-06 | loss=4.752604
Epoch 020 | Step 710 | lr=6.155830e-06 | loss=4.752607
Epoch 020 | Step 720 | lr=6.155830e-06 | loss=4.752563
Epoch 020 | Step 730 | lr=6.155830e-06 | loss=4.752596
Epoch 020 | Step 740 | lr=6.155830e-06 | loss=4.752607
Epoch 020 | Step 750 | lr=6.155830e-06 | loss=4.752625
Epoch 020 | Step 760 | lr=6.155830e-06 | loss=4.752519
Epoch 020 | Step 770 | lr=6.155830e-06 | loss=4.752559
Epoch 020 | Step 780 | lr=6.155830e-06 | loss=4.752656
Epoch 020 | Step 790 | lr=6.155830e-06 | loss=4.752659
Epoch 020 | Step 800 | lr=6.155830e-06 | loss=4.752639
Epoch 020 | Step 810 | lr=6.155830e-06 | loss=4.752710
Epoch 020 | Step 820 | lr=6.155830e-06 | loss=4.752651
Epoch 020 | Step 830 | lr=6.155830e-06 | loss=4.752721
Epoch 020 | Step 840 | lr=6.155830e-06 | loss=4.752542
Epoch 020 | Step 850 | lr=6.155830e-06 | loss=4.752689
Epoch 020 | Step 860 | lr=6.155830e-06 | loss=4.752642
Epoch 020 | Step 870 | lr=6.155830e-06 | loss=4.752591
Epoch 020 | Step 880 | lr=6.155830e-06 | loss=4.752638
Epoch 020 | Step 890 | lr=6.155830e-06 | loss=4.752636
Epoch 020 | Step 900 | lr=6.155830e-06 | loss=4.752687
Epoch 020 | Step 910 | lr=6.155830e-06 | loss=4.752670
Epoch 020 | Step 920 | lr=6.155830e-06 | loss=4.752635
Epoch 020 | Step 930 | lr=6.155830e-06 | loss=4.752612
Epoch 020 | Step 940 | lr=6.155830e-06 | loss=4.752623
Epoch 020 | Step 950 | lr=6.155830e-06 | loss=4.752655
Epoch 020 | Step 960 | lr=6.155830e-06 | loss=4.752650
/mnt/hdd/xln/PycharmProjects/PredictLeafNode/src/model/cluster_dist_transformer_original.py:844: FutureWarning: You are using `torch.load` with `weights_only=False` (the current default value), which uses the default pickle module implicitly. It is possible to construct malicious pickle data which will execute arbitrary code during unpickling (See https://github.com/pytorch/pytorch/blob/main/SECURITY.md#untrusted-models for more details). In a future release, the default value for `weights_only` will be flipped to `True`. This limits the functions that could be executed during unpickling. Arbitrary objects will no longer be allowed to be loaded via this mode unless they are explicitly allowlisted by the user via `torch.serialization.add_safe_globals`. We recommend you start setting `weights_only=True` for any use case where you don't have full control of the loaded file. Please open an issue on GitHub for any issues related to this experimental feature.
  ckpt = torch.load(best_path, map_location=device)
epoch 020 | train_kld=4.752632 | val_kld=4.752590 | val_mae=0.014781 | val_mse=0.001599 | ord_acc@10=0.2676 | recall@10=0.7757
Saved epoch 1 batch metrics plot to input/Training_data/gist1M_learn/leafsize20K/D_model_d256_L4_H8_ff512_topk10_bs512_ep20_lr0.001_wd0.01_bilinear_normalizeTrue_posFalse_gatingFalse_loss_typelistnet_use_type_embedTrue/model_d256_L4_H8_ff512_topk10_bs512_ep20_lr0.001_wd0.01_bilinear_normalizeTrue_posFalse_gatingFalse_loss_typelistnet_use_type_embedTrue_epoch1_batch_metrics@10.png
Saved epoch metrics plot to input/Training_data/gist1M_learn/leafsize20K/D_model_d256_L4_H8_ff512_topk10_bs512_ep20_lr0.001_wd0.01_bilinear_normalizeTrue_posFalse_gatingFalse_loss_typelistnet_use_type_embedTrue/model_d256_L4_H8_ff512_topk10_bs512_ep20_lr0.001_wd0.01_bilinear_normalizeTrue_posFalse_gatingFalse_loss_typelistnet_use_type_embedTrue_epoch_metrics.png
best val_kld: 4.752590 at epoch 20
Loaded checkpoint from input/Training_data/gist1M_learn/leafsize20K/D_model_d256_L4_H8_ff512_topk10_bs512_ep20_lr0.001_wd0.01_bilinear_normalizeTrue_posFalse_gatingFalse_loss_typelistnet_use_type_embedTrue/model_d256_L4_H8_ff512_topk10_bs512_ep20_lr0.001_wd0.01_bilinear_normalizeTrue_posFalse_gatingFalse_loss_typelistnet_use_type_embedTrue.pt (epoch=20)
[TEST] kld=4.752651 | mae=0.014679 | mse=0.001504 | ord_acc@10=0.2531 | recall@10=0.7840
Saving model predictions to file...
Saved predictions -> input/Training_data/gist1M_learn/leafsize20K/D_model_d256_L4_H8_ff512_topk10_bs512_ep20_lr0.001_wd0.01_bilinear_normalizeTrue_posFalse_gatingFalse_loss_typelistnet_use_type_embedTrue/model_d256_L4_H8_ff512_topk10_bs512_ep20_lr0.001_wd0.01_bilinear_normalizeTrue_posFalse_gatingFalse_loss_typelistnet_use_type_embedTrue_pred.txt
