/home/xln/miniconda3/envs/elpis_torch/lib/python3.12/site-packages/torch/nn/modules/transformer.py:379: UserWarning: enable_nested_tensor is True, but self.use_nested_tensor is False because encoder_layer.norm_first was True
  warnings.warn(
Detected K=116, D=960
Using experiment ID: D
Epoch 001 | Batch 10 | val_kld=1451.285474 | val_ordacc@10=0.004024 | val_recall@10=0.039269
Epoch 001 | Step 10 | lr=1.000000e-03 | loss=1480.480713
Epoch 001 | Batch 20 | val_kld=78.056038 | val_ordacc@10=0.030888 | val_recall@10=0.355705
Epoch 001 | Step 20 | lr=1.000000e-03 | loss=255.036011
Epoch 001 | Batch 30 | val_kld=82.600571 | val_ordacc@10=0.033714 | val_recall@10=0.338516
Epoch 001 | Step 30 | lr=1.000000e-03 | loss=68.978928
Epoch 001 | Batch 40 | val_kld=62.789602 | val_ordacc@10=0.033382 | val_recall@10=0.377576
Epoch 001 | Step 40 | lr=1.000000e-03 | loss=112.355385
Epoch 001 | Batch 50 | val_kld=32.692770 | val_ordacc@10=0.061982 | val_recall@10=0.555323
Epoch 001 | Step 50 | lr=1.000000e-03 | loss=50.214172
Epoch 001 | Batch 60 | val_kld=26.004714 | val_ordacc@10=0.087050 | val_recall@10=0.601070
Epoch 001 | Step 60 | lr=1.000000e-03 | loss=34.583961
Epoch 001 | Batch 70 | val_kld=53.082554 | val_ordacc@10=0.042220 | val_recall@10=0.430647
Epoch 001 | Step 70 | lr=1.000000e-03 | loss=50.517952
Epoch 001 | Batch 80 | val_kld=39.078609 | val_ordacc@10=0.053569 | val_recall@10=0.495248
Epoch 001 | Step 80 | lr=1.000000e-03 | loss=34.287376
Epoch 001 | Batch 90 | val_kld=26.970873 | val_ordacc@10=0.077143 | val_recall@10=0.603763
Epoch 001 | Step 90 | lr=1.000000e-03 | loss=36.670795
Epoch 001 | Batch 100 | val_kld=133.364951 | val_ordacc@10=0.009532 | val_recall@10=0.093381
Epoch 001 | Step 100 | lr=1.000000e-03 | loss=56.622730
Epoch 001 | Batch 110 | val_kld=37.199797 | val_ordacc@10=0.053459 | val_recall@10=0.511408
Epoch 001 | Step 110 | lr=1.000000e-03 | loss=24.372169
Epoch 001 | Batch 120 | val_kld=31.352345 | val_ordacc@10=0.091695 | val_recall@10=0.583215
Epoch 001 | Step 120 | lr=1.000000e-03 | loss=41.257366
Epoch 001 | Batch 130 | val_kld=25.380869 | val_ordacc@10=0.077925 | val_recall@10=0.606481
Epoch 001 | Step 130 | lr=1.000000e-03 | loss=28.586544
Epoch 001 | Batch 140 | val_kld=25.743538 | val_ordacc@10=0.093795 | val_recall@10=0.608101
Epoch 001 | Step 140 | lr=1.000000e-03 | loss=22.916666
Epoch 001 | Batch 150 | val_kld=23.231933 | val_ordacc@10=0.083620 | val_recall@10=0.625172
Epoch 001 | Step 150 | lr=1.000000e-03 | loss=28.920959
Epoch 001 | Batch 160 | val_kld=28.321813 | val_ordacc@10=0.073280 | val_recall@10=0.576336
Epoch 001 | Step 160 | lr=1.000000e-03 | loss=23.387865
Epoch 001 | Batch 170 | val_kld=60.608858 | val_ordacc@10=0.047275 | val_recall@10=0.375078
Epoch 001 | Step 170 | lr=1.000000e-03 | loss=37.483326
Epoch 001 | Batch 180 | val_kld=36.801945 | val_ordacc@10=0.051294 | val_recall@10=0.510206
Epoch 001 | Step 180 | lr=1.000000e-03 | loss=39.503204
Epoch 001 | Batch 190 | val_kld=25.346657 | val_ordacc@10=0.085474 | val_recall@10=0.615293
Epoch 001 | Step 190 | lr=1.000000e-03 | loss=21.358721
Epoch 001 | Batch 200 | val_kld=31.034895 | val_ordacc@10=0.067797 | val_recall@10=0.565271
Epoch 001 | Step 200 | lr=1.000000e-03 | loss=26.875553
Epoch 001 | Batch 210 | val_kld=28.287702 | val_ordacc@10=0.076060 | val_recall@10=0.574886
Epoch 001 | Step 210 | lr=1.000000e-03 | loss=48.953419
Epoch 001 | Batch 220 | val_kld=27.231100 | val_ordacc@10=0.078200 | val_recall@10=0.584854
Epoch 001 | Step 220 | lr=1.000000e-03 | loss=47.942215
Epoch 001 | Batch 230 | val_kld=22.016348 | val_ordacc@10=0.093183 | val_recall@10=0.635660
Epoch 001 | Step 230 | lr=1.000000e-03 | loss=26.204588
Epoch 001 | Batch 240 | val_kld=23.066485 | val_ordacc@10=0.100423 | val_recall@10=0.624958
Epoch 001 | Step 240 | lr=1.000000e-03 | loss=28.112106
Epoch 001 | Batch 250 | val_kld=28.268056 | val_ordacc@10=0.083769 | val_recall@10=0.574913
Epoch 001 | Step 250 | lr=1.000000e-03 | loss=32.036743
Epoch 001 | Batch 260 | val_kld=17.369808 | val_ordacc@10=0.111753 | val_recall@10=0.681930
Epoch 001 | Step 260 | lr=1.000000e-03 | loss=51.196396
Epoch 001 | Batch 270 | val_kld=32.837714 | val_ordacc@10=0.064042 | val_recall@10=0.544746
Epoch 001 | Step 270 | lr=1.000000e-03 | loss=26.885506
Epoch 001 | Batch 280 | val_kld=39.063270 | val_ordacc@10=0.063238 | val_recall@10=0.496266
Epoch 001 | Step 280 | lr=1.000000e-03 | loss=34.322598
Epoch 001 | Batch 290 | val_kld=19.840392 | val_ordacc@10=0.096141 | val_recall@10=0.646105
Epoch 001 | Step 290 | lr=1.000000e-03 | loss=46.549946
Epoch 001 | Batch 300 | val_kld=64.412366 | val_ordacc@10=0.027855 | val_recall@10=0.349276
Epoch 001 | Step 300 | lr=1.000000e-03 | loss=89.709549
Epoch 001 | Batch 310 | val_kld=20.347351 | val_ordacc@10=0.088957 | val_recall@10=0.652832
Epoch 001 | Step 310 | lr=1.000000e-03 | loss=23.996567
Epoch 001 | Batch 320 | val_kld=38.161423 | val_ordacc@10=0.054894 | val_recall@10=0.505548
Epoch 001 | Step 320 | lr=1.000000e-03 | loss=71.949043
Epoch 001 | Batch 330 | val_kld=32.206845 | val_ordacc@10=0.057075 | val_recall@10=0.540327
Epoch 001 | Step 330 | lr=1.000000e-03 | loss=48.508179
Epoch 001 | Batch 340 | val_kld=21.848126 | val_ordacc@10=0.100556 | val_recall@10=0.635947
Epoch 001 | Step 340 | lr=1.000000e-03 | loss=41.038658
Epoch 001 | Batch 350 | val_kld=20.583671 | val_ordacc@10=0.089798 | val_recall@10=0.642839
Epoch 001 | Step 350 | lr=1.000000e-03 | loss=26.235935
Epoch 001 | Batch 360 | val_kld=19.922461 | val_ordacc@10=0.092009 | val_recall@10=0.648949
Epoch 001 | Step 360 | lr=1.000000e-03 | loss=25.803844
Epoch 001 | Batch 370 | val_kld=40.385854 | val_ordacc@10=0.070706 | val_recall@10=0.500036
Epoch 001 | Step 370 | lr=1.000000e-03 | loss=30.086218
Epoch 001 | Batch 380 | val_kld=20.262799 | val_ordacc@10=0.092995 | val_recall@10=0.642664
Epoch 001 | Step 380 | lr=1.000000e-03 | loss=36.519341
Epoch 001 | Batch 390 | val_kld=21.176365 | val_ordacc@10=0.107948 | val_recall@10=0.652513
Epoch 001 | Step 390 | lr=1.000000e-03 | loss=17.469501
Epoch 001 | Batch 400 | val_kld=23.106148 | val_ordacc@10=0.105687 | val_recall@10=0.635958
Epoch 001 | Step 400 | lr=1.000000e-03 | loss=34.170204
Epoch 001 | Batch 410 | val_kld=16.308404 | val_ordacc@10=0.114002 | val_recall@10=0.688731
Epoch 001 | Step 410 | lr=1.000000e-03 | loss=24.664776
Epoch 001 | Batch 420 | val_kld=17.479749 | val_ordacc@10=0.103523 | val_recall@10=0.673531
Epoch 001 | Step 420 | lr=1.000000e-03 | loss=34.647102
Epoch 001 | Batch 430 | val_kld=38.374902 | val_ordacc@10=0.069849 | val_recall@10=0.502422
Epoch 001 | Step 430 | lr=1.000000e-03 | loss=46.548313
Epoch 001 | Batch 440 | val_kld=17.683487 | val_ordacc@10=0.109235 | val_recall@10=0.679956
Epoch 001 | Step 440 | lr=1.000000e-03 | loss=37.133015
Epoch 001 | Batch 450 | val_kld=28.404051 | val_ordacc@10=0.069225 | val_recall@10=0.576939
Epoch 001 | Step 450 | lr=1.000000e-03 | loss=52.750641
Epoch 001 | Batch 460 | val_kld=19.851744 | val_ordacc@10=0.105454 | val_recall@10=0.654391
Epoch 001 | Step 460 | lr=1.000000e-03 | loss=34.743752
Epoch 001 | Batch 470 | val_kld=15.637127 | val_ordacc@10=0.121701 | val_recall@10=0.700956
Epoch 001 | Step 470 | lr=1.000000e-03 | loss=32.019157
Epoch 001 | Batch 480 | val_kld=19.784126 | val_ordacc@10=0.105170 | val_recall@10=0.659367
Epoch 001 | Step 480 | lr=1.000000e-03 | loss=20.558182
Epoch 001 | Batch 490 | val_kld=30.212629 | val_ordacc@10=0.081850 | val_recall@10=0.584862
Epoch 001 | Step 490 | lr=1.000000e-03 | loss=22.448719
Epoch 001 | Batch 500 | val_kld=13.823588 | val_ordacc@10=0.115677 | val_recall@10=0.714281
Epoch 001 | Step 500 | lr=1.000000e-03 | loss=31.906517
Epoch 001 | Batch 510 | val_kld=38.103331 | val_ordacc@10=0.070222 | val_recall@10=0.502480
Epoch 001 | Step 510 | lr=1.000000e-03 | loss=18.858757
Epoch 001 | Batch 520 | val_kld=16.665092 | val_ordacc@10=0.103481 | val_recall@10=0.689485
Epoch 001 | Step 520 | lr=1.000000e-03 | loss=31.458588
Epoch 001 | Batch 530 | val_kld=15.877673 | val_ordacc@10=0.112447 | val_recall@10=0.697247
Epoch 001 | Step 530 | lr=1.000000e-03 | loss=25.325642
Epoch 001 | Batch 540 | val_kld=13.165902 | val_ordacc@10=0.127059 | val_recall@10=0.725818
Epoch 001 | Step 540 | lr=1.000000e-03 | loss=18.806019
Epoch 001 | Batch 550 | val_kld=14.137148 | val_ordacc@10=0.127428 | val_recall@10=0.713850
Epoch 001 | Step 550 | lr=1.000000e-03 | loss=20.900541
Epoch 001 | Batch 560 | val_kld=17.039015 | val_ordacc@10=0.114773 | val_recall@10=0.682158
Epoch 001 | Step 560 | lr=1.000000e-03 | loss=26.271107
Epoch 001 | Batch 570 | val_kld=19.329759 | val_ordacc@10=0.101731 | val_recall@10=0.659777
Epoch 001 | Step 570 | lr=1.000000e-03 | loss=24.745018
Epoch 001 | Batch 580 | val_kld=23.628428 | val_ordacc@10=0.085990 | val_recall@10=0.626088
Epoch 001 | Step 580 | lr=1.000000e-03 | loss=20.304405
Epoch 001 | Batch 590 | val_kld=15.546321 | val_ordacc@10=0.112734 | val_recall@10=0.693244
Epoch 001 | Step 590 | lr=1.000000e-03 | loss=28.421970
Epoch 001 | Batch 600 | val_kld=25.195727 | val_ordacc@10=0.072985 | val_recall@10=0.608903
Epoch 001 | Step 600 | lr=1.000000e-03 | loss=23.763502
Epoch 001 | Batch 610 | val_kld=20.992600 | val_ordacc@10=0.098637 | val_recall@10=0.648001
Epoch 001 | Step 610 | lr=1.000000e-03 | loss=32.184467
Epoch 001 | Batch 620 | val_kld=17.616419 | val_ordacc@10=0.097980 | val_recall@10=0.671962
Epoch 001 | Step 620 | lr=1.000000e-03 | loss=21.602219
Epoch 001 | Batch 630 | val_kld=16.715320 | val_ordacc@10=0.119790 | val_recall@10=0.688703
Epoch 001 | Step 630 | lr=1.000000e-03 | loss=22.012888
Epoch 001 | Batch 640 | val_kld=14.851701 | val_ordacc@10=0.123782 | val_recall@10=0.709705
Epoch 001 | Step 640 | lr=1.000000e-03 | loss=20.610123
Epoch 001 | Batch 650 | val_kld=19.912865 | val_ordacc@10=0.104641 | val_recall@10=0.653032
Epoch 001 | Step 650 | lr=1.000000e-03 | loss=21.033661
Epoch 001 | Batch 660 | val_kld=12.913935 | val_ordacc@10=0.130227 | val_recall@10=0.730670
Epoch 001 | Step 660 | lr=1.000000e-03 | loss=18.918161
Epoch 001 | Batch 670 | val_kld=15.718647 | val_ordacc@10=0.110314 | val_recall@10=0.694885
Epoch 001 | Step 670 | lr=1.000000e-03 | loss=34.479343
Epoch 001 | Batch 680 | val_kld=18.173569 | val_ordacc@10=0.112823 | val_recall@10=0.675543
Epoch 001 | Step 680 | lr=1.000000e-03 | loss=22.289841
Epoch 001 | Batch 690 | val_kld=13.311611 | val_ordacc@10=0.125723 | val_recall@10=0.725320
Epoch 001 | Step 690 | lr=1.000000e-03 | loss=18.502529
Epoch 001 | Batch 700 | val_kld=14.660973 | val_ordacc@10=0.118347 | val_recall@10=0.707917
Epoch 001 | Step 700 | lr=1.000000e-03 | loss=43.579540
Epoch 001 | Batch 710 | val_kld=21.970785 | val_ordacc@10=0.101399 | val_recall@10=0.649410
Epoch 001 | Step 710 | lr=1.000000e-03 | loss=21.378124
Epoch 001 | Batch 720 | val_kld=16.012131 | val_ordacc@10=0.115020 | val_recall@10=0.696881
Epoch 001 | Step 720 | lr=1.000000e-03 | loss=21.800682
Epoch 001 | Batch 730 | val_kld=13.913589 | val_ordacc@10=0.114770 | val_recall@10=0.715385
Epoch 001 | Step 730 | lr=1.000000e-03 | loss=50.445374
Epoch 001 | Batch 740 | val_kld=17.321755 | val_ordacc@10=0.115641 | val_recall@10=0.681498
Epoch 001 | Step 740 | lr=1.000000e-03 | loss=52.868896
Epoch 001 | Batch 750 | val_kld=23.859527 | val_ordacc@10=0.097367 | val_recall@10=0.613302
Epoch 001 | Step 750 | lr=1.000000e-03 | loss=33.444656
Epoch 001 | Batch 760 | val_kld=28.849026 | val_ordacc@10=0.074134 | val_recall@10=0.565733
Epoch 001 | Step 760 | lr=1.000000e-03 | loss=29.038227
Epoch 001 | Batch 770 | val_kld=22.619033 | val_ordacc@10=0.083468 | val_recall@10=0.631629
Epoch 001 | Step 770 | lr=1.000000e-03 | loss=21.192425
Epoch 001 | Batch 780 | val_kld=12.900391 | val_ordacc@10=0.127537 | val_recall@10=0.727754
Epoch 001 | Step 780 | lr=1.000000e-03 | loss=17.202837
Epoch 001 | Batch 790 | val_kld=16.234122 | val_ordacc@10=0.110910 | val_recall@10=0.692363
Epoch 001 | Step 790 | lr=1.000000e-03 | loss=21.058681
Epoch 001 | Batch 800 | val_kld=13.162596 | val_ordacc@10=0.133876 | val_recall@10=0.722769
Epoch 001 | Step 800 | lr=1.000000e-03 | loss=25.557011
Epoch 001 | Batch 810 | val_kld=11.535622 | val_ordacc@10=0.138146 | val_recall@10=0.745190
Epoch 001 | Step 810 | lr=1.000000e-03 | loss=20.863907
Epoch 001 | Batch 820 | val_kld=13.986410 | val_ordacc@10=0.113190 | val_recall@10=0.712597
Epoch 001 | Step 820 | lr=1.000000e-03 | loss=21.110744
Epoch 001 | Batch 830 | val_kld=10.135500 | val_ordacc@10=0.145290 | val_recall@10=0.760824
Epoch 001 | Step 830 | lr=1.000000e-03 | loss=19.403187
Epoch 001 | Batch 840 | val_kld=11.658067 | val_ordacc@10=0.131951 | val_recall@10=0.742748
Epoch 001 | Step 840 | lr=1.000000e-03 | loss=18.563492
Epoch 001 | Batch 850 | val_kld=9.694631 | val_ordacc@10=0.152320 | val_recall@10=0.766282
Epoch 001 | Step 850 | lr=1.000000e-03 | loss=17.722462
Epoch 001 | Batch 860 | val_kld=10.523850 | val_ordacc@10=0.154471 | val_recall@10=0.753128
Epoch 001 | Step 860 | lr=1.000000e-03 | loss=23.933563
Epoch 001 | Batch 870 | val_kld=10.704916 | val_ordacc@10=0.146972 | val_recall@10=0.754985
Epoch 001 | Step 870 | lr=1.000000e-03 | loss=18.661737
Epoch 001 | Batch 880 | val_kld=9.995994 | val_ordacc@10=0.156829 | val_recall@10=0.762484
Epoch 001 | Step 880 | lr=1.000000e-03 | loss=18.278364
Epoch 001 | Batch 890 | val_kld=11.401005 | val_ordacc@10=0.132498 | val_recall@10=0.743479
Epoch 001 | Step 890 | lr=1.000000e-03 | loss=18.488216
Epoch 001 | Batch 900 | val_kld=11.654615 | val_ordacc@10=0.145927 | val_recall@10=0.741803
Epoch 001 | Step 900 | lr=1.000000e-03 | loss=18.975288
Epoch 001 | Batch 910 | val_kld=10.187080 | val_ordacc@10=0.153473 | val_recall@10=0.760544
Epoch 001 | Step 910 | lr=1.000000e-03 | loss=19.017986
Epoch 001 | Batch 920 | val_kld=9.578307 | val_ordacc@10=0.157826 | val_recall@10=0.766962
Epoch 001 | Step 920 | lr=1.000000e-03 | loss=21.452255
Epoch 001 | Batch 930 | val_kld=43.935830 | val_ordacc@10=0.057680 | val_recall@10=0.472328
Epoch 001 | Step 930 | lr=1.000000e-03 | loss=37.868446
Epoch 001 | Batch 940 | val_kld=106.676212 | val_ordacc@10=0.007544 | val_recall@10=0.140532
Epoch 001 | Step 940 | lr=1.000000e-03 | loss=31.360985
Epoch 001 | Batch 950 | val_kld=59.383043 | val_ordacc@10=0.044996 | val_recall@10=0.365824
Epoch 001 | Step 950 | lr=1.000000e-03 | loss=41.521168
Epoch 001 | Batch 960 | val_kld=12.912012 | val_ordacc@10=0.131708 | val_recall@10=0.728186
Epoch 001 | Step 960 | lr=1.000000e-03 | loss=24.507412
epoch 001 | train_kld=42.849671 | val_kld=28.229650 | val_mae=0.014965 | val_mse=0.001651 | ord_acc@10=0.0874 | recall@10=0.5763
Epoch 002 | Step 10 | lr=9.938442e-04 | loss=36.645103
Epoch 002 | Step 20 | lr=9.938442e-04 | loss=55.366753
Epoch 002 | Step 30 | lr=9.938442e-04 | loss=19.564457
Epoch 002 | Step 40 | lr=9.938442e-04 | loss=21.937691
Epoch 002 | Step 50 | lr=9.938442e-04 | loss=20.378864
Epoch 002 | Step 60 | lr=9.938442e-04 | loss=19.909496
Epoch 002 | Step 70 | lr=9.938442e-04 | loss=18.512541
Epoch 002 | Step 80 | lr=9.938442e-04 | loss=18.665234
Epoch 002 | Step 90 | lr=9.938442e-04 | loss=19.147547
Epoch 002 | Step 100 | lr=9.938442e-04 | loss=17.857626
Epoch 002 | Step 110 | lr=9.938442e-04 | loss=18.087500
Epoch 002 | Step 120 | lr=9.938442e-04 | loss=18.081636
Epoch 002 | Step 130 | lr=9.938442e-04 | loss=19.830574
Epoch 002 | Step 140 | lr=9.938442e-04 | loss=18.203979
Epoch 002 | Step 150 | lr=9.938442e-04 | loss=19.855749
Epoch 002 | Step 160 | lr=9.938442e-04 | loss=18.464918
Epoch 002 | Step 170 | lr=9.938442e-04 | loss=20.870604
Epoch 002 | Step 180 | lr=9.938442e-04 | loss=20.295883
Epoch 002 | Step 190 | lr=9.938442e-04 | loss=18.574696
Epoch 002 | Step 200 | lr=9.938442e-04 | loss=19.497749
Epoch 002 | Step 210 | lr=9.938442e-04 | loss=19.220671
Epoch 002 | Step 220 | lr=9.938442e-04 | loss=20.100323
Epoch 002 | Step 230 | lr=9.938442e-04 | loss=19.312786
Epoch 002 | Step 240 | lr=9.938442e-04 | loss=18.671257
Epoch 002 | Step 250 | lr=9.938442e-04 | loss=20.764339
Epoch 002 | Step 260 | lr=9.938442e-04 | loss=18.930153
Epoch 002 | Step 270 | lr=9.938442e-04 | loss=24.186024
Epoch 002 | Step 280 | lr=9.938442e-04 | loss=17.519169
Epoch 002 | Step 290 | lr=9.938442e-04 | loss=19.935839
Epoch 002 | Step 300 | lr=9.938442e-04 | loss=26.427757
Epoch 002 | Step 310 | lr=9.938442e-04 | loss=27.070034
Epoch 002 | Step 320 | lr=9.938442e-04 | loss=40.700306
Epoch 002 | Step 330 | lr=9.938442e-04 | loss=20.044209
Epoch 002 | Step 340 | lr=9.938442e-04 | loss=18.835384
Epoch 002 | Step 350 | lr=9.938442e-04 | loss=18.715168
Epoch 002 | Step 360 | lr=9.938442e-04 | loss=18.934185
Epoch 002 | Step 370 | lr=9.938442e-04 | loss=17.594574
Epoch 002 | Step 380 | lr=9.938442e-04 | loss=19.692400
Epoch 002 | Step 390 | lr=9.938442e-04 | loss=18.945560
Epoch 002 | Step 400 | lr=9.938442e-04 | loss=18.812019
Epoch 002 | Step 410 | lr=9.938442e-04 | loss=18.340086
Epoch 002 | Step 420 | lr=9.938442e-04 | loss=18.804266
Epoch 002 | Step 430 | lr=9.938442e-04 | loss=17.993736
Epoch 002 | Step 440 | lr=9.938442e-04 | loss=20.202084
Epoch 002 | Step 450 | lr=9.938442e-04 | loss=19.060677
Epoch 002 | Step 460 | lr=9.938442e-04 | loss=20.194324
Epoch 002 | Step 470 | lr=9.938442e-04 | loss=21.246031
Epoch 002 | Step 480 | lr=9.938442e-04 | loss=20.986940
Epoch 002 | Step 490 | lr=9.938442e-04 | loss=21.502506
Epoch 002 | Step 500 | lr=9.938442e-04 | loss=18.850128
Epoch 002 | Step 510 | lr=9.938442e-04 | loss=20.443100
Epoch 002 | Step 520 | lr=9.938442e-04 | loss=20.181290
Epoch 002 | Step 530 | lr=9.938442e-04 | loss=20.684101
Epoch 002 | Step 540 | lr=9.938442e-04 | loss=19.519543
Epoch 002 | Step 550 | lr=9.938442e-04 | loss=21.815125
Epoch 002 | Step 560 | lr=9.938442e-04 | loss=22.356565
Epoch 002 | Step 570 | lr=9.938442e-04 | loss=20.291573
Epoch 002 | Step 580 | lr=9.938442e-04 | loss=20.450783
Epoch 002 | Step 590 | lr=9.938442e-04 | loss=21.245749
Epoch 002 | Step 600 | lr=9.938442e-04 | loss=18.360119
Epoch 002 | Step 610 | lr=9.938442e-04 | loss=18.411400
Epoch 002 | Step 620 | lr=9.938442e-04 | loss=19.996681
Epoch 002 | Step 630 | lr=9.938442e-04 | loss=19.765696
Epoch 002 | Step 640 | lr=9.938442e-04 | loss=22.320389
Epoch 002 | Step 650 | lr=9.938442e-04 | loss=71.515358
Epoch 002 | Step 660 | lr=9.938442e-04 | loss=81.134895
Epoch 002 | Step 670 | lr=9.938442e-04 | loss=64.488739
Epoch 002 | Step 680 | lr=9.938442e-04 | loss=87.943474
Epoch 002 | Step 690 | lr=9.938442e-04 | loss=28.217192
Epoch 002 | Step 700 | lr=9.938442e-04 | loss=42.272747
Epoch 002 | Step 710 | lr=9.938442e-04 | loss=34.682064
Epoch 002 | Step 720 | lr=9.938442e-04 | loss=32.723927
Epoch 002 | Step 730 | lr=9.938442e-04 | loss=37.317368
Epoch 002 | Step 740 | lr=9.938442e-04 | loss=27.399002
Epoch 002 | Step 750 | lr=9.938442e-04 | loss=34.681763
Epoch 002 | Step 760 | lr=9.938442e-04 | loss=23.711868
Epoch 002 | Step 770 | lr=9.938442e-04 | loss=22.457886
Epoch 002 | Step 780 | lr=9.938442e-04 | loss=22.365730
Epoch 002 | Step 790 | lr=9.938442e-04 | loss=29.125870
Epoch 002 | Step 800 | lr=9.938442e-04 | loss=22.732376
Epoch 002 | Step 810 | lr=9.938442e-04 | loss=21.071001
Epoch 002 | Step 820 | lr=9.938442e-04 | loss=19.675159
Epoch 002 | Step 830 | lr=9.938442e-04 | loss=18.456541
Epoch 002 | Step 840 | lr=9.938442e-04 | loss=17.642513
Epoch 002 | Step 850 | lr=9.938442e-04 | loss=18.441767
Epoch 002 | Step 860 | lr=9.938442e-04 | loss=20.752003
Epoch 002 | Step 870 | lr=9.938442e-04 | loss=18.461054
Epoch 002 | Step 880 | lr=9.938442e-04 | loss=20.022886
Epoch 002 | Step 890 | lr=9.938442e-04 | loss=19.745708
Epoch 002 | Step 900 | lr=9.938442e-04 | loss=19.963699
Epoch 002 | Step 910 | lr=9.938442e-04 | loss=20.043114
Epoch 002 | Step 920 | lr=9.938442e-04 | loss=19.196640
Epoch 002 | Step 930 | lr=9.938442e-04 | loss=20.853495
Epoch 002 | Step 940 | lr=9.938442e-04 | loss=19.719820
Epoch 002 | Step 950 | lr=9.938442e-04 | loss=18.131969
Epoch 002 | Step 960 | lr=9.938442e-04 | loss=21.299805
epoch 002 | train_kld=24.508585 | val_kld=9.169666 | val_mae=0.014988 | val_mse=0.001653 | ord_acc@10=0.1730 | recall@10=0.7737
Epoch 003 | Step 10 | lr=9.755283e-04 | loss=19.565760
Epoch 003 | Step 20 | lr=9.755283e-04 | loss=20.186489
Epoch 003 | Step 30 | lr=9.755283e-04 | loss=21.627975
Epoch 003 | Step 40 | lr=9.755283e-04 | loss=20.017136
Epoch 003 | Step 50 | lr=9.755283e-04 | loss=20.409487
Epoch 003 | Step 60 | lr=9.755283e-04 | loss=21.451008
Epoch 003 | Step 70 | lr=9.755283e-04 | loss=21.943419
Epoch 003 | Step 80 | lr=9.755283e-04 | loss=21.253462
Epoch 003 | Step 90 | lr=9.755283e-04 | loss=20.109453
Epoch 003 | Step 100 | lr=9.755283e-04 | loss=21.379089
Epoch 003 | Step 110 | lr=9.755283e-04 | loss=21.071278
Epoch 003 | Step 120 | lr=9.755283e-04 | loss=19.883644
Epoch 003 | Step 130 | lr=9.755283e-04 | loss=21.530485
Epoch 003 | Step 140 | lr=9.755283e-04 | loss=19.876011
Epoch 003 | Step 150 | lr=9.755283e-04 | loss=21.656021
Epoch 003 | Step 160 | lr=9.755283e-04 | loss=21.332834
Epoch 003 | Step 170 | lr=9.755283e-04 | loss=25.126421
Epoch 003 | Step 180 | lr=9.755283e-04 | loss=44.910286
Epoch 003 | Step 190 | lr=9.755283e-04 | loss=100.447044
Epoch 003 | Step 200 | lr=9.755283e-04 | loss=54.984993
Epoch 003 | Step 210 | lr=9.755283e-04 | loss=102.278809
Epoch 003 | Step 220 | lr=9.755283e-04 | loss=86.342606
Epoch 003 | Step 230 | lr=9.755283e-04 | loss=37.523430
Epoch 003 | Step 240 | lr=9.755283e-04 | loss=35.047897
Epoch 003 | Step 250 | lr=9.755283e-04 | loss=28.826786
Epoch 003 | Step 260 | lr=9.755283e-04 | loss=32.441162
Epoch 003 | Step 270 | lr=9.755283e-04 | loss=24.777504
Epoch 003 | Step 280 | lr=9.755283e-04 | loss=21.416147
Epoch 003 | Step 290 | lr=9.755283e-04 | loss=22.106106
Epoch 003 | Step 300 | lr=9.755283e-04 | loss=19.955532
Epoch 003 | Step 310 | lr=9.755283e-04 | loss=19.971640
Epoch 003 | Step 320 | lr=9.755283e-04 | loss=18.733650
Epoch 003 | Step 330 | lr=9.755283e-04 | loss=19.718000
Epoch 003 | Step 340 | lr=9.755283e-04 | loss=19.856171
Epoch 003 | Step 350 | lr=9.755283e-04 | loss=20.058676
Epoch 003 | Step 360 | lr=9.755283e-04 | loss=20.189276
Epoch 003 | Step 370 | lr=9.755283e-04 | loss=18.922014
Epoch 003 | Step 380 | lr=9.755283e-04 | loss=20.507290
Epoch 003 | Step 390 | lr=9.755283e-04 | loss=22.031126
Epoch 003 | Step 400 | lr=9.755283e-04 | loss=24.672613
Epoch 003 | Step 410 | lr=9.755283e-04 | loss=22.192366
Epoch 003 | Step 420 | lr=9.755283e-04 | loss=21.810028
Epoch 003 | Step 430 | lr=9.755283e-04 | loss=22.087078
Epoch 003 | Step 440 | lr=9.755283e-04 | loss=22.094761
Epoch 003 | Step 450 | lr=9.755283e-04 | loss=20.784029
Epoch 003 | Step 460 | lr=9.755283e-04 | loss=19.970989
Epoch 003 | Step 470 | lr=9.755283e-04 | loss=22.735952
Epoch 003 | Step 480 | lr=9.755283e-04 | loss=23.728580
Epoch 003 | Step 490 | lr=9.755283e-04 | loss=21.402153
Epoch 003 | Step 500 | lr=9.755283e-04 | loss=20.958340
Epoch 003 | Step 510 | lr=9.755283e-04 | loss=22.594845
Epoch 003 | Step 520 | lr=9.755283e-04 | loss=20.878872
Epoch 003 | Step 530 | lr=9.755283e-04 | loss=22.099754
Epoch 003 | Step 540 | lr=9.755283e-04 | loss=20.288918
Epoch 003 | Step 550 | lr=9.755283e-04 | loss=22.415264
Epoch 003 | Step 560 | lr=9.755283e-04 | loss=19.586086
Epoch 003 | Step 570 | lr=9.755283e-04 | loss=21.417482
Epoch 003 | Step 580 | lr=9.755283e-04 | loss=20.999369
Epoch 003 | Step 590 | lr=9.755283e-04 | loss=21.019894
Epoch 003 | Step 600 | lr=9.755283e-04 | loss=24.344090
Epoch 003 | Step 610 | lr=9.755283e-04 | loss=21.771431
Epoch 003 | Step 620 | lr=9.755283e-04 | loss=20.896809
Epoch 003 | Step 630 | lr=9.755283e-04 | loss=20.763443
Epoch 003 | Step 640 | lr=9.755283e-04 | loss=20.781387
Epoch 003 | Step 650 | lr=9.755283e-04 | loss=20.281195
Epoch 003 | Step 660 | lr=9.755283e-04 | loss=22.140770
Epoch 003 | Step 670 | lr=9.755283e-04 | loss=23.518175
Epoch 003 | Step 680 | lr=9.755283e-04 | loss=22.807697
Epoch 003 | Step 690 | lr=9.755283e-04 | loss=22.594774
Epoch 003 | Step 700 | lr=9.755283e-04 | loss=23.107765
Epoch 003 | Step 710 | lr=9.755283e-04 | loss=21.707294
Epoch 003 | Step 720 | lr=9.755283e-04 | loss=20.265791
Epoch 003 | Step 730 | lr=9.755283e-04 | loss=21.904795
Epoch 003 | Step 740 | lr=9.755283e-04 | loss=21.727825
Epoch 003 | Step 750 | lr=9.755283e-04 | loss=27.852959
Epoch 003 | Step 760 | lr=9.755283e-04 | loss=102.925415
Epoch 003 | Step 770 | lr=9.755283e-04 | loss=64.757774
Epoch 003 | Step 780 | lr=9.755283e-04 | loss=85.012344
Epoch 003 | Step 790 | lr=9.755283e-04 | loss=81.947495
Epoch 003 | Step 800 | lr=9.755283e-04 | loss=84.145149
Epoch 003 | Step 810 | lr=9.755283e-04 | loss=90.304047
Epoch 003 | Step 820 | lr=9.755283e-04 | loss=50.768639
Epoch 003 | Step 830 | lr=9.755283e-04 | loss=72.090942
Epoch 003 | Step 840 | lr=9.755283e-04 | loss=32.380733
Epoch 003 | Step 850 | lr=9.755283e-04 | loss=32.412987
Epoch 003 | Step 860 | lr=9.755283e-04 | loss=54.269726
Epoch 003 | Step 870 | lr=9.755283e-04 | loss=29.239765
Epoch 003 | Step 880 | lr=9.755283e-04 | loss=28.630363
Epoch 003 | Step 890 | lr=9.755283e-04 | loss=26.893101
Epoch 003 | Step 900 | lr=9.755283e-04 | loss=33.406128
Epoch 003 | Step 910 | lr=9.755283e-04 | loss=25.281616
Epoch 003 | Step 920 | lr=9.755283e-04 | loss=20.594593
Epoch 003 | Step 930 | lr=9.755283e-04 | loss=22.938160
Epoch 003 | Step 940 | lr=9.755283e-04 | loss=21.886230
Epoch 003 | Step 950 | lr=9.755283e-04 | loss=22.677612
Epoch 003 | Step 960 | lr=9.755283e-04 | loss=19.931866
epoch 003 | train_kld=29.606908 | val_kld=8.998605 | val_mae=0.014987 | val_mse=0.001653 | ord_acc@10=0.1751 | recall@10=0.7766
Epoch 004 | Step 10 | lr=9.455033e-04 | loss=21.506184
Epoch 004 | Step 20 | lr=9.455033e-04 | loss=22.195862
Epoch 004 | Step 30 | lr=9.455033e-04 | loss=21.205656
Epoch 004 | Step 40 | lr=9.455033e-04 | loss=22.652235
Epoch 004 | Step 50 | lr=9.455033e-04 | loss=20.864056
Epoch 004 | Step 60 | lr=9.455033e-04 | loss=20.874165
Epoch 004 | Step 70 | lr=9.455033e-04 | loss=22.307911
Epoch 004 | Step 80 | lr=9.455033e-04 | loss=22.602751
Epoch 004 | Step 90 | lr=9.455033e-04 | loss=23.669785
Epoch 004 | Step 100 | lr=9.455033e-04 | loss=21.748684
Epoch 004 | Step 110 | lr=9.455033e-04 | loss=22.789879
Epoch 004 | Step 120 | lr=9.455033e-04 | loss=22.243603
Epoch 004 | Step 130 | lr=9.455033e-04 | loss=25.921762
Epoch 004 | Step 140 | lr=9.455033e-04 | loss=24.052013
Epoch 004 | Step 150 | lr=9.455033e-04 | loss=21.356018
Epoch 004 | Step 160 | lr=9.455033e-04 | loss=22.120396
Epoch 004 | Step 170 | lr=9.455033e-04 | loss=21.761383
Epoch 004 | Step 180 | lr=9.455033e-04 | loss=20.260729
Epoch 004 | Step 190 | lr=9.455033e-04 | loss=21.291876
Epoch 004 | Step 200 | lr=9.455033e-04 | loss=21.222603
Epoch 004 | Step 210 | lr=9.455033e-04 | loss=21.322605
Epoch 004 | Step 220 | lr=9.455033e-04 | loss=20.489002
Epoch 004 | Step 230 | lr=9.455033e-04 | loss=21.427799
Epoch 004 | Step 240 | lr=9.455033e-04 | loss=20.514679
Epoch 004 | Step 250 | lr=9.455033e-04 | loss=23.479750
Epoch 004 | Step 260 | lr=9.455033e-04 | loss=22.317854
Epoch 004 | Step 270 | lr=9.455033e-04 | loss=23.020588
Epoch 004 | Step 280 | lr=9.455033e-04 | loss=21.112259
Epoch 004 | Step 290 | lr=9.455033e-04 | loss=21.143059
Epoch 004 | Step 300 | lr=9.455033e-04 | loss=22.658916
Epoch 004 | Step 310 | lr=9.455033e-04 | loss=21.930466
Epoch 004 | Step 320 | lr=9.455033e-04 | loss=23.197559
Epoch 004 | Step 330 | lr=9.455033e-04 | loss=21.499542
Epoch 004 | Step 340 | lr=9.455033e-04 | loss=23.502800
Epoch 004 | Step 350 | lr=9.455033e-04 | loss=19.822062
Epoch 004 | Step 360 | lr=9.455033e-04 | loss=22.571697
Epoch 004 | Step 370 | lr=9.455033e-04 | loss=20.963488
Epoch 004 | Step 380 | lr=9.455033e-04 | loss=19.093611
Epoch 004 | Step 390 | lr=9.455033e-04 | loss=22.066402
Epoch 004 | Step 400 | lr=9.455033e-04 | loss=23.282185
Epoch 004 | Step 410 | lr=9.455033e-04 | loss=20.432510
Epoch 004 | Step 420 | lr=9.455033e-04 | loss=22.002308
Epoch 004 | Step 430 | lr=9.455033e-04 | loss=21.735516
Epoch 004 | Step 440 | lr=9.455033e-04 | loss=23.510475
Epoch 004 | Step 450 | lr=9.455033e-04 | loss=21.312292
Epoch 004 | Step 460 | lr=9.455033e-04 | loss=21.448263
Epoch 004 | Step 470 | lr=9.455033e-04 | loss=22.746109
Epoch 004 | Step 480 | lr=9.455033e-04 | loss=23.864437
Epoch 004 | Step 490 | lr=9.455033e-04 | loss=20.335037
Epoch 004 | Step 500 | lr=9.455033e-04 | loss=22.435741
Epoch 004 | Step 510 | lr=9.455033e-04 | loss=25.567566
Epoch 004 | Step 520 | lr=9.455033e-04 | loss=20.953197
Epoch 004 | Step 530 | lr=9.455033e-04 | loss=21.122490
Epoch 004 | Step 540 | lr=9.455033e-04 | loss=21.304596
Epoch 004 | Step 550 | lr=9.455033e-04 | loss=22.199787
Epoch 004 | Step 560 | lr=9.455033e-04 | loss=31.023243
Epoch 004 | Step 570 | lr=9.455033e-04 | loss=39.301674
Epoch 004 | Step 580 | lr=9.455033e-04 | loss=47.853058
Epoch 004 | Step 590 | lr=9.455033e-04 | loss=92.616760
Epoch 004 | Step 600 | lr=9.455033e-04 | loss=28.925291
Epoch 004 | Step 610 | lr=9.455033e-04 | loss=36.030418
Epoch 004 | Step 620 | lr=9.455033e-04 | loss=41.158424
Epoch 004 | Step 630 | lr=9.455033e-04 | loss=44.261978
Epoch 004 | Step 640 | lr=9.455033e-04 | loss=42.957359
Epoch 004 | Step 650 | lr=9.455033e-04 | loss=26.733459
Epoch 004 | Step 660 | lr=9.455033e-04 | loss=21.123104
Epoch 004 | Step 670 | lr=9.455033e-04 | loss=41.721115
Epoch 004 | Step 680 | lr=9.455033e-04 | loss=26.449963
Epoch 004 | Step 690 | lr=9.455033e-04 | loss=26.286850
Epoch 004 | Step 700 | lr=9.455033e-04 | loss=37.201851
Epoch 004 | Step 710 | lr=9.455033e-04 | loss=36.729748
Epoch 004 | Step 720 | lr=9.455033e-04 | loss=30.275124
Epoch 004 | Step 730 | lr=9.455033e-04 | loss=23.860155
Epoch 004 | Step 740 | lr=9.455033e-04 | loss=23.931810
Epoch 004 | Step 750 | lr=9.455033e-04 | loss=21.191971
Epoch 004 | Step 760 | lr=9.455033e-04 | loss=23.009848
Epoch 004 | Step 770 | lr=9.455033e-04 | loss=19.607605
Epoch 004 | Step 780 | lr=9.455033e-04 | loss=20.694799
Epoch 004 | Step 790 | lr=9.455033e-04 | loss=19.801912
Epoch 004 | Step 800 | lr=9.455033e-04 | loss=20.271206
Epoch 004 | Step 810 | lr=9.455033e-04 | loss=20.458443
Epoch 004 | Step 820 | lr=9.455033e-04 | loss=21.425409
Epoch 004 | Step 830 | lr=9.455033e-04 | loss=22.148636
Epoch 004 | Step 840 | lr=9.455033e-04 | loss=20.958511
Epoch 004 | Step 850 | lr=9.455033e-04 | loss=21.471472
Epoch 004 | Step 860 | lr=9.455033e-04 | loss=21.484192
Epoch 004 | Step 870 | lr=9.455033e-04 | loss=20.699539
Epoch 004 | Step 880 | lr=9.455033e-04 | loss=20.766106
Epoch 004 | Step 890 | lr=9.455033e-04 | loss=22.441021
Epoch 004 | Step 900 | lr=9.455033e-04 | loss=22.086967
Epoch 004 | Step 910 | lr=9.455033e-04 | loss=22.381989
Epoch 004 | Step 920 | lr=9.455033e-04 | loss=22.092133
Epoch 004 | Step 930 | lr=9.455033e-04 | loss=21.940784
Epoch 004 | Step 940 | lr=9.455033e-04 | loss=20.565899
Epoch 004 | Step 950 | lr=9.455033e-04 | loss=22.587109
Epoch 004 | Step 960 | lr=9.455033e-04 | loss=21.204590
epoch 004 | train_kld=25.295068 | val_kld=8.817200 | val_mae=0.014988 | val_mse=0.001653 | ord_acc@10=0.1691 | recall@10=0.7807
Epoch 005 | Step 10 | lr=9.045085e-04 | loss=23.371960
Epoch 005 | Step 20 | lr=9.045085e-04 | loss=20.765984
Epoch 005 | Step 30 | lr=9.045085e-04 | loss=20.991722
Epoch 005 | Step 40 | lr=9.045085e-04 | loss=20.550499
Epoch 005 | Step 50 | lr=9.045085e-04 | loss=20.578749
Epoch 005 | Step 60 | lr=9.045085e-04 | loss=23.315586
Epoch 005 | Step 70 | lr=9.045085e-04 | loss=24.072191
Epoch 005 | Step 80 | lr=9.045085e-04 | loss=22.066391
Epoch 005 | Step 90 | lr=9.045085e-04 | loss=20.181240
Epoch 005 | Step 100 | lr=9.045085e-04 | loss=22.217724
Epoch 005 | Step 110 | lr=9.045085e-04 | loss=21.017323
Epoch 005 | Step 120 | lr=9.045085e-04 | loss=25.016109
Epoch 005 | Step 130 | lr=9.045085e-04 | loss=23.556652
Epoch 005 | Step 140 | lr=9.045085e-04 | loss=22.253639
Epoch 005 | Step 150 | lr=9.045085e-04 | loss=23.949076
Epoch 005 | Step 160 | lr=9.045085e-04 | loss=22.989775
Epoch 005 | Step 170 | lr=9.045085e-04 | loss=21.294334
Epoch 005 | Step 180 | lr=9.045085e-04 | loss=21.858625
Epoch 005 | Step 190 | lr=9.045085e-04 | loss=20.896765
Epoch 005 | Step 200 | lr=9.045085e-04 | loss=22.220287
Epoch 005 | Step 210 | lr=9.045085e-04 | loss=22.363926
Epoch 005 | Step 220 | lr=9.045085e-04 | loss=23.538675
Epoch 005 | Step 230 | lr=9.045085e-04 | loss=24.061932
Epoch 005 | Step 240 | lr=9.045085e-04 | loss=21.830418
Epoch 005 | Step 250 | lr=9.045085e-04 | loss=21.697033
Epoch 005 | Step 260 | lr=9.045085e-04 | loss=23.141106
Epoch 005 | Step 270 | lr=9.045085e-04 | loss=23.659231
Epoch 005 | Step 280 | lr=9.045085e-04 | loss=21.312288
Epoch 005 | Step 290 | lr=9.045085e-04 | loss=21.889404
Epoch 005 | Step 300 | lr=9.045085e-04 | loss=25.434185
Epoch 005 | Step 310 | lr=9.045085e-04 | loss=24.082451
Epoch 005 | Step 320 | lr=9.045085e-04 | loss=22.474216
Epoch 005 | Step 330 | lr=9.045085e-04 | loss=21.668816
Epoch 005 | Step 340 | lr=9.045085e-04 | loss=23.051334
Epoch 005 | Step 350 | lr=9.045085e-04 | loss=21.979179
Epoch 005 | Step 360 | lr=9.045085e-04 | loss=22.671717
Epoch 005 | Step 370 | lr=9.045085e-04 | loss=22.643503
Epoch 005 | Step 380 | lr=9.045085e-04 | loss=21.902233
Epoch 005 | Step 390 | lr=9.045085e-04 | loss=23.005163
Epoch 005 | Step 400 | lr=9.045085e-04 | loss=22.048431
Epoch 005 | Step 410 | lr=9.045085e-04 | loss=22.933346
Epoch 005 | Step 420 | lr=9.045085e-04 | loss=23.482246
Epoch 005 | Step 430 | lr=9.045085e-04 | loss=22.630680
Epoch 005 | Step 440 | lr=9.045085e-04 | loss=21.502094
Epoch 005 | Step 450 | lr=9.045085e-04 | loss=23.133411
Epoch 005 | Step 460 | lr=9.045085e-04 | loss=21.884274
Epoch 005 | Step 470 | lr=9.045085e-04 | loss=24.708300
Epoch 005 | Step 480 | lr=9.045085e-04 | loss=23.159065
Epoch 005 | Step 490 | lr=9.045085e-04 | loss=23.656664
Epoch 005 | Step 500 | lr=9.045085e-04 | loss=21.266121
Epoch 005 | Step 510 | lr=9.045085e-04 | loss=23.759264
Epoch 005 | Step 520 | lr=9.045085e-04 | loss=24.041410
Epoch 005 | Step 530 | lr=9.045085e-04 | loss=21.353327
Epoch 005 | Step 540 | lr=9.045085e-04 | loss=27.032158
Epoch 005 | Step 550 | lr=9.045085e-04 | loss=22.174114
Epoch 005 | Step 560 | lr=9.045085e-04 | loss=25.254648
Epoch 005 | Step 570 | lr=9.045085e-04 | loss=24.657003
Epoch 005 | Step 580 | lr=9.045085e-04 | loss=25.454706
Epoch 005 | Step 590 | lr=9.045085e-04 | loss=23.956764
Epoch 005 | Step 600 | lr=9.045085e-04 | loss=24.705738
Epoch 005 | Step 610 | lr=9.045085e-04 | loss=23.825953
Epoch 005 | Step 620 | lr=9.045085e-04 | loss=21.663689
Epoch 005 | Step 630 | lr=9.045085e-04 | loss=24.903236
Epoch 005 | Step 640 | lr=9.045085e-04 | loss=24.226088
Epoch 005 | Step 650 | lr=9.045085e-04 | loss=22.766623
Epoch 005 | Step 660 | lr=9.045085e-04 | loss=23.033379
Epoch 005 | Step 670 | lr=9.045085e-04 | loss=22.245934
Epoch 005 | Step 680 | lr=9.045085e-04 | loss=24.092709
Epoch 005 | Step 690 | lr=9.045085e-04 | loss=24.320992
Epoch 005 | Step 700 | lr=9.045085e-04 | loss=22.512690
Epoch 005 | Step 710 | lr=9.045085e-04 | loss=23.908031
Epoch 005 | Step 720 | lr=9.045085e-04 | loss=21.530310
Epoch 005 | Step 730 | lr=9.045085e-04 | loss=22.684544
Epoch 005 | Step 740 | lr=9.045085e-04 | loss=23.946507
Epoch 005 | Step 750 | lr=9.045085e-04 | loss=22.517820
Epoch 005 | Step 760 | lr=9.045085e-04 | loss=24.333817
Epoch 005 | Step 770 | lr=9.045085e-04 | loss=25.272591
Epoch 005 | Step 780 | lr=9.045085e-04 | loss=23.210360
Epoch 005 | Step 790 | lr=9.045085e-04 | loss=23.943941
Epoch 005 | Step 800 | lr=9.045085e-04 | loss=23.895206
Epoch 005 | Step 810 | lr=9.045085e-04 | loss=21.325111
Epoch 005 | Step 820 | lr=9.045085e-04 | loss=20.742863
Epoch 005 | Step 830 | lr=9.045085e-04 | loss=26.188284
Epoch 005 | Step 840 | lr=9.045085e-04 | loss=22.453695
Epoch 005 | Step 850 | lr=9.045085e-04 | loss=23.956766
Epoch 005 | Step 860 | lr=9.045085e-04 | loss=22.253628
Epoch 005 | Step 870 | lr=9.045085e-04 | loss=26.077991
Epoch 005 | Step 880 | lr=9.045085e-04 | loss=22.222851
Epoch 005 | Step 890 | lr=9.045085e-04 | loss=25.690681
Epoch 005 | Step 900 | lr=9.045085e-04 | loss=20.937803
Epoch 005 | Step 910 | lr=9.045085e-04 | loss=24.715994
Epoch 005 | Step 920 | lr=9.045085e-04 | loss=22.607628
Epoch 005 | Step 930 | lr=9.045085e-04 | loss=26.290882
Epoch 005 | Step 940 | lr=9.045085e-04 | loss=101.511253
Epoch 005 | Step 950 | lr=9.045085e-04 | loss=70.642174
Epoch 005 | Step 960 | lr=9.045085e-04 | loss=38.713905
epoch 005 | train_kld=25.425934 | val_kld=43.339519 | val_mae=0.014811 | val_mse=0.001635 | ord_acc@10=0.0484 | recall@10=0.4609
Epoch 006 | Step 10 | lr=8.535534e-04 | loss=44.490303
Epoch 006 | Step 20 | lr=8.535534e-04 | loss=32.724831
Epoch 006 | Step 30 | lr=8.535534e-04 | loss=43.078911
Epoch 006 | Step 40 | lr=8.535534e-04 | loss=33.799297
Epoch 006 | Step 50 | lr=8.535534e-04 | loss=33.160595
Epoch 006 | Step 60 | lr=8.535534e-04 | loss=26.878231
Epoch 006 | Step 70 | lr=8.535534e-04 | loss=34.404762
Epoch 006 | Step 80 | lr=8.535534e-04 | loss=22.899082
Epoch 006 | Step 90 | lr=8.535534e-04 | loss=54.723694
Epoch 006 | Step 100 | lr=8.535534e-04 | loss=30.533163
Epoch 006 | Step 110 | lr=8.535534e-04 | loss=33.972786
Epoch 006 | Step 120 | lr=8.535534e-04 | loss=31.030134
Epoch 006 | Step 130 | lr=8.535534e-04 | loss=59.622829
Epoch 006 | Step 140 | lr=8.535534e-04 | loss=23.426893
Epoch 006 | Step 150 | lr=8.535534e-04 | loss=25.672119
Epoch 006 | Step 160 | lr=8.535534e-04 | loss=21.030457
Epoch 006 | Step 170 | lr=8.535534e-04 | loss=22.810448
Epoch 006 | Step 180 | lr=8.535534e-04 | loss=22.914932
Epoch 006 | Step 190 | lr=8.535534e-04 | loss=20.368458
Epoch 006 | Step 200 | lr=8.535534e-04 | loss=21.908978
Epoch 006 | Step 210 | lr=8.535534e-04 | loss=22.198174
Epoch 006 | Step 220 | lr=8.535534e-04 | loss=21.015430
Epoch 006 | Step 230 | lr=8.535534e-04 | loss=21.659277
Epoch 006 | Step 240 | lr=8.535534e-04 | loss=21.176775
Epoch 006 | Step 250 | lr=8.535534e-04 | loss=21.417885
Epoch 006 | Step 260 | lr=8.535534e-04 | loss=21.446075
Epoch 006 | Step 270 | lr=8.535534e-04 | loss=21.209938
Epoch 006 | Step 280 | lr=8.535534e-04 | loss=21.661282
Epoch 006 | Step 290 | lr=8.535534e-04 | loss=20.530155
Epoch 006 | Step 300 | lr=8.535534e-04 | loss=21.592022
Epoch 006 | Step 310 | lr=8.535534e-04 | loss=21.917709
Epoch 006 | Step 320 | lr=8.535534e-04 | loss=18.826908
Epoch 006 | Step 330 | lr=8.535534e-04 | loss=19.855431
Epoch 006 | Step 340 | lr=8.535534e-04 | loss=20.168404
Epoch 006 | Step 350 | lr=8.535534e-04 | loss=21.048180
Epoch 006 | Step 360 | lr=8.535534e-04 | loss=19.665623
Epoch 006 | Step 370 | lr=8.535534e-04 | loss=20.396654
Epoch 006 | Step 380 | lr=8.535534e-04 | loss=20.070898
Epoch 006 | Step 390 | lr=8.535534e-04 | loss=20.447958
Epoch 006 | Step 400 | lr=8.535534e-04 | loss=19.462957
Epoch 006 | Step 410 | lr=8.535534e-04 | loss=21.866344
Epoch 006 | Step 420 | lr=8.535534e-04 | loss=20.571041
Epoch 006 | Step 430 | lr=8.535534e-04 | loss=20.119596
Epoch 006 | Step 440 | lr=8.535534e-04 | loss=21.358461
Epoch 006 | Step 450 | lr=8.535534e-04 | loss=20.453066
Epoch 006 | Step 460 | lr=8.535534e-04 | loss=19.462982
Epoch 006 | Step 470 | lr=8.535534e-04 | loss=20.427418
Epoch 006 | Step 480 | lr=8.535534e-04 | loss=20.122147
Epoch 006 | Step 490 | lr=8.535534e-04 | loss=18.998701
Epoch 006 | Step 500 | lr=8.535534e-04 | loss=19.070518
Epoch 006 | Step 510 | lr=8.535534e-04 | loss=22.135653
Epoch 006 | Step 520 | lr=8.535534e-04 | loss=20.014427
Epoch 006 | Step 530 | lr=8.535534e-04 | loss=21.922764
Epoch 006 | Step 540 | lr=8.535534e-04 | loss=20.889067
Epoch 006 | Step 550 | lr=8.535534e-04 | loss=22.071522
Epoch 006 | Step 560 | lr=8.535534e-04 | loss=22.017653
Epoch 006 | Step 570 | lr=8.535534e-04 | loss=19.475780
Epoch 006 | Step 580 | lr=8.535534e-04 | loss=20.730042
Epoch 006 | Step 590 | lr=8.535534e-04 | loss=20.463287
Epoch 006 | Step 600 | lr=8.535534e-04 | loss=20.617201
Epoch 006 | Step 610 | lr=8.535534e-04 | loss=20.730042
Epoch 006 | Step 620 | lr=8.535534e-04 | loss=20.027241
Epoch 006 | Step 630 | lr=8.535534e-04 | loss=19.037163
Epoch 006 | Step 640 | lr=8.535534e-04 | loss=19.547596
Epoch 006 | Step 650 | lr=8.535534e-04 | loss=20.560755
Epoch 006 | Step 660 | lr=8.535534e-04 | loss=21.168652
Epoch 006 | Step 670 | lr=8.535534e-04 | loss=21.766287
Epoch 006 | Step 680 | lr=8.535534e-04 | loss=22.715324
Epoch 006 | Step 690 | lr=8.535534e-04 | loss=22.738413
Epoch 006 | Step 700 | lr=8.535534e-04 | loss=20.558187
Epoch 006 | Step 710 | lr=8.535534e-04 | loss=22.163853
Epoch 006 | Step 720 | lr=8.535534e-04 | loss=23.010294
Epoch 006 | Step 730 | lr=8.535534e-04 | loss=21.935574
Epoch 006 | Step 740 | lr=8.535534e-04 | loss=22.630678
Epoch 006 | Step 750 | lr=8.535534e-04 | loss=23.623323
Epoch 006 | Step 760 | lr=8.535534e-04 | loss=20.719784
Epoch 006 | Step 770 | lr=8.535534e-04 | loss=23.100067
Epoch 006 | Step 780 | lr=8.535534e-04 | loss=20.401726
Epoch 006 | Step 790 | lr=8.535534e-04 | loss=19.586065
Epoch 006 | Step 800 | lr=8.535534e-04 | loss=22.389572
Epoch 006 | Step 810 | lr=8.535534e-04 | loss=21.899664
Epoch 006 | Step 820 | lr=8.535534e-04 | loss=21.025011
Epoch 006 | Step 830 | lr=8.535534e-04 | loss=22.669153
Epoch 006 | Step 840 | lr=8.535534e-04 | loss=17.934231
Epoch 006 | Step 850 | lr=8.535534e-04 | loss=19.060249
Epoch 006 | Step 860 | lr=8.535534e-04 | loss=20.122143
Epoch 006 | Step 870 | lr=8.535534e-04 | loss=20.147793
Epoch 006 | Step 880 | lr=8.535534e-04 | loss=19.999025
Epoch 006 | Step 890 | lr=8.535534e-04 | loss=19.337269
Epoch 006 | Step 900 | lr=8.535534e-04 | loss=21.876579
Epoch 006 | Step 910 | lr=8.535534e-04 | loss=24.120922
Epoch 006 | Step 920 | lr=8.535534e-04 | loss=19.296225
Epoch 006 | Step 930 | lr=8.535534e-04 | loss=19.167976
Epoch 006 | Step 940 | lr=8.535534e-04 | loss=18.172775
Epoch 006 | Step 950 | lr=8.535534e-04 | loss=21.260986
Epoch 006 | Step 960 | lr=8.535534e-04 | loss=24.777554
epoch 006 | train_kld=24.089188 | val_kld=8.835446 | val_mae=0.014989 | val_mse=0.001653 | ord_acc@10=0.1829 | recall@10=0.7778
Epoch 007 | Step 10 | lr=7.938926e-04 | loss=19.293684
Epoch 007 | Step 20 | lr=7.938926e-04 | loss=20.732605
Epoch 007 | Step 30 | lr=7.938926e-04 | loss=19.473207
Epoch 007 | Step 40 | lr=7.938926e-04 | loss=22.002262
Epoch 007 | Step 50 | lr=7.938926e-04 | loss=22.576813
Epoch 007 | Step 60 | lr=7.938926e-04 | loss=22.092037
Epoch 007 | Step 70 | lr=7.938926e-04 | loss=20.088799
Epoch 007 | Step 80 | lr=7.938926e-04 | loss=19.468079
Epoch 007 | Step 90 | lr=7.938926e-04 | loss=23.102631
Epoch 007 | Step 100 | lr=7.938926e-04 | loss=22.566555
Epoch 007 | Step 110 | lr=7.938926e-04 | loss=19.637365
Epoch 007 | Step 120 | lr=7.938926e-04 | loss=21.902229
Epoch 007 | Step 130 | lr=7.938926e-04 | loss=24.828854
Epoch 007 | Step 140 | lr=7.938926e-04 | loss=17.880363
Epoch 007 | Step 150 | lr=7.938926e-04 | loss=21.107094
Epoch 007 | Step 160 | lr=7.938926e-04 | loss=20.601791
Epoch 007 | Step 170 | lr=7.938926e-04 | loss=20.181137
Epoch 007 | Step 180 | lr=7.938926e-04 | loss=101.253967
Epoch 007 | Step 190 | lr=7.938926e-04 | loss=81.900864
Epoch 007 | Step 200 | lr=7.938926e-04 | loss=77.042480
Epoch 007 | Step 210 | lr=7.938926e-04 | loss=81.119522
Epoch 007 | Step 220 | lr=7.938926e-04 | loss=29.707939
Epoch 007 | Step 230 | lr=7.938926e-04 | loss=32.452644
Epoch 007 | Step 240 | lr=7.938926e-04 | loss=23.332766
Epoch 007 | Step 250 | lr=7.938926e-04 | loss=41.695019
Epoch 007 | Step 260 | lr=7.938926e-04 | loss=29.242802
Epoch 007 | Step 270 | lr=7.938926e-04 | loss=23.302940
Epoch 007 | Step 280 | lr=7.938926e-04 | loss=53.465508
Epoch 007 | Step 290 | lr=7.938926e-04 | loss=19.536531
Epoch 007 | Step 300 | lr=7.938926e-04 | loss=22.650505
Epoch 007 | Step 310 | lr=7.938926e-04 | loss=19.387739
Epoch 007 | Step 320 | lr=7.938926e-04 | loss=17.874422
Epoch 007 | Step 330 | lr=7.938926e-04 | loss=20.436052
Epoch 007 | Step 340 | lr=7.938926e-04 | loss=19.763557
Epoch 007 | Step 350 | lr=7.938926e-04 | loss=19.393948
Epoch 007 | Step 360 | lr=7.938926e-04 | loss=19.447773
Epoch 007 | Step 370 | lr=7.938926e-04 | loss=17.762459
Epoch 007 | Step 380 | lr=7.938926e-04 | loss=19.775970
Epoch 007 | Step 390 | lr=7.938926e-04 | loss=20.160728
Epoch 007 | Step 400 | lr=7.938926e-04 | loss=20.986643
Epoch 007 | Step 410 | lr=7.938926e-04 | loss=21.276390
Epoch 007 | Step 420 | lr=7.938926e-04 | loss=20.855791
Epoch 007 | Step 430 | lr=7.938926e-04 | loss=20.304262
Epoch 007 | Step 440 | lr=7.938926e-04 | loss=20.388905
Epoch 007 | Step 450 | lr=7.938926e-04 | loss=18.113792
Epoch 007 | Step 460 | lr=7.938926e-04 | loss=20.886511
Epoch 007 | Step 470 | lr=7.938926e-04 | loss=18.819153
Epoch 007 | Step 480 | lr=7.938926e-04 | loss=20.124722
Epoch 007 | Step 490 | lr=7.938926e-04 | loss=18.616522
Epoch 007 | Step 500 | lr=7.938926e-04 | loss=20.919849
Epoch 007 | Step 510 | lr=7.938926e-04 | loss=20.917286
Epoch 007 | Step 520 | lr=7.938926e-04 | loss=19.237249
Epoch 007 | Step 530 | lr=7.938926e-04 | loss=19.750225
Epoch 007 | Step 540 | lr=7.938926e-04 | loss=19.727140
Epoch 007 | Step 550 | lr=7.938926e-04 | loss=19.129507
Epoch 007 | Step 560 | lr=7.938926e-04 | loss=20.730043
Epoch 007 | Step 570 | lr=7.938926e-04 | loss=19.029474
Epoch 007 | Step 580 | lr=7.938926e-04 | loss=19.521942
Epoch 007 | Step 590 | lr=7.938926e-04 | loss=20.989105
Epoch 007 | Step 600 | lr=7.938926e-04 | loss=19.478346
Epoch 007 | Step 610 | lr=7.938926e-04 | loss=20.165749
Epoch 007 | Step 620 | lr=7.938926e-04 | loss=19.709198
Epoch 007 | Step 630 | lr=7.938926e-04 | loss=20.783916
Epoch 007 | Step 640 | lr=7.938926e-04 | loss=19.611721
Epoch 007 | Step 650 | lr=7.938926e-04 | loss=21.743206
Epoch 007 | Step 660 | lr=7.938926e-04 | loss=18.272812
Epoch 007 | Step 670 | lr=7.938926e-04 | loss=18.724239
Epoch 007 | Step 680 | lr=7.938926e-04 | loss=18.606251
Epoch 007 | Step 690 | lr=7.938926e-04 | loss=21.463621
Epoch 007 | Step 700 | lr=7.938926e-04 | loss=18.177900
Epoch 007 | Step 710 | lr=7.938926e-04 | loss=20.409428
Epoch 007 | Step 720 | lr=7.938926e-04 | loss=19.373173
Epoch 007 | Step 730 | lr=7.938926e-04 | loss=20.329906
Epoch 007 | Step 740 | lr=7.938926e-04 | loss=22.640938
Epoch 007 | Step 750 | lr=7.938926e-04 | loss=20.868549
Epoch 007 | Step 760 | lr=7.938926e-04 | loss=19.983635
Epoch 007 | Step 770 | lr=7.938926e-04 | loss=18.698589
Epoch 007 | Step 780 | lr=7.938926e-04 | loss=19.634800
Epoch 007 | Step 790 | lr=7.938926e-04 | loss=21.214821
Epoch 007 | Step 800 | lr=7.938926e-04 | loss=20.227310
Epoch 007 | Step 810 | lr=7.938926e-04 | loss=19.657888
Epoch 007 | Step 820 | lr=7.938926e-04 | loss=17.705950
Epoch 007 | Step 830 | lr=7.938926e-04 | loss=19.055119
Epoch 007 | Step 840 | lr=7.938926e-04 | loss=22.045868
Epoch 007 | Step 850 | lr=7.938926e-04 | loss=22.292103
Epoch 007 | Step 860 | lr=7.938926e-04 | loss=19.126938
Epoch 007 | Step 870 | lr=7.938926e-04 | loss=22.335709
Epoch 007 | Step 880 | lr=7.938926e-04 | loss=21.348196
Epoch 007 | Step 890 | lr=7.938926e-04 | loss=22.769188
Epoch 007 | Step 900 | lr=7.938926e-04 | loss=20.727474
Epoch 007 | Step 910 | lr=7.938926e-04 | loss=21.779110
Epoch 007 | Step 920 | lr=7.938926e-04 | loss=20.196533
Epoch 007 | Step 930 | lr=7.938926e-04 | loss=19.170544
Epoch 007 | Step 940 | lr=7.938926e-04 | loss=18.631899
Epoch 007 | Step 950 | lr=7.938926e-04 | loss=19.060247
Epoch 007 | Step 960 | lr=7.938926e-04 | loss=19.614281
epoch 007 | train_kld=23.665550 | val_kld=7.738330 | val_mae=0.014989 | val_mse=0.001653 | ord_acc@10=0.1989 | recall@10=0.7941
Epoch 008 | Step 10 | lr=7.269952e-04 | loss=21.291767
Epoch 008 | Step 20 | lr=7.269952e-04 | loss=21.979179
Epoch 008 | Step 30 | lr=7.269952e-04 | loss=22.358793
Epoch 008 | Step 40 | lr=7.269952e-04 | loss=19.983635
Epoch 008 | Step 50 | lr=7.269952e-04 | loss=18.752453
Epoch 008 | Step 60 | lr=7.269952e-04 | loss=19.111547
Epoch 008 | Step 70 | lr=7.269952e-04 | loss=20.019547
Epoch 008 | Step 80 | lr=7.269952e-04 | loss=21.363586
Epoch 008 | Step 90 | lr=7.269952e-04 | loss=19.883602
Epoch 008 | Step 100 | lr=7.269952e-04 | loss=19.409084
Epoch 008 | Step 110 | lr=7.269952e-04 | loss=20.927544
Epoch 008 | Step 120 | lr=7.269952e-04 | loss=18.778103
Epoch 008 | Step 130 | lr=7.269952e-04 | loss=20.694130
Epoch 008 | Step 140 | lr=7.269952e-04 | loss=21.812454
Epoch 008 | Step 150 | lr=7.269952e-04 | loss=20.242697
Epoch 008 | Step 160 | lr=7.269952e-04 | loss=21.289204
Epoch 008 | Step 170 | lr=7.269952e-04 | loss=18.321539
Epoch 008 | Step 180 | lr=7.269952e-04 | loss=21.163521
Epoch 008 | Step 190 | lr=7.269952e-04 | loss=21.743202
Epoch 008 | Step 200 | lr=7.269952e-04 | loss=21.407192
Epoch 008 | Step 210 | lr=7.269952e-04 | loss=20.919847
Epoch 008 | Step 220 | lr=7.269952e-04 | loss=20.755692
Epoch 008 | Step 230 | lr=7.269952e-04 | loss=21.502094
Epoch 008 | Step 240 | lr=7.269952e-04 | loss=18.947390
Epoch 008 | Step 250 | lr=7.269952e-04 | loss=19.568111
Epoch 008 | Step 260 | lr=7.269952e-04 | loss=20.966017
Epoch 008 | Step 270 | lr=7.269952e-04 | loss=19.711750
Epoch 008 | Step 280 | lr=7.269952e-04 | loss=20.478672
Epoch 008 | Step 290 | lr=7.269952e-04 | loss=19.842564
Epoch 008 | Step 300 | lr=7.269952e-04 | loss=18.926870
Epoch 008 | Step 310 | lr=7.269952e-04 | loss=18.313854
Epoch 008 | Step 320 | lr=7.269952e-04 | loss=19.924641
Epoch 008 | Step 330 | lr=7.269952e-04 | loss=18.793493
Epoch 008 | Step 340 | lr=7.269952e-04 | loss=20.563316
Epoch 008 | Step 350 | lr=7.269952e-04 | loss=18.026569
Epoch 008 | Step 360 | lr=7.269952e-04 | loss=19.555286
Epoch 008 | Step 370 | lr=7.269952e-04 | loss=22.920519
Epoch 008 | Step 380 | lr=7.269952e-04 | loss=21.063484
Epoch 008 | Step 390 | lr=7.269952e-04 | loss=21.171215
Epoch 008 | Step 400 | lr=7.269952e-04 | loss=18.885832
Epoch 008 | Step 410 | lr=7.269952e-04 | loss=19.627106
Epoch 008 | Step 420 | lr=7.269952e-04 | loss=18.108646
Epoch 008 | Step 430 | lr=7.269952e-04 | loss=19.814350
Epoch 008 | Step 440 | lr=7.269952e-04 | loss=17.936794
Epoch 008 | Step 450 | lr=7.269952e-04 | loss=19.196190
Epoch 008 | Step 460 | lr=7.269952e-04 | loss=21.268682
Epoch 008 | Step 470 | lr=7.269952e-04 | loss=19.116676
Epoch 008 | Step 480 | lr=7.269952e-04 | loss=21.350761
Epoch 008 | Step 490 | lr=7.269952e-04 | loss=20.458153
Epoch 008 | Step 500 | lr=7.269952e-04 | loss=21.714985
Epoch 008 | Step 510 | lr=7.269952e-04 | loss=18.857616
Epoch 008 | Step 520 | lr=7.269952e-04 | loss=17.636692
Epoch 008 | Step 530 | lr=7.269952e-04 | loss=22.338272
Epoch 008 | Step 540 | lr=7.269952e-04 | loss=21.758591
Epoch 008 | Step 550 | lr=7.269952e-04 | loss=20.381205
Epoch 008 | Step 560 | lr=7.269952e-04 | loss=21.768852
Epoch 008 | Step 570 | lr=7.269952e-04 | loss=21.268682
Epoch 008 | Step 580 | lr=7.269952e-04 | loss=18.478001
Epoch 008 | Step 590 | lr=7.269952e-04 | loss=18.621639
Epoch 008 | Step 600 | lr=7.269952e-04 | loss=23.733614
Epoch 008 | Step 610 | lr=7.269952e-04 | loss=21.773983
Epoch 008 | Step 620 | lr=7.269952e-04 | loss=18.719109
Epoch 008 | Step 630 | lr=7.269952e-04 | loss=19.916946
Epoch 008 | Step 640 | lr=7.269952e-04 | loss=36.991913
Epoch 008 | Step 650 | lr=7.269952e-04 | loss=67.314987
Epoch 008 | Step 660 | lr=7.269952e-04 | loss=45.765511
Epoch 008 | Step 670 | lr=7.269952e-04 | loss=119.435112
Epoch 008 | Step 680 | lr=7.269952e-04 | loss=74.838203
Epoch 008 | Step 690 | lr=7.269952e-04 | loss=45.923737
Epoch 008 | Step 700 | lr=7.269952e-04 | loss=65.118225
Epoch 008 | Step 710 | lr=7.269952e-04 | loss=95.276955
Epoch 008 | Step 720 | lr=7.269952e-04 | loss=26.479740
Epoch 008 | Step 730 | lr=7.269952e-04 | loss=27.033316
Epoch 008 | Step 740 | lr=7.269952e-04 | loss=19.932770
Epoch 008 | Step 750 | lr=7.269952e-04 | loss=18.733019
Epoch 008 | Step 760 | lr=7.269952e-04 | loss=20.868740
Epoch 008 | Step 770 | lr=7.269952e-04 | loss=18.601046
Epoch 008 | Step 780 | lr=7.269952e-04 | loss=18.733053
Epoch 008 | Step 790 | lr=7.269952e-04 | loss=20.425205
Epoch 008 | Step 800 | lr=7.269952e-04 | loss=17.685682
Epoch 008 | Step 810 | lr=7.269952e-04 | loss=17.824091
Epoch 008 | Step 820 | lr=7.269952e-04 | loss=19.014229
Epoch 008 | Step 830 | lr=7.269952e-04 | loss=18.344692
Epoch 008 | Step 840 | lr=7.269952e-04 | loss=20.004208
Epoch 008 | Step 850 | lr=7.269952e-04 | loss=20.178642
Epoch 008 | Step 860 | lr=7.269952e-04 | loss=18.760212
Epoch 008 | Step 870 | lr=7.269952e-04 | loss=20.083679
Epoch 008 | Step 880 | lr=7.269952e-04 | loss=20.953220
Epoch 008 | Step 890 | lr=7.269952e-04 | loss=19.688694
Epoch 008 | Step 900 | lr=7.269952e-04 | loss=20.604359
Epoch 008 | Step 910 | lr=7.269952e-04 | loss=18.826855
Epoch 008 | Step 920 | lr=7.269952e-04 | loss=20.422256
Epoch 008 | Step 930 | lr=7.269952e-04 | loss=18.449793
Epoch 008 | Step 940 | lr=7.269952e-04 | loss=19.126938
Epoch 008 | Step 950 | lr=7.269952e-04 | loss=20.055473
Epoch 008 | Step 960 | lr=7.269952e-04 | loss=20.660797
epoch 008 | train_kld=23.276490 | val_kld=7.925137 | val_mae=0.014989 | val_mse=0.001653 | ord_acc@10=0.1809 | recall@10=0.7921
Epoch 009 | Step 10 | lr=6.545085e-04 | loss=20.927542
Epoch 009 | Step 20 | lr=6.545085e-04 | loss=19.573246
Epoch 009 | Step 30 | lr=6.545085e-04 | loss=18.716545
Epoch 009 | Step 40 | lr=6.545085e-04 | loss=18.883266
Epoch 009 | Step 50 | lr=6.545085e-04 | loss=18.991013
Epoch 009 | Step 60 | lr=6.545085e-04 | loss=19.770742
Epoch 009 | Step 70 | lr=6.545085e-04 | loss=19.532202
Epoch 009 | Step 80 | lr=6.545085e-04 | loss=18.819141
Epoch 009 | Step 90 | lr=6.545085e-04 | loss=18.195862
Epoch 009 | Step 100 | lr=6.545085e-04 | loss=18.465176
Epoch 009 | Step 110 | lr=6.545085e-04 | loss=18.875572
Epoch 009 | Step 120 | lr=6.545085e-04 | loss=18.388229
Epoch 009 | Step 130 | lr=6.545085e-04 | loss=19.262882
Epoch 009 | Step 140 | lr=6.545085e-04 | loss=19.539896
Epoch 009 | Step 150 | lr=6.545085e-04 | loss=21.322556
Epoch 009 | Step 160 | lr=6.545085e-04 | loss=20.029804
Epoch 009 | Step 170 | lr=6.545085e-04 | loss=19.383434
Epoch 009 | Step 180 | lr=6.545085e-04 | loss=18.803753
Epoch 009 | Step 190 | lr=6.545085e-04 | loss=18.239460
Epoch 009 | Step 200 | lr=6.545085e-04 | loss=19.291096
Epoch 009 | Step 210 | lr=6.545085e-04 | loss=18.434399
Epoch 009 | Step 220 | lr=6.545085e-04 | loss=19.101288
Epoch 009 | Step 230 | lr=6.545085e-04 | loss=19.593761
Epoch 009 | Step 240 | lr=6.545085e-04 | loss=20.696701
Epoch 009 | Step 250 | lr=6.545085e-04 | loss=20.401726
Epoch 009 | Step 260 | lr=6.545085e-04 | loss=19.565546
Epoch 009 | Step 270 | lr=6.545085e-04 | loss=19.155151
Epoch 009 | Step 280 | lr=6.545085e-04 | loss=17.459711
Epoch 009 | Step 290 | lr=6.545085e-04 | loss=19.142328
Epoch 009 | Step 300 | lr=6.545085e-04 | loss=19.337265
Epoch 009 | Step 310 | lr=6.545085e-04 | loss=19.955421
Epoch 009 | Step 320 | lr=6.545085e-04 | loss=18.593426
Epoch 009 | Step 330 | lr=6.545085e-04 | loss=17.739292
Epoch 009 | Step 340 | lr=6.545085e-04 | loss=19.606586
Epoch 009 | Step 350 | lr=6.545085e-04 | loss=19.368046
Epoch 009 | Step 360 | lr=6.545085e-04 | loss=20.612053
Epoch 009 | Step 370 | lr=6.545085e-04 | loss=20.304256
Epoch 009 | Step 380 | lr=6.545085e-04 | loss=18.277935
Epoch 009 | Step 390 | lr=6.545085e-04 | loss=19.696362
Epoch 009 | Step 400 | lr=6.545085e-04 | loss=20.183704
Epoch 009 | Step 410 | lr=6.545085e-04 | loss=19.645060
Epoch 009 | Step 420 | lr=6.545085e-04 | loss=16.082325
Epoch 009 | Step 430 | lr=6.545085e-04 | loss=16.333691
Epoch 009 | Step 440 | lr=6.545085e-04 | loss=19.398830
Epoch 009 | Step 450 | lr=6.545085e-04 | loss=18.534431
Epoch 009 | Step 460 | lr=6.545085e-04 | loss=17.608479
Epoch 009 | Step 470 | lr=6.545085e-04 | loss=19.209017
Epoch 009 | Step 480 | lr=6.545085e-04 | loss=16.821035
Epoch 009 | Step 490 | lr=6.545085e-04 | loss=23.084677
Epoch 009 | Step 500 | lr=6.545085e-04 | loss=18.465178
Epoch 009 | Step 510 | lr=6.545085e-04 | loss=19.965681
Epoch 009 | Step 520 | lr=6.545085e-04 | loss=20.660786
Epoch 009 | Step 530 | lr=6.545085e-04 | loss=20.214481
Epoch 009 | Step 540 | lr=6.545085e-04 | loss=19.378304
Epoch 009 | Step 550 | lr=6.545085e-04 | loss=18.247154
Epoch 009 | Step 560 | lr=6.545085e-04 | loss=19.216713
Epoch 009 | Step 570 | lr=6.545085e-04 | loss=19.255186
Epoch 009 | Step 580 | lr=6.545085e-04 | loss=17.687992
Epoch 009 | Step 590 | lr=6.545085e-04 | loss=22.035606
Epoch 009 | Step 600 | lr=6.545085e-04 | loss=14.007269
Epoch 009 | Step 610 | lr=6.545085e-04 | loss=13.789248
Epoch 009 | Step 620 | lr=6.545085e-04 | loss=18.367708
Epoch 009 | Step 630 | lr=6.545085e-04 | loss=17.508446
Epoch 009 | Step 640 | lr=6.545085e-04 | loss=16.795385
Epoch 009 | Step 650 | lr=6.545085e-04 | loss=22.181808
Epoch 009 | Step 660 | lr=6.545085e-04 | loss=16.200314
Epoch 009 | Step 670 | lr=6.545085e-04 | loss=20.568447
Epoch 009 | Step 680 | lr=6.545085e-04 | loss=17.346853
Epoch 009 | Step 690 | lr=6.545085e-04 | loss=23.674620
Epoch 009 | Step 700 | lr=6.545085e-04 | loss=19.732269
Epoch 009 | Step 710 | lr=6.545085e-04 | loss=22.543470
Epoch 009 | Step 720 | lr=6.545085e-04 | loss=17.436626
Epoch 009 | Step 730 | lr=6.545085e-04 | loss=15.464170
Epoch 009 | Step 740 | lr=6.545085e-04 | loss=13.227525
Epoch 009 | Step 750 | lr=6.545085e-04 | loss=21.735506
Epoch 009 | Step 760 | lr=6.545085e-04 | loss=22.756363
Epoch 009 | Step 770 | lr=6.545085e-04 | loss=20.335035
Epoch 009 | Step 780 | lr=6.545085e-04 | loss=18.926870
Epoch 009 | Step 790 | lr=6.545085e-04 | loss=21.412321
Epoch 009 | Step 800 | lr=6.545085e-04 | loss=19.911816
Epoch 009 | Step 810 | lr=6.545085e-04 | loss=18.955086
Epoch 009 | Step 820 | lr=6.545085e-04 | loss=19.396259
Epoch 009 | Step 830 | lr=6.545085e-04 | loss=19.080769
Epoch 009 | Step 840 | lr=6.545085e-04 | loss=16.818470
Epoch 009 | Step 850 | lr=6.545085e-04 | loss=19.999025
Epoch 009 | Step 860 | lr=6.545085e-04 | loss=18.726803
Epoch 009 | Step 870 | lr=6.545085e-04 | loss=19.788700
Epoch 009 | Step 880 | lr=6.545085e-04 | loss=19.983635
Epoch 009 | Step 890 | lr=6.545085e-04 | loss=18.713978
Epoch 009 | Step 900 | lr=6.545085e-04 | loss=21.463621
Epoch 009 | Step 910 | lr=6.545085e-04 | loss=19.370609
Epoch 009 | Step 920 | lr=6.545085e-04 | loss=18.737064
Epoch 009 | Step 930 | lr=6.545085e-04 | loss=19.714314
Epoch 009 | Step 940 | lr=6.545085e-04 | loss=16.372166
Epoch 009 | Step 950 | lr=6.545085e-04 | loss=20.919847
Epoch 009 | Step 960 | lr=6.545085e-04 | loss=17.931664
epoch 009 | train_kld=19.178311 | val_kld=7.698634 | val_mae=0.014989 | val_mse=0.001653 | ord_acc@10=0.2007 | recall@10=0.7956
Epoch 010 | Step 10 | lr=5.782172e-04 | loss=18.806316
Epoch 010 | Step 20 | lr=5.782172e-04 | loss=19.942596
Epoch 010 | Step 30 | lr=5.782172e-04 | loss=19.078205
Epoch 010 | Step 40 | lr=5.782172e-04 | loss=18.419006
Epoch 010 | Step 50 | lr=5.782172e-04 | loss=19.688663
Epoch 010 | Step 60 | lr=5.782172e-04 | loss=18.324104
Epoch 010 | Step 70 | lr=5.782172e-04 | loss=18.588295
Epoch 010 | Step 80 | lr=5.782172e-04 | loss=19.257751
Epoch 010 | Step 90 | lr=5.782172e-04 | loss=19.709187
Epoch 010 | Step 100 | lr=5.782172e-04 | loss=20.301693
Epoch 010 | Step 110 | lr=5.782172e-04 | loss=20.160618
Epoch 010 | Step 120 | lr=5.782172e-04 | loss=17.405846
Epoch 010 | Step 130 | lr=5.782172e-04 | loss=18.498520
Epoch 010 | Step 140 | lr=5.782172e-04 | loss=20.232437
Epoch 010 | Step 150 | lr=5.782172e-04 | loss=20.817249
Epoch 010 | Step 160 | lr=5.782172e-04 | loss=18.552387
Epoch 010 | Step 170 | lr=5.782172e-04 | loss=18.744759
Epoch 010 | Step 180 | lr=5.782172e-04 | loss=17.959879
Epoch 010 | Step 190 | lr=5.782172e-04 | loss=16.587624
Epoch 010 | Step 200 | lr=5.782172e-04 | loss=19.678406
Epoch 010 | Step 210 | lr=5.782172e-04 | loss=19.191063
Epoch 010 | Step 220 | lr=5.782172e-04 | loss=19.663015
Epoch 010 | Step 230 | lr=5.782172e-04 | loss=17.713642
Epoch 010 | Step 240 | lr=5.782172e-04 | loss=20.547928
Epoch 010 | Step 250 | lr=5.782172e-04 | loss=21.409756
Epoch 010 | Step 260 | lr=5.782172e-04 | loss=18.454918
Epoch 010 | Step 270 | lr=5.782172e-04 | loss=17.831631
Epoch 010 | Step 280 | lr=5.782172e-04 | loss=20.737736
Epoch 010 | Step 290 | lr=5.782172e-04 | loss=19.588631
Epoch 010 | Step 300 | lr=5.782172e-04 | loss=19.398823
Epoch 010 | Step 310 | lr=5.782172e-04 | loss=18.606249
Epoch 010 | Step 320 | lr=5.782172e-04 | loss=20.337601
Epoch 010 | Step 330 | lr=5.782172e-04 | loss=18.852488
Epoch 010 | Step 340 | lr=5.782172e-04 | loss=18.265110
Epoch 010 | Step 350 | lr=5.782172e-04 | loss=19.062813
Epoch 010 | Step 360 | lr=5.782172e-04 | loss=15.274362
Epoch 010 | Step 370 | lr=5.782172e-04 | loss=14.350975
Epoch 010 | Step 380 | lr=5.782172e-04 | loss=16.213139
Epoch 010 | Step 390 | lr=5.782172e-04 | loss=14.674160
Epoch 010 | Step 400 | lr=5.782172e-04 | loss=27.668268
Epoch 010 | Step 410 | lr=5.782172e-04 | loss=14.402273
Epoch 010 | Step 420 | lr=5.782172e-04 | loss=17.875237
Epoch 010 | Step 430 | lr=5.782172e-04 | loss=18.819141
Epoch 010 | Step 440 | lr=5.782172e-04 | loss=18.521606
Epoch 010 | Step 450 | lr=5.782172e-04 | loss=19.940031
Epoch 010 | Step 460 | lr=5.782172e-04 | loss=18.701155
Epoch 010 | Step 470 | lr=5.782172e-04 | loss=18.988430
Epoch 010 | Step 480 | lr=5.782172e-04 | loss=21.581608
Epoch 010 | Step 490 | lr=5.782172e-04 | loss=18.552385
Epoch 010 | Step 500 | lr=5.782172e-04 | loss=18.862747
Epoch 010 | Step 510 | lr=5.782172e-04 | loss=20.558189
Epoch 010 | Step 520 | lr=5.782172e-04 | loss=18.629335
Epoch 010 | Step 530 | lr=5.782172e-04 | loss=20.352989
Epoch 010 | Step 540 | lr=5.782172e-04 | loss=18.298454
Epoch 010 | Step 550 | lr=5.782172e-04 | loss=18.513912
Epoch 010 | Step 560 | lr=5.782172e-04 | loss=18.890961
Epoch 010 | Step 570 | lr=5.782172e-04 | loss=21.196863
Epoch 010 | Step 580 | lr=5.782172e-04 | loss=18.413877
Epoch 010 | Step 590 | lr=5.782172e-04 | loss=18.667809
Epoch 010 | Step 600 | lr=5.782172e-04 | loss=18.103516
Epoch 010 | Step 610 | lr=5.782172e-04 | loss=18.575470
Epoch 010 | Step 620 | lr=5.782172e-04 | loss=18.454916
Epoch 010 | Step 630 | lr=5.782172e-04 | loss=19.327005
Epoch 010 | Step 640 | lr=5.782172e-04 | loss=19.724575
Epoch 010 | Step 650 | lr=5.782172e-04 | loss=19.455254
Epoch 010 | Step 660 | lr=5.782172e-04 | loss=18.444656
Epoch 010 | Step 670 | lr=5.782172e-04 | loss=19.562981
Epoch 010 | Step 680 | lr=5.782172e-04 | loss=17.767506
Epoch 010 | Step 690 | lr=5.782172e-04 | loss=19.665581
Epoch 010 | Step 700 | lr=5.782172e-04 | loss=19.488596
Epoch 010 | Step 710 | lr=5.782172e-04 | loss=18.249722
Epoch 010 | Step 720 | lr=5.782172e-04 | loss=18.534431
Epoch 010 | Step 730 | lr=5.782172e-04 | loss=21.699596
Epoch 010 | Step 740 | lr=5.782172e-04 | loss=17.010841
Epoch 010 | Step 750 | lr=5.782172e-04 | loss=19.355219
Epoch 010 | Step 760 | lr=5.782172e-04 | loss=20.376076
Epoch 010 | Step 770 | lr=5.782172e-04 | loss=19.801523
Epoch 010 | Step 780 | lr=5.782172e-04 | loss=18.539562
Epoch 010 | Step 790 | lr=5.782172e-04 | loss=19.234665
Epoch 010 | Step 800 | lr=5.782172e-04 | loss=20.822380
Epoch 010 | Step 810 | lr=5.782172e-04 | loss=20.096495
Epoch 010 | Step 820 | lr=5.782172e-04 | loss=19.491163
Epoch 010 | Step 830 | lr=5.782172e-04 | loss=22.941040
Epoch 010 | Step 840 | lr=5.782172e-04 | loss=19.929771
Epoch 010 | Step 850 | lr=5.782172e-04 | loss=20.914717
Epoch 010 | Step 860 | lr=5.782172e-04 | loss=19.734833
Epoch 010 | Step 870 | lr=5.782172e-04 | loss=20.281170
Epoch 010 | Step 880 | lr=5.782172e-04 | loss=18.706284
Epoch 010 | Step 890 | lr=5.782172e-04 | loss=18.136862
Epoch 010 | Step 900 | lr=5.782172e-04 | loss=17.403282
Epoch 010 | Step 910 | lr=5.782172e-04 | loss=19.357784
Epoch 010 | Step 920 | lr=5.782172e-04 | loss=17.616173
Epoch 010 | Step 930 | lr=5.782172e-04 | loss=18.839661
Epoch 010 | Step 940 | lr=5.782172e-04 | loss=19.978506
Epoch 010 | Step 950 | lr=5.782172e-04 | loss=20.229872
Epoch 010 | Step 960 | lr=5.782172e-04 | loss=20.304256
epoch 010 | train_kld=19.323568 | val_kld=7.731186 | val_mae=0.014989 | val_mse=0.001653 | ord_acc@10=0.1982 | recall@10=0.7952
Epoch 011 | Step 10 | lr=5.000000e-04 | loss=19.316746
Epoch 011 | Step 20 | lr=5.000000e-04 | loss=19.406519
Epoch 011 | Step 30 | lr=5.000000e-04 | loss=17.708513
Epoch 011 | Step 40 | lr=5.000000e-04 | loss=17.267340
Epoch 011 | Step 50 | lr=5.000000e-04 | loss=20.168312
Epoch 011 | Step 60 | lr=5.000000e-04 | loss=17.872669
Epoch 011 | Step 70 | lr=5.000000e-04 | loss=19.291094
Epoch 011 | Step 80 | lr=5.000000e-04 | loss=18.129166
Epoch 011 | Step 90 | lr=5.000000e-04 | loss=19.760485
Epoch 011 | Step 100 | lr=5.000000e-04 | loss=20.478672
Epoch 011 | Step 110 | lr=5.000000e-04 | loss=19.447559
Epoch 011 | Step 120 | lr=5.000000e-04 | loss=19.175673
Epoch 011 | Step 130 | lr=5.000000e-04 | loss=18.324104
Epoch 011 | Step 140 | lr=5.000000e-04 | loss=17.362242
Epoch 011 | Step 150 | lr=5.000000e-04 | loss=20.127274
Epoch 011 | Step 160 | lr=5.000000e-04 | loss=20.229874
Epoch 011 | Step 170 | lr=5.000000e-04 | loss=17.233994
Epoch 011 | Step 180 | lr=5.000000e-04 | loss=21.143000
Epoch 011 | Step 190 | lr=5.000000e-04 | loss=19.614281
Epoch 011 | Step 200 | lr=5.000000e-04 | loss=18.462612
Epoch 011 | Step 210 | lr=5.000000e-04 | loss=16.190052
Epoch 011 | Step 220 | lr=5.000000e-04 | loss=18.647289
Epoch 011 | Step 230 | lr=5.000000e-04 | loss=19.006384
Epoch 011 | Step 240 | lr=5.000000e-04 | loss=20.206787
Epoch 011 | Step 250 | lr=5.000000e-04 | loss=20.086233
Epoch 011 | Step 260 | lr=5.000000e-04 | loss=20.265781
Epoch 011 | Step 270 | lr=5.000000e-04 | loss=18.952520
Epoch 011 | Step 280 | lr=5.000000e-04 | loss=18.598555
Epoch 011 | Step 290 | lr=5.000000e-04 | loss=19.473209
Epoch 011 | Step 300 | lr=5.000000e-04 | loss=19.904121
Epoch 011 | Step 310 | lr=5.000000e-04 | loss=19.906687
Epoch 011 | Step 320 | lr=5.000000e-04 | loss=19.986200
Epoch 011 | Step 330 | lr=5.000000e-04 | loss=19.993896
Epoch 011 | Step 340 | lr=5.000000e-04 | loss=18.172771
Epoch 011 | Step 350 | lr=5.000000e-04 | loss=18.985865
Epoch 011 | Step 360 | lr=5.000000e-04 | loss=19.003819
Epoch 011 | Step 370 | lr=5.000000e-04 | loss=16.910809
Epoch 011 | Step 380 | lr=5.000000e-04 | loss=18.139427
Epoch 011 | Step 390 | lr=5.000000e-04 | loss=20.488934
Epoch 011 | Step 400 | lr=5.000000e-04 | loss=20.093929
Epoch 011 | Step 410 | lr=5.000000e-04 | loss=19.301355
Epoch 011 | Step 420 | lr=5.000000e-04 | loss=22.089470
Epoch 011 | Step 430 | lr=5.000000e-04 | loss=20.016979
Epoch 011 | Step 440 | lr=5.000000e-04 | loss=19.981071
Epoch 011 | Step 450 | lr=5.000000e-04 | loss=16.815905
Epoch 011 | Step 460 | lr=5.000000e-04 | loss=19.398823
Epoch 011 | Step 470 | lr=5.000000e-04 | loss=18.347189
Epoch 011 | Step 480 | lr=5.000000e-04 | loss=17.534094
Epoch 011 | Step 490 | lr=5.000000e-04 | loss=19.560417
Epoch 011 | Step 500 | lr=5.000000e-04 | loss=18.824272
Epoch 011 | Step 510 | lr=5.000000e-04 | loss=17.708513
Epoch 011 | Step 520 | lr=5.000000e-04 | loss=23.189840
Epoch 011 | Step 530 | lr=5.000000e-04 | loss=18.490828
Epoch 011 | Step 540 | lr=5.000000e-04 | loss=21.940702
Epoch 011 | Step 550 | lr=5.000000e-04 | loss=16.954414
Epoch 011 | Step 560 | lr=5.000000e-04 | loss=19.293661
Epoch 011 | Step 570 | lr=5.000000e-04 | loss=21.420015
Epoch 011 | Step 580 | lr=5.000000e-04 | loss=21.340502
Epoch 011 | Step 590 | lr=5.000000e-04 | loss=18.495956
Epoch 011 | Step 600 | lr=5.000000e-04 | loss=22.707628
Epoch 011 | Step 610 | lr=5.000000e-04 | loss=19.952856
Epoch 011 | Step 620 | lr=5.000000e-04 | loss=19.198755
Epoch 011 | Step 630 | lr=5.000000e-04 | loss=20.165749
Epoch 011 | Step 640 | lr=5.000000e-04 | loss=19.401390
Epoch 011 | Step 650 | lr=5.000000e-04 | loss=16.154144
Epoch 011 | Step 660 | lr=5.000000e-04 | loss=17.995789
Epoch 011 | Step 670 | lr=5.000000e-04 | loss=16.697918
Epoch 011 | Step 680 | lr=5.000000e-04 | loss=21.453360
Epoch 011 | Step 690 | lr=5.000000e-04 | loss=18.275368
Epoch 011 | Step 700 | lr=5.000000e-04 | loss=19.932337
Epoch 011 | Step 710 | lr=5.000000e-04 | loss=17.670036
Epoch 011 | Step 720 | lr=5.000000e-04 | loss=18.703718
Epoch 011 | Step 730 | lr=5.000000e-04 | loss=18.790928
Epoch 011 | Step 740 | lr=5.000000e-04 | loss=21.230207
Epoch 011 | Step 750 | lr=5.000000e-04 | loss=20.524843
Epoch 011 | Step 760 | lr=5.000000e-04 | loss=21.091700
Epoch 011 | Step 770 | lr=5.000000e-04 | loss=20.109318
Epoch 011 | Step 780 | lr=5.000000e-04 | loss=20.047760
Epoch 011 | Step 790 | lr=5.000000e-04 | loss=15.105074
Epoch 011 | Step 800 | lr=5.000000e-04 | loss=21.468750
Epoch 011 | Step 810 | lr=5.000000e-04 | loss=18.377968
Epoch 011 | Step 820 | lr=5.000000e-04 | loss=21.586739
Epoch 011 | Step 830 | lr=5.000000e-04 | loss=46.008099
Epoch 011 | Step 840 | lr=5.000000e-04 | loss=235.003418
Epoch 011 | Step 850 | lr=5.000000e-04 | loss=140.401306
Epoch 011 | Step 860 | lr=5.000000e-04 | loss=76.709793
Epoch 011 | Step 870 | lr=5.000000e-04 | loss=53.684853
Epoch 011 | Step 880 | lr=5.000000e-04 | loss=29.844519
Epoch 011 | Step 890 | lr=5.000000e-04 | loss=85.869980
Epoch 011 | Step 900 | lr=5.000000e-04 | loss=21.390512
Epoch 011 | Step 910 | lr=5.000000e-04 | loss=32.607117
Epoch 011 | Step 920 | lr=5.000000e-04 | loss=20.247009
Epoch 011 | Step 930 | lr=5.000000e-04 | loss=24.413393
Epoch 011 | Step 940 | lr=5.000000e-04 | loss=19.767433
Epoch 011 | Step 950 | lr=5.000000e-04 | loss=18.529839
Epoch 011 | Step 960 | lr=5.000000e-04 | loss=18.575878
epoch 011 | train_kld=23.884728 | val_kld=8.189342 | val_mae=0.014988 | val_mse=0.001653 | ord_acc@10=0.1797 | recall@10=0.7879
Epoch 012 | Step 10 | lr=4.217828e-04 | loss=20.194138
Epoch 012 | Step 20 | lr=4.217828e-04 | loss=21.261133
Epoch 012 | Step 30 | lr=4.217828e-04 | loss=19.224529
Epoch 012 | Step 40 | lr=4.217828e-04 | loss=19.137314
Epoch 012 | Step 50 | lr=4.217828e-04 | loss=19.773319
Epoch 012 | Step 60 | lr=4.217828e-04 | loss=20.737785
Epoch 012 | Step 70 | lr=4.217828e-04 | loss=20.640270
Epoch 012 | Step 80 | lr=4.217828e-04 | loss=18.893549
Epoch 012 | Step 90 | lr=4.217828e-04 | loss=18.475449
Epoch 012 | Step 100 | lr=4.217828e-04 | loss=18.996126
Epoch 012 | Step 110 | lr=4.217828e-04 | loss=17.754688
Epoch 012 | Step 120 | lr=4.217828e-04 | loss=19.452705
Epoch 012 | Step 130 | lr=4.217828e-04 | loss=20.027245
Epoch 012 | Step 140 | lr=4.217828e-04 | loss=19.285973
Epoch 012 | Step 150 | lr=4.217828e-04 | loss=19.442440
Epoch 012 | Step 160 | lr=4.217828e-04 | loss=20.809557
Epoch 012 | Step 170 | lr=4.217828e-04 | loss=19.278271
Epoch 012 | Step 180 | lr=4.217828e-04 | loss=19.475777
Epoch 012 | Step 190 | lr=4.217828e-04 | loss=19.273140
Epoch 012 | Step 200 | lr=4.217828e-04 | loss=17.890627
Epoch 012 | Step 210 | lr=4.217828e-04 | loss=16.900547
Epoch 012 | Step 220 | lr=4.217828e-04 | loss=19.198757
Epoch 012 | Step 230 | lr=4.217828e-04 | loss=19.401390
Epoch 012 | Step 240 | lr=4.217828e-04 | loss=19.434734
Epoch 012 | Step 250 | lr=4.217828e-04 | loss=18.711414
Epoch 012 | Step 260 | lr=4.217828e-04 | loss=19.696358
Epoch 012 | Step 270 | lr=4.217828e-04 | loss=18.326668
Epoch 012 | Step 280 | lr=4.217828e-04 | loss=18.303585
Epoch 012 | Step 290 | lr=4.217828e-04 | loss=19.339828
Epoch 012 | Step 300 | lr=4.217828e-04 | loss=17.877800
Epoch 012 | Step 310 | lr=4.217828e-04 | loss=19.988766
Epoch 012 | Step 320 | lr=4.217828e-04 | loss=19.999025
Epoch 012 | Step 330 | lr=4.217828e-04 | loss=19.347523
Epoch 012 | Step 340 | lr=4.217828e-04 | loss=18.242025
Epoch 012 | Step 350 | lr=4.217828e-04 | loss=19.878471
Epoch 012 | Step 360 | lr=4.217828e-04 | loss=20.186268
Epoch 012 | Step 370 | lr=4.217828e-04 | loss=17.600784
Epoch 012 | Step 380 | lr=4.217828e-04 | loss=19.773308
Epoch 012 | Step 390 | lr=4.217828e-04 | loss=19.037163
Epoch 012 | Step 400 | lr=4.217828e-04 | loss=18.298454
Epoch 012 | Step 410 | lr=4.217828e-04 | loss=19.537331
Epoch 012 | Step 420 | lr=4.217828e-04 | loss=19.511681
Epoch 012 | Step 430 | lr=4.217828e-04 | loss=18.370274
Epoch 012 | Step 440 | lr=4.217828e-04 | loss=19.337265
Epoch 012 | Step 450 | lr=4.217828e-04 | loss=20.193962
Epoch 012 | Step 460 | lr=4.217828e-04 | loss=18.247156
Epoch 012 | Step 470 | lr=4.217828e-04 | loss=18.429268
Epoch 012 | Step 480 | lr=4.217828e-04 | loss=20.204224
Epoch 012 | Step 490 | lr=4.217828e-04 | loss=18.262545
Epoch 012 | Step 500 | lr=4.217828e-04 | loss=18.762712
Epoch 012 | Step 510 | lr=4.217828e-04 | loss=19.093594
Epoch 012 | Step 520 | lr=4.217828e-04 | loss=20.978842
Epoch 012 | Step 530 | lr=4.217828e-04 | loss=18.996124
Epoch 012 | Step 540 | lr=4.217828e-04 | loss=18.706284
Epoch 012 | Step 550 | lr=4.217828e-04 | loss=21.350761
Epoch 012 | Step 560 | lr=4.217828e-04 | loss=19.560415
Epoch 012 | Step 570 | lr=4.217828e-04 | loss=19.339828
Epoch 012 | Step 580 | lr=4.217828e-04 | loss=19.362915
Epoch 012 | Step 590 | lr=4.217828e-04 | loss=19.450123
Epoch 012 | Step 600 | lr=4.217828e-04 | loss=17.749554
Epoch 012 | Step 610 | lr=4.217828e-04 | loss=19.739964
Epoch 012 | Step 620 | lr=4.217828e-04 | loss=17.734163
Epoch 012 | Step 630 | lr=4.217828e-04 | loss=18.613945
Epoch 012 | Step 640 | lr=4.217828e-04 | loss=19.537333
Epoch 012 | Step 650 | lr=4.217828e-04 | loss=19.437298
Epoch 012 | Step 660 | lr=4.217828e-04 | loss=17.785461
Epoch 012 | Step 670 | lr=4.217828e-04 | loss=17.929100
Epoch 012 | Step 680 | lr=4.217828e-04 | loss=22.392138
Epoch 012 | Step 690 | lr=4.217828e-04 | loss=22.335709
Epoch 012 | Step 700 | lr=4.217828e-04 | loss=18.857616
Epoch 012 | Step 710 | lr=4.217828e-04 | loss=17.646954
Epoch 012 | Step 720 | lr=4.217828e-04 | loss=18.896091
Epoch 012 | Step 730 | lr=4.217828e-04 | loss=15.854044
Epoch 012 | Step 740 | lr=4.217828e-04 | loss=17.331463
Epoch 012 | Step 750 | lr=4.217828e-04 | loss=20.345295
Epoch 012 | Step 760 | lr=4.217828e-04 | loss=18.757584
Epoch 012 | Step 770 | lr=4.217828e-04 | loss=18.106083
Epoch 012 | Step 780 | lr=4.217828e-04 | loss=20.173443
Epoch 012 | Step 790 | lr=4.217828e-04 | loss=19.724575
Epoch 012 | Step 800 | lr=4.217828e-04 | loss=17.251949
Epoch 012 | Step 810 | lr=4.217828e-04 | loss=17.777767
Epoch 012 | Step 820 | lr=4.217828e-04 | loss=18.937130
Epoch 012 | Step 830 | lr=4.217828e-04 | loss=21.232773
Epoch 012 | Step 840 | lr=4.217828e-04 | loss=15.602677
Epoch 012 | Step 850 | lr=4.217828e-04 | loss=18.675503
Epoch 012 | Step 860 | lr=4.217828e-04 | loss=18.295889
Epoch 012 | Step 870 | lr=4.217828e-04 | loss=16.451679
Epoch 012 | Step 880 | lr=4.217828e-04 | loss=19.642494
Epoch 012 | Step 890 | lr=4.217828e-04 | loss=17.385326
Epoch 012 | Step 900 | lr=4.217828e-04 | loss=20.342730
Epoch 012 | Step 910 | lr=4.217828e-04 | loss=19.319309
Epoch 012 | Step 920 | lr=4.217828e-04 | loss=19.103851
Epoch 012 | Step 930 | lr=4.217828e-04 | loss=17.641823
Epoch 012 | Step 940 | lr=4.217828e-04 | loss=18.290760
Epoch 012 | Step 950 | lr=4.217828e-04 | loss=20.765949
Epoch 012 | Step 960 | lr=4.217828e-04 | loss=18.993561
epoch 012 | train_kld=19.090403 | val_kld=8.027997 | val_mae=0.014989 | val_mse=0.001653 | ord_acc@10=0.1852 | recall@10=0.7914
Epoch 013 | Step 10 | lr=3.454915e-04 | loss=19.734833
Epoch 013 | Step 20 | lr=3.454915e-04 | loss=18.416443
Epoch 013 | Step 30 | lr=3.454915e-04 | loss=17.639257
Epoch 013 | Step 40 | lr=3.454915e-04 | loss=18.942261
Epoch 013 | Step 50 | lr=3.454915e-04 | loss=19.334700
Epoch 013 | Step 60 | lr=3.454915e-04 | loss=18.619076
Epoch 013 | Step 70 | lr=3.454915e-04 | loss=18.860182
Epoch 013 | Step 80 | lr=3.454915e-04 | loss=19.829739
Epoch 013 | Step 90 | lr=3.454915e-04 | loss=18.975605
Epoch 013 | Step 100 | lr=3.454915e-04 | loss=14.822927
Epoch 013 | Step 110 | lr=3.454915e-04 | loss=21.286636
Epoch 013 | Step 120 | lr=3.454915e-04 | loss=19.085899
Epoch 013 | Step 130 | lr=3.454915e-04 | loss=18.524170
Epoch 013 | Step 140 | lr=3.454915e-04 | loss=17.064707
Epoch 013 | Step 150 | lr=3.454915e-04 | loss=18.478001
Epoch 013 | Step 160 | lr=3.454915e-04 | loss=17.852152
Epoch 013 | Step 170 | lr=3.454915e-04 | loss=17.587959
Epoch 013 | Step 180 | lr=3.454915e-04 | loss=22.074081
Epoch 013 | Step 190 | lr=3.454915e-04 | loss=17.231428
Epoch 013 | Step 200 | lr=3.454915e-04 | loss=16.828730
Epoch 013 | Step 210 | lr=3.454915e-04 | loss=14.656205
Epoch 013 | Step 220 | lr=3.454915e-04 | loss=18.354885
Epoch 013 | Step 230 | lr=3.454915e-04 | loss=19.460382
Epoch 013 | Step 240 | lr=3.454915e-04 | loss=19.757919
Epoch 013 | Step 250 | lr=3.454915e-04 | loss=19.868212
Epoch 013 | Step 260 | lr=3.454915e-04 | loss=18.439528
Epoch 013 | Step 270 | lr=3.454915e-04 | loss=19.193626
Epoch 013 | Step 280 | lr=3.454915e-04 | loss=21.489269
Epoch 013 | Step 290 | lr=3.454915e-04 | loss=18.526735
Epoch 013 | Step 300 | lr=3.454915e-04 | loss=18.149685
Epoch 013 | Step 310 | lr=3.454915e-04 | loss=18.508781
Epoch 013 | Step 320 | lr=3.454915e-04 | loss=19.106419
Epoch 013 | Step 330 | lr=3.454915e-04 | loss=17.377632
Epoch 013 | Step 340 | lr=3.454915e-04 | loss=18.731934
Epoch 013 | Step 350 | lr=3.454915e-04 | loss=18.067608
Epoch 013 | Step 360 | lr=3.454915e-04 | loss=18.501085
Epoch 013 | Step 370 | lr=3.454915e-04 | loss=18.629333
Epoch 013 | Step 380 | lr=3.454915e-04 | loss=21.371281
Epoch 013 | Step 390 | lr=3.454915e-04 | loss=22.430611
Epoch 013 | Step 400 | lr=3.454915e-04 | loss=20.504324
Epoch 013 | Step 410 | lr=3.454915e-04 | loss=18.257416
Epoch 013 | Step 420 | lr=3.454915e-04 | loss=19.850258
Epoch 013 | Step 430 | lr=3.454915e-04 | loss=18.216375
Epoch 013 | Step 440 | lr=3.454915e-04 | loss=17.693123
Epoch 013 | Step 450 | lr=3.454915e-04 | loss=18.090693
Epoch 013 | Step 460 | lr=3.454915e-04 | loss=18.408749
Epoch 013 | Step 470 | lr=3.454915e-04 | loss=17.595654
Epoch 013 | Step 480 | lr=3.454915e-04 | loss=18.342058
Epoch 013 | Step 490 | lr=3.454915e-04 | loss=17.929100
Epoch 013 | Step 500 | lr=3.454915e-04 | loss=19.462948
Epoch 013 | Step 510 | lr=3.454915e-04 | loss=19.660450
Epoch 013 | Step 520 | lr=3.454915e-04 | loss=18.277935
Epoch 013 | Step 530 | lr=3.454915e-04 | loss=19.257751
Epoch 013 | Step 540 | lr=3.454915e-04 | loss=16.785126
Epoch 013 | Step 550 | lr=3.454915e-04 | loss=19.906687
Epoch 013 | Step 560 | lr=3.454915e-04 | loss=20.232437
Epoch 013 | Step 570 | lr=3.454915e-04 | loss=19.060249
Epoch 013 | Step 580 | lr=3.454915e-04 | loss=18.734497
Epoch 013 | Step 590 | lr=3.454915e-04 | loss=17.849586
Epoch 013 | Step 600 | lr=3.454915e-04 | loss=20.514584
Epoch 013 | Step 610 | lr=3.454915e-04 | loss=19.273142
Epoch 013 | Step 620 | lr=3.454915e-04 | loss=17.954750
Epoch 013 | Step 630 | lr=3.454915e-04 | loss=18.421574
Epoch 013 | Step 640 | lr=3.454915e-04 | loss=17.139091
Epoch 013 | Step 650 | lr=3.454915e-04 | loss=24.787815
Epoch 013 | Step 660 | lr=3.454915e-04 | loss=17.800850
Epoch 013 | Step 670 | lr=3.454915e-04 | loss=20.676174
Epoch 013 | Step 680 | lr=3.454915e-04 | loss=18.252285
Epoch 013 | Step 690 | lr=3.454915e-04 | loss=20.837769
Epoch 013 | Step 700 | lr=3.454915e-04 | loss=18.013742
Epoch 013 | Step 710 | lr=3.454915e-04 | loss=17.903450
Epoch 013 | Step 720 | lr=3.454915e-04 | loss=18.062477
Epoch 013 | Step 730 | lr=3.454915e-04 | loss=20.319645
Epoch 013 | Step 740 | lr=3.454915e-04 | loss=18.354883
Epoch 013 | Step 750 | lr=3.454915e-04 | loss=19.439863
Epoch 013 | Step 760 | lr=3.454915e-04 | loss=20.573578
Epoch 013 | Step 770 | lr=3.454915e-04 | loss=15.907907
Epoch 013 | Step 780 | lr=3.454915e-04 | loss=17.954750
Epoch 013 | Step 790 | lr=3.454915e-04 | loss=13.917496
Epoch 013 | Step 800 | lr=3.454915e-04 | loss=17.677732
Epoch 013 | Step 810 | lr=3.454915e-04 | loss=21.237904
Epoch 013 | Step 820 | lr=3.454915e-04 | loss=17.957314
Epoch 013 | Step 830 | lr=3.454915e-04 | loss=22.964123
Epoch 013 | Step 840 | lr=3.454915e-04 | loss=18.447222
Epoch 013 | Step 850 | lr=3.454915e-04 | loss=18.088127
Epoch 013 | Step 860 | lr=3.454915e-04 | loss=19.486031
Epoch 013 | Step 870 | lr=3.454915e-04 | loss=18.475437
Epoch 013 | Step 880 | lr=3.454915e-04 | loss=18.790928
Epoch 013 | Step 890 | lr=3.454915e-04 | loss=17.359676
Epoch 013 | Step 900 | lr=3.454915e-04 | loss=18.796059
Epoch 013 | Step 910 | lr=3.454915e-04 | loss=18.878136
Epoch 013 | Step 920 | lr=3.454915e-04 | loss=20.129839
Epoch 013 | Step 930 | lr=3.454915e-04 | loss=20.794163
Epoch 013 | Step 940 | lr=3.454915e-04 | loss=18.344625
Epoch 013 | Step 950 | lr=3.454915e-04 | loss=17.667473
Epoch 013 | Step 960 | lr=3.454915e-04 | loss=19.293659
epoch 013 | train_kld=19.020608 | val_kld=7.477987 | val_mae=0.014989 | val_mse=0.001653 | ord_acc@10=0.2015 | recall@10=0.7987
Epoch 014 | Step 10 | lr=2.730048e-04 | loss=18.595989
Epoch 014 | Step 20 | lr=2.730048e-04 | loss=17.903450
Epoch 014 | Step 30 | lr=2.730048e-04 | loss=17.195518
Epoch 014 | Step 40 | lr=2.730048e-04 | loss=16.149014
Epoch 014 | Step 50 | lr=2.730048e-04 | loss=17.685429
Epoch 014 | Step 60 | lr=2.730048e-04 | loss=17.616175
Epoch 014 | Step 70 | lr=2.730048e-04 | loss=18.067608
Epoch 014 | Step 80 | lr=2.730048e-04 | loss=18.731932
Epoch 014 | Step 90 | lr=2.730048e-04 | loss=19.180801
Epoch 014 | Step 100 | lr=2.730048e-04 | loss=19.303921
Epoch 014 | Step 110 | lr=2.730048e-04 | loss=17.667473
Epoch 014 | Step 120 | lr=2.730048e-04 | loss=18.654984
Epoch 014 | Step 130 | lr=2.730048e-04 | loss=19.611717
Epoch 014 | Step 140 | lr=2.730048e-04 | loss=18.639595
Epoch 014 | Step 150 | lr=2.730048e-04 | loss=19.280834
Epoch 014 | Step 160 | lr=2.730048e-04 | loss=20.342731
Epoch 014 | Step 170 | lr=2.730048e-04 | loss=17.559746
Epoch 014 | Step 180 | lr=2.730048e-04 | loss=18.311279
Epoch 014 | Step 190 | lr=2.730048e-04 | loss=18.701153
Epoch 014 | Step 200 | lr=2.730048e-04 | loss=17.626434
Epoch 014 | Step 210 | lr=2.730048e-04 | loss=19.732269
Epoch 014 | Step 220 | lr=2.730048e-04 | loss=19.278271
Epoch 014 | Step 230 | lr=2.730048e-04 | loss=19.362913
Epoch 014 | Step 240 | lr=2.730048e-04 | loss=21.745766
Epoch 014 | Step 250 | lr=2.730048e-04 | loss=18.593426
Epoch 014 | Step 260 | lr=2.730048e-04 | loss=21.886841
Epoch 014 | Step 270 | lr=2.730048e-04 | loss=17.008278
Epoch 014 | Step 280 | lr=2.730048e-04 | loss=16.397816
Epoch 014 | Step 290 | lr=2.730048e-04 | loss=17.428932
Epoch 014 | Step 300 | lr=2.730048e-04 | loss=20.340164
Epoch 014 | Step 310 | lr=2.730048e-04 | loss=18.729368
Epoch 014 | Step 320 | lr=2.730048e-04 | loss=19.432167
Epoch 014 | Step 330 | lr=2.730048e-04 | loss=18.808884
Epoch 014 | Step 340 | lr=2.730048e-04 | loss=17.993225
Epoch 014 | Step 350 | lr=2.730048e-04 | loss=16.656876
Epoch 014 | Step 360 | lr=2.730048e-04 | loss=19.668146
Epoch 014 | Step 370 | lr=2.730048e-04 | loss=18.839661
Epoch 014 | Step 380 | lr=2.730048e-04 | loss=19.270576
Epoch 014 | Step 390 | lr=2.730048e-04 | loss=19.591196
Epoch 014 | Step 400 | lr=2.730048e-04 | loss=18.898655
Epoch 014 | Step 410 | lr=2.730048e-04 | loss=18.962780
Epoch 014 | Step 420 | lr=2.730048e-04 | loss=18.698587
Epoch 014 | Step 430 | lr=2.730048e-04 | loss=23.371954
Epoch 014 | Step 440 | lr=2.730048e-04 | loss=16.939024
Epoch 014 | Step 450 | lr=2.730048e-04 | loss=17.926535
Epoch 014 | Step 460 | lr=2.730048e-04 | loss=21.025013
Epoch 014 | Step 470 | lr=2.730048e-04 | loss=17.469971
Epoch 014 | Step 480 | lr=2.730048e-04 | loss=18.560081
Epoch 014 | Step 490 | lr=2.730048e-04 | loss=22.015087
Epoch 014 | Step 500 | lr=2.730048e-04 | loss=20.191397
Epoch 014 | Step 510 | lr=2.730048e-04 | loss=18.388229
Epoch 014 | Step 520 | lr=2.730048e-04 | loss=18.334364
Epoch 014 | Step 530 | lr=2.730048e-04 | loss=17.305813
Epoch 014 | Step 540 | lr=2.730048e-04 | loss=22.679413
Epoch 014 | Step 550 | lr=2.730048e-04 | loss=17.487925
Epoch 014 | Step 560 | lr=2.730048e-04 | loss=19.457817
Epoch 014 | Step 570 | lr=2.730048e-04 | loss=17.975269
Epoch 014 | Step 580 | lr=2.730048e-04 | loss=20.032370
Epoch 014 | Step 590 | lr=2.730048e-04 | loss=16.918503
Epoch 014 | Step 600 | lr=2.730048e-04 | loss=28.345419
Epoch 014 | Step 610 | lr=2.730048e-04 | loss=39.536358
Epoch 014 | Step 620 | lr=2.730048e-04 | loss=14.274026
Epoch 014 | Step 630 | lr=2.730048e-04 | loss=19.398823
Epoch 014 | Step 640 | lr=2.730048e-04 | loss=20.088799
Epoch 014 | Step 650 | lr=2.730048e-04 | loss=17.485359
Epoch 014 | Step 660 | lr=2.730048e-04 | loss=19.083332
Epoch 014 | Step 670 | lr=2.730048e-04 | loss=20.496628
Epoch 014 | Step 680 | lr=2.730048e-04 | loss=19.755356
Epoch 014 | Step 690 | lr=2.730048e-04 | loss=19.347525
Epoch 014 | Step 700 | lr=2.730048e-04 | loss=18.388227
Epoch 014 | Step 710 | lr=2.730048e-04 | loss=19.350090
Epoch 014 | Step 720 | lr=2.730048e-04 | loss=19.896427
Epoch 014 | Step 730 | lr=2.730048e-04 | loss=21.458490
Epoch 014 | Step 740 | lr=2.730048e-04 | loss=19.993896
Epoch 014 | Step 750 | lr=2.730048e-04 | loss=20.088799
Epoch 014 | Step 760 | lr=2.730048e-04 | loss=17.672604
Epoch 014 | Step 770 | lr=2.730048e-04 | loss=17.888062
Epoch 014 | Step 780 | lr=2.730048e-04 | loss=18.957649
Epoch 014 | Step 790 | lr=2.730048e-04 | loss=18.724239
Epoch 014 | Step 800 | lr=2.730048e-04 | loss=18.480566
Epoch 014 | Step 810 | lr=2.730048e-04 | loss=20.696697
Epoch 014 | Step 820 | lr=2.730048e-04 | loss=19.247490
Epoch 014 | Step 830 | lr=2.730048e-04 | loss=19.306484
Epoch 014 | Step 840 | lr=2.730048e-04 | loss=17.226299
Epoch 014 | Step 850 | lr=2.730048e-04 | loss=18.796057
Epoch 014 | Step 860 | lr=2.730048e-04 | loss=18.683197
Epoch 014 | Step 870 | lr=2.730048e-04 | loss=19.580936
Epoch 014 | Step 880 | lr=2.730048e-04 | loss=22.079212
Epoch 014 | Step 890 | lr=2.730048e-04 | loss=18.865311
Epoch 014 | Step 900 | lr=2.730048e-04 | loss=18.436962
Epoch 014 | Step 910 | lr=2.730048e-04 | loss=18.606251
Epoch 014 | Step 920 | lr=2.730048e-04 | loss=20.476109
Epoch 014 | Step 930 | lr=2.730048e-04 | loss=21.640602
Epoch 014 | Step 940 | lr=2.730048e-04 | loss=18.211245
Epoch 014 | Step 950 | lr=2.730048e-04 | loss=18.914045
Epoch 014 | Step 960 | lr=2.730048e-04 | loss=20.647961
epoch 014 | train_kld=19.158535 | val_kld=7.456182 | val_mae=0.014989 | val_mse=0.001653 | ord_acc@10=0.2036 | recall@10=0.7994
Epoch 015 | Step 10 | lr=2.061074e-04 | loss=18.062477
Epoch 015 | Step 20 | lr=2.061074e-04 | loss=18.931999
Epoch 015 | Step 30 | lr=2.061074e-04 | loss=18.024002
Epoch 015 | Step 40 | lr=2.061074e-04 | loss=20.414551
Epoch 015 | Step 50 | lr=2.061074e-04 | loss=19.783569
Epoch 015 | Step 60 | lr=2.061074e-04 | loss=18.783232
Epoch 015 | Step 70 | lr=2.061074e-04 | loss=20.547928
Epoch 015 | Step 80 | lr=2.061074e-04 | loss=18.865313
Epoch 015 | Step 90 | lr=2.061074e-04 | loss=19.103851
Epoch 015 | Step 100 | lr=2.061074e-04 | loss=19.062813
Epoch 015 | Step 110 | lr=2.061074e-04 | loss=21.417452
Epoch 015 | Step 120 | lr=2.061074e-04 | loss=19.527073
Epoch 015 | Step 130 | lr=2.061074e-04 | loss=17.965008
Epoch 015 | Step 140 | lr=2.061074e-04 | loss=20.263218
Epoch 015 | Step 150 | lr=2.061074e-04 | loss=19.273140
Epoch 015 | Step 160 | lr=2.061074e-04 | loss=20.291431
Epoch 015 | Step 170 | lr=2.061074e-04 | loss=19.032034
Epoch 015 | Step 180 | lr=2.061074e-04 | loss=20.399158
Epoch 015 | Step 190 | lr=2.061074e-04 | loss=17.595654
Epoch 015 | Step 200 | lr=2.061074e-04 | loss=19.596325
Epoch 015 | Step 210 | lr=2.061074e-04 | loss=18.870441
Epoch 015 | Step 220 | lr=2.061074e-04 | loss=18.393358
Epoch 015 | Step 230 | lr=2.061074e-04 | loss=18.216375
Epoch 015 | Step 240 | lr=2.061074e-04 | loss=22.197201
Epoch 015 | Step 250 | lr=2.061074e-04 | loss=18.311279
Epoch 015 | Step 260 | lr=2.061074e-04 | loss=19.786133
Epoch 015 | Step 270 | lr=2.061074e-04 | loss=21.199429
Epoch 015 | Step 280 | lr=2.061074e-04 | loss=20.381207
Epoch 015 | Step 290 | lr=2.061074e-04 | loss=20.794165
Epoch 015 | Step 300 | lr=2.061074e-04 | loss=18.557514
Epoch 015 | Step 310 | lr=2.061074e-04 | loss=18.193291
Epoch 015 | Step 320 | lr=2.061074e-04 | loss=20.491499
Epoch 015 | Step 330 | lr=2.061074e-04 | loss=19.409084
Epoch 015 | Step 340 | lr=2.061074e-04 | loss=19.791262
Epoch 015 | Step 350 | lr=2.061074e-04 | loss=18.449787
Epoch 015 | Step 360 | lr=2.061074e-04 | loss=17.549484
Epoch 015 | Step 370 | lr=2.061074e-04 | loss=17.308378
Epoch 015 | Step 380 | lr=2.061074e-04 | loss=18.911480
Epoch 015 | Step 390 | lr=2.061074e-04 | loss=19.460384
Epoch 015 | Step 400 | lr=2.061074e-04 | loss=19.103853
Epoch 015 | Step 410 | lr=2.061074e-04 | loss=21.563652
Epoch 015 | Step 420 | lr=2.061074e-04 | loss=17.870106
Epoch 015 | Step 430 | lr=2.061074e-04 | loss=17.521271
Epoch 015 | Step 440 | lr=2.061074e-04 | loss=20.499195
Epoch 015 | Step 450 | lr=2.061074e-04 | loss=17.203215
Epoch 015 | Step 460 | lr=2.061074e-04 | loss=18.685764
Epoch 015 | Step 470 | lr=2.061074e-04 | loss=18.208681
Epoch 015 | Step 480 | lr=2.061074e-04 | loss=20.660786
Epoch 015 | Step 490 | lr=2.061074e-04 | loss=17.988094
Epoch 015 | Step 500 | lr=2.061074e-04 | loss=23.223185
Epoch 015 | Step 510 | lr=2.061074e-04 | loss=19.406521
Epoch 015 | Step 520 | lr=2.061074e-04 | loss=18.721672
Epoch 015 | Step 530 | lr=2.061074e-04 | loss=19.850258
Epoch 015 | Step 540 | lr=2.061074e-04 | loss=17.731598
Epoch 015 | Step 550 | lr=2.061074e-04 | loss=20.199093
Epoch 015 | Step 560 | lr=2.061074e-04 | loss=17.146786
Epoch 015 | Step 570 | lr=2.061074e-04 | loss=23.448902
Epoch 015 | Step 580 | lr=2.061074e-04 | loss=17.818806
Epoch 015 | Step 590 | lr=2.061074e-04 | loss=17.965010
Epoch 015 | Step 600 | lr=2.061074e-04 | loss=18.624207
Epoch 015 | Step 610 | lr=2.061074e-04 | loss=17.074966
Epoch 015 | Step 620 | lr=2.061074e-04 | loss=18.693459
Epoch 015 | Step 630 | lr=2.061074e-04 | loss=18.765278
Epoch 015 | Step 640 | lr=2.061074e-04 | loss=18.239460
Epoch 015 | Step 650 | lr=2.061074e-04 | loss=20.873678
Epoch 015 | Step 660 | lr=2.061074e-04 | loss=16.059240
Epoch 015 | Step 670 | lr=2.061074e-04 | loss=20.671047
Epoch 015 | Step 680 | lr=2.061074e-04 | loss=19.096157
Epoch 015 | Step 690 | lr=2.061074e-04 | loss=22.040737
Epoch 015 | Step 700 | lr=2.061074e-04 | loss=19.496292
Epoch 015 | Step 710 | lr=2.061074e-04 | loss=18.734499
Epoch 015 | Step 720 | lr=2.061074e-04 | loss=18.721672
Epoch 015 | Step 730 | lr=2.061074e-04 | loss=20.301691
Epoch 015 | Step 740 | lr=2.061074e-04 | loss=21.609823
Epoch 015 | Step 750 | lr=2.061074e-04 | loss=16.023331
Epoch 015 | Step 760 | lr=2.061074e-04 | loss=21.443100
Epoch 015 | Step 770 | lr=2.061074e-04 | loss=21.007057
Epoch 015 | Step 780 | lr=2.061074e-04 | loss=18.862747
Epoch 015 | Step 790 | lr=2.061074e-04 | loss=18.301018
Epoch 015 | Step 800 | lr=2.061074e-04 | loss=19.952856
Epoch 015 | Step 810 | lr=2.061074e-04 | loss=17.005714
Epoch 015 | Step 820 | lr=2.061074e-04 | loss=17.654648
Epoch 015 | Step 830 | lr=2.061074e-04 | loss=18.508781
Epoch 015 | Step 840 | lr=2.061074e-04 | loss=20.009285
Epoch 015 | Step 850 | lr=2.061074e-04 | loss=19.698923
Epoch 015 | Step 860 | lr=2.061074e-04 | loss=18.716543
Epoch 015 | Step 870 | lr=2.061074e-04 | loss=18.082996
Epoch 015 | Step 880 | lr=2.061074e-04 | loss=17.144220
Epoch 015 | Step 890 | lr=2.061074e-04 | loss=18.554951
Epoch 015 | Step 900 | lr=2.061074e-04 | loss=19.447557
Epoch 015 | Step 910 | lr=2.061074e-04 | loss=17.505880
Epoch 015 | Step 920 | lr=2.061074e-04 | loss=18.221504
Epoch 015 | Step 930 | lr=2.061074e-04 | loss=20.499195
Epoch 015 | Step 940 | lr=2.061074e-04 | loss=18.513912
Epoch 015 | Step 950 | lr=2.061074e-04 | loss=19.839998
Epoch 015 | Step 960 | lr=2.061074e-04 | loss=22.630678
epoch 015 | train_kld=19.202881 | val_kld=7.827045 | val_mae=0.014989 | val_mse=0.001653 | ord_acc@10=0.2012 | recall@10=0.7929
Epoch 016 | Step 10 | lr=1.464466e-04 | loss=20.019547
Epoch 016 | Step 20 | lr=1.464466e-04 | loss=18.313845
Epoch 016 | Step 30 | lr=1.464466e-04 | loss=19.180801
Epoch 016 | Step 40 | lr=1.464466e-04 | loss=19.716879
Epoch 016 | Step 50 | lr=1.464466e-04 | loss=20.555622
Epoch 016 | Step 60 | lr=1.464466e-04 | loss=15.966903
Epoch 016 | Step 70 | lr=1.464466e-04 | loss=19.432169
Epoch 016 | Step 80 | lr=1.464466e-04 | loss=20.822380
Epoch 016 | Step 90 | lr=1.464466e-04 | loss=20.322210
Epoch 016 | Step 100 | lr=1.464466e-04 | loss=20.183704
Epoch 016 | Step 110 | lr=1.464466e-04 | loss=20.293997
Epoch 016 | Step 120 | lr=1.464466e-04 | loss=19.796392
Epoch 016 | Step 130 | lr=1.464466e-04 | loss=20.735168
Epoch 016 | Step 140 | lr=1.464466e-04 | loss=18.847357
Epoch 016 | Step 150 | lr=1.464466e-04 | loss=18.198421
Epoch 016 | Step 160 | lr=1.464466e-04 | loss=20.050325
Epoch 016 | Step 170 | lr=1.464466e-04 | loss=20.001591
Epoch 016 | Step 180 | lr=1.464466e-04 | loss=20.568447
Epoch 016 | Step 190 | lr=1.464466e-04 | loss=17.675167
Epoch 016 | Step 200 | lr=1.464466e-04 | loss=18.847355
Epoch 016 | Step 210 | lr=1.464466e-04 | loss=18.742191
Epoch 016 | Step 220 | lr=1.464466e-04 | loss=20.291431
Epoch 016 | Step 230 | lr=1.464466e-04 | loss=18.470306
Epoch 016 | Step 240 | lr=1.464466e-04 | loss=19.524508
Epoch 016 | Step 250 | lr=1.464466e-04 | loss=20.576141
Epoch 016 | Step 260 | lr=1.464466e-04 | loss=18.159946
Epoch 016 | Step 270 | lr=1.464466e-04 | loss=18.642160
Epoch 016 | Step 280 | lr=1.464466e-04 | loss=20.237568
Epoch 016 | Step 290 | lr=1.464466e-04 | loss=18.295891
Epoch 016 | Step 300 | lr=1.464466e-04 | loss=18.667809
Epoch 016 | Step 310 | lr=1.464466e-04 | loss=18.239460
Epoch 016 | Step 320 | lr=1.464466e-04 | loss=18.242023
Epoch 016 | Step 330 | lr=1.464466e-04 | loss=20.499195
Epoch 016 | Step 340 | lr=1.464466e-04 | loss=21.953529
Epoch 016 | Step 350 | lr=1.464466e-04 | loss=19.296227
Epoch 016 | Step 360 | lr=1.464466e-04 | loss=22.461391
Epoch 016 | Step 370 | lr=1.464466e-04 | loss=19.134632
Epoch 016 | Step 380 | lr=1.464466e-04 | loss=18.767843
Epoch 016 | Step 390 | lr=1.464466e-04 | loss=20.245262
Epoch 016 | Step 400 | lr=1.464466e-04 | loss=18.516476
Epoch 016 | Step 410 | lr=1.464466e-04 | loss=15.492384
Epoch 016 | Step 420 | lr=1.464466e-04 | loss=18.211245
Epoch 016 | Step 430 | lr=1.464466e-04 | loss=20.122143
Epoch 016 | Step 440 | lr=1.464466e-04 | loss=18.162512
Epoch 016 | Step 450 | lr=1.464466e-04 | loss=19.170544
Epoch 016 | Step 460 | lr=1.464466e-04 | loss=17.821371
Epoch 016 | Step 470 | lr=1.464466e-04 | loss=18.524174
Epoch 016 | Step 480 | lr=1.464466e-04 | loss=21.232773
Epoch 016 | Step 490 | lr=1.464466e-04 | loss=19.403954
Epoch 016 | Step 500 | lr=1.464466e-04 | loss=18.772972
Epoch 016 | Step 510 | lr=1.464466e-04 | loss=17.903448
Epoch 016 | Step 520 | lr=1.464466e-04 | loss=19.419342
Epoch 016 | Step 530 | lr=1.464466e-04 | loss=23.587410
Epoch 016 | Step 540 | lr=1.464466e-04 | loss=18.339493
Epoch 016 | Step 550 | lr=1.464466e-04 | loss=17.116005
Epoch 016 | Step 560 | lr=1.464466e-04 | loss=18.844791
Epoch 016 | Step 570 | lr=1.464466e-04 | loss=19.488596
Epoch 016 | Step 580 | lr=1.464466e-04 | loss=17.305813
Epoch 016 | Step 590 | lr=1.464466e-04 | loss=18.221504
Epoch 016 | Step 600 | lr=1.464466e-04 | loss=20.376076
Epoch 016 | Step 610 | lr=1.464466e-04 | loss=21.009621
Epoch 016 | Step 620 | lr=1.464466e-04 | loss=18.308716
Epoch 016 | Step 630 | lr=1.464466e-04 | loss=17.475101
Epoch 016 | Step 640 | lr=1.464466e-04 | loss=17.952185
Epoch 016 | Step 650 | lr=1.464466e-04 | loss=18.175335
Epoch 016 | Step 660 | lr=1.464466e-04 | loss=19.014080
Epoch 016 | Step 670 | lr=1.464466e-04 | loss=20.122143
Epoch 016 | Step 680 | lr=1.464466e-04 | loss=19.098722
Epoch 016 | Step 690 | lr=1.464466e-04 | loss=18.916611
Epoch 016 | Step 700 | lr=1.464466e-04 | loss=17.385326
Epoch 016 | Step 710 | lr=1.464466e-04 | loss=18.290760
Epoch 016 | Step 720 | lr=1.464466e-04 | loss=19.178238
Epoch 016 | Step 730 | lr=1.464466e-04 | loss=15.951511
Epoch 016 | Step 740 | lr=1.464466e-04 | loss=17.890625
Epoch 016 | Step 750 | lr=1.464466e-04 | loss=20.830074
Epoch 016 | Step 760 | lr=1.464466e-04 | loss=16.862074
Epoch 016 | Step 770 | lr=1.464466e-04 | loss=18.308714
Epoch 016 | Step 780 | lr=1.464466e-04 | loss=18.239460
Epoch 016 | Step 790 | lr=1.464466e-04 | loss=25.249508
Epoch 016 | Step 800 | lr=1.464466e-04 | loss=18.057348
Epoch 016 | Step 810 | lr=1.464466e-04 | loss=19.339828
Epoch 016 | Step 820 | lr=1.464466e-04 | loss=16.138756
Epoch 016 | Step 830 | lr=1.464466e-04 | loss=19.098722
Epoch 016 | Step 840 | lr=1.464466e-04 | loss=18.067608
Epoch 016 | Step 850 | lr=1.464466e-04 | loss=21.756027
Epoch 016 | Step 860 | lr=1.464466e-04 | loss=21.522614
Epoch 016 | Step 870 | lr=1.464466e-04 | loss=19.432167
Epoch 016 | Step 880 | lr=1.464466e-04 | loss=18.960217
Epoch 016 | Step 890 | lr=1.464466e-04 | loss=17.241688
Epoch 016 | Step 900 | lr=1.464466e-04 | loss=18.867876
Epoch 016 | Step 910 | lr=1.464466e-04 | loss=20.671045
Epoch 016 | Step 920 | lr=1.464466e-04 | loss=17.944489
Epoch 016 | Step 930 | lr=1.464466e-04 | loss=19.878471
Epoch 016 | Step 940 | lr=1.464466e-04 | loss=18.637030
Epoch 016 | Step 950 | lr=1.464466e-04 | loss=21.981743
Epoch 016 | Step 960 | lr=1.464466e-04 | loss=20.093929
epoch 016 | train_kld=19.143139 | val_kld=7.875635 | val_mae=0.014989 | val_mse=0.001653 | ord_acc@10=0.1995 | recall@10=0.7939
Epoch 017 | Step 10 | lr=9.549150e-05 | loss=19.911816
Epoch 017 | Step 20 | lr=9.549150e-05 | loss=18.239460
Epoch 017 | Step 30 | lr=9.549150e-05 | loss=18.806316
Epoch 017 | Step 40 | lr=9.549150e-05 | loss=18.257416
Epoch 017 | Step 50 | lr=9.549150e-05 | loss=20.835203
Epoch 017 | Step 60 | lr=9.549150e-05 | loss=18.685764
Epoch 017 | Step 70 | lr=9.549150e-05 | loss=18.024004
Epoch 017 | Step 80 | lr=9.549150e-05 | loss=20.250391
Epoch 017 | Step 90 | lr=9.549150e-05 | loss=20.691566
Epoch 017 | Step 100 | lr=9.549150e-05 | loss=17.308378
Epoch 017 | Step 110 | lr=9.549150e-05 | loss=20.871113
Epoch 017 | Step 120 | lr=9.549150e-05 | loss=20.070845
Epoch 017 | Step 130 | lr=9.549150e-05 | loss=18.613945
Epoch 017 | Step 140 | lr=9.549150e-05 | loss=17.852150
Epoch 017 | Step 150 | lr=9.549150e-05 | loss=16.415770
Epoch 017 | Step 160 | lr=9.549150e-05 | loss=22.294666
Epoch 017 | Step 170 | lr=9.549150e-05 | loss=19.047424
Epoch 017 | Step 180 | lr=9.549150e-05 | loss=21.125046
Epoch 017 | Step 190 | lr=9.549150e-05 | loss=21.568785
Epoch 017 | Step 200 | lr=9.549150e-05 | loss=19.319309
Epoch 017 | Step 210 | lr=9.549150e-05 | loss=18.493393
Epoch 017 | Step 220 | lr=9.549150e-05 | loss=19.350090
Epoch 017 | Step 230 | lr=9.549150e-05 | loss=17.767508
Epoch 017 | Step 240 | lr=9.549150e-05 | loss=16.931328
Epoch 017 | Step 250 | lr=9.549150e-05 | loss=18.778103
Epoch 017 | Step 260 | lr=9.549150e-05 | loss=18.775537
Epoch 017 | Step 270 | lr=9.549150e-05 | loss=17.521271
Epoch 017 | Step 280 | lr=9.549150e-05 | loss=22.125381
Epoch 017 | Step 290 | lr=9.549150e-05 | loss=17.380198
Epoch 017 | Step 300 | lr=9.549150e-05 | loss=19.252621
Epoch 017 | Step 310 | lr=9.549150e-05 | loss=22.086906
Epoch 017 | Step 320 | lr=9.549150e-05 | loss=20.183702
Epoch 017 | Step 330 | lr=9.549150e-05 | loss=19.452688
Epoch 017 | Step 340 | lr=9.549150e-05 | loss=18.095821
Epoch 017 | Step 350 | lr=9.549150e-05 | loss=19.232101
Epoch 017 | Step 360 | lr=9.549150e-05 | loss=18.329235
Epoch 017 | Step 370 | lr=9.549150e-05 | loss=19.221842
Epoch 017 | Step 380 | lr=9.549150e-05 | loss=19.537333
Epoch 017 | Step 390 | lr=9.549150e-05 | loss=18.706284
Epoch 017 | Step 400 | lr=9.549150e-05 | loss=18.429268
Epoch 017 | Step 410 | lr=9.549150e-05 | loss=20.465847
Epoch 017 | Step 420 | lr=9.549150e-05 | loss=18.154816
Epoch 017 | Step 430 | lr=9.549150e-05 | loss=19.529636
Epoch 017 | Step 440 | lr=9.549150e-05 | loss=18.367708
Epoch 017 | Step 450 | lr=9.549150e-05 | loss=20.301693
Epoch 017 | Step 460 | lr=9.549150e-05 | loss=18.234329
Epoch 017 | Step 470 | lr=9.549150e-05 | loss=17.780331
Epoch 017 | Step 480 | lr=9.549150e-05 | loss=19.014080
Epoch 017 | Step 490 | lr=9.549150e-05 | loss=18.177900
Epoch 017 | Step 500 | lr=9.549150e-05 | loss=18.808882
Epoch 017 | Step 510 | lr=9.549150e-05 | loss=19.704054
Epoch 017 | Step 520 | lr=9.549150e-05 | loss=20.142664
Epoch 017 | Step 530 | lr=9.549150e-05 | loss=21.653427
Epoch 017 | Step 540 | lr=9.549150e-05 | loss=19.268009
Epoch 017 | Step 550 | lr=9.549150e-05 | loss=19.878471
Epoch 017 | Step 560 | lr=9.549150e-05 | loss=18.816578
Epoch 017 | Step 570 | lr=9.549150e-05 | loss=21.266117
Epoch 017 | Step 580 | lr=9.549150e-05 | loss=17.813675
Epoch 017 | Step 590 | lr=9.549150e-05 | loss=18.998688
Epoch 017 | Step 600 | lr=9.549150e-05 | loss=19.134632
Epoch 017 | Step 610 | lr=9.549150e-05 | loss=15.992552
Epoch 017 | Step 620 | lr=9.549150e-05 | loss=19.293661
Epoch 017 | Step 630 | lr=9.549150e-05 | loss=18.501087
Epoch 017 | Step 640 | lr=9.549150e-05 | loss=19.327003
Epoch 017 | Step 650 | lr=9.549150e-05 | loss=18.136862
Epoch 017 | Step 660 | lr=9.549150e-05 | loss=17.518705
Epoch 017 | Step 670 | lr=9.549150e-05 | loss=18.826838
Epoch 017 | Step 680 | lr=9.549150e-05 | loss=20.024675
Epoch 017 | Step 690 | lr=9.549150e-05 | loss=20.609488
Epoch 017 | Step 700 | lr=9.549150e-05 | loss=19.501423
Epoch 017 | Step 710 | lr=9.549150e-05 | loss=18.998690
Epoch 017 | Step 720 | lr=9.549150e-05 | loss=18.713978
Epoch 017 | Step 730 | lr=9.549150e-05 | loss=17.818806
Epoch 017 | Step 740 | lr=9.549150e-05 | loss=17.957314
Epoch 017 | Step 750 | lr=9.549150e-05 | loss=18.185596
Epoch 017 | Step 760 | lr=9.549150e-05 | loss=18.939695
Epoch 017 | Step 770 | lr=9.549150e-05 | loss=19.514248
Epoch 017 | Step 780 | lr=9.549150e-05 | loss=21.689337
Epoch 017 | Step 790 | lr=9.549150e-05 | loss=18.880699
Epoch 017 | Step 800 | lr=9.549150e-05 | loss=20.778774
Epoch 017 | Step 810 | lr=9.549150e-05 | loss=19.798958
Epoch 017 | Step 820 | lr=9.549150e-05 | loss=20.496630
Epoch 017 | Step 830 | lr=9.549150e-05 | loss=21.017315
Epoch 017 | Step 840 | lr=9.549150e-05 | loss=16.767170
Epoch 017 | Step 850 | lr=9.549150e-05 | loss=18.678070
Epoch 017 | Step 860 | lr=9.549150e-05 | loss=18.165077
Epoch 017 | Step 870 | lr=9.549150e-05 | loss=19.447559
Epoch 017 | Step 880 | lr=9.549150e-05 | loss=19.047424
Epoch 017 | Step 890 | lr=9.549150e-05 | loss=17.657213
Epoch 017 | Step 900 | lr=9.549150e-05 | loss=16.872334
Epoch 017 | Step 910 | lr=9.549150e-05 | loss=20.117014
Epoch 017 | Step 920 | lr=9.549150e-05 | loss=18.801189
Epoch 017 | Step 930 | lr=9.549150e-05 | loss=19.901558
Epoch 017 | Step 940 | lr=9.549150e-05 | loss=19.680969
Epoch 017 | Step 950 | lr=9.549150e-05 | loss=18.334364
Epoch 017 | Step 960 | lr=9.549150e-05 | loss=18.662680
epoch 017 | train_kld=19.139374 | val_kld=7.537074 | val_mae=0.014989 | val_mse=0.001653 | ord_acc@10=0.2045 | recall@10=0.7958
Epoch 018 | Step 10 | lr=5.449674e-05 | loss=20.712086
Epoch 018 | Step 20 | lr=5.449674e-05 | loss=19.462948
Epoch 018 | Step 30 | lr=5.449674e-05 | loss=19.911818
Epoch 018 | Step 40 | lr=5.449674e-05 | loss=18.898655
Epoch 018 | Step 50 | lr=5.449674e-05 | loss=20.488934
Epoch 018 | Step 60 | lr=5.449674e-05 | loss=20.989101
Epoch 018 | Step 70 | lr=5.449674e-05 | loss=19.383434
Epoch 018 | Step 80 | lr=5.449674e-05 | loss=20.978842
Epoch 018 | Step 90 | lr=5.449674e-05 | loss=18.026569
Epoch 018 | Step 100 | lr=5.449674e-05 | loss=19.252621
Epoch 018 | Step 110 | lr=5.449674e-05 | loss=16.913374
Epoch 018 | Step 120 | lr=5.449674e-05 | loss=18.347187
Epoch 018 | Step 130 | lr=5.449674e-05 | loss=17.164742
Epoch 018 | Step 140 | lr=5.449674e-05 | loss=18.998690
Epoch 018 | Step 150 | lr=5.449674e-05 | loss=16.767170
Epoch 018 | Step 160 | lr=5.449674e-05 | loss=18.349752
Epoch 018 | Step 170 | lr=5.449674e-05 | loss=18.888397
Epoch 018 | Step 180 | lr=5.449674e-05 | loss=19.896427
Epoch 018 | Step 190 | lr=5.449674e-05 | loss=20.311951
Epoch 018 | Step 200 | lr=5.449674e-05 | loss=18.939697
Epoch 018 | Step 210 | lr=5.449674e-05 | loss=16.325996
Epoch 018 | Step 220 | lr=5.449674e-05 | loss=17.965010
Epoch 018 | Step 230 | lr=5.449674e-05 | loss=18.811447
Epoch 018 | Step 240 | lr=5.449674e-05 | loss=21.150694
Epoch 018 | Step 250 | lr=5.449674e-05 | loss=17.628998
Epoch 018 | Step 260 | lr=5.449674e-05 | loss=19.167976
Epoch 018 | Step 270 | lr=5.449674e-05 | loss=18.652420
Epoch 018 | Step 280 | lr=5.449674e-05 | loss=20.573578
Epoch 018 | Step 290 | lr=5.449674e-05 | loss=21.255857
Epoch 018 | Step 300 | lr=5.449674e-05 | loss=19.391129
Epoch 018 | Step 310 | lr=5.449674e-05 | loss=19.757919
Epoch 018 | Step 320 | lr=5.449674e-05 | loss=19.845127
Epoch 018 | Step 330 | lr=5.449674e-05 | loss=20.006721
Epoch 018 | Step 340 | lr=5.449674e-05 | loss=17.457146
Epoch 018 | Step 350 | lr=5.449674e-05 | loss=19.550158
Epoch 018 | Step 360 | lr=5.449674e-05 | loss=19.344959
Epoch 018 | Step 370 | lr=5.449674e-05 | loss=18.167641
Epoch 018 | Step 380 | lr=5.449674e-05 | loss=18.372837
Epoch 018 | Step 390 | lr=5.449674e-05 | loss=18.401054
Epoch 018 | Step 400 | lr=5.449674e-05 | loss=17.998352
Epoch 018 | Step 410 | lr=5.449674e-05 | loss=20.227306
Epoch 018 | Step 420 | lr=5.449674e-05 | loss=18.919174
Epoch 018 | Step 430 | lr=5.449674e-05 | loss=22.035606
Epoch 018 | Step 440 | lr=5.449674e-05 | loss=20.355556
Epoch 018 | Step 450 | lr=5.449674e-05 | loss=20.214481
Epoch 018 | Step 460 | lr=5.449674e-05 | loss=19.193626
Epoch 018 | Step 470 | lr=5.449674e-05 | loss=19.503986
Epoch 018 | Step 480 | lr=5.449674e-05 | loss=20.291431
Epoch 018 | Step 490 | lr=5.449674e-05 | loss=20.045197
Epoch 018 | Step 500 | lr=5.449674e-05 | loss=19.506552
Epoch 018 | Step 510 | lr=5.449674e-05 | loss=21.335371
Epoch 018 | Step 520 | lr=5.449674e-05 | loss=18.021439
Epoch 018 | Step 530 | lr=5.449674e-05 | loss=19.327005
Epoch 018 | Step 540 | lr=5.449674e-05 | loss=19.857952
Epoch 018 | Step 550 | lr=5.449674e-05 | loss=19.475773
Epoch 018 | Step 560 | lr=5.449674e-05 | loss=19.716881
Epoch 018 | Step 570 | lr=5.449674e-05 | loss=19.070507
Epoch 018 | Step 580 | lr=5.449674e-05 | loss=20.522278
Epoch 018 | Step 590 | lr=5.449674e-05 | loss=19.562981
Epoch 018 | Step 600 | lr=5.449674e-05 | loss=18.575470
Epoch 018 | Step 610 | lr=5.449674e-05 | loss=22.007393
Epoch 018 | Step 620 | lr=5.449674e-05 | loss=18.134296
Epoch 018 | Step 630 | lr=5.449674e-05 | loss=18.021439
Epoch 018 | Step 640 | lr=5.449674e-05 | loss=16.095150
Epoch 018 | Step 650 | lr=5.449674e-05 | loss=16.854378
Epoch 018 | Step 660 | lr=5.449674e-05 | loss=16.726131
Epoch 018 | Step 670 | lr=5.449674e-05 | loss=18.565210
Epoch 018 | Step 680 | lr=5.449674e-05 | loss=19.124374
Epoch 018 | Step 690 | lr=5.449674e-05 | loss=18.796057
Epoch 018 | Step 700 | lr=5.449674e-05 | loss=19.978506
Epoch 018 | Step 710 | lr=5.449674e-05 | loss=19.021774
Epoch 018 | Step 720 | lr=5.449674e-05 | loss=17.895756
Epoch 018 | Step 730 | lr=5.449674e-05 | loss=19.091028
Epoch 018 | Step 740 | lr=5.449674e-05 | loss=19.298790
Epoch 018 | Step 750 | lr=5.449674e-05 | loss=20.435070
Epoch 018 | Step 760 | lr=5.449674e-05 | loss=18.826836
Epoch 018 | Step 770 | lr=5.449674e-05 | loss=20.542797
Epoch 018 | Step 780 | lr=5.449674e-05 | loss=19.380869
Epoch 018 | Step 790 | lr=5.449674e-05 | loss=20.927542
Epoch 018 | Step 800 | lr=5.449674e-05 | loss=19.852823
Epoch 018 | Step 810 | lr=5.449674e-05 | loss=18.462612
Epoch 018 | Step 820 | lr=5.449674e-05 | loss=19.475773
Epoch 018 | Step 830 | lr=5.449674e-05 | loss=19.798958
Epoch 018 | Step 840 | lr=5.449674e-05 | loss=21.212254
Epoch 018 | Step 850 | lr=5.449674e-05 | loss=22.340837
Epoch 018 | Step 860 | lr=5.449674e-05 | loss=18.952520
Epoch 018 | Step 870 | lr=5.449674e-05 | loss=19.550156
Epoch 018 | Step 880 | lr=5.449674e-05 | loss=19.247490
Epoch 018 | Step 890 | lr=5.449674e-05 | loss=17.200649
Epoch 018 | Step 900 | lr=5.449674e-05 | loss=19.250057
Epoch 018 | Step 910 | lr=5.449674e-05 | loss=19.116678
Epoch 018 | Step 920 | lr=5.449674e-05 | loss=17.767506
Epoch 018 | Step 930 | lr=5.449674e-05 | loss=18.639595
Epoch 018 | Step 940 | lr=5.449674e-05 | loss=19.406517
Epoch 018 | Step 950 | lr=5.449674e-05 | loss=19.457819
Epoch 018 | Step 960 | lr=5.449674e-05 | loss=20.606922
epoch 018 | train_kld=19.138910 | val_kld=7.629265 | val_mae=0.014989 | val_mse=0.001653 | ord_acc@10=0.1992 | recall@10=0.7929
Epoch 019 | Step 10 | lr=2.447174e-05 | loss=19.770744
Epoch 019 | Step 20 | lr=2.447174e-05 | loss=19.183367
Epoch 019 | Step 30 | lr=2.447174e-05 | loss=18.919174
Epoch 019 | Step 40 | lr=2.447174e-05 | loss=18.162510
Epoch 019 | Step 50 | lr=2.447174e-05 | loss=18.565210
Epoch 019 | Step 60 | lr=2.447174e-05 | loss=19.881037
Epoch 019 | Step 70 | lr=2.447174e-05 | loss=19.957985
Epoch 019 | Step 80 | lr=2.447174e-05 | loss=18.147121
Epoch 019 | Step 90 | lr=2.447174e-05 | loss=17.700817
Epoch 019 | Step 100 | lr=2.447174e-05 | loss=19.019209
Epoch 019 | Step 110 | lr=2.447174e-05 | loss=19.786133
Epoch 019 | Step 120 | lr=2.447174e-05 | loss=20.340164
Epoch 019 | Step 130 | lr=2.447174e-05 | loss=20.394032
Epoch 019 | Step 140 | lr=2.447174e-05 | loss=18.339493
Epoch 019 | Step 150 | lr=2.447174e-05 | loss=18.914045
Epoch 019 | Step 160 | lr=2.447174e-05 | loss=18.011177
Epoch 019 | Step 170 | lr=2.447174e-05 | loss=17.580265
Epoch 019 | Step 180 | lr=2.447174e-05 | loss=17.990658
Epoch 019 | Step 190 | lr=2.447174e-05 | loss=19.327003
Epoch 019 | Step 200 | lr=2.447174e-05 | loss=19.801523
Epoch 019 | Step 210 | lr=2.447174e-05 | loss=19.211582
Epoch 019 | Step 220 | lr=2.447174e-05 | loss=19.416779
Epoch 019 | Step 230 | lr=2.447174e-05 | loss=20.878807
Epoch 019 | Step 240 | lr=2.447174e-05 | loss=19.052555
Epoch 019 | Step 250 | lr=2.447174e-05 | loss=18.252285
Epoch 019 | Step 260 | lr=2.447174e-05 | loss=19.244926
Epoch 019 | Step 270 | lr=2.447174e-05 | loss=19.945162
Epoch 019 | Step 280 | lr=2.447174e-05 | loss=19.352654
Epoch 019 | Step 290 | lr=2.447174e-05 | loss=19.029469
Epoch 019 | Step 300 | lr=2.447174e-05 | loss=19.070509
Epoch 019 | Step 310 | lr=2.447174e-05 | loss=16.815905
Epoch 019 | Step 320 | lr=2.447174e-05 | loss=19.198757
Epoch 019 | Step 330 | lr=2.447174e-05 | loss=18.347189
Epoch 019 | Step 340 | lr=2.447174e-05 | loss=18.842228
Epoch 019 | Step 350 | lr=2.447174e-05 | loss=19.073074
Epoch 019 | Step 360 | lr=2.447174e-05 | loss=19.060249
Epoch 019 | Step 370 | lr=2.447174e-05 | loss=21.253292
Epoch 019 | Step 380 | lr=2.447174e-05 | loss=21.789370
Epoch 019 | Step 390 | lr=2.447174e-05 | loss=20.883938
Epoch 019 | Step 400 | lr=2.447174e-05 | loss=20.388901
Epoch 019 | Step 410 | lr=2.447174e-05 | loss=21.050659
Epoch 019 | Step 420 | lr=2.447174e-05 | loss=17.495621
Epoch 019 | Step 430 | lr=2.447174e-05 | loss=20.286303
Epoch 019 | Step 440 | lr=2.447174e-05 | loss=19.832302
Epoch 019 | Step 450 | lr=2.447174e-05 | loss=18.806318
Epoch 019 | Step 460 | lr=2.447174e-05 | loss=20.560753
Epoch 019 | Step 470 | lr=2.447174e-05 | loss=18.041958
Epoch 019 | Step 480 | lr=2.447174e-05 | loss=20.201656
Epoch 019 | Step 490 | lr=2.447174e-05 | loss=18.377968
Epoch 019 | Step 500 | lr=2.447174e-05 | loss=20.827507
Epoch 019 | Step 510 | lr=2.447174e-05 | loss=19.175673
Epoch 019 | Step 520 | lr=2.447174e-05 | loss=19.927206
Epoch 019 | Step 530 | lr=2.447174e-05 | loss=18.041958
Epoch 019 | Step 540 | lr=2.447174e-05 | loss=24.687780
Epoch 019 | Step 550 | lr=2.447174e-05 | loss=19.822042
Epoch 019 | Step 560 | lr=2.447174e-05 | loss=18.118908
Epoch 019 | Step 570 | lr=2.447174e-05 | loss=19.857952
Epoch 019 | Step 580 | lr=2.447174e-05 | loss=21.396931
Epoch 019 | Step 590 | lr=2.447174e-05 | loss=19.634800
Epoch 019 | Step 600 | lr=2.447174e-05 | loss=16.851814
Epoch 019 | Step 610 | lr=2.447174e-05 | loss=20.047760
Epoch 019 | Step 620 | lr=2.447174e-05 | loss=17.369938
Epoch 019 | Step 630 | lr=2.447174e-05 | loss=21.030140
Epoch 019 | Step 640 | lr=2.447174e-05 | loss=19.352654
Epoch 019 | Step 650 | lr=2.447174e-05 | loss=17.521271
Epoch 019 | Step 660 | lr=2.447174e-05 | loss=21.276377
Epoch 019 | Step 670 | lr=2.447174e-05 | loss=19.244926
Epoch 019 | Step 680 | lr=2.447174e-05 | loss=20.568447
Epoch 019 | Step 690 | lr=2.447174e-05 | loss=19.916946
Epoch 019 | Step 700 | lr=2.447174e-05 | loss=18.680634
Epoch 019 | Step 710 | lr=2.447174e-05 | loss=19.722010
Epoch 019 | Step 720 | lr=2.447174e-05 | loss=18.944824
Epoch 019 | Step 730 | lr=2.447174e-05 | loss=17.544353
Epoch 019 | Step 740 | lr=2.447174e-05 | loss=20.283735
Epoch 019 | Step 750 | lr=2.447174e-05 | loss=21.830410
Epoch 019 | Step 760 | lr=2.447174e-05 | loss=19.937466
Epoch 019 | Step 770 | lr=2.447174e-05 | loss=17.693123
Epoch 019 | Step 780 | lr=2.447174e-05 | loss=19.250057
Epoch 019 | Step 790 | lr=2.447174e-05 | loss=20.206787
Epoch 019 | Step 800 | lr=2.447174e-05 | loss=17.631563
Epoch 019 | Step 810 | lr=2.447174e-05 | loss=18.911480
Epoch 019 | Step 820 | lr=2.447174e-05 | loss=21.112221
Epoch 019 | Step 830 | lr=2.447174e-05 | loss=19.575806
Epoch 019 | Step 840 | lr=2.447174e-05 | loss=20.158052
Epoch 019 | Step 850 | lr=2.447174e-05 | loss=19.414213
Epoch 019 | Step 860 | lr=2.447174e-05 | loss=19.511681
Epoch 019 | Step 870 | lr=2.447174e-05 | loss=17.834196
Epoch 019 | Step 880 | lr=2.447174e-05 | loss=18.580601
Epoch 019 | Step 890 | lr=2.447174e-05 | loss=18.572905
Epoch 019 | Step 900 | lr=2.447174e-05 | loss=20.388901
Epoch 019 | Step 910 | lr=2.447174e-05 | loss=23.061594
Epoch 019 | Step 920 | lr=2.447174e-05 | loss=19.929771
Epoch 019 | Step 930 | lr=2.447174e-05 | loss=18.903786
Epoch 019 | Step 940 | lr=2.447174e-05 | loss=18.380533
Epoch 019 | Step 950 | lr=2.447174e-05 | loss=17.759811
Epoch 019 | Step 960 | lr=2.447174e-05 | loss=19.596325
epoch 019 | train_kld=19.283687 | val_kld=7.529719 | val_mae=0.014989 | val_mse=0.001653 | ord_acc@10=0.1844 | recall@10=0.7945
Epoch 020 | Step 10 | lr=6.155830e-06 | loss=17.526400
Epoch 020 | Step 20 | lr=6.155830e-06 | loss=17.752117
Epoch 020 | Step 30 | lr=6.155830e-06 | loss=17.936794
Epoch 020 | Step 40 | lr=6.155830e-06 | loss=19.796394
Epoch 020 | Step 50 | lr=6.155830e-06 | loss=19.278271
Epoch 020 | Step 60 | lr=6.155830e-06 | loss=19.837433
Epoch 020 | Step 70 | lr=6.155830e-06 | loss=17.975269
Epoch 020 | Step 80 | lr=6.155830e-06 | loss=19.629669
Epoch 020 | Step 90 | lr=6.155830e-06 | loss=18.757584
Epoch 020 | Step 100 | lr=6.155830e-06 | loss=18.701153
Epoch 020 | Step 110 | lr=6.155830e-06 | loss=18.100952
Epoch 020 | Step 120 | lr=6.155830e-06 | loss=19.737400
Epoch 020 | Step 130 | lr=6.155830e-06 | loss=17.998352
Epoch 020 | Step 140 | lr=6.155830e-06 | loss=18.583164
Epoch 020 | Step 150 | lr=6.155830e-06 | loss=21.194298
Epoch 020 | Step 160 | lr=6.155830e-06 | loss=19.321875
Epoch 020 | Step 170 | lr=6.155830e-06 | loss=19.155151
Epoch 020 | Step 180 | lr=6.155830e-06 | loss=20.665916
Epoch 020 | Step 190 | lr=6.155830e-06 | loss=19.845127
Epoch 020 | Step 200 | lr=6.155830e-06 | loss=19.503986
Epoch 020 | Step 210 | lr=6.155830e-06 | loss=21.312286
Epoch 020 | Step 220 | lr=6.155830e-06 | loss=19.993896
Epoch 020 | Step 230 | lr=6.155830e-06 | loss=17.446884
Epoch 020 | Step 240 | lr=6.155830e-06 | loss=18.206116
Epoch 020 | Step 250 | lr=6.155830e-06 | loss=19.129501
Epoch 020 | Step 260 | lr=6.155830e-06 | loss=20.263216
Epoch 020 | Step 270 | lr=6.155830e-06 | loss=19.560417
Epoch 020 | Step 280 | lr=6.155830e-06 | loss=20.101624
Epoch 020 | Step 290 | lr=6.155830e-06 | loss=20.240131
Epoch 020 | Step 300 | lr=6.155830e-06 | loss=19.160282
Epoch 020 | Step 310 | lr=6.155830e-06 | loss=19.763050
Epoch 020 | Step 320 | lr=6.155830e-06 | loss=20.168314
Epoch 020 | Step 330 | lr=6.155830e-06 | loss=19.491161
Epoch 020 | Step 340 | lr=6.155830e-06 | loss=19.632235
Epoch 020 | Step 350 | lr=6.155830e-06 | loss=18.506214
Epoch 020 | Step 360 | lr=6.155830e-06 | loss=19.824608
Epoch 020 | Step 370 | lr=6.155830e-06 | loss=19.273140
Epoch 020 | Step 380 | lr=6.155830e-06 | loss=18.544691
Epoch 020 | Step 390 | lr=6.155830e-06 | loss=21.066051
Epoch 020 | Step 400 | lr=6.155830e-06 | loss=21.019882
Epoch 020 | Step 410 | lr=6.155830e-06 | loss=19.655319
Epoch 020 | Step 420 | lr=6.155830e-06 | loss=17.693123
Epoch 020 | Step 430 | lr=6.155830e-06 | loss=20.776211
Epoch 020 | Step 440 | lr=6.155830e-06 | loss=21.486706
Epoch 020 | Step 450 | lr=6.155830e-06 | loss=19.327005
Epoch 020 | Step 460 | lr=6.155830e-06 | loss=20.070845
Epoch 020 | Step 470 | lr=6.155830e-06 | loss=18.593426
Epoch 020 | Step 480 | lr=6.155830e-06 | loss=19.996460
Epoch 020 | Step 490 | lr=6.155830e-06 | loss=19.511683
Epoch 020 | Step 500 | lr=6.155830e-06 | loss=20.232437
Epoch 020 | Step 510 | lr=6.155830e-06 | loss=19.234665
Epoch 020 | Step 520 | lr=6.155830e-06 | loss=19.734833
Epoch 020 | Step 530 | lr=6.155830e-06 | loss=18.924305
Epoch 020 | Step 540 | lr=6.155830e-06 | loss=19.937466
Epoch 020 | Step 550 | lr=6.155830e-06 | loss=18.603683
Epoch 020 | Step 560 | lr=6.155830e-06 | loss=19.473207
Epoch 020 | Step 570 | lr=6.155830e-06 | loss=20.224743
Epoch 020 | Step 580 | lr=6.155830e-06 | loss=20.322212
Epoch 020 | Step 590 | lr=6.155830e-06 | loss=18.685764
Epoch 020 | Step 600 | lr=6.155830e-06 | loss=18.883266
Epoch 020 | Step 610 | lr=6.155830e-06 | loss=19.493729
Epoch 020 | Step 620 | lr=6.155830e-06 | loss=20.663351
Epoch 020 | Step 630 | lr=6.155830e-06 | loss=19.942596
Epoch 020 | Step 640 | lr=6.155830e-06 | loss=19.078203
Epoch 020 | Step 650 | lr=6.155830e-06 | loss=19.155153
Epoch 020 | Step 660 | lr=6.155830e-06 | loss=19.421909
Epoch 020 | Step 670 | lr=6.155830e-06 | loss=19.075638
Epoch 020 | Step 680 | lr=6.155830e-06 | loss=19.014080
Epoch 020 | Step 690 | lr=6.155830e-06 | loss=21.950964
Epoch 020 | Step 700 | lr=6.155830e-06 | loss=21.068615
Epoch 020 | Step 710 | lr=6.155830e-06 | loss=21.137871
Epoch 020 | Step 720 | lr=6.155830e-06 | loss=20.840334
Epoch 020 | Step 730 | lr=6.155830e-06 | loss=17.372501
Epoch 020 | Step 740 | lr=6.155830e-06 | loss=18.442093
Epoch 020 | Step 750 | lr=6.155830e-06 | loss=20.168312
Epoch 020 | Step 760 | lr=6.155830e-06 | loss=18.208679
Epoch 020 | Step 770 | lr=6.155830e-06 | loss=20.227306
Epoch 020 | Step 780 | lr=6.155830e-06 | loss=19.865648
Epoch 020 | Step 790 | lr=6.155830e-06 | loss=22.746101
Epoch 020 | Step 800 | lr=6.155830e-06 | loss=20.863419
Epoch 020 | Step 810 | lr=6.155830e-06 | loss=19.121807
Epoch 020 | Step 820 | lr=6.155830e-06 | loss=19.221842
Epoch 020 | Step 830 | lr=6.155830e-06 | loss=18.726803
Epoch 020 | Step 840 | lr=6.155830e-06 | loss=19.881039
Epoch 020 | Step 850 | lr=6.155830e-06 | loss=18.637030
Epoch 020 | Step 860 | lr=6.155830e-06 | loss=19.380869
Epoch 020 | Step 870 | lr=6.155830e-06 | loss=18.796057
Epoch 020 | Step 880 | lr=6.155830e-06 | loss=20.299126
Epoch 020 | Step 890 | lr=6.155830e-06 | loss=20.178574
Epoch 020 | Step 900 | lr=6.155830e-06 | loss=19.691231
Epoch 020 | Step 910 | lr=6.155830e-06 | loss=19.088463
Epoch 020 | Step 920 | lr=6.155830e-06 | loss=19.393694
Epoch 020 | Step 930 | lr=6.155830e-06 | loss=19.252621
Epoch 020 | Step 940 | lr=6.155830e-06 | loss=18.052217
Epoch 020 | Step 950 | lr=6.155830e-06 | loss=19.547592
Epoch 020 | Step 960 | lr=6.155830e-06 | loss=19.606586
/mnt/hdd/xln/PycharmProjects/PredictLeafNode/src/model/cluster_dist_transformer_original.py:844: FutureWarning: You are using `torch.load` with `weights_only=False` (the current default value), which uses the default pickle module implicitly. It is possible to construct malicious pickle data which will execute arbitrary code during unpickling (See https://github.com/pytorch/pytorch/blob/main/SECURITY.md#untrusted-models for more details). In a future release, the default value for `weights_only` will be flipped to `True`. This limits the functions that could be executed during unpickling. Arbitrary objects will no longer be allowed to be loaded via this mode unless they are explicitly allowlisted by the user via `torch.serialization.add_safe_globals`. We recommend you start setting `weights_only=True` for any use case where you don't have full control of the loaded file. Please open an issue on GitHub for any issues related to this experimental feature.
  ckpt = torch.load(best_path, map_location=device)
epoch 020 | train_kld=19.391107 | val_kld=7.537597 | val_mae=0.014989 | val_mse=0.001653 | ord_acc@10=0.1551 | recall@10=0.7692
Saved epoch 1 batch metrics plot to input/Training_data/gist1M_learn/leafsize20K/D_model_d256_L4_H8_ff512_topk10_bs512_ep20_lr0.001_wd0.01_bilinear_normalizeTrue_posFalse_gatingFalse_loss_typerecall_focused_loss_use_type_embedTrue/model_d256_L4_H8_ff512_topk10_bs512_ep20_lr0.001_wd0.01_bilinear_normalizeTrue_posFalse_gatingFalse_loss_typerecall_focused_loss_use_type_embedTrue_epoch1_batch_metrics@10.png
Saved epoch metrics plot to input/Training_data/gist1M_learn/leafsize20K/D_model_d256_L4_H8_ff512_topk10_bs512_ep20_lr0.001_wd0.01_bilinear_normalizeTrue_posFalse_gatingFalse_loss_typerecall_focused_loss_use_type_embedTrue/model_d256_L4_H8_ff512_topk10_bs512_ep20_lr0.001_wd0.01_bilinear_normalizeTrue_posFalse_gatingFalse_loss_typerecall_focused_loss_use_type_embedTrue_epoch_metrics.png
best val_kld: 7.456182 at epoch 14
Loaded checkpoint from input/Training_data/gist1M_learn/leafsize20K/D_model_d256_L4_H8_ff512_topk10_bs512_ep20_lr0.001_wd0.01_bilinear_normalizeTrue_posFalse_gatingFalse_loss_typerecall_focused_loss_use_type_embedTrue/model_d256_L4_H8_ff512_topk10_bs512_ep20_lr0.001_wd0.01_bilinear_normalizeTrue_posFalse_gatingFalse_loss_typerecall_focused_loss_use_type_embedTrue.pt (epoch=14)
[TEST] kld=7.500045 | mae=0.014883 | mse=0.001556 | ord_acc@10=0.1993 | recall@10=0.7958
Saving model predictions to file...
Saved predictions -> input/Training_data/gist1M_learn/leafsize20K/D_model_d256_L4_H8_ff512_topk10_bs512_ep20_lr0.001_wd0.01_bilinear_normalizeTrue_posFalse_gatingFalse_loss_typerecall_focused_loss_use_type_embedTrue/model_d256_L4_H8_ff512_topk10_bs512_ep20_lr0.001_wd0.01_bilinear_normalizeTrue_posFalse_gatingFalse_loss_typerecall_focused_loss_use_type_embedTrue_pred.txt
