/home/xln/miniconda3/envs/elpis_torch/lib/python3.12/site-packages/torch/nn/modules/transformer.py:379: UserWarning: enable_nested_tensor is True, but self.use_nested_tensor is False because encoder_layer.norm_first was True
  warnings.warn(
Using user data format:
  Train queries: input/Training_data/gist1M_learn/leafsize20K/dynamicK/train_queries.npz
  Train labels: input/Training_data/gist1M_learn/leafsize20K/dynamicK/train_labels.npz
Detected K=116, D=960
Supporting K values: [1, 10, 20, 50, 100]
Using user data format for data loading
Loading user data files:
  Queries: input/Training_data/gist1M_learn/leafsize20K/dynamicK/train_queries.npz
  Centroids: input/Training_data/gist1M_learn/leafsize20K/centroids.npy
  Labels: input/Training_data/gist1M_learn/leafsize20K/dynamicK/train_labels.npz
Warning: 'queries' key not found, using 'query_vectors' as queries
  Loading multi-K labels from: input/Training_data/gist1M_learn/leafsize20K/dynamicK/train_labels.npz
  Loaded K=1 labels: targets_k1, shape=(500000, 116)
  Loaded K=1 labels: shape=(500000, 116), sum_range=[1.000000, 1.000000]
  Loaded K=10 labels: targets_k10, shape=(500000, 116)
  Loaded K=10 labels: shape=(500000, 116), sum_range=[1.000000, 1.000000]
  Loaded K=20 labels: targets_k20, shape=(500000, 116)
  Loaded K=20 labels: shape=(500000, 116), sum_range=[1.000000, 1.000000]
  Loaded K=50 labels: targets_k50, shape=(500000, 116)
  Loaded K=50 labels: shape=(500000, 116), sum_range=[1.000000, 1.000000]
  Loaded K=100 labels: targets_k100, shape=(500000, 116)
  Loaded K=100 labels: shape=(500000, 116), sum_range=[1.000000, 1.000000]
Using stratified split by K values to ensure balanced distribution
  K=1: train=450000, val=50000
  K=10: train=450000, val=50000
  K=20: train=450000, val=50000
  K=50: train=450000, val=50000
  K=100: train=450000, val=50000
Stratified split completed: train_size=2250000, val_size=250000
Total samples per K-value: train=450000, val=50000

Training Configuration:
  Original queries: 500000
  K values: [1, 10, 20, 50, 100]
  Training mode: all
  Dataset size: 2500000
  Expected size (N*K): 500000 * 5 = 2500000
  Each query has 5 training samples (one per K value)
  Batch size: 128
  Batches per epoch: 17579

Enabling torch.compile optimization...
Using experiment ID: H
/home/xln/miniconda3/envs/elpis_torch/lib/python3.12/site-packages/torch/_inductor/compile_fx.py:167: UserWarning: TensorFloat32 tensor cores for float32 matrix multiplication available but not enabled. Consider setting `torch.set_float32_matmul_precision('high')` for better performance.
  warnings.warn(
Epoch 001 | Batch 10 | val_kld=3.326881 | val_ordacc@10=0.082022 | val_recall@10=0.441808
Epoch 001 | Batch 10 | K-values: K1=29, K10=23, K20=21, K50=27, K100=28
Epoch 001 | Batch 20 | val_kld=3.326881 | val_ordacc@10=0.082022 | val_recall@10=0.441808
Epoch 001 | Batch 20 | K-values: K1=28, K10=28, K20=29, K50=25, K100=18
Epoch 001 | Batch 30 | val_kld=3.326881 | val_ordacc@10=0.082022 | val_recall@10=0.441808
Epoch 001 | Batch 30 | K-values: K1=29, K10=31, K20=28, K50=21, K100=19
Epoch 001 | Batch 40 | val_kld=3.326881 | val_ordacc@10=0.082022 | val_recall@10=0.441808
Epoch 001 | Batch 40 | K-values: K1=28, K10=28, K20=22, K50=23, K100=27
Epoch 001 | Batch 50 | val_kld=3.326881 | val_ordacc@10=0.082022 | val_recall@10=0.441808
Epoch 001 | Batch 50 | K-values: K1=45, K10=25, K20=24, K50=17, K100=17
Epoch 001 | Batch 60 | val_kld=3.326881 | val_ordacc@10=0.082022 | val_recall@10=0.441808
Epoch 001 | Batch 60 | K-values: K1=25, K10=24, K20=25, K50=31, K100=23
Epoch 001 | Batch 70 | val_kld=3.326881 | val_ordacc@10=0.082022 | val_recall@10=0.441808
Epoch 001 | Batch 70 | K-values: K1=26, K10=32, K20=24, K50=22, K100=24
Epoch 001 | Batch 80 | val_kld=3.326881 | val_ordacc@10=0.082022 | val_recall@10=0.441808
Epoch 001 | Batch 80 | K-values: K1=29, K10=21, K20=29, K50=30, K100=19
Epoch 001 | Batch 90 | val_kld=3.326881 | val_ordacc@10=0.082022 | val_recall@10=0.441808
Epoch 001 | Batch 90 | K-values: K1=23, K10=27, K20=34, K50=19, K100=25
Epoch 001 | Batch 100 | val_kld=3.326881 | val_ordacc@10=0.082022 | val_recall@10=0.441808
Epoch 001 | Batch 100 | K-values: K1=29, K10=31, K20=17, K50=26, K100=25
Epoch 001 | Batch 110 | val_kld=3.326881 | val_ordacc@10=0.082022 | val_recall@10=0.441808
Epoch 001 | Batch 110 | K-values: K1=15, K10=22, K20=28, K50=37, K100=26
Epoch 001 | Batch 120 | val_kld=3.326881 | val_ordacc@10=0.082022 | val_recall@10=0.441808
Epoch 001 | Batch 120 | K-values: K1=25, K10=26, K20=30, K50=28, K100=19
Epoch 001 | Batch 130 | val_kld=3.326881 | val_ordacc@10=0.082022 | val_recall@10=0.441808
Epoch 001 | Batch 130 | K-values: K1=26, K10=27, K20=26, K50=25, K100=24
Epoch 001 | Batch 140 | val_kld=3.326881 | val_ordacc@10=0.082022 | val_recall@10=0.441808
Epoch 001 | Batch 140 | K-values: K1=26, K10=32, K20=24, K50=17, K100=29
Epoch 001 | Batch 150 | val_kld=3.326881 | val_ordacc@10=0.082022 | val_recall@10=0.441808
Epoch 001 | Batch 150 | K-values: K1=29, K10=27, K20=26, K50=25, K100=21
Epoch 001 | Batch 160 | val_kld=3.326881 | val_ordacc@10=0.082022 | val_recall@10=0.441808
Epoch 001 | Batch 160 | K-values: K1=29, K10=21, K20=26, K50=27, K100=25
Epoch 001 | Batch 170 | val_kld=3.326881 | val_ordacc@10=0.082022 | val_recall@10=0.441808
Epoch 001 | Batch 170 | K-values: K1=23, K10=27, K20=26, K50=18, K100=34
Epoch 001 | Batch 180 | val_kld=3.326881 | val_ordacc@10=0.082022 | val_recall@10=0.441808
Epoch 001 | Batch 180 | K-values: K1=24, K10=22, K20=22, K50=32, K100=28
Epoch 001 | Batch 190 | val_kld=3.326881 | val_ordacc@10=0.082022 | val_recall@10=0.441808
Epoch 001 | Batch 190 | K-values: K1=25, K10=28, K20=25, K50=19, K100=31
Epoch 001 | Batch 200 | val_kld=3.326881 | val_ordacc@10=0.082022 | val_recall@10=0.441808
Epoch 001 | Batch 200 | K-values: K1=25, K10=22, K20=29, K50=26, K100=26
Epoch 001 | Batch 210 | val_kld=3.326881 | val_ordacc@10=0.082022 | val_recall@10=0.441808
Epoch 001 | Batch 210 | K-values: K1=35, K10=27, K20=22, K50=18, K100=26
Epoch 001 | Batch 220 | val_kld=3.326881 | val_ordacc@10=0.082022 | val_recall@10=0.441808
Epoch 001 | Batch 220 | K-values: K1=25, K10=16, K20=35, K50=25, K100=27
Epoch 001 | Batch 230 | val_kld=3.326881 | val_ordacc@10=0.082022 | val_recall@10=0.441808
Epoch 001 | Batch 230 | K-values: K1=22, K10=20, K20=21, K50=27, K100=38
Epoch 001 | Batch 240 | val_kld=3.326881 | val_ordacc@10=0.082022 | val_recall@10=0.441808
Epoch 001 | Batch 240 | K-values: K1=21, K10=33, K20=28, K50=20, K100=26
Epoch 001 | Batch 250 | val_kld=3.326881 | val_ordacc@10=0.082022 | val_recall@10=0.441808
Epoch 001 | Batch 250 | K-values: K1=33, K10=24, K20=28, K50=23, K100=20
Epoch 001 | Batch 260 | val_kld=3.326881 | val_ordacc@10=0.082022 | val_recall@10=0.441808
Epoch 001 | Batch 260 | K-values: K1=15, K10=32, K20=25, K50=32, K100=24
Epoch 001 | Batch 270 | val_kld=3.326881 | val_ordacc@10=0.082022 | val_recall@10=0.441808
Epoch 001 | Batch 270 | K-values: K1=24, K10=28, K20=26, K50=20, K100=30
Epoch 001 | Batch 280 | val_kld=3.326881 | val_ordacc@10=0.082022 | val_recall@10=0.441808
Epoch 001 | Batch 280 | K-values: K1=32, K10=17, K20=33, K50=21, K100=25
Epoch 001 | Batch 290 | val_kld=3.326881 | val_ordacc@10=0.082022 | val_recall@10=0.441808
Epoch 001 | Batch 290 | K-values: K1=23, K10=26, K20=29, K50=18, K100=32
Epoch 001 | Batch 300 | val_kld=3.326881 | val_ordacc@10=0.082022 | val_recall@10=0.441808
Epoch 001 | Batch 300 | K-values: K1=23, K10=26, K20=23, K50=28, K100=28
Epoch 001 | Batch 310 | val_kld=3.326881 | val_ordacc@10=0.082022 | val_recall@10=0.441808
Epoch 001 | Batch 310 | K-values: K1=28, K10=25, K20=28, K50=25, K100=22
Epoch 001 | Batch 320 | val_kld=3.326881 | val_ordacc@10=0.082022 | val_recall@10=0.441808
Epoch 001 | Batch 320 | K-values: K1=28, K10=32, K20=19, K50=28, K100=21
Epoch 001 | Batch 330 | val_kld=3.326881 | val_ordacc@10=0.082022 | val_recall@10=0.441808
Epoch 001 | Batch 330 | K-values: K1=32, K10=22, K20=20, K50=27, K100=27
Epoch 001 | Batch 340 | val_kld=3.326881 | val_ordacc@10=0.082022 | val_recall@10=0.441808
Epoch 001 | Batch 340 | K-values: K1=24, K10=35, K20=21, K50=19, K100=29
Epoch 001 | Batch 350 | val_kld=3.326881 | val_ordacc@10=0.082022 | val_recall@10=0.441808
Epoch 001 | Batch 350 | K-values: K1=24, K10=30, K20=24, K50=22, K100=28
Epoch 001 | Batch 360 | val_kld=3.326881 | val_ordacc@10=0.082022 | val_recall@10=0.441808
Epoch 001 | Batch 360 | K-values: K1=25, K10=21, K20=23, K50=36, K100=23
Epoch 001 | Batch 370 | val_kld=3.326881 | val_ordacc@10=0.082022 | val_recall@10=0.441808
Epoch 001 | Batch 370 | K-values: K1=27, K10=21, K20=24, K50=26, K100=30
Epoch 001 | Batch 380 | val_kld=3.326881 | val_ordacc@10=0.082022 | val_recall@10=0.441808
Epoch 001 | Batch 380 | K-values: K1=27, K10=23, K20=29, K50=24, K100=25
Epoch 001 | Batch 390 | val_kld=3.326881 | val_ordacc@10=0.082022 | val_recall@10=0.441808
Epoch 001 | Batch 390 | K-values: K1=37, K10=27, K20=19, K50=25, K100=20
Epoch 001 | Batch 400 | val_kld=3.326881 | val_ordacc@10=0.082022 | val_recall@10=0.441808
Epoch 001 | Batch 400 | K-values: K1=25, K10=24, K20=29, K50=27, K100=23
Epoch 001 | Batch 410 | val_kld=3.326881 | val_ordacc@10=0.082022 | val_recall@10=0.441808
Epoch 001 | Batch 410 | K-values: K1=21, K10=30, K20=24, K50=25, K100=28
Epoch 001 | Batch 420 | val_kld=3.326881 | val_ordacc@10=0.082022 | val_recall@10=0.441808
Epoch 001 | Batch 420 | K-values: K1=31, K10=31, K20=17, K50=22, K100=27
Epoch 001 | Batch 430 | val_kld=3.326881 | val_ordacc@10=0.082022 | val_recall@10=0.441808
Epoch 001 | Batch 430 | K-values: K1=27, K10=19, K20=21, K50=33, K100=28
Epoch 001 | Batch 440 | val_kld=3.326881 | val_ordacc@10=0.082022 | val_recall@10=0.441808
Epoch 001 | Batch 440 | K-values: K1=27, K10=20, K20=31, K50=22, K100=28
Epoch 001 | Batch 450 | val_kld=3.326881 | val_ordacc@10=0.082022 | val_recall@10=0.441808
Epoch 001 | Batch 450 | K-values: K1=29, K10=24, K20=35, K50=20, K100=20
Epoch 001 | Batch 460 | val_kld=3.326881 | val_ordacc@10=0.082022 | val_recall@10=0.441808
Epoch 001 | Batch 460 | K-values: K1=28, K10=23, K20=25, K50=19, K100=33
Epoch 001 | Batch 470 | val_kld=3.326881 | val_ordacc@10=0.082022 | val_recall@10=0.441808
Epoch 001 | Batch 470 | K-values: K1=30, K10=32, K20=31, K50=15, K100=20
Epoch 001 | Batch 480 | val_kld=3.326881 | val_ordacc@10=0.082022 | val_recall@10=0.441808
Epoch 001 | Batch 480 | K-values: K1=30, K10=21, K20=17, K50=34, K100=26
Epoch 001 | Batch 490 | val_kld=3.326881 | val_ordacc@10=0.082022 | val_recall@10=0.441808
Epoch 001 | Batch 490 | K-values: K1=27, K10=23, K20=25, K50=24, K100=29
Epoch 001 | Batch 500 | val_kld=3.326881 | val_ordacc@10=0.082022 | val_recall@10=0.441808
Epoch 001 | Batch 500 | K-values: K1=20, K10=21, K20=27, K50=33, K100=27
Epoch 001 | Batch 510 | val_kld=3.326881 | val_ordacc@10=0.082022 | val_recall@10=0.441808
Epoch 001 | Batch 510 | K-values: K1=22, K10=26, K20=29, K50=26, K100=25
Epoch 001 | Batch 520 | val_kld=3.326881 | val_ordacc@10=0.082022 | val_recall@10=0.441808
Epoch 001 | Batch 520 | K-values: K1=29, K10=17, K20=25, K50=32, K100=25
Epoch 001 | Batch 530 | val_kld=3.326881 | val_ordacc@10=0.082022 | val_recall@10=0.441808
Epoch 001 | Batch 530 | K-values: K1=28, K10=27, K20=19, K50=23, K100=31
Epoch 001 | Batch 540 | val_kld=3.326881 | val_ordacc@10=0.082022 | val_recall@10=0.441808
Epoch 001 | Batch 540 | K-values: K1=27, K10=29, K20=28, K50=17, K100=27
Epoch 001 | Batch 550 | val_kld=3.326881 | val_ordacc@10=0.082022 | val_recall@10=0.441808
Epoch 001 | Batch 550 | K-values: K1=24, K10=23, K20=24, K50=29, K100=28
Epoch 001 | Batch 560 | val_kld=3.326881 | val_ordacc@10=0.082022 | val_recall@10=0.441808
Epoch 001 | Batch 560 | K-values: K1=29, K10=27, K20=31, K50=20, K100=21
Epoch 001 | Batch 570 | val_kld=3.326881 | val_ordacc@10=0.082022 | val_recall@10=0.441808
Epoch 001 | Batch 570 | K-values: K1=30, K10=23, K20=20, K50=30, K100=25
Epoch 001 | Batch 580 | val_kld=3.326881 | val_ordacc@10=0.082022 | val_recall@10=0.441808
Epoch 001 | Batch 580 | K-values: K1=23, K10=23, K20=27, K50=29, K100=26
Epoch 001 | Batch 590 | val_kld=3.326881 | val_ordacc@10=0.082022 | val_recall@10=0.441808
Epoch 001 | Batch 590 | K-values: K1=25, K10=23, K20=31, K50=24, K100=25
Epoch 001 | Batch 600 | val_kld=3.326881 | val_ordacc@10=0.082022 | val_recall@10=0.441808
Epoch 001 | Batch 600 | K-values: K1=29, K10=21, K20=28, K50=27, K100=23
Epoch 001 | Batch 610 | val_kld=3.326881 | val_ordacc@10=0.082022 | val_recall@10=0.441808
Epoch 001 | Batch 610 | K-values: K1=28, K10=28, K20=16, K50=31, K100=25
Epoch 001 | Batch 620 | val_kld=3.326881 | val_ordacc@10=0.082022 | val_recall@10=0.441808
Epoch 001 | Batch 620 | K-values: K1=32, K10=17, K20=25, K50=29, K100=25
Epoch 001 | Batch 630 | val_kld=3.326881 | val_ordacc@10=0.082022 | val_recall@10=0.441808
Epoch 001 | Batch 630 | K-values: K1=36, K10=16, K20=30, K50=18, K100=28
Epoch 001 | Batch 640 | val_kld=3.326881 | val_ordacc@10=0.082022 | val_recall@10=0.441808
Epoch 001 | Batch 640 | K-values: K1=24, K10=32, K20=29, K50=19, K100=24
Epoch 001 | Batch 650 | val_kld=3.326881 | val_ordacc@10=0.082022 | val_recall@10=0.441808
Epoch 001 | Batch 650 | K-values: K1=30, K10=32, K20=22, K50=19, K100=25
Epoch 001 | Batch 660 | val_kld=3.326881 | val_ordacc@10=0.082022 | val_recall@10=0.441808
Epoch 001 | Batch 660 | K-values: K1=25, K10=24, K20=29, K50=23, K100=27
Epoch 001 | Batch 670 | val_kld=3.326881 | val_ordacc@10=0.082022 | val_recall@10=0.441808
Epoch 001 | Batch 670 | K-values: K1=24, K10=22, K20=30, K50=24, K100=28
Epoch 001 | Batch 680 | val_kld=3.326881 | val_ordacc@10=0.082022 | val_recall@10=0.441808
Epoch 001 | Batch 680 | K-values: K1=25, K10=23, K20=28, K50=19, K100=33
Epoch 001 | Batch 690 | val_kld=3.326881 | val_ordacc@10=0.082022 | val_recall@10=0.441808
Epoch 001 | Batch 690 | K-values: K1=31, K10=27, K20=27, K50=24, K100=19
Epoch 001 | Batch 700 | val_kld=3.326881 | val_ordacc@10=0.082022 | val_recall@10=0.441808
Epoch 001 | Batch 700 | K-values: K1=32, K10=22, K20=29, K50=26, K100=19
Epoch 001 | Batch 710 | val_kld=3.326881 | val_ordacc@10=0.082022 | val_recall@10=0.441808
Epoch 001 | Batch 710 | K-values: K1=25, K10=28, K20=25, K50=29, K100=21
Epoch 001 | Batch 720 | val_kld=3.326881 | val_ordacc@10=0.082022 | val_recall@10=0.441808
Epoch 001 | Batch 720 | K-values: K1=20, K10=36, K20=24, K50=25, K100=23
Epoch 001 | Batch 730 | val_kld=3.326881 | val_ordacc@10=0.082022 | val_recall@10=0.441808
Epoch 001 | Batch 730 | K-values: K1=21, K10=25, K20=29, K50=24, K100=29
Epoch 001 | Batch 740 | val_kld=3.326881 | val_ordacc@10=0.082022 | val_recall@10=0.441808
Epoch 001 | Batch 740 | K-values: K1=29, K10=22, K20=20, K50=32, K100=25
Epoch 001 | Batch 750 | val_kld=3.326881 | val_ordacc@10=0.082022 | val_recall@10=0.441808
Epoch 001 | Batch 750 | K-values: K1=19, K10=30, K20=25, K50=24, K100=30
Epoch 001 | Batch 760 | val_kld=3.326881 | val_ordacc@10=0.082022 | val_recall@10=0.441808
Epoch 001 | Batch 760 | K-values: K1=25, K10=27, K20=21, K50=27, K100=28
Epoch 001 | Batch 770 | val_kld=3.326881 | val_ordacc@10=0.082022 | val_recall@10=0.441808
Epoch 001 | Batch 770 | K-values: K1=31, K10=25, K20=23, K50=24, K100=25
Epoch 001 | Batch 780 | val_kld=3.326881 | val_ordacc@10=0.082022 | val_recall@10=0.441808
Epoch 001 | Batch 780 | K-values: K1=34, K10=27, K20=14, K50=33, K100=20
Epoch 001 | Batch 790 | val_kld=3.326881 | val_ordacc@10=0.082022 | val_recall@10=0.441808
Epoch 001 | Batch 790 | K-values: K1=26, K10=26, K20=26, K50=30, K100=20
Epoch 001 | Batch 800 | val_kld=3.326881 | val_ordacc@10=0.082022 | val_recall@10=0.441808
Epoch 001 | Batch 800 | K-values: K1=31, K10=29, K20=16, K50=18, K100=34
Epoch 001 | Batch 810 | val_kld=3.326881 | val_ordacc@10=0.082022 | val_recall@10=0.441808
Epoch 001 | Batch 810 | K-values: K1=26, K10=21, K20=29, K50=27, K100=25
Epoch 001 | Batch 820 | val_kld=3.326881 | val_ordacc@10=0.082022 | val_recall@10=0.441808
Epoch 001 | Batch 820 | K-values: K1=24, K10=25, K20=23, K50=27, K100=29
Epoch 001 | Batch 830 | val_kld=3.326881 | val_ordacc@10=0.082022 | val_recall@10=0.441808
Epoch 001 | Batch 830 | K-values: K1=19, K10=28, K20=30, K50=25, K100=26
Epoch 001 | Batch 840 | val_kld=3.326881 | val_ordacc@10=0.082022 | val_recall@10=0.441808
Epoch 001 | Batch 840 | K-values: K1=27, K10=30, K20=23, K50=23, K100=25
Epoch 001 | Batch 850 | val_kld=3.326881 | val_ordacc@10=0.082022 | val_recall@10=0.441808
Epoch 001 | Batch 850 | K-values: K1=21, K10=26, K20=24, K50=31, K100=26
Epoch 001 | Batch 860 | val_kld=3.326881 | val_ordacc@10=0.082022 | val_recall@10=0.441808
Epoch 001 | Batch 860 | K-values: K1=29, K10=29, K20=28, K50=25, K100=17
Epoch 001 | Batch 870 | val_kld=3.326881 | val_ordacc@10=0.082022 | val_recall@10=0.441808
Epoch 001 | Batch 870 | K-values: K1=27, K10=25, K20=26, K50=21, K100=29
Epoch 001 | Batch 880 | val_kld=3.326881 | val_ordacc@10=0.082022 | val_recall@10=0.441808
Epoch 001 | Batch 880 | K-values: K1=27, K10=26, K20=31, K50=26, K100=18
Epoch 001 | Batch 890 | val_kld=3.326881 | val_ordacc@10=0.082022 | val_recall@10=0.441808
Epoch 001 | Batch 890 | K-values: K1=22, K10=28, K20=18, K50=34, K100=26
Epoch 001 | Batch 900 | val_kld=3.326881 | val_ordacc@10=0.082022 | val_recall@10=0.441808
Epoch 001 | Batch 900 | K-values: K1=25, K10=20, K20=28, K50=28, K100=27
Epoch 001 | Batch 910 | val_kld=3.326881 | val_ordacc@10=0.082022 | val_recall@10=0.441808
Epoch 001 | Batch 910 | K-values: K1=33, K10=19, K20=20, K50=30, K100=26
Epoch 001 | Batch 920 | val_kld=3.326881 | val_ordacc@10=0.082022 | val_recall@10=0.441808
Epoch 001 | Batch 920 | K-values: K1=22, K10=33, K20=24, K50=23, K100=26
Epoch 001 | Batch 930 | val_kld=3.326881 | val_ordacc@10=0.082022 | val_recall@10=0.441808
Epoch 001 | Batch 930 | K-values: K1=27, K10=28, K20=27, K50=21, K100=25
Epoch 001 | Batch 940 | val_kld=3.326881 | val_ordacc@10=0.082022 | val_recall@10=0.441808
Epoch 001 | Batch 940 | K-values: K1=23, K10=25, K20=28, K50=33, K100=19
Epoch 001 | Batch 950 | val_kld=3.326881 | val_ordacc@10=0.082022 | val_recall@10=0.441808
Epoch 001 | Batch 950 | K-values: K1=20, K10=27, K20=29, K50=27, K100=25
Epoch 001 | Batch 960 | val_kld=3.326881 | val_ordacc@10=0.082022 | val_recall@10=0.441808
Epoch 001 | Batch 960 | K-values: K1=28, K10=19, K20=24, K50=28, K100=29
Epoch 001 | Batch 970 | val_kld=3.326881 | val_ordacc@10=0.082022 | val_recall@10=0.441808
Epoch 001 | Batch 970 | K-values: K1=28, K10=35, K20=25, K50=20, K100=20
Epoch 001 | Batch 980 | val_kld=3.326881 | val_ordacc@10=0.082022 | val_recall@10=0.441808
Epoch 001 | Batch 980 | K-values: K1=23, K10=29, K20=22, K50=34, K100=20
Epoch 001 | Batch 990 | val_kld=3.326881 | val_ordacc@10=0.082022 | val_recall@10=0.441808
Epoch 001 | Batch 990 | K-values: K1=28, K10=25, K20=19, K50=35, K100=21
Epoch 001 | Batch 1000 | val_kld=3.326881 | val_ordacc@10=0.082022 | val_recall@10=0.441808
Epoch 001 | Batch 1000 | K-values: K1=28, K10=19, K20=23, K50=35, K100=23
Epoch 001 | Batch 1010 | val_kld=3.326881 | val_ordacc@10=0.082022 | val_recall@10=0.441808
Epoch 001 | Batch 1010 | K-values: K1=24, K10=25, K20=29, K50=28, K100=22
Epoch 001 | Batch 1020 | val_kld=3.326881 | val_ordacc@10=0.082022 | val_recall@10=0.441808
Epoch 001 | Batch 1020 | K-values: K1=26, K10=22, K20=30, K50=25, K100=25
Epoch 001 | Batch 1030 | val_kld=3.326881 | val_ordacc@10=0.082022 | val_recall@10=0.441808
Epoch 001 | Batch 1030 | K-values: K1=22, K10=22, K20=33, K50=24, K100=27
Epoch 001 | Batch 1040 | val_kld=3.326881 | val_ordacc@10=0.082022 | val_recall@10=0.441808
Epoch 001 | Batch 1040 | K-values: K1=30, K10=33, K20=24, K50=24, K100=17
Epoch 001 | Batch 1050 | val_kld=3.326881 | val_ordacc@10=0.082022 | val_recall@10=0.441808
Epoch 001 | Batch 1050 | K-values: K1=31, K10=24, K20=22, K50=25, K100=26
Epoch 001 | Batch 1060 | val_kld=3.326881 | val_ordacc@10=0.082022 | val_recall@10=0.441808
Epoch 001 | Batch 1060 | K-values: K1=24, K10=28, K20=24, K50=24, K100=28
Epoch 001 | Batch 1070 | val_kld=3.326881 | val_ordacc@10=0.082022 | val_recall@10=0.441808
Epoch 001 | Batch 1070 | K-values: K1=15, K10=41, K20=24, K50=27, K100=21
Epoch 001 | Batch 1080 | val_kld=3.326881 | val_ordacc@10=0.082022 | val_recall@10=0.441808
Epoch 001 | Batch 1080 | K-values: K1=32, K10=23, K20=29, K50=22, K100=22
Epoch 001 | Batch 1090 | val_kld=3.326881 | val_ordacc@10=0.082022 | val_recall@10=0.441808
Epoch 001 | Batch 1090 | K-values: K1=16, K10=31, K20=27, K50=32, K100=22
Epoch 001 | Batch 1100 | val_kld=3.326881 | val_ordacc@10=0.082022 | val_recall@10=0.441808
Epoch 001 | Batch 1100 | K-values: K1=26, K10=20, K20=27, K50=27, K100=28
Epoch 001 | Batch 1110 | val_kld=3.326881 | val_ordacc@10=0.082022 | val_recall@10=0.441808
Epoch 001 | Batch 1110 | K-values: K1=22, K10=26, K20=28, K50=25, K100=27
Epoch 001 | Batch 1120 | val_kld=3.326881 | val_ordacc@10=0.082022 | val_recall@10=0.441808
Epoch 001 | Batch 1120 | K-values: K1=24, K10=22, K20=33, K50=23, K100=26
Epoch 001 | Batch 1130 | val_kld=3.326881 | val_ordacc@10=0.082022 | val_recall@10=0.441808
Epoch 001 | Batch 1130 | K-values: K1=21, K10=23, K20=29, K50=22, K100=33
Epoch 001 | Batch 1140 | val_kld=3.326881 | val_ordacc@10=0.082022 | val_recall@10=0.441808
Epoch 001 | Batch 1140 | K-values: K1=21, K10=30, K20=33, K50=22, K100=22
Epoch 001 | Batch 1150 | val_kld=3.326881 | val_ordacc@10=0.082022 | val_recall@10=0.441808
Epoch 001 | Batch 1150 | K-values: K1=24, K10=24, K20=26, K50=30, K100=24
Epoch 001 | Batch 1160 | val_kld=3.326881 | val_ordacc@10=0.082022 | val_recall@10=0.441808
Epoch 001 | Batch 1160 | K-values: K1=24, K10=31, K20=16, K50=31, K100=26
Epoch 001 | Batch 1170 | val_kld=3.326881 | val_ordacc@10=0.082022 | val_recall@10=0.441808
Epoch 001 | Batch 1170 | K-values: K1=26, K10=23, K20=32, K50=19, K100=28
Epoch 001 | Batch 1180 | val_kld=3.326881 | val_ordacc@10=0.082022 | val_recall@10=0.441808
Epoch 001 | Batch 1180 | K-values: K1=24, K10=21, K20=20, K50=35, K100=28
Epoch 001 | Batch 1190 | val_kld=3.326881 | val_ordacc@10=0.082022 | val_recall@10=0.441808
Epoch 001 | Batch 1190 | K-values: K1=35, K10=32, K20=21, K50=18, K100=22
Epoch 001 | Batch 1200 | val_kld=3.326881 | val_ordacc@10=0.082022 | val_recall@10=0.441808
Epoch 001 | Batch 1200 | K-values: K1=31, K10=27, K20=24, K50=23, K100=23
Epoch 001 | Batch 1210 | val_kld=3.326881 | val_ordacc@10=0.082022 | val_recall@10=0.441808
Epoch 001 | Batch 1210 | K-values: K1=22, K10=31, K20=22, K50=32, K100=21
Epoch 001 | Batch 1220 | val_kld=3.326881 | val_ordacc@10=0.082022 | val_recall@10=0.441808
Epoch 001 | Batch 1220 | K-values: K1=22, K10=32, K20=22, K50=31, K100=21
Epoch 001 | Batch 1230 | val_kld=3.326881 | val_ordacc@10=0.082022 | val_recall@10=0.441808
Epoch 001 | Batch 1230 | K-values: K1=26, K10=23, K20=29, K50=27, K100=23
Epoch 001 | Batch 1240 | val_kld=3.326881 | val_ordacc@10=0.082022 | val_recall@10=0.441808
Epoch 001 | Batch 1240 | K-values: K1=28, K10=23, K20=20, K50=30, K100=27
Epoch 001 | Batch 1250 | val_kld=3.326881 | val_ordacc@10=0.082022 | val_recall@10=0.441808
Epoch 001 | Batch 1250 | K-values: K1=23, K10=27, K20=22, K50=26, K100=30
Epoch 001 | Batch 1260 | val_kld=3.326881 | val_ordacc@10=0.082022 | val_recall@10=0.441808
Epoch 001 | Batch 1260 | K-values: K1=20, K10=30, K20=22, K50=26, K100=30
Epoch 001 | Batch 1270 | val_kld=3.326881 | val_ordacc@10=0.082022 | val_recall@10=0.441808
Epoch 001 | Batch 1270 | K-values: K1=24, K10=23, K20=28, K50=29, K100=24
Epoch 001 | Batch 1280 | val_kld=3.326881 | val_ordacc@10=0.082022 | val_recall@10=0.441808
Epoch 001 | Batch 1280 | K-values: K1=30, K10=22, K20=25, K50=27, K100=24
Epoch 001 | Batch 1290 | val_kld=3.326881 | val_ordacc@10=0.082022 | val_recall@10=0.441808
Epoch 001 | Batch 1290 | K-values: K1=22, K10=23, K20=24, K50=36, K100=23
Epoch 001 | Batch 1300 | val_kld=3.326881 | val_ordacc@10=0.082022 | val_recall@10=0.441808
Epoch 001 | Batch 1300 | K-values: K1=31, K10=23, K20=15, K50=30, K100=29
Epoch 001 | Batch 1310 | val_kld=3.326881 | val_ordacc@10=0.082022 | val_recall@10=0.441808
Epoch 001 | Batch 1310 | K-values: K1=28, K10=25, K20=23, K50=21, K100=31
Epoch 001 | Batch 1320 | val_kld=3.326881 | val_ordacc@10=0.082022 | val_recall@10=0.441808
Epoch 001 | Batch 1320 | K-values: K1=24, K10=26, K20=17, K50=35, K100=26
Epoch 001 | Batch 1330 | val_kld=3.326881 | val_ordacc@10=0.082022 | val_recall@10=0.441808
Epoch 001 | Batch 1330 | K-values: K1=25, K10=24, K20=29, K50=28, K100=22
Epoch 001 | Batch 1340 | val_kld=3.326881 | val_ordacc@10=0.082022 | val_recall@10=0.441808
Epoch 001 | Batch 1340 | K-values: K1=23, K10=21, K20=36, K50=17, K100=31
Epoch 001 | Batch 1350 | val_kld=3.326881 | val_ordacc@10=0.082022 | val_recall@10=0.441808
Epoch 001 | Batch 1350 | K-values: K1=28, K10=32, K20=23, K50=16, K100=29
Epoch 001 | Batch 1360 | val_kld=3.326881 | val_ordacc@10=0.082022 | val_recall@10=0.441808
Epoch 001 | Batch 1360 | K-values: K1=23, K10=24, K20=23, K50=25, K100=33
Epoch 001 | Batch 1370 | val_kld=3.326881 | val_ordacc@10=0.082022 | val_recall@10=0.441808
Epoch 001 | Batch 1370 | K-values: K1=26, K10=19, K20=30, K50=26, K100=27
Epoch 001 | Batch 1380 | val_kld=3.326881 | val_ordacc@10=0.082022 | val_recall@10=0.441808
Epoch 001 | Batch 1380 | K-values: K1=31, K10=24, K20=29, K50=21, K100=23
Epoch 001 | Batch 1390 | val_kld=3.326881 | val_ordacc@10=0.082022 | val_recall@10=0.441808
Epoch 001 | Batch 1390 | K-values: K1=22, K10=21, K20=22, K50=30, K100=33
Epoch 001 | Batch 1400 | val_kld=3.326881 | val_ordacc@10=0.082022 | val_recall@10=0.441808
Epoch 001 | Batch 1400 | K-values: K1=31, K10=25, K20=13, K50=31, K100=28
Epoch 001 | Batch 1410 | val_kld=3.326881 | val_ordacc@10=0.082022 | val_recall@10=0.441808
Epoch 001 | Batch 1410 | K-values: K1=32, K10=22, K20=19, K50=35, K100=20
Epoch 001 | Batch 1420 | val_kld=3.326881 | val_ordacc@10=0.082022 | val_recall@10=0.441808
Epoch 001 | Batch 1420 | K-values: K1=29, K10=29, K20=21, K50=28, K100=21
Epoch 001 | Batch 1430 | val_kld=3.326881 | val_ordacc@10=0.082022 | val_recall@10=0.441808
Epoch 001 | Batch 1430 | K-values: K1=29, K10=22, K20=25, K50=24, K100=28
Epoch 001 | Batch 1440 | val_kld=3.326881 | val_ordacc@10=0.082022 | val_recall@10=0.441808
Epoch 001 | Batch 1440 | K-values: K1=24, K10=30, K20=31, K50=23, K100=20
Epoch 001 | Batch 1450 | val_kld=3.326881 | val_ordacc@10=0.082022 | val_recall@10=0.441808
Epoch 001 | Batch 1450 | K-values: K1=32, K10=21, K20=22, K50=25, K100=28
Epoch 001 | Batch 1460 | val_kld=3.326881 | val_ordacc@10=0.082022 | val_recall@10=0.441808
Epoch 001 | Batch 1460 | K-values: K1=21, K10=21, K20=26, K50=25, K100=35
Epoch 001 | Batch 1470 | val_kld=3.326881 | val_ordacc@10=0.082022 | val_recall@10=0.441808
Epoch 001 | Batch 1470 | K-values: K1=22, K10=25, K20=31, K50=27, K100=23
Epoch 001 | Batch 1480 | val_kld=3.326881 | val_ordacc@10=0.082022 | val_recall@10=0.441808
Epoch 001 | Batch 1480 | K-values: K1=30, K10=22, K20=32, K50=22, K100=22
Epoch 001 | Batch 1490 | val_kld=3.326881 | val_ordacc@10=0.082022 | val_recall@10=0.441808
Epoch 001 | Batch 1490 | K-values: K1=33, K10=27, K20=19, K50=21, K100=28
Epoch 001 | Batch 1500 | val_kld=3.326881 | val_ordacc@10=0.082022 | val_recall@10=0.441808
Epoch 001 | Batch 1500 | K-values: K1=25, K10=23, K20=28, K50=22, K100=30
Epoch 001 | Batch 1510 | val_kld=3.326881 | val_ordacc@10=0.082022 | val_recall@10=0.441808
Epoch 001 | Batch 1510 | K-values: K1=21, K10=27, K20=23, K50=34, K100=23
Epoch 001 | Batch 1520 | val_kld=3.326881 | val_ordacc@10=0.082022 | val_recall@10=0.441808
Epoch 001 | Batch 1520 | K-values: K1=20, K10=23, K20=33, K50=26, K100=26
Epoch 001 | Batch 1530 | val_kld=3.326881 | val_ordacc@10=0.082022 | val_recall@10=0.441808
Epoch 001 | Batch 1530 | K-values: K1=28, K10=28, K20=33, K50=24, K100=15
Epoch 001 | Batch 1540 | val_kld=3.326881 | val_ordacc@10=0.082022 | val_recall@10=0.441808
Epoch 001 | Batch 1540 | K-values: K1=23, K10=22, K20=28, K50=31, K100=24
Epoch 001 | Batch 1550 | val_kld=3.326881 | val_ordacc@10=0.082022 | val_recall@10=0.441808
Epoch 001 | Batch 1550 | K-values: K1=26, K10=16, K20=36, K50=26, K100=24
Epoch 001 | Batch 1560 | val_kld=3.326881 | val_ordacc@10=0.082022 | val_recall@10=0.441808
Epoch 001 | Batch 1560 | K-values: K1=27, K10=27, K20=29, K50=17, K100=28
Epoch 001 | Batch 1570 | val_kld=3.326881 | val_ordacc@10=0.082022 | val_recall@10=0.441808
Epoch 001 | Batch 1570 | K-values: K1=29, K10=29, K20=22, K50=23, K100=25
Epoch 001 | Batch 1580 | val_kld=3.326881 | val_ordacc@10=0.082022 | val_recall@10=0.441808
Epoch 001 | Batch 1580 | K-values: K1=24, K10=24, K20=27, K50=27, K100=26
Epoch 001 | Batch 1590 | val_kld=3.326881 | val_ordacc@10=0.082022 | val_recall@10=0.441808
Epoch 001 | Batch 1590 | K-values: K1=21, K10=30, K20=27, K50=31, K100=19
Epoch 001 | Batch 1600 | val_kld=3.326881 | val_ordacc@10=0.082022 | val_recall@10=0.441808
Epoch 001 | Batch 1600 | K-values: K1=28, K10=29, K20=20, K50=26, K100=25
Epoch 001 | Batch 1610 | val_kld=3.326881 | val_ordacc@10=0.082022 | val_recall@10=0.441808
Epoch 001 | Batch 1610 | K-values: K1=21, K10=25, K20=32, K50=27, K100=23
Epoch 001 | Batch 1620 | val_kld=3.326881 | val_ordacc@10=0.082022 | val_recall@10=0.441808
Epoch 001 | Batch 1620 | K-values: K1=24, K10=27, K20=25, K50=26, K100=26
Epoch 001 | Batch 1630 | val_kld=3.326881 | val_ordacc@10=0.082022 | val_recall@10=0.441808
Epoch 001 | Batch 1630 | K-values: K1=19, K10=20, K20=33, K50=26, K100=30
Epoch 001 | Batch 1640 | val_kld=3.326881 | val_ordacc@10=0.082022 | val_recall@10=0.441808
Epoch 001 | Batch 1640 | K-values: K1=26, K10=27, K20=36, K50=21, K100=18
Epoch 001 | Batch 1650 | val_kld=3.326881 | val_ordacc@10=0.082022 | val_recall@10=0.441808
Epoch 001 | Batch 1650 | K-values: K1=29, K10=19, K20=25, K50=29, K100=26
Epoch 001 | Batch 1660 | val_kld=3.326881 | val_ordacc@10=0.082022 | val_recall@10=0.441808
Epoch 001 | Batch 1660 | K-values: K1=27, K10=29, K20=21, K50=29, K100=22
Epoch 001 | Batch 1670 | val_kld=3.326881 | val_ordacc@10=0.082022 | val_recall@10=0.441808
Epoch 001 | Batch 1670 | K-values: K1=25, K10=26, K20=24, K50=37, K100=16
Epoch 001 | Batch 1680 | val_kld=3.326881 | val_ordacc@10=0.082022 | val_recall@10=0.441808
Epoch 001 | Batch 1680 | K-values: K1=29, K10=18, K20=28, K50=24, K100=29
Epoch 001 | Batch 1690 | val_kld=3.326881 | val_ordacc@10=0.082022 | val_recall@10=0.441808
Epoch 001 | Batch 1690 | K-values: K1=31, K10=25, K20=23, K50=25, K100=24
Epoch 001 | Batch 1700 | val_kld=3.326881 | val_ordacc@10=0.082022 | val_recall@10=0.441808
Epoch 001 | Batch 1700 | K-values: K1=21, K10=29, K20=27, K50=27, K100=24
Epoch 001 | Batch 1710 | val_kld=3.326881 | val_ordacc@10=0.082022 | val_recall@10=0.441808
Epoch 001 | Batch 1710 | K-values: K1=23, K10=22, K20=35, K50=26, K100=22
Epoch 001 | Batch 1720 | val_kld=3.326881 | val_ordacc@10=0.082022 | val_recall@10=0.441808
Epoch 001 | Batch 1720 | K-values: K1=32, K10=24, K20=24, K50=25, K100=23
Epoch 001 | Batch 1730 | val_kld=3.326881 | val_ordacc@10=0.082022 | val_recall@10=0.441808
Epoch 001 | Batch 1730 | K-values: K1=23, K10=31, K20=31, K50=23, K100=20
Epoch 001 | Batch 1740 | val_kld=3.326881 | val_ordacc@10=0.082022 | val_recall@10=0.441808
Epoch 001 | Batch 1740 | K-values: K1=24, K10=30, K20=32, K50=22, K100=20
Epoch 001 | Batch 1750 | val_kld=3.326881 | val_ordacc@10=0.082022 | val_recall@10=0.441808
Epoch 001 | Batch 1750 | K-values: K1=19, K10=25, K20=27, K50=27, K100=30
Epoch 001 | Batch 1760 | val_kld=3.326881 | val_ordacc@10=0.082022 | val_recall@10=0.441808
Epoch 001 | Batch 1760 | K-values: K1=22, K10=30, K20=28, K50=25, K100=23
Epoch 001 | Batch 1770 | val_kld=3.326881 | val_ordacc@10=0.082022 | val_recall@10=0.441808
Epoch 001 | Batch 1770 | K-values: K1=30, K10=32, K20=21, K50=23, K100=22
Epoch 001 | Batch 1780 | val_kld=3.326881 | val_ordacc@10=0.082022 | val_recall@10=0.441808
Epoch 001 | Batch 1780 | K-values: K1=23, K10=25, K20=29, K50=25, K100=26
Epoch 001 | Batch 1790 | val_kld=3.326881 | val_ordacc@10=0.082022 | val_recall@10=0.441808
Epoch 001 | Batch 1790 | K-values: K1=24, K10=20, K20=28, K50=23, K100=33
Epoch 001 | Batch 1800 | val_kld=3.326881 | val_ordacc@10=0.082022 | val_recall@10=0.441808
Epoch 001 | Batch 1800 | K-values: K1=25, K10=18, K20=33, K50=25, K100=27
Epoch 001 | Batch 1810 | val_kld=3.326881 | val_ordacc@10=0.082022 | val_recall@10=0.441808
Epoch 001 | Batch 1810 | K-values: K1=31, K10=26, K20=24, K50=26, K100=21
Epoch 001 | Batch 1820 | val_kld=3.326881 | val_ordacc@10=0.082022 | val_recall@10=0.441808
Epoch 001 | Batch 1820 | K-values: K1=25, K10=29, K20=23, K50=24, K100=27
Epoch 001 | Batch 1830 | val_kld=3.326881 | val_ordacc@10=0.082022 | val_recall@10=0.441808
Epoch 001 | Batch 1830 | K-values: K1=20, K10=23, K20=31, K50=30, K100=24
Epoch 001 | Batch 1840 | val_kld=3.326881 | val_ordacc@10=0.082022 | val_recall@10=0.441808
Epoch 001 | Batch 1840 | K-values: K1=26, K10=22, K20=27, K50=22, K100=31
Epoch 001 | Batch 1850 | val_kld=3.326881 | val_ordacc@10=0.082022 | val_recall@10=0.441808
Epoch 001 | Batch 1850 | K-values: K1=28, K10=26, K20=28, K50=26, K100=20
Epoch 001 | Batch 1860 | val_kld=3.326881 | val_ordacc@10=0.082022 | val_recall@10=0.441808
Epoch 001 | Batch 1860 | K-values: K1=19, K10=21, K20=27, K50=34, K100=27
Epoch 001 | Batch 1870 | val_kld=3.326881 | val_ordacc@10=0.082022 | val_recall@10=0.441808
Epoch 001 | Batch 1870 | K-values: K1=26, K10=33, K20=21, K50=26, K100=22
Epoch 001 | Batch 1880 | val_kld=3.326881 | val_ordacc@10=0.082022 | val_recall@10=0.441808
Epoch 001 | Batch 1880 | K-values: K1=22, K10=29, K20=33, K50=24, K100=20
Epoch 001 | Batch 1890 | val_kld=3.326881 | val_ordacc@10=0.082022 | val_recall@10=0.441808
Epoch 001 | Batch 1890 | K-values: K1=27, K10=23, K20=22, K50=27, K100=29
Epoch 001 | Batch 1900 | val_kld=3.326881 | val_ordacc@10=0.082022 | val_recall@10=0.441808
Epoch 001 | Batch 1900 | K-values: K1=26, K10=25, K20=29, K50=29, K100=19
Epoch 001 | Batch 1910 | val_kld=3.326881 | val_ordacc@10=0.082022 | val_recall@10=0.441808
Epoch 001 | Batch 1910 | K-values: K1=21, K10=23, K20=28, K50=26, K100=30
Epoch 001 | Batch 1920 | val_kld=3.326881 | val_ordacc@10=0.082022 | val_recall@10=0.441808
Epoch 001 | Batch 1920 | K-values: K1=24, K10=31, K20=26, K50=22, K100=25
Epoch 001 | Batch 1930 | val_kld=3.326881 | val_ordacc@10=0.082022 | val_recall@10=0.441808
Epoch 001 | Batch 1930 | K-values: K1=15, K10=23, K20=21, K50=36, K100=33
Epoch 001 | Batch 1940 | val_kld=3.326881 | val_ordacc@10=0.082022 | val_recall@10=0.441808
Epoch 001 | Batch 1940 | K-values: K1=23, K10=34, K20=27, K50=28, K100=16
Epoch 001 | Batch 1950 | val_kld=3.326881 | val_ordacc@10=0.082022 | val_recall@10=0.441808
Epoch 001 | Batch 1950 | K-values: K1=31, K10=15, K20=20, K50=30, K100=32
Epoch 001 | Batch 1960 | val_kld=3.326881 | val_ordacc@10=0.082022 | val_recall@10=0.441808
Epoch 001 | Batch 1960 | K-values: K1=16, K10=34, K20=31, K50=23, K100=24
Epoch 001 | Batch 1970 | val_kld=3.326881 | val_ordacc@10=0.082022 | val_recall@10=0.441808
Epoch 001 | Batch 1970 | K-values: K1=33, K10=21, K20=24, K50=26, K100=24
Epoch 001 | Batch 1980 | val_kld=3.326881 | val_ordacc@10=0.082022 | val_recall@10=0.441808
Epoch 001 | Batch 1980 | K-values: K1=27, K10=19, K20=27, K50=26, K100=29
Epoch 001 | Batch 1990 | val_kld=3.326881 | val_ordacc@10=0.082022 | val_recall@10=0.441808
Epoch 001 | Batch 1990 | K-values: K1=28, K10=31, K20=14, K50=23, K100=32
Epoch 001 | Batch 2000 | val_kld=3.326881 | val_ordacc@10=0.082022 | val_recall@10=0.441808
Epoch 001 | Batch 2000 | K-values: K1=25, K10=35, K20=27, K50=26, K100=15
Epoch 001 | Batch 2010 | val_kld=3.326881 | val_ordacc@10=0.082022 | val_recall@10=0.441808
Epoch 001 | Batch 2010 | K-values: K1=26, K10=23, K20=30, K50=23, K100=26
Epoch 001 | Batch 2020 | val_kld=3.326881 | val_ordacc@10=0.082022 | val_recall@10=0.441808
Epoch 001 | Batch 2020 | K-values: K1=27, K10=26, K20=30, K50=25, K100=20
Epoch 001 | Batch 2030 | val_kld=3.326881 | val_ordacc@10=0.082022 | val_recall@10=0.441808
Epoch 001 | Batch 2030 | K-values: K1=31, K10=23, K20=30, K50=21, K100=23
Epoch 001 | Batch 2040 | val_kld=3.326881 | val_ordacc@10=0.082022 | val_recall@10=0.441808
Epoch 001 | Batch 2040 | K-values: K1=33, K10=25, K20=24, K50=23, K100=23
Epoch 001 | Batch 2050 | val_kld=3.326881 | val_ordacc@10=0.082022 | val_recall@10=0.441808
Epoch 001 | Batch 2050 | K-values: K1=25, K10=26, K20=24, K50=31, K100=22
Epoch 001 | Batch 2060 | val_kld=3.326881 | val_ordacc@10=0.082022 | val_recall@10=0.441808
Epoch 001 | Batch 2060 | K-values: K1=25, K10=28, K20=18, K50=36, K100=21
Epoch 001 | Batch 2070 | val_kld=3.326881 | val_ordacc@10=0.082022 | val_recall@10=0.441808
Epoch 001 | Batch 2070 | K-values: K1=21, K10=28, K20=26, K50=31, K100=22
Epoch 001 | Batch 2080 | val_kld=3.326881 | val_ordacc@10=0.082022 | val_recall@10=0.441808
Epoch 001 | Batch 2080 | K-values: K1=25, K10=31, K20=14, K50=22, K100=36
Epoch 001 | Batch 2090 | val_kld=3.326881 | val_ordacc@10=0.082022 | val_recall@10=0.441808
Epoch 001 | Batch 2090 | K-values: K1=28, K10=19, K20=30, K50=24, K100=27
Epoch 001 | Batch 2100 | val_kld=3.326881 | val_ordacc@10=0.082022 | val_recall@10=0.441808
Epoch 001 | Batch 2100 | K-values: K1=36, K10=29, K20=19, K50=20, K100=24
Epoch 001 | Batch 2110 | val_kld=3.326881 | val_ordacc@10=0.082022 | val_recall@10=0.441808
Epoch 001 | Batch 2110 | K-values: K1=24, K10=28, K20=26, K50=29, K100=21
Epoch 001 | Batch 2120 | val_kld=3.326881 | val_ordacc@10=0.082022 | val_recall@10=0.441808
Epoch 001 | Batch 2120 | K-values: K1=27, K10=28, K20=28, K50=24, K100=21
Epoch 001 | Batch 2130 | val_kld=3.326881 | val_ordacc@10=0.082022 | val_recall@10=0.441808
Epoch 001 | Batch 2130 | K-values: K1=17, K10=26, K20=31, K50=27, K100=27
Epoch 001 | Batch 2140 | val_kld=3.326881 | val_ordacc@10=0.082022 | val_recall@10=0.441808
Epoch 001 | Batch 2140 | K-values: K1=23, K10=35, K20=26, K50=23, K100=21
Epoch 001 | Batch 2150 | val_kld=3.326881 | val_ordacc@10=0.082022 | val_recall@10=0.441808
Epoch 001 | Batch 2150 | K-values: K1=23, K10=21, K20=25, K50=34, K100=25
Epoch 001 | Batch 2160 | val_kld=3.326881 | val_ordacc@10=0.082022 | val_recall@10=0.441808
Epoch 001 | Batch 2160 | K-values: K1=27, K10=26, K20=23, K50=28, K100=24
Epoch 001 | Batch 2170 | val_kld=3.326881 | val_ordacc@10=0.082022 | val_recall@10=0.441808
Epoch 001 | Batch 2170 | K-values: K1=16, K10=29, K20=24, K50=39, K100=20
Epoch 001 | Batch 2180 | val_kld=3.326881 | val_ordacc@10=0.082022 | val_recall@10=0.441808
Epoch 001 | Batch 2180 | K-values: K1=26, K10=23, K20=37, K50=17, K100=25
Epoch 001 | Batch 2190 | val_kld=3.326881 | val_ordacc@10=0.082022 | val_recall@10=0.441808
Epoch 001 | Batch 2190 | K-values: K1=21, K10=31, K20=25, K50=20, K100=31
Epoch 001 | Batch 2200 | val_kld=3.326881 | val_ordacc@10=0.082022 | val_recall@10=0.441808
Epoch 001 | Batch 2200 | K-values: K1=30, K10=23, K20=28, K50=22, K100=25
Epoch 001 | Batch 2210 | val_kld=3.326881 | val_ordacc@10=0.082022 | val_recall@10=0.441808
Epoch 001 | Batch 2210 | K-values: K1=18, K10=24, K20=36, K50=21, K100=29
Epoch 001 | Batch 2220 | val_kld=3.326881 | val_ordacc@10=0.082022 | val_recall@10=0.441808
Epoch 001 | Batch 2220 | K-values: K1=35, K10=24, K20=20, K50=26, K100=23
Epoch 001 | Batch 2230 | val_kld=3.326881 | val_ordacc@10=0.082022 | val_recall@10=0.441808
Epoch 001 | Batch 2230 | K-values: K1=25, K10=22, K20=39, K50=25, K100=17
Epoch 001 | Batch 2240 | val_kld=3.326881 | val_ordacc@10=0.082022 | val_recall@10=0.441808
Epoch 001 | Batch 2240 | K-values: K1=29, K10=18, K20=25, K50=32, K100=24
Epoch 001 | Batch 2250 | val_kld=3.326881 | val_ordacc@10=0.082022 | val_recall@10=0.441808
Epoch 001 | Batch 2250 | K-values: K1=30, K10=22, K20=23, K50=26, K100=27
Epoch 001 | Batch 2260 | val_kld=3.326881 | val_ordacc@10=0.082022 | val_recall@10=0.441808
Epoch 001 | Batch 2260 | K-values: K1=20, K10=18, K20=31, K50=34, K100=25
Epoch 001 | Batch 2270 | val_kld=3.326881 | val_ordacc@10=0.082022 | val_recall@10=0.441808
Epoch 001 | Batch 2270 | K-values: K1=28, K10=33, K20=16, K50=23, K100=28
Epoch 001 | Batch 2280 | val_kld=3.326881 | val_ordacc@10=0.082022 | val_recall@10=0.441808
Epoch 001 | Batch 2280 | K-values: K1=25, K10=23, K20=27, K50=31, K100=22
Epoch 001 | Batch 2290 | val_kld=3.326881 | val_ordacc@10=0.082022 | val_recall@10=0.441808
Epoch 001 | Batch 2290 | K-values: K1=24, K10=25, K20=26, K50=19, K100=34
Epoch 001 | Batch 2300 | val_kld=3.326881 | val_ordacc@10=0.082022 | val_recall@10=0.441808
Epoch 001 | Batch 2300 | K-values: K1=33, K10=23, K20=22, K50=23, K100=27
Epoch 001 | Batch 2310 | val_kld=3.326881 | val_ordacc@10=0.082022 | val_recall@10=0.441808
Epoch 001 | Batch 2310 | K-values: K1=21, K10=30, K20=17, K50=29, K100=31
Epoch 001 | Batch 2320 | val_kld=3.326881 | val_ordacc@10=0.082022 | val_recall@10=0.441808
Epoch 001 | Batch 2320 | K-values: K1=22, K10=26, K20=26, K50=27, K100=27
Epoch 001 | Batch 2330 | val_kld=3.326881 | val_ordacc@10=0.082022 | val_recall@10=0.441808
Epoch 001 | Batch 2330 | K-values: K1=22, K10=25, K20=31, K50=13, K100=37
Epoch 001 | Batch 2340 | val_kld=3.326881 | val_ordacc@10=0.082022 | val_recall@10=0.441808
Epoch 001 | Batch 2340 | K-values: K1=17, K10=25, K20=27, K50=37, K100=22
Epoch 001 | Batch 2350 | val_kld=3.326881 | val_ordacc@10=0.082022 | val_recall@10=0.441808
Epoch 001 | Batch 2350 | K-values: K1=25, K10=31, K20=23, K50=20, K100=29
Epoch 001 | Batch 2360 | val_kld=3.326881 | val_ordacc@10=0.082022 | val_recall@10=0.441808
Epoch 001 | Batch 2360 | K-values: K1=24, K10=22, K20=29, K50=23, K100=30
Epoch 001 | Batch 2370 | val_kld=3.326881 | val_ordacc@10=0.082022 | val_recall@10=0.441808
Epoch 001 | Batch 2370 | K-values: K1=20, K10=28, K20=24, K50=25, K100=31
Epoch 001 | Batch 2380 | val_kld=3.326881 | val_ordacc@10=0.082022 | val_recall@10=0.441808
Epoch 001 | Batch 2380 | K-values: K1=22, K10=37, K20=32, K50=16, K100=21
Epoch 001 | Batch 2390 | val_kld=3.326881 | val_ordacc@10=0.082022 | val_recall@10=0.441808
Epoch 001 | Batch 2390 | K-values: K1=27, K10=18, K20=29, K50=25, K100=29
Epoch 001 | Batch 2400 | val_kld=3.326881 | val_ordacc@10=0.082022 | val_recall@10=0.441808
Epoch 001 | Batch 2400 | K-values: K1=27, K10=29, K20=20, K50=34, K100=18
Epoch 001 | Batch 2410 | val_kld=3.326881 | val_ordacc@10=0.082022 | val_recall@10=0.441808
Epoch 001 | Batch 2410 | K-values: K1=28, K10=33, K20=27, K50=14, K100=26
Epoch 001 | Batch 2420 | val_kld=3.326881 | val_ordacc@10=0.082022 | val_recall@10=0.441808
Epoch 001 | Batch 2420 | K-values: K1=25, K10=25, K20=32, K50=19, K100=27
Epoch 001 | Batch 2430 | val_kld=3.326881 | val_ordacc@10=0.082022 | val_recall@10=0.441808
Epoch 001 | Batch 2430 | K-values: K1=21, K10=32, K20=28, K50=25, K100=22
Epoch 001 | Batch 2440 | val_kld=3.326881 | val_ordacc@10=0.082022 | val_recall@10=0.441808
Epoch 001 | Batch 2440 | K-values: K1=27, K10=32, K20=18, K50=22, K100=29
Epoch 001 | Batch 2450 | val_kld=3.326881 | val_ordacc@10=0.082022 | val_recall@10=0.441808
Epoch 001 | Batch 2450 | K-values: K1=21, K10=28, K20=26, K50=23, K100=30
Epoch 001 | Batch 2460 | val_kld=3.326881 | val_ordacc@10=0.082022 | val_recall@10=0.441808
Epoch 001 | Batch 2460 | K-values: K1=23, K10=27, K20=25, K50=24, K100=29
Epoch 001 | Batch 2470 | val_kld=3.326881 | val_ordacc@10=0.082022 | val_recall@10=0.441808
Epoch 001 | Batch 2470 | K-values: K1=28, K10=27, K20=30, K50=24, K100=19
Epoch 001 | Batch 2480 | val_kld=3.326881 | val_ordacc@10=0.082022 | val_recall@10=0.441808
Epoch 001 | Batch 2480 | K-values: K1=22, K10=26, K20=25, K50=27, K100=28
Epoch 001 | Batch 2490 | val_kld=3.326881 | val_ordacc@10=0.082022 | val_recall@10=0.441808
Epoch 001 | Batch 2490 | K-values: K1=20, K10=22, K20=27, K50=23, K100=36
Epoch 001 | Batch 2500 | val_kld=3.326881 | val_ordacc@10=0.082022 | val_recall@10=0.441808
Epoch 001 | Batch 2500 | K-values: K1=23, K10=34, K20=23, K50=25, K100=23
Epoch 001 | Batch 2510 | val_kld=3.326881 | val_ordacc@10=0.082022 | val_recall@10=0.441808
Epoch 001 | Batch 2510 | K-values: K1=30, K10=26, K20=20, K50=27, K100=25
Epoch 001 | Batch 2520 | val_kld=3.326881 | val_ordacc@10=0.082022 | val_recall@10=0.441808
Epoch 001 | Batch 2520 | K-values: K1=26, K10=29, K20=25, K50=24, K100=24
Epoch 001 | Batch 2530 | val_kld=3.326881 | val_ordacc@10=0.082022 | val_recall@10=0.441808
Epoch 001 | Batch 2530 | K-values: K1=31, K10=31, K20=19, K50=19, K100=28
Epoch 001 | Batch 2540 | val_kld=3.326881 | val_ordacc@10=0.082022 | val_recall@10=0.441808
Epoch 001 | Batch 2540 | K-values: K1=25, K10=32, K20=21, K50=29, K100=21
Epoch 001 | Batch 2550 | val_kld=3.326881 | val_ordacc@10=0.082022 | val_recall@10=0.441808
Epoch 001 | Batch 2550 | K-values: K1=34, K10=21, K20=25, K50=24, K100=24
Epoch 001 | Batch 2560 | val_kld=3.326881 | val_ordacc@10=0.082022 | val_recall@10=0.441808
Epoch 001 | Batch 2560 | K-values: K1=20, K10=25, K20=29, K50=23, K100=31
Epoch 001 | Batch 2570 | val_kld=3.326881 | val_ordacc@10=0.082022 | val_recall@10=0.441808
Epoch 001 | Batch 2570 | K-values: K1=20, K10=30, K20=21, K50=30, K100=27
Epoch 001 | Batch 2580 | val_kld=3.326881 | val_ordacc@10=0.082022 | val_recall@10=0.441808
Epoch 001 | Batch 2580 | K-values: K1=29, K10=27, K20=20, K50=22, K100=30
Epoch 001 | Batch 2590 | val_kld=3.326881 | val_ordacc@10=0.082022 | val_recall@10=0.441808
Epoch 001 | Batch 2590 | K-values: K1=19, K10=29, K20=34, K50=21, K100=25
Epoch 001 | Batch 2600 | val_kld=3.326881 | val_ordacc@10=0.082022 | val_recall@10=0.441808
Epoch 001 | Batch 2600 | K-values: K1=27, K10=20, K20=28, K50=33, K100=20
Epoch 001 | Batch 2610 | val_kld=3.326881 | val_ordacc@10=0.082022 | val_recall@10=0.441808
Epoch 001 | Batch 2610 | K-values: K1=23, K10=30, K20=14, K50=34, K100=27
Epoch 001 | Batch 2620 | val_kld=3.326881 | val_ordacc@10=0.082022 | val_recall@10=0.441808
Epoch 001 | Batch 2620 | K-values: K1=27, K10=30, K20=16, K50=20, K100=35
Epoch 001 | Batch 2630 | val_kld=3.326881 | val_ordacc@10=0.082022 | val_recall@10=0.441808
Epoch 001 | Batch 2630 | K-values: K1=26, K10=25, K20=26, K50=28, K100=23
Epoch 001 | Batch 2640 | val_kld=3.326881 | val_ordacc@10=0.082022 | val_recall@10=0.441808
Epoch 001 | Batch 2640 | K-values: K1=22, K10=23, K20=27, K50=20, K100=36
Epoch 001 | Batch 2650 | val_kld=3.326881 | val_ordacc@10=0.082022 | val_recall@10=0.441808
Epoch 001 | Batch 2650 | K-values: K1=23, K10=25, K20=27, K50=25, K100=28
Epoch 001 | Batch 2660 | val_kld=3.326881 | val_ordacc@10=0.082022 | val_recall@10=0.441808
Epoch 001 | Batch 2660 | K-values: K1=22, K10=26, K20=27, K50=19, K100=34
Epoch 001 | Batch 2670 | val_kld=3.326881 | val_ordacc@10=0.082022 | val_recall@10=0.441808
Epoch 001 | Batch 2670 | K-values: K1=20, K10=26, K20=27, K50=24, K100=31
Epoch 001 | Batch 2680 | val_kld=3.326881 | val_ordacc@10=0.082022 | val_recall@10=0.441808
Epoch 001 | Batch 2680 | K-values: K1=28, K10=26, K20=24, K50=27, K100=23
Epoch 001 | Batch 2690 | val_kld=3.326881 | val_ordacc@10=0.082022 | val_recall@10=0.441808
Epoch 001 | Batch 2690 | K-values: K1=28, K10=19, K20=19, K50=27, K100=35
Epoch 001 | Batch 2700 | val_kld=3.326881 | val_ordacc@10=0.082022 | val_recall@10=0.441808
Epoch 001 | Batch 2700 | K-values: K1=24, K10=29, K20=27, K50=22, K100=26
Epoch 001 | Batch 2710 | val_kld=3.326881 | val_ordacc@10=0.082022 | val_recall@10=0.441808
Epoch 001 | Batch 2710 | K-values: K1=31, K10=26, K20=22, K50=27, K100=22
Epoch 001 | Batch 2720 | val_kld=3.326881 | val_ordacc@10=0.082022 | val_recall@10=0.441808
Epoch 001 | Batch 2720 | K-values: K1=37, K10=30, K20=23, K50=23, K100=15
Epoch 001 | Batch 2730 | val_kld=3.326881 | val_ordacc@10=0.082022 | val_recall@10=0.441808
Epoch 001 | Batch 2730 | K-values: K1=27, K10=34, K20=10, K50=31, K100=26
Epoch 001 | Batch 2740 | val_kld=3.326881 | val_ordacc@10=0.082022 | val_recall@10=0.441808
Epoch 001 | Batch 2740 | K-values: K1=21, K10=26, K20=26, K50=31, K100=24
Epoch 001 | Batch 2750 | val_kld=3.326881 | val_ordacc@10=0.082022 | val_recall@10=0.441808
Epoch 001 | Batch 2750 | K-values: K1=32, K10=28, K20=21, K50=25, K100=22
Epoch 001 | Batch 2760 | val_kld=3.326881 | val_ordacc@10=0.082022 | val_recall@10=0.441808
Epoch 001 | Batch 2760 | K-values: K1=25, K10=19, K20=24, K50=34, K100=26
Epoch 001 | Batch 2770 | val_kld=3.326881 | val_ordacc@10=0.082022 | val_recall@10=0.441808
Epoch 001 | Batch 2770 | K-values: K1=28, K10=28, K20=18, K50=30, K100=24
Epoch 001 | Batch 2780 | val_kld=3.326881 | val_ordacc@10=0.082022 | val_recall@10=0.441808
Epoch 001 | Batch 2780 | K-values: K1=23, K10=29, K20=28, K50=20, K100=28
Epoch 001 | Batch 2790 | val_kld=3.326881 | val_ordacc@10=0.082022 | val_recall@10=0.441808
Epoch 001 | Batch 2790 | K-values: K1=26, K10=26, K20=23, K50=19, K100=34
Epoch 001 | Batch 2800 | val_kld=3.326881 | val_ordacc@10=0.082022 | val_recall@10=0.441808
Epoch 001 | Batch 2800 | K-values: K1=28, K10=27, K20=29, K50=24, K100=20
Epoch 001 | Batch 2810 | val_kld=3.326881 | val_ordacc@10=0.082022 | val_recall@10=0.441808
Epoch 001 | Batch 2810 | K-values: K1=32, K10=25, K20=26, K50=23, K100=22
Epoch 001 | Batch 2820 | val_kld=3.326881 | val_ordacc@10=0.082022 | val_recall@10=0.441808
Epoch 001 | Batch 2820 | K-values: K1=33, K10=24, K20=21, K50=25, K100=25
Epoch 001 | Batch 2830 | val_kld=3.326881 | val_ordacc@10=0.082022 | val_recall@10=0.441808
Epoch 001 | Batch 2830 | K-values: K1=23, K10=30, K20=31, K50=27, K100=17
Epoch 001 | Batch 2840 | val_kld=3.326881 | val_ordacc@10=0.082022 | val_recall@10=0.441808
Epoch 001 | Batch 2840 | K-values: K1=29, K10=36, K20=26, K50=17, K100=20
Epoch 001 | Batch 2850 | val_kld=3.326881 | val_ordacc@10=0.082022 | val_recall@10=0.441808
Epoch 001 | Batch 2850 | K-values: K1=23, K10=33, K20=21, K50=23, K100=28
Epoch 001 | Batch 2860 | val_kld=3.326881 | val_ordacc@10=0.082022 | val_recall@10=0.441808
Epoch 001 | Batch 2860 | K-values: K1=27, K10=19, K20=28, K50=31, K100=23
Epoch 001 | Batch 2870 | val_kld=3.326881 | val_ordacc@10=0.082022 | val_recall@10=0.441808
Epoch 001 | Batch 2870 | K-values: K1=18, K10=29, K20=25, K50=25, K100=31
Epoch 001 | Batch 2880 | val_kld=3.326881 | val_ordacc@10=0.082022 | val_recall@10=0.441808
Epoch 001 | Batch 2880 | K-values: K1=26, K10=24, K20=20, K50=35, K100=23
Epoch 001 | Batch 2890 | val_kld=3.326881 | val_ordacc@10=0.082022 | val_recall@10=0.441808
Epoch 001 | Batch 2890 | K-values: K1=29, K10=27, K20=21, K50=23, K100=28
Epoch 001 | Batch 2900 | val_kld=3.326881 | val_ordacc@10=0.082022 | val_recall@10=0.441808
Epoch 001 | Batch 2900 | K-values: K1=36, K10=22, K20=22, K50=19, K100=29
Epoch 001 | Batch 2910 | val_kld=3.326881 | val_ordacc@10=0.082022 | val_recall@10=0.441808
Epoch 001 | Batch 2910 | K-values: K1=18, K10=28, K20=33, K50=20, K100=29
Epoch 001 | Batch 2920 | val_kld=3.326881 | val_ordacc@10=0.082022 | val_recall@10=0.441808
Epoch 001 | Batch 2920 | K-values: K1=27, K10=23, K20=25, K50=25, K100=28
Epoch 001 | Batch 2930 | val_kld=3.326881 | val_ordacc@10=0.082022 | val_recall@10=0.441808
Epoch 001 | Batch 2930 | K-values: K1=27, K10=29, K20=26, K50=23, K100=23
Epoch 001 | Batch 2940 | val_kld=3.326881 | val_ordacc@10=0.082022 | val_recall@10=0.441808
Epoch 001 | Batch 2940 | K-values: K1=26, K10=27, K20=21, K50=27, K100=27
Epoch 001 | Batch 2950 | val_kld=3.326881 | val_ordacc@10=0.082022 | val_recall@10=0.441808
Epoch 001 | Batch 2950 | K-values: K1=23, K10=26, K20=28, K50=18, K100=33
Epoch 001 | Batch 2960 | val_kld=3.326881 | val_ordacc@10=0.082022 | val_recall@10=0.441808
Epoch 001 | Batch 2960 | K-values: K1=27, K10=26, K20=30, K50=19, K100=26
Epoch 001 | Batch 2970 | val_kld=3.326881 | val_ordacc@10=0.082022 | val_recall@10=0.441808
Epoch 001 | Batch 2970 | K-values: K1=21, K10=28, K20=28, K50=26, K100=25
Epoch 001 | Batch 2980 | val_kld=3.326881 | val_ordacc@10=0.082022 | val_recall@10=0.441808
Epoch 001 | Batch 2980 | K-values: K1=22, K10=21, K20=32, K50=23, K100=30
Epoch 001 | Batch 2990 | val_kld=3.326881 | val_ordacc@10=0.082022 | val_recall@10=0.441808
Epoch 001 | Batch 2990 | K-values: K1=29, K10=24, K20=25, K50=26, K100=24
Epoch 001 | Batch 3000 | val_kld=3.326881 | val_ordacc@10=0.082022 | val_recall@10=0.441808
Epoch 001 | Batch 3000 | K-values: K1=24, K10=24, K20=35, K50=20, K100=25
Epoch 001 | Batch 3010 | val_kld=3.326881 | val_ordacc@10=0.082022 | val_recall@10=0.441808
Epoch 001 | Batch 3010 | K-values: K1=19, K10=25, K20=31, K50=25, K100=28
Epoch 001 | Batch 3020 | val_kld=3.326881 | val_ordacc@10=0.082022 | val_recall@10=0.441808
Epoch 001 | Batch 3020 | K-values: K1=27, K10=24, K20=32, K50=23, K100=22
Epoch 001 | Batch 3030 | val_kld=3.326881 | val_ordacc@10=0.082022 | val_recall@10=0.441808
Epoch 001 | Batch 3030 | K-values: K1=25, K10=25, K20=24, K50=28, K100=26
Epoch 001 | Batch 3040 | val_kld=3.326881 | val_ordacc@10=0.082022 | val_recall@10=0.441808
Epoch 001 | Batch 3040 | K-values: K1=26, K10=31, K20=25, K50=24, K100=22
Epoch 001 | Batch 3050 | val_kld=3.326881 | val_ordacc@10=0.082022 | val_recall@10=0.441808
Epoch 001 | Batch 3050 | K-values: K1=22, K10=23, K20=19, K50=39, K100=25
Epoch 001 | Batch 3060 | val_kld=3.326881 | val_ordacc@10=0.082022 | val_recall@10=0.441808
Epoch 001 | Batch 3060 | K-values: K1=22, K10=25, K20=35, K50=17, K100=29
Epoch 001 | Batch 3070 | val_kld=3.326881 | val_ordacc@10=0.082022 | val_recall@10=0.441808
Epoch 001 | Batch 3070 | K-values: K1=34, K10=20, K20=21, K50=33, K100=20
Epoch 001 | Batch 3080 | val_kld=3.326881 | val_ordacc@10=0.082022 | val_recall@10=0.441808
Epoch 001 | Batch 3080 | K-values: K1=28, K10=26, K20=20, K50=26, K100=28
Epoch 001 | Batch 3090 | val_kld=3.326881 | val_ordacc@10=0.082022 | val_recall@10=0.441808
Epoch 001 | Batch 3090 | K-values: K1=27, K10=27, K20=19, K50=26, K100=29
Epoch 001 | Batch 3100 | val_kld=3.326881 | val_ordacc@10=0.082022 | val_recall@10=0.441808
Epoch 001 | Batch 3100 | K-values: K1=28, K10=24, K20=29, K50=28, K100=19
Epoch 001 | Batch 3110 | val_kld=3.326881 | val_ordacc@10=0.082022 | val_recall@10=0.441808
Epoch 001 | Batch 3110 | K-values: K1=32, K10=21, K20=26, K50=22, K100=27
Epoch 001 | Batch 3120 | val_kld=3.326881 | val_ordacc@10=0.082022 | val_recall@10=0.441808
Epoch 001 | Batch 3120 | K-values: K1=18, K10=24, K20=34, K50=31, K100=21
Epoch 001 | Batch 3130 | val_kld=3.326881 | val_ordacc@10=0.082022 | val_recall@10=0.441808
Epoch 001 | Batch 3130 | K-values: K1=18, K10=28, K20=31, K50=28, K100=23
Epoch 001 | Batch 3140 | val_kld=3.326881 | val_ordacc@10=0.082022 | val_recall@10=0.441808
Epoch 001 | Batch 3140 | K-values: K1=24, K10=28, K20=33, K50=21, K100=22
Epoch 001 | Batch 3150 | val_kld=3.326881 | val_ordacc@10=0.082022 | val_recall@10=0.441808
Epoch 001 | Batch 3150 | K-values: K1=29, K10=30, K20=19, K50=27, K100=23
Epoch 001 | Batch 3160 | val_kld=3.326881 | val_ordacc@10=0.082022 | val_recall@10=0.441808
Epoch 001 | Batch 3160 | K-values: K1=28, K10=27, K20=27, K50=22, K100=24
Epoch 001 | Batch 3170 | val_kld=3.326881 | val_ordacc@10=0.082022 | val_recall@10=0.441808
Epoch 001 | Batch 3170 | K-values: K1=25, K10=32, K20=21, K50=21, K100=29
Epoch 001 | Batch 3180 | val_kld=3.326881 | val_ordacc@10=0.082022 | val_recall@10=0.441808
Epoch 001 | Batch 3180 | K-values: K1=21, K10=30, K20=19, K50=30, K100=28
Epoch 001 | Batch 3190 | val_kld=3.326881 | val_ordacc@10=0.082022 | val_recall@10=0.441808
Epoch 001 | Batch 3190 | K-values: K1=27, K10=24, K20=24, K50=28, K100=25
Epoch 001 | Batch 3200 | val_kld=3.326881 | val_ordacc@10=0.082022 | val_recall@10=0.441808
Epoch 001 | Batch 3200 | K-values: K1=27, K10=23, K20=23, K50=27, K100=28
Epoch 001 | Batch 3210 | val_kld=3.326881 | val_ordacc@10=0.082022 | val_recall@10=0.441808
Epoch 001 | Batch 3210 | K-values: K1=33, K10=20, K20=22, K50=29, K100=24
Epoch 001 | Batch 3220 | val_kld=3.326881 | val_ordacc@10=0.082022 | val_recall@10=0.441808
Epoch 001 | Batch 3220 | K-values: K1=26, K10=31, K20=21, K50=29, K100=21
Epoch 001 | Batch 3230 | val_kld=3.326881 | val_ordacc@10=0.082022 | val_recall@10=0.441808
Epoch 001 | Batch 3230 | K-values: K1=30, K10=27, K20=22, K50=23, K100=26
Epoch 001 | Batch 3240 | val_kld=3.326881 | val_ordacc@10=0.082022 | val_recall@10=0.441808
Epoch 001 | Batch 3240 | K-values: K1=19, K10=35, K20=22, K50=32, K100=20
Epoch 001 | Batch 3250 | val_kld=3.326881 | val_ordacc@10=0.082022 | val_recall@10=0.441808
Epoch 001 | Batch 3250 | K-values: K1=28, K10=14, K20=31, K50=33, K100=22
Epoch 001 | Batch 3260 | val_kld=3.326881 | val_ordacc@10=0.082022 | val_recall@10=0.441808
Epoch 001 | Batch 3260 | K-values: K1=33, K10=25, K20=25, K50=24, K100=21
Epoch 001 | Batch 3270 | val_kld=3.326881 | val_ordacc@10=0.082022 | val_recall@10=0.441808
Epoch 001 | Batch 3270 | K-values: K1=19, K10=25, K20=23, K50=26, K100=35
Epoch 001 | Batch 3280 | val_kld=3.326881 | val_ordacc@10=0.082022 | val_recall@10=0.441808
Epoch 001 | Batch 3280 | K-values: K1=30, K10=25, K20=32, K50=24, K100=17
Epoch 001 | Batch 3290 | val_kld=3.326881 | val_ordacc@10=0.082022 | val_recall@10=0.441808
Epoch 001 | Batch 3290 | K-values: K1=24, K10=18, K20=33, K50=25, K100=28
Epoch 001 | Batch 3300 | val_kld=3.326881 | val_ordacc@10=0.082022 | val_recall@10=0.441808
Epoch 001 | Batch 3300 | K-values: K1=25, K10=24, K20=24, K50=23, K100=32
Epoch 001 | Batch 3310 | val_kld=3.326881 | val_ordacc@10=0.082022 | val_recall@10=0.441808
Epoch 001 | Batch 3310 | K-values: K1=32, K10=20, K20=30, K50=29, K100=17
Epoch 001 | Batch 3320 | val_kld=3.326881 | val_ordacc@10=0.082022 | val_recall@10=0.441808
Epoch 001 | Batch 3320 | K-values: K1=27, K10=21, K20=34, K50=21, K100=25
Epoch 001 | Batch 3330 | val_kld=3.326881 | val_ordacc@10=0.082022 | val_recall@10=0.441808
Epoch 001 | Batch 3330 | K-values: K1=25, K10=23, K20=33, K50=24, K100=23
Epoch 001 | Batch 3340 | val_kld=3.326881 | val_ordacc@10=0.082022 | val_recall@10=0.441808
Epoch 001 | Batch 3340 | K-values: K1=24, K10=23, K20=21, K50=30, K100=30
Epoch 001 | Batch 3350 | val_kld=3.326881 | val_ordacc@10=0.082022 | val_recall@10=0.441808
Epoch 001 | Batch 3350 | K-values: K1=24, K10=29, K20=26, K50=22, K100=27
Epoch 001 | Batch 3360 | val_kld=3.326881 | val_ordacc@10=0.082022 | val_recall@10=0.441808
Epoch 001 | Batch 3360 | K-values: K1=32, K10=25, K20=28, K50=19, K100=24
Epoch 001 | Batch 3370 | val_kld=3.326881 | val_ordacc@10=0.082022 | val_recall@10=0.441808
Epoch 001 | Batch 3370 | K-values: K1=26, K10=28, K20=26, K50=17, K100=31
Epoch 001 | Batch 3380 | val_kld=3.326881 | val_ordacc@10=0.082022 | val_recall@10=0.441808
Epoch 001 | Batch 3380 | K-values: K1=25, K10=22, K20=34, K50=18, K100=29
Epoch 001 | Batch 3390 | val_kld=3.326881 | val_ordacc@10=0.082022 | val_recall@10=0.441808
Epoch 001 | Batch 3390 | K-values: K1=28, K10=24, K20=22, K50=26, K100=28
Epoch 001 | Batch 3400 | val_kld=3.326881 | val_ordacc@10=0.082022 | val_recall@10=0.441808
Epoch 001 | Batch 3400 | K-values: K1=23, K10=31, K20=21, K50=35, K100=18
Epoch 001 | Batch 3410 | val_kld=3.326881 | val_ordacc@10=0.082022 | val_recall@10=0.441808
Epoch 001 | Batch 3410 | K-values: K1=28, K10=26, K20=27, K50=25, K100=22
Epoch 001 | Batch 3420 | val_kld=3.326881 | val_ordacc@10=0.082022 | val_recall@10=0.441808
Epoch 001 | Batch 3420 | K-values: K1=24, K10=23, K20=32, K50=23, K100=26
Epoch 001 | Batch 3430 | val_kld=3.326881 | val_ordacc@10=0.082022 | val_recall@10=0.441808
Epoch 001 | Batch 3430 | K-values: K1=23, K10=25, K20=20, K50=37, K100=23
Epoch 001 | Batch 3440 | val_kld=3.326881 | val_ordacc@10=0.082022 | val_recall@10=0.441808
Epoch 001 | Batch 3440 | K-values: K1=33, K10=29, K20=28, K50=19, K100=19
Epoch 001 | Batch 3450 | val_kld=3.326881 | val_ordacc@10=0.082022 | val_recall@10=0.441808
Epoch 001 | Batch 3450 | K-values: K1=26, K10=25, K20=17, K50=27, K100=33
Epoch 001 | Batch 3460 | val_kld=3.326881 | val_ordacc@10=0.082022 | val_recall@10=0.441808
Epoch 001 | Batch 3460 | K-values: K1=31, K10=24, K20=22, K50=30, K100=21
Epoch 001 | Batch 3470 | val_kld=3.326881 | val_ordacc@10=0.082022 | val_recall@10=0.441808
Epoch 001 | Batch 3470 | K-values: K1=31, K10=19, K20=35, K50=19, K100=24
Epoch 001 | Batch 3480 | val_kld=3.326881 | val_ordacc@10=0.082022 | val_recall@10=0.441808
Epoch 001 | Batch 3480 | K-values: K1=17, K10=32, K20=26, K50=35, K100=18
Epoch 001 | Batch 3490 | val_kld=3.326881 | val_ordacc@10=0.082022 | val_recall@10=0.441808
Epoch 001 | Batch 3490 | K-values: K1=25, K10=21, K20=25, K50=26, K100=31
Epoch 001 | Batch 3500 | val_kld=3.326881 | val_ordacc@10=0.082022 | val_recall@10=0.441808
Epoch 001 | Batch 3500 | K-values: K1=29, K10=31, K20=20, K50=25, K100=23
Epoch 001 | Batch 3510 | val_kld=3.326881 | val_ordacc@10=0.082022 | val_recall@10=0.441808
Epoch 001 | Batch 3510 | K-values: K1=27, K10=27, K20=23, K50=29, K100=22
Epoch 001 | Batch 3520 | val_kld=3.326881 | val_ordacc@10=0.082022 | val_recall@10=0.441808
Epoch 001 | Batch 3520 | K-values: K1=33, K10=20, K20=26, K50=30, K100=19
Epoch 001 | Batch 3530 | val_kld=3.326881 | val_ordacc@10=0.082022 | val_recall@10=0.441808
Epoch 001 | Batch 3530 | K-values: K1=21, K10=33, K20=34, K50=22, K100=18
Epoch 001 | Batch 3540 | val_kld=3.326881 | val_ordacc@10=0.082022 | val_recall@10=0.441808
Epoch 001 | Batch 3540 | K-values: K1=23, K10=25, K20=27, K50=28, K100=25
Epoch 001 | Batch 3550 | val_kld=3.326881 | val_ordacc@10=0.082022 | val_recall@10=0.441808
Epoch 001 | Batch 3550 | K-values: K1=26, K10=21, K20=26, K50=25, K100=30
Epoch 001 | Batch 3560 | val_kld=3.326881 | val_ordacc@10=0.082022 | val_recall@10=0.441808
Epoch 001 | Batch 3560 | K-values: K1=24, K10=28, K20=26, K50=29, K100=21
Epoch 001 | Batch 3570 | val_kld=3.326881 | val_ordacc@10=0.082022 | val_recall@10=0.441808
Epoch 001 | Batch 3570 | K-values: K1=24, K10=23, K20=24, K50=26, K100=31
Epoch 001 | Batch 3580 | val_kld=3.326881 | val_ordacc@10=0.082022 | val_recall@10=0.441808
Epoch 001 | Batch 3580 | K-values: K1=23, K10=28, K20=22, K50=26, K100=29
Epoch 001 | Batch 3590 | val_kld=3.326881 | val_ordacc@10=0.082022 | val_recall@10=0.441808
Epoch 001 | Batch 3590 | K-values: K1=20, K10=24, K20=24, K50=37, K100=23
Epoch 001 | Batch 3600 | val_kld=3.326881 | val_ordacc@10=0.082022 | val_recall@10=0.441808
Epoch 001 | Batch 3600 | K-values: K1=21, K10=32, K20=30, K50=27, K100=18
Epoch 001 | Batch 3610 | val_kld=3.326881 | val_ordacc@10=0.082022 | val_recall@10=0.441808
Epoch 001 | Batch 3610 | K-values: K1=22, K10=18, K20=33, K50=27, K100=28
Epoch 001 | Batch 3620 | val_kld=3.326881 | val_ordacc@10=0.082022 | val_recall@10=0.441808
Epoch 001 | Batch 3620 | K-values: K1=30, K10=18, K20=22, K50=34, K100=24
Epoch 001 | Batch 3630 | val_kld=3.326881 | val_ordacc@10=0.082022 | val_recall@10=0.441808
Epoch 001 | Batch 3630 | K-values: K1=29, K10=29, K20=18, K50=26, K100=26
Epoch 001 | Batch 3640 | val_kld=3.326881 | val_ordacc@10=0.082022 | val_recall@10=0.441808
Epoch 001 | Batch 3640 | K-values: K1=32, K10=22, K20=31, K50=22, K100=21
Epoch 001 | Batch 3650 | val_kld=3.326881 | val_ordacc@10=0.082022 | val_recall@10=0.441808
Epoch 001 | Batch 3650 | K-values: K1=29, K10=24, K20=27, K50=25, K100=23
Epoch 001 | Batch 3660 | val_kld=3.326881 | val_ordacc@10=0.082022 | val_recall@10=0.441808
Epoch 001 | Batch 3660 | K-values: K1=17, K10=30, K20=31, K50=34, K100=16
Epoch 001 | Batch 3670 | val_kld=3.326881 | val_ordacc@10=0.082022 | val_recall@10=0.441808
Epoch 001 | Batch 3670 | K-values: K1=22, K10=18, K20=27, K50=28, K100=33
Epoch 001 | Batch 3680 | val_kld=3.326881 | val_ordacc@10=0.082022 | val_recall@10=0.441808
Epoch 001 | Batch 3680 | K-values: K1=31, K10=21, K20=22, K50=31, K100=23
Epoch 001 | Batch 3690 | val_kld=3.326881 | val_ordacc@10=0.082022 | val_recall@10=0.441808
Epoch 001 | Batch 3690 | K-values: K1=29, K10=21, K20=25, K50=29, K100=24
Epoch 001 | Batch 3700 | val_kld=3.326881 | val_ordacc@10=0.082022 | val_recall@10=0.441808
Epoch 001 | Batch 3700 | K-values: K1=29, K10=16, K20=31, K50=30, K100=22
Epoch 001 | Batch 3710 | val_kld=3.326881 | val_ordacc@10=0.082022 | val_recall@10=0.441808
Epoch 001 | Batch 3710 | K-values: K1=27, K10=14, K20=31, K50=22, K100=34
Epoch 001 | Batch 3720 | val_kld=3.326881 | val_ordacc@10=0.082022 | val_recall@10=0.441808
Epoch 001 | Batch 3720 | K-values: K1=22, K10=25, K20=22, K50=35, K100=24
Epoch 001 | Batch 3730 | val_kld=3.326881 | val_ordacc@10=0.082022 | val_recall@10=0.441808
Epoch 001 | Batch 3730 | K-values: K1=26, K10=18, K20=21, K50=39, K100=24
Epoch 001 | Batch 3740 | val_kld=3.326881 | val_ordacc@10=0.082022 | val_recall@10=0.441808
Epoch 001 | Batch 3740 | K-values: K1=27, K10=27, K20=20, K50=28, K100=26
Epoch 001 | Batch 3750 | val_kld=3.326881 | val_ordacc@10=0.082022 | val_recall@10=0.441808
Epoch 001 | Batch 3750 | K-values: K1=24, K10=34, K20=24, K50=25, K100=21
Epoch 001 | Batch 3760 | val_kld=3.326881 | val_ordacc@10=0.082022 | val_recall@10=0.441808
Epoch 001 | Batch 3760 | K-values: K1=30, K10=25, K20=29, K50=26, K100=18
Epoch 001 | Batch 3770 | val_kld=3.326881 | val_ordacc@10=0.082022 | val_recall@10=0.441808
Epoch 001 | Batch 3770 | K-values: K1=25, K10=33, K20=16, K50=24, K100=30
Epoch 001 | Batch 3780 | val_kld=3.326881 | val_ordacc@10=0.082022 | val_recall@10=0.441808
Epoch 001 | Batch 3780 | K-values: K1=24, K10=22, K20=32, K50=28, K100=22
Epoch 001 | Batch 3790 | val_kld=3.326881 | val_ordacc@10=0.082022 | val_recall@10=0.441808
Epoch 001 | Batch 3790 | K-values: K1=23, K10=32, K20=28, K50=21, K100=24
Epoch 001 | Batch 3800 | val_kld=3.326881 | val_ordacc@10=0.082022 | val_recall@10=0.441808
Epoch 001 | Batch 3800 | K-values: K1=21, K10=28, K20=29, K50=26, K100=24
Epoch 001 | Batch 3810 | val_kld=3.326881 | val_ordacc@10=0.082022 | val_recall@10=0.441808
Epoch 001 | Batch 3810 | K-values: K1=23, K10=32, K20=24, K50=17, K100=32
Epoch 001 | Batch 3820 | val_kld=3.326881 | val_ordacc@10=0.082022 | val_recall@10=0.441808
Epoch 001 | Batch 3820 | K-values: K1=30, K10=30, K20=20, K50=22, K100=26
Epoch 001 | Batch 3830 | val_kld=3.326881 | val_ordacc@10=0.082022 | val_recall@10=0.441808
Epoch 001 | Batch 3830 | K-values: K1=25, K10=24, K20=27, K50=24, K100=28
Epoch 001 | Batch 3840 | val_kld=3.326881 | val_ordacc@10=0.082022 | val_recall@10=0.441808
Epoch 001 | Batch 3840 | K-values: K1=34, K10=21, K20=20, K50=33, K100=20
Epoch 001 | Batch 3850 | val_kld=3.326881 | val_ordacc@10=0.082022 | val_recall@10=0.441808
Epoch 001 | Batch 3850 | K-values: K1=27, K10=32, K20=22, K50=24, K100=23
Epoch 001 | Batch 3860 | val_kld=3.326881 | val_ordacc@10=0.082022 | val_recall@10=0.441808
Epoch 001 | Batch 3860 | K-values: K1=22, K10=29, K20=29, K50=24, K100=24
Epoch 001 | Batch 3870 | val_kld=3.326881 | val_ordacc@10=0.082022 | val_recall@10=0.441808
Epoch 001 | Batch 3870 | K-values: K1=18, K10=28, K20=18, K50=35, K100=29
Epoch 001 | Batch 3880 | val_kld=3.326881 | val_ordacc@10=0.082022 | val_recall@10=0.441808
Epoch 001 | Batch 3880 | K-values: K1=31, K10=27, K20=24, K50=23, K100=23
Epoch 001 | Batch 3890 | val_kld=3.326881 | val_ordacc@10=0.082022 | val_recall@10=0.441808
Epoch 001 | Batch 3890 | K-values: K1=27, K10=24, K20=27, K50=34, K100=16
Epoch 001 | Batch 3900 | val_kld=3.326881 | val_ordacc@10=0.082022 | val_recall@10=0.441808
Epoch 001 | Batch 3900 | K-values: K1=23, K10=35, K20=26, K50=20, K100=24
Epoch 001 | Batch 3910 | val_kld=3.326881 | val_ordacc@10=0.082022 | val_recall@10=0.441808
Epoch 001 | Batch 3910 | K-values: K1=25, K10=22, K20=34, K50=23, K100=24
Epoch 001 | Batch 3920 | val_kld=3.326881 | val_ordacc@10=0.082022 | val_recall@10=0.441808
Epoch 001 | Batch 3920 | K-values: K1=22, K10=32, K20=21, K50=23, K100=30
Epoch 001 | Batch 3930 | val_kld=3.326881 | val_ordacc@10=0.082022 | val_recall@10=0.441808
Epoch 001 | Batch 3930 | K-values: K1=18, K10=27, K20=19, K50=25, K100=39
Epoch 001 | Batch 3940 | val_kld=3.326881 | val_ordacc@10=0.082022 | val_recall@10=0.441808
Epoch 001 | Batch 3940 | K-values: K1=29, K10=33, K20=24, K50=24, K100=18
Epoch 001 | Batch 3950 | val_kld=3.326881 | val_ordacc@10=0.082022 | val_recall@10=0.441808
Epoch 001 | Batch 3950 | K-values: K1=24, K10=26, K20=22, K50=29, K100=27
Epoch 001 | Batch 3960 | val_kld=3.326881 | val_ordacc@10=0.082022 | val_recall@10=0.441808
Epoch 001 | Batch 3960 | K-values: K1=23, K10=28, K20=22, K50=28, K100=27
Epoch 001 | Batch 3970 | val_kld=3.326881 | val_ordacc@10=0.082022 | val_recall@10=0.441808
Epoch 001 | Batch 3970 | K-values: K1=20, K10=29, K20=31, K50=28, K100=20
Epoch 001 | Batch 3980 | val_kld=3.326881 | val_ordacc@10=0.082022 | val_recall@10=0.441808
Epoch 001 | Batch 3980 | K-values: K1=33, K10=24, K20=24, K50=22, K100=25
Epoch 001 | Batch 3990 | val_kld=3.326881 | val_ordacc@10=0.082022 | val_recall@10=0.441808
Epoch 001 | Batch 3990 | K-values: K1=32, K10=22, K20=21, K50=28, K100=25
Epoch 001 | Batch 4000 | val_kld=3.326881 | val_ordacc@10=0.082022 | val_recall@10=0.441808
Epoch 001 | Batch 4000 | K-values: K1=26, K10=25, K20=18, K50=28, K100=31
Epoch 001 | Batch 4010 | val_kld=3.326881 | val_ordacc@10=0.082022 | val_recall@10=0.441808
Epoch 001 | Batch 4010 | K-values: K1=34, K10=23, K20=24, K50=21, K100=26
Epoch 001 | Batch 4020 | val_kld=3.326881 | val_ordacc@10=0.082022 | val_recall@10=0.441808
Epoch 001 | Batch 4020 | K-values: K1=33, K10=21, K20=21, K50=31, K100=22
Epoch 001 | Batch 4030 | val_kld=3.326881 | val_ordacc@10=0.082022 | val_recall@10=0.441808
Epoch 001 | Batch 4030 | K-values: K1=29, K10=33, K20=15, K50=18, K100=33
Epoch 001 | Batch 4040 | val_kld=3.326881 | val_ordacc@10=0.082022 | val_recall@10=0.441808
Epoch 001 | Batch 4040 | K-values: K1=30, K10=25, K20=28, K50=18, K100=27
Epoch 001 | Batch 4050 | val_kld=3.326881 | val_ordacc@10=0.082022 | val_recall@10=0.441808
Epoch 001 | Batch 4050 | K-values: K1=32, K10=30, K20=25, K50=14, K100=27
Epoch 001 | Batch 4060 | val_kld=3.326881 | val_ordacc@10=0.082022 | val_recall@10=0.441808
Epoch 001 | Batch 4060 | K-values: K1=21, K10=28, K20=29, K50=26, K100=24
Epoch 001 | Batch 4070 | val_kld=3.326881 | val_ordacc@10=0.082022 | val_recall@10=0.441808
Epoch 001 | Batch 4070 | K-values: K1=24, K10=21, K20=27, K50=30, K100=26
Epoch 001 | Batch 4080 | val_kld=3.326881 | val_ordacc@10=0.082022 | val_recall@10=0.441808
Epoch 001 | Batch 4080 | K-values: K1=28, K10=26, K20=28, K50=21, K100=25
Epoch 001 | Batch 4090 | val_kld=3.326881 | val_ordacc@10=0.082022 | val_recall@10=0.441808
Epoch 001 | Batch 4090 | K-values: K1=34, K10=20, K20=21, K50=23, K100=30
Epoch 001 | Batch 4100 | val_kld=3.326881 | val_ordacc@10=0.082022 | val_recall@10=0.441808
Epoch 001 | Batch 4100 | K-values: K1=26, K10=25, K20=29, K50=25, K100=23
Epoch 001 | Batch 4110 | val_kld=3.326881 | val_ordacc@10=0.082022 | val_recall@10=0.441808
Epoch 001 | Batch 4110 | K-values: K1=27, K10=29, K20=26, K50=24, K100=22
Epoch 001 | Batch 4120 | val_kld=3.326881 | val_ordacc@10=0.082022 | val_recall@10=0.441808
Epoch 001 | Batch 4120 | K-values: K1=30, K10=23, K20=31, K50=22, K100=22
Epoch 001 | Batch 4130 | val_kld=3.326881 | val_ordacc@10=0.082022 | val_recall@10=0.441808
Epoch 001 | Batch 4130 | K-values: K1=20, K10=37, K20=21, K50=22, K100=28
Epoch 001 | Batch 4140 | val_kld=3.326881 | val_ordacc@10=0.082022 | val_recall@10=0.441808
Epoch 001 | Batch 4140 | K-values: K1=31, K10=23, K20=22, K50=28, K100=24
Epoch 001 | Batch 4150 | val_kld=3.326881 | val_ordacc@10=0.082022 | val_recall@10=0.441808
Epoch 001 | Batch 4150 | K-values: K1=35, K10=25, K20=27, K50=23, K100=18
Epoch 001 | Batch 4160 | val_kld=3.326881 | val_ordacc@10=0.082022 | val_recall@10=0.441808
Epoch 001 | Batch 4160 | K-values: K1=24, K10=26, K20=30, K50=29, K100=19
Epoch 001 | Batch 4170 | val_kld=3.326881 | val_ordacc@10=0.082022 | val_recall@10=0.441808
Epoch 001 | Batch 4170 | K-values: K1=23, K10=27, K20=25, K50=26, K100=27
Epoch 001 | Batch 4180 | val_kld=3.326881 | val_ordacc@10=0.082022 | val_recall@10=0.441808
Epoch 001 | Batch 4180 | K-values: K1=22, K10=26, K20=21, K50=26, K100=33
Epoch 001 | Batch 4190 | val_kld=3.326881 | val_ordacc@10=0.082022 | val_recall@10=0.441808
Epoch 001 | Batch 4190 | K-values: K1=26, K10=26, K20=25, K50=27, K100=24
Epoch 001 | Batch 4200 | val_kld=3.326881 | val_ordacc@10=0.082022 | val_recall@10=0.441808
Epoch 001 | Batch 4200 | K-values: K1=33, K10=15, K20=22, K50=28, K100=30
Epoch 001 | Batch 4210 | val_kld=3.326881 | val_ordacc@10=0.082022 | val_recall@10=0.441808
Epoch 001 | Batch 4210 | K-values: K1=23, K10=21, K20=34, K50=29, K100=21
Epoch 001 | Batch 4220 | val_kld=3.326881 | val_ordacc@10=0.082022 | val_recall@10=0.441808
Epoch 001 | Batch 4220 | K-values: K1=17, K10=23, K20=29, K50=23, K100=36
Epoch 001 | Batch 4230 | val_kld=3.326881 | val_ordacc@10=0.082022 | val_recall@10=0.441808
Epoch 001 | Batch 4230 | K-values: K1=22, K10=28, K20=24, K50=21, K100=33
Epoch 001 | Batch 4240 | val_kld=3.326881 | val_ordacc@10=0.082022 | val_recall@10=0.441808
Epoch 001 | Batch 4240 | K-values: K1=18, K10=38, K20=23, K50=29, K100=20
Epoch 001 | Batch 4250 | val_kld=3.326881 | val_ordacc@10=0.082022 | val_recall@10=0.441808
Epoch 001 | Batch 4250 | K-values: K1=29, K10=18, K20=30, K50=23, K100=28
Epoch 001 | Batch 4260 | val_kld=3.326881 | val_ordacc@10=0.082022 | val_recall@10=0.441808
Epoch 001 | Batch 4260 | K-values: K1=24, K10=30, K20=23, K50=26, K100=25
Epoch 001 | Batch 4270 | val_kld=3.326881 | val_ordacc@10=0.082022 | val_recall@10=0.441808
Epoch 001 | Batch 4270 | K-values: K1=25, K10=13, K20=33, K50=40, K100=17
Epoch 001 | Batch 4280 | val_kld=3.326881 | val_ordacc@10=0.082022 | val_recall@10=0.441808
Epoch 001 | Batch 4280 | K-values: K1=18, K10=25, K20=26, K50=27, K100=32
Epoch 001 | Batch 4290 | val_kld=3.326881 | val_ordacc@10=0.082022 | val_recall@10=0.441808
Epoch 001 | Batch 4290 | K-values: K1=22, K10=27, K20=25, K50=23, K100=31
Epoch 001 | Batch 4300 | val_kld=3.326881 | val_ordacc@10=0.082022 | val_recall@10=0.441808
Epoch 001 | Batch 4300 | K-values: K1=23, K10=35, K20=23, K50=25, K100=22
Epoch 001 | Batch 4310 | val_kld=3.326881 | val_ordacc@10=0.082022 | val_recall@10=0.441808
Epoch 001 | Batch 4310 | K-values: K1=24, K10=19, K20=31, K50=29, K100=25
Epoch 001 | Batch 4320 | val_kld=3.326881 | val_ordacc@10=0.082022 | val_recall@10=0.441808
Epoch 001 | Batch 4320 | K-values: K1=28, K10=26, K20=30, K50=21, K100=23
Epoch 001 | Batch 4330 | val_kld=3.326881 | val_ordacc@10=0.082022 | val_recall@10=0.441808
Epoch 001 | Batch 4330 | K-values: K1=23, K10=26, K20=32, K50=23, K100=24
Epoch 001 | Batch 4340 | val_kld=3.326881 | val_ordacc@10=0.082022 | val_recall@10=0.441808
Epoch 001 | Batch 4340 | K-values: K1=32, K10=23, K20=22, K50=32, K100=19
Epoch 001 | Batch 4350 | val_kld=3.326881 | val_ordacc@10=0.082022 | val_recall@10=0.441808
Epoch 001 | Batch 4350 | K-values: K1=20, K10=27, K20=31, K50=24, K100=26
Epoch 001 | Batch 4360 | val_kld=3.326881 | val_ordacc@10=0.082022 | val_recall@10=0.441808
Epoch 001 | Batch 4360 | K-values: K1=31, K10=21, K20=23, K50=29, K100=24
Epoch 001 | Batch 4370 | val_kld=3.326881 | val_ordacc@10=0.082022 | val_recall@10=0.441808
Epoch 001 | Batch 4370 | K-values: K1=25, K10=27, K20=28, K50=27, K100=21
Epoch 001 | Batch 4380 | val_kld=3.326881 | val_ordacc@10=0.082022 | val_recall@10=0.441808
Epoch 001 | Batch 4380 | K-values: K1=26, K10=22, K20=20, K50=33, K100=27
Epoch 001 | Batch 4390 | val_kld=3.326881 | val_ordacc@10=0.082022 | val_recall@10=0.441808
Epoch 001 | Batch 4390 | K-values: K1=25, K10=31, K20=22, K50=25, K100=25
Epoch 001 | Batch 4400 | val_kld=3.326881 | val_ordacc@10=0.082022 | val_recall@10=0.441808
Epoch 001 | Batch 4400 | K-values: K1=18, K10=27, K20=31, K50=22, K100=30
Epoch 001 | Batch 4410 | val_kld=3.326881 | val_ordacc@10=0.082022 | val_recall@10=0.441808
Epoch 001 | Batch 4410 | K-values: K1=27, K10=31, K20=22, K50=26, K100=22
Epoch 001 | Batch 4420 | val_kld=3.326881 | val_ordacc@10=0.082022 | val_recall@10=0.441808
Epoch 001 | Batch 4420 | K-values: K1=21, K10=28, K20=24, K50=22, K100=33
Epoch 001 | Batch 4430 | val_kld=3.326881 | val_ordacc@10=0.082022 | val_recall@10=0.441808
Epoch 001 | Batch 4430 | K-values: K1=31, K10=29, K20=23, K50=27, K100=18
Epoch 001 | Batch 4440 | val_kld=3.326881 | val_ordacc@10=0.082022 | val_recall@10=0.441808
Epoch 001 | Batch 4440 | K-values: K1=29, K10=20, K20=22, K50=22, K100=35
Epoch 001 | Batch 4450 | val_kld=3.326881 | val_ordacc@10=0.082022 | val_recall@10=0.441808
Epoch 001 | Batch 4450 | K-values: K1=18, K10=34, K20=41, K50=20, K100=15
Epoch 001 | Batch 4460 | val_kld=3.326881 | val_ordacc@10=0.082022 | val_recall@10=0.441808
Epoch 001 | Batch 4460 | K-values: K1=31, K10=27, K20=24, K50=25, K100=21
Epoch 001 | Batch 4470 | val_kld=3.326881 | val_ordacc@10=0.082022 | val_recall@10=0.441808
Epoch 001 | Batch 4470 | K-values: K1=28, K10=21, K20=21, K50=27, K100=31
Epoch 001 | Batch 4480 | val_kld=3.326881 | val_ordacc@10=0.082022 | val_recall@10=0.441808
Epoch 001 | Batch 4480 | K-values: K1=21, K10=31, K20=22, K50=28, K100=26
Epoch 001 | Batch 4490 | val_kld=3.326881 | val_ordacc@10=0.082022 | val_recall@10=0.441808
Epoch 001 | Batch 4490 | K-values: K1=31, K10=31, K20=14, K50=29, K100=23
Epoch 001 | Batch 4500 | val_kld=3.326881 | val_ordacc@10=0.082022 | val_recall@10=0.441808
Epoch 001 | Batch 4500 | K-values: K1=19, K10=32, K20=26, K50=13, K100=38
Epoch 001 | Batch 4510 | val_kld=3.326881 | val_ordacc@10=0.082022 | val_recall@10=0.441808
Epoch 001 | Batch 4510 | K-values: K1=31, K10=25, K20=26, K50=22, K100=24
Epoch 001 | Batch 4520 | val_kld=3.326881 | val_ordacc@10=0.082022 | val_recall@10=0.441808
Epoch 001 | Batch 4520 | K-values: K1=24, K10=27, K20=22, K50=22, K100=33
Epoch 001 | Batch 4530 | val_kld=3.326881 | val_ordacc@10=0.082022 | val_recall@10=0.441808
Epoch 001 | Batch 4530 | K-values: K1=22, K10=18, K20=26, K50=29, K100=33
Epoch 001 | Batch 4540 | val_kld=3.326881 | val_ordacc@10=0.082022 | val_recall@10=0.441808
Epoch 001 | Batch 4540 | K-values: K1=36, K10=23, K20=24, K50=19, K100=26
Epoch 001 | Batch 4550 | val_kld=3.326881 | val_ordacc@10=0.082022 | val_recall@10=0.441808
Epoch 001 | Batch 4550 | K-values: K1=25, K10=29, K20=26, K50=21, K100=27
Epoch 001 | Batch 4560 | val_kld=3.326881 | val_ordacc@10=0.082022 | val_recall@10=0.441808
Epoch 001 | Batch 4560 | K-values: K1=26, K10=29, K20=24, K50=31, K100=18
Epoch 001 | Batch 4570 | val_kld=3.326881 | val_ordacc@10=0.082022 | val_recall@10=0.441808
Epoch 001 | Batch 4570 | K-values: K1=20, K10=27, K20=19, K50=36, K100=26
Epoch 001 | Batch 4580 | val_kld=3.326881 | val_ordacc@10=0.082022 | val_recall@10=0.441808
Epoch 001 | Batch 4580 | K-values: K1=27, K10=20, K20=21, K50=24, K100=36
Epoch 001 | Batch 4590 | val_kld=3.326881 | val_ordacc@10=0.082022 | val_recall@10=0.441808
Epoch 001 | Batch 4590 | K-values: K1=22, K10=22, K20=21, K50=33, K100=30
Epoch 001 | Batch 4600 | val_kld=3.326881 | val_ordacc@10=0.082022 | val_recall@10=0.441808
Epoch 001 | Batch 4600 | K-values: K1=28, K10=18, K20=29, K50=22, K100=31
Epoch 001 | Batch 4610 | val_kld=3.326881 | val_ordacc@10=0.082022 | val_recall@10=0.441808
Epoch 001 | Batch 4610 | K-values: K1=28, K10=19, K20=30, K50=23, K100=28
Epoch 001 | Batch 4620 | val_kld=3.326881 | val_ordacc@10=0.082022 | val_recall@10=0.441808
Epoch 001 | Batch 4620 | K-values: K1=20, K10=27, K20=30, K50=22, K100=29
Epoch 001 | Batch 4630 | val_kld=3.326881 | val_ordacc@10=0.082022 | val_recall@10=0.441808
Epoch 001 | Batch 4630 | K-values: K1=33, K10=22, K20=27, K50=21, K100=25
Epoch 001 | Batch 4640 | val_kld=3.326881 | val_ordacc@10=0.082022 | val_recall@10=0.441808
Epoch 001 | Batch 4640 | K-values: K1=23, K10=23, K20=32, K50=23, K100=27
Epoch 001 | Batch 4650 | val_kld=3.326881 | val_ordacc@10=0.082022 | val_recall@10=0.441808
Epoch 001 | Batch 4650 | K-values: K1=29, K10=23, K20=27, K50=21, K100=28
Epoch 001 | Batch 4660 | val_kld=3.326881 | val_ordacc@10=0.082022 | val_recall@10=0.441808
Epoch 001 | Batch 4660 | K-values: K1=25, K10=26, K20=22, K50=36, K100=19
Epoch 001 | Batch 4670 | val_kld=3.326881 | val_ordacc@10=0.082022 | val_recall@10=0.441808
Epoch 001 | Batch 4670 | K-values: K1=26, K10=23, K20=25, K50=31, K100=23
Epoch 001 | Batch 4680 | val_kld=3.326881 | val_ordacc@10=0.082022 | val_recall@10=0.441808
Epoch 001 | Batch 4680 | K-values: K1=29, K10=22, K20=25, K50=32, K100=20
Epoch 001 | Batch 4690 | val_kld=3.326881 | val_ordacc@10=0.082022 | val_recall@10=0.441808
Epoch 001 | Batch 4690 | K-values: K1=24, K10=20, K20=21, K50=29, K100=34
Epoch 001 | Batch 4700 | val_kld=3.326881 | val_ordacc@10=0.082022 | val_recall@10=0.441808
Epoch 001 | Batch 4700 | K-values: K1=22, K10=29, K20=19, K50=29, K100=29
Epoch 001 | Batch 4710 | val_kld=3.326881 | val_ordacc@10=0.082022 | val_recall@10=0.441808
Epoch 001 | Batch 4710 | K-values: K1=20, K10=26, K20=26, K50=28, K100=28
Epoch 001 | Batch 4720 | val_kld=3.326881 | val_ordacc@10=0.082022 | val_recall@10=0.441808
Epoch 001 | Batch 4720 | K-values: K1=26, K10=24, K20=24, K50=25, K100=29
Epoch 001 | Batch 4730 | val_kld=3.326881 | val_ordacc@10=0.082022 | val_recall@10=0.441808
Epoch 001 | Batch 4730 | K-values: K1=29, K10=28, K20=17, K50=31, K100=23
Epoch 001 | Batch 4740 | val_kld=3.326881 | val_ordacc@10=0.082022 | val_recall@10=0.441808
Epoch 001 | Batch 4740 | K-values: K1=27, K10=28, K20=20, K50=31, K100=22
Epoch 001 | Batch 4750 | val_kld=3.326881 | val_ordacc@10=0.082022 | val_recall@10=0.441808
Epoch 001 | Batch 4750 | K-values: K1=26, K10=26, K20=19, K50=27, K100=30
Epoch 001 | Batch 4760 | val_kld=3.326881 | val_ordacc@10=0.082022 | val_recall@10=0.441808
Epoch 001 | Batch 4760 | K-values: K1=25, K10=27, K20=25, K50=29, K100=22
Epoch 001 | Batch 4770 | val_kld=3.326881 | val_ordacc@10=0.082022 | val_recall@10=0.441808
Epoch 001 | Batch 4770 | K-values: K1=28, K10=26, K20=21, K50=34, K100=19
Epoch 001 | Batch 4780 | val_kld=3.326881 | val_ordacc@10=0.082022 | val_recall@10=0.441808
Epoch 001 | Batch 4780 | K-values: K1=29, K10=27, K20=29, K50=24, K100=19
Epoch 001 | Batch 4790 | val_kld=3.326881 | val_ordacc@10=0.082022 | val_recall@10=0.441808
Epoch 001 | Batch 4790 | K-values: K1=27, K10=24, K20=29, K50=21, K100=27
Epoch 001 | Batch 4800 | val_kld=3.326881 | val_ordacc@10=0.082022 | val_recall@10=0.441808
Epoch 001 | Batch 4800 | K-values: K1=23, K10=23, K20=29, K50=28, K100=25
Epoch 001 | Batch 4810 | val_kld=3.326881 | val_ordacc@10=0.082022 | val_recall@10=0.441808
Epoch 001 | Batch 4810 | K-values: K1=25, K10=23, K20=37, K50=24, K100=19
Epoch 001 | Batch 4820 | val_kld=3.326881 | val_ordacc@10=0.082022 | val_recall@10=0.441808
Epoch 001 | Batch 4820 | K-values: K1=25, K10=28, K20=21, K50=28, K100=26
Epoch 001 | Batch 4830 | val_kld=3.326881 | val_ordacc@10=0.082022 | val_recall@10=0.441808
Epoch 001 | Batch 4830 | K-values: K1=26, K10=26, K20=21, K50=30, K100=25
Epoch 001 | Batch 4840 | val_kld=3.326881 | val_ordacc@10=0.082022 | val_recall@10=0.441808
Epoch 001 | Batch 4840 | K-values: K1=26, K10=29, K20=21, K50=30, K100=22
Epoch 001 | Batch 4850 | val_kld=3.326881 | val_ordacc@10=0.082022 | val_recall@10=0.441808
Epoch 001 | Batch 4850 | K-values: K1=24, K10=26, K20=29, K50=26, K100=23
Epoch 001 | Batch 4860 | val_kld=3.326881 | val_ordacc@10=0.082022 | val_recall@10=0.441808
Epoch 001 | Batch 4860 | K-values: K1=29, K10=30, K20=22, K50=25, K100=22
Epoch 001 | Batch 4870 | val_kld=3.326881 | val_ordacc@10=0.082022 | val_recall@10=0.441808
Epoch 001 | Batch 4870 | K-values: K1=20, K10=24, K20=41, K50=21, K100=22
Epoch 001 | Batch 4880 | val_kld=3.326881 | val_ordacc@10=0.082022 | val_recall@10=0.441808
Epoch 001 | Batch 4880 | K-values: K1=31, K10=24, K20=22, K50=22, K100=29
Epoch 001 | Batch 4890 | val_kld=3.326881 | val_ordacc@10=0.082022 | val_recall@10=0.441808
Epoch 001 | Batch 4890 | K-values: K1=28, K10=28, K20=22, K50=24, K100=26
Epoch 001 | Batch 4900 | val_kld=3.326881 | val_ordacc@10=0.082022 | val_recall@10=0.441808
Epoch 001 | Batch 4900 | K-values: K1=26, K10=18, K20=31, K50=30, K100=23
Epoch 001 | Batch 4910 | val_kld=3.326881 | val_ordacc@10=0.082022 | val_recall@10=0.441808
Epoch 001 | Batch 4910 | K-values: K1=18, K10=27, K20=24, K50=28, K100=31
Epoch 001 | Batch 4920 | val_kld=3.326881 | val_ordacc@10=0.082022 | val_recall@10=0.441808
Epoch 001 | Batch 4920 | K-values: K1=32, K10=22, K20=22, K50=28, K100=24
Epoch 001 | Batch 4930 | val_kld=3.326881 | val_ordacc@10=0.082022 | val_recall@10=0.441808
Epoch 001 | Batch 4930 | K-values: K1=21, K10=32, K20=18, K50=26, K100=31
Epoch 001 | Batch 4940 | val_kld=3.326881 | val_ordacc@10=0.082022 | val_recall@10=0.441808
Epoch 001 | Batch 4940 | K-values: K1=24, K10=25, K20=36, K50=20, K100=23
Epoch 001 | Batch 4950 | val_kld=3.326881 | val_ordacc@10=0.082022 | val_recall@10=0.441808
Epoch 001 | Batch 4950 | K-values: K1=27, K10=22, K20=37, K50=20, K100=22
Epoch 001 | Batch 4960 | val_kld=3.326881 | val_ordacc@10=0.082022 | val_recall@10=0.441808
Epoch 001 | Batch 4960 | K-values: K1=24, K10=27, K20=23, K50=25, K100=29
Epoch 001 | Batch 4970 | val_kld=3.326881 | val_ordacc@10=0.082022 | val_recall@10=0.441808
Epoch 001 | Batch 4970 | K-values: K1=28, K10=21, K20=29, K50=21, K100=29
Epoch 001 | Batch 4980 | val_kld=3.326881 | val_ordacc@10=0.082022 | val_recall@10=0.441808
Epoch 001 | Batch 4980 | K-values: K1=29, K10=22, K20=24, K50=19, K100=34
Epoch 001 | Batch 4990 | val_kld=3.326881 | val_ordacc@10=0.082022 | val_recall@10=0.441808
Epoch 001 | Batch 4990 | K-values: K1=26, K10=25, K20=26, K50=26, K100=25
Epoch 001 | Batch 5000 | val_kld=3.326881 | val_ordacc@10=0.082022 | val_recall@10=0.441808
Epoch 001 | Batch 5000 | K-values: K1=23, K10=23, K20=24, K50=26, K100=32
Epoch 001 | Batch 5010 | val_kld=3.326881 | val_ordacc@10=0.082022 | val_recall@10=0.441808
Epoch 001 | Batch 5010 | K-values: K1=28, K10=27, K20=23, K50=23, K100=27
Epoch 001 | Batch 5020 | val_kld=3.326881 | val_ordacc@10=0.082022 | val_recall@10=0.441808
Epoch 001 | Batch 5020 | K-values: K1=32, K10=39, K20=15, K50=25, K100=17
Epoch 001 | Batch 5030 | val_kld=3.326881 | val_ordacc@10=0.082022 | val_recall@10=0.441808
Epoch 001 | Batch 5030 | K-values: K1=20, K10=30, K20=29, K50=27, K100=22
Epoch 001 | Batch 5040 | val_kld=3.326881 | val_ordacc@10=0.082022 | val_recall@10=0.441808
Epoch 001 | Batch 5040 | K-values: K1=32, K10=20, K20=26, K50=34, K100=16
Epoch 001 | Batch 5050 | val_kld=3.326881 | val_ordacc@10=0.082022 | val_recall@10=0.441808
Epoch 001 | Batch 5050 | K-values: K1=26, K10=22, K20=32, K50=27, K100=21
Epoch 001 | Batch 5060 | val_kld=3.326881 | val_ordacc@10=0.082022 | val_recall@10=0.441808
Epoch 001 | Batch 5060 | K-values: K1=19, K10=29, K20=32, K50=28, K100=20
Epoch 001 | Batch 5070 | val_kld=3.326881 | val_ordacc@10=0.082022 | val_recall@10=0.441808
Epoch 001 | Batch 5070 | K-values: K1=25, K10=34, K20=18, K50=25, K100=26
Epoch 001 | Batch 5080 | val_kld=3.326881 | val_ordacc@10=0.082022 | val_recall@10=0.441808
Epoch 001 | Batch 5080 | K-values: K1=26, K10=30, K20=20, K50=22, K100=30
Epoch 001 | Batch 5090 | val_kld=3.326881 | val_ordacc@10=0.082022 | val_recall@10=0.441808
Epoch 001 | Batch 5090 | K-values: K1=27, K10=16, K20=25, K50=32, K100=28
Epoch 001 | Batch 5100 | val_kld=3.326881 | val_ordacc@10=0.082022 | val_recall@10=0.441808
Epoch 001 | Batch 5100 | K-values: K1=23, K10=30, K20=23, K50=21, K100=31
Epoch 001 | Batch 5110 | val_kld=3.326881 | val_ordacc@10=0.082022 | val_recall@10=0.441808
Epoch 001 | Batch 5110 | K-values: K1=31, K10=20, K20=34, K50=14, K100=29
Epoch 001 | Batch 5120 | val_kld=3.326881 | val_ordacc@10=0.082022 | val_recall@10=0.441808
Epoch 001 | Batch 5120 | K-values: K1=28, K10=22, K20=24, K50=38, K100=16
Epoch 001 | Batch 5130 | val_kld=3.326881 | val_ordacc@10=0.082022 | val_recall@10=0.441808
Epoch 001 | Batch 5130 | K-values: K1=25, K10=28, K20=22, K50=27, K100=26
Epoch 001 | Batch 5140 | val_kld=3.326881 | val_ordacc@10=0.082022 | val_recall@10=0.441808
Epoch 001 | Batch 5140 | K-values: K1=29, K10=17, K20=27, K50=31, K100=24
Epoch 001 | Batch 5150 | val_kld=3.326881 | val_ordacc@10=0.082022 | val_recall@10=0.441808
Epoch 001 | Batch 5150 | K-values: K1=27, K10=18, K20=27, K50=26, K100=30
Epoch 001 | Batch 5160 | val_kld=3.326881 | val_ordacc@10=0.082022 | val_recall@10=0.441808
Epoch 001 | Batch 5160 | K-values: K1=32, K10=25, K20=24, K50=23, K100=24
Epoch 001 | Batch 5170 | val_kld=3.326881 | val_ordacc@10=0.082022 | val_recall@10=0.441808
Epoch 001 | Batch 5170 | K-values: K1=27, K10=20, K20=18, K50=34, K100=29
Epoch 001 | Batch 5180 | val_kld=3.326881 | val_ordacc@10=0.082022 | val_recall@10=0.441808
Epoch 001 | Batch 5180 | K-values: K1=18, K10=16, K20=37, K50=24, K100=33
Epoch 001 | Batch 5190 | val_kld=3.326881 | val_ordacc@10=0.082022 | val_recall@10=0.441808
Epoch 001 | Batch 5190 | K-values: K1=23, K10=28, K20=24, K50=26, K100=27
Epoch 001 | Batch 5200 | val_kld=3.326881 | val_ordacc@10=0.082022 | val_recall@10=0.441808
Epoch 001 | Batch 5200 | K-values: K1=30, K10=22, K20=21, K50=25, K100=30
Epoch 001 | Batch 5210 | val_kld=3.326881 | val_ordacc@10=0.082022 | val_recall@10=0.441808
Epoch 001 | Batch 5210 | K-values: K1=24, K10=25, K20=23, K50=23, K100=33
Epoch 001 | Batch 5220 | val_kld=3.326881 | val_ordacc@10=0.082022 | val_recall@10=0.441808
Epoch 001 | Batch 5220 | K-values: K1=17, K10=27, K20=28, K50=26, K100=30
Epoch 001 | Batch 5230 | val_kld=3.326881 | val_ordacc@10=0.082022 | val_recall@10=0.441808
Epoch 001 | Batch 5230 | K-values: K1=24, K10=23, K20=23, K50=28, K100=30
Epoch 001 | Batch 5240 | val_kld=3.326881 | val_ordacc@10=0.082022 | val_recall@10=0.441808
Epoch 001 | Batch 5240 | K-values: K1=22, K10=29, K20=27, K50=27, K100=23
Epoch 001 | Batch 5250 | val_kld=3.326881 | val_ordacc@10=0.082022 | val_recall@10=0.441808
Epoch 001 | Batch 5250 | K-values: K1=27, K10=22, K20=24, K50=23, K100=32
Epoch 001 | Batch 5260 | val_kld=3.326881 | val_ordacc@10=0.082022 | val_recall@10=0.441808
Epoch 001 | Batch 5260 | K-values: K1=27, K10=31, K20=20, K50=24, K100=26
Epoch 001 | Batch 5270 | val_kld=3.326881 | val_ordacc@10=0.082022 | val_recall@10=0.441808
Epoch 001 | Batch 5270 | K-values: K1=19, K10=31, K20=25, K50=20, K100=33
Epoch 001 | Batch 5280 | val_kld=3.326881 | val_ordacc@10=0.082022 | val_recall@10=0.441808
Epoch 001 | Batch 5280 | K-values: K1=23, K10=25, K20=27, K50=28, K100=25
Epoch 001 | Batch 5290 | val_kld=3.326881 | val_ordacc@10=0.082022 | val_recall@10=0.441808
Epoch 001 | Batch 5290 | K-values: K1=23, K10=23, K20=29, K50=34, K100=19
Epoch 001 | Batch 5300 | val_kld=3.326881 | val_ordacc@10=0.082022 | val_recall@10=0.441808
Epoch 001 | Batch 5300 | K-values: K1=18, K10=20, K20=27, K50=26, K100=37
Epoch 001 | Batch 5310 | val_kld=3.326881 | val_ordacc@10=0.082022 | val_recall@10=0.441808
Epoch 001 | Batch 5310 | K-values: K1=21, K10=29, K20=27, K50=23, K100=28
Epoch 001 | Batch 5320 | val_kld=3.326881 | val_ordacc@10=0.082022 | val_recall@10=0.441808
Epoch 001 | Batch 5320 | K-values: K1=31, K10=26, K20=22, K50=21, K100=28
Epoch 001 | Batch 5330 | val_kld=3.326881 | val_ordacc@10=0.082022 | val_recall@10=0.441808
Epoch 001 | Batch 5330 | K-values: K1=27, K10=29, K20=24, K50=25, K100=23
Epoch 001 | Batch 5340 | val_kld=3.326881 | val_ordacc@10=0.082022 | val_recall@10=0.441808
Epoch 001 | Batch 5340 | K-values: K1=19, K10=26, K20=32, K50=23, K100=28
Epoch 001 | Batch 5350 | val_kld=3.326881 | val_ordacc@10=0.082022 | val_recall@10=0.441808
Epoch 001 | Batch 5350 | K-values: K1=24, K10=23, K20=37, K50=26, K100=18
Epoch 001 | Batch 5360 | val_kld=3.326881 | val_ordacc@10=0.082022 | val_recall@10=0.441808
Epoch 001 | Batch 5360 | K-values: K1=26, K10=24, K20=25, K50=19, K100=34
Epoch 001 | Batch 5370 | val_kld=3.326881 | val_ordacc@10=0.082022 | val_recall@10=0.441808
Epoch 001 | Batch 5370 | K-values: K1=27, K10=29, K20=17, K50=25, K100=30
Epoch 001 | Batch 5380 | val_kld=3.326881 | val_ordacc@10=0.082022 | val_recall@10=0.441808
Epoch 001 | Batch 5380 | K-values: K1=35, K10=20, K20=21, K50=28, K100=24
Epoch 001 | Batch 5390 | val_kld=3.326881 | val_ordacc@10=0.082022 | val_recall@10=0.441808
Epoch 001 | Batch 5390 | K-values: K1=20, K10=32, K20=27, K50=22, K100=27
Epoch 001 | Batch 5400 | val_kld=3.326881 | val_ordacc@10=0.082022 | val_recall@10=0.441808
Epoch 001 | Batch 5400 | K-values: K1=22, K10=29, K20=21, K50=24, K100=32
Epoch 001 | Batch 5410 | val_kld=3.326881 | val_ordacc@10=0.082022 | val_recall@10=0.441808
Epoch 001 | Batch 5410 | K-values: K1=15, K10=28, K20=36, K50=22, K100=27
Epoch 001 | Batch 5420 | val_kld=3.326881 | val_ordacc@10=0.082022 | val_recall@10=0.441808
Epoch 001 | Batch 5420 | K-values: K1=23, K10=18, K20=37, K50=31, K100=19
Epoch 001 | Batch 5430 | val_kld=3.326881 | val_ordacc@10=0.082022 | val_recall@10=0.441808
Epoch 001 | Batch 5430 | K-values: K1=28, K10=22, K20=30, K50=17, K100=31
Epoch 001 | Batch 5440 | val_kld=3.326881 | val_ordacc@10=0.082022 | val_recall@10=0.441808
Epoch 001 | Batch 5440 | K-values: K1=22, K10=28, K20=34, K50=19, K100=25
Epoch 001 | Batch 5450 | val_kld=3.326881 | val_ordacc@10=0.082022 | val_recall@10=0.441808
Epoch 001 | Batch 5450 | K-values: K1=20, K10=26, K20=27, K50=28, K100=27
Epoch 001 | Batch 5460 | val_kld=3.326881 | val_ordacc@10=0.082022 | val_recall@10=0.441808
Epoch 001 | Batch 5460 | K-values: K1=22, K10=33, K20=24, K50=26, K100=23
Epoch 001 | Batch 5470 | val_kld=3.326881 | val_ordacc@10=0.082022 | val_recall@10=0.441808
Epoch 001 | Batch 5470 | K-values: K1=23, K10=37, K20=23, K50=19, K100=26
Epoch 001 | Batch 5480 | val_kld=3.326881 | val_ordacc@10=0.082022 | val_recall@10=0.441808
Epoch 001 | Batch 5480 | K-values: K1=28, K10=20, K20=20, K50=27, K100=33
Epoch 001 | Batch 5490 | val_kld=3.326881 | val_ordacc@10=0.082022 | val_recall@10=0.441808
Epoch 001 | Batch 5490 | K-values: K1=32, K10=23, K20=25, K50=21, K100=27
Epoch 001 | Batch 5500 | val_kld=3.326881 | val_ordacc@10=0.082022 | val_recall@10=0.441808
Epoch 001 | Batch 5500 | K-values: K1=27, K10=21, K20=26, K50=34, K100=20
Epoch 001 | Batch 5510 | val_kld=3.326881 | val_ordacc@10=0.082022 | val_recall@10=0.441808
Epoch 001 | Batch 5510 | K-values: K1=24, K10=27, K20=22, K50=26, K100=29
Epoch 001 | Batch 5520 | val_kld=3.326881 | val_ordacc@10=0.082022 | val_recall@10=0.441808
Epoch 001 | Batch 5520 | K-values: K1=22, K10=19, K20=26, K50=30, K100=31
Epoch 001 | Batch 5530 | val_kld=3.326881 | val_ordacc@10=0.082022 | val_recall@10=0.441808
Epoch 001 | Batch 5530 | K-values: K1=24, K10=26, K20=28, K50=25, K100=25
Epoch 001 | Batch 5540 | val_kld=3.326881 | val_ordacc@10=0.082022 | val_recall@10=0.441808
Epoch 001 | Batch 5540 | K-values: K1=26, K10=29, K20=26, K50=18, K100=29
Epoch 001 | Batch 5550 | val_kld=3.326881 | val_ordacc@10=0.082022 | val_recall@10=0.441808
Epoch 001 | Batch 5550 | K-values: K1=16, K10=36, K20=25, K50=18, K100=33
Epoch 001 | Batch 5560 | val_kld=3.326881 | val_ordacc@10=0.082022 | val_recall@10=0.441808
Epoch 001 | Batch 5560 | K-values: K1=27, K10=31, K20=27, K50=20, K100=23
Epoch 001 | Batch 5570 | val_kld=3.326881 | val_ordacc@10=0.082022 | val_recall@10=0.441808
Epoch 001 | Batch 5570 | K-values: K1=21, K10=23, K20=28, K50=22, K100=34
Epoch 001 | Batch 5580 | val_kld=3.326881 | val_ordacc@10=0.082022 | val_recall@10=0.441808
Epoch 001 | Batch 5580 | K-values: K1=11, K10=25, K20=30, K50=28, K100=34
Epoch 001 | Batch 5590 | val_kld=3.326881 | val_ordacc@10=0.082022 | val_recall@10=0.441808
Epoch 001 | Batch 5590 | K-values: K1=29, K10=18, K20=27, K50=31, K100=23
Epoch 001 | Batch 5600 | val_kld=3.326881 | val_ordacc@10=0.082022 | val_recall@10=0.441808
Epoch 001 | Batch 5600 | K-values: K1=26, K10=24, K20=22, K50=34, K100=22
Epoch 001 | Batch 5610 | val_kld=3.326881 | val_ordacc@10=0.082022 | val_recall@10=0.441808
Epoch 001 | Batch 5610 | K-values: K1=22, K10=29, K20=28, K50=22, K100=27
Epoch 001 | Batch 5620 | val_kld=3.326881 | val_ordacc@10=0.082022 | val_recall@10=0.441808
Epoch 001 | Batch 5620 | K-values: K1=33, K10=15, K20=23, K50=27, K100=30
Epoch 001 | Batch 5630 | val_kld=3.326881 | val_ordacc@10=0.082022 | val_recall@10=0.441808
Epoch 001 | Batch 5630 | K-values: K1=23, K10=30, K20=26, K50=23, K100=26
Epoch 001 | Batch 5640 | val_kld=3.326881 | val_ordacc@10=0.082022 | val_recall@10=0.441808
Epoch 001 | Batch 5640 | K-values: K1=29, K10=30, K20=18, K50=38, K100=13
Epoch 001 | Batch 5650 | val_kld=3.326881 | val_ordacc@10=0.082022 | val_recall@10=0.441808
Epoch 001 | Batch 5650 | K-values: K1=26, K10=20, K20=32, K50=21, K100=29
Epoch 001 | Batch 5660 | val_kld=3.326881 | val_ordacc@10=0.082022 | val_recall@10=0.441808
Epoch 001 | Batch 5660 | K-values: K1=27, K10=26, K20=24, K50=23, K100=28
Epoch 001 | Batch 5670 | val_kld=3.326881 | val_ordacc@10=0.082022 | val_recall@10=0.441808
Epoch 001 | Batch 5670 | K-values: K1=28, K10=28, K20=25, K50=26, K100=21
Epoch 001 | Batch 5680 | val_kld=3.326881 | val_ordacc@10=0.082022 | val_recall@10=0.441808
Epoch 001 | Batch 5680 | K-values: K1=19, K10=26, K20=26, K50=27, K100=30
Epoch 001 | Batch 5690 | val_kld=3.326881 | val_ordacc@10=0.082022 | val_recall@10=0.441808
Epoch 001 | Batch 5690 | K-values: K1=25, K10=24, K20=31, K50=23, K100=25
Epoch 001 | Batch 5700 | val_kld=3.326881 | val_ordacc@10=0.082022 | val_recall@10=0.441808
Epoch 001 | Batch 5700 | K-values: K1=25, K10=27, K20=23, K50=28, K100=25
Epoch 001 | Batch 5710 | val_kld=3.326881 | val_ordacc@10=0.082022 | val_recall@10=0.441808
Epoch 001 | Batch 5710 | K-values: K1=22, K10=25, K20=28, K50=28, K100=25
Epoch 001 | Batch 5720 | val_kld=3.326881 | val_ordacc@10=0.082022 | val_recall@10=0.441808
Epoch 001 | Batch 5720 | K-values: K1=28, K10=24, K20=34, K50=25, K100=17
Epoch 001 | Batch 5730 | val_kld=3.326881 | val_ordacc@10=0.082022 | val_recall@10=0.441808
Epoch 001 | Batch 5730 | K-values: K1=29, K10=19, K20=24, K50=30, K100=26
Epoch 001 | Batch 5740 | val_kld=3.326881 | val_ordacc@10=0.082022 | val_recall@10=0.441808
Epoch 001 | Batch 5740 | K-values: K1=20, K10=38, K20=19, K50=28, K100=23
Epoch 001 | Batch 5750 | val_kld=3.326881 | val_ordacc@10=0.082022 | val_recall@10=0.441808
Epoch 001 | Batch 5750 | K-values: K1=26, K10=32, K20=24, K50=27, K100=19
Epoch 001 | Batch 5760 | val_kld=3.326881 | val_ordacc@10=0.082022 | val_recall@10=0.441808
Epoch 001 | Batch 5760 | K-values: K1=29, K10=31, K20=22, K50=21, K100=25
Epoch 001 | Batch 5770 | val_kld=3.326881 | val_ordacc@10=0.082022 | val_recall@10=0.441808
Epoch 001 | Batch 5770 | K-values: K1=18, K10=24, K20=33, K50=26, K100=27
Epoch 001 | Batch 5780 | val_kld=3.326881 | val_ordacc@10=0.082022 | val_recall@10=0.441808
Epoch 001 | Batch 5780 | K-values: K1=20, K10=24, K20=26, K50=33, K100=25
Epoch 001 | Batch 5790 | val_kld=3.326881 | val_ordacc@10=0.082022 | val_recall@10=0.441808
Epoch 001 | Batch 5790 | K-values: K1=32, K10=26, K20=30, K50=19, K100=21
Epoch 001 | Batch 5800 | val_kld=3.326881 | val_ordacc@10=0.082022 | val_recall@10=0.441808
Epoch 001 | Batch 5800 | K-values: K1=27, K10=25, K20=20, K50=25, K100=31
Epoch 001 | Batch 5810 | val_kld=3.326881 | val_ordacc@10=0.082022 | val_recall@10=0.441808
Epoch 001 | Batch 5810 | K-values: K1=27, K10=28, K20=18, K50=28, K100=27
Epoch 001 | Batch 5820 | val_kld=3.326881 | val_ordacc@10=0.082022 | val_recall@10=0.441808
Epoch 001 | Batch 5820 | K-values: K1=21, K10=21, K20=27, K50=27, K100=32
Epoch 001 | Batch 5830 | val_kld=3.326881 | val_ordacc@10=0.082022 | val_recall@10=0.441808
Epoch 001 | Batch 5830 | K-values: K1=31, K10=25, K20=21, K50=23, K100=28
Epoch 001 | Batch 5840 | val_kld=3.326881 | val_ordacc@10=0.082022 | val_recall@10=0.441808
Epoch 001 | Batch 5840 | K-values: K1=22, K10=27, K20=27, K50=37, K100=15
Epoch 001 | Batch 5850 | val_kld=3.326881 | val_ordacc@10=0.082022 | val_recall@10=0.441808
Epoch 001 | Batch 5850 | K-values: K1=19, K10=27, K20=25, K50=32, K100=25
Epoch 001 | Batch 5860 | val_kld=3.326881 | val_ordacc@10=0.082022 | val_recall@10=0.441808
Epoch 001 | Batch 5860 | K-values: K1=22, K10=29, K20=28, K50=29, K100=20
Epoch 001 | Batch 5870 | val_kld=3.326881 | val_ordacc@10=0.082022 | val_recall@10=0.441808
Epoch 001 | Batch 5870 | K-values: K1=26, K10=23, K20=25, K50=33, K100=21
Epoch 001 | Batch 5880 | val_kld=3.326881 | val_ordacc@10=0.082022 | val_recall@10=0.441808
Epoch 001 | Batch 5880 | K-values: K1=33, K10=21, K20=19, K50=27, K100=28
Epoch 001 | Batch 5890 | val_kld=3.326881 | val_ordacc@10=0.082022 | val_recall@10=0.441808
Epoch 001 | Batch 5890 | K-values: K1=23, K10=24, K20=34, K50=22, K100=25
Epoch 001 | Batch 5900 | val_kld=3.326881 | val_ordacc@10=0.082022 | val_recall@10=0.441808
Epoch 001 | Batch 5900 | K-values: K1=28, K10=26, K20=21, K50=19, K100=34
Epoch 001 | Batch 5910 | val_kld=3.326881 | val_ordacc@10=0.082022 | val_recall@10=0.441808
Epoch 001 | Batch 5910 | K-values: K1=27, K10=25, K20=21, K50=32, K100=23
Epoch 001 | Batch 5920 | val_kld=3.326881 | val_ordacc@10=0.082022 | val_recall@10=0.441808
Epoch 001 | Batch 5920 | K-values: K1=35, K10=29, K20=21, K50=27, K100=16
Epoch 001 | Batch 5930 | val_kld=3.326881 | val_ordacc@10=0.082022 | val_recall@10=0.441808
Epoch 001 | Batch 5930 | K-values: K1=20, K10=16, K20=26, K50=25, K100=41
Epoch 001 | Batch 5940 | val_kld=3.326881 | val_ordacc@10=0.082022 | val_recall@10=0.441808
Epoch 001 | Batch 5940 | K-values: K1=29, K10=30, K20=22, K50=23, K100=24
Epoch 001 | Batch 5950 | val_kld=3.326881 | val_ordacc@10=0.082022 | val_recall@10=0.441808
Epoch 001 | Batch 5950 | K-values: K1=29, K10=20, K20=39, K50=23, K100=17
Epoch 001 | Batch 5960 | val_kld=3.326881 | val_ordacc@10=0.082022 | val_recall@10=0.441808
Epoch 001 | Batch 5960 | K-values: K1=26, K10=26, K20=31, K50=23, K100=22
Epoch 001 | Batch 5970 | val_kld=3.326881 | val_ordacc@10=0.082022 | val_recall@10=0.441808
Epoch 001 | Batch 5970 | K-values: K1=24, K10=27, K20=25, K50=33, K100=19
Epoch 001 | Batch 5980 | val_kld=3.326881 | val_ordacc@10=0.082022 | val_recall@10=0.441808
Epoch 001 | Batch 5980 | K-values: K1=31, K10=27, K20=18, K50=28, K100=24
Epoch 001 | Batch 5990 | val_kld=3.326881 | val_ordacc@10=0.082022 | val_recall@10=0.441808
Epoch 001 | Batch 5990 | K-values: K1=28, K10=19, K20=25, K50=25, K100=31
Epoch 001 | Batch 6000 | val_kld=3.326881 | val_ordacc@10=0.082022 | val_recall@10=0.441808
Epoch 001 | Batch 6000 | K-values: K1=29, K10=37, K20=17, K50=19, K100=26
Epoch 001 | Batch 6010 | val_kld=3.326881 | val_ordacc@10=0.082022 | val_recall@10=0.441808
Epoch 001 | Batch 6010 | K-values: K1=16, K10=26, K20=31, K50=33, K100=22
Epoch 001 | Batch 6020 | val_kld=3.326881 | val_ordacc@10=0.082022 | val_recall@10=0.441808
Epoch 001 | Batch 6020 | K-values: K1=27, K10=35, K20=21, K50=24, K100=21
Epoch 001 | Batch 6030 | val_kld=3.326881 | val_ordacc@10=0.082022 | val_recall@10=0.441808
Epoch 001 | Batch 6030 | K-values: K1=23, K10=27, K20=25, K50=32, K100=21
Epoch 001 | Batch 6040 | val_kld=3.326881 | val_ordacc@10=0.082022 | val_recall@10=0.441808
Epoch 001 | Batch 6040 | K-values: K1=32, K10=20, K20=30, K50=23, K100=23
Epoch 001 | Batch 6050 | val_kld=3.326881 | val_ordacc@10=0.082022 | val_recall@10=0.441808
Epoch 001 | Batch 6050 | K-values: K1=25, K10=28, K20=18, K50=27, K100=30
Epoch 001 | Batch 6060 | val_kld=3.326881 | val_ordacc@10=0.082022 | val_recall@10=0.441808
Epoch 001 | Batch 6060 | K-values: K1=24, K10=26, K20=23, K50=36, K100=19
Epoch 001 | Batch 6070 | val_kld=3.326881 | val_ordacc@10=0.082022 | val_recall@10=0.441808
Epoch 001 | Batch 6070 | K-values: K1=26, K10=24, K20=24, K50=26, K100=28
Epoch 001 | Batch 6080 | val_kld=3.326881 | val_ordacc@10=0.082022 | val_recall@10=0.441808
Epoch 001 | Batch 6080 | K-values: K1=21, K10=23, K20=23, K50=33, K100=28
Epoch 001 | Batch 6090 | val_kld=3.326881 | val_ordacc@10=0.082022 | val_recall@10=0.441808
Epoch 001 | Batch 6090 | K-values: K1=28, K10=18, K20=24, K50=22, K100=36
Epoch 001 | Batch 6100 | val_kld=3.326881 | val_ordacc@10=0.082022 | val_recall@10=0.441808
Epoch 001 | Batch 6100 | K-values: K1=32, K10=29, K20=25, K50=20, K100=22
Epoch 001 | Batch 6110 | val_kld=3.326881 | val_ordacc@10=0.082022 | val_recall@10=0.441808
Epoch 001 | Batch 6110 | K-values: K1=27, K10=26, K20=25, K50=22, K100=28
Epoch 001 | Batch 6120 | val_kld=3.326881 | val_ordacc@10=0.082022 | val_recall@10=0.441808
Epoch 001 | Batch 6120 | K-values: K1=30, K10=30, K20=21, K50=25, K100=22
Epoch 001 | Batch 6130 | val_kld=3.326881 | val_ordacc@10=0.082022 | val_recall@10=0.441808
Epoch 001 | Batch 6130 | K-values: K1=32, K10=21, K20=29, K50=26, K100=20
Epoch 001 | Batch 6140 | val_kld=3.326881 | val_ordacc@10=0.082022 | val_recall@10=0.441808
Epoch 001 | Batch 6140 | K-values: K1=24, K10=21, K20=32, K50=27, K100=24
Epoch 001 | Batch 6150 | val_kld=3.326881 | val_ordacc@10=0.082022 | val_recall@10=0.441808
Epoch 001 | Batch 6150 | K-values: K1=21, K10=21, K20=30, K50=22, K100=34
Epoch 001 | Batch 6160 | val_kld=3.326881 | val_ordacc@10=0.082022 | val_recall@10=0.441808
Epoch 001 | Batch 6160 | K-values: K1=26, K10=27, K20=29, K50=22, K100=24
Epoch 001 | Batch 6170 | val_kld=3.326881 | val_ordacc@10=0.082022 | val_recall@10=0.441808
Epoch 001 | Batch 6170 | K-values: K1=35, K10=23, K20=15, K50=29, K100=26
Epoch 001 | Batch 6180 | val_kld=3.326881 | val_ordacc@10=0.082022 | val_recall@10=0.441808
Epoch 001 | Batch 6180 | K-values: K1=20, K10=38, K20=25, K50=25, K100=20
Epoch 001 | Batch 6190 | val_kld=3.326881 | val_ordacc@10=0.082022 | val_recall@10=0.441808
Epoch 001 | Batch 6190 | K-values: K1=24, K10=28, K20=29, K50=25, K100=22
Epoch 001 | Batch 6200 | val_kld=3.326881 | val_ordacc@10=0.082022 | val_recall@10=0.441808
Epoch 001 | Batch 6200 | K-values: K1=31, K10=25, K20=23, K50=28, K100=21
Epoch 001 | Batch 6210 | val_kld=3.326881 | val_ordacc@10=0.082022 | val_recall@10=0.441808
Epoch 001 | Batch 6210 | K-values: K1=22, K10=23, K20=26, K50=24, K100=33
Epoch 001 | Batch 6220 | val_kld=3.326881 | val_ordacc@10=0.082022 | val_recall@10=0.441808
Epoch 001 | Batch 6220 | K-values: K1=24, K10=24, K20=32, K50=23, K100=25
Epoch 001 | Batch 6230 | val_kld=3.326881 | val_ordacc@10=0.082022 | val_recall@10=0.441808
Epoch 001 | Batch 6230 | K-values: K1=21, K10=26, K20=30, K50=27, K100=24
Epoch 001 | Batch 6240 | val_kld=3.326881 | val_ordacc@10=0.082022 | val_recall@10=0.441808
Epoch 001 | Batch 6240 | K-values: K1=28, K10=25, K20=20, K50=34, K100=21
Epoch 001 | Batch 6250 | val_kld=3.326881 | val_ordacc@10=0.082022 | val_recall@10=0.441808
Epoch 001 | Batch 6250 | K-values: K1=21, K10=28, K20=30, K50=24, K100=25
Epoch 001 | Batch 6260 | val_kld=3.326881 | val_ordacc@10=0.082022 | val_recall@10=0.441808
Epoch 001 | Batch 6260 | K-values: K1=28, K10=26, K20=21, K50=32, K100=21
Epoch 001 | Batch 6270 | val_kld=3.326881 | val_ordacc@10=0.082022 | val_recall@10=0.441808
Epoch 001 | Batch 6270 | K-values: K1=33, K10=27, K20=18, K50=28, K100=22
Epoch 001 | Batch 6280 | val_kld=3.326881 | val_ordacc@10=0.082022 | val_recall@10=0.441808
Epoch 001 | Batch 6280 | K-values: K1=26, K10=28, K20=25, K50=21, K100=28
Epoch 001 | Batch 6290 | val_kld=3.326881 | val_ordacc@10=0.082022 | val_recall@10=0.441808
Epoch 001 | Batch 6290 | K-values: K1=23, K10=29, K20=28, K50=24, K100=24
Epoch 001 | Batch 6300 | val_kld=3.326881 | val_ordacc@10=0.082022 | val_recall@10=0.441808
Epoch 001 | Batch 6300 | K-values: K1=25, K10=26, K20=35, K50=19, K100=23
Epoch 001 | Batch 6310 | val_kld=3.326881 | val_ordacc@10=0.082022 | val_recall@10=0.441808
Epoch 001 | Batch 6310 | K-values: K1=29, K10=23, K20=25, K50=30, K100=21
Epoch 001 | Batch 6320 | val_kld=3.326881 | val_ordacc@10=0.082022 | val_recall@10=0.441808
Epoch 001 | Batch 6320 | K-values: K1=25, K10=29, K20=23, K50=21, K100=30
Epoch 001 | Batch 6330 | val_kld=3.326881 | val_ordacc@10=0.082022 | val_recall@10=0.441808
Epoch 001 | Batch 6330 | K-values: K1=26, K10=24, K20=29, K50=23, K100=26
Epoch 001 | Batch 6340 | val_kld=3.326881 | val_ordacc@10=0.082022 | val_recall@10=0.441808
Epoch 001 | Batch 6340 | K-values: K1=25, K10=31, K20=27, K50=27, K100=18
Epoch 001 | Batch 6350 | val_kld=3.326881 | val_ordacc@10=0.082022 | val_recall@10=0.441808
Epoch 001 | Batch 6350 | K-values: K1=27, K10=31, K20=25, K50=19, K100=26
Epoch 001 | Batch 6360 | val_kld=3.326881 | val_ordacc@10=0.082022 | val_recall@10=0.441808
Epoch 001 | Batch 6360 | K-values: K1=33, K10=20, K20=23, K50=25, K100=27
Epoch 001 | Batch 6370 | val_kld=3.326881 | val_ordacc@10=0.082022 | val_recall@10=0.441808
Epoch 001 | Batch 6370 | K-values: K1=27, K10=19, K20=31, K50=25, K100=26
Epoch 001 | Batch 6380 | val_kld=3.326881 | val_ordacc@10=0.082022 | val_recall@10=0.441808
Epoch 001 | Batch 6380 | K-values: K1=34, K10=16, K20=26, K50=25, K100=27
Epoch 001 | Batch 6390 | val_kld=3.326881 | val_ordacc@10=0.082022 | val_recall@10=0.441808
Epoch 001 | Batch 6390 | K-values: K1=28, K10=15, K20=31, K50=25, K100=29
Epoch 001 | Batch 6400 | val_kld=3.326881 | val_ordacc@10=0.082022 | val_recall@10=0.441808
Epoch 001 | Batch 6400 | K-values: K1=30, K10=29, K20=20, K50=24, K100=25
Epoch 001 | Batch 6410 | val_kld=3.326881 | val_ordacc@10=0.082022 | val_recall@10=0.441808
Epoch 001 | Batch 6410 | K-values: K1=23, K10=31, K20=19, K50=25, K100=30
Epoch 001 | Batch 6420 | val_kld=3.326881 | val_ordacc@10=0.082022 | val_recall@10=0.441808
Epoch 001 | Batch 6420 | K-values: K1=27, K10=20, K20=37, K50=16, K100=28
Epoch 001 | Batch 6430 | val_kld=3.326881 | val_ordacc@10=0.082022 | val_recall@10=0.441808
Epoch 001 | Batch 6430 | K-values: K1=30, K10=28, K20=26, K50=24, K100=20
Epoch 001 | Batch 6440 | val_kld=3.326881 | val_ordacc@10=0.082022 | val_recall@10=0.441808
Epoch 001 | Batch 6440 | K-values: K1=28, K10=25, K20=19, K50=27, K100=29
Epoch 001 | Batch 6450 | val_kld=3.326881 | val_ordacc@10=0.082022 | val_recall@10=0.441808
Epoch 001 | Batch 6450 | K-values: K1=26, K10=29, K20=25, K50=21, K100=27
Epoch 001 | Batch 6460 | val_kld=3.326881 | val_ordacc@10=0.082022 | val_recall@10=0.441808
Epoch 001 | Batch 6460 | K-values: K1=28, K10=35, K20=22, K50=25, K100=18
Epoch 001 | Batch 6470 | val_kld=3.326881 | val_ordacc@10=0.082022 | val_recall@10=0.441808
Epoch 001 | Batch 6470 | K-values: K1=19, K10=33, K20=17, K50=25, K100=34
Epoch 001 | Batch 6480 | val_kld=3.326881 | val_ordacc@10=0.082022 | val_recall@10=0.441808
Epoch 001 | Batch 6480 | K-values: K1=22, K10=29, K20=27, K50=27, K100=23
Epoch 001 | Batch 6490 | val_kld=3.326881 | val_ordacc@10=0.082022 | val_recall@10=0.441808
Epoch 001 | Batch 6490 | K-values: K1=26, K10=30, K20=17, K50=20, K100=35
Epoch 001 | Batch 6500 | val_kld=3.326881 | val_ordacc@10=0.082022 | val_recall@10=0.441808
Epoch 001 | Batch 6500 | K-values: K1=28, K10=20, K20=20, K50=29, K100=31
Epoch 001 | Batch 6510 | val_kld=3.326881 | val_ordacc@10=0.082022 | val_recall@10=0.441808
Epoch 001 | Batch 6510 | K-values: K1=25, K10=23, K20=31, K50=23, K100=26
Epoch 001 | Batch 6520 | val_kld=3.326881 | val_ordacc@10=0.082022 | val_recall@10=0.441808
Epoch 001 | Batch 6520 | K-values: K1=34, K10=25, K20=27, K50=22, K100=20
Epoch 001 | Batch 6530 | val_kld=3.326881 | val_ordacc@10=0.082022 | val_recall@10=0.441808
Epoch 001 | Batch 6530 | K-values: K1=28, K10=27, K20=24, K50=17, K100=32
Epoch 001 | Batch 6540 | val_kld=3.326881 | val_ordacc@10=0.082022 | val_recall@10=0.441808
Epoch 001 | Batch 6540 | K-values: K1=23, K10=22, K20=25, K50=25, K100=33
Epoch 001 | Batch 6550 | val_kld=3.326881 | val_ordacc@10=0.082022 | val_recall@10=0.441808
Epoch 001 | Batch 6550 | K-values: K1=30, K10=14, K20=30, K50=27, K100=27
Epoch 001 | Batch 6560 | val_kld=3.326881 | val_ordacc@10=0.082022 | val_recall@10=0.441808
Epoch 001 | Batch 6560 | K-values: K1=24, K10=30, K20=21, K50=30, K100=23
Epoch 001 | Batch 6570 | val_kld=3.326881 | val_ordacc@10=0.082022 | val_recall@10=0.441808
Epoch 001 | Batch 6570 | K-values: K1=31, K10=30, K20=20, K50=27, K100=20
Epoch 001 | Batch 6580 | val_kld=3.326881 | val_ordacc@10=0.082022 | val_recall@10=0.441808
Epoch 001 | Batch 6580 | K-values: K1=30, K10=23, K20=18, K50=28, K100=29
Epoch 001 | Batch 6590 | val_kld=3.326881 | val_ordacc@10=0.082022 | val_recall@10=0.441808
Epoch 001 | Batch 6590 | K-values: K1=28, K10=27, K20=31, K50=23, K100=19
Epoch 001 | Batch 6600 | val_kld=3.326881 | val_ordacc@10=0.082022 | val_recall@10=0.441808
Epoch 001 | Batch 6600 | K-values: K1=26, K10=20, K20=29, K50=20, K100=33
Epoch 001 | Batch 6610 | val_kld=3.326881 | val_ordacc@10=0.082022 | val_recall@10=0.441808
Epoch 001 | Batch 6610 | K-values: K1=26, K10=20, K20=25, K50=25, K100=32
Epoch 001 | Batch 6620 | val_kld=3.326881 | val_ordacc@10=0.082022 | val_recall@10=0.441808
Epoch 001 | Batch 6620 | K-values: K1=21, K10=23, K20=30, K50=25, K100=29
Epoch 001 | Batch 6630 | val_kld=3.326881 | val_ordacc@10=0.082022 | val_recall@10=0.441808
Epoch 001 | Batch 6630 | K-values: K1=41, K10=25, K20=15, K50=25, K100=22
Epoch 001 | Batch 6640 | val_kld=3.326881 | val_ordacc@10=0.082022 | val_recall@10=0.441808
Epoch 001 | Batch 6640 | K-values: K1=22, K10=20, K20=28, K50=33, K100=25
Epoch 001 | Batch 6650 | val_kld=3.326881 | val_ordacc@10=0.082022 | val_recall@10=0.441808
Epoch 001 | Batch 6650 | K-values: K1=24, K10=19, K20=26, K50=30, K100=29
Epoch 001 | Batch 6660 | val_kld=3.326881 | val_ordacc@10=0.082022 | val_recall@10=0.441808
Epoch 001 | Batch 6660 | K-values: K1=30, K10=24, K20=21, K50=26, K100=27
Epoch 001 | Batch 6670 | val_kld=3.326881 | val_ordacc@10=0.082022 | val_recall@10=0.441808
Epoch 001 | Batch 6670 | K-values: K1=25, K10=26, K20=22, K50=24, K100=31
Epoch 001 | Batch 6680 | val_kld=3.326881 | val_ordacc@10=0.082022 | val_recall@10=0.441808
Epoch 001 | Batch 6680 | K-values: K1=14, K10=32, K20=25, K50=26, K100=31
Epoch 001 | Batch 6690 | val_kld=3.326881 | val_ordacc@10=0.082022 | val_recall@10=0.441808
Epoch 001 | Batch 6690 | K-values: K1=34, K10=20, K20=22, K50=25, K100=27
Epoch 001 | Batch 6700 | val_kld=3.326881 | val_ordacc@10=0.082022 | val_recall@10=0.441808
Epoch 001 | Batch 6700 | K-values: K1=25, K10=34, K20=31, K50=21, K100=17
Epoch 001 | Batch 6710 | val_kld=3.326881 | val_ordacc@10=0.082022 | val_recall@10=0.441808
Epoch 001 | Batch 6710 | K-values: K1=22, K10=28, K20=23, K50=30, K100=25
Epoch 001 | Batch 6720 | val_kld=3.326881 | val_ordacc@10=0.082022 | val_recall@10=0.441808
Epoch 001 | Batch 6720 | K-values: K1=19, K10=26, K20=22, K50=32, K100=29
Epoch 001 | Batch 6730 | val_kld=3.326881 | val_ordacc@10=0.082022 | val_recall@10=0.441808
Epoch 001 | Batch 6730 | K-values: K1=27, K10=27, K20=32, K50=22, K100=20
Epoch 001 | Batch 6740 | val_kld=3.326881 | val_ordacc@10=0.082022 | val_recall@10=0.441808
Epoch 001 | Batch 6740 | K-values: K1=34, K10=23, K20=31, K50=14, K100=26
Epoch 001 | Batch 6750 | val_kld=3.326881 | val_ordacc@10=0.082022 | val_recall@10=0.441808
Epoch 001 | Batch 6750 | K-values: K1=30, K10=21, K20=26, K50=22, K100=29
Epoch 001 | Batch 6760 | val_kld=3.326881 | val_ordacc@10=0.082022 | val_recall@10=0.441808
Epoch 001 | Batch 6760 | K-values: K1=30, K10=20, K20=22, K50=25, K100=31
Epoch 001 | Batch 6770 | val_kld=3.326881 | val_ordacc@10=0.082022 | val_recall@10=0.441808
Epoch 001 | Batch 6770 | K-values: K1=36, K10=24, K20=25, K50=18, K100=25
Epoch 001 | Batch 6780 | val_kld=3.326881 | val_ordacc@10=0.082022 | val_recall@10=0.441808
Epoch 001 | Batch 6780 | K-values: K1=36, K10=32, K20=22, K50=20, K100=18
Epoch 001 | Batch 6790 | val_kld=3.326881 | val_ordacc@10=0.082022 | val_recall@10=0.441808
Epoch 001 | Batch 6790 | K-values: K1=33, K10=20, K20=29, K50=23, K100=23
Epoch 001 | Batch 6800 | val_kld=3.326881 | val_ordacc@10=0.082022 | val_recall@10=0.441808
Epoch 001 | Batch 6800 | K-values: K1=27, K10=31, K20=24, K50=28, K100=18
Epoch 001 | Batch 6810 | val_kld=3.326881 | val_ordacc@10=0.082022 | val_recall@10=0.441808
Epoch 001 | Batch 6810 | K-values: K1=23, K10=22, K20=29, K50=26, K100=28
Epoch 001 | Batch 6820 | val_kld=3.326881 | val_ordacc@10=0.082022 | val_recall@10=0.441808
Epoch 001 | Batch 6820 | K-values: K1=33, K10=21, K20=17, K50=35, K100=22
Epoch 001 | Batch 6830 | val_kld=3.326881 | val_ordacc@10=0.082022 | val_recall@10=0.441808
Epoch 001 | Batch 6830 | K-values: K1=23, K10=30, K20=27, K50=24, K100=24
Epoch 001 | Batch 6840 | val_kld=3.326881 | val_ordacc@10=0.082022 | val_recall@10=0.441808
Epoch 001 | Batch 6840 | K-values: K1=26, K10=32, K20=20, K50=30, K100=20
Epoch 001 | Batch 6850 | val_kld=3.326881 | val_ordacc@10=0.082022 | val_recall@10=0.441808
Epoch 001 | Batch 6850 | K-values: K1=25, K10=19, K20=37, K50=23, K100=24
Epoch 001 | Batch 6860 | val_kld=3.326881 | val_ordacc@10=0.082022 | val_recall@10=0.441808
Epoch 001 | Batch 6860 | K-values: K1=25, K10=40, K20=24, K50=23, K100=16
Epoch 001 | Batch 6870 | val_kld=3.326881 | val_ordacc@10=0.082022 | val_recall@10=0.441808
Epoch 001 | Batch 6870 | K-values: K1=21, K10=34, K20=24, K50=24, K100=25
Epoch 001 | Batch 6880 | val_kld=3.326881 | val_ordacc@10=0.082022 | val_recall@10=0.441808
Epoch 001 | Batch 6880 | K-values: K1=24, K10=25, K20=25, K50=20, K100=34
Epoch 001 | Batch 6890 | val_kld=3.326881 | val_ordacc@10=0.082022 | val_recall@10=0.441808
Epoch 001 | Batch 6890 | K-values: K1=20, K10=29, K20=23, K50=27, K100=29
Epoch 001 | Batch 6900 | val_kld=3.326881 | val_ordacc@10=0.082022 | val_recall@10=0.441808
Epoch 001 | Batch 6900 | K-values: K1=27, K10=22, K20=23, K50=27, K100=29
Epoch 001 | Batch 6910 | val_kld=3.326881 | val_ordacc@10=0.082022 | val_recall@10=0.441808
Epoch 001 | Batch 6910 | K-values: K1=26, K10=20, K20=26, K50=26, K100=30
Epoch 001 | Batch 6920 | val_kld=3.326881 | val_ordacc@10=0.082022 | val_recall@10=0.441808
Epoch 001 | Batch 6920 | K-values: K1=29, K10=19, K20=33, K50=21, K100=26
Epoch 001 | Batch 6930 | val_kld=3.326881 | val_ordacc@10=0.082022 | val_recall@10=0.441808
Epoch 001 | Batch 6930 | K-values: K1=27, K10=16, K20=36, K50=24, K100=25
Epoch 001 | Batch 6940 | val_kld=3.326881 | val_ordacc@10=0.082022 | val_recall@10=0.441808
Epoch 001 | Batch 6940 | K-values: K1=28, K10=18, K20=24, K50=28, K100=30
Epoch 001 | Batch 6950 | val_kld=3.326881 | val_ordacc@10=0.082022 | val_recall@10=0.441808
Epoch 001 | Batch 6950 | K-values: K1=27, K10=25, K20=22, K50=26, K100=28
Epoch 001 | Batch 6960 | val_kld=3.326881 | val_ordacc@10=0.082022 | val_recall@10=0.441808
Epoch 001 | Batch 6960 | K-values: K1=26, K10=22, K20=24, K50=28, K100=28
Epoch 001 | Batch 6970 | val_kld=3.326881 | val_ordacc@10=0.082022 | val_recall@10=0.441808
Epoch 001 | Batch 6970 | K-values: K1=31, K10=23, K20=23, K50=20, K100=31
Epoch 001 | Batch 6980 | val_kld=3.326881 | val_ordacc@10=0.082022 | val_recall@10=0.441808
Epoch 001 | Batch 6980 | K-values: K1=21, K10=30, K20=23, K50=25, K100=29
Epoch 001 | Batch 6990 | val_kld=3.326881 | val_ordacc@10=0.082022 | val_recall@10=0.441808
Epoch 001 | Batch 6990 | K-values: K1=19, K10=26, K20=26, K50=32, K100=25
Epoch 001 | Batch 7000 | val_kld=3.326881 | val_ordacc@10=0.082022 | val_recall@10=0.441808
Epoch 001 | Batch 7000 | K-values: K1=25, K10=25, K20=23, K50=28, K100=27
Epoch 001 | Batch 7010 | val_kld=3.326881 | val_ordacc@10=0.082022 | val_recall@10=0.441808
Epoch 001 | Batch 7010 | K-values: K1=23, K10=24, K20=21, K50=34, K100=26
Epoch 001 | Batch 7020 | val_kld=3.326881 | val_ordacc@10=0.082022 | val_recall@10=0.441808
Epoch 001 | Batch 7020 | K-values: K1=22, K10=27, K20=33, K50=25, K100=21
Epoch 001 | Batch 7030 | val_kld=3.326881 | val_ordacc@10=0.082022 | val_recall@10=0.441808
Epoch 001 | Batch 7030 | K-values: K1=15, K10=27, K20=27, K50=22, K100=37
Epoch 001 | Batch 7040 | val_kld=3.326881 | val_ordacc@10=0.082022 | val_recall@10=0.441808
Epoch 001 | Batch 7040 | K-values: K1=30, K10=33, K20=20, K50=22, K100=23
Epoch 001 | Batch 7050 | val_kld=3.326881 | val_ordacc@10=0.082022 | val_recall@10=0.441808
Epoch 001 | Batch 7050 | K-values: K1=16, K10=23, K20=31, K50=28, K100=30
Epoch 001 | Batch 7060 | val_kld=3.326881 | val_ordacc@10=0.082022 | val_recall@10=0.441808
Epoch 001 | Batch 7060 | K-values: K1=29, K10=26, K20=27, K50=18, K100=28
Epoch 001 | Batch 7070 | val_kld=3.326881 | val_ordacc@10=0.082022 | val_recall@10=0.441808
Epoch 001 | Batch 7070 | K-values: K1=22, K10=28, K20=29, K50=23, K100=26
Epoch 001 | Batch 7080 | val_kld=3.326881 | val_ordacc@10=0.082022 | val_recall@10=0.441808
Epoch 001 | Batch 7080 | K-values: K1=27, K10=27, K20=27, K50=25, K100=22
Epoch 001 | Batch 7090 | val_kld=3.326881 | val_ordacc@10=0.082022 | val_recall@10=0.441808
Epoch 001 | Batch 7090 | K-values: K1=24, K10=31, K20=23, K50=21, K100=29
Epoch 001 | Batch 7100 | val_kld=3.326881 | val_ordacc@10=0.082022 | val_recall@10=0.441808
Epoch 001 | Batch 7100 | K-values: K1=26, K10=23, K20=22, K50=33, K100=24
Epoch 001 | Batch 7110 | val_kld=3.326881 | val_ordacc@10=0.082022 | val_recall@10=0.441808
Epoch 001 | Batch 7110 | K-values: K1=34, K10=22, K20=28, K50=23, K100=21
Epoch 001 | Batch 7120 | val_kld=3.326881 | val_ordacc@10=0.082022 | val_recall@10=0.441808
Epoch 001 | Batch 7120 | K-values: K1=32, K10=21, K20=25, K50=22, K100=28
Epoch 001 | Batch 7130 | val_kld=3.326881 | val_ordacc@10=0.082022 | val_recall@10=0.441808
Epoch 001 | Batch 7130 | K-values: K1=24, K10=28, K20=25, K50=21, K100=30
Epoch 001 | Batch 7140 | val_kld=3.326881 | val_ordacc@10=0.082022 | val_recall@10=0.441808
Epoch 001 | Batch 7140 | K-values: K1=21, K10=27, K20=36, K50=23, K100=21
Epoch 001 | Batch 7150 | val_kld=3.326881 | val_ordacc@10=0.082022 | val_recall@10=0.441808
Epoch 001 | Batch 7150 | K-values: K1=30, K10=19, K20=26, K50=27, K100=26
Epoch 001 | Batch 7160 | val_kld=3.326881 | val_ordacc@10=0.082022 | val_recall@10=0.441808
Epoch 001 | Batch 7160 | K-values: K1=26, K10=22, K20=24, K50=36, K100=20
Epoch 001 | Batch 7170 | val_kld=3.326881 | val_ordacc@10=0.082022 | val_recall@10=0.441808
Epoch 001 | Batch 7170 | K-values: K1=30, K10=19, K20=25, K50=28, K100=26
Epoch 001 | Batch 7180 | val_kld=3.326881 | val_ordacc@10=0.082022 | val_recall@10=0.441808
Epoch 001 | Batch 7180 | K-values: K1=31, K10=18, K20=25, K50=24, K100=30
Epoch 001 | Batch 7190 | val_kld=3.326881 | val_ordacc@10=0.082022 | val_recall@10=0.441808
Epoch 001 | Batch 7190 | K-values: K1=28, K10=28, K20=25, K50=25, K100=22
Epoch 001 | Batch 7200 | val_kld=3.326881 | val_ordacc@10=0.082022 | val_recall@10=0.441808
Epoch 001 | Batch 7200 | K-values: K1=30, K10=23, K20=23, K50=25, K100=27
Epoch 001 | Batch 7210 | val_kld=3.326881 | val_ordacc@10=0.082022 | val_recall@10=0.441808
Epoch 001 | Batch 7210 | K-values: K1=27, K10=29, K20=23, K50=20, K100=29
Epoch 001 | Batch 7220 | val_kld=3.326881 | val_ordacc@10=0.082022 | val_recall@10=0.441808
Epoch 001 | Batch 7220 | K-values: K1=35, K10=21, K20=23, K50=26, K100=23
Epoch 001 | Batch 7230 | val_kld=3.326881 | val_ordacc@10=0.082022 | val_recall@10=0.441808
Epoch 001 | Batch 7230 | K-values: K1=27, K10=24, K20=30, K50=28, K100=19
Epoch 001 | Batch 7240 | val_kld=3.326881 | val_ordacc@10=0.082022 | val_recall@10=0.441808
Epoch 001 | Batch 7240 | K-values: K1=27, K10=21, K20=20, K50=36, K100=24
Epoch 001 | Batch 7250 | val_kld=3.326881 | val_ordacc@10=0.082022 | val_recall@10=0.441808
Epoch 001 | Batch 7250 | K-values: K1=24, K10=19, K20=39, K50=23, K100=23
Epoch 001 | Batch 7260 | val_kld=3.326881 | val_ordacc@10=0.082022 | val_recall@10=0.441808
Epoch 001 | Batch 7260 | K-values: K1=28, K10=19, K20=31, K50=21, K100=29
Epoch 001 | Batch 7270 | val_kld=3.326881 | val_ordacc@10=0.082022 | val_recall@10=0.441808
Epoch 001 | Batch 7270 | K-values: K1=29, K10=25, K20=25, K50=19, K100=30
Epoch 001 | Batch 7280 | val_kld=3.326881 | val_ordacc@10=0.082022 | val_recall@10=0.441808
Epoch 001 | Batch 7280 | K-values: K1=25, K10=28, K20=17, K50=33, K100=25
Epoch 001 | Batch 7290 | val_kld=3.326881 | val_ordacc@10=0.082022 | val_recall@10=0.441808
Epoch 001 | Batch 7290 | K-values: K1=31, K10=25, K20=20, K50=21, K100=31
Epoch 001 | Batch 7300 | val_kld=3.326881 | val_ordacc@10=0.082022 | val_recall@10=0.441808
Epoch 001 | Batch 7300 | K-values: K1=18, K10=34, K20=34, K50=18, K100=24
Epoch 001 | Batch 7310 | val_kld=3.326881 | val_ordacc@10=0.082022 | val_recall@10=0.441808
Epoch 001 | Batch 7310 | K-values: K1=22, K10=29, K20=30, K50=21, K100=26
Epoch 001 | Batch 7320 | val_kld=3.326881 | val_ordacc@10=0.082022 | val_recall@10=0.441808
Epoch 001 | Batch 7320 | K-values: K1=31, K10=24, K20=29, K50=27, K100=17
Epoch 001 | Batch 7330 | val_kld=3.326881 | val_ordacc@10=0.082022 | val_recall@10=0.441808
Epoch 001 | Batch 7330 | K-values: K1=27, K10=20, K20=28, K50=30, K100=23
Epoch 001 | Batch 7340 | val_kld=3.326881 | val_ordacc@10=0.082022 | val_recall@10=0.441808
Epoch 001 | Batch 7340 | K-values: K1=28, K10=22, K20=30, K50=24, K100=24
Epoch 001 | Batch 7350 | val_kld=3.326881 | val_ordacc@10=0.082022 | val_recall@10=0.441808
Epoch 001 | Batch 7350 | K-values: K1=24, K10=17, K20=29, K50=28, K100=30
Epoch 001 | Batch 7360 | val_kld=3.326881 | val_ordacc@10=0.082022 | val_recall@10=0.441808
Epoch 001 | Batch 7360 | K-values: K1=33, K10=24, K20=21, K50=25, K100=25
Epoch 001 | Batch 7370 | val_kld=3.326881 | val_ordacc@10=0.082022 | val_recall@10=0.441808
Epoch 001 | Batch 7370 | K-values: K1=22, K10=30, K20=25, K50=26, K100=25
Epoch 001 | Batch 7380 | val_kld=3.326881 | val_ordacc@10=0.082022 | val_recall@10=0.441808
Epoch 001 | Batch 7380 | K-values: K1=21, K10=25, K20=34, K50=25, K100=23
Epoch 001 | Batch 7390 | val_kld=3.326881 | val_ordacc@10=0.082022 | val_recall@10=0.441808
Epoch 001 | Batch 7390 | K-values: K1=23, K10=28, K20=37, K50=21, K100=19
Epoch 001 | Batch 7400 | val_kld=3.326881 | val_ordacc@10=0.082022 | val_recall@10=0.441808
Epoch 001 | Batch 7400 | K-values: K1=19, K10=25, K20=20, K50=27, K100=37
Epoch 001 | Batch 7410 | val_kld=3.326881 | val_ordacc@10=0.082022 | val_recall@10=0.441808
Epoch 001 | Batch 7410 | K-values: K1=32, K10=27, K20=21, K50=22, K100=26
Epoch 001 | Batch 7420 | val_kld=3.326881 | val_ordacc@10=0.082022 | val_recall@10=0.441808
Epoch 001 | Batch 7420 | K-values: K1=29, K10=29, K20=25, K50=24, K100=21
Epoch 001 | Batch 7430 | val_kld=3.326881 | val_ordacc@10=0.082022 | val_recall@10=0.441808
Epoch 001 | Batch 7430 | K-values: K1=29, K10=25, K20=25, K50=23, K100=26
Epoch 001 | Batch 7440 | val_kld=3.326881 | val_ordacc@10=0.082022 | val_recall@10=0.441808
Epoch 001 | Batch 7440 | K-values: K1=31, K10=22, K20=16, K50=36, K100=23
Epoch 001 | Batch 7450 | val_kld=3.326881 | val_ordacc@10=0.082022 | val_recall@10=0.441808
Epoch 001 | Batch 7450 | K-values: K1=23, K10=20, K20=30, K50=20, K100=35
Epoch 001 | Batch 7460 | val_kld=3.326881 | val_ordacc@10=0.082022 | val_recall@10=0.441808
Epoch 001 | Batch 7460 | K-values: K1=27, K10=33, K20=20, K50=25, K100=23
Epoch 001 | Batch 7470 | val_kld=3.326881 | val_ordacc@10=0.082022 | val_recall@10=0.441808
Epoch 001 | Batch 7470 | K-values: K1=22, K10=19, K20=23, K50=33, K100=31
Epoch 001 | Batch 7480 | val_kld=3.326881 | val_ordacc@10=0.082022 | val_recall@10=0.441808
Epoch 001 | Batch 7480 | K-values: K1=24, K10=31, K20=29, K50=23, K100=21
Epoch 001 | Batch 7490 | val_kld=3.326881 | val_ordacc@10=0.082022 | val_recall@10=0.441808
Epoch 001 | Batch 7490 | K-values: K1=20, K10=22, K20=28, K50=31, K100=27
Epoch 001 | Batch 7500 | val_kld=3.326881 | val_ordacc@10=0.082022 | val_recall@10=0.441808
Epoch 001 | Batch 7500 | K-values: K1=23, K10=20, K20=30, K50=36, K100=19
Epoch 001 | Batch 7510 | val_kld=3.326881 | val_ordacc@10=0.082022 | val_recall@10=0.441808
Epoch 001 | Batch 7510 | K-values: K1=32, K10=22, K20=15, K50=28, K100=31
Epoch 001 | Batch 7520 | val_kld=3.326881 | val_ordacc@10=0.082022 | val_recall@10=0.441808
Epoch 001 | Batch 7520 | K-values: K1=34, K10=23, K20=18, K50=31, K100=22
Epoch 001 | Batch 7530 | val_kld=3.326881 | val_ordacc@10=0.082022 | val_recall@10=0.441808
Epoch 001 | Batch 7530 | K-values: K1=31, K10=27, K20=24, K50=24, K100=22
Epoch 001 | Batch 7540 | val_kld=3.326881 | val_ordacc@10=0.082022 | val_recall@10=0.441808
Epoch 001 | Batch 7540 | K-values: K1=26, K10=29, K20=23, K50=25, K100=25
Epoch 001 | Batch 7550 | val_kld=3.326881 | val_ordacc@10=0.082022 | val_recall@10=0.441808
Epoch 001 | Batch 7550 | K-values: K1=31, K10=27, K20=21, K50=20, K100=29
Epoch 001 | Batch 7560 | val_kld=3.326881 | val_ordacc@10=0.082022 | val_recall@10=0.441808
Epoch 001 | Batch 7560 | K-values: K1=23, K10=33, K20=22, K50=22, K100=28
Epoch 001 | Batch 7570 | val_kld=3.326881 | val_ordacc@10=0.082022 | val_recall@10=0.441808
Epoch 001 | Batch 7570 | K-values: K1=35, K10=17, K20=27, K50=23, K100=26
Epoch 001 | Batch 7580 | val_kld=3.326881 | val_ordacc@10=0.082022 | val_recall@10=0.441808
Epoch 001 | Batch 7580 | K-values: K1=28, K10=28, K20=30, K50=17, K100=25
Epoch 001 | Batch 7590 | val_kld=3.326881 | val_ordacc@10=0.082022 | val_recall@10=0.441808
Epoch 001 | Batch 7590 | K-values: K1=29, K10=25, K20=24, K50=23, K100=27
Epoch 001 | Batch 7600 | val_kld=3.326881 | val_ordacc@10=0.082022 | val_recall@10=0.441808
Epoch 001 | Batch 7600 | K-values: K1=24, K10=34, K20=26, K50=22, K100=22
Epoch 001 | Batch 7610 | val_kld=3.326881 | val_ordacc@10=0.082022 | val_recall@10=0.441808
Epoch 001 | Batch 7610 | K-values: K1=31, K10=22, K20=17, K50=29, K100=29
Epoch 001 | Batch 7620 | val_kld=3.326881 | val_ordacc@10=0.082022 | val_recall@10=0.441808
Epoch 001 | Batch 7620 | K-values: K1=37, K10=27, K20=13, K50=30, K100=21
Epoch 001 | Batch 7630 | val_kld=3.326881 | val_ordacc@10=0.082022 | val_recall@10=0.441808
Epoch 001 | Batch 7630 | K-values: K1=35, K10=21, K20=21, K50=23, K100=28
Epoch 001 | Batch 7640 | val_kld=3.326881 | val_ordacc@10=0.082022 | val_recall@10=0.441808
Epoch 001 | Batch 7640 | K-values: K1=31, K10=31, K20=16, K50=21, K100=29
Epoch 001 | Batch 7650 | val_kld=3.326881 | val_ordacc@10=0.082022 | val_recall@10=0.441808
Epoch 001 | Batch 7650 | K-values: K1=27, K10=28, K20=27, K50=24, K100=22
Epoch 001 | Batch 7660 | val_kld=3.326881 | val_ordacc@10=0.082022 | val_recall@10=0.441808
Epoch 001 | Batch 7660 | K-values: K1=25, K10=29, K20=21, K50=29, K100=24
Epoch 001 | Batch 7670 | val_kld=3.326881 | val_ordacc@10=0.082022 | val_recall@10=0.441808
Epoch 001 | Batch 7670 | K-values: K1=26, K10=23, K20=31, K50=19, K100=29
Epoch 001 | Batch 7680 | val_kld=3.326881 | val_ordacc@10=0.082022 | val_recall@10=0.441808
Epoch 001 | Batch 7680 | K-values: K1=24, K10=29, K20=23, K50=29, K100=23
Epoch 001 | Batch 7690 | val_kld=3.326881 | val_ordacc@10=0.082022 | val_recall@10=0.441808
Epoch 001 | Batch 7690 | K-values: K1=32, K10=25, K20=21, K50=26, K100=24
Epoch 001 | Batch 7700 | val_kld=3.326881 | val_ordacc@10=0.082022 | val_recall@10=0.441808
Epoch 001 | Batch 7700 | K-values: K1=37, K10=23, K20=23, K50=24, K100=21
Epoch 001 | Batch 7710 | val_kld=3.326881 | val_ordacc@10=0.082022 | val_recall@10=0.441808
Epoch 001 | Batch 7710 | K-values: K1=30, K10=22, K20=19, K50=33, K100=24
Epoch 001 | Batch 7720 | val_kld=3.326881 | val_ordacc@10=0.082022 | val_recall@10=0.441808
Epoch 001 | Batch 7720 | K-values: K1=35, K10=32, K20=25, K50=21, K100=15
Epoch 001 | Batch 7730 | val_kld=3.326881 | val_ordacc@10=0.082022 | val_recall@10=0.441808
Epoch 001 | Batch 7730 | K-values: K1=22, K10=18, K20=37, K50=24, K100=27
Epoch 001 | Batch 7740 | val_kld=3.326881 | val_ordacc@10=0.082022 | val_recall@10=0.441808
Epoch 001 | Batch 7740 | K-values: K1=28, K10=25, K20=19, K50=29, K100=27
Epoch 001 | Batch 7750 | val_kld=3.326881 | val_ordacc@10=0.082022 | val_recall@10=0.441808
Epoch 001 | Batch 7750 | K-values: K1=22, K10=31, K20=22, K50=29, K100=24
Epoch 001 | Batch 7760 | val_kld=3.326881 | val_ordacc@10=0.082022 | val_recall@10=0.441808
Epoch 001 | Batch 7760 | K-values: K1=31, K10=28, K20=22, K50=25, K100=22
Epoch 001 | Batch 7770 | val_kld=3.326881 | val_ordacc@10=0.082022 | val_recall@10=0.441808
Epoch 001 | Batch 7770 | K-values: K1=29, K10=25, K20=15, K50=23, K100=36
Epoch 001 | Batch 7780 | val_kld=3.326881 | val_ordacc@10=0.082022 | val_recall@10=0.441808
Epoch 001 | Batch 7780 | K-values: K1=27, K10=23, K20=32, K50=25, K100=21
Epoch 001 | Batch 7790 | val_kld=3.326881 | val_ordacc@10=0.082022 | val_recall@10=0.441808
Epoch 001 | Batch 7790 | K-values: K1=23, K10=26, K20=23, K50=33, K100=23
Epoch 001 | Batch 7800 | val_kld=3.326881 | val_ordacc@10=0.082022 | val_recall@10=0.441808
Epoch 001 | Batch 7800 | K-values: K1=24, K10=26, K20=19, K50=29, K100=30
Epoch 001 | Batch 7810 | val_kld=3.326881 | val_ordacc@10=0.082022 | val_recall@10=0.441808
Epoch 001 | Batch 7810 | K-values: K1=31, K10=17, K20=26, K50=24, K100=30
Epoch 001 | Batch 7820 | val_kld=3.326881 | val_ordacc@10=0.082022 | val_recall@10=0.441808
Epoch 001 | Batch 7820 | K-values: K1=23, K10=25, K20=26, K50=31, K100=23
Epoch 001 | Batch 7830 | val_kld=3.326881 | val_ordacc@10=0.082022 | val_recall@10=0.441808
Epoch 001 | Batch 7830 | K-values: K1=31, K10=18, K20=26, K50=27, K100=26
Epoch 001 | Batch 7840 | val_kld=3.326881 | val_ordacc@10=0.082022 | val_recall@10=0.441808
Epoch 001 | Batch 7840 | K-values: K1=27, K10=22, K20=24, K50=30, K100=25
Epoch 001 | Batch 7850 | val_kld=3.326881 | val_ordacc@10=0.082022 | val_recall@10=0.441808
Epoch 001 | Batch 7850 | K-values: K1=28, K10=26, K20=24, K50=24, K100=26
Epoch 001 | Batch 7860 | val_kld=3.326881 | val_ordacc@10=0.082022 | val_recall@10=0.441808
Epoch 001 | Batch 7860 | K-values: K1=22, K10=33, K20=25, K50=23, K100=25
Epoch 001 | Batch 7870 | val_kld=3.326881 | val_ordacc@10=0.082022 | val_recall@10=0.441808
Epoch 001 | Batch 7870 | K-values: K1=31, K10=25, K20=25, K50=19, K100=28
Epoch 001 | Batch 7880 | val_kld=3.326881 | val_ordacc@10=0.082022 | val_recall@10=0.441808
Epoch 001 | Batch 7880 | K-values: K1=23, K10=23, K20=29, K50=31, K100=22
Epoch 001 | Batch 7890 | val_kld=3.326881 | val_ordacc@10=0.082022 | val_recall@10=0.441808
Epoch 001 | Batch 7890 | K-values: K1=15, K10=28, K20=31, K50=26, K100=28
Epoch 001 | Batch 7900 | val_kld=3.326881 | val_ordacc@10=0.082022 | val_recall@10=0.441808
Epoch 001 | Batch 7900 | K-values: K1=28, K10=26, K20=24, K50=29, K100=21
Epoch 001 | Batch 7910 | val_kld=3.326881 | val_ordacc@10=0.082022 | val_recall@10=0.441808
Epoch 001 | Batch 7910 | K-values: K1=22, K10=24, K20=23, K50=33, K100=26
Epoch 001 | Batch 7920 | val_kld=3.326881 | val_ordacc@10=0.082022 | val_recall@10=0.441808
Epoch 001 | Batch 7920 | K-values: K1=19, K10=23, K20=36, K50=28, K100=22
Epoch 001 | Batch 7930 | val_kld=3.326881 | val_ordacc@10=0.082022 | val_recall@10=0.441808
Epoch 001 | Batch 7930 | K-values: K1=25, K10=28, K20=25, K50=29, K100=21
Epoch 001 | Batch 7940 | val_kld=3.326881 | val_ordacc@10=0.082022 | val_recall@10=0.441808
Epoch 001 | Batch 7940 | K-values: K1=20, K10=31, K20=30, K50=23, K100=24
Epoch 001 | Batch 7950 | val_kld=3.326881 | val_ordacc@10=0.082022 | val_recall@10=0.441808
Epoch 001 | Batch 7950 | K-values: K1=29, K10=29, K20=25, K50=28, K100=17
Epoch 001 | Batch 7960 | val_kld=3.326881 | val_ordacc@10=0.082022 | val_recall@10=0.441808
Epoch 001 | Batch 7960 | K-values: K1=26, K10=29, K20=20, K50=29, K100=24
Epoch 001 | Batch 7970 | val_kld=3.326881 | val_ordacc@10=0.082022 | val_recall@10=0.441808
Epoch 001 | Batch 7970 | K-values: K1=21, K10=28, K20=28, K50=31, K100=20
Epoch 001 | Batch 7980 | val_kld=3.326881 | val_ordacc@10=0.082022 | val_recall@10=0.441808
Epoch 001 | Batch 7980 | K-values: K1=22, K10=21, K20=25, K50=27, K100=33
Epoch 001 | Batch 7990 | val_kld=3.326881 | val_ordacc@10=0.082022 | val_recall@10=0.441808
Epoch 001 | Batch 7990 | K-values: K1=27, K10=29, K20=21, K50=26, K100=25
Epoch 001 | Batch 8000 | val_kld=3.326881 | val_ordacc@10=0.082022 | val_recall@10=0.441808
Epoch 001 | Batch 8000 | K-values: K1=24, K10=24, K20=23, K50=25, K100=32
Epoch 001 | Batch 8010 | val_kld=3.326881 | val_ordacc@10=0.082022 | val_recall@10=0.441808
Epoch 001 | Batch 8010 | K-values: K1=24, K10=28, K20=25, K50=24, K100=27
Epoch 001 | Batch 8020 | val_kld=3.326881 | val_ordacc@10=0.082022 | val_recall@10=0.441808
Epoch 001 | Batch 8020 | K-values: K1=24, K10=27, K20=22, K50=31, K100=24
Epoch 001 | Batch 8030 | val_kld=3.326881 | val_ordacc@10=0.082022 | val_recall@10=0.441808
Epoch 001 | Batch 8030 | K-values: K1=38, K10=31, K20=22, K50=16, K100=21
Epoch 001 | Batch 8040 | val_kld=3.326881 | val_ordacc@10=0.082022 | val_recall@10=0.441808
Epoch 001 | Batch 8040 | K-values: K1=17, K10=31, K20=26, K50=28, K100=26
Epoch 001 | Batch 8050 | val_kld=3.326881 | val_ordacc@10=0.082022 | val_recall@10=0.441808
Epoch 001 | Batch 8050 | K-values: K1=26, K10=29, K20=25, K50=28, K100=20
Epoch 001 | Batch 8060 | val_kld=3.326881 | val_ordacc@10=0.082022 | val_recall@10=0.441808
Epoch 001 | Batch 8060 | K-values: K1=26, K10=24, K20=30, K50=30, K100=18
Epoch 001 | Batch 8070 | val_kld=3.326881 | val_ordacc@10=0.082022 | val_recall@10=0.441808
Epoch 001 | Batch 8070 | K-values: K1=23, K10=25, K20=30, K50=27, K100=23
Epoch 001 | Batch 8080 | val_kld=3.326881 | val_ordacc@10=0.082022 | val_recall@10=0.441808
Epoch 001 | Batch 8080 | K-values: K1=29, K10=23, K20=17, K50=27, K100=32
Epoch 001 | Batch 8090 | val_kld=3.326881 | val_ordacc@10=0.082022 | val_recall@10=0.441808
Epoch 001 | Batch 8090 | K-values: K1=29, K10=30, K20=28, K50=20, K100=21
Epoch 001 | Batch 8100 | val_kld=3.326881 | val_ordacc@10=0.082022 | val_recall@10=0.441808
Epoch 001 | Batch 8100 | K-values: K1=30, K10=20, K20=29, K50=31, K100=18
Epoch 001 | Batch 8110 | val_kld=3.326881 | val_ordacc@10=0.082022 | val_recall@10=0.441808
Epoch 001 | Batch 8110 | K-values: K1=31, K10=23, K20=30, K50=19, K100=25
Epoch 001 | Batch 8120 | val_kld=3.326881 | val_ordacc@10=0.082022 | val_recall@10=0.441808
Epoch 001 | Batch 8120 | K-values: K1=19, K10=25, K20=36, K50=21, K100=27
Epoch 001 | Batch 8130 | val_kld=3.326881 | val_ordacc@10=0.082022 | val_recall@10=0.441808
Epoch 001 | Batch 8130 | K-values: K1=24, K10=30, K20=29, K50=21, K100=24
Epoch 001 | Batch 8140 | val_kld=3.326881 | val_ordacc@10=0.082022 | val_recall@10=0.441808
Epoch 001 | Batch 8140 | K-values: K1=26, K10=18, K20=20, K50=33, K100=31
Epoch 001 | Batch 8150 | val_kld=3.326881 | val_ordacc@10=0.082022 | val_recall@10=0.441808
Epoch 001 | Batch 8150 | K-values: K1=21, K10=28, K20=35, K50=25, K100=19
Epoch 001 | Batch 8160 | val_kld=3.326881 | val_ordacc@10=0.082022 | val_recall@10=0.441808
Epoch 001 | Batch 8160 | K-values: K1=27, K10=21, K20=27, K50=24, K100=29
Epoch 001 | Batch 8170 | val_kld=3.326881 | val_ordacc@10=0.082022 | val_recall@10=0.441808
Epoch 001 | Batch 8170 | K-values: K1=33, K10=18, K20=25, K50=25, K100=27
Epoch 001 | Batch 8180 | val_kld=3.326881 | val_ordacc@10=0.082022 | val_recall@10=0.441808
Epoch 001 | Batch 8180 | K-values: K1=18, K10=25, K20=39, K50=22, K100=24
Epoch 001 | Batch 8190 | val_kld=3.326881 | val_ordacc@10=0.082022 | val_recall@10=0.441808
Epoch 001 | Batch 8190 | K-values: K1=21, K10=34, K20=22, K50=24, K100=27
Epoch 001 | Batch 8200 | val_kld=3.326881 | val_ordacc@10=0.082022 | val_recall@10=0.441808
Epoch 001 | Batch 8200 | K-values: K1=28, K10=17, K20=24, K50=28, K100=31
Epoch 001 | Batch 8210 | val_kld=3.326881 | val_ordacc@10=0.082022 | val_recall@10=0.441808
Epoch 001 | Batch 8210 | K-values: K1=30, K10=28, K20=28, K50=24, K100=18
Epoch 001 | Batch 8220 | val_kld=3.326881 | val_ordacc@10=0.082022 | val_recall@10=0.441808
Epoch 001 | Batch 8220 | K-values: K1=23, K10=21, K20=23, K50=35, K100=26
Epoch 001 | Batch 8230 | val_kld=3.326881 | val_ordacc@10=0.082022 | val_recall@10=0.441808
Epoch 001 | Batch 8230 | K-values: K1=27, K10=22, K20=24, K50=29, K100=26
Epoch 001 | Batch 8240 | val_kld=3.326881 | val_ordacc@10=0.082022 | val_recall@10=0.441808
Epoch 001 | Batch 8240 | K-values: K1=28, K10=24, K20=23, K50=30, K100=23
Epoch 001 | Batch 8250 | val_kld=3.326881 | val_ordacc@10=0.082022 | val_recall@10=0.441808
Epoch 001 | Batch 8250 | K-values: K1=26, K10=29, K20=28, K50=21, K100=24
Epoch 001 | Batch 8260 | val_kld=3.326881 | val_ordacc@10=0.082022 | val_recall@10=0.441808
Epoch 001 | Batch 8260 | K-values: K1=26, K10=31, K20=27, K50=24, K100=20
Epoch 001 | Batch 8270 | val_kld=3.326881 | val_ordacc@10=0.082022 | val_recall@10=0.441808
Epoch 001 | Batch 8270 | K-values: K1=29, K10=24, K20=31, K50=17, K100=27
Epoch 001 | Batch 8280 | val_kld=3.326881 | val_ordacc@10=0.082022 | val_recall@10=0.441808
Epoch 001 | Batch 8280 | K-values: K1=24, K10=23, K20=24, K50=26, K100=31
Epoch 001 | Batch 8290 | val_kld=3.326881 | val_ordacc@10=0.082022 | val_recall@10=0.441808
Epoch 001 | Batch 8290 | K-values: K1=20, K10=27, K20=28, K50=28, K100=25
Epoch 001 | Batch 8300 | val_kld=3.326881 | val_ordacc@10=0.082022 | val_recall@10=0.441808
Epoch 001 | Batch 8300 | K-values: K1=25, K10=21, K20=27, K50=29, K100=26
Epoch 001 | Batch 8310 | val_kld=3.326881 | val_ordacc@10=0.082022 | val_recall@10=0.441808
Epoch 001 | Batch 8310 | K-values: K1=18, K10=25, K20=30, K50=29, K100=26
Epoch 001 | Batch 8320 | val_kld=3.326881 | val_ordacc@10=0.082022 | val_recall@10=0.441808
Epoch 001 | Batch 8320 | K-values: K1=21, K10=33, K20=27, K50=26, K100=21
Epoch 001 | Batch 8330 | val_kld=3.326881 | val_ordacc@10=0.082022 | val_recall@10=0.441808
Epoch 001 | Batch 8330 | K-values: K1=19, K10=22, K20=24, K50=35, K100=28
Epoch 001 | Batch 8340 | val_kld=3.326881 | val_ordacc@10=0.082022 | val_recall@10=0.441808
Epoch 001 | Batch 8340 | K-values: K1=26, K10=25, K20=23, K50=28, K100=26
Epoch 001 | Batch 8350 | val_kld=3.326881 | val_ordacc@10=0.082022 | val_recall@10=0.441808
Epoch 001 | Batch 8350 | K-values: K1=24, K10=18, K20=23, K50=30, K100=33
Epoch 001 | Batch 8360 | val_kld=3.326881 | val_ordacc@10=0.082022 | val_recall@10=0.441808
Epoch 001 | Batch 8360 | K-values: K1=29, K10=21, K20=24, K50=23, K100=31
Epoch 001 | Batch 8370 | val_kld=3.326881 | val_ordacc@10=0.082022 | val_recall@10=0.441808
Epoch 001 | Batch 8370 | K-values: K1=27, K10=25, K20=26, K50=25, K100=25
Epoch 001 | Batch 8380 | val_kld=3.326881 | val_ordacc@10=0.082022 | val_recall@10=0.441808
Epoch 001 | Batch 8380 | K-values: K1=18, K10=28, K20=34, K50=21, K100=27
Epoch 001 | Batch 8390 | val_kld=3.326881 | val_ordacc@10=0.082022 | val_recall@10=0.441808
Epoch 001 | Batch 8390 | K-values: K1=13, K10=24, K20=28, K50=31, K100=32
Epoch 001 | Batch 8400 | val_kld=3.326881 | val_ordacc@10=0.082022 | val_recall@10=0.441808
Epoch 001 | Batch 8400 | K-values: K1=17, K10=29, K20=35, K50=23, K100=24
Epoch 001 | Batch 8410 | val_kld=3.326881 | val_ordacc@10=0.082022 | val_recall@10=0.441808
Epoch 001 | Batch 8410 | K-values: K1=17, K10=25, K20=31, K50=29, K100=26
Epoch 001 | Batch 8420 | val_kld=3.326881 | val_ordacc@10=0.082022 | val_recall@10=0.441808
Epoch 001 | Batch 8420 | K-values: K1=25, K10=19, K20=33, K50=25, K100=26
Epoch 001 | Batch 8430 | val_kld=3.326881 | val_ordacc@10=0.082022 | val_recall@10=0.441808
Epoch 001 | Batch 8430 | K-values: K1=27, K10=24, K20=26, K50=31, K100=20
Epoch 001 | Batch 8440 | val_kld=3.326881 | val_ordacc@10=0.082022 | val_recall@10=0.441808
Epoch 001 | Batch 8440 | K-values: K1=25, K10=23, K20=22, K50=34, K100=24
Epoch 001 | Batch 8450 | val_kld=3.326881 | val_ordacc@10=0.082022 | val_recall@10=0.441808
Epoch 001 | Batch 8450 | K-values: K1=25, K10=34, K20=22, K50=24, K100=23
Epoch 001 | Batch 8460 | val_kld=3.326881 | val_ordacc@10=0.082022 | val_recall@10=0.441808
Epoch 001 | Batch 8460 | K-values: K1=28, K10=30, K20=24, K50=21, K100=25
Epoch 001 | Batch 8470 | val_kld=3.326881 | val_ordacc@10=0.082022 | val_recall@10=0.441808
Epoch 001 | Batch 8470 | K-values: K1=29, K10=31, K20=29, K50=23, K100=16
Epoch 001 | Batch 8480 | val_kld=3.326881 | val_ordacc@10=0.082022 | val_recall@10=0.441808
Epoch 001 | Batch 8480 | K-values: K1=18, K10=29, K20=29, K50=30, K100=22
Epoch 001 | Batch 8490 | val_kld=3.326881 | val_ordacc@10=0.082022 | val_recall@10=0.441808
Epoch 001 | Batch 8490 | K-values: K1=27, K10=23, K20=24, K50=26, K100=28
Epoch 001 | Batch 8500 | val_kld=3.326881 | val_ordacc@10=0.082022 | val_recall@10=0.441808
Epoch 001 | Batch 8500 | K-values: K1=19, K10=26, K20=34, K50=29, K100=20
Epoch 001 | Batch 8510 | val_kld=3.326881 | val_ordacc@10=0.082022 | val_recall@10=0.441808
Epoch 001 | Batch 8510 | K-values: K1=22, K10=30, K20=23, K50=21, K100=32
Epoch 001 | Batch 8520 | val_kld=3.326881 | val_ordacc@10=0.082022 | val_recall@10=0.441808
Epoch 001 | Batch 8520 | K-values: K1=29, K10=18, K20=25, K50=23, K100=33
Epoch 001 | Batch 8530 | val_kld=3.326881 | val_ordacc@10=0.082022 | val_recall@10=0.441808
Epoch 001 | Batch 8530 | K-values: K1=30, K10=22, K20=24, K50=27, K100=25
Epoch 001 | Batch 8540 | val_kld=3.326881 | val_ordacc@10=0.082022 | val_recall@10=0.441808
Epoch 001 | Batch 8540 | K-values: K1=32, K10=23, K20=18, K50=30, K100=25
Epoch 001 | Batch 8550 | val_kld=3.326881 | val_ordacc@10=0.082022 | val_recall@10=0.441808
Epoch 001 | Batch 8550 | K-values: K1=17, K10=33, K20=20, K50=27, K100=31
Epoch 001 | Batch 8560 | val_kld=3.326881 | val_ordacc@10=0.082022 | val_recall@10=0.441808
Epoch 001 | Batch 8560 | K-values: K1=29, K10=22, K20=30, K50=21, K100=26
Epoch 001 | Batch 8570 | val_kld=3.326881 | val_ordacc@10=0.082022 | val_recall@10=0.441808
Epoch 001 | Batch 8570 | K-values: K1=26, K10=25, K20=27, K50=21, K100=29
Epoch 001 | Batch 8580 | val_kld=3.326881 | val_ordacc@10=0.082022 | val_recall@10=0.441808
Epoch 001 | Batch 8580 | K-values: K1=30, K10=23, K20=29, K50=21, K100=25
Epoch 001 | Batch 8590 | val_kld=3.326881 | val_ordacc@10=0.082022 | val_recall@10=0.441808
Epoch 001 | Batch 8590 | K-values: K1=21, K10=21, K20=29, K50=28, K100=29
Epoch 001 | Batch 8600 | val_kld=3.326881 | val_ordacc@10=0.082022 | val_recall@10=0.441808
Epoch 001 | Batch 8600 | K-values: K1=26, K10=33, K20=29, K50=24, K100=16
Epoch 001 | Batch 8610 | val_kld=3.326881 | val_ordacc@10=0.082022 | val_recall@10=0.441808
Epoch 001 | Batch 8610 | K-values: K1=28, K10=22, K20=28, K50=22, K100=28
Epoch 001 | Batch 8620 | val_kld=3.326881 | val_ordacc@10=0.082022 | val_recall@10=0.441808
Epoch 001 | Batch 8620 | K-values: K1=30, K10=27, K20=22, K50=23, K100=26
Epoch 001 | Batch 8630 | val_kld=3.326881 | val_ordacc@10=0.082022 | val_recall@10=0.441808
Epoch 001 | Batch 8630 | K-values: K1=29, K10=21, K20=23, K50=33, K100=22
Epoch 001 | Batch 8640 | val_kld=3.326881 | val_ordacc@10=0.082022 | val_recall@10=0.441808
Epoch 001 | Batch 8640 | K-values: K1=18, K10=33, K20=29, K50=28, K100=20
Epoch 001 | Batch 8650 | val_kld=3.326881 | val_ordacc@10=0.082022 | val_recall@10=0.441808
Epoch 001 | Batch 8650 | K-values: K1=15, K10=23, K20=29, K50=33, K100=28
Epoch 001 | Batch 8660 | val_kld=3.326881 | val_ordacc@10=0.082022 | val_recall@10=0.441808
Epoch 001 | Batch 8660 | K-values: K1=27, K10=24, K20=32, K50=22, K100=23
Epoch 001 | Batch 8670 | val_kld=3.326881 | val_ordacc@10=0.082022 | val_recall@10=0.441808
Epoch 001 | Batch 8670 | K-values: K1=21, K10=28, K20=33, K50=19, K100=27
Epoch 001 | Batch 8680 | val_kld=3.326881 | val_ordacc@10=0.082022 | val_recall@10=0.441808
Epoch 001 | Batch 8680 | K-values: K1=28, K10=27, K20=28, K50=23, K100=22
Epoch 001 | Batch 8690 | val_kld=3.326881 | val_ordacc@10=0.082022 | val_recall@10=0.441808
Epoch 001 | Batch 8690 | K-values: K1=28, K10=26, K20=26, K50=23, K100=25
Epoch 001 | Batch 8700 | val_kld=3.326881 | val_ordacc@10=0.082022 | val_recall@10=0.441808
Epoch 001 | Batch 8700 | K-values: K1=18, K10=27, K20=27, K50=25, K100=31
Epoch 001 | Batch 8710 | val_kld=3.326881 | val_ordacc@10=0.082022 | val_recall@10=0.441808
Epoch 001 | Batch 8710 | K-values: K1=33, K10=26, K20=24, K50=17, K100=28
Epoch 001 | Batch 8720 | val_kld=3.326881 | val_ordacc@10=0.082022 | val_recall@10=0.441808
Epoch 001 | Batch 8720 | K-values: K1=26, K10=37, K20=18, K50=25, K100=22
Epoch 001 | Batch 8730 | val_kld=3.326881 | val_ordacc@10=0.082022 | val_recall@10=0.441808
Epoch 001 | Batch 8730 | K-values: K1=17, K10=40, K20=19, K50=25, K100=27
Epoch 001 | Batch 8740 | val_kld=3.326881 | val_ordacc@10=0.082022 | val_recall@10=0.441808
Epoch 001 | Batch 8740 | K-values: K1=27, K10=31, K20=21, K50=24, K100=25
Epoch 001 | Batch 8750 | val_kld=3.326881 | val_ordacc@10=0.082022 | val_recall@10=0.441808
Epoch 001 | Batch 8750 | K-values: K1=27, K10=40, K20=20, K50=20, K100=21
Epoch 001 | Batch 8760 | val_kld=3.326881 | val_ordacc@10=0.082022 | val_recall@10=0.441808
Epoch 001 | Batch 8760 | K-values: K1=17, K10=26, K20=29, K50=31, K100=25
Epoch 001 | Batch 8770 | val_kld=3.326881 | val_ordacc@10=0.082022 | val_recall@10=0.441808
Epoch 001 | Batch 8770 | K-values: K1=31, K10=19, K20=29, K50=31, K100=18
Epoch 001 | Batch 8780 | val_kld=3.326881 | val_ordacc@10=0.082022 | val_recall@10=0.441808
Epoch 001 | Batch 8780 | K-values: K1=22, K10=24, K20=26, K50=33, K100=23
Epoch 001 | Batch 8790 | val_kld=3.326881 | val_ordacc@10=0.082022 | val_recall@10=0.441808
Epoch 001 | Batch 8790 | K-values: K1=33, K10=26, K20=24, K50=25, K100=20
Epoch 001 | Batch 8800 | val_kld=3.326881 | val_ordacc@10=0.082022 | val_recall@10=0.441808
Epoch 001 | Batch 8800 | K-values: K1=22, K10=30, K20=23, K50=19, K100=34
Epoch 001 | Batch 8810 | val_kld=3.326881 | val_ordacc@10=0.082022 | val_recall@10=0.441808
Epoch 001 | Batch 8810 | K-values: K1=25, K10=23, K20=28, K50=31, K100=21
Epoch 001 | Batch 8820 | val_kld=3.326881 | val_ordacc@10=0.082022 | val_recall@10=0.441808
Epoch 001 | Batch 8820 | K-values: K1=22, K10=30, K20=24, K50=26, K100=26
Epoch 001 | Batch 8830 | val_kld=3.326881 | val_ordacc@10=0.082022 | val_recall@10=0.441808
Epoch 001 | Batch 8830 | K-values: K1=22, K10=26, K20=29, K50=23, K100=28
Epoch 001 | Batch 8840 | val_kld=3.326881 | val_ordacc@10=0.082022 | val_recall@10=0.441808
Epoch 001 | Batch 8840 | K-values: K1=25, K10=27, K20=18, K50=27, K100=31
Epoch 001 | Batch 8850 | val_kld=3.326881 | val_ordacc@10=0.082022 | val_recall@10=0.441808
Epoch 001 | Batch 8850 | K-values: K1=27, K10=24, K20=19, K50=24, K100=34
Epoch 001 | Batch 8860 | val_kld=3.326881 | val_ordacc@10=0.082022 | val_recall@10=0.441808
Epoch 001 | Batch 8860 | K-values: K1=23, K10=20, K20=28, K50=25, K100=32
Epoch 001 | Batch 8870 | val_kld=3.326881 | val_ordacc@10=0.082022 | val_recall@10=0.441808
Epoch 001 | Batch 8870 | K-values: K1=22, K10=25, K20=23, K50=27, K100=31
Epoch 001 | Batch 8880 | val_kld=3.326881 | val_ordacc@10=0.082022 | val_recall@10=0.441808
Epoch 001 | Batch 8880 | K-values: K1=27, K10=28, K20=26, K50=25, K100=22
Epoch 001 | Batch 8890 | val_kld=3.326881 | val_ordacc@10=0.082022 | val_recall@10=0.441808
Epoch 001 | Batch 8890 | K-values: K1=26, K10=28, K20=28, K50=25, K100=21
Epoch 001 | Batch 8900 | val_kld=3.326881 | val_ordacc@10=0.082022 | val_recall@10=0.441808
Epoch 001 | Batch 8900 | K-values: K1=25, K10=25, K20=29, K50=24, K100=25
Epoch 001 | Batch 8910 | val_kld=3.326881 | val_ordacc@10=0.082022 | val_recall@10=0.441808
Epoch 001 | Batch 8910 | K-values: K1=32, K10=33, K20=23, K50=26, K100=14
Epoch 001 | Batch 8920 | val_kld=3.326881 | val_ordacc@10=0.082022 | val_recall@10=0.441808
Epoch 001 | Batch 8920 | K-values: K1=26, K10=30, K20=28, K50=25, K100=19
Epoch 001 | Batch 8930 | val_kld=3.326881 | val_ordacc@10=0.082022 | val_recall@10=0.441808
Epoch 001 | Batch 8930 | K-values: K1=29, K10=27, K20=21, K50=29, K100=22
Epoch 001 | Batch 8940 | val_kld=3.326881 | val_ordacc@10=0.082022 | val_recall@10=0.441808
Epoch 001 | Batch 8940 | K-values: K1=29, K10=32, K20=22, K50=20, K100=25
Epoch 001 | Batch 8950 | val_kld=3.326881 | val_ordacc@10=0.082022 | val_recall@10=0.441808
Epoch 001 | Batch 8950 | K-values: K1=18, K10=20, K20=33, K50=29, K100=28
Epoch 001 | Batch 8960 | val_kld=3.326881 | val_ordacc@10=0.082022 | val_recall@10=0.441808
Epoch 001 | Batch 8960 | K-values: K1=32, K10=23, K20=20, K50=30, K100=23
Epoch 001 | Batch 8970 | val_kld=3.326881 | val_ordacc@10=0.082022 | val_recall@10=0.441808
Epoch 001 | Batch 8970 | K-values: K1=21, K10=34, K20=22, K50=21, K100=30
Epoch 001 | Batch 8980 | val_kld=3.326881 | val_ordacc@10=0.082022 | val_recall@10=0.441808
Epoch 001 | Batch 8980 | K-values: K1=24, K10=31, K20=27, K50=27, K100=19
Epoch 001 | Batch 8990 | val_kld=3.326881 | val_ordacc@10=0.082022 | val_recall@10=0.441808
Epoch 001 | Batch 8990 | K-values: K1=26, K10=22, K20=29, K50=27, K100=24
Epoch 001 | Batch 9000 | val_kld=3.326881 | val_ordacc@10=0.082022 | val_recall@10=0.441808
Epoch 001 | Batch 9000 | K-values: K1=27, K10=23, K20=20, K50=25, K100=33
Epoch 001 | Batch 9010 | val_kld=3.326881 | val_ordacc@10=0.082022 | val_recall@10=0.441808
Epoch 001 | Batch 9010 | K-values: K1=29, K10=27, K20=21, K50=22, K100=29
Epoch 001 | Batch 9020 | val_kld=3.326881 | val_ordacc@10=0.082022 | val_recall@10=0.441808
Epoch 001 | Batch 9020 | K-values: K1=23, K10=31, K20=24, K50=22, K100=28
Epoch 001 | Batch 9030 | val_kld=3.326881 | val_ordacc@10=0.082022 | val_recall@10=0.441808
Epoch 001 | Batch 9030 | K-values: K1=25, K10=27, K20=26, K50=27, K100=23
Epoch 001 | Batch 9040 | val_kld=3.326881 | val_ordacc@10=0.082022 | val_recall@10=0.441808
Epoch 001 | Batch 9040 | K-values: K1=23, K10=28, K20=21, K50=27, K100=29
Epoch 001 | Batch 9050 | val_kld=3.326881 | val_ordacc@10=0.082022 | val_recall@10=0.441808
Epoch 001 | Batch 9050 | K-values: K1=20, K10=22, K20=28, K50=33, K100=25
Epoch 001 | Batch 9060 | val_kld=3.326881 | val_ordacc@10=0.082022 | val_recall@10=0.441808
Epoch 001 | Batch 9060 | K-values: K1=27, K10=30, K20=28, K50=20, K100=23
Epoch 001 | Batch 9070 | val_kld=3.326881 | val_ordacc@10=0.082022 | val_recall@10=0.441808
Epoch 001 | Batch 9070 | K-values: K1=33, K10=24, K20=21, K50=24, K100=26
Epoch 001 | Batch 9080 | val_kld=3.326881 | val_ordacc@10=0.082022 | val_recall@10=0.441808
Epoch 001 | Batch 9080 | K-values: K1=20, K10=27, K20=30, K50=23, K100=28
Epoch 001 | Batch 9090 | val_kld=3.326881 | val_ordacc@10=0.082022 | val_recall@10=0.441808
Epoch 001 | Batch 9090 | K-values: K1=20, K10=24, K20=25, K50=30, K100=29
Epoch 001 | Batch 9100 | val_kld=3.326881 | val_ordacc@10=0.082022 | val_recall@10=0.441808
Epoch 001 | Batch 9100 | K-values: K1=24, K10=28, K20=30, K50=29, K100=17
Epoch 001 | Batch 9110 | val_kld=3.326881 | val_ordacc@10=0.082022 | val_recall@10=0.441808
Epoch 001 | Batch 9110 | K-values: K1=22, K10=23, K20=26, K50=34, K100=23
Epoch 001 | Batch 9120 | val_kld=3.326881 | val_ordacc@10=0.082022 | val_recall@10=0.441808
Epoch 001 | Batch 9120 | K-values: K1=20, K10=30, K20=21, K50=35, K100=22
Epoch 001 | Batch 9130 | val_kld=3.326881 | val_ordacc@10=0.082022 | val_recall@10=0.441808
Epoch 001 | Batch 9130 | K-values: K1=24, K10=25, K20=26, K50=23, K100=30
Epoch 001 | Batch 9140 | val_kld=3.326881 | val_ordacc@10=0.082022 | val_recall@10=0.441808
Epoch 001 | Batch 9140 | K-values: K1=30, K10=27, K20=26, K50=24, K100=21
Epoch 001 | Batch 9150 | val_kld=3.326881 | val_ordacc@10=0.082022 | val_recall@10=0.441808
Epoch 001 | Batch 9150 | K-values: K1=29, K10=24, K20=24, K50=27, K100=24
Epoch 001 | Batch 9160 | val_kld=3.326881 | val_ordacc@10=0.082022 | val_recall@10=0.441808
Epoch 001 | Batch 9160 | K-values: K1=28, K10=20, K20=30, K50=15, K100=35
Epoch 001 | Batch 9170 | val_kld=3.326881 | val_ordacc@10=0.082022 | val_recall@10=0.441808
Epoch 001 | Batch 9170 | K-values: K1=28, K10=33, K20=26, K50=20, K100=21
Epoch 001 | Batch 9180 | val_kld=3.326881 | val_ordacc@10=0.082022 | val_recall@10=0.441808
Epoch 001 | Batch 9180 | K-values: K1=22, K10=29, K20=29, K50=20, K100=28
Epoch 001 | Batch 9190 | val_kld=3.326881 | val_ordacc@10=0.082022 | val_recall@10=0.441808
Epoch 001 | Batch 9190 | K-values: K1=17, K10=27, K20=34, K50=29, K100=21
Epoch 001 | Batch 9200 | val_kld=3.326881 | val_ordacc@10=0.082022 | val_recall@10=0.441808
Epoch 001 | Batch 9200 | K-values: K1=27, K10=25, K20=28, K50=27, K100=21
Epoch 001 | Batch 9210 | val_kld=3.326881 | val_ordacc@10=0.082022 | val_recall@10=0.441808
Epoch 001 | Batch 9210 | K-values: K1=30, K10=28, K20=21, K50=29, K100=20
Epoch 001 | Batch 9220 | val_kld=3.326881 | val_ordacc@10=0.082022 | val_recall@10=0.441808
Epoch 001 | Batch 9220 | K-values: K1=21, K10=24, K20=29, K50=26, K100=28
Epoch 001 | Batch 9230 | val_kld=3.326881 | val_ordacc@10=0.082022 | val_recall@10=0.441808
Epoch 001 | Batch 9230 | K-values: K1=27, K10=16, K20=29, K50=31, K100=25
Epoch 001 | Batch 9240 | val_kld=3.326881 | val_ordacc@10=0.082022 | val_recall@10=0.441808
Epoch 001 | Batch 9240 | K-values: K1=24, K10=30, K20=30, K50=22, K100=22
Epoch 001 | Batch 9250 | val_kld=3.326881 | val_ordacc@10=0.082022 | val_recall@10=0.441808
Epoch 001 | Batch 9250 | K-values: K1=27, K10=22, K20=23, K50=28, K100=28
Epoch 001 | Batch 9260 | val_kld=3.326881 | val_ordacc@10=0.082022 | val_recall@10=0.441808
Epoch 001 | Batch 9260 | K-values: K1=28, K10=25, K20=25, K50=27, K100=23
Epoch 001 | Batch 9270 | val_kld=3.326881 | val_ordacc@10=0.082022 | val_recall@10=0.441808
Epoch 001 | Batch 9270 | K-values: K1=20, K10=32, K20=22, K50=29, K100=25
Epoch 001 | Batch 9280 | val_kld=3.326881 | val_ordacc@10=0.082022 | val_recall@10=0.441808
Epoch 001 | Batch 9280 | K-values: K1=21, K10=26, K20=30, K50=26, K100=25
Epoch 001 | Batch 9290 | val_kld=3.326881 | val_ordacc@10=0.082022 | val_recall@10=0.441808
Epoch 001 | Batch 9290 | K-values: K1=23, K10=27, K20=31, K50=28, K100=19
Epoch 001 | Batch 9300 | val_kld=3.326881 | val_ordacc@10=0.082022 | val_recall@10=0.441808
Epoch 001 | Batch 9300 | K-values: K1=21, K10=29, K20=33, K50=25, K100=20
Epoch 001 | Batch 9310 | val_kld=3.326881 | val_ordacc@10=0.082022 | val_recall@10=0.441808
Epoch 001 | Batch 9310 | K-values: K1=31, K10=26, K20=24, K50=22, K100=25
Epoch 001 | Batch 9320 | val_kld=3.326881 | val_ordacc@10=0.082022 | val_recall@10=0.441808
Epoch 001 | Batch 9320 | K-values: K1=34, K10=25, K20=18, K50=25, K100=26
Epoch 001 | Batch 9330 | val_kld=3.326881 | val_ordacc@10=0.082022 | val_recall@10=0.441808
Epoch 001 | Batch 9330 | K-values: K1=25, K10=22, K20=25, K50=28, K100=28
Epoch 001 | Batch 9340 | val_kld=3.326881 | val_ordacc@10=0.082022 | val_recall@10=0.441808
Epoch 001 | Batch 9340 | K-values: K1=25, K10=31, K20=25, K50=22, K100=25
Epoch 001 | Batch 9350 | val_kld=3.326881 | val_ordacc@10=0.082022 | val_recall@10=0.441808
Epoch 001 | Batch 9350 | K-values: K1=26, K10=30, K20=33, K50=20, K100=19
Epoch 001 | Batch 9360 | val_kld=3.326881 | val_ordacc@10=0.082022 | val_recall@10=0.441808
Epoch 001 | Batch 9360 | K-values: K1=24, K10=24, K20=26, K50=20, K100=34
Epoch 001 | Batch 9370 | val_kld=3.326881 | val_ordacc@10=0.082022 | val_recall@10=0.441808
Epoch 001 | Batch 9370 | K-values: K1=26, K10=18, K20=24, K50=32, K100=28
Epoch 001 | Batch 9380 | val_kld=3.326881 | val_ordacc@10=0.082022 | val_recall@10=0.441808
Epoch 001 | Batch 9380 | K-values: K1=29, K10=30, K20=22, K50=24, K100=23
Epoch 001 | Batch 9390 | val_kld=3.326881 | val_ordacc@10=0.082022 | val_recall@10=0.441808
Epoch 001 | Batch 9390 | K-values: K1=15, K10=28, K20=19, K50=29, K100=37
Epoch 001 | Batch 9400 | val_kld=3.326881 | val_ordacc@10=0.082022 | val_recall@10=0.441808
Epoch 001 | Batch 9400 | K-values: K1=23, K10=23, K20=28, K50=34, K100=20
Epoch 001 | Batch 9410 | val_kld=3.326881 | val_ordacc@10=0.082022 | val_recall@10=0.441808
Epoch 001 | Batch 9410 | K-values: K1=24, K10=32, K20=26, K50=27, K100=19
Epoch 001 | Batch 9420 | val_kld=3.326881 | val_ordacc@10=0.082022 | val_recall@10=0.441808
Epoch 001 | Batch 9420 | K-values: K1=31, K10=29, K20=17, K50=25, K100=26
Epoch 001 | Batch 9430 | val_kld=3.326881 | val_ordacc@10=0.082022 | val_recall@10=0.441808
Epoch 001 | Batch 9430 | K-values: K1=25, K10=28, K20=20, K50=31, K100=24
Epoch 001 | Batch 9440 | val_kld=3.326881 | val_ordacc@10=0.082022 | val_recall@10=0.441808
Epoch 001 | Batch 9440 | K-values: K1=34, K10=23, K20=18, K50=25, K100=28
Epoch 001 | Batch 9450 | val_kld=3.326881 | val_ordacc@10=0.082022 | val_recall@10=0.441808
Epoch 001 | Batch 9450 | K-values: K1=22, K10=26, K20=29, K50=25, K100=26
Epoch 001 | Batch 9460 | val_kld=3.326881 | val_ordacc@10=0.082022 | val_recall@10=0.441808
Epoch 001 | Batch 9460 | K-values: K1=27, K10=29, K20=17, K50=23, K100=32
Epoch 001 | Batch 9470 | val_kld=3.326881 | val_ordacc@10=0.082022 | val_recall@10=0.441808
Epoch 001 | Batch 9470 | K-values: K1=30, K10=24, K20=27, K50=21, K100=26
Epoch 001 | Batch 9480 | val_kld=3.326881 | val_ordacc@10=0.082022 | val_recall@10=0.441808
Epoch 001 | Batch 9480 | K-values: K1=25, K10=27, K20=20, K50=27, K100=29
Epoch 001 | Batch 9490 | val_kld=3.326881 | val_ordacc@10=0.082022 | val_recall@10=0.441808
Epoch 001 | Batch 9490 | K-values: K1=28, K10=30, K20=26, K50=18, K100=26
Epoch 001 | Batch 9500 | val_kld=3.326881 | val_ordacc@10=0.082022 | val_recall@10=0.441808
Epoch 001 | Batch 9500 | K-values: K1=16, K10=22, K20=33, K50=25, K100=32
Epoch 001 | Batch 9510 | val_kld=3.326881 | val_ordacc@10=0.082022 | val_recall@10=0.441808
Epoch 001 | Batch 9510 | K-values: K1=22, K10=33, K20=22, K50=20, K100=31
Epoch 001 | Batch 9520 | val_kld=3.326881 | val_ordacc@10=0.082022 | val_recall@10=0.441808
Epoch 001 | Batch 9520 | K-values: K1=28, K10=27, K20=21, K50=33, K100=19
Epoch 001 | Batch 9530 | val_kld=3.326881 | val_ordacc@10=0.082022 | val_recall@10=0.441808
Epoch 001 | Batch 9530 | K-values: K1=27, K10=22, K20=21, K50=28, K100=30
Epoch 001 | Batch 9540 | val_kld=3.326881 | val_ordacc@10=0.082022 | val_recall@10=0.441808
Epoch 001 | Batch 9540 | K-values: K1=30, K10=22, K20=27, K50=21, K100=28
Epoch 001 | Batch 9550 | val_kld=3.326881 | val_ordacc@10=0.082022 | val_recall@10=0.441808
Epoch 001 | Batch 9550 | K-values: K1=22, K10=26, K20=23, K50=23, K100=34
Epoch 001 | Batch 9560 | val_kld=3.326881 | val_ordacc@10=0.082022 | val_recall@10=0.441808
Epoch 001 | Batch 9560 | K-values: K1=26, K10=23, K20=20, K50=26, K100=33
Epoch 001 | Batch 9570 | val_kld=3.326881 | val_ordacc@10=0.082022 | val_recall@10=0.441808
Epoch 001 | Batch 9570 | K-values: K1=22, K10=24, K20=22, K50=33, K100=27
Epoch 001 | Batch 9580 | val_kld=3.326881 | val_ordacc@10=0.082022 | val_recall@10=0.441808
Epoch 001 | Batch 9580 | K-values: K1=21, K10=20, K20=34, K50=32, K100=21
Epoch 001 | Batch 9590 | val_kld=3.326881 | val_ordacc@10=0.082022 | val_recall@10=0.441808
Epoch 001 | Batch 9590 | K-values: K1=30, K10=27, K20=25, K50=22, K100=24
Epoch 001 | Batch 9600 | val_kld=3.326881 | val_ordacc@10=0.082022 | val_recall@10=0.441808
Epoch 001 | Batch 9600 | K-values: K1=26, K10=35, K20=19, K50=24, K100=24
Epoch 001 | Batch 9610 | val_kld=3.326881 | val_ordacc@10=0.082022 | val_recall@10=0.441808
Epoch 001 | Batch 9610 | K-values: K1=21, K10=22, K20=27, K50=28, K100=30
Epoch 001 | Batch 9620 | val_kld=3.326881 | val_ordacc@10=0.082022 | val_recall@10=0.441808
Epoch 001 | Batch 9620 | K-values: K1=22, K10=26, K20=30, K50=30, K100=20
Epoch 001 | Batch 9630 | val_kld=3.326881 | val_ordacc@10=0.082022 | val_recall@10=0.441808
Epoch 001 | Batch 9630 | K-values: K1=23, K10=26, K20=22, K50=27, K100=30
Epoch 001 | Batch 9640 | val_kld=3.326881 | val_ordacc@10=0.082022 | val_recall@10=0.441808
Epoch 001 | Batch 9640 | K-values: K1=23, K10=24, K20=28, K50=25, K100=28
Epoch 001 | Batch 9650 | val_kld=3.326881 | val_ordacc@10=0.082022 | val_recall@10=0.441808
Epoch 001 | Batch 9650 | K-values: K1=26, K10=24, K20=28, K50=29, K100=21
Epoch 001 | Batch 9660 | val_kld=3.326881 | val_ordacc@10=0.082022 | val_recall@10=0.441808
Epoch 001 | Batch 9660 | K-values: K1=23, K10=23, K20=35, K50=20, K100=27
Epoch 001 | Batch 9670 | val_kld=3.326881 | val_ordacc@10=0.082022 | val_recall@10=0.441808
Epoch 001 | Batch 9670 | K-values: K1=24, K10=29, K20=18, K50=25, K100=32
Epoch 001 | Batch 9680 | val_kld=3.326881 | val_ordacc@10=0.082022 | val_recall@10=0.441808
Epoch 001 | Batch 9680 | K-values: K1=22, K10=26, K20=28, K50=21, K100=31
Epoch 001 | Batch 9690 | val_kld=3.326881 | val_ordacc@10=0.082022 | val_recall@10=0.441808
Epoch 001 | Batch 9690 | K-values: K1=30, K10=23, K20=20, K50=31, K100=24
Epoch 001 | Batch 9700 | val_kld=3.326881 | val_ordacc@10=0.082022 | val_recall@10=0.441808
Epoch 001 | Batch 9700 | K-values: K1=16, K10=25, K20=30, K50=25, K100=32
Epoch 001 | Batch 9710 | val_kld=3.326881 | val_ordacc@10=0.082022 | val_recall@10=0.441808
Epoch 001 | Batch 9710 | K-values: K1=25, K10=31, K20=24, K50=24, K100=24
Epoch 001 | Batch 9720 | val_kld=3.326881 | val_ordacc@10=0.082022 | val_recall@10=0.441808
Epoch 001 | Batch 9720 | K-values: K1=30, K10=27, K20=22, K50=23, K100=26
Epoch 001 | Batch 9730 | val_kld=3.326881 | val_ordacc@10=0.082022 | val_recall@10=0.441808
Epoch 001 | Batch 9730 | K-values: K1=24, K10=25, K20=25, K50=31, K100=23
Epoch 001 | Batch 9740 | val_kld=3.326881 | val_ordacc@10=0.082022 | val_recall@10=0.441808
Epoch 001 | Batch 9740 | K-values: K1=26, K10=25, K20=27, K50=22, K100=28
Epoch 001 | Batch 9750 | val_kld=3.326881 | val_ordacc@10=0.082022 | val_recall@10=0.441808
Epoch 001 | Batch 9750 | K-values: K1=27, K10=28, K20=24, K50=25, K100=24
Epoch 001 | Batch 9760 | val_kld=3.326881 | val_ordacc@10=0.082022 | val_recall@10=0.441808
Epoch 001 | Batch 9760 | K-values: K1=27, K10=28, K20=31, K50=17, K100=25
Epoch 001 | Batch 9770 | val_kld=3.326881 | val_ordacc@10=0.082022 | val_recall@10=0.441808
Epoch 001 | Batch 9770 | K-values: K1=25, K10=32, K20=15, K50=30, K100=26
Epoch 001 | Batch 9780 | val_kld=3.326881 | val_ordacc@10=0.082022 | val_recall@10=0.441808
Epoch 001 | Batch 9780 | K-values: K1=26, K10=22, K20=31, K50=23, K100=26
Epoch 001 | Batch 9790 | val_kld=3.326881 | val_ordacc@10=0.082022 | val_recall@10=0.441808
Epoch 001 | Batch 9790 | K-values: K1=23, K10=24, K20=31, K50=30, K100=20
Epoch 001 | Batch 9800 | val_kld=3.326881 | val_ordacc@10=0.082022 | val_recall@10=0.441808
Epoch 001 | Batch 9800 | K-values: K1=25, K10=22, K20=26, K50=34, K100=21
Epoch 001 | Batch 9810 | val_kld=3.326881 | val_ordacc@10=0.082022 | val_recall@10=0.441808
Epoch 001 | Batch 9810 | K-values: K1=18, K10=21, K20=24, K50=30, K100=35
Epoch 001 | Batch 9820 | val_kld=3.326881 | val_ordacc@10=0.082022 | val_recall@10=0.441808
Epoch 001 | Batch 9820 | K-values: K1=31, K10=21, K20=22, K50=24, K100=30
Epoch 001 | Batch 9830 | val_kld=3.326881 | val_ordacc@10=0.082022 | val_recall@10=0.441808
Epoch 001 | Batch 9830 | K-values: K1=35, K10=18, K20=23, K50=33, K100=19
Epoch 001 | Batch 9840 | val_kld=3.326881 | val_ordacc@10=0.082022 | val_recall@10=0.441808
Epoch 001 | Batch 9840 | K-values: K1=33, K10=21, K20=34, K50=21, K100=19
Epoch 001 | Batch 9850 | val_kld=3.326881 | val_ordacc@10=0.082022 | val_recall@10=0.441808
Epoch 001 | Batch 9850 | K-values: K1=24, K10=20, K20=26, K50=24, K100=34
Epoch 001 | Batch 9860 | val_kld=3.326881 | val_ordacc@10=0.082022 | val_recall@10=0.441808
Epoch 001 | Batch 9860 | K-values: K1=23, K10=26, K20=17, K50=36, K100=26
Epoch 001 | Batch 9870 | val_kld=3.326881 | val_ordacc@10=0.082022 | val_recall@10=0.441808
Epoch 001 | Batch 9870 | K-values: K1=24, K10=28, K20=27, K50=24, K100=25
Epoch 001 | Batch 9880 | val_kld=3.326881 | val_ordacc@10=0.082022 | val_recall@10=0.441808
Epoch 001 | Batch 9880 | K-values: K1=24, K10=32, K20=23, K50=22, K100=27
Epoch 001 | Batch 9890 | val_kld=3.326881 | val_ordacc@10=0.082022 | val_recall@10=0.441808
Epoch 001 | Batch 9890 | K-values: K1=23, K10=31, K20=30, K50=15, K100=29
Epoch 001 | Batch 9900 | val_kld=3.326881 | val_ordacc@10=0.082022 | val_recall@10=0.441808
Epoch 001 | Batch 9900 | K-values: K1=28, K10=27, K20=28, K50=20, K100=25
Epoch 001 | Batch 9910 | val_kld=3.326881 | val_ordacc@10=0.082022 | val_recall@10=0.441808
Epoch 001 | Batch 9910 | K-values: K1=31, K10=20, K20=30, K50=21, K100=26
Epoch 001 | Batch 9920 | val_kld=3.326881 | val_ordacc@10=0.082022 | val_recall@10=0.441808
Epoch 001 | Batch 9920 | K-values: K1=27, K10=39, K20=27, K50=16, K100=19
Epoch 001 | Batch 9930 | val_kld=3.326881 | val_ordacc@10=0.082022 | val_recall@10=0.441808
Epoch 001 | Batch 9930 | K-values: K1=21, K10=23, K20=26, K50=36, K100=22
Epoch 001 | Batch 9940 | val_kld=3.326881 | val_ordacc@10=0.082022 | val_recall@10=0.441808
Epoch 001 | Batch 9940 | K-values: K1=19, K10=23, K20=32, K50=23, K100=31
Epoch 001 | Batch 9950 | val_kld=3.326881 | val_ordacc@10=0.082022 | val_recall@10=0.441808
Epoch 001 | Batch 9950 | K-values: K1=21, K10=29, K20=24, K50=28, K100=26
Epoch 001 | Batch 9960 | val_kld=3.326881 | val_ordacc@10=0.082022 | val_recall@10=0.441808
Epoch 001 | Batch 9960 | K-values: K1=20, K10=20, K20=34, K50=28, K100=26
Epoch 001 | Batch 9970 | val_kld=3.326881 | val_ordacc@10=0.082022 | val_recall@10=0.441808
Epoch 001 | Batch 9970 | K-values: K1=27, K10=22, K20=29, K50=25, K100=25
Epoch 001 | Batch 9980 | val_kld=3.326881 | val_ordacc@10=0.082022 | val_recall@10=0.441808
Epoch 001 | Batch 9980 | K-values: K1=26, K10=24, K20=28, K50=23, K100=27
Epoch 001 | Batch 9990 | val_kld=3.326881 | val_ordacc@10=0.082022 | val_recall@10=0.441808
Epoch 001 | Batch 9990 | K-values: K1=27, K10=28, K20=25, K50=23, K100=25
Epoch 001 | Batch 10000 | val_kld=3.326881 | val_ordacc@10=0.082022 | val_recall@10=0.441808
Epoch 001 | Batch 10000 | K-values: K1=20, K10=22, K20=33, K50=31, K100=22
Epoch 001 | Batch 10010 | val_kld=3.326881 | val_ordacc@10=0.082022 | val_recall@10=0.441808
Epoch 001 | Batch 10010 | K-values: K1=20, K10=31, K20=25, K50=25, K100=27
Epoch 001 | Batch 10020 | val_kld=3.326881 | val_ordacc@10=0.082022 | val_recall@10=0.441808
Epoch 001 | Batch 10020 | K-values: K1=24, K10=35, K20=30, K50=17, K100=22
Epoch 001 | Batch 10030 | val_kld=3.326881 | val_ordacc@10=0.082022 | val_recall@10=0.441808
Epoch 001 | Batch 10030 | K-values: K1=27, K10=26, K20=20, K50=24, K100=31
Epoch 001 | Batch 10040 | val_kld=3.326881 | val_ordacc@10=0.082022 | val_recall@10=0.441808
Epoch 001 | Batch 10040 | K-values: K1=30, K10=27, K20=25, K50=26, K100=20
Epoch 001 | Batch 10050 | val_kld=3.326881 | val_ordacc@10=0.082022 | val_recall@10=0.441808
Epoch 001 | Batch 10050 | K-values: K1=17, K10=24, K20=27, K50=36, K100=24
Epoch 001 | Batch 10060 | val_kld=3.326881 | val_ordacc@10=0.082022 | val_recall@10=0.441808
Epoch 001 | Batch 10060 | K-values: K1=28, K10=34, K20=20, K50=18, K100=28
Epoch 001 | Batch 10070 | val_kld=3.326881 | val_ordacc@10=0.082022 | val_recall@10=0.441808
Epoch 001 | Batch 10070 | K-values: K1=24, K10=21, K20=25, K50=23, K100=35
Epoch 001 | Batch 10080 | val_kld=3.326881 | val_ordacc@10=0.082022 | val_recall@10=0.441808
Epoch 001 | Batch 10080 | K-values: K1=23, K10=21, K20=27, K50=28, K100=29
Epoch 001 | Batch 10090 | val_kld=3.326881 | val_ordacc@10=0.082022 | val_recall@10=0.441808
Epoch 001 | Batch 10090 | K-values: K1=32, K10=22, K20=22, K50=23, K100=29
Epoch 001 | Batch 10100 | val_kld=3.326881 | val_ordacc@10=0.082022 | val_recall@10=0.441808
Epoch 001 | Batch 10100 | K-values: K1=28, K10=33, K20=16, K50=22, K100=29
Epoch 001 | Batch 10110 | val_kld=3.326881 | val_ordacc@10=0.082022 | val_recall@10=0.441808
Epoch 001 | Batch 10110 | K-values: K1=23, K10=25, K20=24, K50=27, K100=29
Epoch 001 | Batch 10120 | val_kld=3.326881 | val_ordacc@10=0.082022 | val_recall@10=0.441808
Epoch 001 | Batch 10120 | K-values: K1=35, K10=19, K20=27, K50=16, K100=31
Epoch 001 | Batch 10130 | val_kld=3.326881 | val_ordacc@10=0.082022 | val_recall@10=0.441808
Epoch 001 | Batch 10130 | K-values: K1=20, K10=34, K20=25, K50=25, K100=24
Epoch 001 | Batch 10140 | val_kld=3.326881 | val_ordacc@10=0.082022 | val_recall@10=0.441808
Epoch 001 | Batch 10140 | K-values: K1=23, K10=15, K20=28, K50=24, K100=38
Epoch 001 | Batch 10150 | val_kld=3.326881 | val_ordacc@10=0.082022 | val_recall@10=0.441808
Epoch 001 | Batch 10150 | K-values: K1=29, K10=25, K20=30, K50=24, K100=20
Epoch 001 | Batch 10160 | val_kld=3.326881 | val_ordacc@10=0.082022 | val_recall@10=0.441808
Epoch 001 | Batch 10160 | K-values: K1=24, K10=20, K20=24, K50=36, K100=24
Epoch 001 | Batch 10170 | val_kld=3.326881 | val_ordacc@10=0.082022 | val_recall@10=0.441808
Epoch 001 | Batch 10170 | K-values: K1=33, K10=23, K20=28, K50=20, K100=24
Epoch 001 | Batch 10180 | val_kld=3.326881 | val_ordacc@10=0.082022 | val_recall@10=0.441808
Epoch 001 | Batch 10180 | K-values: K1=27, K10=26, K20=25, K50=23, K100=27
Epoch 001 | Batch 10190 | val_kld=3.326881 | val_ordacc@10=0.082022 | val_recall@10=0.441808
Epoch 001 | Batch 10190 | K-values: K1=26, K10=29, K20=23, K50=26, K100=24
Epoch 001 | Batch 10200 | val_kld=3.326881 | val_ordacc@10=0.082022 | val_recall@10=0.441808
Epoch 001 | Batch 10200 | K-values: K1=20, K10=29, K20=21, K50=31, K100=27
Epoch 001 | Batch 10210 | val_kld=3.326881 | val_ordacc@10=0.082022 | val_recall@10=0.441808
Epoch 001 | Batch 10210 | K-values: K1=19, K10=21, K20=40, K50=23, K100=25
Epoch 001 | Batch 10220 | val_kld=3.326881 | val_ordacc@10=0.082022 | val_recall@10=0.441808
Epoch 001 | Batch 10220 | K-values: K1=23, K10=21, K20=31, K50=26, K100=27
Epoch 001 | Batch 10230 | val_kld=3.326881 | val_ordacc@10=0.082022 | val_recall@10=0.441808
Epoch 001 | Batch 10230 | K-values: K1=29, K10=20, K20=31, K50=19, K100=29
Epoch 001 | Batch 10240 | val_kld=3.326881 | val_ordacc@10=0.082022 | val_recall@10=0.441808
Epoch 001 | Batch 10240 | K-values: K1=27, K10=28, K20=17, K50=24, K100=32
Epoch 001 | Batch 10250 | val_kld=3.326881 | val_ordacc@10=0.082022 | val_recall@10=0.441808
Epoch 001 | Batch 10250 | K-values: K1=30, K10=26, K20=22, K50=25, K100=25
Epoch 001 | Batch 10260 | val_kld=3.326881 | val_ordacc@10=0.082022 | val_recall@10=0.441808
Epoch 001 | Batch 10260 | K-values: K1=31, K10=26, K20=26, K50=29, K100=16
Epoch 001 | Batch 10270 | val_kld=3.326881 | val_ordacc@10=0.082022 | val_recall@10=0.441808
Epoch 001 | Batch 10270 | K-values: K1=27, K10=24, K20=25, K50=26, K100=26
Epoch 001 | Batch 10280 | val_kld=3.326881 | val_ordacc@10=0.082022 | val_recall@10=0.441808
Epoch 001 | Batch 10280 | K-values: K1=35, K10=16, K20=23, K50=24, K100=30
Epoch 001 | Batch 10290 | val_kld=3.326881 | val_ordacc@10=0.082022 | val_recall@10=0.441808
Epoch 001 | Batch 10290 | K-values: K1=26, K10=29, K20=28, K50=20, K100=25
Epoch 001 | Batch 10300 | val_kld=3.326881 | val_ordacc@10=0.082022 | val_recall@10=0.441808
Epoch 001 | Batch 10300 | K-values: K1=22, K10=25, K20=27, K50=23, K100=31
Epoch 001 | Batch 10310 | val_kld=3.326881 | val_ordacc@10=0.082022 | val_recall@10=0.441808
Epoch 001 | Batch 10310 | K-values: K1=27, K10=29, K20=28, K50=25, K100=19
Epoch 001 | Batch 10320 | val_kld=3.326881 | val_ordacc@10=0.082022 | val_recall@10=0.441808
Epoch 001 | Batch 10320 | K-values: K1=21, K10=19, K20=33, K50=28, K100=27
Epoch 001 | Batch 10330 | val_kld=3.326881 | val_ordacc@10=0.082022 | val_recall@10=0.441808
Epoch 001 | Batch 10330 | K-values: K1=25, K10=22, K20=37, K50=23, K100=21
Epoch 001 | Batch 10340 | val_kld=3.326881 | val_ordacc@10=0.082022 | val_recall@10=0.441808
Epoch 001 | Batch 10340 | K-values: K1=21, K10=24, K20=28, K50=31, K100=24
Epoch 001 | Batch 10350 | val_kld=3.326881 | val_ordacc@10=0.082022 | val_recall@10=0.441808
Epoch 001 | Batch 10350 | K-values: K1=34, K10=29, K20=18, K50=23, K100=24
Epoch 001 | Batch 10360 | val_kld=3.326881 | val_ordacc@10=0.082022 | val_recall@10=0.441808
Epoch 001 | Batch 10360 | K-values: K1=25, K10=31, K20=23, K50=19, K100=30
Epoch 001 | Batch 10370 | val_kld=3.326881 | val_ordacc@10=0.082022 | val_recall@10=0.441808
Epoch 001 | Batch 10370 | K-values: K1=29, K10=26, K20=26, K50=25, K100=22
Epoch 001 | Batch 10380 | val_kld=3.326881 | val_ordacc@10=0.082022 | val_recall@10=0.441808
Epoch 001 | Batch 10380 | K-values: K1=22, K10=31, K20=26, K50=27, K100=22
Epoch 001 | Batch 10390 | val_kld=3.326881 | val_ordacc@10=0.082022 | val_recall@10=0.441808
Epoch 001 | Batch 10390 | K-values: K1=16, K10=29, K20=34, K50=25, K100=24
Epoch 001 | Batch 10400 | val_kld=3.326881 | val_ordacc@10=0.082022 | val_recall@10=0.441808
Epoch 001 | Batch 10400 | K-values: K1=24, K10=27, K20=25, K50=23, K100=29
Epoch 001 | Batch 10410 | val_kld=3.326881 | val_ordacc@10=0.082022 | val_recall@10=0.441808
Epoch 001 | Batch 10410 | K-values: K1=26, K10=26, K20=29, K50=23, K100=24
Epoch 001 | Batch 10420 | val_kld=3.326881 | val_ordacc@10=0.082022 | val_recall@10=0.441808
Epoch 001 | Batch 10420 | K-values: K1=22, K10=17, K20=33, K50=31, K100=25
Epoch 001 | Batch 10430 | val_kld=3.326881 | val_ordacc@10=0.082022 | val_recall@10=0.441808
Epoch 001 | Batch 10430 | K-values: K1=17, K10=33, K20=28, K50=30, K100=20
Epoch 001 | Batch 10440 | val_kld=3.326881 | val_ordacc@10=0.082022 | val_recall@10=0.441808
Epoch 001 | Batch 10440 | K-values: K1=17, K10=25, K20=24, K50=34, K100=28
Epoch 001 | Batch 10450 | val_kld=3.326881 | val_ordacc@10=0.082022 | val_recall@10=0.441808
Epoch 001 | Batch 10450 | K-values: K1=30, K10=27, K20=28, K50=20, K100=23
Epoch 001 | Batch 10460 | val_kld=3.326881 | val_ordacc@10=0.082022 | val_recall@10=0.441808
Epoch 001 | Batch 10460 | K-values: K1=28, K10=32, K20=21, K50=23, K100=24
Epoch 001 | Batch 10470 | val_kld=3.326881 | val_ordacc@10=0.082022 | val_recall@10=0.441808
Epoch 001 | Batch 10470 | K-values: K1=20, K10=22, K20=23, K50=28, K100=35
Epoch 001 | Batch 10480 | val_kld=3.326881 | val_ordacc@10=0.082022 | val_recall@10=0.441808
Epoch 001 | Batch 10480 | K-values: K1=23, K10=20, K20=26, K50=37, K100=22
Epoch 001 | Batch 10490 | val_kld=3.326881 | val_ordacc@10=0.082022 | val_recall@10=0.441808
Epoch 001 | Batch 10490 | K-values: K1=22, K10=31, K20=24, K50=28, K100=23
Epoch 001 | Batch 10500 | val_kld=3.326881 | val_ordacc@10=0.082022 | val_recall@10=0.441808
Epoch 001 | Batch 10500 | K-values: K1=39, K10=27, K20=17, K50=21, K100=24
Epoch 001 | Batch 10510 | val_kld=3.326881 | val_ordacc@10=0.082022 | val_recall@10=0.441808
Epoch 001 | Batch 10510 | K-values: K1=26, K10=26, K20=24, K50=34, K100=18
Epoch 001 | Batch 10520 | val_kld=3.326881 | val_ordacc@10=0.082022 | val_recall@10=0.441808
Epoch 001 | Batch 10520 | K-values: K1=28, K10=19, K20=27, K50=30, K100=24
Epoch 001 | Batch 10530 | val_kld=3.326881 | val_ordacc@10=0.082022 | val_recall@10=0.441808
Epoch 001 | Batch 10530 | K-values: K1=36, K10=31, K20=17, K50=22, K100=22
Epoch 001 | Batch 10540 | val_kld=3.326881 | val_ordacc@10=0.082022 | val_recall@10=0.441808
Epoch 001 | Batch 10540 | K-values: K1=22, K10=24, K20=27, K50=29, K100=26
Epoch 001 | Batch 10550 | val_kld=3.326881 | val_ordacc@10=0.082022 | val_recall@10=0.441808
Epoch 001 | Batch 10550 | K-values: K1=40, K10=26, K20=11, K50=32, K100=19
Epoch 001 | Batch 10560 | val_kld=3.326881 | val_ordacc@10=0.082022 | val_recall@10=0.441808
Epoch 001 | Batch 10560 | K-values: K1=30, K10=30, K20=24, K50=25, K100=19
Epoch 001 | Batch 10570 | val_kld=3.326881 | val_ordacc@10=0.082022 | val_recall@10=0.441808
Epoch 001 | Batch 10570 | K-values: K1=27, K10=34, K20=22, K50=24, K100=21
Epoch 001 | Batch 10580 | val_kld=3.326881 | val_ordacc@10=0.082022 | val_recall@10=0.441808
Epoch 001 | Batch 10580 | K-values: K1=28, K10=22, K20=23, K50=28, K100=27
Epoch 001 | Batch 10590 | val_kld=3.326881 | val_ordacc@10=0.082022 | val_recall@10=0.441808
Epoch 001 | Batch 10590 | K-values: K1=17, K10=20, K20=29, K50=26, K100=36
Epoch 001 | Batch 10600 | val_kld=3.326881 | val_ordacc@10=0.082022 | val_recall@10=0.441808
Epoch 001 | Batch 10600 | K-values: K1=21, K10=26, K20=19, K50=28, K100=34
Epoch 001 | Batch 10610 | val_kld=3.326881 | val_ordacc@10=0.082022 | val_recall@10=0.441808
Epoch 001 | Batch 10610 | K-values: K1=27, K10=21, K20=25, K50=37, K100=18
Epoch 001 | Batch 10620 | val_kld=3.326881 | val_ordacc@10=0.082022 | val_recall@10=0.441808
Epoch 001 | Batch 10620 | K-values: K1=21, K10=28, K20=24, K50=24, K100=31
Epoch 001 | Batch 10630 | val_kld=3.326881 | val_ordacc@10=0.082022 | val_recall@10=0.441808
Epoch 001 | Batch 10630 | K-values: K1=30, K10=26, K20=21, K50=28, K100=23
Epoch 001 | Batch 10640 | val_kld=3.326881 | val_ordacc@10=0.082022 | val_recall@10=0.441808
Epoch 001 | Batch 10640 | K-values: K1=29, K10=21, K20=26, K50=32, K100=20
Epoch 001 | Batch 10650 | val_kld=3.326881 | val_ordacc@10=0.082022 | val_recall@10=0.441808
Epoch 001 | Batch 10650 | K-values: K1=24, K10=22, K20=27, K50=29, K100=26
Epoch 001 | Batch 10660 | val_kld=3.326881 | val_ordacc@10=0.082022 | val_recall@10=0.441808
Epoch 001 | Batch 10660 | K-values: K1=21, K10=31, K20=28, K50=23, K100=25
Epoch 001 | Batch 10670 | val_kld=3.326881 | val_ordacc@10=0.082022 | val_recall@10=0.441808
Epoch 001 | Batch 10670 | K-values: K1=30, K10=22, K20=30, K50=26, K100=20
Epoch 001 | Batch 10680 | val_kld=3.326881 | val_ordacc@10=0.082022 | val_recall@10=0.441808
Epoch 001 | Batch 10680 | K-values: K1=21, K10=30, K20=16, K50=34, K100=27
Epoch 001 | Batch 10690 | val_kld=3.326881 | val_ordacc@10=0.082022 | val_recall@10=0.441808
Epoch 001 | Batch 10690 | K-values: K1=21, K10=20, K20=33, K50=25, K100=29
Epoch 001 | Batch 10700 | val_kld=3.326881 | val_ordacc@10=0.082022 | val_recall@10=0.441808
Epoch 001 | Batch 10700 | K-values: K1=26, K10=25, K20=22, K50=24, K100=31
Epoch 001 | Batch 10710 | val_kld=3.326881 | val_ordacc@10=0.082022 | val_recall@10=0.441808
Epoch 001 | Batch 10710 | K-values: K1=29, K10=23, K20=23, K50=27, K100=26
Epoch 001 | Batch 10720 | val_kld=3.326881 | val_ordacc@10=0.082022 | val_recall@10=0.441808
Epoch 001 | Batch 10720 | K-values: K1=32, K10=29, K20=12, K50=32, K100=23
Epoch 001 | Batch 10730 | val_kld=3.326881 | val_ordacc@10=0.082022 | val_recall@10=0.441808
Epoch 001 | Batch 10730 | K-values: K1=19, K10=33, K20=22, K50=26, K100=28
Epoch 001 | Batch 10740 | val_kld=3.326881 | val_ordacc@10=0.082022 | val_recall@10=0.441808
Epoch 001 | Batch 10740 | K-values: K1=24, K10=25, K20=28, K50=22, K100=29
Epoch 001 | Batch 10750 | val_kld=3.326881 | val_ordacc@10=0.082022 | val_recall@10=0.441808
Epoch 001 | Batch 10750 | K-values: K1=27, K10=22, K20=32, K50=22, K100=25
Epoch 001 | Batch 10760 | val_kld=3.326881 | val_ordacc@10=0.082022 | val_recall@10=0.441808
Epoch 001 | Batch 10760 | K-values: K1=27, K10=23, K20=25, K50=27, K100=26
Epoch 001 | Batch 10770 | val_kld=3.326881 | val_ordacc@10=0.082022 | val_recall@10=0.441808
Epoch 001 | Batch 10770 | K-values: K1=27, K10=25, K20=22, K50=27, K100=27
Epoch 001 | Batch 10780 | val_kld=3.326881 | val_ordacc@10=0.082022 | val_recall@10=0.441808
Epoch 001 | Batch 10780 | K-values: K1=24, K10=27, K20=17, K50=33, K100=27
Epoch 001 | Batch 10790 | val_kld=3.326881 | val_ordacc@10=0.082022 | val_recall@10=0.441808
Epoch 001 | Batch 10790 | K-values: K1=30, K10=20, K20=17, K50=33, K100=28
Epoch 001 | Batch 10800 | val_kld=3.326881 | val_ordacc@10=0.082022 | val_recall@10=0.441808
Epoch 001 | Batch 10800 | K-values: K1=25, K10=23, K20=24, K50=28, K100=28
Epoch 001 | Batch 10810 | val_kld=3.326881 | val_ordacc@10=0.082022 | val_recall@10=0.441808
Epoch 001 | Batch 10810 | K-values: K1=30, K10=21, K20=22, K50=26, K100=29
Epoch 001 | Batch 10820 | val_kld=3.326881 | val_ordacc@10=0.082022 | val_recall@10=0.441808
Epoch 001 | Batch 10820 | K-values: K1=27, K10=23, K20=29, K50=29, K100=20
Epoch 001 | Batch 10830 | val_kld=3.326881 | val_ordacc@10=0.082022 | val_recall@10=0.441808
Epoch 001 | Batch 10830 | K-values: K1=29, K10=26, K20=22, K50=26, K100=25
Epoch 001 | Batch 10840 | val_kld=3.326881 | val_ordacc@10=0.082022 | val_recall@10=0.441808
Epoch 001 | Batch 10840 | K-values: K1=22, K10=30, K20=26, K50=33, K100=17
Epoch 001 | Batch 10850 | val_kld=3.326881 | val_ordacc@10=0.082022 | val_recall@10=0.441808
Epoch 001 | Batch 10850 | K-values: K1=31, K10=29, K20=17, K50=20, K100=31
Epoch 001 | Batch 10860 | val_kld=3.326881 | val_ordacc@10=0.082022 | val_recall@10=0.441808
Epoch 001 | Batch 10860 | K-values: K1=22, K10=23, K20=24, K50=36, K100=23
Epoch 001 | Batch 10870 | val_kld=3.326881 | val_ordacc@10=0.082022 | val_recall@10=0.441808
Epoch 001 | Batch 10870 | K-values: K1=29, K10=21, K20=25, K50=27, K100=26
Epoch 001 | Batch 10880 | val_kld=3.326881 | val_ordacc@10=0.082022 | val_recall@10=0.441808
Epoch 001 | Batch 10880 | K-values: K1=31, K10=17, K20=23, K50=30, K100=27
Epoch 001 | Batch 10890 | val_kld=3.326881 | val_ordacc@10=0.082022 | val_recall@10=0.441808
Epoch 001 | Batch 10890 | K-values: K1=24, K10=25, K20=27, K50=30, K100=22
Epoch 001 | Batch 10900 | val_kld=3.326881 | val_ordacc@10=0.082022 | val_recall@10=0.441808
Epoch 001 | Batch 10900 | K-values: K1=26, K10=23, K20=23, K50=29, K100=27
Epoch 001 | Batch 10910 | val_kld=3.326881 | val_ordacc@10=0.082022 | val_recall@10=0.441808
Epoch 001 | Batch 10910 | K-values: K1=18, K10=26, K20=27, K50=25, K100=32
Epoch 001 | Batch 10920 | val_kld=3.326881 | val_ordacc@10=0.082022 | val_recall@10=0.441808
Epoch 001 | Batch 10920 | K-values: K1=21, K10=25, K20=21, K50=33, K100=28
Epoch 001 | Batch 10930 | val_kld=3.326881 | val_ordacc@10=0.082022 | val_recall@10=0.441808
Epoch 001 | Batch 10930 | K-values: K1=20, K10=36, K20=24, K50=27, K100=21
Epoch 001 | Batch 10940 | val_kld=3.326881 | val_ordacc@10=0.082022 | val_recall@10=0.441808
Epoch 001 | Batch 10940 | K-values: K1=21, K10=26, K20=28, K50=30, K100=23
Epoch 001 | Batch 10950 | val_kld=3.326881 | val_ordacc@10=0.082022 | val_recall@10=0.441808
Epoch 001 | Batch 10950 | K-values: K1=27, K10=22, K20=23, K50=28, K100=28
Epoch 001 | Batch 10960 | val_kld=3.326881 | val_ordacc@10=0.082022 | val_recall@10=0.441808
Epoch 001 | Batch 10960 | K-values: K1=25, K10=23, K20=25, K50=34, K100=21
Epoch 001 | Batch 10970 | val_kld=3.326881 | val_ordacc@10=0.082022 | val_recall@10=0.441808
Epoch 001 | Batch 10970 | K-values: K1=25, K10=26, K20=25, K50=23, K100=29
Epoch 001 | Batch 10980 | val_kld=3.326881 | val_ordacc@10=0.082022 | val_recall@10=0.441808
Epoch 001 | Batch 10980 | K-values: K1=36, K10=24, K20=25, K50=22, K100=21
Epoch 001 | Batch 10990 | val_kld=3.326881 | val_ordacc@10=0.082022 | val_recall@10=0.441808
Epoch 001 | Batch 10990 | K-values: K1=23, K10=32, K20=23, K50=21, K100=29
Epoch 001 | Batch 11000 | val_kld=3.326881 | val_ordacc@10=0.082022 | val_recall@10=0.441808
Epoch 001 | Batch 11000 | K-values: K1=21, K10=24, K20=34, K50=24, K100=25
Epoch 001 | Batch 11010 | val_kld=3.326881 | val_ordacc@10=0.082022 | val_recall@10=0.441808
Epoch 001 | Batch 11010 | K-values: K1=25, K10=24, K20=26, K50=28, K100=25
Epoch 001 | Batch 11020 | val_kld=3.326881 | val_ordacc@10=0.082022 | val_recall@10=0.441808
Epoch 001 | Batch 11020 | K-values: K1=19, K10=32, K20=31, K50=24, K100=22
Epoch 001 | Batch 11030 | val_kld=3.326881 | val_ordacc@10=0.082022 | val_recall@10=0.441808
Epoch 001 | Batch 11030 | K-values: K1=30, K10=25, K20=19, K50=26, K100=28
Epoch 001 | Batch 11040 | val_kld=3.326881 | val_ordacc@10=0.082022 | val_recall@10=0.441808
Epoch 001 | Batch 11040 | K-values: K1=16, K10=32, K20=25, K50=22, K100=33
Epoch 001 | Batch 11050 | val_kld=3.326881 | val_ordacc@10=0.082022 | val_recall@10=0.441808
Epoch 001 | Batch 11050 | K-values: K1=29, K10=26, K20=25, K50=23, K100=25
Epoch 001 | Batch 11060 | val_kld=3.326881 | val_ordacc@10=0.082022 | val_recall@10=0.441808
Epoch 001 | Batch 11060 | K-values: K1=25, K10=28, K20=34, K50=21, K100=20
Epoch 001 | Batch 11070 | val_kld=3.326881 | val_ordacc@10=0.082022 | val_recall@10=0.441808
Epoch 001 | Batch 11070 | K-values: K1=15, K10=32, K20=34, K50=22, K100=25
Epoch 001 | Batch 11080 | val_kld=3.326881 | val_ordacc@10=0.082022 | val_recall@10=0.441808
Epoch 001 | Batch 11080 | K-values: K1=29, K10=24, K20=25, K50=28, K100=22
Epoch 001 | Batch 11090 | val_kld=3.326881 | val_ordacc@10=0.082022 | val_recall@10=0.441808
Epoch 001 | Batch 11090 | K-values: K1=23, K10=22, K20=32, K50=24, K100=27
Epoch 001 | Batch 11100 | val_kld=3.326881 | val_ordacc@10=0.082022 | val_recall@10=0.441808
Epoch 001 | Batch 11100 | K-values: K1=25, K10=30, K20=31, K50=22, K100=20
Epoch 001 | Batch 11110 | val_kld=3.326881 | val_ordacc@10=0.082022 | val_recall@10=0.441808
Epoch 001 | Batch 11110 | K-values: K1=23, K10=23, K20=26, K50=30, K100=26
Epoch 001 | Batch 11120 | val_kld=3.326881 | val_ordacc@10=0.082022 | val_recall@10=0.441808
Epoch 001 | Batch 11120 | K-values: K1=36, K10=16, K20=17, K50=29, K100=30
Epoch 001 | Batch 11130 | val_kld=3.326881 | val_ordacc@10=0.082022 | val_recall@10=0.441808
Epoch 001 | Batch 11130 | K-values: K1=22, K10=22, K20=36, K50=24, K100=24
Epoch 001 | Batch 11140 | val_kld=3.326881 | val_ordacc@10=0.082022 | val_recall@10=0.441808
Epoch 001 | Batch 11140 | K-values: K1=24, K10=31, K20=22, K50=28, K100=23
Epoch 001 | Batch 11150 | val_kld=3.326881 | val_ordacc@10=0.082022 | val_recall@10=0.441808
Epoch 001 | Batch 11150 | K-values: K1=25, K10=27, K20=23, K50=28, K100=25
Epoch 001 | Batch 11160 | val_kld=3.326881 | val_ordacc@10=0.082022 | val_recall@10=0.441808
Epoch 001 | Batch 11160 | K-values: K1=23, K10=35, K20=19, K50=21, K100=30
Epoch 001 | Batch 11170 | val_kld=3.326881 | val_ordacc@10=0.082022 | val_recall@10=0.441808
Epoch 001 | Batch 11170 | K-values: K1=21, K10=28, K20=21, K50=32, K100=26
Epoch 001 | Batch 11180 | val_kld=3.326881 | val_ordacc@10=0.082022 | val_recall@10=0.441808
Epoch 001 | Batch 11180 | K-values: K1=26, K10=20, K20=22, K50=35, K100=25
Epoch 001 | Batch 11190 | val_kld=3.326881 | val_ordacc@10=0.082022 | val_recall@10=0.441808
Epoch 001 | Batch 11190 | K-values: K1=29, K10=22, K20=30, K50=21, K100=26
Epoch 001 | Batch 11200 | val_kld=3.326881 | val_ordacc@10=0.082022 | val_recall@10=0.441808
Epoch 001 | Batch 11200 | K-values: K1=27, K10=32, K20=25, K50=17, K100=27
Epoch 001 | Batch 11210 | val_kld=3.326881 | val_ordacc@10=0.082022 | val_recall@10=0.441808
Epoch 001 | Batch 11210 | K-values: K1=21, K10=30, K20=25, K50=23, K100=29
Epoch 001 | Batch 11220 | val_kld=3.326881 | val_ordacc@10=0.082022 | val_recall@10=0.441808
Epoch 001 | Batch 11220 | K-values: K1=21, K10=26, K20=29, K50=28, K100=24
Epoch 001 | Batch 11230 | val_kld=3.326881 | val_ordacc@10=0.082022 | val_recall@10=0.441808
Epoch 001 | Batch 11230 | K-values: K1=30, K10=23, K20=28, K50=23, K100=24
Epoch 001 | Batch 11240 | val_kld=3.326881 | val_ordacc@10=0.082022 | val_recall@10=0.441808
Epoch 001 | Batch 11240 | K-values: K1=22, K10=23, K20=29, K50=30, K100=24
Epoch 001 | Batch 11250 | val_kld=3.326881 | val_ordacc@10=0.082022 | val_recall@10=0.441808
Epoch 001 | Batch 11250 | K-values: K1=24, K10=28, K20=23, K50=20, K100=33
Epoch 001 | Batch 11260 | val_kld=3.326881 | val_ordacc@10=0.082022 | val_recall@10=0.441808
Epoch 001 | Batch 11260 | K-values: K1=33, K10=18, K20=23, K50=28, K100=26
Epoch 001 | Batch 11270 | val_kld=3.326881 | val_ordacc@10=0.082022 | val_recall@10=0.441808
Epoch 001 | Batch 11270 | K-values: K1=28, K10=25, K20=27, K50=26, K100=22
Epoch 001 | Batch 11280 | val_kld=3.326881 | val_ordacc@10=0.082022 | val_recall@10=0.441808
Epoch 001 | Batch 11280 | K-values: K1=23, K10=31, K20=25, K50=33, K100=16
Epoch 001 | Batch 11290 | val_kld=3.326881 | val_ordacc@10=0.082022 | val_recall@10=0.441808
Epoch 001 | Batch 11290 | K-values: K1=30, K10=25, K20=27, K50=17, K100=29
Epoch 001 | Batch 11300 | val_kld=3.326881 | val_ordacc@10=0.082022 | val_recall@10=0.441808
Epoch 001 | Batch 11300 | K-values: K1=32, K10=29, K20=26, K50=18, K100=23
Epoch 001 | Batch 11310 | val_kld=3.326881 | val_ordacc@10=0.082022 | val_recall@10=0.441808
Epoch 001 | Batch 11310 | K-values: K1=15, K10=29, K20=27, K50=35, K100=22
Epoch 001 | Batch 11320 | val_kld=3.326881 | val_ordacc@10=0.082022 | val_recall@10=0.441808
Epoch 001 | Batch 11320 | K-values: K1=19, K10=22, K20=25, K50=35, K100=27
Epoch 001 | Batch 11330 | val_kld=3.326881 | val_ordacc@10=0.082022 | val_recall@10=0.441808
Epoch 001 | Batch 11330 | K-values: K1=30, K10=22, K20=33, K50=22, K100=21
Epoch 001 | Batch 11340 | val_kld=3.326881 | val_ordacc@10=0.082022 | val_recall@10=0.441808
Epoch 001 | Batch 11340 | K-values: K1=25, K10=29, K20=26, K50=32, K100=16
Epoch 001 | Batch 11350 | val_kld=3.326881 | val_ordacc@10=0.082022 | val_recall@10=0.441808
Epoch 001 | Batch 11350 | K-values: K1=26, K10=31, K20=24, K50=18, K100=29
Epoch 001 | Batch 11360 | val_kld=3.326881 | val_ordacc@10=0.082022 | val_recall@10=0.441808
Epoch 001 | Batch 11360 | K-values: K1=25, K10=28, K20=28, K50=22, K100=25
Epoch 001 | Batch 11370 | val_kld=3.326881 | val_ordacc@10=0.082022 | val_recall@10=0.441808
Epoch 001 | Batch 11370 | K-values: K1=31, K10=37, K20=19, K50=22, K100=19
Epoch 001 | Batch 11380 | val_kld=3.326881 | val_ordacc@10=0.082022 | val_recall@10=0.441808
Epoch 001 | Batch 11380 | K-values: K1=23, K10=26, K20=24, K50=26, K100=29
Epoch 001 | Batch 11390 | val_kld=3.326881 | val_ordacc@10=0.082022 | val_recall@10=0.441808
Epoch 001 | Batch 11390 | K-values: K1=19, K10=21, K20=26, K50=39, K100=23
Epoch 001 | Batch 11400 | val_kld=3.326881 | val_ordacc@10=0.082022 | val_recall@10=0.441808
Epoch 001 | Batch 11400 | K-values: K1=33, K10=27, K20=22, K50=25, K100=21
Epoch 001 | Batch 11410 | val_kld=3.326881 | val_ordacc@10=0.082022 | val_recall@10=0.441808
Epoch 001 | Batch 11410 | K-values: K1=26, K10=26, K20=21, K50=24, K100=31
Epoch 001 | Batch 11420 | val_kld=3.326881 | val_ordacc@10=0.082022 | val_recall@10=0.441808
Epoch 001 | Batch 11420 | K-values: K1=32, K10=29, K20=22, K50=25, K100=20
Epoch 001 | Batch 11430 | val_kld=3.326881 | val_ordacc@10=0.082022 | val_recall@10=0.441808
Epoch 001 | Batch 11430 | K-values: K1=19, K10=35, K20=18, K50=24, K100=32
Epoch 001 | Batch 11440 | val_kld=3.326881 | val_ordacc@10=0.082022 | val_recall@10=0.441808
Epoch 001 | Batch 11440 | K-values: K1=21, K10=22, K20=25, K50=27, K100=33
Epoch 001 | Batch 11450 | val_kld=3.326881 | val_ordacc@10=0.082022 | val_recall@10=0.441808
Epoch 001 | Batch 11450 | K-values: K1=28, K10=22, K20=30, K50=25, K100=23
Epoch 001 | Batch 11460 | val_kld=3.326881 | val_ordacc@10=0.082022 | val_recall@10=0.441808
Epoch 001 | Batch 11460 | K-values: K1=23, K10=27, K20=22, K50=28, K100=28
Epoch 001 | Batch 11470 | val_kld=3.326881 | val_ordacc@10=0.082022 | val_recall@10=0.441808
Epoch 001 | Batch 11470 | K-values: K1=28, K10=25, K20=26, K50=25, K100=24
Epoch 001 | Batch 11480 | val_kld=3.326881 | val_ordacc@10=0.082022 | val_recall@10=0.441808
Epoch 001 | Batch 11480 | K-values: K1=30, K10=22, K20=30, K50=25, K100=21
Epoch 001 | Batch 11490 | val_kld=3.326881 | val_ordacc@10=0.082022 | val_recall@10=0.441808
Epoch 001 | Batch 11490 | K-values: K1=26, K10=29, K20=19, K50=26, K100=28
Epoch 001 | Batch 11500 | val_kld=3.326881 | val_ordacc@10=0.082022 | val_recall@10=0.441808
Epoch 001 | Batch 11500 | K-values: K1=26, K10=28, K20=30, K50=28, K100=16
Epoch 001 | Batch 11510 | val_kld=3.326881 | val_ordacc@10=0.082022 | val_recall@10=0.441808
Epoch 001 | Batch 11510 | K-values: K1=24, K10=30, K20=29, K50=23, K100=22
Epoch 001 | Batch 11520 | val_kld=3.326881 | val_ordacc@10=0.082022 | val_recall@10=0.441808
Epoch 001 | Batch 11520 | K-values: K1=19, K10=27, K20=24, K50=28, K100=30
Epoch 001 | Batch 11530 | val_kld=3.326881 | val_ordacc@10=0.082022 | val_recall@10=0.441808
Epoch 001 | Batch 11530 | K-values: K1=21, K10=31, K20=27, K50=27, K100=22
Epoch 001 | Batch 11540 | val_kld=3.326881 | val_ordacc@10=0.082022 | val_recall@10=0.441808
Epoch 001 | Batch 11540 | K-values: K1=28, K10=23, K20=27, K50=24, K100=26
Epoch 001 | Batch 11550 | val_kld=3.326881 | val_ordacc@10=0.082022 | val_recall@10=0.441808
Epoch 001 | Batch 11550 | K-values: K1=24, K10=32, K20=27, K50=29, K100=16
Epoch 001 | Batch 11560 | val_kld=3.326881 | val_ordacc@10=0.082022 | val_recall@10=0.441808
Epoch 001 | Batch 11560 | K-values: K1=30, K10=18, K20=23, K50=28, K100=29
Epoch 001 | Batch 11570 | val_kld=3.326881 | val_ordacc@10=0.082022 | val_recall@10=0.441808
Epoch 001 | Batch 11570 | K-values: K1=27, K10=25, K20=21, K50=29, K100=26
Epoch 001 | Batch 11580 | val_kld=3.326881 | val_ordacc@10=0.082022 | val_recall@10=0.441808
Epoch 001 | Batch 11580 | K-values: K1=25, K10=17, K20=36, K50=27, K100=23
Epoch 001 | Batch 11590 | val_kld=3.326881 | val_ordacc@10=0.082022 | val_recall@10=0.441808
Epoch 001 | Batch 11590 | K-values: K1=32, K10=23, K20=25, K50=17, K100=31
Epoch 001 | Batch 11600 | val_kld=3.326881 | val_ordacc@10=0.082022 | val_recall@10=0.441808
Epoch 001 | Batch 11600 | K-values: K1=20, K10=29, K20=27, K50=21, K100=31
Epoch 001 | Batch 11610 | val_kld=3.326881 | val_ordacc@10=0.082022 | val_recall@10=0.441808
Epoch 001 | Batch 11610 | K-values: K1=29, K10=17, K20=29, K50=26, K100=27
Epoch 001 | Batch 11620 | val_kld=3.326881 | val_ordacc@10=0.082022 | val_recall@10=0.441808
Epoch 001 | Batch 11620 | K-values: K1=16, K10=29, K20=25, K50=24, K100=34
Epoch 001 | Batch 11630 | val_kld=3.326881 | val_ordacc@10=0.082022 | val_recall@10=0.441808
Epoch 001 | Batch 11630 | K-values: K1=29, K10=28, K20=25, K50=19, K100=27
Epoch 001 | Batch 11640 | val_kld=3.326881 | val_ordacc@10=0.082022 | val_recall@10=0.441808
Epoch 001 | Batch 11640 | K-values: K1=23, K10=32, K20=27, K50=20, K100=26
Epoch 001 | Batch 11650 | val_kld=3.326881 | val_ordacc@10=0.082022 | val_recall@10=0.441808
Epoch 001 | Batch 11650 | K-values: K1=23, K10=25, K20=28, K50=32, K100=20
Epoch 001 | Batch 11660 | val_kld=3.326881 | val_ordacc@10=0.082022 | val_recall@10=0.441808
Epoch 001 | Batch 11660 | K-values: K1=31, K10=32, K20=22, K50=25, K100=18
Epoch 001 | Batch 11670 | val_kld=3.326881 | val_ordacc@10=0.082022 | val_recall@10=0.441808
Epoch 001 | Batch 11670 | K-values: K1=23, K10=24, K20=26, K50=27, K100=28
Epoch 001 | Batch 11680 | val_kld=3.326881 | val_ordacc@10=0.082022 | val_recall@10=0.441808
Epoch 001 | Batch 11680 | K-values: K1=28, K10=22, K20=33, K50=25, K100=20
Epoch 001 | Batch 11690 | val_kld=3.326881 | val_ordacc@10=0.082022 | val_recall@10=0.441808
Epoch 001 | Batch 11690 | K-values: K1=34, K10=30, K20=25, K50=16, K100=23
Epoch 001 | Batch 11700 | val_kld=3.326881 | val_ordacc@10=0.082022 | val_recall@10=0.441808
Epoch 001 | Batch 11700 | K-values: K1=28, K10=24, K20=24, K50=34, K100=18
Epoch 001 | Batch 11710 | val_kld=3.326881 | val_ordacc@10=0.082022 | val_recall@10=0.441808
Epoch 001 | Batch 11710 | K-values: K1=30, K10=25, K20=27, K50=26, K100=20
Epoch 001 | Batch 11720 | val_kld=3.326881 | val_ordacc@10=0.082022 | val_recall@10=0.441808
Epoch 001 | Batch 11720 | K-values: K1=25, K10=32, K20=23, K50=28, K100=20
Epoch 001 | Batch 11730 | val_kld=3.326881 | val_ordacc@10=0.082022 | val_recall@10=0.441808
Epoch 001 | Batch 11730 | K-values: K1=27, K10=26, K20=16, K50=29, K100=30
Epoch 001 | Batch 11740 | val_kld=3.326881 | val_ordacc@10=0.082022 | val_recall@10=0.441808
Epoch 001 | Batch 11740 | K-values: K1=30, K10=19, K20=23, K50=32, K100=24
Epoch 001 | Batch 11750 | val_kld=3.326881 | val_ordacc@10=0.082022 | val_recall@10=0.441808
Epoch 001 | Batch 11750 | K-values: K1=31, K10=26, K20=27, K50=22, K100=22
Epoch 001 | Batch 11760 | val_kld=3.326881 | val_ordacc@10=0.082022 | val_recall@10=0.441808
Epoch 001 | Batch 11760 | K-values: K1=28, K10=23, K20=24, K50=26, K100=27
Epoch 001 | Batch 11770 | val_kld=3.326881 | val_ordacc@10=0.082022 | val_recall@10=0.441808
Epoch 001 | Batch 11770 | K-values: K1=24, K10=25, K20=26, K50=26, K100=27
Epoch 001 | Batch 11780 | val_kld=3.326881 | val_ordacc@10=0.082022 | val_recall@10=0.441808
Epoch 001 | Batch 11780 | K-values: K1=28, K10=21, K20=20, K50=31, K100=28
Epoch 001 | Batch 11790 | val_kld=3.326881 | val_ordacc@10=0.082022 | val_recall@10=0.441808
Epoch 001 | Batch 11790 | K-values: K1=26, K10=27, K20=22, K50=32, K100=21
Epoch 001 | Batch 11800 | val_kld=3.326881 | val_ordacc@10=0.082022 | val_recall@10=0.441808
Epoch 001 | Batch 11800 | K-values: K1=26, K10=33, K20=23, K50=20, K100=26
Epoch 001 | Batch 11810 | val_kld=3.326881 | val_ordacc@10=0.082022 | val_recall@10=0.441808
Epoch 001 | Batch 11810 | K-values: K1=27, K10=26, K20=26, K50=23, K100=26
Epoch 001 | Batch 11820 | val_kld=3.326881 | val_ordacc@10=0.082022 | val_recall@10=0.441808
Epoch 001 | Batch 11820 | K-values: K1=26, K10=24, K20=30, K50=19, K100=29
Epoch 001 | Batch 11830 | val_kld=3.326881 | val_ordacc@10=0.082022 | val_recall@10=0.441808
Epoch 001 | Batch 11830 | K-values: K1=23, K10=38, K20=18, K50=19, K100=30
Epoch 001 | Batch 11840 | val_kld=3.326881 | val_ordacc@10=0.082022 | val_recall@10=0.441808
Epoch 001 | Batch 11840 | K-values: K1=22, K10=27, K20=28, K50=21, K100=30
Epoch 001 | Batch 11850 | val_kld=3.326881 | val_ordacc@10=0.082022 | val_recall@10=0.441808
Epoch 001 | Batch 11850 | K-values: K1=28, K10=23, K20=19, K50=31, K100=27
Epoch 001 | Batch 11860 | val_kld=3.326881 | val_ordacc@10=0.082022 | val_recall@10=0.441808
Epoch 001 | Batch 11860 | K-values: K1=22, K10=23, K20=27, K50=29, K100=27
Epoch 001 | Batch 11870 | val_kld=3.326881 | val_ordacc@10=0.082022 | val_recall@10=0.441808
Epoch 001 | Batch 11870 | K-values: K1=18, K10=28, K20=25, K50=30, K100=27
Epoch 001 | Batch 11880 | val_kld=3.326881 | val_ordacc@10=0.082022 | val_recall@10=0.441808
Epoch 001 | Batch 11880 | K-values: K1=35, K10=21, K20=18, K50=30, K100=24
Epoch 001 | Batch 11890 | val_kld=3.326881 | val_ordacc@10=0.082022 | val_recall@10=0.441808
Epoch 001 | Batch 11890 | K-values: K1=36, K10=25, K20=24, K50=25, K100=18
Epoch 001 | Batch 11900 | val_kld=3.326881 | val_ordacc@10=0.082022 | val_recall@10=0.441808
Epoch 001 | Batch 11900 | K-values: K1=23, K10=32, K20=30, K50=24, K100=19
Epoch 001 | Batch 11910 | val_kld=3.326881 | val_ordacc@10=0.082022 | val_recall@10=0.441808
Epoch 001 | Batch 11910 | K-values: K1=23, K10=28, K20=21, K50=35, K100=21
Epoch 001 | Batch 11920 | val_kld=3.326881 | val_ordacc@10=0.082022 | val_recall@10=0.441808
Epoch 001 | Batch 11920 | K-values: K1=30, K10=21, K20=29, K50=24, K100=24
Epoch 001 | Batch 11930 | val_kld=3.326881 | val_ordacc@10=0.082022 | val_recall@10=0.441808
Epoch 001 | Batch 11930 | K-values: K1=29, K10=25, K20=30, K50=21, K100=23
Epoch 001 | Batch 11940 | val_kld=3.326881 | val_ordacc@10=0.082022 | val_recall@10=0.441808
Epoch 001 | Batch 11940 | K-values: K1=29, K10=21, K20=25, K50=29, K100=24
Epoch 001 | Batch 11950 | val_kld=3.326881 | val_ordacc@10=0.082022 | val_recall@10=0.441808
Epoch 001 | Batch 11950 | K-values: K1=25, K10=26, K20=28, K50=21, K100=28
Epoch 001 | Batch 11960 | val_kld=3.326881 | val_ordacc@10=0.082022 | val_recall@10=0.441808
Epoch 001 | Batch 11960 | K-values: K1=20, K10=24, K20=27, K50=29, K100=28
Epoch 001 | Batch 11970 | val_kld=3.326881 | val_ordacc@10=0.082022 | val_recall@10=0.441808
Epoch 001 | Batch 11970 | K-values: K1=27, K10=20, K20=30, K50=21, K100=30
Epoch 001 | Batch 11980 | val_kld=3.326881 | val_ordacc@10=0.082022 | val_recall@10=0.441808
Epoch 001 | Batch 11980 | K-values: K1=30, K10=27, K20=18, K50=25, K100=28
Epoch 001 | Batch 11990 | val_kld=3.326881 | val_ordacc@10=0.082022 | val_recall@10=0.441808
Epoch 001 | Batch 11990 | K-values: K1=30, K10=25, K20=27, K50=27, K100=19
Epoch 001 | Batch 12000 | val_kld=3.326881 | val_ordacc@10=0.082022 | val_recall@10=0.441808
Epoch 001 | Batch 12000 | K-values: K1=25, K10=34, K20=31, K50=18, K100=20
Epoch 001 | Batch 12010 | val_kld=3.326881 | val_ordacc@10=0.082022 | val_recall@10=0.441808
Epoch 001 | Batch 12010 | K-values: K1=36, K10=24, K20=28, K50=17, K100=23
Epoch 001 | Batch 12020 | val_kld=3.326881 | val_ordacc@10=0.082022 | val_recall@10=0.441808
Epoch 001 | Batch 12020 | K-values: K1=25, K10=23, K20=24, K50=30, K100=26
Epoch 001 | Batch 12030 | val_kld=3.326881 | val_ordacc@10=0.082022 | val_recall@10=0.441808
Epoch 001 | Batch 12030 | K-values: K1=18, K10=19, K20=23, K50=33, K100=35
Epoch 001 | Batch 12040 | val_kld=3.326881 | val_ordacc@10=0.082022 | val_recall@10=0.441808
Epoch 001 | Batch 12040 | K-values: K1=28, K10=25, K20=24, K50=28, K100=23
Epoch 001 | Batch 12050 | val_kld=3.326881 | val_ordacc@10=0.082022 | val_recall@10=0.441808
Epoch 001 | Batch 12050 | K-values: K1=22, K10=27, K20=19, K50=31, K100=29
Epoch 001 | Batch 12060 | val_kld=3.326881 | val_ordacc@10=0.082022 | val_recall@10=0.441808
Epoch 001 | Batch 12060 | K-values: K1=22, K10=17, K20=30, K50=30, K100=29
Epoch 001 | Batch 12070 | val_kld=3.326881 | val_ordacc@10=0.082022 | val_recall@10=0.441808
Epoch 001 | Batch 12070 | K-values: K1=21, K10=26, K20=17, K50=29, K100=35
Epoch 001 | Batch 12080 | val_kld=3.326881 | val_ordacc@10=0.082022 | val_recall@10=0.441808
Epoch 001 | Batch 12080 | K-values: K1=25, K10=30, K20=26, K50=24, K100=23
Epoch 001 | Batch 12090 | val_kld=3.326881 | val_ordacc@10=0.082022 | val_recall@10=0.441808
Epoch 001 | Batch 12090 | K-values: K1=23, K10=25, K20=31, K50=23, K100=26
Epoch 001 | Batch 12100 | val_kld=3.326881 | val_ordacc@10=0.082022 | val_recall@10=0.441808
Epoch 001 | Batch 12100 | K-values: K1=14, K10=34, K20=23, K50=34, K100=23
Epoch 001 | Batch 12110 | val_kld=3.326881 | val_ordacc@10=0.082022 | val_recall@10=0.441808
Epoch 001 | Batch 12110 | K-values: K1=16, K10=33, K20=26, K50=24, K100=29
Epoch 001 | Batch 12120 | val_kld=3.326881 | val_ordacc@10=0.082022 | val_recall@10=0.441808
Epoch 001 | Batch 12120 | K-values: K1=21, K10=26, K20=33, K50=18, K100=30
Epoch 001 | Batch 12130 | val_kld=3.326881 | val_ordacc@10=0.082022 | val_recall@10=0.441808
Epoch 001 | Batch 12130 | K-values: K1=31, K10=27, K20=25, K50=14, K100=31
Epoch 001 | Batch 12140 | val_kld=3.326881 | val_ordacc@10=0.082022 | val_recall@10=0.441808
Epoch 001 | Batch 12140 | K-values: K1=21, K10=24, K20=34, K50=28, K100=21
Epoch 001 | Batch 12150 | val_kld=3.326881 | val_ordacc@10=0.082022 | val_recall@10=0.441808
Epoch 001 | Batch 12150 | K-values: K1=29, K10=20, K20=26, K50=18, K100=35
Epoch 001 | Batch 12160 | val_kld=3.326881 | val_ordacc@10=0.082022 | val_recall@10=0.441808
Epoch 001 | Batch 12160 | K-values: K1=28, K10=18, K20=34, K50=20, K100=28
Epoch 001 | Batch 12170 | val_kld=3.326881 | val_ordacc@10=0.082022 | val_recall@10=0.441808
Epoch 001 | Batch 12170 | K-values: K1=26, K10=21, K20=24, K50=26, K100=31
Epoch 001 | Batch 12180 | val_kld=3.326881 | val_ordacc@10=0.082022 | val_recall@10=0.441808
Epoch 001 | Batch 12180 | K-values: K1=25, K10=29, K20=31, K50=20, K100=23
Epoch 001 | Batch 12190 | val_kld=3.326881 | val_ordacc@10=0.082022 | val_recall@10=0.441808
Epoch 001 | Batch 12190 | K-values: K1=21, K10=21, K20=34, K50=23, K100=29
Epoch 001 | Batch 12200 | val_kld=3.326881 | val_ordacc@10=0.082022 | val_recall@10=0.441808
Epoch 001 | Batch 12200 | K-values: K1=32, K10=25, K20=24, K50=24, K100=23
Epoch 001 | Batch 12210 | val_kld=3.326881 | val_ordacc@10=0.082022 | val_recall@10=0.441808
Epoch 001 | Batch 12210 | K-values: K1=28, K10=25, K20=29, K50=26, K100=20
Epoch 001 | Batch 12220 | val_kld=3.326881 | val_ordacc@10=0.082022 | val_recall@10=0.441808
Epoch 001 | Batch 12220 | K-values: K1=36, K10=24, K20=23, K50=19, K100=26
Epoch 001 | Batch 12230 | val_kld=3.326881 | val_ordacc@10=0.082022 | val_recall@10=0.441808
Epoch 001 | Batch 12230 | K-values: K1=28, K10=23, K20=35, K50=21, K100=21
Epoch 001 | Batch 12240 | val_kld=3.326881 | val_ordacc@10=0.082022 | val_recall@10=0.441808
Epoch 001 | Batch 12240 | K-values: K1=29, K10=18, K20=26, K50=24, K100=31
Epoch 001 | Batch 12250 | val_kld=3.326881 | val_ordacc@10=0.082022 | val_recall@10=0.441808
Epoch 001 | Batch 12250 | K-values: K1=26, K10=22, K20=28, K50=25, K100=27
Epoch 001 | Batch 12260 | val_kld=3.326881 | val_ordacc@10=0.082022 | val_recall@10=0.441808
Epoch 001 | Batch 12260 | K-values: K1=27, K10=28, K20=27, K50=18, K100=28
Epoch 001 | Batch 12270 | val_kld=3.326881 | val_ordacc@10=0.082022 | val_recall@10=0.441808
Epoch 001 | Batch 12270 | K-values: K1=22, K10=32, K20=21, K50=28, K100=25
Epoch 001 | Batch 12280 | val_kld=3.326881 | val_ordacc@10=0.082022 | val_recall@10=0.441808
Epoch 001 | Batch 12280 | K-values: K1=21, K10=29, K20=30, K50=28, K100=20
Epoch 001 | Batch 12290 | val_kld=3.326881 | val_ordacc@10=0.082022 | val_recall@10=0.441808
Epoch 001 | Batch 12290 | K-values: K1=22, K10=25, K20=27, K50=28, K100=26
Epoch 001 | Batch 12300 | val_kld=3.326881 | val_ordacc@10=0.082022 | val_recall@10=0.441808
Epoch 001 | Batch 12300 | K-values: K1=32, K10=36, K20=27, K50=20, K100=13
Epoch 001 | Batch 12310 | val_kld=3.326881 | val_ordacc@10=0.082022 | val_recall@10=0.441808
Epoch 001 | Batch 12310 | K-values: K1=29, K10=30, K20=19, K50=26, K100=24
Epoch 001 | Batch 12320 | val_kld=3.326881 | val_ordacc@10=0.082022 | val_recall@10=0.441808
Epoch 001 | Batch 12320 | K-values: K1=22, K10=30, K20=20, K50=22, K100=34
Epoch 001 | Batch 12330 | val_kld=3.326881 | val_ordacc@10=0.082022 | val_recall@10=0.441808
Epoch 001 | Batch 12330 | K-values: K1=22, K10=24, K20=32, K50=25, K100=25
Epoch 001 | Batch 12340 | val_kld=3.326881 | val_ordacc@10=0.082022 | val_recall@10=0.441808
Epoch 001 | Batch 12340 | K-values: K1=27, K10=26, K20=32, K50=19, K100=24
Epoch 001 | Batch 12350 | val_kld=3.326881 | val_ordacc@10=0.082022 | val_recall@10=0.441808
Epoch 001 | Batch 12350 | K-values: K1=30, K10=25, K20=27, K50=19, K100=27
Epoch 001 | Batch 12360 | val_kld=3.326881 | val_ordacc@10=0.082022 | val_recall@10=0.441808
Epoch 001 | Batch 12360 | K-values: K1=31, K10=29, K20=19, K50=23, K100=26
Epoch 001 | Batch 12370 | val_kld=3.326881 | val_ordacc@10=0.082022 | val_recall@10=0.441808
Epoch 001 | Batch 12370 | K-values: K1=23, K10=24, K20=23, K50=32, K100=26
Epoch 001 | Batch 12380 | val_kld=3.326881 | val_ordacc@10=0.082022 | val_recall@10=0.441808
Epoch 001 | Batch 12380 | K-values: K1=27, K10=29, K20=22, K50=24, K100=26
Epoch 001 | Batch 12390 | val_kld=3.326881 | val_ordacc@10=0.082022 | val_recall@10=0.441808
Epoch 001 | Batch 12390 | K-values: K1=25, K10=24, K20=28, K50=32, K100=19
Epoch 001 | Batch 12400 | val_kld=3.326881 | val_ordacc@10=0.082022 | val_recall@10=0.441808
Epoch 001 | Batch 12400 | K-values: K1=25, K10=22, K20=25, K50=24, K100=32
Epoch 001 | Batch 12410 | val_kld=3.326881 | val_ordacc@10=0.082022 | val_recall@10=0.441808
Epoch 001 | Batch 12410 | K-values: K1=35, K10=21, K20=21, K50=20, K100=31
Epoch 001 | Batch 12420 | val_kld=3.326881 | val_ordacc@10=0.082022 | val_recall@10=0.441808
Epoch 001 | Batch 12420 | K-values: K1=26, K10=29, K20=21, K50=29, K100=23
Epoch 001 | Batch 12430 | val_kld=3.326881 | val_ordacc@10=0.082022 | val_recall@10=0.441808
Epoch 001 | Batch 12430 | K-values: K1=20, K10=28, K20=34, K50=27, K100=19
Epoch 001 | Batch 12440 | val_kld=3.326881 | val_ordacc@10=0.082022 | val_recall@10=0.441808
Epoch 001 | Batch 12440 | K-values: K1=20, K10=30, K20=28, K50=29, K100=21
Epoch 001 | Batch 12450 | val_kld=3.326881 | val_ordacc@10=0.082022 | val_recall@10=0.441808
Epoch 001 | Batch 12450 | K-values: K1=20, K10=19, K20=30, K50=29, K100=30
Epoch 001 | Batch 12460 | val_kld=3.326881 | val_ordacc@10=0.082022 | val_recall@10=0.441808
Epoch 001 | Batch 12460 | K-values: K1=29, K10=33, K20=21, K50=24, K100=21
Epoch 001 | Batch 12470 | val_kld=3.326881 | val_ordacc@10=0.082022 | val_recall@10=0.441808
Epoch 001 | Batch 12470 | K-values: K1=25, K10=25, K20=20, K50=28, K100=30
Epoch 001 | Batch 12480 | val_kld=3.326881 | val_ordacc@10=0.082022 | val_recall@10=0.441808
Epoch 001 | Batch 12480 | K-values: K1=21, K10=35, K20=25, K50=27, K100=20
Epoch 001 | Batch 12490 | val_kld=3.326881 | val_ordacc@10=0.082022 | val_recall@10=0.441808
Epoch 001 | Batch 12490 | K-values: K1=30, K10=19, K20=23, K50=25, K100=31
Epoch 001 | Batch 12500 | val_kld=3.326881 | val_ordacc@10=0.082022 | val_recall@10=0.441808
Epoch 001 | Batch 12500 | K-values: K1=28, K10=24, K20=31, K50=22, K100=23
Epoch 001 | Batch 12510 | val_kld=3.326881 | val_ordacc@10=0.082022 | val_recall@10=0.441808
Epoch 001 | Batch 12510 | K-values: K1=31, K10=24, K20=29, K50=20, K100=24
Epoch 001 | Batch 12520 | val_kld=3.326881 | val_ordacc@10=0.082022 | val_recall@10=0.441808
Epoch 001 | Batch 12520 | K-values: K1=18, K10=29, K20=34, K50=23, K100=24
Epoch 001 | Batch 12530 | val_kld=3.326881 | val_ordacc@10=0.082022 | val_recall@10=0.441808
Epoch 001 | Batch 12530 | K-values: K1=28, K10=26, K20=23, K50=25, K100=26
Epoch 001 | Batch 12540 | val_kld=3.326881 | val_ordacc@10=0.082022 | val_recall@10=0.441808
Epoch 001 | Batch 12540 | K-values: K1=16, K10=27, K20=30, K50=29, K100=26
Epoch 001 | Batch 12550 | val_kld=3.326881 | val_ordacc@10=0.082022 | val_recall@10=0.441808
Epoch 001 | Batch 12550 | K-values: K1=25, K10=19, K20=33, K50=26, K100=25
Epoch 001 | Batch 12560 | val_kld=3.326881 | val_ordacc@10=0.082022 | val_recall@10=0.441808
Epoch 001 | Batch 12560 | K-values: K1=22, K10=24, K20=31, K50=24, K100=27
Epoch 001 | Batch 12570 | val_kld=3.326881 | val_ordacc@10=0.082022 | val_recall@10=0.441808
Epoch 001 | Batch 12570 | K-values: K1=18, K10=30, K20=22, K50=28, K100=30
Epoch 001 | Batch 12580 | val_kld=3.326881 | val_ordacc@10=0.082022 | val_recall@10=0.441808
Epoch 001 | Batch 12580 | K-values: K1=22, K10=27, K20=21, K50=38, K100=20
Epoch 001 | Batch 12590 | val_kld=3.326881 | val_ordacc@10=0.082022 | val_recall@10=0.441808
Epoch 001 | Batch 12590 | K-values: K1=24, K10=32, K20=19, K50=26, K100=27
Epoch 001 | Batch 12600 | val_kld=3.326881 | val_ordacc@10=0.082022 | val_recall@10=0.441808
Epoch 001 | Batch 12600 | K-values: K1=26, K10=25, K20=26, K50=25, K100=26
Epoch 001 | Batch 12610 | val_kld=3.326881 | val_ordacc@10=0.082022 | val_recall@10=0.441808
Epoch 001 | Batch 12610 | K-values: K1=25, K10=24, K20=29, K50=26, K100=24
Epoch 001 | Batch 12620 | val_kld=3.326881 | val_ordacc@10=0.082022 | val_recall@10=0.441808
Epoch 001 | Batch 12620 | K-values: K1=31, K10=30, K20=21, K50=29, K100=17
Epoch 001 | Batch 12630 | val_kld=3.326881 | val_ordacc@10=0.082022 | val_recall@10=0.441808
Epoch 001 | Batch 12630 | K-values: K1=22, K10=27, K20=25, K50=27, K100=27
Epoch 001 | Batch 12640 | val_kld=3.326881 | val_ordacc@10=0.082022 | val_recall@10=0.441808
Epoch 001 | Batch 12640 | K-values: K1=32, K10=36, K20=29, K50=16, K100=15
Epoch 001 | Batch 12650 | val_kld=3.326881 | val_ordacc@10=0.082022 | val_recall@10=0.441808
Epoch 001 | Batch 12650 | K-values: K1=18, K10=30, K20=24, K50=27, K100=29
Epoch 001 | Batch 12660 | val_kld=3.326881 | val_ordacc@10=0.082022 | val_recall@10=0.441808
Epoch 001 | Batch 12660 | K-values: K1=30, K10=24, K20=27, K50=27, K100=20
Epoch 001 | Batch 12670 | val_kld=3.326881 | val_ordacc@10=0.082022 | val_recall@10=0.441808
Epoch 001 | Batch 12670 | K-values: K1=28, K10=25, K20=25, K50=29, K100=21
Epoch 001 | Batch 12680 | val_kld=3.326881 | val_ordacc@10=0.082022 | val_recall@10=0.441808
Epoch 001 | Batch 12680 | K-values: K1=33, K10=26, K20=23, K50=27, K100=19
Epoch 001 | Batch 12690 | val_kld=3.326881 | val_ordacc@10=0.082022 | val_recall@10=0.441808
Epoch 001 | Batch 12690 | K-values: K1=27, K10=28, K20=19, K50=29, K100=25
Epoch 001 | Batch 12700 | val_kld=3.326881 | val_ordacc@10=0.082022 | val_recall@10=0.441808
Epoch 001 | Batch 12700 | K-values: K1=31, K10=17, K20=33, K50=27, K100=20
Epoch 001 | Batch 12710 | val_kld=3.326881 | val_ordacc@10=0.082022 | val_recall@10=0.441808
Epoch 001 | Batch 12710 | K-values: K1=27, K10=27, K20=20, K50=24, K100=30
Epoch 001 | Batch 12720 | val_kld=3.326881 | val_ordacc@10=0.082022 | val_recall@10=0.441808
Epoch 001 | Batch 12720 | K-values: K1=28, K10=22, K20=22, K50=21, K100=35
Epoch 001 | Batch 12730 | val_kld=3.326881 | val_ordacc@10=0.082022 | val_recall@10=0.441808
Epoch 001 | Batch 12730 | K-values: K1=24, K10=28, K20=18, K50=26, K100=32
Epoch 001 | Batch 12740 | val_kld=3.326881 | val_ordacc@10=0.082022 | val_recall@10=0.441808
Epoch 001 | Batch 12740 | K-values: K1=29, K10=21, K20=28, K50=20, K100=30
Epoch 001 | Batch 12750 | val_kld=3.326881 | val_ordacc@10=0.082022 | val_recall@10=0.441808
Epoch 001 | Batch 12750 | K-values: K1=26, K10=21, K20=32, K50=27, K100=22
Epoch 001 | Batch 12760 | val_kld=3.326881 | val_ordacc@10=0.082022 | val_recall@10=0.441808
Epoch 001 | Batch 12760 | K-values: K1=21, K10=21, K20=24, K50=33, K100=29
Epoch 001 | Batch 12770 | val_kld=3.326881 | val_ordacc@10=0.082022 | val_recall@10=0.441808
Epoch 001 | Batch 12770 | K-values: K1=25, K10=23, K20=23, K50=19, K100=38
Epoch 001 | Batch 12780 | val_kld=3.326881 | val_ordacc@10=0.082022 | val_recall@10=0.441808
Epoch 001 | Batch 12780 | K-values: K1=24, K10=27, K20=24, K50=25, K100=28
Epoch 001 | Batch 12790 | val_kld=3.326881 | val_ordacc@10=0.082022 | val_recall@10=0.441808
Epoch 001 | Batch 12790 | K-values: K1=21, K10=31, K20=25, K50=29, K100=22
Epoch 001 | Batch 12800 | val_kld=3.326881 | val_ordacc@10=0.082022 | val_recall@10=0.441808
Epoch 001 | Batch 12800 | K-values: K1=25, K10=21, K20=32, K50=27, K100=23
Epoch 001 | Batch 12810 | val_kld=3.326881 | val_ordacc@10=0.082022 | val_recall@10=0.441808
Epoch 001 | Batch 12810 | K-values: K1=23, K10=25, K20=22, K50=39, K100=19
Epoch 001 | Batch 12820 | val_kld=3.326881 | val_ordacc@10=0.082022 | val_recall@10=0.441808
Epoch 001 | Batch 12820 | K-values: K1=22, K10=25, K20=27, K50=29, K100=25
Epoch 001 | Batch 12830 | val_kld=3.326881 | val_ordacc@10=0.082022 | val_recall@10=0.441808
Epoch 001 | Batch 12830 | K-values: K1=24, K10=33, K20=25, K50=17, K100=29
Epoch 001 | Batch 12840 | val_kld=3.326881 | val_ordacc@10=0.082022 | val_recall@10=0.441808
Epoch 001 | Batch 12840 | K-values: K1=23, K10=21, K20=32, K50=25, K100=27
Epoch 001 | Batch 12850 | val_kld=3.326881 | val_ordacc@10=0.082022 | val_recall@10=0.441808
Epoch 001 | Batch 12850 | K-values: K1=30, K10=19, K20=22, K50=27, K100=30
Epoch 001 | Batch 12860 | val_kld=3.326881 | val_ordacc@10=0.082022 | val_recall@10=0.441808
Epoch 001 | Batch 12860 | K-values: K1=25, K10=28, K20=22, K50=28, K100=25
Epoch 001 | Batch 12870 | val_kld=3.326881 | val_ordacc@10=0.082022 | val_recall@10=0.441808
Epoch 001 | Batch 12870 | K-values: K1=21, K10=27, K20=26, K50=30, K100=24
Epoch 001 | Batch 12880 | val_kld=3.326881 | val_ordacc@10=0.082022 | val_recall@10=0.441808
Epoch 001 | Batch 12880 | K-values: K1=29, K10=26, K20=27, K50=19, K100=27
Epoch 001 | Batch 12890 | val_kld=3.326881 | val_ordacc@10=0.082022 | val_recall@10=0.441808
Epoch 001 | Batch 12890 | K-values: K1=21, K10=34, K20=24, K50=26, K100=23
Epoch 001 | Batch 12900 | val_kld=3.326881 | val_ordacc@10=0.082022 | val_recall@10=0.441808
Epoch 001 | Batch 12900 | K-values: K1=28, K10=21, K20=27, K50=21, K100=31
Epoch 001 | Batch 12910 | val_kld=3.326881 | val_ordacc@10=0.082022 | val_recall@10=0.441808
Epoch 001 | Batch 12910 | K-values: K1=25, K10=25, K20=29, K50=22, K100=27
Epoch 001 | Batch 12920 | val_kld=3.326881 | val_ordacc@10=0.082022 | val_recall@10=0.441808
Epoch 001 | Batch 12920 | K-values: K1=21, K10=27, K20=23, K50=24, K100=33
Epoch 001 | Batch 12930 | val_kld=3.326881 | val_ordacc@10=0.082022 | val_recall@10=0.441808
Epoch 001 | Batch 12930 | K-values: K1=25, K10=21, K20=18, K50=33, K100=31
Epoch 001 | Batch 12940 | val_kld=3.326881 | val_ordacc@10=0.082022 | val_recall@10=0.441808
Epoch 001 | Batch 12940 | K-values: K1=23, K10=21, K20=28, K50=32, K100=24
Epoch 001 | Batch 12950 | val_kld=3.326881 | val_ordacc@10=0.082022 | val_recall@10=0.441808
Epoch 001 | Batch 12950 | K-values: K1=28, K10=31, K20=22, K50=23, K100=24
Epoch 001 | Batch 12960 | val_kld=3.326881 | val_ordacc@10=0.082022 | val_recall@10=0.441808
Epoch 001 | Batch 12960 | K-values: K1=23, K10=25, K20=33, K50=19, K100=28
Epoch 001 | Batch 12970 | val_kld=3.326881 | val_ordacc@10=0.082022 | val_recall@10=0.441808
Epoch 001 | Batch 12970 | K-values: K1=31, K10=21, K20=23, K50=24, K100=29
Epoch 001 | Batch 12980 | val_kld=3.326881 | val_ordacc@10=0.082022 | val_recall@10=0.441808
Epoch 001 | Batch 12980 | K-values: K1=26, K10=20, K20=31, K50=23, K100=28
Epoch 001 | Batch 12990 | val_kld=3.326881 | val_ordacc@10=0.082022 | val_recall@10=0.441808
Epoch 001 | Batch 12990 | K-values: K1=27, K10=25, K20=25, K50=28, K100=23
Epoch 001 | Batch 13000 | val_kld=3.326881 | val_ordacc@10=0.082022 | val_recall@10=0.441808
Epoch 001 | Batch 13000 | K-values: K1=30, K10=15, K20=19, K50=38, K100=26
Epoch 001 | Batch 13010 | val_kld=3.326881 | val_ordacc@10=0.082022 | val_recall@10=0.441808
Epoch 001 | Batch 13010 | K-values: K1=26, K10=24, K20=33, K50=22, K100=23
Epoch 001 | Batch 13020 | val_kld=3.326881 | val_ordacc@10=0.082022 | val_recall@10=0.441808
Epoch 001 | Batch 13020 | K-values: K1=22, K10=28, K20=30, K50=25, K100=23
Epoch 001 | Batch 13030 | val_kld=3.326881 | val_ordacc@10=0.082022 | val_recall@10=0.441808
Epoch 001 | Batch 13030 | K-values: K1=21, K10=32, K20=20, K50=27, K100=28
Epoch 001 | Batch 13040 | val_kld=3.326881 | val_ordacc@10=0.082022 | val_recall@10=0.441808
Epoch 001 | Batch 13040 | K-values: K1=18, K10=29, K20=33, K50=29, K100=19
Epoch 001 | Batch 13050 | val_kld=3.326881 | val_ordacc@10=0.082022 | val_recall@10=0.441808
Epoch 001 | Batch 13050 | K-values: K1=28, K10=23, K20=23, K50=26, K100=28
Epoch 001 | Batch 13060 | val_kld=3.326881 | val_ordacc@10=0.082022 | val_recall@10=0.441808
Epoch 001 | Batch 13060 | K-values: K1=26, K10=27, K20=28, K50=21, K100=26
Epoch 001 | Batch 13070 | val_kld=3.326881 | val_ordacc@10=0.082022 | val_recall@10=0.441808
Epoch 001 | Batch 13070 | K-values: K1=24, K10=22, K20=17, K50=38, K100=27
Epoch 001 | Batch 13080 | val_kld=3.326881 | val_ordacc@10=0.082022 | val_recall@10=0.441808
Epoch 001 | Batch 13080 | K-values: K1=25, K10=20, K20=31, K50=28, K100=24
Epoch 001 | Batch 13090 | val_kld=3.326881 | val_ordacc@10=0.082022 | val_recall@10=0.441808
Epoch 001 | Batch 13090 | K-values: K1=28, K10=28, K20=29, K50=21, K100=22
Epoch 001 | Batch 13100 | val_kld=3.326881 | val_ordacc@10=0.082022 | val_recall@10=0.441808
Epoch 001 | Batch 13100 | K-values: K1=27, K10=27, K20=23, K50=18, K100=33
Epoch 001 | Batch 13110 | val_kld=3.326881 | val_ordacc@10=0.082022 | val_recall@10=0.441808
Epoch 001 | Batch 13110 | K-values: K1=28, K10=34, K20=17, K50=27, K100=22
Epoch 001 | Batch 13120 | val_kld=3.326881 | val_ordacc@10=0.082022 | val_recall@10=0.441808
Epoch 001 | Batch 13120 | K-values: K1=25, K10=22, K20=21, K50=28, K100=32
Epoch 001 | Batch 13130 | val_kld=3.326881 | val_ordacc@10=0.082022 | val_recall@10=0.441808
Epoch 001 | Batch 13130 | K-values: K1=33, K10=23, K20=29, K50=24, K100=19
Epoch 001 | Batch 13140 | val_kld=3.326881 | val_ordacc@10=0.082022 | val_recall@10=0.441808
Epoch 001 | Batch 13140 | K-values: K1=30, K10=28, K20=25, K50=27, K100=18
Epoch 001 | Batch 13150 | val_kld=3.326881 | val_ordacc@10=0.082022 | val_recall@10=0.441808
Epoch 001 | Batch 13150 | K-values: K1=42, K10=19, K20=19, K50=19, K100=29
Epoch 001 | Batch 13160 | val_kld=3.326881 | val_ordacc@10=0.082022 | val_recall@10=0.441808
Epoch 001 | Batch 13160 | K-values: K1=16, K10=38, K20=27, K50=28, K100=19
Epoch 001 | Batch 13170 | val_kld=3.326881 | val_ordacc@10=0.082022 | val_recall@10=0.441808
Epoch 001 | Batch 13170 | K-values: K1=27, K10=26, K20=28, K50=21, K100=26
Epoch 001 | Batch 13180 | val_kld=3.326881 | val_ordacc@10=0.082022 | val_recall@10=0.441808
Epoch 001 | Batch 13180 | K-values: K1=27, K10=25, K20=21, K50=31, K100=24
Epoch 001 | Batch 13190 | val_kld=3.326881 | val_ordacc@10=0.082022 | val_recall@10=0.441808
Epoch 001 | Batch 13190 | K-values: K1=39, K10=33, K20=18, K50=24, K100=14
Epoch 001 | Batch 13200 | val_kld=3.326881 | val_ordacc@10=0.082022 | val_recall@10=0.441808
Epoch 001 | Batch 13200 | K-values: K1=22, K10=18, K20=33, K50=26, K100=29
Epoch 001 | Batch 13210 | val_kld=3.326881 | val_ordacc@10=0.082022 | val_recall@10=0.441808
Epoch 001 | Batch 13210 | K-values: K1=29, K10=19, K20=19, K50=31, K100=30
Epoch 001 | Batch 13220 | val_kld=3.326881 | val_ordacc@10=0.082022 | val_recall@10=0.441808
Epoch 001 | Batch 13220 | K-values: K1=22, K10=31, K20=26, K50=26, K100=23
Epoch 001 | Batch 13230 | val_kld=3.326881 | val_ordacc@10=0.082022 | val_recall@10=0.441808
Epoch 001 | Batch 13230 | K-values: K1=23, K10=24, K20=26, K50=23, K100=32
Epoch 001 | Batch 13240 | val_kld=3.326881 | val_ordacc@10=0.082022 | val_recall@10=0.441808
Epoch 001 | Batch 13240 | K-values: K1=25, K10=30, K20=25, K50=27, K100=21
Epoch 001 | Batch 13250 | val_kld=3.326881 | val_ordacc@10=0.082022 | val_recall@10=0.441808
Epoch 001 | Batch 13250 | K-values: K1=26, K10=27, K20=21, K50=26, K100=28
Epoch 001 | Batch 13260 | val_kld=3.326881 | val_ordacc@10=0.082022 | val_recall@10=0.441808
Epoch 001 | Batch 13260 | K-values: K1=28, K10=26, K20=31, K50=25, K100=18
Epoch 001 | Batch 13270 | val_kld=3.326881 | val_ordacc@10=0.082022 | val_recall@10=0.441808
Epoch 001 | Batch 13270 | K-values: K1=28, K10=18, K20=33, K50=32, K100=17
Epoch 001 | Batch 13280 | val_kld=3.326881 | val_ordacc@10=0.082022 | val_recall@10=0.441808
Epoch 001 | Batch 13280 | K-values: K1=27, K10=30, K20=18, K50=24, K100=29
Epoch 001 | Batch 13290 | val_kld=3.326881 | val_ordacc@10=0.082022 | val_recall@10=0.441808
Epoch 001 | Batch 13290 | K-values: K1=27, K10=17, K20=26, K50=27, K100=31
Epoch 001 | Batch 13300 | val_kld=3.326881 | val_ordacc@10=0.082022 | val_recall@10=0.441808
Epoch 001 | Batch 13300 | K-values: K1=23, K10=29, K20=28, K50=21, K100=27
Epoch 001 | Batch 13310 | val_kld=3.326881 | val_ordacc@10=0.082022 | val_recall@10=0.441808
Epoch 001 | Batch 13310 | K-values: K1=29, K10=25, K20=26, K50=23, K100=25
Epoch 001 | Batch 13320 | val_kld=3.326881 | val_ordacc@10=0.082022 | val_recall@10=0.441808
Epoch 001 | Batch 13320 | K-values: K1=27, K10=30, K20=24, K50=25, K100=22
Epoch 001 | Batch 13330 | val_kld=3.326881 | val_ordacc@10=0.082022 | val_recall@10=0.441808
Epoch 001 | Batch 13330 | K-values: K1=27, K10=33, K20=24, K50=18, K100=26
Epoch 001 | Batch 13340 | val_kld=3.326881 | val_ordacc@10=0.082022 | val_recall@10=0.441808
Epoch 001 | Batch 13340 | K-values: K1=24, K10=25, K20=24, K50=23, K100=32
Epoch 001 | Batch 13350 | val_kld=3.326881 | val_ordacc@10=0.082022 | val_recall@10=0.441808
Epoch 001 | Batch 13350 | K-values: K1=24, K10=27, K20=26, K50=27, K100=24
Epoch 001 | Batch 13360 | val_kld=3.326881 | val_ordacc@10=0.082022 | val_recall@10=0.441808
Epoch 001 | Batch 13360 | K-values: K1=26, K10=22, K20=30, K50=25, K100=25
Epoch 001 | Batch 13370 | val_kld=3.326881 | val_ordacc@10=0.082022 | val_recall@10=0.441808
Epoch 001 | Batch 13370 | K-values: K1=24, K10=29, K20=25, K50=29, K100=21
Epoch 001 | Batch 13380 | val_kld=3.326881 | val_ordacc@10=0.082022 | val_recall@10=0.441808
Epoch 001 | Batch 13380 | K-values: K1=20, K10=25, K20=26, K50=20, K100=37
Epoch 001 | Batch 13390 | val_kld=3.326881 | val_ordacc@10=0.082022 | val_recall@10=0.441808
Epoch 001 | Batch 13390 | K-values: K1=26, K10=31, K20=27, K50=24, K100=20
Epoch 001 | Batch 13400 | val_kld=3.326881 | val_ordacc@10=0.082022 | val_recall@10=0.441808
Epoch 001 | Batch 13400 | K-values: K1=25, K10=21, K20=30, K50=16, K100=36
Epoch 001 | Batch 13410 | val_kld=3.326881 | val_ordacc@10=0.082022 | val_recall@10=0.441808
Epoch 001 | Batch 13410 | K-values: K1=34, K10=24, K20=28, K50=19, K100=23
Epoch 001 | Batch 13420 | val_kld=3.326881 | val_ordacc@10=0.082022 | val_recall@10=0.441808
Epoch 001 | Batch 13420 | K-values: K1=23, K10=22, K20=32, K50=28, K100=23
Epoch 001 | Batch 13430 | val_kld=3.326881 | val_ordacc@10=0.082022 | val_recall@10=0.441808
Epoch 001 | Batch 13430 | K-values: K1=29, K10=28, K20=23, K50=25, K100=23
Epoch 001 | Batch 13440 | val_kld=3.326881 | val_ordacc@10=0.082022 | val_recall@10=0.441808
Epoch 001 | Batch 13440 | K-values: K1=30, K10=26, K20=20, K50=28, K100=24
Epoch 001 | Batch 13450 | val_kld=3.326881 | val_ordacc@10=0.082022 | val_recall@10=0.441808
Epoch 001 | Batch 13450 | K-values: K1=17, K10=29, K20=32, K50=25, K100=25
Epoch 001 | Batch 13460 | val_kld=3.326881 | val_ordacc@10=0.082022 | val_recall@10=0.441808
Epoch 001 | Batch 13460 | K-values: K1=26, K10=25, K20=25, K50=25, K100=27
Epoch 001 | Batch 13470 | val_kld=3.326881 | val_ordacc@10=0.082022 | val_recall@10=0.441808
Epoch 001 | Batch 13470 | K-values: K1=24, K10=34, K20=23, K50=21, K100=26
Epoch 001 | Batch 13480 | val_kld=3.326881 | val_ordacc@10=0.082022 | val_recall@10=0.441808
Epoch 001 | Batch 13480 | K-values: K1=27, K10=27, K20=22, K50=29, K100=23
Epoch 001 | Batch 13490 | val_kld=3.326881 | val_ordacc@10=0.082022 | val_recall@10=0.441808
Epoch 001 | Batch 13490 | K-values: K1=29, K10=16, K20=30, K50=21, K100=32
Epoch 001 | Batch 13500 | val_kld=3.326881 | val_ordacc@10=0.082022 | val_recall@10=0.441808
Epoch 001 | Batch 13500 | K-values: K1=29, K10=18, K20=37, K50=25, K100=19
Epoch 001 | Batch 13510 | val_kld=3.326881 | val_ordacc@10=0.082022 | val_recall@10=0.441808
Epoch 001 | Batch 13510 | K-values: K1=27, K10=23, K20=25, K50=26, K100=27
Epoch 001 | Batch 13520 | val_kld=3.326881 | val_ordacc@10=0.082022 | val_recall@10=0.441808
Epoch 001 | Batch 13520 | K-values: K1=25, K10=25, K20=24, K50=37, K100=17
Epoch 001 | Batch 13530 | val_kld=3.326881 | val_ordacc@10=0.082022 | val_recall@10=0.441808
Epoch 001 | Batch 13530 | K-values: K1=27, K10=19, K20=30, K50=28, K100=24
Epoch 001 | Batch 13540 | val_kld=3.326881 | val_ordacc@10=0.082022 | val_recall@10=0.441808
Epoch 001 | Batch 13540 | K-values: K1=23, K10=28, K20=28, K50=31, K100=18
Epoch 001 | Batch 13550 | val_kld=3.326881 | val_ordacc@10=0.082022 | val_recall@10=0.441808
Epoch 001 | Batch 13550 | K-values: K1=33, K10=19, K20=29, K50=27, K100=20
Epoch 001 | Batch 13560 | val_kld=3.326881 | val_ordacc@10=0.082022 | val_recall@10=0.441808
Epoch 001 | Batch 13560 | K-values: K1=27, K10=28, K20=20, K50=22, K100=31
Epoch 001 | Batch 13570 | val_kld=3.326881 | val_ordacc@10=0.082022 | val_recall@10=0.441808
Epoch 001 | Batch 13570 | K-values: K1=23, K10=26, K20=24, K50=27, K100=28
Epoch 001 | Batch 13580 | val_kld=3.326881 | val_ordacc@10=0.082022 | val_recall@10=0.441808
Epoch 001 | Batch 13580 | K-values: K1=23, K10=28, K20=24, K50=29, K100=24
Epoch 001 | Batch 13590 | val_kld=3.326881 | val_ordacc@10=0.082022 | val_recall@10=0.441808
Epoch 001 | Batch 13590 | K-values: K1=30, K10=27, K20=23, K50=29, K100=19
Epoch 001 | Batch 13600 | val_kld=3.326881 | val_ordacc@10=0.082022 | val_recall@10=0.441808
Epoch 001 | Batch 13600 | K-values: K1=26, K10=22, K20=24, K50=30, K100=26
Epoch 001 | Batch 13610 | val_kld=3.326881 | val_ordacc@10=0.082022 | val_recall@10=0.441808
Epoch 001 | Batch 13610 | K-values: K1=20, K10=35, K20=29, K50=22, K100=22
Epoch 001 | Batch 13620 | val_kld=3.326881 | val_ordacc@10=0.082022 | val_recall@10=0.441808
Epoch 001 | Batch 13620 | K-values: K1=19, K10=32, K20=23, K50=29, K100=25
Epoch 001 | Batch 13630 | val_kld=3.326881 | val_ordacc@10=0.082022 | val_recall@10=0.441808
Epoch 001 | Batch 13630 | K-values: K1=32, K10=20, K20=28, K50=23, K100=25
Epoch 001 | Batch 13640 | val_kld=3.326881 | val_ordacc@10=0.082022 | val_recall@10=0.441808
Epoch 001 | Batch 13640 | K-values: K1=26, K10=36, K20=23, K50=27, K100=16
Epoch 001 | Batch 13650 | val_kld=3.326881 | val_ordacc@10=0.082022 | val_recall@10=0.441808
Epoch 001 | Batch 13650 | K-values: K1=22, K10=26, K20=27, K50=26, K100=27
Epoch 001 | Batch 13660 | val_kld=3.326881 | val_ordacc@10=0.082022 | val_recall@10=0.441808
Epoch 001 | Batch 13660 | K-values: K1=33, K10=22, K20=22, K50=30, K100=21
Epoch 001 | Batch 13670 | val_kld=3.326881 | val_ordacc@10=0.082022 | val_recall@10=0.441808
Epoch 001 | Batch 13670 | K-values: K1=37, K10=21, K20=24, K50=23, K100=23
Epoch 001 | Batch 13680 | val_kld=3.326881 | val_ordacc@10=0.082022 | val_recall@10=0.441808
Epoch 001 | Batch 13680 | K-values: K1=24, K10=25, K20=17, K50=31, K100=31
Epoch 001 | Batch 13690 | val_kld=3.326881 | val_ordacc@10=0.082022 | val_recall@10=0.441808
Epoch 001 | Batch 13690 | K-values: K1=27, K10=34, K20=22, K50=17, K100=28
Epoch 001 | Batch 13700 | val_kld=3.326881 | val_ordacc@10=0.082022 | val_recall@10=0.441808
Epoch 001 | Batch 13700 | K-values: K1=33, K10=26, K20=15, K50=28, K100=26
Epoch 001 | Batch 13710 | val_kld=3.326881 | val_ordacc@10=0.082022 | val_recall@10=0.441808
Epoch 001 | Batch 13710 | K-values: K1=18, K10=26, K20=34, K50=20, K100=30
Epoch 001 | Batch 13720 | val_kld=3.326881 | val_ordacc@10=0.082022 | val_recall@10=0.441808
Epoch 001 | Batch 13720 | K-values: K1=20, K10=26, K20=31, K50=30, K100=21
Epoch 001 | Batch 13730 | val_kld=3.326881 | val_ordacc@10=0.082022 | val_recall@10=0.441808
Epoch 001 | Batch 13730 | K-values: K1=21, K10=26, K20=29, K50=25, K100=27
Epoch 001 | Batch 13740 | val_kld=3.326881 | val_ordacc@10=0.082022 | val_recall@10=0.441808
Epoch 001 | Batch 13740 | K-values: K1=23, K10=18, K20=24, K50=33, K100=30
Epoch 001 | Batch 13750 | val_kld=3.326881 | val_ordacc@10=0.082022 | val_recall@10=0.441808
Epoch 001 | Batch 13750 | K-values: K1=31, K10=30, K20=28, K50=20, K100=19
Epoch 001 | Batch 13760 | val_kld=3.326881 | val_ordacc@10=0.082022 | val_recall@10=0.441808
Epoch 001 | Batch 13760 | K-values: K1=31, K10=31, K20=23, K50=20, K100=23
Epoch 001 | Batch 13770 | val_kld=3.326881 | val_ordacc@10=0.082022 | val_recall@10=0.441808
Epoch 001 | Batch 13770 | K-values: K1=27, K10=22, K20=22, K50=28, K100=29
Epoch 001 | Batch 13780 | val_kld=3.326881 | val_ordacc@10=0.082022 | val_recall@10=0.441808
Epoch 001 | Batch 13780 | K-values: K1=22, K10=29, K20=26, K50=23, K100=28
Epoch 001 | Batch 13790 | val_kld=3.326881 | val_ordacc@10=0.082022 | val_recall@10=0.441808
Epoch 001 | Batch 13790 | K-values: K1=24, K10=17, K20=35, K50=25, K100=27
Epoch 001 | Batch 13800 | val_kld=3.326881 | val_ordacc@10=0.082022 | val_recall@10=0.441808
Epoch 001 | Batch 13800 | K-values: K1=34, K10=16, K20=21, K50=27, K100=30
Epoch 001 | Batch 13810 | val_kld=3.326881 | val_ordacc@10=0.082022 | val_recall@10=0.441808
Epoch 001 | Batch 13810 | K-values: K1=25, K10=30, K20=18, K50=26, K100=29
Epoch 001 | Batch 13820 | val_kld=3.326881 | val_ordacc@10=0.082022 | val_recall@10=0.441808
Epoch 001 | Batch 13820 | K-values: K1=27, K10=30, K20=28, K50=21, K100=22
Epoch 001 | Batch 13830 | val_kld=3.326881 | val_ordacc@10=0.082022 | val_recall@10=0.441808
Epoch 001 | Batch 13830 | K-values: K1=16, K10=30, K20=26, K50=25, K100=31
Epoch 001 | Batch 13840 | val_kld=3.326881 | val_ordacc@10=0.082022 | val_recall@10=0.441808
Epoch 001 | Batch 13840 | K-values: K1=25, K10=31, K20=29, K50=21, K100=22
Epoch 001 | Batch 13850 | val_kld=3.326881 | val_ordacc@10=0.082022 | val_recall@10=0.441808
Epoch 001 | Batch 13850 | K-values: K1=19, K10=28, K20=21, K50=36, K100=24
Epoch 001 | Batch 13860 | val_kld=3.326881 | val_ordacc@10=0.082022 | val_recall@10=0.441808
Epoch 001 | Batch 13860 | K-values: K1=27, K10=18, K20=33, K50=22, K100=28
Epoch 001 | Batch 13870 | val_kld=3.326881 | val_ordacc@10=0.082022 | val_recall@10=0.441808
Epoch 001 | Batch 13870 | K-values: K1=31, K10=20, K20=28, K50=29, K100=20
Epoch 001 | Batch 13880 | val_kld=3.326881 | val_ordacc@10=0.082022 | val_recall@10=0.441808
Epoch 001 | Batch 13880 | K-values: K1=28, K10=23, K20=34, K50=21, K100=22
Epoch 001 | Batch 13890 | val_kld=3.326881 | val_ordacc@10=0.082022 | val_recall@10=0.441808
Epoch 001 | Batch 13890 | K-values: K1=19, K10=26, K20=29, K50=25, K100=29
Epoch 001 | Batch 13900 | val_kld=3.326881 | val_ordacc@10=0.082022 | val_recall@10=0.441808
Epoch 001 | Batch 13900 | K-values: K1=34, K10=18, K20=25, K50=24, K100=27
Epoch 001 | Batch 13910 | val_kld=3.326881 | val_ordacc@10=0.082022 | val_recall@10=0.441808
Epoch 001 | Batch 13910 | K-values: K1=26, K10=32, K20=29, K50=23, K100=18
Epoch 001 | Batch 13920 | val_kld=3.326881 | val_ordacc@10=0.082022 | val_recall@10=0.441808
Epoch 001 | Batch 13920 | K-values: K1=27, K10=23, K20=26, K50=30, K100=22
Epoch 001 | Batch 13930 | val_kld=3.326881 | val_ordacc@10=0.082022 | val_recall@10=0.441808
Epoch 001 | Batch 13930 | K-values: K1=25, K10=24, K20=34, K50=29, K100=16
Epoch 001 | Batch 13940 | val_kld=3.326881 | val_ordacc@10=0.082022 | val_recall@10=0.441808
Epoch 001 | Batch 13940 | K-values: K1=26, K10=26, K20=25, K50=22, K100=29
Epoch 001 | Batch 13950 | val_kld=3.326881 | val_ordacc@10=0.082022 | val_recall@10=0.441808
Epoch 001 | Batch 13950 | K-values: K1=26, K10=29, K20=29, K50=20, K100=24
Epoch 001 | Batch 13960 | val_kld=3.326881 | val_ordacc@10=0.082022 | val_recall@10=0.441808
Epoch 001 | Batch 13960 | K-values: K1=26, K10=16, K20=28, K50=30, K100=28
Epoch 001 | Batch 13970 | val_kld=3.326881 | val_ordacc@10=0.082022 | val_recall@10=0.441808
Epoch 001 | Batch 13970 | K-values: K1=26, K10=25, K20=24, K50=22, K100=31
Epoch 001 | Batch 13980 | val_kld=3.326881 | val_ordacc@10=0.082022 | val_recall@10=0.441808
Epoch 001 | Batch 13980 | K-values: K1=29, K10=19, K20=24, K50=23, K100=33
Epoch 001 | Batch 13990 | val_kld=3.326881 | val_ordacc@10=0.082022 | val_recall@10=0.441808
Epoch 001 | Batch 13990 | K-values: K1=25, K10=29, K20=20, K50=28, K100=26
Epoch 001 | Batch 14000 | val_kld=3.326881 | val_ordacc@10=0.082022 | val_recall@10=0.441808
Epoch 001 | Batch 14000 | K-values: K1=25, K10=31, K20=23, K50=22, K100=27
Epoch 001 | Batch 14010 | val_kld=3.326881 | val_ordacc@10=0.082022 | val_recall@10=0.441808
Epoch 001 | Batch 14010 | K-values: K1=28, K10=18, K20=31, K50=21, K100=30
Epoch 001 | Batch 14020 | val_kld=3.326881 | val_ordacc@10=0.082022 | val_recall@10=0.441808
Epoch 001 | Batch 14020 | K-values: K1=28, K10=21, K20=26, K50=28, K100=25
Epoch 001 | Batch 14030 | val_kld=3.326881 | val_ordacc@10=0.082022 | val_recall@10=0.441808
Epoch 001 | Batch 14030 | K-values: K1=28, K10=22, K20=35, K50=23, K100=20
Epoch 001 | Batch 14040 | val_kld=3.326881 | val_ordacc@10=0.082022 | val_recall@10=0.441808
Epoch 001 | Batch 14040 | K-values: K1=26, K10=23, K20=31, K50=24, K100=24
Epoch 001 | Batch 14050 | val_kld=3.326881 | val_ordacc@10=0.082022 | val_recall@10=0.441808
Epoch 001 | Batch 14050 | K-values: K1=21, K10=23, K20=30, K50=27, K100=27
Epoch 001 | Batch 14060 | val_kld=3.326881 | val_ordacc@10=0.082022 | val_recall@10=0.441808
Epoch 001 | Batch 14060 | K-values: K1=26, K10=27, K20=28, K50=25, K100=22
Epoch 001 | Batch 14070 | val_kld=3.326881 | val_ordacc@10=0.082022 | val_recall@10=0.441808
Epoch 001 | Batch 14070 | K-values: K1=21, K10=26, K20=27, K50=26, K100=28
Epoch 001 | Batch 14080 | val_kld=3.326881 | val_ordacc@10=0.082022 | val_recall@10=0.441808
Epoch 001 | Batch 14080 | K-values: K1=31, K10=23, K20=24, K50=30, K100=20
Epoch 001 | Batch 14090 | val_kld=3.326881 | val_ordacc@10=0.082022 | val_recall@10=0.441808
Epoch 001 | Batch 14090 | K-values: K1=22, K10=20, K20=25, K50=28, K100=33
Epoch 001 | Batch 14100 | val_kld=3.326881 | val_ordacc@10=0.082022 | val_recall@10=0.441808
Epoch 001 | Batch 14100 | K-values: K1=33, K10=21, K20=22, K50=25, K100=27
Epoch 001 | Batch 14110 | val_kld=3.326881 | val_ordacc@10=0.082022 | val_recall@10=0.441808
Epoch 001 | Batch 14110 | K-values: K1=28, K10=20, K20=30, K50=28, K100=22
Epoch 001 | Batch 14120 | val_kld=3.326881 | val_ordacc@10=0.082022 | val_recall@10=0.441808
Epoch 001 | Batch 14120 | K-values: K1=19, K10=19, K20=26, K50=31, K100=33
Epoch 001 | Batch 14130 | val_kld=3.326881 | val_ordacc@10=0.082022 | val_recall@10=0.441808
Epoch 001 | Batch 14130 | K-values: K1=24, K10=29, K20=32, K50=25, K100=18
Epoch 001 | Batch 14140 | val_kld=3.326881 | val_ordacc@10=0.082022 | val_recall@10=0.441808
Epoch 001 | Batch 14140 | K-values: K1=25, K10=23, K20=25, K50=27, K100=28
Epoch 001 | Batch 14150 | val_kld=3.326881 | val_ordacc@10=0.082022 | val_recall@10=0.441808
Epoch 001 | Batch 14150 | K-values: K1=31, K10=30, K20=22, K50=26, K100=19
Epoch 001 | Batch 14160 | val_kld=3.326881 | val_ordacc@10=0.082022 | val_recall@10=0.441808
Epoch 001 | Batch 14160 | K-values: K1=26, K10=24, K20=27, K50=26, K100=25
Epoch 001 | Batch 14170 | val_kld=3.326881 | val_ordacc@10=0.082022 | val_recall@10=0.441808
Epoch 001 | Batch 14170 | K-values: K1=29, K10=30, K20=17, K50=27, K100=25
Epoch 001 | Batch 14180 | val_kld=3.326881 | val_ordacc@10=0.082022 | val_recall@10=0.441808
Epoch 001 | Batch 14180 | K-values: K1=27, K10=35, K20=24, K50=17, K100=25
Epoch 001 | Batch 14190 | val_kld=3.326881 | val_ordacc@10=0.082022 | val_recall@10=0.441808
Epoch 001 | Batch 14190 | K-values: K1=25, K10=28, K20=27, K50=26, K100=22
Epoch 001 | Batch 14200 | val_kld=3.326881 | val_ordacc@10=0.082022 | val_recall@10=0.441808
Epoch 001 | Batch 14200 | K-values: K1=19, K10=32, K20=18, K50=29, K100=30
Epoch 001 | Batch 14210 | val_kld=3.326881 | val_ordacc@10=0.082022 | val_recall@10=0.441808
Epoch 001 | Batch 14210 | K-values: K1=25, K10=25, K20=24, K50=23, K100=31
Epoch 001 | Batch 14220 | val_kld=3.326881 | val_ordacc@10=0.082022 | val_recall@10=0.441808
Epoch 001 | Batch 14220 | K-values: K1=30, K10=22, K20=26, K50=22, K100=28
Epoch 001 | Batch 14230 | val_kld=3.326881 | val_ordacc@10=0.082022 | val_recall@10=0.441808
Epoch 001 | Batch 14230 | K-values: K1=25, K10=33, K20=24, K50=17, K100=29
Epoch 001 | Batch 14240 | val_kld=3.326881 | val_ordacc@10=0.082022 | val_recall@10=0.441808
Epoch 001 | Batch 14240 | K-values: K1=22, K10=18, K20=34, K50=25, K100=29
Epoch 001 | Batch 14250 | val_kld=3.326881 | val_ordacc@10=0.082022 | val_recall@10=0.441808
Epoch 001 | Batch 14250 | K-values: K1=26, K10=25, K20=27, K50=24, K100=26
Epoch 001 | Batch 14260 | val_kld=3.326881 | val_ordacc@10=0.082022 | val_recall@10=0.441808
Epoch 001 | Batch 14260 | K-values: K1=32, K10=27, K20=18, K50=29, K100=22
Epoch 001 | Batch 14270 | val_kld=3.326881 | val_ordacc@10=0.082022 | val_recall@10=0.441808
Epoch 001 | Batch 14270 | K-values: K1=14, K10=32, K20=32, K50=28, K100=22
Epoch 001 | Batch 14280 | val_kld=3.326881 | val_ordacc@10=0.082022 | val_recall@10=0.441808
Epoch 001 | Batch 14280 | K-values: K1=25, K10=30, K20=20, K50=21, K100=32
Epoch 001 | Batch 14290 | val_kld=3.326881 | val_ordacc@10=0.082022 | val_recall@10=0.441808
Epoch 001 | Batch 14290 | K-values: K1=33, K10=18, K20=28, K50=24, K100=25
Epoch 001 | Batch 14300 | val_kld=3.326881 | val_ordacc@10=0.082022 | val_recall@10=0.441808
Epoch 001 | Batch 14300 | K-values: K1=21, K10=25, K20=31, K50=26, K100=25
Epoch 001 | Batch 14310 | val_kld=3.326881 | val_ordacc@10=0.082022 | val_recall@10=0.441808
Epoch 001 | Batch 14310 | K-values: K1=27, K10=25, K20=27, K50=28, K100=21
Epoch 001 | Batch 14320 | val_kld=3.326881 | val_ordacc@10=0.082022 | val_recall@10=0.441808
Epoch 001 | Batch 14320 | K-values: K1=26, K10=25, K20=29, K50=23, K100=25
Epoch 001 | Batch 14330 | val_kld=3.326881 | val_ordacc@10=0.082022 | val_recall@10=0.441808
Epoch 001 | Batch 14330 | K-values: K1=24, K10=22, K20=25, K50=30, K100=27
Epoch 001 | Batch 14340 | val_kld=3.326881 | val_ordacc@10=0.082022 | val_recall@10=0.441808
Epoch 001 | Batch 14340 | K-values: K1=22, K10=32, K20=24, K50=24, K100=26
Epoch 001 | Batch 14350 | val_kld=3.326881 | val_ordacc@10=0.082022 | val_recall@10=0.441808
Epoch 001 | Batch 14350 | K-values: K1=22, K10=31, K20=21, K50=28, K100=26
Epoch 001 | Batch 14360 | val_kld=3.326881 | val_ordacc@10=0.082022 | val_recall@10=0.441808
Epoch 001 | Batch 14360 | K-values: K1=24, K10=23, K20=20, K50=30, K100=31
Epoch 001 | Batch 14370 | val_kld=3.326881 | val_ordacc@10=0.082022 | val_recall@10=0.441808
Epoch 001 | Batch 14370 | K-values: K1=24, K10=22, K20=25, K50=28, K100=29
Epoch 001 | Batch 14380 | val_kld=3.326881 | val_ordacc@10=0.082022 | val_recall@10=0.441808
Epoch 001 | Batch 14380 | K-values: K1=29, K10=26, K20=21, K50=27, K100=25
Epoch 001 | Batch 14390 | val_kld=3.326881 | val_ordacc@10=0.082022 | val_recall@10=0.441808
Epoch 001 | Batch 14390 | K-values: K1=41, K10=23, K20=21, K50=23, K100=20
Epoch 001 | Batch 14400 | val_kld=3.326881 | val_ordacc@10=0.082022 | val_recall@10=0.441808
Epoch 001 | Batch 14400 | K-values: K1=28, K10=26, K20=27, K50=29, K100=18
Epoch 001 | Batch 14410 | val_kld=3.326881 | val_ordacc@10=0.082022 | val_recall@10=0.441808
Epoch 001 | Batch 14410 | K-values: K1=30, K10=19, K20=22, K50=27, K100=30
Epoch 001 | Batch 14420 | val_kld=3.326881 | val_ordacc@10=0.082022 | val_recall@10=0.441808
Epoch 001 | Batch 14420 | K-values: K1=28, K10=22, K20=27, K50=24, K100=27
Epoch 001 | Batch 14430 | val_kld=3.326881 | val_ordacc@10=0.082022 | val_recall@10=0.441808
Epoch 001 | Batch 14430 | K-values: K1=31, K10=24, K20=27, K50=24, K100=22
Epoch 001 | Batch 14440 | val_kld=3.326881 | val_ordacc@10=0.082022 | val_recall@10=0.441808
Epoch 001 | Batch 14440 | K-values: K1=29, K10=22, K20=31, K50=22, K100=24
Epoch 001 | Batch 14450 | val_kld=3.326881 | val_ordacc@10=0.082022 | val_recall@10=0.441808
Epoch 001 | Batch 14450 | K-values: K1=21, K10=33, K20=24, K50=22, K100=28
Epoch 001 | Batch 14460 | val_kld=3.326881 | val_ordacc@10=0.082022 | val_recall@10=0.441808
Epoch 001 | Batch 14460 | K-values: K1=19, K10=36, K20=23, K50=27, K100=23
Epoch 001 | Batch 14470 | val_kld=3.326881 | val_ordacc@10=0.082022 | val_recall@10=0.441808
Epoch 001 | Batch 14470 | K-values: K1=21, K10=28, K20=29, K50=20, K100=30
Epoch 001 | Batch 14480 | val_kld=3.326881 | val_ordacc@10=0.082022 | val_recall@10=0.441808
Epoch 001 | Batch 14480 | K-values: K1=32, K10=19, K20=26, K50=33, K100=18
Epoch 001 | Batch 14490 | val_kld=3.326881 | val_ordacc@10=0.082022 | val_recall@10=0.441808
Epoch 001 | Batch 14490 | K-values: K1=29, K10=24, K20=25, K50=24, K100=26
Epoch 001 | Batch 14500 | val_kld=3.326881 | val_ordacc@10=0.082022 | val_recall@10=0.441808
Epoch 001 | Batch 14500 | K-values: K1=21, K10=28, K20=23, K50=27, K100=29
Epoch 001 | Batch 14510 | val_kld=3.326881 | val_ordacc@10=0.082022 | val_recall@10=0.441808
Epoch 001 | Batch 14510 | K-values: K1=24, K10=22, K20=30, K50=28, K100=24
Epoch 001 | Batch 14520 | val_kld=3.326881 | val_ordacc@10=0.082022 | val_recall@10=0.441808
Epoch 001 | Batch 14520 | K-values: K1=28, K10=27, K20=21, K50=27, K100=25
Epoch 001 | Batch 14530 | val_kld=3.326881 | val_ordacc@10=0.082022 | val_recall@10=0.441808
Epoch 001 | Batch 14530 | K-values: K1=21, K10=24, K20=29, K50=29, K100=25
Epoch 001 | Batch 14540 | val_kld=3.326881 | val_ordacc@10=0.082022 | val_recall@10=0.441808
Epoch 001 | Batch 14540 | K-values: K1=30, K10=29, K20=24, K50=15, K100=30
Epoch 001 | Batch 14550 | val_kld=3.326881 | val_ordacc@10=0.082022 | val_recall@10=0.441808
Epoch 001 | Batch 14550 | K-values: K1=34, K10=23, K20=28, K50=16, K100=27
Epoch 001 | Batch 14560 | val_kld=3.326881 | val_ordacc@10=0.082022 | val_recall@10=0.441808
Epoch 001 | Batch 14560 | K-values: K1=21, K10=20, K20=28, K50=32, K100=27
Epoch 001 | Batch 14570 | val_kld=3.326881 | val_ordacc@10=0.082022 | val_recall@10=0.441808
Epoch 001 | Batch 14570 | K-values: K1=16, K10=32, K20=27, K50=24, K100=29
Epoch 001 | Batch 14580 | val_kld=3.326881 | val_ordacc@10=0.082022 | val_recall@10=0.441808
Epoch 001 | Batch 14580 | K-values: K1=24, K10=27, K20=22, K50=28, K100=27
Epoch 001 | Batch 14590 | val_kld=3.326881 | val_ordacc@10=0.082022 | val_recall@10=0.441808
Epoch 001 | Batch 14590 | K-values: K1=15, K10=24, K20=24, K50=33, K100=32
Epoch 001 | Batch 14600 | val_kld=3.326881 | val_ordacc@10=0.082022 | val_recall@10=0.441808
Epoch 001 | Batch 14600 | K-values: K1=24, K10=24, K20=28, K50=28, K100=24
Epoch 001 | Batch 14610 | val_kld=3.326881 | val_ordacc@10=0.082022 | val_recall@10=0.441808
Epoch 001 | Batch 14610 | K-values: K1=23, K10=27, K20=29, K50=26, K100=23
Epoch 001 | Batch 14620 | val_kld=3.326881 | val_ordacc@10=0.082022 | val_recall@10=0.441808
Epoch 001 | Batch 14620 | K-values: K1=29, K10=21, K20=22, K50=26, K100=30
Epoch 001 | Batch 14630 | val_kld=3.326881 | val_ordacc@10=0.082022 | val_recall@10=0.441808
Epoch 001 | Batch 14630 | K-values: K1=25, K10=21, K20=35, K50=27, K100=20
Epoch 001 | Batch 14640 | val_kld=3.326881 | val_ordacc@10=0.082022 | val_recall@10=0.441808
Epoch 001 | Batch 14640 | K-values: K1=27, K10=24, K20=23, K50=32, K100=22
Epoch 001 | Batch 14650 | val_kld=3.326881 | val_ordacc@10=0.082022 | val_recall@10=0.441808
Epoch 001 | Batch 14650 | K-values: K1=25, K10=25, K20=24, K50=29, K100=25
Epoch 001 | Batch 14660 | val_kld=3.326881 | val_ordacc@10=0.082022 | val_recall@10=0.441808
Epoch 001 | Batch 14660 | K-values: K1=24, K10=24, K20=25, K50=38, K100=17
Epoch 001 | Batch 14670 | val_kld=3.326881 | val_ordacc@10=0.082022 | val_recall@10=0.441808
Epoch 001 | Batch 14670 | K-values: K1=14, K10=32, K20=33, K50=30, K100=19
Epoch 001 | Batch 14680 | val_kld=3.326881 | val_ordacc@10=0.082022 | val_recall@10=0.441808
Epoch 001 | Batch 14680 | K-values: K1=19, K10=20, K20=28, K50=31, K100=30
Epoch 001 | Batch 14690 | val_kld=3.326881 | val_ordacc@10=0.082022 | val_recall@10=0.441808
Epoch 001 | Batch 14690 | K-values: K1=31, K10=28, K20=23, K50=25, K100=21
Epoch 001 | Batch 14700 | val_kld=3.326881 | val_ordacc@10=0.082022 | val_recall@10=0.441808
Epoch 001 | Batch 14700 | K-values: K1=29, K10=24, K20=22, K50=28, K100=25
Epoch 001 | Batch 14710 | val_kld=3.326881 | val_ordacc@10=0.082022 | val_recall@10=0.441808
Epoch 001 | Batch 14710 | K-values: K1=23, K10=23, K20=31, K50=25, K100=26
Epoch 001 | Batch 14720 | val_kld=3.326881 | val_ordacc@10=0.082022 | val_recall@10=0.441808
Epoch 001 | Batch 14720 | K-values: K1=23, K10=27, K20=25, K50=25, K100=28
Epoch 001 | Batch 14730 | val_kld=3.326881 | val_ordacc@10=0.082022 | val_recall@10=0.441808
Epoch 001 | Batch 14730 | K-values: K1=24, K10=21, K20=29, K50=34, K100=20
Epoch 001 | Batch 14740 | val_kld=3.326881 | val_ordacc@10=0.082022 | val_recall@10=0.441808
Epoch 001 | Batch 14740 | K-values: K1=23, K10=24, K20=30, K50=22, K100=29
Epoch 001 | Batch 14750 | val_kld=3.326881 | val_ordacc@10=0.082022 | val_recall@10=0.441808
Epoch 001 | Batch 14750 | K-values: K1=18, K10=32, K20=24, K50=28, K100=26
Epoch 001 | Batch 14760 | val_kld=3.326881 | val_ordacc@10=0.082022 | val_recall@10=0.441808
Epoch 001 | Batch 14760 | K-values: K1=29, K10=22, K20=29, K50=18, K100=30
Epoch 001 | Batch 14770 | val_kld=3.326881 | val_ordacc@10=0.082022 | val_recall@10=0.441808
Epoch 001 | Batch 14770 | K-values: K1=16, K10=23, K20=34, K50=30, K100=25
Epoch 001 | Batch 14780 | val_kld=3.326881 | val_ordacc@10=0.082022 | val_recall@10=0.441808
Epoch 001 | Batch 14780 | K-values: K1=24, K10=31, K20=27, K50=21, K100=25
Epoch 001 | Batch 14790 | val_kld=3.326881 | val_ordacc@10=0.082022 | val_recall@10=0.441808
Epoch 001 | Batch 14790 | K-values: K1=33, K10=24, K20=27, K50=23, K100=21
Epoch 001 | Batch 14800 | val_kld=3.326881 | val_ordacc@10=0.082022 | val_recall@10=0.441808
Epoch 001 | Batch 14800 | K-values: K1=20, K10=27, K20=25, K50=33, K100=23
Epoch 001 | Batch 14810 | val_kld=3.326881 | val_ordacc@10=0.082022 | val_recall@10=0.441808
Epoch 001 | Batch 14810 | K-values: K1=18, K10=28, K20=27, K50=32, K100=23
Epoch 001 | Batch 14820 | val_kld=3.326881 | val_ordacc@10=0.082022 | val_recall@10=0.441808
Epoch 001 | Batch 14820 | K-values: K1=22, K10=34, K20=30, K50=18, K100=24
Epoch 001 | Batch 14830 | val_kld=3.326881 | val_ordacc@10=0.082022 | val_recall@10=0.441808
Epoch 001 | Batch 14830 | K-values: K1=22, K10=19, K20=25, K50=31, K100=31
Epoch 001 | Batch 14840 | val_kld=3.326881 | val_ordacc@10=0.082022 | val_recall@10=0.441808
Epoch 001 | Batch 14840 | K-values: K1=17, K10=27, K20=25, K50=28, K100=31
Epoch 001 | Batch 14850 | val_kld=3.326881 | val_ordacc@10=0.082022 | val_recall@10=0.441808
Epoch 001 | Batch 14850 | K-values: K1=27, K10=32, K20=21, K50=29, K100=19
Epoch 001 | Batch 14860 | val_kld=3.326881 | val_ordacc@10=0.082022 | val_recall@10=0.441808
Epoch 001 | Batch 14860 | K-values: K1=22, K10=30, K20=23, K50=33, K100=20
Epoch 001 | Batch 14870 | val_kld=3.326881 | val_ordacc@10=0.082022 | val_recall@10=0.441808
Epoch 001 | Batch 14870 | K-values: K1=29, K10=29, K20=23, K50=18, K100=29
Epoch 001 | Batch 14880 | val_kld=3.326881 | val_ordacc@10=0.082022 | val_recall@10=0.441808
Epoch 001 | Batch 14880 | K-values: K1=29, K10=31, K20=21, K50=24, K100=23
Epoch 001 | Batch 14890 | val_kld=3.326881 | val_ordacc@10=0.082022 | val_recall@10=0.441808
Epoch 001 | Batch 14890 | K-values: K1=26, K10=30, K20=28, K50=22, K100=22
Epoch 001 | Batch 14900 | val_kld=3.326881 | val_ordacc@10=0.082022 | val_recall@10=0.441808
Epoch 001 | Batch 14900 | K-values: K1=30, K10=22, K20=21, K50=27, K100=28
Epoch 001 | Batch 14910 | val_kld=3.326881 | val_ordacc@10=0.082022 | val_recall@10=0.441808
Epoch 001 | Batch 14910 | K-values: K1=20, K10=22, K20=31, K50=22, K100=33
Epoch 001 | Batch 14920 | val_kld=3.326881 | val_ordacc@10=0.082022 | val_recall@10=0.441808
Epoch 001 | Batch 14920 | K-values: K1=28, K10=27, K20=36, K50=20, K100=17
Epoch 001 | Batch 14930 | val_kld=3.326881 | val_ordacc@10=0.082022 | val_recall@10=0.441808
Epoch 001 | Batch 14930 | K-values: K1=25, K10=26, K20=26, K50=30, K100=21
Epoch 001 | Batch 14940 | val_kld=3.326881 | val_ordacc@10=0.082022 | val_recall@10=0.441808
Epoch 001 | Batch 14940 | K-values: K1=30, K10=26, K20=25, K50=20, K100=27
Epoch 001 | Batch 14950 | val_kld=3.326881 | val_ordacc@10=0.082022 | val_recall@10=0.441808
Epoch 001 | Batch 14950 | K-values: K1=22, K10=29, K20=25, K50=29, K100=23
Epoch 001 | Batch 14960 | val_kld=3.326881 | val_ordacc@10=0.082022 | val_recall@10=0.441808
Epoch 001 | Batch 14960 | K-values: K1=27, K10=30, K20=24, K50=19, K100=28
Epoch 001 | Batch 14970 | val_kld=3.326881 | val_ordacc@10=0.082022 | val_recall@10=0.441808
Epoch 001 | Batch 14970 | K-values: K1=24, K10=27, K20=31, K50=23, K100=23
Epoch 001 | Batch 14980 | val_kld=3.326881 | val_ordacc@10=0.082022 | val_recall@10=0.441808
Epoch 001 | Batch 14980 | K-values: K1=25, K10=19, K20=22, K50=25, K100=37
Epoch 001 | Batch 14990 | val_kld=3.326881 | val_ordacc@10=0.082022 | val_recall@10=0.441808
Epoch 001 | Batch 14990 | K-values: K1=37, K10=14, K20=28, K50=26, K100=23
Epoch 001 | Batch 15000 | val_kld=3.326881 | val_ordacc@10=0.082022 | val_recall@10=0.441808
Epoch 001 | Batch 15000 | K-values: K1=23, K10=27, K20=19, K50=24, K100=35
Epoch 001 | Batch 15010 | val_kld=3.326881 | val_ordacc@10=0.082022 | val_recall@10=0.441808
Epoch 001 | Batch 15010 | K-values: K1=21, K10=27, K20=25, K50=27, K100=28
Epoch 001 | Batch 15020 | val_kld=3.326881 | val_ordacc@10=0.082022 | val_recall@10=0.441808
Epoch 001 | Batch 15020 | K-values: K1=29, K10=29, K20=27, K50=23, K100=20
Epoch 001 | Batch 15030 | val_kld=3.326881 | val_ordacc@10=0.082022 | val_recall@10=0.441808
Epoch 001 | Batch 15030 | K-values: K1=24, K10=34, K20=30, K50=17, K100=23
Epoch 001 | Batch 15040 | val_kld=3.326881 | val_ordacc@10=0.082022 | val_recall@10=0.441808
Epoch 001 | Batch 15040 | K-values: K1=17, K10=29, K20=22, K50=31, K100=29
Epoch 001 | Batch 15050 | val_kld=3.326881 | val_ordacc@10=0.082022 | val_recall@10=0.441808
Epoch 001 | Batch 15050 | K-values: K1=30, K10=20, K20=25, K50=31, K100=22
Epoch 001 | Batch 15060 | val_kld=3.326881 | val_ordacc@10=0.082022 | val_recall@10=0.441808
Epoch 001 | Batch 15060 | K-values: K1=24, K10=23, K20=28, K50=25, K100=28
Epoch 001 | Batch 15070 | val_kld=3.326881 | val_ordacc@10=0.082022 | val_recall@10=0.441808
Epoch 001 | Batch 15070 | K-values: K1=24, K10=33, K20=21, K50=22, K100=28
Epoch 001 | Batch 15080 | val_kld=3.326881 | val_ordacc@10=0.082022 | val_recall@10=0.441808
Epoch 001 | Batch 15080 | K-values: K1=28, K10=31, K20=31, K50=13, K100=25
Epoch 001 | Batch 15090 | val_kld=3.326881 | val_ordacc@10=0.082022 | val_recall@10=0.441808
Epoch 001 | Batch 15090 | K-values: K1=29, K10=23, K20=27, K50=29, K100=20
Epoch 001 | Batch 15100 | val_kld=3.326881 | val_ordacc@10=0.082022 | val_recall@10=0.441808
Epoch 001 | Batch 15100 | K-values: K1=28, K10=32, K20=28, K50=24, K100=16
Epoch 001 | Batch 15110 | val_kld=3.326881 | val_ordacc@10=0.082022 | val_recall@10=0.441808
Epoch 001 | Batch 15110 | K-values: K1=32, K10=20, K20=29, K50=25, K100=22
Epoch 001 | Batch 15120 | val_kld=3.326881 | val_ordacc@10=0.082022 | val_recall@10=0.441808
Epoch 001 | Batch 15120 | K-values: K1=20, K10=31, K20=29, K50=27, K100=21
Epoch 001 | Batch 15130 | val_kld=3.326881 | val_ordacc@10=0.082022 | val_recall@10=0.441808
Epoch 001 | Batch 15130 | K-values: K1=27, K10=25, K20=22, K50=30, K100=24
Epoch 001 | Batch 15140 | val_kld=3.326881 | val_ordacc@10=0.082022 | val_recall@10=0.441808
Epoch 001 | Batch 15140 | K-values: K1=23, K10=33, K20=21, K50=25, K100=26
Epoch 001 | Batch 15150 | val_kld=3.326881 | val_ordacc@10=0.082022 | val_recall@10=0.441808
Epoch 001 | Batch 15150 | K-values: K1=27, K10=26, K20=28, K50=28, K100=19
Epoch 001 | Batch 15160 | val_kld=3.326881 | val_ordacc@10=0.082022 | val_recall@10=0.441808
Epoch 001 | Batch 15160 | K-values: K1=25, K10=25, K20=26, K50=31, K100=21
Epoch 001 | Batch 15170 | val_kld=3.326881 | val_ordacc@10=0.082022 | val_recall@10=0.441808
Epoch 001 | Batch 15170 | K-values: K1=23, K10=20, K20=35, K50=17, K100=33
Epoch 001 | Batch 15180 | val_kld=3.326881 | val_ordacc@10=0.082022 | val_recall@10=0.441808
Epoch 001 | Batch 15180 | K-values: K1=31, K10=22, K20=22, K50=18, K100=35
Epoch 001 | Batch 15190 | val_kld=3.326881 | val_ordacc@10=0.082022 | val_recall@10=0.441808
Epoch 001 | Batch 15190 | K-values: K1=22, K10=27, K20=28, K50=26, K100=25
Epoch 001 | Batch 15200 | val_kld=3.326881 | val_ordacc@10=0.082022 | val_recall@10=0.441808
Epoch 001 | Batch 15200 | K-values: K1=22, K10=35, K20=24, K50=29, K100=18
Epoch 001 | Batch 15210 | val_kld=3.326881 | val_ordacc@10=0.082022 | val_recall@10=0.441808
Epoch 001 | Batch 15210 | K-values: K1=19, K10=28, K20=26, K50=22, K100=33
Epoch 001 | Batch 15220 | val_kld=3.326881 | val_ordacc@10=0.082022 | val_recall@10=0.441808
Epoch 001 | Batch 15220 | K-values: K1=27, K10=15, K20=31, K50=29, K100=26
Epoch 001 | Batch 15230 | val_kld=3.326881 | val_ordacc@10=0.082022 | val_recall@10=0.441808
Epoch 001 | Batch 15230 | K-values: K1=22, K10=27, K20=26, K50=29, K100=24
Epoch 001 | Batch 15240 | val_kld=3.326881 | val_ordacc@10=0.082022 | val_recall@10=0.441808
Epoch 001 | Batch 15240 | K-values: K1=22, K10=29, K20=23, K50=30, K100=24
Epoch 001 | Batch 15250 | val_kld=3.326881 | val_ordacc@10=0.082022 | val_recall@10=0.441808
Epoch 001 | Batch 15250 | K-values: K1=34, K10=21, K20=22, K50=28, K100=23
Epoch 001 | Batch 15260 | val_kld=3.326881 | val_ordacc@10=0.082022 | val_recall@10=0.441808
Epoch 001 | Batch 15260 | K-values: K1=23, K10=36, K20=27, K50=25, K100=17
Epoch 001 | Batch 15270 | val_kld=3.326881 | val_ordacc@10=0.082022 | val_recall@10=0.441808
Epoch 001 | Batch 15270 | K-values: K1=19, K10=32, K20=28, K50=34, K100=15
Epoch 001 | Batch 15280 | val_kld=3.326881 | val_ordacc@10=0.082022 | val_recall@10=0.441808
Epoch 001 | Batch 15280 | K-values: K1=26, K10=24, K20=30, K50=24, K100=24
Epoch 001 | Batch 15290 | val_kld=3.326881 | val_ordacc@10=0.082022 | val_recall@10=0.441808
Epoch 001 | Batch 15290 | K-values: K1=23, K10=23, K20=21, K50=39, K100=22
Epoch 001 | Batch 15300 | val_kld=3.326881 | val_ordacc@10=0.082022 | val_recall@10=0.441808
Epoch 001 | Batch 15300 | K-values: K1=29, K10=26, K20=28, K50=22, K100=23
Epoch 001 | Batch 15310 | val_kld=3.326881 | val_ordacc@10=0.082022 | val_recall@10=0.441808
Epoch 001 | Batch 15310 | K-values: K1=18, K10=34, K20=20, K50=33, K100=23
Epoch 001 | Batch 15320 | val_kld=3.326881 | val_ordacc@10=0.082022 | val_recall@10=0.441808
Epoch 001 | Batch 15320 | K-values: K1=23, K10=36, K20=18, K50=27, K100=24
Epoch 001 | Batch 15330 | val_kld=3.326881 | val_ordacc@10=0.082022 | val_recall@10=0.441808
Epoch 001 | Batch 15330 | K-values: K1=25, K10=24, K20=24, K50=28, K100=27
Epoch 001 | Batch 15340 | val_kld=3.326881 | val_ordacc@10=0.082022 | val_recall@10=0.441808
Epoch 001 | Batch 15340 | K-values: K1=29, K10=31, K20=26, K50=19, K100=23
Epoch 001 | Batch 15350 | val_kld=3.326881 | val_ordacc@10=0.082022 | val_recall@10=0.441808
Epoch 001 | Batch 15350 | K-values: K1=23, K10=25, K20=26, K50=26, K100=28
Epoch 001 | Batch 15360 | val_kld=3.326881 | val_ordacc@10=0.082022 | val_recall@10=0.441808
Epoch 001 | Batch 15360 | K-values: K1=23, K10=20, K20=24, K50=27, K100=34
Epoch 001 | Batch 15370 | val_kld=3.326881 | val_ordacc@10=0.082022 | val_recall@10=0.441808
Epoch 001 | Batch 15370 | K-values: K1=23, K10=23, K20=33, K50=21, K100=28
Epoch 001 | Batch 15380 | val_kld=3.326881 | val_ordacc@10=0.082022 | val_recall@10=0.441808
Epoch 001 | Batch 15380 | K-values: K1=33, K10=26, K20=17, K50=27, K100=25
Epoch 001 | Batch 15390 | val_kld=3.326881 | val_ordacc@10=0.082022 | val_recall@10=0.441808
Epoch 001 | Batch 15390 | K-values: K1=22, K10=27, K20=30, K50=24, K100=25
Epoch 001 | Batch 15400 | val_kld=3.326881 | val_ordacc@10=0.082022 | val_recall@10=0.441808
Epoch 001 | Batch 15400 | K-values: K1=20, K10=31, K20=26, K50=21, K100=30
Epoch 001 | Batch 15410 | val_kld=3.326881 | val_ordacc@10=0.082022 | val_recall@10=0.441808
Epoch 001 | Batch 15410 | K-values: K1=25, K10=33, K20=24, K50=24, K100=22
Epoch 001 | Batch 15420 | val_kld=3.326881 | val_ordacc@10=0.082022 | val_recall@10=0.441808
Epoch 001 | Batch 15420 | K-values: K1=21, K10=28, K20=29, K50=23, K100=27
Epoch 001 | Batch 15430 | val_kld=3.326881 | val_ordacc@10=0.082022 | val_recall@10=0.441808
Epoch 001 | Batch 15430 | K-values: K1=23, K10=27, K20=33, K50=28, K100=17
Epoch 001 | Batch 15440 | val_kld=3.326881 | val_ordacc@10=0.082022 | val_recall@10=0.441808
Epoch 001 | Batch 15440 | K-values: K1=31, K10=24, K20=20, K50=20, K100=33
Epoch 001 | Batch 15450 | val_kld=3.326881 | val_ordacc@10=0.082022 | val_recall@10=0.441808
Epoch 001 | Batch 15450 | K-values: K1=20, K10=29, K20=21, K50=28, K100=30
Epoch 001 | Batch 15460 | val_kld=3.326881 | val_ordacc@10=0.082022 | val_recall@10=0.441808
Epoch 001 | Batch 15460 | K-values: K1=22, K10=28, K20=24, K50=26, K100=28
Epoch 001 | Batch 15470 | val_kld=3.326881 | val_ordacc@10=0.082022 | val_recall@10=0.441808
Epoch 001 | Batch 15470 | K-values: K1=22, K10=31, K20=31, K50=21, K100=23
Epoch 001 | Batch 15480 | val_kld=3.326881 | val_ordacc@10=0.082022 | val_recall@10=0.441808
Epoch 001 | Batch 15480 | K-values: K1=27, K10=28, K20=21, K50=34, K100=18
Epoch 001 | Batch 15490 | val_kld=3.326881 | val_ordacc@10=0.082022 | val_recall@10=0.441808
Epoch 001 | Batch 15490 | K-values: K1=28, K10=18, K20=29, K50=29, K100=24
Epoch 001 | Batch 15500 | val_kld=3.326881 | val_ordacc@10=0.082022 | val_recall@10=0.441808
Epoch 001 | Batch 15500 | K-values: K1=21, K10=25, K20=28, K50=22, K100=32
Epoch 001 | Batch 15510 | val_kld=3.326881 | val_ordacc@10=0.082022 | val_recall@10=0.441808
Epoch 001 | Batch 15510 | K-values: K1=19, K10=15, K20=21, K50=41, K100=32
Epoch 001 | Batch 15520 | val_kld=3.326881 | val_ordacc@10=0.082022 | val_recall@10=0.441808
Epoch 001 | Batch 15520 | K-values: K1=21, K10=32, K20=26, K50=26, K100=23
Epoch 001 | Batch 15530 | val_kld=3.326881 | val_ordacc@10=0.082022 | val_recall@10=0.441808
Epoch 001 | Batch 15530 | K-values: K1=21, K10=20, K20=28, K50=24, K100=35
Epoch 001 | Batch 15540 | val_kld=3.326881 | val_ordacc@10=0.082022 | val_recall@10=0.441808
Epoch 001 | Batch 15540 | K-values: K1=22, K10=26, K20=23, K50=26, K100=31
Epoch 001 | Batch 15550 | val_kld=3.326881 | val_ordacc@10=0.082022 | val_recall@10=0.441808
Epoch 001 | Batch 15550 | K-values: K1=18, K10=35, K20=25, K50=33, K100=17
Epoch 001 | Batch 15560 | val_kld=3.326881 | val_ordacc@10=0.082022 | val_recall@10=0.441808
Epoch 001 | Batch 15560 | K-values: K1=30, K10=26, K20=26, K50=21, K100=25
Epoch 001 | Batch 15570 | val_kld=3.326881 | val_ordacc@10=0.082022 | val_recall@10=0.441808
Epoch 001 | Batch 15570 | K-values: K1=20, K10=27, K20=30, K50=25, K100=26
Epoch 001 | Batch 15580 | val_kld=3.326881 | val_ordacc@10=0.082022 | val_recall@10=0.441808
Epoch 001 | Batch 15580 | K-values: K1=28, K10=28, K20=25, K50=21, K100=26
Epoch 001 | Batch 15590 | val_kld=3.326881 | val_ordacc@10=0.082022 | val_recall@10=0.441808
Epoch 001 | Batch 15590 | K-values: K1=30, K10=18, K20=24, K50=29, K100=27
Epoch 001 | Batch 15600 | val_kld=3.326881 | val_ordacc@10=0.082022 | val_recall@10=0.441808
Epoch 001 | Batch 15600 | K-values: K1=38, K10=16, K20=24, K50=30, K100=20
Epoch 001 | Batch 15610 | val_kld=3.326881 | val_ordacc@10=0.082022 | val_recall@10=0.441808
Epoch 001 | Batch 15610 | K-values: K1=23, K10=26, K20=20, K50=32, K100=27
Epoch 001 | Batch 15620 | val_kld=3.326881 | val_ordacc@10=0.082022 | val_recall@10=0.441808
Epoch 001 | Batch 15620 | K-values: K1=31, K10=23, K20=24, K50=22, K100=28
Epoch 001 | Batch 15630 | val_kld=3.326881 | val_ordacc@10=0.082022 | val_recall@10=0.441808
Epoch 001 | Batch 15630 | K-values: K1=27, K10=30, K20=24, K50=20, K100=27
Epoch 001 | Batch 15640 | val_kld=3.326881 | val_ordacc@10=0.082022 | val_recall@10=0.441808
Epoch 001 | Batch 15640 | K-values: K1=22, K10=23, K20=20, K50=37, K100=26
Epoch 001 | Batch 15650 | val_kld=3.326881 | val_ordacc@10=0.082022 | val_recall@10=0.441808
Epoch 001 | Batch 15650 | K-values: K1=28, K10=25, K20=26, K50=23, K100=26
Epoch 001 | Batch 15660 | val_kld=3.326881 | val_ordacc@10=0.082022 | val_recall@10=0.441808
Epoch 001 | Batch 15660 | K-values: K1=31, K10=24, K20=24, K50=24, K100=25
Epoch 001 | Batch 15670 | val_kld=3.326881 | val_ordacc@10=0.082022 | val_recall@10=0.441808
Epoch 001 | Batch 15670 | K-values: K1=28, K10=28, K20=29, K50=23, K100=20
Epoch 001 | Batch 15680 | val_kld=3.326881 | val_ordacc@10=0.082022 | val_recall@10=0.441808
Epoch 001 | Batch 15680 | K-values: K1=26, K10=23, K20=36, K50=22, K100=21
Epoch 001 | Batch 15690 | val_kld=3.326881 | val_ordacc@10=0.082022 | val_recall@10=0.441808
Epoch 001 | Batch 15690 | K-values: K1=16, K10=28, K20=27, K50=25, K100=32
Epoch 001 | Batch 15700 | val_kld=3.326881 | val_ordacc@10=0.082022 | val_recall@10=0.441808
Epoch 001 | Batch 15700 | K-values: K1=22, K10=29, K20=23, K50=30, K100=24
Epoch 001 | Batch 15710 | val_kld=3.326881 | val_ordacc@10=0.082022 | val_recall@10=0.441808
Epoch 001 | Batch 15710 | K-values: K1=26, K10=26, K20=23, K50=24, K100=29
Epoch 001 | Batch 15720 | val_kld=3.326881 | val_ordacc@10=0.082022 | val_recall@10=0.441808
Epoch 001 | Batch 15720 | K-values: K1=19, K10=21, K20=29, K50=34, K100=25
Epoch 001 | Batch 15730 | val_kld=3.326881 | val_ordacc@10=0.082022 | val_recall@10=0.441808
Epoch 001 | Batch 15730 | K-values: K1=27, K10=21, K20=29, K50=23, K100=28
Epoch 001 | Batch 15740 | val_kld=3.326881 | val_ordacc@10=0.082022 | val_recall@10=0.441808
Epoch 001 | Batch 15740 | K-values: K1=26, K10=15, K20=32, K50=32, K100=23
Epoch 001 | Batch 15750 | val_kld=3.326881 | val_ordacc@10=0.082022 | val_recall@10=0.441808
Epoch 001 | Batch 15750 | K-values: K1=39, K10=20, K20=30, K50=11, K100=28
Epoch 001 | Batch 15760 | val_kld=3.326881 | val_ordacc@10=0.082022 | val_recall@10=0.441808
Epoch 001 | Batch 15760 | K-values: K1=29, K10=26, K20=27, K50=31, K100=15
Epoch 001 | Batch 15770 | val_kld=3.326881 | val_ordacc@10=0.082022 | val_recall@10=0.441808
Epoch 001 | Batch 15770 | K-values: K1=31, K10=24, K20=27, K50=25, K100=21
Epoch 001 | Batch 15780 | val_kld=3.326881 | val_ordacc@10=0.082022 | val_recall@10=0.441808
Epoch 001 | Batch 15780 | K-values: K1=21, K10=29, K20=28, K50=21, K100=29
Epoch 001 | Batch 15790 | val_kld=3.326881 | val_ordacc@10=0.082022 | val_recall@10=0.441808
Epoch 001 | Batch 15790 | K-values: K1=17, K10=30, K20=26, K50=35, K100=20
Epoch 001 | Batch 15800 | val_kld=3.326881 | val_ordacc@10=0.082022 | val_recall@10=0.441808
Epoch 001 | Batch 15800 | K-values: K1=21, K10=18, K20=28, K50=30, K100=31
Epoch 001 | Batch 15810 | val_kld=3.326881 | val_ordacc@10=0.082022 | val_recall@10=0.441808
Epoch 001 | Batch 15810 | K-values: K1=23, K10=28, K20=32, K50=15, K100=30
Epoch 001 | Batch 15820 | val_kld=3.326881 | val_ordacc@10=0.082022 | val_recall@10=0.441808
Epoch 001 | Batch 15820 | K-values: K1=29, K10=33, K20=22, K50=26, K100=18
Epoch 001 | Batch 15830 | val_kld=3.326881 | val_ordacc@10=0.082022 | val_recall@10=0.441808
Epoch 001 | Batch 15830 | K-values: K1=24, K10=29, K20=24, K50=31, K100=20
Epoch 001 | Batch 15840 | val_kld=3.326881 | val_ordacc@10=0.082022 | val_recall@10=0.441808
Epoch 001 | Batch 15840 | K-values: K1=23, K10=28, K20=23, K50=26, K100=28
Epoch 001 | Batch 15850 | val_kld=3.326881 | val_ordacc@10=0.082022 | val_recall@10=0.441808
Epoch 001 | Batch 15850 | K-values: K1=25, K10=24, K20=31, K50=24, K100=24
Epoch 001 | Batch 15860 | val_kld=3.326881 | val_ordacc@10=0.082022 | val_recall@10=0.441808
Epoch 001 | Batch 15860 | K-values: K1=22, K10=32, K20=25, K50=26, K100=23
Epoch 001 | Batch 15870 | val_kld=3.326881 | val_ordacc@10=0.082022 | val_recall@10=0.441808
Epoch 001 | Batch 15870 | K-values: K1=33, K10=25, K20=22, K50=30, K100=18
Epoch 001 | Batch 15880 | val_kld=3.326881 | val_ordacc@10=0.082022 | val_recall@10=0.441808
Epoch 001 | Batch 15880 | K-values: K1=27, K10=28, K20=28, K50=23, K100=22
Epoch 001 | Batch 15890 | val_kld=3.326881 | val_ordacc@10=0.082022 | val_recall@10=0.441808
Epoch 001 | Batch 15890 | K-values: K1=23, K10=25, K20=30, K50=26, K100=24
Epoch 001 | Batch 15900 | val_kld=3.326881 | val_ordacc@10=0.082022 | val_recall@10=0.441808
Epoch 001 | Batch 15900 | K-values: K1=28, K10=28, K20=23, K50=25, K100=24
Epoch 001 | Batch 15910 | val_kld=3.326881 | val_ordacc@10=0.082022 | val_recall@10=0.441808
Epoch 001 | Batch 15910 | K-values: K1=29, K10=21, K20=20, K50=30, K100=28
Epoch 001 | Batch 15920 | val_kld=3.326881 | val_ordacc@10=0.082022 | val_recall@10=0.441808
Epoch 001 | Batch 15920 | K-values: K1=32, K10=22, K20=22, K50=24, K100=28
Epoch 001 | Batch 15930 | val_kld=3.326881 | val_ordacc@10=0.082022 | val_recall@10=0.441808
Epoch 001 | Batch 15930 | K-values: K1=32, K10=26, K20=24, K50=28, K100=18
Epoch 001 | Batch 15940 | val_kld=3.326881 | val_ordacc@10=0.082022 | val_recall@10=0.441808
Epoch 001 | Batch 15940 | K-values: K1=33, K10=23, K20=28, K50=19, K100=25
Epoch 001 | Batch 15950 | val_kld=3.326881 | val_ordacc@10=0.082022 | val_recall@10=0.441808
Epoch 001 | Batch 15950 | K-values: K1=22, K10=28, K20=24, K50=28, K100=26
Epoch 001 | Batch 15960 | val_kld=3.326881 | val_ordacc@10=0.082022 | val_recall@10=0.441808
Epoch 001 | Batch 15960 | K-values: K1=22, K10=29, K20=25, K50=27, K100=25
Epoch 001 | Batch 15970 | val_kld=3.326881 | val_ordacc@10=0.082022 | val_recall@10=0.441808
Epoch 001 | Batch 15970 | K-values: K1=22, K10=22, K20=28, K50=25, K100=31
Epoch 001 | Batch 15980 | val_kld=3.326881 | val_ordacc@10=0.082022 | val_recall@10=0.441808
Epoch 001 | Batch 15980 | K-values: K1=20, K10=21, K20=29, K50=30, K100=28
Epoch 001 | Batch 15990 | val_kld=3.326881 | val_ordacc@10=0.082022 | val_recall@10=0.441808
Epoch 001 | Batch 15990 | K-values: K1=29, K10=29, K20=30, K50=18, K100=22
Epoch 001 | Batch 16000 | val_kld=3.326881 | val_ordacc@10=0.082022 | val_recall@10=0.441808
Epoch 001 | Batch 16000 | K-values: K1=23, K10=22, K20=32, K50=27, K100=24
Epoch 001 | Batch 16010 | val_kld=3.326881 | val_ordacc@10=0.082022 | val_recall@10=0.441808
Epoch 001 | Batch 16010 | K-values: K1=25, K10=19, K20=25, K50=26, K100=33
Epoch 001 | Batch 16020 | val_kld=3.326881 | val_ordacc@10=0.082022 | val_recall@10=0.441808
Epoch 001 | Batch 16020 | K-values: K1=23, K10=21, K20=29, K50=26, K100=29
Epoch 001 | Batch 16030 | val_kld=3.326881 | val_ordacc@10=0.082022 | val_recall@10=0.441808
Epoch 001 | Batch 16030 | K-values: K1=25, K10=32, K20=24, K50=20, K100=27
Epoch 001 | Batch 16040 | val_kld=3.326881 | val_ordacc@10=0.082022 | val_recall@10=0.441808
Epoch 001 | Batch 16040 | K-values: K1=25, K10=29, K20=14, K50=28, K100=32
Epoch 001 | Batch 16050 | val_kld=3.326881 | val_ordacc@10=0.082022 | val_recall@10=0.441808
Epoch 001 | Batch 16050 | K-values: K1=22, K10=27, K20=27, K50=26, K100=26
Epoch 001 | Batch 16060 | val_kld=3.326881 | val_ordacc@10=0.082022 | val_recall@10=0.441808
Epoch 001 | Batch 16060 | K-values: K1=22, K10=23, K20=31, K50=29, K100=23
Epoch 001 | Batch 16070 | val_kld=3.326881 | val_ordacc@10=0.082022 | val_recall@10=0.441808
Epoch 001 | Batch 16070 | K-values: K1=32, K10=31, K20=26, K50=20, K100=19
Epoch 001 | Batch 16080 | val_kld=3.326881 | val_ordacc@10=0.082022 | val_recall@10=0.441808
Epoch 001 | Batch 16080 | K-values: K1=27, K10=27, K20=26, K50=27, K100=21
Epoch 001 | Batch 16090 | val_kld=3.326881 | val_ordacc@10=0.082022 | val_recall@10=0.441808
Epoch 001 | Batch 16090 | K-values: K1=30, K10=20, K20=31, K50=22, K100=25
Epoch 001 | Batch 16100 | val_kld=3.326881 | val_ordacc@10=0.082022 | val_recall@10=0.441808
Epoch 001 | Batch 16100 | K-values: K1=20, K10=25, K20=36, K50=25, K100=22
Epoch 001 | Batch 16110 | val_kld=3.326881 | val_ordacc@10=0.082022 | val_recall@10=0.441808
Epoch 001 | Batch 16110 | K-values: K1=19, K10=26, K20=36, K50=26, K100=21
Epoch 001 | Batch 16120 | val_kld=3.326881 | val_ordacc@10=0.082022 | val_recall@10=0.441808
Epoch 001 | Batch 16120 | K-values: K1=22, K10=20, K20=30, K50=29, K100=27
Epoch 001 | Batch 16130 | val_kld=3.326881 | val_ordacc@10=0.082022 | val_recall@10=0.441808
Epoch 001 | Batch 16130 | K-values: K1=17, K10=39, K20=33, K50=19, K100=20
Epoch 001 | Batch 16140 | val_kld=3.326881 | val_ordacc@10=0.082022 | val_recall@10=0.441808
Epoch 001 | Batch 16140 | K-values: K1=25, K10=23, K20=28, K50=25, K100=27
Epoch 001 | Batch 16150 | val_kld=3.326881 | val_ordacc@10=0.082022 | val_recall@10=0.441808
Epoch 001 | Batch 16150 | K-values: K1=28, K10=22, K20=22, K50=30, K100=26
Epoch 001 | Batch 16160 | val_kld=3.326881 | val_ordacc@10=0.082022 | val_recall@10=0.441808
Epoch 001 | Batch 16160 | K-values: K1=26, K10=25, K20=24, K50=24, K100=29
Epoch 001 | Batch 16170 | val_kld=3.326881 | val_ordacc@10=0.082022 | val_recall@10=0.441808
Epoch 001 | Batch 16170 | K-values: K1=27, K10=29, K20=16, K50=31, K100=25
Epoch 001 | Batch 16180 | val_kld=3.326881 | val_ordacc@10=0.082022 | val_recall@10=0.441808
Epoch 001 | Batch 16180 | K-values: K1=26, K10=19, K20=19, K50=30, K100=34
Epoch 001 | Batch 16190 | val_kld=3.326881 | val_ordacc@10=0.082022 | val_recall@10=0.441808
Epoch 001 | Batch 16190 | K-values: K1=33, K10=23, K20=19, K50=23, K100=30
Epoch 001 | Batch 16200 | val_kld=3.326881 | val_ordacc@10=0.082022 | val_recall@10=0.441808
Epoch 001 | Batch 16200 | K-values: K1=29, K10=20, K20=32, K50=21, K100=26
Epoch 001 | Batch 16210 | val_kld=3.326881 | val_ordacc@10=0.082022 | val_recall@10=0.441808
Epoch 001 | Batch 16210 | K-values: K1=30, K10=28, K20=25, K50=28, K100=17
Epoch 001 | Batch 16220 | val_kld=3.326881 | val_ordacc@10=0.082022 | val_recall@10=0.441808
Epoch 001 | Batch 16220 | K-values: K1=25, K10=25, K20=23, K50=32, K100=23
Epoch 001 | Batch 16230 | val_kld=3.326881 | val_ordacc@10=0.082022 | val_recall@10=0.441808
Epoch 001 | Batch 16230 | K-values: K1=28, K10=14, K20=28, K50=27, K100=31
Epoch 001 | Batch 16240 | val_kld=3.326881 | val_ordacc@10=0.082022 | val_recall@10=0.441808
Epoch 001 | Batch 16240 | K-values: K1=23, K10=32, K20=24, K50=24, K100=25
Epoch 001 | Batch 16250 | val_kld=3.326881 | val_ordacc@10=0.082022 | val_recall@10=0.441808
Epoch 001 | Batch 16250 | K-values: K1=24, K10=29, K20=22, K50=22, K100=31
Epoch 001 | Batch 16260 | val_kld=3.326881 | val_ordacc@10=0.082022 | val_recall@10=0.441808
Epoch 001 | Batch 16260 | K-values: K1=30, K10=29, K20=26, K50=19, K100=24
Epoch 001 | Batch 16270 | val_kld=3.326881 | val_ordacc@10=0.082022 | val_recall@10=0.441808
Epoch 001 | Batch 16270 | K-values: K1=32, K10=22, K20=26, K50=17, K100=31
Epoch 001 | Batch 16280 | val_kld=3.326881 | val_ordacc@10=0.082022 | val_recall@10=0.441808
Epoch 001 | Batch 16280 | K-values: K1=23, K10=15, K20=34, K50=24, K100=32
Epoch 001 | Batch 16290 | val_kld=3.326881 | val_ordacc@10=0.082022 | val_recall@10=0.441808
Epoch 001 | Batch 16290 | K-values: K1=16, K10=34, K20=21, K50=19, K100=38
Epoch 001 | Batch 16300 | val_kld=3.326881 | val_ordacc@10=0.082022 | val_recall@10=0.441808
Epoch 001 | Batch 16300 | K-values: K1=23, K10=26, K20=32, K50=25, K100=22
Epoch 001 | Batch 16310 | val_kld=3.326881 | val_ordacc@10=0.082022 | val_recall@10=0.441808
Epoch 001 | Batch 16310 | K-values: K1=34, K10=23, K20=22, K50=25, K100=24
Epoch 001 | Batch 16320 | val_kld=3.326881 | val_ordacc@10=0.082022 | val_recall@10=0.441808
Epoch 001 | Batch 16320 | K-values: K1=30, K10=27, K20=30, K50=17, K100=24
Epoch 001 | Batch 16330 | val_kld=3.326881 | val_ordacc@10=0.082022 | val_recall@10=0.441808
Epoch 001 | Batch 16330 | K-values: K1=24, K10=27, K20=33, K50=25, K100=19
Epoch 001 | Batch 16340 | val_kld=3.326881 | val_ordacc@10=0.082022 | val_recall@10=0.441808
Epoch 001 | Batch 16340 | K-values: K1=22, K10=32, K20=22, K50=29, K100=23
Epoch 001 | Batch 16350 | val_kld=3.326881 | val_ordacc@10=0.082022 | val_recall@10=0.441808
Epoch 001 | Batch 16350 | K-values: K1=25, K10=28, K20=18, K50=30, K100=27
Epoch 001 | Batch 16360 | val_kld=3.326881 | val_ordacc@10=0.082022 | val_recall@10=0.441808
Epoch 001 | Batch 16360 | K-values: K1=25, K10=33, K20=25, K50=21, K100=24
Epoch 001 | Batch 16370 | val_kld=3.326881 | val_ordacc@10=0.082022 | val_recall@10=0.441808
Epoch 001 | Batch 16370 | K-values: K1=26, K10=21, K20=35, K50=30, K100=16
Epoch 001 | Batch 16380 | val_kld=3.326881 | val_ordacc@10=0.082022 | val_recall@10=0.441808
Epoch 001 | Batch 16380 | K-values: K1=20, K10=23, K20=31, K50=28, K100=26
Epoch 001 | Batch 16390 | val_kld=3.326881 | val_ordacc@10=0.082022 | val_recall@10=0.441808
Epoch 001 | Batch 16390 | K-values: K1=34, K10=21, K20=21, K50=31, K100=21
Epoch 001 | Batch 16400 | val_kld=3.326881 | val_ordacc@10=0.082022 | val_recall@10=0.441808
Epoch 001 | Batch 16400 | K-values: K1=16, K10=31, K20=19, K50=34, K100=28
Epoch 001 | Batch 16410 | val_kld=3.326881 | val_ordacc@10=0.082022 | val_recall@10=0.441808
Epoch 001 | Batch 16410 | K-values: K1=24, K10=22, K20=26, K50=26, K100=30
Epoch 001 | Batch 16420 | val_kld=3.326881 | val_ordacc@10=0.082022 | val_recall@10=0.441808
Epoch 001 | Batch 16420 | K-values: K1=25, K10=29, K20=24, K50=25, K100=25
Epoch 001 | Batch 16430 | val_kld=3.326881 | val_ordacc@10=0.082022 | val_recall@10=0.441808
Epoch 001 | Batch 16430 | K-values: K1=20, K10=27, K20=28, K50=25, K100=28
Epoch 001 | Batch 16440 | val_kld=3.326881 | val_ordacc@10=0.082022 | val_recall@10=0.441808
Epoch 001 | Batch 16440 | K-values: K1=20, K10=26, K20=27, K50=24, K100=31
Epoch 001 | Batch 16450 | val_kld=3.326881 | val_ordacc@10=0.082022 | val_recall@10=0.441808
Epoch 001 | Batch 16450 | K-values: K1=29, K10=27, K20=21, K50=30, K100=21
Epoch 001 | Batch 16460 | val_kld=3.326881 | val_ordacc@10=0.082022 | val_recall@10=0.441808
Epoch 001 | Batch 16460 | K-values: K1=26, K10=29, K20=24, K50=24, K100=25
Epoch 001 | Batch 16470 | val_kld=3.326881 | val_ordacc@10=0.082022 | val_recall@10=0.441808
Epoch 001 | Batch 16470 | K-values: K1=29, K10=19, K20=26, K50=28, K100=26
Epoch 001 | Batch 16480 | val_kld=3.326881 | val_ordacc@10=0.082022 | val_recall@10=0.441808
Epoch 001 | Batch 16480 | K-values: K1=27, K10=27, K20=18, K50=29, K100=27
Epoch 001 | Batch 16490 | val_kld=3.326881 | val_ordacc@10=0.082022 | val_recall@10=0.441808
Epoch 001 | Batch 16490 | K-values: K1=28, K10=18, K20=25, K50=31, K100=26
Epoch 001 | Batch 16500 | val_kld=3.326881 | val_ordacc@10=0.082022 | val_recall@10=0.441808
Epoch 001 | Batch 16500 | K-values: K1=31, K10=30, K20=22, K50=23, K100=22
Epoch 001 | Batch 16510 | val_kld=3.326881 | val_ordacc@10=0.082022 | val_recall@10=0.441808
Epoch 001 | Batch 16510 | K-values: K1=25, K10=15, K20=27, K50=30, K100=31
Epoch 001 | Batch 16520 | val_kld=3.326881 | val_ordacc@10=0.082022 | val_recall@10=0.441808
Epoch 001 | Batch 16520 | K-values: K1=22, K10=32, K20=25, K50=24, K100=25
Epoch 001 | Batch 16530 | val_kld=3.326881 | val_ordacc@10=0.082022 | val_recall@10=0.441808
Epoch 001 | Batch 16530 | K-values: K1=24, K10=27, K20=28, K50=23, K100=26
Epoch 001 | Batch 16540 | val_kld=3.326881 | val_ordacc@10=0.082022 | val_recall@10=0.441808
Epoch 001 | Batch 16540 | K-values: K1=26, K10=32, K20=30, K50=17, K100=23
Epoch 001 | Batch 16550 | val_kld=3.326881 | val_ordacc@10=0.082022 | val_recall@10=0.441808
Epoch 001 | Batch 16550 | K-values: K1=25, K10=26, K20=27, K50=28, K100=22
Epoch 001 | Batch 16560 | val_kld=3.326881 | val_ordacc@10=0.082022 | val_recall@10=0.441808
Epoch 001 | Batch 16560 | K-values: K1=22, K10=31, K20=22, K50=32, K100=21
Epoch 001 | Batch 16570 | val_kld=3.326881 | val_ordacc@10=0.082022 | val_recall@10=0.441808
Epoch 001 | Batch 16570 | K-values: K1=26, K10=27, K20=27, K50=27, K100=21
Epoch 001 | Batch 16580 | val_kld=3.326881 | val_ordacc@10=0.082022 | val_recall@10=0.441808
Epoch 001 | Batch 16580 | K-values: K1=18, K10=28, K20=26, K50=28, K100=28
Epoch 001 | Batch 16590 | val_kld=3.326881 | val_ordacc@10=0.082022 | val_recall@10=0.441808
Epoch 001 | Batch 16590 | K-values: K1=21, K10=23, K20=25, K50=22, K100=37
Epoch 001 | Batch 16600 | val_kld=3.326881 | val_ordacc@10=0.082022 | val_recall@10=0.441808
Epoch 001 | Batch 16600 | K-values: K1=27, K10=22, K20=31, K50=29, K100=19
Epoch 001 | Batch 16610 | val_kld=3.326881 | val_ordacc@10=0.082022 | val_recall@10=0.441808
Epoch 001 | Batch 16610 | K-values: K1=26, K10=22, K20=23, K50=29, K100=28
Epoch 001 | Batch 16620 | val_kld=3.326881 | val_ordacc@10=0.082022 | val_recall@10=0.441808
Epoch 001 | Batch 16620 | K-values: K1=22, K10=34, K20=21, K50=27, K100=24
Epoch 001 | Batch 16630 | val_kld=3.326881 | val_ordacc@10=0.082022 | val_recall@10=0.441808
Epoch 001 | Batch 16630 | K-values: K1=31, K10=24, K20=29, K50=28, K100=16
Epoch 001 | Batch 16640 | val_kld=3.326881 | val_ordacc@10=0.082022 | val_recall@10=0.441808
Epoch 001 | Batch 16640 | K-values: K1=39, K10=32, K20=17, K50=20, K100=20
Epoch 001 | Batch 16650 | val_kld=3.326881 | val_ordacc@10=0.082022 | val_recall@10=0.441808
Epoch 001 | Batch 16650 | K-values: K1=32, K10=25, K20=16, K50=24, K100=31
Epoch 001 | Batch 16660 | val_kld=3.326881 | val_ordacc@10=0.082022 | val_recall@10=0.441808
Epoch 001 | Batch 16660 | K-values: K1=26, K10=24, K20=33, K50=27, K100=18
Epoch 001 | Batch 16670 | val_kld=3.326881 | val_ordacc@10=0.082022 | val_recall@10=0.441808
Epoch 001 | Batch 16670 | K-values: K1=38, K10=23, K20=24, K50=24, K100=19
Epoch 001 | Batch 16680 | val_kld=3.326881 | val_ordacc@10=0.082022 | val_recall@10=0.441808
Epoch 001 | Batch 16680 | K-values: K1=24, K10=26, K20=21, K50=27, K100=30
Epoch 001 | Batch 16690 | val_kld=3.326881 | val_ordacc@10=0.082022 | val_recall@10=0.441808
Epoch 001 | Batch 16690 | K-values: K1=24, K10=31, K20=20, K50=28, K100=25
Epoch 001 | Batch 16700 | val_kld=3.326881 | val_ordacc@10=0.082022 | val_recall@10=0.441808
Epoch 001 | Batch 16700 | K-values: K1=25, K10=24, K20=26, K50=34, K100=19
Epoch 001 | Batch 16710 | val_kld=3.326881 | val_ordacc@10=0.082022 | val_recall@10=0.441808
Epoch 001 | Batch 16710 | K-values: K1=24, K10=25, K20=33, K50=24, K100=22
Epoch 001 | Batch 16720 | val_kld=3.326881 | val_ordacc@10=0.082022 | val_recall@10=0.441808
Epoch 001 | Batch 16720 | K-values: K1=24, K10=19, K20=29, K50=29, K100=27
Epoch 001 | Batch 16730 | val_kld=3.326881 | val_ordacc@10=0.082022 | val_recall@10=0.441808
Epoch 001 | Batch 16730 | K-values: K1=29, K10=25, K20=19, K50=30, K100=25
Epoch 001 | Batch 16740 | val_kld=3.326881 | val_ordacc@10=0.082022 | val_recall@10=0.441808
Epoch 001 | Batch 16740 | K-values: K1=25, K10=31, K20=26, K50=22, K100=24
Epoch 001 | Batch 16750 | val_kld=3.326881 | val_ordacc@10=0.082022 | val_recall@10=0.441808
Epoch 001 | Batch 16750 | K-values: K1=26, K10=28, K20=22, K50=26, K100=26
Epoch 001 | Batch 16760 | val_kld=3.326881 | val_ordacc@10=0.082022 | val_recall@10=0.441808
Epoch 001 | Batch 16760 | K-values: K1=27, K10=23, K20=33, K50=22, K100=23
Epoch 001 | Batch 16770 | val_kld=3.326881 | val_ordacc@10=0.082022 | val_recall@10=0.441808
Epoch 001 | Batch 16770 | K-values: K1=28, K10=30, K20=26, K50=17, K100=27
Epoch 001 | Batch 16780 | val_kld=3.326881 | val_ordacc@10=0.082022 | val_recall@10=0.441808
Epoch 001 | Batch 16780 | K-values: K1=24, K10=26, K20=29, K50=22, K100=27
Epoch 001 | Batch 16790 | val_kld=3.326881 | val_ordacc@10=0.082022 | val_recall@10=0.441808
Epoch 001 | Batch 16790 | K-values: K1=22, K10=32, K20=24, K50=25, K100=25
Epoch 001 | Batch 16800 | val_kld=3.326881 | val_ordacc@10=0.082022 | val_recall@10=0.441808
Epoch 001 | Batch 16800 | K-values: K1=21, K10=30, K20=29, K50=26, K100=22
Epoch 001 | Batch 16810 | val_kld=3.326881 | val_ordacc@10=0.082022 | val_recall@10=0.441808
Epoch 001 | Batch 16810 | K-values: K1=31, K10=17, K20=28, K50=25, K100=27
Epoch 001 | Batch 16820 | val_kld=3.326881 | val_ordacc@10=0.082022 | val_recall@10=0.441808
Epoch 001 | Batch 16820 | K-values: K1=25, K10=20, K20=23, K50=30, K100=30
Epoch 001 | Batch 16830 | val_kld=3.326881 | val_ordacc@10=0.082022 | val_recall@10=0.441808
Epoch 001 | Batch 16830 | K-values: K1=22, K10=33, K20=33, K50=23, K100=17
Epoch 001 | Batch 16840 | val_kld=3.326881 | val_ordacc@10=0.082022 | val_recall@10=0.441808
Epoch 001 | Batch 16840 | K-values: K1=19, K10=22, K20=33, K50=19, K100=35
Epoch 001 | Batch 16850 | val_kld=3.326881 | val_ordacc@10=0.082022 | val_recall@10=0.441808
Epoch 001 | Batch 16850 | K-values: K1=29, K10=22, K20=31, K50=24, K100=22
Epoch 001 | Batch 16860 | val_kld=3.326881 | val_ordacc@10=0.082022 | val_recall@10=0.441808
Epoch 001 | Batch 16860 | K-values: K1=26, K10=24, K20=27, K50=25, K100=26
Epoch 001 | Batch 16870 | val_kld=3.326881 | val_ordacc@10=0.082022 | val_recall@10=0.441808
Epoch 001 | Batch 16870 | K-values: K1=28, K10=33, K20=28, K50=19, K100=20
Epoch 001 | Batch 16880 | val_kld=3.326881 | val_ordacc@10=0.082022 | val_recall@10=0.441808
Epoch 001 | Batch 16880 | K-values: K1=30, K10=19, K20=25, K50=27, K100=27
Epoch 001 | Batch 16890 | val_kld=3.326881 | val_ordacc@10=0.082022 | val_recall@10=0.441808
Epoch 001 | Batch 16890 | K-values: K1=24, K10=24, K20=32, K50=23, K100=25
Epoch 001 | Batch 16900 | val_kld=3.326881 | val_ordacc@10=0.082022 | val_recall@10=0.441808
Epoch 001 | Batch 16900 | K-values: K1=22, K10=27, K20=31, K50=24, K100=24
Epoch 001 | Batch 16910 | val_kld=3.326881 | val_ordacc@10=0.082022 | val_recall@10=0.441808
Epoch 001 | Batch 16910 | K-values: K1=21, K10=19, K20=23, K50=27, K100=38
Epoch 001 | Batch 16920 | val_kld=3.326881 | val_ordacc@10=0.082022 | val_recall@10=0.441808
Epoch 001 | Batch 16920 | K-values: K1=25, K10=30, K20=30, K50=19, K100=24
Epoch 001 | Batch 16930 | val_kld=3.326881 | val_ordacc@10=0.082022 | val_recall@10=0.441808
Epoch 001 | Batch 16930 | K-values: K1=23, K10=27, K20=27, K50=23, K100=28
Epoch 001 | Batch 16940 | val_kld=3.326881 | val_ordacc@10=0.082022 | val_recall@10=0.441808
Epoch 001 | Batch 16940 | K-values: K1=29, K10=21, K20=32, K50=28, K100=18
Epoch 001 | Batch 16950 | val_kld=3.326881 | val_ordacc@10=0.082022 | val_recall@10=0.441808
Epoch 001 | Batch 16950 | K-values: K1=29, K10=29, K20=20, K50=24, K100=26
Epoch 001 | Batch 16960 | val_kld=3.326881 | val_ordacc@10=0.082022 | val_recall@10=0.441808
Epoch 001 | Batch 16960 | K-values: K1=24, K10=20, K20=36, K50=25, K100=23
Epoch 001 | Batch 16970 | val_kld=3.326881 | val_ordacc@10=0.082022 | val_recall@10=0.441808
Epoch 001 | Batch 16970 | K-values: K1=37, K10=17, K20=31, K50=16, K100=27
Epoch 001 | Batch 16980 | val_kld=3.326881 | val_ordacc@10=0.082022 | val_recall@10=0.441808
Epoch 001 | Batch 16980 | K-values: K1=27, K10=25, K20=24, K50=30, K100=22
Epoch 001 | Batch 16990 | val_kld=3.326881 | val_ordacc@10=0.082022 | val_recall@10=0.441808
Epoch 001 | Batch 16990 | K-values: K1=29, K10=22, K20=31, K50=23, K100=23
Epoch 001 | Batch 17000 | val_kld=3.326881 | val_ordacc@10=0.082022 | val_recall@10=0.441808
Epoch 001 | Batch 17000 | K-values: K1=22, K10=30, K20=23, K50=26, K100=27
Epoch 001 | Batch 17010 | val_kld=3.326881 | val_ordacc@10=0.082022 | val_recall@10=0.441808
Epoch 001 | Batch 17010 | K-values: K1=19, K10=37, K20=22, K50=32, K100=18
Epoch 001 | Batch 17020 | val_kld=3.326881 | val_ordacc@10=0.082022 | val_recall@10=0.441808
Epoch 001 | Batch 17020 | K-values: K1=18, K10=34, K20=21, K50=22, K100=33
Epoch 001 | Batch 17030 | val_kld=3.326881 | val_ordacc@10=0.082022 | val_recall@10=0.441808
Epoch 001 | Batch 17030 | K-values: K1=34, K10=23, K20=22, K50=27, K100=22
Epoch 001 | Batch 17040 | val_kld=3.326881 | val_ordacc@10=0.082022 | val_recall@10=0.441808
Epoch 001 | Batch 17040 | K-values: K1=31, K10=20, K20=22, K50=24, K100=31
Epoch 001 | Batch 17050 | val_kld=3.326881 | val_ordacc@10=0.082022 | val_recall@10=0.441808
Epoch 001 | Batch 17050 | K-values: K1=29, K10=29, K20=17, K50=27, K100=26
Epoch 001 | Batch 17060 | val_kld=3.326881 | val_ordacc@10=0.082022 | val_recall@10=0.441808
Epoch 001 | Batch 17060 | K-values: K1=26, K10=27, K20=29, K50=27, K100=19
Epoch 001 | Batch 17070 | val_kld=3.326881 | val_ordacc@10=0.082022 | val_recall@10=0.441808
Epoch 001 | Batch 17070 | K-values: K1=22, K10=29, K20=25, K50=29, K100=23
Epoch 001 | Batch 17080 | val_kld=3.326881 | val_ordacc@10=0.082022 | val_recall@10=0.441808
Epoch 001 | Batch 17080 | K-values: K1=26, K10=31, K20=21, K50=22, K100=28
Epoch 001 | Batch 17090 | val_kld=3.326881 | val_ordacc@10=0.082022 | val_recall@10=0.441808
Epoch 001 | Batch 17090 | K-values: K1=27, K10=18, K20=29, K50=24, K100=30
Epoch 001 | Batch 17100 | val_kld=3.326881 | val_ordacc@10=0.082022 | val_recall@10=0.441808
Epoch 001 | Batch 17100 | K-values: K1=28, K10=34, K20=15, K50=21, K100=30
Epoch 001 | Batch 17110 | val_kld=3.326881 | val_ordacc@10=0.082022 | val_recall@10=0.441808
Epoch 001 | Batch 17110 | K-values: K1=31, K10=22, K20=25, K50=27, K100=23
Epoch 001 | Batch 17120 | val_kld=3.326881 | val_ordacc@10=0.082022 | val_recall@10=0.441808
Epoch 001 | Batch 17120 | K-values: K1=24, K10=26, K20=25, K50=24, K100=29
Epoch 001 | Batch 17130 | val_kld=3.326881 | val_ordacc@10=0.082022 | val_recall@10=0.441808
Epoch 001 | Batch 17130 | K-values: K1=27, K10=24, K20=31, K50=25, K100=21
Epoch 001 | Batch 17140 | val_kld=3.326881 | val_ordacc@10=0.082022 | val_recall@10=0.441808
Epoch 001 | Batch 17140 | K-values: K1=23, K10=28, K20=19, K50=22, K100=36
Epoch 001 | Batch 17150 | val_kld=3.326881 | val_ordacc@10=0.082022 | val_recall@10=0.441808
Epoch 001 | Batch 17150 | K-values: K1=29, K10=21, K20=26, K50=22, K100=30
Epoch 001 | Batch 17160 | val_kld=3.326881 | val_ordacc@10=0.082022 | val_recall@10=0.441808
Epoch 001 | Batch 17160 | K-values: K1=20, K10=31, K20=26, K50=31, K100=20
Epoch 001 | Batch 17170 | val_kld=3.326881 | val_ordacc@10=0.082022 | val_recall@10=0.441808
Epoch 001 | Batch 17170 | K-values: K1=25, K10=17, K20=25, K50=38, K100=23
Epoch 001 | Batch 17180 | val_kld=3.326881 | val_ordacc@10=0.082022 | val_recall@10=0.441808
Epoch 001 | Batch 17180 | K-values: K1=28, K10=23, K20=25, K50=27, K100=25
Epoch 001 | Batch 17190 | val_kld=3.326881 | val_ordacc@10=0.082022 | val_recall@10=0.441808
Epoch 001 | Batch 17190 | K-values: K1=24, K10=28, K20=24, K50=29, K100=23
Epoch 001 | Batch 17200 | val_kld=3.326881 | val_ordacc@10=0.082022 | val_recall@10=0.441808
Epoch 001 | Batch 17200 | K-values: K1=27, K10=23, K20=24, K50=27, K100=27
Epoch 001 | Batch 17210 | val_kld=3.326881 | val_ordacc@10=0.082022 | val_recall@10=0.441808
Epoch 001 | Batch 17210 | K-values: K1=14, K10=33, K20=28, K50=21, K100=32
Epoch 001 | Batch 17220 | val_kld=3.326881 | val_ordacc@10=0.082022 | val_recall@10=0.441808
Epoch 001 | Batch 17220 | K-values: K1=25, K10=24, K20=25, K50=25, K100=29
Epoch 001 | Batch 17230 | val_kld=3.326881 | val_ordacc@10=0.082022 | val_recall@10=0.441808
Epoch 001 | Batch 17230 | K-values: K1=23, K10=22, K20=27, K50=34, K100=22
Epoch 001 | Batch 17240 | val_kld=3.326881 | val_ordacc@10=0.082022 | val_recall@10=0.441808
Epoch 001 | Batch 17240 | K-values: K1=22, K10=27, K20=26, K50=25, K100=28
Epoch 001 | Batch 17250 | val_kld=3.326881 | val_ordacc@10=0.082022 | val_recall@10=0.441808
Epoch 001 | Batch 17250 | K-values: K1=18, K10=30, K20=22, K50=28, K100=30
Epoch 001 | Batch 17260 | val_kld=3.326881 | val_ordacc@10=0.082022 | val_recall@10=0.441808
Epoch 001 | Batch 17260 | K-values: K1=24, K10=20, K20=30, K50=21, K100=33
Epoch 001 | Batch 17270 | val_kld=3.326881 | val_ordacc@10=0.082022 | val_recall@10=0.441808
Epoch 001 | Batch 17270 | K-values: K1=20, K10=32, K20=28, K50=29, K100=19
Epoch 001 | Batch 17280 | val_kld=3.326881 | val_ordacc@10=0.082022 | val_recall@10=0.441808
Epoch 001 | Batch 17280 | K-values: K1=21, K10=22, K20=19, K50=31, K100=35
Epoch 001 | Batch 17290 | val_kld=3.326881 | val_ordacc@10=0.082022 | val_recall@10=0.441808
Epoch 001 | Batch 17290 | K-values: K1=35, K10=20, K20=28, K50=21, K100=24
Epoch 001 | Batch 17300 | val_kld=3.326881 | val_ordacc@10=0.082022 | val_recall@10=0.441808
Epoch 001 | Batch 17300 | K-values: K1=30, K10=24, K20=20, K50=29, K100=25
Epoch 001 | Batch 17310 | val_kld=3.326881 | val_ordacc@10=0.082022 | val_recall@10=0.441808
Epoch 001 | Batch 17310 | K-values: K1=33, K10=26, K20=25, K50=24, K100=20
Epoch 001 | Batch 17320 | val_kld=3.326881 | val_ordacc@10=0.082022 | val_recall@10=0.441808
Epoch 001 | Batch 17320 | K-values: K1=27, K10=27, K20=22, K50=23, K100=29
Epoch 001 | Batch 17330 | val_kld=3.326881 | val_ordacc@10=0.082022 | val_recall@10=0.441808
Epoch 001 | Batch 17330 | K-values: K1=29, K10=21, K20=24, K50=23, K100=31
Epoch 001 | Batch 17340 | val_kld=3.326881 | val_ordacc@10=0.082022 | val_recall@10=0.441808
Epoch 001 | Batch 17340 | K-values: K1=23, K10=22, K20=34, K50=27, K100=22
Epoch 001 | Batch 17350 | val_kld=3.326881 | val_ordacc@10=0.082022 | val_recall@10=0.441808
Epoch 001 | Batch 17350 | K-values: K1=33, K10=34, K20=25, K50=22, K100=14
Epoch 001 | Batch 17360 | val_kld=3.326881 | val_ordacc@10=0.082022 | val_recall@10=0.441808
Epoch 001 | Batch 17360 | K-values: K1=26, K10=33, K20=23, K50=26, K100=20
Epoch 001 | Batch 17370 | val_kld=3.326881 | val_ordacc@10=0.082022 | val_recall@10=0.441808
Epoch 001 | Batch 17370 | K-values: K1=18, K10=29, K20=31, K50=20, K100=30
Epoch 001 | Batch 17380 | val_kld=3.326881 | val_ordacc@10=0.082022 | val_recall@10=0.441808
Epoch 001 | Batch 17380 | K-values: K1=25, K10=29, K20=24, K50=29, K100=21
Epoch 001 | Batch 17390 | val_kld=3.326881 | val_ordacc@10=0.082022 | val_recall@10=0.441808
Epoch 001 | Batch 17390 | K-values: K1=27, K10=29, K20=26, K50=28, K100=18
Epoch 001 | Batch 17400 | val_kld=3.326881 | val_ordacc@10=0.082022 | val_recall@10=0.441808
Epoch 001 | Batch 17400 | K-values: K1=26, K10=23, K20=25, K50=28, K100=26
Epoch 001 | Batch 17410 | val_kld=3.326881 | val_ordacc@10=0.082022 | val_recall@10=0.441808
Epoch 001 | Batch 17410 | K-values: K1=27, K10=26, K20=26, K50=24, K100=25
Epoch 001 | Batch 17420 | val_kld=3.326881 | val_ordacc@10=0.082022 | val_recall@10=0.441808
Epoch 001 | Batch 17420 | K-values: K1=27, K10=23, K20=23, K50=32, K100=23
Epoch 001 | Batch 17430 | val_kld=3.326881 | val_ordacc@10=0.082022 | val_recall@10=0.441808
Epoch 001 | Batch 17430 | K-values: K1=28, K10=29, K20=20, K50=24, K100=27
Epoch 001 | Batch 17440 | val_kld=3.326881 | val_ordacc@10=0.082022 | val_recall@10=0.441808
Epoch 001 | Batch 17440 | K-values: K1=34, K10=20, K20=22, K50=24, K100=28
Epoch 001 | Batch 17450 | val_kld=3.326881 | val_ordacc@10=0.082022 | val_recall@10=0.441808
Epoch 001 | Batch 17450 | K-values: K1=26, K10=19, K20=31, K50=25, K100=27
Epoch 001 | Batch 17460 | val_kld=3.326881 | val_ordacc@10=0.082022 | val_recall@10=0.441808
Epoch 001 | Batch 17460 | K-values: K1=20, K10=24, K20=35, K50=23, K100=26
Epoch 001 | Batch 17470 | val_kld=3.326881 | val_ordacc@10=0.082022 | val_recall@10=0.441808
Epoch 001 | Batch 17470 | K-values: K1=28, K10=27, K20=26, K50=22, K100=25
Epoch 001 | Batch 17480 | val_kld=3.326881 | val_ordacc@10=0.082022 | val_recall@10=0.441808
Epoch 001 | Batch 17480 | K-values: K1=21, K10=28, K20=27, K50=27, K100=25
Epoch 001 | Batch 17490 | val_kld=3.326881 | val_ordacc@10=0.082022 | val_recall@10=0.441808
Epoch 001 | Batch 17490 | K-values: K1=21, K10=31, K20=23, K50=23, K100=30
Epoch 001 | Batch 17500 | val_kld=3.326881 | val_ordacc@10=0.082022 | val_recall@10=0.441808
Epoch 001 | Batch 17500 | K-values: K1=24, K10=24, K20=20, K50=30, K100=30
Epoch 001 | Batch 17510 | val_kld=3.326881 | val_ordacc@10=0.082022 | val_recall@10=0.441808
Epoch 001 | Batch 17510 | K-values: K1=29, K10=32, K20=29, K50=17, K100=21
Epoch 001 | Batch 17520 | val_kld=3.326881 | val_ordacc@10=0.082022 | val_recall@10=0.441808
Epoch 001 | Batch 17520 | K-values: K1=23, K10=25, K20=38, K50=19, K100=23
Epoch 001 | Batch 17530 | val_kld=3.326881 | val_ordacc@10=0.082022 | val_recall@10=0.441808
Epoch 001 | Batch 17530 | K-values: K1=27, K10=24, K20=29, K50=28, K100=20
Epoch 001 | Batch 17540 | val_kld=3.326881 | val_ordacc@10=0.082022 | val_recall@10=0.441808
Epoch 001 | Batch 17540 | K-values: K1=37, K10=24, K20=24, K50=17, K100=26
Epoch 001 | Batch 17550 | val_kld=3.326881 | val_ordacc@10=0.082022 | val_recall@10=0.441808
Epoch 001 | Batch 17550 | K-values: K1=33, K10=27, K20=31, K50=15, K100=22
Epoch 001 | Batch 17560 | val_kld=3.326881 | val_ordacc@10=0.082022 | val_recall@10=0.441808
Epoch 001 | Batch 17560 | K-values: K1=26, K10=25, K20=21, K50=27, K100=29
Epoch 001 | Batch 17570 | val_kld=3.326881 | val_ordacc@10=0.082022 | val_recall@10=0.441808
Epoch 001 | Batch 17570 | K-values: K1=30, K10=27, K20=25, K50=23, K100=23
[Epoch 1] train_loss=3.325895 | train_ordacc=0.010643 | train_recall=0.098792
[Epoch 1] K-value distribution: K1=450000, K10=450000, K20=450000, K50=450000, K100=450000
epoch 001 | train_kld=3.325895 | val_kld=3.326881 | val_mae=0.016037 | val_mse=0.003348 | ord_acc@10=0.0820 | recall@10=0.4418
[Epoch 2] train_loss=nan | train_ordacc=0.028943 | train_recall=0.212157
[Epoch 2] K-value distribution: K1=450000, K10=450000, K20=450000, K50=450000, K100=450000
epoch 002 | train_kld=nan | val_kld=nan | val_mae=nan | val_mse=nan | ord_acc@10=0.0820 | recall@10=0.4418
[Epoch 3] train_loss=nan | train_ordacc=0.081928 | train_recall=0.441763
[Epoch 3] K-value distribution: K1=450000, K10=450000, K20=450000, K50=450000, K100=450000
epoch 003 | train_kld=nan | val_kld=nan | val_mae=nan | val_mse=nan | ord_acc@10=0.0820 | recall@10=0.4418
[Epoch 4] train_loss=nan | train_ordacc=0.081928 | train_recall=0.441763
[Epoch 4] K-value distribution: K1=450000, K10=450000, K20=450000, K50=450000, K100=450000
epoch 004 | train_kld=nan | val_kld=nan | val_mae=nan | val_mse=nan | ord_acc@10=0.0820 | recall@10=0.4418
[Epoch 5] train_loss=nan | train_ordacc=0.081928 | train_recall=0.441763
[Epoch 5] K-value distribution: K1=450000, K10=450000, K20=450000, K50=450000, K100=450000
epoch 005 | train_kld=nan | val_kld=nan | val_mae=nan | val_mse=nan | ord_acc@10=0.0820 | recall@10=0.4418
[Epoch 6] train_loss=nan | train_ordacc=0.081928 | train_recall=0.441763
[Epoch 6] K-value distribution: K1=450000, K10=450000, K20=450000, K50=450000, K100=450000
epoch 006 | train_kld=nan | val_kld=nan | val_mae=nan | val_mse=nan | ord_acc@10=0.0820 | recall@10=0.4418
[Epoch 7] train_loss=nan | train_ordacc=0.081928 | train_recall=0.441763
[Epoch 7] K-value distribution: K1=450000, K10=450000, K20=450000, K50=450000, K100=450000
epoch 007 | train_kld=nan | val_kld=nan | val_mae=nan | val_mse=nan | ord_acc@10=0.0820 | recall@10=0.4418
[Epoch 8] train_loss=nan | train_ordacc=0.081928 | train_recall=0.441763
[Epoch 8] K-value distribution: K1=450000, K10=450000, K20=450000, K50=450000, K100=450000
epoch 008 | train_kld=nan | val_kld=nan | val_mae=nan | val_mse=nan | ord_acc@10=0.0820 | recall@10=0.4418
[Epoch 9] train_loss=nan | train_ordacc=0.081928 | train_recall=0.441763
[Epoch 9] K-value distribution: K1=450000, K10=450000, K20=450000, K50=450000, K100=450000
epoch 009 | train_kld=nan | val_kld=nan | val_mae=nan | val_mse=nan | ord_acc@10=0.0820 | recall@10=0.4418
[Epoch 10] train_loss=nan | train_ordacc=0.081928 | train_recall=0.441763
[Epoch 10] K-value distribution: K1=450000, K10=450000, K20=450000, K50=450000, K100=450000
epoch 010 | train_kld=nan | val_kld=nan | val_mae=nan | val_mse=nan | ord_acc@10=0.0820 | recall@10=0.4418
Saved epoch 1 batch metrics plot to input/Training_data/gist1M_learn/leafsize20K/H_dynamic_k_1_10_20_50_100_d256_L6_bs128_ep10_bilinear_kld_all_1/dynamic_k_1_10_20_50_100_d256_L6_bs128_ep10_bilinear_kld_all_1_epoch1_batch_metrics@10.png
Saved epoch metrics plot to input/Training_data/gist1M_learn/leafsize20K/H_dynamic_k_1_10_20_50_100_d256_L6_bs128_ep10_bilinear_kld_all_1/dynamic_k_1_10_20_50_100_d256_L6_bs128_ep10_bilinear_kld_all_1_epoch_metrics.png
best val_kld: 3.326881 at epoch 1
Loaded checkpoint from input/Training_data/gist1M_learn/leafsize20K/H_dynamic_k_1_10_20_50_100_d256_L6_bs128_ep10_bilinear_kld_all_1/dynamic_k_1_10_20_50_100_d256_L6_bs128_ep10_bilinear_kld_all_1.pt
Loading traditional NPZ data: input/Training_data/gist1M_learn/leafsize20K/dynamicK/test_queries.npz
Warning: No labels found for K=1. Creating dummy targets for testing.
Warning: No labels found for K=10. Creating dummy targets for testing.
Warning: No labels found for K=20. Creating dummy targets for testing.
Warning: No labels found for K=50. Creating dummy targets for testing.
Warning: No labels found for K=100. Creating dummy targets for testing.

============================================================
Starting test evaluation for each K value:
============================================================

Test data K-value distribution:
   K=1: 1000 samples (20.0%)
   K=10: 1000 samples (20.0%)
   K=20: 1000 samples (20.0%)
   K=50: 1000 samples (20.0%)
   K=100: 1000 samples (20.0%)
   Total: 5000 samples

Test results for each K value:
[TEST K=1] kld=0.000000 | mae=0.000000 | mse=0.000000 | ord_acc@10=1.0000 | recall@10=1.0000 | samples=1000
[TEST K=10] kld=0.000000 | mae=0.000000 | mse=0.000000 | ord_acc@10=1.0000 | recall@10=1.0000 | samples=1000
[TEST K=20] kld=0.000000 | mae=0.000000 | mse=0.000000 | ord_acc@10=1.0000 | recall@10=1.0000 | samples=1000
[TEST K=50] kld=0.000000 | mae=0.000000 | mse=0.000000 | ord_acc@10=1.0000 | recall@10=1.0000 | samples=1000
[TEST K=100] kld=0.000000 | mae=0.000000 | mse=0.000000 | ord_acc@10=1.0000 | recall@10=1.0000 | samples=1000
[TEST ALL] kld=0.000000 | mae=0.000000 | mse=0.000000 | ord_acc@10=1.0000 | recall@10=1.0000
Saving model predictions to file...
Saved predictions -> input/Training_data/gist1M_learn/leafsize20K/H_dynamic_k_1_10_20_50_100_d256_L6_bs128_ep10_bilinear_kld_all_1/dynamic_k_1_10_20_50_100_d256_L6_bs128_ep10_bilinear_kld_all_1_pred.txt
Training completed! Results saved to input/Training_data/gist1M_learn/leafsize20K/H_dynamic_k_1_10_20_50_100_d256_L6_bs128_ep10_bilinear_kld_all_1
Total program execution time: 23:51:14 (85874.52 seconds)
