/home/xln/miniconda3/envs/elpis_torch/lib/python3.12/site-packages/torch/nn/modules/transformer.py:379: UserWarning: enable_nested_tensor is True, but self.use_nested_tensor is False because encoder_layer.norm_first was True
  warnings.warn(
Detected K=116, D=960
Using experiment ID: C
Epoch 001 | Batch 10 | val_kld=10.478163 | val_ordacc@10=0.027280 | val_recall@10=0.306491
Epoch 001 | Step 10 | lr=1.000000e-03 | loss=9.809797
Epoch 001 | Batch 20 | val_kld=5.801908 | val_ordacc@10=0.051708 | val_recall@10=0.459351
Epoch 001 | Step 20 | lr=1.000000e-03 | loss=6.576972
Epoch 001 | Batch 30 | val_kld=2.894085 | val_ordacc@10=0.089793 | val_recall@10=0.577036
Epoch 001 | Step 30 | lr=1.000000e-03 | loss=3.039118
Epoch 001 | Batch 40 | val_kld=2.293857 | val_ordacc@10=0.111652 | val_recall@10=0.624855
Epoch 001 | Step 40 | lr=1.000000e-03 | loss=2.693475
Epoch 001 | Batch 50 | val_kld=1.944045 | val_ordacc@10=0.124503 | val_recall@10=0.653029
Epoch 001 | Step 50 | lr=1.000000e-03 | loss=2.148692
Epoch 001 | Batch 60 | val_kld=1.484238 | val_ordacc@10=0.136403 | val_recall@10=0.676328
Epoch 001 | Step 60 | lr=1.000000e-03 | loss=1.681851
Epoch 001 | Batch 70 | val_kld=1.405289 | val_ordacc@10=0.128792 | val_recall@10=0.662463
Epoch 001 | Step 70 | lr=1.000000e-03 | loss=1.771016
Epoch 001 | Batch 80 | val_kld=1.007347 | val_ordacc@10=0.175513 | val_recall@10=0.718476
Epoch 001 | Step 80 | lr=1.000000e-03 | loss=1.195382
Epoch 001 | Batch 90 | val_kld=0.864315 | val_ordacc@10=0.179601 | val_recall@10=0.718534
Epoch 001 | Step 90 | lr=1.000000e-03 | loss=0.938998
Epoch 001 | Batch 100 | val_kld=0.993377 | val_ordacc@10=0.151760 | val_recall@10=0.695285
Epoch 001 | Step 100 | lr=1.000000e-03 | loss=1.232408
Epoch 001 | Batch 110 | val_kld=0.885082 | val_ordacc@10=0.166967 | val_recall@10=0.728040
Epoch 001 | Step 110 | lr=1.000000e-03 | loss=0.899179
Epoch 001 | Batch 120 | val_kld=0.747518 | val_ordacc@10=0.199838 | val_recall@10=0.748195
Epoch 001 | Step 120 | lr=1.000000e-03 | loss=0.818918
Epoch 001 | Batch 130 | val_kld=0.813558 | val_ordacc@10=0.186344 | val_recall@10=0.732873
Epoch 001 | Step 130 | lr=1.000000e-03 | loss=0.914856
Epoch 001 | Batch 140 | val_kld=0.727634 | val_ordacc@10=0.197504 | val_recall@10=0.750695
Epoch 001 | Step 140 | lr=1.000000e-03 | loss=0.771717
Epoch 001 | Batch 150 | val_kld=0.747231 | val_ordacc@10=0.190483 | val_recall@10=0.743542
Epoch 001 | Step 150 | lr=1.000000e-03 | loss=0.721748
Epoch 001 | Batch 160 | val_kld=0.693368 | val_ordacc@10=0.205071 | val_recall@10=0.746760
Epoch 001 | Step 160 | lr=1.000000e-03 | loss=0.774416
Epoch 001 | Batch 170 | val_kld=0.678184 | val_ordacc@10=0.192465 | val_recall@10=0.744525
Epoch 001 | Step 170 | lr=1.000000e-03 | loss=0.807701
Epoch 001 | Batch 180 | val_kld=0.655878 | val_ordacc@10=0.208417 | val_recall@10=0.757549
Epoch 001 | Step 180 | lr=1.000000e-03 | loss=0.680798
Epoch 001 | Batch 190 | val_kld=0.704750 | val_ordacc@10=0.193803 | val_recall@10=0.747860
Epoch 001 | Step 190 | lr=1.000000e-03 | loss=0.769847
Epoch 001 | Batch 200 | val_kld=0.631847 | val_ordacc@10=0.211054 | val_recall@10=0.762358
Epoch 001 | Step 200 | lr=1.000000e-03 | loss=0.652795
Epoch 001 | Batch 210 | val_kld=0.612502 | val_ordacc@10=0.209377 | val_recall@10=0.761476
Epoch 001 | Step 210 | lr=1.000000e-03 | loss=0.756856
Epoch 001 | Batch 220 | val_kld=0.605386 | val_ordacc@10=0.215445 | val_recall@10=0.768646
Epoch 001 | Step 220 | lr=1.000000e-03 | loss=0.675901
Epoch 001 | Batch 230 | val_kld=0.576467 | val_ordacc@10=0.218813 | val_recall@10=0.768952
Epoch 001 | Step 230 | lr=1.000000e-03 | loss=0.626440
Epoch 001 | Batch 240 | val_kld=0.571488 | val_ordacc@10=0.216163 | val_recall@10=0.766509
Epoch 001 | Step 240 | lr=1.000000e-03 | loss=0.654379
Epoch 001 | Batch 250 | val_kld=0.533051 | val_ordacc@10=0.227741 | val_recall@10=0.775735
Epoch 001 | Step 250 | lr=1.000000e-03 | loss=0.611776
Epoch 001 | Batch 260 | val_kld=0.546003 | val_ordacc@10=0.213247 | val_recall@10=0.762896
Epoch 001 | Step 260 | lr=1.000000e-03 | loss=0.631330
Epoch 001 | Batch 270 | val_kld=0.515073 | val_ordacc@10=0.224760 | val_recall@10=0.775546
Epoch 001 | Step 270 | lr=1.000000e-03 | loss=0.602323
Epoch 001 | Batch 280 | val_kld=0.508386 | val_ordacc@10=0.222296 | val_recall@10=0.776147
Epoch 001 | Step 280 | lr=1.000000e-03 | loss=0.595517
Epoch 001 | Batch 290 | val_kld=0.508308 | val_ordacc@10=0.224526 | val_recall@10=0.776793
Epoch 001 | Step 290 | lr=1.000000e-03 | loss=0.575509
Epoch 001 | Batch 300 | val_kld=0.639258 | val_ordacc@10=0.189479 | val_recall@10=0.745621
Epoch 001 | Step 300 | lr=1.000000e-03 | loss=0.548155
Epoch 001 | Batch 310 | val_kld=0.523811 | val_ordacc@10=0.216303 | val_recall@10=0.771166
Epoch 001 | Step 310 | lr=1.000000e-03 | loss=0.550459
Epoch 001 | Batch 320 | val_kld=0.457876 | val_ordacc@10=0.240293 | val_recall@10=0.788458
Epoch 001 | Step 320 | lr=1.000000e-03 | loss=0.532760
Epoch 001 | Batch 330 | val_kld=0.464035 | val_ordacc@10=0.225781 | val_recall@10=0.784071
Epoch 001 | Step 330 | lr=1.000000e-03 | loss=0.534225
Epoch 001 | Batch 340 | val_kld=0.463168 | val_ordacc@10=0.237362 | val_recall@10=0.795582
Epoch 001 | Step 340 | lr=1.000000e-03 | loss=0.509949
Epoch 001 | Batch 350 | val_kld=0.459677 | val_ordacc@10=0.235401 | val_recall@10=0.785301
Epoch 001 | Step 350 | lr=1.000000e-03 | loss=0.500900
Epoch 001 | Batch 360 | val_kld=0.437430 | val_ordacc@10=0.234401 | val_recall@10=0.790958
Epoch 001 | Step 360 | lr=1.000000e-03 | loss=0.495206
Epoch 001 | Batch 370 | val_kld=0.454695 | val_ordacc@10=0.237130 | val_recall@10=0.779695
Epoch 001 | Step 370 | lr=1.000000e-03 | loss=0.470622
Epoch 001 | Batch 380 | val_kld=0.463551 | val_ordacc@10=0.236538 | val_recall@10=0.791824
Epoch 001 | Step 380 | lr=1.000000e-03 | loss=0.488226
Epoch 001 | Batch 390 | val_kld=0.439459 | val_ordacc@10=0.239241 | val_recall@10=0.793300
Epoch 001 | Step 390 | lr=1.000000e-03 | loss=0.480082
Epoch 001 | Batch 400 | val_kld=0.470899 | val_ordacc@10=0.231379 | val_recall@10=0.781215
Epoch 001 | Step 400 | lr=1.000000e-03 | loss=0.510903
Epoch 001 | Batch 410 | val_kld=0.441913 | val_ordacc@10=0.240742 | val_recall@10=0.792456
Epoch 001 | Step 410 | lr=1.000000e-03 | loss=0.507601
Epoch 001 | Batch 420 | val_kld=0.429116 | val_ordacc@10=0.244966 | val_recall@10=0.793317
Epoch 001 | Step 420 | lr=1.000000e-03 | loss=0.485475
Epoch 001 | Batch 430 | val_kld=0.413873 | val_ordacc@10=0.245754 | val_recall@10=0.792438
Epoch 001 | Step 430 | lr=1.000000e-03 | loss=0.462158
Epoch 001 | Batch 440 | val_kld=0.453766 | val_ordacc@10=0.238893 | val_recall@10=0.799111
Epoch 001 | Step 440 | lr=1.000000e-03 | loss=0.474628
Epoch 001 | Batch 450 | val_kld=0.401421 | val_ordacc@10=0.239842 | val_recall@10=0.793312
Epoch 001 | Step 450 | lr=1.000000e-03 | loss=0.460545
Epoch 001 | Batch 460 | val_kld=0.408821 | val_ordacc@10=0.237777 | val_recall@10=0.796954
Epoch 001 | Step 460 | lr=1.000000e-03 | loss=0.444508
Epoch 001 | Batch 470 | val_kld=0.397460 | val_ordacc@10=0.254096 | val_recall@10=0.799741
Epoch 001 | Step 470 | lr=1.000000e-03 | loss=0.446889
Epoch 001 | Batch 480 | val_kld=0.401391 | val_ordacc@10=0.252732 | val_recall@10=0.797059
Epoch 001 | Step 480 | lr=1.000000e-03 | loss=0.424955
Epoch 001 | Batch 490 | val_kld=0.411812 | val_ordacc@10=0.237697 | val_recall@10=0.779082
Epoch 001 | Step 490 | lr=1.000000e-03 | loss=0.472466
Epoch 001 | Batch 500 | val_kld=0.386673 | val_ordacc@10=0.250953 | val_recall@10=0.801940
Epoch 001 | Step 500 | lr=1.000000e-03 | loss=0.398952
Epoch 001 | Batch 510 | val_kld=0.402759 | val_ordacc@10=0.241259 | val_recall@10=0.793155
Epoch 001 | Step 510 | lr=1.000000e-03 | loss=0.373315
Epoch 001 | Batch 520 | val_kld=0.393425 | val_ordacc@10=0.249976 | val_recall@10=0.800423
Epoch 001 | Step 520 | lr=1.000000e-03 | loss=0.415038
Epoch 001 | Batch 530 | val_kld=0.401936 | val_ordacc@10=0.245225 | val_recall@10=0.807223
Epoch 001 | Step 530 | lr=1.000000e-03 | loss=0.450323
Epoch 001 | Batch 540 | val_kld=0.372530 | val_ordacc@10=0.252400 | val_recall@10=0.796833
Epoch 001 | Step 540 | lr=1.000000e-03 | loss=0.414923
Epoch 001 | Batch 550 | val_kld=0.369537 | val_ordacc@10=0.256046 | val_recall@10=0.804817
Epoch 001 | Step 550 | lr=1.000000e-03 | loss=0.409669
Epoch 001 | Batch 560 | val_kld=0.366552 | val_ordacc@10=0.255711 | val_recall@10=0.803863
Epoch 001 | Step 560 | lr=1.000000e-03 | loss=0.406343
Epoch 001 | Batch 570 | val_kld=0.362370 | val_ordacc@10=0.257652 | val_recall@10=0.805815
Epoch 001 | Step 570 | lr=1.000000e-03 | loss=0.446560
Epoch 001 | Batch 580 | val_kld=0.363343 | val_ordacc@10=0.263066 | val_recall@10=0.800725
Epoch 001 | Step 580 | lr=1.000000e-03 | loss=0.377413
Epoch 001 | Batch 590 | val_kld=0.365999 | val_ordacc@10=0.255682 | val_recall@10=0.806718
Epoch 001 | Step 590 | lr=1.000000e-03 | loss=0.424474
Epoch 001 | Batch 600 | val_kld=0.350949 | val_ordacc@10=0.262781 | val_recall@10=0.805433
Epoch 001 | Step 600 | lr=1.000000e-03 | loss=0.378049
Epoch 001 | Batch 610 | val_kld=0.354161 | val_ordacc@10=0.257317 | val_recall@10=0.808488
Epoch 001 | Step 610 | lr=1.000000e-03 | loss=0.375066
Epoch 001 | Batch 620 | val_kld=0.359941 | val_ordacc@10=0.257900 | val_recall@10=0.806124
Epoch 001 | Step 620 | lr=1.000000e-03 | loss=0.450913
Epoch 001 | Batch 630 | val_kld=0.357897 | val_ordacc@10=0.257733 | val_recall@10=0.804556
Epoch 001 | Step 630 | lr=1.000000e-03 | loss=0.403229
Epoch 001 | Batch 640 | val_kld=0.363180 | val_ordacc@10=0.255661 | val_recall@10=0.801977
Epoch 001 | Step 640 | lr=1.000000e-03 | loss=0.385115
Epoch 001 | Batch 650 | val_kld=0.344399 | val_ordacc@10=0.263425 | val_recall@10=0.808701
Epoch 001 | Step 650 | lr=1.000000e-03 | loss=0.390455
Epoch 001 | Batch 660 | val_kld=0.336228 | val_ordacc@10=0.263329 | val_recall@10=0.811661
Epoch 001 | Step 660 | lr=1.000000e-03 | loss=0.394943
Epoch 001 | Batch 670 | val_kld=0.362213 | val_ordacc@10=0.261996 | val_recall@10=0.803175
Epoch 001 | Step 670 | lr=1.000000e-03 | loss=0.406735
Epoch 001 | Batch 680 | val_kld=0.347953 | val_ordacc@10=0.257496 | val_recall@10=0.806558
Epoch 001 | Step 680 | lr=1.000000e-03 | loss=0.389465
Epoch 001 | Batch 690 | val_kld=0.345970 | val_ordacc@10=0.257421 | val_recall@10=0.808432
Epoch 001 | Step 690 | lr=1.000000e-03 | loss=0.387373
Epoch 001 | Batch 700 | val_kld=0.340031 | val_ordacc@10=0.261466 | val_recall@10=0.808450
Epoch 001 | Step 700 | lr=1.000000e-03 | loss=0.370575
Epoch 001 | Batch 710 | val_kld=0.337478 | val_ordacc@10=0.260818 | val_recall@10=0.808009
Epoch 001 | Step 710 | lr=1.000000e-03 | loss=0.400477
Epoch 001 | Batch 720 | val_kld=0.351725 | val_ordacc@10=0.255719 | val_recall@10=0.807827
Epoch 001 | Step 720 | lr=1.000000e-03 | loss=0.383490
Epoch 001 | Batch 730 | val_kld=0.345072 | val_ordacc@10=0.264375 | val_recall@10=0.804097
Epoch 001 | Step 730 | lr=1.000000e-03 | loss=0.393158
Epoch 001 | Batch 740 | val_kld=0.341704 | val_ordacc@10=0.259041 | val_recall@10=0.811246
Epoch 001 | Step 740 | lr=1.000000e-03 | loss=0.395888
Epoch 001 | Batch 750 | val_kld=0.340569 | val_ordacc@10=0.263185 | val_recall@10=0.809949
Epoch 001 | Step 750 | lr=1.000000e-03 | loss=0.450145
Epoch 001 | Batch 760 | val_kld=0.343232 | val_ordacc@10=0.265600 | val_recall@10=0.808825
Epoch 001 | Step 760 | lr=1.000000e-03 | loss=0.436719
Epoch 001 | Batch 770 | val_kld=0.335865 | val_ordacc@10=0.262032 | val_recall@10=0.804008
Epoch 001 | Step 770 | lr=1.000000e-03 | loss=0.376725
Epoch 001 | Batch 780 | val_kld=0.358129 | val_ordacc@10=0.251193 | val_recall@10=0.811806
Epoch 001 | Step 780 | lr=1.000000e-03 | loss=0.373106
Epoch 001 | Batch 790 | val_kld=0.327102 | val_ordacc@10=0.265362 | val_recall@10=0.811979
Epoch 001 | Step 790 | lr=1.000000e-03 | loss=0.362730
Epoch 001 | Batch 800 | val_kld=0.324130 | val_ordacc@10=0.266341 | val_recall@10=0.813349
Epoch 001 | Step 800 | lr=1.000000e-03 | loss=0.375100
Epoch 001 | Batch 810 | val_kld=0.329324 | val_ordacc@10=0.269955 | val_recall@10=0.811405
Epoch 001 | Step 810 | lr=1.000000e-03 | loss=0.383320
Epoch 001 | Batch 820 | val_kld=0.341943 | val_ordacc@10=0.257248 | val_recall@10=0.809394
Epoch 001 | Step 820 | lr=1.000000e-03 | loss=0.370141
Epoch 001 | Batch 830 | val_kld=0.374377 | val_ordacc@10=0.253017 | val_recall@10=0.796536
Epoch 001 | Step 830 | lr=1.000000e-03 | loss=0.385769
Epoch 001 | Batch 840 | val_kld=0.340023 | val_ordacc@10=0.263337 | val_recall@10=0.809488
Epoch 001 | Step 840 | lr=1.000000e-03 | loss=0.416881
Epoch 001 | Batch 850 | val_kld=0.332386 | val_ordacc@10=0.268388 | val_recall@10=0.818753
Epoch 001 | Step 850 | lr=1.000000e-03 | loss=0.326446
Epoch 001 | Batch 860 | val_kld=0.324080 | val_ordacc@10=0.268856 | val_recall@10=0.814407
Epoch 001 | Step 860 | lr=1.000000e-03 | loss=0.366955
Epoch 001 | Batch 870 | val_kld=0.325872 | val_ordacc@10=0.267557 | val_recall@10=0.810642
Epoch 001 | Step 870 | lr=1.000000e-03 | loss=0.343792
Epoch 001 | Batch 880 | val_kld=0.320828 | val_ordacc@10=0.270199 | val_recall@10=0.812934
Epoch 001 | Step 880 | lr=1.000000e-03 | loss=0.340944
Epoch 001 | Batch 890 | val_kld=0.340763 | val_ordacc@10=0.258878 | val_recall@10=0.803105
Epoch 001 | Step 890 | lr=1.000000e-03 | loss=0.378625
Epoch 001 | Batch 900 | val_kld=0.317853 | val_ordacc@10=0.270817 | val_recall@10=0.811918
Epoch 001 | Step 900 | lr=1.000000e-03 | loss=0.369356
Epoch 001 | Batch 910 | val_kld=0.330222 | val_ordacc@10=0.268227 | val_recall@10=0.812716
Epoch 001 | Step 910 | lr=1.000000e-03 | loss=0.344559
Epoch 001 | Batch 920 | val_kld=0.326824 | val_ordacc@10=0.269366 | val_recall@10=0.811962
Epoch 001 | Step 920 | lr=1.000000e-03 | loss=0.346756
Epoch 001 | Batch 930 | val_kld=0.328843 | val_ordacc@10=0.269029 | val_recall@10=0.815440
Epoch 001 | Step 930 | lr=1.000000e-03 | loss=0.389952
Epoch 001 | Batch 940 | val_kld=0.326125 | val_ordacc@10=0.266614 | val_recall@10=0.817121
Epoch 001 | Step 940 | lr=1.000000e-03 | loss=0.325450
Epoch 001 | Batch 950 | val_kld=0.316447 | val_ordacc@10=0.270220 | val_recall@10=0.811197
Epoch 001 | Step 950 | lr=1.000000e-03 | loss=0.347581
Epoch 001 | Batch 960 | val_kld=0.323670 | val_ordacc@10=0.271888 | val_recall@10=0.814028
Epoch 001 | Step 960 | lr=1.000000e-03 | loss=0.339307
epoch 001 | train_kld=0.821236 | val_kld=0.315026 | val_mae=0.004225 | val_mse=0.000369 | ord_acc@10=0.2731 | recall@10=0.8112
Epoch 002 | Step 10 | lr=9.938442e-04 | loss=0.401464
Epoch 002 | Step 20 | lr=9.938442e-04 | loss=0.344924
Epoch 002 | Step 30 | lr=9.938442e-04 | loss=0.326514
Epoch 002 | Step 40 | lr=9.938442e-04 | loss=0.316066
Epoch 002 | Step 50 | lr=9.938442e-04 | loss=0.334961
Epoch 002 | Step 60 | lr=9.938442e-04 | loss=0.332767
Epoch 002 | Step 70 | lr=9.938442e-04 | loss=0.365538
Epoch 002 | Step 80 | lr=9.938442e-04 | loss=0.321386
Epoch 002 | Step 90 | lr=9.938442e-04 | loss=0.374626
Epoch 002 | Step 100 | lr=9.938442e-04 | loss=0.333984
Epoch 002 | Step 110 | lr=9.938442e-04 | loss=0.340501
Epoch 002 | Step 120 | lr=9.938442e-04 | loss=0.338859
Epoch 002 | Step 130 | lr=9.938442e-04 | loss=0.358151
Epoch 002 | Step 140 | lr=9.938442e-04 | loss=0.328869
Epoch 002 | Step 150 | lr=9.938442e-04 | loss=0.346055
Epoch 002 | Step 160 | lr=9.938442e-04 | loss=0.365153
Epoch 002 | Step 170 | lr=9.938442e-04 | loss=0.397671
Epoch 002 | Step 180 | lr=9.938442e-04 | loss=0.339030
Epoch 002 | Step 190 | lr=9.938442e-04 | loss=0.333140
Epoch 002 | Step 200 | lr=9.938442e-04 | loss=0.314770
Epoch 002 | Step 210 | lr=9.938442e-04 | loss=0.330694
Epoch 002 | Step 220 | lr=9.938442e-04 | loss=0.343799
Epoch 002 | Step 230 | lr=9.938442e-04 | loss=0.353734
Epoch 002 | Step 240 | lr=9.938442e-04 | loss=0.323571
Epoch 002 | Step 250 | lr=9.938442e-04 | loss=0.402952
Epoch 002 | Step 260 | lr=9.938442e-04 | loss=0.338092
Epoch 002 | Step 270 | lr=9.938442e-04 | loss=0.343316
Epoch 002 | Step 280 | lr=9.938442e-04 | loss=0.328684
Epoch 002 | Step 290 | lr=9.938442e-04 | loss=0.348970
Epoch 002 | Step 300 | lr=9.938442e-04 | loss=0.325598
Epoch 002 | Step 310 | lr=9.938442e-04 | loss=0.321652
Epoch 002 | Step 320 | lr=9.938442e-04 | loss=0.382519
Epoch 002 | Step 330 | lr=9.938442e-04 | loss=0.335802
Epoch 002 | Step 340 | lr=9.938442e-04 | loss=0.321858
Epoch 002 | Step 350 | lr=9.938442e-04 | loss=0.378733
Epoch 002 | Step 360 | lr=9.938442e-04 | loss=0.309798
Epoch 002 | Step 370 | lr=9.938442e-04 | loss=0.319495
Epoch 002 | Step 380 | lr=9.938442e-04 | loss=0.369085
Epoch 002 | Step 390 | lr=9.938442e-04 | loss=0.336900
Epoch 002 | Step 400 | lr=9.938442e-04 | loss=0.338803
Epoch 002 | Step 410 | lr=9.938442e-04 | loss=0.353941
Epoch 002 | Step 420 | lr=9.938442e-04 | loss=0.335471
Epoch 002 | Step 430 | lr=9.938442e-04 | loss=0.345205
Epoch 002 | Step 440 | lr=9.938442e-04 | loss=0.318609
Epoch 002 | Step 450 | lr=9.938442e-04 | loss=0.350588
Epoch 002 | Step 460 | lr=9.938442e-04 | loss=0.348397
Epoch 002 | Step 470 | lr=9.938442e-04 | loss=0.308462
Epoch 002 | Step 480 | lr=9.938442e-04 | loss=0.317233
Epoch 002 | Step 490 | lr=9.938442e-04 | loss=0.317598
Epoch 002 | Step 500 | lr=9.938442e-04 | loss=0.321388
Epoch 002 | Step 510 | lr=9.938442e-04 | loss=0.312187
Epoch 002 | Step 520 | lr=9.938442e-04 | loss=0.329332
Epoch 002 | Step 530 | lr=9.938442e-04 | loss=0.324694
Epoch 002 | Step 540 | lr=9.938442e-04 | loss=0.329809
Epoch 002 | Step 550 | lr=9.938442e-04 | loss=0.318205
Epoch 002 | Step 560 | lr=9.938442e-04 | loss=0.315770
Epoch 002 | Step 570 | lr=9.938442e-04 | loss=0.305737
Epoch 002 | Step 580 | lr=9.938442e-04 | loss=0.346474
Epoch 002 | Step 590 | lr=9.938442e-04 | loss=0.320543
Epoch 002 | Step 600 | lr=9.938442e-04 | loss=0.321928
Epoch 002 | Step 610 | lr=9.938442e-04 | loss=0.295451
Epoch 002 | Step 620 | lr=9.938442e-04 | loss=0.348342
Epoch 002 | Step 630 | lr=9.938442e-04 | loss=0.293712
Epoch 002 | Step 640 | lr=9.938442e-04 | loss=0.309325
Epoch 002 | Step 650 | lr=9.938442e-04 | loss=0.306226
Epoch 002 | Step 660 | lr=9.938442e-04 | loss=0.301453
Epoch 002 | Step 670 | lr=9.938442e-04 | loss=0.319153
Epoch 002 | Step 680 | lr=9.938442e-04 | loss=0.310632
Epoch 002 | Step 690 | lr=9.938442e-04 | loss=0.302957
Epoch 002 | Step 700 | lr=9.938442e-04 | loss=0.322672
Epoch 002 | Step 710 | lr=9.938442e-04 | loss=0.310192
Epoch 002 | Step 720 | lr=9.938442e-04 | loss=0.317717
Epoch 002 | Step 730 | lr=9.938442e-04 | loss=0.320148
Epoch 002 | Step 740 | lr=9.938442e-04 | loss=0.321468
Epoch 002 | Step 750 | lr=9.938442e-04 | loss=0.298442
Epoch 002 | Step 760 | lr=9.938442e-04 | loss=0.312084
Epoch 002 | Step 770 | lr=9.938442e-04 | loss=0.336626
Epoch 002 | Step 780 | lr=9.938442e-04 | loss=0.304606
Epoch 002 | Step 790 | lr=9.938442e-04 | loss=0.287714
Epoch 002 | Step 800 | lr=9.938442e-04 | loss=0.332989
Epoch 002 | Step 810 | lr=9.938442e-04 | loss=0.292025
Epoch 002 | Step 820 | lr=9.938442e-04 | loss=0.318822
Epoch 002 | Step 830 | lr=9.938442e-04 | loss=0.341365
Epoch 002 | Step 840 | lr=9.938442e-04 | loss=0.341384
Epoch 002 | Step 850 | lr=9.938442e-04 | loss=0.327614
Epoch 002 | Step 860 | lr=9.938442e-04 | loss=0.317579
Epoch 002 | Step 870 | lr=9.938442e-04 | loss=0.311473
Epoch 002 | Step 880 | lr=9.938442e-04 | loss=0.307929
Epoch 002 | Step 890 | lr=9.938442e-04 | loss=0.371477
Epoch 002 | Step 900 | lr=9.938442e-04 | loss=0.309547
Epoch 002 | Step 910 | lr=9.938442e-04 | loss=0.317609
Epoch 002 | Step 920 | lr=9.938442e-04 | loss=0.344468
Epoch 002 | Step 930 | lr=9.938442e-04 | loss=0.306275
Epoch 002 | Step 940 | lr=9.938442e-04 | loss=0.327627
Epoch 002 | Step 950 | lr=9.938442e-04 | loss=0.307850
Epoch 002 | Step 960 | lr=9.938442e-04 | loss=0.302447
epoch 002 | train_kld=0.328510 | val_kld=0.292506 | val_mae=0.003943 | val_mse=0.000307 | ord_acc@10=0.2841 | recall@10=0.8168
Epoch 003 | Step 10 | lr=9.755283e-04 | loss=0.292038
Epoch 003 | Step 20 | lr=9.755283e-04 | loss=0.309978
Epoch 003 | Step 30 | lr=9.755283e-04 | loss=0.304309
Epoch 003 | Step 40 | lr=9.755283e-04 | loss=0.326040
Epoch 003 | Step 50 | lr=9.755283e-04 | loss=0.286905
Epoch 003 | Step 60 | lr=9.755283e-04 | loss=0.302959
Epoch 003 | Step 70 | lr=9.755283e-04 | loss=0.303088
Epoch 003 | Step 80 | lr=9.755283e-04 | loss=0.295842
Epoch 003 | Step 90 | lr=9.755283e-04 | loss=0.301601
Epoch 003 | Step 100 | lr=9.755283e-04 | loss=0.313141
Epoch 003 | Step 110 | lr=9.755283e-04 | loss=0.318932
Epoch 003 | Step 120 | lr=9.755283e-04 | loss=0.331057
Epoch 003 | Step 130 | lr=9.755283e-04 | loss=0.313885
Epoch 003 | Step 140 | lr=9.755283e-04 | loss=0.299206
Epoch 003 | Step 150 | lr=9.755283e-04 | loss=0.308490
Epoch 003 | Step 160 | lr=9.755283e-04 | loss=0.289913
Epoch 003 | Step 170 | lr=9.755283e-04 | loss=0.318033
Epoch 003 | Step 180 | lr=9.755283e-04 | loss=0.322912
Epoch 003 | Step 190 | lr=9.755283e-04 | loss=0.373622
Epoch 003 | Step 200 | lr=9.755283e-04 | loss=0.293033
Epoch 003 | Step 210 | lr=9.755283e-04 | loss=0.289741
Epoch 003 | Step 220 | lr=9.755283e-04 | loss=0.318175
Epoch 003 | Step 230 | lr=9.755283e-04 | loss=0.285794
Epoch 003 | Step 240 | lr=9.755283e-04 | loss=0.286718
Epoch 003 | Step 250 | lr=9.755283e-04 | loss=0.297208
Epoch 003 | Step 260 | lr=9.755283e-04 | loss=0.313783
Epoch 003 | Step 270 | lr=9.755283e-04 | loss=0.300791
Epoch 003 | Step 280 | lr=9.755283e-04 | loss=0.302756
Epoch 003 | Step 290 | lr=9.755283e-04 | loss=0.302072
Epoch 003 | Step 300 | lr=9.755283e-04 | loss=0.312540
Epoch 003 | Step 310 | lr=9.755283e-04 | loss=0.299967
Epoch 003 | Step 320 | lr=9.755283e-04 | loss=0.299604
Epoch 003 | Step 330 | lr=9.755283e-04 | loss=0.304376
Epoch 003 | Step 340 | lr=9.755283e-04 | loss=0.312282
Epoch 003 | Step 350 | lr=9.755283e-04 | loss=0.312081
Epoch 003 | Step 360 | lr=9.755283e-04 | loss=0.321402
Epoch 003 | Step 370 | lr=9.755283e-04 | loss=0.290599
Epoch 003 | Step 380 | lr=9.755283e-04 | loss=0.307508
Epoch 003 | Step 390 | lr=9.755283e-04 | loss=0.304766
Epoch 003 | Step 400 | lr=9.755283e-04 | loss=0.311518
Epoch 003 | Step 410 | lr=9.755283e-04 | loss=0.334010
Epoch 003 | Step 420 | lr=9.755283e-04 | loss=0.305535
Epoch 003 | Step 430 | lr=9.755283e-04 | loss=0.292284
Epoch 003 | Step 440 | lr=9.755283e-04 | loss=0.281895
Epoch 003 | Step 450 | lr=9.755283e-04 | loss=0.275173
Epoch 003 | Step 460 | lr=9.755283e-04 | loss=0.296241
Epoch 003 | Step 470 | lr=9.755283e-04 | loss=0.293055
Epoch 003 | Step 480 | lr=9.755283e-04 | loss=0.281084
Epoch 003 | Step 490 | lr=9.755283e-04 | loss=0.286457
Epoch 003 | Step 500 | lr=9.755283e-04 | loss=0.301137
Epoch 003 | Step 510 | lr=9.755283e-04 | loss=0.314810
Epoch 003 | Step 520 | lr=9.755283e-04 | loss=0.287431
Epoch 003 | Step 530 | lr=9.755283e-04 | loss=0.280512
Epoch 003 | Step 540 | lr=9.755283e-04 | loss=0.328476
Epoch 003 | Step 550 | lr=9.755283e-04 | loss=0.334236
Epoch 003 | Step 560 | lr=9.755283e-04 | loss=0.293519
Epoch 003 | Step 570 | lr=9.755283e-04 | loss=0.301124
Epoch 003 | Step 580 | lr=9.755283e-04 | loss=0.291035
Epoch 003 | Step 590 | lr=9.755283e-04 | loss=0.284713
Epoch 003 | Step 600 | lr=9.755283e-04 | loss=0.313118
Epoch 003 | Step 610 | lr=9.755283e-04 | loss=0.293076
Epoch 003 | Step 620 | lr=9.755283e-04 | loss=0.276133
Epoch 003 | Step 630 | lr=9.755283e-04 | loss=0.290116
Epoch 003 | Step 640 | lr=9.755283e-04 | loss=0.295750
Epoch 003 | Step 650 | lr=9.755283e-04 | loss=0.333669
Epoch 003 | Step 660 | lr=9.755283e-04 | loss=0.265930
Epoch 003 | Step 670 | lr=9.755283e-04 | loss=0.266067
Epoch 003 | Step 680 | lr=9.755283e-04 | loss=0.287683
Epoch 003 | Step 690 | lr=9.755283e-04 | loss=0.301361
Epoch 003 | Step 700 | lr=9.755283e-04 | loss=0.308361
Epoch 003 | Step 710 | lr=9.755283e-04 | loss=0.316212
Epoch 003 | Step 720 | lr=9.755283e-04 | loss=0.277997
Epoch 003 | Step 730 | lr=9.755283e-04 | loss=0.296978
Epoch 003 | Step 740 | lr=9.755283e-04 | loss=0.293195
Epoch 003 | Step 750 | lr=9.755283e-04 | loss=0.309298
Epoch 003 | Step 760 | lr=9.755283e-04 | loss=0.282742
Epoch 003 | Step 770 | lr=9.755283e-04 | loss=0.299814
Epoch 003 | Step 780 | lr=9.755283e-04 | loss=0.293148
Epoch 003 | Step 790 | lr=9.755283e-04 | loss=0.304885
Epoch 003 | Step 800 | lr=9.755283e-04 | loss=0.296828
Epoch 003 | Step 810 | lr=9.755283e-04 | loss=0.289466
Epoch 003 | Step 820 | lr=9.755283e-04 | loss=0.284516
Epoch 003 | Step 830 | lr=9.755283e-04 | loss=0.292270
Epoch 003 | Step 840 | lr=9.755283e-04 | loss=0.294939
Epoch 003 | Step 850 | lr=9.755283e-04 | loss=0.311878
Epoch 003 | Step 860 | lr=9.755283e-04 | loss=0.304372
Epoch 003 | Step 870 | lr=9.755283e-04 | loss=0.325321
Epoch 003 | Step 880 | lr=9.755283e-04 | loss=0.332657
Epoch 003 | Step 890 | lr=9.755283e-04 | loss=0.297557
Epoch 003 | Step 900 | lr=9.755283e-04 | loss=0.271413
Epoch 003 | Step 910 | lr=9.755283e-04 | loss=0.301379
Epoch 003 | Step 920 | lr=9.755283e-04 | loss=0.300553
Epoch 003 | Step 930 | lr=9.755283e-04 | loss=0.289259
Epoch 003 | Step 940 | lr=9.755283e-04 | loss=0.286798
Epoch 003 | Step 950 | lr=9.755283e-04 | loss=0.310688
Epoch 003 | Step 960 | lr=9.755283e-04 | loss=0.307015
epoch 003 | train_kld=0.306378 | val_kld=0.288094 | val_mae=0.003956 | val_mse=0.000312 | ord_acc@10=0.2836 | recall@10=0.8103
Epoch 004 | Step 10 | lr=9.455033e-04 | loss=0.314152
Epoch 004 | Step 20 | lr=9.455033e-04 | loss=0.316961
Epoch 004 | Step 30 | lr=9.455033e-04 | loss=0.308952
Epoch 004 | Step 40 | lr=9.455033e-04 | loss=0.346836
Epoch 004 | Step 50 | lr=9.455033e-04 | loss=0.318135
Epoch 004 | Step 60 | lr=9.455033e-04 | loss=0.313371
Epoch 004 | Step 70 | lr=9.455033e-04 | loss=0.283220
Epoch 004 | Step 80 | lr=9.455033e-04 | loss=0.290059
Epoch 004 | Step 90 | lr=9.455033e-04 | loss=0.291472
Epoch 004 | Step 100 | lr=9.455033e-04 | loss=0.303752
Epoch 004 | Step 110 | lr=9.455033e-04 | loss=0.286353
Epoch 004 | Step 120 | lr=9.455033e-04 | loss=0.286807
Epoch 004 | Step 130 | lr=9.455033e-04 | loss=0.282422
Epoch 004 | Step 140 | lr=9.455033e-04 | loss=0.283515
Epoch 004 | Step 150 | lr=9.455033e-04 | loss=0.295837
Epoch 004 | Step 160 | lr=9.455033e-04 | loss=0.288457
Epoch 004 | Step 170 | lr=9.455033e-04 | loss=0.293353
Epoch 004 | Step 180 | lr=9.455033e-04 | loss=0.283597
Epoch 004 | Step 190 | lr=9.455033e-04 | loss=0.283383
Epoch 004 | Step 200 | lr=9.455033e-04 | loss=0.290494
Epoch 004 | Step 210 | lr=9.455033e-04 | loss=0.281916
Epoch 004 | Step 220 | lr=9.455033e-04 | loss=0.291881
Epoch 004 | Step 230 | lr=9.455033e-04 | loss=0.293497
Epoch 004 | Step 240 | lr=9.455033e-04 | loss=0.290551
Epoch 004 | Step 250 | lr=9.455033e-04 | loss=0.292828
Epoch 004 | Step 260 | lr=9.455033e-04 | loss=0.299178
Epoch 004 | Step 270 | lr=9.455033e-04 | loss=0.293103
Epoch 004 | Step 280 | lr=9.455033e-04 | loss=0.296392
Epoch 004 | Step 290 | lr=9.455033e-04 | loss=0.293201
Epoch 004 | Step 300 | lr=9.455033e-04 | loss=0.274489
Epoch 004 | Step 310 | lr=9.455033e-04 | loss=0.288315
Epoch 004 | Step 320 | lr=9.455033e-04 | loss=0.267822
Epoch 004 | Step 330 | lr=9.455033e-04 | loss=0.329845
Epoch 004 | Step 340 | lr=9.455033e-04 | loss=0.304067
Epoch 004 | Step 350 | lr=9.455033e-04 | loss=0.301473
Epoch 004 | Step 360 | lr=9.455033e-04 | loss=0.284497
Epoch 004 | Step 370 | lr=9.455033e-04 | loss=0.342716
Epoch 004 | Step 380 | lr=9.455033e-04 | loss=0.269235
Epoch 004 | Step 390 | lr=9.455033e-04 | loss=0.288906
Epoch 004 | Step 400 | lr=9.455033e-04 | loss=0.287494
Epoch 004 | Step 410 | lr=9.455033e-04 | loss=0.277351
Epoch 004 | Step 420 | lr=9.455033e-04 | loss=0.296870
Epoch 004 | Step 430 | lr=9.455033e-04 | loss=0.278666
Epoch 004 | Step 440 | lr=9.455033e-04 | loss=0.292995
Epoch 004 | Step 450 | lr=9.455033e-04 | loss=0.300696
Epoch 004 | Step 460 | lr=9.455033e-04 | loss=0.294265
Epoch 004 | Step 470 | lr=9.455033e-04 | loss=0.293818
Epoch 004 | Step 480 | lr=9.455033e-04 | loss=0.290679
Epoch 004 | Step 490 | lr=9.455033e-04 | loss=0.274952
Epoch 004 | Step 500 | lr=9.455033e-04 | loss=0.311859
Epoch 004 | Step 510 | lr=9.455033e-04 | loss=0.295945
Epoch 004 | Step 520 | lr=9.455033e-04 | loss=0.319873
Epoch 004 | Step 530 | lr=9.455033e-04 | loss=0.291004
Epoch 004 | Step 540 | lr=9.455033e-04 | loss=0.296096
Epoch 004 | Step 550 | lr=9.455033e-04 | loss=0.288759
Epoch 004 | Step 560 | lr=9.455033e-04 | loss=0.276707
Epoch 004 | Step 570 | lr=9.455033e-04 | loss=0.294135
Epoch 004 | Step 580 | lr=9.455033e-04 | loss=0.273630
Epoch 004 | Step 590 | lr=9.455033e-04 | loss=0.276118
Epoch 004 | Step 600 | lr=9.455033e-04 | loss=0.284949
Epoch 004 | Step 610 | lr=9.455033e-04 | loss=0.291875
Epoch 004 | Step 620 | lr=9.455033e-04 | loss=0.276925
Epoch 004 | Step 630 | lr=9.455033e-04 | loss=0.269726
Epoch 004 | Step 640 | lr=9.455033e-04 | loss=0.282461
Epoch 004 | Step 650 | lr=9.455033e-04 | loss=0.292100
Epoch 004 | Step 660 | lr=9.455033e-04 | loss=0.304387
Epoch 004 | Step 670 | lr=9.455033e-04 | loss=0.308865
Epoch 004 | Step 680 | lr=9.455033e-04 | loss=0.280102
Epoch 004 | Step 690 | lr=9.455033e-04 | loss=0.289939
Epoch 004 | Step 700 | lr=9.455033e-04 | loss=0.285864
Epoch 004 | Step 710 | lr=9.455033e-04 | loss=0.300509
Epoch 004 | Step 720 | lr=9.455033e-04 | loss=0.308490
Epoch 004 | Step 730 | lr=9.455033e-04 | loss=0.289665
Epoch 004 | Step 740 | lr=9.455033e-04 | loss=0.265557
Epoch 004 | Step 750 | lr=9.455033e-04 | loss=0.274386
Epoch 004 | Step 760 | lr=9.455033e-04 | loss=0.309006
Epoch 004 | Step 770 | lr=9.455033e-04 | loss=0.291730
Epoch 004 | Step 780 | lr=9.455033e-04 | loss=0.295188
Epoch 004 | Step 790 | lr=9.455033e-04 | loss=0.272351
Epoch 004 | Step 800 | lr=9.455033e-04 | loss=0.276165
Epoch 004 | Step 810 | lr=9.455033e-04 | loss=0.282215
Epoch 004 | Step 820 | lr=9.455033e-04 | loss=0.323235
Epoch 004 | Step 830 | lr=9.455033e-04 | loss=0.308643
Epoch 004 | Step 840 | lr=9.455033e-04 | loss=0.278598
Epoch 004 | Step 850 | lr=9.455033e-04 | loss=0.328565
Epoch 004 | Step 860 | lr=9.455033e-04 | loss=0.287850
Epoch 004 | Step 870 | lr=9.455033e-04 | loss=0.294562
Epoch 004 | Step 880 | lr=9.455033e-04 | loss=0.272921
Epoch 004 | Step 890 | lr=9.455033e-04 | loss=0.285657
Epoch 004 | Step 900 | lr=9.455033e-04 | loss=0.275639
Epoch 004 | Step 910 | lr=9.455033e-04 | loss=0.269235
Epoch 004 | Step 920 | lr=9.455033e-04 | loss=0.311914
Epoch 004 | Step 930 | lr=9.455033e-04 | loss=0.269164
Epoch 004 | Step 940 | lr=9.455033e-04 | loss=0.255148
Epoch 004 | Step 950 | lr=9.455033e-04 | loss=0.301242
Epoch 004 | Step 960 | lr=9.455033e-04 | loss=0.292683
epoch 004 | train_kld=0.292657 | val_kld=0.274318 | val_mae=0.003802 | val_mse=0.000272 | ord_acc@10=0.2876 | recall@10=0.8137
Epoch 005 | Step 10 | lr=9.045085e-04 | loss=0.278378
Epoch 005 | Step 20 | lr=9.045085e-04 | loss=0.277136
Epoch 005 | Step 30 | lr=9.045085e-04 | loss=0.272998
Epoch 005 | Step 40 | lr=9.045085e-04 | loss=0.292955
Epoch 005 | Step 50 | lr=9.045085e-04 | loss=0.267769
Epoch 005 | Step 60 | lr=9.045085e-04 | loss=0.316501
Epoch 005 | Step 70 | lr=9.045085e-04 | loss=0.281315
Epoch 005 | Step 80 | lr=9.045085e-04 | loss=0.272792
Epoch 005 | Step 90 | lr=9.045085e-04 | loss=0.303008
Epoch 005 | Step 100 | lr=9.045085e-04 | loss=0.268442
Epoch 005 | Step 110 | lr=9.045085e-04 | loss=0.280928
Epoch 005 | Step 120 | lr=9.045085e-04 | loss=0.276747
Epoch 005 | Step 130 | lr=9.045085e-04 | loss=0.270622
Epoch 005 | Step 140 | lr=9.045085e-04 | loss=0.282634
Epoch 005 | Step 150 | lr=9.045085e-04 | loss=0.284660
Epoch 005 | Step 160 | lr=9.045085e-04 | loss=0.272695
Epoch 005 | Step 170 | lr=9.045085e-04 | loss=0.293114
Epoch 005 | Step 180 | lr=9.045085e-04 | loss=0.270372
Epoch 005 | Step 190 | lr=9.045085e-04 | loss=0.272126
Epoch 005 | Step 200 | lr=9.045085e-04 | loss=0.279882
Epoch 005 | Step 210 | lr=9.045085e-04 | loss=0.270625
Epoch 005 | Step 220 | lr=9.045085e-04 | loss=0.280669
Epoch 005 | Step 230 | lr=9.045085e-04 | loss=0.318163
Epoch 005 | Step 240 | lr=9.045085e-04 | loss=0.275359
Epoch 005 | Step 250 | lr=9.045085e-04 | loss=0.264577
Epoch 005 | Step 260 | lr=9.045085e-04 | loss=0.273073
Epoch 005 | Step 270 | lr=9.045085e-04 | loss=0.305433
Epoch 005 | Step 280 | lr=9.045085e-04 | loss=0.272152
Epoch 005 | Step 290 | lr=9.045085e-04 | loss=0.266028
Epoch 005 | Step 300 | lr=9.045085e-04 | loss=0.286524
Epoch 005 | Step 310 | lr=9.045085e-04 | loss=0.295480
Epoch 005 | Step 320 | lr=9.045085e-04 | loss=0.275943
Epoch 005 | Step 330 | lr=9.045085e-04 | loss=0.326661
Epoch 005 | Step 340 | lr=9.045085e-04 | loss=0.293641
Epoch 005 | Step 350 | lr=9.045085e-04 | loss=0.281549
Epoch 005 | Step 360 | lr=9.045085e-04 | loss=0.284305
Epoch 005 | Step 370 | lr=9.045085e-04 | loss=0.287331
Epoch 005 | Step 380 | lr=9.045085e-04 | loss=0.270569
Epoch 005 | Step 390 | lr=9.045085e-04 | loss=0.287352
Epoch 005 | Step 400 | lr=9.045085e-04 | loss=0.301273
Epoch 005 | Step 410 | lr=9.045085e-04 | loss=0.278828
Epoch 005 | Step 420 | lr=9.045085e-04 | loss=0.318842
Epoch 005 | Step 430 | lr=9.045085e-04 | loss=0.291373
Epoch 005 | Step 440 | lr=9.045085e-04 | loss=0.307499
Epoch 005 | Step 450 | lr=9.045085e-04 | loss=0.276388
Epoch 005 | Step 460 | lr=9.045085e-04 | loss=0.311502
Epoch 005 | Step 470 | lr=9.045085e-04 | loss=0.312560
Epoch 005 | Step 480 | lr=9.045085e-04 | loss=0.297998
Epoch 005 | Step 490 | lr=9.045085e-04 | loss=0.270521
Epoch 005 | Step 500 | lr=9.045085e-04 | loss=0.276661
Epoch 005 | Step 510 | lr=9.045085e-04 | loss=0.316380
Epoch 005 | Step 520 | lr=9.045085e-04 | loss=0.286207
Epoch 005 | Step 530 | lr=9.045085e-04 | loss=0.311337
Epoch 005 | Step 540 | lr=9.045085e-04 | loss=0.284739
Epoch 005 | Step 550 | lr=9.045085e-04 | loss=0.268171
Epoch 005 | Step 560 | lr=9.045085e-04 | loss=0.281923
Epoch 005 | Step 570 | lr=9.045085e-04 | loss=0.273260
Epoch 005 | Step 580 | lr=9.045085e-04 | loss=0.308666
Epoch 005 | Step 590 | lr=9.045085e-04 | loss=0.272764
Epoch 005 | Step 600 | lr=9.045085e-04 | loss=0.303107
Epoch 005 | Step 610 | lr=9.045085e-04 | loss=0.277142
Epoch 005 | Step 620 | lr=9.045085e-04 | loss=0.277243
Epoch 005 | Step 630 | lr=9.045085e-04 | loss=0.277497
Epoch 005 | Step 640 | lr=9.045085e-04 | loss=0.279549
Epoch 005 | Step 650 | lr=9.045085e-04 | loss=0.291710
Epoch 005 | Step 660 | lr=9.045085e-04 | loss=0.278793
Epoch 005 | Step 670 | lr=9.045085e-04 | loss=0.281598
Epoch 005 | Step 680 | lr=9.045085e-04 | loss=0.287320
Epoch 005 | Step 690 | lr=9.045085e-04 | loss=0.404823
Epoch 005 | Step 700 | lr=9.045085e-04 | loss=0.297353
Epoch 005 | Step 710 | lr=9.045085e-04 | loss=0.285656
Epoch 005 | Step 720 | lr=9.045085e-04 | loss=0.274409
Epoch 005 | Step 730 | lr=9.045085e-04 | loss=0.301590
Epoch 005 | Step 740 | lr=9.045085e-04 | loss=0.276602
Epoch 005 | Step 750 | lr=9.045085e-04 | loss=0.260414
Epoch 005 | Step 760 | lr=9.045085e-04 | loss=0.284179
Epoch 005 | Step 770 | lr=9.045085e-04 | loss=0.286470
Epoch 005 | Step 780 | lr=9.045085e-04 | loss=0.288039
Epoch 005 | Step 790 | lr=9.045085e-04 | loss=0.299718
Epoch 005 | Step 800 | lr=9.045085e-04 | loss=0.292491
Epoch 005 | Step 810 | lr=9.045085e-04 | loss=0.281198
Epoch 005 | Step 820 | lr=9.045085e-04 | loss=0.276613
Epoch 005 | Step 830 | lr=9.045085e-04 | loss=0.273268
Epoch 005 | Step 840 | lr=9.045085e-04 | loss=0.271339
Epoch 005 | Step 850 | lr=9.045085e-04 | loss=0.290228
Epoch 005 | Step 860 | lr=9.045085e-04 | loss=0.267946
Epoch 005 | Step 870 | lr=9.045085e-04 | loss=0.299488
Epoch 005 | Step 880 | lr=9.045085e-04 | loss=0.266351
Epoch 005 | Step 890 | lr=9.045085e-04 | loss=0.290131
Epoch 005 | Step 900 | lr=9.045085e-04 | loss=0.274522
Epoch 005 | Step 910 | lr=9.045085e-04 | loss=0.285632
Epoch 005 | Step 920 | lr=9.045085e-04 | loss=0.269099
Epoch 005 | Step 930 | lr=9.045085e-04 | loss=0.279831
Epoch 005 | Step 940 | lr=9.045085e-04 | loss=0.262500
Epoch 005 | Step 950 | lr=9.045085e-04 | loss=0.266237
Epoch 005 | Step 960 | lr=9.045085e-04 | loss=0.278453
epoch 005 | train_kld=0.284743 | val_kld=0.269511 | val_mae=0.003735 | val_mse=0.000269 | ord_acc@10=0.2909 | recall@10=0.8176
Epoch 006 | Step 10 | lr=8.535534e-04 | loss=0.305306
Epoch 006 | Step 20 | lr=8.535534e-04 | loss=0.290926
Epoch 006 | Step 30 | lr=8.535534e-04 | loss=0.267597
Epoch 006 | Step 40 | lr=8.535534e-04 | loss=0.281970
Epoch 006 | Step 50 | lr=8.535534e-04 | loss=0.261610
Epoch 006 | Step 60 | lr=8.535534e-04 | loss=0.273901
Epoch 006 | Step 70 | lr=8.535534e-04 | loss=0.269470
Epoch 006 | Step 80 | lr=8.535534e-04 | loss=0.278089
Epoch 006 | Step 90 | lr=8.535534e-04 | loss=0.284665
Epoch 006 | Step 100 | lr=8.535534e-04 | loss=0.267717
Epoch 006 | Step 110 | lr=8.535534e-04 | loss=0.275077
Epoch 006 | Step 120 | lr=8.535534e-04 | loss=0.272162
Epoch 006 | Step 130 | lr=8.535534e-04 | loss=0.272098
Epoch 006 | Step 140 | lr=8.535534e-04 | loss=0.290013
Epoch 006 | Step 150 | lr=8.535534e-04 | loss=0.286106
Epoch 006 | Step 160 | lr=8.535534e-04 | loss=0.291281
Epoch 006 | Step 170 | lr=8.535534e-04 | loss=0.281701
Epoch 006 | Step 180 | lr=8.535534e-04 | loss=0.287395
Epoch 006 | Step 190 | lr=8.535534e-04 | loss=0.312818
Epoch 006 | Step 200 | lr=8.535534e-04 | loss=0.316868
Epoch 006 | Step 210 | lr=8.535534e-04 | loss=0.303673
Epoch 006 | Step 220 | lr=8.535534e-04 | loss=0.276251
Epoch 006 | Step 230 | lr=8.535534e-04 | loss=0.274116
Epoch 006 | Step 240 | lr=8.535534e-04 | loss=0.281828
Epoch 006 | Step 250 | lr=8.535534e-04 | loss=0.287775
Epoch 006 | Step 260 | lr=8.535534e-04 | loss=0.282154
Epoch 006 | Step 270 | lr=8.535534e-04 | loss=0.283563
Epoch 006 | Step 280 | lr=8.535534e-04 | loss=0.267921
Epoch 006 | Step 290 | lr=8.535534e-04 | loss=0.272124
Epoch 006 | Step 300 | lr=8.535534e-04 | loss=0.269906
Epoch 006 | Step 310 | lr=8.535534e-04 | loss=0.274866
Epoch 006 | Step 320 | lr=8.535534e-04 | loss=0.275824
Epoch 006 | Step 330 | lr=8.535534e-04 | loss=0.261803
Epoch 006 | Step 340 | lr=8.535534e-04 | loss=0.266477
Epoch 006 | Step 350 | lr=8.535534e-04 | loss=0.261202
Epoch 006 | Step 360 | lr=8.535534e-04 | loss=0.248524
Epoch 006 | Step 370 | lr=8.535534e-04 | loss=0.265518
Epoch 006 | Step 380 | lr=8.535534e-04 | loss=0.263630
Epoch 006 | Step 390 | lr=8.535534e-04 | loss=0.269967
Epoch 006 | Step 400 | lr=8.535534e-04 | loss=0.263710
Epoch 006 | Step 410 | lr=8.535534e-04 | loss=0.269470
Epoch 006 | Step 420 | lr=8.535534e-04 | loss=0.279299
Epoch 006 | Step 430 | lr=8.535534e-04 | loss=0.254809
Epoch 006 | Step 440 | lr=8.535534e-04 | loss=0.253878
Epoch 006 | Step 450 | lr=8.535534e-04 | loss=0.274506
Epoch 006 | Step 460 | lr=8.535534e-04 | loss=0.269722
Epoch 006 | Step 470 | lr=8.535534e-04 | loss=0.291932
Epoch 006 | Step 480 | lr=8.535534e-04 | loss=0.301839
Epoch 006 | Step 490 | lr=8.535534e-04 | loss=0.261602
Epoch 006 | Step 500 | lr=8.535534e-04 | loss=0.292514
Epoch 006 | Step 510 | lr=8.535534e-04 | loss=0.284309
Epoch 006 | Step 520 | lr=8.535534e-04 | loss=0.291349
Epoch 006 | Step 530 | lr=8.535534e-04 | loss=0.332797
Epoch 006 | Step 540 | lr=8.535534e-04 | loss=0.263551
Epoch 006 | Step 550 | lr=8.535534e-04 | loss=0.266825
Epoch 006 | Step 560 | lr=8.535534e-04 | loss=0.259073
Epoch 006 | Step 570 | lr=8.535534e-04 | loss=0.318106
Epoch 006 | Step 580 | lr=8.535534e-04 | loss=0.275536
Epoch 006 | Step 590 | lr=8.535534e-04 | loss=0.315698
Epoch 006 | Step 600 | lr=8.535534e-04 | loss=0.281838
Epoch 006 | Step 610 | lr=8.535534e-04 | loss=0.297258
Epoch 006 | Step 620 | lr=8.535534e-04 | loss=0.280953
Epoch 006 | Step 630 | lr=8.535534e-04 | loss=0.283169
Epoch 006 | Step 640 | lr=8.535534e-04 | loss=0.275411
Epoch 006 | Step 650 | lr=8.535534e-04 | loss=0.297780
Epoch 006 | Step 660 | lr=8.535534e-04 | loss=0.275116
Epoch 006 | Step 670 | lr=8.535534e-04 | loss=0.255938
Epoch 006 | Step 680 | lr=8.535534e-04 | loss=0.280391
Epoch 006 | Step 690 | lr=8.535534e-04 | loss=0.314388
Epoch 006 | Step 700 | lr=8.535534e-04 | loss=0.264170
Epoch 006 | Step 710 | lr=8.535534e-04 | loss=0.300500
Epoch 006 | Step 720 | lr=8.535534e-04 | loss=0.260497
Epoch 006 | Step 730 | lr=8.535534e-04 | loss=0.244408
Epoch 006 | Step 740 | lr=8.535534e-04 | loss=0.273919
Epoch 006 | Step 750 | lr=8.535534e-04 | loss=0.280966
Epoch 006 | Step 760 | lr=8.535534e-04 | loss=0.263020
Epoch 006 | Step 770 | lr=8.535534e-04 | loss=0.277038
Epoch 006 | Step 780 | lr=8.535534e-04 | loss=0.278137
Epoch 006 | Step 790 | lr=8.535534e-04 | loss=0.267109
Epoch 006 | Step 800 | lr=8.535534e-04 | loss=0.266591
Epoch 006 | Step 810 | lr=8.535534e-04 | loss=0.274543
Epoch 006 | Step 820 | lr=8.535534e-04 | loss=0.260006
Epoch 006 | Step 830 | lr=8.535534e-04 | loss=0.252985
Epoch 006 | Step 840 | lr=8.535534e-04 | loss=0.275962
Epoch 006 | Step 850 | lr=8.535534e-04 | loss=0.261575
Epoch 006 | Step 860 | lr=8.535534e-04 | loss=0.292305
Epoch 006 | Step 870 | lr=8.535534e-04 | loss=0.267538
Epoch 006 | Step 880 | lr=8.535534e-04 | loss=0.291159
Epoch 006 | Step 890 | lr=8.535534e-04 | loss=0.293442
Epoch 006 | Step 900 | lr=8.535534e-04 | loss=0.282232
Epoch 006 | Step 910 | lr=8.535534e-04 | loss=0.266061
Epoch 006 | Step 920 | lr=8.535534e-04 | loss=0.256938
Epoch 006 | Step 930 | lr=8.535534e-04 | loss=0.264066
Epoch 006 | Step 940 | lr=8.535534e-04 | loss=0.287619
Epoch 006 | Step 950 | lr=8.535534e-04 | loss=0.275500
Epoch 006 | Step 960 | lr=8.535534e-04 | loss=0.266378
epoch 006 | train_kld=0.278664 | val_kld=0.261071 | val_mae=0.003650 | val_mse=0.000256 | ord_acc@10=0.2956 | recall@10=0.8220
Epoch 007 | Step 10 | lr=7.938926e-04 | loss=0.289976
Epoch 007 | Step 20 | lr=7.938926e-04 | loss=0.276111
Epoch 007 | Step 30 | lr=7.938926e-04 | loss=0.254594
Epoch 007 | Step 40 | lr=7.938926e-04 | loss=0.239138
Epoch 007 | Step 50 | lr=7.938926e-04 | loss=0.272580
Epoch 007 | Step 60 | lr=7.938926e-04 | loss=0.281717
Epoch 007 | Step 70 | lr=7.938926e-04 | loss=0.245088
Epoch 007 | Step 80 | lr=7.938926e-04 | loss=0.272847
Epoch 007 | Step 90 | lr=7.938926e-04 | loss=0.266141
Epoch 007 | Step 100 | lr=7.938926e-04 | loss=0.249681
Epoch 007 | Step 110 | lr=7.938926e-04 | loss=0.287543
Epoch 007 | Step 120 | lr=7.938926e-04 | loss=0.285545
Epoch 007 | Step 130 | lr=7.938926e-04 | loss=0.269497
Epoch 007 | Step 140 | lr=7.938926e-04 | loss=0.268388
Epoch 007 | Step 150 | lr=7.938926e-04 | loss=0.264203
Epoch 007 | Step 160 | lr=7.938926e-04 | loss=0.270753
Epoch 007 | Step 170 | lr=7.938926e-04 | loss=0.281540
Epoch 007 | Step 180 | lr=7.938926e-04 | loss=0.251444
Epoch 007 | Step 190 | lr=7.938926e-04 | loss=0.261882
Epoch 007 | Step 200 | lr=7.938926e-04 | loss=0.299146
Epoch 007 | Step 210 | lr=7.938926e-04 | loss=0.270453
Epoch 007 | Step 220 | lr=7.938926e-04 | loss=0.282781
Epoch 007 | Step 230 | lr=7.938926e-04 | loss=0.280092
Epoch 007 | Step 240 | lr=7.938926e-04 | loss=0.257391
Epoch 007 | Step 250 | lr=7.938926e-04 | loss=0.271820
Epoch 007 | Step 260 | lr=7.938926e-04 | loss=0.287803
Epoch 007 | Step 270 | lr=7.938926e-04 | loss=0.256800
Epoch 007 | Step 280 | lr=7.938926e-04 | loss=0.261470
Epoch 007 | Step 290 | lr=7.938926e-04 | loss=0.297131
Epoch 007 | Step 300 | lr=7.938926e-04 | loss=0.279061
Epoch 007 | Step 310 | lr=7.938926e-04 | loss=0.309778
Epoch 007 | Step 320 | lr=7.938926e-04 | loss=0.263210
Epoch 007 | Step 330 | lr=7.938926e-04 | loss=0.268579
Epoch 007 | Step 340 | lr=7.938926e-04 | loss=0.290853
Epoch 007 | Step 350 | lr=7.938926e-04 | loss=0.252745
Epoch 007 | Step 360 | lr=7.938926e-04 | loss=0.247444
Epoch 007 | Step 370 | lr=7.938926e-04 | loss=0.247997
Epoch 007 | Step 380 | lr=7.938926e-04 | loss=0.271843
Epoch 007 | Step 390 | lr=7.938926e-04 | loss=0.261818
Epoch 007 | Step 400 | lr=7.938926e-04 | loss=0.275039
Epoch 007 | Step 410 | lr=7.938926e-04 | loss=0.266507
Epoch 007 | Step 420 | lr=7.938926e-04 | loss=0.257873
Epoch 007 | Step 430 | lr=7.938926e-04 | loss=0.274886
Epoch 007 | Step 440 | lr=7.938926e-04 | loss=0.284069
Epoch 007 | Step 450 | lr=7.938926e-04 | loss=0.265652
Epoch 007 | Step 460 | lr=7.938926e-04 | loss=0.256097
Epoch 007 | Step 470 | lr=7.938926e-04 | loss=0.251237
Epoch 007 | Step 480 | lr=7.938926e-04 | loss=0.274610
Epoch 007 | Step 490 | lr=7.938926e-04 | loss=0.255817
Epoch 007 | Step 500 | lr=7.938926e-04 | loss=0.268269
Epoch 007 | Step 510 | lr=7.938926e-04 | loss=0.255158
Epoch 007 | Step 520 | lr=7.938926e-04 | loss=0.257604
Epoch 007 | Step 530 | lr=7.938926e-04 | loss=0.250328
Epoch 007 | Step 540 | lr=7.938926e-04 | loss=0.249774
Epoch 007 | Step 550 | lr=7.938926e-04 | loss=0.255536
Epoch 007 | Step 560 | lr=7.938926e-04 | loss=0.266101
Epoch 007 | Step 570 | lr=7.938926e-04 | loss=0.250013
Epoch 007 | Step 580 | lr=7.938926e-04 | loss=0.251756
Epoch 007 | Step 590 | lr=7.938926e-04 | loss=0.248761
Epoch 007 | Step 600 | lr=7.938926e-04 | loss=0.257917
Epoch 007 | Step 610 | lr=7.938926e-04 | loss=0.294656
Epoch 007 | Step 620 | lr=7.938926e-04 | loss=0.295912
Epoch 007 | Step 630 | lr=7.938926e-04 | loss=0.298748
Epoch 007 | Step 640 | lr=7.938926e-04 | loss=0.271408
Epoch 007 | Step 650 | lr=7.938926e-04 | loss=0.258712
Epoch 007 | Step 660 | lr=7.938926e-04 | loss=0.265832
Epoch 007 | Step 670 | lr=7.938926e-04 | loss=0.250962
Epoch 007 | Step 680 | lr=7.938926e-04 | loss=0.296979
Epoch 007 | Step 690 | lr=7.938926e-04 | loss=0.264386
Epoch 007 | Step 700 | lr=7.938926e-04 | loss=0.255831
Epoch 007 | Step 710 | lr=7.938926e-04 | loss=0.295070
Epoch 007 | Step 720 | lr=7.938926e-04 | loss=0.280095
Epoch 007 | Step 730 | lr=7.938926e-04 | loss=0.265780
Epoch 007 | Step 740 | lr=7.938926e-04 | loss=0.270121
Epoch 007 | Step 750 | lr=7.938926e-04 | loss=0.269434
Epoch 007 | Step 760 | lr=7.938926e-04 | loss=0.278065
Epoch 007 | Step 770 | lr=7.938926e-04 | loss=0.252478
Epoch 007 | Step 780 | lr=7.938926e-04 | loss=0.299494
Epoch 007 | Step 790 | lr=7.938926e-04 | loss=0.335460
Epoch 007 | Step 800 | lr=7.938926e-04 | loss=0.248311
Epoch 007 | Step 810 | lr=7.938926e-04 | loss=0.247400
Epoch 007 | Step 820 | lr=7.938926e-04 | loss=0.277503
Epoch 007 | Step 830 | lr=7.938926e-04 | loss=0.250623
Epoch 007 | Step 840 | lr=7.938926e-04 | loss=0.278693
Epoch 007 | Step 850 | lr=7.938926e-04 | loss=0.252721
Epoch 007 | Step 860 | lr=7.938926e-04 | loss=0.253425
Epoch 007 | Step 870 | lr=7.938926e-04 | loss=0.286754
Epoch 007 | Step 880 | lr=7.938926e-04 | loss=0.266469
Epoch 007 | Step 890 | lr=7.938926e-04 | loss=0.291747
Epoch 007 | Step 900 | lr=7.938926e-04 | loss=0.258345
Epoch 007 | Step 910 | lr=7.938926e-04 | loss=0.275641
Epoch 007 | Step 920 | lr=7.938926e-04 | loss=0.296586
Epoch 007 | Step 930 | lr=7.938926e-04 | loss=0.245019
Epoch 007 | Step 940 | lr=7.938926e-04 | loss=0.245784
Epoch 007 | Step 950 | lr=7.938926e-04 | loss=0.292211
Epoch 007 | Step 960 | lr=7.938926e-04 | loss=0.259348
epoch 007 | train_kld=0.269330 | val_kld=0.251256 | val_mae=0.003590 | val_mse=0.000244 | ord_acc@10=0.3019 | recall@10=0.8177
Epoch 008 | Step 10 | lr=7.269952e-04 | loss=0.260668
Epoch 008 | Step 20 | lr=7.269952e-04 | loss=0.243171
Epoch 008 | Step 30 | lr=7.269952e-04 | loss=0.248858
Epoch 008 | Step 40 | lr=7.269952e-04 | loss=0.266161
Epoch 008 | Step 50 | lr=7.269952e-04 | loss=0.255152
Epoch 008 | Step 60 | lr=7.269952e-04 | loss=0.257542
Epoch 008 | Step 70 | lr=7.269952e-04 | loss=0.241171
Epoch 008 | Step 80 | lr=7.269952e-04 | loss=0.261000
Epoch 008 | Step 90 | lr=7.269952e-04 | loss=0.268124
Epoch 008 | Step 100 | lr=7.269952e-04 | loss=0.277336
Epoch 008 | Step 110 | lr=7.269952e-04 | loss=0.257969
Epoch 008 | Step 120 | lr=7.269952e-04 | loss=0.250562
Epoch 008 | Step 130 | lr=7.269952e-04 | loss=0.260275
Epoch 008 | Step 140 | lr=7.269952e-04 | loss=0.238832
Epoch 008 | Step 150 | lr=7.269952e-04 | loss=0.247425
Epoch 008 | Step 160 | lr=7.269952e-04 | loss=0.258482
Epoch 008 | Step 170 | lr=7.269952e-04 | loss=0.240770
Epoch 008 | Step 180 | lr=7.269952e-04 | loss=0.255874
Epoch 008 | Step 190 | lr=7.269952e-04 | loss=0.314753
Epoch 008 | Step 200 | lr=7.269952e-04 | loss=0.261057
Epoch 008 | Step 210 | lr=7.269952e-04 | loss=0.250783
Epoch 008 | Step 220 | lr=7.269952e-04 | loss=0.259981
Epoch 008 | Step 230 | lr=7.269952e-04 | loss=0.342900
Epoch 008 | Step 240 | lr=7.269952e-04 | loss=0.263443
Epoch 008 | Step 250 | lr=7.269952e-04 | loss=0.298660
Epoch 008 | Step 260 | lr=7.269952e-04 | loss=0.244881
Epoch 008 | Step 270 | lr=7.269952e-04 | loss=0.251253
Epoch 008 | Step 280 | lr=7.269952e-04 | loss=0.260075
Epoch 008 | Step 290 | lr=7.269952e-04 | loss=0.263394
Epoch 008 | Step 300 | lr=7.269952e-04 | loss=0.251686
Epoch 008 | Step 310 | lr=7.269952e-04 | loss=0.256776
Epoch 008 | Step 320 | lr=7.269952e-04 | loss=0.274558
Epoch 008 | Step 330 | lr=7.269952e-04 | loss=0.238964
Epoch 008 | Step 340 | lr=7.269952e-04 | loss=0.254141
Epoch 008 | Step 350 | lr=7.269952e-04 | loss=0.262696
Epoch 008 | Step 360 | lr=7.269952e-04 | loss=0.294999
Epoch 008 | Step 370 | lr=7.269952e-04 | loss=0.242351
Epoch 008 | Step 380 | lr=7.269952e-04 | loss=0.251186
Epoch 008 | Step 390 | lr=7.269952e-04 | loss=0.245027
Epoch 008 | Step 400 | lr=7.269952e-04 | loss=0.275881
Epoch 008 | Step 410 | lr=7.269952e-04 | loss=0.276482
Epoch 008 | Step 420 | lr=7.269952e-04 | loss=0.263461
Epoch 008 | Step 430 | lr=7.269952e-04 | loss=0.256013
Epoch 008 | Step 440 | lr=7.269952e-04 | loss=0.259611
Epoch 008 | Step 450 | lr=7.269952e-04 | loss=0.266934
Epoch 008 | Step 460 | lr=7.269952e-04 | loss=0.243334
Epoch 008 | Step 470 | lr=7.269952e-04 | loss=0.290995
Epoch 008 | Step 480 | lr=7.269952e-04 | loss=0.267116
Epoch 008 | Step 490 | lr=7.269952e-04 | loss=0.263424
Epoch 008 | Step 500 | lr=7.269952e-04 | loss=0.275241
Epoch 008 | Step 510 | lr=7.269952e-04 | loss=0.270279
Epoch 008 | Step 520 | lr=7.269952e-04 | loss=0.267120
Epoch 008 | Step 530 | lr=7.269952e-04 | loss=0.273913
Epoch 008 | Step 540 | lr=7.269952e-04 | loss=0.282845
Epoch 008 | Step 550 | lr=7.269952e-04 | loss=0.268100
Epoch 008 | Step 560 | lr=7.269952e-04 | loss=0.262552
Epoch 008 | Step 570 | lr=7.269952e-04 | loss=0.262702
Epoch 008 | Step 580 | lr=7.269952e-04 | loss=0.253877
Epoch 008 | Step 590 | lr=7.269952e-04 | loss=0.281885
Epoch 008 | Step 600 | lr=7.269952e-04 | loss=0.257958
Epoch 008 | Step 610 | lr=7.269952e-04 | loss=0.267098
Epoch 008 | Step 620 | lr=7.269952e-04 | loss=0.261853
Epoch 008 | Step 630 | lr=7.269952e-04 | loss=0.247628
Epoch 008 | Step 640 | lr=7.269952e-04 | loss=0.253141
Epoch 008 | Step 650 | lr=7.269952e-04 | loss=0.257903
Epoch 008 | Step 660 | lr=7.269952e-04 | loss=0.263032
Epoch 008 | Step 670 | lr=7.269952e-04 | loss=0.243035
Epoch 008 | Step 680 | lr=7.269952e-04 | loss=0.242360
Epoch 008 | Step 690 | lr=7.269952e-04 | loss=0.254375
Epoch 008 | Step 700 | lr=7.269952e-04 | loss=0.265220
Epoch 008 | Step 710 | lr=7.269952e-04 | loss=0.242193
Epoch 008 | Step 720 | lr=7.269952e-04 | loss=0.272089
Epoch 008 | Step 730 | lr=7.269952e-04 | loss=0.271725
Epoch 008 | Step 740 | lr=7.269952e-04 | loss=0.246257
Epoch 008 | Step 750 | lr=7.269952e-04 | loss=0.288398
Epoch 008 | Step 760 | lr=7.269952e-04 | loss=0.271591
Epoch 008 | Step 770 | lr=7.269952e-04 | loss=0.274438
Epoch 008 | Step 780 | lr=7.269952e-04 | loss=0.251700
Epoch 008 | Step 790 | lr=7.269952e-04 | loss=0.269629
Epoch 008 | Step 800 | lr=7.269952e-04 | loss=0.259077
Epoch 008 | Step 810 | lr=7.269952e-04 | loss=0.271570
Epoch 008 | Step 820 | lr=7.269952e-04 | loss=0.323724
Epoch 008 | Step 830 | lr=7.269952e-04 | loss=0.259067
Epoch 008 | Step 840 | lr=7.269952e-04 | loss=0.269005
Epoch 008 | Step 850 | lr=7.269952e-04 | loss=0.293998
Epoch 008 | Step 860 | lr=7.269952e-04 | loss=0.252011
Epoch 008 | Step 870 | lr=7.269952e-04 | loss=0.268375
Epoch 008 | Step 880 | lr=7.269952e-04 | loss=0.306811
Epoch 008 | Step 890 | lr=7.269952e-04 | loss=0.265046
Epoch 008 | Step 900 | lr=7.269952e-04 | loss=0.271382
Epoch 008 | Step 910 | lr=7.269952e-04 | loss=0.278537
Epoch 008 | Step 920 | lr=7.269952e-04 | loss=0.260361
Epoch 008 | Step 930 | lr=7.269952e-04 | loss=0.283089
Epoch 008 | Step 940 | lr=7.269952e-04 | loss=0.254013
Epoch 008 | Step 950 | lr=7.269952e-04 | loss=0.268593
Epoch 008 | Step 960 | lr=7.269952e-04 | loss=0.278450
epoch 008 | train_kld=0.265267 | val_kld=0.260191 | val_mae=0.003727 | val_mse=0.000268 | ord_acc@10=0.2939 | recall@10=0.8201
Epoch 009 | Step 10 | lr=6.545085e-04 | loss=0.279611
Epoch 009 | Step 20 | lr=6.545085e-04 | loss=0.256872
Epoch 009 | Step 30 | lr=6.545085e-04 | loss=0.286147
Epoch 009 | Step 40 | lr=6.545085e-04 | loss=0.247279
Epoch 009 | Step 50 | lr=6.545085e-04 | loss=0.266275
Epoch 009 | Step 60 | lr=6.545085e-04 | loss=0.283968
Epoch 009 | Step 70 | lr=6.545085e-04 | loss=0.249744
Epoch 009 | Step 80 | lr=6.545085e-04 | loss=0.282008
Epoch 009 | Step 90 | lr=6.545085e-04 | loss=0.264454
Epoch 009 | Step 100 | lr=6.545085e-04 | loss=0.254033
Epoch 009 | Step 110 | lr=6.545085e-04 | loss=0.283376
Epoch 009 | Step 120 | lr=6.545085e-04 | loss=0.253322
Epoch 009 | Step 130 | lr=6.545085e-04 | loss=0.247803
Epoch 009 | Step 140 | lr=6.545085e-04 | loss=0.261666
Epoch 009 | Step 150 | lr=6.545085e-04 | loss=0.297719
Epoch 009 | Step 160 | lr=6.545085e-04 | loss=0.278156
Epoch 009 | Step 170 | lr=6.545085e-04 | loss=0.290215
Epoch 009 | Step 180 | lr=6.545085e-04 | loss=0.256998
Epoch 009 | Step 190 | lr=6.545085e-04 | loss=0.284815
Epoch 009 | Step 200 | lr=6.545085e-04 | loss=0.246286
Epoch 009 | Step 210 | lr=6.545085e-04 | loss=0.245944
Epoch 009 | Step 220 | lr=6.545085e-04 | loss=0.232929
Epoch 009 | Step 230 | lr=6.545085e-04 | loss=0.248084
Epoch 009 | Step 240 | lr=6.545085e-04 | loss=0.262973
Epoch 009 | Step 250 | lr=6.545085e-04 | loss=0.272132
Epoch 009 | Step 260 | lr=6.545085e-04 | loss=0.251062
Epoch 009 | Step 270 | lr=6.545085e-04 | loss=0.267539
Epoch 009 | Step 280 | lr=6.545085e-04 | loss=0.250896
Epoch 009 | Step 290 | lr=6.545085e-04 | loss=0.250124
Epoch 009 | Step 300 | lr=6.545085e-04 | loss=0.254802
Epoch 009 | Step 310 | lr=6.545085e-04 | loss=0.250977
Epoch 009 | Step 320 | lr=6.545085e-04 | loss=0.238779
Epoch 009 | Step 330 | lr=6.545085e-04 | loss=0.264936
Epoch 009 | Step 340 | lr=6.545085e-04 | loss=0.256070
Epoch 009 | Step 350 | lr=6.545085e-04 | loss=0.246663
Epoch 009 | Step 360 | lr=6.545085e-04 | loss=0.278210
Epoch 009 | Step 370 | lr=6.545085e-04 | loss=0.255868
Epoch 009 | Step 380 | lr=6.545085e-04 | loss=0.234055
Epoch 009 | Step 390 | lr=6.545085e-04 | loss=0.257784
Epoch 009 | Step 400 | lr=6.545085e-04 | loss=0.253873
Epoch 009 | Step 410 | lr=6.545085e-04 | loss=0.256888
Epoch 009 | Step 420 | lr=6.545085e-04 | loss=0.258003
Epoch 009 | Step 430 | lr=6.545085e-04 | loss=0.254059
Epoch 009 | Step 440 | lr=6.545085e-04 | loss=0.279949
Epoch 009 | Step 450 | lr=6.545085e-04 | loss=0.320343
Epoch 009 | Step 460 | lr=6.545085e-04 | loss=0.253144
Epoch 009 | Step 470 | lr=6.545085e-04 | loss=0.258814
Epoch 009 | Step 480 | lr=6.545085e-04 | loss=0.256652
Epoch 009 | Step 490 | lr=6.545085e-04 | loss=0.254899
Epoch 009 | Step 500 | lr=6.545085e-04 | loss=0.259301
Epoch 009 | Step 510 | lr=6.545085e-04 | loss=0.267402
Epoch 009 | Step 520 | lr=6.545085e-04 | loss=0.243438
Epoch 009 | Step 530 | lr=6.545085e-04 | loss=0.240544
Epoch 009 | Step 540 | lr=6.545085e-04 | loss=0.274992
Epoch 009 | Step 550 | lr=6.545085e-04 | loss=0.255071
Epoch 009 | Step 560 | lr=6.545085e-04 | loss=0.251860
Epoch 009 | Step 570 | lr=6.545085e-04 | loss=0.265626
Epoch 009 | Step 580 | lr=6.545085e-04 | loss=0.236394
Epoch 009 | Step 590 | lr=6.545085e-04 | loss=0.248460
Epoch 009 | Step 600 | lr=6.545085e-04 | loss=0.252229
Epoch 009 | Step 610 | lr=6.545085e-04 | loss=0.242788
Epoch 009 | Step 620 | lr=6.545085e-04 | loss=0.260402
Epoch 009 | Step 630 | lr=6.545085e-04 | loss=0.254725
Epoch 009 | Step 640 | lr=6.545085e-04 | loss=0.261603
Epoch 009 | Step 650 | lr=6.545085e-04 | loss=0.246152
Epoch 009 | Step 660 | lr=6.545085e-04 | loss=0.241143
Epoch 009 | Step 670 | lr=6.545085e-04 | loss=0.241701
Epoch 009 | Step 680 | lr=6.545085e-04 | loss=0.242815
Epoch 009 | Step 690 | lr=6.545085e-04 | loss=0.267532
Epoch 009 | Step 700 | lr=6.545085e-04 | loss=0.300005
Epoch 009 | Step 710 | lr=6.545085e-04 | loss=0.269148
Epoch 009 | Step 720 | lr=6.545085e-04 | loss=0.268576
Epoch 009 | Step 730 | lr=6.545085e-04 | loss=0.252941
Epoch 009 | Step 740 | lr=6.545085e-04 | loss=0.273869
Epoch 009 | Step 750 | lr=6.545085e-04 | loss=0.268416
Epoch 009 | Step 760 | lr=6.545085e-04 | loss=0.255255
Epoch 009 | Step 770 | lr=6.545085e-04 | loss=0.246931
Epoch 009 | Step 780 | lr=6.545085e-04 | loss=0.279302
Epoch 009 | Step 790 | lr=6.545085e-04 | loss=0.258483
Epoch 009 | Step 800 | lr=6.545085e-04 | loss=0.250945
Epoch 009 | Step 810 | lr=6.545085e-04 | loss=0.241064
Epoch 009 | Step 820 | lr=6.545085e-04 | loss=0.252877
Epoch 009 | Step 830 | lr=6.545085e-04 | loss=0.242560
Epoch 009 | Step 840 | lr=6.545085e-04 | loss=0.256962
Epoch 009 | Step 850 | lr=6.545085e-04 | loss=0.251881
Epoch 009 | Step 860 | lr=6.545085e-04 | loss=0.282092
Epoch 009 | Step 870 | lr=6.545085e-04 | loss=0.255350
Epoch 009 | Step 880 | lr=6.545085e-04 | loss=0.245560
Epoch 009 | Step 890 | lr=6.545085e-04 | loss=0.267417
Epoch 009 | Step 900 | lr=6.545085e-04 | loss=0.290836
Epoch 009 | Step 910 | lr=6.545085e-04 | loss=0.292468
Epoch 009 | Step 920 | lr=6.545085e-04 | loss=0.256571
Epoch 009 | Step 930 | lr=6.545085e-04 | loss=0.261490
Epoch 009 | Step 940 | lr=6.545085e-04 | loss=0.258889
Epoch 009 | Step 950 | lr=6.545085e-04 | loss=0.310996
Epoch 009 | Step 960 | lr=6.545085e-04 | loss=0.252635
epoch 009 | train_kld=0.258198 | val_kld=0.246997 | val_mae=0.003490 | val_mse=0.000228 | ord_acc@10=0.3034 | recall@10=0.8158
Epoch 010 | Step 10 | lr=5.782172e-04 | loss=0.230478
Epoch 010 | Step 20 | lr=5.782172e-04 | loss=0.250219
Epoch 010 | Step 30 | lr=5.782172e-04 | loss=0.240020
Epoch 010 | Step 40 | lr=5.782172e-04 | loss=0.262117
Epoch 010 | Step 50 | lr=5.782172e-04 | loss=0.235653
Epoch 010 | Step 60 | lr=5.782172e-04 | loss=0.258721
Epoch 010 | Step 70 | lr=5.782172e-04 | loss=0.259296
Epoch 010 | Step 80 | lr=5.782172e-04 | loss=0.245938
Epoch 010 | Step 90 | lr=5.782172e-04 | loss=0.251199
Epoch 010 | Step 100 | lr=5.782172e-04 | loss=0.240075
Epoch 010 | Step 110 | lr=5.782172e-04 | loss=0.236768
Epoch 010 | Step 120 | lr=5.782172e-04 | loss=0.227163
Epoch 010 | Step 130 | lr=5.782172e-04 | loss=0.243247
Epoch 010 | Step 140 | lr=5.782172e-04 | loss=0.247961
Epoch 010 | Step 150 | lr=5.782172e-04 | loss=0.237190
Epoch 010 | Step 160 | lr=5.782172e-04 | loss=0.236697
Epoch 010 | Step 170 | lr=5.782172e-04 | loss=0.252056
Epoch 010 | Step 180 | lr=5.782172e-04 | loss=0.251266
Epoch 010 | Step 190 | lr=5.782172e-04 | loss=0.248931
Epoch 010 | Step 200 | lr=5.782172e-04 | loss=0.235265
Epoch 010 | Step 210 | lr=5.782172e-04 | loss=0.246668
Epoch 010 | Step 220 | lr=5.782172e-04 | loss=0.247858
Epoch 010 | Step 230 | lr=5.782172e-04 | loss=0.238044
Epoch 010 | Step 240 | lr=5.782172e-04 | loss=0.246597
Epoch 010 | Step 250 | lr=5.782172e-04 | loss=0.263906
Epoch 010 | Step 260 | lr=5.782172e-04 | loss=0.250085
Epoch 010 | Step 270 | lr=5.782172e-04 | loss=0.249166
Epoch 010 | Step 280 | lr=5.782172e-04 | loss=0.282281
Epoch 010 | Step 290 | lr=5.782172e-04 | loss=0.295214
Epoch 010 | Step 300 | lr=5.782172e-04 | loss=0.267475
Epoch 010 | Step 310 | lr=5.782172e-04 | loss=0.245852
Epoch 010 | Step 320 | lr=5.782172e-04 | loss=0.261166
Epoch 010 | Step 330 | lr=5.782172e-04 | loss=0.277014
Epoch 010 | Step 340 | lr=5.782172e-04 | loss=0.243271
Epoch 010 | Step 350 | lr=5.782172e-04 | loss=0.233288
Epoch 010 | Step 360 | lr=5.782172e-04 | loss=0.246229
Epoch 010 | Step 370 | lr=5.782172e-04 | loss=0.234312
Epoch 010 | Step 380 | lr=5.782172e-04 | loss=0.241094
Epoch 010 | Step 390 | lr=5.782172e-04 | loss=0.232851
Epoch 010 | Step 400 | lr=5.782172e-04 | loss=0.238562
Epoch 010 | Step 410 | lr=5.782172e-04 | loss=0.230028
Epoch 010 | Step 420 | lr=5.782172e-04 | loss=0.260020
Epoch 010 | Step 430 | lr=5.782172e-04 | loss=0.288655
Epoch 010 | Step 440 | lr=5.782172e-04 | loss=0.238921
Epoch 010 | Step 450 | lr=5.782172e-04 | loss=0.244520
Epoch 010 | Step 460 | lr=5.782172e-04 | loss=0.253691
Epoch 010 | Step 470 | lr=5.782172e-04 | loss=0.250315
Epoch 010 | Step 480 | lr=5.782172e-04 | loss=0.295116
Epoch 010 | Step 490 | lr=5.782172e-04 | loss=0.273247
Epoch 010 | Step 500 | lr=5.782172e-04 | loss=0.251169
Epoch 010 | Step 510 | lr=5.782172e-04 | loss=0.235158
Epoch 010 | Step 520 | lr=5.782172e-04 | loss=0.249569
Epoch 010 | Step 530 | lr=5.782172e-04 | loss=0.236961
Epoch 010 | Step 540 | lr=5.782172e-04 | loss=0.250495
Epoch 010 | Step 550 | lr=5.782172e-04 | loss=0.271380
Epoch 010 | Step 560 | lr=5.782172e-04 | loss=0.247771
Epoch 010 | Step 570 | lr=5.782172e-04 | loss=0.243572
Epoch 010 | Step 580 | lr=5.782172e-04 | loss=0.244065
Epoch 010 | Step 590 | lr=5.782172e-04 | loss=0.246518
Epoch 010 | Step 600 | lr=5.782172e-04 | loss=0.260032
Epoch 010 | Step 610 | lr=5.782172e-04 | loss=0.250664
Epoch 010 | Step 620 | lr=5.782172e-04 | loss=0.243552
Epoch 010 | Step 630 | lr=5.782172e-04 | loss=0.269195
Epoch 010 | Step 640 | lr=5.782172e-04 | loss=0.247769
Epoch 010 | Step 650 | lr=5.782172e-04 | loss=0.245933
Epoch 010 | Step 660 | lr=5.782172e-04 | loss=0.245889
Epoch 010 | Step 670 | lr=5.782172e-04 | loss=0.286300
Epoch 010 | Step 680 | lr=5.782172e-04 | loss=0.251380
Epoch 010 | Step 690 | lr=5.782172e-04 | loss=0.250119
Epoch 010 | Step 700 | lr=5.782172e-04 | loss=0.242512
Epoch 010 | Step 710 | lr=5.782172e-04 | loss=0.238418
Epoch 010 | Step 720 | lr=5.782172e-04 | loss=0.242552
Epoch 010 | Step 730 | lr=5.782172e-04 | loss=0.251902
Epoch 010 | Step 740 | lr=5.782172e-04 | loss=0.244702
Epoch 010 | Step 750 | lr=5.782172e-04 | loss=0.246784
Epoch 010 | Step 760 | lr=5.782172e-04 | loss=0.270362
Epoch 010 | Step 770 | lr=5.782172e-04 | loss=0.250123
Epoch 010 | Step 780 | lr=5.782172e-04 | loss=0.262244
Epoch 010 | Step 790 | lr=5.782172e-04 | loss=0.247516
Epoch 010 | Step 800 | lr=5.782172e-04 | loss=0.258096
Epoch 010 | Step 810 | lr=5.782172e-04 | loss=0.257998
Epoch 010 | Step 820 | lr=5.782172e-04 | loss=0.276700
Epoch 010 | Step 830 | lr=5.782172e-04 | loss=0.259937
Epoch 010 | Step 840 | lr=5.782172e-04 | loss=0.241000
Epoch 010 | Step 850 | lr=5.782172e-04 | loss=0.245842
Epoch 010 | Step 860 | lr=5.782172e-04 | loss=0.281895
Epoch 010 | Step 870 | lr=5.782172e-04 | loss=0.244473
Epoch 010 | Step 880 | lr=5.782172e-04 | loss=0.246255
Epoch 010 | Step 890 | lr=5.782172e-04 | loss=0.243232
Epoch 010 | Step 900 | lr=5.782172e-04 | loss=0.237818
Epoch 010 | Step 910 | lr=5.782172e-04 | loss=0.274364
Epoch 010 | Step 920 | lr=5.782172e-04 | loss=0.258911
Epoch 010 | Step 930 | lr=5.782172e-04 | loss=0.255432
Epoch 010 | Step 940 | lr=5.782172e-04 | loss=0.266199
Epoch 010 | Step 950 | lr=5.782172e-04 | loss=0.244931
Epoch 010 | Step 960 | lr=5.782172e-04 | loss=0.231909
epoch 010 | train_kld=0.251868 | val_kld=0.236082 | val_mae=0.003466 | val_mse=0.000204 | ord_acc@10=0.3059 | recall@10=0.8146
Epoch 011 | Step 10 | lr=5.000000e-04 | loss=0.235738
Epoch 011 | Step 20 | lr=5.000000e-04 | loss=0.242885
Epoch 011 | Step 30 | lr=5.000000e-04 | loss=0.232185
Epoch 011 | Step 40 | lr=5.000000e-04 | loss=0.250604
Epoch 011 | Step 50 | lr=5.000000e-04 | loss=0.243685
Epoch 011 | Step 60 | lr=5.000000e-04 | loss=0.222223
Epoch 011 | Step 70 | lr=5.000000e-04 | loss=0.235995
Epoch 011 | Step 80 | lr=5.000000e-04 | loss=0.244996
Epoch 011 | Step 90 | lr=5.000000e-04 | loss=0.241412
Epoch 011 | Step 100 | lr=5.000000e-04 | loss=0.249920
Epoch 011 | Step 110 | lr=5.000000e-04 | loss=0.269683
Epoch 011 | Step 120 | lr=5.000000e-04 | loss=0.229353
Epoch 011 | Step 130 | lr=5.000000e-04 | loss=0.243214
Epoch 011 | Step 140 | lr=5.000000e-04 | loss=0.223044
Epoch 011 | Step 150 | lr=5.000000e-04 | loss=0.232672
Epoch 011 | Step 160 | lr=5.000000e-04 | loss=0.259676
Epoch 011 | Step 170 | lr=5.000000e-04 | loss=0.233399
Epoch 011 | Step 180 | lr=5.000000e-04 | loss=0.219809
Epoch 011 | Step 190 | lr=5.000000e-04 | loss=0.235133
Epoch 011 | Step 200 | lr=5.000000e-04 | loss=0.220464
Epoch 011 | Step 210 | lr=5.000000e-04 | loss=0.222976
Epoch 011 | Step 220 | lr=5.000000e-04 | loss=0.239903
Epoch 011 | Step 230 | lr=5.000000e-04 | loss=0.228928
Epoch 011 | Step 240 | lr=5.000000e-04 | loss=0.232109
Epoch 011 | Step 250 | lr=5.000000e-04 | loss=0.249613
Epoch 011 | Step 260 | lr=5.000000e-04 | loss=0.224186
Epoch 011 | Step 270 | lr=5.000000e-04 | loss=0.232415
Epoch 011 | Step 280 | lr=5.000000e-04 | loss=0.240761
Epoch 011 | Step 290 | lr=5.000000e-04 | loss=0.242166
Epoch 011 | Step 300 | lr=5.000000e-04 | loss=0.280867
Epoch 011 | Step 310 | lr=5.000000e-04 | loss=0.223453
Epoch 011 | Step 320 | lr=5.000000e-04 | loss=0.242176
Epoch 011 | Step 330 | lr=5.000000e-04 | loss=0.229998
Epoch 011 | Step 340 | lr=5.000000e-04 | loss=0.233143
Epoch 011 | Step 350 | lr=5.000000e-04 | loss=0.241908
Epoch 011 | Step 360 | lr=5.000000e-04 | loss=0.231601
Epoch 011 | Step 370 | lr=5.000000e-04 | loss=0.245759
Epoch 011 | Step 380 | lr=5.000000e-04 | loss=0.228035
Epoch 011 | Step 390 | lr=5.000000e-04 | loss=0.238253
Epoch 011 | Step 400 | lr=5.000000e-04 | loss=0.246748
Epoch 011 | Step 410 | lr=5.000000e-04 | loss=0.240269
Epoch 011 | Step 420 | lr=5.000000e-04 | loss=0.232696
Epoch 011 | Step 430 | lr=5.000000e-04 | loss=0.237254
Epoch 011 | Step 440 | lr=5.000000e-04 | loss=0.244125
Epoch 011 | Step 450 | lr=5.000000e-04 | loss=0.228831
Epoch 011 | Step 460 | lr=5.000000e-04 | loss=0.222372
Epoch 011 | Step 470 | lr=5.000000e-04 | loss=0.250309
Epoch 011 | Step 480 | lr=5.000000e-04 | loss=0.227983
Epoch 011 | Step 490 | lr=5.000000e-04 | loss=0.247865
Epoch 011 | Step 500 | lr=5.000000e-04 | loss=0.230796
Epoch 011 | Step 510 | lr=5.000000e-04 | loss=0.235375
Epoch 011 | Step 520 | lr=5.000000e-04 | loss=0.247471
Epoch 011 | Step 530 | lr=5.000000e-04 | loss=0.243061
Epoch 011 | Step 540 | lr=5.000000e-04 | loss=0.228879
Epoch 011 | Step 550 | lr=5.000000e-04 | loss=0.223834
Epoch 011 | Step 560 | lr=5.000000e-04 | loss=0.237277
Epoch 011 | Step 570 | lr=5.000000e-04 | loss=0.238353
Epoch 011 | Step 580 | lr=5.000000e-04 | loss=0.230121
Epoch 011 | Step 590 | lr=5.000000e-04 | loss=0.246727
Epoch 011 | Step 600 | lr=5.000000e-04 | loss=0.232318
Epoch 011 | Step 610 | lr=5.000000e-04 | loss=0.236199
Epoch 011 | Step 620 | lr=5.000000e-04 | loss=0.244321
Epoch 011 | Step 630 | lr=5.000000e-04 | loss=0.223512
Epoch 011 | Step 640 | lr=5.000000e-04 | loss=0.240955
Epoch 011 | Step 650 | lr=5.000000e-04 | loss=0.238337
Epoch 011 | Step 660 | lr=5.000000e-04 | loss=0.230046
Epoch 011 | Step 670 | lr=5.000000e-04 | loss=0.235872
Epoch 011 | Step 680 | lr=5.000000e-04 | loss=0.234177
Epoch 011 | Step 690 | lr=5.000000e-04 | loss=0.229508
Epoch 011 | Step 700 | lr=5.000000e-04 | loss=0.226822
Epoch 011 | Step 710 | lr=5.000000e-04 | loss=0.216685
Epoch 011 | Step 720 | lr=5.000000e-04 | loss=0.232899
Epoch 011 | Step 730 | lr=5.000000e-04 | loss=0.231163
Epoch 011 | Step 740 | lr=5.000000e-04 | loss=0.227437
Epoch 011 | Step 750 | lr=5.000000e-04 | loss=0.233394
Epoch 011 | Step 760 | lr=5.000000e-04 | loss=0.238641
Epoch 011 | Step 770 | lr=5.000000e-04 | loss=0.227921
Epoch 011 | Step 780 | lr=5.000000e-04 | loss=0.233946
Epoch 011 | Step 790 | lr=5.000000e-04 | loss=0.228569
Epoch 011 | Step 800 | lr=5.000000e-04 | loss=0.232476
Epoch 011 | Step 810 | lr=5.000000e-04 | loss=0.229548
Epoch 011 | Step 820 | lr=5.000000e-04 | loss=0.247051
Epoch 011 | Step 830 | lr=5.000000e-04 | loss=0.231731
Epoch 011 | Step 840 | lr=5.000000e-04 | loss=0.237245
Epoch 011 | Step 850 | lr=5.000000e-04 | loss=0.246237
Epoch 011 | Step 860 | lr=5.000000e-04 | loss=0.240998
Epoch 011 | Step 870 | lr=5.000000e-04 | loss=0.225978
Epoch 011 | Step 880 | lr=5.000000e-04 | loss=0.250461
Epoch 011 | Step 890 | lr=5.000000e-04 | loss=0.234129
Epoch 011 | Step 900 | lr=5.000000e-04 | loss=0.226348
Epoch 011 | Step 910 | lr=5.000000e-04 | loss=0.252642
Epoch 011 | Step 920 | lr=5.000000e-04 | loss=0.250045
Epoch 011 | Step 930 | lr=5.000000e-04 | loss=0.232602
Epoch 011 | Step 940 | lr=5.000000e-04 | loss=0.241491
Epoch 011 | Step 950 | lr=5.000000e-04 | loss=0.234836
Epoch 011 | Step 960 | lr=5.000000e-04 | loss=0.234315
epoch 011 | train_kld=0.235543 | val_kld=0.232109 | val_mae=0.003330 | val_mse=0.000175 | ord_acc@10=0.3087 | recall@10=0.8175
Epoch 012 | Step 10 | lr=4.217828e-04 | loss=0.235570
Epoch 012 | Step 20 | lr=4.217828e-04 | loss=0.231564
Epoch 012 | Step 30 | lr=4.217828e-04 | loss=0.228269
Epoch 012 | Step 40 | lr=4.217828e-04 | loss=0.222847
Epoch 012 | Step 50 | lr=4.217828e-04 | loss=0.228368
Epoch 012 | Step 60 | lr=4.217828e-04 | loss=0.232607
Epoch 012 | Step 70 | lr=4.217828e-04 | loss=0.230739
Epoch 012 | Step 80 | lr=4.217828e-04 | loss=0.231065
Epoch 012 | Step 90 | lr=4.217828e-04 | loss=0.224658
Epoch 012 | Step 100 | lr=4.217828e-04 | loss=0.238623
Epoch 012 | Step 110 | lr=4.217828e-04 | loss=0.225058
Epoch 012 | Step 120 | lr=4.217828e-04 | loss=0.230629
Epoch 012 | Step 130 | lr=4.217828e-04 | loss=0.241689
Epoch 012 | Step 140 | lr=4.217828e-04 | loss=0.224774
Epoch 012 | Step 150 | lr=4.217828e-04 | loss=0.231140
Epoch 012 | Step 160 | lr=4.217828e-04 | loss=0.220432
Epoch 012 | Step 170 | lr=4.217828e-04 | loss=0.210720
Epoch 012 | Step 180 | lr=4.217828e-04 | loss=0.246710
Epoch 012 | Step 190 | lr=4.217828e-04 | loss=0.230406
Epoch 012 | Step 200 | lr=4.217828e-04 | loss=0.227092
Epoch 012 | Step 210 | lr=4.217828e-04 | loss=0.216433
Epoch 012 | Step 220 | lr=4.217828e-04 | loss=0.220247
Epoch 012 | Step 230 | lr=4.217828e-04 | loss=0.226048
Epoch 012 | Step 240 | lr=4.217828e-04 | loss=0.241046
Epoch 012 | Step 250 | lr=4.217828e-04 | loss=0.241273
Epoch 012 | Step 260 | lr=4.217828e-04 | loss=0.232216
Epoch 012 | Step 270 | lr=4.217828e-04 | loss=0.217747
Epoch 012 | Step 280 | lr=4.217828e-04 | loss=0.224925
Epoch 012 | Step 290 | lr=4.217828e-04 | loss=0.233203
Epoch 012 | Step 300 | lr=4.217828e-04 | loss=0.218680
Epoch 012 | Step 310 | lr=4.217828e-04 | loss=0.231762
Epoch 012 | Step 320 | lr=4.217828e-04 | loss=0.233738
Epoch 012 | Step 330 | lr=4.217828e-04 | loss=0.223892
Epoch 012 | Step 340 | lr=4.217828e-04 | loss=0.229111
Epoch 012 | Step 350 | lr=4.217828e-04 | loss=0.234779
Epoch 012 | Step 360 | lr=4.217828e-04 | loss=0.222819
Epoch 012 | Step 370 | lr=4.217828e-04 | loss=0.240598
Epoch 012 | Step 380 | lr=4.217828e-04 | loss=0.220525
Epoch 012 | Step 390 | lr=4.217828e-04 | loss=0.242509
Epoch 012 | Step 400 | lr=4.217828e-04 | loss=0.218289
Epoch 012 | Step 410 | lr=4.217828e-04 | loss=0.244096
Epoch 012 | Step 420 | lr=4.217828e-04 | loss=0.225193
Epoch 012 | Step 430 | lr=4.217828e-04 | loss=0.229745
Epoch 012 | Step 440 | lr=4.217828e-04 | loss=0.238307
Epoch 012 | Step 450 | lr=4.217828e-04 | loss=0.227268
Epoch 012 | Step 460 | lr=4.217828e-04 | loss=0.211065
Epoch 012 | Step 470 | lr=4.217828e-04 | loss=0.219863
Epoch 012 | Step 480 | lr=4.217828e-04 | loss=0.240554
Epoch 012 | Step 490 | lr=4.217828e-04 | loss=0.226936
Epoch 012 | Step 500 | lr=4.217828e-04 | loss=0.243149
Epoch 012 | Step 510 | lr=4.217828e-04 | loss=0.226930
Epoch 012 | Step 520 | lr=4.217828e-04 | loss=0.225758
Epoch 012 | Step 530 | lr=4.217828e-04 | loss=0.225068
Epoch 012 | Step 540 | lr=4.217828e-04 | loss=0.227511
Epoch 012 | Step 550 | lr=4.217828e-04 | loss=0.242410
Epoch 012 | Step 560 | lr=4.217828e-04 | loss=0.227809
Epoch 012 | Step 570 | lr=4.217828e-04 | loss=0.210850
Epoch 012 | Step 580 | lr=4.217828e-04 | loss=0.227725
Epoch 012 | Step 590 | lr=4.217828e-04 | loss=0.232000
Epoch 012 | Step 600 | lr=4.217828e-04 | loss=0.227769
Epoch 012 | Step 610 | lr=4.217828e-04 | loss=0.225058
Epoch 012 | Step 620 | lr=4.217828e-04 | loss=0.222561
Epoch 012 | Step 630 | lr=4.217828e-04 | loss=0.234769
Epoch 012 | Step 640 | lr=4.217828e-04 | loss=0.236068
Epoch 012 | Step 650 | lr=4.217828e-04 | loss=0.237839
Epoch 012 | Step 660 | lr=4.217828e-04 | loss=0.219644
Epoch 012 | Step 670 | lr=4.217828e-04 | loss=0.222485
Epoch 012 | Step 680 | lr=4.217828e-04 | loss=0.233024
Epoch 012 | Step 690 | lr=4.217828e-04 | loss=0.232902
Epoch 012 | Step 700 | lr=4.217828e-04 | loss=0.221478
Epoch 012 | Step 710 | lr=4.217828e-04 | loss=0.226098
Epoch 012 | Step 720 | lr=4.217828e-04 | loss=0.235284
Epoch 012 | Step 730 | lr=4.217828e-04 | loss=0.220176
Epoch 012 | Step 740 | lr=4.217828e-04 | loss=0.246428
Epoch 012 | Step 750 | lr=4.217828e-04 | loss=0.239596
Epoch 012 | Step 760 | lr=4.217828e-04 | loss=0.226208
Epoch 012 | Step 770 | lr=4.217828e-04 | loss=0.233243
Epoch 012 | Step 780 | lr=4.217828e-04 | loss=0.235039
Epoch 012 | Step 790 | lr=4.217828e-04 | loss=0.233374
Epoch 012 | Step 800 | lr=4.217828e-04 | loss=0.227237
Epoch 012 | Step 810 | lr=4.217828e-04 | loss=0.219700
Epoch 012 | Step 820 | lr=4.217828e-04 | loss=0.238305
Epoch 012 | Step 830 | lr=4.217828e-04 | loss=0.239632
Epoch 012 | Step 840 | lr=4.217828e-04 | loss=0.223311
Epoch 012 | Step 850 | lr=4.217828e-04 | loss=0.226406
Epoch 012 | Step 860 | lr=4.217828e-04 | loss=0.223180
Epoch 012 | Step 870 | lr=4.217828e-04 | loss=0.224243
Epoch 012 | Step 880 | lr=4.217828e-04 | loss=0.229680
Epoch 012 | Step 890 | lr=4.217828e-04 | loss=0.229028
Epoch 012 | Step 900 | lr=4.217828e-04 | loss=0.233533
Epoch 012 | Step 910 | lr=4.217828e-04 | loss=0.224137
Epoch 012 | Step 920 | lr=4.217828e-04 | loss=0.223589
Epoch 012 | Step 930 | lr=4.217828e-04 | loss=0.220097
Epoch 012 | Step 940 | lr=4.217828e-04 | loss=0.227065
Epoch 012 | Step 950 | lr=4.217828e-04 | loss=0.222967
Epoch 012 | Step 960 | lr=4.217828e-04 | loss=0.239247
epoch 012 | train_kld=0.228350 | val_kld=0.227394 | val_mae=0.003416 | val_mse=0.000187 | ord_acc@10=0.3107 | recall@10=0.8206
Epoch 013 | Step 10 | lr=3.454915e-04 | loss=0.230389
Epoch 013 | Step 20 | lr=3.454915e-04 | loss=0.222645
Epoch 013 | Step 30 | lr=3.454915e-04 | loss=0.213855
Epoch 013 | Step 40 | lr=3.454915e-04 | loss=0.218662
Epoch 013 | Step 50 | lr=3.454915e-04 | loss=0.227691
Epoch 013 | Step 60 | lr=3.454915e-04 | loss=0.219485
Epoch 013 | Step 70 | lr=3.454915e-04 | loss=0.223330
Epoch 013 | Step 80 | lr=3.454915e-04 | loss=0.221024
Epoch 013 | Step 90 | lr=3.454915e-04 | loss=0.230132
Epoch 013 | Step 100 | lr=3.454915e-04 | loss=0.213933
Epoch 013 | Step 110 | lr=3.454915e-04 | loss=0.216163
Epoch 013 | Step 120 | lr=3.454915e-04 | loss=0.215300
Epoch 013 | Step 130 | lr=3.454915e-04 | loss=0.222730
Epoch 013 | Step 140 | lr=3.454915e-04 | loss=0.229169
Epoch 013 | Step 150 | lr=3.454915e-04 | loss=0.225136
Epoch 013 | Step 160 | lr=3.454915e-04 | loss=0.229646
Epoch 013 | Step 170 | lr=3.454915e-04 | loss=0.222222
Epoch 013 | Step 180 | lr=3.454915e-04 | loss=0.229692
Epoch 013 | Step 190 | lr=3.454915e-04 | loss=0.219945
Epoch 013 | Step 200 | lr=3.454915e-04 | loss=0.231850
Epoch 013 | Step 210 | lr=3.454915e-04 | loss=0.230170
Epoch 013 | Step 220 | lr=3.454915e-04 | loss=0.237395
Epoch 013 | Step 230 | lr=3.454915e-04 | loss=0.227433
Epoch 013 | Step 240 | lr=3.454915e-04 | loss=0.213168
Epoch 013 | Step 250 | lr=3.454915e-04 | loss=0.219275
Epoch 013 | Step 260 | lr=3.454915e-04 | loss=0.220445
Epoch 013 | Step 270 | lr=3.454915e-04 | loss=0.215519
Epoch 013 | Step 280 | lr=3.454915e-04 | loss=0.214783
Epoch 013 | Step 290 | lr=3.454915e-04 | loss=0.216545
Epoch 013 | Step 300 | lr=3.454915e-04 | loss=0.211721
Epoch 013 | Step 310 | lr=3.454915e-04 | loss=0.213664
Epoch 013 | Step 320 | lr=3.454915e-04 | loss=0.231975
Epoch 013 | Step 330 | lr=3.454915e-04 | loss=0.216225
Epoch 013 | Step 340 | lr=3.454915e-04 | loss=0.229686
Epoch 013 | Step 350 | lr=3.454915e-04 | loss=0.221635
Epoch 013 | Step 360 | lr=3.454915e-04 | loss=0.221496
Epoch 013 | Step 370 | lr=3.454915e-04 | loss=0.211066
Epoch 013 | Step 380 | lr=3.454915e-04 | loss=0.226266
Epoch 013 | Step 390 | lr=3.454915e-04 | loss=0.231774
Epoch 013 | Step 400 | lr=3.454915e-04 | loss=0.223360
Epoch 013 | Step 410 | lr=3.454915e-04 | loss=0.224778
Epoch 013 | Step 420 | lr=3.454915e-04 | loss=0.222226
Epoch 013 | Step 430 | lr=3.454915e-04 | loss=0.221924
Epoch 013 | Step 440 | lr=3.454915e-04 | loss=0.211788
Epoch 013 | Step 450 | lr=3.454915e-04 | loss=0.211284
Epoch 013 | Step 460 | lr=3.454915e-04 | loss=0.231908
Epoch 013 | Step 470 | lr=3.454915e-04 | loss=0.222951
Epoch 013 | Step 480 | lr=3.454915e-04 | loss=0.220297
Epoch 013 | Step 490 | lr=3.454915e-04 | loss=0.213782
Epoch 013 | Step 500 | lr=3.454915e-04 | loss=0.225618
Epoch 013 | Step 510 | lr=3.454915e-04 | loss=0.225732
Epoch 013 | Step 520 | lr=3.454915e-04 | loss=0.223344
Epoch 013 | Step 530 | lr=3.454915e-04 | loss=0.222401
Epoch 013 | Step 540 | lr=3.454915e-04 | loss=0.221213
Epoch 013 | Step 550 | lr=3.454915e-04 | loss=0.229633
Epoch 013 | Step 560 | lr=3.454915e-04 | loss=0.215565
Epoch 013 | Step 570 | lr=3.454915e-04 | loss=0.231401
Epoch 013 | Step 580 | lr=3.454915e-04 | loss=0.225626
Epoch 013 | Step 590 | lr=3.454915e-04 | loss=0.230457
Epoch 013 | Step 600 | lr=3.454915e-04 | loss=0.226092
Epoch 013 | Step 610 | lr=3.454915e-04 | loss=0.248709
Epoch 013 | Step 620 | lr=3.454915e-04 | loss=0.219603
Epoch 013 | Step 630 | lr=3.454915e-04 | loss=0.209045
Epoch 013 | Step 640 | lr=3.454915e-04 | loss=0.222423
Epoch 013 | Step 650 | lr=3.454915e-04 | loss=0.228123
Epoch 013 | Step 660 | lr=3.454915e-04 | loss=0.236289
Epoch 013 | Step 670 | lr=3.454915e-04 | loss=0.231351
Epoch 013 | Step 680 | lr=3.454915e-04 | loss=0.226898
Epoch 013 | Step 690 | lr=3.454915e-04 | loss=0.218687
Epoch 013 | Step 700 | lr=3.454915e-04 | loss=0.220545
Epoch 013 | Step 710 | lr=3.454915e-04 | loss=0.220723
Epoch 013 | Step 720 | lr=3.454915e-04 | loss=0.218174
Epoch 013 | Step 730 | lr=3.454915e-04 | loss=0.221376
Epoch 013 | Step 740 | lr=3.454915e-04 | loss=0.231028
Epoch 013 | Step 750 | lr=3.454915e-04 | loss=0.227434
Epoch 013 | Step 760 | lr=3.454915e-04 | loss=0.233114
Epoch 013 | Step 770 | lr=3.454915e-04 | loss=0.209632
Epoch 013 | Step 780 | lr=3.454915e-04 | loss=0.226991
Epoch 013 | Step 790 | lr=3.454915e-04 | loss=0.230691
Epoch 013 | Step 800 | lr=3.454915e-04 | loss=0.223214
Epoch 013 | Step 810 | lr=3.454915e-04 | loss=0.217803
Epoch 013 | Step 820 | lr=3.454915e-04 | loss=0.234043
Epoch 013 | Step 830 | lr=3.454915e-04 | loss=0.228191
Epoch 013 | Step 840 | lr=3.454915e-04 | loss=0.227546
Epoch 013 | Step 850 | lr=3.454915e-04 | loss=0.211356
Epoch 013 | Step 860 | lr=3.454915e-04 | loss=0.240732
Epoch 013 | Step 870 | lr=3.454915e-04 | loss=0.233933
Epoch 013 | Step 880 | lr=3.454915e-04 | loss=0.217160
Epoch 013 | Step 890 | lr=3.454915e-04 | loss=0.212248
Epoch 013 | Step 900 | lr=3.454915e-04 | loss=0.209148
Epoch 013 | Step 910 | lr=3.454915e-04 | loss=0.228075
Epoch 013 | Step 920 | lr=3.454915e-04 | loss=0.234314
Epoch 013 | Step 930 | lr=3.454915e-04 | loss=0.223965
Epoch 013 | Step 940 | lr=3.454915e-04 | loss=0.214256
Epoch 013 | Step 950 | lr=3.454915e-04 | loss=0.218438
Epoch 013 | Step 960 | lr=3.454915e-04 | loss=0.216420
epoch 013 | train_kld=0.223399 | val_kld=0.224873 | val_mae=0.003244 | val_mse=0.000164 | ord_acc@10=0.3118 | recall@10=0.8174
Epoch 014 | Step 10 | lr=2.730048e-04 | loss=0.219788
Epoch 014 | Step 20 | lr=2.730048e-04 | loss=0.213140
Epoch 014 | Step 30 | lr=2.730048e-04 | loss=0.218843
Epoch 014 | Step 40 | lr=2.730048e-04 | loss=0.203162
Epoch 014 | Step 50 | lr=2.730048e-04 | loss=0.218253
Epoch 014 | Step 60 | lr=2.730048e-04 | loss=0.211750
Epoch 014 | Step 70 | lr=2.730048e-04 | loss=0.225731
Epoch 014 | Step 80 | lr=2.730048e-04 | loss=0.215753
Epoch 014 | Step 90 | lr=2.730048e-04 | loss=0.231126
Epoch 014 | Step 100 | lr=2.730048e-04 | loss=0.225531
Epoch 014 | Step 110 | lr=2.730048e-04 | loss=0.209157
Epoch 014 | Step 120 | lr=2.730048e-04 | loss=0.219828
Epoch 014 | Step 130 | lr=2.730048e-04 | loss=0.220547
Epoch 014 | Step 140 | lr=2.730048e-04 | loss=0.205018
Epoch 014 | Step 150 | lr=2.730048e-04 | loss=0.211791
Epoch 014 | Step 160 | lr=2.730048e-04 | loss=0.236199
Epoch 014 | Step 170 | lr=2.730048e-04 | loss=0.212019
Epoch 014 | Step 180 | lr=2.730048e-04 | loss=0.221178
Epoch 014 | Step 190 | lr=2.730048e-04 | loss=0.213368
Epoch 014 | Step 200 | lr=2.730048e-04 | loss=0.213365
Epoch 014 | Step 210 | lr=2.730048e-04 | loss=0.222824
Epoch 014 | Step 220 | lr=2.730048e-04 | loss=0.216361
Epoch 014 | Step 230 | lr=2.730048e-04 | loss=0.225575
Epoch 014 | Step 240 | lr=2.730048e-04 | loss=0.216666
Epoch 014 | Step 250 | lr=2.730048e-04 | loss=0.213451
Epoch 014 | Step 260 | lr=2.730048e-04 | loss=0.216824
Epoch 014 | Step 270 | lr=2.730048e-04 | loss=0.209875
Epoch 014 | Step 280 | lr=2.730048e-04 | loss=0.206771
Epoch 014 | Step 290 | lr=2.730048e-04 | loss=0.217202
Epoch 014 | Step 300 | lr=2.730048e-04 | loss=0.217014
Epoch 014 | Step 310 | lr=2.730048e-04 | loss=0.211977
Epoch 014 | Step 320 | lr=2.730048e-04 | loss=0.220318
Epoch 014 | Step 330 | lr=2.730048e-04 | loss=0.216608
Epoch 014 | Step 340 | lr=2.730048e-04 | loss=0.220340
Epoch 014 | Step 350 | lr=2.730048e-04 | loss=0.230513
Epoch 014 | Step 360 | lr=2.730048e-04 | loss=0.220412
Epoch 014 | Step 370 | lr=2.730048e-04 | loss=0.213369
Epoch 014 | Step 380 | lr=2.730048e-04 | loss=0.217683
Epoch 014 | Step 390 | lr=2.730048e-04 | loss=0.214728
Epoch 014 | Step 400 | lr=2.730048e-04 | loss=0.208800
Epoch 014 | Step 410 | lr=2.730048e-04 | loss=0.216628
Epoch 014 | Step 420 | lr=2.730048e-04 | loss=0.223320
Epoch 014 | Step 430 | lr=2.730048e-04 | loss=0.231011
Epoch 014 | Step 440 | lr=2.730048e-04 | loss=0.221346
Epoch 014 | Step 450 | lr=2.730048e-04 | loss=0.226277
Epoch 014 | Step 460 | lr=2.730048e-04 | loss=0.226265
Epoch 014 | Step 470 | lr=2.730048e-04 | loss=0.214056
Epoch 014 | Step 480 | lr=2.730048e-04 | loss=0.222103
Epoch 014 | Step 490 | lr=2.730048e-04 | loss=0.228314
Epoch 014 | Step 500 | lr=2.730048e-04 | loss=0.235742
Epoch 014 | Step 510 | lr=2.730048e-04 | loss=0.225172
Epoch 014 | Step 520 | lr=2.730048e-04 | loss=0.228515
Epoch 014 | Step 530 | lr=2.730048e-04 | loss=0.219792
Epoch 014 | Step 540 | lr=2.730048e-04 | loss=0.240892
Epoch 014 | Step 550 | lr=2.730048e-04 | loss=0.208666
Epoch 014 | Step 560 | lr=2.730048e-04 | loss=0.227471
Epoch 014 | Step 570 | lr=2.730048e-04 | loss=0.233484
Epoch 014 | Step 580 | lr=2.730048e-04 | loss=0.221164
Epoch 014 | Step 590 | lr=2.730048e-04 | loss=0.231645
Epoch 014 | Step 600 | lr=2.730048e-04 | loss=0.224810
Epoch 014 | Step 610 | lr=2.730048e-04 | loss=0.226606
Epoch 014 | Step 620 | lr=2.730048e-04 | loss=0.229369
Epoch 014 | Step 630 | lr=2.730048e-04 | loss=0.229306
Epoch 014 | Step 640 | lr=2.730048e-04 | loss=0.225188
Epoch 014 | Step 650 | lr=2.730048e-04 | loss=0.223412
Epoch 014 | Step 660 | lr=2.730048e-04 | loss=0.224781
Epoch 014 | Step 670 | lr=2.730048e-04 | loss=0.218365
Epoch 014 | Step 680 | lr=2.730048e-04 | loss=0.213252
Epoch 014 | Step 690 | lr=2.730048e-04 | loss=0.215890
Epoch 014 | Step 700 | lr=2.730048e-04 | loss=0.203262
Epoch 014 | Step 710 | lr=2.730048e-04 | loss=0.225048
Epoch 014 | Step 720 | lr=2.730048e-04 | loss=0.243715
Epoch 014 | Step 730 | lr=2.730048e-04 | loss=0.221132
Epoch 014 | Step 740 | lr=2.730048e-04 | loss=0.220977
Epoch 014 | Step 750 | lr=2.730048e-04 | loss=0.215910
Epoch 014 | Step 760 | lr=2.730048e-04 | loss=0.212772
Epoch 014 | Step 770 | lr=2.730048e-04 | loss=0.203442
Epoch 014 | Step 780 | lr=2.730048e-04 | loss=0.225070
Epoch 014 | Step 790 | lr=2.730048e-04 | loss=0.218449
Epoch 014 | Step 800 | lr=2.730048e-04 | loss=0.231515
Epoch 014 | Step 810 | lr=2.730048e-04 | loss=0.228014
Epoch 014 | Step 820 | lr=2.730048e-04 | loss=0.223458
Epoch 014 | Step 830 | lr=2.730048e-04 | loss=0.226840
Epoch 014 | Step 840 | lr=2.730048e-04 | loss=0.208927
Epoch 014 | Step 850 | lr=2.730048e-04 | loss=0.220397
Epoch 014 | Step 860 | lr=2.730048e-04 | loss=0.226280
Epoch 014 | Step 870 | lr=2.730048e-04 | loss=0.221679
Epoch 014 | Step 880 | lr=2.730048e-04 | loss=0.222299
Epoch 014 | Step 890 | lr=2.730048e-04 | loss=0.200926
Epoch 014 | Step 900 | lr=2.730048e-04 | loss=0.218013
Epoch 014 | Step 910 | lr=2.730048e-04 | loss=0.217020
Epoch 014 | Step 920 | lr=2.730048e-04 | loss=0.230631
Epoch 014 | Step 930 | lr=2.730048e-04 | loss=0.219957
Epoch 014 | Step 940 | lr=2.730048e-04 | loss=0.218285
Epoch 014 | Step 950 | lr=2.730048e-04 | loss=0.225465
Epoch 014 | Step 960 | lr=2.730048e-04 | loss=0.218688
epoch 014 | train_kld=0.218671 | val_kld=0.222771 | val_mae=0.003251 | val_mse=0.000164 | ord_acc@10=0.3158 | recall@10=0.8201
Epoch 015 | Step 10 | lr=2.061074e-04 | loss=0.209850
Epoch 015 | Step 20 | lr=2.061074e-04 | loss=0.214793
Epoch 015 | Step 30 | lr=2.061074e-04 | loss=0.207115
Epoch 015 | Step 40 | lr=2.061074e-04 | loss=0.218120
Epoch 015 | Step 50 | lr=2.061074e-04 | loss=0.216014
Epoch 015 | Step 60 | lr=2.061074e-04 | loss=0.205379
Epoch 015 | Step 70 | lr=2.061074e-04 | loss=0.205522
Epoch 015 | Step 80 | lr=2.061074e-04 | loss=0.226528
Epoch 015 | Step 90 | lr=2.061074e-04 | loss=0.215928
Epoch 015 | Step 100 | lr=2.061074e-04 | loss=0.213924
Epoch 015 | Step 110 | lr=2.061074e-04 | loss=0.203237
Epoch 015 | Step 120 | lr=2.061074e-04 | loss=0.230965
Epoch 015 | Step 130 | lr=2.061074e-04 | loss=0.199101
Epoch 015 | Step 140 | lr=2.061074e-04 | loss=0.211534
Epoch 015 | Step 150 | lr=2.061074e-04 | loss=0.217110
Epoch 015 | Step 160 | lr=2.061074e-04 | loss=0.219829
Epoch 015 | Step 170 | lr=2.061074e-04 | loss=0.207776
Epoch 015 | Step 180 | lr=2.061074e-04 | loss=0.205607
Epoch 015 | Step 190 | lr=2.061074e-04 | loss=0.211267
Epoch 015 | Step 200 | lr=2.061074e-04 | loss=0.218751
Epoch 015 | Step 210 | lr=2.061074e-04 | loss=0.199817
Epoch 015 | Step 220 | lr=2.061074e-04 | loss=0.223423
Epoch 015 | Step 230 | lr=2.061074e-04 | loss=0.218822
Epoch 015 | Step 240 | lr=2.061074e-04 | loss=0.205147
Epoch 015 | Step 250 | lr=2.061074e-04 | loss=0.215011
Epoch 015 | Step 260 | lr=2.061074e-04 | loss=0.214264
Epoch 015 | Step 270 | lr=2.061074e-04 | loss=0.225923
Epoch 015 | Step 280 | lr=2.061074e-04 | loss=0.219138
Epoch 015 | Step 290 | lr=2.061074e-04 | loss=0.206903
Epoch 015 | Step 300 | lr=2.061074e-04 | loss=0.211246
Epoch 015 | Step 310 | lr=2.061074e-04 | loss=0.213101
Epoch 015 | Step 320 | lr=2.061074e-04 | loss=0.218129
Epoch 015 | Step 330 | lr=2.061074e-04 | loss=0.209182
Epoch 015 | Step 340 | lr=2.061074e-04 | loss=0.214933
Epoch 015 | Step 350 | lr=2.061074e-04 | loss=0.202974
Epoch 015 | Step 360 | lr=2.061074e-04 | loss=0.209378
Epoch 015 | Step 370 | lr=2.061074e-04 | loss=0.206925
Epoch 015 | Step 380 | lr=2.061074e-04 | loss=0.223377
Epoch 015 | Step 390 | lr=2.061074e-04 | loss=0.222860
Epoch 015 | Step 400 | lr=2.061074e-04 | loss=0.219229
Epoch 015 | Step 410 | lr=2.061074e-04 | loss=0.217510
Epoch 015 | Step 420 | lr=2.061074e-04 | loss=0.205029
Epoch 015 | Step 430 | lr=2.061074e-04 | loss=0.228158
Epoch 015 | Step 440 | lr=2.061074e-04 | loss=0.211038
Epoch 015 | Step 450 | lr=2.061074e-04 | loss=0.212144
Epoch 015 | Step 460 | lr=2.061074e-04 | loss=0.219110
Epoch 015 | Step 470 | lr=2.061074e-04 | loss=0.220861
Epoch 015 | Step 480 | lr=2.061074e-04 | loss=0.201917
Epoch 015 | Step 490 | lr=2.061074e-04 | loss=0.206234
Epoch 015 | Step 500 | lr=2.061074e-04 | loss=0.220132
Epoch 015 | Step 510 | lr=2.061074e-04 | loss=0.208827
Epoch 015 | Step 520 | lr=2.061074e-04 | loss=0.220066
Epoch 015 | Step 530 | lr=2.061074e-04 | loss=0.199107
Epoch 015 | Step 540 | lr=2.061074e-04 | loss=0.216826
Epoch 015 | Step 550 | lr=2.061074e-04 | loss=0.221253
Epoch 015 | Step 560 | lr=2.061074e-04 | loss=0.215714
Epoch 015 | Step 570 | lr=2.061074e-04 | loss=0.202505
Epoch 015 | Step 580 | lr=2.061074e-04 | loss=0.208158
Epoch 015 | Step 590 | lr=2.061074e-04 | loss=0.204043
Epoch 015 | Step 600 | lr=2.061074e-04 | loss=0.225128
Epoch 015 | Step 610 | lr=2.061074e-04 | loss=0.207124
Epoch 015 | Step 620 | lr=2.061074e-04 | loss=0.206065
Epoch 015 | Step 630 | lr=2.061074e-04 | loss=0.211612
Epoch 015 | Step 640 | lr=2.061074e-04 | loss=0.214244
Epoch 015 | Step 650 | lr=2.061074e-04 | loss=0.210416
Epoch 015 | Step 660 | lr=2.061074e-04 | loss=0.210239
Epoch 015 | Step 670 | lr=2.061074e-04 | loss=0.219497
Epoch 015 | Step 680 | lr=2.061074e-04 | loss=0.217304
Epoch 015 | Step 690 | lr=2.061074e-04 | loss=0.227222
Epoch 015 | Step 700 | lr=2.061074e-04 | loss=0.227257
Epoch 015 | Step 710 | lr=2.061074e-04 | loss=0.215883
Epoch 015 | Step 720 | lr=2.061074e-04 | loss=0.226118
Epoch 015 | Step 730 | lr=2.061074e-04 | loss=0.224966
Epoch 015 | Step 740 | lr=2.061074e-04 | loss=0.220526
Epoch 015 | Step 750 | lr=2.061074e-04 | loss=0.215109
Epoch 015 | Step 760 | lr=2.061074e-04 | loss=0.216549
Epoch 015 | Step 770 | lr=2.061074e-04 | loss=0.228570
Epoch 015 | Step 780 | lr=2.061074e-04 | loss=0.213684
Epoch 015 | Step 790 | lr=2.061074e-04 | loss=0.219287
Epoch 015 | Step 800 | lr=2.061074e-04 | loss=0.213298
Epoch 015 | Step 810 | lr=2.061074e-04 | loss=0.204577
Epoch 015 | Step 820 | lr=2.061074e-04 | loss=0.223696
Epoch 015 | Step 830 | lr=2.061074e-04 | loss=0.206918
Epoch 015 | Step 840 | lr=2.061074e-04 | loss=0.223717
Epoch 015 | Step 850 | lr=2.061074e-04 | loss=0.214962
Epoch 015 | Step 860 | lr=2.061074e-04 | loss=0.199941
Epoch 015 | Step 870 | lr=2.061074e-04 | loss=0.216873
Epoch 015 | Step 880 | lr=2.061074e-04 | loss=0.213651
Epoch 015 | Step 890 | lr=2.061074e-04 | loss=0.214154
Epoch 015 | Step 900 | lr=2.061074e-04 | loss=0.222339
Epoch 015 | Step 910 | lr=2.061074e-04 | loss=0.223233
Epoch 015 | Step 920 | lr=2.061074e-04 | loss=0.216808
Epoch 015 | Step 930 | lr=2.061074e-04 | loss=0.220532
Epoch 015 | Step 940 | lr=2.061074e-04 | loss=0.217775
Epoch 015 | Step 950 | lr=2.061074e-04 | loss=0.211923
Epoch 015 | Step 960 | lr=2.061074e-04 | loss=0.204783
epoch 015 | train_kld=0.214174 | val_kld=0.221798 | val_mae=0.003154 | val_mse=0.000150 | ord_acc@10=0.3148 | recall@10=0.8181
Epoch 016 | Step 10 | lr=1.464466e-04 | loss=0.213767
Epoch 016 | Step 20 | lr=1.464466e-04 | loss=0.218753
Epoch 016 | Step 30 | lr=1.464466e-04 | loss=0.212668
Epoch 016 | Step 40 | lr=1.464466e-04 | loss=0.204051
Epoch 016 | Step 50 | lr=1.464466e-04 | loss=0.211870
Epoch 016 | Step 60 | lr=1.464466e-04 | loss=0.208575
Epoch 016 | Step 70 | lr=1.464466e-04 | loss=0.208405
Epoch 016 | Step 80 | lr=1.464466e-04 | loss=0.205101
Epoch 016 | Step 90 | lr=1.464466e-04 | loss=0.214428
Epoch 016 | Step 100 | lr=1.464466e-04 | loss=0.214916
Epoch 016 | Step 110 | lr=1.464466e-04 | loss=0.217486
Epoch 016 | Step 120 | lr=1.464466e-04 | loss=0.216488
Epoch 016 | Step 130 | lr=1.464466e-04 | loss=0.214153
Epoch 016 | Step 140 | lr=1.464466e-04 | loss=0.214736
Epoch 016 | Step 150 | lr=1.464466e-04 | loss=0.217710
Epoch 016 | Step 160 | lr=1.464466e-04 | loss=0.222702
Epoch 016 | Step 170 | lr=1.464466e-04 | loss=0.211543
Epoch 016 | Step 180 | lr=1.464466e-04 | loss=0.210800
Epoch 016 | Step 190 | lr=1.464466e-04 | loss=0.205614
Epoch 016 | Step 200 | lr=1.464466e-04 | loss=0.219440
Epoch 016 | Step 210 | lr=1.464466e-04 | loss=0.214802
Epoch 016 | Step 220 | lr=1.464466e-04 | loss=0.209058
Epoch 016 | Step 230 | lr=1.464466e-04 | loss=0.206388
Epoch 016 | Step 240 | lr=1.464466e-04 | loss=0.201837
Epoch 016 | Step 250 | lr=1.464466e-04 | loss=0.217997
Epoch 016 | Step 260 | lr=1.464466e-04 | loss=0.219991
Epoch 016 | Step 270 | lr=1.464466e-04 | loss=0.205138
Epoch 016 | Step 280 | lr=1.464466e-04 | loss=0.203328
Epoch 016 | Step 290 | lr=1.464466e-04 | loss=0.205263
Epoch 016 | Step 300 | lr=1.464466e-04 | loss=0.208201
Epoch 016 | Step 310 | lr=1.464466e-04 | loss=0.204590
Epoch 016 | Step 320 | lr=1.464466e-04 | loss=0.208299
Epoch 016 | Step 330 | lr=1.464466e-04 | loss=0.207323
Epoch 016 | Step 340 | lr=1.464466e-04 | loss=0.213350
Epoch 016 | Step 350 | lr=1.464466e-04 | loss=0.207912
Epoch 016 | Step 360 | lr=1.464466e-04 | loss=0.205522
Epoch 016 | Step 370 | lr=1.464466e-04 | loss=0.208796
Epoch 016 | Step 380 | lr=1.464466e-04 | loss=0.217826
Epoch 016 | Step 390 | lr=1.464466e-04 | loss=0.196174
Epoch 016 | Step 400 | lr=1.464466e-04 | loss=0.205111
Epoch 016 | Step 410 | lr=1.464466e-04 | loss=0.191084
Epoch 016 | Step 420 | lr=1.464466e-04 | loss=0.216082
Epoch 016 | Step 430 | lr=1.464466e-04 | loss=0.200504
Epoch 016 | Step 440 | lr=1.464466e-04 | loss=0.209836
Epoch 016 | Step 450 | lr=1.464466e-04 | loss=0.198179
Epoch 016 | Step 460 | lr=1.464466e-04 | loss=0.210092
Epoch 016 | Step 470 | lr=1.464466e-04 | loss=0.216268
Epoch 016 | Step 480 | lr=1.464466e-04 | loss=0.216221
Epoch 016 | Step 490 | lr=1.464466e-04 | loss=0.206866
Epoch 016 | Step 500 | lr=1.464466e-04 | loss=0.212802
Epoch 016 | Step 510 | lr=1.464466e-04 | loss=0.202249
Epoch 016 | Step 520 | lr=1.464466e-04 | loss=0.197851
Epoch 016 | Step 530 | lr=1.464466e-04 | loss=0.212891
Epoch 016 | Step 540 | lr=1.464466e-04 | loss=0.211176
Epoch 016 | Step 550 | lr=1.464466e-04 | loss=0.199088
Epoch 016 | Step 560 | lr=1.464466e-04 | loss=0.212034
Epoch 016 | Step 570 | lr=1.464466e-04 | loss=0.205028
Epoch 016 | Step 580 | lr=1.464466e-04 | loss=0.212186
Epoch 016 | Step 590 | lr=1.464466e-04 | loss=0.206289
Epoch 016 | Step 600 | lr=1.464466e-04 | loss=0.199189
Epoch 016 | Step 610 | lr=1.464466e-04 | loss=0.206743
Epoch 016 | Step 620 | lr=1.464466e-04 | loss=0.210738
Epoch 016 | Step 630 | lr=1.464466e-04 | loss=0.201497
Epoch 016 | Step 640 | lr=1.464466e-04 | loss=0.203278
Epoch 016 | Step 650 | lr=1.464466e-04 | loss=0.203881
Epoch 016 | Step 660 | lr=1.464466e-04 | loss=0.214967
Epoch 016 | Step 670 | lr=1.464466e-04 | loss=0.200677
Epoch 016 | Step 680 | lr=1.464466e-04 | loss=0.213345
Epoch 016 | Step 690 | lr=1.464466e-04 | loss=0.206317
Epoch 016 | Step 700 | lr=1.464466e-04 | loss=0.210997
Epoch 016 | Step 710 | lr=1.464466e-04 | loss=0.227276
Epoch 016 | Step 720 | lr=1.464466e-04 | loss=0.204881
Epoch 016 | Step 730 | lr=1.464466e-04 | loss=0.198775
Epoch 016 | Step 740 | lr=1.464466e-04 | loss=0.198016
Epoch 016 | Step 750 | lr=1.464466e-04 | loss=0.212841
Epoch 016 | Step 760 | lr=1.464466e-04 | loss=0.192762
Epoch 016 | Step 770 | lr=1.464466e-04 | loss=0.211015
Epoch 016 | Step 780 | lr=1.464466e-04 | loss=0.214264
Epoch 016 | Step 790 | lr=1.464466e-04 | loss=0.218548
Epoch 016 | Step 800 | lr=1.464466e-04 | loss=0.198548
Epoch 016 | Step 810 | lr=1.464466e-04 | loss=0.212254
Epoch 016 | Step 820 | lr=1.464466e-04 | loss=0.211920
Epoch 016 | Step 830 | lr=1.464466e-04 | loss=0.209852
Epoch 016 | Step 840 | lr=1.464466e-04 | loss=0.205034
Epoch 016 | Step 850 | lr=1.464466e-04 | loss=0.217782
Epoch 016 | Step 860 | lr=1.464466e-04 | loss=0.203561
Epoch 016 | Step 870 | lr=1.464466e-04 | loss=0.217521
Epoch 016 | Step 880 | lr=1.464466e-04 | loss=0.211849
Epoch 016 | Step 890 | lr=1.464466e-04 | loss=0.216043
Epoch 016 | Step 900 | lr=1.464466e-04 | loss=0.214434
Epoch 016 | Step 910 | lr=1.464466e-04 | loss=0.208472
Epoch 016 | Step 920 | lr=1.464466e-04 | loss=0.220236
Epoch 016 | Step 930 | lr=1.464466e-04 | loss=0.210139
Epoch 016 | Step 940 | lr=1.464466e-04 | loss=0.224256
Epoch 016 | Step 950 | lr=1.464466e-04 | loss=0.223084
Epoch 016 | Step 960 | lr=1.464466e-04 | loss=0.206653
epoch 016 | train_kld=0.210301 | val_kld=0.222145 | val_mae=0.003206 | val_mse=0.000157 | ord_acc@10=0.3177 | recall@10=0.8166
Epoch 017 | Step 10 | lr=9.549150e-05 | loss=0.197593
Epoch 017 | Step 20 | lr=9.549150e-05 | loss=0.210715
Epoch 017 | Step 30 | lr=9.549150e-05 | loss=0.201556
Epoch 017 | Step 40 | lr=9.549150e-05 | loss=0.212562
Epoch 017 | Step 50 | lr=9.549150e-05 | loss=0.209504
Epoch 017 | Step 60 | lr=9.549150e-05 | loss=0.213386
Epoch 017 | Step 70 | lr=9.549150e-05 | loss=0.209916
Epoch 017 | Step 80 | lr=9.549150e-05 | loss=0.209628
Epoch 017 | Step 90 | lr=9.549150e-05 | loss=0.200694
Epoch 017 | Step 100 | lr=9.549150e-05 | loss=0.209720
Epoch 017 | Step 110 | lr=9.549150e-05 | loss=0.190363
Epoch 017 | Step 120 | lr=9.549150e-05 | loss=0.200393
Epoch 017 | Step 130 | lr=9.549150e-05 | loss=0.210435
Epoch 017 | Step 140 | lr=9.549150e-05 | loss=0.202400
Epoch 017 | Step 150 | lr=9.549150e-05 | loss=0.198376
Epoch 017 | Step 160 | lr=9.549150e-05 | loss=0.207316
Epoch 017 | Step 170 | lr=9.549150e-05 | loss=0.200449
Epoch 017 | Step 180 | lr=9.549150e-05 | loss=0.199154
Epoch 017 | Step 190 | lr=9.549150e-05 | loss=0.218155
Epoch 017 | Step 200 | lr=9.549150e-05 | loss=0.205336
Epoch 017 | Step 210 | lr=9.549150e-05 | loss=0.200864
Epoch 017 | Step 220 | lr=9.549150e-05 | loss=0.201011
Epoch 017 | Step 230 | lr=9.549150e-05 | loss=0.204434
Epoch 017 | Step 240 | lr=9.549150e-05 | loss=0.209588
Epoch 017 | Step 250 | lr=9.549150e-05 | loss=0.221547
Epoch 017 | Step 260 | lr=9.549150e-05 | loss=0.225276
Epoch 017 | Step 270 | lr=9.549150e-05 | loss=0.199794
Epoch 017 | Step 280 | lr=9.549150e-05 | loss=0.200455
Epoch 017 | Step 290 | lr=9.549150e-05 | loss=0.197748
Epoch 017 | Step 300 | lr=9.549150e-05 | loss=0.206456
Epoch 017 | Step 310 | lr=9.549150e-05 | loss=0.195669
Epoch 017 | Step 320 | lr=9.549150e-05 | loss=0.219682
Epoch 017 | Step 330 | lr=9.549150e-05 | loss=0.205331
Epoch 017 | Step 340 | lr=9.549150e-05 | loss=0.211986
Epoch 017 | Step 350 | lr=9.549150e-05 | loss=0.204938
Epoch 017 | Step 360 | lr=9.549150e-05 | loss=0.209351
Epoch 017 | Step 370 | lr=9.549150e-05 | loss=0.210634
Epoch 017 | Step 380 | lr=9.549150e-05 | loss=0.206768
Epoch 017 | Step 390 | lr=9.549150e-05 | loss=0.216258
Epoch 017 | Step 400 | lr=9.549150e-05 | loss=0.205931
Epoch 017 | Step 410 | lr=9.549150e-05 | loss=0.206354
Epoch 017 | Step 420 | lr=9.549150e-05 | loss=0.198624
Epoch 017 | Step 430 | lr=9.549150e-05 | loss=0.200710
Epoch 017 | Step 440 | lr=9.549150e-05 | loss=0.200306
Epoch 017 | Step 450 | lr=9.549150e-05 | loss=0.207299
Epoch 017 | Step 460 | lr=9.549150e-05 | loss=0.207239
Epoch 017 | Step 470 | lr=9.549150e-05 | loss=0.196763
Epoch 017 | Step 480 | lr=9.549150e-05 | loss=0.215387
Epoch 017 | Step 490 | lr=9.549150e-05 | loss=0.203389
Epoch 017 | Step 500 | lr=9.549150e-05 | loss=0.208898
Epoch 017 | Step 510 | lr=9.549150e-05 | loss=0.214170
Epoch 017 | Step 520 | lr=9.549150e-05 | loss=0.205258
Epoch 017 | Step 530 | lr=9.549150e-05 | loss=0.211475
Epoch 017 | Step 540 | lr=9.549150e-05 | loss=0.225964
Epoch 017 | Step 550 | lr=9.549150e-05 | loss=0.201212
Epoch 017 | Step 560 | lr=9.549150e-05 | loss=0.207833
Epoch 017 | Step 570 | lr=9.549150e-05 | loss=0.199374
Epoch 017 | Step 580 | lr=9.549150e-05 | loss=0.208092
Epoch 017 | Step 590 | lr=9.549150e-05 | loss=0.204491
Epoch 017 | Step 600 | lr=9.549150e-05 | loss=0.203787
Epoch 017 | Step 610 | lr=9.549150e-05 | loss=0.203805
Epoch 017 | Step 620 | lr=9.549150e-05 | loss=0.197668
Epoch 017 | Step 630 | lr=9.549150e-05 | loss=0.212929
Epoch 017 | Step 640 | lr=9.549150e-05 | loss=0.203761
Epoch 017 | Step 650 | lr=9.549150e-05 | loss=0.206284
Epoch 017 | Step 660 | lr=9.549150e-05 | loss=0.213043
Epoch 017 | Step 670 | lr=9.549150e-05 | loss=0.211138
Epoch 017 | Step 680 | lr=9.549150e-05 | loss=0.210462
Epoch 017 | Step 690 | lr=9.549150e-05 | loss=0.204355
Epoch 017 | Step 700 | lr=9.549150e-05 | loss=0.204181
Epoch 017 | Step 710 | lr=9.549150e-05 | loss=0.210983
Epoch 017 | Step 720 | lr=9.549150e-05 | loss=0.213028
Epoch 017 | Step 730 | lr=9.549150e-05 | loss=0.222786
Epoch 017 | Step 740 | lr=9.549150e-05 | loss=0.198378
Epoch 017 | Step 750 | lr=9.549150e-05 | loss=0.216415
Epoch 017 | Step 760 | lr=9.549150e-05 | loss=0.211820
Epoch 017 | Step 770 | lr=9.549150e-05 | loss=0.211385
Epoch 017 | Step 780 | lr=9.549150e-05 | loss=0.214567
Epoch 017 | Step 790 | lr=9.549150e-05 | loss=0.207748
Epoch 017 | Step 800 | lr=9.549150e-05 | loss=0.220142
Epoch 017 | Step 810 | lr=9.549150e-05 | loss=0.206890
Epoch 017 | Step 820 | lr=9.549150e-05 | loss=0.216545
Epoch 017 | Step 830 | lr=9.549150e-05 | loss=0.212815
Epoch 017 | Step 840 | lr=9.549150e-05 | loss=0.200814
Epoch 017 | Step 850 | lr=9.549150e-05 | loss=0.205311
Epoch 017 | Step 860 | lr=9.549150e-05 | loss=0.200769
Epoch 017 | Step 870 | lr=9.549150e-05 | loss=0.216261
Epoch 017 | Step 880 | lr=9.549150e-05 | loss=0.197939
Epoch 017 | Step 890 | lr=9.549150e-05 | loss=0.200452
Epoch 017 | Step 900 | lr=9.549150e-05 | loss=0.213806
Epoch 017 | Step 910 | lr=9.549150e-05 | loss=0.202493
Epoch 017 | Step 920 | lr=9.549150e-05 | loss=0.200855
Epoch 017 | Step 930 | lr=9.549150e-05 | loss=0.200593
Epoch 017 | Step 940 | lr=9.549150e-05 | loss=0.216378
Epoch 017 | Step 950 | lr=9.549150e-05 | loss=0.206498
Epoch 017 | Step 960 | lr=9.549150e-05 | loss=0.225152
epoch 017 | train_kld=0.206837 | val_kld=0.219430 | val_mae=0.003117 | val_mse=0.000145 | ord_acc@10=0.3204 | recall@10=0.8184
Epoch 018 | Step 10 | lr=5.449674e-05 | loss=0.199779
Epoch 018 | Step 20 | lr=5.449674e-05 | loss=0.208461
Epoch 018 | Step 30 | lr=5.449674e-05 | loss=0.207016
Epoch 018 | Step 40 | lr=5.449674e-05 | loss=0.204230
Epoch 018 | Step 50 | lr=5.449674e-05 | loss=0.196787
Epoch 018 | Step 60 | lr=5.449674e-05 | loss=0.201373
Epoch 018 | Step 70 | lr=5.449674e-05 | loss=0.208938
Epoch 018 | Step 80 | lr=5.449674e-05 | loss=0.217197
Epoch 018 | Step 90 | lr=5.449674e-05 | loss=0.207933
Epoch 018 | Step 100 | lr=5.449674e-05 | loss=0.190406
Epoch 018 | Step 110 | lr=5.449674e-05 | loss=0.190782
Epoch 018 | Step 120 | lr=5.449674e-05 | loss=0.210228
Epoch 018 | Step 130 | lr=5.449674e-05 | loss=0.198248
Epoch 018 | Step 140 | lr=5.449674e-05 | loss=0.197740
Epoch 018 | Step 150 | lr=5.449674e-05 | loss=0.194023
Epoch 018 | Step 160 | lr=5.449674e-05 | loss=0.204025
Epoch 018 | Step 170 | lr=5.449674e-05 | loss=0.211472
Epoch 018 | Step 180 | lr=5.449674e-05 | loss=0.210288
Epoch 018 | Step 190 | lr=5.449674e-05 | loss=0.197172
Epoch 018 | Step 200 | lr=5.449674e-05 | loss=0.202921
Epoch 018 | Step 210 | lr=5.449674e-05 | loss=0.210919
Epoch 018 | Step 220 | lr=5.449674e-05 | loss=0.200508
Epoch 018 | Step 230 | lr=5.449674e-05 | loss=0.211093
Epoch 018 | Step 240 | lr=5.449674e-05 | loss=0.196816
Epoch 018 | Step 250 | lr=5.449674e-05 | loss=0.191390
Epoch 018 | Step 260 | lr=5.449674e-05 | loss=0.193123
Epoch 018 | Step 270 | lr=5.449674e-05 | loss=0.203804
Epoch 018 | Step 280 | lr=5.449674e-05 | loss=0.213389
Epoch 018 | Step 290 | lr=5.449674e-05 | loss=0.204512
Epoch 018 | Step 300 | lr=5.449674e-05 | loss=0.199519
Epoch 018 | Step 310 | lr=5.449674e-05 | loss=0.207552
Epoch 018 | Step 320 | lr=5.449674e-05 | loss=0.201913
Epoch 018 | Step 330 | lr=5.449674e-05 | loss=0.199349
Epoch 018 | Step 340 | lr=5.449674e-05 | loss=0.203060
Epoch 018 | Step 350 | lr=5.449674e-05 | loss=0.213848
Epoch 018 | Step 360 | lr=5.449674e-05 | loss=0.206406
Epoch 018 | Step 370 | lr=5.449674e-05 | loss=0.213196
Epoch 018 | Step 380 | lr=5.449674e-05 | loss=0.194327
Epoch 018 | Step 390 | lr=5.449674e-05 | loss=0.200786
Epoch 018 | Step 400 | lr=5.449674e-05 | loss=0.204495
Epoch 018 | Step 410 | lr=5.449674e-05 | loss=0.205770
Epoch 018 | Step 420 | lr=5.449674e-05 | loss=0.212529
Epoch 018 | Step 430 | lr=5.449674e-05 | loss=0.215121
Epoch 018 | Step 440 | lr=5.449674e-05 | loss=0.205553
Epoch 018 | Step 450 | lr=5.449674e-05 | loss=0.208765
Epoch 018 | Step 460 | lr=5.449674e-05 | loss=0.193611
Epoch 018 | Step 470 | lr=5.449674e-05 | loss=0.202464
Epoch 018 | Step 480 | lr=5.449674e-05 | loss=0.211819
Epoch 018 | Step 490 | lr=5.449674e-05 | loss=0.205406
Epoch 018 | Step 500 | lr=5.449674e-05 | loss=0.209380
Epoch 018 | Step 510 | lr=5.449674e-05 | loss=0.208192
Epoch 018 | Step 520 | lr=5.449674e-05 | loss=0.202702
Epoch 018 | Step 530 | lr=5.449674e-05 | loss=0.213131
Epoch 018 | Step 540 | lr=5.449674e-05 | loss=0.198385
Epoch 018 | Step 550 | lr=5.449674e-05 | loss=0.210446
Epoch 018 | Step 560 | lr=5.449674e-05 | loss=0.201902
Epoch 018 | Step 570 | lr=5.449674e-05 | loss=0.208484
Epoch 018 | Step 580 | lr=5.449674e-05 | loss=0.212119
Epoch 018 | Step 590 | lr=5.449674e-05 | loss=0.206138
Epoch 018 | Step 600 | lr=5.449674e-05 | loss=0.199361
Epoch 018 | Step 610 | lr=5.449674e-05 | loss=0.211218
Epoch 018 | Step 620 | lr=5.449674e-05 | loss=0.194324
Epoch 018 | Step 630 | lr=5.449674e-05 | loss=0.203810
Epoch 018 | Step 640 | lr=5.449674e-05 | loss=0.206126
Epoch 018 | Step 650 | lr=5.449674e-05 | loss=0.207932
Epoch 018 | Step 660 | lr=5.449674e-05 | loss=0.191168
Epoch 018 | Step 670 | lr=5.449674e-05 | loss=0.204087
Epoch 018 | Step 680 | lr=5.449674e-05 | loss=0.197837
Epoch 018 | Step 690 | lr=5.449674e-05 | loss=0.214192
Epoch 018 | Step 700 | lr=5.449674e-05 | loss=0.204432
Epoch 018 | Step 710 | lr=5.449674e-05 | loss=0.213360
Epoch 018 | Step 720 | lr=5.449674e-05 | loss=0.200424
Epoch 018 | Step 730 | lr=5.449674e-05 | loss=0.206102
Epoch 018 | Step 740 | lr=5.449674e-05 | loss=0.204933
Epoch 018 | Step 750 | lr=5.449674e-05 | loss=0.198167
Epoch 018 | Step 760 | lr=5.449674e-05 | loss=0.202195
Epoch 018 | Step 770 | lr=5.449674e-05 | loss=0.214418
Epoch 018 | Step 780 | lr=5.449674e-05 | loss=0.205908
Epoch 018 | Step 790 | lr=5.449674e-05 | loss=0.203866
Epoch 018 | Step 800 | lr=5.449674e-05 | loss=0.206819
Epoch 018 | Step 810 | lr=5.449674e-05 | loss=0.214503
Epoch 018 | Step 820 | lr=5.449674e-05 | loss=0.193578
Epoch 018 | Step 830 | lr=5.449674e-05 | loss=0.211956
Epoch 018 | Step 840 | lr=5.449674e-05 | loss=0.214841
Epoch 018 | Step 850 | lr=5.449674e-05 | loss=0.202023
Epoch 018 | Step 860 | lr=5.449674e-05 | loss=0.205062
Epoch 018 | Step 870 | lr=5.449674e-05 | loss=0.203151
Epoch 018 | Step 880 | lr=5.449674e-05 | loss=0.202538
Epoch 018 | Step 890 | lr=5.449674e-05 | loss=0.195048
Epoch 018 | Step 900 | lr=5.449674e-05 | loss=0.212590
Epoch 018 | Step 910 | lr=5.449674e-05 | loss=0.199514
Epoch 018 | Step 920 | lr=5.449674e-05 | loss=0.199370
Epoch 018 | Step 930 | lr=5.449674e-05 | loss=0.204269
Epoch 018 | Step 940 | lr=5.449674e-05 | loss=0.200518
Epoch 018 | Step 950 | lr=5.449674e-05 | loss=0.213025
Epoch 018 | Step 960 | lr=5.449674e-05 | loss=0.198661
epoch 018 | train_kld=0.203977 | val_kld=0.218920 | val_mae=0.003077 | val_mse=0.000141 | ord_acc@10=0.3200 | recall@10=0.8194
Epoch 019 | Step 10 | lr=2.447174e-05 | loss=0.203197
Epoch 019 | Step 20 | lr=2.447174e-05 | loss=0.206680
Epoch 019 | Step 30 | lr=2.447174e-05 | loss=0.202388
Epoch 019 | Step 40 | lr=2.447174e-05 | loss=0.196627
Epoch 019 | Step 50 | lr=2.447174e-05 | loss=0.204680
Epoch 019 | Step 60 | lr=2.447174e-05 | loss=0.204989
Epoch 019 | Step 70 | lr=2.447174e-05 | loss=0.192496
Epoch 019 | Step 80 | lr=2.447174e-05 | loss=0.204335
Epoch 019 | Step 90 | lr=2.447174e-05 | loss=0.198113
Epoch 019 | Step 100 | lr=2.447174e-05 | loss=0.199915
Epoch 019 | Step 110 | lr=2.447174e-05 | loss=0.198391
Epoch 019 | Step 120 | lr=2.447174e-05 | loss=0.196961
Epoch 019 | Step 130 | lr=2.447174e-05 | loss=0.201762
Epoch 019 | Step 140 | lr=2.447174e-05 | loss=0.189375
Epoch 019 | Step 150 | lr=2.447174e-05 | loss=0.193314
Epoch 019 | Step 160 | lr=2.447174e-05 | loss=0.212065
Epoch 019 | Step 170 | lr=2.447174e-05 | loss=0.189849
Epoch 019 | Step 180 | lr=2.447174e-05 | loss=0.193721
Epoch 019 | Step 190 | lr=2.447174e-05 | loss=0.205215
Epoch 019 | Step 200 | lr=2.447174e-05 | loss=0.209632
Epoch 019 | Step 210 | lr=2.447174e-05 | loss=0.195254
Epoch 019 | Step 220 | lr=2.447174e-05 | loss=0.207748
Epoch 019 | Step 230 | lr=2.447174e-05 | loss=0.201780
Epoch 019 | Step 240 | lr=2.447174e-05 | loss=0.211628
Epoch 019 | Step 250 | lr=2.447174e-05 | loss=0.219509
Epoch 019 | Step 260 | lr=2.447174e-05 | loss=0.204511
Epoch 019 | Step 270 | lr=2.447174e-05 | loss=0.199883
Epoch 019 | Step 280 | lr=2.447174e-05 | loss=0.196960
Epoch 019 | Step 290 | lr=2.447174e-05 | loss=0.197468
Epoch 019 | Step 300 | lr=2.447174e-05 | loss=0.210381
Epoch 019 | Step 310 | lr=2.447174e-05 | loss=0.198663
Epoch 019 | Step 320 | lr=2.447174e-05 | loss=0.203230
Epoch 019 | Step 330 | lr=2.447174e-05 | loss=0.188849
Epoch 019 | Step 340 | lr=2.447174e-05 | loss=0.209824
Epoch 019 | Step 350 | lr=2.447174e-05 | loss=0.203325
Epoch 019 | Step 360 | lr=2.447174e-05 | loss=0.187365
Epoch 019 | Step 370 | lr=2.447174e-05 | loss=0.195660
Epoch 019 | Step 380 | lr=2.447174e-05 | loss=0.204708
Epoch 019 | Step 390 | lr=2.447174e-05 | loss=0.207967
Epoch 019 | Step 400 | lr=2.447174e-05 | loss=0.210895
Epoch 019 | Step 410 | lr=2.447174e-05 | loss=0.197866
Epoch 019 | Step 420 | lr=2.447174e-05 | loss=0.200782
Epoch 019 | Step 430 | lr=2.447174e-05 | loss=0.211645
Epoch 019 | Step 440 | lr=2.447174e-05 | loss=0.205531
Epoch 019 | Step 450 | lr=2.447174e-05 | loss=0.204488
Epoch 019 | Step 460 | lr=2.447174e-05 | loss=0.194588
Epoch 019 | Step 470 | lr=2.447174e-05 | loss=0.210387
Epoch 019 | Step 480 | lr=2.447174e-05 | loss=0.195072
Epoch 019 | Step 490 | lr=2.447174e-05 | loss=0.208853
Epoch 019 | Step 500 | lr=2.447174e-05 | loss=0.209814
Epoch 019 | Step 510 | lr=2.447174e-05 | loss=0.193505
Epoch 019 | Step 520 | lr=2.447174e-05 | loss=0.187197
Epoch 019 | Step 530 | lr=2.447174e-05 | loss=0.188667
Epoch 019 | Step 540 | lr=2.447174e-05 | loss=0.206754
Epoch 019 | Step 550 | lr=2.447174e-05 | loss=0.197490
Epoch 019 | Step 560 | lr=2.447174e-05 | loss=0.197859
Epoch 019 | Step 570 | lr=2.447174e-05 | loss=0.193788
Epoch 019 | Step 580 | lr=2.447174e-05 | loss=0.205417
Epoch 019 | Step 590 | lr=2.447174e-05 | loss=0.200946
Epoch 019 | Step 600 | lr=2.447174e-05 | loss=0.198839
Epoch 019 | Step 610 | lr=2.447174e-05 | loss=0.198160
Epoch 019 | Step 620 | lr=2.447174e-05 | loss=0.191517
Epoch 019 | Step 630 | lr=2.447174e-05 | loss=0.197075
Epoch 019 | Step 640 | lr=2.447174e-05 | loss=0.196917
Epoch 019 | Step 650 | lr=2.447174e-05 | loss=0.200439
Epoch 019 | Step 660 | lr=2.447174e-05 | loss=0.209050
Epoch 019 | Step 670 | lr=2.447174e-05 | loss=0.189642
Epoch 019 | Step 680 | lr=2.447174e-05 | loss=0.203322
Epoch 019 | Step 690 | lr=2.447174e-05 | loss=0.195503
Epoch 019 | Step 700 | lr=2.447174e-05 | loss=0.201266
Epoch 019 | Step 710 | lr=2.447174e-05 | loss=0.214385
Epoch 019 | Step 720 | lr=2.447174e-05 | loss=0.202574
Epoch 019 | Step 730 | lr=2.447174e-05 | loss=0.205036
Epoch 019 | Step 740 | lr=2.447174e-05 | loss=0.200346
Epoch 019 | Step 750 | lr=2.447174e-05 | loss=0.205347
Epoch 019 | Step 760 | lr=2.447174e-05 | loss=0.207095
Epoch 019 | Step 770 | lr=2.447174e-05 | loss=0.198406
Epoch 019 | Step 780 | lr=2.447174e-05 | loss=0.203574
Epoch 019 | Step 790 | lr=2.447174e-05 | loss=0.203550
Epoch 019 | Step 800 | lr=2.447174e-05 | loss=0.199719
Epoch 019 | Step 810 | lr=2.447174e-05 | loss=0.203260
Epoch 019 | Step 820 | lr=2.447174e-05 | loss=0.193535
Epoch 019 | Step 830 | lr=2.447174e-05 | loss=0.205646
Epoch 019 | Step 840 | lr=2.447174e-05 | loss=0.204964
Epoch 019 | Step 850 | lr=2.447174e-05 | loss=0.205222
Epoch 019 | Step 860 | lr=2.447174e-05 | loss=0.204139
Epoch 019 | Step 870 | lr=2.447174e-05 | loss=0.207263
Epoch 019 | Step 880 | lr=2.447174e-05 | loss=0.210693
Epoch 019 | Step 890 | lr=2.447174e-05 | loss=0.189118
Epoch 019 | Step 900 | lr=2.447174e-05 | loss=0.189188
Epoch 019 | Step 910 | lr=2.447174e-05 | loss=0.198230
Epoch 019 | Step 920 | lr=2.447174e-05 | loss=0.216833
Epoch 019 | Step 930 | lr=2.447174e-05 | loss=0.198689
Epoch 019 | Step 940 | lr=2.447174e-05 | loss=0.197473
Epoch 019 | Step 950 | lr=2.447174e-05 | loss=0.191478
Epoch 019 | Step 960 | lr=2.447174e-05 | loss=0.201730
epoch 019 | train_kld=0.202016 | val_kld=0.217757 | val_mae=0.003086 | val_mse=0.000141 | ord_acc@10=0.3199 | recall@10=0.8185
Epoch 020 | Step 10 | lr=6.155830e-06 | loss=0.202004
Epoch 020 | Step 20 | lr=6.155830e-06 | loss=0.200169
Epoch 020 | Step 30 | lr=6.155830e-06 | loss=0.190608
Epoch 020 | Step 40 | lr=6.155830e-06 | loss=0.203286
Epoch 020 | Step 50 | lr=6.155830e-06 | loss=0.202105
Epoch 020 | Step 60 | lr=6.155830e-06 | loss=0.189123
Epoch 020 | Step 70 | lr=6.155830e-06 | loss=0.193420
Epoch 020 | Step 80 | lr=6.155830e-06 | loss=0.208079
Epoch 020 | Step 90 | lr=6.155830e-06 | loss=0.197542
Epoch 020 | Step 100 | lr=6.155830e-06 | loss=0.203376
Epoch 020 | Step 110 | lr=6.155830e-06 | loss=0.194386
Epoch 020 | Step 120 | lr=6.155830e-06 | loss=0.193265
Epoch 020 | Step 130 | lr=6.155830e-06 | loss=0.201134
Epoch 020 | Step 140 | lr=6.155830e-06 | loss=0.199493
Epoch 020 | Step 150 | lr=6.155830e-06 | loss=0.195050
Epoch 020 | Step 160 | lr=6.155830e-06 | loss=0.199618
Epoch 020 | Step 170 | lr=6.155830e-06 | loss=0.198812
Epoch 020 | Step 180 | lr=6.155830e-06 | loss=0.199609
Epoch 020 | Step 190 | lr=6.155830e-06 | loss=0.213494
Epoch 020 | Step 200 | lr=6.155830e-06 | loss=0.209044
Epoch 020 | Step 210 | lr=6.155830e-06 | loss=0.200894
Epoch 020 | Step 220 | lr=6.155830e-06 | loss=0.190687
Epoch 020 | Step 230 | lr=6.155830e-06 | loss=0.207815
Epoch 020 | Step 240 | lr=6.155830e-06 | loss=0.198682
Epoch 020 | Step 250 | lr=6.155830e-06 | loss=0.191046
Epoch 020 | Step 260 | lr=6.155830e-06 | loss=0.201868
Epoch 020 | Step 270 | lr=6.155830e-06 | loss=0.196790
Epoch 020 | Step 280 | lr=6.155830e-06 | loss=0.204602
Epoch 020 | Step 290 | lr=6.155830e-06 | loss=0.204679
Epoch 020 | Step 300 | lr=6.155830e-06 | loss=0.195826
Epoch 020 | Step 310 | lr=6.155830e-06 | loss=0.201866
Epoch 020 | Step 320 | lr=6.155830e-06 | loss=0.206332
Epoch 020 | Step 330 | lr=6.155830e-06 | loss=0.195955
Epoch 020 | Step 340 | lr=6.155830e-06 | loss=0.199784
Epoch 020 | Step 350 | lr=6.155830e-06 | loss=0.195201
Epoch 020 | Step 360 | lr=6.155830e-06 | loss=0.193504
Epoch 020 | Step 370 | lr=6.155830e-06 | loss=0.215387
Epoch 020 | Step 380 | lr=6.155830e-06 | loss=0.194412
Epoch 020 | Step 390 | lr=6.155830e-06 | loss=0.200294
Epoch 020 | Step 400 | lr=6.155830e-06 | loss=0.211594
Epoch 020 | Step 410 | lr=6.155830e-06 | loss=0.199871
Epoch 020 | Step 420 | lr=6.155830e-06 | loss=0.196520
Epoch 020 | Step 430 | lr=6.155830e-06 | loss=0.206804
Epoch 020 | Step 440 | lr=6.155830e-06 | loss=0.211373
Epoch 020 | Step 450 | lr=6.155830e-06 | loss=0.192936
Epoch 020 | Step 460 | lr=6.155830e-06 | loss=0.197271
Epoch 020 | Step 470 | lr=6.155830e-06 | loss=0.199496
Epoch 020 | Step 480 | lr=6.155830e-06 | loss=0.197846
Epoch 020 | Step 490 | lr=6.155830e-06 | loss=0.205247
Epoch 020 | Step 500 | lr=6.155830e-06 | loss=0.207361
Epoch 020 | Step 510 | lr=6.155830e-06 | loss=0.201591
Epoch 020 | Step 520 | lr=6.155830e-06 | loss=0.212217
Epoch 020 | Step 530 | lr=6.155830e-06 | loss=0.199483
Epoch 020 | Step 540 | lr=6.155830e-06 | loss=0.201472
Epoch 020 | Step 550 | lr=6.155830e-06 | loss=0.206043
Epoch 020 | Step 560 | lr=6.155830e-06 | loss=0.194523
Epoch 020 | Step 570 | lr=6.155830e-06 | loss=0.193164
Epoch 020 | Step 580 | lr=6.155830e-06 | loss=0.197218
Epoch 020 | Step 590 | lr=6.155830e-06 | loss=0.193866
Epoch 020 | Step 600 | lr=6.155830e-06 | loss=0.199136
Epoch 020 | Step 610 | lr=6.155830e-06 | loss=0.213298
Epoch 020 | Step 620 | lr=6.155830e-06 | loss=0.204678
Epoch 020 | Step 630 | lr=6.155830e-06 | loss=0.212915
Epoch 020 | Step 640 | lr=6.155830e-06 | loss=0.201030
Epoch 020 | Step 650 | lr=6.155830e-06 | loss=0.209887
Epoch 020 | Step 660 | lr=6.155830e-06 | loss=0.190181
Epoch 020 | Step 670 | lr=6.155830e-06 | loss=0.188458
Epoch 020 | Step 680 | lr=6.155830e-06 | loss=0.199437
Epoch 020 | Step 690 | lr=6.155830e-06 | loss=0.195766
Epoch 020 | Step 700 | lr=6.155830e-06 | loss=0.204271
Epoch 020 | Step 710 | lr=6.155830e-06 | loss=0.210023
Epoch 020 | Step 720 | lr=6.155830e-06 | loss=0.190870
Epoch 020 | Step 730 | lr=6.155830e-06 | loss=0.201103
Epoch 020 | Step 740 | lr=6.155830e-06 | loss=0.202302
Epoch 020 | Step 750 | lr=6.155830e-06 | loss=0.198190
Epoch 020 | Step 760 | lr=6.155830e-06 | loss=0.190849
Epoch 020 | Step 770 | lr=6.155830e-06 | loss=0.195610
Epoch 020 | Step 780 | lr=6.155830e-06 | loss=0.197348
Epoch 020 | Step 790 | lr=6.155830e-06 | loss=0.193608
Epoch 020 | Step 800 | lr=6.155830e-06 | loss=0.198399
Epoch 020 | Step 810 | lr=6.155830e-06 | loss=0.208056
Epoch 020 | Step 820 | lr=6.155830e-06 | loss=0.199352
Epoch 020 | Step 830 | lr=6.155830e-06 | loss=0.209925
Epoch 020 | Step 840 | lr=6.155830e-06 | loss=0.209258
Epoch 020 | Step 850 | lr=6.155830e-06 | loss=0.201696
Epoch 020 | Step 860 | lr=6.155830e-06 | loss=0.205828
Epoch 020 | Step 870 | lr=6.155830e-06 | loss=0.199201
Epoch 020 | Step 880 | lr=6.155830e-06 | loss=0.207217
Epoch 020 | Step 890 | lr=6.155830e-06 | loss=0.192875
Epoch 020 | Step 900 | lr=6.155830e-06 | loss=0.214896
Epoch 020 | Step 910 | lr=6.155830e-06 | loss=0.196798
Epoch 020 | Step 920 | lr=6.155830e-06 | loss=0.195271
Epoch 020 | Step 930 | lr=6.155830e-06 | loss=0.202946
Epoch 020 | Step 940 | lr=6.155830e-06 | loss=0.195655
Epoch 020 | Step 950 | lr=6.155830e-06 | loss=0.202384
Epoch 020 | Step 960 | lr=6.155830e-06 | loss=0.192473
/mnt/hdd/xln/PycharmProjects/PredictLeafNode/src/model/cluster_dist_transformer_original.py:844: FutureWarning: You are using `torch.load` with `weights_only=False` (the current default value), which uses the default pickle module implicitly. It is possible to construct malicious pickle data which will execute arbitrary code during unpickling (See https://github.com/pytorch/pytorch/blob/main/SECURITY.md#untrusted-models for more details). In a future release, the default value for `weights_only` will be flipped to `True`. This limits the functions that could be executed during unpickling. Arbitrary objects will no longer be allowed to be loaded via this mode unless they are explicitly allowlisted by the user via `torch.serialization.add_safe_globals`. We recommend you start setting `weights_only=True` for any use case where you don't have full control of the loaded file. Please open an issue on GitHub for any issues related to this experimental feature.
  ckpt = torch.load(best_path, map_location=device)
epoch 020 | train_kld=0.200902 | val_kld=0.217841 | val_mae=0.003077 | val_mse=0.000140 | ord_acc@10=0.3208 | recall@10=0.8183
Saved epoch 1 batch metrics plot to input/Training_data/gist1M_learn/leafsize20K/C_model_d256_L4_H8_ff512_topk10_bs512_ep20_lr0.001_wd0.01_bilinear_normalizeTrue_posTrue_gatingFalse_loss_typekld_reverse_use_type_embedTrue/model_d256_L4_H8_ff512_topk10_bs512_ep20_lr0.001_wd0.01_bilinear_normalizeTrue_posTrue_gatingFalse_loss_typekld_reverse_use_type_embedTrue_epoch1_batch_metrics@10.png
Saved epoch metrics plot to input/Training_data/gist1M_learn/leafsize20K/C_model_d256_L4_H8_ff512_topk10_bs512_ep20_lr0.001_wd0.01_bilinear_normalizeTrue_posTrue_gatingFalse_loss_typekld_reverse_use_type_embedTrue/model_d256_L4_H8_ff512_topk10_bs512_ep20_lr0.001_wd0.01_bilinear_normalizeTrue_posTrue_gatingFalse_loss_typekld_reverse_use_type_embedTrue_epoch_metrics.png
best val_kld: 0.217757 at epoch 19
Loaded checkpoint from input/Training_data/gist1M_learn/leafsize20K/C_model_d256_L4_H8_ff512_topk10_bs512_ep20_lr0.001_wd0.01_bilinear_normalizeTrue_posTrue_gatingFalse_loss_typekld_reverse_use_type_embedTrue/model_d256_L4_H8_ff512_topk10_bs512_ep20_lr0.001_wd0.01_bilinear_normalizeTrue_posTrue_gatingFalse_loss_typekld_reverse_use_type_embedTrue.pt (epoch=19)
[TEST] kld=0.230654 | mae=0.003220 | mse=0.000146 | ord_acc@10=0.3080 | recall@10=0.8180
Saving model predictions to file...
Saved predictions -> input/Training_data/gist1M_learn/leafsize20K/C_model_d256_L4_H8_ff512_topk10_bs512_ep20_lr0.001_wd0.01_bilinear_normalizeTrue_posTrue_gatingFalse_loss_typekld_reverse_use_type_embedTrue/model_d256_L4_H8_ff512_topk10_bs512_ep20_lr0.001_wd0.01_bilinear_normalizeTrue_posTrue_gatingFalse_loss_typekld_reverse_use_type_embedTrue_pred.txt
