/home/xln/miniconda3/envs/elpis_torch/lib/python3.12/site-packages/torch/nn/modules/transformer.py:379: UserWarning: enable_nested_tensor is True, but self.use_nested_tensor is False because encoder_layer.norm_first was True
  warnings.warn(
Detected K=116, D=960
Using experiment ID: C
Epoch 001 | Batch 10 | val_kld=54.348542 | val_ordacc@10=0.003769 | val_recall@10=0.036186
Epoch 001 | Step 10 | lr=1.000000e-03 | loss=84.433159
Epoch 001 | Batch 20 | val_kld=39.503166 | val_ordacc@10=0.022161 | val_recall@10=0.286259
Epoch 001 | Step 20 | lr=1.000000e-03 | loss=43.785931
Epoch 001 | Batch 30 | val_kld=34.894977 | val_ordacc@10=0.054104 | val_recall@10=0.445066
Epoch 001 | Step 30 | lr=1.000000e-03 | loss=34.910210
Epoch 001 | Batch 40 | val_kld=33.245433 | val_ordacc@10=0.088133 | val_recall@10=0.584040
Epoch 001 | Step 40 | lr=1.000000e-03 | loss=33.959423
Epoch 001 | Batch 50 | val_kld=32.179937 | val_ordacc@10=0.088779 | val_recall@10=0.593909
Epoch 001 | Step 50 | lr=1.000000e-03 | loss=32.196777
Epoch 001 | Batch 60 | val_kld=30.156791 | val_ordacc@10=0.133614 | val_recall@10=0.701421
Epoch 001 | Step 60 | lr=1.000000e-03 | loss=31.100731
Epoch 001 | Batch 70 | val_kld=29.701476 | val_ordacc@10=0.129086 | val_recall@10=0.701307
Epoch 001 | Step 70 | lr=1.000000e-03 | loss=29.558937
Epoch 001 | Batch 80 | val_kld=29.478477 | val_ordacc@10=0.129086 | val_recall@10=0.705417
Epoch 001 | Step 80 | lr=1.000000e-03 | loss=28.997490
Epoch 001 | Batch 90 | val_kld=28.027865 | val_ordacc@10=0.173958 | val_recall@10=0.756372
Epoch 001 | Step 90 | lr=1.000000e-03 | loss=29.022604
Epoch 001 | Batch 100 | val_kld=27.855866 | val_ordacc@10=0.183446 | val_recall@10=0.761098
Epoch 001 | Step 100 | lr=1.000000e-03 | loss=28.391426
Epoch 001 | Batch 110 | val_kld=27.271163 | val_ordacc@10=0.187706 | val_recall@10=0.759622
Epoch 001 | Step 110 | lr=1.000000e-03 | loss=27.565090
Epoch 001 | Batch 120 | val_kld=27.237863 | val_ordacc@10=0.167206 | val_recall@10=0.747266
Epoch 001 | Step 120 | lr=1.000000e-03 | loss=27.438564
Epoch 001 | Batch 130 | val_kld=26.867499 | val_ordacc@10=0.194452 | val_recall@10=0.769890
Epoch 001 | Step 130 | lr=1.000000e-03 | loss=27.213421
Epoch 001 | Batch 140 | val_kld=26.667044 | val_ordacc@10=0.206804 | val_recall@10=0.773752
Epoch 001 | Step 140 | lr=1.000000e-03 | loss=27.360073
Epoch 001 | Batch 150 | val_kld=26.374936 | val_ordacc@10=0.193368 | val_recall@10=0.779518
Epoch 001 | Step 150 | lr=1.000000e-03 | loss=27.521254
Epoch 001 | Batch 160 | val_kld=26.369046 | val_ordacc@10=0.197442 | val_recall@10=0.777977
Epoch 001 | Step 160 | lr=1.000000e-03 | loss=26.620911
Epoch 001 | Batch 170 | val_kld=26.015111 | val_ordacc@10=0.204426 | val_recall@10=0.780853
Epoch 001 | Step 170 | lr=1.000000e-03 | loss=27.584549
Epoch 001 | Batch 180 | val_kld=25.640792 | val_ordacc@10=0.207584 | val_recall@10=0.786766
Epoch 001 | Step 180 | lr=1.000000e-03 | loss=26.540749
Epoch 001 | Batch 190 | val_kld=25.560929 | val_ordacc@10=0.213844 | val_recall@10=0.788198
Epoch 001 | Step 190 | lr=1.000000e-03 | loss=26.253838
Epoch 001 | Batch 200 | val_kld=25.542047 | val_ordacc@10=0.211284 | val_recall@10=0.787903
Epoch 001 | Step 200 | lr=1.000000e-03 | loss=26.093706
Epoch 001 | Batch 210 | val_kld=25.402536 | val_ordacc@10=0.215362 | val_recall@10=0.789385
Epoch 001 | Step 210 | lr=1.000000e-03 | loss=26.487608
Epoch 001 | Batch 220 | val_kld=25.093442 | val_ordacc@10=0.213558 | val_recall@10=0.794092
Epoch 001 | Step 220 | lr=1.000000e-03 | loss=26.474846
Epoch 001 | Batch 230 | val_kld=24.993060 | val_ordacc@10=0.216806 | val_recall@10=0.791165
Epoch 001 | Step 230 | lr=1.000000e-03 | loss=26.004597
Epoch 001 | Batch 240 | val_kld=24.750442 | val_ordacc@10=0.222168 | val_recall@10=0.793862
Epoch 001 | Step 240 | lr=1.000000e-03 | loss=26.132088
Epoch 001 | Batch 250 | val_kld=24.918990 | val_ordacc@10=0.221064 | val_recall@10=0.790464
Epoch 001 | Step 250 | lr=1.000000e-03 | loss=25.152756
Epoch 001 | Batch 260 | val_kld=24.511063 | val_ordacc@10=0.220130 | val_recall@10=0.782670
Epoch 001 | Step 260 | lr=1.000000e-03 | loss=26.121813
Epoch 001 | Batch 270 | val_kld=24.353907 | val_ordacc@10=0.225778 | val_recall@10=0.797561
Epoch 001 | Step 270 | lr=1.000000e-03 | loss=24.976730
Epoch 001 | Batch 280 | val_kld=24.062046 | val_ordacc@10=0.239021 | val_recall@10=0.796754
Epoch 001 | Step 280 | lr=1.000000e-03 | loss=25.024220
Epoch 001 | Batch 290 | val_kld=24.006434 | val_ordacc@10=0.230814 | val_recall@10=0.790362
Epoch 001 | Step 290 | lr=1.000000e-03 | loss=24.842501
Epoch 001 | Batch 300 | val_kld=24.607959 | val_ordacc@10=0.228385 | val_recall@10=0.787825
Epoch 001 | Step 300 | lr=1.000000e-03 | loss=24.662968
Epoch 001 | Batch 310 | val_kld=23.928365 | val_ordacc@10=0.230663 | val_recall@10=0.793543
Epoch 001 | Step 310 | lr=1.000000e-03 | loss=24.841442
Epoch 001 | Batch 320 | val_kld=23.915523 | val_ordacc@10=0.242115 | val_recall@10=0.804435
Epoch 001 | Step 320 | lr=1.000000e-03 | loss=24.860298
Epoch 001 | Batch 330 | val_kld=23.804555 | val_ordacc@10=0.243139 | val_recall@10=0.800224
Epoch 001 | Step 330 | lr=1.000000e-03 | loss=25.099602
Epoch 001 | Batch 340 | val_kld=24.031210 | val_ordacc@10=0.239336 | val_recall@10=0.793820
Epoch 001 | Step 340 | lr=1.000000e-03 | loss=25.379105
Epoch 001 | Batch 350 | val_kld=23.617422 | val_ordacc@10=0.236913 | val_recall@10=0.801727
Epoch 001 | Step 350 | lr=1.000000e-03 | loss=24.080051
Epoch 001 | Batch 360 | val_kld=23.960461 | val_ordacc@10=0.235633 | val_recall@10=0.788453
Epoch 001 | Step 360 | lr=1.000000e-03 | loss=25.290377
Epoch 001 | Batch 370 | val_kld=23.852243 | val_ordacc@10=0.245059 | val_recall@10=0.799829
Epoch 001 | Step 370 | lr=1.000000e-03 | loss=24.301216
Epoch 001 | Batch 380 | val_kld=23.677080 | val_ordacc@10=0.239566 | val_recall@10=0.795016
Epoch 001 | Step 380 | lr=1.000000e-03 | loss=23.297235
Epoch 001 | Batch 390 | val_kld=23.533060 | val_ordacc@10=0.239826 | val_recall@10=0.786087
Epoch 001 | Step 390 | lr=1.000000e-03 | loss=24.978712
Epoch 001 | Batch 400 | val_kld=23.265211 | val_ordacc@10=0.249517 | val_recall@10=0.801273
Epoch 001 | Step 400 | lr=1.000000e-03 | loss=24.056297
Epoch 001 | Batch 410 | val_kld=23.584651 | val_ordacc@10=0.235295 | val_recall@10=0.790640
Epoch 001 | Step 410 | lr=1.000000e-03 | loss=24.386143
Epoch 001 | Batch 420 | val_kld=23.156225 | val_ordacc@10=0.246380 | val_recall@10=0.800234
Epoch 001 | Step 420 | lr=1.000000e-03 | loss=24.318762
Epoch 001 | Batch 430 | val_kld=23.424725 | val_ordacc@10=0.243522 | val_recall@10=0.798132
Epoch 001 | Step 430 | lr=1.000000e-03 | loss=23.860588
Epoch 001 | Batch 440 | val_kld=23.531653 | val_ordacc@10=0.240441 | val_recall@10=0.783067
Epoch 001 | Step 440 | lr=1.000000e-03 | loss=24.957039
Epoch 001 | Batch 450 | val_kld=23.223854 | val_ordacc@10=0.249305 | val_recall@10=0.792469
Epoch 001 | Step 450 | lr=1.000000e-03 | loss=23.766640
Epoch 001 | Batch 460 | val_kld=23.296116 | val_ordacc@10=0.246541 | val_recall@10=0.799048
Epoch 001 | Step 460 | lr=1.000000e-03 | loss=23.083206
Epoch 001 | Batch 470 | val_kld=23.092350 | val_ordacc@10=0.245204 | val_recall@10=0.792635
Epoch 001 | Step 470 | lr=1.000000e-03 | loss=23.452023
Epoch 001 | Batch 480 | val_kld=22.949976 | val_ordacc@10=0.247537 | val_recall@10=0.790084
Epoch 001 | Step 480 | lr=1.000000e-03 | loss=23.215687
Epoch 001 | Batch 490 | val_kld=22.940128 | val_ordacc@10=0.254464 | val_recall@10=0.804550
Epoch 001 | Step 490 | lr=1.000000e-03 | loss=24.365543
Epoch 001 | Batch 500 | val_kld=23.127884 | val_ordacc@10=0.247738 | val_recall@10=0.788646
Epoch 001 | Step 500 | lr=1.000000e-03 | loss=24.772572
Epoch 001 | Batch 510 | val_kld=23.209345 | val_ordacc@10=0.240626 | val_recall@10=0.796410
Epoch 001 | Step 510 | lr=1.000000e-03 | loss=23.725334
Epoch 001 | Batch 520 | val_kld=22.977817 | val_ordacc@10=0.256527 | val_recall@10=0.805354
Epoch 001 | Step 520 | lr=1.000000e-03 | loss=22.522928
Epoch 001 | Batch 530 | val_kld=22.894569 | val_ordacc@10=0.246602 | val_recall@10=0.795917
Epoch 001 | Step 530 | lr=1.000000e-03 | loss=23.333271
Epoch 001 | Batch 540 | val_kld=23.104687 | val_ordacc@10=0.255440 | val_recall@10=0.795906
Epoch 001 | Step 540 | lr=1.000000e-03 | loss=23.553040
Epoch 001 | Batch 550 | val_kld=22.732762 | val_ordacc@10=0.245547 | val_recall@10=0.793335
Epoch 001 | Step 550 | lr=1.000000e-03 | loss=23.529686
Epoch 001 | Batch 560 | val_kld=22.878549 | val_ordacc@10=0.248335 | val_recall@10=0.798185
Epoch 001 | Step 560 | lr=1.000000e-03 | loss=22.123755
Epoch 001 | Batch 570 | val_kld=22.988154 | val_ordacc@10=0.258292 | val_recall@10=0.809485
Epoch 001 | Step 570 | lr=1.000000e-03 | loss=23.874958
Epoch 001 | Batch 580 | val_kld=22.855755 | val_ordacc@10=0.249347 | val_recall@10=0.796539
Epoch 001 | Step 580 | lr=1.000000e-03 | loss=22.836599
Epoch 001 | Batch 590 | val_kld=23.051264 | val_ordacc@10=0.247484 | val_recall@10=0.798327
Epoch 001 | Step 590 | lr=1.000000e-03 | loss=24.263607
Epoch 001 | Batch 600 | val_kld=22.699145 | val_ordacc@10=0.257564 | val_recall@10=0.801860
Epoch 001 | Step 600 | lr=1.000000e-03 | loss=23.896633
Epoch 001 | Batch 610 | val_kld=22.599077 | val_ordacc@10=0.250701 | val_recall@10=0.801811
Epoch 001 | Step 610 | lr=1.000000e-03 | loss=23.768883
Epoch 001 | Batch 620 | val_kld=22.559928 | val_ordacc@10=0.258269 | val_recall@10=0.797201
Epoch 001 | Step 620 | lr=1.000000e-03 | loss=23.076090
Epoch 001 | Batch 630 | val_kld=22.760775 | val_ordacc@10=0.255647 | val_recall@10=0.797623
Epoch 001 | Step 630 | lr=1.000000e-03 | loss=23.692825
Epoch 001 | Batch 640 | val_kld=23.028357 | val_ordacc@10=0.239503 | val_recall@10=0.789969
Epoch 001 | Step 640 | lr=1.000000e-03 | loss=22.348314
Epoch 001 | Batch 650 | val_kld=22.754462 | val_ordacc@10=0.260474 | val_recall@10=0.808255
Epoch 001 | Step 650 | lr=1.000000e-03 | loss=23.593987
Epoch 001 | Batch 660 | val_kld=22.504090 | val_ordacc@10=0.249182 | val_recall@10=0.799017
Epoch 001 | Step 660 | lr=1.000000e-03 | loss=23.843964
Epoch 001 | Batch 670 | val_kld=22.652694 | val_ordacc@10=0.261223 | val_recall@10=0.804572
Epoch 001 | Step 670 | lr=1.000000e-03 | loss=23.110662
Epoch 001 | Batch 680 | val_kld=22.458966 | val_ordacc@10=0.259146 | val_recall@10=0.803392
Epoch 001 | Step 680 | lr=1.000000e-03 | loss=23.650387
Epoch 001 | Batch 690 | val_kld=22.602826 | val_ordacc@10=0.253537 | val_recall@10=0.796390
Epoch 001 | Step 690 | lr=1.000000e-03 | loss=23.333021
Epoch 001 | Batch 700 | val_kld=22.630794 | val_ordacc@10=0.254005 | val_recall@10=0.796457
Epoch 001 | Step 700 | lr=1.000000e-03 | loss=22.990753
Epoch 001 | Batch 710 | val_kld=22.550903 | val_ordacc@10=0.262074 | val_recall@10=0.808847
Epoch 001 | Step 710 | lr=1.000000e-03 | loss=24.465851
Epoch 001 | Batch 720 | val_kld=22.616771 | val_ordacc@10=0.259046 | val_recall@10=0.804564
Epoch 001 | Step 720 | lr=1.000000e-03 | loss=23.295523
Epoch 001 | Batch 730 | val_kld=22.689950 | val_ordacc@10=0.246154 | val_recall@10=0.785318
Epoch 001 | Step 730 | lr=1.000000e-03 | loss=23.754675
Epoch 001 | Batch 740 | val_kld=22.485908 | val_ordacc@10=0.264813 | val_recall@10=0.805641
Epoch 001 | Step 740 | lr=1.000000e-03 | loss=23.847240
Epoch 001 | Batch 750 | val_kld=22.255451 | val_ordacc@10=0.255935 | val_recall@10=0.783195
Epoch 001 | Step 750 | lr=1.000000e-03 | loss=23.359644
Epoch 001 | Batch 760 | val_kld=22.361842 | val_ordacc@10=0.260622 | val_recall@10=0.797791
Epoch 001 | Step 760 | lr=1.000000e-03 | loss=22.444355
Epoch 001 | Batch 770 | val_kld=22.316435 | val_ordacc@10=0.262961 | val_recall@10=0.796395
Epoch 001 | Step 770 | lr=1.000000e-03 | loss=22.637283
Epoch 001 | Batch 780 | val_kld=22.674812 | val_ordacc@10=0.259886 | val_recall@10=0.796202
Epoch 001 | Step 780 | lr=1.000000e-03 | loss=22.460419
Epoch 001 | Batch 790 | val_kld=22.373809 | val_ordacc@10=0.260676 | val_recall@10=0.798592
Epoch 001 | Step 790 | lr=1.000000e-03 | loss=23.527430
Epoch 001 | Batch 800 | val_kld=22.400009 | val_ordacc@10=0.249359 | val_recall@10=0.787454
Epoch 001 | Step 800 | lr=1.000000e-03 | loss=23.390354
Epoch 001 | Batch 810 | val_kld=22.283278 | val_ordacc@10=0.262982 | val_recall@10=0.794961
Epoch 001 | Step 810 | lr=1.000000e-03 | loss=23.311670
Epoch 001 | Batch 820 | val_kld=22.643561 | val_ordacc@10=0.262928 | val_recall@10=0.806441
Epoch 001 | Step 820 | lr=1.000000e-03 | loss=23.582893
Epoch 001 | Batch 830 | val_kld=22.445907 | val_ordacc@10=0.257767 | val_recall@10=0.799554
Epoch 001 | Step 830 | lr=1.000000e-03 | loss=22.867451
Epoch 001 | Batch 840 | val_kld=22.284691 | val_ordacc@10=0.255182 | val_recall@10=0.792522
Epoch 001 | Step 840 | lr=1.000000e-03 | loss=23.774170
Epoch 001 | Batch 850 | val_kld=22.709257 | val_ordacc@10=0.248367 | val_recall@10=0.794624
Epoch 001 | Step 850 | lr=1.000000e-03 | loss=22.905817
Epoch 001 | Batch 860 | val_kld=22.221564 | val_ordacc@10=0.254397 | val_recall@10=0.792874
Epoch 001 | Step 860 | lr=1.000000e-03 | loss=23.083792
Epoch 001 | Batch 870 | val_kld=22.346420 | val_ordacc@10=0.263561 | val_recall@10=0.802452
Epoch 001 | Step 870 | lr=1.000000e-03 | loss=23.330210
Epoch 001 | Batch 880 | val_kld=21.910952 | val_ordacc@10=0.268354 | val_recall@10=0.801806
Epoch 001 | Step 880 | lr=1.000000e-03 | loss=23.053165
Epoch 001 | Batch 890 | val_kld=21.984668 | val_ordacc@10=0.266352 | val_recall@10=0.810454
Epoch 001 | Step 890 | lr=1.000000e-03 | loss=22.762329
Epoch 001 | Batch 900 | val_kld=22.321878 | val_ordacc@10=0.256152 | val_recall@10=0.793673
Epoch 001 | Step 900 | lr=1.000000e-03 | loss=23.388634
Epoch 001 | Batch 910 | val_kld=22.316530 | val_ordacc@10=0.269970 | val_recall@10=0.811416
Epoch 001 | Step 910 | lr=1.000000e-03 | loss=22.511147
Epoch 001 | Batch 920 | val_kld=22.153106 | val_ordacc@10=0.259563 | val_recall@10=0.795157
Epoch 001 | Step 920 | lr=1.000000e-03 | loss=23.549913
Epoch 001 | Batch 930 | val_kld=22.274187 | val_ordacc@10=0.264046 | val_recall@10=0.807928
Epoch 001 | Step 930 | lr=1.000000e-03 | loss=22.554340
Epoch 001 | Batch 940 | val_kld=22.256230 | val_ordacc@10=0.260802 | val_recall@10=0.798536
Epoch 001 | Step 940 | lr=1.000000e-03 | loss=22.776731
Epoch 001 | Batch 950 | val_kld=22.316821 | val_ordacc@10=0.262031 | val_recall@10=0.803766
Epoch 001 | Step 950 | lr=1.000000e-03 | loss=23.213308
Epoch 001 | Batch 960 | val_kld=22.119223 | val_ordacc@10=0.258245 | val_recall@10=0.786973
Epoch 001 | Step 960 | lr=1.000000e-03 | loss=22.458031
epoch 001 | train_kld=25.919649 | val_kld=21.876815 | val_mae=0.007677 | val_mse=0.001722 | ord_acc@10=0.2680 | recall@10=0.8015
Epoch 002 | Step 10 | lr=9.938442e-04 | loss=23.133356
Epoch 002 | Step 20 | lr=9.938442e-04 | loss=22.978823
Epoch 002 | Step 30 | lr=9.938442e-04 | loss=22.959339
Epoch 002 | Step 40 | lr=9.938442e-04 | loss=23.193260
Epoch 002 | Step 50 | lr=9.938442e-04 | loss=22.242392
Epoch 002 | Step 60 | lr=9.938442e-04 | loss=22.865986
Epoch 002 | Step 70 | lr=9.938442e-04 | loss=23.151838
Epoch 002 | Step 80 | lr=9.938442e-04 | loss=22.551498
Epoch 002 | Step 90 | lr=9.938442e-04 | loss=21.728138
Epoch 002 | Step 100 | lr=9.938442e-04 | loss=23.292114
Epoch 002 | Step 110 | lr=9.938442e-04 | loss=23.040573
Epoch 002 | Step 120 | lr=9.938442e-04 | loss=22.697857
Epoch 002 | Step 130 | lr=9.938442e-04 | loss=22.873436
Epoch 002 | Step 140 | lr=9.938442e-04 | loss=22.165138
Epoch 002 | Step 150 | lr=9.938442e-04 | loss=22.054728
Epoch 002 | Step 160 | lr=9.938442e-04 | loss=23.125816
Epoch 002 | Step 170 | lr=9.938442e-04 | loss=23.266872
Epoch 002 | Step 180 | lr=9.938442e-04 | loss=23.048580
Epoch 002 | Step 190 | lr=9.938442e-04 | loss=21.976788
Epoch 002 | Step 200 | lr=9.938442e-04 | loss=22.229755
Epoch 002 | Step 210 | lr=9.938442e-04 | loss=22.295238
Epoch 002 | Step 220 | lr=9.938442e-04 | loss=23.517109
Epoch 002 | Step 230 | lr=9.938442e-04 | loss=22.908077
Epoch 002 | Step 240 | lr=9.938442e-04 | loss=22.439854
Epoch 002 | Step 250 | lr=9.938442e-04 | loss=23.306055
Epoch 002 | Step 260 | lr=9.938442e-04 | loss=23.126755
Epoch 002 | Step 270 | lr=9.938442e-04 | loss=22.579266
Epoch 002 | Step 280 | lr=9.938442e-04 | loss=22.518089
Epoch 002 | Step 290 | lr=9.938442e-04 | loss=21.774887
Epoch 002 | Step 300 | lr=9.938442e-04 | loss=22.923271
Epoch 002 | Step 310 | lr=9.938442e-04 | loss=23.499628
Epoch 002 | Step 320 | lr=9.938442e-04 | loss=22.397627
Epoch 002 | Step 330 | lr=9.938442e-04 | loss=22.944468
Epoch 002 | Step 340 | lr=9.938442e-04 | loss=22.212353
Epoch 002 | Step 350 | lr=9.938442e-04 | loss=22.989639
Epoch 002 | Step 360 | lr=9.938442e-04 | loss=22.425228
Epoch 002 | Step 370 | lr=9.938442e-04 | loss=22.284290
Epoch 002 | Step 380 | lr=9.938442e-04 | loss=22.579592
Epoch 002 | Step 390 | lr=9.938442e-04 | loss=22.513123
Epoch 002 | Step 400 | lr=9.938442e-04 | loss=22.672607
Epoch 002 | Step 410 | lr=9.938442e-04 | loss=22.133238
Epoch 002 | Step 420 | lr=9.938442e-04 | loss=22.564240
Epoch 002 | Step 430 | lr=9.938442e-04 | loss=22.384007
Epoch 002 | Step 440 | lr=9.938442e-04 | loss=22.804085
Epoch 002 | Step 450 | lr=9.938442e-04 | loss=22.917294
Epoch 002 | Step 460 | lr=9.938442e-04 | loss=23.086462
Epoch 002 | Step 470 | lr=9.938442e-04 | loss=21.989294
Epoch 002 | Step 480 | lr=9.938442e-04 | loss=22.809277
Epoch 002 | Step 490 | lr=9.938442e-04 | loss=22.062267
Epoch 002 | Step 500 | lr=9.938442e-04 | loss=22.125202
Epoch 002 | Step 510 | lr=9.938442e-04 | loss=21.945227
Epoch 002 | Step 520 | lr=9.938442e-04 | loss=22.932676
Epoch 002 | Step 530 | lr=9.938442e-04 | loss=22.937408
Epoch 002 | Step 540 | lr=9.938442e-04 | loss=21.764572
Epoch 002 | Step 550 | lr=9.938442e-04 | loss=22.510002
Epoch 002 | Step 560 | lr=9.938442e-04 | loss=22.434027
Epoch 002 | Step 570 | lr=9.938442e-04 | loss=22.259775
Epoch 002 | Step 580 | lr=9.938442e-04 | loss=22.067389
Epoch 002 | Step 590 | lr=9.938442e-04 | loss=22.523493
Epoch 002 | Step 600 | lr=9.938442e-04 | loss=22.033169
Epoch 002 | Step 610 | lr=9.938442e-04 | loss=22.214382
Epoch 002 | Step 620 | lr=9.938442e-04 | loss=22.295019
Epoch 002 | Step 630 | lr=9.938442e-04 | loss=22.184135
Epoch 002 | Step 640 | lr=9.938442e-04 | loss=22.671432
Epoch 002 | Step 650 | lr=9.938442e-04 | loss=22.163607
Epoch 002 | Step 660 | lr=9.938442e-04 | loss=21.561083
Epoch 002 | Step 670 | lr=9.938442e-04 | loss=23.061964
Epoch 002 | Step 680 | lr=9.938442e-04 | loss=22.387318
Epoch 002 | Step 690 | lr=9.938442e-04 | loss=22.366053
Epoch 002 | Step 700 | lr=9.938442e-04 | loss=22.006151
Epoch 002 | Step 710 | lr=9.938442e-04 | loss=22.212057
Epoch 002 | Step 720 | lr=9.938442e-04 | loss=22.557499
Epoch 002 | Step 730 | lr=9.938442e-04 | loss=23.157619
Epoch 002 | Step 740 | lr=9.938442e-04 | loss=22.095333
Epoch 002 | Step 750 | lr=9.938442e-04 | loss=22.238708
Epoch 002 | Step 760 | lr=9.938442e-04 | loss=22.272415
Epoch 002 | Step 770 | lr=9.938442e-04 | loss=22.665688
Epoch 002 | Step 780 | lr=9.938442e-04 | loss=22.008995
Epoch 002 | Step 790 | lr=9.938442e-04 | loss=21.228273
Epoch 002 | Step 800 | lr=9.938442e-04 | loss=22.897755
Epoch 002 | Step 810 | lr=9.938442e-04 | loss=21.987978
Epoch 002 | Step 820 | lr=9.938442e-04 | loss=21.993240
Epoch 002 | Step 830 | lr=9.938442e-04 | loss=22.439770
Epoch 002 | Step 840 | lr=9.938442e-04 | loss=21.813532
Epoch 002 | Step 850 | lr=9.938442e-04 | loss=22.085188
Epoch 002 | Step 860 | lr=9.938442e-04 | loss=21.881067
Epoch 002 | Step 870 | lr=9.938442e-04 | loss=22.423374
Epoch 002 | Step 880 | lr=9.938442e-04 | loss=22.033791
Epoch 002 | Step 890 | lr=9.938442e-04 | loss=21.647366
Epoch 002 | Step 900 | lr=9.938442e-04 | loss=22.315395
Epoch 002 | Step 910 | lr=9.938442e-04 | loss=22.590801
Epoch 002 | Step 920 | lr=9.938442e-04 | loss=22.806690
Epoch 002 | Step 930 | lr=9.938442e-04 | loss=22.685499
Epoch 002 | Step 940 | lr=9.938442e-04 | loss=22.198935
Epoch 002 | Step 950 | lr=9.938442e-04 | loss=21.760101
Epoch 002 | Step 960 | lr=9.938442e-04 | loss=22.180771
epoch 002 | train_kld=22.504960 | val_kld=21.598924 | val_mae=0.007994 | val_mse=0.001915 | ord_acc@10=0.2745 | recall@10=0.7943
Epoch 003 | Step 10 | lr=9.755283e-04 | loss=22.324066
Epoch 003 | Step 20 | lr=9.755283e-04 | loss=22.885225
Epoch 003 | Step 30 | lr=9.755283e-04 | loss=22.658398
Epoch 003 | Step 40 | lr=9.755283e-04 | loss=21.902002
Epoch 003 | Step 50 | lr=9.755283e-04 | loss=21.948418
Epoch 003 | Step 60 | lr=9.755283e-04 | loss=22.129381
Epoch 003 | Step 70 | lr=9.755283e-04 | loss=21.748196
Epoch 003 | Step 80 | lr=9.755283e-04 | loss=22.106579
Epoch 003 | Step 90 | lr=9.755283e-04 | loss=22.456726
Epoch 003 | Step 100 | lr=9.755283e-04 | loss=22.357666
Epoch 003 | Step 110 | lr=9.755283e-04 | loss=21.871435
Epoch 003 | Step 120 | lr=9.755283e-04 | loss=21.907095
Epoch 003 | Step 130 | lr=9.755283e-04 | loss=22.224575
Epoch 003 | Step 140 | lr=9.755283e-04 | loss=21.099051
Epoch 003 | Step 150 | lr=9.755283e-04 | loss=22.255527
Epoch 003 | Step 160 | lr=9.755283e-04 | loss=21.180296
Epoch 003 | Step 170 | lr=9.755283e-04 | loss=22.478098
Epoch 003 | Step 180 | lr=9.755283e-04 | loss=22.860605
Epoch 003 | Step 190 | lr=9.755283e-04 | loss=21.729813
Epoch 003 | Step 200 | lr=9.755283e-04 | loss=22.187927
Epoch 003 | Step 210 | lr=9.755283e-04 | loss=21.624992
Epoch 003 | Step 220 | lr=9.755283e-04 | loss=21.987144
Epoch 003 | Step 230 | lr=9.755283e-04 | loss=21.761772
Epoch 003 | Step 240 | lr=9.755283e-04 | loss=21.353527
Epoch 003 | Step 250 | lr=9.755283e-04 | loss=21.339895
Epoch 003 | Step 260 | lr=9.755283e-04 | loss=21.990438
Epoch 003 | Step 270 | lr=9.755283e-04 | loss=22.447042
Epoch 003 | Step 280 | lr=9.755283e-04 | loss=22.938738
Epoch 003 | Step 290 | lr=9.755283e-04 | loss=22.310438
Epoch 003 | Step 300 | lr=9.755283e-04 | loss=21.774302
Epoch 003 | Step 310 | lr=9.755283e-04 | loss=21.699768
Epoch 003 | Step 320 | lr=9.755283e-04 | loss=21.652460
Epoch 003 | Step 330 | lr=9.755283e-04 | loss=22.218622
Epoch 003 | Step 340 | lr=9.755283e-04 | loss=21.841888
Epoch 003 | Step 350 | lr=9.755283e-04 | loss=21.986042
Epoch 003 | Step 360 | lr=9.755283e-04 | loss=22.646872
Epoch 003 | Step 370 | lr=9.755283e-04 | loss=22.066261
Epoch 003 | Step 380 | lr=9.755283e-04 | loss=21.358698
Epoch 003 | Step 390 | lr=9.755283e-04 | loss=21.314816
Epoch 003 | Step 400 | lr=9.755283e-04 | loss=22.190445
Epoch 003 | Step 410 | lr=9.755283e-04 | loss=21.971092
Epoch 003 | Step 420 | lr=9.755283e-04 | loss=22.358397
Epoch 003 | Step 430 | lr=9.755283e-04 | loss=22.241547
Epoch 003 | Step 440 | lr=9.755283e-04 | loss=22.416389
Epoch 003 | Step 450 | lr=9.755283e-04 | loss=21.761356
Epoch 003 | Step 460 | lr=9.755283e-04 | loss=21.192886
Epoch 003 | Step 470 | lr=9.755283e-04 | loss=22.054010
Epoch 003 | Step 480 | lr=9.755283e-04 | loss=22.122095
Epoch 003 | Step 490 | lr=9.755283e-04 | loss=22.637814
Epoch 003 | Step 500 | lr=9.755283e-04 | loss=22.070126
Epoch 003 | Step 510 | lr=9.755283e-04 | loss=21.873215
Epoch 003 | Step 520 | lr=9.755283e-04 | loss=21.508183
Epoch 003 | Step 530 | lr=9.755283e-04 | loss=22.381733
Epoch 003 | Step 540 | lr=9.755283e-04 | loss=21.804596
Epoch 003 | Step 550 | lr=9.755283e-04 | loss=21.828327
Epoch 003 | Step 560 | lr=9.755283e-04 | loss=22.309349
Epoch 003 | Step 570 | lr=9.755283e-04 | loss=22.141197
Epoch 003 | Step 580 | lr=9.755283e-04 | loss=21.577513
Epoch 003 | Step 590 | lr=9.755283e-04 | loss=22.086229
Epoch 003 | Step 600 | lr=9.755283e-04 | loss=22.182518
Epoch 003 | Step 610 | lr=9.755283e-04 | loss=21.996540
Epoch 003 | Step 620 | lr=9.755283e-04 | loss=21.517960
Epoch 003 | Step 630 | lr=9.755283e-04 | loss=21.464043
Epoch 003 | Step 640 | lr=9.755283e-04 | loss=22.146021
Epoch 003 | Step 650 | lr=9.755283e-04 | loss=22.375355
Epoch 003 | Step 660 | lr=9.755283e-04 | loss=22.422915
Epoch 003 | Step 670 | lr=9.755283e-04 | loss=21.357132
Epoch 003 | Step 680 | lr=9.755283e-04 | loss=22.042717
Epoch 003 | Step 690 | lr=9.755283e-04 | loss=21.366783
Epoch 003 | Step 700 | lr=9.755283e-04 | loss=21.840721
Epoch 003 | Step 710 | lr=9.755283e-04 | loss=22.036011
Epoch 003 | Step 720 | lr=9.755283e-04 | loss=21.633018
Epoch 003 | Step 730 | lr=9.755283e-04 | loss=21.446255
Epoch 003 | Step 740 | lr=9.755283e-04 | loss=21.620441
Epoch 003 | Step 750 | lr=9.755283e-04 | loss=22.171991
Epoch 003 | Step 760 | lr=9.755283e-04 | loss=22.148829
Epoch 003 | Step 770 | lr=9.755283e-04 | loss=22.859770
Epoch 003 | Step 780 | lr=9.755283e-04 | loss=21.665619
Epoch 003 | Step 790 | lr=9.755283e-04 | loss=21.619837
Epoch 003 | Step 800 | lr=9.755283e-04 | loss=22.169813
Epoch 003 | Step 810 | lr=9.755283e-04 | loss=22.244011
Epoch 003 | Step 820 | lr=9.755283e-04 | loss=22.159063
Epoch 003 | Step 830 | lr=9.755283e-04 | loss=21.360310
Epoch 003 | Step 840 | lr=9.755283e-04 | loss=21.905592
Epoch 003 | Step 850 | lr=9.755283e-04 | loss=22.370813
Epoch 003 | Step 860 | lr=9.755283e-04 | loss=21.056137
Epoch 003 | Step 870 | lr=9.755283e-04 | loss=22.401474
Epoch 003 | Step 880 | lr=9.755283e-04 | loss=21.421207
Epoch 003 | Step 890 | lr=9.755283e-04 | loss=21.603031
Epoch 003 | Step 900 | lr=9.755283e-04 | loss=20.960180
Epoch 003 | Step 910 | lr=9.755283e-04 | loss=21.750851
Epoch 003 | Step 920 | lr=9.755283e-04 | loss=21.243725
Epoch 003 | Step 930 | lr=9.755283e-04 | loss=21.859955
Epoch 003 | Step 940 | lr=9.755283e-04 | loss=22.237078
Epoch 003 | Step 950 | lr=9.755283e-04 | loss=22.445518
Epoch 003 | Step 960 | lr=9.755283e-04 | loss=22.112661
epoch 003 | train_kld=22.014148 | val_kld=21.117703 | val_mae=0.008093 | val_mse=0.002009 | ord_acc@10=0.2836 | recall@10=0.8085
Epoch 004 | Step 10 | lr=9.455033e-04 | loss=21.811501
Epoch 004 | Step 20 | lr=9.455033e-04 | loss=21.605186
Epoch 004 | Step 30 | lr=9.455033e-04 | loss=22.368643
Epoch 004 | Step 40 | lr=9.455033e-04 | loss=21.480024
Epoch 004 | Step 50 | lr=9.455033e-04 | loss=21.957695
Epoch 004 | Step 60 | lr=9.455033e-04 | loss=21.230207
Epoch 004 | Step 70 | lr=9.455033e-04 | loss=21.400707
Epoch 004 | Step 80 | lr=9.455033e-04 | loss=21.795044
Epoch 004 | Step 90 | lr=9.455033e-04 | loss=22.076164
Epoch 004 | Step 100 | lr=9.455033e-04 | loss=20.807972
Epoch 004 | Step 110 | lr=9.455033e-04 | loss=22.094763
Epoch 004 | Step 120 | lr=9.455033e-04 | loss=21.768600
Epoch 004 | Step 130 | lr=9.455033e-04 | loss=21.472368
Epoch 004 | Step 140 | lr=9.455033e-04 | loss=21.818878
Epoch 004 | Step 150 | lr=9.455033e-04 | loss=22.136131
Epoch 004 | Step 160 | lr=9.455033e-04 | loss=21.742147
Epoch 004 | Step 170 | lr=9.455033e-04 | loss=22.070351
Epoch 004 | Step 180 | lr=9.455033e-04 | loss=21.375982
Epoch 004 | Step 190 | lr=9.455033e-04 | loss=21.230118
Epoch 004 | Step 200 | lr=9.455033e-04 | loss=21.709145
Epoch 004 | Step 210 | lr=9.455033e-04 | loss=21.699684
Epoch 004 | Step 220 | lr=9.455033e-04 | loss=21.822859
Epoch 004 | Step 230 | lr=9.455033e-04 | loss=21.956169
Epoch 004 | Step 240 | lr=9.455033e-04 | loss=21.427792
Epoch 004 | Step 250 | lr=9.455033e-04 | loss=21.248262
Epoch 004 | Step 260 | lr=9.455033e-04 | loss=21.554829
Epoch 004 | Step 270 | lr=9.455033e-04 | loss=22.178272
Epoch 004 | Step 280 | lr=9.455033e-04 | loss=21.584469
Epoch 004 | Step 290 | lr=9.455033e-04 | loss=21.808113
Epoch 004 | Step 300 | lr=9.455033e-04 | loss=22.190678
Epoch 004 | Step 310 | lr=9.455033e-04 | loss=21.864563
Epoch 004 | Step 320 | lr=9.455033e-04 | loss=20.794964
Epoch 004 | Step 330 | lr=9.455033e-04 | loss=21.922331
Epoch 004 | Step 340 | lr=9.455033e-04 | loss=22.102634
Epoch 004 | Step 350 | lr=9.455033e-04 | loss=21.931437
Epoch 004 | Step 360 | lr=9.455033e-04 | loss=21.805672
Epoch 004 | Step 370 | lr=9.455033e-04 | loss=21.648134
Epoch 004 | Step 380 | lr=9.455033e-04 | loss=21.282124
Epoch 004 | Step 390 | lr=9.455033e-04 | loss=22.284840
Epoch 004 | Step 400 | lr=9.455033e-04 | loss=21.959839
Epoch 004 | Step 410 | lr=9.455033e-04 | loss=20.993748
Epoch 004 | Step 420 | lr=9.455033e-04 | loss=21.840189
Epoch 004 | Step 430 | lr=9.455033e-04 | loss=21.953184
Epoch 004 | Step 440 | lr=9.455033e-04 | loss=22.088760
Epoch 004 | Step 450 | lr=9.455033e-04 | loss=21.741482
Epoch 004 | Step 460 | lr=9.455033e-04 | loss=21.351963
Epoch 004 | Step 470 | lr=9.455033e-04 | loss=21.693846
Epoch 004 | Step 480 | lr=9.455033e-04 | loss=22.185383
Epoch 004 | Step 490 | lr=9.455033e-04 | loss=21.257349
Epoch 004 | Step 500 | lr=9.455033e-04 | loss=22.400185
Epoch 004 | Step 510 | lr=9.455033e-04 | loss=22.244564
Epoch 004 | Step 520 | lr=9.455033e-04 | loss=22.993073
Epoch 004 | Step 530 | lr=9.455033e-04 | loss=21.622704
Epoch 004 | Step 540 | lr=9.455033e-04 | loss=22.687233
Epoch 004 | Step 550 | lr=9.455033e-04 | loss=21.392250
Epoch 004 | Step 560 | lr=9.455033e-04 | loss=21.642937
Epoch 004 | Step 570 | lr=9.455033e-04 | loss=21.989605
Epoch 004 | Step 580 | lr=9.455033e-04 | loss=20.994541
Epoch 004 | Step 590 | lr=9.455033e-04 | loss=21.152794
Epoch 004 | Step 600 | lr=9.455033e-04 | loss=21.500374
Epoch 004 | Step 610 | lr=9.455033e-04 | loss=21.785910
Epoch 004 | Step 620 | lr=9.455033e-04 | loss=21.653677
Epoch 004 | Step 630 | lr=9.455033e-04 | loss=21.926708
Epoch 004 | Step 640 | lr=9.455033e-04 | loss=21.316298
Epoch 004 | Step 650 | lr=9.455033e-04 | loss=21.993515
Epoch 004 | Step 660 | lr=9.455033e-04 | loss=22.048889
Epoch 004 | Step 670 | lr=9.455033e-04 | loss=21.830853
Epoch 004 | Step 680 | lr=9.455033e-04 | loss=22.263893
Epoch 004 | Step 690 | lr=9.455033e-04 | loss=22.004356
Epoch 004 | Step 700 | lr=9.455033e-04 | loss=22.060114
Epoch 004 | Step 710 | lr=9.455033e-04 | loss=22.465441
Epoch 004 | Step 720 | lr=9.455033e-04 | loss=22.247395
Epoch 004 | Step 730 | lr=9.455033e-04 | loss=23.907749
Epoch 004 | Step 740 | lr=9.455033e-04 | loss=21.882515
Epoch 004 | Step 750 | lr=9.455033e-04 | loss=21.617174
Epoch 004 | Step 760 | lr=9.455033e-04 | loss=22.696878
Epoch 004 | Step 770 | lr=9.455033e-04 | loss=21.495211
Epoch 004 | Step 780 | lr=9.455033e-04 | loss=20.952755
Epoch 004 | Step 790 | lr=9.455033e-04 | loss=21.967655
Epoch 004 | Step 800 | lr=9.455033e-04 | loss=21.793926
Epoch 004 | Step 810 | lr=9.455033e-04 | loss=22.011444
Epoch 004 | Step 820 | lr=9.455033e-04 | loss=22.180235
Epoch 004 | Step 830 | lr=9.455033e-04 | loss=21.977776
Epoch 004 | Step 840 | lr=9.455033e-04 | loss=21.178146
Epoch 004 | Step 850 | lr=9.455033e-04 | loss=22.348045
Epoch 004 | Step 860 | lr=9.455033e-04 | loss=21.579489
Epoch 004 | Step 870 | lr=9.455033e-04 | loss=21.557775
Epoch 004 | Step 880 | lr=9.455033e-04 | loss=20.730358
Epoch 004 | Step 890 | lr=9.455033e-04 | loss=20.988230
Epoch 004 | Step 900 | lr=9.455033e-04 | loss=22.535210
Epoch 004 | Step 910 | lr=9.455033e-04 | loss=21.318005
Epoch 004 | Step 920 | lr=9.455033e-04 | loss=21.573690
Epoch 004 | Step 930 | lr=9.455033e-04 | loss=20.656258
Epoch 004 | Step 940 | lr=9.455033e-04 | loss=21.688744
Epoch 004 | Step 950 | lr=9.455033e-04 | loss=21.046425
Epoch 004 | Step 960 | lr=9.455033e-04 | loss=21.862846
epoch 004 | train_kld=21.715739 | val_kld=21.036288 | val_mae=0.008128 | val_mse=0.002015 | ord_acc@10=0.2923 | recall@10=0.8118
Epoch 005 | Step 10 | lr=9.045085e-04 | loss=21.911221
Epoch 005 | Step 20 | lr=9.045085e-04 | loss=21.465467
Epoch 005 | Step 30 | lr=9.045085e-04 | loss=20.993000
Epoch 005 | Step 40 | lr=9.045085e-04 | loss=21.558193
Epoch 005 | Step 50 | lr=9.045085e-04 | loss=21.313187
Epoch 005 | Step 60 | lr=9.045085e-04 | loss=21.449322
Epoch 005 | Step 70 | lr=9.045085e-04 | loss=22.760662
Epoch 005 | Step 80 | lr=9.045085e-04 | loss=21.052748
Epoch 005 | Step 90 | lr=9.045085e-04 | loss=21.260788
Epoch 005 | Step 100 | lr=9.045085e-04 | loss=21.509840
Epoch 005 | Step 110 | lr=9.045085e-04 | loss=20.648727
Epoch 005 | Step 120 | lr=9.045085e-04 | loss=22.175652
Epoch 005 | Step 130 | lr=9.045085e-04 | loss=21.140675
Epoch 005 | Step 140 | lr=9.045085e-04 | loss=21.734474
Epoch 005 | Step 150 | lr=9.045085e-04 | loss=21.982796
Epoch 005 | Step 160 | lr=9.045085e-04 | loss=21.515699
Epoch 005 | Step 170 | lr=9.045085e-04 | loss=21.807911
Epoch 005 | Step 180 | lr=9.045085e-04 | loss=22.176695
Epoch 005 | Step 190 | lr=9.045085e-04 | loss=21.988031
Epoch 005 | Step 200 | lr=9.045085e-04 | loss=21.950329
Epoch 005 | Step 210 | lr=9.045085e-04 | loss=21.203934
Epoch 005 | Step 220 | lr=9.045085e-04 | loss=21.876717
Epoch 005 | Step 230 | lr=9.045085e-04 | loss=20.719158
Epoch 005 | Step 240 | lr=9.045085e-04 | loss=22.484348
Epoch 005 | Step 250 | lr=9.045085e-04 | loss=20.831623
Epoch 005 | Step 260 | lr=9.045085e-04 | loss=21.634037
Epoch 005 | Step 270 | lr=9.045085e-04 | loss=21.237236
Epoch 005 | Step 280 | lr=9.045085e-04 | loss=20.868793
Epoch 005 | Step 290 | lr=9.045085e-04 | loss=20.831047
Epoch 005 | Step 300 | lr=9.045085e-04 | loss=22.625366
Epoch 005 | Step 310 | lr=9.045085e-04 | loss=22.108475
Epoch 005 | Step 320 | lr=9.045085e-04 | loss=21.944197
Epoch 005 | Step 330 | lr=9.045085e-04 | loss=21.160683
Epoch 005 | Step 340 | lr=9.045085e-04 | loss=21.558729
Epoch 005 | Step 350 | lr=9.045085e-04 | loss=21.469120
Epoch 005 | Step 360 | lr=9.045085e-04 | loss=21.273983
Epoch 005 | Step 370 | lr=9.045085e-04 | loss=21.813343
Epoch 005 | Step 380 | lr=9.045085e-04 | loss=21.886185
Epoch 005 | Step 390 | lr=9.045085e-04 | loss=20.895803
Epoch 005 | Step 400 | lr=9.045085e-04 | loss=21.134087
Epoch 005 | Step 410 | lr=9.045085e-04 | loss=22.154842
Epoch 005 | Step 420 | lr=9.045085e-04 | loss=21.624294
Epoch 005 | Step 430 | lr=9.045085e-04 | loss=21.945847
Epoch 005 | Step 440 | lr=9.045085e-04 | loss=21.357424
Epoch 005 | Step 450 | lr=9.045085e-04 | loss=21.496952
Epoch 005 | Step 460 | lr=9.045085e-04 | loss=21.425808
Epoch 005 | Step 470 | lr=9.045085e-04 | loss=22.606340
Epoch 005 | Step 480 | lr=9.045085e-04 | loss=21.134071
Epoch 005 | Step 490 | lr=9.045085e-04 | loss=20.310049
Epoch 005 | Step 500 | lr=9.045085e-04 | loss=20.575769
Epoch 005 | Step 510 | lr=9.045085e-04 | loss=21.614742
Epoch 005 | Step 520 | lr=9.045085e-04 | loss=20.729963
Epoch 005 | Step 530 | lr=9.045085e-04 | loss=21.662228
Epoch 005 | Step 540 | lr=9.045085e-04 | loss=21.048868
Epoch 005 | Step 550 | lr=9.045085e-04 | loss=21.750534
Epoch 005 | Step 560 | lr=9.045085e-04 | loss=22.468803
Epoch 005 | Step 570 | lr=9.045085e-04 | loss=21.456598
Epoch 005 | Step 580 | lr=9.045085e-04 | loss=21.697639
Epoch 005 | Step 590 | lr=9.045085e-04 | loss=21.642982
Epoch 005 | Step 600 | lr=9.045085e-04 | loss=21.582449
Epoch 005 | Step 610 | lr=9.045085e-04 | loss=21.284214
Epoch 005 | Step 620 | lr=9.045085e-04 | loss=21.776272
Epoch 005 | Step 630 | lr=9.045085e-04 | loss=20.914528
Epoch 005 | Step 640 | lr=9.045085e-04 | loss=21.752956
Epoch 005 | Step 650 | lr=9.045085e-04 | loss=22.069393
Epoch 005 | Step 660 | lr=9.045085e-04 | loss=23.361534
Epoch 005 | Step 670 | lr=9.045085e-04 | loss=21.423849
Epoch 005 | Step 680 | lr=9.045085e-04 | loss=21.992905
Epoch 005 | Step 690 | lr=9.045085e-04 | loss=21.340853
Epoch 005 | Step 700 | lr=9.045085e-04 | loss=22.442650
Epoch 005 | Step 710 | lr=9.045085e-04 | loss=21.878841
Epoch 005 | Step 720 | lr=9.045085e-04 | loss=21.005642
Epoch 005 | Step 730 | lr=9.045085e-04 | loss=21.607853
Epoch 005 | Step 740 | lr=9.045085e-04 | loss=21.666424
Epoch 005 | Step 750 | lr=9.045085e-04 | loss=20.174318
Epoch 005 | Step 760 | lr=9.045085e-04 | loss=21.160227
Epoch 005 | Step 770 | lr=9.045085e-04 | loss=20.971733
Epoch 005 | Step 780 | lr=9.045085e-04 | loss=21.647001
Epoch 005 | Step 790 | lr=9.045085e-04 | loss=22.385506
Epoch 005 | Step 800 | lr=9.045085e-04 | loss=21.653431
Epoch 005 | Step 810 | lr=9.045085e-04 | loss=21.509985
Epoch 005 | Step 820 | lr=9.045085e-04 | loss=21.112225
Epoch 005 | Step 830 | lr=9.045085e-04 | loss=21.119181
Epoch 005 | Step 840 | lr=9.045085e-04 | loss=21.720970
Epoch 005 | Step 850 | lr=9.045085e-04 | loss=22.278793
Epoch 005 | Step 860 | lr=9.045085e-04 | loss=21.060154
Epoch 005 | Step 870 | lr=9.045085e-04 | loss=22.258326
Epoch 005 | Step 880 | lr=9.045085e-04 | loss=20.526073
Epoch 005 | Step 890 | lr=9.045085e-04 | loss=20.911423
Epoch 005 | Step 900 | lr=9.045085e-04 | loss=21.479801
Epoch 005 | Step 910 | lr=9.045085e-04 | loss=21.258312
Epoch 005 | Step 920 | lr=9.045085e-04 | loss=20.452326
Epoch 005 | Step 930 | lr=9.045085e-04 | loss=21.273903
Epoch 005 | Step 940 | lr=9.045085e-04 | loss=21.854311
Epoch 005 | Step 950 | lr=9.045085e-04 | loss=20.545748
Epoch 005 | Step 960 | lr=9.045085e-04 | loss=21.780266
epoch 005 | train_kld=21.515174 | val_kld=21.174229 | val_mae=0.008169 | val_mse=0.002036 | ord_acc@10=0.2857 | recall@10=0.8128
Epoch 006 | Step 10 | lr=8.535534e-04 | loss=21.043079
Epoch 006 | Step 20 | lr=8.535534e-04 | loss=21.065720
Epoch 006 | Step 30 | lr=8.535534e-04 | loss=20.376369
Epoch 006 | Step 40 | lr=8.535534e-04 | loss=21.581814
Epoch 006 | Step 50 | lr=8.535534e-04 | loss=21.325031
Epoch 006 | Step 60 | lr=8.535534e-04 | loss=21.406731
Epoch 006 | Step 70 | lr=8.535534e-04 | loss=21.239008
Epoch 006 | Step 80 | lr=8.535534e-04 | loss=21.400238
Epoch 006 | Step 90 | lr=8.535534e-04 | loss=21.047642
Epoch 006 | Step 100 | lr=8.535534e-04 | loss=21.481497
Epoch 006 | Step 110 | lr=8.535534e-04 | loss=21.552528
Epoch 006 | Step 120 | lr=8.535534e-04 | loss=21.150948
Epoch 006 | Step 130 | lr=8.535534e-04 | loss=21.775480
Epoch 006 | Step 140 | lr=8.535534e-04 | loss=21.803535
Epoch 006 | Step 150 | lr=8.535534e-04 | loss=21.555576
Epoch 006 | Step 160 | lr=8.535534e-04 | loss=20.898666
Epoch 006 | Step 170 | lr=8.535534e-04 | loss=21.140526
Epoch 006 | Step 180 | lr=8.535534e-04 | loss=21.776009
Epoch 006 | Step 190 | lr=8.535534e-04 | loss=20.307209
Epoch 006 | Step 200 | lr=8.535534e-04 | loss=21.758907
Epoch 006 | Step 210 | lr=8.535534e-04 | loss=21.202042
Epoch 006 | Step 220 | lr=8.535534e-04 | loss=21.752327
Epoch 006 | Step 230 | lr=8.535534e-04 | loss=21.296856
Epoch 006 | Step 240 | lr=8.535534e-04 | loss=21.833288
Epoch 006 | Step 250 | lr=8.535534e-04 | loss=21.555101
Epoch 006 | Step 260 | lr=8.535534e-04 | loss=20.229589
Epoch 006 | Step 270 | lr=8.535534e-04 | loss=22.058140
Epoch 006 | Step 280 | lr=8.535534e-04 | loss=21.604361
Epoch 006 | Step 290 | lr=8.535534e-04 | loss=21.160431
Epoch 006 | Step 300 | lr=8.535534e-04 | loss=21.303432
Epoch 006 | Step 310 | lr=8.535534e-04 | loss=21.664047
Epoch 006 | Step 320 | lr=8.535534e-04 | loss=20.946192
Epoch 006 | Step 330 | lr=8.535534e-04 | loss=21.089857
Epoch 006 | Step 340 | lr=8.535534e-04 | loss=21.593300
Epoch 006 | Step 350 | lr=8.535534e-04 | loss=21.486349
Epoch 006 | Step 360 | lr=8.535534e-04 | loss=20.893303
Epoch 006 | Step 370 | lr=8.535534e-04 | loss=21.235525
Epoch 006 | Step 380 | lr=8.535534e-04 | loss=21.669359
Epoch 006 | Step 390 | lr=8.535534e-04 | loss=22.048817
Epoch 006 | Step 400 | lr=8.535534e-04 | loss=21.399887
Epoch 006 | Step 410 | lr=8.535534e-04 | loss=21.327496
Epoch 006 | Step 420 | lr=8.535534e-04 | loss=21.092878
Epoch 006 | Step 430 | lr=8.535534e-04 | loss=21.357164
Epoch 006 | Step 440 | lr=8.535534e-04 | loss=21.240475
Epoch 006 | Step 450 | lr=8.535534e-04 | loss=20.853706
Epoch 006 | Step 460 | lr=8.535534e-04 | loss=20.707584
Epoch 006 | Step 470 | lr=8.535534e-04 | loss=21.210052
Epoch 006 | Step 480 | lr=8.535534e-04 | loss=21.795286
Epoch 006 | Step 490 | lr=8.535534e-04 | loss=20.383209
Epoch 006 | Step 500 | lr=8.535534e-04 | loss=20.951107
Epoch 006 | Step 510 | lr=8.535534e-04 | loss=20.766718
Epoch 006 | Step 520 | lr=8.535534e-04 | loss=21.815725
Epoch 006 | Step 530 | lr=8.535534e-04 | loss=20.935482
Epoch 006 | Step 540 | lr=8.535534e-04 | loss=20.951656
Epoch 006 | Step 550 | lr=8.535534e-04 | loss=21.452728
Epoch 006 | Step 560 | lr=8.535534e-04 | loss=21.898663
Epoch 006 | Step 570 | lr=8.535534e-04 | loss=20.965670
Epoch 006 | Step 580 | lr=8.535534e-04 | loss=22.908785
Epoch 006 | Step 590 | lr=8.535534e-04 | loss=21.315834
Epoch 006 | Step 600 | lr=8.535534e-04 | loss=21.386898
Epoch 006 | Step 610 | lr=8.535534e-04 | loss=21.747812
Epoch 006 | Step 620 | lr=8.535534e-04 | loss=20.310017
Epoch 006 | Step 630 | lr=8.535534e-04 | loss=21.140022
Epoch 006 | Step 640 | lr=8.535534e-04 | loss=21.340370
Epoch 006 | Step 650 | lr=8.535534e-04 | loss=21.759697
Epoch 006 | Step 660 | lr=8.535534e-04 | loss=21.472881
Epoch 006 | Step 670 | lr=8.535534e-04 | loss=21.992393
Epoch 006 | Step 680 | lr=8.535534e-04 | loss=21.246864
Epoch 006 | Step 690 | lr=8.535534e-04 | loss=21.394615
Epoch 006 | Step 700 | lr=8.535534e-04 | loss=21.580055
Epoch 006 | Step 710 | lr=8.535534e-04 | loss=21.209259
Epoch 006 | Step 720 | lr=8.535534e-04 | loss=21.845560
Epoch 006 | Step 730 | lr=8.535534e-04 | loss=20.697756
Epoch 006 | Step 740 | lr=8.535534e-04 | loss=21.273455
Epoch 006 | Step 750 | lr=8.535534e-04 | loss=21.427139
Epoch 006 | Step 760 | lr=8.535534e-04 | loss=21.008228
Epoch 006 | Step 770 | lr=8.535534e-04 | loss=21.518454
Epoch 006 | Step 780 | lr=8.535534e-04 | loss=21.182617
Epoch 006 | Step 790 | lr=8.535534e-04 | loss=21.013977
Epoch 006 | Step 800 | lr=8.535534e-04 | loss=21.064651
Epoch 006 | Step 810 | lr=8.535534e-04 | loss=21.102047
Epoch 006 | Step 820 | lr=8.535534e-04 | loss=20.715790
Epoch 006 | Step 830 | lr=8.535534e-04 | loss=20.466286
Epoch 006 | Step 840 | lr=8.535534e-04 | loss=21.448971
Epoch 006 | Step 850 | lr=8.535534e-04 | loss=21.910744
Epoch 006 | Step 860 | lr=8.535534e-04 | loss=22.304701
Epoch 006 | Step 870 | lr=8.535534e-04 | loss=21.570808
Epoch 006 | Step 880 | lr=8.535534e-04 | loss=21.360868
Epoch 006 | Step 890 | lr=8.535534e-04 | loss=21.133450
Epoch 006 | Step 900 | lr=8.535534e-04 | loss=21.054482
Epoch 006 | Step 910 | lr=8.535534e-04 | loss=20.877560
Epoch 006 | Step 920 | lr=8.535534e-04 | loss=20.812458
Epoch 006 | Step 930 | lr=8.535534e-04 | loss=20.598217
Epoch 006 | Step 940 | lr=8.535534e-04 | loss=20.521030
Epoch 006 | Step 950 | lr=8.535534e-04 | loss=20.999773
Epoch 006 | Step 960 | lr=8.535534e-04 | loss=21.572701
epoch 006 | train_kld=21.310159 | val_kld=20.848271 | val_mae=0.008375 | val_mse=0.002188 | ord_acc@10=0.2900 | recall@10=0.8053
Epoch 007 | Step 10 | lr=7.938926e-04 | loss=21.440475
Epoch 007 | Step 20 | lr=7.938926e-04 | loss=21.889950
Epoch 007 | Step 30 | lr=7.938926e-04 | loss=21.104925
Epoch 007 | Step 40 | lr=7.938926e-04 | loss=20.914452
Epoch 007 | Step 50 | lr=7.938926e-04 | loss=21.347258
Epoch 007 | Step 60 | lr=7.938926e-04 | loss=22.239477
Epoch 007 | Step 70 | lr=7.938926e-04 | loss=20.651409
Epoch 007 | Step 80 | lr=7.938926e-04 | loss=20.618225
Epoch 007 | Step 90 | lr=7.938926e-04 | loss=21.101734
Epoch 007 | Step 100 | lr=7.938926e-04 | loss=21.064999
Epoch 007 | Step 110 | lr=7.938926e-04 | loss=21.029558
Epoch 007 | Step 120 | lr=7.938926e-04 | loss=21.362057
Epoch 007 | Step 130 | lr=7.938926e-04 | loss=21.277386
Epoch 007 | Step 140 | lr=7.938926e-04 | loss=21.563213
Epoch 007 | Step 150 | lr=7.938926e-04 | loss=21.262764
Epoch 007 | Step 160 | lr=7.938926e-04 | loss=21.314690
Epoch 007 | Step 170 | lr=7.938926e-04 | loss=21.677441
Epoch 007 | Step 180 | lr=7.938926e-04 | loss=20.404079
Epoch 007 | Step 190 | lr=7.938926e-04 | loss=21.392832
Epoch 007 | Step 200 | lr=7.938926e-04 | loss=20.492439
Epoch 007 | Step 210 | lr=7.938926e-04 | loss=20.867828
Epoch 007 | Step 220 | lr=7.938926e-04 | loss=21.720766
Epoch 007 | Step 230 | lr=7.938926e-04 | loss=19.573330
Epoch 007 | Step 240 | lr=7.938926e-04 | loss=20.905170
Epoch 007 | Step 250 | lr=7.938926e-04 | loss=21.470320
Epoch 007 | Step 260 | lr=7.938926e-04 | loss=22.100941
Epoch 007 | Step 270 | lr=7.938926e-04 | loss=21.618950
Epoch 007 | Step 280 | lr=7.938926e-04 | loss=21.074978
Epoch 007 | Step 290 | lr=7.938926e-04 | loss=21.352062
Epoch 007 | Step 300 | lr=7.938926e-04 | loss=22.557793
Epoch 007 | Step 310 | lr=7.938926e-04 | loss=21.098379
Epoch 007 | Step 320 | lr=7.938926e-04 | loss=21.499104
Epoch 007 | Step 330 | lr=7.938926e-04 | loss=20.618212
Epoch 007 | Step 340 | lr=7.938926e-04 | loss=21.854313
Epoch 007 | Step 350 | lr=7.938926e-04 | loss=20.853384
Epoch 007 | Step 360 | lr=7.938926e-04 | loss=21.142620
Epoch 007 | Step 370 | lr=7.938926e-04 | loss=20.805758
Epoch 007 | Step 380 | lr=7.938926e-04 | loss=20.606522
Epoch 007 | Step 390 | lr=7.938926e-04 | loss=20.593643
Epoch 007 | Step 400 | lr=7.938926e-04 | loss=22.017647
Epoch 007 | Step 410 | lr=7.938926e-04 | loss=21.412870
Epoch 007 | Step 420 | lr=7.938926e-04 | loss=21.502079
Epoch 007 | Step 430 | lr=7.938926e-04 | loss=21.823586
Epoch 007 | Step 440 | lr=7.938926e-04 | loss=21.557499
Epoch 007 | Step 450 | lr=7.938926e-04 | loss=20.426477
Epoch 007 | Step 460 | lr=7.938926e-04 | loss=20.782158
Epoch 007 | Step 470 | lr=7.938926e-04 | loss=19.838135
Epoch 007 | Step 480 | lr=7.938926e-04 | loss=21.309551
Epoch 007 | Step 490 | lr=7.938926e-04 | loss=20.754456
Epoch 007 | Step 500 | lr=7.938926e-04 | loss=21.025467
Epoch 007 | Step 510 | lr=7.938926e-04 | loss=21.487480
Epoch 007 | Step 520 | lr=7.938926e-04 | loss=21.747143
Epoch 007 | Step 530 | lr=7.938926e-04 | loss=21.154406
Epoch 007 | Step 540 | lr=7.938926e-04 | loss=21.252069
Epoch 007 | Step 550 | lr=7.938926e-04 | loss=20.827866
Epoch 007 | Step 560 | lr=7.938926e-04 | loss=21.709139
Epoch 007 | Step 570 | lr=7.938926e-04 | loss=21.194494
Epoch 007 | Step 580 | lr=7.938926e-04 | loss=20.513746
Epoch 007 | Step 590 | lr=7.938926e-04 | loss=20.612162
Epoch 007 | Step 600 | lr=7.938926e-04 | loss=20.067139
Epoch 007 | Step 610 | lr=7.938926e-04 | loss=20.938374
Epoch 007 | Step 620 | lr=7.938926e-04 | loss=21.099659
Epoch 007 | Step 630 | lr=7.938926e-04 | loss=20.579290
Epoch 007 | Step 640 | lr=7.938926e-04 | loss=20.198902
Epoch 007 | Step 650 | lr=7.938926e-04 | loss=21.073414
Epoch 007 | Step 660 | lr=7.938926e-04 | loss=21.442104
Epoch 007 | Step 670 | lr=7.938926e-04 | loss=20.563534
Epoch 007 | Step 680 | lr=7.938926e-04 | loss=21.904852
Epoch 007 | Step 690 | lr=7.938926e-04 | loss=20.513880
Epoch 007 | Step 700 | lr=7.938926e-04 | loss=20.987507
Epoch 007 | Step 710 | lr=7.938926e-04 | loss=20.956264
Epoch 007 | Step 720 | lr=7.938926e-04 | loss=20.687492
Epoch 007 | Step 730 | lr=7.938926e-04 | loss=20.586536
Epoch 007 | Step 740 | lr=7.938926e-04 | loss=21.077330
Epoch 007 | Step 750 | lr=7.938926e-04 | loss=21.996302
Epoch 007 | Step 760 | lr=7.938926e-04 | loss=21.881348
Epoch 007 | Step 770 | lr=7.938926e-04 | loss=20.688471
Epoch 007 | Step 780 | lr=7.938926e-04 | loss=21.081995
Epoch 007 | Step 790 | lr=7.938926e-04 | loss=21.108620
Epoch 007 | Step 800 | lr=7.938926e-04 | loss=19.905310
Epoch 007 | Step 810 | lr=7.938926e-04 | loss=19.671124
Epoch 007 | Step 820 | lr=7.938926e-04 | loss=21.604242
Epoch 007 | Step 830 | lr=7.938926e-04 | loss=21.804325
Epoch 007 | Step 840 | lr=7.938926e-04 | loss=20.812521
Epoch 007 | Step 850 | lr=7.938926e-04 | loss=21.176760
Epoch 007 | Step 860 | lr=7.938926e-04 | loss=21.119856
Epoch 007 | Step 870 | lr=7.938926e-04 | loss=22.465397
Epoch 007 | Step 880 | lr=7.938926e-04 | loss=22.148315
Epoch 007 | Step 890 | lr=7.938926e-04 | loss=21.770206
Epoch 007 | Step 900 | lr=7.938926e-04 | loss=21.193897
Epoch 007 | Step 910 | lr=7.938926e-04 | loss=21.701199
Epoch 007 | Step 920 | lr=7.938926e-04 | loss=20.856697
Epoch 007 | Step 930 | lr=7.938926e-04 | loss=20.830147
Epoch 007 | Step 940 | lr=7.938926e-04 | loss=21.098003
Epoch 007 | Step 950 | lr=7.938926e-04 | loss=21.178555
Epoch 007 | Step 960 | lr=7.938926e-04 | loss=21.436440
epoch 007 | train_kld=21.140923 | val_kld=20.725664 | val_mae=0.008403 | val_mse=0.002182 | ord_acc@10=0.2855 | recall@10=0.7951
Epoch 008 | Step 10 | lr=7.269952e-04 | loss=21.021397
Epoch 008 | Step 20 | lr=7.269952e-04 | loss=21.301792
Epoch 008 | Step 30 | lr=7.269952e-04 | loss=21.614101
Epoch 008 | Step 40 | lr=7.269952e-04 | loss=21.635504
Epoch 008 | Step 50 | lr=7.269952e-04 | loss=21.774769
Epoch 008 | Step 60 | lr=7.269952e-04 | loss=21.665180
Epoch 008 | Step 70 | lr=7.269952e-04 | loss=20.454258
Epoch 008 | Step 80 | lr=7.269952e-04 | loss=20.277870
Epoch 008 | Step 90 | lr=7.269952e-04 | loss=20.404266
Epoch 008 | Step 100 | lr=7.269952e-04 | loss=21.750164
Epoch 008 | Step 110 | lr=7.269952e-04 | loss=20.760759
Epoch 008 | Step 120 | lr=7.269952e-04 | loss=21.192554
Epoch 008 | Step 130 | lr=7.269952e-04 | loss=21.093719
Epoch 008 | Step 140 | lr=7.269952e-04 | loss=20.779396
Epoch 008 | Step 150 | lr=7.269952e-04 | loss=20.921425
Epoch 008 | Step 160 | lr=7.269952e-04 | loss=21.359922
Epoch 008 | Step 170 | lr=7.269952e-04 | loss=21.018026
Epoch 008 | Step 180 | lr=7.269952e-04 | loss=21.212318
Epoch 008 | Step 190 | lr=7.269952e-04 | loss=22.146870
Epoch 008 | Step 200 | lr=7.269952e-04 | loss=20.984612
Epoch 008 | Step 210 | lr=7.269952e-04 | loss=21.529068
Epoch 008 | Step 220 | lr=7.269952e-04 | loss=20.760330
Epoch 008 | Step 230 | lr=7.269952e-04 | loss=20.750782
Epoch 008 | Step 240 | lr=7.269952e-04 | loss=20.584229
Epoch 008 | Step 250 | lr=7.269952e-04 | loss=21.266422
Epoch 008 | Step 260 | lr=7.269952e-04 | loss=20.898186
Epoch 008 | Step 270 | lr=7.269952e-04 | loss=20.386322
Epoch 008 | Step 280 | lr=7.269952e-04 | loss=21.399649
Epoch 008 | Step 290 | lr=7.269952e-04 | loss=21.486435
Epoch 008 | Step 300 | lr=7.269952e-04 | loss=21.097395
Epoch 008 | Step 310 | lr=7.269952e-04 | loss=21.702648
Epoch 008 | Step 320 | lr=7.269952e-04 | loss=21.053612
Epoch 008 | Step 330 | lr=7.269952e-04 | loss=20.971306
Epoch 008 | Step 340 | lr=7.269952e-04 | loss=21.422564
Epoch 008 | Step 350 | lr=7.269952e-04 | loss=21.884430
Epoch 008 | Step 360 | lr=7.269952e-04 | loss=21.708961
Epoch 008 | Step 370 | lr=7.269952e-04 | loss=20.558676
Epoch 008 | Step 380 | lr=7.269952e-04 | loss=19.967670
Epoch 008 | Step 390 | lr=7.269952e-04 | loss=20.320572
Epoch 008 | Step 400 | lr=7.269952e-04 | loss=20.934511
Epoch 008 | Step 410 | lr=7.269952e-04 | loss=21.219856
Epoch 008 | Step 420 | lr=7.269952e-04 | loss=20.572626
Epoch 008 | Step 430 | lr=7.269952e-04 | loss=21.092285
Epoch 008 | Step 440 | lr=7.269952e-04 | loss=21.026937
Epoch 008 | Step 450 | lr=7.269952e-04 | loss=21.161737
Epoch 008 | Step 460 | lr=7.269952e-04 | loss=20.618385
Epoch 008 | Step 470 | lr=7.269952e-04 | loss=19.977966
Epoch 008 | Step 480 | lr=7.269952e-04 | loss=21.037487
Epoch 008 | Step 490 | lr=7.269952e-04 | loss=21.341576
Epoch 008 | Step 500 | lr=7.269952e-04 | loss=20.872593
Epoch 008 | Step 510 | lr=7.269952e-04 | loss=20.211544
Epoch 008 | Step 520 | lr=7.269952e-04 | loss=21.286232
Epoch 008 | Step 530 | lr=7.269952e-04 | loss=20.871531
Epoch 008 | Step 540 | lr=7.269952e-04 | loss=20.821392
Epoch 008 | Step 550 | lr=7.269952e-04 | loss=20.254223
Epoch 008 | Step 560 | lr=7.269952e-04 | loss=21.333370
Epoch 008 | Step 570 | lr=7.269952e-04 | loss=21.468536
Epoch 008 | Step 580 | lr=7.269952e-04 | loss=21.040607
Epoch 008 | Step 590 | lr=7.269952e-04 | loss=20.925968
Epoch 008 | Step 600 | lr=7.269952e-04 | loss=20.610598
Epoch 008 | Step 610 | lr=7.269952e-04 | loss=21.301067
Epoch 008 | Step 620 | lr=7.269952e-04 | loss=20.547894
Epoch 008 | Step 630 | lr=7.269952e-04 | loss=20.092049
Epoch 008 | Step 640 | lr=7.269952e-04 | loss=20.805523
Epoch 008 | Step 650 | lr=7.269952e-04 | loss=21.271519
Epoch 008 | Step 660 | lr=7.269952e-04 | loss=21.030043
Epoch 008 | Step 670 | lr=7.269952e-04 | loss=20.629402
Epoch 008 | Step 680 | lr=7.269952e-04 | loss=21.170355
Epoch 008 | Step 690 | lr=7.269952e-04 | loss=20.579525
Epoch 008 | Step 700 | lr=7.269952e-04 | loss=20.710552
Epoch 008 | Step 710 | lr=7.269952e-04 | loss=20.843628
Epoch 008 | Step 720 | lr=7.269952e-04 | loss=20.955177
Epoch 008 | Step 730 | lr=7.269952e-04 | loss=21.267296
Epoch 008 | Step 740 | lr=7.269952e-04 | loss=20.823856
Epoch 008 | Step 750 | lr=7.269952e-04 | loss=20.437294
Epoch 008 | Step 760 | lr=7.269952e-04 | loss=20.561224
Epoch 008 | Step 770 | lr=7.269952e-04 | loss=20.227419
Epoch 008 | Step 780 | lr=7.269952e-04 | loss=20.656174
Epoch 008 | Step 790 | lr=7.269952e-04 | loss=21.722103
Epoch 008 | Step 800 | lr=7.269952e-04 | loss=20.814442
Epoch 008 | Step 810 | lr=7.269952e-04 | loss=20.813339
Epoch 008 | Step 820 | lr=7.269952e-04 | loss=21.219124
Epoch 008 | Step 830 | lr=7.269952e-04 | loss=20.848183
Epoch 008 | Step 840 | lr=7.269952e-04 | loss=21.308609
Epoch 008 | Step 850 | lr=7.269952e-04 | loss=20.587940
Epoch 008 | Step 860 | lr=7.269952e-04 | loss=20.857046
Epoch 008 | Step 870 | lr=7.269952e-04 | loss=22.041138
Epoch 008 | Step 880 | lr=7.269952e-04 | loss=21.290794
Epoch 008 | Step 890 | lr=7.269952e-04 | loss=21.521454
Epoch 008 | Step 900 | lr=7.269952e-04 | loss=20.995506
Epoch 008 | Step 910 | lr=7.269952e-04 | loss=21.206863
Epoch 008 | Step 920 | lr=7.269952e-04 | loss=19.559547
Epoch 008 | Step 930 | lr=7.269952e-04 | loss=21.431738
Epoch 008 | Step 940 | lr=7.269952e-04 | loss=21.308353
Epoch 008 | Step 950 | lr=7.269952e-04 | loss=21.875137
Epoch 008 | Step 960 | lr=7.269952e-04 | loss=21.859676
epoch 008 | train_kld=20.973070 | val_kld=20.643075 | val_mae=0.008497 | val_mse=0.002258 | ord_acc@10=0.2942 | recall@10=0.8052
Epoch 009 | Step 10 | lr=6.545085e-04 | loss=21.876648
Epoch 009 | Step 20 | lr=6.545085e-04 | loss=21.258900
Epoch 009 | Step 30 | lr=6.545085e-04 | loss=20.412064
Epoch 009 | Step 40 | lr=6.545085e-04 | loss=20.980148
Epoch 009 | Step 50 | lr=6.545085e-04 | loss=21.416437
Epoch 009 | Step 60 | lr=6.545085e-04 | loss=21.050755
Epoch 009 | Step 70 | lr=6.545085e-04 | loss=21.142647
Epoch 009 | Step 80 | lr=6.545085e-04 | loss=20.813066
Epoch 009 | Step 90 | lr=6.545085e-04 | loss=20.705334
Epoch 009 | Step 100 | lr=6.545085e-04 | loss=20.962431
Epoch 009 | Step 110 | lr=6.545085e-04 | loss=20.731640
Epoch 009 | Step 120 | lr=6.545085e-04 | loss=20.689842
Epoch 009 | Step 130 | lr=6.545085e-04 | loss=20.540611
Epoch 009 | Step 140 | lr=6.545085e-04 | loss=20.967808
Epoch 009 | Step 150 | lr=6.545085e-04 | loss=20.931366
Epoch 009 | Step 160 | lr=6.545085e-04 | loss=21.692150
Epoch 009 | Step 170 | lr=6.545085e-04 | loss=20.650894
Epoch 009 | Step 180 | lr=6.545085e-04 | loss=20.473854
Epoch 009 | Step 190 | lr=6.545085e-04 | loss=20.657185
Epoch 009 | Step 200 | lr=6.545085e-04 | loss=20.607162
Epoch 009 | Step 210 | lr=6.545085e-04 | loss=20.759380
Epoch 009 | Step 220 | lr=6.545085e-04 | loss=20.475773
Epoch 009 | Step 230 | lr=6.545085e-04 | loss=20.358465
Epoch 009 | Step 240 | lr=6.545085e-04 | loss=20.883537
Epoch 009 | Step 250 | lr=6.545085e-04 | loss=21.232182
Epoch 009 | Step 260 | lr=6.545085e-04 | loss=21.398300
Epoch 009 | Step 270 | lr=6.545085e-04 | loss=20.507238
Epoch 009 | Step 280 | lr=6.545085e-04 | loss=20.530659
Epoch 009 | Step 290 | lr=6.545085e-04 | loss=21.736813
Epoch 009 | Step 300 | lr=6.545085e-04 | loss=21.069729
Epoch 009 | Step 310 | lr=6.545085e-04 | loss=21.058390
Epoch 009 | Step 320 | lr=6.545085e-04 | loss=20.468122
Epoch 009 | Step 330 | lr=6.545085e-04 | loss=20.753391
Epoch 009 | Step 340 | lr=6.545085e-04 | loss=21.550289
Epoch 009 | Step 350 | lr=6.545085e-04 | loss=20.516590
Epoch 009 | Step 360 | lr=6.545085e-04 | loss=21.335249
Epoch 009 | Step 370 | lr=6.545085e-04 | loss=20.864862
Epoch 009 | Step 380 | lr=6.545085e-04 | loss=19.922964
Epoch 009 | Step 390 | lr=6.545085e-04 | loss=20.731716
Epoch 009 | Step 400 | lr=6.545085e-04 | loss=21.115135
Epoch 009 | Step 410 | lr=6.545085e-04 | loss=21.340233
Epoch 009 | Step 420 | lr=6.545085e-04 | loss=20.291420
Epoch 009 | Step 430 | lr=6.545085e-04 | loss=21.679996
Epoch 009 | Step 440 | lr=6.545085e-04 | loss=21.706966
Epoch 009 | Step 450 | lr=6.545085e-04 | loss=20.329582
Epoch 009 | Step 460 | lr=6.545085e-04 | loss=20.725754
Epoch 009 | Step 470 | lr=6.545085e-04 | loss=20.630119
Epoch 009 | Step 480 | lr=6.545085e-04 | loss=20.532867
Epoch 009 | Step 490 | lr=6.545085e-04 | loss=20.588394
Epoch 009 | Step 500 | lr=6.545085e-04 | loss=21.735371
Epoch 009 | Step 510 | lr=6.545085e-04 | loss=21.695442
Epoch 009 | Step 520 | lr=6.545085e-04 | loss=20.933113
Epoch 009 | Step 530 | lr=6.545085e-04 | loss=19.810637
Epoch 009 | Step 540 | lr=6.545085e-04 | loss=20.931402
Epoch 009 | Step 550 | lr=6.545085e-04 | loss=20.881674
Epoch 009 | Step 560 | lr=6.545085e-04 | loss=21.005125
Epoch 009 | Step 570 | lr=6.545085e-04 | loss=20.195660
Epoch 009 | Step 580 | lr=6.545085e-04 | loss=19.707245
Epoch 009 | Step 590 | lr=6.545085e-04 | loss=20.379646
Epoch 009 | Step 600 | lr=6.545085e-04 | loss=20.848801
Epoch 009 | Step 610 | lr=6.545085e-04 | loss=21.759521
Epoch 009 | Step 620 | lr=6.545085e-04 | loss=21.092400
Epoch 009 | Step 630 | lr=6.545085e-04 | loss=19.997074
Epoch 009 | Step 640 | lr=6.545085e-04 | loss=21.154789
Epoch 009 | Step 650 | lr=6.545085e-04 | loss=20.924477
Epoch 009 | Step 660 | lr=6.545085e-04 | loss=20.229322
Epoch 009 | Step 670 | lr=6.545085e-04 | loss=20.244249
Epoch 009 | Step 680 | lr=6.545085e-04 | loss=20.595188
Epoch 009 | Step 690 | lr=6.545085e-04 | loss=21.324074
Epoch 009 | Step 700 | lr=6.545085e-04 | loss=21.607903
Epoch 009 | Step 710 | lr=6.545085e-04 | loss=21.199871
Epoch 009 | Step 720 | lr=6.545085e-04 | loss=21.917379
Epoch 009 | Step 730 | lr=6.545085e-04 | loss=20.691828
Epoch 009 | Step 740 | lr=6.545085e-04 | loss=20.609459
Epoch 009 | Step 750 | lr=6.545085e-04 | loss=19.933186
Epoch 009 | Step 760 | lr=6.545085e-04 | loss=20.764057
Epoch 009 | Step 770 | lr=6.545085e-04 | loss=20.703760
Epoch 009 | Step 780 | lr=6.545085e-04 | loss=20.184902
Epoch 009 | Step 790 | lr=6.545085e-04 | loss=20.903591
Epoch 009 | Step 800 | lr=6.545085e-04 | loss=20.406422
Epoch 009 | Step 810 | lr=6.545085e-04 | loss=20.683296
Epoch 009 | Step 820 | lr=6.545085e-04 | loss=20.852505
Epoch 009 | Step 830 | lr=6.545085e-04 | loss=20.077774
Epoch 009 | Step 840 | lr=6.545085e-04 | loss=20.632658
Epoch 009 | Step 850 | lr=6.545085e-04 | loss=20.568176
Epoch 009 | Step 860 | lr=6.545085e-04 | loss=20.435968
Epoch 009 | Step 870 | lr=6.545085e-04 | loss=21.452284
Epoch 009 | Step 880 | lr=6.545085e-04 | loss=21.143793
Epoch 009 | Step 890 | lr=6.545085e-04 | loss=20.943081
Epoch 009 | Step 900 | lr=6.545085e-04 | loss=21.220516
Epoch 009 | Step 910 | lr=6.545085e-04 | loss=20.525436
Epoch 009 | Step 920 | lr=6.545085e-04 | loss=20.678734
Epoch 009 | Step 930 | lr=6.545085e-04 | loss=21.411949
Epoch 009 | Step 940 | lr=6.545085e-04 | loss=20.797596
Epoch 009 | Step 950 | lr=6.545085e-04 | loss=20.777920
Epoch 009 | Step 960 | lr=6.545085e-04 | loss=21.102757
epoch 009 | train_kld=20.813659 | val_kld=20.490510 | val_mae=0.008662 | val_mse=0.002377 | ord_acc@10=0.3011 | recall@10=0.8077
Epoch 010 | Step 10 | lr=5.782172e-04 | loss=20.307854
Epoch 010 | Step 20 | lr=5.782172e-04 | loss=21.964233
Epoch 010 | Step 30 | lr=5.782172e-04 | loss=20.136683
Epoch 010 | Step 40 | lr=5.782172e-04 | loss=21.483280
Epoch 010 | Step 50 | lr=5.782172e-04 | loss=20.524933
Epoch 010 | Step 60 | lr=5.782172e-04 | loss=20.313869
Epoch 010 | Step 70 | lr=5.782172e-04 | loss=20.536240
Epoch 010 | Step 80 | lr=5.782172e-04 | loss=20.421568
Epoch 010 | Step 90 | lr=5.782172e-04 | loss=20.677265
Epoch 010 | Step 100 | lr=5.782172e-04 | loss=20.561554
Epoch 010 | Step 110 | lr=5.782172e-04 | loss=20.437519
Epoch 010 | Step 120 | lr=5.782172e-04 | loss=20.892235
Epoch 010 | Step 130 | lr=5.782172e-04 | loss=19.825920
Epoch 010 | Step 140 | lr=5.782172e-04 | loss=20.113503
Epoch 010 | Step 150 | lr=5.782172e-04 | loss=20.404308
Epoch 010 | Step 160 | lr=5.782172e-04 | loss=21.033890
Epoch 010 | Step 170 | lr=5.782172e-04 | loss=20.828445
Epoch 010 | Step 180 | lr=5.782172e-04 | loss=20.634384
Epoch 010 | Step 190 | lr=5.782172e-04 | loss=20.497400
Epoch 010 | Step 200 | lr=5.782172e-04 | loss=20.208473
Epoch 010 | Step 210 | lr=5.782172e-04 | loss=19.956636
Epoch 010 | Step 220 | lr=5.782172e-04 | loss=20.797441
Epoch 010 | Step 230 | lr=5.782172e-04 | loss=19.807663
Epoch 010 | Step 240 | lr=5.782172e-04 | loss=20.631796
Epoch 010 | Step 250 | lr=5.782172e-04 | loss=21.240963
Epoch 010 | Step 260 | lr=5.782172e-04 | loss=20.184036
Epoch 010 | Step 270 | lr=5.782172e-04 | loss=21.763199
Epoch 010 | Step 280 | lr=5.782172e-04 | loss=20.546858
Epoch 010 | Step 290 | lr=5.782172e-04 | loss=21.581402
Epoch 010 | Step 300 | lr=5.782172e-04 | loss=21.440788
Epoch 010 | Step 310 | lr=5.782172e-04 | loss=20.749722
Epoch 010 | Step 320 | lr=5.782172e-04 | loss=21.143621
Epoch 010 | Step 330 | lr=5.782172e-04 | loss=20.512554
Epoch 010 | Step 340 | lr=5.782172e-04 | loss=20.731800
Epoch 010 | Step 350 | lr=5.782172e-04 | loss=20.282726
Epoch 010 | Step 360 | lr=5.782172e-04 | loss=21.033211
Epoch 010 | Step 370 | lr=5.782172e-04 | loss=19.989342
Epoch 010 | Step 380 | lr=5.782172e-04 | loss=19.817087
Epoch 010 | Step 390 | lr=5.782172e-04 | loss=20.672043
Epoch 010 | Step 400 | lr=5.782172e-04 | loss=20.605856
Epoch 010 | Step 410 | lr=5.782172e-04 | loss=20.112841
Epoch 010 | Step 420 | lr=5.782172e-04 | loss=20.589096
Epoch 010 | Step 430 | lr=5.782172e-04 | loss=21.577253
Epoch 010 | Step 440 | lr=5.782172e-04 | loss=20.265369
Epoch 010 | Step 450 | lr=5.782172e-04 | loss=21.022038
Epoch 010 | Step 460 | lr=5.782172e-04 | loss=20.964079
Epoch 010 | Step 470 | lr=5.782172e-04 | loss=21.151899
Epoch 010 | Step 480 | lr=5.782172e-04 | loss=20.888723
Epoch 010 | Step 490 | lr=5.782172e-04 | loss=19.714581
Epoch 010 | Step 500 | lr=5.782172e-04 | loss=20.304012
Epoch 010 | Step 510 | lr=5.782172e-04 | loss=20.682144
Epoch 010 | Step 520 | lr=5.782172e-04 | loss=20.291487
Epoch 010 | Step 530 | lr=5.782172e-04 | loss=20.680946
Epoch 010 | Step 540 | lr=5.782172e-04 | loss=21.285244
Epoch 010 | Step 550 | lr=5.782172e-04 | loss=21.432610
Epoch 010 | Step 560 | lr=5.782172e-04 | loss=20.902004
Epoch 010 | Step 570 | lr=5.782172e-04 | loss=20.600792
Epoch 010 | Step 580 | lr=5.782172e-04 | loss=20.755726
Epoch 010 | Step 590 | lr=5.782172e-04 | loss=20.383253
Epoch 010 | Step 600 | lr=5.782172e-04 | loss=20.397373
Epoch 010 | Step 610 | lr=5.782172e-04 | loss=19.868465
Epoch 010 | Step 620 | lr=5.782172e-04 | loss=20.496643
Epoch 010 | Step 630 | lr=5.782172e-04 | loss=19.376247
Epoch 010 | Step 640 | lr=5.782172e-04 | loss=20.227562
Epoch 010 | Step 650 | lr=5.782172e-04 | loss=21.341930
Epoch 010 | Step 660 | lr=5.782172e-04 | loss=20.744299
Epoch 010 | Step 670 | lr=5.782172e-04 | loss=20.822807
Epoch 010 | Step 680 | lr=5.782172e-04 | loss=19.474466
Epoch 010 | Step 690 | lr=5.782172e-04 | loss=20.952717
Epoch 010 | Step 700 | lr=5.782172e-04 | loss=20.629263
Epoch 010 | Step 710 | lr=5.782172e-04 | loss=20.191435
Epoch 010 | Step 720 | lr=5.782172e-04 | loss=20.745327
Epoch 010 | Step 730 | lr=5.782172e-04 | loss=20.794884
Epoch 010 | Step 740 | lr=5.782172e-04 | loss=19.698917
Epoch 010 | Step 750 | lr=5.782172e-04 | loss=21.139820
Epoch 010 | Step 760 | lr=5.782172e-04 | loss=21.339670
Epoch 010 | Step 770 | lr=5.782172e-04 | loss=20.626791
Epoch 010 | Step 780 | lr=5.782172e-04 | loss=20.711037
Epoch 010 | Step 790 | lr=5.782172e-04 | loss=21.341545
Epoch 010 | Step 800 | lr=5.782172e-04 | loss=20.419033
Epoch 010 | Step 810 | lr=5.782172e-04 | loss=19.923101
Epoch 010 | Step 820 | lr=5.782172e-04 | loss=20.421846
Epoch 010 | Step 830 | lr=5.782172e-04 | loss=20.099178
Epoch 010 | Step 840 | lr=5.782172e-04 | loss=20.232515
Epoch 010 | Step 850 | lr=5.782172e-04 | loss=20.879669
Epoch 010 | Step 860 | lr=5.782172e-04 | loss=21.991261
Epoch 010 | Step 870 | lr=5.782172e-04 | loss=20.201849
Epoch 010 | Step 880 | lr=5.782172e-04 | loss=20.188892
Epoch 010 | Step 890 | lr=5.782172e-04 | loss=20.870327
Epoch 010 | Step 900 | lr=5.782172e-04 | loss=20.503246
Epoch 010 | Step 910 | lr=5.782172e-04 | loss=20.478260
Epoch 010 | Step 920 | lr=5.782172e-04 | loss=19.920023
Epoch 010 | Step 930 | lr=5.782172e-04 | loss=20.418125
Epoch 010 | Step 940 | lr=5.782172e-04 | loss=20.950760
Epoch 010 | Step 950 | lr=5.782172e-04 | loss=20.585598
Epoch 010 | Step 960 | lr=5.782172e-04 | loss=20.292145
epoch 010 | train_kld=20.632254 | val_kld=20.444658 | val_mae=0.008637 | val_mse=0.002362 | ord_acc@10=0.3008 | recall@10=0.8081
Epoch 011 | Step 10 | lr=5.000000e-04 | loss=20.120176
Epoch 011 | Step 20 | lr=5.000000e-04 | loss=20.323318
Epoch 011 | Step 30 | lr=5.000000e-04 | loss=20.087395
Epoch 011 | Step 40 | lr=5.000000e-04 | loss=21.108517
Epoch 011 | Step 50 | lr=5.000000e-04 | loss=21.216036
Epoch 011 | Step 60 | lr=5.000000e-04 | loss=19.396078
Epoch 011 | Step 70 | lr=5.000000e-04 | loss=20.993721
Epoch 011 | Step 80 | lr=5.000000e-04 | loss=20.692677
Epoch 011 | Step 90 | lr=5.000000e-04 | loss=20.480621
Epoch 011 | Step 100 | lr=5.000000e-04 | loss=21.405382
Epoch 011 | Step 110 | lr=5.000000e-04 | loss=20.746239
Epoch 011 | Step 120 | lr=5.000000e-04 | loss=20.120989
Epoch 011 | Step 130 | lr=5.000000e-04 | loss=20.986420
Epoch 011 | Step 140 | lr=5.000000e-04 | loss=20.046051
Epoch 011 | Step 150 | lr=5.000000e-04 | loss=20.473845
Epoch 011 | Step 160 | lr=5.000000e-04 | loss=21.157013
Epoch 011 | Step 170 | lr=5.000000e-04 | loss=19.437008
Epoch 011 | Step 180 | lr=5.000000e-04 | loss=20.248859
Epoch 011 | Step 190 | lr=5.000000e-04 | loss=20.940342
Epoch 011 | Step 200 | lr=5.000000e-04 | loss=20.083101
Epoch 011 | Step 210 | lr=5.000000e-04 | loss=19.709192
Epoch 011 | Step 220 | lr=5.000000e-04 | loss=20.527489
Epoch 011 | Step 230 | lr=5.000000e-04 | loss=21.039454
Epoch 011 | Step 240 | lr=5.000000e-04 | loss=20.491035
Epoch 011 | Step 250 | lr=5.000000e-04 | loss=20.657043
Epoch 011 | Step 260 | lr=5.000000e-04 | loss=20.100079
Epoch 011 | Step 270 | lr=5.000000e-04 | loss=20.750124
Epoch 011 | Step 280 | lr=5.000000e-04 | loss=20.506319
Epoch 011 | Step 290 | lr=5.000000e-04 | loss=20.846876
Epoch 011 | Step 300 | lr=5.000000e-04 | loss=21.383350
Epoch 011 | Step 310 | lr=5.000000e-04 | loss=20.022362
Epoch 011 | Step 320 | lr=5.000000e-04 | loss=20.735998
Epoch 011 | Step 330 | lr=5.000000e-04 | loss=20.595390
Epoch 011 | Step 340 | lr=5.000000e-04 | loss=20.574865
Epoch 011 | Step 350 | lr=5.000000e-04 | loss=20.479919
Epoch 011 | Step 360 | lr=5.000000e-04 | loss=20.347504
Epoch 011 | Step 370 | lr=5.000000e-04 | loss=20.835051
Epoch 011 | Step 380 | lr=5.000000e-04 | loss=20.047668
Epoch 011 | Step 390 | lr=5.000000e-04 | loss=20.643970
Epoch 011 | Step 400 | lr=5.000000e-04 | loss=21.069477
Epoch 011 | Step 410 | lr=5.000000e-04 | loss=21.544537
Epoch 011 | Step 420 | lr=5.000000e-04 | loss=19.791327
Epoch 011 | Step 430 | lr=5.000000e-04 | loss=19.579323
Epoch 011 | Step 440 | lr=5.000000e-04 | loss=20.603813
Epoch 011 | Step 450 | lr=5.000000e-04 | loss=20.069452
Epoch 011 | Step 460 | lr=5.000000e-04 | loss=19.767887
Epoch 011 | Step 470 | lr=5.000000e-04 | loss=21.053009
Epoch 011 | Step 480 | lr=5.000000e-04 | loss=20.122692
Epoch 011 | Step 490 | lr=5.000000e-04 | loss=20.260599
Epoch 011 | Step 500 | lr=5.000000e-04 | loss=20.525208
Epoch 011 | Step 510 | lr=5.000000e-04 | loss=20.549702
Epoch 011 | Step 520 | lr=5.000000e-04 | loss=20.526037
Epoch 011 | Step 530 | lr=5.000000e-04 | loss=20.878471
Epoch 011 | Step 540 | lr=5.000000e-04 | loss=20.205231
Epoch 011 | Step 550 | lr=5.000000e-04 | loss=20.069004
Epoch 011 | Step 560 | lr=5.000000e-04 | loss=20.855278
Epoch 011 | Step 570 | lr=5.000000e-04 | loss=20.598215
Epoch 011 | Step 580 | lr=5.000000e-04 | loss=21.032913
Epoch 011 | Step 590 | lr=5.000000e-04 | loss=20.743271
Epoch 011 | Step 600 | lr=5.000000e-04 | loss=20.710102
Epoch 011 | Step 610 | lr=5.000000e-04 | loss=19.983597
Epoch 011 | Step 620 | lr=5.000000e-04 | loss=20.774019
Epoch 011 | Step 630 | lr=5.000000e-04 | loss=20.374596
Epoch 011 | Step 640 | lr=5.000000e-04 | loss=20.461321
Epoch 011 | Step 650 | lr=5.000000e-04 | loss=20.670605
Epoch 011 | Step 660 | lr=5.000000e-04 | loss=20.119865
Epoch 011 | Step 670 | lr=5.000000e-04 | loss=20.279808
Epoch 011 | Step 680 | lr=5.000000e-04 | loss=19.594070
Epoch 011 | Step 690 | lr=5.000000e-04 | loss=21.126308
Epoch 011 | Step 700 | lr=5.000000e-04 | loss=20.511963
Epoch 011 | Step 710 | lr=5.000000e-04 | loss=19.962418
Epoch 011 | Step 720 | lr=5.000000e-04 | loss=20.662563
Epoch 011 | Step 730 | lr=5.000000e-04 | loss=20.762321
Epoch 011 | Step 740 | lr=5.000000e-04 | loss=20.105888
Epoch 011 | Step 750 | lr=5.000000e-04 | loss=20.322887
Epoch 011 | Step 760 | lr=5.000000e-04 | loss=20.792826
Epoch 011 | Step 770 | lr=5.000000e-04 | loss=20.658939
Epoch 011 | Step 780 | lr=5.000000e-04 | loss=20.627338
Epoch 011 | Step 790 | lr=5.000000e-04 | loss=20.937084
Epoch 011 | Step 800 | lr=5.000000e-04 | loss=20.344263
Epoch 011 | Step 810 | lr=5.000000e-04 | loss=20.309570
Epoch 011 | Step 820 | lr=5.000000e-04 | loss=21.159702
Epoch 011 | Step 830 | lr=5.000000e-04 | loss=20.610233
Epoch 011 | Step 840 | lr=5.000000e-04 | loss=20.341339
Epoch 011 | Step 850 | lr=5.000000e-04 | loss=20.743942
Epoch 011 | Step 860 | lr=5.000000e-04 | loss=20.271580
Epoch 011 | Step 870 | lr=5.000000e-04 | loss=20.409285
Epoch 011 | Step 880 | lr=5.000000e-04 | loss=21.226137
Epoch 011 | Step 890 | lr=5.000000e-04 | loss=19.995480
Epoch 011 | Step 900 | lr=5.000000e-04 | loss=20.154448
Epoch 011 | Step 910 | lr=5.000000e-04 | loss=20.667616
Epoch 011 | Step 920 | lr=5.000000e-04 | loss=20.961163
Epoch 011 | Step 930 | lr=5.000000e-04 | loss=20.920227
Epoch 011 | Step 940 | lr=5.000000e-04 | loss=20.277910
Epoch 011 | Step 950 | lr=5.000000e-04 | loss=20.683197
Epoch 011 | Step 960 | lr=5.000000e-04 | loss=20.440842
epoch 011 | train_kld=20.486117 | val_kld=20.522428 | val_mae=0.008751 | val_mse=0.002443 | ord_acc@10=0.3003 | recall@10=0.8086
Epoch 012 | Step 10 | lr=4.217828e-04 | loss=20.546490
Epoch 012 | Step 20 | lr=4.217828e-04 | loss=20.515226
Epoch 012 | Step 30 | lr=4.217828e-04 | loss=20.846100
Epoch 012 | Step 40 | lr=4.217828e-04 | loss=20.045971
Epoch 012 | Step 50 | lr=4.217828e-04 | loss=20.838612
Epoch 012 | Step 60 | lr=4.217828e-04 | loss=21.015808
Epoch 012 | Step 70 | lr=4.217828e-04 | loss=20.310223
Epoch 012 | Step 80 | lr=4.217828e-04 | loss=20.601532
Epoch 012 | Step 90 | lr=4.217828e-04 | loss=20.228981
Epoch 012 | Step 100 | lr=4.217828e-04 | loss=20.464508
Epoch 012 | Step 110 | lr=4.217828e-04 | loss=20.091347
Epoch 012 | Step 120 | lr=4.217828e-04 | loss=20.010548
Epoch 012 | Step 130 | lr=4.217828e-04 | loss=20.232071
Epoch 012 | Step 140 | lr=4.217828e-04 | loss=20.037809
Epoch 012 | Step 150 | lr=4.217828e-04 | loss=19.959089
Epoch 012 | Step 160 | lr=4.217828e-04 | loss=19.721073
Epoch 012 | Step 170 | lr=4.217828e-04 | loss=19.038670
Epoch 012 | Step 180 | lr=4.217828e-04 | loss=21.188784
Epoch 012 | Step 190 | lr=4.217828e-04 | loss=20.323383
Epoch 012 | Step 200 | lr=4.217828e-04 | loss=20.544270
Epoch 012 | Step 210 | lr=4.217828e-04 | loss=20.129707
Epoch 012 | Step 220 | lr=4.217828e-04 | loss=20.323233
Epoch 012 | Step 230 | lr=4.217828e-04 | loss=20.691282
Epoch 012 | Step 240 | lr=4.217828e-04 | loss=20.490433
Epoch 012 | Step 250 | lr=4.217828e-04 | loss=20.651924
Epoch 012 | Step 260 | lr=4.217828e-04 | loss=20.866961
Epoch 012 | Step 270 | lr=4.217828e-04 | loss=19.869463
Epoch 012 | Step 280 | lr=4.217828e-04 | loss=20.015852
Epoch 012 | Step 290 | lr=4.217828e-04 | loss=20.224888
Epoch 012 | Step 300 | lr=4.217828e-04 | loss=20.247272
Epoch 012 | Step 310 | lr=4.217828e-04 | loss=20.831554
Epoch 012 | Step 320 | lr=4.217828e-04 | loss=21.455090
Epoch 012 | Step 330 | lr=4.217828e-04 | loss=19.387308
Epoch 012 | Step 340 | lr=4.217828e-04 | loss=20.823105
Epoch 012 | Step 350 | lr=4.217828e-04 | loss=20.571148
Epoch 012 | Step 360 | lr=4.217828e-04 | loss=19.639824
Epoch 012 | Step 370 | lr=4.217828e-04 | loss=21.260860
Epoch 012 | Step 380 | lr=4.217828e-04 | loss=19.649506
Epoch 012 | Step 390 | lr=4.217828e-04 | loss=20.920559
Epoch 012 | Step 400 | lr=4.217828e-04 | loss=19.557667
Epoch 012 | Step 410 | lr=4.217828e-04 | loss=20.869461
Epoch 012 | Step 420 | lr=4.217828e-04 | loss=20.460598
Epoch 012 | Step 430 | lr=4.217828e-04 | loss=19.808731
Epoch 012 | Step 440 | lr=4.217828e-04 | loss=21.332253
Epoch 012 | Step 450 | lr=4.217828e-04 | loss=20.498009
Epoch 012 | Step 460 | lr=4.217828e-04 | loss=20.134281
Epoch 012 | Step 470 | lr=4.217828e-04 | loss=19.249470
Epoch 012 | Step 480 | lr=4.217828e-04 | loss=20.558784
Epoch 012 | Step 490 | lr=4.217828e-04 | loss=20.307175
Epoch 012 | Step 500 | lr=4.217828e-04 | loss=20.471687
Epoch 012 | Step 510 | lr=4.217828e-04 | loss=20.223627
Epoch 012 | Step 520 | lr=4.217828e-04 | loss=19.903904
Epoch 012 | Step 530 | lr=4.217828e-04 | loss=20.271914
Epoch 012 | Step 540 | lr=4.217828e-04 | loss=20.649149
Epoch 012 | Step 550 | lr=4.217828e-04 | loss=21.006916
Epoch 012 | Step 560 | lr=4.217828e-04 | loss=20.743633
Epoch 012 | Step 570 | lr=4.217828e-04 | loss=20.267620
Epoch 012 | Step 580 | lr=4.217828e-04 | loss=20.302361
Epoch 012 | Step 590 | lr=4.217828e-04 | loss=20.453350
Epoch 012 | Step 600 | lr=4.217828e-04 | loss=20.402359
Epoch 012 | Step 610 | lr=4.217828e-04 | loss=20.235353
Epoch 012 | Step 620 | lr=4.217828e-04 | loss=19.643398
Epoch 012 | Step 630 | lr=4.217828e-04 | loss=19.992489
Epoch 012 | Step 640 | lr=4.217828e-04 | loss=20.323875
Epoch 012 | Step 650 | lr=4.217828e-04 | loss=20.978184
Epoch 012 | Step 660 | lr=4.217828e-04 | loss=19.727623
Epoch 012 | Step 670 | lr=4.217828e-04 | loss=20.448078
Epoch 012 | Step 680 | lr=4.217828e-04 | loss=20.959618
Epoch 012 | Step 690 | lr=4.217828e-04 | loss=21.155996
Epoch 012 | Step 700 | lr=4.217828e-04 | loss=19.383863
Epoch 012 | Step 710 | lr=4.217828e-04 | loss=20.473736
Epoch 012 | Step 720 | lr=4.217828e-04 | loss=20.890165
Epoch 012 | Step 730 | lr=4.217828e-04 | loss=20.238861
Epoch 012 | Step 740 | lr=4.217828e-04 | loss=21.031548
Epoch 012 | Step 750 | lr=4.217828e-04 | loss=21.011944
Epoch 012 | Step 760 | lr=4.217828e-04 | loss=20.987226
Epoch 012 | Step 770 | lr=4.217828e-04 | loss=20.658764
Epoch 012 | Step 780 | lr=4.217828e-04 | loss=20.234509
Epoch 012 | Step 790 | lr=4.217828e-04 | loss=20.485348
Epoch 012 | Step 800 | lr=4.217828e-04 | loss=20.182636
Epoch 012 | Step 810 | lr=4.217828e-04 | loss=19.726124
Epoch 012 | Step 820 | lr=4.217828e-04 | loss=20.971800
Epoch 012 | Step 830 | lr=4.217828e-04 | loss=20.462723
Epoch 012 | Step 840 | lr=4.217828e-04 | loss=20.276703
Epoch 012 | Step 850 | lr=4.217828e-04 | loss=20.354136
Epoch 012 | Step 860 | lr=4.217828e-04 | loss=20.573551
Epoch 012 | Step 870 | lr=4.217828e-04 | loss=20.796419
Epoch 012 | Step 880 | lr=4.217828e-04 | loss=20.398346
Epoch 012 | Step 890 | lr=4.217828e-04 | loss=20.450357
Epoch 012 | Step 900 | lr=4.217828e-04 | loss=20.669693
Epoch 012 | Step 910 | lr=4.217828e-04 | loss=20.083469
Epoch 012 | Step 920 | lr=4.217828e-04 | loss=20.523865
Epoch 012 | Step 930 | lr=4.217828e-04 | loss=19.929298
Epoch 012 | Step 940 | lr=4.217828e-04 | loss=20.853949
Epoch 012 | Step 950 | lr=4.217828e-04 | loss=20.654766
Epoch 012 | Step 960 | lr=4.217828e-04 | loss=20.430513
epoch 012 | train_kld=20.312252 | val_kld=20.370493 | val_mae=0.008702 | val_mse=0.002410 | ord_acc@10=0.3005 | recall@10=0.8102
Epoch 013 | Step 10 | lr=3.454915e-04 | loss=19.870581
Epoch 013 | Step 20 | lr=3.454915e-04 | loss=20.123829
Epoch 013 | Step 30 | lr=3.454915e-04 | loss=18.640129
Epoch 013 | Step 40 | lr=3.454915e-04 | loss=20.240047
Epoch 013 | Step 50 | lr=3.454915e-04 | loss=20.496677
Epoch 013 | Step 60 | lr=3.454915e-04 | loss=20.118204
Epoch 013 | Step 70 | lr=3.454915e-04 | loss=20.057501
Epoch 013 | Step 80 | lr=3.454915e-04 | loss=20.273264
Epoch 013 | Step 90 | lr=3.454915e-04 | loss=20.867327
Epoch 013 | Step 100 | lr=3.454915e-04 | loss=19.590145
Epoch 013 | Step 110 | lr=3.454915e-04 | loss=19.906281
Epoch 013 | Step 120 | lr=3.454915e-04 | loss=20.418907
Epoch 013 | Step 130 | lr=3.454915e-04 | loss=20.553680
Epoch 013 | Step 140 | lr=3.454915e-04 | loss=19.816692
Epoch 013 | Step 150 | lr=3.454915e-04 | loss=19.994452
Epoch 013 | Step 160 | lr=3.454915e-04 | loss=20.342642
Epoch 013 | Step 170 | lr=3.454915e-04 | loss=19.722868
Epoch 013 | Step 180 | lr=3.454915e-04 | loss=20.757267
Epoch 013 | Step 190 | lr=3.454915e-04 | loss=20.480263
Epoch 013 | Step 200 | lr=3.454915e-04 | loss=20.197903
Epoch 013 | Step 210 | lr=3.454915e-04 | loss=20.472660
Epoch 013 | Step 220 | lr=3.454915e-04 | loss=20.783253
Epoch 013 | Step 230 | lr=3.454915e-04 | loss=20.007860
Epoch 013 | Step 240 | lr=3.454915e-04 | loss=19.427546
Epoch 013 | Step 250 | lr=3.454915e-04 | loss=20.702587
Epoch 013 | Step 260 | lr=3.454915e-04 | loss=20.052118
Epoch 013 | Step 270 | lr=3.454915e-04 | loss=19.854080
Epoch 013 | Step 280 | lr=3.454915e-04 | loss=20.371021
Epoch 013 | Step 290 | lr=3.454915e-04 | loss=19.432245
Epoch 013 | Step 300 | lr=3.454915e-04 | loss=19.881313
Epoch 013 | Step 310 | lr=3.454915e-04 | loss=19.934216
Epoch 013 | Step 320 | lr=3.454915e-04 | loss=20.009121
Epoch 013 | Step 330 | lr=3.454915e-04 | loss=19.928596
Epoch 013 | Step 340 | lr=3.454915e-04 | loss=20.119434
Epoch 013 | Step 350 | lr=3.454915e-04 | loss=20.500221
Epoch 013 | Step 360 | lr=3.454915e-04 | loss=19.952509
Epoch 013 | Step 370 | lr=3.454915e-04 | loss=19.790792
Epoch 013 | Step 380 | lr=3.454915e-04 | loss=20.347977
Epoch 013 | Step 390 | lr=3.454915e-04 | loss=20.927727
Epoch 013 | Step 400 | lr=3.454915e-04 | loss=21.345394
Epoch 013 | Step 410 | lr=3.454915e-04 | loss=20.781719
Epoch 013 | Step 420 | lr=3.454915e-04 | loss=20.128283
Epoch 013 | Step 430 | lr=3.454915e-04 | loss=20.660019
Epoch 013 | Step 440 | lr=3.454915e-04 | loss=19.236206
Epoch 013 | Step 450 | lr=3.454915e-04 | loss=19.715900
Epoch 013 | Step 460 | lr=3.454915e-04 | loss=20.449448
Epoch 013 | Step 470 | lr=3.454915e-04 | loss=20.301445
Epoch 013 | Step 480 | lr=3.454915e-04 | loss=20.563137
Epoch 013 | Step 490 | lr=3.454915e-04 | loss=20.332874
Epoch 013 | Step 500 | lr=3.454915e-04 | loss=19.588961
Epoch 013 | Step 510 | lr=3.454915e-04 | loss=20.428356
Epoch 013 | Step 520 | lr=3.454915e-04 | loss=20.174435
Epoch 013 | Step 530 | lr=3.454915e-04 | loss=20.167091
Epoch 013 | Step 540 | lr=3.454915e-04 | loss=20.590599
Epoch 013 | Step 550 | lr=3.454915e-04 | loss=19.585623
Epoch 013 | Step 560 | lr=3.454915e-04 | loss=20.167767
Epoch 013 | Step 570 | lr=3.454915e-04 | loss=20.369665
Epoch 013 | Step 580 | lr=3.454915e-04 | loss=20.107025
Epoch 013 | Step 590 | lr=3.454915e-04 | loss=20.127705
Epoch 013 | Step 600 | lr=3.454915e-04 | loss=20.780437
Epoch 013 | Step 610 | lr=3.454915e-04 | loss=20.458000
Epoch 013 | Step 620 | lr=3.454915e-04 | loss=19.867073
Epoch 013 | Step 630 | lr=3.454915e-04 | loss=19.493534
Epoch 013 | Step 640 | lr=3.454915e-04 | loss=19.789059
Epoch 013 | Step 650 | lr=3.454915e-04 | loss=20.413174
Epoch 013 | Step 660 | lr=3.454915e-04 | loss=20.292225
Epoch 013 | Step 670 | lr=3.454915e-04 | loss=19.988222
Epoch 013 | Step 680 | lr=3.454915e-04 | loss=20.350281
Epoch 013 | Step 690 | lr=3.454915e-04 | loss=20.185696
Epoch 013 | Step 700 | lr=3.454915e-04 | loss=19.862991
Epoch 013 | Step 710 | lr=3.454915e-04 | loss=20.051876
Epoch 013 | Step 720 | lr=3.454915e-04 | loss=20.097370
Epoch 013 | Step 730 | lr=3.454915e-04 | loss=20.881470
Epoch 013 | Step 740 | lr=3.454915e-04 | loss=20.359846
Epoch 013 | Step 750 | lr=3.454915e-04 | loss=20.285187
Epoch 013 | Step 760 | lr=3.454915e-04 | loss=19.845303
Epoch 013 | Step 770 | lr=3.454915e-04 | loss=19.664537
Epoch 013 | Step 780 | lr=3.454915e-04 | loss=20.445896
Epoch 013 | Step 790 | lr=3.454915e-04 | loss=20.156090
Epoch 013 | Step 800 | lr=3.454915e-04 | loss=20.389320
Epoch 013 | Step 810 | lr=3.454915e-04 | loss=19.925404
Epoch 013 | Step 820 | lr=3.454915e-04 | loss=21.156605
Epoch 013 | Step 830 | lr=3.454915e-04 | loss=20.655262
Epoch 013 | Step 840 | lr=3.454915e-04 | loss=20.391083
Epoch 013 | Step 850 | lr=3.454915e-04 | loss=19.122192
Epoch 013 | Step 860 | lr=3.454915e-04 | loss=21.360783
Epoch 013 | Step 870 | lr=3.454915e-04 | loss=20.489061
Epoch 013 | Step 880 | lr=3.454915e-04 | loss=19.831352
Epoch 013 | Step 890 | lr=3.454915e-04 | loss=19.755775
Epoch 013 | Step 900 | lr=3.454915e-04 | loss=19.624170
Epoch 013 | Step 910 | lr=3.454915e-04 | loss=20.289448
Epoch 013 | Step 920 | lr=3.454915e-04 | loss=20.483294
Epoch 013 | Step 930 | lr=3.454915e-04 | loss=20.022171
Epoch 013 | Step 940 | lr=3.454915e-04 | loss=20.512302
Epoch 013 | Step 950 | lr=3.454915e-04 | loss=20.217297
Epoch 013 | Step 960 | lr=3.454915e-04 | loss=20.238173
epoch 013 | train_kld=20.142128 | val_kld=20.321654 | val_mae=0.008843 | val_mse=0.002502 | ord_acc@10=0.3061 | recall@10=0.8089
Epoch 014 | Step 10 | lr=2.730048e-04 | loss=19.783791
Epoch 014 | Step 20 | lr=2.730048e-04 | loss=20.544582
Epoch 014 | Step 30 | lr=2.730048e-04 | loss=19.779142
Epoch 014 | Step 40 | lr=2.730048e-04 | loss=19.198093
Epoch 014 | Step 50 | lr=2.730048e-04 | loss=20.120632
Epoch 014 | Step 60 | lr=2.730048e-04 | loss=20.416737
Epoch 014 | Step 70 | lr=2.730048e-04 | loss=19.855473
Epoch 014 | Step 80 | lr=2.730048e-04 | loss=20.599092
Epoch 014 | Step 90 | lr=2.730048e-04 | loss=20.712063
Epoch 014 | Step 100 | lr=2.730048e-04 | loss=19.611073
Epoch 014 | Step 110 | lr=2.730048e-04 | loss=20.127995
Epoch 014 | Step 120 | lr=2.730048e-04 | loss=20.338518
Epoch 014 | Step 130 | lr=2.730048e-04 | loss=19.790268
Epoch 014 | Step 140 | lr=2.730048e-04 | loss=19.407814
Epoch 014 | Step 150 | lr=2.730048e-04 | loss=19.261570
Epoch 014 | Step 160 | lr=2.730048e-04 | loss=20.112461
Epoch 014 | Step 170 | lr=2.730048e-04 | loss=19.788715
Epoch 014 | Step 180 | lr=2.730048e-04 | loss=19.816689
Epoch 014 | Step 190 | lr=2.730048e-04 | loss=19.718479
Epoch 014 | Step 200 | lr=2.730048e-04 | loss=19.561125
Epoch 014 | Step 210 | lr=2.730048e-04 | loss=19.812622
Epoch 014 | Step 220 | lr=2.730048e-04 | loss=19.348244
Epoch 014 | Step 230 | lr=2.730048e-04 | loss=20.602093
Epoch 014 | Step 240 | lr=2.730048e-04 | loss=19.417419
Epoch 014 | Step 250 | lr=2.730048e-04 | loss=19.998447
Epoch 014 | Step 260 | lr=2.730048e-04 | loss=19.581190
Epoch 014 | Step 270 | lr=2.730048e-04 | loss=19.287901
Epoch 014 | Step 280 | lr=2.730048e-04 | loss=19.472740
Epoch 014 | Step 290 | lr=2.730048e-04 | loss=20.083351
Epoch 014 | Step 300 | lr=2.730048e-04 | loss=19.473660
Epoch 014 | Step 310 | lr=2.730048e-04 | loss=19.395638
Epoch 014 | Step 320 | lr=2.730048e-04 | loss=19.678156
Epoch 014 | Step 330 | lr=2.730048e-04 | loss=19.510296
Epoch 014 | Step 340 | lr=2.730048e-04 | loss=19.804020
Epoch 014 | Step 350 | lr=2.730048e-04 | loss=20.200558
Epoch 014 | Step 360 | lr=2.730048e-04 | loss=20.151485
Epoch 014 | Step 370 | lr=2.730048e-04 | loss=19.919254
Epoch 014 | Step 380 | lr=2.730048e-04 | loss=20.103199
Epoch 014 | Step 390 | lr=2.730048e-04 | loss=19.900005
Epoch 014 | Step 400 | lr=2.730048e-04 | loss=19.888344
Epoch 014 | Step 410 | lr=2.730048e-04 | loss=19.482071
Epoch 014 | Step 420 | lr=2.730048e-04 | loss=20.095306
Epoch 014 | Step 430 | lr=2.730048e-04 | loss=20.205498
Epoch 014 | Step 440 | lr=2.730048e-04 | loss=20.078545
Epoch 014 | Step 450 | lr=2.730048e-04 | loss=20.619766
Epoch 014 | Step 460 | lr=2.730048e-04 | loss=19.569784
Epoch 014 | Step 470 | lr=2.730048e-04 | loss=20.311996
Epoch 014 | Step 480 | lr=2.730048e-04 | loss=19.919537
Epoch 014 | Step 490 | lr=2.730048e-04 | loss=20.998760
Epoch 014 | Step 500 | lr=2.730048e-04 | loss=20.860279
Epoch 014 | Step 510 | lr=2.730048e-04 | loss=20.823391
Epoch 014 | Step 520 | lr=2.730048e-04 | loss=19.655735
Epoch 014 | Step 530 | lr=2.730048e-04 | loss=20.217495
Epoch 014 | Step 540 | lr=2.730048e-04 | loss=20.783339
Epoch 014 | Step 550 | lr=2.730048e-04 | loss=19.092331
Epoch 014 | Step 560 | lr=2.730048e-04 | loss=20.140167
Epoch 014 | Step 570 | lr=2.730048e-04 | loss=20.893772
Epoch 014 | Step 580 | lr=2.730048e-04 | loss=20.130667
Epoch 014 | Step 590 | lr=2.730048e-04 | loss=20.116499
Epoch 014 | Step 600 | lr=2.730048e-04 | loss=20.637371
Epoch 014 | Step 610 | lr=2.730048e-04 | loss=20.219408
Epoch 014 | Step 620 | lr=2.730048e-04 | loss=20.102940
Epoch 014 | Step 630 | lr=2.730048e-04 | loss=20.017820
Epoch 014 | Step 640 | lr=2.730048e-04 | loss=20.936930
Epoch 014 | Step 650 | lr=2.730048e-04 | loss=20.519257
Epoch 014 | Step 660 | lr=2.730048e-04 | loss=19.389229
Epoch 014 | Step 670 | lr=2.730048e-04 | loss=19.958401
Epoch 014 | Step 680 | lr=2.730048e-04 | loss=20.344601
Epoch 014 | Step 690 | lr=2.730048e-04 | loss=19.136631
Epoch 014 | Step 700 | lr=2.730048e-04 | loss=18.839634
Epoch 014 | Step 710 | lr=2.730048e-04 | loss=19.993778
Epoch 014 | Step 720 | lr=2.730048e-04 | loss=21.255083
Epoch 014 | Step 730 | lr=2.730048e-04 | loss=19.298212
Epoch 014 | Step 740 | lr=2.730048e-04 | loss=19.882120
Epoch 014 | Step 750 | lr=2.730048e-04 | loss=19.840000
Epoch 014 | Step 760 | lr=2.730048e-04 | loss=19.359438
Epoch 014 | Step 770 | lr=2.730048e-04 | loss=19.266424
Epoch 014 | Step 780 | lr=2.730048e-04 | loss=20.634680
Epoch 014 | Step 790 | lr=2.730048e-04 | loss=19.729912
Epoch 014 | Step 800 | lr=2.730048e-04 | loss=20.449984
Epoch 014 | Step 810 | lr=2.730048e-04 | loss=20.318161
Epoch 014 | Step 820 | lr=2.730048e-04 | loss=19.972775
Epoch 014 | Step 830 | lr=2.730048e-04 | loss=19.874905
Epoch 014 | Step 840 | lr=2.730048e-04 | loss=19.794765
Epoch 014 | Step 850 | lr=2.730048e-04 | loss=19.652561
Epoch 014 | Step 860 | lr=2.730048e-04 | loss=20.376396
Epoch 014 | Step 870 | lr=2.730048e-04 | loss=20.371077
Epoch 014 | Step 880 | lr=2.730048e-04 | loss=20.060139
Epoch 014 | Step 890 | lr=2.730048e-04 | loss=19.141190
Epoch 014 | Step 900 | lr=2.730048e-04 | loss=20.679487
Epoch 014 | Step 910 | lr=2.730048e-04 | loss=19.953770
Epoch 014 | Step 920 | lr=2.730048e-04 | loss=20.128975
Epoch 014 | Step 930 | lr=2.730048e-04 | loss=19.433926
Epoch 014 | Step 940 | lr=2.730048e-04 | loss=20.964088
Epoch 014 | Step 950 | lr=2.730048e-04 | loss=19.702908
Epoch 014 | Step 960 | lr=2.730048e-04 | loss=19.456566
epoch 014 | train_kld=19.979610 | val_kld=20.351445 | val_mae=0.008886 | val_mse=0.002522 | ord_acc@10=0.2986 | recall@10=0.8074
Epoch 015 | Step 10 | lr=2.061074e-04 | loss=19.455956
Epoch 015 | Step 20 | lr=2.061074e-04 | loss=19.919256
Epoch 015 | Step 30 | lr=2.061074e-04 | loss=19.455801
Epoch 015 | Step 40 | lr=2.061074e-04 | loss=20.397623
Epoch 015 | Step 50 | lr=2.061074e-04 | loss=19.230629
Epoch 015 | Step 60 | lr=2.061074e-04 | loss=19.700071
Epoch 015 | Step 70 | lr=2.061074e-04 | loss=19.356495
Epoch 015 | Step 80 | lr=2.061074e-04 | loss=20.197943
Epoch 015 | Step 90 | lr=2.061074e-04 | loss=20.558762
Epoch 015 | Step 100 | lr=2.061074e-04 | loss=19.943451
Epoch 015 | Step 110 | lr=2.061074e-04 | loss=18.999746
Epoch 015 | Step 120 | lr=2.061074e-04 | loss=20.141499
Epoch 015 | Step 130 | lr=2.061074e-04 | loss=19.374294
Epoch 015 | Step 140 | lr=2.061074e-04 | loss=20.004059
Epoch 015 | Step 150 | lr=2.061074e-04 | loss=19.395844
Epoch 015 | Step 160 | lr=2.061074e-04 | loss=20.075031
Epoch 015 | Step 170 | lr=2.061074e-04 | loss=19.540295
Epoch 015 | Step 180 | lr=2.061074e-04 | loss=19.712059
Epoch 015 | Step 190 | lr=2.061074e-04 | loss=19.796082
Epoch 015 | Step 200 | lr=2.061074e-04 | loss=19.626049
Epoch 015 | Step 210 | lr=2.061074e-04 | loss=19.313698
Epoch 015 | Step 220 | lr=2.061074e-04 | loss=20.068634
Epoch 015 | Step 230 | lr=2.061074e-04 | loss=19.498457
Epoch 015 | Step 240 | lr=2.061074e-04 | loss=19.110220
Epoch 015 | Step 250 | lr=2.061074e-04 | loss=20.277489
Epoch 015 | Step 260 | lr=2.061074e-04 | loss=19.985815
Epoch 015 | Step 270 | lr=2.061074e-04 | loss=20.230858
Epoch 015 | Step 280 | lr=2.061074e-04 | loss=20.506008
Epoch 015 | Step 290 | lr=2.061074e-04 | loss=19.597240
Epoch 015 | Step 300 | lr=2.061074e-04 | loss=19.259377
Epoch 015 | Step 310 | lr=2.061074e-04 | loss=20.135103
Epoch 015 | Step 320 | lr=2.061074e-04 | loss=20.237261
Epoch 015 | Step 330 | lr=2.061074e-04 | loss=19.433962
Epoch 015 | Step 340 | lr=2.061074e-04 | loss=19.705271
Epoch 015 | Step 350 | lr=2.061074e-04 | loss=19.784889
Epoch 015 | Step 360 | lr=2.061074e-04 | loss=19.982748
Epoch 015 | Step 370 | lr=2.061074e-04 | loss=19.212824
Epoch 015 | Step 380 | lr=2.061074e-04 | loss=20.177944
Epoch 015 | Step 390 | lr=2.061074e-04 | loss=20.534557
Epoch 015 | Step 400 | lr=2.061074e-04 | loss=20.325108
Epoch 015 | Step 410 | lr=2.061074e-04 | loss=20.141445
Epoch 015 | Step 420 | lr=2.061074e-04 | loss=19.385151
Epoch 015 | Step 430 | lr=2.061074e-04 | loss=20.769007
Epoch 015 | Step 440 | lr=2.061074e-04 | loss=19.892776
Epoch 015 | Step 450 | lr=2.061074e-04 | loss=20.290339
Epoch 015 | Step 460 | lr=2.061074e-04 | loss=19.716347
Epoch 015 | Step 470 | lr=2.061074e-04 | loss=20.490599
Epoch 015 | Step 480 | lr=2.061074e-04 | loss=18.843487
Epoch 015 | Step 490 | lr=2.061074e-04 | loss=19.673344
Epoch 015 | Step 500 | lr=2.061074e-04 | loss=19.776253
Epoch 015 | Step 510 | lr=2.061074e-04 | loss=19.952354
Epoch 015 | Step 520 | lr=2.061074e-04 | loss=19.927839
Epoch 015 | Step 530 | lr=2.061074e-04 | loss=19.059027
Epoch 015 | Step 540 | lr=2.061074e-04 | loss=20.273964
Epoch 015 | Step 550 | lr=2.061074e-04 | loss=19.744572
Epoch 015 | Step 560 | lr=2.061074e-04 | loss=19.907356
Epoch 015 | Step 570 | lr=2.061074e-04 | loss=18.849045
Epoch 015 | Step 580 | lr=2.061074e-04 | loss=19.833393
Epoch 015 | Step 590 | lr=2.061074e-04 | loss=19.802429
Epoch 015 | Step 600 | lr=2.061074e-04 | loss=20.421940
Epoch 015 | Step 610 | lr=2.061074e-04 | loss=19.658464
Epoch 015 | Step 620 | lr=2.061074e-04 | loss=19.847763
Epoch 015 | Step 630 | lr=2.061074e-04 | loss=19.792402
Epoch 015 | Step 640 | lr=2.061074e-04 | loss=19.767204
Epoch 015 | Step 650 | lr=2.061074e-04 | loss=20.055557
Epoch 015 | Step 660 | lr=2.061074e-04 | loss=20.534084
Epoch 015 | Step 670 | lr=2.061074e-04 | loss=20.396523
Epoch 015 | Step 680 | lr=2.061074e-04 | loss=20.093315
Epoch 015 | Step 690 | lr=2.061074e-04 | loss=20.154865
Epoch 015 | Step 700 | lr=2.061074e-04 | loss=20.503357
Epoch 015 | Step 710 | lr=2.061074e-04 | loss=19.582890
Epoch 015 | Step 720 | lr=2.061074e-04 | loss=20.712721
Epoch 015 | Step 730 | lr=2.061074e-04 | loss=20.191433
Epoch 015 | Step 740 | lr=2.061074e-04 | loss=20.003471
Epoch 015 | Step 750 | lr=2.061074e-04 | loss=19.889692
Epoch 015 | Step 760 | lr=2.061074e-04 | loss=20.035629
Epoch 015 | Step 770 | lr=2.061074e-04 | loss=19.819035
Epoch 015 | Step 780 | lr=2.061074e-04 | loss=19.970461
Epoch 015 | Step 790 | lr=2.061074e-04 | loss=19.487541
Epoch 015 | Step 800 | lr=2.061074e-04 | loss=19.324369
Epoch 015 | Step 810 | lr=2.061074e-04 | loss=19.572571
Epoch 015 | Step 820 | lr=2.061074e-04 | loss=20.140978
Epoch 015 | Step 830 | lr=2.061074e-04 | loss=19.480919
Epoch 015 | Step 840 | lr=2.061074e-04 | loss=19.643894
Epoch 015 | Step 850 | lr=2.061074e-04 | loss=19.756355
Epoch 015 | Step 860 | lr=2.061074e-04 | loss=18.776676
Epoch 015 | Step 870 | lr=2.061074e-04 | loss=20.497248
Epoch 015 | Step 880 | lr=2.061074e-04 | loss=19.737873
Epoch 015 | Step 890 | lr=2.061074e-04 | loss=19.800215
Epoch 015 | Step 900 | lr=2.061074e-04 | loss=20.218567
Epoch 015 | Step 910 | lr=2.061074e-04 | loss=19.158760
Epoch 015 | Step 920 | lr=2.061074e-04 | loss=19.796680
Epoch 015 | Step 930 | lr=2.061074e-04 | loss=19.696886
Epoch 015 | Step 940 | lr=2.061074e-04 | loss=19.710758
Epoch 015 | Step 950 | lr=2.061074e-04 | loss=19.779888
Epoch 015 | Step 960 | lr=2.061074e-04 | loss=18.903387
epoch 015 | train_kld=19.827765 | val_kld=20.377778 | val_mae=0.008793 | val_mse=0.002466 | ord_acc@10=0.3053 | recall@10=0.8083
Epoch 016 | Step 10 | lr=1.464466e-04 | loss=20.026808
Epoch 016 | Step 20 | lr=1.464466e-04 | loss=19.963158
Epoch 016 | Step 30 | lr=1.464466e-04 | loss=19.357262
Epoch 016 | Step 40 | lr=1.464466e-04 | loss=19.377558
Epoch 016 | Step 50 | lr=1.464466e-04 | loss=20.131245
Epoch 016 | Step 60 | lr=1.464466e-04 | loss=19.782255
Epoch 016 | Step 70 | lr=1.464466e-04 | loss=20.125998
Epoch 016 | Step 80 | lr=1.464466e-04 | loss=19.458660
Epoch 016 | Step 90 | lr=1.464466e-04 | loss=19.635216
Epoch 016 | Step 100 | lr=1.464466e-04 | loss=19.690695
Epoch 016 | Step 110 | lr=1.464466e-04 | loss=19.648746
Epoch 016 | Step 120 | lr=1.464466e-04 | loss=20.308979
Epoch 016 | Step 130 | lr=1.464466e-04 | loss=20.130295
Epoch 016 | Step 140 | lr=1.464466e-04 | loss=20.291897
Epoch 016 | Step 150 | lr=1.464466e-04 | loss=19.891144
Epoch 016 | Step 160 | lr=1.464466e-04 | loss=20.008202
Epoch 016 | Step 170 | lr=1.464466e-04 | loss=19.355591
Epoch 016 | Step 180 | lr=1.464466e-04 | loss=19.212273
Epoch 016 | Step 190 | lr=1.464466e-04 | loss=19.776340
Epoch 016 | Step 200 | lr=1.464466e-04 | loss=20.801046
Epoch 016 | Step 210 | lr=1.464466e-04 | loss=19.770344
Epoch 016 | Step 220 | lr=1.464466e-04 | loss=20.440975
Epoch 016 | Step 230 | lr=1.464466e-04 | loss=19.740200
Epoch 016 | Step 240 | lr=1.464466e-04 | loss=18.864805
Epoch 016 | Step 250 | lr=1.464466e-04 | loss=19.798607
Epoch 016 | Step 260 | lr=1.464466e-04 | loss=19.617678
Epoch 016 | Step 270 | lr=1.464466e-04 | loss=18.941189
Epoch 016 | Step 280 | lr=1.464466e-04 | loss=18.582689
Epoch 016 | Step 290 | lr=1.464466e-04 | loss=19.593296
Epoch 016 | Step 300 | lr=1.464466e-04 | loss=20.070591
Epoch 016 | Step 310 | lr=1.464466e-04 | loss=19.408245
Epoch 016 | Step 320 | lr=1.464466e-04 | loss=19.328026
Epoch 016 | Step 330 | lr=1.464466e-04 | loss=19.048166
Epoch 016 | Step 340 | lr=1.464466e-04 | loss=19.890043
Epoch 016 | Step 350 | lr=1.464466e-04 | loss=19.352154
Epoch 016 | Step 360 | lr=1.464466e-04 | loss=19.380642
Epoch 016 | Step 370 | lr=1.464466e-04 | loss=20.321484
Epoch 016 | Step 380 | lr=1.464466e-04 | loss=20.073658
Epoch 016 | Step 390 | lr=1.464466e-04 | loss=19.526756
Epoch 016 | Step 400 | lr=1.464466e-04 | loss=19.464434
Epoch 016 | Step 410 | lr=1.464466e-04 | loss=19.359701
Epoch 016 | Step 420 | lr=1.464466e-04 | loss=20.165634
Epoch 016 | Step 430 | lr=1.464466e-04 | loss=19.698492
Epoch 016 | Step 440 | lr=1.464466e-04 | loss=19.712753
Epoch 016 | Step 450 | lr=1.464466e-04 | loss=18.925224
Epoch 016 | Step 460 | lr=1.464466e-04 | loss=19.838707
Epoch 016 | Step 470 | lr=1.464466e-04 | loss=19.673464
Epoch 016 | Step 480 | lr=1.464466e-04 | loss=20.195202
Epoch 016 | Step 490 | lr=1.464466e-04 | loss=19.722841
Epoch 016 | Step 500 | lr=1.464466e-04 | loss=20.138865
Epoch 016 | Step 510 | lr=1.464466e-04 | loss=19.021307
Epoch 016 | Step 520 | lr=1.464466e-04 | loss=19.298046
Epoch 016 | Step 530 | lr=1.464466e-04 | loss=19.274490
Epoch 016 | Step 540 | lr=1.464466e-04 | loss=20.054073
Epoch 016 | Step 550 | lr=1.464466e-04 | loss=19.264055
Epoch 016 | Step 560 | lr=1.464466e-04 | loss=19.068520
Epoch 016 | Step 570 | lr=1.464466e-04 | loss=19.630196
Epoch 016 | Step 580 | lr=1.464466e-04 | loss=20.021122
Epoch 016 | Step 590 | lr=1.464466e-04 | loss=19.802317
Epoch 016 | Step 600 | lr=1.464466e-04 | loss=18.834330
Epoch 016 | Step 610 | lr=1.464466e-04 | loss=19.202690
Epoch 016 | Step 620 | lr=1.464466e-04 | loss=19.831900
Epoch 016 | Step 630 | lr=1.464466e-04 | loss=19.129410
Epoch 016 | Step 640 | lr=1.464466e-04 | loss=19.173061
Epoch 016 | Step 650 | lr=1.464466e-04 | loss=19.315687
Epoch 016 | Step 660 | lr=1.464466e-04 | loss=20.106762
Epoch 016 | Step 670 | lr=1.464466e-04 | loss=19.767731
Epoch 016 | Step 680 | lr=1.464466e-04 | loss=20.231071
Epoch 016 | Step 690 | lr=1.464466e-04 | loss=19.680023
Epoch 016 | Step 700 | lr=1.464466e-04 | loss=19.878899
Epoch 016 | Step 710 | lr=1.464466e-04 | loss=20.473953
Epoch 016 | Step 720 | lr=1.464466e-04 | loss=19.284473
Epoch 016 | Step 730 | lr=1.464466e-04 | loss=19.155489
Epoch 016 | Step 740 | lr=1.464466e-04 | loss=18.890846
Epoch 016 | Step 750 | lr=1.464466e-04 | loss=20.399567
Epoch 016 | Step 760 | lr=1.464466e-04 | loss=18.657980
Epoch 016 | Step 770 | lr=1.464466e-04 | loss=19.481030
Epoch 016 | Step 780 | lr=1.464466e-04 | loss=19.967815
Epoch 016 | Step 790 | lr=1.464466e-04 | loss=19.671871
Epoch 016 | Step 800 | lr=1.464466e-04 | loss=19.747532
Epoch 016 | Step 810 | lr=1.464466e-04 | loss=19.702839
Epoch 016 | Step 820 | lr=1.464466e-04 | loss=19.484116
Epoch 016 | Step 830 | lr=1.464466e-04 | loss=19.791494
Epoch 016 | Step 840 | lr=1.464466e-04 | loss=19.791822
Epoch 016 | Step 850 | lr=1.464466e-04 | loss=20.035957
Epoch 016 | Step 860 | lr=1.464466e-04 | loss=19.658131
Epoch 016 | Step 870 | lr=1.464466e-04 | loss=20.443905
Epoch 016 | Step 880 | lr=1.464466e-04 | loss=20.536263
Epoch 016 | Step 890 | lr=1.464466e-04 | loss=19.769056
Epoch 016 | Step 900 | lr=1.464466e-04 | loss=19.886215
Epoch 016 | Step 910 | lr=1.464466e-04 | loss=19.624939
Epoch 016 | Step 920 | lr=1.464466e-04 | loss=20.171120
Epoch 016 | Step 930 | lr=1.464466e-04 | loss=19.758837
Epoch 016 | Step 940 | lr=1.464466e-04 | loss=20.133488
Epoch 016 | Step 950 | lr=1.464466e-04 | loss=20.332380
Epoch 016 | Step 960 | lr=1.464466e-04 | loss=19.444584
epoch 016 | train_kld=19.686704 | val_kld=20.312276 | val_mae=0.008871 | val_mse=0.002515 | ord_acc@10=0.3060 | recall@10=0.8051
Epoch 017 | Step 10 | lr=9.549150e-05 | loss=18.937551
Epoch 017 | Step 20 | lr=9.549150e-05 | loss=19.619415
Epoch 017 | Step 30 | lr=9.549150e-05 | loss=18.813808
Epoch 017 | Step 40 | lr=9.549150e-05 | loss=19.258831
Epoch 017 | Step 50 | lr=9.549150e-05 | loss=19.055477
Epoch 017 | Step 60 | lr=9.549150e-05 | loss=20.573055
Epoch 017 | Step 70 | lr=9.549150e-05 | loss=19.494532
Epoch 017 | Step 80 | lr=9.549150e-05 | loss=19.707167
Epoch 017 | Step 90 | lr=9.549150e-05 | loss=19.009764
Epoch 017 | Step 100 | lr=9.549150e-05 | loss=19.608400
Epoch 017 | Step 110 | lr=9.549150e-05 | loss=19.096643
Epoch 017 | Step 120 | lr=9.549150e-05 | loss=19.283003
Epoch 017 | Step 130 | lr=9.549150e-05 | loss=19.604864
Epoch 017 | Step 140 | lr=9.549150e-05 | loss=19.012875
Epoch 017 | Step 150 | lr=9.549150e-05 | loss=19.215786
Epoch 017 | Step 160 | lr=9.549150e-05 | loss=19.835785
Epoch 017 | Step 170 | lr=9.549150e-05 | loss=18.506767
Epoch 017 | Step 180 | lr=9.549150e-05 | loss=19.773514
Epoch 017 | Step 190 | lr=9.549150e-05 | loss=20.006573
Epoch 017 | Step 200 | lr=9.549150e-05 | loss=19.565531
Epoch 017 | Step 210 | lr=9.549150e-05 | loss=19.173914
Epoch 017 | Step 220 | lr=9.549150e-05 | loss=19.927517
Epoch 017 | Step 230 | lr=9.549150e-05 | loss=19.201523
Epoch 017 | Step 240 | lr=9.549150e-05 | loss=19.479403
Epoch 017 | Step 250 | lr=9.549150e-05 | loss=19.819559
Epoch 017 | Step 260 | lr=9.549150e-05 | loss=20.091925
Epoch 017 | Step 270 | lr=9.549150e-05 | loss=19.253098
Epoch 017 | Step 280 | lr=9.549150e-05 | loss=19.258736
Epoch 017 | Step 290 | lr=9.549150e-05 | loss=19.310783
Epoch 017 | Step 300 | lr=9.549150e-05 | loss=19.552231
Epoch 017 | Step 310 | lr=9.549150e-05 | loss=19.118042
Epoch 017 | Step 320 | lr=9.549150e-05 | loss=20.524466
Epoch 017 | Step 330 | lr=9.549150e-05 | loss=19.502405
Epoch 017 | Step 340 | lr=9.549150e-05 | loss=19.929916
Epoch 017 | Step 350 | lr=9.549150e-05 | loss=19.764843
Epoch 017 | Step 360 | lr=9.549150e-05 | loss=19.345201
Epoch 017 | Step 370 | lr=9.549150e-05 | loss=19.765495
Epoch 017 | Step 380 | lr=9.549150e-05 | loss=19.513794
Epoch 017 | Step 390 | lr=9.549150e-05 | loss=19.532064
Epoch 017 | Step 400 | lr=9.549150e-05 | loss=19.782694
Epoch 017 | Step 410 | lr=9.549150e-05 | loss=19.822651
Epoch 017 | Step 420 | lr=9.549150e-05 | loss=18.893461
Epoch 017 | Step 430 | lr=9.549150e-05 | loss=19.126476
Epoch 017 | Step 440 | lr=9.549150e-05 | loss=19.577011
Epoch 017 | Step 450 | lr=9.549150e-05 | loss=19.847828
Epoch 017 | Step 460 | lr=9.549150e-05 | loss=19.854355
Epoch 017 | Step 470 | lr=9.549150e-05 | loss=18.716579
Epoch 017 | Step 480 | lr=9.549150e-05 | loss=19.640163
Epoch 017 | Step 490 | lr=9.549150e-05 | loss=19.737030
Epoch 017 | Step 500 | lr=9.549150e-05 | loss=19.839649
Epoch 017 | Step 510 | lr=9.549150e-05 | loss=20.126331
Epoch 017 | Step 520 | lr=9.549150e-05 | loss=19.529882
Epoch 017 | Step 530 | lr=9.549150e-05 | loss=19.839922
Epoch 017 | Step 540 | lr=9.549150e-05 | loss=20.706392
Epoch 017 | Step 550 | lr=9.549150e-05 | loss=19.271662
Epoch 017 | Step 560 | lr=9.549150e-05 | loss=19.539722
Epoch 017 | Step 570 | lr=9.549150e-05 | loss=19.107128
Epoch 017 | Step 580 | lr=9.549150e-05 | loss=20.026474
Epoch 017 | Step 590 | lr=9.549150e-05 | loss=18.965704
Epoch 017 | Step 600 | lr=9.549150e-05 | loss=19.192848
Epoch 017 | Step 610 | lr=9.549150e-05 | loss=19.398727
Epoch 017 | Step 620 | lr=9.549150e-05 | loss=18.791538
Epoch 017 | Step 630 | lr=9.549150e-05 | loss=20.219389
Epoch 017 | Step 640 | lr=9.549150e-05 | loss=19.508337
Epoch 017 | Step 650 | lr=9.549150e-05 | loss=19.379326
Epoch 017 | Step 660 | lr=9.549150e-05 | loss=19.968510
Epoch 017 | Step 670 | lr=9.549150e-05 | loss=19.813551
Epoch 017 | Step 680 | lr=9.549150e-05 | loss=19.706902
Epoch 017 | Step 690 | lr=9.549150e-05 | loss=19.418697
Epoch 017 | Step 700 | lr=9.549150e-05 | loss=19.536995
Epoch 017 | Step 710 | lr=9.549150e-05 | loss=19.814411
Epoch 017 | Step 720 | lr=9.549150e-05 | loss=19.516304
Epoch 017 | Step 730 | lr=9.549150e-05 | loss=20.131279
Epoch 017 | Step 740 | lr=9.549150e-05 | loss=18.361374
Epoch 017 | Step 750 | lr=9.549150e-05 | loss=20.406097
Epoch 017 | Step 760 | lr=9.549150e-05 | loss=19.666649
Epoch 017 | Step 770 | lr=9.549150e-05 | loss=19.344574
Epoch 017 | Step 780 | lr=9.549150e-05 | loss=19.695189
Epoch 017 | Step 790 | lr=9.549150e-05 | loss=19.813786
Epoch 017 | Step 800 | lr=9.549150e-05 | loss=20.458902
Epoch 017 | Step 810 | lr=9.549150e-05 | loss=19.483273
Epoch 017 | Step 820 | lr=9.549150e-05 | loss=19.846838
Epoch 017 | Step 830 | lr=9.549150e-05 | loss=20.100880
Epoch 017 | Step 840 | lr=9.549150e-05 | loss=19.965248
Epoch 017 | Step 850 | lr=9.549150e-05 | loss=19.734371
Epoch 017 | Step 860 | lr=9.549150e-05 | loss=18.988537
Epoch 017 | Step 870 | lr=9.549150e-05 | loss=20.028284
Epoch 017 | Step 880 | lr=9.549150e-05 | loss=19.432598
Epoch 017 | Step 890 | lr=9.549150e-05 | loss=19.291513
Epoch 017 | Step 900 | lr=9.549150e-05 | loss=19.842020
Epoch 017 | Step 910 | lr=9.549150e-05 | loss=19.986134
Epoch 017 | Step 920 | lr=9.549150e-05 | loss=19.106361
Epoch 017 | Step 930 | lr=9.549150e-05 | loss=19.887890
Epoch 017 | Step 940 | lr=9.549150e-05 | loss=20.017906
Epoch 017 | Step 950 | lr=9.549150e-05 | loss=19.285639
Epoch 017 | Step 960 | lr=9.549150e-05 | loss=19.738546
epoch 017 | train_kld=19.555452 | val_kld=20.369403 | val_mae=0.008890 | val_mse=0.002527 | ord_acc@10=0.3068 | recall@10=0.8066
Epoch 018 | Step 10 | lr=5.449674e-05 | loss=20.172598
Epoch 018 | Step 20 | lr=5.449674e-05 | loss=19.732681
Epoch 018 | Step 30 | lr=5.449674e-05 | loss=20.198399
Epoch 018 | Step 40 | lr=5.449674e-05 | loss=20.086067
Epoch 018 | Step 50 | lr=5.449674e-05 | loss=19.325392
Epoch 018 | Step 60 | lr=5.449674e-05 | loss=19.831268
Epoch 018 | Step 70 | lr=5.449674e-05 | loss=19.713804
Epoch 018 | Step 80 | lr=5.449674e-05 | loss=19.810534
Epoch 018 | Step 90 | lr=5.449674e-05 | loss=20.296343
Epoch 018 | Step 100 | lr=5.449674e-05 | loss=18.890676
Epoch 018 | Step 110 | lr=5.449674e-05 | loss=19.325216
Epoch 018 | Step 120 | lr=5.449674e-05 | loss=19.066622
Epoch 018 | Step 130 | lr=5.449674e-05 | loss=19.199173
Epoch 018 | Step 140 | lr=5.449674e-05 | loss=19.092564
Epoch 018 | Step 150 | lr=5.449674e-05 | loss=18.821667
Epoch 018 | Step 160 | lr=5.449674e-05 | loss=19.173521
Epoch 018 | Step 170 | lr=5.449674e-05 | loss=19.299377
Epoch 018 | Step 180 | lr=5.449674e-05 | loss=19.639580
Epoch 018 | Step 190 | lr=5.449674e-05 | loss=19.122120
Epoch 018 | Step 200 | lr=5.449674e-05 | loss=19.317760
Epoch 018 | Step 210 | lr=5.449674e-05 | loss=19.233749
Epoch 018 | Step 220 | lr=5.449674e-05 | loss=18.567253
Epoch 018 | Step 230 | lr=5.449674e-05 | loss=19.693941
Epoch 018 | Step 240 | lr=5.449674e-05 | loss=19.585018
Epoch 018 | Step 250 | lr=5.449674e-05 | loss=18.731716
Epoch 018 | Step 260 | lr=5.449674e-05 | loss=18.486107
Epoch 018 | Step 270 | lr=5.449674e-05 | loss=19.170876
Epoch 018 | Step 280 | lr=5.449674e-05 | loss=19.892641
Epoch 018 | Step 290 | lr=5.449674e-05 | loss=19.476234
Epoch 018 | Step 300 | lr=5.449674e-05 | loss=19.395283
Epoch 018 | Step 310 | lr=5.449674e-05 | loss=19.822145
Epoch 018 | Step 320 | lr=5.449674e-05 | loss=19.778255
Epoch 018 | Step 330 | lr=5.449674e-05 | loss=19.757652
Epoch 018 | Step 340 | lr=5.449674e-05 | loss=19.685036
Epoch 018 | Step 350 | lr=5.449674e-05 | loss=19.891275
Epoch 018 | Step 360 | lr=5.449674e-05 | loss=19.384758
Epoch 018 | Step 370 | lr=5.449674e-05 | loss=20.093281
Epoch 018 | Step 380 | lr=5.449674e-05 | loss=19.262503
Epoch 018 | Step 390 | lr=5.449674e-05 | loss=19.158020
Epoch 018 | Step 400 | lr=5.449674e-05 | loss=19.935379
Epoch 018 | Step 410 | lr=5.449674e-05 | loss=18.953230
Epoch 018 | Step 420 | lr=5.449674e-05 | loss=19.999044
Epoch 018 | Step 430 | lr=5.449674e-05 | loss=20.161388
Epoch 018 | Step 440 | lr=5.449674e-05 | loss=19.760822
Epoch 018 | Step 450 | lr=5.449674e-05 | loss=19.813084
Epoch 018 | Step 460 | lr=5.449674e-05 | loss=19.784157
Epoch 018 | Step 470 | lr=5.449674e-05 | loss=19.209190
Epoch 018 | Step 480 | lr=5.449674e-05 | loss=19.542030
Epoch 018 | Step 490 | lr=5.449674e-05 | loss=19.212534
Epoch 018 | Step 500 | lr=5.449674e-05 | loss=19.413918
Epoch 018 | Step 510 | lr=5.449674e-05 | loss=19.608164
Epoch 018 | Step 520 | lr=5.449674e-05 | loss=19.811016
Epoch 018 | Step 530 | lr=5.449674e-05 | loss=19.427975
Epoch 018 | Step 540 | lr=5.449674e-05 | loss=19.321674
Epoch 018 | Step 550 | lr=5.449674e-05 | loss=19.474266
Epoch 018 | Step 560 | lr=5.449674e-05 | loss=19.124922
Epoch 018 | Step 570 | lr=5.449674e-05 | loss=19.745972
Epoch 018 | Step 580 | lr=5.449674e-05 | loss=19.054020
Epoch 018 | Step 590 | lr=5.449674e-05 | loss=19.812117
Epoch 018 | Step 600 | lr=5.449674e-05 | loss=19.391943
Epoch 018 | Step 610 | lr=5.449674e-05 | loss=20.659151
Epoch 018 | Step 620 | lr=5.449674e-05 | loss=19.071413
Epoch 018 | Step 630 | lr=5.449674e-05 | loss=19.800827
Epoch 018 | Step 640 | lr=5.449674e-05 | loss=20.069626
Epoch 018 | Step 650 | lr=5.449674e-05 | loss=19.315861
Epoch 018 | Step 660 | lr=5.449674e-05 | loss=18.728857
Epoch 018 | Step 670 | lr=5.449674e-05 | loss=19.505705
Epoch 018 | Step 680 | lr=5.449674e-05 | loss=19.344326
Epoch 018 | Step 690 | lr=5.449674e-05 | loss=20.073151
Epoch 018 | Step 700 | lr=5.449674e-05 | loss=20.420040
Epoch 018 | Step 710 | lr=5.449674e-05 | loss=19.590820
Epoch 018 | Step 720 | lr=5.449674e-05 | loss=19.011284
Epoch 018 | Step 730 | lr=5.449674e-05 | loss=20.070908
Epoch 018 | Step 740 | lr=5.449674e-05 | loss=19.782177
Epoch 018 | Step 750 | lr=5.449674e-05 | loss=18.817627
Epoch 018 | Step 760 | lr=5.449674e-05 | loss=19.188751
Epoch 018 | Step 770 | lr=5.449674e-05 | loss=19.577450
Epoch 018 | Step 780 | lr=5.449674e-05 | loss=19.503746
Epoch 018 | Step 790 | lr=5.449674e-05 | loss=18.881950
Epoch 018 | Step 800 | lr=5.449674e-05 | loss=19.729004
Epoch 018 | Step 810 | lr=5.449674e-05 | loss=20.084343
Epoch 018 | Step 820 | lr=5.449674e-05 | loss=18.983255
Epoch 018 | Step 830 | lr=5.449674e-05 | loss=20.009315
Epoch 018 | Step 840 | lr=5.449674e-05 | loss=19.846064
Epoch 018 | Step 850 | lr=5.449674e-05 | loss=19.552456
Epoch 018 | Step 860 | lr=5.449674e-05 | loss=19.628429
Epoch 018 | Step 870 | lr=5.449674e-05 | loss=19.831118
Epoch 018 | Step 880 | lr=5.449674e-05 | loss=19.779938
Epoch 018 | Step 890 | lr=5.449674e-05 | loss=18.946924
Epoch 018 | Step 900 | lr=5.449674e-05 | loss=19.977877
Epoch 018 | Step 910 | lr=5.449674e-05 | loss=19.165230
Epoch 018 | Step 920 | lr=5.449674e-05 | loss=19.625847
Epoch 018 | Step 930 | lr=5.449674e-05 | loss=19.211048
Epoch 018 | Step 940 | lr=5.449674e-05 | loss=19.298370
Epoch 018 | Step 950 | lr=5.449674e-05 | loss=19.632483
Epoch 018 | Step 960 | lr=5.449674e-05 | loss=19.647902
epoch 018 | train_kld=19.464434 | val_kld=20.430676 | val_mae=0.008941 | val_mse=0.002561 | ord_acc@10=0.3078 | recall@10=0.8099
Epoch 019 | Step 10 | lr=2.447174e-05 | loss=19.501640
Epoch 019 | Step 20 | lr=2.447174e-05 | loss=19.722569
Epoch 019 | Step 30 | lr=2.447174e-05 | loss=19.799681
Epoch 019 | Step 40 | lr=2.447174e-05 | loss=19.038927
Epoch 019 | Step 50 | lr=2.447174e-05 | loss=20.165333
Epoch 019 | Step 60 | lr=2.447174e-05 | loss=19.737259
Epoch 019 | Step 70 | lr=2.447174e-05 | loss=18.310890
Epoch 019 | Step 80 | lr=2.447174e-05 | loss=19.490711
Epoch 019 | Step 90 | lr=2.447174e-05 | loss=19.312096
Epoch 019 | Step 100 | lr=2.447174e-05 | loss=19.111746
Epoch 019 | Step 110 | lr=2.447174e-05 | loss=18.965603
Epoch 019 | Step 120 | lr=2.447174e-05 | loss=18.812943
Epoch 019 | Step 130 | lr=2.447174e-05 | loss=19.608192
Epoch 019 | Step 140 | lr=2.447174e-05 | loss=18.843912
Epoch 019 | Step 150 | lr=2.447174e-05 | loss=18.848566
Epoch 019 | Step 160 | lr=2.447174e-05 | loss=19.683369
Epoch 019 | Step 170 | lr=2.447174e-05 | loss=19.108171
Epoch 019 | Step 180 | lr=2.447174e-05 | loss=19.223003
Epoch 019 | Step 190 | lr=2.447174e-05 | loss=19.064112
Epoch 019 | Step 200 | lr=2.447174e-05 | loss=19.655430
Epoch 019 | Step 210 | lr=2.447174e-05 | loss=19.648590
Epoch 019 | Step 220 | lr=2.447174e-05 | loss=19.841496
Epoch 019 | Step 230 | lr=2.447174e-05 | loss=19.589668
Epoch 019 | Step 240 | lr=2.447174e-05 | loss=20.045658
Epoch 019 | Step 250 | lr=2.447174e-05 | loss=20.484222
Epoch 019 | Step 260 | lr=2.447174e-05 | loss=19.492754
Epoch 019 | Step 270 | lr=2.447174e-05 | loss=19.176687
Epoch 019 | Step 280 | lr=2.447174e-05 | loss=19.166389
Epoch 019 | Step 290 | lr=2.447174e-05 | loss=19.617409
Epoch 019 | Step 300 | lr=2.447174e-05 | loss=19.752504
Epoch 019 | Step 310 | lr=2.447174e-05 | loss=18.947878
Epoch 019 | Step 320 | lr=2.447174e-05 | loss=19.444828
Epoch 019 | Step 330 | lr=2.447174e-05 | loss=18.726109
Epoch 019 | Step 340 | lr=2.447174e-05 | loss=19.419838
Epoch 019 | Step 350 | lr=2.447174e-05 | loss=19.435173
Epoch 019 | Step 360 | lr=2.447174e-05 | loss=19.276608
Epoch 019 | Step 370 | lr=2.447174e-05 | loss=19.655495
Epoch 019 | Step 380 | lr=2.447174e-05 | loss=19.414459
Epoch 019 | Step 390 | lr=2.447174e-05 | loss=19.836540
Epoch 019 | Step 400 | lr=2.447174e-05 | loss=19.676899
Epoch 019 | Step 410 | lr=2.447174e-05 | loss=18.572453
Epoch 019 | Step 420 | lr=2.447174e-05 | loss=20.002987
Epoch 019 | Step 430 | lr=2.447174e-05 | loss=19.697029
Epoch 019 | Step 440 | lr=2.447174e-05 | loss=19.475073
Epoch 019 | Step 450 | lr=2.447174e-05 | loss=19.471523
Epoch 019 | Step 460 | lr=2.447174e-05 | loss=19.109364
Epoch 019 | Step 470 | lr=2.447174e-05 | loss=19.503757
Epoch 019 | Step 480 | lr=2.447174e-05 | loss=19.305180
Epoch 019 | Step 490 | lr=2.447174e-05 | loss=19.433489
Epoch 019 | Step 500 | lr=2.447174e-05 | loss=20.045383
Epoch 019 | Step 510 | lr=2.447174e-05 | loss=19.299095
Epoch 019 | Step 520 | lr=2.447174e-05 | loss=18.250721
Epoch 019 | Step 530 | lr=2.447174e-05 | loss=18.718426
Epoch 019 | Step 540 | lr=2.447174e-05 | loss=19.724623
Epoch 019 | Step 550 | lr=2.447174e-05 | loss=19.670071
Epoch 019 | Step 560 | lr=2.447174e-05 | loss=19.328568
Epoch 019 | Step 570 | lr=2.447174e-05 | loss=19.560946
Epoch 019 | Step 580 | lr=2.447174e-05 | loss=20.155575
Epoch 019 | Step 590 | lr=2.447174e-05 | loss=18.929840
Epoch 019 | Step 600 | lr=2.447174e-05 | loss=19.493433
Epoch 019 | Step 610 | lr=2.447174e-05 | loss=19.566986
Epoch 019 | Step 620 | lr=2.447174e-05 | loss=18.721781
Epoch 019 | Step 630 | lr=2.447174e-05 | loss=19.570927
Epoch 019 | Step 640 | lr=2.447174e-05 | loss=19.764355
Epoch 019 | Step 650 | lr=2.447174e-05 | loss=19.890217
Epoch 019 | Step 660 | lr=2.447174e-05 | loss=19.218929
Epoch 019 | Step 670 | lr=2.447174e-05 | loss=18.726494
Epoch 019 | Step 680 | lr=2.447174e-05 | loss=19.307693
Epoch 019 | Step 690 | lr=2.447174e-05 | loss=18.465506
Epoch 019 | Step 700 | lr=2.447174e-05 | loss=19.087677
Epoch 019 | Step 710 | lr=2.447174e-05 | loss=20.398252
Epoch 019 | Step 720 | lr=2.447174e-05 | loss=19.593102
Epoch 019 | Step 730 | lr=2.447174e-05 | loss=19.285812
Epoch 019 | Step 740 | lr=2.447174e-05 | loss=19.407948
Epoch 019 | Step 750 | lr=2.447174e-05 | loss=20.354298
Epoch 019 | Step 760 | lr=2.447174e-05 | loss=20.198298
Epoch 019 | Step 770 | lr=2.447174e-05 | loss=19.606514
Epoch 019 | Step 780 | lr=2.447174e-05 | loss=20.705406
Epoch 019 | Step 790 | lr=2.447174e-05 | loss=19.323042
Epoch 019 | Step 800 | lr=2.447174e-05 | loss=19.180904
Epoch 019 | Step 810 | lr=2.447174e-05 | loss=19.518105
Epoch 019 | Step 820 | lr=2.447174e-05 | loss=18.762932
Epoch 019 | Step 830 | lr=2.447174e-05 | loss=19.161432
Epoch 019 | Step 840 | lr=2.447174e-05 | loss=18.371391
Epoch 019 | Step 850 | lr=2.447174e-05 | loss=19.664585
Epoch 019 | Step 860 | lr=2.447174e-05 | loss=18.893759
Epoch 019 | Step 870 | lr=2.447174e-05 | loss=19.562580
Epoch 019 | Step 880 | lr=2.447174e-05 | loss=19.361374
Epoch 019 | Step 890 | lr=2.447174e-05 | loss=19.215574
Epoch 019 | Step 900 | lr=2.447174e-05 | loss=18.948496
Epoch 019 | Step 910 | lr=2.447174e-05 | loss=19.347355
Epoch 019 | Step 920 | lr=2.447174e-05 | loss=19.572468
Epoch 019 | Step 930 | lr=2.447174e-05 | loss=19.192924
Epoch 019 | Step 940 | lr=2.447174e-05 | loss=19.315826
Epoch 019 | Step 950 | lr=2.447174e-05 | loss=19.132183
Epoch 019 | Step 960 | lr=2.447174e-05 | loss=18.600990
epoch 019 | train_kld=19.390278 | val_kld=20.451743 | val_mae=0.008953 | val_mse=0.002572 | ord_acc@10=0.3083 | recall@10=0.8088
Epoch 020 | Step 10 | lr=6.155830e-06 | loss=19.199297
Epoch 020 | Step 20 | lr=6.155830e-06 | loss=18.825699
Epoch 020 | Step 30 | lr=6.155830e-06 | loss=19.334812
Epoch 020 | Step 40 | lr=6.155830e-06 | loss=19.734219
Epoch 020 | Step 50 | lr=6.155830e-06 | loss=19.286915
Epoch 020 | Step 60 | lr=6.155830e-06 | loss=18.172348
Epoch 020 | Step 70 | lr=6.155830e-06 | loss=18.546040
Epoch 020 | Step 80 | lr=6.155830e-06 | loss=19.680084
Epoch 020 | Step 90 | lr=6.155830e-06 | loss=19.207928
Epoch 020 | Step 100 | lr=6.155830e-06 | loss=20.107338
Epoch 020 | Step 110 | lr=6.155830e-06 | loss=19.064613
Epoch 020 | Step 120 | lr=6.155830e-06 | loss=18.686228
Epoch 020 | Step 130 | lr=6.155830e-06 | loss=19.854475
Epoch 020 | Step 140 | lr=6.155830e-06 | loss=20.081440
Epoch 020 | Step 150 | lr=6.155830e-06 | loss=19.083349
Epoch 020 | Step 160 | lr=6.155830e-06 | loss=18.702208
Epoch 020 | Step 170 | lr=6.155830e-06 | loss=18.901171
Epoch 020 | Step 180 | lr=6.155830e-06 | loss=18.829994
Epoch 020 | Step 190 | lr=6.155830e-06 | loss=19.879677
Epoch 020 | Step 200 | lr=6.155830e-06 | loss=19.514404
Epoch 020 | Step 210 | lr=6.155830e-06 | loss=19.480221
Epoch 020 | Step 220 | lr=6.155830e-06 | loss=18.798611
Epoch 020 | Step 230 | lr=6.155830e-06 | loss=19.717264
Epoch 020 | Step 240 | lr=6.155830e-06 | loss=19.242558
Epoch 020 | Step 250 | lr=6.155830e-06 | loss=18.581993
Epoch 020 | Step 260 | lr=6.155830e-06 | loss=19.173256
Epoch 020 | Step 270 | lr=6.155830e-06 | loss=18.343302
Epoch 020 | Step 280 | lr=6.155830e-06 | loss=19.604408
Epoch 020 | Step 290 | lr=6.155830e-06 | loss=19.673815
Epoch 020 | Step 300 | lr=6.155830e-06 | loss=18.668610
Epoch 020 | Step 310 | lr=6.155830e-06 | loss=19.068295
Epoch 020 | Step 320 | lr=6.155830e-06 | loss=19.730579
Epoch 020 | Step 330 | lr=6.155830e-06 | loss=19.251518
Epoch 020 | Step 340 | lr=6.155830e-06 | loss=19.073368
Epoch 020 | Step 350 | lr=6.155830e-06 | loss=19.137152
Epoch 020 | Step 360 | lr=6.155830e-06 | loss=19.173826
Epoch 020 | Step 370 | lr=6.155830e-06 | loss=20.384264
Epoch 020 | Step 380 | lr=6.155830e-06 | loss=19.145622
Epoch 020 | Step 390 | lr=6.155830e-06 | loss=19.496004
Epoch 020 | Step 400 | lr=6.155830e-06 | loss=20.171772
Epoch 020 | Step 410 | lr=6.155830e-06 | loss=19.265179
Epoch 020 | Step 420 | lr=6.155830e-06 | loss=18.741304
Epoch 020 | Step 430 | lr=6.155830e-06 | loss=19.737967
Epoch 020 | Step 440 | lr=6.155830e-06 | loss=20.013924
Epoch 020 | Step 450 | lr=6.155830e-06 | loss=19.533058
Epoch 020 | Step 460 | lr=6.155830e-06 | loss=19.161884
Epoch 020 | Step 470 | lr=6.155830e-06 | loss=19.566906
Epoch 020 | Step 480 | lr=6.155830e-06 | loss=19.800150
Epoch 020 | Step 490 | lr=6.155830e-06 | loss=19.023907
Epoch 020 | Step 500 | lr=6.155830e-06 | loss=18.998669
Epoch 020 | Step 510 | lr=6.155830e-06 | loss=19.668461
Epoch 020 | Step 520 | lr=6.155830e-06 | loss=19.236221
Epoch 020 | Step 530 | lr=6.155830e-06 | loss=19.002359
Epoch 020 | Step 540 | lr=6.155830e-06 | loss=19.599255
Epoch 020 | Step 550 | lr=6.155830e-06 | loss=19.453871
Epoch 020 | Step 560 | lr=6.155830e-06 | loss=19.268221
Epoch 020 | Step 570 | lr=6.155830e-06 | loss=18.768913
Epoch 020 | Step 580 | lr=6.155830e-06 | loss=19.306219
Epoch 020 | Step 590 | lr=6.155830e-06 | loss=19.367119
Epoch 020 | Step 600 | lr=6.155830e-06 | loss=19.748741
Epoch 020 | Step 610 | lr=6.155830e-06 | loss=19.416977
Epoch 020 | Step 620 | lr=6.155830e-06 | loss=19.127069
Epoch 020 | Step 630 | lr=6.155830e-06 | loss=19.938400
Epoch 020 | Step 640 | lr=6.155830e-06 | loss=19.509300
Epoch 020 | Step 650 | lr=6.155830e-06 | loss=20.193995
Epoch 020 | Step 660 | lr=6.155830e-06 | loss=18.414013
Epoch 020 | Step 670 | lr=6.155830e-06 | loss=19.088184
Epoch 020 | Step 680 | lr=6.155830e-06 | loss=19.706797
Epoch 020 | Step 690 | lr=6.155830e-06 | loss=19.213514
Epoch 020 | Step 700 | lr=6.155830e-06 | loss=19.802780
Epoch 020 | Step 710 | lr=6.155830e-06 | loss=19.535534
Epoch 020 | Step 720 | lr=6.155830e-06 | loss=18.456995
Epoch 020 | Step 730 | lr=6.155830e-06 | loss=19.254578
Epoch 020 | Step 740 | lr=6.155830e-06 | loss=19.777771
Epoch 020 | Step 750 | lr=6.155830e-06 | loss=19.338680
Epoch 020 | Step 760 | lr=6.155830e-06 | loss=19.049215
Epoch 020 | Step 770 | lr=6.155830e-06 | loss=19.190495
Epoch 020 | Step 780 | lr=6.155830e-06 | loss=19.799141
Epoch 020 | Step 790 | lr=6.155830e-06 | loss=19.525547
Epoch 020 | Step 800 | lr=6.155830e-06 | loss=19.563522
Epoch 020 | Step 810 | lr=6.155830e-06 | loss=19.877861
Epoch 020 | Step 820 | lr=6.155830e-06 | loss=19.210035
Epoch 020 | Step 830 | lr=6.155830e-06 | loss=19.838036
Epoch 020 | Step 840 | lr=6.155830e-06 | loss=19.771147
Epoch 020 | Step 850 | lr=6.155830e-06 | loss=19.873194
Epoch 020 | Step 860 | lr=6.155830e-06 | loss=19.424667
Epoch 020 | Step 870 | lr=6.155830e-06 | loss=19.296253
Epoch 020 | Step 880 | lr=6.155830e-06 | loss=19.080923
Epoch 020 | Step 890 | lr=6.155830e-06 | loss=18.684526
Epoch 020 | Step 900 | lr=6.155830e-06 | loss=19.546127
Epoch 020 | Step 910 | lr=6.155830e-06 | loss=19.096462
Epoch 020 | Step 920 | lr=6.155830e-06 | loss=19.451292
Epoch 020 | Step 930 | lr=6.155830e-06 | loss=19.482706
Epoch 020 | Step 940 | lr=6.155830e-06 | loss=19.062950
Epoch 020 | Step 950 | lr=6.155830e-06 | loss=19.001560
Epoch 020 | Step 960 | lr=6.155830e-06 | loss=18.835396
/mnt/hdd/xln/PycharmProjects/PredictLeafNode/src/model/cluster_dist_transformer_original.py:844: FutureWarning: You are using `torch.load` with `weights_only=False` (the current default value), which uses the default pickle module implicitly. It is possible to construct malicious pickle data which will execute arbitrary code during unpickling (See https://github.com/pytorch/pytorch/blob/main/SECURITY.md#untrusted-models for more details). In a future release, the default value for `weights_only` will be flipped to `True`. This limits the functions that could be executed during unpickling. Arbitrary objects will no longer be allowed to be loaded via this mode unless they are explicitly allowlisted by the user via `torch.serialization.add_safe_globals`. We recommend you start setting `weights_only=True` for any use case where you don't have full control of the loaded file. Please open an issue on GitHub for any issues related to this experimental feature.
  ckpt = torch.load(best_path, map_location=device)
epoch 020 | train_kld=19.340594 | val_kld=20.459452 | val_mae=0.008970 | val_mse=0.002580 | ord_acc@10=0.3077 | recall@10=0.8071
Saved epoch 1 batch metrics plot to input/Training_data/gist1M_learn/leafsize20K/C_model_d256_L4_H8_ff512_topk10_bs512_ep20_lr0.001_wd0.01_bilinear_normalizeTrue_posTrue_gatingFalse_loss_typelistmle_use_type_embedTrue/model_d256_L4_H8_ff512_topk10_bs512_ep20_lr0.001_wd0.01_bilinear_normalizeTrue_posTrue_gatingFalse_loss_typelistmle_use_type_embedTrue_epoch1_batch_metrics@10.png
Saved epoch metrics plot to input/Training_data/gist1M_learn/leafsize20K/C_model_d256_L4_H8_ff512_topk10_bs512_ep20_lr0.001_wd0.01_bilinear_normalizeTrue_posTrue_gatingFalse_loss_typelistmle_use_type_embedTrue/model_d256_L4_H8_ff512_topk10_bs512_ep20_lr0.001_wd0.01_bilinear_normalizeTrue_posTrue_gatingFalse_loss_typelistmle_use_type_embedTrue_epoch_metrics.png
best val_kld: 20.312276 at epoch 16
Loaded checkpoint from input/Training_data/gist1M_learn/leafsize20K/C_model_d256_L4_H8_ff512_topk10_bs512_ep20_lr0.001_wd0.01_bilinear_normalizeTrue_posTrue_gatingFalse_loss_typelistmle_use_type_embedTrue/model_d256_L4_H8_ff512_topk10_bs512_ep20_lr0.001_wd0.01_bilinear_normalizeTrue_posTrue_gatingFalse_loss_typelistmle_use_type_embedTrue.pt (epoch=16)
[TEST] kld=21.046629 | mae=0.009025 | mse=0.002560 | ord_acc@10=0.2989 | recall@10=0.8144
Saving model predictions to file...
Saved predictions -> input/Training_data/gist1M_learn/leafsize20K/C_model_d256_L4_H8_ff512_topk10_bs512_ep20_lr0.001_wd0.01_bilinear_normalizeTrue_posTrue_gatingFalse_loss_typelistmle_use_type_embedTrue/model_d256_L4_H8_ff512_topk10_bs512_ep20_lr0.001_wd0.01_bilinear_normalizeTrue_posTrue_gatingFalse_loss_typelistmle_use_type_embedTrue_pred.txt
