/home/xln/miniconda3/envs/elpis_torch/lib/python3.12/site-packages/torch/nn/modules/transformer.py:379: UserWarning: enable_nested_tensor is True, but self.use_nested_tensor is False because encoder_layer.norm_first was True
  warnings.warn(
Detected K=116, D=960
Using experiment ID: C
Epoch 001 | Batch 10 | val_kld=0.001890 | val_ordacc@10=0.007152 | val_recall@10=0.090106
Epoch 001 | Step 10 | lr=1.000000e-03 | loss=0.002002
Epoch 001 | Batch 20 | val_kld=0.001598 | val_ordacc@10=0.030537 | val_recall@10=0.256094
Epoch 001 | Step 20 | lr=1.000000e-03 | loss=0.001737
Epoch 001 | Batch 30 | val_kld=0.001414 | val_ordacc@10=0.045035 | val_recall@10=0.433567
Epoch 001 | Step 30 | lr=1.000000e-03 | loss=0.001566
Epoch 001 | Batch 40 | val_kld=0.001058 | val_ordacc@10=0.093529 | val_recall@10=0.579199
Epoch 001 | Step 40 | lr=1.000000e-03 | loss=0.001142
Epoch 001 | Batch 50 | val_kld=0.000886 | val_ordacc@10=0.115615 | val_recall@10=0.627916
Epoch 001 | Step 50 | lr=1.000000e-03 | loss=0.000971
Epoch 001 | Batch 60 | val_kld=0.000730 | val_ordacc@10=0.135864 | val_recall@10=0.655835
Epoch 001 | Step 60 | lr=1.000000e-03 | loss=0.000835
Epoch 001 | Batch 70 | val_kld=0.000618 | val_ordacc@10=0.157259 | val_recall@10=0.684700
Epoch 001 | Step 70 | lr=1.000000e-03 | loss=0.000707
Epoch 001 | Batch 80 | val_kld=0.000532 | val_ordacc@10=0.174430 | val_recall@10=0.699676
Epoch 001 | Step 80 | lr=1.000000e-03 | loss=0.000683
Epoch 001 | Batch 90 | val_kld=0.000485 | val_ordacc@10=0.192673 | val_recall@10=0.715953
Epoch 001 | Step 90 | lr=1.000000e-03 | loss=0.000555
Epoch 001 | Batch 100 | val_kld=0.000474 | val_ordacc@10=0.189097 | val_recall@10=0.727270
Epoch 001 | Step 100 | lr=1.000000e-03 | loss=0.000638
Epoch 001 | Batch 110 | val_kld=0.000434 | val_ordacc@10=0.197962 | val_recall@10=0.727111
Epoch 001 | Step 110 | lr=1.000000e-03 | loss=0.000485
Epoch 001 | Batch 120 | val_kld=0.000413 | val_ordacc@10=0.200836 | val_recall@10=0.737611
Epoch 001 | Step 120 | lr=1.000000e-03 | loss=0.000434
Epoch 001 | Batch 130 | val_kld=0.000387 | val_ordacc@10=0.204827 | val_recall@10=0.742633
Epoch 001 | Step 130 | lr=1.000000e-03 | loss=0.000457
Epoch 001 | Batch 140 | val_kld=0.000346 | val_ordacc@10=0.218283 | val_recall@10=0.756417
Epoch 001 | Step 140 | lr=1.000000e-03 | loss=0.000391
Epoch 001 | Batch 150 | val_kld=0.000345 | val_ordacc@10=0.216850 | val_recall@10=0.764259
Epoch 001 | Step 150 | lr=1.000000e-03 | loss=0.000427
Epoch 001 | Batch 160 | val_kld=0.000357 | val_ordacc@10=0.214479 | val_recall@10=0.754458
Epoch 001 | Step 160 | lr=1.000000e-03 | loss=0.000399
Epoch 001 | Batch 170 | val_kld=0.000348 | val_ordacc@10=0.214413 | val_recall@10=0.754271
Epoch 001 | Step 170 | lr=1.000000e-03 | loss=0.000474
Epoch 001 | Batch 180 | val_kld=0.000320 | val_ordacc@10=0.223523 | val_recall@10=0.767151
Epoch 001 | Step 180 | lr=1.000000e-03 | loss=0.000404
Epoch 001 | Batch 190 | val_kld=0.000314 | val_ordacc@10=0.223612 | val_recall@10=0.762216
Epoch 001 | Step 190 | lr=1.000000e-03 | loss=0.000377
Epoch 001 | Batch 200 | val_kld=0.000303 | val_ordacc@10=0.227093 | val_recall@10=0.768396
Epoch 001 | Step 200 | lr=1.000000e-03 | loss=0.000336
Epoch 001 | Batch 210 | val_kld=0.000285 | val_ordacc@10=0.234771 | val_recall@10=0.770544
Epoch 001 | Step 210 | lr=1.000000e-03 | loss=0.000332
Epoch 001 | Batch 220 | val_kld=0.000281 | val_ordacc@10=0.229685 | val_recall@10=0.772563
Epoch 001 | Step 220 | lr=1.000000e-03 | loss=0.000323
Epoch 001 | Batch 230 | val_kld=0.000260 | val_ordacc@10=0.238258 | val_recall@10=0.780817
Epoch 001 | Step 230 | lr=1.000000e-03 | loss=0.000325
Epoch 001 | Batch 240 | val_kld=0.000305 | val_ordacc@10=0.225405 | val_recall@10=0.765835
Epoch 001 | Step 240 | lr=1.000000e-03 | loss=0.000380
Epoch 001 | Batch 250 | val_kld=0.000265 | val_ordacc@10=0.232715 | val_recall@10=0.782463
Epoch 001 | Step 250 | lr=1.000000e-03 | loss=0.000329
Epoch 001 | Batch 260 | val_kld=0.000263 | val_ordacc@10=0.232752 | val_recall@10=0.768657
Epoch 001 | Step 260 | lr=1.000000e-03 | loss=0.000301
Epoch 001 | Batch 270 | val_kld=0.000278 | val_ordacc@10=0.225712 | val_recall@10=0.775501
Epoch 001 | Step 270 | lr=1.000000e-03 | loss=0.000386
Epoch 001 | Batch 280 | val_kld=0.000283 | val_ordacc@10=0.224727 | val_recall@10=0.772315
Epoch 001 | Step 280 | lr=1.000000e-03 | loss=0.000341
Epoch 001 | Batch 290 | val_kld=0.000243 | val_ordacc@10=0.240855 | val_recall@10=0.783902
Epoch 001 | Step 290 | lr=1.000000e-03 | loss=0.000287
Epoch 001 | Batch 300 | val_kld=0.000252 | val_ordacc@10=0.233421 | val_recall@10=0.774002
Epoch 001 | Step 300 | lr=1.000000e-03 | loss=0.000303
Epoch 001 | Batch 310 | val_kld=0.000265 | val_ordacc@10=0.234398 | val_recall@10=0.781083
Epoch 001 | Step 310 | lr=1.000000e-03 | loss=0.000280
Epoch 001 | Batch 320 | val_kld=0.000254 | val_ordacc@10=0.236373 | val_recall@10=0.770679
Epoch 001 | Step 320 | lr=1.000000e-03 | loss=0.000237
Epoch 001 | Batch 330 | val_kld=0.000223 | val_ordacc@10=0.239028 | val_recall@10=0.785351
Epoch 001 | Step 330 | lr=1.000000e-03 | loss=0.000285
Epoch 001 | Batch 340 | val_kld=0.000233 | val_ordacc@10=0.244303 | val_recall@10=0.781586
Epoch 001 | Step 340 | lr=1.000000e-03 | loss=0.000317
Epoch 001 | Batch 350 | val_kld=0.000212 | val_ordacc@10=0.245477 | val_recall@10=0.786459
Epoch 001 | Step 350 | lr=1.000000e-03 | loss=0.000248
Epoch 001 | Batch 360 | val_kld=0.000208 | val_ordacc@10=0.246466 | val_recall@10=0.791800
Epoch 001 | Step 360 | lr=1.000000e-03 | loss=0.000242
Epoch 001 | Batch 370 | val_kld=0.000209 | val_ordacc@10=0.245249 | val_recall@10=0.791608
Epoch 001 | Step 370 | lr=1.000000e-03 | loss=0.000228
Epoch 001 | Batch 380 | val_kld=0.000221 | val_ordacc@10=0.234821 | val_recall@10=0.788059
Epoch 001 | Step 380 | lr=1.000000e-03 | loss=0.000221
Epoch 001 | Batch 390 | val_kld=0.000208 | val_ordacc@10=0.244902 | val_recall@10=0.790417
Epoch 001 | Step 390 | lr=1.000000e-03 | loss=0.000233
Epoch 001 | Batch 400 | val_kld=0.000220 | val_ordacc@10=0.248548 | val_recall@10=0.788959
Epoch 001 | Step 400 | lr=1.000000e-03 | loss=0.000236
Epoch 001 | Batch 410 | val_kld=0.000234 | val_ordacc@10=0.243046 | val_recall@10=0.792827
Epoch 001 | Step 410 | lr=1.000000e-03 | loss=0.000231
Epoch 001 | Batch 420 | val_kld=0.000212 | val_ordacc@10=0.243443 | val_recall@10=0.789889
Epoch 001 | Step 420 | lr=1.000000e-03 | loss=0.000351
Epoch 001 | Batch 430 | val_kld=0.000198 | val_ordacc@10=0.247479 | val_recall@10=0.793567
Epoch 001 | Step 430 | lr=1.000000e-03 | loss=0.000240
Epoch 001 | Batch 440 | val_kld=0.000199 | val_ordacc@10=0.248658 | val_recall@10=0.791413
Epoch 001 | Step 440 | lr=1.000000e-03 | loss=0.000196
Epoch 001 | Batch 450 | val_kld=0.000203 | val_ordacc@10=0.253847 | val_recall@10=0.791216
Epoch 001 | Step 450 | lr=1.000000e-03 | loss=0.000200
Epoch 001 | Batch 460 | val_kld=0.000191 | val_ordacc@10=0.246977 | val_recall@10=0.788525
Epoch 001 | Step 460 | lr=1.000000e-03 | loss=0.000226
Epoch 001 | Batch 470 | val_kld=0.000201 | val_ordacc@10=0.238924 | val_recall@10=0.792751
Epoch 001 | Step 470 | lr=1.000000e-03 | loss=0.000272
Epoch 001 | Batch 480 | val_kld=0.000207 | val_ordacc@10=0.245437 | val_recall@10=0.792511
Epoch 001 | Step 480 | lr=1.000000e-03 | loss=0.000269
Epoch 001 | Batch 490 | val_kld=0.000202 | val_ordacc@10=0.256036 | val_recall@10=0.793830
Epoch 001 | Step 490 | lr=1.000000e-03 | loss=0.000220
Epoch 001 | Batch 500 | val_kld=0.000186 | val_ordacc@10=0.251273 | val_recall@10=0.797406
Epoch 001 | Step 500 | lr=1.000000e-03 | loss=0.000192
Epoch 001 | Batch 510 | val_kld=0.000177 | val_ordacc@10=0.261814 | val_recall@10=0.797685
Epoch 001 | Step 510 | lr=1.000000e-03 | loss=0.000186
Epoch 001 | Batch 520 | val_kld=0.000174 | val_ordacc@10=0.258214 | val_recall@10=0.794175
Epoch 001 | Step 520 | lr=1.000000e-03 | loss=0.000181
Epoch 001 | Batch 530 | val_kld=0.000178 | val_ordacc@10=0.257283 | val_recall@10=0.796658
Epoch 001 | Step 530 | lr=1.000000e-03 | loss=0.000221
Epoch 001 | Batch 540 | val_kld=0.000196 | val_ordacc@10=0.248261 | val_recall@10=0.798987
Epoch 001 | Step 540 | lr=1.000000e-03 | loss=0.000225
Epoch 001 | Batch 550 | val_kld=0.000178 | val_ordacc@10=0.260047 | val_recall@10=0.798743
Epoch 001 | Step 550 | lr=1.000000e-03 | loss=0.000220
Epoch 001 | Batch 560 | val_kld=0.000180 | val_ordacc@10=0.258585 | val_recall@10=0.796673
Epoch 001 | Step 560 | lr=1.000000e-03 | loss=0.000201
Epoch 001 | Batch 570 | val_kld=0.000180 | val_ordacc@10=0.260353 | val_recall@10=0.798898
Epoch 001 | Step 570 | lr=1.000000e-03 | loss=0.000228
Epoch 001 | Batch 580 | val_kld=0.000187 | val_ordacc@10=0.252877 | val_recall@10=0.794064
Epoch 001 | Step 580 | lr=1.000000e-03 | loss=0.000213
Epoch 001 | Batch 590 | val_kld=0.000183 | val_ordacc@10=0.257352 | val_recall@10=0.794780
Epoch 001 | Step 590 | lr=1.000000e-03 | loss=0.000195
Epoch 001 | Batch 600 | val_kld=0.000172 | val_ordacc@10=0.263496 | val_recall@10=0.798566
Epoch 001 | Step 600 | lr=1.000000e-03 | loss=0.000182
Epoch 001 | Batch 610 | val_kld=0.000178 | val_ordacc@10=0.257929 | val_recall@10=0.798428
Epoch 001 | Step 610 | lr=1.000000e-03 | loss=0.000202
Epoch 001 | Batch 620 | val_kld=0.000166 | val_ordacc@10=0.263885 | val_recall@10=0.801231
Epoch 001 | Step 620 | lr=1.000000e-03 | loss=0.000233
Epoch 001 | Batch 630 | val_kld=0.000168 | val_ordacc@10=0.265779 | val_recall@10=0.801478
Epoch 001 | Step 630 | lr=1.000000e-03 | loss=0.000198
Epoch 001 | Batch 640 | val_kld=0.000178 | val_ordacc@10=0.255947 | val_recall@10=0.792560
Epoch 001 | Step 640 | lr=1.000000e-03 | loss=0.000185
Epoch 001 | Batch 650 | val_kld=0.000202 | val_ordacc@10=0.256664 | val_recall@10=0.799535
Epoch 001 | Step 650 | lr=1.000000e-03 | loss=0.000188
Epoch 001 | Batch 660 | val_kld=0.000180 | val_ordacc@10=0.257693 | val_recall@10=0.803557
Epoch 001 | Step 660 | lr=1.000000e-03 | loss=0.000269
Epoch 001 | Batch 670 | val_kld=0.000162 | val_ordacc@10=0.262720 | val_recall@10=0.802910
Epoch 001 | Step 670 | lr=1.000000e-03 | loss=0.000191
Epoch 001 | Batch 680 | val_kld=0.000195 | val_ordacc@10=0.254275 | val_recall@10=0.799376
Epoch 001 | Step 680 | lr=1.000000e-03 | loss=0.000163
Epoch 001 | Batch 690 | val_kld=0.000195 | val_ordacc@10=0.251944 | val_recall@10=0.801506
Epoch 001 | Step 690 | lr=1.000000e-03 | loss=0.000228
Epoch 001 | Batch 700 | val_kld=0.000178 | val_ordacc@10=0.261728 | val_recall@10=0.798555
Epoch 001 | Step 700 | lr=1.000000e-03 | loss=0.000220
Epoch 001 | Batch 710 | val_kld=0.000214 | val_ordacc@10=0.251361 | val_recall@10=0.797164
Epoch 001 | Step 710 | lr=1.000000e-03 | loss=0.000246
Epoch 001 | Batch 720 | val_kld=0.000179 | val_ordacc@10=0.257492 | val_recall@10=0.799744
Epoch 001 | Step 720 | lr=1.000000e-03 | loss=0.000190
Epoch 001 | Batch 730 | val_kld=0.000186 | val_ordacc@10=0.255158 | val_recall@10=0.795656
Epoch 001 | Step 730 | lr=1.000000e-03 | loss=0.000195
Epoch 001 | Batch 740 | val_kld=0.000195 | val_ordacc@10=0.251955 | val_recall@10=0.799070
Epoch 001 | Step 740 | lr=1.000000e-03 | loss=0.000192
Epoch 001 | Batch 750 | val_kld=0.000182 | val_ordacc@10=0.262749 | val_recall@10=0.803538
Epoch 001 | Step 750 | lr=1.000000e-03 | loss=0.000209
Epoch 001 | Batch 760 | val_kld=0.000179 | val_ordacc@10=0.258343 | val_recall@10=0.791838
Epoch 001 | Step 760 | lr=1.000000e-03 | loss=0.000206
Epoch 001 | Batch 770 | val_kld=0.000160 | val_ordacc@10=0.266407 | val_recall@10=0.803519
Epoch 001 | Step 770 | lr=1.000000e-03 | loss=0.000183
Epoch 001 | Batch 780 | val_kld=0.000181 | val_ordacc@10=0.266828 | val_recall@10=0.803181
Epoch 001 | Step 780 | lr=1.000000e-03 | loss=0.000202
Epoch 001 | Batch 790 | val_kld=0.000186 | val_ordacc@10=0.252815 | val_recall@10=0.805468
Epoch 001 | Step 790 | lr=1.000000e-03 | loss=0.000184
Epoch 001 | Batch 800 | val_kld=0.000162 | val_ordacc@10=0.262083 | val_recall@10=0.801888
Epoch 001 | Step 800 | lr=1.000000e-03 | loss=0.000198
Epoch 001 | Batch 810 | val_kld=0.000153 | val_ordacc@10=0.270793 | val_recall@10=0.804202
Epoch 001 | Step 810 | lr=1.000000e-03 | loss=0.000199
Epoch 001 | Batch 820 | val_kld=0.000178 | val_ordacc@10=0.253266 | val_recall@10=0.803003
Epoch 001 | Step 820 | lr=1.000000e-03 | loss=0.000165
Epoch 001 | Batch 830 | val_kld=0.000170 | val_ordacc@10=0.260188 | val_recall@10=0.793353
Epoch 001 | Step 830 | lr=1.000000e-03 | loss=0.000179
Epoch 001 | Batch 840 | val_kld=0.000167 | val_ordacc@10=0.266601 | val_recall@10=0.798273
Epoch 001 | Step 840 | lr=1.000000e-03 | loss=0.000199
Epoch 001 | Batch 850 | val_kld=0.000162 | val_ordacc@10=0.272936 | val_recall@10=0.802640
Epoch 001 | Step 850 | lr=1.000000e-03 | loss=0.000175
Epoch 001 | Batch 860 | val_kld=0.000162 | val_ordacc@10=0.264540 | val_recall@10=0.807854
Epoch 001 | Step 860 | lr=1.000000e-03 | loss=0.000178
Epoch 001 | Batch 870 | val_kld=0.000153 | val_ordacc@10=0.267287 | val_recall@10=0.800624
Epoch 001 | Step 870 | lr=1.000000e-03 | loss=0.000162
Epoch 001 | Batch 880 | val_kld=0.000149 | val_ordacc@10=0.269801 | val_recall@10=0.805305
Epoch 001 | Step 880 | lr=1.000000e-03 | loss=0.000160
Epoch 001 | Batch 890 | val_kld=0.000150 | val_ordacc@10=0.272009 | val_recall@10=0.805867
Epoch 001 | Step 890 | lr=1.000000e-03 | loss=0.000168
Epoch 001 | Batch 900 | val_kld=0.000153 | val_ordacc@10=0.273272 | val_recall@10=0.802836
Epoch 001 | Step 900 | lr=1.000000e-03 | loss=0.000176
Epoch 001 | Batch 910 | val_kld=0.000182 | val_ordacc@10=0.265640 | val_recall@10=0.805847
Epoch 001 | Step 910 | lr=1.000000e-03 | loss=0.000193
Epoch 001 | Batch 920 | val_kld=0.000166 | val_ordacc@10=0.265775 | val_recall@10=0.803438
Epoch 001 | Step 920 | lr=1.000000e-03 | loss=0.000201
Epoch 001 | Batch 930 | val_kld=0.000162 | val_ordacc@10=0.260738 | val_recall@10=0.798899
Epoch 001 | Step 930 | lr=1.000000e-03 | loss=0.000175
Epoch 001 | Batch 940 | val_kld=0.000156 | val_ordacc@10=0.266969 | val_recall@10=0.808051
Epoch 001 | Step 940 | lr=1.000000e-03 | loss=0.000157
Epoch 001 | Batch 950 | val_kld=0.000160 | val_ordacc@10=0.271281 | val_recall@10=0.807597
Epoch 001 | Step 950 | lr=1.000000e-03 | loss=0.000183
Epoch 001 | Batch 960 | val_kld=0.000174 | val_ordacc@10=0.263060 | val_recall@10=0.796264
Epoch 001 | Step 960 | lr=1.000000e-03 | loss=0.000176
epoch 001 | train_kld=0.000351 | val_kld=0.000163 | val_mae=0.003626 | val_mse=0.000163 | ord_acc@10=0.2632 | recall@10=0.8025
Epoch 002 | Step 10 | lr=9.938442e-04 | loss=0.000175
Epoch 002 | Step 20 | lr=9.938442e-04 | loss=0.000167
Epoch 002 | Step 30 | lr=9.938442e-04 | loss=0.000162
Epoch 002 | Step 40 | lr=9.938442e-04 | loss=0.000200
Epoch 002 | Step 50 | lr=9.938442e-04 | loss=0.000209
Epoch 002 | Step 60 | lr=9.938442e-04 | loss=0.000180
Epoch 002 | Step 70 | lr=9.938442e-04 | loss=0.000174
Epoch 002 | Step 80 | lr=9.938442e-04 | loss=0.000179
Epoch 002 | Step 90 | lr=9.938442e-04 | loss=0.000167
Epoch 002 | Step 100 | lr=9.938442e-04 | loss=0.000185
Epoch 002 | Step 110 | lr=9.938442e-04 | loss=0.000183
Epoch 002 | Step 120 | lr=9.938442e-04 | loss=0.000159
Epoch 002 | Step 130 | lr=9.938442e-04 | loss=0.000166
Epoch 002 | Step 140 | lr=9.938442e-04 | loss=0.000173
Epoch 002 | Step 150 | lr=9.938442e-04 | loss=0.000172
Epoch 002 | Step 160 | lr=9.938442e-04 | loss=0.000198
Epoch 002 | Step 170 | lr=9.938442e-04 | loss=0.000154
Epoch 002 | Step 180 | lr=9.938442e-04 | loss=0.000172
Epoch 002 | Step 190 | lr=9.938442e-04 | loss=0.000174
Epoch 002 | Step 200 | lr=9.938442e-04 | loss=0.000153
Epoch 002 | Step 210 | lr=9.938442e-04 | loss=0.000167
Epoch 002 | Step 220 | lr=9.938442e-04 | loss=0.000180
Epoch 002 | Step 230 | lr=9.938442e-04 | loss=0.000155
Epoch 002 | Step 240 | lr=9.938442e-04 | loss=0.000166
Epoch 002 | Step 250 | lr=9.938442e-04 | loss=0.000161
Epoch 002 | Step 260 | lr=9.938442e-04 | loss=0.000163
Epoch 002 | Step 270 | lr=9.938442e-04 | loss=0.000159
Epoch 002 | Step 280 | lr=9.938442e-04 | loss=0.000185
Epoch 002 | Step 290 | lr=9.938442e-04 | loss=0.000165
Epoch 002 | Step 300 | lr=9.938442e-04 | loss=0.000146
Epoch 002 | Step 310 | lr=9.938442e-04 | loss=0.000160
Epoch 002 | Step 320 | lr=9.938442e-04 | loss=0.000169
Epoch 002 | Step 330 | lr=9.938442e-04 | loss=0.000154
Epoch 002 | Step 340 | lr=9.938442e-04 | loss=0.000176
Epoch 002 | Step 350 | lr=9.938442e-04 | loss=0.000166
Epoch 002 | Step 360 | lr=9.938442e-04 | loss=0.000173
Epoch 002 | Step 370 | lr=9.938442e-04 | loss=0.000163
Epoch 002 | Step 380 | lr=9.938442e-04 | loss=0.000164
Epoch 002 | Step 390 | lr=9.938442e-04 | loss=0.000148
Epoch 002 | Step 400 | lr=9.938442e-04 | loss=0.000171
Epoch 002 | Step 410 | lr=9.938442e-04 | loss=0.000161
Epoch 002 | Step 420 | lr=9.938442e-04 | loss=0.000164
Epoch 002 | Step 430 | lr=9.938442e-04 | loss=0.000162
Epoch 002 | Step 440 | lr=9.938442e-04 | loss=0.000156
Epoch 002 | Step 450 | lr=9.938442e-04 | loss=0.000145
Epoch 002 | Step 460 | lr=9.938442e-04 | loss=0.000151
Epoch 002 | Step 470 | lr=9.938442e-04 | loss=0.000158
Epoch 002 | Step 480 | lr=9.938442e-04 | loss=0.000159
Epoch 002 | Step 490 | lr=9.938442e-04 | loss=0.000159
Epoch 002 | Step 500 | lr=9.938442e-04 | loss=0.000174
Epoch 002 | Step 510 | lr=9.938442e-04 | loss=0.000156
Epoch 002 | Step 520 | lr=9.938442e-04 | loss=0.000139
Epoch 002 | Step 530 | lr=9.938442e-04 | loss=0.000169
Epoch 002 | Step 540 | lr=9.938442e-04 | loss=0.000159
Epoch 002 | Step 550 | lr=9.938442e-04 | loss=0.000140
Epoch 002 | Step 560 | lr=9.938442e-04 | loss=0.000158
Epoch 002 | Step 570 | lr=9.938442e-04 | loss=0.000137
Epoch 002 | Step 580 | lr=9.938442e-04 | loss=0.000176
Epoch 002 | Step 590 | lr=9.938442e-04 | loss=0.000183
Epoch 002 | Step 600 | lr=9.938442e-04 | loss=0.000179
Epoch 002 | Step 610 | lr=9.938442e-04 | loss=0.000175
Epoch 002 | Step 620 | lr=9.938442e-04 | loss=0.000172
Epoch 002 | Step 630 | lr=9.938442e-04 | loss=0.000152
Epoch 002 | Step 640 | lr=9.938442e-04 | loss=0.000152
Epoch 002 | Step 650 | lr=9.938442e-04 | loss=0.000155
Epoch 002 | Step 660 | lr=9.938442e-04 | loss=0.000189
Epoch 002 | Step 670 | lr=9.938442e-04 | loss=0.000150
Epoch 002 | Step 680 | lr=9.938442e-04 | loss=0.000168
Epoch 002 | Step 690 | lr=9.938442e-04 | loss=0.000150
Epoch 002 | Step 700 | lr=9.938442e-04 | loss=0.000154
Epoch 002 | Step 710 | lr=9.938442e-04 | loss=0.000142
Epoch 002 | Step 720 | lr=9.938442e-04 | loss=0.000154
Epoch 002 | Step 730 | lr=9.938442e-04 | loss=0.000142
Epoch 002 | Step 740 | lr=9.938442e-04 | loss=0.000156
Epoch 002 | Step 750 | lr=9.938442e-04 | loss=0.000135
Epoch 002 | Step 760 | lr=9.938442e-04 | loss=0.000148
Epoch 002 | Step 770 | lr=9.938442e-04 | loss=0.000142
Epoch 002 | Step 780 | lr=9.938442e-04 | loss=0.000158
Epoch 002 | Step 790 | lr=9.938442e-04 | loss=0.000148
Epoch 002 | Step 800 | lr=9.938442e-04 | loss=0.000138
Epoch 002 | Step 810 | lr=9.938442e-04 | loss=0.000146
Epoch 002 | Step 820 | lr=9.938442e-04 | loss=0.000155
Epoch 002 | Step 830 | lr=9.938442e-04 | loss=0.000148
Epoch 002 | Step 840 | lr=9.938442e-04 | loss=0.000152
Epoch 002 | Step 850 | lr=9.938442e-04 | loss=0.000147
Epoch 002 | Step 860 | lr=9.938442e-04 | loss=0.000138
Epoch 002 | Step 870 | lr=9.938442e-04 | loss=0.000166
Epoch 002 | Step 880 | lr=9.938442e-04 | loss=0.000159
Epoch 002 | Step 890 | lr=9.938442e-04 | loss=0.000150
Epoch 002 | Step 900 | lr=9.938442e-04 | loss=0.000178
Epoch 002 | Step 910 | lr=9.938442e-04 | loss=0.000163
Epoch 002 | Step 920 | lr=9.938442e-04 | loss=0.000162
Epoch 002 | Step 930 | lr=9.938442e-04 | loss=0.000137
Epoch 002 | Step 940 | lr=9.938442e-04 | loss=0.000148
Epoch 002 | Step 950 | lr=9.938442e-04 | loss=0.000152
Epoch 002 | Step 960 | lr=9.938442e-04 | loss=0.000151
epoch 002 | train_kld=0.000160 | val_kld=0.000124 | val_mae=0.003198 | val_mse=0.000124 | ord_acc@10=0.2859 | recall@10=0.8142
Epoch 003 | Step 10 | lr=9.755283e-04 | loss=0.000139
Epoch 003 | Step 20 | lr=9.755283e-04 | loss=0.000136
Epoch 003 | Step 30 | lr=9.755283e-04 | loss=0.000140
Epoch 003 | Step 40 | lr=9.755283e-04 | loss=0.000153
Epoch 003 | Step 50 | lr=9.755283e-04 | loss=0.000142
Epoch 003 | Step 60 | lr=9.755283e-04 | loss=0.000136
Epoch 003 | Step 70 | lr=9.755283e-04 | loss=0.000138
Epoch 003 | Step 80 | lr=9.755283e-04 | loss=0.000159
Epoch 003 | Step 90 | lr=9.755283e-04 | loss=0.000135
Epoch 003 | Step 100 | lr=9.755283e-04 | loss=0.000152
Epoch 003 | Step 110 | lr=9.755283e-04 | loss=0.000152
Epoch 003 | Step 120 | lr=9.755283e-04 | loss=0.000136
Epoch 003 | Step 130 | lr=9.755283e-04 | loss=0.000130
Epoch 003 | Step 140 | lr=9.755283e-04 | loss=0.000146
Epoch 003 | Step 150 | lr=9.755283e-04 | loss=0.000151
Epoch 003 | Step 160 | lr=9.755283e-04 | loss=0.000152
Epoch 003 | Step 170 | lr=9.755283e-04 | loss=0.000148
Epoch 003 | Step 180 | lr=9.755283e-04 | loss=0.000140
Epoch 003 | Step 190 | lr=9.755283e-04 | loss=0.000137
Epoch 003 | Step 200 | lr=9.755283e-04 | loss=0.000147
Epoch 003 | Step 210 | lr=9.755283e-04 | loss=0.000144
Epoch 003 | Step 220 | lr=9.755283e-04 | loss=0.000142
Epoch 003 | Step 230 | lr=9.755283e-04 | loss=0.000141
Epoch 003 | Step 240 | lr=9.755283e-04 | loss=0.000145
Epoch 003 | Step 250 | lr=9.755283e-04 | loss=0.000135
Epoch 003 | Step 260 | lr=9.755283e-04 | loss=0.000141
Epoch 003 | Step 270 | lr=9.755283e-04 | loss=0.000130
Epoch 003 | Step 280 | lr=9.755283e-04 | loss=0.000157
Epoch 003 | Step 290 | lr=9.755283e-04 | loss=0.000129
Epoch 003 | Step 300 | lr=9.755283e-04 | loss=0.000157
Epoch 003 | Step 310 | lr=9.755283e-04 | loss=0.000149
Epoch 003 | Step 320 | lr=9.755283e-04 | loss=0.000139
Epoch 003 | Step 330 | lr=9.755283e-04 | loss=0.000133
Epoch 003 | Step 340 | lr=9.755283e-04 | loss=0.000132
Epoch 003 | Step 350 | lr=9.755283e-04 | loss=0.000152
Epoch 003 | Step 360 | lr=9.755283e-04 | loss=0.000137
Epoch 003 | Step 370 | lr=9.755283e-04 | loss=0.000131
Epoch 003 | Step 380 | lr=9.755283e-04 | loss=0.000123
Epoch 003 | Step 390 | lr=9.755283e-04 | loss=0.000128
Epoch 003 | Step 400 | lr=9.755283e-04 | loss=0.000136
Epoch 003 | Step 410 | lr=9.755283e-04 | loss=0.000130
Epoch 003 | Step 420 | lr=9.755283e-04 | loss=0.000133
Epoch 003 | Step 430 | lr=9.755283e-04 | loss=0.000142
Epoch 003 | Step 440 | lr=9.755283e-04 | loss=0.000137
Epoch 003 | Step 450 | lr=9.755283e-04 | loss=0.000153
Epoch 003 | Step 460 | lr=9.755283e-04 | loss=0.000152
Epoch 003 | Step 470 | lr=9.755283e-04 | loss=0.000140
Epoch 003 | Step 480 | lr=9.755283e-04 | loss=0.000137
Epoch 003 | Step 490 | lr=9.755283e-04 | loss=0.000163
Epoch 003 | Step 500 | lr=9.755283e-04 | loss=0.000146
Epoch 003 | Step 510 | lr=9.755283e-04 | loss=0.000133
Epoch 003 | Step 520 | lr=9.755283e-04 | loss=0.000135
Epoch 003 | Step 530 | lr=9.755283e-04 | loss=0.000134
Epoch 003 | Step 540 | lr=9.755283e-04 | loss=0.000139
Epoch 003 | Step 550 | lr=9.755283e-04 | loss=0.000142
Epoch 003 | Step 560 | lr=9.755283e-04 | loss=0.000139
Epoch 003 | Step 570 | lr=9.755283e-04 | loss=0.000126
Epoch 003 | Step 580 | lr=9.755283e-04 | loss=0.000130
Epoch 003 | Step 590 | lr=9.755283e-04 | loss=0.000141
Epoch 003 | Step 600 | lr=9.755283e-04 | loss=0.000119
Epoch 003 | Step 610 | lr=9.755283e-04 | loss=0.000136
Epoch 003 | Step 620 | lr=9.755283e-04 | loss=0.000146
Epoch 003 | Step 630 | lr=9.755283e-04 | loss=0.000131
Epoch 003 | Step 640 | lr=9.755283e-04 | loss=0.000144
Epoch 003 | Step 650 | lr=9.755283e-04 | loss=0.000135
Epoch 003 | Step 660 | lr=9.755283e-04 | loss=0.000133
Epoch 003 | Step 670 | lr=9.755283e-04 | loss=0.000127
Epoch 003 | Step 680 | lr=9.755283e-04 | loss=0.000135
Epoch 003 | Step 690 | lr=9.755283e-04 | loss=0.000131
Epoch 003 | Step 700 | lr=9.755283e-04 | loss=0.000138
Epoch 003 | Step 710 | lr=9.755283e-04 | loss=0.000129
Epoch 003 | Step 720 | lr=9.755283e-04 | loss=0.000130
Epoch 003 | Step 730 | lr=9.755283e-04 | loss=0.000133
Epoch 003 | Step 740 | lr=9.755283e-04 | loss=0.000123
Epoch 003 | Step 750 | lr=9.755283e-04 | loss=0.000138
Epoch 003 | Step 760 | lr=9.755283e-04 | loss=0.000130
Epoch 003 | Step 770 | lr=9.755283e-04 | loss=0.000147
Epoch 003 | Step 780 | lr=9.755283e-04 | loss=0.000142
Epoch 003 | Step 790 | lr=9.755283e-04 | loss=0.000140
Epoch 003 | Step 800 | lr=9.755283e-04 | loss=0.000137
Epoch 003 | Step 810 | lr=9.755283e-04 | loss=0.000127
Epoch 003 | Step 820 | lr=9.755283e-04 | loss=0.000127
Epoch 003 | Step 830 | lr=9.755283e-04 | loss=0.000136
Epoch 003 | Step 840 | lr=9.755283e-04 | loss=0.000150
Epoch 003 | Step 850 | lr=9.755283e-04 | loss=0.000130
Epoch 003 | Step 860 | lr=9.755283e-04 | loss=0.000138
Epoch 003 | Step 870 | lr=9.755283e-04 | loss=0.000129
Epoch 003 | Step 880 | lr=9.755283e-04 | loss=0.000156
Epoch 003 | Step 890 | lr=9.755283e-04 | loss=0.000152
Epoch 003 | Step 900 | lr=9.755283e-04 | loss=0.000138
Epoch 003 | Step 910 | lr=9.755283e-04 | loss=0.000138
Epoch 003 | Step 920 | lr=9.755283e-04 | loss=0.000149
Epoch 003 | Step 930 | lr=9.755283e-04 | loss=0.000135
Epoch 003 | Step 940 | lr=9.755283e-04 | loss=0.000131
Epoch 003 | Step 950 | lr=9.755283e-04 | loss=0.000131
Epoch 003 | Step 960 | lr=9.755283e-04 | loss=0.000125
epoch 003 | train_kld=0.000139 | val_kld=0.000119 | val_mae=0.003106 | val_mse=0.000119 | ord_acc@10=0.2842 | recall@10=0.8118
Epoch 004 | Step 10 | lr=9.455033e-04 | loss=0.000126
Epoch 004 | Step 20 | lr=9.455033e-04 | loss=0.000125
Epoch 004 | Step 30 | lr=9.455033e-04 | loss=0.000149
Epoch 004 | Step 40 | lr=9.455033e-04 | loss=0.000160
Epoch 004 | Step 50 | lr=9.455033e-04 | loss=0.000144
Epoch 004 | Step 60 | lr=9.455033e-04 | loss=0.000135
Epoch 004 | Step 70 | lr=9.455033e-04 | loss=0.000123
Epoch 004 | Step 80 | lr=9.455033e-04 | loss=0.000139
Epoch 004 | Step 90 | lr=9.455033e-04 | loss=0.000150
Epoch 004 | Step 100 | lr=9.455033e-04 | loss=0.000132
Epoch 004 | Step 110 | lr=9.455033e-04 | loss=0.000128
Epoch 004 | Step 120 | lr=9.455033e-04 | loss=0.000145
Epoch 004 | Step 130 | lr=9.455033e-04 | loss=0.000128
Epoch 004 | Step 140 | lr=9.455033e-04 | loss=0.000128
Epoch 004 | Step 150 | lr=9.455033e-04 | loss=0.000126
Epoch 004 | Step 160 | lr=9.455033e-04 | loss=0.000128
Epoch 004 | Step 170 | lr=9.455033e-04 | loss=0.000138
Epoch 004 | Step 180 | lr=9.455033e-04 | loss=0.000120
Epoch 004 | Step 190 | lr=9.455033e-04 | loss=0.000124
Epoch 004 | Step 200 | lr=9.455033e-04 | loss=0.000121
Epoch 004 | Step 210 | lr=9.455033e-04 | loss=0.000126
Epoch 004 | Step 220 | lr=9.455033e-04 | loss=0.000124
Epoch 004 | Step 230 | lr=9.455033e-04 | loss=0.000128
Epoch 004 | Step 240 | lr=9.455033e-04 | loss=0.000124
Epoch 004 | Step 250 | lr=9.455033e-04 | loss=0.000122
Epoch 004 | Step 260 | lr=9.455033e-04 | loss=0.000118
Epoch 004 | Step 270 | lr=9.455033e-04 | loss=0.000122
Epoch 004 | Step 280 | lr=9.455033e-04 | loss=0.000121
Epoch 004 | Step 290 | lr=9.455033e-04 | loss=0.000133
Epoch 004 | Step 300 | lr=9.455033e-04 | loss=0.000128
Epoch 004 | Step 310 | lr=9.455033e-04 | loss=0.000145
Epoch 004 | Step 320 | lr=9.455033e-04 | loss=0.000121
Epoch 004 | Step 330 | lr=9.455033e-04 | loss=0.000121
Epoch 004 | Step 340 | lr=9.455033e-04 | loss=0.000113
Epoch 004 | Step 350 | lr=9.455033e-04 | loss=0.000129
Epoch 004 | Step 360 | lr=9.455033e-04 | loss=0.000123
Epoch 004 | Step 370 | lr=9.455033e-04 | loss=0.000139
Epoch 004 | Step 380 | lr=9.455033e-04 | loss=0.000122
Epoch 004 | Step 390 | lr=9.455033e-04 | loss=0.000116
Epoch 004 | Step 400 | lr=9.455033e-04 | loss=0.000123
Epoch 004 | Step 410 | lr=9.455033e-04 | loss=0.000130
Epoch 004 | Step 420 | lr=9.455033e-04 | loss=0.000139
Epoch 004 | Step 430 | lr=9.455033e-04 | loss=0.000139
Epoch 004 | Step 440 | lr=9.455033e-04 | loss=0.000125
Epoch 004 | Step 450 | lr=9.455033e-04 | loss=0.000126
Epoch 004 | Step 460 | lr=9.455033e-04 | loss=0.000129
Epoch 004 | Step 470 | lr=9.455033e-04 | loss=0.000128
Epoch 004 | Step 480 | lr=9.455033e-04 | loss=0.000127
Epoch 004 | Step 490 | lr=9.455033e-04 | loss=0.000121
Epoch 004 | Step 500 | lr=9.455033e-04 | loss=0.000130
Epoch 004 | Step 510 | lr=9.455033e-04 | loss=0.000116
Epoch 004 | Step 520 | lr=9.455033e-04 | loss=0.000127
Epoch 004 | Step 530 | lr=9.455033e-04 | loss=0.000127
Epoch 004 | Step 540 | lr=9.455033e-04 | loss=0.000125
Epoch 004 | Step 550 | lr=9.455033e-04 | loss=0.000123
Epoch 004 | Step 560 | lr=9.455033e-04 | loss=0.000127
Epoch 004 | Step 570 | lr=9.455033e-04 | loss=0.000126
Epoch 004 | Step 580 | lr=9.455033e-04 | loss=0.000136
Epoch 004 | Step 590 | lr=9.455033e-04 | loss=0.000133
Epoch 004 | Step 600 | lr=9.455033e-04 | loss=0.000124
Epoch 004 | Step 610 | lr=9.455033e-04 | loss=0.000135
Epoch 004 | Step 620 | lr=9.455033e-04 | loss=0.000144
Epoch 004 | Step 630 | lr=9.455033e-04 | loss=0.000136
Epoch 004 | Step 640 | lr=9.455033e-04 | loss=0.000193
Epoch 004 | Step 650 | lr=9.455033e-04 | loss=0.000160
Epoch 004 | Step 660 | lr=9.455033e-04 | loss=0.000152
Epoch 004 | Step 670 | lr=9.455033e-04 | loss=0.000160
Epoch 004 | Step 680 | lr=9.455033e-04 | loss=0.000134
Epoch 004 | Step 690 | lr=9.455033e-04 | loss=0.000134
Epoch 004 | Step 700 | lr=9.455033e-04 | loss=0.000139
Epoch 004 | Step 710 | lr=9.455033e-04 | loss=0.000125
Epoch 004 | Step 720 | lr=9.455033e-04 | loss=0.000132
Epoch 004 | Step 730 | lr=9.455033e-04 | loss=0.000134
Epoch 004 | Step 740 | lr=9.455033e-04 | loss=0.000118
Epoch 004 | Step 750 | lr=9.455033e-04 | loss=0.000124
Epoch 004 | Step 760 | lr=9.455033e-04 | loss=0.000117
Epoch 004 | Step 770 | lr=9.455033e-04 | loss=0.000130
Epoch 004 | Step 780 | lr=9.455033e-04 | loss=0.000131
Epoch 004 | Step 790 | lr=9.455033e-04 | loss=0.000125
Epoch 004 | Step 800 | lr=9.455033e-04 | loss=0.000125
Epoch 004 | Step 810 | lr=9.455033e-04 | loss=0.000129
Epoch 004 | Step 820 | lr=9.455033e-04 | loss=0.000121
Epoch 004 | Step 830 | lr=9.455033e-04 | loss=0.000127
Epoch 004 | Step 840 | lr=9.455033e-04 | loss=0.000124
Epoch 004 | Step 850 | lr=9.455033e-04 | loss=0.000134
Epoch 004 | Step 860 | lr=9.455033e-04 | loss=0.000133
Epoch 004 | Step 870 | lr=9.455033e-04 | loss=0.000124
Epoch 004 | Step 880 | lr=9.455033e-04 | loss=0.000133
Epoch 004 | Step 890 | lr=9.455033e-04 | loss=0.000122
Epoch 004 | Step 900 | lr=9.455033e-04 | loss=0.000123
Epoch 004 | Step 910 | lr=9.455033e-04 | loss=0.000130
Epoch 004 | Step 920 | lr=9.455033e-04 | loss=0.000130
Epoch 004 | Step 930 | lr=9.455033e-04 | loss=0.000134
Epoch 004 | Step 940 | lr=9.455033e-04 | loss=0.000111
Epoch 004 | Step 950 | lr=9.455033e-04 | loss=0.000135
Epoch 004 | Step 960 | lr=9.455033e-04 | loss=0.000124
epoch 004 | train_kld=0.000131 | val_kld=0.000116 | val_mae=0.002995 | val_mse=0.000116 | ord_acc@10=0.2880 | recall@10=0.8120
Epoch 005 | Step 10 | lr=9.045085e-04 | loss=0.000122
Epoch 005 | Step 20 | lr=9.045085e-04 | loss=0.000119
Epoch 005 | Step 30 | lr=9.045085e-04 | loss=0.000133
Epoch 005 | Step 40 | lr=9.045085e-04 | loss=0.000120
Epoch 005 | Step 50 | lr=9.045085e-04 | loss=0.000122
Epoch 005 | Step 60 | lr=9.045085e-04 | loss=0.000116
Epoch 005 | Step 70 | lr=9.045085e-04 | loss=0.000121
Epoch 005 | Step 80 | lr=9.045085e-04 | loss=0.000128
Epoch 005 | Step 90 | lr=9.045085e-04 | loss=0.000115
Epoch 005 | Step 100 | lr=9.045085e-04 | loss=0.000124
Epoch 005 | Step 110 | lr=9.045085e-04 | loss=0.000121
Epoch 005 | Step 120 | lr=9.045085e-04 | loss=0.000118
Epoch 005 | Step 130 | lr=9.045085e-04 | loss=0.000121
Epoch 005 | Step 140 | lr=9.045085e-04 | loss=0.000113
Epoch 005 | Step 150 | lr=9.045085e-04 | loss=0.000110
Epoch 005 | Step 160 | lr=9.045085e-04 | loss=0.000116
Epoch 005 | Step 170 | lr=9.045085e-04 | loss=0.000116
Epoch 005 | Step 180 | lr=9.045085e-04 | loss=0.000114
Epoch 005 | Step 190 | lr=9.045085e-04 | loss=0.000122
Epoch 005 | Step 200 | lr=9.045085e-04 | loss=0.000114
Epoch 005 | Step 210 | lr=9.045085e-04 | loss=0.000113
Epoch 005 | Step 220 | lr=9.045085e-04 | loss=0.000126
Epoch 005 | Step 230 | lr=9.045085e-04 | loss=0.000119
Epoch 005 | Step 240 | lr=9.045085e-04 | loss=0.000117
Epoch 005 | Step 250 | lr=9.045085e-04 | loss=0.000124
Epoch 005 | Step 260 | lr=9.045085e-04 | loss=0.000126
Epoch 005 | Step 270 | lr=9.045085e-04 | loss=0.000114
Epoch 005 | Step 280 | lr=9.045085e-04 | loss=0.000114
Epoch 005 | Step 290 | lr=9.045085e-04 | loss=0.000124
Epoch 005 | Step 300 | lr=9.045085e-04 | loss=0.000126
Epoch 005 | Step 310 | lr=9.045085e-04 | loss=0.000135
Epoch 005 | Step 320 | lr=9.045085e-04 | loss=0.000128
Epoch 005 | Step 330 | lr=9.045085e-04 | loss=0.000132
Epoch 005 | Step 340 | lr=9.045085e-04 | loss=0.000121
Epoch 005 | Step 350 | lr=9.045085e-04 | loss=0.000130
Epoch 005 | Step 360 | lr=9.045085e-04 | loss=0.000133
Epoch 005 | Step 370 | lr=9.045085e-04 | loss=0.000133
Epoch 005 | Step 380 | lr=9.045085e-04 | loss=0.000120
Epoch 005 | Step 390 | lr=9.045085e-04 | loss=0.000122
Epoch 005 | Step 400 | lr=9.045085e-04 | loss=0.000120
Epoch 005 | Step 410 | lr=9.045085e-04 | loss=0.000125
Epoch 005 | Step 420 | lr=9.045085e-04 | loss=0.000138
Epoch 005 | Step 430 | lr=9.045085e-04 | loss=0.000125
Epoch 005 | Step 440 | lr=9.045085e-04 | loss=0.000123
Epoch 005 | Step 450 | lr=9.045085e-04 | loss=0.000121
Epoch 005 | Step 460 | lr=9.045085e-04 | loss=0.000116
Epoch 005 | Step 470 | lr=9.045085e-04 | loss=0.000125
Epoch 005 | Step 480 | lr=9.045085e-04 | loss=0.000138
Epoch 005 | Step 490 | lr=9.045085e-04 | loss=0.000137
Epoch 005 | Step 500 | lr=9.045085e-04 | loss=0.000143
Epoch 005 | Step 510 | lr=9.045085e-04 | loss=0.000122
Epoch 005 | Step 520 | lr=9.045085e-04 | loss=0.000129
Epoch 005 | Step 530 | lr=9.045085e-04 | loss=0.000130
Epoch 005 | Step 540 | lr=9.045085e-04 | loss=0.000127
Epoch 005 | Step 550 | lr=9.045085e-04 | loss=0.000124
Epoch 005 | Step 560 | lr=9.045085e-04 | loss=0.000134
Epoch 005 | Step 570 | lr=9.045085e-04 | loss=0.000117
Epoch 005 | Step 580 | lr=9.045085e-04 | loss=0.000128
Epoch 005 | Step 590 | lr=9.045085e-04 | loss=0.000114
Epoch 005 | Step 600 | lr=9.045085e-04 | loss=0.000116
Epoch 005 | Step 610 | lr=9.045085e-04 | loss=0.000116
Epoch 005 | Step 620 | lr=9.045085e-04 | loss=0.000128
Epoch 005 | Step 630 | lr=9.045085e-04 | loss=0.000126
Epoch 005 | Step 640 | lr=9.045085e-04 | loss=0.000117
Epoch 005 | Step 650 | lr=9.045085e-04 | loss=0.000123
Epoch 005 | Step 660 | lr=9.045085e-04 | loss=0.000114
Epoch 005 | Step 670 | lr=9.045085e-04 | loss=0.000128
Epoch 005 | Step 680 | lr=9.045085e-04 | loss=0.000127
Epoch 005 | Step 690 | lr=9.045085e-04 | loss=0.000130
Epoch 005 | Step 700 | lr=9.045085e-04 | loss=0.000126
Epoch 005 | Step 710 | lr=9.045085e-04 | loss=0.000141
Epoch 005 | Step 720 | lr=9.045085e-04 | loss=0.000122
Epoch 005 | Step 730 | lr=9.045085e-04 | loss=0.000125
Epoch 005 | Step 740 | lr=9.045085e-04 | loss=0.000130
Epoch 005 | Step 750 | lr=9.045085e-04 | loss=0.000115
Epoch 005 | Step 760 | lr=9.045085e-04 | loss=0.000117
Epoch 005 | Step 770 | lr=9.045085e-04 | loss=0.000125
Epoch 005 | Step 780 | lr=9.045085e-04 | loss=0.000124
Epoch 005 | Step 790 | lr=9.045085e-04 | loss=0.000115
Epoch 005 | Step 800 | lr=9.045085e-04 | loss=0.000121
Epoch 005 | Step 810 | lr=9.045085e-04 | loss=0.000129
Epoch 005 | Step 820 | lr=9.045085e-04 | loss=0.000109
Epoch 005 | Step 830 | lr=9.045085e-04 | loss=0.000128
Epoch 005 | Step 840 | lr=9.045085e-04 | loss=0.000117
Epoch 005 | Step 850 | lr=9.045085e-04 | loss=0.000123
Epoch 005 | Step 860 | lr=9.045085e-04 | loss=0.000109
Epoch 005 | Step 870 | lr=9.045085e-04 | loss=0.000126
Epoch 005 | Step 880 | lr=9.045085e-04 | loss=0.000118
Epoch 005 | Step 890 | lr=9.045085e-04 | loss=0.000174
Epoch 005 | Step 900 | lr=9.045085e-04 | loss=0.000139
Epoch 005 | Step 910 | lr=9.045085e-04 | loss=0.000138
Epoch 005 | Step 920 | lr=9.045085e-04 | loss=0.000136
Epoch 005 | Step 930 | lr=9.045085e-04 | loss=0.000132
Epoch 005 | Step 940 | lr=9.045085e-04 | loss=0.000128
Epoch 005 | Step 950 | lr=9.045085e-04 | loss=0.000122
Epoch 005 | Step 960 | lr=9.045085e-04 | loss=0.000120
epoch 005 | train_kld=0.000122 | val_kld=0.000110 | val_mae=0.002957 | val_mse=0.000110 | ord_acc@10=0.2960 | recall@10=0.8168
Epoch 006 | Step 10 | lr=8.535534e-04 | loss=0.000119
Epoch 006 | Step 20 | lr=8.535534e-04 | loss=0.000119
Epoch 006 | Step 30 | lr=8.535534e-04 | loss=0.000123
Epoch 006 | Step 40 | lr=8.535534e-04 | loss=0.000132
Epoch 006 | Step 50 | lr=8.535534e-04 | loss=0.000112
Epoch 006 | Step 60 | lr=8.535534e-04 | loss=0.000115
Epoch 006 | Step 70 | lr=8.535534e-04 | loss=0.000116
Epoch 006 | Step 80 | lr=8.535534e-04 | loss=0.000114
Epoch 006 | Step 90 | lr=8.535534e-04 | loss=0.000111
Epoch 006 | Step 100 | lr=8.535534e-04 | loss=0.000111
Epoch 006 | Step 110 | lr=8.535534e-04 | loss=0.000124
Epoch 006 | Step 120 | lr=8.535534e-04 | loss=0.000127
Epoch 006 | Step 130 | lr=8.535534e-04 | loss=0.000123
Epoch 006 | Step 140 | lr=8.535534e-04 | loss=0.000127
Epoch 006 | Step 150 | lr=8.535534e-04 | loss=0.000121
Epoch 006 | Step 160 | lr=8.535534e-04 | loss=0.000115
Epoch 006 | Step 170 | lr=8.535534e-04 | loss=0.000121
Epoch 006 | Step 180 | lr=8.535534e-04 | loss=0.000116
Epoch 006 | Step 190 | lr=8.535534e-04 | loss=0.000126
Epoch 006 | Step 200 | lr=8.535534e-04 | loss=0.000114
Epoch 006 | Step 210 | lr=8.535534e-04 | loss=0.000113
Epoch 006 | Step 220 | lr=8.535534e-04 | loss=0.000120
Epoch 006 | Step 230 | lr=8.535534e-04 | loss=0.000129
Epoch 006 | Step 240 | lr=8.535534e-04 | loss=0.000122
Epoch 006 | Step 250 | lr=8.535534e-04 | loss=0.000112
Epoch 006 | Step 260 | lr=8.535534e-04 | loss=0.000121
Epoch 006 | Step 270 | lr=8.535534e-04 | loss=0.000128
Epoch 006 | Step 280 | lr=8.535534e-04 | loss=0.000113
Epoch 006 | Step 290 | lr=8.535534e-04 | loss=0.000105
Epoch 006 | Step 300 | lr=8.535534e-04 | loss=0.000114
Epoch 006 | Step 310 | lr=8.535534e-04 | loss=0.000109
Epoch 006 | Step 320 | lr=8.535534e-04 | loss=0.000111
Epoch 006 | Step 330 | lr=8.535534e-04 | loss=0.000113
Epoch 006 | Step 340 | lr=8.535534e-04 | loss=0.000120
Epoch 006 | Step 350 | lr=8.535534e-04 | loss=0.000112
Epoch 006 | Step 360 | lr=8.535534e-04 | loss=0.000111
Epoch 006 | Step 370 | lr=8.535534e-04 | loss=0.000117
Epoch 006 | Step 380 | lr=8.535534e-04 | loss=0.000115
Epoch 006 | Step 390 | lr=8.535534e-04 | loss=0.000120
Epoch 006 | Step 400 | lr=8.535534e-04 | loss=0.000118
Epoch 006 | Step 410 | lr=8.535534e-04 | loss=0.000112
Epoch 006 | Step 420 | lr=8.535534e-04 | loss=0.000124
Epoch 006 | Step 430 | lr=8.535534e-04 | loss=0.000114
Epoch 006 | Step 440 | lr=8.535534e-04 | loss=0.000119
Epoch 006 | Step 450 | lr=8.535534e-04 | loss=0.000121
Epoch 006 | Step 460 | lr=8.535534e-04 | loss=0.000118
Epoch 006 | Step 470 | lr=8.535534e-04 | loss=0.000114
Epoch 006 | Step 480 | lr=8.535534e-04 | loss=0.000114
Epoch 006 | Step 490 | lr=8.535534e-04 | loss=0.000112
Epoch 006 | Step 500 | lr=8.535534e-04 | loss=0.000115
Epoch 006 | Step 510 | lr=8.535534e-04 | loss=0.000117
Epoch 006 | Step 520 | lr=8.535534e-04 | loss=0.000114
Epoch 006 | Step 530 | lr=8.535534e-04 | loss=0.000101
Epoch 006 | Step 540 | lr=8.535534e-04 | loss=0.000112
Epoch 006 | Step 550 | lr=8.535534e-04 | loss=0.000111
Epoch 006 | Step 560 | lr=8.535534e-04 | loss=0.000112
Epoch 006 | Step 570 | lr=8.535534e-04 | loss=0.000115
Epoch 006 | Step 580 | lr=8.535534e-04 | loss=0.000116
Epoch 006 | Step 590 | lr=8.535534e-04 | loss=0.000118
Epoch 006 | Step 600 | lr=8.535534e-04 | loss=0.000113
Epoch 006 | Step 610 | lr=8.535534e-04 | loss=0.000116
Epoch 006 | Step 620 | lr=8.535534e-04 | loss=0.000113
Epoch 006 | Step 630 | lr=8.535534e-04 | loss=0.000117
Epoch 006 | Step 640 | lr=8.535534e-04 | loss=0.000115
Epoch 006 | Step 650 | lr=8.535534e-04 | loss=0.000118
Epoch 006 | Step 660 | lr=8.535534e-04 | loss=0.000117
Epoch 006 | Step 670 | lr=8.535534e-04 | loss=0.000116
Epoch 006 | Step 680 | lr=8.535534e-04 | loss=0.000106
Epoch 006 | Step 690 | lr=8.535534e-04 | loss=0.000121
Epoch 006 | Step 700 | lr=8.535534e-04 | loss=0.000116
Epoch 006 | Step 710 | lr=8.535534e-04 | loss=0.000113
Epoch 006 | Step 720 | lr=8.535534e-04 | loss=0.000128
Epoch 006 | Step 730 | lr=8.535534e-04 | loss=0.000114
Epoch 006 | Step 740 | lr=8.535534e-04 | loss=0.000150
Epoch 006 | Step 750 | lr=8.535534e-04 | loss=0.000136
Epoch 006 | Step 760 | lr=8.535534e-04 | loss=0.000122
Epoch 006 | Step 770 | lr=8.535534e-04 | loss=0.000122
Epoch 006 | Step 780 | lr=8.535534e-04 | loss=0.000126
Epoch 006 | Step 790 | lr=8.535534e-04 | loss=0.000116
Epoch 006 | Step 800 | lr=8.535534e-04 | loss=0.000116
Epoch 006 | Step 810 | lr=8.535534e-04 | loss=0.000118
Epoch 006 | Step 820 | lr=8.535534e-04 | loss=0.000124
Epoch 006 | Step 830 | lr=8.535534e-04 | loss=0.000113
Epoch 006 | Step 840 | lr=8.535534e-04 | loss=0.000114
Epoch 006 | Step 850 | lr=8.535534e-04 | loss=0.000110
Epoch 006 | Step 860 | lr=8.535534e-04 | loss=0.000117
Epoch 006 | Step 870 | lr=8.535534e-04 | loss=0.000119
Epoch 006 | Step 880 | lr=8.535534e-04 | loss=0.000117
Epoch 006 | Step 890 | lr=8.535534e-04 | loss=0.000122
Epoch 006 | Step 900 | lr=8.535534e-04 | loss=0.000124
Epoch 006 | Step 910 | lr=8.535534e-04 | loss=0.000117
Epoch 006 | Step 920 | lr=8.535534e-04 | loss=0.000111
Epoch 006 | Step 930 | lr=8.535534e-04 | loss=0.000110
Epoch 006 | Step 940 | lr=8.535534e-04 | loss=0.000119
Epoch 006 | Step 950 | lr=8.535534e-04 | loss=0.000118
Epoch 006 | Step 960 | lr=8.535534e-04 | loss=0.000113
epoch 006 | train_kld=0.000118 | val_kld=0.000117 | val_mae=0.002983 | val_mse=0.000117 | ord_acc@10=0.2897 | recall@10=0.8231
Epoch 007 | Step 10 | lr=7.938926e-04 | loss=0.000132
Epoch 007 | Step 20 | lr=7.938926e-04 | loss=0.000111
Epoch 007 | Step 30 | lr=7.938926e-04 | loss=0.000111
Epoch 007 | Step 40 | lr=7.938926e-04 | loss=0.000110
Epoch 007 | Step 50 | lr=7.938926e-04 | loss=0.000120
Epoch 007 | Step 60 | lr=7.938926e-04 | loss=0.000109
Epoch 007 | Step 70 | lr=7.938926e-04 | loss=0.000103
Epoch 007 | Step 80 | lr=7.938926e-04 | loss=0.000109
Epoch 007 | Step 90 | lr=7.938926e-04 | loss=0.000109
Epoch 007 | Step 100 | lr=7.938926e-04 | loss=0.000102
Epoch 007 | Step 110 | lr=7.938926e-04 | loss=0.000103
Epoch 007 | Step 120 | lr=7.938926e-04 | loss=0.000108
Epoch 007 | Step 130 | lr=7.938926e-04 | loss=0.000107
Epoch 007 | Step 140 | lr=7.938926e-04 | loss=0.000111
Epoch 007 | Step 150 | lr=7.938926e-04 | loss=0.000104
Epoch 007 | Step 160 | lr=7.938926e-04 | loss=0.000106
Epoch 007 | Step 170 | lr=7.938926e-04 | loss=0.000111
Epoch 007 | Step 180 | lr=7.938926e-04 | loss=0.000105
Epoch 007 | Step 190 | lr=7.938926e-04 | loss=0.000110
Epoch 007 | Step 200 | lr=7.938926e-04 | loss=0.000112
Epoch 007 | Step 210 | lr=7.938926e-04 | loss=0.000113
Epoch 007 | Step 220 | lr=7.938926e-04 | loss=0.000112
Epoch 007 | Step 230 | lr=7.938926e-04 | loss=0.000103
Epoch 007 | Step 240 | lr=7.938926e-04 | loss=0.000103
Epoch 007 | Step 250 | lr=7.938926e-04 | loss=0.000104
Epoch 007 | Step 260 | lr=7.938926e-04 | loss=0.000116
Epoch 007 | Step 270 | lr=7.938926e-04 | loss=0.000105
Epoch 007 | Step 280 | lr=7.938926e-04 | loss=0.000110
Epoch 007 | Step 290 | lr=7.938926e-04 | loss=0.000113
Epoch 007 | Step 300 | lr=7.938926e-04 | loss=0.000111
Epoch 007 | Step 310 | lr=7.938926e-04 | loss=0.000111
Epoch 007 | Step 320 | lr=7.938926e-04 | loss=0.000116
Epoch 007 | Step 330 | lr=7.938926e-04 | loss=0.000114
Epoch 007 | Step 340 | lr=7.938926e-04 | loss=0.000109
Epoch 007 | Step 350 | lr=7.938926e-04 | loss=0.000108
Epoch 007 | Step 360 | lr=7.938926e-04 | loss=0.000108
Epoch 007 | Step 370 | lr=7.938926e-04 | loss=0.000115
Epoch 007 | Step 380 | lr=7.938926e-04 | loss=0.000109
Epoch 007 | Step 390 | lr=7.938926e-04 | loss=0.000117
Epoch 007 | Step 400 | lr=7.938926e-04 | loss=0.000116
Epoch 007 | Step 410 | lr=7.938926e-04 | loss=0.000114
Epoch 007 | Step 420 | lr=7.938926e-04 | loss=0.000107
Epoch 007 | Step 430 | lr=7.938926e-04 | loss=0.000106
Epoch 007 | Step 440 | lr=7.938926e-04 | loss=0.000119
Epoch 007 | Step 450 | lr=7.938926e-04 | loss=0.000110
Epoch 007 | Step 460 | lr=7.938926e-04 | loss=0.000111
Epoch 007 | Step 470 | lr=7.938926e-04 | loss=0.000117
Epoch 007 | Step 480 | lr=7.938926e-04 | loss=0.000112
Epoch 007 | Step 490 | lr=7.938926e-04 | loss=0.000113
Epoch 007 | Step 500 | lr=7.938926e-04 | loss=0.000108
Epoch 007 | Step 510 | lr=7.938926e-04 | loss=0.000111
Epoch 007 | Step 520 | lr=7.938926e-04 | loss=0.000106
Epoch 007 | Step 530 | lr=7.938926e-04 | loss=0.000108
Epoch 007 | Step 540 | lr=7.938926e-04 | loss=0.000117
Epoch 007 | Step 550 | lr=7.938926e-04 | loss=0.000107
Epoch 007 | Step 560 | lr=7.938926e-04 | loss=0.000114
Epoch 007 | Step 570 | lr=7.938926e-04 | loss=0.000114
Epoch 007 | Step 580 | lr=7.938926e-04 | loss=0.000114
Epoch 007 | Step 590 | lr=7.938926e-04 | loss=0.000105
Epoch 007 | Step 600 | lr=7.938926e-04 | loss=0.000107
Epoch 007 | Step 610 | lr=7.938926e-04 | loss=0.000115
Epoch 007 | Step 620 | lr=7.938926e-04 | loss=0.000108
Epoch 007 | Step 630 | lr=7.938926e-04 | loss=0.000113
Epoch 007 | Step 640 | lr=7.938926e-04 | loss=0.000111
Epoch 007 | Step 650 | lr=7.938926e-04 | loss=0.000102
Epoch 007 | Step 660 | lr=7.938926e-04 | loss=0.000115
Epoch 007 | Step 670 | lr=7.938926e-04 | loss=0.000127
Epoch 007 | Step 680 | lr=7.938926e-04 | loss=0.000118
Epoch 007 | Step 690 | lr=7.938926e-04 | loss=0.000116
Epoch 007 | Step 700 | lr=7.938926e-04 | loss=0.000123
Epoch 007 | Step 710 | lr=7.938926e-04 | loss=0.000108
Epoch 007 | Step 720 | lr=7.938926e-04 | loss=0.000111
Epoch 007 | Step 730 | lr=7.938926e-04 | loss=0.000116
Epoch 007 | Step 740 | lr=7.938926e-04 | loss=0.000109
Epoch 007 | Step 750 | lr=7.938926e-04 | loss=0.000103
Epoch 007 | Step 760 | lr=7.938926e-04 | loss=0.000108
Epoch 007 | Step 770 | lr=7.938926e-04 | loss=0.000099
Epoch 007 | Step 780 | lr=7.938926e-04 | loss=0.000112
Epoch 007 | Step 790 | lr=7.938926e-04 | loss=0.000109
Epoch 007 | Step 800 | lr=7.938926e-04 | loss=0.000112
Epoch 007 | Step 810 | lr=7.938926e-04 | loss=0.000104
Epoch 007 | Step 820 | lr=7.938926e-04 | loss=0.000113
Epoch 007 | Step 830 | lr=7.938926e-04 | loss=0.000104
Epoch 007 | Step 840 | lr=7.938926e-04 | loss=0.000109
Epoch 007 | Step 850 | lr=7.938926e-04 | loss=0.000111
Epoch 007 | Step 860 | lr=7.938926e-04 | loss=0.000106
Epoch 007 | Step 870 | lr=7.938926e-04 | loss=0.000107
Epoch 007 | Step 880 | lr=7.938926e-04 | loss=0.000105
Epoch 007 | Step 890 | lr=7.938926e-04 | loss=0.000104
Epoch 007 | Step 900 | lr=7.938926e-04 | loss=0.000115
Epoch 007 | Step 910 | lr=7.938926e-04 | loss=0.000106
Epoch 007 | Step 920 | lr=7.938926e-04 | loss=0.000114
Epoch 007 | Step 930 | lr=7.938926e-04 | loss=0.000109
Epoch 007 | Step 940 | lr=7.938926e-04 | loss=0.000111
Epoch 007 | Step 950 | lr=7.938926e-04 | loss=0.000106
Epoch 007 | Step 960 | lr=7.938926e-04 | loss=0.000105
epoch 007 | train_kld=0.000111 | val_kld=0.000103 | val_mae=0.002883 | val_mse=0.000103 | ord_acc@10=0.2979 | recall@10=0.8120
Epoch 008 | Step 10 | lr=7.269952e-04 | loss=0.000103
Epoch 008 | Step 20 | lr=7.269952e-04 | loss=0.000103
Epoch 008 | Step 30 | lr=7.269952e-04 | loss=0.000111
Epoch 008 | Step 40 | lr=7.269952e-04 | loss=0.000117
Epoch 008 | Step 50 | lr=7.269952e-04 | loss=0.000105
Epoch 008 | Step 60 | lr=7.269952e-04 | loss=0.000107
Epoch 008 | Step 70 | lr=7.269952e-04 | loss=0.000108
Epoch 008 | Step 80 | lr=7.269952e-04 | loss=0.000118
Epoch 008 | Step 90 | lr=7.269952e-04 | loss=0.000104
Epoch 008 | Step 100 | lr=7.269952e-04 | loss=0.000114
Epoch 008 | Step 110 | lr=7.269952e-04 | loss=0.000105
Epoch 008 | Step 120 | lr=7.269952e-04 | loss=0.000112
Epoch 008 | Step 130 | lr=7.269952e-04 | loss=0.000104
Epoch 008 | Step 140 | lr=7.269952e-04 | loss=0.000100
Epoch 008 | Step 150 | lr=7.269952e-04 | loss=0.000100
Epoch 008 | Step 160 | lr=7.269952e-04 | loss=0.000099
Epoch 008 | Step 170 | lr=7.269952e-04 | loss=0.000104
Epoch 008 | Step 180 | lr=7.269952e-04 | loss=0.000103
Epoch 008 | Step 190 | lr=7.269952e-04 | loss=0.000126
Epoch 008 | Step 200 | lr=7.269952e-04 | loss=0.000109
Epoch 008 | Step 210 | lr=7.269952e-04 | loss=0.000118
Epoch 008 | Step 220 | lr=7.269952e-04 | loss=0.000103
Epoch 008 | Step 230 | lr=7.269952e-04 | loss=0.000100
Epoch 008 | Step 240 | lr=7.269952e-04 | loss=0.000103
Epoch 008 | Step 250 | lr=7.269952e-04 | loss=0.000101
Epoch 008 | Step 260 | lr=7.269952e-04 | loss=0.000104
Epoch 008 | Step 270 | lr=7.269952e-04 | loss=0.000109
Epoch 008 | Step 280 | lr=7.269952e-04 | loss=0.000105
Epoch 008 | Step 290 | lr=7.269952e-04 | loss=0.000103
Epoch 008 | Step 300 | lr=7.269952e-04 | loss=0.000101
Epoch 008 | Step 310 | lr=7.269952e-04 | loss=0.000107
Epoch 008 | Step 320 | lr=7.269952e-04 | loss=0.000116
Epoch 008 | Step 330 | lr=7.269952e-04 | loss=0.000110
Epoch 008 | Step 340 | lr=7.269952e-04 | loss=0.000107
Epoch 008 | Step 350 | lr=7.269952e-04 | loss=0.000104
Epoch 008 | Step 360 | lr=7.269952e-04 | loss=0.000104
Epoch 008 | Step 370 | lr=7.269952e-04 | loss=0.000106
Epoch 008 | Step 380 | lr=7.269952e-04 | loss=0.000108
Epoch 008 | Step 390 | lr=7.269952e-04 | loss=0.000103
Epoch 008 | Step 400 | lr=7.269952e-04 | loss=0.000106
Epoch 008 | Step 410 | lr=7.269952e-04 | loss=0.000107
Epoch 008 | Step 420 | lr=7.269952e-04 | loss=0.000109
Epoch 008 | Step 430 | lr=7.269952e-04 | loss=0.000117
Epoch 008 | Step 440 | lr=7.269952e-04 | loss=0.000111
Epoch 008 | Step 450 | lr=7.269952e-04 | loss=0.000120
Epoch 008 | Step 460 | lr=7.269952e-04 | loss=0.000103
Epoch 008 | Step 470 | lr=7.269952e-04 | loss=0.000108
Epoch 008 | Step 480 | lr=7.269952e-04 | loss=0.000115
Epoch 008 | Step 490 | lr=7.269952e-04 | loss=0.000109
Epoch 008 | Step 500 | lr=7.269952e-04 | loss=0.000118
Epoch 008 | Step 510 | lr=7.269952e-04 | loss=0.000106
Epoch 008 | Step 520 | lr=7.269952e-04 | loss=0.000115
Epoch 008 | Step 530 | lr=7.269952e-04 | loss=0.000100
Epoch 008 | Step 540 | lr=7.269952e-04 | loss=0.000111
Epoch 008 | Step 550 | lr=7.269952e-04 | loss=0.000106
Epoch 008 | Step 560 | lr=7.269952e-04 | loss=0.000101
Epoch 008 | Step 570 | lr=7.269952e-04 | loss=0.000104
Epoch 008 | Step 580 | lr=7.269952e-04 | loss=0.000099
Epoch 008 | Step 590 | lr=7.269952e-04 | loss=0.000100
Epoch 008 | Step 600 | lr=7.269952e-04 | loss=0.000099
Epoch 008 | Step 610 | lr=7.269952e-04 | loss=0.000119
Epoch 008 | Step 620 | lr=7.269952e-04 | loss=0.000101
Epoch 008 | Step 630 | lr=7.269952e-04 | loss=0.000109
Epoch 008 | Step 640 | lr=7.269952e-04 | loss=0.000108
Epoch 008 | Step 650 | lr=7.269952e-04 | loss=0.000110
Epoch 008 | Step 660 | lr=7.269952e-04 | loss=0.000110
Epoch 008 | Step 670 | lr=7.269952e-04 | loss=0.000108
Epoch 008 | Step 680 | lr=7.269952e-04 | loss=0.000107
Epoch 008 | Step 690 | lr=7.269952e-04 | loss=0.000107
Epoch 008 | Step 700 | lr=7.269952e-04 | loss=0.000098
Epoch 008 | Step 710 | lr=7.269952e-04 | loss=0.000097
Epoch 008 | Step 720 | lr=7.269952e-04 | loss=0.000110
Epoch 008 | Step 730 | lr=7.269952e-04 | loss=0.000109
Epoch 008 | Step 740 | lr=7.269952e-04 | loss=0.000107
Epoch 008 | Step 750 | lr=7.269952e-04 | loss=0.000109
Epoch 008 | Step 760 | lr=7.269952e-04 | loss=0.000113
Epoch 008 | Step 770 | lr=7.269952e-04 | loss=0.000104
Epoch 008 | Step 780 | lr=7.269952e-04 | loss=0.000115
Epoch 008 | Step 790 | lr=7.269952e-04 | loss=0.000107
Epoch 008 | Step 800 | lr=7.269952e-04 | loss=0.000099
Epoch 008 | Step 810 | lr=7.269952e-04 | loss=0.000096
Epoch 008 | Step 820 | lr=7.269952e-04 | loss=0.000103
Epoch 008 | Step 830 | lr=7.269952e-04 | loss=0.000103
Epoch 008 | Step 840 | lr=7.269952e-04 | loss=0.000102
Epoch 008 | Step 850 | lr=7.269952e-04 | loss=0.000110
Epoch 008 | Step 860 | lr=7.269952e-04 | loss=0.000101
Epoch 008 | Step 870 | lr=7.269952e-04 | loss=0.000108
Epoch 008 | Step 880 | lr=7.269952e-04 | loss=0.000102
Epoch 008 | Step 890 | lr=7.269952e-04 | loss=0.000103
Epoch 008 | Step 900 | lr=7.269952e-04 | loss=0.000106
Epoch 008 | Step 910 | lr=7.269952e-04 | loss=0.000109
Epoch 008 | Step 920 | lr=7.269952e-04 | loss=0.000108
Epoch 008 | Step 930 | lr=7.269952e-04 | loss=0.000102
Epoch 008 | Step 940 | lr=7.269952e-04 | loss=0.000103
Epoch 008 | Step 950 | lr=7.269952e-04 | loss=0.000106
Epoch 008 | Step 960 | lr=7.269952e-04 | loss=0.000104
epoch 008 | train_kld=0.000107 | val_kld=0.000102 | val_mae=0.002909 | val_mse=0.000102 | ord_acc@10=0.3051 | recall@10=0.8212
Epoch 009 | Step 10 | lr=6.545085e-04 | loss=0.000107
Epoch 009 | Step 20 | lr=6.545085e-04 | loss=0.000101
Epoch 009 | Step 30 | lr=6.545085e-04 | loss=0.000098
Epoch 009 | Step 40 | lr=6.545085e-04 | loss=0.000096
Epoch 009 | Step 50 | lr=6.545085e-04 | loss=0.000102
Epoch 009 | Step 60 | lr=6.545085e-04 | loss=0.000098
Epoch 009 | Step 70 | lr=6.545085e-04 | loss=0.000098
Epoch 009 | Step 80 | lr=6.545085e-04 | loss=0.000098
Epoch 009 | Step 90 | lr=6.545085e-04 | loss=0.000108
Epoch 009 | Step 100 | lr=6.545085e-04 | loss=0.000100
Epoch 009 | Step 110 | lr=6.545085e-04 | loss=0.000103
Epoch 009 | Step 120 | lr=6.545085e-04 | loss=0.000099
Epoch 009 | Step 130 | lr=6.545085e-04 | loss=0.000107
Epoch 009 | Step 140 | lr=6.545085e-04 | loss=0.000107
Epoch 009 | Step 150 | lr=6.545085e-04 | loss=0.000098
Epoch 009 | Step 160 | lr=6.545085e-04 | loss=0.000097
Epoch 009 | Step 170 | lr=6.545085e-04 | loss=0.000094
Epoch 009 | Step 180 | lr=6.545085e-04 | loss=0.000101
Epoch 009 | Step 190 | lr=6.545085e-04 | loss=0.000102
Epoch 009 | Step 200 | lr=6.545085e-04 | loss=0.000105
Epoch 009 | Step 210 | lr=6.545085e-04 | loss=0.000102
Epoch 009 | Step 220 | lr=6.545085e-04 | loss=0.000103
Epoch 009 | Step 230 | lr=6.545085e-04 | loss=0.000096
Epoch 009 | Step 240 | lr=6.545085e-04 | loss=0.000109
Epoch 009 | Step 250 | lr=6.545085e-04 | loss=0.000098
Epoch 009 | Step 260 | lr=6.545085e-04 | loss=0.000104
Epoch 009 | Step 270 | lr=6.545085e-04 | loss=0.000096
Epoch 009 | Step 280 | lr=6.545085e-04 | loss=0.000102
Epoch 009 | Step 290 | lr=6.545085e-04 | loss=0.000105
Epoch 009 | Step 300 | lr=6.545085e-04 | loss=0.000103
Epoch 009 | Step 310 | lr=6.545085e-04 | loss=0.000098
Epoch 009 | Step 320 | lr=6.545085e-04 | loss=0.000098
Epoch 009 | Step 330 | lr=6.545085e-04 | loss=0.000106
Epoch 009 | Step 340 | lr=6.545085e-04 | loss=0.000103
Epoch 009 | Step 350 | lr=6.545085e-04 | loss=0.000116
Epoch 009 | Step 360 | lr=6.545085e-04 | loss=0.000112
Epoch 009 | Step 370 | lr=6.545085e-04 | loss=0.000102
Epoch 009 | Step 380 | lr=6.545085e-04 | loss=0.000107
Epoch 009 | Step 390 | lr=6.545085e-04 | loss=0.000100
Epoch 009 | Step 400 | lr=6.545085e-04 | loss=0.000096
Epoch 009 | Step 410 | lr=6.545085e-04 | loss=0.000102
Epoch 009 | Step 420 | lr=6.545085e-04 | loss=0.000101
Epoch 009 | Step 430 | lr=6.545085e-04 | loss=0.000099
Epoch 009 | Step 440 | lr=6.545085e-04 | loss=0.000106
Epoch 009 | Step 450 | lr=6.545085e-04 | loss=0.000097
Epoch 009 | Step 460 | lr=6.545085e-04 | loss=0.000102
Epoch 009 | Step 470 | lr=6.545085e-04 | loss=0.000102
Epoch 009 | Step 480 | lr=6.545085e-04 | loss=0.000103
Epoch 009 | Step 490 | lr=6.545085e-04 | loss=0.000102
Epoch 009 | Step 500 | lr=6.545085e-04 | loss=0.000102
Epoch 009 | Step 510 | lr=6.545085e-04 | loss=0.000101
Epoch 009 | Step 520 | lr=6.545085e-04 | loss=0.000107
Epoch 009 | Step 530 | lr=6.545085e-04 | loss=0.000099
Epoch 009 | Step 540 | lr=6.545085e-04 | loss=0.000105
Epoch 009 | Step 550 | lr=6.545085e-04 | loss=0.000113
Epoch 009 | Step 560 | lr=6.545085e-04 | loss=0.000100
Epoch 009 | Step 570 | lr=6.545085e-04 | loss=0.000102
Epoch 009 | Step 580 | lr=6.545085e-04 | loss=0.000104
Epoch 009 | Step 590 | lr=6.545085e-04 | loss=0.000107
Epoch 009 | Step 600 | lr=6.545085e-04 | loss=0.000106
Epoch 009 | Step 610 | lr=6.545085e-04 | loss=0.000098
Epoch 009 | Step 620 | lr=6.545085e-04 | loss=0.000103
Epoch 009 | Step 630 | lr=6.545085e-04 | loss=0.000097
Epoch 009 | Step 640 | lr=6.545085e-04 | loss=0.000098
Epoch 009 | Step 650 | lr=6.545085e-04 | loss=0.000096
Epoch 009 | Step 660 | lr=6.545085e-04 | loss=0.000093
Epoch 009 | Step 670 | lr=6.545085e-04 | loss=0.000107
Epoch 009 | Step 680 | lr=6.545085e-04 | loss=0.000096
Epoch 009 | Step 690 | lr=6.545085e-04 | loss=0.000102
Epoch 009 | Step 700 | lr=6.545085e-04 | loss=0.000096
Epoch 009 | Step 710 | lr=6.545085e-04 | loss=0.000100
Epoch 009 | Step 720 | lr=6.545085e-04 | loss=0.000107
Epoch 009 | Step 730 | lr=6.545085e-04 | loss=0.000103
Epoch 009 | Step 740 | lr=6.545085e-04 | loss=0.000101
Epoch 009 | Step 750 | lr=6.545085e-04 | loss=0.000095
Epoch 009 | Step 760 | lr=6.545085e-04 | loss=0.000103
Epoch 009 | Step 770 | lr=6.545085e-04 | loss=0.000095
Epoch 009 | Step 780 | lr=6.545085e-04 | loss=0.000107
Epoch 009 | Step 790 | lr=6.545085e-04 | loss=0.000104
Epoch 009 | Step 800 | lr=6.545085e-04 | loss=0.000112
Epoch 009 | Step 810 | lr=6.545085e-04 | loss=0.000102
Epoch 009 | Step 820 | lr=6.545085e-04 | loss=0.000100
Epoch 009 | Step 830 | lr=6.545085e-04 | loss=0.000102
Epoch 009 | Step 840 | lr=6.545085e-04 | loss=0.000092
Epoch 009 | Step 850 | lr=6.545085e-04 | loss=0.000098
Epoch 009 | Step 860 | lr=6.545085e-04 | loss=0.000096
Epoch 009 | Step 870 | lr=6.545085e-04 | loss=0.000109
Epoch 009 | Step 880 | lr=6.545085e-04 | loss=0.000109
Epoch 009 | Step 890 | lr=6.545085e-04 | loss=0.000101
Epoch 009 | Step 900 | lr=6.545085e-04 | loss=0.000099
Epoch 009 | Step 910 | lr=6.545085e-04 | loss=0.000103
Epoch 009 | Step 920 | lr=6.545085e-04 | loss=0.000096
Epoch 009 | Step 930 | lr=6.545085e-04 | loss=0.000095
Epoch 009 | Step 940 | lr=6.545085e-04 | loss=0.000097
Epoch 009 | Step 950 | lr=6.545085e-04 | loss=0.000099
Epoch 009 | Step 960 | lr=6.545085e-04 | loss=0.000100
epoch 009 | train_kld=0.000102 | val_kld=0.000093 | val_mae=0.002776 | val_mse=0.000093 | ord_acc@10=0.3094 | recall@10=0.8230
Epoch 010 | Step 10 | lr=5.782172e-04 | loss=0.000096
Epoch 010 | Step 20 | lr=5.782172e-04 | loss=0.000097
Epoch 010 | Step 30 | lr=5.782172e-04 | loss=0.000092
Epoch 010 | Step 40 | lr=5.782172e-04 | loss=0.000100
Epoch 010 | Step 50 | lr=5.782172e-04 | loss=0.000094
Epoch 010 | Step 60 | lr=5.782172e-04 | loss=0.000097
Epoch 010 | Step 70 | lr=5.782172e-04 | loss=0.000099
Epoch 010 | Step 80 | lr=5.782172e-04 | loss=0.000092
Epoch 010 | Step 90 | lr=5.782172e-04 | loss=0.000094
Epoch 010 | Step 100 | lr=5.782172e-04 | loss=0.000093
Epoch 010 | Step 110 | lr=5.782172e-04 | loss=0.000097
Epoch 010 | Step 120 | lr=5.782172e-04 | loss=0.000098
Epoch 010 | Step 130 | lr=5.782172e-04 | loss=0.000096
Epoch 010 | Step 140 | lr=5.782172e-04 | loss=0.000100
Epoch 010 | Step 150 | lr=5.782172e-04 | loss=0.000099
Epoch 010 | Step 160 | lr=5.782172e-04 | loss=0.000091
Epoch 010 | Step 170 | lr=5.782172e-04 | loss=0.000098
Epoch 010 | Step 180 | lr=5.782172e-04 | loss=0.000094
Epoch 010 | Step 190 | lr=5.782172e-04 | loss=0.000093
Epoch 010 | Step 200 | lr=5.782172e-04 | loss=0.000097
Epoch 010 | Step 210 | lr=5.782172e-04 | loss=0.000095
Epoch 010 | Step 220 | lr=5.782172e-04 | loss=0.000096
Epoch 010 | Step 230 | lr=5.782172e-04 | loss=0.000097
Epoch 010 | Step 240 | lr=5.782172e-04 | loss=0.000097
Epoch 010 | Step 250 | lr=5.782172e-04 | loss=0.000097
Epoch 010 | Step 260 | lr=5.782172e-04 | loss=0.000095
Epoch 010 | Step 270 | lr=5.782172e-04 | loss=0.000100
Epoch 010 | Step 280 | lr=5.782172e-04 | loss=0.000095
Epoch 010 | Step 290 | lr=5.782172e-04 | loss=0.000101
Epoch 010 | Step 300 | lr=5.782172e-04 | loss=0.000097
Epoch 010 | Step 310 | lr=5.782172e-04 | loss=0.000094
Epoch 010 | Step 320 | lr=5.782172e-04 | loss=0.000099
Epoch 010 | Step 330 | lr=5.782172e-04 | loss=0.000095
Epoch 010 | Step 340 | lr=5.782172e-04 | loss=0.000097
Epoch 010 | Step 350 | lr=5.782172e-04 | loss=0.000094
Epoch 010 | Step 360 | lr=5.782172e-04 | loss=0.000100
Epoch 010 | Step 370 | lr=5.782172e-04 | loss=0.000102
Epoch 010 | Step 380 | lr=5.782172e-04 | loss=0.000103
Epoch 010 | Step 390 | lr=5.782172e-04 | loss=0.000103
Epoch 010 | Step 400 | lr=5.782172e-04 | loss=0.000100
Epoch 010 | Step 410 | lr=5.782172e-04 | loss=0.000094
Epoch 010 | Step 420 | lr=5.782172e-04 | loss=0.000102
Epoch 010 | Step 430 | lr=5.782172e-04 | loss=0.000094
Epoch 010 | Step 440 | lr=5.782172e-04 | loss=0.000099
Epoch 010 | Step 450 | lr=5.782172e-04 | loss=0.000101
Epoch 010 | Step 460 | lr=5.782172e-04 | loss=0.000096
Epoch 010 | Step 470 | lr=5.782172e-04 | loss=0.000096
Epoch 010 | Step 480 | lr=5.782172e-04 | loss=0.000095
Epoch 010 | Step 490 | lr=5.782172e-04 | loss=0.000096
Epoch 010 | Step 500 | lr=5.782172e-04 | loss=0.000095
Epoch 010 | Step 510 | lr=5.782172e-04 | loss=0.000099
Epoch 010 | Step 520 | lr=5.782172e-04 | loss=0.000091
Epoch 010 | Step 530 | lr=5.782172e-04 | loss=0.000091
Epoch 010 | Step 540 | lr=5.782172e-04 | loss=0.000094
Epoch 010 | Step 550 | lr=5.782172e-04 | loss=0.000100
Epoch 010 | Step 560 | lr=5.782172e-04 | loss=0.000101
Epoch 010 | Step 570 | lr=5.782172e-04 | loss=0.000094
Epoch 010 | Step 580 | lr=5.782172e-04 | loss=0.000092
Epoch 010 | Step 590 | lr=5.782172e-04 | loss=0.000100
Epoch 010 | Step 600 | lr=5.782172e-04 | loss=0.000100
Epoch 010 | Step 610 | lr=5.782172e-04 | loss=0.000095
Epoch 010 | Step 620 | lr=5.782172e-04 | loss=0.000095
Epoch 010 | Step 630 | lr=5.782172e-04 | loss=0.000094
Epoch 010 | Step 640 | lr=5.782172e-04 | loss=0.000104
Epoch 010 | Step 650 | lr=5.782172e-04 | loss=0.000101
Epoch 010 | Step 660 | lr=5.782172e-04 | loss=0.000102
Epoch 010 | Step 670 | lr=5.782172e-04 | loss=0.000097
Epoch 010 | Step 680 | lr=5.782172e-04 | loss=0.000099
Epoch 010 | Step 690 | lr=5.782172e-04 | loss=0.000097
Epoch 010 | Step 700 | lr=5.782172e-04 | loss=0.000094
Epoch 010 | Step 710 | lr=5.782172e-04 | loss=0.000094
Epoch 010 | Step 720 | lr=5.782172e-04 | loss=0.000095
Epoch 010 | Step 730 | lr=5.782172e-04 | loss=0.000094
Epoch 010 | Step 740 | lr=5.782172e-04 | loss=0.000095
Epoch 010 | Step 750 | lr=5.782172e-04 | loss=0.000100
Epoch 010 | Step 760 | lr=5.782172e-04 | loss=0.000099
Epoch 010 | Step 770 | lr=5.782172e-04 | loss=0.000095
Epoch 010 | Step 780 | lr=5.782172e-04 | loss=0.000101
Epoch 010 | Step 790 | lr=5.782172e-04 | loss=0.000096
Epoch 010 | Step 800 | lr=5.782172e-04 | loss=0.000095
Epoch 010 | Step 810 | lr=5.782172e-04 | loss=0.000097
Epoch 010 | Step 820 | lr=5.782172e-04 | loss=0.000096
Epoch 010 | Step 830 | lr=5.782172e-04 | loss=0.000098
Epoch 010 | Step 840 | lr=5.782172e-04 | loss=0.000102
Epoch 010 | Step 850 | lr=5.782172e-04 | loss=0.000099
Epoch 010 | Step 860 | lr=5.782172e-04 | loss=0.000101
Epoch 010 | Step 870 | lr=5.782172e-04 | loss=0.000098
Epoch 010 | Step 880 | lr=5.782172e-04 | loss=0.000096
Epoch 010 | Step 890 | lr=5.782172e-04 | loss=0.000098
Epoch 010 | Step 900 | lr=5.782172e-04 | loss=0.000095
Epoch 010 | Step 910 | lr=5.782172e-04 | loss=0.000096
Epoch 010 | Step 920 | lr=5.782172e-04 | loss=0.000102
Epoch 010 | Step 930 | lr=5.782172e-04 | loss=0.000094
Epoch 010 | Step 940 | lr=5.782172e-04 | loss=0.000107
Epoch 010 | Step 950 | lr=5.782172e-04 | loss=0.000092
Epoch 010 | Step 960 | lr=5.782172e-04 | loss=0.000096
epoch 010 | train_kld=0.000097 | val_kld=0.000089 | val_mae=0.002731 | val_mse=0.000089 | ord_acc@10=0.3103 | recall@10=0.8250
Epoch 011 | Step 10 | lr=5.000000e-04 | loss=0.000088
Epoch 011 | Step 20 | lr=5.000000e-04 | loss=0.000096
Epoch 011 | Step 30 | lr=5.000000e-04 | loss=0.000095
Epoch 011 | Step 40 | lr=5.000000e-04 | loss=0.000089
Epoch 011 | Step 50 | lr=5.000000e-04 | loss=0.000093
Epoch 011 | Step 60 | lr=5.000000e-04 | loss=0.000098
Epoch 011 | Step 70 | lr=5.000000e-04 | loss=0.000090
Epoch 011 | Step 80 | lr=5.000000e-04 | loss=0.000094
Epoch 011 | Step 90 | lr=5.000000e-04 | loss=0.000095
Epoch 011 | Step 100 | lr=5.000000e-04 | loss=0.000093
Epoch 011 | Step 110 | lr=5.000000e-04 | loss=0.000097
Epoch 011 | Step 120 | lr=5.000000e-04 | loss=0.000097
Epoch 011 | Step 130 | lr=5.000000e-04 | loss=0.000089
Epoch 011 | Step 140 | lr=5.000000e-04 | loss=0.000088
Epoch 011 | Step 150 | lr=5.000000e-04 | loss=0.000092
Epoch 011 | Step 160 | lr=5.000000e-04 | loss=0.000105
Epoch 011 | Step 170 | lr=5.000000e-04 | loss=0.000088
Epoch 011 | Step 180 | lr=5.000000e-04 | loss=0.000089
Epoch 011 | Step 190 | lr=5.000000e-04 | loss=0.000093
Epoch 011 | Step 200 | lr=5.000000e-04 | loss=0.000090
Epoch 011 | Step 210 | lr=5.000000e-04 | loss=0.000098
Epoch 011 | Step 220 | lr=5.000000e-04 | loss=0.000093
Epoch 011 | Step 230 | lr=5.000000e-04 | loss=0.000098
Epoch 011 | Step 240 | lr=5.000000e-04 | loss=0.000090
Epoch 011 | Step 250 | lr=5.000000e-04 | loss=0.000091
Epoch 011 | Step 260 | lr=5.000000e-04 | loss=0.000089
Epoch 011 | Step 270 | lr=5.000000e-04 | loss=0.000089
Epoch 011 | Step 280 | lr=5.000000e-04 | loss=0.000094
Epoch 011 | Step 290 | lr=5.000000e-04 | loss=0.000092
Epoch 011 | Step 300 | lr=5.000000e-04 | loss=0.000093
Epoch 011 | Step 310 | lr=5.000000e-04 | loss=0.000092
Epoch 011 | Step 320 | lr=5.000000e-04 | loss=0.000094
Epoch 011 | Step 330 | lr=5.000000e-04 | loss=0.000097
Epoch 011 | Step 340 | lr=5.000000e-04 | loss=0.000095
Epoch 011 | Step 350 | lr=5.000000e-04 | loss=0.000091
Epoch 011 | Step 360 | lr=5.000000e-04 | loss=0.000094
Epoch 011 | Step 370 | lr=5.000000e-04 | loss=0.000091
Epoch 011 | Step 380 | lr=5.000000e-04 | loss=0.000093
Epoch 011 | Step 390 | lr=5.000000e-04 | loss=0.000089
Epoch 011 | Step 400 | lr=5.000000e-04 | loss=0.000095
Epoch 011 | Step 410 | lr=5.000000e-04 | loss=0.000094
Epoch 011 | Step 420 | lr=5.000000e-04 | loss=0.000096
Epoch 011 | Step 430 | lr=5.000000e-04 | loss=0.000093
Epoch 011 | Step 440 | lr=5.000000e-04 | loss=0.000096
Epoch 011 | Step 450 | lr=5.000000e-04 | loss=0.000094
Epoch 011 | Step 460 | lr=5.000000e-04 | loss=0.000092
Epoch 011 | Step 470 | lr=5.000000e-04 | loss=0.000097
Epoch 011 | Step 480 | lr=5.000000e-04 | loss=0.000099
Epoch 011 | Step 490 | lr=5.000000e-04 | loss=0.000094
Epoch 011 | Step 500 | lr=5.000000e-04 | loss=0.000101
Epoch 011 | Step 510 | lr=5.000000e-04 | loss=0.000093
Epoch 011 | Step 520 | lr=5.000000e-04 | loss=0.000096
Epoch 011 | Step 530 | lr=5.000000e-04 | loss=0.000092
Epoch 011 | Step 540 | lr=5.000000e-04 | loss=0.000096
Epoch 011 | Step 550 | lr=5.000000e-04 | loss=0.000092
Epoch 011 | Step 560 | lr=5.000000e-04 | loss=0.000099
Epoch 011 | Step 570 | lr=5.000000e-04 | loss=0.000089
Epoch 011 | Step 580 | lr=5.000000e-04 | loss=0.000098
Epoch 011 | Step 590 | lr=5.000000e-04 | loss=0.000093
Epoch 011 | Step 600 | lr=5.000000e-04 | loss=0.000094
Epoch 011 | Step 610 | lr=5.000000e-04 | loss=0.000094
Epoch 011 | Step 620 | lr=5.000000e-04 | loss=0.000090
Epoch 011 | Step 630 | lr=5.000000e-04 | loss=0.000095
Epoch 011 | Step 640 | lr=5.000000e-04 | loss=0.000097
Epoch 011 | Step 650 | lr=5.000000e-04 | loss=0.000092
Epoch 011 | Step 660 | lr=5.000000e-04 | loss=0.000090
Epoch 011 | Step 670 | lr=5.000000e-04 | loss=0.000091
Epoch 011 | Step 680 | lr=5.000000e-04 | loss=0.000089
Epoch 011 | Step 690 | lr=5.000000e-04 | loss=0.000096
Epoch 011 | Step 700 | lr=5.000000e-04 | loss=0.000090
Epoch 011 | Step 710 | lr=5.000000e-04 | loss=0.000093
Epoch 011 | Step 720 | lr=5.000000e-04 | loss=0.000093
Epoch 011 | Step 730 | lr=5.000000e-04 | loss=0.000094
Epoch 011 | Step 740 | lr=5.000000e-04 | loss=0.000090
Epoch 011 | Step 750 | lr=5.000000e-04 | loss=0.000091
Epoch 011 | Step 760 | lr=5.000000e-04 | loss=0.000089
Epoch 011 | Step 770 | lr=5.000000e-04 | loss=0.000094
Epoch 011 | Step 780 | lr=5.000000e-04 | loss=0.000091
Epoch 011 | Step 790 | lr=5.000000e-04 | loss=0.000102
Epoch 011 | Step 800 | lr=5.000000e-04 | loss=0.000097
Epoch 011 | Step 810 | lr=5.000000e-04 | loss=0.000093
Epoch 011 | Step 820 | lr=5.000000e-04 | loss=0.000093
Epoch 011 | Step 830 | lr=5.000000e-04 | loss=0.000090
Epoch 011 | Step 840 | lr=5.000000e-04 | loss=0.000096
Epoch 011 | Step 850 | lr=5.000000e-04 | loss=0.000100
Epoch 011 | Step 860 | lr=5.000000e-04 | loss=0.000091
Epoch 011 | Step 870 | lr=5.000000e-04 | loss=0.000092
Epoch 011 | Step 880 | lr=5.000000e-04 | loss=0.000095
Epoch 011 | Step 890 | lr=5.000000e-04 | loss=0.000092
Epoch 011 | Step 900 | lr=5.000000e-04 | loss=0.000097
Epoch 011 | Step 910 | lr=5.000000e-04 | loss=0.000097
Epoch 011 | Step 920 | lr=5.000000e-04 | loss=0.000089
Epoch 011 | Step 930 | lr=5.000000e-04 | loss=0.000092
Epoch 011 | Step 940 | lr=5.000000e-04 | loss=0.000093
Epoch 011 | Step 950 | lr=5.000000e-04 | loss=0.000092
Epoch 011 | Step 960 | lr=5.000000e-04 | loss=0.000097
epoch 011 | train_kld=0.000093 | val_kld=0.000086 | val_mae=0.002685 | val_mse=0.000086 | ord_acc@10=0.3164 | recall@10=0.8249
Epoch 012 | Step 10 | lr=4.217828e-04 | loss=0.000093
Epoch 012 | Step 20 | lr=4.217828e-04 | loss=0.000093
Epoch 012 | Step 30 | lr=4.217828e-04 | loss=0.000091
Epoch 012 | Step 40 | lr=4.217828e-04 | loss=0.000088
Epoch 012 | Step 50 | lr=4.217828e-04 | loss=0.000083
Epoch 012 | Step 60 | lr=4.217828e-04 | loss=0.000092
Epoch 012 | Step 70 | lr=4.217828e-04 | loss=0.000092
Epoch 012 | Step 80 | lr=4.217828e-04 | loss=0.000090
Epoch 012 | Step 90 | lr=4.217828e-04 | loss=0.000087
Epoch 012 | Step 100 | lr=4.217828e-04 | loss=0.000091
Epoch 012 | Step 110 | lr=4.217828e-04 | loss=0.000093
Epoch 012 | Step 120 | lr=4.217828e-04 | loss=0.000095
Epoch 012 | Step 130 | lr=4.217828e-04 | loss=0.000088
Epoch 012 | Step 140 | lr=4.217828e-04 | loss=0.000089
Epoch 012 | Step 150 | lr=4.217828e-04 | loss=0.000088
Epoch 012 | Step 160 | lr=4.217828e-04 | loss=0.000088
Epoch 012 | Step 170 | lr=4.217828e-04 | loss=0.000088
Epoch 012 | Step 180 | lr=4.217828e-04 | loss=0.000088
Epoch 012 | Step 190 | lr=4.217828e-04 | loss=0.000090
Epoch 012 | Step 200 | lr=4.217828e-04 | loss=0.000088
Epoch 012 | Step 210 | lr=4.217828e-04 | loss=0.000091
Epoch 012 | Step 220 | lr=4.217828e-04 | loss=0.000089
Epoch 012 | Step 230 | lr=4.217828e-04 | loss=0.000089
Epoch 012 | Step 240 | lr=4.217828e-04 | loss=0.000097
Epoch 012 | Step 250 | lr=4.217828e-04 | loss=0.000093
Epoch 012 | Step 260 | lr=4.217828e-04 | loss=0.000087
Epoch 012 | Step 270 | lr=4.217828e-04 | loss=0.000086
Epoch 012 | Step 280 | lr=4.217828e-04 | loss=0.000086
Epoch 012 | Step 290 | lr=4.217828e-04 | loss=0.000086
Epoch 012 | Step 300 | lr=4.217828e-04 | loss=0.000090
Epoch 012 | Step 310 | lr=4.217828e-04 | loss=0.000088
Epoch 012 | Step 320 | lr=4.217828e-04 | loss=0.000090
Epoch 012 | Step 330 | lr=4.217828e-04 | loss=0.000085
Epoch 012 | Step 340 | lr=4.217828e-04 | loss=0.000090
Epoch 012 | Step 350 | lr=4.217828e-04 | loss=0.000083
Epoch 012 | Step 360 | lr=4.217828e-04 | loss=0.000091
Epoch 012 | Step 370 | lr=4.217828e-04 | loss=0.000088
Epoch 012 | Step 380 | lr=4.217828e-04 | loss=0.000089
Epoch 012 | Step 390 | lr=4.217828e-04 | loss=0.000087
Epoch 012 | Step 400 | lr=4.217828e-04 | loss=0.000089
Epoch 012 | Step 410 | lr=4.217828e-04 | loss=0.000090
Epoch 012 | Step 420 | lr=4.217828e-04 | loss=0.000089
Epoch 012 | Step 430 | lr=4.217828e-04 | loss=0.000089
Epoch 012 | Step 440 | lr=4.217828e-04 | loss=0.000084
Epoch 012 | Step 450 | lr=4.217828e-04 | loss=0.000088
Epoch 012 | Step 460 | lr=4.217828e-04 | loss=0.000087
Epoch 012 | Step 470 | lr=4.217828e-04 | loss=0.000087
Epoch 012 | Step 480 | lr=4.217828e-04 | loss=0.000093
Epoch 012 | Step 490 | lr=4.217828e-04 | loss=0.000087
Epoch 012 | Step 500 | lr=4.217828e-04 | loss=0.000091
Epoch 012 | Step 510 | lr=4.217828e-04 | loss=0.000086
Epoch 012 | Step 520 | lr=4.217828e-04 | loss=0.000087
Epoch 012 | Step 530 | lr=4.217828e-04 | loss=0.000086
Epoch 012 | Step 540 | lr=4.217828e-04 | loss=0.000087
Epoch 012 | Step 550 | lr=4.217828e-04 | loss=0.000088
Epoch 012 | Step 560 | lr=4.217828e-04 | loss=0.000085
Epoch 012 | Step 570 | lr=4.217828e-04 | loss=0.000095
Epoch 012 | Step 580 | lr=4.217828e-04 | loss=0.000088
Epoch 012 | Step 590 | lr=4.217828e-04 | loss=0.000089
Epoch 012 | Step 600 | lr=4.217828e-04 | loss=0.000092
Epoch 012 | Step 610 | lr=4.217828e-04 | loss=0.000092
Epoch 012 | Step 620 | lr=4.217828e-04 | loss=0.000088
Epoch 012 | Step 630 | lr=4.217828e-04 | loss=0.000091
Epoch 012 | Step 640 | lr=4.217828e-04 | loss=0.000092
Epoch 012 | Step 650 | lr=4.217828e-04 | loss=0.000094
Epoch 012 | Step 660 | lr=4.217828e-04 | loss=0.000087
Epoch 012 | Step 670 | lr=4.217828e-04 | loss=0.000085
Epoch 012 | Step 680 | lr=4.217828e-04 | loss=0.000089
Epoch 012 | Step 690 | lr=4.217828e-04 | loss=0.000089
Epoch 012 | Step 700 | lr=4.217828e-04 | loss=0.000089
Epoch 012 | Step 710 | lr=4.217828e-04 | loss=0.000089
Epoch 012 | Step 720 | lr=4.217828e-04 | loss=0.000095
Epoch 012 | Step 730 | lr=4.217828e-04 | loss=0.000084
Epoch 012 | Step 740 | lr=4.217828e-04 | loss=0.000090
Epoch 012 | Step 750 | lr=4.217828e-04 | loss=0.000093
Epoch 012 | Step 760 | lr=4.217828e-04 | loss=0.000088
Epoch 012 | Step 770 | lr=4.217828e-04 | loss=0.000089
Epoch 012 | Step 780 | lr=4.217828e-04 | loss=0.000088
Epoch 012 | Step 790 | lr=4.217828e-04 | loss=0.000091
Epoch 012 | Step 800 | lr=4.217828e-04 | loss=0.000091
Epoch 012 | Step 810 | lr=4.217828e-04 | loss=0.000088
Epoch 012 | Step 820 | lr=4.217828e-04 | loss=0.000088
Epoch 012 | Step 830 | lr=4.217828e-04 | loss=0.000088
Epoch 012 | Step 840 | lr=4.217828e-04 | loss=0.000084
Epoch 012 | Step 850 | lr=4.217828e-04 | loss=0.000089
Epoch 012 | Step 860 | lr=4.217828e-04 | loss=0.000096
Epoch 012 | Step 870 | lr=4.217828e-04 | loss=0.000088
Epoch 012 | Step 880 | lr=4.217828e-04 | loss=0.000086
Epoch 012 | Step 890 | lr=4.217828e-04 | loss=0.000086
Epoch 012 | Step 900 | lr=4.217828e-04 | loss=0.000085
Epoch 012 | Step 910 | lr=4.217828e-04 | loss=0.000089
Epoch 012 | Step 920 | lr=4.217828e-04 | loss=0.000091
Epoch 012 | Step 930 | lr=4.217828e-04 | loss=0.000089
Epoch 012 | Step 940 | lr=4.217828e-04 | loss=0.000091
Epoch 012 | Step 950 | lr=4.217828e-04 | loss=0.000086
Epoch 012 | Step 960 | lr=4.217828e-04 | loss=0.000091
epoch 012 | train_kld=0.000089 | val_kld=0.000086 | val_mae=0.002684 | val_mse=0.000086 | ord_acc@10=0.3147 | recall@10=0.8255
Epoch 013 | Step 10 | lr=3.454915e-04 | loss=0.000088
Epoch 013 | Step 20 | lr=3.454915e-04 | loss=0.000086
Epoch 013 | Step 30 | lr=3.454915e-04 | loss=0.000087
Epoch 013 | Step 40 | lr=3.454915e-04 | loss=0.000082
Epoch 013 | Step 50 | lr=3.454915e-04 | loss=0.000086
Epoch 013 | Step 60 | lr=3.454915e-04 | loss=0.000084
Epoch 013 | Step 70 | lr=3.454915e-04 | loss=0.000085
Epoch 013 | Step 80 | lr=3.454915e-04 | loss=0.000083
Epoch 013 | Step 90 | lr=3.454915e-04 | loss=0.000082
Epoch 013 | Step 100 | lr=3.454915e-04 | loss=0.000092
Epoch 013 | Step 110 | lr=3.454915e-04 | loss=0.000088
Epoch 013 | Step 120 | lr=3.454915e-04 | loss=0.000083
Epoch 013 | Step 130 | lr=3.454915e-04 | loss=0.000085
Epoch 013 | Step 140 | lr=3.454915e-04 | loss=0.000085
Epoch 013 | Step 150 | lr=3.454915e-04 | loss=0.000082
Epoch 013 | Step 160 | lr=3.454915e-04 | loss=0.000085
Epoch 013 | Step 170 | lr=3.454915e-04 | loss=0.000081
Epoch 013 | Step 180 | lr=3.454915e-04 | loss=0.000087
Epoch 013 | Step 190 | lr=3.454915e-04 | loss=0.000085
Epoch 013 | Step 200 | lr=3.454915e-04 | loss=0.000089
Epoch 013 | Step 210 | lr=3.454915e-04 | loss=0.000085
Epoch 013 | Step 220 | lr=3.454915e-04 | loss=0.000089
Epoch 013 | Step 230 | lr=3.454915e-04 | loss=0.000086
Epoch 013 | Step 240 | lr=3.454915e-04 | loss=0.000089
Epoch 013 | Step 250 | lr=3.454915e-04 | loss=0.000088
Epoch 013 | Step 260 | lr=3.454915e-04 | loss=0.000083
Epoch 013 | Step 270 | lr=3.454915e-04 | loss=0.000085
Epoch 013 | Step 280 | lr=3.454915e-04 | loss=0.000081
Epoch 013 | Step 290 | lr=3.454915e-04 | loss=0.000083
Epoch 013 | Step 300 | lr=3.454915e-04 | loss=0.000086
Epoch 013 | Step 310 | lr=3.454915e-04 | loss=0.000084
Epoch 013 | Step 320 | lr=3.454915e-04 | loss=0.000083
Epoch 013 | Step 330 | lr=3.454915e-04 | loss=0.000081
Epoch 013 | Step 340 | lr=3.454915e-04 | loss=0.000083
Epoch 013 | Step 350 | lr=3.454915e-04 | loss=0.000086
Epoch 013 | Step 360 | lr=3.454915e-04 | loss=0.000085
Epoch 013 | Step 370 | lr=3.454915e-04 | loss=0.000087
Epoch 013 | Step 380 | lr=3.454915e-04 | loss=0.000087
Epoch 013 | Step 390 | lr=3.454915e-04 | loss=0.000085
Epoch 013 | Step 400 | lr=3.454915e-04 | loss=0.000084
Epoch 013 | Step 410 | lr=3.454915e-04 | loss=0.000086
Epoch 013 | Step 420 | lr=3.454915e-04 | loss=0.000089
Epoch 013 | Step 430 | lr=3.454915e-04 | loss=0.000088
Epoch 013 | Step 440 | lr=3.454915e-04 | loss=0.000081
Epoch 013 | Step 450 | lr=3.454915e-04 | loss=0.000084
Epoch 013 | Step 460 | lr=3.454915e-04 | loss=0.000090
Epoch 013 | Step 470 | lr=3.454915e-04 | loss=0.000091
Epoch 013 | Step 480 | lr=3.454915e-04 | loss=0.000089
Epoch 013 | Step 490 | lr=3.454915e-04 | loss=0.000087
Epoch 013 | Step 500 | lr=3.454915e-04 | loss=0.000085
Epoch 013 | Step 510 | lr=3.454915e-04 | loss=0.000086
Epoch 013 | Step 520 | lr=3.454915e-04 | loss=0.000081
Epoch 013 | Step 530 | lr=3.454915e-04 | loss=0.000086
Epoch 013 | Step 540 | lr=3.454915e-04 | loss=0.000083
Epoch 013 | Step 550 | lr=3.454915e-04 | loss=0.000093
Epoch 013 | Step 560 | lr=3.454915e-04 | loss=0.000086
Epoch 013 | Step 570 | lr=3.454915e-04 | loss=0.000091
Epoch 013 | Step 580 | lr=3.454915e-04 | loss=0.000089
Epoch 013 | Step 590 | lr=3.454915e-04 | loss=0.000083
Epoch 013 | Step 600 | lr=3.454915e-04 | loss=0.000087
Epoch 013 | Step 610 | lr=3.454915e-04 | loss=0.000091
Epoch 013 | Step 620 | lr=3.454915e-04 | loss=0.000082
Epoch 013 | Step 630 | lr=3.454915e-04 | loss=0.000087
Epoch 013 | Step 640 | lr=3.454915e-04 | loss=0.000091
Epoch 013 | Step 650 | lr=3.454915e-04 | loss=0.000089
Epoch 013 | Step 660 | lr=3.454915e-04 | loss=0.000085
Epoch 013 | Step 670 | lr=3.454915e-04 | loss=0.000086
Epoch 013 | Step 680 | lr=3.454915e-04 | loss=0.000081
Epoch 013 | Step 690 | lr=3.454915e-04 | loss=0.000085
Epoch 013 | Step 700 | lr=3.454915e-04 | loss=0.000097
Epoch 013 | Step 710 | lr=3.454915e-04 | loss=0.000084
Epoch 013 | Step 720 | lr=3.454915e-04 | loss=0.000091
Epoch 013 | Step 730 | lr=3.454915e-04 | loss=0.000084
Epoch 013 | Step 740 | lr=3.454915e-04 | loss=0.000084
Epoch 013 | Step 750 | lr=3.454915e-04 | loss=0.000084
Epoch 013 | Step 760 | lr=3.454915e-04 | loss=0.000091
Epoch 013 | Step 770 | lr=3.454915e-04 | loss=0.000083
Epoch 013 | Step 780 | lr=3.454915e-04 | loss=0.000090
Epoch 013 | Step 790 | lr=3.454915e-04 | loss=0.000086
Epoch 013 | Step 800 | lr=3.454915e-04 | loss=0.000085
Epoch 013 | Step 810 | lr=3.454915e-04 | loss=0.000084
Epoch 013 | Step 820 | lr=3.454915e-04 | loss=0.000087
Epoch 013 | Step 830 | lr=3.454915e-04 | loss=0.000080
Epoch 013 | Step 840 | lr=3.454915e-04 | loss=0.000089
Epoch 013 | Step 850 | lr=3.454915e-04 | loss=0.000090
Epoch 013 | Step 860 | lr=3.454915e-04 | loss=0.000086
Epoch 013 | Step 870 | lr=3.454915e-04 | loss=0.000083
Epoch 013 | Step 880 | lr=3.454915e-04 | loss=0.000090
Epoch 013 | Step 890 | lr=3.454915e-04 | loss=0.000084
Epoch 013 | Step 900 | lr=3.454915e-04 | loss=0.000090
Epoch 013 | Step 910 | lr=3.454915e-04 | loss=0.000088
Epoch 013 | Step 920 | lr=3.454915e-04 | loss=0.000091
Epoch 013 | Step 930 | lr=3.454915e-04 | loss=0.000084
Epoch 013 | Step 940 | lr=3.454915e-04 | loss=0.000084
Epoch 013 | Step 950 | lr=3.454915e-04 | loss=0.000085
Epoch 013 | Step 960 | lr=3.454915e-04 | loss=0.000089
epoch 013 | train_kld=0.000086 | val_kld=0.000083 | val_mae=0.002645 | val_mse=0.000083 | ord_acc@10=0.3197 | recall@10=0.8299
Epoch 014 | Step 10 | lr=2.730048e-04 | loss=0.000086
Epoch 014 | Step 20 | lr=2.730048e-04 | loss=0.000086
Epoch 014 | Step 30 | lr=2.730048e-04 | loss=0.000087
Epoch 014 | Step 40 | lr=2.730048e-04 | loss=0.000085
Epoch 014 | Step 50 | lr=2.730048e-04 | loss=0.000084
Epoch 014 | Step 60 | lr=2.730048e-04 | loss=0.000083
Epoch 014 | Step 70 | lr=2.730048e-04 | loss=0.000079
Epoch 014 | Step 80 | lr=2.730048e-04 | loss=0.000081
Epoch 014 | Step 90 | lr=2.730048e-04 | loss=0.000086
Epoch 014 | Step 100 | lr=2.730048e-04 | loss=0.000082
Epoch 014 | Step 110 | lr=2.730048e-04 | loss=0.000086
Epoch 014 | Step 120 | lr=2.730048e-04 | loss=0.000080
Epoch 014 | Step 130 | lr=2.730048e-04 | loss=0.000081
Epoch 014 | Step 140 | lr=2.730048e-04 | loss=0.000081
Epoch 014 | Step 150 | lr=2.730048e-04 | loss=0.000081
Epoch 014 | Step 160 | lr=2.730048e-04 | loss=0.000083
Epoch 014 | Step 170 | lr=2.730048e-04 | loss=0.000084
Epoch 014 | Step 180 | lr=2.730048e-04 | loss=0.000088
Epoch 014 | Step 190 | lr=2.730048e-04 | loss=0.000085
Epoch 014 | Step 200 | lr=2.730048e-04 | loss=0.000081
Epoch 014 | Step 210 | lr=2.730048e-04 | loss=0.000083
Epoch 014 | Step 220 | lr=2.730048e-04 | loss=0.000081
Epoch 014 | Step 230 | lr=2.730048e-04 | loss=0.000085
Epoch 014 | Step 240 | lr=2.730048e-04 | loss=0.000083
Epoch 014 | Step 250 | lr=2.730048e-04 | loss=0.000087
Epoch 014 | Step 260 | lr=2.730048e-04 | loss=0.000085
Epoch 014 | Step 270 | lr=2.730048e-04 | loss=0.000084
Epoch 014 | Step 280 | lr=2.730048e-04 | loss=0.000080
Epoch 014 | Step 290 | lr=2.730048e-04 | loss=0.000083
Epoch 014 | Step 300 | lr=2.730048e-04 | loss=0.000082
Epoch 014 | Step 310 | lr=2.730048e-04 | loss=0.000082
Epoch 014 | Step 320 | lr=2.730048e-04 | loss=0.000086
Epoch 014 | Step 330 | lr=2.730048e-04 | loss=0.000082
Epoch 014 | Step 340 | lr=2.730048e-04 | loss=0.000083
Epoch 014 | Step 350 | lr=2.730048e-04 | loss=0.000081
Epoch 014 | Step 360 | lr=2.730048e-04 | loss=0.000083
Epoch 014 | Step 370 | lr=2.730048e-04 | loss=0.000083
Epoch 014 | Step 380 | lr=2.730048e-04 | loss=0.000082
Epoch 014 | Step 390 | lr=2.730048e-04 | loss=0.000086
Epoch 014 | Step 400 | lr=2.730048e-04 | loss=0.000085
Epoch 014 | Step 410 | lr=2.730048e-04 | loss=0.000080
Epoch 014 | Step 420 | lr=2.730048e-04 | loss=0.000080
Epoch 014 | Step 430 | lr=2.730048e-04 | loss=0.000085
Epoch 014 | Step 440 | lr=2.730048e-04 | loss=0.000086
Epoch 014 | Step 450 | lr=2.730048e-04 | loss=0.000081
Epoch 014 | Step 460 | lr=2.730048e-04 | loss=0.000085
Epoch 014 | Step 470 | lr=2.730048e-04 | loss=0.000082
Epoch 014 | Step 480 | lr=2.730048e-04 | loss=0.000089
Epoch 014 | Step 490 | lr=2.730048e-04 | loss=0.000080
Epoch 014 | Step 500 | lr=2.730048e-04 | loss=0.000088
Epoch 014 | Step 510 | lr=2.730048e-04 | loss=0.000084
Epoch 014 | Step 520 | lr=2.730048e-04 | loss=0.000087
Epoch 014 | Step 530 | lr=2.730048e-04 | loss=0.000083
Epoch 014 | Step 540 | lr=2.730048e-04 | loss=0.000080
Epoch 014 | Step 550 | lr=2.730048e-04 | loss=0.000082
Epoch 014 | Step 560 | lr=2.730048e-04 | loss=0.000090
Epoch 014 | Step 570 | lr=2.730048e-04 | loss=0.000085
Epoch 014 | Step 580 | lr=2.730048e-04 | loss=0.000084
Epoch 014 | Step 590 | lr=2.730048e-04 | loss=0.000082
Epoch 014 | Step 600 | lr=2.730048e-04 | loss=0.000086
Epoch 014 | Step 610 | lr=2.730048e-04 | loss=0.000090
Epoch 014 | Step 620 | lr=2.730048e-04 | loss=0.000084
Epoch 014 | Step 630 | lr=2.730048e-04 | loss=0.000084
Epoch 014 | Step 640 | lr=2.730048e-04 | loss=0.000081
Epoch 014 | Step 650 | lr=2.730048e-04 | loss=0.000085
Epoch 014 | Step 660 | lr=2.730048e-04 | loss=0.000086
Epoch 014 | Step 670 | lr=2.730048e-04 | loss=0.000077
Epoch 014 | Step 680 | lr=2.730048e-04 | loss=0.000084
Epoch 014 | Step 690 | lr=2.730048e-04 | loss=0.000080
Epoch 014 | Step 700 | lr=2.730048e-04 | loss=0.000082
Epoch 014 | Step 710 | lr=2.730048e-04 | loss=0.000081
Epoch 014 | Step 720 | lr=2.730048e-04 | loss=0.000084
Epoch 014 | Step 730 | lr=2.730048e-04 | loss=0.000079
Epoch 014 | Step 740 | lr=2.730048e-04 | loss=0.000080
Epoch 014 | Step 750 | lr=2.730048e-04 | loss=0.000082
Epoch 014 | Step 760 | lr=2.730048e-04 | loss=0.000086
Epoch 014 | Step 770 | lr=2.730048e-04 | loss=0.000080
Epoch 014 | Step 780 | lr=2.730048e-04 | loss=0.000086
Epoch 014 | Step 790 | lr=2.730048e-04 | loss=0.000082
Epoch 014 | Step 800 | lr=2.730048e-04 | loss=0.000080
Epoch 014 | Step 810 | lr=2.730048e-04 | loss=0.000078
Epoch 014 | Step 820 | lr=2.730048e-04 | loss=0.000082
Epoch 014 | Step 830 | lr=2.730048e-04 | loss=0.000085
Epoch 014 | Step 840 | lr=2.730048e-04 | loss=0.000085
Epoch 014 | Step 850 | lr=2.730048e-04 | loss=0.000081
Epoch 014 | Step 860 | lr=2.730048e-04 | loss=0.000087
Epoch 014 | Step 870 | lr=2.730048e-04 | loss=0.000086
Epoch 014 | Step 880 | lr=2.730048e-04 | loss=0.000082
Epoch 014 | Step 890 | lr=2.730048e-04 | loss=0.000087
Epoch 014 | Step 900 | lr=2.730048e-04 | loss=0.000085
Epoch 014 | Step 910 | lr=2.730048e-04 | loss=0.000082
Epoch 014 | Step 920 | lr=2.730048e-04 | loss=0.000083
Epoch 014 | Step 930 | lr=2.730048e-04 | loss=0.000079
Epoch 014 | Step 940 | lr=2.730048e-04 | loss=0.000078
Epoch 014 | Step 950 | lr=2.730048e-04 | loss=0.000084
Epoch 014 | Step 960 | lr=2.730048e-04 | loss=0.000081
epoch 014 | train_kld=0.000083 | val_kld=0.000081 | val_mae=0.002610 | val_mse=0.000081 | ord_acc@10=0.3199 | recall@10=0.8297
Epoch 015 | Step 10 | lr=2.061074e-04 | loss=0.000081
Epoch 015 | Step 20 | lr=2.061074e-04 | loss=0.000083
Epoch 015 | Step 30 | lr=2.061074e-04 | loss=0.000082
Epoch 015 | Step 40 | lr=2.061074e-04 | loss=0.000079
Epoch 015 | Step 50 | lr=2.061074e-04 | loss=0.000080
Epoch 015 | Step 60 | lr=2.061074e-04 | loss=0.000077
Epoch 015 | Step 70 | lr=2.061074e-04 | loss=0.000079
Epoch 015 | Step 80 | lr=2.061074e-04 | loss=0.000080
Epoch 015 | Step 90 | lr=2.061074e-04 | loss=0.000083
Epoch 015 | Step 100 | lr=2.061074e-04 | loss=0.000085
Epoch 015 | Step 110 | lr=2.061074e-04 | loss=0.000075
Epoch 015 | Step 120 | lr=2.061074e-04 | loss=0.000083
Epoch 015 | Step 130 | lr=2.061074e-04 | loss=0.000080
Epoch 015 | Step 140 | lr=2.061074e-04 | loss=0.000078
Epoch 015 | Step 150 | lr=2.061074e-04 | loss=0.000080
Epoch 015 | Step 160 | lr=2.061074e-04 | loss=0.000081
Epoch 015 | Step 170 | lr=2.061074e-04 | loss=0.000077
Epoch 015 | Step 180 | lr=2.061074e-04 | loss=0.000081
Epoch 015 | Step 190 | lr=2.061074e-04 | loss=0.000077
Epoch 015 | Step 200 | lr=2.061074e-04 | loss=0.000081
Epoch 015 | Step 210 | lr=2.061074e-04 | loss=0.000080
Epoch 015 | Step 220 | lr=2.061074e-04 | loss=0.000081
Epoch 015 | Step 230 | lr=2.061074e-04 | loss=0.000081
Epoch 015 | Step 240 | lr=2.061074e-04 | loss=0.000080
Epoch 015 | Step 250 | lr=2.061074e-04 | loss=0.000081
Epoch 015 | Step 260 | lr=2.061074e-04 | loss=0.000077
Epoch 015 | Step 270 | lr=2.061074e-04 | loss=0.000083
Epoch 015 | Step 280 | lr=2.061074e-04 | loss=0.000080
Epoch 015 | Step 290 | lr=2.061074e-04 | loss=0.000076
Epoch 015 | Step 300 | lr=2.061074e-04 | loss=0.000080
Epoch 015 | Step 310 | lr=2.061074e-04 | loss=0.000079
Epoch 015 | Step 320 | lr=2.061074e-04 | loss=0.000082
Epoch 015 | Step 330 | lr=2.061074e-04 | loss=0.000081
Epoch 015 | Step 340 | lr=2.061074e-04 | loss=0.000077
Epoch 015 | Step 350 | lr=2.061074e-04 | loss=0.000078
Epoch 015 | Step 360 | lr=2.061074e-04 | loss=0.000081
Epoch 015 | Step 370 | lr=2.061074e-04 | loss=0.000077
Epoch 015 | Step 380 | lr=2.061074e-04 | loss=0.000084
Epoch 015 | Step 390 | lr=2.061074e-04 | loss=0.000080
Epoch 015 | Step 400 | lr=2.061074e-04 | loss=0.000079
Epoch 015 | Step 410 | lr=2.061074e-04 | loss=0.000080
Epoch 015 | Step 420 | lr=2.061074e-04 | loss=0.000082
Epoch 015 | Step 430 | lr=2.061074e-04 | loss=0.000086
Epoch 015 | Step 440 | lr=2.061074e-04 | loss=0.000076
Epoch 015 | Step 450 | lr=2.061074e-04 | loss=0.000082
Epoch 015 | Step 460 | lr=2.061074e-04 | loss=0.000082
Epoch 015 | Step 470 | lr=2.061074e-04 | loss=0.000082
Epoch 015 | Step 480 | lr=2.061074e-04 | loss=0.000078
Epoch 015 | Step 490 | lr=2.061074e-04 | loss=0.000076
Epoch 015 | Step 500 | lr=2.061074e-04 | loss=0.000079
Epoch 015 | Step 510 | lr=2.061074e-04 | loss=0.000080
Epoch 015 | Step 520 | lr=2.061074e-04 | loss=0.000079
Epoch 015 | Step 530 | lr=2.061074e-04 | loss=0.000080
Epoch 015 | Step 540 | lr=2.061074e-04 | loss=0.000083
Epoch 015 | Step 550 | lr=2.061074e-04 | loss=0.000077
Epoch 015 | Step 560 | lr=2.061074e-04 | loss=0.000079
Epoch 015 | Step 570 | lr=2.061074e-04 | loss=0.000082
Epoch 015 | Step 580 | lr=2.061074e-04 | loss=0.000081
Epoch 015 | Step 590 | lr=2.061074e-04 | loss=0.000079
Epoch 015 | Step 600 | lr=2.061074e-04 | loss=0.000082
Epoch 015 | Step 610 | lr=2.061074e-04 | loss=0.000082
Epoch 015 | Step 620 | lr=2.061074e-04 | loss=0.000080
Epoch 015 | Step 630 | lr=2.061074e-04 | loss=0.000079
Epoch 015 | Step 640 | lr=2.061074e-04 | loss=0.000079
Epoch 015 | Step 650 | lr=2.061074e-04 | loss=0.000081
Epoch 015 | Step 660 | lr=2.061074e-04 | loss=0.000086
Epoch 015 | Step 670 | lr=2.061074e-04 | loss=0.000083
Epoch 015 | Step 680 | lr=2.061074e-04 | loss=0.000081
Epoch 015 | Step 690 | lr=2.061074e-04 | loss=0.000081
Epoch 015 | Step 700 | lr=2.061074e-04 | loss=0.000083
Epoch 015 | Step 710 | lr=2.061074e-04 | loss=0.000081
Epoch 015 | Step 720 | lr=2.061074e-04 | loss=0.000080
Epoch 015 | Step 730 | lr=2.061074e-04 | loss=0.000082
Epoch 015 | Step 740 | lr=2.061074e-04 | loss=0.000088
Epoch 015 | Step 750 | lr=2.061074e-04 | loss=0.000081
Epoch 015 | Step 760 | lr=2.061074e-04 | loss=0.000079
Epoch 015 | Step 770 | lr=2.061074e-04 | loss=0.000081
Epoch 015 | Step 780 | lr=2.061074e-04 | loss=0.000079
Epoch 015 | Step 790 | lr=2.061074e-04 | loss=0.000077
Epoch 015 | Step 800 | lr=2.061074e-04 | loss=0.000081
Epoch 015 | Step 810 | lr=2.061074e-04 | loss=0.000076
Epoch 015 | Step 820 | lr=2.061074e-04 | loss=0.000079
Epoch 015 | Step 830 | lr=2.061074e-04 | loss=0.000077
Epoch 015 | Step 840 | lr=2.061074e-04 | loss=0.000079
Epoch 015 | Step 850 | lr=2.061074e-04 | loss=0.000081
Epoch 015 | Step 860 | lr=2.061074e-04 | loss=0.000078
Epoch 015 | Step 870 | lr=2.061074e-04 | loss=0.000083
Epoch 015 | Step 880 | lr=2.061074e-04 | loss=0.000079
Epoch 015 | Step 890 | lr=2.061074e-04 | loss=0.000082
Epoch 015 | Step 900 | lr=2.061074e-04 | loss=0.000081
Epoch 015 | Step 910 | lr=2.061074e-04 | loss=0.000081
Epoch 015 | Step 920 | lr=2.061074e-04 | loss=0.000083
Epoch 015 | Step 930 | lr=2.061074e-04 | loss=0.000079
Epoch 015 | Step 940 | lr=2.061074e-04 | loss=0.000079
Epoch 015 | Step 950 | lr=2.061074e-04 | loss=0.000078
Epoch 015 | Step 960 | lr=2.061074e-04 | loss=0.000083
epoch 015 | train_kld=0.000080 | val_kld=0.000080 | val_mae=0.002604 | val_mse=0.000080 | ord_acc@10=0.3210 | recall@10=0.8284
Epoch 016 | Step 10 | lr=1.464466e-04 | loss=0.000079
Epoch 016 | Step 20 | lr=1.464466e-04 | loss=0.000078
Epoch 016 | Step 30 | lr=1.464466e-04 | loss=0.000078
Epoch 016 | Step 40 | lr=1.464466e-04 | loss=0.000077
Epoch 016 | Step 50 | lr=1.464466e-04 | loss=0.000081
Epoch 016 | Step 60 | lr=1.464466e-04 | loss=0.000076
Epoch 016 | Step 70 | lr=1.464466e-04 | loss=0.000080
Epoch 016 | Step 80 | lr=1.464466e-04 | loss=0.000080
Epoch 016 | Step 90 | lr=1.464466e-04 | loss=0.000078
Epoch 016 | Step 100 | lr=1.464466e-04 | loss=0.000078
Epoch 016 | Step 110 | lr=1.464466e-04 | loss=0.000076
Epoch 016 | Step 120 | lr=1.464466e-04 | loss=0.000078
Epoch 016 | Step 130 | lr=1.464466e-04 | loss=0.000081
Epoch 016 | Step 140 | lr=1.464466e-04 | loss=0.000075
Epoch 016 | Step 150 | lr=1.464466e-04 | loss=0.000080
Epoch 016 | Step 160 | lr=1.464466e-04 | loss=0.000080
Epoch 016 | Step 170 | lr=1.464466e-04 | loss=0.000079
Epoch 016 | Step 180 | lr=1.464466e-04 | loss=0.000077
Epoch 016 | Step 190 | lr=1.464466e-04 | loss=0.000078
Epoch 016 | Step 200 | lr=1.464466e-04 | loss=0.000080
Epoch 016 | Step 210 | lr=1.464466e-04 | loss=0.000074
Epoch 016 | Step 220 | lr=1.464466e-04 | loss=0.000079
Epoch 016 | Step 230 | lr=1.464466e-04 | loss=0.000079
Epoch 016 | Step 240 | lr=1.464466e-04 | loss=0.000077
Epoch 016 | Step 250 | lr=1.464466e-04 | loss=0.000083
Epoch 016 | Step 260 | lr=1.464466e-04 | loss=0.000075
Epoch 016 | Step 270 | lr=1.464466e-04 | loss=0.000073
Epoch 016 | Step 280 | lr=1.464466e-04 | loss=0.000079
Epoch 016 | Step 290 | lr=1.464466e-04 | loss=0.000079
Epoch 016 | Step 300 | lr=1.464466e-04 | loss=0.000076
Epoch 016 | Step 310 | lr=1.464466e-04 | loss=0.000077
Epoch 016 | Step 320 | lr=1.464466e-04 | loss=0.000075
Epoch 016 | Step 330 | lr=1.464466e-04 | loss=0.000077
Epoch 016 | Step 340 | lr=1.464466e-04 | loss=0.000079
Epoch 016 | Step 350 | lr=1.464466e-04 | loss=0.000077
Epoch 016 | Step 360 | lr=1.464466e-04 | loss=0.000080
Epoch 016 | Step 370 | lr=1.464466e-04 | loss=0.000079
Epoch 016 | Step 380 | lr=1.464466e-04 | loss=0.000077
Epoch 016 | Step 390 | lr=1.464466e-04 | loss=0.000078
Epoch 016 | Step 400 | lr=1.464466e-04 | loss=0.000076
Epoch 016 | Step 410 | lr=1.464466e-04 | loss=0.000075
Epoch 016 | Step 420 | lr=1.464466e-04 | loss=0.000079
Epoch 016 | Step 430 | lr=1.464466e-04 | loss=0.000077
Epoch 016 | Step 440 | lr=1.464466e-04 | loss=0.000077
Epoch 016 | Step 450 | lr=1.464466e-04 | loss=0.000076
Epoch 016 | Step 460 | lr=1.464466e-04 | loss=0.000075
Epoch 016 | Step 470 | lr=1.464466e-04 | loss=0.000079
Epoch 016 | Step 480 | lr=1.464466e-04 | loss=0.000076
Epoch 016 | Step 490 | lr=1.464466e-04 | loss=0.000079
Epoch 016 | Step 500 | lr=1.464466e-04 | loss=0.000080
Epoch 016 | Step 510 | lr=1.464466e-04 | loss=0.000076
Epoch 016 | Step 520 | lr=1.464466e-04 | loss=0.000075
Epoch 016 | Step 530 | lr=1.464466e-04 | loss=0.000081
Epoch 016 | Step 540 | lr=1.464466e-04 | loss=0.000076
Epoch 016 | Step 550 | lr=1.464466e-04 | loss=0.000074
Epoch 016 | Step 560 | lr=1.464466e-04 | loss=0.000080
Epoch 016 | Step 570 | lr=1.464466e-04 | loss=0.000078
Epoch 016 | Step 580 | lr=1.464466e-04 | loss=0.000078
Epoch 016 | Step 590 | lr=1.464466e-04 | loss=0.000078
Epoch 016 | Step 600 | lr=1.464466e-04 | loss=0.000077
Epoch 016 | Step 610 | lr=1.464466e-04 | loss=0.000078
Epoch 016 | Step 620 | lr=1.464466e-04 | loss=0.000076
Epoch 016 | Step 630 | lr=1.464466e-04 | loss=0.000079
Epoch 016 | Step 640 | lr=1.464466e-04 | loss=0.000077
Epoch 016 | Step 650 | lr=1.464466e-04 | loss=0.000077
Epoch 016 | Step 660 | lr=1.464466e-04 | loss=0.000078
Epoch 016 | Step 670 | lr=1.464466e-04 | loss=0.000077
Epoch 016 | Step 680 | lr=1.464466e-04 | loss=0.000075
Epoch 016 | Step 690 | lr=1.464466e-04 | loss=0.000076
Epoch 016 | Step 700 | lr=1.464466e-04 | loss=0.000076
Epoch 016 | Step 710 | lr=1.464466e-04 | loss=0.000077
Epoch 016 | Step 720 | lr=1.464466e-04 | loss=0.000075
Epoch 016 | Step 730 | lr=1.464466e-04 | loss=0.000074
Epoch 016 | Step 740 | lr=1.464466e-04 | loss=0.000076
Epoch 016 | Step 750 | lr=1.464466e-04 | loss=0.000077
Epoch 016 | Step 760 | lr=1.464466e-04 | loss=0.000078
Epoch 016 | Step 770 | lr=1.464466e-04 | loss=0.000078
Epoch 016 | Step 780 | lr=1.464466e-04 | loss=0.000078
Epoch 016 | Step 790 | lr=1.464466e-04 | loss=0.000080
Epoch 016 | Step 800 | lr=1.464466e-04 | loss=0.000077
Epoch 016 | Step 810 | lr=1.464466e-04 | loss=0.000081
Epoch 016 | Step 820 | lr=1.464466e-04 | loss=0.000075
Epoch 016 | Step 830 | lr=1.464466e-04 | loss=0.000077
Epoch 016 | Step 840 | lr=1.464466e-04 | loss=0.000077
Epoch 016 | Step 850 | lr=1.464466e-04 | loss=0.000078
Epoch 016 | Step 860 | lr=1.464466e-04 | loss=0.000082
Epoch 016 | Step 870 | lr=1.464466e-04 | loss=0.000079
Epoch 016 | Step 880 | lr=1.464466e-04 | loss=0.000077
Epoch 016 | Step 890 | lr=1.464466e-04 | loss=0.000079
Epoch 016 | Step 900 | lr=1.464466e-04 | loss=0.000079
Epoch 016 | Step 910 | lr=1.464466e-04 | loss=0.000078
Epoch 016 | Step 920 | lr=1.464466e-04 | loss=0.000077
Epoch 016 | Step 930 | lr=1.464466e-04 | loss=0.000080
Epoch 016 | Step 940 | lr=1.464466e-04 | loss=0.000085
Epoch 016 | Step 950 | lr=1.464466e-04 | loss=0.000082
Epoch 016 | Step 960 | lr=1.464466e-04 | loss=0.000081
epoch 016 | train_kld=0.000078 | val_kld=0.000078 | val_mae=0.002581 | val_mse=0.000078 | ord_acc@10=0.3224 | recall@10=0.8297
Epoch 017 | Step 10 | lr=9.549150e-05 | loss=0.000077
Epoch 017 | Step 20 | lr=9.549150e-05 | loss=0.000077
Epoch 017 | Step 30 | lr=9.549150e-05 | loss=0.000074
Epoch 017 | Step 40 | lr=9.549150e-05 | loss=0.000077
Epoch 017 | Step 50 | lr=9.549150e-05 | loss=0.000077
Epoch 017 | Step 60 | lr=9.549150e-05 | loss=0.000076
Epoch 017 | Step 70 | lr=9.549150e-05 | loss=0.000075
Epoch 017 | Step 80 | lr=9.549150e-05 | loss=0.000077
Epoch 017 | Step 90 | lr=9.549150e-05 | loss=0.000077
Epoch 017 | Step 100 | lr=9.549150e-05 | loss=0.000072
Epoch 017 | Step 110 | lr=9.549150e-05 | loss=0.000073
Epoch 017 | Step 120 | lr=9.549150e-05 | loss=0.000080
Epoch 017 | Step 130 | lr=9.549150e-05 | loss=0.000074
Epoch 017 | Step 140 | lr=9.549150e-05 | loss=0.000074
Epoch 017 | Step 150 | lr=9.549150e-05 | loss=0.000078
Epoch 017 | Step 160 | lr=9.549150e-05 | loss=0.000076
Epoch 017 | Step 170 | lr=9.549150e-05 | loss=0.000074
Epoch 017 | Step 180 | lr=9.549150e-05 | loss=0.000076
Epoch 017 | Step 190 | lr=9.549150e-05 | loss=0.000076
Epoch 017 | Step 200 | lr=9.549150e-05 | loss=0.000076
Epoch 017 | Step 210 | lr=9.549150e-05 | loss=0.000073
Epoch 017 | Step 220 | lr=9.549150e-05 | loss=0.000074
Epoch 017 | Step 230 | lr=9.549150e-05 | loss=0.000078
Epoch 017 | Step 240 | lr=9.549150e-05 | loss=0.000075
Epoch 017 | Step 250 | lr=9.549150e-05 | loss=0.000077
Epoch 017 | Step 260 | lr=9.549150e-05 | loss=0.000076
Epoch 017 | Step 270 | lr=9.549150e-05 | loss=0.000077
Epoch 017 | Step 280 | lr=9.549150e-05 | loss=0.000076
Epoch 017 | Step 290 | lr=9.549150e-05 | loss=0.000075
Epoch 017 | Step 300 | lr=9.549150e-05 | loss=0.000080
Epoch 017 | Step 310 | lr=9.549150e-05 | loss=0.000076
Epoch 017 | Step 320 | lr=9.549150e-05 | loss=0.000079
Epoch 017 | Step 330 | lr=9.549150e-05 | loss=0.000072
Epoch 017 | Step 340 | lr=9.549150e-05 | loss=0.000077
Epoch 017 | Step 350 | lr=9.549150e-05 | loss=0.000073
Epoch 017 | Step 360 | lr=9.549150e-05 | loss=0.000077
Epoch 017 | Step 370 | lr=9.549150e-05 | loss=0.000074
Epoch 017 | Step 380 | lr=9.549150e-05 | loss=0.000079
Epoch 017 | Step 390 | lr=9.549150e-05 | loss=0.000074
Epoch 017 | Step 400 | lr=9.549150e-05 | loss=0.000078
Epoch 017 | Step 410 | lr=9.549150e-05 | loss=0.000077
Epoch 017 | Step 420 | lr=9.549150e-05 | loss=0.000073
Epoch 017 | Step 430 | lr=9.549150e-05 | loss=0.000078
Epoch 017 | Step 440 | lr=9.549150e-05 | loss=0.000072
Epoch 017 | Step 450 | lr=9.549150e-05 | loss=0.000074
Epoch 017 | Step 460 | lr=9.549150e-05 | loss=0.000077
Epoch 017 | Step 470 | lr=9.549150e-05 | loss=0.000075
Epoch 017 | Step 480 | lr=9.549150e-05 | loss=0.000075
Epoch 017 | Step 490 | lr=9.549150e-05 | loss=0.000077
Epoch 017 | Step 500 | lr=9.549150e-05 | loss=0.000073
Epoch 017 | Step 510 | lr=9.549150e-05 | loss=0.000076
Epoch 017 | Step 520 | lr=9.549150e-05 | loss=0.000078
Epoch 017 | Step 530 | lr=9.549150e-05 | loss=0.000076
Epoch 017 | Step 540 | lr=9.549150e-05 | loss=0.000078
Epoch 017 | Step 550 | lr=9.549150e-05 | loss=0.000077
Epoch 017 | Step 560 | lr=9.549150e-05 | loss=0.000073
Epoch 017 | Step 570 | lr=9.549150e-05 | loss=0.000079
Epoch 017 | Step 580 | lr=9.549150e-05 | loss=0.000077
Epoch 017 | Step 590 | lr=9.549150e-05 | loss=0.000075
Epoch 017 | Step 600 | lr=9.549150e-05 | loss=0.000078
Epoch 017 | Step 610 | lr=9.549150e-05 | loss=0.000075
Epoch 017 | Step 620 | lr=9.549150e-05 | loss=0.000075
Epoch 017 | Step 630 | lr=9.549150e-05 | loss=0.000079
Epoch 017 | Step 640 | lr=9.549150e-05 | loss=0.000076
Epoch 017 | Step 650 | lr=9.549150e-05 | loss=0.000076
Epoch 017 | Step 660 | lr=9.549150e-05 | loss=0.000078
Epoch 017 | Step 670 | lr=9.549150e-05 | loss=0.000073
Epoch 017 | Step 680 | lr=9.549150e-05 | loss=0.000075
Epoch 017 | Step 690 | lr=9.549150e-05 | loss=0.000075
Epoch 017 | Step 700 | lr=9.549150e-05 | loss=0.000073
Epoch 017 | Step 710 | lr=9.549150e-05 | loss=0.000075
Epoch 017 | Step 720 | lr=9.549150e-05 | loss=0.000075
Epoch 017 | Step 730 | lr=9.549150e-05 | loss=0.000076
Epoch 017 | Step 740 | lr=9.549150e-05 | loss=0.000075
Epoch 017 | Step 750 | lr=9.549150e-05 | loss=0.000082
Epoch 017 | Step 760 | lr=9.549150e-05 | loss=0.000072
Epoch 017 | Step 770 | lr=9.549150e-05 | loss=0.000075
Epoch 017 | Step 780 | lr=9.549150e-05 | loss=0.000075
Epoch 017 | Step 790 | lr=9.549150e-05 | loss=0.000076
Epoch 017 | Step 800 | lr=9.549150e-05 | loss=0.000079
Epoch 017 | Step 810 | lr=9.549150e-05 | loss=0.000073
Epoch 017 | Step 820 | lr=9.549150e-05 | loss=0.000073
Epoch 017 | Step 830 | lr=9.549150e-05 | loss=0.000076
Epoch 017 | Step 840 | lr=9.549150e-05 | loss=0.000074
Epoch 017 | Step 850 | lr=9.549150e-05 | loss=0.000078
Epoch 017 | Step 860 | lr=9.549150e-05 | loss=0.000075
Epoch 017 | Step 870 | lr=9.549150e-05 | loss=0.000075
Epoch 017 | Step 880 | lr=9.549150e-05 | loss=0.000076
Epoch 017 | Step 890 | lr=9.549150e-05 | loss=0.000074
Epoch 017 | Step 900 | lr=9.549150e-05 | loss=0.000079
Epoch 017 | Step 910 | lr=9.549150e-05 | loss=0.000074
Epoch 017 | Step 920 | lr=9.549150e-05 | loss=0.000076
Epoch 017 | Step 930 | lr=9.549150e-05 | loss=0.000076
Epoch 017 | Step 940 | lr=9.549150e-05 | loss=0.000075
Epoch 017 | Step 950 | lr=9.549150e-05 | loss=0.000077
Epoch 017 | Step 960 | lr=9.549150e-05 | loss=0.000091
epoch 017 | train_kld=0.000076 | val_kld=0.000076 | val_mae=0.002563 | val_mse=0.000076 | ord_acc@10=0.3238 | recall@10=0.8298
Epoch 018 | Step 10 | lr=5.449674e-05 | loss=0.000077
Epoch 018 | Step 20 | lr=5.449674e-05 | loss=0.000075
Epoch 018 | Step 30 | lr=5.449674e-05 | loss=0.000072
Epoch 018 | Step 40 | lr=5.449674e-05 | loss=0.000072
Epoch 018 | Step 50 | lr=5.449674e-05 | loss=0.000073
Epoch 018 | Step 60 | lr=5.449674e-05 | loss=0.000073
Epoch 018 | Step 70 | lr=5.449674e-05 | loss=0.000075
Epoch 018 | Step 80 | lr=5.449674e-05 | loss=0.000075
Epoch 018 | Step 90 | lr=5.449674e-05 | loss=0.000076
Epoch 018 | Step 100 | lr=5.449674e-05 | loss=0.000072
Epoch 018 | Step 110 | lr=5.449674e-05 | loss=0.000072
Epoch 018 | Step 120 | lr=5.449674e-05 | loss=0.000080
Epoch 018 | Step 130 | lr=5.449674e-05 | loss=0.000073
Epoch 018 | Step 140 | lr=5.449674e-05 | loss=0.000076
Epoch 018 | Step 150 | lr=5.449674e-05 | loss=0.000075
Epoch 018 | Step 160 | lr=5.449674e-05 | loss=0.000073
Epoch 018 | Step 170 | lr=5.449674e-05 | loss=0.000074
Epoch 018 | Step 180 | lr=5.449674e-05 | loss=0.000073
Epoch 018 | Step 190 | lr=5.449674e-05 | loss=0.000074
Epoch 018 | Step 200 | lr=5.449674e-05 | loss=0.000071
Epoch 018 | Step 210 | lr=5.449674e-05 | loss=0.000079
Epoch 018 | Step 220 | lr=5.449674e-05 | loss=0.000072
Epoch 018 | Step 230 | lr=5.449674e-05 | loss=0.000077
Epoch 018 | Step 240 | lr=5.449674e-05 | loss=0.000074
Epoch 018 | Step 250 | lr=5.449674e-05 | loss=0.000070
Epoch 018 | Step 260 | lr=5.449674e-05 | loss=0.000074
Epoch 018 | Step 270 | lr=5.449674e-05 | loss=0.000072
Epoch 018 | Step 280 | lr=5.449674e-05 | loss=0.000084
Epoch 018 | Step 290 | lr=5.449674e-05 | loss=0.000074
Epoch 018 | Step 300 | lr=5.449674e-05 | loss=0.000075
Epoch 018 | Step 310 | lr=5.449674e-05 | loss=0.000076
Epoch 018 | Step 320 | lr=5.449674e-05 | loss=0.000074
Epoch 018 | Step 330 | lr=5.449674e-05 | loss=0.000073
Epoch 018 | Step 340 | lr=5.449674e-05 | loss=0.000074
Epoch 018 | Step 350 | lr=5.449674e-05 | loss=0.000077
Epoch 018 | Step 360 | lr=5.449674e-05 | loss=0.000073
Epoch 018 | Step 370 | lr=5.449674e-05 | loss=0.000074
Epoch 018 | Step 380 | lr=5.449674e-05 | loss=0.000074
Epoch 018 | Step 390 | lr=5.449674e-05 | loss=0.000073
Epoch 018 | Step 400 | lr=5.449674e-05 | loss=0.000077
Epoch 018 | Step 410 | lr=5.449674e-05 | loss=0.000072
Epoch 018 | Step 420 | lr=5.449674e-05 | loss=0.000075
Epoch 018 | Step 430 | lr=5.449674e-05 | loss=0.000075
Epoch 018 | Step 440 | lr=5.449674e-05 | loss=0.000074
Epoch 018 | Step 450 | lr=5.449674e-05 | loss=0.000073
Epoch 018 | Step 460 | lr=5.449674e-05 | loss=0.000075
Epoch 018 | Step 470 | lr=5.449674e-05 | loss=0.000077
Epoch 018 | Step 480 | lr=5.449674e-05 | loss=0.000074
Epoch 018 | Step 490 | lr=5.449674e-05 | loss=0.000072
Epoch 018 | Step 500 | lr=5.449674e-05 | loss=0.000072
Epoch 018 | Step 510 | lr=5.449674e-05 | loss=0.000074
Epoch 018 | Step 520 | lr=5.449674e-05 | loss=0.000076
Epoch 018 | Step 530 | lr=5.449674e-05 | loss=0.000068
Epoch 018 | Step 540 | lr=5.449674e-05 | loss=0.000070
Epoch 018 | Step 550 | lr=5.449674e-05 | loss=0.000073
Epoch 018 | Step 560 | lr=5.449674e-05 | loss=0.000073
Epoch 018 | Step 570 | lr=5.449674e-05 | loss=0.000070
Epoch 018 | Step 580 | lr=5.449674e-05 | loss=0.000075
Epoch 018 | Step 590 | lr=5.449674e-05 | loss=0.000080
Epoch 018 | Step 600 | lr=5.449674e-05 | loss=0.000074
Epoch 018 | Step 610 | lr=5.449674e-05 | loss=0.000074
Epoch 018 | Step 620 | lr=5.449674e-05 | loss=0.000071
Epoch 018 | Step 630 | lr=5.449674e-05 | loss=0.000074
Epoch 018 | Step 640 | lr=5.449674e-05 | loss=0.000075
Epoch 018 | Step 650 | lr=5.449674e-05 | loss=0.000078
Epoch 018 | Step 660 | lr=5.449674e-05 | loss=0.000074
Epoch 018 | Step 670 | lr=5.449674e-05 | loss=0.000075
Epoch 018 | Step 680 | lr=5.449674e-05 | loss=0.000076
Epoch 018 | Step 690 | lr=5.449674e-05 | loss=0.000074
Epoch 018 | Step 700 | lr=5.449674e-05 | loss=0.000077
Epoch 018 | Step 710 | lr=5.449674e-05 | loss=0.000079
Epoch 018 | Step 720 | lr=5.449674e-05 | loss=0.000073
Epoch 018 | Step 730 | lr=5.449674e-05 | loss=0.000077
Epoch 018 | Step 740 | lr=5.449674e-05 | loss=0.000077
Epoch 018 | Step 750 | lr=5.449674e-05 | loss=0.000074
Epoch 018 | Step 760 | lr=5.449674e-05 | loss=0.000073
Epoch 018 | Step 770 | lr=5.449674e-05 | loss=0.000072
Epoch 018 | Step 780 | lr=5.449674e-05 | loss=0.000073
Epoch 018 | Step 790 | lr=5.449674e-05 | loss=0.000077
Epoch 018 | Step 800 | lr=5.449674e-05 | loss=0.000075
Epoch 018 | Step 810 | lr=5.449674e-05 | loss=0.000076
Epoch 018 | Step 820 | lr=5.449674e-05 | loss=0.000071
Epoch 018 | Step 830 | lr=5.449674e-05 | loss=0.000074
Epoch 018 | Step 840 | lr=5.449674e-05 | loss=0.000076
Epoch 018 | Step 850 | lr=5.449674e-05 | loss=0.000074
Epoch 018 | Step 860 | lr=5.449674e-05 | loss=0.000075
Epoch 018 | Step 870 | lr=5.449674e-05 | loss=0.000077
Epoch 018 | Step 880 | lr=5.449674e-05 | loss=0.000072
Epoch 018 | Step 890 | lr=5.449674e-05 | loss=0.000074
Epoch 018 | Step 900 | lr=5.449674e-05 | loss=0.000075
Epoch 018 | Step 910 | lr=5.449674e-05 | loss=0.000075
Epoch 018 | Step 920 | lr=5.449674e-05 | loss=0.000075
Epoch 018 | Step 930 | lr=5.449674e-05 | loss=0.000073
Epoch 018 | Step 940 | lr=5.449674e-05 | loss=0.000073
Epoch 018 | Step 950 | lr=5.449674e-05 | loss=0.000073
Epoch 018 | Step 960 | lr=5.449674e-05 | loss=0.000074
epoch 018 | train_kld=0.000074 | val_kld=0.000075 | val_mae=0.002550 | val_mse=0.000075 | ord_acc@10=0.3250 | recall@10=0.8304
Epoch 019 | Step 10 | lr=2.447174e-05 | loss=0.000073
Epoch 019 | Step 20 | lr=2.447174e-05 | loss=0.000072
Epoch 019 | Step 30 | lr=2.447174e-05 | loss=0.000072
Epoch 019 | Step 40 | lr=2.447174e-05 | loss=0.000074
Epoch 019 | Step 50 | lr=2.447174e-05 | loss=0.000072
Epoch 019 | Step 60 | lr=2.447174e-05 | loss=0.000073
Epoch 019 | Step 70 | lr=2.447174e-05 | loss=0.000075
Epoch 019 | Step 80 | lr=2.447174e-05 | loss=0.000072
Epoch 019 | Step 90 | lr=2.447174e-05 | loss=0.000073
Epoch 019 | Step 100 | lr=2.447174e-05 | loss=0.000074
Epoch 019 | Step 110 | lr=2.447174e-05 | loss=0.000073
Epoch 019 | Step 120 | lr=2.447174e-05 | loss=0.000078
Epoch 019 | Step 130 | lr=2.447174e-05 | loss=0.000073
Epoch 019 | Step 140 | lr=2.447174e-05 | loss=0.000073
Epoch 019 | Step 150 | lr=2.447174e-05 | loss=0.000069
Epoch 019 | Step 160 | lr=2.447174e-05 | loss=0.000072
Epoch 019 | Step 170 | lr=2.447174e-05 | loss=0.000071
Epoch 019 | Step 180 | lr=2.447174e-05 | loss=0.000072
Epoch 019 | Step 190 | lr=2.447174e-05 | loss=0.000071
Epoch 019 | Step 200 | lr=2.447174e-05 | loss=0.000074
Epoch 019 | Step 210 | lr=2.447174e-05 | loss=0.000071
Epoch 019 | Step 220 | lr=2.447174e-05 | loss=0.000074
Epoch 019 | Step 230 | lr=2.447174e-05 | loss=0.000071
Epoch 019 | Step 240 | lr=2.447174e-05 | loss=0.000075
Epoch 019 | Step 250 | lr=2.447174e-05 | loss=0.000073
Epoch 019 | Step 260 | lr=2.447174e-05 | loss=0.000076
Epoch 019 | Step 270 | lr=2.447174e-05 | loss=0.000073
Epoch 019 | Step 280 | lr=2.447174e-05 | loss=0.000074
Epoch 019 | Step 290 | lr=2.447174e-05 | loss=0.000070
Epoch 019 | Step 300 | lr=2.447174e-05 | loss=0.000075
Epoch 019 | Step 310 | lr=2.447174e-05 | loss=0.000073
Epoch 019 | Step 320 | lr=2.447174e-05 | loss=0.000073
Epoch 019 | Step 330 | lr=2.447174e-05 | loss=0.000072
Epoch 019 | Step 340 | lr=2.447174e-05 | loss=0.000075
Epoch 019 | Step 350 | lr=2.447174e-05 | loss=0.000072
Epoch 019 | Step 360 | lr=2.447174e-05 | loss=0.000077
Epoch 019 | Step 370 | lr=2.447174e-05 | loss=0.000077
Epoch 019 | Step 380 | lr=2.447174e-05 | loss=0.000074
Epoch 019 | Step 390 | lr=2.447174e-05 | loss=0.000075
Epoch 019 | Step 400 | lr=2.447174e-05 | loss=0.000074
Epoch 019 | Step 410 | lr=2.447174e-05 | loss=0.000071
Epoch 019 | Step 420 | lr=2.447174e-05 | loss=0.000073
Epoch 019 | Step 430 | lr=2.447174e-05 | loss=0.000072
Epoch 019 | Step 440 | lr=2.447174e-05 | loss=0.000076
Epoch 019 | Step 450 | lr=2.447174e-05 | loss=0.000069
Epoch 019 | Step 460 | lr=2.447174e-05 | loss=0.000070
Epoch 019 | Step 470 | lr=2.447174e-05 | loss=0.000073
Epoch 019 | Step 480 | lr=2.447174e-05 | loss=0.000072
Epoch 019 | Step 490 | lr=2.447174e-05 | loss=0.000076
Epoch 019 | Step 500 | lr=2.447174e-05 | loss=0.000075
Epoch 019 | Step 510 | lr=2.447174e-05 | loss=0.000073
Epoch 019 | Step 520 | lr=2.447174e-05 | loss=0.000072
Epoch 019 | Step 530 | lr=2.447174e-05 | loss=0.000072
Epoch 019 | Step 540 | lr=2.447174e-05 | loss=0.000072
Epoch 019 | Step 550 | lr=2.447174e-05 | loss=0.000077
Epoch 019 | Step 560 | lr=2.447174e-05 | loss=0.000073
Epoch 019 | Step 570 | lr=2.447174e-05 | loss=0.000073
Epoch 019 | Step 580 | lr=2.447174e-05 | loss=0.000071
Epoch 019 | Step 590 | lr=2.447174e-05 | loss=0.000073
Epoch 019 | Step 600 | lr=2.447174e-05 | loss=0.000071
Epoch 019 | Step 610 | lr=2.447174e-05 | loss=0.000070
Epoch 019 | Step 620 | lr=2.447174e-05 | loss=0.000072
Epoch 019 | Step 630 | lr=2.447174e-05 | loss=0.000072
Epoch 019 | Step 640 | lr=2.447174e-05 | loss=0.000075
Epoch 019 | Step 650 | lr=2.447174e-05 | loss=0.000074
Epoch 019 | Step 660 | lr=2.447174e-05 | loss=0.000073
Epoch 019 | Step 670 | lr=2.447174e-05 | loss=0.000070
Epoch 019 | Step 680 | lr=2.447174e-05 | loss=0.000073
Epoch 019 | Step 690 | lr=2.447174e-05 | loss=0.000074
Epoch 019 | Step 700 | lr=2.447174e-05 | loss=0.000078
Epoch 019 | Step 710 | lr=2.447174e-05 | loss=0.000076
Epoch 019 | Step 720 | lr=2.447174e-05 | loss=0.000075
Epoch 019 | Step 730 | lr=2.447174e-05 | loss=0.000075
Epoch 019 | Step 740 | lr=2.447174e-05 | loss=0.000073
Epoch 019 | Step 750 | lr=2.447174e-05 | loss=0.000073
Epoch 019 | Step 760 | lr=2.447174e-05 | loss=0.000075
Epoch 019 | Step 770 | lr=2.447174e-05 | loss=0.000074
Epoch 019 | Step 780 | lr=2.447174e-05 | loss=0.000073
Epoch 019 | Step 790 | lr=2.447174e-05 | loss=0.000071
Epoch 019 | Step 800 | lr=2.447174e-05 | loss=0.000074
Epoch 019 | Step 810 | lr=2.447174e-05 | loss=0.000072
Epoch 019 | Step 820 | lr=2.447174e-05 | loss=0.000072
Epoch 019 | Step 830 | lr=2.447174e-05 | loss=0.000075
Epoch 019 | Step 840 | lr=2.447174e-05 | loss=0.000074
Epoch 019 | Step 850 | lr=2.447174e-05 | loss=0.000073
Epoch 019 | Step 860 | lr=2.447174e-05 | loss=0.000074
Epoch 019 | Step 870 | lr=2.447174e-05 | loss=0.000074
Epoch 019 | Step 880 | lr=2.447174e-05 | loss=0.000072
Epoch 019 | Step 890 | lr=2.447174e-05 | loss=0.000075
Epoch 019 | Step 900 | lr=2.447174e-05 | loss=0.000071
Epoch 019 | Step 910 | lr=2.447174e-05 | loss=0.000071
Epoch 019 | Step 920 | lr=2.447174e-05 | loss=0.000074
Epoch 019 | Step 930 | lr=2.447174e-05 | loss=0.000072
Epoch 019 | Step 940 | lr=2.447174e-05 | loss=0.000074
Epoch 019 | Step 950 | lr=2.447174e-05 | loss=0.000072
Epoch 019 | Step 960 | lr=2.447174e-05 | loss=0.000074
epoch 019 | train_kld=0.000073 | val_kld=0.000075 | val_mae=0.002538 | val_mse=0.000075 | ord_acc@10=0.3269 | recall@10=0.8311
Epoch 020 | Step 10 | lr=6.155830e-06 | loss=0.000070
Epoch 020 | Step 20 | lr=6.155830e-06 | loss=0.000071
Epoch 020 | Step 30 | lr=6.155830e-06 | loss=0.000066
Epoch 020 | Step 40 | lr=6.155830e-06 | loss=0.000073
Epoch 020 | Step 50 | lr=6.155830e-06 | loss=0.000070
Epoch 020 | Step 60 | lr=6.155830e-06 | loss=0.000071
Epoch 020 | Step 70 | lr=6.155830e-06 | loss=0.000071
Epoch 020 | Step 80 | lr=6.155830e-06 | loss=0.000073
Epoch 020 | Step 90 | lr=6.155830e-06 | loss=0.000070
Epoch 020 | Step 100 | lr=6.155830e-06 | loss=0.000074
Epoch 020 | Step 110 | lr=6.155830e-06 | loss=0.000070
Epoch 020 | Step 120 | lr=6.155830e-06 | loss=0.000070
Epoch 020 | Step 130 | lr=6.155830e-06 | loss=0.000074
Epoch 020 | Step 140 | lr=6.155830e-06 | loss=0.000072
Epoch 020 | Step 150 | lr=6.155830e-06 | loss=0.000071
Epoch 020 | Step 160 | lr=6.155830e-06 | loss=0.000074
Epoch 020 | Step 170 | lr=6.155830e-06 | loss=0.000072
Epoch 020 | Step 180 | lr=6.155830e-06 | loss=0.000071
Epoch 020 | Step 190 | lr=6.155830e-06 | loss=0.000073
Epoch 020 | Step 200 | lr=6.155830e-06 | loss=0.000075
Epoch 020 | Step 210 | lr=6.155830e-06 | loss=0.000073
Epoch 020 | Step 220 | lr=6.155830e-06 | loss=0.000071
Epoch 020 | Step 230 | lr=6.155830e-06 | loss=0.000074
Epoch 020 | Step 240 | lr=6.155830e-06 | loss=0.000070
Epoch 020 | Step 250 | lr=6.155830e-06 | loss=0.000073
Epoch 020 | Step 260 | lr=6.155830e-06 | loss=0.000070
Epoch 020 | Step 270 | lr=6.155830e-06 | loss=0.000071
Epoch 020 | Step 280 | lr=6.155830e-06 | loss=0.000071
Epoch 020 | Step 290 | lr=6.155830e-06 | loss=0.000075
Epoch 020 | Step 300 | lr=6.155830e-06 | loss=0.000069
Epoch 020 | Step 310 | lr=6.155830e-06 | loss=0.000071
Epoch 020 | Step 320 | lr=6.155830e-06 | loss=0.000074
Epoch 020 | Step 330 | lr=6.155830e-06 | loss=0.000071
Epoch 020 | Step 340 | lr=6.155830e-06 | loss=0.000069
Epoch 020 | Step 350 | lr=6.155830e-06 | loss=0.000072
Epoch 020 | Step 360 | lr=6.155830e-06 | loss=0.000070
Epoch 020 | Step 370 | lr=6.155830e-06 | loss=0.000074
Epoch 020 | Step 380 | lr=6.155830e-06 | loss=0.000071
Epoch 020 | Step 390 | lr=6.155830e-06 | loss=0.000073
Epoch 020 | Step 400 | lr=6.155830e-06 | loss=0.000072
Epoch 020 | Step 410 | lr=6.155830e-06 | loss=0.000073
Epoch 020 | Step 420 | lr=6.155830e-06 | loss=0.000073
Epoch 020 | Step 430 | lr=6.155830e-06 | loss=0.000076
Epoch 020 | Step 440 | lr=6.155830e-06 | loss=0.000075
Epoch 020 | Step 450 | lr=6.155830e-06 | loss=0.000071
Epoch 020 | Step 460 | lr=6.155830e-06 | loss=0.000068
Epoch 020 | Step 470 | lr=6.155830e-06 | loss=0.000072
Epoch 020 | Step 480 | lr=6.155830e-06 | loss=0.000075
Epoch 020 | Step 490 | lr=6.155830e-06 | loss=0.000070
Epoch 020 | Step 500 | lr=6.155830e-06 | loss=0.000071
Epoch 020 | Step 510 | lr=6.155830e-06 | loss=0.000075
Epoch 020 | Step 520 | lr=6.155830e-06 | loss=0.000073
Epoch 020 | Step 530 | lr=6.155830e-06 | loss=0.000073
Epoch 020 | Step 540 | lr=6.155830e-06 | loss=0.000069
Epoch 020 | Step 550 | lr=6.155830e-06 | loss=0.000074
Epoch 020 | Step 560 | lr=6.155830e-06 | loss=0.000071
Epoch 020 | Step 570 | lr=6.155830e-06 | loss=0.000071
Epoch 020 | Step 580 | lr=6.155830e-06 | loss=0.000075
Epoch 020 | Step 590 | lr=6.155830e-06 | loss=0.000074
Epoch 020 | Step 600 | lr=6.155830e-06 | loss=0.000073
Epoch 020 | Step 610 | lr=6.155830e-06 | loss=0.000075
Epoch 020 | Step 620 | lr=6.155830e-06 | loss=0.000072
Epoch 020 | Step 630 | lr=6.155830e-06 | loss=0.000074
Epoch 020 | Step 640 | lr=6.155830e-06 | loss=0.000074
Epoch 020 | Step 650 | lr=6.155830e-06 | loss=0.000073
Epoch 020 | Step 660 | lr=6.155830e-06 | loss=0.000072
Epoch 020 | Step 670 | lr=6.155830e-06 | loss=0.000071
Epoch 020 | Step 680 | lr=6.155830e-06 | loss=0.000075
Epoch 020 | Step 690 | lr=6.155830e-06 | loss=0.000074
Epoch 020 | Step 700 | lr=6.155830e-06 | loss=0.000070
Epoch 020 | Step 710 | lr=6.155830e-06 | loss=0.000078
Epoch 020 | Step 720 | lr=6.155830e-06 | loss=0.000073
Epoch 020 | Step 730 | lr=6.155830e-06 | loss=0.000068
Epoch 020 | Step 740 | lr=6.155830e-06 | loss=0.000070
Epoch 020 | Step 750 | lr=6.155830e-06 | loss=0.000072
Epoch 020 | Step 760 | lr=6.155830e-06 | loss=0.000069
Epoch 020 | Step 770 | lr=6.155830e-06 | loss=0.000070
Epoch 020 | Step 780 | lr=6.155830e-06 | loss=0.000073
Epoch 020 | Step 790 | lr=6.155830e-06 | loss=0.000072
Epoch 020 | Step 800 | lr=6.155830e-06 | loss=0.000074
Epoch 020 | Step 810 | lr=6.155830e-06 | loss=0.000075
Epoch 020 | Step 820 | lr=6.155830e-06 | loss=0.000075
Epoch 020 | Step 830 | lr=6.155830e-06 | loss=0.000078
Epoch 020 | Step 840 | lr=6.155830e-06 | loss=0.000073
Epoch 020 | Step 850 | lr=6.155830e-06 | loss=0.000075
Epoch 020 | Step 860 | lr=6.155830e-06 | loss=0.000075
Epoch 020 | Step 870 | lr=6.155830e-06 | loss=0.000074
Epoch 020 | Step 880 | lr=6.155830e-06 | loss=0.000077
Epoch 020 | Step 890 | lr=6.155830e-06 | loss=0.000070
Epoch 020 | Step 900 | lr=6.155830e-06 | loss=0.000076
Epoch 020 | Step 910 | lr=6.155830e-06 | loss=0.000073
Epoch 020 | Step 920 | lr=6.155830e-06 | loss=0.000072
Epoch 020 | Step 930 | lr=6.155830e-06 | loss=0.000075
Epoch 020 | Step 940 | lr=6.155830e-06 | loss=0.000073
Epoch 020 | Step 950 | lr=6.155830e-06 | loss=0.000075
Epoch 020 | Step 960 | lr=6.155830e-06 | loss=0.000071
/mnt/hdd/xln/PycharmProjects/PredictLeafNode/src/model/cluster_dist_transformer_original.py:844: FutureWarning: You are using `torch.load` with `weights_only=False` (the current default value), which uses the default pickle module implicitly. It is possible to construct malicious pickle data which will execute arbitrary code during unpickling (See https://github.com/pytorch/pytorch/blob/main/SECURITY.md#untrusted-models for more details). In a future release, the default value for `weights_only` will be flipped to `True`. This limits the functions that could be executed during unpickling. Arbitrary objects will no longer be allowed to be loaded via this mode unless they are explicitly allowlisted by the user via `torch.serialization.add_safe_globals`. We recommend you start setting `weights_only=True` for any use case where you don't have full control of the loaded file. Please open an issue on GitHub for any issues related to this experimental feature.
  ckpt = torch.load(best_path, map_location=device)
epoch 020 | train_kld=0.000073 | val_kld=0.000074 | val_mae=0.002540 | val_mse=0.000074 | ord_acc@10=0.3267 | recall@10=0.8316
Saved epoch 1 batch metrics plot to input/Training_data/gist1M_learn/leafsize20K/C_model_d256_L4_H8_ff512_topk10_bs512_ep20_lr0.001_wd0.01_bilinear_normalizeTrue_posTrue_gatingFalse_loss_typemse_use_type_embedTrue/model_d256_L4_H8_ff512_topk10_bs512_ep20_lr0.001_wd0.01_bilinear_normalizeTrue_posTrue_gatingFalse_loss_typemse_use_type_embedTrue_epoch1_batch_metrics@10.png
Saved epoch metrics plot to input/Training_data/gist1M_learn/leafsize20K/C_model_d256_L4_H8_ff512_topk10_bs512_ep20_lr0.001_wd0.01_bilinear_normalizeTrue_posTrue_gatingFalse_loss_typemse_use_type_embedTrue/model_d256_L4_H8_ff512_topk10_bs512_ep20_lr0.001_wd0.01_bilinear_normalizeTrue_posTrue_gatingFalse_loss_typemse_use_type_embedTrue_epoch_metrics.png
best val_kld: 0.000074 at epoch 20
Loaded checkpoint from input/Training_data/gist1M_learn/leafsize20K/C_model_d256_L4_H8_ff512_topk10_bs512_ep20_lr0.001_wd0.01_bilinear_normalizeTrue_posTrue_gatingFalse_loss_typemse_use_type_embedTrue/model_d256_L4_H8_ff512_topk10_bs512_ep20_lr0.001_wd0.01_bilinear_normalizeTrue_posTrue_gatingFalse_loss_typemse_use_type_embedTrue.pt (epoch=20)
[TEST] kld=0.000075 | mae=0.002624 | mse=0.000075 | ord_acc@10=0.3129 | recall@10=0.8301
Saving model predictions to file...
Saved predictions -> input/Training_data/gist1M_learn/leafsize20K/C_model_d256_L4_H8_ff512_topk10_bs512_ep20_lr0.001_wd0.01_bilinear_normalizeTrue_posTrue_gatingFalse_loss_typemse_use_type_embedTrue/model_d256_L4_H8_ff512_topk10_bs512_ep20_lr0.001_wd0.01_bilinear_normalizeTrue_posTrue_gatingFalse_loss_typemse_use_type_embedTrue_pred.txt
