/home/xln/miniconda3/envs/elpis_torch/lib/python3.12/site-packages/torch/nn/modules/transformer.py:379: UserWarning: enable_nested_tensor is True, but self.use_nested_tensor is False because encoder_layer.norm_first was True
  warnings.warn(
Detected K=116, D=960
Using experiment ID: C
Epoch 001 | Batch 10 | val_kld=328.941394 | val_ordacc@10=0.005665 | val_recall@10=0.103703
Epoch 001 | Step 10 | lr=1.000000e-03 | loss=1299.161133
Epoch 001 | Batch 20 | val_kld=74.142432 | val_ordacc@10=0.040081 | val_recall@10=0.393945
Epoch 001 | Step 20 | lr=1.000000e-03 | loss=93.627457
Epoch 001 | Batch 30 | val_kld=84.813734 | val_ordacc@10=0.033194 | val_recall@10=0.339236
Epoch 001 | Step 30 | lr=1.000000e-03 | loss=94.995071
Epoch 001 | Batch 40 | val_kld=32.365130 | val_ordacc@10=0.069646 | val_recall@10=0.574640
Epoch 001 | Step 40 | lr=1.000000e-03 | loss=51.168243
Epoch 001 | Batch 50 | val_kld=32.781779 | val_ordacc@10=0.066125 | val_recall@10=0.556783
Epoch 001 | Step 50 | lr=1.000000e-03 | loss=52.463234
Epoch 001 | Batch 60 | val_kld=26.104360 | val_ordacc@10=0.078849 | val_recall@10=0.611128
Epoch 001 | Step 60 | lr=1.000000e-03 | loss=25.105377
Epoch 001 | Batch 70 | val_kld=17.313000 | val_ordacc@10=0.108188 | val_recall@10=0.687327
Epoch 001 | Step 70 | lr=1.000000e-03 | loss=26.257511
Epoch 001 | Batch 80 | val_kld=21.829648 | val_ordacc@10=0.081920 | val_recall@10=0.640841
Epoch 001 | Step 80 | lr=1.000000e-03 | loss=24.138401
Epoch 001 | Batch 90 | val_kld=20.137840 | val_ordacc@10=0.089751 | val_recall@10=0.650867
Epoch 001 | Step 90 | lr=1.000000e-03 | loss=25.060707
Epoch 001 | Batch 100 | val_kld=19.029425 | val_ordacc@10=0.095400 | val_recall@10=0.663753
Epoch 001 | Step 100 | lr=1.000000e-03 | loss=19.807487
Epoch 001 | Batch 110 | val_kld=26.707197 | val_ordacc@10=0.079962 | val_recall@10=0.607468
Epoch 001 | Step 110 | lr=1.000000e-03 | loss=25.165802
Epoch 001 | Batch 120 | val_kld=16.566997 | val_ordacc@10=0.104921 | val_recall@10=0.690031
Epoch 001 | Step 120 | lr=1.000000e-03 | loss=20.524681
Epoch 001 | Batch 130 | val_kld=27.000438 | val_ordacc@10=0.077547 | val_recall@10=0.599864
Epoch 001 | Step 130 | lr=1.000000e-03 | loss=20.959532
Epoch 001 | Batch 140 | val_kld=18.158401 | val_ordacc@10=0.087675 | val_recall@10=0.673057
Epoch 001 | Step 140 | lr=1.000000e-03 | loss=17.026760
Epoch 001 | Batch 150 | val_kld=17.685632 | val_ordacc@10=0.105428 | val_recall@10=0.676122
Epoch 001 | Step 150 | lr=1.000000e-03 | loss=18.784506
Epoch 001 | Batch 160 | val_kld=18.316540 | val_ordacc@10=0.093027 | val_recall@10=0.670643
Epoch 001 | Step 160 | lr=1.000000e-03 | loss=29.130102
Epoch 001 | Batch 170 | val_kld=18.986578 | val_ordacc@10=0.103929 | val_recall@10=0.658707
Epoch 001 | Step 170 | lr=1.000000e-03 | loss=15.530681
Epoch 001 | Batch 180 | val_kld=22.667672 | val_ordacc@10=0.080721 | val_recall@10=0.631732
Epoch 001 | Step 180 | lr=1.000000e-03 | loss=19.595003
Epoch 001 | Batch 190 | val_kld=15.879547 | val_ordacc@10=0.102901 | val_recall@10=0.696241
Epoch 001 | Step 190 | lr=1.000000e-03 | loss=16.961807
Epoch 001 | Batch 200 | val_kld=15.446643 | val_ordacc@10=0.118352 | val_recall@10=0.697784
Epoch 001 | Step 200 | lr=1.000000e-03 | loss=13.607377
Epoch 001 | Batch 210 | val_kld=11.707959 | val_ordacc@10=0.126759 | val_recall@10=0.745379
Epoch 001 | Step 210 | lr=1.000000e-03 | loss=20.192751
Epoch 001 | Batch 220 | val_kld=12.563691 | val_ordacc@10=0.122805 | val_recall@10=0.725641
Epoch 001 | Step 220 | lr=1.000000e-03 | loss=17.109764
Epoch 001 | Batch 230 | val_kld=13.618183 | val_ordacc@10=0.117910 | val_recall@10=0.719970
Epoch 001 | Step 230 | lr=1.000000e-03 | loss=21.962215
Epoch 001 | Batch 240 | val_kld=11.900691 | val_ordacc@10=0.131509 | val_recall@10=0.742100
Epoch 001 | Step 240 | lr=1.000000e-03 | loss=19.612839
Epoch 001 | Batch 250 | val_kld=17.542954 | val_ordacc@10=0.100815 | val_recall@10=0.676142
Epoch 001 | Step 250 | lr=1.000000e-03 | loss=20.265667
Epoch 001 | Batch 260 | val_kld=17.312471 | val_ordacc@10=0.098587 | val_recall@10=0.682676
Epoch 001 | Step 260 | lr=1.000000e-03 | loss=15.655874
Epoch 001 | Batch 270 | val_kld=35.905523 | val_ordacc@10=0.055618 | val_recall@10=0.535418
Epoch 001 | Step 270 | lr=1.000000e-03 | loss=15.973339
Epoch 001 | Batch 280 | val_kld=25.335898 | val_ordacc@10=0.072840 | val_recall@10=0.603506
Epoch 001 | Step 280 | lr=1.000000e-03 | loss=17.832623
Epoch 001 | Batch 290 | val_kld=40.207244 | val_ordacc@10=0.056044 | val_recall@10=0.485446
Epoch 001 | Step 290 | lr=1.000000e-03 | loss=44.475395
Epoch 001 | Batch 300 | val_kld=19.847989 | val_ordacc@10=0.083863 | val_recall@10=0.652728
Epoch 001 | Step 300 | lr=1.000000e-03 | loss=16.263956
Epoch 001 | Batch 310 | val_kld=16.815303 | val_ordacc@10=0.108325 | val_recall@10=0.688788
Epoch 001 | Step 310 | lr=1.000000e-03 | loss=13.726329
Epoch 001 | Batch 320 | val_kld=13.604128 | val_ordacc@10=0.135336 | val_recall@10=0.717698
Epoch 001 | Step 320 | lr=1.000000e-03 | loss=19.084799
Epoch 001 | Batch 330 | val_kld=10.553533 | val_ordacc@10=0.141512 | val_recall@10=0.757918
Epoch 001 | Step 330 | lr=1.000000e-03 | loss=22.864437
Epoch 001 | Batch 340 | val_kld=18.648631 | val_ordacc@10=0.106048 | val_recall@10=0.664719
Epoch 001 | Step 340 | lr=1.000000e-03 | loss=18.674520
Epoch 001 | Batch 350 | val_kld=14.696744 | val_ordacc@10=0.101596 | val_recall@10=0.708819
Epoch 001 | Step 350 | lr=1.000000e-03 | loss=14.619841
Epoch 001 | Batch 360 | val_kld=17.391072 | val_ordacc@10=0.107560 | val_recall@10=0.679509
Epoch 001 | Step 360 | lr=1.000000e-03 | loss=31.714809
Epoch 001 | Batch 370 | val_kld=13.828774 | val_ordacc@10=0.124898 | val_recall@10=0.711178
Epoch 001 | Step 370 | lr=1.000000e-03 | loss=15.110409
Epoch 001 | Batch 380 | val_kld=14.511192 | val_ordacc@10=0.110401 | val_recall@10=0.708815
Epoch 001 | Step 380 | lr=1.000000e-03 | loss=25.152975
Epoch 001 | Batch 390 | val_kld=10.446824 | val_ordacc@10=0.142544 | val_recall@10=0.759054
Epoch 001 | Step 390 | lr=1.000000e-03 | loss=15.173410
Epoch 001 | Batch 400 | val_kld=10.400775 | val_ordacc@10=0.135148 | val_recall@10=0.759119
Epoch 001 | Step 400 | lr=1.000000e-03 | loss=17.178320
Epoch 001 | Batch 410 | val_kld=11.842551 | val_ordacc@10=0.136377 | val_recall@10=0.742773
Epoch 001 | Step 410 | lr=1.000000e-03 | loss=23.450737
Epoch 001 | Batch 420 | val_kld=10.538043 | val_ordacc@10=0.142341 | val_recall@10=0.751851
Epoch 001 | Step 420 | lr=1.000000e-03 | loss=18.698055
Epoch 001 | Batch 430 | val_kld=14.524732 | val_ordacc@10=0.111874 | val_recall@10=0.713196
Epoch 001 | Step 430 | lr=1.000000e-03 | loss=22.530891
Epoch 001 | Batch 440 | val_kld=12.619824 | val_ordacc@10=0.124737 | val_recall@10=0.728100
Epoch 001 | Step 440 | lr=1.000000e-03 | loss=14.042321
Epoch 001 | Batch 450 | val_kld=11.167271 | val_ordacc@10=0.136062 | val_recall@10=0.749124
Epoch 001 | Step 450 | lr=1.000000e-03 | loss=21.830313
Epoch 001 | Batch 460 | val_kld=11.497207 | val_ordacc@10=0.130659 | val_recall@10=0.744406
Epoch 001 | Step 460 | lr=1.000000e-03 | loss=18.104467
Epoch 001 | Batch 470 | val_kld=18.252784 | val_ordacc@10=0.101923 | val_recall@10=0.674442
Epoch 001 | Step 470 | lr=1.000000e-03 | loss=16.848976
Epoch 001 | Batch 480 | val_kld=14.263941 | val_ordacc@10=0.116553 | val_recall@10=0.714354
Epoch 001 | Step 480 | lr=1.000000e-03 | loss=18.044163
Epoch 001 | Batch 490 | val_kld=14.961193 | val_ordacc@10=0.108889 | val_recall@10=0.707895
Epoch 001 | Step 490 | lr=1.000000e-03 | loss=23.392750
Epoch 001 | Batch 500 | val_kld=11.035097 | val_ordacc@10=0.132074 | val_recall@10=0.751814
Epoch 001 | Step 500 | lr=1.000000e-03 | loss=12.799278
Epoch 001 | Batch 510 | val_kld=17.073882 | val_ordacc@10=0.103377 | val_recall@10=0.679006
Epoch 001 | Step 510 | lr=1.000000e-03 | loss=12.331342
Epoch 001 | Batch 520 | val_kld=22.780617 | val_ordacc@10=0.084504 | val_recall@10=0.632647
Epoch 001 | Step 520 | lr=1.000000e-03 | loss=14.828668
Epoch 001 | Batch 530 | val_kld=17.604387 | val_ordacc@10=0.094648 | val_recall@10=0.680650
Epoch 001 | Step 530 | lr=1.000000e-03 | loss=13.284244
Epoch 001 | Batch 540 | val_kld=16.775344 | val_ordacc@10=0.102635 | val_recall@10=0.693211
Epoch 001 | Step 540 | lr=1.000000e-03 | loss=15.089906
Epoch 001 | Batch 550 | val_kld=13.094873 | val_ordacc@10=0.123631 | val_recall@10=0.728418
Epoch 001 | Step 550 | lr=1.000000e-03 | loss=16.176868
Epoch 001 | Batch 560 | val_kld=14.587050 | val_ordacc@10=0.105991 | val_recall@10=0.708836
Epoch 001 | Step 560 | lr=1.000000e-03 | loss=15.383209
Epoch 001 | Batch 570 | val_kld=12.483443 | val_ordacc@10=0.112852 | val_recall@10=0.729045
Epoch 001 | Step 570 | lr=1.000000e-03 | loss=16.339390
Epoch 001 | Batch 580 | val_kld=11.219192 | val_ordacc@10=0.138564 | val_recall@10=0.746361
Epoch 001 | Step 580 | lr=1.000000e-03 | loss=15.417302
Epoch 001 | Batch 590 | val_kld=20.137405 | val_ordacc@10=0.097631 | val_recall@10=0.649462
Epoch 001 | Step 590 | lr=1.000000e-03 | loss=16.207680
Epoch 001 | Batch 600 | val_kld=10.681813 | val_ordacc@10=0.132007 | val_recall@10=0.753217
Epoch 001 | Step 600 | lr=1.000000e-03 | loss=17.973969
Epoch 001 | Batch 610 | val_kld=9.993850 | val_ordacc@10=0.139615 | val_recall@10=0.761335
Epoch 001 | Step 610 | lr=1.000000e-03 | loss=19.545380
Epoch 001 | Batch 620 | val_kld=10.637934 | val_ordacc@10=0.137092 | val_recall@10=0.756333
Epoch 001 | Step 620 | lr=1.000000e-03 | loss=16.937016
Epoch 001 | Batch 630 | val_kld=9.963001 | val_ordacc@10=0.137445 | val_recall@10=0.762257
Epoch 001 | Step 630 | lr=1.000000e-03 | loss=22.671402
Epoch 001 | Batch 640 | val_kld=12.990280 | val_ordacc@10=0.111644 | val_recall@10=0.724007
Epoch 001 | Step 640 | lr=1.000000e-03 | loss=12.415172
Epoch 001 | Batch 650 | val_kld=13.663654 | val_ordacc@10=0.122834 | val_recall@10=0.718208
Epoch 001 | Step 650 | lr=1.000000e-03 | loss=15.115321
Epoch 001 | Batch 660 | val_kld=10.622898 | val_ordacc@10=0.130600 | val_recall@10=0.755358
Epoch 001 | Step 660 | lr=1.000000e-03 | loss=20.639374
Epoch 001 | Batch 670 | val_kld=9.915084 | val_ordacc@10=0.142784 | val_recall@10=0.762855
Epoch 001 | Step 670 | lr=1.000000e-03 | loss=16.067064
Epoch 001 | Batch 680 | val_kld=15.048932 | val_ordacc@10=0.106854 | val_recall@10=0.703231
Epoch 001 | Step 680 | lr=1.000000e-03 | loss=14.475512
Epoch 001 | Batch 690 | val_kld=10.062678 | val_ordacc@10=0.138443 | val_recall@10=0.760328
Epoch 001 | Step 690 | lr=1.000000e-03 | loss=15.197374
Epoch 001 | Batch 700 | val_kld=9.245378 | val_ordacc@10=0.149393 | val_recall@10=0.772682
Epoch 001 | Step 700 | lr=1.000000e-03 | loss=14.711544
Epoch 001 | Batch 710 | val_kld=11.729624 | val_ordacc@10=0.118889 | val_recall@10=0.737856
Epoch 001 | Step 710 | lr=1.000000e-03 | loss=14.231498
Epoch 001 | Batch 720 | val_kld=9.388556 | val_ordacc@10=0.141725 | val_recall@10=0.769617
Epoch 001 | Step 720 | lr=1.000000e-03 | loss=14.394300
Epoch 001 | Batch 730 | val_kld=8.571767 | val_ordacc@10=0.145939 | val_recall@10=0.780026
Epoch 001 | Step 730 | lr=1.000000e-03 | loss=15.682052
Epoch 001 | Batch 740 | val_kld=8.596902 | val_ordacc@10=0.150548 | val_recall@10=0.780871
Epoch 001 | Step 740 | lr=1.000000e-03 | loss=14.305124
Epoch 001 | Batch 750 | val_kld=8.637382 | val_ordacc@10=0.155262 | val_recall@10=0.781507
Epoch 001 | Step 750 | lr=1.000000e-03 | loss=13.775971
Epoch 001 | Batch 760 | val_kld=7.796412 | val_ordacc@10=0.163814 | val_recall@10=0.793085
Epoch 001 | Step 760 | lr=1.000000e-03 | loss=13.582864
Epoch 001 | Batch 770 | val_kld=7.833071 | val_ordacc@10=0.171995 | val_recall@10=0.792597
Epoch 001 | Step 770 | lr=1.000000e-03 | loss=13.258610
Epoch 001 | Batch 780 | val_kld=8.151429 | val_ordacc@10=0.157387 | val_recall@10=0.787726
Epoch 001 | Step 780 | lr=1.000000e-03 | loss=14.062052
Epoch 001 | Batch 790 | val_kld=7.906768 | val_ordacc@10=0.156263 | val_recall@10=0.790746
Epoch 001 | Step 790 | lr=1.000000e-03 | loss=13.911674
Epoch 001 | Batch 800 | val_kld=8.451427 | val_ordacc@10=0.161745 | val_recall@10=0.782570
Epoch 001 | Step 800 | lr=1.000000e-03 | loss=15.135796
Epoch 001 | Batch 810 | val_kld=8.122876 | val_ordacc@10=0.162515 | val_recall@10=0.788406
Epoch 001 | Step 810 | lr=1.000000e-03 | loss=13.906218
Epoch 001 | Batch 820 | val_kld=8.499974 | val_ordacc@10=0.148218 | val_recall@10=0.781069
Epoch 001 | Step 820 | lr=1.000000e-03 | loss=14.203045
Epoch 001 | Batch 830 | val_kld=7.844005 | val_ordacc@10=0.161999 | val_recall@10=0.791784
Epoch 001 | Step 830 | lr=1.000000e-03 | loss=14.043525
Epoch 001 | Batch 840 | val_kld=7.483434 | val_ordacc@10=0.172163 | val_recall@10=0.797267
Epoch 001 | Step 840 | lr=1.000000e-03 | loss=14.069350
Epoch 001 | Batch 850 | val_kld=8.126404 | val_ordacc@10=0.159029 | val_recall@10=0.789039
Epoch 001 | Step 850 | lr=1.000000e-03 | loss=12.652117
Epoch 001 | Batch 860 | val_kld=7.956841 | val_ordacc@10=0.162547 | val_recall@10=0.790119
Epoch 001 | Step 860 | lr=1.000000e-03 | loss=14.129871
Epoch 001 | Batch 870 | val_kld=7.721434 | val_ordacc@10=0.173166 | val_recall@10=0.793833
Epoch 001 | Step 870 | lr=1.000000e-03 | loss=13.477892
Epoch 001 | Batch 880 | val_kld=8.015598 | val_ordacc@10=0.170406 | val_recall@10=0.788177
Epoch 001 | Step 880 | lr=1.000000e-03 | loss=13.497992
Epoch 001 | Batch 890 | val_kld=8.333333 | val_ordacc@10=0.144107 | val_recall@10=0.782865
Epoch 001 | Step 890 | lr=1.000000e-03 | loss=13.811005
Epoch 001 | Batch 900 | val_kld=8.008351 | val_ordacc@10=0.148171 | val_recall@10=0.789233
Epoch 001 | Step 900 | lr=1.000000e-03 | loss=14.641886
Epoch 001 | Batch 910 | val_kld=7.830343 | val_ordacc@10=0.173214 | val_recall@10=0.793182
Epoch 001 | Step 910 | lr=1.000000e-03 | loss=13.602896
Epoch 001 | Batch 920 | val_kld=8.085948 | val_ordacc@10=0.153648 | val_recall@10=0.787118
Epoch 001 | Step 920 | lr=1.000000e-03 | loss=14.654217
Epoch 001 | Batch 930 | val_kld=7.643629 | val_ordacc@10=0.170396 | val_recall@10=0.794957
Epoch 001 | Step 930 | lr=1.000000e-03 | loss=13.048155
Epoch 001 | Batch 940 | val_kld=8.317739 | val_ordacc@10=0.157178 | val_recall@10=0.785399
Epoch 001 | Step 940 | lr=1.000000e-03 | loss=13.946018
Epoch 001 | Batch 950 | val_kld=7.441413 | val_ordacc@10=0.176502 | val_recall@10=0.797191
Epoch 001 | Step 950 | lr=1.000000e-03 | loss=14.941154
Epoch 001 | Batch 960 | val_kld=7.933401 | val_ordacc@10=0.160421 | val_recall@10=0.790100
Epoch 001 | Step 960 | lr=1.000000e-03 | loss=13.021701
epoch 001 | train_kld=27.870161 | val_kld=8.495817 | val_mae=0.014984 | val_mse=0.001653 | ord_acc@10=0.1620 | recall@10=0.7826
Epoch 002 | Step 10 | lr=9.938442e-04 | loss=14.283975
Epoch 002 | Step 20 | lr=9.938442e-04 | loss=13.616617
Epoch 002 | Step 30 | lr=9.938442e-04 | loss=12.985420
Epoch 002 | Step 40 | lr=9.938442e-04 | loss=13.069848
Epoch 002 | Step 50 | lr=9.938442e-04 | loss=14.742189
Epoch 002 | Step 60 | lr=9.938442e-04 | loss=14.603971
Epoch 002 | Step 70 | lr=9.938442e-04 | loss=13.693121
Epoch 002 | Step 80 | lr=9.938442e-04 | loss=12.535897
Epoch 002 | Step 90 | lr=9.938442e-04 | loss=14.754848
Epoch 002 | Step 100 | lr=9.938442e-04 | loss=13.787596
Epoch 002 | Step 110 | lr=9.938442e-04 | loss=13.554041
Epoch 002 | Step 120 | lr=9.938442e-04 | loss=13.446635
Epoch 002 | Step 130 | lr=9.938442e-04 | loss=13.389862
Epoch 002 | Step 140 | lr=9.938442e-04 | loss=14.557180
Epoch 002 | Step 150 | lr=9.938442e-04 | loss=12.381344
Epoch 002 | Step 160 | lr=9.938442e-04 | loss=13.912682
Epoch 002 | Step 170 | lr=9.938442e-04 | loss=13.940989
Epoch 002 | Step 180 | lr=9.938442e-04 | loss=13.002176
Epoch 002 | Step 190 | lr=9.938442e-04 | loss=14.636038
Epoch 002 | Step 200 | lr=9.938442e-04 | loss=13.774478
Epoch 002 | Step 210 | lr=9.938442e-04 | loss=13.966326
Epoch 002 | Step 220 | lr=9.938442e-04 | loss=14.433079
Epoch 002 | Step 230 | lr=9.938442e-04 | loss=14.030643
Epoch 002 | Step 240 | lr=9.938442e-04 | loss=13.322531
Epoch 002 | Step 250 | lr=9.938442e-04 | loss=13.894405
Epoch 002 | Step 260 | lr=9.938442e-04 | loss=13.989033
Epoch 002 | Step 270 | lr=9.938442e-04 | loss=14.535360
Epoch 002 | Step 280 | lr=9.938442e-04 | loss=14.483929
Epoch 002 | Step 290 | lr=9.938442e-04 | loss=14.066310
Epoch 002 | Step 300 | lr=9.938442e-04 | loss=13.665621
Epoch 002 | Step 310 | lr=9.938442e-04 | loss=13.434653
Epoch 002 | Step 320 | lr=9.938442e-04 | loss=15.368623
Epoch 002 | Step 330 | lr=9.938442e-04 | loss=13.678387
Epoch 002 | Step 340 | lr=9.938442e-04 | loss=14.324574
Epoch 002 | Step 350 | lr=9.938442e-04 | loss=15.024942
Epoch 002 | Step 360 | lr=9.938442e-04 | loss=13.206070
Epoch 002 | Step 370 | lr=9.938442e-04 | loss=12.916258
Epoch 002 | Step 380 | lr=9.938442e-04 | loss=14.080900
Epoch 002 | Step 390 | lr=9.938442e-04 | loss=13.087833
Epoch 002 | Step 400 | lr=9.938442e-04 | loss=13.396012
Epoch 002 | Step 410 | lr=9.938442e-04 | loss=13.318700
Epoch 002 | Step 420 | lr=9.938442e-04 | loss=15.250336
Epoch 002 | Step 430 | lr=9.938442e-04 | loss=14.201125
Epoch 002 | Step 440 | lr=9.938442e-04 | loss=13.793065
Epoch 002 | Step 450 | lr=9.938442e-04 | loss=14.416790
Epoch 002 | Step 460 | lr=9.938442e-04 | loss=14.819078
Epoch 002 | Step 470 | lr=9.938442e-04 | loss=15.183508
Epoch 002 | Step 480 | lr=9.938442e-04 | loss=15.196179
Epoch 002 | Step 490 | lr=9.938442e-04 | loss=14.044403
Epoch 002 | Step 500 | lr=9.938442e-04 | loss=13.749576
Epoch 002 | Step 510 | lr=9.938442e-04 | loss=12.918489
Epoch 002 | Step 520 | lr=9.938442e-04 | loss=15.570631
Epoch 002 | Step 530 | lr=9.938442e-04 | loss=14.677988
Epoch 002 | Step 540 | lr=9.938442e-04 | loss=13.610568
Epoch 002 | Step 550 | lr=9.938442e-04 | loss=15.159876
Epoch 002 | Step 560 | lr=9.938442e-04 | loss=13.085123
Epoch 002 | Step 570 | lr=9.938442e-04 | loss=14.934273
Epoch 002 | Step 580 | lr=9.938442e-04 | loss=15.342146
Epoch 002 | Step 590 | lr=9.938442e-04 | loss=13.595317
Epoch 002 | Step 600 | lr=9.938442e-04 | loss=14.084960
Epoch 002 | Step 610 | lr=9.938442e-04 | loss=13.623185
Epoch 002 | Step 620 | lr=9.938442e-04 | loss=16.393681
Epoch 002 | Step 630 | lr=9.938442e-04 | loss=90.068230
Epoch 002 | Step 640 | lr=9.938442e-04 | loss=69.550583
Epoch 002 | Step 650 | lr=9.938442e-04 | loss=110.234009
Epoch 002 | Step 660 | lr=9.938442e-04 | loss=85.655945
Epoch 002 | Step 670 | lr=9.938442e-04 | loss=101.085922
Epoch 002 | Step 680 | lr=9.938442e-04 | loss=52.374161
Epoch 002 | Step 690 | lr=9.938442e-04 | loss=44.631050
Epoch 002 | Step 700 | lr=9.938442e-04 | loss=29.463676
Epoch 002 | Step 710 | lr=9.938442e-04 | loss=25.188770
Epoch 002 | Step 720 | lr=9.938442e-04 | loss=18.050838
Epoch 002 | Step 730 | lr=9.938442e-04 | loss=26.744080
Epoch 002 | Step 740 | lr=9.938442e-04 | loss=52.558395
Epoch 002 | Step 750 | lr=9.938442e-04 | loss=22.918484
Epoch 002 | Step 760 | lr=9.938442e-04 | loss=20.467453
Epoch 002 | Step 770 | lr=9.938442e-04 | loss=32.883911
Epoch 002 | Step 780 | lr=9.938442e-04 | loss=21.386919
Epoch 002 | Step 790 | lr=9.938442e-04 | loss=21.309456
Epoch 002 | Step 800 | lr=9.938442e-04 | loss=22.459553
Epoch 002 | Step 810 | lr=9.938442e-04 | loss=21.694084
Epoch 002 | Step 820 | lr=9.938442e-04 | loss=16.147049
Epoch 002 | Step 830 | lr=9.938442e-04 | loss=16.129120
Epoch 002 | Step 840 | lr=9.938442e-04 | loss=14.272934
Epoch 002 | Step 850 | lr=9.938442e-04 | loss=15.794596
Epoch 002 | Step 860 | lr=9.938442e-04 | loss=15.363847
Epoch 002 | Step 870 | lr=9.938442e-04 | loss=14.439312
Epoch 002 | Step 880 | lr=9.938442e-04 | loss=13.894634
Epoch 002 | Step 890 | lr=9.938442e-04 | loss=13.637138
Epoch 002 | Step 900 | lr=9.938442e-04 | loss=15.404631
Epoch 002 | Step 910 | lr=9.938442e-04 | loss=17.115143
Epoch 002 | Step 920 | lr=9.938442e-04 | loss=15.740216
Epoch 002 | Step 930 | lr=9.938442e-04 | loss=15.011248
Epoch 002 | Step 940 | lr=9.938442e-04 | loss=13.900303
Epoch 002 | Step 950 | lr=9.938442e-04 | loss=13.963847
Epoch 002 | Step 960 | lr=9.938442e-04 | loss=14.076674
epoch 002 | train_kld=20.890246 | val_kld=7.549278 | val_mae=0.014986 | val_mse=0.001653 | ord_acc@10=0.1828 | recall@10=0.7972
Epoch 003 | Step 10 | lr=9.755283e-04 | loss=15.032969
Epoch 003 | Step 20 | lr=9.755283e-04 | loss=14.245234
Epoch 003 | Step 30 | lr=9.755283e-04 | loss=15.235250
Epoch 003 | Step 40 | lr=9.755283e-04 | loss=15.004230
Epoch 003 | Step 50 | lr=9.755283e-04 | loss=14.229125
Epoch 003 | Step 60 | lr=9.755283e-04 | loss=14.955135
Epoch 003 | Step 70 | lr=9.755283e-04 | loss=15.139809
Epoch 003 | Step 80 | lr=9.755283e-04 | loss=13.656869
Epoch 003 | Step 90 | lr=9.755283e-04 | loss=14.678171
Epoch 003 | Step 100 | lr=9.755283e-04 | loss=15.096007
Epoch 003 | Step 110 | lr=9.755283e-04 | loss=14.172637
Epoch 003 | Step 120 | lr=9.755283e-04 | loss=15.403602
Epoch 003 | Step 130 | lr=9.755283e-04 | loss=14.590446
Epoch 003 | Step 140 | lr=9.755283e-04 | loss=14.049168
Epoch 003 | Step 150 | lr=9.755283e-04 | loss=14.036249
Epoch 003 | Step 160 | lr=9.755283e-04 | loss=14.821121
Epoch 003 | Step 170 | lr=9.755283e-04 | loss=15.680624
Epoch 003 | Step 180 | lr=9.755283e-04 | loss=14.959719
Epoch 003 | Step 190 | lr=9.755283e-04 | loss=14.674958
Epoch 003 | Step 200 | lr=9.755283e-04 | loss=15.375095
Epoch 003 | Step 210 | lr=9.755283e-04 | loss=15.005716
Epoch 003 | Step 220 | lr=9.755283e-04 | loss=15.539223
Epoch 003 | Step 230 | lr=9.755283e-04 | loss=14.746521
Epoch 003 | Step 240 | lr=9.755283e-04 | loss=15.698075
Epoch 003 | Step 250 | lr=9.755283e-04 | loss=14.754221
Epoch 003 | Step 260 | lr=9.755283e-04 | loss=16.621487
Epoch 003 | Step 270 | lr=9.755283e-04 | loss=15.449184
Epoch 003 | Step 280 | lr=9.755283e-04 | loss=16.308420
Epoch 003 | Step 290 | lr=9.755283e-04 | loss=14.497606
Epoch 003 | Step 300 | lr=9.755283e-04 | loss=15.569667
Epoch 003 | Step 310 | lr=9.755283e-04 | loss=15.185263
Epoch 003 | Step 320 | lr=9.755283e-04 | loss=15.192636
Epoch 003 | Step 330 | lr=9.755283e-04 | loss=14.677002
Epoch 003 | Step 340 | lr=9.755283e-04 | loss=17.018843
Epoch 003 | Step 350 | lr=9.755283e-04 | loss=16.687918
Epoch 003 | Step 360 | lr=9.755283e-04 | loss=14.502610
Epoch 003 | Step 370 | lr=9.755283e-04 | loss=13.735628
Epoch 003 | Step 380 | lr=9.755283e-04 | loss=13.579181
Epoch 003 | Step 390 | lr=9.755283e-04 | loss=15.000178
Epoch 003 | Step 400 | lr=9.755283e-04 | loss=16.190220
Epoch 003 | Step 410 | lr=9.755283e-04 | loss=14.389709
Epoch 003 | Step 420 | lr=9.755283e-04 | loss=15.230976
Epoch 003 | Step 430 | lr=9.755283e-04 | loss=14.553831
Epoch 003 | Step 440 | lr=9.755283e-04 | loss=13.789585
Epoch 003 | Step 450 | lr=9.755283e-04 | loss=13.668833
Epoch 003 | Step 460 | lr=9.755283e-04 | loss=14.294825
Epoch 003 | Step 470 | lr=9.755283e-04 | loss=15.261746
Epoch 003 | Step 480 | lr=9.755283e-04 | loss=16.246662
Epoch 003 | Step 490 | lr=9.755283e-04 | loss=16.146608
Epoch 003 | Step 500 | lr=9.755283e-04 | loss=15.418103
Epoch 003 | Step 510 | lr=9.755283e-04 | loss=14.338308
Epoch 003 | Step 520 | lr=9.755283e-04 | loss=14.348526
Epoch 003 | Step 530 | lr=9.755283e-04 | loss=15.205211
Epoch 003 | Step 540 | lr=9.755283e-04 | loss=14.505043
Epoch 003 | Step 550 | lr=9.755283e-04 | loss=14.610121
Epoch 003 | Step 560 | lr=9.755283e-04 | loss=14.638367
Epoch 003 | Step 570 | lr=9.755283e-04 | loss=15.938743
Epoch 003 | Step 580 | lr=9.755283e-04 | loss=14.289465
Epoch 003 | Step 590 | lr=9.755283e-04 | loss=13.640633
Epoch 003 | Step 600 | lr=9.755283e-04 | loss=14.197160
Epoch 003 | Step 610 | lr=9.755283e-04 | loss=14.933277
Epoch 003 | Step 620 | lr=9.755283e-04 | loss=14.920479
Epoch 003 | Step 630 | lr=9.755283e-04 | loss=14.174101
Epoch 003 | Step 640 | lr=9.755283e-04 | loss=14.307496
Epoch 003 | Step 650 | lr=9.755283e-04 | loss=15.092382
Epoch 003 | Step 660 | lr=9.755283e-04 | loss=14.294611
Epoch 003 | Step 670 | lr=9.755283e-04 | loss=13.945778
Epoch 003 | Step 680 | lr=9.755283e-04 | loss=15.051305
Epoch 003 | Step 690 | lr=9.755283e-04 | loss=14.853790
Epoch 003 | Step 700 | lr=9.755283e-04 | loss=15.369320
Epoch 003 | Step 710 | lr=9.755283e-04 | loss=15.766939
Epoch 003 | Step 720 | lr=9.755283e-04 | loss=14.712706
Epoch 003 | Step 730 | lr=9.755283e-04 | loss=15.394973
Epoch 003 | Step 740 | lr=9.755283e-04 | loss=14.066315
Epoch 003 | Step 750 | lr=9.755283e-04 | loss=14.761400
Epoch 003 | Step 760 | lr=9.755283e-04 | loss=13.622541
Epoch 003 | Step 770 | lr=9.755283e-04 | loss=16.267031
Epoch 003 | Step 780 | lr=9.755283e-04 | loss=13.714954
Epoch 003 | Step 790 | lr=9.755283e-04 | loss=15.795085
Epoch 003 | Step 800 | lr=9.755283e-04 | loss=14.430607
Epoch 003 | Step 810 | lr=9.755283e-04 | loss=14.520302
Epoch 003 | Step 820 | lr=9.755283e-04 | loss=15.169241
Epoch 003 | Step 830 | lr=9.755283e-04 | loss=15.784844
Epoch 003 | Step 840 | lr=9.755283e-04 | loss=15.430847
Epoch 003 | Step 850 | lr=9.755283e-04 | loss=16.297836
Epoch 003 | Step 860 | lr=9.755283e-04 | loss=15.271845
Epoch 003 | Step 870 | lr=9.755283e-04 | loss=14.948654
Epoch 003 | Step 880 | lr=9.755283e-04 | loss=15.058985
Epoch 003 | Step 890 | lr=9.755283e-04 | loss=13.909817
Epoch 003 | Step 900 | lr=9.755283e-04 | loss=13.848261
Epoch 003 | Step 910 | lr=9.755283e-04 | loss=14.130404
Epoch 003 | Step 920 | lr=9.755283e-04 | loss=13.909821
Epoch 003 | Step 930 | lr=9.755283e-04 | loss=13.655909
Epoch 003 | Step 940 | lr=9.755283e-04 | loss=14.384354
Epoch 003 | Step 950 | lr=9.755283e-04 | loss=15.030695
Epoch 003 | Step 960 | lr=9.755283e-04 | loss=13.786726
epoch 003 | train_kld=14.879070 | val_kld=7.200093 | val_mae=0.014988 | val_mse=0.001653 | ord_acc@10=0.1808 | recall@10=0.8031
Epoch 004 | Step 10 | lr=9.455033e-04 | loss=16.544044
Epoch 004 | Step 20 | lr=9.455033e-04 | loss=14.258654
Epoch 004 | Step 30 | lr=9.455033e-04 | loss=13.335278
Epoch 004 | Step 40 | lr=9.455033e-04 | loss=13.078787
Epoch 004 | Step 50 | lr=9.455033e-04 | loss=14.294579
Epoch 004 | Step 60 | lr=9.455033e-04 | loss=15.164085
Epoch 004 | Step 70 | lr=9.455033e-04 | loss=16.105425
Epoch 004 | Step 80 | lr=9.455033e-04 | loss=14.481792
Epoch 004 | Step 90 | lr=9.455033e-04 | loss=14.838340
Epoch 004 | Step 100 | lr=9.455033e-04 | loss=14.825510
Epoch 004 | Step 110 | lr=9.455033e-04 | loss=15.494972
Epoch 004 | Step 120 | lr=9.455033e-04 | loss=15.528298
Epoch 004 | Step 130 | lr=9.455033e-04 | loss=15.161514
Epoch 004 | Step 140 | lr=9.455033e-04 | loss=14.964016
Epoch 004 | Step 150 | lr=9.455033e-04 | loss=15.305145
Epoch 004 | Step 160 | lr=9.455033e-04 | loss=14.781916
Epoch 004 | Step 170 | lr=9.455033e-04 | loss=13.561003
Epoch 004 | Step 180 | lr=9.455033e-04 | loss=14.379193
Epoch 004 | Step 190 | lr=9.455033e-04 | loss=14.271471
Epoch 004 | Step 200 | lr=9.455033e-04 | loss=14.787034
Epoch 004 | Step 210 | lr=9.455033e-04 | loss=14.551052
Epoch 004 | Step 220 | lr=9.455033e-04 | loss=14.861414
Epoch 004 | Step 230 | lr=9.455033e-04 | loss=13.514814
Epoch 004 | Step 240 | lr=9.455033e-04 | loss=14.435657
Epoch 004 | Step 250 | lr=9.455033e-04 | loss=13.266001
Epoch 004 | Step 260 | lr=9.455033e-04 | loss=15.369283
Epoch 004 | Step 270 | lr=9.455033e-04 | loss=14.563873
Epoch 004 | Step 280 | lr=9.455033e-04 | loss=13.407079
Epoch 004 | Step 290 | lr=9.455033e-04 | loss=13.866207
Epoch 004 | Step 300 | lr=9.455033e-04 | loss=14.002151
Epoch 004 | Step 310 | lr=9.455033e-04 | loss=14.779335
Epoch 004 | Step 320 | lr=9.455033e-04 | loss=14.166305
Epoch 004 | Step 330 | lr=9.455033e-04 | loss=15.410334
Epoch 004 | Step 340 | lr=9.455033e-04 | loss=14.225322
Epoch 004 | Step 350 | lr=9.455033e-04 | loss=15.577027
Epoch 004 | Step 360 | lr=9.455033e-04 | loss=16.013073
Epoch 004 | Step 370 | lr=9.455033e-04 | loss=14.202208
Epoch 004 | Step 380 | lr=9.455033e-04 | loss=13.235218
Epoch 004 | Step 390 | lr=9.455033e-04 | loss=14.689556
Epoch 004 | Step 400 | lr=9.455033e-04 | loss=15.140986
Epoch 004 | Step 410 | lr=9.455033e-04 | loss=13.576359
Epoch 004 | Step 420 | lr=9.455033e-04 | loss=15.061491
Epoch 004 | Step 430 | lr=9.455033e-04 | loss=13.207014
Epoch 004 | Step 440 | lr=9.455033e-04 | loss=13.784127
Epoch 004 | Step 450 | lr=9.455033e-04 | loss=16.397821
Epoch 004 | Step 460 | lr=9.455033e-04 | loss=14.194535
Epoch 004 | Step 470 | lr=9.455033e-04 | loss=13.383984
Epoch 004 | Step 480 | lr=9.455033e-04 | loss=15.135858
Epoch 004 | Step 490 | lr=9.455033e-04 | loss=14.412533
Epoch 004 | Step 500 | lr=9.455033e-04 | loss=15.561638
Epoch 004 | Step 510 | lr=9.455033e-04 | loss=15.710408
Epoch 004 | Step 520 | lr=9.455033e-04 | loss=13.953407
Epoch 004 | Step 530 | lr=9.455033e-04 | loss=14.153484
Epoch 004 | Step 540 | lr=9.455033e-04 | loss=14.674166
Epoch 004 | Step 550 | lr=9.455033e-04 | loss=14.822936
Epoch 004 | Step 560 | lr=9.455033e-04 | loss=14.481790
Epoch 004 | Step 570 | lr=9.455033e-04 | loss=15.746315
Epoch 004 | Step 580 | lr=9.455033e-04 | loss=13.204444
Epoch 004 | Step 590 | lr=9.455033e-04 | loss=14.109871
Epoch 004 | Step 600 | lr=9.455033e-04 | loss=14.946047
Epoch 004 | Step 610 | lr=9.455033e-04 | loss=14.807544
Epoch 004 | Step 620 | lr=9.455033e-04 | loss=13.984197
Epoch 004 | Step 630 | lr=9.455033e-04 | loss=14.143217
Epoch 004 | Step 640 | lr=9.455033e-04 | loss=13.494278
Epoch 004 | Step 650 | lr=9.455033e-04 | loss=13.519931
Epoch 004 | Step 660 | lr=9.455033e-04 | loss=14.964001
Epoch 004 | Step 670 | lr=9.455033e-04 | loss=16.223415
Epoch 004 | Step 680 | lr=9.455033e-04 | loss=15.366699
Epoch 004 | Step 690 | lr=9.455033e-04 | loss=13.296775
Epoch 004 | Step 700 | lr=9.455033e-04 | loss=15.492384
Epoch 004 | Step 710 | lr=9.455033e-04 | loss=14.256071
Epoch 004 | Step 720 | lr=9.455033e-04 | loss=15.733493
Epoch 004 | Step 730 | lr=9.455033e-04 | loss=15.369266
Epoch 004 | Step 740 | lr=9.455033e-04 | loss=14.533099
Epoch 004 | Step 750 | lr=9.455033e-04 | loss=14.091913
Epoch 004 | Step 760 | lr=9.455033e-04 | loss=16.764606
Epoch 004 | Step 770 | lr=9.455033e-04 | loss=12.935116
Epoch 004 | Step 780 | lr=9.455033e-04 | loss=14.338156
Epoch 004 | Step 790 | lr=9.455033e-04 | loss=14.738284
Epoch 004 | Step 800 | lr=9.455033e-04 | loss=14.658770
Epoch 004 | Step 810 | lr=9.455033e-04 | loss=15.805309
Epoch 004 | Step 820 | lr=9.455033e-04 | loss=15.738631
Epoch 004 | Step 830 | lr=9.455033e-04 | loss=15.387221
Epoch 004 | Step 840 | lr=9.455033e-04 | loss=15.053798
Epoch 004 | Step 850 | lr=9.455033e-04 | loss=16.007954
Epoch 004 | Step 860 | lr=9.455033e-04 | loss=15.374395
Epoch 004 | Step 870 | lr=9.455033e-04 | loss=15.600113
Epoch 004 | Step 880 | lr=9.455033e-04 | loss=15.736060
Epoch 004 | Step 890 | lr=9.455033e-04 | loss=13.330122
Epoch 004 | Step 900 | lr=9.455033e-04 | loss=14.804975
Epoch 004 | Step 910 | lr=9.455033e-04 | loss=16.228527
Epoch 004 | Step 920 | lr=9.455033e-04 | loss=14.789593
Epoch 004 | Step 930 | lr=9.455033e-04 | loss=14.166306
Epoch 004 | Step 940 | lr=9.455033e-04 | loss=15.138420
Epoch 004 | Step 950 | lr=9.455033e-04 | loss=15.561637
Epoch 004 | Step 960 | lr=9.455033e-04 | loss=14.122692
epoch 004 | train_kld=14.784080 | val_kld=6.799404 | val_mae=0.014989 | val_mse=0.001653 | ord_acc@10=0.2015 | recall@10=0.8083
Epoch 005 | Step 10 | lr=9.045085e-04 | loss=14.707508
Epoch 005 | Step 20 | lr=9.045085e-04 | loss=15.076860
Epoch 005 | Step 30 | lr=9.045085e-04 | loss=13.714872
Epoch 005 | Step 40 | lr=9.045085e-04 | loss=14.379189
Epoch 005 | Step 50 | lr=9.045085e-04 | loss=15.202545
Epoch 005 | Step 60 | lr=9.045085e-04 | loss=15.402614
Epoch 005 | Step 70 | lr=9.045085e-04 | loss=14.568996
Epoch 005 | Step 80 | lr=9.045085e-04 | loss=14.699810
Epoch 005 | Step 90 | lr=9.045085e-04 | loss=14.574150
Epoch 005 | Step 100 | lr=9.045085e-04 | loss=15.507773
Epoch 005 | Step 110 | lr=9.045085e-04 | loss=13.471191
Epoch 005 | Step 120 | lr=9.045085e-04 | loss=15.989986
Epoch 005 | Step 130 | lr=9.045085e-04 | loss=14.643381
Epoch 005 | Step 140 | lr=9.045085e-04 | loss=14.758807
Epoch 005 | Step 150 | lr=9.045085e-04 | loss=16.320873
Epoch 005 | Step 160 | lr=9.045085e-04 | loss=14.979391
Epoch 005 | Step 170 | lr=9.045085e-04 | loss=16.331127
Epoch 005 | Step 180 | lr=9.045085e-04 | loss=14.122692
Epoch 005 | Step 190 | lr=9.045085e-04 | loss=14.661335
Epoch 005 | Step 200 | lr=9.045085e-04 | loss=15.143549
Epoch 005 | Step 210 | lr=9.045085e-04 | loss=16.051552
Epoch 005 | Step 220 | lr=9.045085e-04 | loss=16.074633
Epoch 005 | Step 230 | lr=9.045085e-04 | loss=14.602341
Epoch 005 | Step 240 | lr=9.045085e-04 | loss=15.269232
Epoch 005 | Step 250 | lr=9.045085e-04 | loss=14.425358
Epoch 005 | Step 260 | lr=9.045085e-04 | loss=15.138418
Epoch 005 | Step 270 | lr=9.045085e-04 | loss=14.235551
Epoch 005 | Step 280 | lr=9.045085e-04 | loss=14.969131
Epoch 005 | Step 290 | lr=9.045085e-04 | loss=14.576692
Epoch 005 | Step 300 | lr=9.045085e-04 | loss=15.182022
Epoch 005 | Step 310 | lr=9.045085e-04 | loss=15.754011
Epoch 005 | Step 320 | lr=9.045085e-04 | loss=13.935472
Epoch 005 | Step 330 | lr=9.045085e-04 | loss=14.176567
Epoch 005 | Step 340 | lr=9.045085e-04 | loss=14.912703
Epoch 005 | Step 350 | lr=9.045085e-04 | loss=14.256070
Epoch 005 | Step 360 | lr=9.045085e-04 | loss=15.736055
Epoch 005 | Step 370 | lr=9.045085e-04 | loss=15.795051
Epoch 005 | Step 380 | lr=9.045085e-04 | loss=15.074294
Epoch 005 | Step 390 | lr=9.045085e-04 | loss=14.112432
Epoch 005 | Step 400 | lr=9.045085e-04 | loss=14.384318
Epoch 005 | Step 410 | lr=9.045085e-04 | loss=14.304806
Epoch 005 | Step 420 | lr=9.045085e-04 | loss=14.804974
Epoch 005 | Step 430 | lr=9.045085e-04 | loss=14.266331
Epoch 005 | Step 440 | lr=9.045085e-04 | loss=15.097380
Epoch 005 | Step 450 | lr=9.045085e-04 | loss=14.630556
Epoch 005 | Step 460 | lr=9.045085e-04 | loss=12.845341
Epoch 005 | Step 470 | lr=9.045085e-04 | loss=15.328226
Epoch 005 | Step 480 | lr=9.045085e-04 | loss=14.207336
Epoch 005 | Step 490 | lr=9.045085e-04 | loss=15.081989
Epoch 005 | Step 500 | lr=9.045085e-04 | loss=12.876121
Epoch 005 | Step 510 | lr=9.045085e-04 | loss=15.238457
Epoch 005 | Step 520 | lr=9.045085e-04 | loss=14.964005
Epoch 005 | Step 530 | lr=9.045085e-04 | loss=16.418335
Epoch 005 | Step 540 | lr=9.045085e-04 | loss=15.330791
Epoch 005 | Step 550 | lr=9.045085e-04 | loss=14.220160
Epoch 005 | Step 560 | lr=9.045085e-04 | loss=15.410318
Epoch 005 | Step 570 | lr=9.045085e-04 | loss=15.671931
Epoch 005 | Step 580 | lr=9.045085e-04 | loss=14.964001
Epoch 005 | Step 590 | lr=9.045085e-04 | loss=14.863967
Epoch 005 | Step 600 | lr=9.045085e-04 | loss=14.140647
Epoch 005 | Step 610 | lr=9.045085e-04 | loss=14.086784
Epoch 005 | Step 620 | lr=9.045085e-04 | loss=14.763933
Epoch 005 | Step 630 | lr=9.045085e-04 | loss=15.305141
Epoch 005 | Step 640 | lr=9.045085e-04 | loss=15.053774
Epoch 005 | Step 650 | lr=9.045085e-04 | loss=14.810102
Epoch 005 | Step 660 | lr=9.045085e-04 | loss=15.341051
Epoch 005 | Step 670 | lr=9.045085e-04 | loss=14.389449
Epoch 005 | Step 680 | lr=9.045085e-04 | loss=14.599776
Epoch 005 | Step 690 | lr=9.045085e-04 | loss=14.481788
Epoch 005 | Step 700 | lr=9.045085e-04 | loss=15.777095
Epoch 005 | Step 710 | lr=9.045085e-04 | loss=14.661335
Epoch 005 | Step 720 | lr=9.045085e-04 | loss=14.971695
Epoch 005 | Step 730 | lr=9.045085e-04 | loss=14.235552
Epoch 005 | Step 740 | lr=9.045085e-04 | loss=14.517697
Epoch 005 | Step 750 | lr=9.045085e-04 | loss=14.227856
Epoch 005 | Step 760 | lr=9.045085e-04 | loss=14.797277
Epoch 005 | Step 770 | lr=9.045085e-04 | loss=15.064034
Epoch 005 | Step 780 | lr=9.045085e-04 | loss=14.263765
Epoch 005 | Step 790 | lr=9.045085e-04 | loss=16.097715
Epoch 005 | Step 800 | lr=9.045085e-04 | loss=15.433390
Epoch 005 | Step 810 | lr=9.045085e-04 | loss=14.430489
Epoch 005 | Step 820 | lr=9.045085e-04 | loss=13.235214
Epoch 005 | Step 830 | lr=9.045085e-04 | loss=14.871662
Epoch 005 | Step 840 | lr=9.045085e-04 | loss=15.441084
Epoch 005 | Step 850 | lr=9.045085e-04 | loss=15.718100
Epoch 005 | Step 860 | lr=9.045085e-04 | loss=14.309935
Epoch 005 | Step 870 | lr=9.045085e-04 | loss=15.759140
Epoch 005 | Step 880 | lr=9.045085e-04 | loss=14.579256
Epoch 005 | Step 890 | lr=9.045085e-04 | loss=15.161503
Epoch 005 | Step 900 | lr=9.045085e-04 | loss=14.894747
Epoch 005 | Step 910 | lr=9.045085e-04 | loss=15.140983
Epoch 005 | Step 920 | lr=9.045085e-04 | loss=13.540466
Epoch 005 | Step 930 | lr=9.045085e-04 | loss=15.969469
Epoch 005 | Step 940 | lr=9.045085e-04 | loss=14.392014
Epoch 005 | Step 950 | lr=9.045085e-04 | loss=15.346180
Epoch 005 | Step 960 | lr=9.045085e-04 | loss=15.633456
epoch 005 | train_kld=14.925408 | val_kld=6.635987 | val_mae=0.014989 | val_mse=0.001653 | ord_acc@10=0.1965 | recall@10=0.8118
Epoch 006 | Step 10 | lr=8.535534e-04 | loss=14.776758
Epoch 006 | Step 20 | lr=8.535534e-04 | loss=14.787018
Epoch 006 | Step 30 | lr=8.535534e-04 | loss=15.212803
Epoch 006 | Step 40 | lr=8.535534e-04 | loss=15.707840
Epoch 006 | Step 50 | lr=8.535534e-04 | loss=14.799843
Epoch 006 | Step 60 | lr=8.535534e-04 | loss=16.054110
Epoch 006 | Step 70 | lr=8.535534e-04 | loss=14.720329
Epoch 006 | Step 80 | lr=8.535534e-04 | loss=15.169198
Epoch 006 | Step 90 | lr=8.535534e-04 | loss=14.384319
Epoch 006 | Step 100 | lr=8.535534e-04 | loss=16.036156
Epoch 006 | Step 110 | lr=8.535534e-04 | loss=14.797277
Epoch 006 | Step 120 | lr=8.535534e-04 | loss=14.733154
Epoch 006 | Step 130 | lr=8.535534e-04 | loss=16.092587
Epoch 006 | Step 140 | lr=8.535534e-04 | loss=14.710070
Epoch 006 | Step 150 | lr=8.535534e-04 | loss=14.304806
Epoch 006 | Step 160 | lr=8.535534e-04 | loss=14.171427
Epoch 006 | Step 170 | lr=8.535534e-04 | loss=15.659106
Epoch 006 | Step 180 | lr=8.535534e-04 | loss=15.117899
Epoch 006 | Step 190 | lr=8.535534e-04 | loss=14.302240
Epoch 006 | Step 200 | lr=8.535534e-04 | loss=15.607807
Epoch 006 | Step 210 | lr=8.535534e-04 | loss=15.061470
Epoch 006 | Step 220 | lr=8.535534e-04 | loss=14.704939
Epoch 006 | Step 230 | lr=8.535534e-04 | loss=15.625762
Epoch 006 | Step 240 | lr=8.535534e-04 | loss=15.553942
Epoch 006 | Step 250 | lr=8.535534e-04 | loss=15.420564
Epoch 006 | Step 260 | lr=8.535534e-04 | loss=14.930656
Epoch 006 | Step 270 | lr=8.535534e-04 | loss=15.223063
Epoch 006 | Step 280 | lr=8.535534e-04 | loss=15.705275
Epoch 006 | Step 290 | lr=8.535534e-04 | loss=16.192619
Epoch 006 | Step 300 | lr=8.535534e-04 | loss=15.387219
Epoch 006 | Step 310 | lr=8.535534e-04 | loss=15.492384
Epoch 006 | Step 320 | lr=8.535534e-04 | loss=13.832851
Epoch 006 | Step 330 | lr=8.535534e-04 | loss=15.800179
Epoch 006 | Step 340 | lr=8.535534e-04 | loss=14.071394
Epoch 006 | Step 350 | lr=8.535534e-04 | loss=15.487254
Epoch 006 | Step 360 | lr=8.535534e-04 | loss=15.787354
Epoch 006 | Step 370 | lr=8.535534e-04 | loss=14.925528
Epoch 006 | Step 380 | lr=8.535534e-04 | loss=14.368930
Epoch 006 | Step 390 | lr=8.535534e-04 | loss=15.541118
Epoch 006 | Step 400 | lr=8.535534e-04 | loss=15.017864
Epoch 006 | Step 410 | lr=8.535534e-04 | loss=15.300012
Epoch 006 | Step 420 | lr=8.535534e-04 | loss=15.223063
Epoch 006 | Step 430 | lr=8.535534e-04 | loss=14.120128
Epoch 006 | Step 440 | lr=8.535534e-04 | loss=15.412870
Epoch 006 | Step 450 | lr=8.535534e-04 | loss=16.274696
Epoch 006 | Step 460 | lr=8.535534e-04 | loss=15.430824
Epoch 006 | Step 470 | lr=8.535534e-04 | loss=15.397480
Epoch 006 | Step 480 | lr=8.535534e-04 | loss=14.525393
Epoch 006 | Step 490 | lr=8.535534e-04 | loss=13.686649
Epoch 006 | Step 500 | lr=8.535534e-04 | loss=14.697245
Epoch 006 | Step 510 | lr=8.535534e-04 | loss=14.999910
Epoch 006 | Step 520 | lr=8.535534e-04 | loss=13.930321
Epoch 006 | Step 530 | lr=8.535534e-04 | loss=15.235888
Epoch 006 | Step 540 | lr=8.535534e-04 | loss=13.809767
Epoch 006 | Step 550 | lr=8.535534e-04 | loss=15.310270
Epoch 006 | Step 560 | lr=8.535534e-04 | loss=15.066599
Epoch 006 | Step 570 | lr=8.535534e-04 | loss=15.040950
Epoch 006 | Step 580 | lr=8.535534e-04 | loss=15.292316
Epoch 006 | Step 590 | lr=8.535534e-04 | loss=16.200314
Epoch 006 | Step 600 | lr=8.535534e-04 | loss=15.972031
Epoch 006 | Step 610 | lr=8.535534e-04 | loss=17.377632
Epoch 006 | Step 620 | lr=8.535534e-04 | loss=17.162178
Epoch 006 | Step 630 | lr=8.535534e-04 | loss=14.297111
Epoch 006 | Step 640 | lr=8.535534e-04 | loss=14.871662
Epoch 006 | Step 650 | lr=8.535534e-04 | loss=15.630892
Epoch 006 | Step 660 | lr=8.535534e-04 | loss=15.279492
Epoch 006 | Step 670 | lr=8.535534e-04 | loss=15.605242
Epoch 006 | Step 680 | lr=8.535534e-04 | loss=15.664236
Epoch 006 | Step 690 | lr=8.535534e-04 | loss=16.118235
Epoch 006 | Step 700 | lr=8.535534e-04 | loss=15.689886
Epoch 006 | Step 710 | lr=8.535534e-04 | loss=14.666466
Epoch 006 | Step 720 | lr=8.535534e-04 | loss=16.190054
Epoch 006 | Step 730 | lr=8.535534e-04 | loss=14.471528
Epoch 006 | Step 740 | lr=8.535534e-04 | loss=15.243582
Epoch 006 | Step 750 | lr=8.535534e-04 | loss=15.323095
Epoch 006 | Step 760 | lr=8.535534e-04 | loss=14.032919
Epoch 006 | Step 770 | lr=8.535534e-04 | loss=15.979727
Epoch 006 | Step 780 | lr=8.535534e-04 | loss=16.313171
Epoch 006 | Step 790 | lr=8.535534e-04 | loss=14.361235
Epoch 006 | Step 800 | lr=8.535534e-04 | loss=14.540781
Epoch 006 | Step 810 | lr=8.535534e-04 | loss=14.086782
Epoch 006 | Step 820 | lr=8.535534e-04 | loss=16.033592
Epoch 006 | Step 830 | lr=8.535534e-04 | loss=14.156038
Epoch 006 | Step 840 | lr=8.535534e-04 | loss=14.825493
Epoch 006 | Step 850 | lr=8.535534e-04 | loss=13.655869
Epoch 006 | Step 860 | lr=8.535534e-04 | loss=15.856607
Epoch 006 | Step 870 | lr=8.535534e-04 | loss=15.887388
Epoch 006 | Step 880 | lr=8.535534e-04 | loss=15.061469
Epoch 006 | Step 890 | lr=8.535534e-04 | loss=14.212466
Epoch 006 | Step 900 | lr=8.535534e-04 | loss=16.523499
Epoch 006 | Step 910 | lr=8.535534e-04 | loss=15.400045
Epoch 006 | Step 920 | lr=8.535534e-04 | loss=13.563531
Epoch 006 | Step 930 | lr=8.535534e-04 | loss=14.992216
Epoch 006 | Step 940 | lr=8.535534e-04 | loss=14.761369
Epoch 006 | Step 950 | lr=8.535534e-04 | loss=14.887053
Epoch 006 | Step 960 | lr=8.535534e-04 | loss=14.333020
epoch 006 | train_kld=15.080123 | val_kld=6.564785 | val_mae=0.014989 | val_mse=0.001653 | ord_acc@10=0.1939 | recall@10=0.8123
Epoch 007 | Step 10 | lr=7.938926e-04 | loss=14.738287
Epoch 007 | Step 20 | lr=7.938926e-04 | loss=14.220161
Epoch 007 | Step 30 | lr=7.938926e-04 | loss=14.384318
Epoch 007 | Step 40 | lr=7.938926e-04 | loss=14.489483
Epoch 007 | Step 50 | lr=7.938926e-04 | loss=14.630555
Epoch 007 | Step 60 | lr=7.938926e-04 | loss=16.341387
Epoch 007 | Step 70 | lr=7.938926e-04 | loss=13.899541
Epoch 007 | Step 80 | lr=7.938926e-04 | loss=15.813004
Epoch 007 | Step 90 | lr=7.938926e-04 | loss=15.325661
Epoch 007 | Step 100 | lr=7.938926e-04 | loss=14.933222
Epoch 007 | Step 110 | lr=7.938926e-04 | loss=13.953404
Epoch 007 | Step 120 | lr=7.938926e-04 | loss=14.638250
Epoch 007 | Step 130 | lr=7.938926e-04 | loss=14.394579
Epoch 007 | Step 140 | lr=7.938926e-04 | loss=14.343279
Epoch 007 | Step 150 | lr=7.938926e-04 | loss=15.182023
Epoch 007 | Step 160 | lr=7.938926e-04 | loss=15.661671
Epoch 007 | Step 170 | lr=7.938926e-04 | loss=15.471864
Epoch 007 | Step 180 | lr=7.938926e-04 | loss=14.438183
Epoch 007 | Step 190 | lr=7.938926e-04 | loss=13.104403
Epoch 007 | Step 200 | lr=7.938926e-04 | loss=15.105074
Epoch 007 | Step 210 | lr=7.938926e-04 | loss=15.294881
Epoch 007 | Step 220 | lr=7.938926e-04 | loss=16.282393
Epoch 007 | Step 230 | lr=7.938926e-04 | loss=14.173992
Epoch 007 | Step 240 | lr=7.938926e-04 | loss=14.897312
Epoch 007 | Step 250 | lr=7.938926e-04 | loss=13.663564
Epoch 007 | Step 260 | lr=7.938926e-04 | loss=15.579593
Epoch 007 | Step 270 | lr=7.938926e-04 | loss=14.866532
Epoch 007 | Step 280 | lr=7.938926e-04 | loss=14.869097
Epoch 007 | Step 290 | lr=7.938926e-04 | loss=15.056339
Epoch 007 | Step 300 | lr=7.938926e-04 | loss=14.938351
Epoch 007 | Step 310 | lr=7.938926e-04 | loss=14.710070
Epoch 007 | Step 320 | lr=7.938926e-04 | loss=14.766499
Epoch 007 | Step 330 | lr=7.938926e-04 | loss=17.811111
Epoch 007 | Step 340 | lr=7.938926e-04 | loss=15.630892
Epoch 007 | Step 350 | lr=7.938926e-04 | loss=15.346180
Epoch 007 | Step 360 | lr=7.938926e-04 | loss=14.704940
Epoch 007 | Step 370 | lr=7.938926e-04 | loss=14.740849
Epoch 007 | Step 380 | lr=7.938926e-04 | loss=13.889280
Epoch 007 | Step 390 | lr=7.938926e-04 | loss=14.722895
Epoch 007 | Step 400 | lr=7.938926e-04 | loss=16.074631
Epoch 007 | Step 410 | lr=7.938926e-04 | loss=15.659105
Epoch 007 | Step 420 | lr=7.938926e-04 | loss=14.686985
Epoch 007 | Step 430 | lr=7.938926e-04 | loss=14.948611
Epoch 007 | Step 440 | lr=7.938926e-04 | loss=17.010841
Epoch 007 | Step 450 | lr=7.938926e-04 | loss=13.989315
Epoch 007 | Step 460 | lr=7.938926e-04 | loss=14.399708
Epoch 007 | Step 470 | lr=7.938926e-04 | loss=12.168190
Epoch 007 | Step 480 | lr=7.938926e-04 | loss=14.256071
Epoch 007 | Step 490 | lr=7.938926e-04 | loss=14.525393
Epoch 007 | Step 500 | lr=7.938926e-04 | loss=13.925190
Epoch 007 | Step 510 | lr=7.938926e-04 | loss=14.099607
Epoch 007 | Step 520 | lr=7.938926e-04 | loss=14.917831
Epoch 007 | Step 530 | lr=7.938926e-04 | loss=16.423466
Epoch 007 | Step 540 | lr=7.938926e-04 | loss=14.584387
Epoch 007 | Step 550 | lr=7.938926e-04 | loss=15.138418
Epoch 007 | Step 560 | lr=7.938926e-04 | loss=13.863631
Epoch 007 | Step 570 | lr=7.938926e-04 | loss=14.846012
Epoch 007 | Step 580 | lr=7.938926e-04 | loss=16.490154
Epoch 007 | Step 590 | lr=7.938926e-04 | loss=16.210573
Epoch 007 | Step 600 | lr=7.938926e-04 | loss=14.091912
Epoch 007 | Step 610 | lr=7.938926e-04 | loss=15.838654
Epoch 007 | Step 620 | lr=7.938926e-04 | loss=16.159275
Epoch 007 | Step 630 | lr=7.938926e-04 | loss=15.512903
Epoch 007 | Step 640 | lr=7.938926e-04 | loss=15.951512
Epoch 007 | Step 650 | lr=7.938926e-04 | loss=15.097380
Epoch 007 | Step 660 | lr=7.938926e-04 | loss=15.182023
Epoch 007 | Step 670 | lr=7.938926e-04 | loss=13.904671
Epoch 007 | Step 680 | lr=7.938926e-04 | loss=16.779995
Epoch 007 | Step 690 | lr=7.938926e-04 | loss=14.184252
Epoch 007 | Step 700 | lr=7.938926e-04 | loss=15.379524
Epoch 007 | Step 710 | lr=7.938926e-04 | loss=12.086111
Epoch 007 | Step 720 | lr=7.938926e-04 | loss=15.712971
Epoch 007 | Step 730 | lr=7.938926e-04 | loss=14.520262
Epoch 007 | Step 740 | lr=7.938926e-04 | loss=15.705275
Epoch 007 | Step 750 | lr=7.938926e-04 | loss=13.876456
Epoch 007 | Step 760 | lr=7.938926e-04 | loss=14.173992
Epoch 007 | Step 770 | lr=7.938926e-04 | loss=181.152176
Epoch 007 | Step 780 | lr=7.938926e-04 | loss=472.931702
Epoch 007 | Step 790 | lr=7.938926e-04 | loss=1110.872192
Epoch 007 | Step 800 | lr=7.938926e-04 | loss=527.593384
Epoch 007 | Step 810 | lr=7.938926e-04 | loss=424.951324
Epoch 007 | Step 820 | lr=7.938926e-04 | loss=189.999222
Epoch 007 | Step 830 | lr=7.938926e-04 | loss=101.659470
Epoch 007 | Step 840 | lr=7.938926e-04 | loss=79.235619
Epoch 007 | Step 850 | lr=7.938926e-04 | loss=51.288105
Epoch 007 | Step 860 | lr=7.938926e-04 | loss=49.228046
Epoch 007 | Step 870 | lr=7.938926e-04 | loss=31.430851
Epoch 007 | Step 880 | lr=7.938926e-04 | loss=31.317654
Epoch 007 | Step 890 | lr=7.938926e-04 | loss=24.105923
Epoch 007 | Step 900 | lr=7.938926e-04 | loss=37.273613
Epoch 007 | Step 910 | lr=7.938926e-04 | loss=42.408855
Epoch 007 | Step 920 | lr=7.938926e-04 | loss=23.134289
Epoch 007 | Step 930 | lr=7.938926e-04 | loss=31.676104
Epoch 007 | Step 940 | lr=7.938926e-04 | loss=24.529718
Epoch 007 | Step 950 | lr=7.938926e-04 | loss=19.930952
Epoch 007 | Step 960 | lr=7.938926e-04 | loss=27.922947
epoch 007 | train_kld=44.357458 | val_kld=9.198029 | val_mae=0.014965 | val_mse=0.001651 | ord_acc@10=0.1549 | recall@10=0.7745
Epoch 008 | Step 10 | lr=7.269952e-04 | loss=18.246323
Epoch 008 | Step 20 | lr=7.269952e-04 | loss=18.684330
Epoch 008 | Step 30 | lr=7.269952e-04 | loss=19.358810
Epoch 008 | Step 40 | lr=7.269952e-04 | loss=17.074747
Epoch 008 | Step 50 | lr=7.269952e-04 | loss=16.688459
Epoch 008 | Step 60 | lr=7.269952e-04 | loss=17.277327
Epoch 008 | Step 70 | lr=7.269952e-04 | loss=16.565151
Epoch 008 | Step 80 | lr=7.269952e-04 | loss=16.933969
Epoch 008 | Step 90 | lr=7.269952e-04 | loss=17.023157
Epoch 008 | Step 100 | lr=7.269952e-04 | loss=18.313246
Epoch 008 | Step 110 | lr=7.269952e-04 | loss=17.160843
Epoch 008 | Step 120 | lr=7.269952e-04 | loss=14.969650
Epoch 008 | Step 130 | lr=7.269952e-04 | loss=15.023048
Epoch 008 | Step 140 | lr=7.269952e-04 | loss=14.748905
Epoch 008 | Step 150 | lr=7.269952e-04 | loss=16.261309
Epoch 008 | Step 160 | lr=7.269952e-04 | loss=16.369373
Epoch 008 | Step 170 | lr=7.269952e-04 | loss=16.096859
Epoch 008 | Step 180 | lr=7.269952e-04 | loss=15.568242
Epoch 008 | Step 190 | lr=7.269952e-04 | loss=16.045176
Epoch 008 | Step 200 | lr=7.269952e-04 | loss=16.137663
Epoch 008 | Step 210 | lr=7.269952e-04 | loss=16.104025
Epoch 008 | Step 220 | lr=7.269952e-04 | loss=15.729519
Epoch 008 | Step 230 | lr=7.269952e-04 | loss=15.357430
Epoch 008 | Step 240 | lr=7.269952e-04 | loss=14.418755
Epoch 008 | Step 250 | lr=7.269952e-04 | loss=16.370312
Epoch 008 | Step 260 | lr=7.269952e-04 | loss=16.042068
Epoch 008 | Step 270 | lr=7.269952e-04 | loss=16.036678
Epoch 008 | Step 280 | lr=7.269952e-04 | loss=15.928939
Epoch 008 | Step 290 | lr=7.269952e-04 | loss=14.651550
Epoch 008 | Step 300 | lr=7.269952e-04 | loss=16.264833
Epoch 008 | Step 310 | lr=7.269952e-04 | loss=16.221474
Epoch 008 | Step 320 | lr=7.269952e-04 | loss=18.008911
Epoch 008 | Step 330 | lr=7.269952e-04 | loss=14.761643
Epoch 008 | Step 340 | lr=7.269952e-04 | loss=15.241302
Epoch 008 | Step 350 | lr=7.269952e-04 | loss=19.216936
Epoch 008 | Step 360 | lr=7.269952e-04 | loss=16.826508
Epoch 008 | Step 370 | lr=7.269952e-04 | loss=16.236437
Epoch 008 | Step 380 | lr=7.269952e-04 | loss=16.959688
Epoch 008 | Step 390 | lr=7.269952e-04 | loss=13.892023
Epoch 008 | Step 400 | lr=7.269952e-04 | loss=17.621422
Epoch 008 | Step 410 | lr=7.269952e-04 | loss=14.494757
Epoch 008 | Step 420 | lr=7.269952e-04 | loss=16.931419
Epoch 008 | Step 430 | lr=7.269952e-04 | loss=15.749022
Epoch 008 | Step 440 | lr=7.269952e-04 | loss=16.115797
Epoch 008 | Step 450 | lr=7.269952e-04 | loss=17.295658
Epoch 008 | Step 460 | lr=7.269952e-04 | loss=16.313271
Epoch 008 | Step 470 | lr=7.269952e-04 | loss=14.910204
Epoch 008 | Step 480 | lr=7.269952e-04 | loss=15.456539
Epoch 008 | Step 490 | lr=7.269952e-04 | loss=16.905750
Epoch 008 | Step 500 | lr=7.269952e-04 | loss=15.628412
Epoch 008 | Step 510 | lr=7.269952e-04 | loss=14.281837
Epoch 008 | Step 520 | lr=7.269952e-04 | loss=13.676493
Epoch 008 | Step 530 | lr=7.269952e-04 | loss=16.467133
Epoch 008 | Step 540 | lr=7.269952e-04 | loss=15.217997
Epoch 008 | Step 550 | lr=7.269952e-04 | loss=16.810839
Epoch 008 | Step 560 | lr=7.269952e-04 | loss=16.046442
Epoch 008 | Step 570 | lr=7.269952e-04 | loss=17.767536
Epoch 008 | Step 580 | lr=7.269952e-04 | loss=15.984861
Epoch 008 | Step 590 | lr=7.269952e-04 | loss=15.889975
Epoch 008 | Step 600 | lr=7.269952e-04 | loss=17.259653
Epoch 008 | Step 610 | lr=7.269952e-04 | loss=17.629044
Epoch 008 | Step 620 | lr=7.269952e-04 | loss=17.146786
Epoch 008 | Step 630 | lr=7.269952e-04 | loss=15.500113
Epoch 008 | Step 640 | lr=7.269952e-04 | loss=15.687356
Epoch 008 | Step 650 | lr=7.269952e-04 | loss=17.541821
Epoch 008 | Step 660 | lr=7.269952e-04 | loss=15.097397
Epoch 008 | Step 670 | lr=7.269952e-04 | loss=18.690910
Epoch 008 | Step 680 | lr=7.269952e-04 | loss=13.855939
Epoch 008 | Step 690 | lr=7.269952e-04 | loss=16.892872
Epoch 008 | Step 700 | lr=7.269952e-04 | loss=16.077213
Epoch 008 | Step 710 | lr=7.269952e-04 | loss=14.112440
Epoch 008 | Step 720 | lr=7.269952e-04 | loss=17.326351
Epoch 008 | Step 730 | lr=7.269952e-04 | loss=17.087816
Epoch 008 | Step 740 | lr=7.269952e-04 | loss=15.161505
Epoch 008 | Step 750 | lr=7.269952e-04 | loss=17.811131
Epoch 008 | Step 760 | lr=7.269952e-04 | loss=15.856624
Epoch 008 | Step 770 | lr=7.269952e-04 | loss=18.955097
Epoch 008 | Step 780 | lr=7.269952e-04 | loss=16.659452
Epoch 008 | Step 790 | lr=7.269952e-04 | loss=16.479897
Epoch 008 | Step 800 | lr=7.269952e-04 | loss=17.336597
Epoch 008 | Step 810 | lr=7.269952e-04 | loss=14.630564
Epoch 008 | Step 820 | lr=7.269952e-04 | loss=15.815576
Epoch 008 | Step 830 | lr=7.269952e-04 | loss=15.430828
Epoch 008 | Step 840 | lr=7.269952e-04 | loss=17.875240
Epoch 008 | Step 850 | lr=7.269952e-04 | loss=13.758488
Epoch 008 | Step 860 | lr=7.269952e-04 | loss=15.987422
Epoch 008 | Step 870 | lr=7.269952e-04 | loss=18.703720
Epoch 008 | Step 880 | lr=7.269952e-04 | loss=17.716208
Epoch 008 | Step 890 | lr=7.269952e-04 | loss=14.925528
Epoch 008 | Step 900 | lr=7.269952e-04 | loss=15.251278
Epoch 008 | Step 910 | lr=7.269952e-04 | loss=17.649521
Epoch 008 | Step 920 | lr=7.269952e-04 | loss=15.925862
Epoch 008 | Step 930 | lr=7.269952e-04 | loss=16.154156
Epoch 008 | Step 940 | lr=7.269952e-04 | loss=14.792149
Epoch 008 | Step 950 | lr=7.269952e-04 | loss=15.415453
Epoch 008 | Step 960 | lr=7.269952e-04 | loss=16.641514
epoch 008 | train_kld=16.263048 | val_kld=6.849063 | val_mae=0.014989 | val_mse=0.001653 | ord_acc@10=0.1979 | recall@10=0.8087
Epoch 009 | Step 10 | lr=6.545085e-04 | loss=17.767506
Epoch 009 | Step 20 | lr=6.545085e-04 | loss=15.936123
Epoch 009 | Step 30 | lr=6.545085e-04 | loss=13.971361
Epoch 009 | Step 40 | lr=6.545085e-04 | loss=15.048645
Epoch 009 | Step 50 | lr=6.545085e-04 | loss=16.790260
Epoch 009 | Step 60 | lr=6.545085e-04 | loss=14.943485
Epoch 009 | Step 70 | lr=6.545085e-04 | loss=15.130725
Epoch 009 | Step 80 | lr=6.545085e-04 | loss=15.387220
Epoch 009 | Step 90 | lr=6.545085e-04 | loss=16.377308
Epoch 009 | Step 100 | lr=6.545085e-04 | loss=17.549484
Epoch 009 | Step 110 | lr=6.545085e-04 | loss=15.058908
Epoch 009 | Step 120 | lr=6.545085e-04 | loss=14.376627
Epoch 009 | Step 130 | lr=6.545085e-04 | loss=14.666466
Epoch 009 | Step 140 | lr=6.545085e-04 | loss=15.212803
Epoch 009 | Step 150 | lr=6.545085e-04 | loss=15.248719
Epoch 009 | Step 160 | lr=6.545085e-04 | loss=16.441420
Epoch 009 | Step 170 | lr=6.545085e-04 | loss=16.833858
Epoch 009 | Step 180 | lr=6.545085e-04 | loss=15.848914
Epoch 009 | Step 190 | lr=6.545085e-04 | loss=13.576363
Epoch 009 | Step 200 | lr=6.545085e-04 | loss=16.264439
Epoch 009 | Step 210 | lr=6.545085e-04 | loss=14.466400
Epoch 009 | Step 220 | lr=6.545085e-04 | loss=16.133625
Epoch 009 | Step 230 | lr=6.545085e-04 | loss=14.922962
Epoch 009 | Step 240 | lr=6.545085e-04 | loss=15.346180
Epoch 009 | Step 250 | lr=6.545085e-04 | loss=16.787691
Epoch 009 | Step 260 | lr=6.545085e-04 | loss=15.715536
Epoch 009 | Step 270 | lr=6.545085e-04 | loss=15.461608
Epoch 009 | Step 280 | lr=6.545085e-04 | loss=15.700146
Epoch 009 | Step 290 | lr=6.545085e-04 | loss=14.148343
Epoch 009 | Step 300 | lr=6.545085e-04 | loss=17.395588
Epoch 009 | Step 310 | lr=6.545085e-04 | loss=16.192619
Epoch 009 | Step 320 | lr=6.545085e-04 | loss=15.225627
Epoch 009 | Step 330 | lr=6.545085e-04 | loss=15.592417
Epoch 009 | Step 340 | lr=6.545085e-04 | loss=16.074631
Epoch 009 | Step 350 | lr=6.545085e-04 | loss=15.636022
Epoch 009 | Step 360 | lr=6.545085e-04 | loss=16.592754
Epoch 009 | Step 370 | lr=6.545085e-04 | loss=15.825830
Epoch 009 | Step 380 | lr=6.545085e-04 | loss=14.507438
Epoch 009 | Step 390 | lr=6.545085e-04 | loss=15.435954
Epoch 009 | Step 400 | lr=6.545085e-04 | loss=15.476994
Epoch 009 | Step 410 | lr=6.545085e-04 | loss=16.090021
Epoch 009 | Step 420 | lr=6.545085e-04 | loss=16.136190
Epoch 009 | Step 430 | lr=6.545085e-04 | loss=15.679626
Epoch 009 | Step 440 | lr=6.545085e-04 | loss=15.392351
Epoch 009 | Step 450 | lr=6.545085e-04 | loss=13.653313
Epoch 009 | Step 460 | lr=6.545085e-04 | loss=15.782224
Epoch 009 | Step 470 | lr=6.545085e-04 | loss=15.869433
Epoch 009 | Step 480 | lr=6.545085e-04 | loss=17.944489
Epoch 009 | Step 490 | lr=6.545085e-04 | loss=18.390793
Epoch 009 | Step 500 | lr=6.545085e-04 | loss=15.577026
Epoch 009 | Step 510 | lr=6.545085e-04 | loss=16.515804
Epoch 009 | Step 520 | lr=6.545085e-04 | loss=14.576692
Epoch 009 | Step 530 | lr=6.545085e-04 | loss=13.879021
Epoch 009 | Step 540 | lr=6.545085e-04 | loss=15.400045
Epoch 009 | Step 550 | lr=6.545085e-04 | loss=14.974260
Epoch 009 | Step 560 | lr=6.545085e-04 | loss=15.866868
Epoch 009 | Step 570 | lr=6.545085e-04 | loss=15.795049
Epoch 009 | Step 580 | lr=6.545085e-04 | loss=16.436291
Epoch 009 | Step 590 | lr=6.545085e-04 | loss=13.094142
Epoch 009 | Step 600 | lr=6.545085e-04 | loss=16.020765
Epoch 009 | Step 610 | lr=6.545085e-04 | loss=16.551714
Epoch 009 | Step 620 | lr=6.545085e-04 | loss=16.082325
Epoch 009 | Step 630 | lr=6.545085e-04 | loss=14.568998
Epoch 009 | Step 640 | lr=6.545085e-04 | loss=15.361595
Epoch 009 | Step 650 | lr=6.545085e-04 | loss=16.415771
Epoch 009 | Step 660 | lr=6.545085e-04 | loss=15.530858
Epoch 009 | Step 670 | lr=6.545085e-04 | loss=15.469299
Epoch 009 | Step 680 | lr=6.545085e-04 | loss=15.733490
Epoch 009 | Step 690 | lr=6.545085e-04 | loss=15.843783
Epoch 009 | Step 700 | lr=6.545085e-04 | loss=16.897984
Epoch 009 | Step 710 | lr=6.545085e-04 | loss=15.813004
Epoch 009 | Step 720 | lr=6.545085e-04 | loss=17.136524
Epoch 009 | Step 730 | lr=6.545085e-04 | loss=17.513577
Epoch 009 | Step 740 | lr=6.545085e-04 | loss=17.077530
Epoch 009 | Step 750 | lr=6.545085e-04 | loss=15.907907
Epoch 009 | Step 760 | lr=6.545085e-04 | loss=18.383099
Epoch 009 | Step 770 | lr=6.545085e-04 | loss=15.058905
Epoch 009 | Step 780 | lr=6.545085e-04 | loss=15.941253
Epoch 009 | Step 790 | lr=6.545085e-04 | loss=16.069500
Epoch 009 | Step 800 | lr=6.545085e-04 | loss=17.441755
Epoch 009 | Step 810 | lr=6.545085e-04 | loss=17.372501
Epoch 009 | Step 820 | lr=6.545085e-04 | loss=15.435954
Epoch 009 | Step 830 | lr=6.545085e-04 | loss=16.726131
Epoch 009 | Step 840 | lr=6.545085e-04 | loss=15.972033
Epoch 009 | Step 850 | lr=6.545085e-04 | loss=16.318302
Epoch 009 | Step 860 | lr=6.545085e-04 | loss=17.174999
Epoch 009 | Step 870 | lr=6.545085e-04 | loss=15.792484
Epoch 009 | Step 880 | lr=6.545085e-04 | loss=15.972032
Epoch 009 | Step 890 | lr=6.545085e-04 | loss=16.087456
Epoch 009 | Step 900 | lr=6.545085e-04 | loss=14.853707
Epoch 009 | Step 910 | lr=6.545085e-04 | loss=16.859509
Epoch 009 | Step 920 | lr=6.545085e-04 | loss=16.038721
Epoch 009 | Step 930 | lr=6.545085e-04 | loss=17.513577
Epoch 009 | Step 940 | lr=6.545085e-04 | loss=17.436626
Epoch 009 | Step 950 | lr=6.545085e-04 | loss=14.833187
Epoch 009 | Step 960 | lr=6.545085e-04 | loss=15.010170
epoch 009 | train_kld=15.872041 | val_kld=6.940923 | val_mae=0.014989 | val_mse=0.001653 | ord_acc@10=0.1975 | recall@10=0.8079
Epoch 010 | Step 10 | lr=5.782172e-04 | loss=16.331127
Epoch 010 | Step 20 | lr=5.782172e-04 | loss=16.023331
Epoch 010 | Step 30 | lr=5.782172e-04 | loss=15.033255
Epoch 010 | Step 40 | lr=5.782172e-04 | loss=15.625761
Epoch 010 | Step 50 | lr=5.782172e-04 | loss=14.961435
Epoch 010 | Step 60 | lr=5.782172e-04 | loss=16.297783
Epoch 010 | Step 70 | lr=5.782172e-04 | loss=14.315065
Epoch 010 | Step 80 | lr=5.782172e-04 | loss=16.146450
Epoch 010 | Step 90 | lr=5.782172e-04 | loss=16.592754
Epoch 010 | Step 100 | lr=5.782172e-04 | loss=15.146113
Epoch 010 | Step 110 | lr=5.782172e-04 | loss=16.577377
Epoch 010 | Step 120 | lr=5.782172e-04 | loss=16.282393
Epoch 010 | Step 130 | lr=5.782172e-04 | loss=14.766500
Epoch 010 | Step 140 | lr=5.782172e-04 | loss=16.166971
Epoch 010 | Step 150 | lr=5.782172e-04 | loss=16.297783
Epoch 010 | Step 160 | lr=5.782172e-04 | loss=15.507773
Epoch 010 | Step 170 | lr=5.782172e-04 | loss=17.351982
Epoch 010 | Step 180 | lr=5.782172e-04 | loss=14.756239
Epoch 010 | Step 190 | lr=5.782172e-04 | loss=16.125931
Epoch 010 | Step 200 | lr=5.782172e-04 | loss=14.417664
Epoch 010 | Step 210 | lr=5.782172e-04 | loss=15.697580
Epoch 010 | Step 220 | lr=5.782172e-04 | loss=17.087791
Epoch 010 | Step 230 | lr=5.782172e-04 | loss=15.389785
Epoch 010 | Step 240 | lr=5.782172e-04 | loss=14.545912
Epoch 010 | Step 250 | lr=5.782172e-04 | loss=17.169870
Epoch 010 | Step 260 | lr=5.782172e-04 | loss=15.702711
Epoch 010 | Step 270 | lr=5.782172e-04 | loss=16.223398
Epoch 010 | Step 280 | lr=5.782172e-04 | loss=18.126602
Epoch 010 | Step 290 | lr=5.782172e-04 | loss=14.353539
Epoch 010 | Step 300 | lr=5.782172e-04 | loss=16.190054
Epoch 010 | Step 310 | lr=5.782172e-04 | loss=16.790255
Epoch 010 | Step 320 | lr=5.782172e-04 | loss=16.787689
Epoch 010 | Step 330 | lr=5.782172e-04 | loss=15.748880
Epoch 010 | Step 340 | lr=5.782172e-04 | loss=16.223398
Epoch 010 | Step 350 | lr=5.782172e-04 | loss=15.128159
Epoch 010 | Step 360 | lr=5.782172e-04 | loss=15.046080
Epoch 010 | Step 370 | lr=5.782172e-04 | loss=16.015636
Epoch 010 | Step 380 | lr=5.782172e-04 | loss=14.504872
Epoch 010 | Step 390 | lr=5.782172e-04 | loss=14.733154
Epoch 010 | Step 400 | lr=5.782172e-04 | loss=16.143883
Epoch 010 | Step 410 | lr=5.782172e-04 | loss=15.151243
Epoch 010 | Step 420 | lr=5.782172e-04 | loss=16.567104
Epoch 010 | Step 430 | lr=5.782172e-04 | loss=15.379525
Epoch 010 | Step 440 | lr=5.782172e-04 | loss=15.648847
Epoch 010 | Step 450 | lr=5.782172e-04 | loss=16.536324
Epoch 010 | Step 460 | lr=5.782172e-04 | loss=16.474766
Epoch 010 | Step 470 | lr=5.782172e-04 | loss=15.410304
Epoch 010 | Step 480 | lr=5.782172e-04 | loss=16.797951
Epoch 010 | Step 490 | lr=5.782172e-04 | loss=17.251947
Epoch 010 | Step 500 | lr=5.782172e-04 | loss=14.599775
Epoch 010 | Step 510 | lr=5.782172e-04 | loss=16.872335
Epoch 010 | Step 520 | lr=5.782172e-04 | loss=15.012735
Epoch 010 | Step 530 | lr=5.782172e-04 | loss=17.444321
Epoch 010 | Step 540 | lr=5.782172e-04 | loss=16.431160
Epoch 010 | Step 550 | lr=5.782172e-04 | loss=15.048644
Epoch 010 | Step 560 | lr=5.782172e-04 | loss=17.095486
Epoch 010 | Step 570 | lr=5.782172e-04 | loss=16.774864
Epoch 010 | Step 580 | lr=5.782172e-04 | loss=15.784790
Epoch 010 | Step 590 | lr=5.782172e-04 | loss=16.028461
Epoch 010 | Step 600 | lr=5.782172e-04 | loss=14.445878
Epoch 010 | Step 610 | lr=5.782172e-04 | loss=15.248713
Epoch 010 | Step 620 | lr=5.782172e-04 | loss=15.335920
Epoch 010 | Step 630 | lr=5.782172e-04 | loss=16.002811
Epoch 010 | Step 640 | lr=5.782172e-04 | loss=15.954077
Epoch 010 | Step 650 | lr=5.782172e-04 | loss=15.081989
Epoch 010 | Step 660 | lr=5.782172e-04 | loss=15.974597
Epoch 010 | Step 670 | lr=5.782172e-04 | loss=14.556171
Epoch 010 | Step 680 | lr=5.782172e-04 | loss=16.374731
Epoch 010 | Step 690 | lr=5.782172e-04 | loss=15.736055
Epoch 010 | Step 700 | lr=5.782172e-04 | loss=14.645947
Epoch 010 | Step 710 | lr=5.782172e-04 | loss=15.382090
Epoch 010 | Step 720 | lr=5.782172e-04 | loss=15.343616
Epoch 010 | Step 730 | lr=5.782172e-04 | loss=17.690557
Epoch 010 | Step 740 | lr=5.782172e-04 | loss=14.966566
Epoch 010 | Step 750 | lr=5.782172e-04 | loss=16.723568
Epoch 010 | Step 760 | lr=5.782172e-04 | loss=16.787691
Epoch 010 | Step 770 | lr=5.782172e-04 | loss=15.633456
Epoch 010 | Step 780 | lr=5.782172e-04 | loss=16.772301
Epoch 010 | Step 790 | lr=5.782172e-04 | loss=15.738621
Epoch 010 | Step 800 | lr=5.782172e-04 | loss=14.692115
Epoch 010 | Step 810 | lr=5.782172e-04 | loss=14.643381
Epoch 010 | Step 820 | lr=5.782172e-04 | loss=15.225627
Epoch 010 | Step 830 | lr=5.782172e-04 | loss=17.359676
Epoch 010 | Step 840 | lr=5.782172e-04 | loss=15.653976
Epoch 010 | Step 850 | lr=5.782172e-04 | loss=15.687321
Epoch 010 | Step 860 | lr=5.782172e-04 | loss=17.346851
Epoch 010 | Step 870 | lr=5.782172e-04 | loss=15.710405
Epoch 010 | Step 880 | lr=5.782172e-04 | loss=16.377296
Epoch 010 | Step 890 | lr=5.782172e-04 | loss=16.120800
Epoch 010 | Step 900 | lr=5.782172e-04 | loss=14.563866
Epoch 010 | Step 910 | lr=5.782172e-04 | loss=15.317966
Epoch 010 | Step 920 | lr=5.782172e-04 | loss=16.069500
Epoch 010 | Step 930 | lr=5.782172e-04 | loss=14.356105
Epoch 010 | Step 940 | lr=5.782172e-04 | loss=15.261537
Epoch 010 | Step 950 | lr=5.782172e-04 | loss=17.780331
Epoch 010 | Step 960 | lr=5.782172e-04 | loss=15.748880
epoch 010 | train_kld=15.761655 | val_kld=6.513030 | val_mae=0.014989 | val_mse=0.001653 | ord_acc@10=0.2082 | recall@10=0.8134
Epoch 011 | Step 10 | lr=5.000000e-04 | loss=14.981956
Epoch 011 | Step 20 | lr=5.000000e-04 | loss=14.910136
Epoch 011 | Step 30 | lr=5.000000e-04 | loss=16.559408
Epoch 011 | Step 40 | lr=5.000000e-04 | loss=16.084888
Epoch 011 | Step 50 | lr=5.000000e-04 | loss=16.038721
Epoch 011 | Step 60 | lr=5.000000e-04 | loss=15.930992
Epoch 011 | Step 70 | lr=5.000000e-04 | loss=16.574799
Epoch 011 | Step 80 | lr=5.000000e-04 | loss=16.800514
Epoch 011 | Step 90 | lr=5.000000e-04 | loss=18.642159
Epoch 011 | Step 100 | lr=5.000000e-04 | loss=17.334028
Epoch 011 | Step 110 | lr=5.000000e-04 | loss=15.348747
Epoch 011 | Step 120 | lr=5.000000e-04 | loss=14.607471
Epoch 011 | Step 130 | lr=5.000000e-04 | loss=15.220497
Epoch 011 | Step 140 | lr=5.000000e-04 | loss=14.604906
Epoch 011 | Step 150 | lr=5.000000e-04 | loss=15.954077
Epoch 011 | Step 160 | lr=5.000000e-04 | loss=15.361570
Epoch 011 | Step 170 | lr=5.000000e-04 | loss=14.497177
Epoch 011 | Step 180 | lr=5.000000e-04 | loss=14.240682
Epoch 011 | Step 190 | lr=5.000000e-04 | loss=17.980398
Epoch 011 | Step 200 | lr=5.000000e-04 | loss=15.030690
Epoch 011 | Step 210 | lr=5.000000e-04 | loss=15.410305
Epoch 011 | Step 220 | lr=5.000000e-04 | loss=14.912702
Epoch 011 | Step 230 | lr=5.000000e-04 | loss=14.779324
Epoch 011 | Step 240 | lr=5.000000e-04 | loss=17.269903
Epoch 011 | Step 250 | lr=5.000000e-04 | loss=15.982292
Epoch 011 | Step 260 | lr=5.000000e-04 | loss=14.422793
Epoch 011 | Step 270 | lr=5.000000e-04 | loss=16.510674
Epoch 011 | Step 280 | lr=5.000000e-04 | loss=16.392685
Epoch 011 | Step 290 | lr=5.000000e-04 | loss=17.364807
Epoch 011 | Step 300 | lr=5.000000e-04 | loss=16.323433
Epoch 011 | Step 310 | lr=5.000000e-04 | loss=15.851479
Epoch 011 | Step 320 | lr=5.000000e-04 | loss=15.415434
Epoch 011 | Step 330 | lr=5.000000e-04 | loss=15.564202
Epoch 011 | Step 340 | lr=5.000000e-04 | loss=14.043179
Epoch 011 | Step 350 | lr=5.000000e-04 | loss=16.744087
Epoch 011 | Step 360 | lr=5.000000e-04 | loss=14.266331
Epoch 011 | Step 370 | lr=5.000000e-04 | loss=16.131058
Epoch 011 | Step 380 | lr=5.000000e-04 | loss=14.607471
Epoch 011 | Step 390 | lr=5.000000e-04 | loss=16.241354
Epoch 011 | Step 400 | lr=5.000000e-04 | loss=16.715872
Epoch 011 | Step 410 | lr=5.000000e-04 | loss=15.871998
Epoch 011 | Step 420 | lr=5.000000e-04 | loss=15.448780
Epoch 011 | Step 430 | lr=5.000000e-04 | loss=13.899540
Epoch 011 | Step 440 | lr=5.000000e-04 | loss=15.915603
Epoch 011 | Step 450 | lr=5.000000e-04 | loss=15.882258
Epoch 011 | Step 460 | lr=5.000000e-04 | loss=15.328226
Epoch 011 | Step 470 | lr=5.000000e-04 | loss=15.887388
Epoch 011 | Step 480 | lr=5.000000e-04 | loss=16.777430
Epoch 011 | Step 490 | lr=5.000000e-04 | loss=15.312836
Epoch 011 | Step 500 | lr=5.000000e-04 | loss=14.566431
Epoch 011 | Step 510 | lr=5.000000e-04 | loss=15.043514
Epoch 011 | Step 520 | lr=5.000000e-04 | loss=17.085226
Epoch 011 | Step 530 | lr=5.000000e-04 | loss=16.446550
Epoch 011 | Step 540 | lr=5.000000e-04 | loss=15.171762
Epoch 011 | Step 550 | lr=5.000000e-04 | loss=14.776758
Epoch 011 | Step 560 | lr=5.000000e-04 | loss=15.274361
Epoch 011 | Step 570 | lr=5.000000e-04 | loss=15.010170
Epoch 011 | Step 580 | lr=5.000000e-04 | loss=17.057011
Epoch 011 | Step 590 | lr=5.000000e-04 | loss=14.981956
Epoch 011 | Step 600 | lr=5.000000e-04 | loss=15.533422
Epoch 011 | Step 610 | lr=5.000000e-04 | loss=15.105074
Epoch 011 | Step 620 | lr=5.000000e-04 | loss=16.572233
Epoch 011 | Step 630 | lr=5.000000e-04 | loss=13.555836
Epoch 011 | Step 640 | lr=5.000000e-04 | loss=16.254177
Epoch 011 | Step 650 | lr=5.000000e-04 | loss=15.169198
Epoch 011 | Step 660 | lr=5.000000e-04 | loss=16.251614
Epoch 011 | Step 670 | lr=5.000000e-04 | loss=15.353875
Epoch 011 | Step 680 | lr=5.000000e-04 | loss=15.420565
Epoch 011 | Step 690 | lr=5.000000e-04 | loss=15.382090
Epoch 011 | Step 700 | lr=5.000000e-04 | loss=15.925862
Epoch 011 | Step 710 | lr=5.000000e-04 | loss=14.792149
Epoch 011 | Step 720 | lr=5.000000e-04 | loss=14.728024
Epoch 011 | Step 730 | lr=5.000000e-04 | loss=14.979391
Epoch 011 | Step 740 | lr=5.000000e-04 | loss=15.089684
Epoch 011 | Step 750 | lr=5.000000e-04 | loss=14.084218
Epoch 011 | Step 760 | lr=5.000000e-04 | loss=15.761705
Epoch 011 | Step 770 | lr=5.000000e-04 | loss=15.510339
Epoch 011 | Step 780 | lr=5.000000e-04 | loss=15.541118
Epoch 011 | Step 790 | lr=5.000000e-04 | loss=15.564202
Epoch 011 | Step 800 | lr=5.000000e-04 | loss=16.862074
Epoch 011 | Step 810 | lr=5.000000e-04 | loss=14.758804
Epoch 011 | Step 820 | lr=5.000000e-04 | loss=16.384991
Epoch 011 | Step 830 | lr=5.000000e-04 | loss=14.443314
Epoch 011 | Step 840 | lr=5.000000e-04 | loss=16.261871
Epoch 011 | Step 850 | lr=5.000000e-04 | loss=15.871999
Epoch 011 | Step 860 | lr=5.000000e-04 | loss=16.364471
Epoch 011 | Step 870 | lr=5.000000e-04 | loss=14.822927
Epoch 011 | Step 880 | lr=5.000000e-04 | loss=14.720329
Epoch 011 | Step 890 | lr=5.000000e-04 | loss=15.225628
Epoch 011 | Step 900 | lr=5.000000e-04 | loss=15.653977
Epoch 011 | Step 910 | lr=5.000000e-04 | loss=14.894747
Epoch 011 | Step 920 | lr=5.000000e-04 | loss=15.579592
Epoch 011 | Step 930 | lr=5.000000e-04 | loss=13.812332
Epoch 011 | Step 940 | lr=5.000000e-04 | loss=15.787354
Epoch 011 | Step 950 | lr=5.000000e-04 | loss=14.258636
Epoch 011 | Step 960 | lr=5.000000e-04 | loss=14.992216
epoch 011 | train_kld=15.592024 | val_kld=6.665103 | val_mae=0.014989 | val_mse=0.001653 | ord_acc@10=0.2143 | recall@10=0.8120
Epoch 012 | Step 10 | lr=4.217828e-04 | loss=14.535651
Epoch 012 | Step 20 | lr=4.217828e-04 | loss=15.743750
Epoch 012 | Step 30 | lr=4.217828e-04 | loss=15.176893
Epoch 012 | Step 40 | lr=4.217828e-04 | loss=15.966902
Epoch 012 | Step 50 | lr=4.217828e-04 | loss=15.705276
Epoch 012 | Step 60 | lr=4.217828e-04 | loss=15.535988
Epoch 012 | Step 70 | lr=4.217828e-04 | loss=16.192619
Epoch 012 | Step 80 | lr=4.217828e-04 | loss=16.090019
Epoch 012 | Step 90 | lr=4.217828e-04 | loss=14.253506
Epoch 012 | Step 100 | lr=4.217828e-04 | loss=15.589852
Epoch 012 | Step 110 | lr=4.217828e-04 | loss=15.851479
Epoch 012 | Step 120 | lr=4.217828e-04 | loss=13.704603
Epoch 012 | Step 130 | lr=4.217828e-04 | loss=16.382425
Epoch 012 | Step 140 | lr=4.217828e-04 | loss=13.899541
Epoch 012 | Step 150 | lr=4.217828e-04 | loss=15.774530
Epoch 012 | Step 160 | lr=4.217828e-04 | loss=15.138418
Epoch 012 | Step 170 | lr=4.217828e-04 | loss=15.484688
Epoch 012 | Step 180 | lr=4.217828e-04 | loss=16.626099
Epoch 012 | Step 190 | lr=4.217828e-04 | loss=16.261873
Epoch 012 | Step 200 | lr=4.217828e-04 | loss=14.899877
Epoch 012 | Step 210 | lr=4.217828e-04 | loss=13.750772
Epoch 012 | Step 220 | lr=4.217828e-04 | loss=15.058905
Epoch 012 | Step 230 | lr=4.217828e-04 | loss=14.225292
Epoch 012 | Step 240 | lr=4.217828e-04 | loss=15.659106
Epoch 012 | Step 250 | lr=4.217828e-04 | loss=16.795385
Epoch 012 | Step 260 | lr=4.217828e-04 | loss=16.025896
Epoch 012 | Step 270 | lr=4.217828e-04 | loss=15.328226
Epoch 012 | Step 280 | lr=4.217828e-04 | loss=16.880030
Epoch 012 | Step 290 | lr=4.217828e-04 | loss=14.928091
Epoch 012 | Step 300 | lr=4.217828e-04 | loss=14.992216
Epoch 012 | Step 310 | lr=4.217828e-04 | loss=16.526064
Epoch 012 | Step 320 | lr=4.217828e-04 | loss=15.571898
Epoch 012 | Step 330 | lr=4.217828e-04 | loss=15.051209
Epoch 012 | Step 340 | lr=4.217828e-04 | loss=15.128159
Epoch 012 | Step 350 | lr=4.217828e-04 | loss=15.079424
Epoch 012 | Step 360 | lr=4.217828e-04 | loss=16.595318
Epoch 012 | Step 370 | lr=4.217828e-04 | loss=15.659106
Epoch 012 | Step 380 | lr=4.217828e-04 | loss=15.125593
Epoch 012 | Step 390 | lr=4.217828e-04 | loss=15.651411
Epoch 012 | Step 400 | lr=4.217828e-04 | loss=15.364136
Epoch 012 | Step 410 | lr=4.217828e-04 | loss=15.813004
Epoch 012 | Step 420 | lr=4.217828e-04 | loss=16.023331
Epoch 012 | Step 430 | lr=4.217828e-04 | loss=15.081990
Epoch 012 | Step 440 | lr=4.217828e-04 | loss=16.131060
Epoch 012 | Step 450 | lr=4.217828e-04 | loss=15.836088
Epoch 012 | Step 460 | lr=4.217828e-04 | loss=15.695016
Epoch 012 | Step 470 | lr=4.217828e-04 | loss=13.858501
Epoch 012 | Step 480 | lr=4.217828e-04 | loss=15.569332
Epoch 012 | Step 490 | lr=4.217828e-04 | loss=15.813004
Epoch 012 | Step 500 | lr=4.217828e-04 | loss=15.205107
Epoch 012 | Step 510 | lr=4.217828e-04 | loss=14.633120
Epoch 012 | Step 520 | lr=4.217828e-04 | loss=16.151579
Epoch 012 | Step 530 | lr=4.217828e-04 | loss=14.409968
Epoch 012 | Step 540 | lr=4.217828e-04 | loss=15.623197
Epoch 012 | Step 550 | lr=4.217828e-04 | loss=16.190054
Epoch 012 | Step 560 | lr=4.217828e-04 | loss=14.964001
Epoch 012 | Step 570 | lr=4.217828e-04 | loss=13.871326
Epoch 012 | Step 580 | lr=4.217828e-04 | loss=15.461604
Epoch 012 | Step 590 | lr=4.217828e-04 | loss=16.090019
Epoch 012 | Step 600 | lr=4.217828e-04 | loss=14.869097
Epoch 012 | Step 610 | lr=4.217828e-04 | loss=16.582495
Epoch 012 | Step 620 | lr=4.217828e-04 | loss=16.921068
Epoch 012 | Step 630 | lr=4.217828e-04 | loss=16.610708
Epoch 012 | Step 640 | lr=4.217828e-04 | loss=16.261871
Epoch 012 | Step 650 | lr=4.217828e-04 | loss=15.777094
Epoch 012 | Step 660 | lr=4.217828e-04 | loss=14.863967
Epoch 012 | Step 670 | lr=4.217828e-04 | loss=14.753674
Epoch 012 | Step 680 | lr=4.217828e-04 | loss=15.348745
Epoch 012 | Step 690 | lr=4.217828e-04 | loss=15.182022
Epoch 012 | Step 700 | lr=4.217828e-04 | loss=15.615502
Epoch 012 | Step 710 | lr=4.217828e-04 | loss=16.218269
Epoch 012 | Step 720 | lr=4.217828e-04 | loss=16.125929
Epoch 012 | Step 730 | lr=4.217828e-04 | loss=16.146450
Epoch 012 | Step 740 | lr=4.217828e-04 | loss=16.223398
Epoch 012 | Step 750 | lr=4.217828e-04 | loss=15.715534
Epoch 012 | Step 760 | lr=4.217828e-04 | loss=16.066935
Epoch 012 | Step 770 | lr=4.217828e-04 | loss=15.166633
Epoch 012 | Step 780 | lr=4.217828e-04 | loss=16.269567
Epoch 012 | Step 790 | lr=4.217828e-04 | loss=15.428259
Epoch 012 | Step 800 | lr=4.217828e-04 | loss=14.581820
Epoch 012 | Step 810 | lr=4.217828e-04 | loss=15.092249
Epoch 012 | Step 820 | lr=4.217828e-04 | loss=15.230758
Epoch 012 | Step 830 | lr=4.217828e-04 | loss=16.069500
Epoch 012 | Step 840 | lr=4.217828e-04 | loss=14.681854
Epoch 012 | Step 850 | lr=4.217828e-04 | loss=15.520598
Epoch 012 | Step 860 | lr=4.217828e-04 | loss=14.235551
Epoch 012 | Step 870 | lr=4.217828e-04 | loss=15.294882
Epoch 012 | Step 880 | lr=4.217828e-04 | loss=15.451344
Epoch 012 | Step 890 | lr=4.217828e-04 | loss=15.382090
Epoch 012 | Step 900 | lr=4.217828e-04 | loss=16.233660
Epoch 012 | Step 910 | lr=4.217828e-04 | loss=15.546247
Epoch 012 | Step 920 | lr=4.217828e-04 | loss=15.489819
Epoch 012 | Step 930 | lr=4.217828e-04 | loss=13.466061
Epoch 012 | Step 940 | lr=4.217828e-04 | loss=14.994781
Epoch 012 | Step 950 | lr=4.217828e-04 | loss=14.984520
Epoch 012 | Step 960 | lr=4.217828e-04 | loss=15.818134
epoch 012 | train_kld=15.367358 | val_kld=6.437373 | val_mae=0.014989 | val_mse=0.001653 | ord_acc@10=0.2148 | recall@10=0.8153
Epoch 013 | Step 10 | lr=3.454915e-04 | loss=14.776758
Epoch 013 | Step 20 | lr=3.454915e-04 | loss=15.692451
Epoch 013 | Step 30 | lr=3.454915e-04 | loss=13.317293
Epoch 013 | Step 40 | lr=3.454915e-04 | loss=14.987085
Epoch 013 | Step 50 | lr=3.454915e-04 | loss=14.071394
Epoch 013 | Step 60 | lr=3.454915e-04 | loss=15.138418
Epoch 013 | Step 70 | lr=3.454915e-04 | loss=14.599775
Epoch 013 | Step 80 | lr=3.454915e-04 | loss=15.256407
Epoch 013 | Step 90 | lr=3.454915e-04 | loss=15.761705
Epoch 013 | Step 100 | lr=3.454915e-04 | loss=14.143212
Epoch 013 | Step 110 | lr=3.454915e-04 | loss=13.832851
Epoch 013 | Step 120 | lr=3.454915e-04 | loss=15.115334
Epoch 013 | Step 130 | lr=3.454915e-04 | loss=14.787019
Epoch 013 | Step 140 | lr=3.454915e-04 | loss=15.374394
Epoch 013 | Step 150 | lr=3.454915e-04 | loss=14.040613
Epoch 013 | Step 160 | lr=3.454915e-04 | loss=14.894747
Epoch 013 | Step 170 | lr=3.454915e-04 | loss=14.512568
Epoch 013 | Step 180 | lr=3.454915e-04 | loss=17.005713
Epoch 013 | Step 190 | lr=3.454915e-04 | loss=15.766834
Epoch 013 | Step 200 | lr=3.454915e-04 | loss=14.148343
Epoch 013 | Step 210 | lr=3.454915e-04 | loss=15.656542
Epoch 013 | Step 220 | lr=3.454915e-04 | loss=16.331127
Epoch 013 | Step 230 | lr=3.454915e-04 | loss=16.733826
Epoch 013 | Step 240 | lr=3.454915e-04 | loss=16.267002
Epoch 013 | Step 250 | lr=3.454915e-04 | loss=14.830623
Epoch 013 | Step 260 | lr=3.454915e-04 | loss=15.551378
Epoch 013 | Step 270 | lr=3.454915e-04 | loss=14.774193
Epoch 013 | Step 280 | lr=3.454915e-04 | loss=14.222727
Epoch 013 | Step 290 | lr=3.454915e-04 | loss=15.618067
Epoch 013 | Step 300 | lr=3.454915e-04 | loss=15.058905
Epoch 013 | Step 310 | lr=3.454915e-04 | loss=14.238116
Epoch 013 | Step 320 | lr=3.454915e-04 | loss=14.630556
Epoch 013 | Step 330 | lr=3.454915e-04 | loss=14.299676
Epoch 013 | Step 340 | lr=3.454915e-04 | loss=14.558736
Epoch 013 | Step 350 | lr=3.454915e-04 | loss=14.810103
Epoch 013 | Step 360 | lr=3.454915e-04 | loss=13.796942
Epoch 013 | Step 370 | lr=3.454915e-04 | loss=14.861403
Epoch 013 | Step 380 | lr=3.454915e-04 | loss=14.599775
Epoch 013 | Step 390 | lr=3.454915e-04 | loss=15.854044
Epoch 013 | Step 400 | lr=3.454915e-04 | loss=14.443313
Epoch 013 | Step 410 | lr=3.454915e-04 | loss=15.525728
Epoch 013 | Step 420 | lr=3.454915e-04 | loss=15.582157
Epoch 013 | Step 430 | lr=3.454915e-04 | loss=15.030690
Epoch 013 | Step 440 | lr=3.454915e-04 | loss=14.238115
Epoch 013 | Step 450 | lr=3.454915e-04 | loss=14.102173
Epoch 013 | Step 460 | lr=3.454915e-04 | loss=16.792820
Epoch 013 | Step 470 | lr=3.454915e-04 | loss=14.032919
Epoch 013 | Step 480 | lr=3.454915e-04 | loss=14.971696
Epoch 013 | Step 490 | lr=3.454915e-04 | loss=14.884487
Epoch 013 | Step 500 | lr=3.454915e-04 | loss=15.487253
Epoch 013 | Step 510 | lr=3.454915e-04 | loss=14.851143
Epoch 013 | Step 520 | lr=3.454915e-04 | loss=14.835752
Epoch 013 | Step 530 | lr=3.454915e-04 | loss=15.487253
Epoch 013 | Step 540 | lr=3.454915e-04 | loss=14.892181
Epoch 013 | Step 550 | lr=3.454915e-04 | loss=14.571562
Epoch 013 | Step 560 | lr=3.454915e-04 | loss=14.427923
Epoch 013 | Step 570 | lr=3.454915e-04 | loss=16.249046
Epoch 013 | Step 580 | lr=3.454915e-04 | loss=15.497514
Epoch 013 | Step 590 | lr=3.454915e-04 | loss=14.861403
Epoch 013 | Step 600 | lr=3.454915e-04 | loss=15.779659
Epoch 013 | Step 610 | lr=3.454915e-04 | loss=14.009834
Epoch 013 | Step 620 | lr=3.454915e-04 | loss=15.105074
Epoch 013 | Step 630 | lr=3.454915e-04 | loss=15.777095
Epoch 013 | Step 640 | lr=3.454915e-04 | loss=15.176893
Epoch 013 | Step 650 | lr=3.454915e-04 | loss=16.603012
Epoch 013 | Step 660 | lr=3.454915e-04 | loss=14.697245
Epoch 013 | Step 670 | lr=3.454915e-04 | loss=13.083883
Epoch 013 | Step 680 | lr=3.454915e-04 | loss=14.671595
Epoch 013 | Step 690 | lr=3.454915e-04 | loss=15.428260
Epoch 013 | Step 700 | lr=3.454915e-04 | loss=14.417664
Epoch 013 | Step 710 | lr=3.454915e-04 | loss=14.915267
Epoch 013 | Step 720 | lr=3.454915e-04 | loss=14.286850
Epoch 013 | Step 730 | lr=3.454915e-04 | loss=13.422458
Epoch 013 | Step 740 | lr=3.454915e-04 | loss=15.482124
Epoch 013 | Step 750 | lr=3.454915e-04 | loss=14.853708
Epoch 013 | Step 760 | lr=3.454915e-04 | loss=15.466734
Epoch 013 | Step 770 | lr=3.454915e-04 | loss=14.874228
Epoch 013 | Step 780 | lr=3.454915e-04 | loss=13.863630
Epoch 013 | Step 790 | lr=3.454915e-04 | loss=13.314729
Epoch 013 | Step 800 | lr=3.454915e-04 | loss=15.592418
Epoch 013 | Step 810 | lr=3.454915e-04 | loss=14.507437
Epoch 013 | Step 820 | lr=3.454915e-04 | loss=15.494948
Epoch 013 | Step 830 | lr=3.454915e-04 | loss=14.120128
Epoch 013 | Step 840 | lr=3.454915e-04 | loss=15.430824
Epoch 013 | Step 850 | lr=3.454915e-04 | loss=14.858837
Epoch 013 | Step 860 | lr=3.454915e-04 | loss=17.341724
Epoch 013 | Step 870 | lr=3.454915e-04 | loss=16.184923
Epoch 013 | Step 880 | lr=3.454915e-04 | loss=14.135517
Epoch 013 | Step 890 | lr=3.454915e-04 | loss=16.274696
Epoch 013 | Step 900 | lr=3.454915e-04 | loss=15.005041
Epoch 013 | Step 910 | lr=3.454915e-04 | loss=14.533087
Epoch 013 | Step 920 | lr=3.454915e-04 | loss=15.623197
Epoch 013 | Step 930 | lr=3.454915e-04 | loss=14.861403
Epoch 013 | Step 940 | lr=3.454915e-04 | loss=14.738285
Epoch 013 | Step 950 | lr=3.454915e-04 | loss=15.471863
Epoch 013 | Step 960 | lr=3.454915e-04 | loss=15.456473
epoch 013 | train_kld=15.157109 | val_kld=6.409789 | val_mae=0.014989 | val_mse=0.001653 | ord_acc@10=0.2150 | recall@10=0.8162
Epoch 014 | Step 10 | lr=2.730048e-04 | loss=14.379189
Epoch 014 | Step 20 | lr=2.730048e-04 | loss=15.376960
Epoch 014 | Step 30 | lr=2.730048e-04 | loss=14.964001
Epoch 014 | Step 40 | lr=2.730048e-04 | loss=14.158602
Epoch 014 | Step 50 | lr=2.730048e-04 | loss=13.991879
Epoch 014 | Step 60 | lr=2.730048e-04 | loss=14.284286
Epoch 014 | Step 70 | lr=2.730048e-04 | loss=15.266666
Epoch 014 | Step 80 | lr=2.730048e-04 | loss=15.553943
Epoch 014 | Step 90 | lr=2.730048e-04 | loss=15.995117
Epoch 014 | Step 100 | lr=2.730048e-04 | loss=15.651411
Epoch 014 | Step 110 | lr=2.730048e-04 | loss=15.120463
Epoch 014 | Step 120 | lr=2.730048e-04 | loss=16.077194
Epoch 014 | Step 130 | lr=2.730048e-04 | loss=16.815907
Epoch 014 | Step 140 | lr=2.730048e-04 | loss=14.368929
Epoch 014 | Step 150 | lr=2.730048e-04 | loss=14.043179
Epoch 014 | Step 160 | lr=2.730048e-04 | loss=15.064034
Epoch 014 | Step 170 | lr=2.730048e-04 | loss=14.063698
Epoch 014 | Step 180 | lr=2.730048e-04 | loss=15.176893
Epoch 014 | Step 190 | lr=2.730048e-04 | loss=15.310271
Epoch 014 | Step 200 | lr=2.730048e-04 | loss=13.681520
Epoch 014 | Step 210 | lr=2.730048e-04 | loss=15.997682
Epoch 014 | Step 220 | lr=2.730048e-04 | loss=15.146112
Epoch 014 | Step 230 | lr=2.730048e-04 | loss=15.625761
Epoch 014 | Step 240 | lr=2.730048e-04 | loss=14.669029
Epoch 014 | Step 250 | lr=2.730048e-04 | loss=15.048645
Epoch 014 | Step 260 | lr=2.730048e-04 | loss=14.466398
Epoch 014 | Step 270 | lr=2.730048e-04 | loss=13.586615
Epoch 014 | Step 280 | lr=2.730048e-04 | loss=13.389112
Epoch 014 | Step 290 | lr=2.730048e-04 | loss=14.822927
Epoch 014 | Step 300 | lr=2.730048e-04 | loss=14.538218
Epoch 014 | Step 310 | lr=2.730048e-04 | loss=15.074294
Epoch 014 | Step 320 | lr=2.730048e-04 | loss=15.428260
Epoch 014 | Step 330 | lr=2.730048e-04 | loss=14.374060
Epoch 014 | Step 340 | lr=2.730048e-04 | loss=14.445879
Epoch 014 | Step 350 | lr=2.730048e-04 | loss=15.025560
Epoch 014 | Step 360 | lr=2.730048e-04 | loss=14.217596
Epoch 014 | Step 370 | lr=2.730048e-04 | loss=14.884487
Epoch 014 | Step 380 | lr=2.730048e-04 | loss=15.582157
Epoch 014 | Step 390 | lr=2.730048e-04 | loss=15.820700
Epoch 014 | Step 400 | lr=2.730048e-04 | loss=14.289415
Epoch 014 | Step 410 | lr=2.730048e-04 | loss=15.233322
Epoch 014 | Step 420 | lr=2.730048e-04 | loss=14.658770
Epoch 014 | Step 430 | lr=2.730048e-04 | loss=16.123363
Epoch 014 | Step 440 | lr=2.730048e-04 | loss=14.138083
Epoch 014 | Step 450 | lr=2.730048e-04 | loss=12.755568
Epoch 014 | Step 460 | lr=2.730048e-04 | loss=14.238116
Epoch 014 | Step 470 | lr=2.730048e-04 | loss=15.384655
Epoch 014 | Step 480 | lr=2.730048e-04 | loss=14.738284
Epoch 014 | Step 490 | lr=2.730048e-04 | loss=15.040949
Epoch 014 | Step 500 | lr=2.730048e-04 | loss=15.913037
Epoch 014 | Step 510 | lr=2.730048e-04 | loss=15.312836
Epoch 014 | Step 520 | lr=2.730048e-04 | loss=15.682190
Epoch 014 | Step 530 | lr=2.730048e-04 | loss=14.510002
Epoch 014 | Step 540 | lr=2.730048e-04 | loss=16.951849
Epoch 014 | Step 550 | lr=2.730048e-04 | loss=14.943480
Epoch 014 | Step 560 | lr=2.730048e-04 | loss=15.502644
Epoch 014 | Step 570 | lr=2.730048e-04 | loss=16.267002
Epoch 014 | Step 580 | lr=2.730048e-04 | loss=15.102509
Epoch 014 | Step 590 | lr=2.730048e-04 | loss=15.594983
Epoch 014 | Step 600 | lr=2.730048e-04 | loss=14.925527
Epoch 014 | Step 610 | lr=2.730048e-04 | loss=16.549149
Epoch 014 | Step 620 | lr=2.730048e-04 | loss=14.738283
Epoch 014 | Step 630 | lr=2.730048e-04 | loss=15.864302
Epoch 014 | Step 640 | lr=2.730048e-04 | loss=15.461603
Epoch 014 | Step 650 | lr=2.730048e-04 | loss=15.913036
Epoch 014 | Step 660 | lr=2.730048e-04 | loss=14.020094
Epoch 014 | Step 670 | lr=2.730048e-04 | loss=15.212803
Epoch 014 | Step 680 | lr=2.730048e-04 | loss=15.099945
Epoch 014 | Step 690 | lr=2.730048e-04 | loss=13.735384
Epoch 014 | Step 700 | lr=2.730048e-04 | loss=13.171091
Epoch 014 | Step 710 | lr=2.730048e-04 | loss=14.486917
Epoch 014 | Step 720 | lr=2.730048e-04 | loss=15.197413
Epoch 014 | Step 730 | lr=2.730048e-04 | loss=15.094814
Epoch 014 | Step 740 | lr=2.730048e-04 | loss=13.907236
Epoch 014 | Step 750 | lr=2.730048e-04 | loss=14.458702
Epoch 014 | Step 760 | lr=2.730048e-04 | loss=14.489483
Epoch 014 | Step 770 | lr=2.730048e-04 | loss=13.414762
Epoch 014 | Step 780 | lr=2.730048e-04 | loss=15.025560
Epoch 014 | Step 790 | lr=2.730048e-04 | loss=13.568661
Epoch 014 | Step 800 | lr=2.730048e-04 | loss=16.277264
Epoch 014 | Step 810 | lr=2.730048e-04 | loss=18.159946
Epoch 014 | Step 820 | lr=2.730048e-04 | loss=15.233322
Epoch 014 | Step 830 | lr=2.730048e-04 | loss=15.412870
Epoch 014 | Step 840 | lr=2.730048e-04 | loss=14.258636
Epoch 014 | Step 850 | lr=2.730048e-04 | loss=14.353540
Epoch 014 | Step 860 | lr=2.730048e-04 | loss=15.182022
Epoch 014 | Step 870 | lr=2.730048e-04 | loss=16.018202
Epoch 014 | Step 880 | lr=2.730048e-04 | loss=15.602676
Epoch 014 | Step 890 | lr=2.730048e-04 | loss=13.294209
Epoch 014 | Step 900 | lr=2.730048e-04 | loss=14.250940
Epoch 014 | Step 910 | lr=2.730048e-04 | loss=13.935450
Epoch 014 | Step 920 | lr=2.730048e-04 | loss=13.894411
Epoch 014 | Step 930 | lr=2.730048e-04 | loss=15.915602
Epoch 014 | Step 940 | lr=2.730048e-04 | loss=14.274026
Epoch 014 | Step 950 | lr=2.730048e-04 | loss=14.794714
Epoch 014 | Step 960 | lr=2.730048e-04 | loss=14.535652
epoch 014 | train_kld=14.979948 | val_kld=6.182591 | val_mae=0.014989 | val_mse=0.001653 | ord_acc@10=0.2173 | recall@10=0.8192
Epoch 015 | Step 10 | lr=2.061074e-04 | loss=14.684420
Epoch 015 | Step 20 | lr=2.061074e-04 | loss=13.566095
Epoch 015 | Step 30 | lr=2.061074e-04 | loss=14.761369
Epoch 015 | Step 40 | lr=2.061074e-04 | loss=16.610706
Epoch 015 | Step 50 | lr=2.061074e-04 | loss=13.858501
Epoch 015 | Step 60 | lr=2.061074e-04 | loss=15.605242
Epoch 015 | Step 70 | lr=2.061074e-04 | loss=15.364136
Epoch 015 | Step 80 | lr=2.061074e-04 | loss=15.943817
Epoch 015 | Step 90 | lr=2.061074e-04 | loss=13.581486
Epoch 015 | Step 100 | lr=2.061074e-04 | loss=15.038385
Epoch 015 | Step 110 | lr=2.061074e-04 | loss=14.463833
Epoch 015 | Step 120 | lr=2.061074e-04 | loss=13.812332
Epoch 015 | Step 130 | lr=2.061074e-04 | loss=13.699474
Epoch 015 | Step 140 | lr=2.061074e-04 | loss=13.904671
Epoch 015 | Step 150 | lr=2.061074e-04 | loss=13.666129
Epoch 015 | Step 160 | lr=2.061074e-04 | loss=15.715536
Epoch 015 | Step 170 | lr=2.061074e-04 | loss=15.538553
Epoch 015 | Step 180 | lr=2.061074e-04 | loss=14.756239
Epoch 015 | Step 190 | lr=2.061074e-04 | loss=14.912701
Epoch 015 | Step 200 | lr=2.061074e-04 | loss=15.571898
Epoch 015 | Step 210 | lr=2.061074e-04 | loss=14.920397
Epoch 015 | Step 220 | lr=2.061074e-04 | loss=15.951511
Epoch 015 | Step 230 | lr=2.061074e-04 | loss=15.861738
Epoch 015 | Step 240 | lr=2.061074e-04 | loss=15.961771
Epoch 015 | Step 250 | lr=2.061074e-04 | loss=14.797279
Epoch 015 | Step 260 | lr=2.061074e-04 | loss=15.723230
Epoch 015 | Step 270 | lr=2.061074e-04 | loss=14.604906
Epoch 015 | Step 280 | lr=2.061074e-04 | loss=13.979055
Epoch 015 | Step 290 | lr=2.061074e-04 | loss=14.286850
Epoch 015 | Step 300 | lr=2.061074e-04 | loss=15.471865
Epoch 015 | Step 310 | lr=2.061074e-04 | loss=15.843784
Epoch 015 | Step 320 | lr=2.061074e-04 | loss=14.361235
Epoch 015 | Step 330 | lr=2.061074e-04 | loss=14.143211
Epoch 015 | Step 340 | lr=2.061074e-04 | loss=15.007605
Epoch 015 | Step 350 | lr=2.061074e-04 | loss=13.691779
Epoch 015 | Step 360 | lr=2.061074e-04 | loss=13.761032
Epoch 015 | Step 370 | lr=2.061074e-04 | loss=14.630556
Epoch 015 | Step 380 | lr=2.061074e-04 | loss=15.238453
Epoch 015 | Step 390 | lr=2.061074e-04 | loss=14.984520
Epoch 015 | Step 400 | lr=2.061074e-04 | loss=15.243582
Epoch 015 | Step 410 | lr=2.061074e-04 | loss=14.987086
Epoch 015 | Step 420 | lr=2.061074e-04 | loss=13.301905
Epoch 015 | Step 430 | lr=2.061074e-04 | loss=15.535988
Epoch 015 | Step 440 | lr=2.061074e-04 | loss=13.991879
Epoch 015 | Step 450 | lr=2.061074e-04 | loss=15.782225
Epoch 015 | Step 460 | lr=2.061074e-04 | loss=14.212467
Epoch 015 | Step 470 | lr=2.061074e-04 | loss=15.535988
Epoch 015 | Step 480 | lr=2.061074e-04 | loss=13.560966
Epoch 015 | Step 490 | lr=2.061074e-04 | loss=14.710070
Epoch 015 | Step 500 | lr=2.061074e-04 | loss=14.856273
Epoch 015 | Step 510 | lr=2.061074e-04 | loss=15.856608
Epoch 015 | Step 520 | lr=2.061074e-04 | loss=15.777095
Epoch 015 | Step 530 | lr=2.061074e-04 | loss=14.279156
Epoch 015 | Step 540 | lr=2.061074e-04 | loss=13.201870
Epoch 015 | Step 550 | lr=2.061074e-04 | loss=14.050874
Epoch 015 | Step 560 | lr=2.061074e-04 | loss=14.451008
Epoch 015 | Step 570 | lr=2.061074e-04 | loss=13.660999
Epoch 015 | Step 580 | lr=2.061074e-04 | loss=14.338150
Epoch 015 | Step 590 | lr=2.061074e-04 | loss=13.537881
Epoch 015 | Step 600 | lr=2.061074e-04 | loss=15.453909
Epoch 015 | Step 610 | lr=2.061074e-04 | loss=14.530521
Epoch 015 | Step 620 | lr=2.061074e-04 | loss=14.751108
Epoch 015 | Step 630 | lr=2.061074e-04 | loss=14.109867
Epoch 015 | Step 640 | lr=2.061074e-04 | loss=15.040949
Epoch 015 | Step 650 | lr=2.061074e-04 | loss=15.900212
Epoch 015 | Step 660 | lr=2.061074e-04 | loss=14.597211
Epoch 015 | Step 670 | lr=2.061074e-04 | loss=14.533087
Epoch 015 | Step 680 | lr=2.061074e-04 | loss=15.669366
Epoch 015 | Step 690 | lr=2.061074e-04 | loss=15.020431
Epoch 015 | Step 700 | lr=2.061074e-04 | loss=15.271797
Epoch 015 | Step 710 | lr=2.061074e-04 | loss=14.956306
Epoch 015 | Step 720 | lr=2.061074e-04 | loss=15.048645
Epoch 015 | Step 730 | lr=2.061074e-04 | loss=14.394579
Epoch 015 | Step 740 | lr=2.061074e-04 | loss=14.899878
Epoch 015 | Step 750 | lr=2.061074e-04 | loss=14.545912
Epoch 015 | Step 760 | lr=2.061074e-04 | loss=15.002476
Epoch 015 | Step 770 | lr=2.061074e-04 | loss=15.205108
Epoch 015 | Step 780 | lr=2.061074e-04 | loss=12.932549
Epoch 015 | Step 790 | lr=2.061074e-04 | loss=15.128159
Epoch 015 | Step 800 | lr=2.061074e-04 | loss=14.350975
Epoch 015 | Step 810 | lr=2.061074e-04 | loss=14.199642
Epoch 015 | Step 820 | lr=2.061074e-04 | loss=15.692451
Epoch 015 | Step 830 | lr=2.061074e-04 | loss=16.728697
Epoch 015 | Step 840 | lr=2.061074e-04 | loss=15.587287
Epoch 015 | Step 850 | lr=2.061074e-04 | loss=14.486917
Epoch 015 | Step 860 | lr=2.061074e-04 | loss=13.001803
Epoch 015 | Step 870 | lr=2.061074e-04 | loss=15.028124
Epoch 015 | Step 880 | lr=2.061074e-04 | loss=15.400045
Epoch 015 | Step 890 | lr=2.061074e-04 | loss=16.161839
Epoch 015 | Step 900 | lr=2.061074e-04 | loss=15.933558
Epoch 015 | Step 910 | lr=2.061074e-04 | loss=14.733154
Epoch 015 | Step 920 | lr=2.061074e-04 | loss=15.092249
Epoch 015 | Step 930 | lr=2.061074e-04 | loss=14.835752
Epoch 015 | Step 940 | lr=2.061074e-04 | loss=14.579256
Epoch 015 | Step 950 | lr=2.061074e-04 | loss=14.433053
Epoch 015 | Step 960 | lr=2.061074e-04 | loss=14.073958
epoch 015 | train_kld=14.830035 | val_kld=6.332035 | val_mae=0.014989 | val_mse=0.001653 | ord_acc@10=0.2144 | recall@10=0.8169
Epoch 016 | Step 10 | lr=1.464466e-04 | loss=15.264101
Epoch 016 | Step 20 | lr=1.464466e-04 | loss=15.400044
Epoch 016 | Step 30 | lr=1.464466e-04 | loss=14.279156
Epoch 016 | Step 40 | lr=1.464466e-04 | loss=14.715199
Epoch 016 | Step 50 | lr=1.464466e-04 | loss=15.843784
Epoch 016 | Step 60 | lr=1.464466e-04 | loss=14.838318
Epoch 016 | Step 70 | lr=1.464466e-04 | loss=15.069164
Epoch 016 | Step 80 | lr=1.464466e-04 | loss=15.538553
Epoch 016 | Step 90 | lr=1.464466e-04 | loss=16.736393
Epoch 016 | Step 100 | lr=1.464466e-04 | loss=14.871662
Epoch 016 | Step 110 | lr=1.464466e-04 | loss=15.158938
Epoch 016 | Step 120 | lr=1.464466e-04 | loss=15.387220
Epoch 016 | Step 130 | lr=1.464466e-04 | loss=13.486582
Epoch 016 | Step 140 | lr=1.464466e-04 | loss=13.691778
Epoch 016 | Step 150 | lr=1.464466e-04 | loss=14.599776
Epoch 016 | Step 160 | lr=1.464466e-04 | loss=14.276590
Epoch 016 | Step 170 | lr=1.464466e-04 | loss=14.415098
Epoch 016 | Step 180 | lr=1.464466e-04 | loss=13.927755
Epoch 016 | Step 190 | lr=1.464466e-04 | loss=15.279491
Epoch 016 | Step 200 | lr=1.464466e-04 | loss=15.461604
Epoch 016 | Step 210 | lr=1.464466e-04 | loss=16.431160
Epoch 016 | Step 220 | lr=1.464466e-04 | loss=14.538218
Epoch 016 | Step 230 | lr=1.464466e-04 | loss=14.717764
Epoch 016 | Step 240 | lr=1.464466e-04 | loss=13.843111
Epoch 016 | Step 250 | lr=1.464466e-04 | loss=14.774193
Epoch 016 | Step 260 | lr=1.464466e-04 | loss=15.056339
Epoch 016 | Step 270 | lr=1.464466e-04 | loss=15.025560
Epoch 016 | Step 280 | lr=1.464466e-04 | loss=14.217596
Epoch 016 | Step 290 | lr=1.464466e-04 | loss=15.405174
Epoch 016 | Step 300 | lr=1.464466e-04 | loss=13.632784
Epoch 016 | Step 310 | lr=1.464466e-04 | loss=14.122692
Epoch 016 | Step 320 | lr=1.464466e-04 | loss=14.122692
Epoch 016 | Step 330 | lr=1.464466e-04 | loss=15.979727
Epoch 016 | Step 340 | lr=1.464466e-04 | loss=13.761033
Epoch 016 | Step 350 | lr=1.464466e-04 | loss=14.079088
Epoch 016 | Step 360 | lr=1.464466e-04 | loss=14.802408
Epoch 016 | Step 370 | lr=1.464466e-04 | loss=14.881922
Epoch 016 | Step 380 | lr=1.464466e-04 | loss=15.764270
Epoch 016 | Step 390 | lr=1.464466e-04 | loss=14.209902
Epoch 016 | Step 400 | lr=1.464466e-04 | loss=13.319859
Epoch 016 | Step 410 | lr=1.464466e-04 | loss=13.963665
Epoch 016 | Step 420 | lr=1.464466e-04 | loss=15.748880
Epoch 016 | Step 430 | lr=1.464466e-04 | loss=15.261536
Epoch 016 | Step 440 | lr=1.464466e-04 | loss=14.215032
Epoch 016 | Step 450 | lr=1.464466e-04 | loss=14.427923
Epoch 016 | Step 460 | lr=1.464466e-04 | loss=15.792484
Epoch 016 | Step 470 | lr=1.464466e-04 | loss=14.312500
Epoch 016 | Step 480 | lr=1.464466e-04 | loss=15.366700
Epoch 016 | Step 490 | lr=1.464466e-04 | loss=13.491712
Epoch 016 | Step 500 | lr=1.464466e-04 | loss=14.897312
Epoch 016 | Step 510 | lr=1.464466e-04 | loss=13.442977
Epoch 016 | Step 520 | lr=1.464466e-04 | loss=14.704940
Epoch 016 | Step 530 | lr=1.464466e-04 | loss=14.751109
Epoch 016 | Step 540 | lr=1.464466e-04 | loss=15.525728
Epoch 016 | Step 550 | lr=1.464466e-04 | loss=14.661335
Epoch 016 | Step 560 | lr=1.464466e-04 | loss=15.525727
Epoch 016 | Step 570 | lr=1.464466e-04 | loss=14.171427
Epoch 016 | Step 580 | lr=1.464466e-04 | loss=14.084218
Epoch 016 | Step 590 | lr=1.464466e-04 | loss=15.725796
Epoch 016 | Step 600 | lr=1.464466e-04 | loss=13.584050
Epoch 016 | Step 610 | lr=1.464466e-04 | loss=14.073957
Epoch 016 | Step 620 | lr=1.464466e-04 | loss=14.548476
Epoch 016 | Step 630 | lr=1.464466e-04 | loss=14.430489
Epoch 016 | Step 640 | lr=1.464466e-04 | loss=14.176557
Epoch 016 | Step 650 | lr=1.464466e-04 | loss=15.169197
Epoch 016 | Step 660 | lr=1.464466e-04 | loss=14.992216
Epoch 016 | Step 670 | lr=1.464466e-04 | loss=13.409634
Epoch 016 | Step 680 | lr=1.464466e-04 | loss=14.297110
Epoch 016 | Step 690 | lr=1.464466e-04 | loss=13.127487
Epoch 016 | Step 700 | lr=1.464466e-04 | loss=12.868425
Epoch 016 | Step 710 | lr=1.464466e-04 | loss=15.005041
Epoch 016 | Step 720 | lr=1.464466e-04 | loss=14.156037
Epoch 016 | Step 730 | lr=1.464466e-04 | loss=13.753338
Epoch 016 | Step 740 | lr=1.464466e-04 | loss=14.307370
Epoch 016 | Step 750 | lr=1.464466e-04 | loss=17.667473
Epoch 016 | Step 760 | lr=1.464466e-04 | loss=14.527957
Epoch 016 | Step 770 | lr=1.464466e-04 | loss=14.686985
Epoch 016 | Step 780 | lr=1.464466e-04 | loss=14.479222
Epoch 016 | Step 790 | lr=1.464466e-04 | loss=15.053776
Epoch 016 | Step 800 | lr=1.464466e-04 | loss=14.830623
Epoch 016 | Step 810 | lr=1.464466e-04 | loss=13.997009
Epoch 016 | Step 820 | lr=1.464466e-04 | loss=15.297447
Epoch 016 | Step 830 | lr=1.464466e-04 | loss=14.966566
Epoch 016 | Step 840 | lr=1.464466e-04 | loss=13.927755
Epoch 016 | Step 850 | lr=1.464466e-04 | loss=15.315401
Epoch 016 | Step 860 | lr=1.464466e-04 | loss=15.143549
Epoch 016 | Step 870 | lr=1.464466e-04 | loss=16.233658
Epoch 016 | Step 880 | lr=1.464466e-04 | loss=15.474428
Epoch 016 | Step 890 | lr=1.464466e-04 | loss=15.148679
Epoch 016 | Step 900 | lr=1.464466e-04 | loss=15.056340
Epoch 016 | Step 910 | lr=1.464466e-04 | loss=13.371158
Epoch 016 | Step 920 | lr=1.464466e-04 | loss=15.210238
Epoch 016 | Step 930 | lr=1.464466e-04 | loss=14.020094
Epoch 016 | Step 940 | lr=1.464466e-04 | loss=15.028125
Epoch 016 | Step 950 | lr=1.464466e-04 | loss=16.508110
Epoch 016 | Step 960 | lr=1.464466e-04 | loss=14.466397
epoch 016 | train_kld=14.736600 | val_kld=6.183108 | val_mae=0.014989 | val_mse=0.001653 | ord_acc@10=0.2214 | recall@10=0.8190
Epoch 017 | Step 10 | lr=9.549150e-05 | loss=14.176558
Epoch 017 | Step 20 | lr=9.549150e-05 | loss=15.107639
Epoch 017 | Step 30 | lr=9.549150e-05 | loss=14.404839
Epoch 017 | Step 40 | lr=9.549150e-05 | loss=14.543346
Epoch 017 | Step 50 | lr=9.549150e-05 | loss=15.081989
Epoch 017 | Step 60 | lr=9.549150e-05 | loss=15.464169
Epoch 017 | Step 70 | lr=9.549150e-05 | loss=15.279491
Epoch 017 | Step 80 | lr=9.549150e-05 | loss=14.828057
Epoch 017 | Step 90 | lr=9.549150e-05 | loss=14.533087
Epoch 017 | Step 100 | lr=9.549150e-05 | loss=15.502644
Epoch 017 | Step 110 | lr=9.549150e-05 | loss=13.953405
Epoch 017 | Step 120 | lr=9.549150e-05 | loss=14.394579
Epoch 017 | Step 130 | lr=9.549150e-05 | loss=15.276926
Epoch 017 | Step 140 | lr=9.549150e-05 | loss=14.894747
Epoch 017 | Step 150 | lr=9.549150e-05 | loss=14.035483
Epoch 017 | Step 160 | lr=9.549150e-05 | loss=14.535652
Epoch 017 | Step 170 | lr=9.549150e-05 | loss=13.820027
Epoch 017 | Step 180 | lr=9.549150e-05 | loss=14.887053
Epoch 017 | Step 190 | lr=9.549150e-05 | loss=14.040613
Epoch 017 | Step 200 | lr=9.549150e-05 | loss=15.210238
Epoch 017 | Step 210 | lr=9.549150e-05 | loss=15.302576
Epoch 017 | Step 220 | lr=9.549150e-05 | loss=13.943146
Epoch 017 | Step 230 | lr=9.549150e-05 | loss=15.135853
Epoch 017 | Step 240 | lr=9.549150e-05 | loss=15.387220
Epoch 017 | Step 250 | lr=9.549150e-05 | loss=14.738284
Epoch 017 | Step 260 | lr=9.549150e-05 | loss=15.484688
Epoch 017 | Step 270 | lr=9.549150e-05 | loss=15.669367
Epoch 017 | Step 280 | lr=9.549150e-05 | loss=15.215367
Epoch 017 | Step 290 | lr=9.549150e-05 | loss=14.191947
Epoch 017 | Step 300 | lr=9.549150e-05 | loss=14.217596
Epoch 017 | Step 310 | lr=9.549150e-05 | loss=14.981956
Epoch 017 | Step 320 | lr=9.549150e-05 | loss=15.805309
Epoch 017 | Step 330 | lr=9.549150e-05 | loss=14.527958
Epoch 017 | Step 340 | lr=9.549150e-05 | loss=14.312500
Epoch 017 | Step 350 | lr=9.549150e-05 | loss=14.009834
Epoch 017 | Step 360 | lr=9.549150e-05 | loss=13.991879
Epoch 017 | Step 370 | lr=9.549150e-05 | loss=15.412869
Epoch 017 | Step 380 | lr=9.549150e-05 | loss=15.205107
Epoch 017 | Step 390 | lr=9.549150e-05 | loss=14.933222
Epoch 017 | Step 400 | lr=9.549150e-05 | loss=16.923634
Epoch 017 | Step 410 | lr=9.549150e-05 | loss=14.299675
Epoch 017 | Step 420 | lr=9.549150e-05 | loss=13.555836
Epoch 017 | Step 430 | lr=9.549150e-05 | loss=14.571562
Epoch 017 | Step 440 | lr=9.549150e-05 | loss=15.258972
Epoch 017 | Step 450 | lr=9.549150e-05 | loss=14.474092
Epoch 017 | Step 460 | lr=9.549150e-05 | loss=14.566431
Epoch 017 | Step 470 | lr=9.549150e-05 | loss=15.766834
Epoch 017 | Step 480 | lr=9.549150e-05 | loss=14.840883
Epoch 017 | Step 490 | lr=9.549150e-05 | loss=14.097043
Epoch 017 | Step 500 | lr=9.549150e-05 | loss=15.256407
Epoch 017 | Step 510 | lr=9.549150e-05 | loss=14.520262
Epoch 017 | Step 520 | lr=9.549150e-05 | loss=14.163733
Epoch 017 | Step 530 | lr=9.549150e-05 | loss=15.146114
Epoch 017 | Step 540 | lr=9.549150e-05 | loss=13.948275
Epoch 017 | Step 550 | lr=9.549150e-05 | loss=14.881922
Epoch 017 | Step 560 | lr=9.549150e-05 | loss=15.541118
Epoch 017 | Step 570 | lr=9.549150e-05 | loss=14.299675
Epoch 017 | Step 580 | lr=9.549150e-05 | loss=13.986750
Epoch 017 | Step 590 | lr=9.549150e-05 | loss=15.171762
Epoch 017 | Step 600 | lr=9.549150e-05 | loss=13.773858
Epoch 017 | Step 610 | lr=9.549150e-05 | loss=14.132953
Epoch 017 | Step 620 | lr=9.549150e-05 | loss=14.497177
Epoch 017 | Step 630 | lr=9.549150e-05 | loss=15.918167
Epoch 017 | Step 640 | lr=9.549150e-05 | loss=14.730589
Epoch 017 | Step 650 | lr=9.549150e-05 | loss=13.509666
Epoch 017 | Step 660 | lr=9.549150e-05 | loss=14.969131
Epoch 017 | Step 670 | lr=9.549150e-05 | loss=14.902441
Epoch 017 | Step 680 | lr=9.549150e-05 | loss=13.566095
Epoch 017 | Step 690 | lr=9.549150e-05 | loss=14.794713
Epoch 017 | Step 700 | lr=9.549150e-05 | loss=15.058904
Epoch 017 | Step 710 | lr=9.549150e-05 | loss=13.820026
Epoch 017 | Step 720 | lr=9.549150e-05 | loss=14.897311
Epoch 017 | Step 730 | lr=9.549150e-05 | loss=12.760696
Epoch 017 | Step 740 | lr=9.549150e-05 | loss=12.781216
Epoch 017 | Step 750 | lr=9.549150e-05 | loss=15.130724
Epoch 017 | Step 760 | lr=9.549150e-05 | loss=14.479223
Epoch 017 | Step 770 | lr=9.549150e-05 | loss=15.430824
Epoch 017 | Step 780 | lr=9.549150e-05 | loss=14.925526
Epoch 017 | Step 790 | lr=9.549150e-05 | loss=15.838655
Epoch 017 | Step 800 | lr=9.549150e-05 | loss=16.269567
Epoch 017 | Step 810 | lr=9.549150e-05 | loss=14.171427
Epoch 017 | Step 820 | lr=9.549150e-05 | loss=16.718437
Epoch 017 | Step 830 | lr=9.549150e-05 | loss=16.243919
Epoch 017 | Step 840 | lr=9.549150e-05 | loss=16.369602
Epoch 017 | Step 850 | lr=9.549150e-05 | loss=14.071394
Epoch 017 | Step 860 | lr=9.549150e-05 | loss=13.114662
Epoch 017 | Step 870 | lr=9.549150e-05 | loss=14.061133
Epoch 017 | Step 880 | lr=9.549150e-05 | loss=14.445878
Epoch 017 | Step 890 | lr=9.549150e-05 | loss=14.645946
Epoch 017 | Step 900 | lr=9.549150e-05 | loss=14.322760
Epoch 017 | Step 910 | lr=9.549150e-05 | loss=14.330455
Epoch 017 | Step 920 | lr=9.549150e-05 | loss=13.522491
Epoch 017 | Step 930 | lr=9.549150e-05 | loss=13.201871
Epoch 017 | Step 940 | lr=9.549150e-05 | loss=14.102173
Epoch 017 | Step 950 | lr=9.549150e-05 | loss=15.305141
Epoch 017 | Step 960 | lr=9.549150e-05 | loss=15.702710
epoch 017 | train_kld=14.661879 | val_kld=6.138980 | val_mae=0.014989 | val_mse=0.001653 | ord_acc@10=0.2216 | recall@10=0.8206
Epoch 018 | Step 10 | lr=5.449674e-05 | loss=14.969131
Epoch 018 | Step 20 | lr=5.449674e-05 | loss=14.635685
Epoch 018 | Step 30 | lr=5.449674e-05 | loss=14.971696
Epoch 018 | Step 40 | lr=5.449674e-05 | loss=14.620296
Epoch 018 | Step 50 | lr=5.449674e-05 | loss=14.191946
Epoch 018 | Step 60 | lr=5.449674e-05 | loss=15.112768
Epoch 018 | Step 70 | lr=5.449674e-05 | loss=15.677061
Epoch 018 | Step 80 | lr=5.449674e-05 | loss=15.800179
Epoch 018 | Step 90 | lr=5.449674e-05 | loss=14.625425
Epoch 018 | Step 100 | lr=5.449674e-05 | loss=13.519926
Epoch 018 | Step 110 | lr=5.449674e-05 | loss=14.297110
Epoch 018 | Step 120 | lr=5.449674e-05 | loss=15.464169
Epoch 018 | Step 130 | lr=5.449674e-05 | loss=14.315065
Epoch 018 | Step 140 | lr=5.449674e-05 | loss=15.510338
Epoch 018 | Step 150 | lr=5.449674e-05 | loss=13.432716
Epoch 018 | Step 160 | lr=5.449674e-05 | loss=13.253170
Epoch 018 | Step 170 | lr=5.449674e-05 | loss=14.971695
Epoch 018 | Step 180 | lr=5.449674e-05 | loss=15.341050
Epoch 018 | Step 190 | lr=5.449674e-05 | loss=13.599440
Epoch 018 | Step 200 | lr=5.449674e-05 | loss=13.963665
Epoch 018 | Step 210 | lr=5.449674e-05 | loss=13.963665
Epoch 018 | Step 220 | lr=5.449674e-05 | loss=14.427923
Epoch 018 | Step 230 | lr=5.449674e-05 | loss=15.869433
Epoch 018 | Step 240 | lr=5.449674e-05 | loss=14.389449
Epoch 018 | Step 250 | lr=5.449674e-05 | loss=13.873892
Epoch 018 | Step 260 | lr=5.449674e-05 | loss=14.058568
Epoch 018 | Step 270 | lr=5.449674e-05 | loss=14.615166
Epoch 018 | Step 280 | lr=5.449674e-05 | loss=15.523164
Epoch 018 | Step 290 | lr=5.449674e-05 | loss=14.966566
Epoch 018 | Step 300 | lr=5.449674e-05 | loss=14.173992
Epoch 018 | Step 310 | lr=5.449674e-05 | loss=15.841219
Epoch 018 | Step 320 | lr=5.449674e-05 | loss=15.833524
Epoch 018 | Step 330 | lr=5.449674e-05 | loss=14.358669
Epoch 018 | Step 340 | lr=5.449674e-05 | loss=14.504871
Epoch 018 | Step 350 | lr=5.449674e-05 | loss=15.520598
Epoch 018 | Step 360 | lr=5.449674e-05 | loss=14.563866
Epoch 018 | Step 370 | lr=5.449674e-05 | loss=15.451345
Epoch 018 | Step 380 | lr=5.449674e-05 | loss=15.469299
Epoch 018 | Step 390 | lr=5.449674e-05 | loss=14.148342
Epoch 018 | Step 400 | lr=5.449674e-05 | loss=15.323096
Epoch 018 | Step 410 | lr=5.449674e-05 | loss=15.982291
Epoch 018 | Step 420 | lr=5.449674e-05 | loss=14.645946
Epoch 018 | Step 430 | lr=5.449674e-05 | loss=14.656205
Epoch 018 | Step 440 | lr=5.449674e-05 | loss=14.194511
Epoch 018 | Step 450 | lr=5.449674e-05 | loss=14.376624
Epoch 018 | Step 460 | lr=5.449674e-05 | loss=14.245811
Epoch 018 | Step 470 | lr=5.449674e-05 | loss=14.317629
Epoch 018 | Step 480 | lr=5.449674e-05 | loss=14.912702
Epoch 018 | Step 490 | lr=5.449674e-05 | loss=14.479222
Epoch 018 | Step 500 | lr=5.449674e-05 | loss=14.771629
Epoch 018 | Step 510 | lr=5.449674e-05 | loss=16.679962
Epoch 018 | Step 520 | lr=5.449674e-05 | loss=13.930320
Epoch 018 | Step 530 | lr=5.449674e-05 | loss=14.740849
Epoch 018 | Step 540 | lr=5.449674e-05 | loss=14.948611
Epoch 018 | Step 550 | lr=5.449674e-05 | loss=14.769064
Epoch 018 | Step 560 | lr=5.449674e-05 | loss=14.479222
Epoch 018 | Step 570 | lr=5.449674e-05 | loss=14.804974
Epoch 018 | Step 580 | lr=5.449674e-05 | loss=14.684420
Epoch 018 | Step 590 | lr=5.449674e-05 | loss=14.663900
Epoch 018 | Step 600 | lr=5.449674e-05 | loss=14.592081
Epoch 018 | Step 610 | lr=5.449674e-05 | loss=14.427923
Epoch 018 | Step 620 | lr=5.449674e-05 | loss=14.866531
Epoch 018 | Step 630 | lr=5.449674e-05 | loss=15.466734
Epoch 018 | Step 640 | lr=5.449674e-05 | loss=14.520262
Epoch 018 | Step 650 | lr=5.449674e-05 | loss=14.704939
Epoch 018 | Step 660 | lr=5.449674e-05 | loss=14.153473
Epoch 018 | Step 670 | lr=5.449674e-05 | loss=13.899541
Epoch 018 | Step 680 | lr=5.449674e-05 | loss=14.130387
Epoch 018 | Step 690 | lr=5.449674e-05 | loss=15.351311
Epoch 018 | Step 700 | lr=5.449674e-05 | loss=14.471528
Epoch 018 | Step 710 | lr=5.449674e-05 | loss=13.920060
Epoch 018 | Step 720 | lr=5.449674e-05 | loss=14.571562
Epoch 018 | Step 730 | lr=5.449674e-05 | loss=15.856609
Epoch 018 | Step 740 | lr=5.449674e-05 | loss=14.527957
Epoch 018 | Step 750 | lr=5.449674e-05 | loss=15.010170
Epoch 018 | Step 760 | lr=5.449674e-05 | loss=14.307370
Epoch 018 | Step 770 | lr=5.449674e-05 | loss=15.076859
Epoch 018 | Step 780 | lr=5.449674e-05 | loss=13.950840
Epoch 018 | Step 790 | lr=5.449674e-05 | loss=15.138418
Epoch 018 | Step 800 | lr=5.449674e-05 | loss=13.979054
Epoch 018 | Step 810 | lr=5.449674e-05 | loss=15.035819
Epoch 018 | Step 820 | lr=5.449674e-05 | loss=13.186481
Epoch 018 | Step 830 | lr=5.449674e-05 | loss=13.496841
Epoch 018 | Step 840 | lr=5.449674e-05 | loss=13.376288
Epoch 018 | Step 850 | lr=5.449674e-05 | loss=13.809767
Epoch 018 | Step 860 | lr=5.449674e-05 | loss=15.035820
Epoch 018 | Step 870 | lr=5.449674e-05 | loss=14.407404
Epoch 018 | Step 880 | lr=5.449674e-05 | loss=13.445542
Epoch 018 | Step 890 | lr=5.449674e-05 | loss=14.340714
Epoch 018 | Step 900 | lr=5.449674e-05 | loss=13.763597
Epoch 018 | Step 910 | lr=5.449674e-05 | loss=14.848577
Epoch 018 | Step 920 | lr=5.449674e-05 | loss=16.105412
Epoch 018 | Step 930 | lr=5.449674e-05 | loss=14.376624
Epoch 018 | Step 940 | lr=5.449674e-05 | loss=15.471865
Epoch 018 | Step 950 | lr=5.449674e-05 | loss=15.300011
Epoch 018 | Step 960 | lr=5.449674e-05 | loss=14.371494
epoch 018 | train_kld=14.598145 | val_kld=6.216722 | val_mae=0.014989 | val_mse=0.001653 | ord_acc@10=0.2212 | recall@10=0.8189
Epoch 019 | Step 10 | lr=2.447174e-05 | loss=14.625425
Epoch 019 | Step 20 | lr=2.447174e-05 | loss=13.796942
Epoch 019 | Step 30 | lr=2.447174e-05 | loss=14.140648
Epoch 019 | Step 40 | lr=2.447174e-05 | loss=13.494276
Epoch 019 | Step 50 | lr=2.447174e-05 | loss=15.156373
Epoch 019 | Step 60 | lr=2.447174e-05 | loss=15.066599
Epoch 019 | Step 70 | lr=2.447174e-05 | loss=13.989314
Epoch 019 | Step 80 | lr=2.447174e-05 | loss=13.930321
Epoch 019 | Step 90 | lr=2.447174e-05 | loss=14.484352
Epoch 019 | Step 100 | lr=2.447174e-05 | loss=13.319859
Epoch 019 | Step 110 | lr=2.447174e-05 | loss=13.827722
Epoch 019 | Step 120 | lr=2.447174e-05 | loss=13.943146
Epoch 019 | Step 130 | lr=2.447174e-05 | loss=13.761032
Epoch 019 | Step 140 | lr=2.447174e-05 | loss=13.550706
Epoch 019 | Step 150 | lr=2.447174e-05 | loss=14.769063
Epoch 019 | Step 160 | lr=2.447174e-05 | loss=15.156373
Epoch 019 | Step 170 | lr=2.447174e-05 | loss=13.463497
Epoch 019 | Step 180 | lr=2.447174e-05 | loss=14.138083
Epoch 019 | Step 190 | lr=2.447174e-05 | loss=14.699809
Epoch 019 | Step 200 | lr=2.447174e-05 | loss=15.389785
Epoch 019 | Step 210 | lr=2.447174e-05 | loss=13.668694
Epoch 019 | Step 220 | lr=2.447174e-05 | loss=14.225292
Epoch 019 | Step 230 | lr=2.447174e-05 | loss=14.915267
Epoch 019 | Step 240 | lr=2.447174e-05 | loss=14.527957
Epoch 019 | Step 250 | lr=2.447174e-05 | loss=16.913374
Epoch 019 | Step 260 | lr=2.447174e-05 | loss=14.710070
Epoch 019 | Step 270 | lr=2.447174e-05 | loss=14.466398
Epoch 019 | Step 280 | lr=2.447174e-05 | loss=14.161167
Epoch 019 | Step 290 | lr=2.447174e-05 | loss=14.338150
Epoch 019 | Step 300 | lr=2.447174e-05 | loss=15.094814
Epoch 019 | Step 310 | lr=2.447174e-05 | loss=13.722559
Epoch 019 | Step 320 | lr=2.447174e-05 | loss=14.343280
Epoch 019 | Step 330 | lr=2.447174e-05 | loss=14.389448
Epoch 019 | Step 340 | lr=2.447174e-05 | loss=15.235888
Epoch 019 | Step 350 | lr=2.447174e-05 | loss=15.151243
Epoch 019 | Step 360 | lr=2.447174e-05 | loss=13.124922
Epoch 019 | Step 370 | lr=2.447174e-05 | loss=14.917831
Epoch 019 | Step 380 | lr=2.447174e-05 | loss=15.241016
Epoch 019 | Step 390 | lr=2.447174e-05 | loss=14.974260
Epoch 019 | Step 400 | lr=2.447174e-05 | loss=16.018200
Epoch 019 | Step 410 | lr=2.447174e-05 | loss=13.383984
Epoch 019 | Step 420 | lr=2.447174e-05 | loss=14.625425
Epoch 019 | Step 430 | lr=2.447174e-05 | loss=15.269232
Epoch 019 | Step 440 | lr=2.447174e-05 | loss=14.946046
Epoch 019 | Step 450 | lr=2.447174e-05 | loss=15.266666
Epoch 019 | Step 460 | lr=2.447174e-05 | loss=13.645609
Epoch 019 | Step 470 | lr=2.447174e-05 | loss=15.233322
Epoch 019 | Step 480 | lr=2.447174e-05 | loss=14.661335
Epoch 019 | Step 490 | lr=2.447174e-05 | loss=16.172098
Epoch 019 | Step 500 | lr=2.447174e-05 | loss=15.995116
Epoch 019 | Step 510 | lr=2.447174e-05 | loss=14.615166
Epoch 019 | Step 520 | lr=2.447174e-05 | loss=14.894747
Epoch 019 | Step 530 | lr=2.447174e-05 | loss=14.589516
Epoch 019 | Step 540 | lr=2.447174e-05 | loss=14.066263
Epoch 019 | Step 550 | lr=2.447174e-05 | loss=15.343616
Epoch 019 | Step 560 | lr=2.447174e-05 | loss=14.502307
Epoch 019 | Step 570 | lr=2.447174e-05 | loss=14.333019
Epoch 019 | Step 580 | lr=2.447174e-05 | loss=15.153809
Epoch 019 | Step 590 | lr=2.447174e-05 | loss=14.833187
Epoch 019 | Step 600 | lr=2.447174e-05 | loss=15.861738
Epoch 019 | Step 610 | lr=2.447174e-05 | loss=15.459040
Epoch 019 | Step 620 | lr=2.447174e-05 | loss=14.020094
Epoch 019 | Step 630 | lr=2.447174e-05 | loss=14.817798
Epoch 019 | Step 640 | lr=2.447174e-05 | loss=14.032919
Epoch 019 | Step 650 | lr=2.447174e-05 | loss=14.581821
Epoch 019 | Step 660 | lr=2.447174e-05 | loss=15.482123
Epoch 019 | Step 670 | lr=2.447174e-05 | loss=14.481788
Epoch 019 | Step 680 | lr=2.447174e-05 | loss=14.674160
Epoch 019 | Step 690 | lr=2.447174e-05 | loss=14.851142
Epoch 019 | Step 700 | lr=2.447174e-05 | loss=15.317966
Epoch 019 | Step 710 | lr=2.447174e-05 | loss=16.505545
Epoch 019 | Step 720 | lr=2.447174e-05 | loss=13.725122
Epoch 019 | Step 730 | lr=2.447174e-05 | loss=15.176893
Epoch 019 | Step 740 | lr=2.447174e-05 | loss=14.951176
Epoch 019 | Step 750 | lr=2.447174e-05 | loss=15.679626
Epoch 019 | Step 760 | lr=2.447174e-05 | loss=14.191946
Epoch 019 | Step 770 | lr=2.447174e-05 | loss=13.602005
Epoch 019 | Step 780 | lr=2.447174e-05 | loss=13.997009
Epoch 019 | Step 790 | lr=2.447174e-05 | loss=13.809767
Epoch 019 | Step 800 | lr=2.447174e-05 | loss=14.615166
Epoch 019 | Step 810 | lr=2.447174e-05 | loss=15.033255
Epoch 019 | Step 820 | lr=2.447174e-05 | loss=14.492046
Epoch 019 | Step 830 | lr=2.447174e-05 | loss=14.997345
Epoch 019 | Step 840 | lr=2.447174e-05 | loss=14.456138
Epoch 019 | Step 850 | lr=2.447174e-05 | loss=15.084555
Epoch 019 | Step 860 | lr=2.447174e-05 | loss=14.435618
Epoch 019 | Step 870 | lr=2.447174e-05 | loss=15.948946
Epoch 019 | Step 880 | lr=2.447174e-05 | loss=14.281721
Epoch 019 | Step 890 | lr=2.447174e-05 | loss=14.338150
Epoch 019 | Step 900 | lr=2.447174e-05 | loss=14.653641
Epoch 019 | Step 910 | lr=2.447174e-05 | loss=13.907236
Epoch 019 | Step 920 | lr=2.447174e-05 | loss=14.704939
Epoch 019 | Step 930 | lr=2.447174e-05 | loss=13.879021
Epoch 019 | Step 940 | lr=2.447174e-05 | loss=13.997009
Epoch 019 | Step 950 | lr=2.447174e-05 | loss=13.835417
Epoch 019 | Step 960 | lr=2.447174e-05 | loss=14.245811
epoch 019 | train_kld=14.568441 | val_kld=6.267937 | val_mae=0.014989 | val_mse=0.001653 | ord_acc@10=0.2152 | recall@10=0.8181
Epoch 020 | Step 10 | lr=6.155830e-06 | loss=12.737613
Epoch 020 | Step 20 | lr=6.155830e-06 | loss=13.691778
Epoch 020 | Step 30 | lr=6.155830e-06 | loss=13.504536
Epoch 020 | Step 40 | lr=6.155830e-06 | loss=14.781889
Epoch 020 | Step 50 | lr=6.155830e-06 | loss=13.917496
Epoch 020 | Step 60 | lr=6.155830e-06 | loss=14.299675
Epoch 020 | Step 70 | lr=6.155830e-06 | loss=13.235215
Epoch 020 | Step 80 | lr=6.155830e-06 | loss=13.614830
Epoch 020 | Step 90 | lr=6.155830e-06 | loss=13.484016
Epoch 020 | Step 100 | lr=6.155830e-06 | loss=14.499743
Epoch 020 | Step 110 | lr=6.155830e-06 | loss=13.327554
Epoch 020 | Step 120 | lr=6.155830e-06 | loss=14.871662
Epoch 020 | Step 130 | lr=6.155830e-06 | loss=14.094479
Epoch 020 | Step 140 | lr=6.155830e-06 | loss=13.012064
Epoch 020 | Step 150 | lr=6.155830e-06 | loss=13.650739
Epoch 020 | Step 160 | lr=6.155830e-06 | loss=14.130387
Epoch 020 | Step 170 | lr=6.155830e-06 | loss=13.935451
Epoch 020 | Step 180 | lr=6.155830e-06 | loss=15.076859
Epoch 020 | Step 190 | lr=6.155830e-06 | loss=14.538218
Epoch 020 | Step 200 | lr=6.155830e-06 | loss=14.602341
Epoch 020 | Step 210 | lr=6.155830e-06 | loss=13.396808
Epoch 020 | Step 220 | lr=6.155830e-06 | loss=14.312500
Epoch 020 | Step 230 | lr=6.155830e-06 | loss=13.986750
Epoch 020 | Step 240 | lr=6.155830e-06 | loss=14.753674
Epoch 020 | Step 250 | lr=6.155830e-06 | loss=14.017529
Epoch 020 | Step 260 | lr=6.155830e-06 | loss=14.284286
Epoch 020 | Step 270 | lr=6.155830e-06 | loss=13.909801
Epoch 020 | Step 280 | lr=6.155830e-06 | loss=15.505209
Epoch 020 | Step 290 | lr=6.155830e-06 | loss=14.266331
Epoch 020 | Step 300 | lr=6.155830e-06 | loss=13.784117
Epoch 020 | Step 310 | lr=6.155830e-06 | loss=14.235552
Epoch 020 | Step 320 | lr=6.155830e-06 | loss=15.069164
Epoch 020 | Step 330 | lr=6.155830e-06 | loss=14.776758
Epoch 020 | Step 340 | lr=6.155830e-06 | loss=15.453909
Epoch 020 | Step 350 | lr=6.155830e-06 | loss=13.699473
Epoch 020 | Step 360 | lr=6.155830e-06 | loss=15.441086
Epoch 020 | Step 370 | lr=6.155830e-06 | loss=15.130724
Epoch 020 | Step 380 | lr=6.155830e-06 | loss=14.132953
Epoch 020 | Step 390 | lr=6.155830e-06 | loss=14.114998
Epoch 020 | Step 400 | lr=6.155830e-06 | loss=13.319859
Epoch 020 | Step 410 | lr=6.155830e-06 | loss=14.438184
Epoch 020 | Step 420 | lr=6.155830e-06 | loss=14.276590
Epoch 020 | Step 430 | lr=6.155830e-06 | loss=15.492384
Epoch 020 | Step 440 | lr=6.155830e-06 | loss=15.125593
Epoch 020 | Step 450 | lr=6.155830e-06 | loss=14.669030
Epoch 020 | Step 460 | lr=6.155830e-06 | loss=13.886717
Epoch 020 | Step 470 | lr=6.155830e-06 | loss=13.925191
Epoch 020 | Step 480 | lr=6.155830e-06 | loss=13.945710
Epoch 020 | Step 490 | lr=6.155830e-06 | loss=14.294546
Epoch 020 | Step 500 | lr=6.155830e-06 | loss=15.199978
Epoch 020 | Step 510 | lr=6.155830e-06 | loss=14.720329
Epoch 020 | Step 520 | lr=6.155830e-06 | loss=15.102509
Epoch 020 | Step 530 | lr=6.155830e-06 | loss=14.876792
Epoch 020 | Step 540 | lr=6.155830e-06 | loss=14.199641
Epoch 020 | Step 550 | lr=6.155830e-06 | loss=15.058905
Epoch 020 | Step 560 | lr=6.155830e-06 | loss=14.435618
Epoch 020 | Step 570 | lr=6.155830e-06 | loss=14.150908
Epoch 020 | Step 580 | lr=6.155830e-06 | loss=15.051210
Epoch 020 | Step 590 | lr=6.155830e-06 | loss=14.902441
Epoch 020 | Step 600 | lr=6.155830e-06 | loss=14.232986
Epoch 020 | Step 610 | lr=6.155830e-06 | loss=15.966902
Epoch 020 | Step 620 | lr=6.155830e-06 | loss=14.168862
Epoch 020 | Step 630 | lr=6.155830e-06 | loss=14.902442
Epoch 020 | Step 640 | lr=6.155830e-06 | loss=15.284622
Epoch 020 | Step 650 | lr=6.155830e-06 | loss=13.058233
Epoch 020 | Step 660 | lr=6.155830e-06 | loss=13.263430
Epoch 020 | Step 670 | lr=6.155830e-06 | loss=14.535652
Epoch 020 | Step 680 | lr=6.155830e-06 | loss=13.935450
Epoch 020 | Step 690 | lr=6.155830e-06 | loss=14.335585
Epoch 020 | Step 700 | lr=6.155830e-06 | loss=14.358669
Epoch 020 | Step 710 | lr=6.155830e-06 | loss=15.533423
Epoch 020 | Step 720 | lr=6.155830e-06 | loss=14.787019
Epoch 020 | Step 730 | lr=6.155830e-06 | loss=13.961100
Epoch 020 | Step 740 | lr=6.155830e-06 | loss=14.184252
Epoch 020 | Step 750 | lr=6.155830e-06 | loss=13.704603
Epoch 020 | Step 760 | lr=6.155830e-06 | loss=14.258636
Epoch 020 | Step 770 | lr=6.155830e-06 | loss=14.274026
Epoch 020 | Step 780 | lr=6.155830e-06 | loss=14.876792
Epoch 020 | Step 790 | lr=6.155830e-06 | loss=13.789248
Epoch 020 | Step 800 | lr=6.155830e-06 | loss=13.625090
Epoch 020 | Step 810 | lr=6.155830e-06 | loss=15.500078
Epoch 020 | Step 820 | lr=6.155830e-06 | loss=14.479222
Epoch 020 | Step 830 | lr=6.155830e-06 | loss=14.663900
Epoch 020 | Step 840 | lr=6.155830e-06 | loss=15.312836
Epoch 020 | Step 850 | lr=6.155830e-06 | loss=14.274026
Epoch 020 | Step 860 | lr=6.155830e-06 | loss=14.409969
Epoch 020 | Step 870 | lr=6.155830e-06 | loss=14.276590
Epoch 020 | Step 880 | lr=6.155830e-06 | loss=15.084554
Epoch 020 | Step 890 | lr=6.155830e-06 | loss=14.527957
Epoch 020 | Step 900 | lr=6.155830e-06 | loss=14.761368
Epoch 020 | Step 910 | lr=6.155830e-06 | loss=14.353539
Epoch 020 | Step 920 | lr=6.155830e-06 | loss=14.512568
Epoch 020 | Step 930 | lr=6.155830e-06 | loss=15.053774
Epoch 020 | Step 940 | lr=6.155830e-06 | loss=14.114998
Epoch 020 | Step 950 | lr=6.155830e-06 | loss=15.015301
Epoch 020 | Step 960 | lr=6.155830e-06 | loss=13.283949
/mnt/hdd/xln/PycharmProjects/PredictLeafNode/src/model/cluster_dist_transformer_original.py:844: FutureWarning: You are using `torch.load` with `weights_only=False` (the current default value), which uses the default pickle module implicitly. It is possible to construct malicious pickle data which will execute arbitrary code during unpickling (See https://github.com/pytorch/pytorch/blob/main/SECURITY.md#untrusted-models for more details). In a future release, the default value for `weights_only` will be flipped to `True`. This limits the functions that could be executed during unpickling. Arbitrary objects will no longer be allowed to be loaded via this mode unless they are explicitly allowlisted by the user via `torch.serialization.add_safe_globals`. We recommend you start setting `weights_only=True` for any use case where you don't have full control of the loaded file. Please open an issue on GitHub for any issues related to this experimental feature.
  ckpt = torch.load(best_path, map_location=device)
epoch 020 | train_kld=14.404713 | val_kld=6.301293 | val_mae=0.014989 | val_mse=0.001653 | ord_acc@10=0.1919 | recall@10=0.8092
Saved epoch 1 batch metrics plot to input/Training_data/gist1M_learn/leafsize20K/C_model_d256_L4_H8_ff512_topk10_bs512_ep20_lr0.001_wd0.01_bilinear_normalizeTrue_posTrue_gatingFalse_loss_typerecall_focused_loss_use_type_embedTrue/model_d256_L4_H8_ff512_topk10_bs512_ep20_lr0.001_wd0.01_bilinear_normalizeTrue_posTrue_gatingFalse_loss_typerecall_focused_loss_use_type_embedTrue_epoch1_batch_metrics@10.png
Saved epoch metrics plot to input/Training_data/gist1M_learn/leafsize20K/C_model_d256_L4_H8_ff512_topk10_bs512_ep20_lr0.001_wd0.01_bilinear_normalizeTrue_posTrue_gatingFalse_loss_typerecall_focused_loss_use_type_embedTrue/model_d256_L4_H8_ff512_topk10_bs512_ep20_lr0.001_wd0.01_bilinear_normalizeTrue_posTrue_gatingFalse_loss_typerecall_focused_loss_use_type_embedTrue_epoch_metrics.png
best val_kld: 6.138980 at epoch 17
Loaded checkpoint from input/Training_data/gist1M_learn/leafsize20K/C_model_d256_L4_H8_ff512_topk10_bs512_ep20_lr0.001_wd0.01_bilinear_normalizeTrue_posTrue_gatingFalse_loss_typerecall_focused_loss_use_type_embedTrue/model_d256_L4_H8_ff512_topk10_bs512_ep20_lr0.001_wd0.01_bilinear_normalizeTrue_posTrue_gatingFalse_loss_typerecall_focused_loss_use_type_embedTrue.pt (epoch=17)
[TEST] kld=6.484893 | mae=0.014883 | mse=0.001556 | ord_acc@10=0.2180 | recall@10=0.8141
Saving model predictions to file...
Saved predictions -> input/Training_data/gist1M_learn/leafsize20K/C_model_d256_L4_H8_ff512_topk10_bs512_ep20_lr0.001_wd0.01_bilinear_normalizeTrue_posTrue_gatingFalse_loss_typerecall_focused_loss_use_type_embedTrue/model_d256_L4_H8_ff512_topk10_bs512_ep20_lr0.001_wd0.01_bilinear_normalizeTrue_posTrue_gatingFalse_loss_typerecall_focused_loss_use_type_embedTrue_pred.txt
