/home/xln/miniconda3/envs/elpis_torch/lib/python3.12/site-packages/torch/nn/modules/transformer.py:379: UserWarning: enable_nested_tensor is True, but self.use_nested_tensor is False because encoder_layer.norm_first was True
  warnings.warn(
Detected K=116, D=960
Epoch 001 | Batch 10 | val_kld=0.708763 | val_ordacc@10=0.023811 | val_recall@10=0.229764
Epoch 001 | Step 10 | lr=1.000000e-03 | loss=0.727782
Epoch 001 | Batch 20 | val_kld=0.571533 | val_ordacc@10=0.045240 | val_recall@10=0.403266
Epoch 001 | Step 20 | lr=1.000000e-03 | loss=0.591866
Epoch 001 | Batch 30 | val_kld=0.466324 | val_ordacc@10=0.055085 | val_recall@10=0.463331
Epoch 001 | Step 30 | lr=1.000000e-03 | loss=0.487946
Epoch 001 | Batch 40 | val_kld=0.380494 | val_ordacc@10=0.086188 | val_recall@10=0.537615
Epoch 001 | Step 40 | lr=1.000000e-03 | loss=0.377744
Epoch 001 | Batch 50 | val_kld=0.360310 | val_ordacc@10=0.086082 | val_recall@10=0.565417
Epoch 001 | Step 50 | lr=1.000000e-03 | loss=0.328288
Epoch 001 | Batch 60 | val_kld=0.321962 | val_ordacc@10=0.096530 | val_recall@10=0.596153
Epoch 001 | Step 60 | lr=1.000000e-03 | loss=0.342779
Epoch 001 | Batch 70 | val_kld=0.301698 | val_ordacc@10=0.099514 | val_recall@10=0.603142
Epoch 001 | Step 70 | lr=1.000000e-03 | loss=0.341223
Epoch 001 | Batch 80 | val_kld=0.293534 | val_ordacc@10=0.098928 | val_recall@10=0.608915
Epoch 001 | Step 80 | lr=1.000000e-03 | loss=0.300697
Epoch 001 | Batch 90 | val_kld=0.272265 | val_ordacc@10=0.108648 | val_recall@10=0.618869
Epoch 001 | Step 90 | lr=1.000000e-03 | loss=0.282913
Epoch 001 | Batch 100 | val_kld=0.250865 | val_ordacc@10=0.113313 | val_recall@10=0.617329
Epoch 001 | Step 100 | lr=1.000000e-03 | loss=0.271182
Epoch 001 | Batch 110 | val_kld=0.203429 | val_ordacc@10=0.140545 | val_recall@10=0.675396
Epoch 001 | Step 110 | lr=1.000000e-03 | loss=0.217197
Epoch 001 | Batch 120 | val_kld=0.194255 | val_ordacc@10=0.127736 | val_recall@10=0.681013
Epoch 001 | Step 120 | lr=1.000000e-03 | loss=0.196143
Epoch 001 | Batch 130 | val_kld=0.159367 | val_ordacc@10=0.161446 | val_recall@10=0.708941
Epoch 001 | Step 130 | lr=1.000000e-03 | loss=0.187026
Epoch 001 | Batch 140 | val_kld=0.169567 | val_ordacc@10=0.148801 | val_recall@10=0.689689
Epoch 001 | Step 140 | lr=1.000000e-03 | loss=0.173116
Epoch 001 | Batch 150 | val_kld=0.149069 | val_ordacc@10=0.159552 | val_recall@10=0.712391
Epoch 001 | Step 150 | lr=1.000000e-03 | loss=0.157061
Epoch 001 | Batch 160 | val_kld=0.131531 | val_ordacc@10=0.178552 | val_recall@10=0.728550
Epoch 001 | Step 160 | lr=1.000000e-03 | loss=0.136321
Epoch 001 | Batch 170 | val_kld=0.127160 | val_ordacc@10=0.179493 | val_recall@10=0.737785
Epoch 001 | Step 170 | lr=1.000000e-03 | loss=0.148029
Epoch 001 | Batch 180 | val_kld=0.124770 | val_ordacc@10=0.180816 | val_recall@10=0.732261
Epoch 001 | Step 180 | lr=1.000000e-03 | loss=0.141778
Epoch 001 | Batch 190 | val_kld=0.122514 | val_ordacc@10=0.186186 | val_recall@10=0.743028
Epoch 001 | Step 190 | lr=1.000000e-03 | loss=0.133415
Epoch 001 | Batch 200 | val_kld=0.123226 | val_ordacc@10=0.182445 | val_recall@10=0.732737
Epoch 001 | Step 200 | lr=1.000000e-03 | loss=0.128864
Epoch 001 | Batch 210 | val_kld=0.115984 | val_ordacc@10=0.197826 | val_recall@10=0.740772
Epoch 001 | Step 210 | lr=1.000000e-03 | loss=0.121190
Epoch 001 | Batch 220 | val_kld=0.106658 | val_ordacc@10=0.201055 | val_recall@10=0.752983
Epoch 001 | Step 220 | lr=1.000000e-03 | loss=0.123455
Epoch 001 | Batch 230 | val_kld=0.120570 | val_ordacc@10=0.186635 | val_recall@10=0.740059
Epoch 001 | Step 230 | lr=1.000000e-03 | loss=0.121668
Epoch 001 | Batch 240 | val_kld=0.108003 | val_ordacc@10=0.203655 | val_recall@10=0.760720
Epoch 001 | Step 240 | lr=1.000000e-03 | loss=0.115519
Epoch 001 | Batch 250 | val_kld=0.103484 | val_ordacc@10=0.202953 | val_recall@10=0.757385
Epoch 001 | Step 250 | lr=1.000000e-03 | loss=0.114093
Epoch 001 | Batch 260 | val_kld=0.099547 | val_ordacc@10=0.217608 | val_recall@10=0.764412
Epoch 001 | Step 260 | lr=1.000000e-03 | loss=0.092097
Epoch 001 | Batch 270 | val_kld=0.099322 | val_ordacc@10=0.206955 | val_recall@10=0.766357
Epoch 001 | Step 270 | lr=1.000000e-03 | loss=0.110703
Epoch 001 | Batch 280 | val_kld=0.098848 | val_ordacc@10=0.207093 | val_recall@10=0.760835
Epoch 001 | Step 280 | lr=1.000000e-03 | loss=0.106815
Epoch 001 | Batch 290 | val_kld=0.092435 | val_ordacc@10=0.223784 | val_recall@10=0.767418
Epoch 001 | Step 290 | lr=1.000000e-03 | loss=0.098699
Epoch 001 | Batch 300 | val_kld=0.098519 | val_ordacc@10=0.209339 | val_recall@10=0.751119
Epoch 001 | Step 300 | lr=1.000000e-03 | loss=0.106573
Epoch 001 | Batch 310 | val_kld=0.089354 | val_ordacc@10=0.223966 | val_recall@10=0.774141
Epoch 001 | Step 310 | lr=1.000000e-03 | loss=0.094053
Epoch 001 | Batch 320 | val_kld=0.089499 | val_ordacc@10=0.225339 | val_recall@10=0.772568
Epoch 001 | Step 320 | lr=1.000000e-03 | loss=0.106295
Epoch 001 | Batch 330 | val_kld=0.084926 | val_ordacc@10=0.238876 | val_recall@10=0.780779
Epoch 001 | Step 330 | lr=1.000000e-03 | loss=0.090043
Epoch 001 | Batch 340 | val_kld=0.083503 | val_ordacc@10=0.235813 | val_recall@10=0.778901
Epoch 001 | Step 340 | lr=1.000000e-03 | loss=0.091315
Epoch 001 | Batch 350 | val_kld=0.084382 | val_ordacc@10=0.239596 | val_recall@10=0.784059
Epoch 001 | Step 350 | lr=1.000000e-03 | loss=0.088467
Epoch 001 | Batch 360 | val_kld=0.084282 | val_ordacc@10=0.231719 | val_recall@10=0.775379
Epoch 001 | Step 360 | lr=1.000000e-03 | loss=0.087163
Epoch 001 | Batch 370 | val_kld=0.081751 | val_ordacc@10=0.237363 | val_recall@10=0.783930
Epoch 001 | Step 370 | lr=1.000000e-03 | loss=0.097181
Epoch 001 | Batch 380 | val_kld=0.082350 | val_ordacc@10=0.237615 | val_recall@10=0.780069
Epoch 001 | Step 380 | lr=1.000000e-03 | loss=0.100572
Epoch 001 | Batch 390 | val_kld=0.080491 | val_ordacc@10=0.245219 | val_recall@10=0.786641
Epoch 001 | Step 390 | lr=1.000000e-03 | loss=0.090393
Epoch 001 | Batch 400 | val_kld=0.081292 | val_ordacc@10=0.232422 | val_recall@10=0.779404
Epoch 001 | Step 400 | lr=1.000000e-03 | loss=0.096417
Epoch 001 | Batch 410 | val_kld=0.079016 | val_ordacc@10=0.245422 | val_recall@10=0.792241
Epoch 001 | Step 410 | lr=1.000000e-03 | loss=0.082344
Epoch 001 | Batch 420 | val_kld=0.077190 | val_ordacc@10=0.243231 | val_recall@10=0.781375
Epoch 001 | Step 420 | lr=1.000000e-03 | loss=0.084266
Epoch 001 | Batch 430 | val_kld=0.079477 | val_ordacc@10=0.235273 | val_recall@10=0.780764
Epoch 001 | Step 430 | lr=1.000000e-03 | loss=0.091923
Epoch 001 | Batch 440 | val_kld=0.079545 | val_ordacc@10=0.238562 | val_recall@10=0.784087
Epoch 001 | Step 440 | lr=1.000000e-03 | loss=0.088481
Epoch 001 | Batch 450 | val_kld=0.078673 | val_ordacc@10=0.235666 | val_recall@10=0.787540
Epoch 001 | Step 450 | lr=1.000000e-03 | loss=0.086444
Epoch 001 | Batch 460 | val_kld=0.076446 | val_ordacc@10=0.245564 | val_recall@10=0.785443
Epoch 001 | Step 460 | lr=1.000000e-03 | loss=0.078437
Epoch 001 | Batch 470 | val_kld=0.077932 | val_ordacc@10=0.236792 | val_recall@10=0.784837
Epoch 001 | Step 470 | lr=1.000000e-03 | loss=0.086519
Epoch 001 | Batch 480 | val_kld=0.075884 | val_ordacc@10=0.240047 | val_recall@10=0.784849
Epoch 001 | Step 480 | lr=1.000000e-03 | loss=0.083841
Epoch 001 | Batch 490 | val_kld=0.075224 | val_ordacc@10=0.243767 | val_recall@10=0.788024
Epoch 001 | Step 490 | lr=1.000000e-03 | loss=0.080597
Epoch 001 | Batch 500 | val_kld=0.075729 | val_ordacc@10=0.239920 | val_recall@10=0.790694
Epoch 001 | Step 500 | lr=1.000000e-03 | loss=0.080381
Epoch 001 | Batch 510 | val_kld=0.074922 | val_ordacc@10=0.246591 | val_recall@10=0.790911
Epoch 001 | Step 510 | lr=1.000000e-03 | loss=0.085775
Epoch 001 | Batch 520 | val_kld=0.076110 | val_ordacc@10=0.245206 | val_recall@10=0.786125
Epoch 001 | Step 520 | lr=1.000000e-03 | loss=0.078433
Epoch 001 | Batch 530 | val_kld=0.071904 | val_ordacc@10=0.252594 | val_recall@10=0.793277
Epoch 001 | Step 530 | lr=1.000000e-03 | loss=0.076342
Epoch 001 | Batch 540 | val_kld=0.072400 | val_ordacc@10=0.249624 | val_recall@10=0.789685
Epoch 001 | Step 540 | lr=1.000000e-03 | loss=0.077227
Epoch 001 | Batch 550 | val_kld=0.072770 | val_ordacc@10=0.251588 | val_recall@10=0.797757
Epoch 001 | Step 550 | lr=1.000000e-03 | loss=0.080125
Epoch 001 | Batch 560 | val_kld=0.070295 | val_ordacc@10=0.250005 | val_recall@10=0.797364
Epoch 001 | Step 560 | lr=1.000000e-03 | loss=0.075456
Epoch 001 | Batch 570 | val_kld=0.071745 | val_ordacc@10=0.248976 | val_recall@10=0.796341
Epoch 001 | Step 570 | lr=1.000000e-03 | loss=0.073115
Epoch 001 | Batch 580 | val_kld=0.070832 | val_ordacc@10=0.250980 | val_recall@10=0.791986
Epoch 001 | Step 580 | lr=1.000000e-03 | loss=0.077755
Epoch 001 | Batch 590 | val_kld=0.070242 | val_ordacc@10=0.250429 | val_recall@10=0.784196
Epoch 001 | Step 590 | lr=1.000000e-03 | loss=0.072917
Epoch 001 | Batch 600 | val_kld=0.070132 | val_ordacc@10=0.249544 | val_recall@10=0.796202
Epoch 001 | Step 600 | lr=1.000000e-03 | loss=0.079599
Epoch 001 | Batch 610 | val_kld=0.070173 | val_ordacc@10=0.253201 | val_recall@10=0.796168
Epoch 001 | Step 610 | lr=1.000000e-03 | loss=0.073324
Epoch 001 | Batch 620 | val_kld=0.070139 | val_ordacc@10=0.250901 | val_recall@10=0.788730
Epoch 001 | Step 620 | lr=1.000000e-03 | loss=0.073597
Epoch 001 | Batch 630 | val_kld=0.071055 | val_ordacc@10=0.249457 | val_recall@10=0.785109
Epoch 001 | Step 630 | lr=1.000000e-03 | loss=0.073125
Epoch 001 | Batch 640 | val_kld=0.065853 | val_ordacc@10=0.263344 | val_recall@10=0.793004
Epoch 001 | Step 640 | lr=1.000000e-03 | loss=0.071082
Epoch 001 | Batch 650 | val_kld=0.067911 | val_ordacc@10=0.259312 | val_recall@10=0.797340
Epoch 001 | Step 650 | lr=1.000000e-03 | loss=0.074028
Epoch 001 | Batch 660 | val_kld=0.066354 | val_ordacc@10=0.261744 | val_recall@10=0.801078
Epoch 001 | Step 660 | lr=1.000000e-03 | loss=0.069681
Epoch 001 | Batch 670 | val_kld=0.069881 | val_ordacc@10=0.253960 | val_recall@10=0.792375
Epoch 001 | Step 670 | lr=1.000000e-03 | loss=0.069142
Epoch 001 | Batch 680 | val_kld=0.069114 | val_ordacc@10=0.258949 | val_recall@10=0.798667
Epoch 001 | Step 680 | lr=1.000000e-03 | loss=0.070696
Epoch 001 | Batch 690 | val_kld=0.066262 | val_ordacc@10=0.256652 | val_recall@10=0.798833
Epoch 001 | Step 690 | lr=1.000000e-03 | loss=0.071584
Epoch 001 | Batch 700 | val_kld=0.067787 | val_ordacc@10=0.255941 | val_recall@10=0.797691
Epoch 001 | Step 700 | lr=1.000000e-03 | loss=0.074790
Epoch 001 | Batch 710 | val_kld=0.070558 | val_ordacc@10=0.251937 | val_recall@10=0.799415
Epoch 001 | Step 710 | lr=1.000000e-03 | loss=0.069773
Epoch 001 | Batch 720 | val_kld=0.065933 | val_ordacc@10=0.257895 | val_recall@10=0.798026
Epoch 001 | Step 720 | lr=1.000000e-03 | loss=0.076965
Epoch 001 | Batch 730 | val_kld=0.066132 | val_ordacc@10=0.252313 | val_recall@10=0.788554
Epoch 001 | Step 730 | lr=1.000000e-03 | loss=0.065925
Epoch 001 | Batch 740 | val_kld=0.063790 | val_ordacc@10=0.264327 | val_recall@10=0.802768
Epoch 001 | Step 740 | lr=1.000000e-03 | loss=0.068538
Epoch 001 | Batch 750 | val_kld=0.063661 | val_ordacc@10=0.264855 | val_recall@10=0.798238
Epoch 001 | Step 750 | lr=1.000000e-03 | loss=0.068918
Epoch 001 | Batch 760 | val_kld=0.064331 | val_ordacc@10=0.259642 | val_recall@10=0.795321
Epoch 001 | Step 760 | lr=1.000000e-03 | loss=0.072387
Epoch 001 | Batch 770 | val_kld=0.061519 | val_ordacc@10=0.266909 | val_recall@10=0.799801
Epoch 001 | Step 770 | lr=1.000000e-03 | loss=0.068256
Epoch 001 | Batch 780 | val_kld=0.062858 | val_ordacc@10=0.267927 | val_recall@10=0.800507
Epoch 001 | Step 780 | lr=1.000000e-03 | loss=0.072688
Epoch 001 | Batch 790 | val_kld=0.065180 | val_ordacc@10=0.254197 | val_recall@10=0.800177
Epoch 001 | Step 790 | lr=1.000000e-03 | loss=0.070117
Epoch 001 | Batch 800 | val_kld=0.062793 | val_ordacc@10=0.262983 | val_recall@10=0.797053
Epoch 001 | Step 800 | lr=1.000000e-03 | loss=0.077153
Epoch 001 | Batch 810 | val_kld=0.063056 | val_ordacc@10=0.258651 | val_recall@10=0.794270
Epoch 001 | Step 810 | lr=1.000000e-03 | loss=0.068158
Epoch 001 | Batch 820 | val_kld=0.061471 | val_ordacc@10=0.269087 | val_recall@10=0.801321
Epoch 001 | Step 820 | lr=1.000000e-03 | loss=0.074186
Epoch 001 | Batch 830 | val_kld=0.062347 | val_ordacc@10=0.266342 | val_recall@10=0.801312
Epoch 001 | Step 830 | lr=1.000000e-03 | loss=0.063246
Epoch 001 | Batch 840 | val_kld=0.061276 | val_ordacc@10=0.267507 | val_recall@10=0.803342
Epoch 001 | Step 840 | lr=1.000000e-03 | loss=0.065425
Epoch 001 | Batch 850 | val_kld=0.061770 | val_ordacc@10=0.271365 | val_recall@10=0.795835
Epoch 001 | Step 850 | lr=1.000000e-03 | loss=0.062242
Epoch 001 | Batch 860 | val_kld=0.061750 | val_ordacc@10=0.265905 | val_recall@10=0.795924
Epoch 001 | Step 860 | lr=1.000000e-03 | loss=0.070650
Epoch 001 | Batch 870 | val_kld=0.063141 | val_ordacc@10=0.259619 | val_recall@10=0.800056
Epoch 001 | Step 870 | lr=1.000000e-03 | loss=0.069609
Epoch 001 | Batch 880 | val_kld=0.062599 | val_ordacc@10=0.258116 | val_recall@10=0.791898
Epoch 001 | Step 880 | lr=1.000000e-03 | loss=0.066933
Epoch 001 | Batch 890 | val_kld=0.060382 | val_ordacc@10=0.265989 | val_recall@10=0.802101
Epoch 001 | Step 890 | lr=1.000000e-03 | loss=0.065983
Epoch 001 | Batch 900 | val_kld=0.061547 | val_ordacc@10=0.263572 | val_recall@10=0.803730
Epoch 001 | Step 900 | lr=1.000000e-03 | loss=0.065957
Epoch 001 | Batch 910 | val_kld=0.061372 | val_ordacc@10=0.269295 | val_recall@10=0.797860
Epoch 001 | Step 910 | lr=1.000000e-03 | loss=0.070115
Epoch 001 | Batch 920 | val_kld=0.060204 | val_ordacc@10=0.268246 | val_recall@10=0.801787
Epoch 001 | Step 920 | lr=1.000000e-03 | loss=0.066382
Epoch 001 | Batch 930 | val_kld=0.062768 | val_ordacc@10=0.258282 | val_recall@10=0.801880
Epoch 001 | Step 930 | lr=1.000000e-03 | loss=0.066148
Epoch 001 | Batch 940 | val_kld=0.059496 | val_ordacc@10=0.268945 | val_recall@10=0.799131
Epoch 001 | Step 940 | lr=1.000000e-03 | loss=0.068505
Epoch 001 | Batch 950 | val_kld=0.060168 | val_ordacc@10=0.268091 | val_recall@10=0.794134
Epoch 001 | Step 950 | lr=1.000000e-03 | loss=0.072807
Epoch 001 | Batch 960 | val_kld=0.062715 | val_ordacc@10=0.257915 | val_recall@10=0.797416
Epoch 001 | Step 960 | lr=1.000000e-03 | loss=0.065978
Epoch 001 | Batch 970 | val_kld=0.058674 | val_ordacc@10=0.272628 | val_recall@10=0.799535
Epoch 001 | Step 970 | lr=1.000000e-03 | loss=0.063299
Epoch 001 | Batch 980 | val_kld=0.059354 | val_ordacc@10=0.269421 | val_recall@10=0.803089
Epoch 001 | Step 980 | lr=1.000000e-03 | loss=0.063582
Epoch 001 | Batch 990 | val_kld=0.062324 | val_ordacc@10=0.258116 | val_recall@10=0.800514
Epoch 001 | Step 990 | lr=1.000000e-03 | loss=0.067025
Epoch 001 | Batch 1000 | val_kld=0.059839 | val_ordacc@10=0.265888 | val_recall@10=0.798915
Epoch 001 | Step 1000 | lr=1.000000e-03 | loss=0.066580
Epoch 001 | Batch 1010 | val_kld=0.058463 | val_ordacc@10=0.271727 | val_recall@10=0.800809
Epoch 001 | Step 1010 | lr=1.000000e-03 | loss=0.060327
Epoch 001 | Batch 1020 | val_kld=0.058710 | val_ordacc@10=0.268325 | val_recall@10=0.803481
Epoch 001 | Step 1020 | lr=1.000000e-03 | loss=0.060759
Epoch 001 | Batch 1030 | val_kld=0.058276 | val_ordacc@10=0.270248 | val_recall@10=0.799084
Epoch 001 | Step 1030 | lr=1.000000e-03 | loss=0.069388
Epoch 001 | Batch 1040 | val_kld=0.059190 | val_ordacc@10=0.266884 | val_recall@10=0.799817
Epoch 001 | Step 1040 | lr=1.000000e-03 | loss=0.055541
Epoch 001 | Batch 1050 | val_kld=0.056709 | val_ordacc@10=0.270433 | val_recall@10=0.801255
Epoch 001 | Step 1050 | lr=1.000000e-03 | loss=0.063493
Epoch 001 | Batch 1060 | val_kld=0.057080 | val_ordacc@10=0.274836 | val_recall@10=0.804661
Epoch 001 | Step 1060 | lr=1.000000e-03 | loss=0.062307
Epoch 001 | Batch 1070 | val_kld=0.057962 | val_ordacc@10=0.267246 | val_recall@10=0.800411
Epoch 001 | Step 1070 | lr=1.000000e-03 | loss=0.064206
Epoch 001 | Batch 1080 | val_kld=0.057170 | val_ordacc@10=0.271898 | val_recall@10=0.803159
Epoch 001 | Step 1080 | lr=1.000000e-03 | loss=0.060609
Epoch 001 | Batch 1090 | val_kld=0.056930 | val_ordacc@10=0.271075 | val_recall@10=0.801445
Epoch 001 | Step 1090 | lr=1.000000e-03 | loss=0.064619
Epoch 001 | Batch 1100 | val_kld=0.055358 | val_ordacc@10=0.276401 | val_recall@10=0.805106
Epoch 001 | Step 1100 | lr=1.000000e-03 | loss=0.062253
Epoch 001 | Batch 1110 | val_kld=0.055406 | val_ordacc@10=0.276251 | val_recall@10=0.802091
Epoch 001 | Step 1110 | lr=1.000000e-03 | loss=0.066830
Epoch 001 | Batch 1120 | val_kld=0.057039 | val_ordacc@10=0.270342 | val_recall@10=0.805642
Epoch 001 | Step 1120 | lr=1.000000e-03 | loss=0.065673
Epoch 001 | Batch 1130 | val_kld=0.055374 | val_ordacc@10=0.275097 | val_recall@10=0.802011
Epoch 001 | Step 1130 | lr=1.000000e-03 | loss=0.058323
Epoch 001 | Batch 1140 | val_kld=0.055838 | val_ordacc@10=0.276552 | val_recall@10=0.804636
Epoch 001 | Step 1140 | lr=1.000000e-03 | loss=0.059591
Epoch 001 | Batch 1150 | val_kld=0.055885 | val_ordacc@10=0.277182 | val_recall@10=0.807955
Epoch 001 | Step 1150 | lr=1.000000e-03 | loss=0.065309
Epoch 001 | Batch 1160 | val_kld=0.055859 | val_ordacc@10=0.274059 | val_recall@10=0.802277
Epoch 001 | Step 1160 | lr=1.000000e-03 | loss=0.060861
Epoch 001 | Batch 1170 | val_kld=0.056286 | val_ordacc@10=0.275263 | val_recall@10=0.798039
Epoch 001 | Step 1170 | lr=1.000000e-03 | loss=0.060563
Epoch 001 | Batch 1180 | val_kld=0.055702 | val_ordacc@10=0.275727 | val_recall@10=0.799875
Epoch 001 | Step 1180 | lr=1.000000e-03 | loss=0.062711
Epoch 001 | Batch 1190 | val_kld=0.055880 | val_ordacc@10=0.271953 | val_recall@10=0.802514
Epoch 001 | Step 1190 | lr=1.000000e-03 | loss=0.059806
Epoch 001 | Batch 1200 | val_kld=0.056291 | val_ordacc@10=0.273697 | val_recall@10=0.802105
Epoch 001 | Step 1200 | lr=1.000000e-03 | loss=0.061256
Epoch 001 | Batch 1210 | val_kld=0.056160 | val_ordacc@10=0.270001 | val_recall@10=0.807777
Epoch 001 | Step 1210 | lr=1.000000e-03 | loss=0.060098
Epoch 001 | Batch 1220 | val_kld=0.055842 | val_ordacc@10=0.275417 | val_recall@10=0.807796
Epoch 001 | Step 1220 | lr=1.000000e-03 | loss=0.059855
Epoch 001 | Batch 1230 | val_kld=0.055190 | val_ordacc@10=0.276561 | val_recall@10=0.801571
Epoch 001 | Step 1230 | lr=1.000000e-03 | loss=0.057067
Epoch 001 | Batch 1240 | val_kld=0.055517 | val_ordacc@10=0.275864 | val_recall@10=0.804855
Epoch 001 | Step 1240 | lr=1.000000e-03 | loss=0.060507
Epoch 001 | Batch 1250 | val_kld=0.056349 | val_ordacc@10=0.270941 | val_recall@10=0.806399
Epoch 001 | Step 1250 | lr=1.000000e-03 | loss=0.063109
Epoch 001 | Batch 1260 | val_kld=0.053693 | val_ordacc@10=0.279269 | val_recall@10=0.807057
Epoch 001 | Step 1260 | lr=1.000000e-03 | loss=0.062419
Epoch 001 | Batch 1270 | val_kld=0.055121 | val_ordacc@10=0.277968 | val_recall@10=0.804714
Epoch 001 | Step 1270 | lr=1.000000e-03 | loss=0.061913
Epoch 001 | Batch 1280 | val_kld=0.054375 | val_ordacc@10=0.277806 | val_recall@10=0.808125
Epoch 001 | Step 1280 | lr=1.000000e-03 | loss=0.056863
Epoch 001 | Batch 1290 | val_kld=0.055571 | val_ordacc@10=0.275702 | val_recall@10=0.803760
Epoch 001 | Step 1290 | lr=1.000000e-03 | loss=0.059526
Epoch 001 | Batch 1300 | val_kld=0.055439 | val_ordacc@10=0.273073 | val_recall@10=0.797182
Epoch 001 | Step 1300 | lr=1.000000e-03 | loss=0.058287
Epoch 001 | Batch 1310 | val_kld=0.058124 | val_ordacc@10=0.265302 | val_recall@10=0.804006
Epoch 001 | Step 1310 | lr=1.000000e-03 | loss=0.061323
Epoch 001 | Batch 1320 | val_kld=0.055824 | val_ordacc@10=0.275631 | val_recall@10=0.800866
Epoch 001 | Step 1320 | lr=1.000000e-03 | loss=0.059098
Epoch 001 | Batch 1330 | val_kld=0.054487 | val_ordacc@10=0.276966 | val_recall@10=0.803392
Epoch 001 | Step 1330 | lr=1.000000e-03 | loss=0.055801
Epoch 001 | Batch 1340 | val_kld=0.054274 | val_ordacc@10=0.274938 | val_recall@10=0.806373
Epoch 001 | Step 1340 | lr=1.000000e-03 | loss=0.059439
Epoch 001 | Batch 1350 | val_kld=0.054513 | val_ordacc@10=0.279877 | val_recall@10=0.803107
Epoch 001 | Step 1350 | lr=1.000000e-03 | loss=0.064342
Epoch 001 | Batch 1360 | val_kld=0.054844 | val_ordacc@10=0.275256 | val_recall@10=0.809432
Epoch 001 | Step 1360 | lr=1.000000e-03 | loss=0.055492
Epoch 001 | Batch 1370 | val_kld=0.057552 | val_ordacc@10=0.266245 | val_recall@10=0.801737
Epoch 001 | Step 1370 | lr=1.000000e-03 | loss=0.061326
Epoch 001 | Batch 1380 | val_kld=0.053546 | val_ordacc@10=0.278503 | val_recall@10=0.805062
Epoch 001 | Step 1380 | lr=1.000000e-03 | loss=0.060553
Epoch 001 | Batch 1390 | val_kld=0.054211 | val_ordacc@10=0.280709 | val_recall@10=0.804827
Epoch 001 | Step 1390 | lr=1.000000e-03 | loss=0.053891
Epoch 001 | Batch 1400 | val_kld=0.054661 | val_ordacc@10=0.273109 | val_recall@10=0.807953
Epoch 001 | Step 1400 | lr=1.000000e-03 | loss=0.058823
Epoch 001 | Batch 1410 | val_kld=0.052705 | val_ordacc@10=0.282893 | val_recall@10=0.804512
Epoch 001 | Step 1410 | lr=1.000000e-03 | loss=0.057898
Epoch 001 | Batch 1420 | val_kld=0.052203 | val_ordacc@10=0.284398 | val_recall@10=0.806722
Epoch 001 | Step 1420 | lr=1.000000e-03 | loss=0.058666
Epoch 001 | Batch 1430 | val_kld=0.052567 | val_ordacc@10=0.280599 | val_recall@10=0.804304
Epoch 001 | Step 1430 | lr=1.000000e-03 | loss=0.055597
Epoch 001 | Batch 1440 | val_kld=0.052046 | val_ordacc@10=0.283817 | val_recall@10=0.805584
Epoch 001 | Step 1440 | lr=1.000000e-03 | loss=0.061867
Epoch 001 | Batch 1450 | val_kld=0.056022 | val_ordacc@10=0.272595 | val_recall@10=0.804437
Epoch 001 | Step 1450 | lr=1.000000e-03 | loss=0.055520
Epoch 001 | Batch 1460 | val_kld=0.053247 | val_ordacc@10=0.279821 | val_recall@10=0.803969
Epoch 001 | Step 1460 | lr=1.000000e-03 | loss=0.057315
Epoch 001 | Batch 1470 | val_kld=0.053056 | val_ordacc@10=0.281807 | val_recall@10=0.807619
Epoch 001 | Step 1470 | lr=1.000000e-03 | loss=0.055851
Epoch 001 | Batch 1480 | val_kld=0.054358 | val_ordacc@10=0.276584 | val_recall@10=0.806812
Epoch 001 | Step 1480 | lr=1.000000e-03 | loss=0.055223
Epoch 001 | Batch 1490 | val_kld=0.053443 | val_ordacc@10=0.275563 | val_recall@10=0.804666
Epoch 001 | Step 1490 | lr=1.000000e-03 | loss=0.057500
Epoch 001 | Batch 1500 | val_kld=0.055472 | val_ordacc@10=0.268984 | val_recall@10=0.802497
Epoch 001 | Step 1500 | lr=1.000000e-03 | loss=0.057485
Epoch 001 | Batch 1510 | val_kld=0.054021 | val_ordacc@10=0.276826 | val_recall@10=0.810955
Epoch 001 | Step 1510 | lr=1.000000e-03 | loss=0.059670
Epoch 001 | Batch 1520 | val_kld=0.053176 | val_ordacc@10=0.280207 | val_recall@10=0.808372
Epoch 001 | Step 1520 | lr=1.000000e-03 | loss=0.061613
Epoch 001 | Batch 1530 | val_kld=0.053970 | val_ordacc@10=0.277814 | val_recall@10=0.803603
Epoch 001 | Step 1530 | lr=1.000000e-03 | loss=0.054989
Epoch 001 | Batch 1540 | val_kld=0.054085 | val_ordacc@10=0.276568 | val_recall@10=0.801984
Epoch 001 | Step 1540 | lr=1.000000e-03 | loss=0.060395
Epoch 001 | Batch 1550 | val_kld=0.052467 | val_ordacc@10=0.281710 | val_recall@10=0.808349
Epoch 001 | Step 1550 | lr=1.000000e-03 | loss=0.059248
Epoch 001 | Batch 1560 | val_kld=0.052224 | val_ordacc@10=0.282893 | val_recall@10=0.807588
Epoch 001 | Step 1560 | lr=1.000000e-03 | loss=0.051423
Epoch 001 | Batch 1570 | val_kld=0.052939 | val_ordacc@10=0.279867 | val_recall@10=0.812165
Epoch 001 | Step 1570 | lr=1.000000e-03 | loss=0.054195
Epoch 001 | Batch 1580 | val_kld=0.052349 | val_ordacc@10=0.278586 | val_recall@10=0.809469
Epoch 001 | Step 1580 | lr=1.000000e-03 | loss=0.059540
Epoch 001 | Batch 1590 | val_kld=0.052003 | val_ordacc@10=0.280474 | val_recall@10=0.810819
Epoch 001 | Step 1590 | lr=1.000000e-03 | loss=0.055873
Epoch 001 | Batch 1600 | val_kld=0.053178 | val_ordacc@10=0.276623 | val_recall@10=0.810454
Epoch 001 | Step 1600 | lr=1.000000e-03 | loss=0.056028
Epoch 001 | Batch 1610 | val_kld=0.052235 | val_ordacc@10=0.279064 | val_recall@10=0.810588
Epoch 001 | Step 1610 | lr=1.000000e-03 | loss=0.055743
Epoch 001 | Batch 1620 | val_kld=0.052289 | val_ordacc@10=0.282208 | val_recall@10=0.807745
Epoch 001 | Step 1620 | lr=1.000000e-03 | loss=0.061699
Epoch 001 | Batch 1630 | val_kld=0.052398 | val_ordacc@10=0.279573 | val_recall@10=0.801642
Epoch 001 | Step 1630 | lr=1.000000e-03 | loss=0.054983
Epoch 001 | Batch 1640 | val_kld=0.052555 | val_ordacc@10=0.278763 | val_recall@10=0.809257
Epoch 001 | Step 1640 | lr=1.000000e-03 | loss=0.057703
Epoch 001 | Batch 1650 | val_kld=0.054177 | val_ordacc@10=0.274923 | val_recall@10=0.805600
Epoch 001 | Step 1650 | lr=1.000000e-03 | loss=0.061814
Epoch 001 | Batch 1660 | val_kld=0.051837 | val_ordacc@10=0.279891 | val_recall@10=0.806492
Epoch 001 | Step 1660 | lr=1.000000e-03 | loss=0.056647
Epoch 001 | Batch 1670 | val_kld=0.051817 | val_ordacc@10=0.280944 | val_recall@10=0.804249
Epoch 001 | Step 1670 | lr=1.000000e-03 | loss=0.057440
Epoch 001 | Batch 1680 | val_kld=0.051108 | val_ordacc@10=0.283844 | val_recall@10=0.804935
Epoch 001 | Step 1680 | lr=1.000000e-03 | loss=0.055132
Epoch 001 | Batch 1690 | val_kld=0.053108 | val_ordacc@10=0.276281 | val_recall@10=0.806318
Epoch 001 | Step 1690 | lr=1.000000e-03 | loss=0.056942
Epoch 001 | Batch 1700 | val_kld=0.052954 | val_ordacc@10=0.280864 | val_recall@10=0.808500
Epoch 001 | Step 1700 | lr=1.000000e-03 | loss=0.058701
Epoch 001 | Batch 1710 | val_kld=0.052779 | val_ordacc@10=0.276309 | val_recall@10=0.802668
Epoch 001 | Step 1710 | lr=1.000000e-03 | loss=0.057714
Epoch 001 | Batch 1720 | val_kld=0.053139 | val_ordacc@10=0.276128 | val_recall@10=0.811616
Epoch 001 | Step 1720 | lr=1.000000e-03 | loss=0.055554
Epoch 001 | Batch 1730 | val_kld=0.052203 | val_ordacc@10=0.282233 | val_recall@10=0.804954
Epoch 001 | Step 1730 | lr=1.000000e-03 | loss=0.056860
Epoch 001 | Batch 1740 | val_kld=0.052462 | val_ordacc@10=0.278614 | val_recall@10=0.811743
Epoch 001 | Step 1740 | lr=1.000000e-03 | loss=0.057944
Epoch 001 | Batch 1750 | val_kld=0.052009 | val_ordacc@10=0.281731 | val_recall@10=0.806845
Epoch 001 | Step 1750 | lr=1.000000e-03 | loss=0.057857
Epoch 001 | Batch 1760 | val_kld=0.053645 | val_ordacc@10=0.276140 | val_recall@10=0.810415
Epoch 001 | Step 1760 | lr=1.000000e-03 | loss=0.055726
Epoch 001 | Batch 1770 | val_kld=0.050891 | val_ordacc@10=0.286134 | val_recall@10=0.810086
Epoch 001 | Step 1770 | lr=1.000000e-03 | loss=0.054041
Epoch 001 | Batch 1780 | val_kld=0.050617 | val_ordacc@10=0.282791 | val_recall@10=0.806708
Epoch 001 | Step 1780 | lr=1.000000e-03 | loss=0.055060
Epoch 001 | Batch 1790 | val_kld=0.051756 | val_ordacc@10=0.281587 | val_recall@10=0.805615
Epoch 001 | Step 1790 | lr=1.000000e-03 | loss=0.058074
Epoch 001 | Batch 1800 | val_kld=0.052347 | val_ordacc@10=0.281509 | val_recall@10=0.813493
Epoch 001 | Step 1800 | lr=1.000000e-03 | loss=0.052190
Epoch 001 | Batch 1810 | val_kld=0.051655 | val_ordacc@10=0.284334 | val_recall@10=0.808695
Epoch 001 | Step 1810 | lr=1.000000e-03 | loss=0.056556
Epoch 001 | Batch 1820 | val_kld=0.050646 | val_ordacc@10=0.285619 | val_recall@10=0.811127
Epoch 001 | Step 1820 | lr=1.000000e-03 | loss=0.058303
Epoch 001 | Batch 1830 | val_kld=0.051828 | val_ordacc@10=0.279585 | val_recall@10=0.806677
Epoch 001 | Step 1830 | lr=1.000000e-03 | loss=0.057318
Epoch 001 | Batch 1840 | val_kld=0.050970 | val_ordacc@10=0.284536 | val_recall@10=0.805610
Epoch 001 | Step 1840 | lr=1.000000e-03 | loss=0.057261
Epoch 001 | Batch 1850 | val_kld=0.052077 | val_ordacc@10=0.281966 | val_recall@10=0.810188
Epoch 001 | Step 1850 | lr=1.000000e-03 | loss=0.051031
Epoch 001 | Batch 1860 | val_kld=0.054567 | val_ordacc@10=0.272191 | val_recall@10=0.806443
Epoch 001 | Step 1860 | lr=1.000000e-03 | loss=0.053877
Epoch 001 | Batch 1870 | val_kld=0.051972 | val_ordacc@10=0.278393 | val_recall@10=0.803463
Epoch 001 | Step 1870 | lr=1.000000e-03 | loss=0.057127
Epoch 001 | Batch 1880 | val_kld=0.052440 | val_ordacc@10=0.278958 | val_recall@10=0.808227
Epoch 001 | Step 1880 | lr=1.000000e-03 | loss=0.052656
Epoch 001 | Batch 1890 | val_kld=0.053241 | val_ordacc@10=0.279648 | val_recall@10=0.804077
Epoch 001 | Step 1890 | lr=1.000000e-03 | loss=0.057501
Epoch 001 | Batch 1900 | val_kld=0.052345 | val_ordacc@10=0.282493 | val_recall@10=0.803197
Epoch 001 | Step 1900 | lr=1.000000e-03 | loss=0.058437
Epoch 001 | Batch 1910 | val_kld=0.051271 | val_ordacc@10=0.282084 | val_recall@10=0.808477
Epoch 001 | Step 1910 | lr=1.000000e-03 | loss=0.055936
Epoch 001 | Batch 1920 | val_kld=0.050770 | val_ordacc@10=0.285347 | val_recall@10=0.805300
Epoch 001 | Step 1920 | lr=1.000000e-03 | loss=0.056085
Epoch 001 | Batch 1930 | val_kld=0.050503 | val_ordacc@10=0.284369 | val_recall@10=0.806025
Epoch 001 | Step 1930 | lr=1.000000e-03 | loss=0.054557
epoch 001 | train_kld=0.093168 | val_kld=0.049645 | val_mae=0.003149 | val_mse=0.000128 | ord_acc@10=0.2839 | recall@10=0.8069
Epoch 002 | Step 10 | lr=9.755283e-04 | loss=0.054146
Epoch 002 | Step 20 | lr=9.755283e-04 | loss=0.056634
Epoch 002 | Step 30 | lr=9.755283e-04 | loss=0.055966
Epoch 002 | Step 40 | lr=9.755283e-04 | loss=0.052478
Epoch 002 | Step 50 | lr=9.755283e-04 | loss=0.054512
Epoch 002 | Step 60 | lr=9.755283e-04 | loss=0.053807
Epoch 002 | Step 70 | lr=9.755283e-04 | loss=0.054651
Epoch 002 | Step 80 | lr=9.755283e-04 | loss=0.057476
Epoch 002 | Step 90 | lr=9.755283e-04 | loss=0.053789
Epoch 002 | Step 100 | lr=9.755283e-04 | loss=0.057481
Epoch 002 | Step 110 | lr=9.755283e-04 | loss=0.053368
Epoch 002 | Step 120 | lr=9.755283e-04 | loss=0.055138
Epoch 002 | Step 130 | lr=9.755283e-04 | loss=0.051684
Epoch 002 | Step 140 | lr=9.755283e-04 | loss=0.058213
Epoch 002 | Step 150 | lr=9.755283e-04 | loss=0.055843
Epoch 002 | Step 160 | lr=9.755283e-04 | loss=0.054410
Epoch 002 | Step 170 | lr=9.755283e-04 | loss=0.058610
Epoch 002 | Step 180 | lr=9.755283e-04 | loss=0.052226
Epoch 002 | Step 190 | lr=9.755283e-04 | loss=0.053013
Epoch 002 | Step 200 | lr=9.755283e-04 | loss=0.055404
Epoch 002 | Step 210 | lr=9.755283e-04 | loss=0.051630
Epoch 002 | Step 220 | lr=9.755283e-04 | loss=0.053139
Epoch 002 | Step 230 | lr=9.755283e-04 | loss=0.052711
Epoch 002 | Step 240 | lr=9.755283e-04 | loss=0.054609
Epoch 002 | Step 250 | lr=9.755283e-04 | loss=0.051462
Epoch 002 | Step 260 | lr=9.755283e-04 | loss=0.051758
Epoch 002 | Step 270 | lr=9.755283e-04 | loss=0.051814
Epoch 002 | Step 280 | lr=9.755283e-04 | loss=0.052115
Epoch 002 | Step 290 | lr=9.755283e-04 | loss=0.052120
Epoch 002 | Step 300 | lr=9.755283e-04 | loss=0.054161
Epoch 002 | Step 310 | lr=9.755283e-04 | loss=0.049968
Epoch 002 | Step 320 | lr=9.755283e-04 | loss=0.053687
Epoch 002 | Step 330 | lr=9.755283e-04 | loss=0.053250
Epoch 002 | Step 340 | lr=9.755283e-04 | loss=0.056088
Epoch 002 | Step 350 | lr=9.755283e-04 | loss=0.050961
Epoch 002 | Step 360 | lr=9.755283e-04 | loss=0.056231
Epoch 002 | Step 370 | lr=9.755283e-04 | loss=0.049372
Epoch 002 | Step 380 | lr=9.755283e-04 | loss=0.051703
Epoch 002 | Step 390 | lr=9.755283e-04 | loss=0.053150
Epoch 002 | Step 400 | lr=9.755283e-04 | loss=0.053315
Epoch 002 | Step 410 | lr=9.755283e-04 | loss=0.051042
Epoch 002 | Step 420 | lr=9.755283e-04 | loss=0.048220
Epoch 002 | Step 430 | lr=9.755283e-04 | loss=0.052476
Epoch 002 | Step 440 | lr=9.755283e-04 | loss=0.052472
Epoch 002 | Step 450 | lr=9.755283e-04 | loss=0.053593
Epoch 002 | Step 460 | lr=9.755283e-04 | loss=0.055432
Epoch 002 | Step 470 | lr=9.755283e-04 | loss=0.052106
Epoch 002 | Step 480 | lr=9.755283e-04 | loss=0.054735
Epoch 002 | Step 490 | lr=9.755283e-04 | loss=0.052833
Epoch 002 | Step 500 | lr=9.755283e-04 | loss=0.048796
Epoch 002 | Step 510 | lr=9.755283e-04 | loss=0.049281
Epoch 002 | Step 520 | lr=9.755283e-04 | loss=0.055877
Epoch 002 | Step 530 | lr=9.755283e-04 | loss=0.050550
Epoch 002 | Step 540 | lr=9.755283e-04 | loss=0.049257
Epoch 002 | Step 550 | lr=9.755283e-04 | loss=0.051768
Epoch 002 | Step 560 | lr=9.755283e-04 | loss=0.050837
Epoch 002 | Step 570 | lr=9.755283e-04 | loss=0.056799
Epoch 002 | Step 580 | lr=9.755283e-04 | loss=0.051190
Epoch 002 | Step 590 | lr=9.755283e-04 | loss=0.052248
Epoch 002 | Step 600 | lr=9.755283e-04 | loss=0.054886
Epoch 002 | Step 610 | lr=9.755283e-04 | loss=0.052359
Epoch 002 | Step 620 | lr=9.755283e-04 | loss=0.056983
Epoch 002 | Step 630 | lr=9.755283e-04 | loss=0.051320
Epoch 002 | Step 640 | lr=9.755283e-04 | loss=0.051325
Epoch 002 | Step 650 | lr=9.755283e-04 | loss=0.050214
Epoch 002 | Step 660 | lr=9.755283e-04 | loss=0.051595
Epoch 002 | Step 670 | lr=9.755283e-04 | loss=0.053865
Epoch 002 | Step 680 | lr=9.755283e-04 | loss=0.049025
Epoch 002 | Step 690 | lr=9.755283e-04 | loss=0.051511
Epoch 002 | Step 700 | lr=9.755283e-04 | loss=0.053196
Epoch 002 | Step 710 | lr=9.755283e-04 | loss=0.048513
Epoch 002 | Step 720 | lr=9.755283e-04 | loss=0.047458
Epoch 002 | Step 730 | lr=9.755283e-04 | loss=0.052039
Epoch 002 | Step 740 | lr=9.755283e-04 | loss=0.054731
Epoch 002 | Step 750 | lr=9.755283e-04 | loss=0.050875
Epoch 002 | Step 760 | lr=9.755283e-04 | loss=0.051581
Epoch 002 | Step 770 | lr=9.755283e-04 | loss=0.052338
Epoch 002 | Step 780 | lr=9.755283e-04 | loss=0.048512
Epoch 002 | Step 790 | lr=9.755283e-04 | loss=0.050536
Epoch 002 | Step 800 | lr=9.755283e-04 | loss=0.048760
Epoch 002 | Step 810 | lr=9.755283e-04 | loss=0.053421
Epoch 002 | Step 820 | lr=9.755283e-04 | loss=0.049891
Epoch 002 | Step 830 | lr=9.755283e-04 | loss=0.053188
Epoch 002 | Step 840 | lr=9.755283e-04 | loss=0.048476
Epoch 002 | Step 850 | lr=9.755283e-04 | loss=0.050702
Epoch 002 | Step 860 | lr=9.755283e-04 | loss=0.050456
Epoch 002 | Step 870 | lr=9.755283e-04 | loss=0.055235
Epoch 002 | Step 880 | lr=9.755283e-04 | loss=0.051187
Epoch 002 | Step 890 | lr=9.755283e-04 | loss=0.050678
Epoch 002 | Step 900 | lr=9.755283e-04 | loss=0.049813
Epoch 002 | Step 910 | lr=9.755283e-04 | loss=0.049752
Epoch 002 | Step 920 | lr=9.755283e-04 | loss=0.051818
Epoch 002 | Step 930 | lr=9.755283e-04 | loss=0.047087
Epoch 002 | Step 940 | lr=9.755283e-04 | loss=0.050796
Epoch 002 | Step 950 | lr=9.755283e-04 | loss=0.053113
Epoch 002 | Step 960 | lr=9.755283e-04 | loss=0.047611
Epoch 002 | Step 970 | lr=9.755283e-04 | loss=0.052494
Epoch 002 | Step 980 | lr=9.755283e-04 | loss=0.054008
Epoch 002 | Step 990 | lr=9.755283e-04 | loss=0.048831
Epoch 002 | Step 1000 | lr=9.755283e-04 | loss=0.049614
Epoch 002 | Step 1010 | lr=9.755283e-04 | loss=0.051622
Epoch 002 | Step 1020 | lr=9.755283e-04 | loss=0.047374
Epoch 002 | Step 1030 | lr=9.755283e-04 | loss=0.047931
Epoch 002 | Step 1040 | lr=9.755283e-04 | loss=0.047651
Epoch 002 | Step 1050 | lr=9.755283e-04 | loss=0.052376
Epoch 002 | Step 1060 | lr=9.755283e-04 | loss=0.050412
Epoch 002 | Step 1070 | lr=9.755283e-04 | loss=0.050240
Epoch 002 | Step 1080 | lr=9.755283e-04 | loss=0.050235
Epoch 002 | Step 1090 | lr=9.755283e-04 | loss=0.049136
Epoch 002 | Step 1100 | lr=9.755283e-04 | loss=0.051317
Epoch 002 | Step 1110 | lr=9.755283e-04 | loss=0.047387
Epoch 002 | Step 1120 | lr=9.755283e-04 | loss=0.050584
Epoch 002 | Step 1130 | lr=9.755283e-04 | loss=0.049391
Epoch 002 | Step 1140 | lr=9.755283e-04 | loss=0.049974
Epoch 002 | Step 1150 | lr=9.755283e-04 | loss=0.049275
Epoch 002 | Step 1160 | lr=9.755283e-04 | loss=0.052529
Epoch 002 | Step 1170 | lr=9.755283e-04 | loss=0.052606
Epoch 002 | Step 1180 | lr=9.755283e-04 | loss=0.051087
Epoch 002 | Step 1190 | lr=9.755283e-04 | loss=0.047174
Epoch 002 | Step 1200 | lr=9.755283e-04 | loss=0.049893
Epoch 002 | Step 1210 | lr=9.755283e-04 | loss=0.050484
Epoch 002 | Step 1220 | lr=9.755283e-04 | loss=0.051698
Epoch 002 | Step 1230 | lr=9.755283e-04 | loss=0.047599
Epoch 002 | Step 1240 | lr=9.755283e-04 | loss=0.050459
Epoch 002 | Step 1250 | lr=9.755283e-04 | loss=0.050550
Epoch 002 | Step 1260 | lr=9.755283e-04 | loss=0.047794
Epoch 002 | Step 1270 | lr=9.755283e-04 | loss=0.048729
Epoch 002 | Step 1280 | lr=9.755283e-04 | loss=0.052325
Epoch 002 | Step 1290 | lr=9.755283e-04 | loss=0.051980
Epoch 002 | Step 1300 | lr=9.755283e-04 | loss=0.051608
Epoch 002 | Step 1310 | lr=9.755283e-04 | loss=0.047548
Epoch 002 | Step 1320 | lr=9.755283e-04 | loss=0.048885
Epoch 002 | Step 1330 | lr=9.755283e-04 | loss=0.050996
Epoch 002 | Step 1340 | lr=9.755283e-04 | loss=0.047707
Epoch 002 | Step 1350 | lr=9.755283e-04 | loss=0.051247
Epoch 002 | Step 1360 | lr=9.755283e-04 | loss=0.049725
Epoch 002 | Step 1370 | lr=9.755283e-04 | loss=0.049588
Epoch 002 | Step 1380 | lr=9.755283e-04 | loss=0.050973
Epoch 002 | Step 1390 | lr=9.755283e-04 | loss=0.052913
Epoch 002 | Step 1400 | lr=9.755283e-04 | loss=0.048039
Epoch 002 | Step 1410 | lr=9.755283e-04 | loss=0.048473
Epoch 002 | Step 1420 | lr=9.755283e-04 | loss=0.050230
Epoch 002 | Step 1430 | lr=9.755283e-04 | loss=0.048492
Epoch 002 | Step 1440 | lr=9.755283e-04 | loss=0.049198
Epoch 002 | Step 1450 | lr=9.755283e-04 | loss=0.046000
Epoch 002 | Step 1460 | lr=9.755283e-04 | loss=0.048894
Epoch 002 | Step 1470 | lr=9.755283e-04 | loss=0.049683
Epoch 002 | Step 1480 | lr=9.755283e-04 | loss=0.045878
Epoch 002 | Step 1490 | lr=9.755283e-04 | loss=0.052126
Epoch 002 | Step 1500 | lr=9.755283e-04 | loss=0.049266
Epoch 002 | Step 1510 | lr=9.755283e-04 | loss=0.047681
Epoch 002 | Step 1520 | lr=9.755283e-04 | loss=0.046671
Epoch 002 | Step 1530 | lr=9.755283e-04 | loss=0.046709
Epoch 002 | Step 1540 | lr=9.755283e-04 | loss=0.048843
Epoch 002 | Step 1550 | lr=9.755283e-04 | loss=0.048168
Epoch 002 | Step 1560 | lr=9.755283e-04 | loss=0.048941
Epoch 002 | Step 1570 | lr=9.755283e-04 | loss=0.046911
Epoch 002 | Step 1580 | lr=9.755283e-04 | loss=0.046685
Epoch 002 | Step 1590 | lr=9.755283e-04 | loss=0.045818
Epoch 002 | Step 1600 | lr=9.755283e-04 | loss=0.047956
Epoch 002 | Step 1610 | lr=9.755283e-04 | loss=0.048993
Epoch 002 | Step 1620 | lr=9.755283e-04 | loss=0.049817
Epoch 002 | Step 1630 | lr=9.755283e-04 | loss=0.051885
Epoch 002 | Step 1640 | lr=9.755283e-04 | loss=0.050719
Epoch 002 | Step 1650 | lr=9.755283e-04 | loss=0.050317
Epoch 002 | Step 1660 | lr=9.755283e-04 | loss=0.049406
Epoch 002 | Step 1670 | lr=9.755283e-04 | loss=0.048193
Epoch 002 | Step 1680 | lr=9.755283e-04 | loss=0.049277
Epoch 002 | Step 1690 | lr=9.755283e-04 | loss=0.047784
Epoch 002 | Step 1700 | lr=9.755283e-04 | loss=0.046778
Epoch 002 | Step 1710 | lr=9.755283e-04 | loss=0.048326
Epoch 002 | Step 1720 | lr=9.755283e-04 | loss=0.047969
Epoch 002 | Step 1730 | lr=9.755283e-04 | loss=0.048671
Epoch 002 | Step 1740 | lr=9.755283e-04 | loss=0.045357
Epoch 002 | Step 1750 | lr=9.755283e-04 | loss=0.049449
Epoch 002 | Step 1760 | lr=9.755283e-04 | loss=0.049988
Epoch 002 | Step 1770 | lr=9.755283e-04 | loss=0.047788
Epoch 002 | Step 1780 | lr=9.755283e-04 | loss=0.045682
Epoch 002 | Step 1790 | lr=9.755283e-04 | loss=0.048476
Epoch 002 | Step 1800 | lr=9.755283e-04 | loss=0.050055
Epoch 002 | Step 1810 | lr=9.755283e-04 | loss=0.053163
Epoch 002 | Step 1820 | lr=9.755283e-04 | loss=0.052179
Epoch 002 | Step 1830 | lr=9.755283e-04 | loss=0.049106
Epoch 002 | Step 1840 | lr=9.755283e-04 | loss=0.049782
Epoch 002 | Step 1850 | lr=9.755283e-04 | loss=0.049123
Epoch 002 | Step 1860 | lr=9.755283e-04 | loss=0.048494
Epoch 002 | Step 1870 | lr=9.755283e-04 | loss=0.048911
Epoch 002 | Step 1880 | lr=9.755283e-04 | loss=0.051365
Epoch 002 | Step 1890 | lr=9.755283e-04 | loss=0.045753
Epoch 002 | Step 1900 | lr=9.755283e-04 | loss=0.048675
Epoch 002 | Step 1910 | lr=9.755283e-04 | loss=0.049178
Epoch 002 | Step 1920 | lr=9.755283e-04 | loss=0.048669
Epoch 002 | Step 1930 | lr=9.755283e-04 | loss=0.048830
epoch 002 | train_kld=0.050855 | val_kld=0.045344 | val_mae=0.002992 | val_mse=0.000112 | ord_acc@10=0.2978 | recall@10=0.8110
Epoch 003 | Step 10 | lr=9.045085e-04 | loss=0.046790
Epoch 003 | Step 20 | lr=9.045085e-04 | loss=0.051112
Epoch 003 | Step 30 | lr=9.045085e-04 | loss=0.050032
Epoch 003 | Step 40 | lr=9.045085e-04 | loss=0.043698
Epoch 003 | Step 50 | lr=9.045085e-04 | loss=0.045820
Epoch 003 | Step 60 | lr=9.045085e-04 | loss=0.046552
Epoch 003 | Step 70 | lr=9.045085e-04 | loss=0.047520
Epoch 003 | Step 80 | lr=9.045085e-04 | loss=0.047202
Epoch 003 | Step 90 | lr=9.045085e-04 | loss=0.044897
Epoch 003 | Step 100 | lr=9.045085e-04 | loss=0.052022
Epoch 003 | Step 110 | lr=9.045085e-04 | loss=0.052067
Epoch 003 | Step 120 | lr=9.045085e-04 | loss=0.045941
Epoch 003 | Step 130 | lr=9.045085e-04 | loss=0.048706
Epoch 003 | Step 140 | lr=9.045085e-04 | loss=0.052151
Epoch 003 | Step 150 | lr=9.045085e-04 | loss=0.042565
Epoch 003 | Step 160 | lr=9.045085e-04 | loss=0.047625
Epoch 003 | Step 170 | lr=9.045085e-04 | loss=0.049249
Epoch 003 | Step 180 | lr=9.045085e-04 | loss=0.047286
Epoch 003 | Step 190 | lr=9.045085e-04 | loss=0.045550
Epoch 003 | Step 200 | lr=9.045085e-04 | loss=0.046293
Epoch 003 | Step 210 | lr=9.045085e-04 | loss=0.046589
Epoch 003 | Step 220 | lr=9.045085e-04 | loss=0.044331
Epoch 003 | Step 230 | lr=9.045085e-04 | loss=0.046154
Epoch 003 | Step 240 | lr=9.045085e-04 | loss=0.050598
Epoch 003 | Step 250 | lr=9.045085e-04 | loss=0.049040
Epoch 003 | Step 260 | lr=9.045085e-04 | loss=0.048594
Epoch 003 | Step 270 | lr=9.045085e-04 | loss=0.046137
Epoch 003 | Step 280 | lr=9.045085e-04 | loss=0.048030
Epoch 003 | Step 290 | lr=9.045085e-04 | loss=0.046151
Epoch 003 | Step 300 | lr=9.045085e-04 | loss=0.046554
Epoch 003 | Step 310 | lr=9.045085e-04 | loss=0.049406
Epoch 003 | Step 320 | lr=9.045085e-04 | loss=0.048247
Epoch 003 | Step 330 | lr=9.045085e-04 | loss=0.049183
Epoch 003 | Step 340 | lr=9.045085e-04 | loss=0.045174
Epoch 003 | Step 350 | lr=9.045085e-04 | loss=0.042933
Epoch 003 | Step 360 | lr=9.045085e-04 | loss=0.045728
Epoch 003 | Step 370 | lr=9.045085e-04 | loss=0.045813
Epoch 003 | Step 380 | lr=9.045085e-04 | loss=0.048559
Epoch 003 | Step 390 | lr=9.045085e-04 | loss=0.045767
Epoch 003 | Step 400 | lr=9.045085e-04 | loss=0.042912
Epoch 003 | Step 410 | lr=9.045085e-04 | loss=0.044958
Epoch 003 | Step 420 | lr=9.045085e-04 | loss=0.049764
Epoch 003 | Step 430 | lr=9.045085e-04 | loss=0.044939
Epoch 003 | Step 440 | lr=9.045085e-04 | loss=0.049240
Epoch 003 | Step 450 | lr=9.045085e-04 | loss=0.049300
Epoch 003 | Step 460 | lr=9.045085e-04 | loss=0.044015
Epoch 003 | Step 470 | lr=9.045085e-04 | loss=0.045161
Epoch 003 | Step 480 | lr=9.045085e-04 | loss=0.050165
Epoch 003 | Step 490 | lr=9.045085e-04 | loss=0.045818
Epoch 003 | Step 500 | lr=9.045085e-04 | loss=0.045510
Epoch 003 | Step 510 | lr=9.045085e-04 | loss=0.045609
Epoch 003 | Step 520 | lr=9.045085e-04 | loss=0.045528
Epoch 003 | Step 530 | lr=9.045085e-04 | loss=0.044204
Epoch 003 | Step 540 | lr=9.045085e-04 | loss=0.047377
Epoch 003 | Step 550 | lr=9.045085e-04 | loss=0.045838
Epoch 003 | Step 560 | lr=9.045085e-04 | loss=0.050154
Epoch 003 | Step 570 | lr=9.045085e-04 | loss=0.045617
Epoch 003 | Step 580 | lr=9.045085e-04 | loss=0.046529
Epoch 003 | Step 590 | lr=9.045085e-04 | loss=0.049117
Epoch 003 | Step 600 | lr=9.045085e-04 | loss=0.044519
Epoch 003 | Step 610 | lr=9.045085e-04 | loss=0.046621
Epoch 003 | Step 620 | lr=9.045085e-04 | loss=0.046819
Epoch 003 | Step 630 | lr=9.045085e-04 | loss=0.047062
Epoch 003 | Step 640 | lr=9.045085e-04 | loss=0.046804
Epoch 003 | Step 650 | lr=9.045085e-04 | loss=0.047276
Epoch 003 | Step 660 | lr=9.045085e-04 | loss=0.046269
Epoch 003 | Step 670 | lr=9.045085e-04 | loss=0.045974
Epoch 003 | Step 680 | lr=9.045085e-04 | loss=0.046799
Epoch 003 | Step 690 | lr=9.045085e-04 | loss=0.045835
Epoch 003 | Step 700 | lr=9.045085e-04 | loss=0.047234
Epoch 003 | Step 710 | lr=9.045085e-04 | loss=0.048459
Epoch 003 | Step 720 | lr=9.045085e-04 | loss=0.046005
Epoch 003 | Step 730 | lr=9.045085e-04 | loss=0.046450
Epoch 003 | Step 740 | lr=9.045085e-04 | loss=0.048243
Epoch 003 | Step 750 | lr=9.045085e-04 | loss=0.047345
Epoch 003 | Step 760 | lr=9.045085e-04 | loss=0.047275
Epoch 003 | Step 770 | lr=9.045085e-04 | loss=0.048336
Epoch 003 | Step 780 | lr=9.045085e-04 | loss=0.044196
Epoch 003 | Step 790 | lr=9.045085e-04 | loss=0.045691
Epoch 003 | Step 800 | lr=9.045085e-04 | loss=0.045843
Epoch 003 | Step 810 | lr=9.045085e-04 | loss=0.044201
Epoch 003 | Step 820 | lr=9.045085e-04 | loss=0.047317
Epoch 003 | Step 830 | lr=9.045085e-04 | loss=0.046535
Epoch 003 | Step 840 | lr=9.045085e-04 | loss=0.047548
Epoch 003 | Step 850 | lr=9.045085e-04 | loss=0.045371
Epoch 003 | Step 860 | lr=9.045085e-04 | loss=0.047623
Epoch 003 | Step 870 | lr=9.045085e-04 | loss=0.045618
Epoch 003 | Step 880 | lr=9.045085e-04 | loss=0.046228
Epoch 003 | Step 890 | lr=9.045085e-04 | loss=0.048691
Epoch 003 | Step 900 | lr=9.045085e-04 | loss=0.048033
Epoch 003 | Step 910 | lr=9.045085e-04 | loss=0.045639
Epoch 003 | Step 920 | lr=9.045085e-04 | loss=0.045537
Epoch 003 | Step 930 | lr=9.045085e-04 | loss=0.046825
Epoch 003 | Step 940 | lr=9.045085e-04 | loss=0.047048
Epoch 003 | Step 950 | lr=9.045085e-04 | loss=0.045941
Epoch 003 | Step 960 | lr=9.045085e-04 | loss=0.045705
Epoch 003 | Step 970 | lr=9.045085e-04 | loss=0.048269
Epoch 003 | Step 980 | lr=9.045085e-04 | loss=0.044540
Epoch 003 | Step 990 | lr=9.045085e-04 | loss=0.046327
Epoch 003 | Step 1000 | lr=9.045085e-04 | loss=0.046439
Epoch 003 | Step 1010 | lr=9.045085e-04 | loss=0.045821
Epoch 003 | Step 1020 | lr=9.045085e-04 | loss=0.046523
Epoch 003 | Step 1030 | lr=9.045085e-04 | loss=0.049417
Epoch 003 | Step 1040 | lr=9.045085e-04 | loss=0.047762
Epoch 003 | Step 1050 | lr=9.045085e-04 | loss=0.046326
Epoch 003 | Step 1060 | lr=9.045085e-04 | loss=0.044703
Epoch 003 | Step 1070 | lr=9.045085e-04 | loss=0.047911
Epoch 003 | Step 1080 | lr=9.045085e-04 | loss=0.045850
Epoch 003 | Step 1090 | lr=9.045085e-04 | loss=0.046224
Epoch 003 | Step 1100 | lr=9.045085e-04 | loss=0.046618
Epoch 003 | Step 1110 | lr=9.045085e-04 | loss=0.045779
Epoch 003 | Step 1120 | lr=9.045085e-04 | loss=0.048095
Epoch 003 | Step 1130 | lr=9.045085e-04 | loss=0.047740
Epoch 003 | Step 1140 | lr=9.045085e-04 | loss=0.048527
Epoch 003 | Step 1150 | lr=9.045085e-04 | loss=0.048469
Epoch 003 | Step 1160 | lr=9.045085e-04 | loss=0.046261
Epoch 003 | Step 1170 | lr=9.045085e-04 | loss=0.047614
Epoch 003 | Step 1180 | lr=9.045085e-04 | loss=0.050177
Epoch 003 | Step 1190 | lr=9.045085e-04 | loss=0.045427
Epoch 003 | Step 1200 | lr=9.045085e-04 | loss=0.044727
Epoch 003 | Step 1210 | lr=9.045085e-04 | loss=0.047520
Epoch 003 | Step 1220 | lr=9.045085e-04 | loss=0.047168
Epoch 003 | Step 1230 | lr=9.045085e-04 | loss=0.046117
Epoch 003 | Step 1240 | lr=9.045085e-04 | loss=0.046642
Epoch 003 | Step 1250 | lr=9.045085e-04 | loss=0.045063
Epoch 003 | Step 1260 | lr=9.045085e-04 | loss=0.044262
Epoch 003 | Step 1270 | lr=9.045085e-04 | loss=0.044102
Epoch 003 | Step 1280 | lr=9.045085e-04 | loss=0.045461
Epoch 003 | Step 1290 | lr=9.045085e-04 | loss=0.045893
Epoch 003 | Step 1300 | lr=9.045085e-04 | loss=0.046893
Epoch 003 | Step 1310 | lr=9.045085e-04 | loss=0.046400
Epoch 003 | Step 1320 | lr=9.045085e-04 | loss=0.045802
Epoch 003 | Step 1330 | lr=9.045085e-04 | loss=0.044312
Epoch 003 | Step 1340 | lr=9.045085e-04 | loss=0.046281
Epoch 003 | Step 1350 | lr=9.045085e-04 | loss=0.049823
Epoch 003 | Step 1360 | lr=9.045085e-04 | loss=0.045613
Epoch 003 | Step 1370 | lr=9.045085e-04 | loss=0.046443
Epoch 003 | Step 1380 | lr=9.045085e-04 | loss=0.045443
Epoch 003 | Step 1390 | lr=9.045085e-04 | loss=0.042952
Epoch 003 | Step 1400 | lr=9.045085e-04 | loss=0.045660
Epoch 003 | Step 1410 | lr=9.045085e-04 | loss=0.047247
Epoch 003 | Step 1420 | lr=9.045085e-04 | loss=0.045147
Epoch 003 | Step 1430 | lr=9.045085e-04 | loss=0.048106
Epoch 003 | Step 1440 | lr=9.045085e-04 | loss=0.046363
Epoch 003 | Step 1450 | lr=9.045085e-04 | loss=0.042818
Epoch 003 | Step 1460 | lr=9.045085e-04 | loss=0.049084
Epoch 003 | Step 1470 | lr=9.045085e-04 | loss=0.042987
Epoch 003 | Step 1480 | lr=9.045085e-04 | loss=0.043401
Epoch 003 | Step 1490 | lr=9.045085e-04 | loss=0.043216
Epoch 003 | Step 1500 | lr=9.045085e-04 | loss=0.044944
Epoch 003 | Step 1510 | lr=9.045085e-04 | loss=0.045133
Epoch 003 | Step 1520 | lr=9.045085e-04 | loss=0.046016
Epoch 003 | Step 1530 | lr=9.045085e-04 | loss=0.049060
Epoch 003 | Step 1540 | lr=9.045085e-04 | loss=0.044612
Epoch 003 | Step 1550 | lr=9.045085e-04 | loss=0.044647
Epoch 003 | Step 1560 | lr=9.045085e-04 | loss=0.044167
Epoch 003 | Step 1570 | lr=9.045085e-04 | loss=0.046182
Epoch 003 | Step 1580 | lr=9.045085e-04 | loss=0.047752
Epoch 003 | Step 1590 | lr=9.045085e-04 | loss=0.047675
Epoch 003 | Step 1600 | lr=9.045085e-04 | loss=0.044222
Epoch 003 | Step 1610 | lr=9.045085e-04 | loss=0.045634
Epoch 003 | Step 1620 | lr=9.045085e-04 | loss=0.041133
Epoch 003 | Step 1630 | lr=9.045085e-04 | loss=0.045243
Epoch 003 | Step 1640 | lr=9.045085e-04 | loss=0.047611
Epoch 003 | Step 1650 | lr=9.045085e-04 | loss=0.045153
Epoch 003 | Step 1660 | lr=9.045085e-04 | loss=0.045788
Epoch 003 | Step 1670 | lr=9.045085e-04 | loss=0.047455
Epoch 003 | Step 1680 | lr=9.045085e-04 | loss=0.047280
Epoch 003 | Step 1690 | lr=9.045085e-04 | loss=0.046597
Epoch 003 | Step 1700 | lr=9.045085e-04 | loss=0.045697
Epoch 003 | Step 1710 | lr=9.045085e-04 | loss=0.044003
Epoch 003 | Step 1720 | lr=9.045085e-04 | loss=0.042471
Epoch 003 | Step 1730 | lr=9.045085e-04 | loss=0.045094
Epoch 003 | Step 1740 | lr=9.045085e-04 | loss=0.044737
Epoch 003 | Step 1750 | lr=9.045085e-04 | loss=0.046744
Epoch 003 | Step 1760 | lr=9.045085e-04 | loss=0.046335
Epoch 003 | Step 1770 | lr=9.045085e-04 | loss=0.047450
Epoch 003 | Step 1780 | lr=9.045085e-04 | loss=0.045872
Epoch 003 | Step 1790 | lr=9.045085e-04 | loss=0.043372
Epoch 003 | Step 1800 | lr=9.045085e-04 | loss=0.045798
Epoch 003 | Step 1810 | lr=9.045085e-04 | loss=0.049351
Epoch 003 | Step 1820 | lr=9.045085e-04 | loss=0.049078
Epoch 003 | Step 1830 | lr=9.045085e-04 | loss=0.045163
Epoch 003 | Step 1840 | lr=9.045085e-04 | loss=0.045776
Epoch 003 | Step 1850 | lr=9.045085e-04 | loss=0.043613
Epoch 003 | Step 1860 | lr=9.045085e-04 | loss=0.046335
Epoch 003 | Step 1870 | lr=9.045085e-04 | loss=0.043856
Epoch 003 | Step 1880 | lr=9.045085e-04 | loss=0.042756
Epoch 003 | Step 1890 | lr=9.045085e-04 | loss=0.045789
Epoch 003 | Step 1900 | lr=9.045085e-04 | loss=0.048103
Epoch 003 | Step 1910 | lr=9.045085e-04 | loss=0.047974
Epoch 003 | Step 1920 | lr=9.045085e-04 | loss=0.046175
Epoch 003 | Step 1930 | lr=9.045085e-04 | loss=0.046608
epoch 003 | train_kld=0.046433 | val_kld=0.043291 | val_mae=0.002906 | val_mse=0.000106 | ord_acc@10=0.3017 | recall@10=0.8236
Epoch 004 | Step 10 | lr=7.938926e-04 | loss=0.045933
Epoch 004 | Step 20 | lr=7.938926e-04 | loss=0.045321
Epoch 004 | Step 30 | lr=7.938926e-04 | loss=0.043540
Epoch 004 | Step 40 | lr=7.938926e-04 | loss=0.042694
Epoch 004 | Step 50 | lr=7.938926e-04 | loss=0.044372
Epoch 004 | Step 60 | lr=7.938926e-04 | loss=0.044531
Epoch 004 | Step 70 | lr=7.938926e-04 | loss=0.041887
Epoch 004 | Step 80 | lr=7.938926e-04 | loss=0.042772
Epoch 004 | Step 90 | lr=7.938926e-04 | loss=0.044723
Epoch 004 | Step 100 | lr=7.938926e-04 | loss=0.043807
Epoch 004 | Step 110 | lr=7.938926e-04 | loss=0.043582
Epoch 004 | Step 120 | lr=7.938926e-04 | loss=0.044698
Epoch 004 | Step 130 | lr=7.938926e-04 | loss=0.043752
Epoch 004 | Step 140 | lr=7.938926e-04 | loss=0.047044
Epoch 004 | Step 150 | lr=7.938926e-04 | loss=0.044897
Epoch 004 | Step 160 | lr=7.938926e-04 | loss=0.046982
Epoch 004 | Step 170 | lr=7.938926e-04 | loss=0.043127
Epoch 004 | Step 180 | lr=7.938926e-04 | loss=0.043145
Epoch 004 | Step 190 | lr=7.938926e-04 | loss=0.044585
Epoch 004 | Step 200 | lr=7.938926e-04 | loss=0.045959
Epoch 004 | Step 210 | lr=7.938926e-04 | loss=0.042633
Epoch 004 | Step 220 | lr=7.938926e-04 | loss=0.042807
Epoch 004 | Step 230 | lr=7.938926e-04 | loss=0.046134
Epoch 004 | Step 240 | lr=7.938926e-04 | loss=0.044333
Epoch 004 | Step 250 | lr=7.938926e-04 | loss=0.048711
Epoch 004 | Step 260 | lr=7.938926e-04 | loss=0.043676
Epoch 004 | Step 270 | lr=7.938926e-04 | loss=0.045505
Epoch 004 | Step 280 | lr=7.938926e-04 | loss=0.043451
Epoch 004 | Step 290 | lr=7.938926e-04 | loss=0.048184
Epoch 004 | Step 300 | lr=7.938926e-04 | loss=0.045847
Epoch 004 | Step 310 | lr=7.938926e-04 | loss=0.042913
Epoch 004 | Step 320 | lr=7.938926e-04 | loss=0.044683
Epoch 004 | Step 330 | lr=7.938926e-04 | loss=0.046834
Epoch 004 | Step 340 | lr=7.938926e-04 | loss=0.041004
Epoch 004 | Step 350 | lr=7.938926e-04 | loss=0.040616
Epoch 004 | Step 360 | lr=7.938926e-04 | loss=0.044639
Epoch 004 | Step 370 | lr=7.938926e-04 | loss=0.043850
Epoch 004 | Step 380 | lr=7.938926e-04 | loss=0.043517
Epoch 004 | Step 390 | lr=7.938926e-04 | loss=0.045337
Epoch 004 | Step 400 | lr=7.938926e-04 | loss=0.043238
Epoch 004 | Step 410 | lr=7.938926e-04 | loss=0.042733
Epoch 004 | Step 420 | lr=7.938926e-04 | loss=0.045716
Epoch 004 | Step 430 | lr=7.938926e-04 | loss=0.042266
Epoch 004 | Step 440 | lr=7.938926e-04 | loss=0.043375
Epoch 004 | Step 450 | lr=7.938926e-04 | loss=0.044355
Epoch 004 | Step 460 | lr=7.938926e-04 | loss=0.044356
Epoch 004 | Step 470 | lr=7.938926e-04 | loss=0.047007
Epoch 004 | Step 480 | lr=7.938926e-04 | loss=0.045598
Epoch 004 | Step 490 | lr=7.938926e-04 | loss=0.047493
Epoch 004 | Step 500 | lr=7.938926e-04 | loss=0.044370
Epoch 004 | Step 510 | lr=7.938926e-04 | loss=0.045031
Epoch 004 | Step 520 | lr=7.938926e-04 | loss=0.039738
Epoch 004 | Step 530 | lr=7.938926e-04 | loss=0.044225
Epoch 004 | Step 540 | lr=7.938926e-04 | loss=0.044790
Epoch 004 | Step 550 | lr=7.938926e-04 | loss=0.044239
Epoch 004 | Step 560 | lr=7.938926e-04 | loss=0.042573
Epoch 004 | Step 570 | lr=7.938926e-04 | loss=0.044849
Epoch 004 | Step 580 | lr=7.938926e-04 | loss=0.041772
Epoch 004 | Step 590 | lr=7.938926e-04 | loss=0.043678
Epoch 004 | Step 600 | lr=7.938926e-04 | loss=0.042484
Epoch 004 | Step 610 | lr=7.938926e-04 | loss=0.042443
Epoch 004 | Step 620 | lr=7.938926e-04 | loss=0.043357
Epoch 004 | Step 630 | lr=7.938926e-04 | loss=0.045989
Epoch 004 | Step 640 | lr=7.938926e-04 | loss=0.043090
Epoch 004 | Step 650 | lr=7.938926e-04 | loss=0.042895
Epoch 004 | Step 660 | lr=7.938926e-04 | loss=0.047842
Epoch 004 | Step 670 | lr=7.938926e-04 | loss=0.040832
Epoch 004 | Step 680 | lr=7.938926e-04 | loss=0.043966
Epoch 004 | Step 690 | lr=7.938926e-04 | loss=0.043260
Epoch 004 | Step 700 | lr=7.938926e-04 | loss=0.044096
Epoch 004 | Step 710 | lr=7.938926e-04 | loss=0.044772
Epoch 004 | Step 720 | lr=7.938926e-04 | loss=0.043751
Epoch 004 | Step 730 | lr=7.938926e-04 | loss=0.046265
Epoch 004 | Step 740 | lr=7.938926e-04 | loss=0.042085
Epoch 004 | Step 750 | lr=7.938926e-04 | loss=0.042431
Epoch 004 | Step 760 | lr=7.938926e-04 | loss=0.044087
Epoch 004 | Step 770 | lr=7.938926e-04 | loss=0.042487
Epoch 004 | Step 780 | lr=7.938926e-04 | loss=0.046130
Epoch 004 | Step 790 | lr=7.938926e-04 | loss=0.043242
Epoch 004 | Step 800 | lr=7.938926e-04 | loss=0.043475
Epoch 004 | Step 810 | lr=7.938926e-04 | loss=0.046107
Epoch 004 | Step 820 | lr=7.938926e-04 | loss=0.045038
Epoch 004 | Step 830 | lr=7.938926e-04 | loss=0.041253
Epoch 004 | Step 840 | lr=7.938926e-04 | loss=0.041323
Epoch 004 | Step 850 | lr=7.938926e-04 | loss=0.045534
Epoch 004 | Step 860 | lr=7.938926e-04 | loss=0.041924
Epoch 004 | Step 870 | lr=7.938926e-04 | loss=0.042476
Epoch 004 | Step 880 | lr=7.938926e-04 | loss=0.042981
Epoch 004 | Step 890 | lr=7.938926e-04 | loss=0.043014
Epoch 004 | Step 900 | lr=7.938926e-04 | loss=0.044138
Epoch 004 | Step 910 | lr=7.938926e-04 | loss=0.042294
Epoch 004 | Step 920 | lr=7.938926e-04 | loss=0.044455
Epoch 004 | Step 930 | lr=7.938926e-04 | loss=0.045663
Epoch 004 | Step 940 | lr=7.938926e-04 | loss=0.046766
Epoch 004 | Step 950 | lr=7.938926e-04 | loss=0.045803
Epoch 004 | Step 960 | lr=7.938926e-04 | loss=0.044685
Epoch 004 | Step 970 | lr=7.938926e-04 | loss=0.045493
Epoch 004 | Step 980 | lr=7.938926e-04 | loss=0.044869
Epoch 004 | Step 990 | lr=7.938926e-04 | loss=0.042645
Epoch 004 | Step 1000 | lr=7.938926e-04 | loss=0.044892
Epoch 004 | Step 1010 | lr=7.938926e-04 | loss=0.045358
Epoch 004 | Step 1020 | lr=7.938926e-04 | loss=0.042807
Epoch 004 | Step 1030 | lr=7.938926e-04 | loss=0.046291
Epoch 004 | Step 1040 | lr=7.938926e-04 | loss=0.041184
Epoch 004 | Step 1050 | lr=7.938926e-04 | loss=0.046848
Epoch 004 | Step 1060 | lr=7.938926e-04 | loss=0.044671
Epoch 004 | Step 1070 | lr=7.938926e-04 | loss=0.041113
Epoch 004 | Step 1080 | lr=7.938926e-04 | loss=0.042907
Epoch 004 | Step 1090 | lr=7.938926e-04 | loss=0.045236
Epoch 004 | Step 1100 | lr=7.938926e-04 | loss=0.039938
Epoch 004 | Step 1110 | lr=7.938926e-04 | loss=0.044395
Epoch 004 | Step 1120 | lr=7.938926e-04 | loss=0.042563
Epoch 004 | Step 1130 | lr=7.938926e-04 | loss=0.042865
Epoch 004 | Step 1140 | lr=7.938926e-04 | loss=0.043382
Epoch 004 | Step 1150 | lr=7.938926e-04 | loss=0.046166
Epoch 004 | Step 1160 | lr=7.938926e-04 | loss=0.045163
Epoch 004 | Step 1170 | lr=7.938926e-04 | loss=0.042065
Epoch 004 | Step 1180 | lr=7.938926e-04 | loss=0.043475
Epoch 004 | Step 1190 | lr=7.938926e-04 | loss=0.041641
Epoch 004 | Step 1200 | lr=7.938926e-04 | loss=0.044347
Epoch 004 | Step 1210 | lr=7.938926e-04 | loss=0.044199
Epoch 004 | Step 1220 | lr=7.938926e-04 | loss=0.043368
Epoch 004 | Step 1230 | lr=7.938926e-04 | loss=0.042390
Epoch 004 | Step 1240 | lr=7.938926e-04 | loss=0.045402
Epoch 004 | Step 1250 | lr=7.938926e-04 | loss=0.046373
Epoch 004 | Step 1260 | lr=7.938926e-04 | loss=0.045579
Epoch 004 | Step 1270 | lr=7.938926e-04 | loss=0.042774
Epoch 004 | Step 1280 | lr=7.938926e-04 | loss=0.045909
Epoch 004 | Step 1290 | lr=7.938926e-04 | loss=0.045200
Epoch 004 | Step 1300 | lr=7.938926e-04 | loss=0.045699
Epoch 004 | Step 1310 | lr=7.938926e-04 | loss=0.044350
Epoch 004 | Step 1320 | lr=7.938926e-04 | loss=0.044482
Epoch 004 | Step 1330 | lr=7.938926e-04 | loss=0.044522
Epoch 004 | Step 1340 | lr=7.938926e-04 | loss=0.044387
Epoch 004 | Step 1350 | lr=7.938926e-04 | loss=0.044676
Epoch 004 | Step 1360 | lr=7.938926e-04 | loss=0.044732
Epoch 004 | Step 1370 | lr=7.938926e-04 | loss=0.044043
Epoch 004 | Step 1380 | lr=7.938926e-04 | loss=0.042771
Epoch 004 | Step 1390 | lr=7.938926e-04 | loss=0.047187
Epoch 004 | Step 1400 | lr=7.938926e-04 | loss=0.044015
Epoch 004 | Step 1410 | lr=7.938926e-04 | loss=0.044955
Epoch 004 | Step 1420 | lr=7.938926e-04 | loss=0.043570
Epoch 004 | Step 1430 | lr=7.938926e-04 | loss=0.042633
Epoch 004 | Step 1440 | lr=7.938926e-04 | loss=0.043867
Epoch 004 | Step 1450 | lr=7.938926e-04 | loss=0.045596
Epoch 004 | Step 1460 | lr=7.938926e-04 | loss=0.041684
Epoch 004 | Step 1470 | lr=7.938926e-04 | loss=0.045488
Epoch 004 | Step 1480 | lr=7.938926e-04 | loss=0.043605
Epoch 004 | Step 1490 | lr=7.938926e-04 | loss=0.046518
Epoch 004 | Step 1500 | lr=7.938926e-04 | loss=0.044265
Epoch 004 | Step 1510 | lr=7.938926e-04 | loss=0.044263
Epoch 004 | Step 1520 | lr=7.938926e-04 | loss=0.042820
Epoch 004 | Step 1530 | lr=7.938926e-04 | loss=0.044584
Epoch 004 | Step 1540 | lr=7.938926e-04 | loss=0.043055
Epoch 004 | Step 1550 | lr=7.938926e-04 | loss=0.044956
Epoch 004 | Step 1560 | lr=7.938926e-04 | loss=0.044646
Epoch 004 | Step 1570 | lr=7.938926e-04 | loss=0.042341
Epoch 004 | Step 1580 | lr=7.938926e-04 | loss=0.045626
Epoch 004 | Step 1590 | lr=7.938926e-04 | loss=0.043563
Epoch 004 | Step 1600 | lr=7.938926e-04 | loss=0.044558
Epoch 004 | Step 1610 | lr=7.938926e-04 | loss=0.045138
Epoch 004 | Step 1620 | lr=7.938926e-04 | loss=0.043644
Epoch 004 | Step 1630 | lr=7.938926e-04 | loss=0.045011
Epoch 004 | Step 1640 | lr=7.938926e-04 | loss=0.044950
Epoch 004 | Step 1650 | lr=7.938926e-04 | loss=0.043740
Epoch 004 | Step 1660 | lr=7.938926e-04 | loss=0.042453
Epoch 004 | Step 1670 | lr=7.938926e-04 | loss=0.044745
Epoch 004 | Step 1680 | lr=7.938926e-04 | loss=0.042327
Epoch 004 | Step 1690 | lr=7.938926e-04 | loss=0.044444
Epoch 004 | Step 1700 | lr=7.938926e-04 | loss=0.043755
Epoch 004 | Step 1710 | lr=7.938926e-04 | loss=0.043137
Epoch 004 | Step 1720 | lr=7.938926e-04 | loss=0.042956
Epoch 004 | Step 1730 | lr=7.938926e-04 | loss=0.041838
Epoch 004 | Step 1740 | lr=7.938926e-04 | loss=0.044169
Epoch 004 | Step 1750 | lr=7.938926e-04 | loss=0.044809
Epoch 004 | Step 1760 | lr=7.938926e-04 | loss=0.044376
Epoch 004 | Step 1770 | lr=7.938926e-04 | loss=0.045322
Epoch 004 | Step 1780 | lr=7.938926e-04 | loss=0.044250
Epoch 004 | Step 1790 | lr=7.938926e-04 | loss=0.042464
Epoch 004 | Step 1800 | lr=7.938926e-04 | loss=0.044969
Epoch 004 | Step 1810 | lr=7.938926e-04 | loss=0.044021
Epoch 004 | Step 1820 | lr=7.938926e-04 | loss=0.044329
Epoch 004 | Step 1830 | lr=7.938926e-04 | loss=0.043755
Epoch 004 | Step 1840 | lr=7.938926e-04 | loss=0.044140
Epoch 004 | Step 1850 | lr=7.938926e-04 | loss=0.043906
Epoch 004 | Step 1860 | lr=7.938926e-04 | loss=0.041566
Epoch 004 | Step 1870 | lr=7.938926e-04 | loss=0.044242
Epoch 004 | Step 1880 | lr=7.938926e-04 | loss=0.046075
Epoch 004 | Step 1890 | lr=7.938926e-04 | loss=0.043845
Epoch 004 | Step 1900 | lr=7.938926e-04 | loss=0.044638
Epoch 004 | Step 1910 | lr=7.938926e-04 | loss=0.043692
Epoch 004 | Step 1920 | lr=7.938926e-04 | loss=0.041509
Epoch 004 | Step 1930 | lr=7.938926e-04 | loss=0.043596
epoch 004 | train_kld=0.044096 | val_kld=0.041972 | val_mae=0.002805 | val_mse=0.000099 | ord_acc@10=0.3060 | recall@10=0.8128
Epoch 005 | Step 10 | lr=6.545085e-04 | loss=0.041537
Epoch 005 | Step 20 | lr=6.545085e-04 | loss=0.045547
Epoch 005 | Step 30 | lr=6.545085e-04 | loss=0.043417
Epoch 005 | Step 40 | lr=6.545085e-04 | loss=0.043611
Epoch 005 | Step 50 | lr=6.545085e-04 | loss=0.041588
Epoch 005 | Step 60 | lr=6.545085e-04 | loss=0.044876
Epoch 005 | Step 70 | lr=6.545085e-04 | loss=0.040853
Epoch 005 | Step 80 | lr=6.545085e-04 | loss=0.044064
Epoch 005 | Step 90 | lr=6.545085e-04 | loss=0.043320
Epoch 005 | Step 100 | lr=6.545085e-04 | loss=0.041442
Epoch 005 | Step 110 | lr=6.545085e-04 | loss=0.044042
Epoch 005 | Step 120 | lr=6.545085e-04 | loss=0.041538
Epoch 005 | Step 130 | lr=6.545085e-04 | loss=0.039910
Epoch 005 | Step 140 | lr=6.545085e-04 | loss=0.039089
Epoch 005 | Step 150 | lr=6.545085e-04 | loss=0.043503
Epoch 005 | Step 160 | lr=6.545085e-04 | loss=0.042619
Epoch 005 | Step 170 | lr=6.545085e-04 | loss=0.041357
Epoch 005 | Step 180 | lr=6.545085e-04 | loss=0.042623
Epoch 005 | Step 190 | lr=6.545085e-04 | loss=0.043448
Epoch 005 | Step 200 | lr=6.545085e-04 | loss=0.042373
Epoch 005 | Step 210 | lr=6.545085e-04 | loss=0.043738
Epoch 005 | Step 220 | lr=6.545085e-04 | loss=0.046561
Epoch 005 | Step 230 | lr=6.545085e-04 | loss=0.040968
Epoch 005 | Step 240 | lr=6.545085e-04 | loss=0.040377
Epoch 005 | Step 250 | lr=6.545085e-04 | loss=0.043954
Epoch 005 | Step 260 | lr=6.545085e-04 | loss=0.043950
Epoch 005 | Step 270 | lr=6.545085e-04 | loss=0.040307
Epoch 005 | Step 280 | lr=6.545085e-04 | loss=0.041347
Epoch 005 | Step 290 | lr=6.545085e-04 | loss=0.042141
Epoch 005 | Step 300 | lr=6.545085e-04 | loss=0.041419
Epoch 005 | Step 310 | lr=6.545085e-04 | loss=0.040791
Epoch 005 | Step 320 | lr=6.545085e-04 | loss=0.040419
Epoch 005 | Step 330 | lr=6.545085e-04 | loss=0.041314
Epoch 005 | Step 340 | lr=6.545085e-04 | loss=0.044239
Epoch 005 | Step 350 | lr=6.545085e-04 | loss=0.045100
Epoch 005 | Step 360 | lr=6.545085e-04 | loss=0.042743
Epoch 005 | Step 370 | lr=6.545085e-04 | loss=0.041641
Epoch 005 | Step 380 | lr=6.545085e-04 | loss=0.041624
Epoch 005 | Step 390 | lr=6.545085e-04 | loss=0.040389
Epoch 005 | Step 400 | lr=6.545085e-04 | loss=0.042958
Epoch 005 | Step 410 | lr=6.545085e-04 | loss=0.041864
Epoch 005 | Step 420 | lr=6.545085e-04 | loss=0.043491
Epoch 005 | Step 430 | lr=6.545085e-04 | loss=0.043847
Epoch 005 | Step 440 | lr=6.545085e-04 | loss=0.043692
Epoch 005 | Step 450 | lr=6.545085e-04 | loss=0.044087
Epoch 005 | Step 460 | lr=6.545085e-04 | loss=0.042987
Epoch 005 | Step 470 | lr=6.545085e-04 | loss=0.043999
Epoch 005 | Step 480 | lr=6.545085e-04 | loss=0.040351
Epoch 005 | Step 490 | lr=6.545085e-04 | loss=0.041857
Epoch 005 | Step 500 | lr=6.545085e-04 | loss=0.043075
Epoch 005 | Step 510 | lr=6.545085e-04 | loss=0.044283
Epoch 005 | Step 520 | lr=6.545085e-04 | loss=0.040966
Epoch 005 | Step 530 | lr=6.545085e-04 | loss=0.043972
Epoch 005 | Step 540 | lr=6.545085e-04 | loss=0.042517
Epoch 005 | Step 550 | lr=6.545085e-04 | loss=0.043900
Epoch 005 | Step 560 | lr=6.545085e-04 | loss=0.043426
Epoch 005 | Step 570 | lr=6.545085e-04 | loss=0.041138
Epoch 005 | Step 580 | lr=6.545085e-04 | loss=0.044335
Epoch 005 | Step 590 | lr=6.545085e-04 | loss=0.043894
Epoch 005 | Step 600 | lr=6.545085e-04 | loss=0.041294
Epoch 005 | Step 610 | lr=6.545085e-04 | loss=0.041358
Epoch 005 | Step 620 | lr=6.545085e-04 | loss=0.042592
Epoch 005 | Step 630 | lr=6.545085e-04 | loss=0.045461
Epoch 005 | Step 640 | lr=6.545085e-04 | loss=0.044680
Epoch 005 | Step 650 | lr=6.545085e-04 | loss=0.043770
Epoch 005 | Step 660 | lr=6.545085e-04 | loss=0.043400
Epoch 005 | Step 670 | lr=6.545085e-04 | loss=0.041418
Epoch 005 | Step 680 | lr=6.545085e-04 | loss=0.042572
Epoch 005 | Step 690 | lr=6.545085e-04 | loss=0.039718
Epoch 005 | Step 700 | lr=6.545085e-04 | loss=0.041000
Epoch 005 | Step 710 | lr=6.545085e-04 | loss=0.041842
Epoch 005 | Step 720 | lr=6.545085e-04 | loss=0.043315
Epoch 005 | Step 730 | lr=6.545085e-04 | loss=0.044532
Epoch 005 | Step 740 | lr=6.545085e-04 | loss=0.041340
Epoch 005 | Step 750 | lr=6.545085e-04 | loss=0.040954
Epoch 005 | Step 760 | lr=6.545085e-04 | loss=0.041673
Epoch 005 | Step 770 | lr=6.545085e-04 | loss=0.045012
Epoch 005 | Step 780 | lr=6.545085e-04 | loss=0.041622
Epoch 005 | Step 790 | lr=6.545085e-04 | loss=0.042519
Epoch 005 | Step 800 | lr=6.545085e-04 | loss=0.043635
Epoch 005 | Step 810 | lr=6.545085e-04 | loss=0.039459
Epoch 005 | Step 820 | lr=6.545085e-04 | loss=0.045244
Epoch 005 | Step 830 | lr=6.545085e-04 | loss=0.040481
Epoch 005 | Step 840 | lr=6.545085e-04 | loss=0.043185
Epoch 005 | Step 850 | lr=6.545085e-04 | loss=0.044903
Epoch 005 | Step 860 | lr=6.545085e-04 | loss=0.040886
Epoch 005 | Step 870 | lr=6.545085e-04 | loss=0.041289
Epoch 005 | Step 880 | lr=6.545085e-04 | loss=0.041652
Epoch 005 | Step 890 | lr=6.545085e-04 | loss=0.044281
Epoch 005 | Step 900 | lr=6.545085e-04 | loss=0.042651
Epoch 005 | Step 910 | lr=6.545085e-04 | loss=0.045045
Epoch 005 | Step 920 | lr=6.545085e-04 | loss=0.042806
Epoch 005 | Step 930 | lr=6.545085e-04 | loss=0.041787
Epoch 005 | Step 940 | lr=6.545085e-04 | loss=0.043662
Epoch 005 | Step 950 | lr=6.545085e-04 | loss=0.044117
Epoch 005 | Step 960 | lr=6.545085e-04 | loss=0.042934
Epoch 005 | Step 970 | lr=6.545085e-04 | loss=0.042123
Epoch 005 | Step 980 | lr=6.545085e-04 | loss=0.041456
Epoch 005 | Step 990 | lr=6.545085e-04 | loss=0.042275
Epoch 005 | Step 1000 | lr=6.545085e-04 | loss=0.041334
Epoch 005 | Step 1010 | lr=6.545085e-04 | loss=0.042403
Epoch 005 | Step 1020 | lr=6.545085e-04 | loss=0.047002
Epoch 005 | Step 1030 | lr=6.545085e-04 | loss=0.040703
Epoch 005 | Step 1040 | lr=6.545085e-04 | loss=0.043982
Epoch 005 | Step 1050 | lr=6.545085e-04 | loss=0.042770
Epoch 005 | Step 1060 | lr=6.545085e-04 | loss=0.041494
Epoch 005 | Step 1070 | lr=6.545085e-04 | loss=0.044096
Epoch 005 | Step 1080 | lr=6.545085e-04 | loss=0.041660
Epoch 005 | Step 1090 | lr=6.545085e-04 | loss=0.042560
Epoch 005 | Step 1100 | lr=6.545085e-04 | loss=0.042226
Epoch 005 | Step 1110 | lr=6.545085e-04 | loss=0.044795
Epoch 005 | Step 1120 | lr=6.545085e-04 | loss=0.041116
Epoch 005 | Step 1130 | lr=6.545085e-04 | loss=0.043794
Epoch 005 | Step 1140 | lr=6.545085e-04 | loss=0.042355
Epoch 005 | Step 1150 | lr=6.545085e-04 | loss=0.040695
Epoch 005 | Step 1160 | lr=6.545085e-04 | loss=0.041686
Epoch 005 | Step 1170 | lr=6.545085e-04 | loss=0.041072
Epoch 005 | Step 1180 | lr=6.545085e-04 | loss=0.041145
Epoch 005 | Step 1190 | lr=6.545085e-04 | loss=0.042549
Epoch 005 | Step 1200 | lr=6.545085e-04 | loss=0.045071
Epoch 005 | Step 1210 | lr=6.545085e-04 | loss=0.040646
Epoch 005 | Step 1220 | lr=6.545085e-04 | loss=0.043443
Epoch 005 | Step 1230 | lr=6.545085e-04 | loss=0.040373
Epoch 005 | Step 1240 | lr=6.545085e-04 | loss=0.046400
Epoch 005 | Step 1250 | lr=6.545085e-04 | loss=0.042441
Epoch 005 | Step 1260 | lr=6.545085e-04 | loss=0.042365
Epoch 005 | Step 1270 | lr=6.545085e-04 | loss=0.044355
Epoch 005 | Step 1280 | lr=6.545085e-04 | loss=0.041785
Epoch 005 | Step 1290 | lr=6.545085e-04 | loss=0.040468
Epoch 005 | Step 1300 | lr=6.545085e-04 | loss=0.041360
Epoch 005 | Step 1310 | lr=6.545085e-04 | loss=0.042138
Epoch 005 | Step 1320 | lr=6.545085e-04 | loss=0.040862
Epoch 005 | Step 1330 | lr=6.545085e-04 | loss=0.039957
Epoch 005 | Step 1340 | lr=6.545085e-04 | loss=0.041204
Epoch 005 | Step 1350 | lr=6.545085e-04 | loss=0.044520
Epoch 005 | Step 1360 | lr=6.545085e-04 | loss=0.042992
Epoch 005 | Step 1370 | lr=6.545085e-04 | loss=0.043753
Epoch 005 | Step 1380 | lr=6.545085e-04 | loss=0.041372
Epoch 005 | Step 1390 | lr=6.545085e-04 | loss=0.039351
Epoch 005 | Step 1400 | lr=6.545085e-04 | loss=0.042459
Epoch 005 | Step 1410 | lr=6.545085e-04 | loss=0.041027
Epoch 005 | Step 1420 | lr=6.545085e-04 | loss=0.041701
Epoch 005 | Step 1430 | lr=6.545085e-04 | loss=0.043164
Epoch 005 | Step 1440 | lr=6.545085e-04 | loss=0.041847
Epoch 005 | Step 1450 | lr=6.545085e-04 | loss=0.042412
Epoch 005 | Step 1460 | lr=6.545085e-04 | loss=0.044304
Epoch 005 | Step 1470 | lr=6.545085e-04 | loss=0.041154
Epoch 005 | Step 1480 | lr=6.545085e-04 | loss=0.045527
Epoch 005 | Step 1490 | lr=6.545085e-04 | loss=0.043303
Epoch 005 | Step 1500 | lr=6.545085e-04 | loss=0.042963
Epoch 005 | Step 1510 | lr=6.545085e-04 | loss=0.042598
Epoch 005 | Step 1520 | lr=6.545085e-04 | loss=0.041031
Epoch 005 | Step 1530 | lr=6.545085e-04 | loss=0.038829
Epoch 005 | Step 1540 | lr=6.545085e-04 | loss=0.040657
Epoch 005 | Step 1550 | lr=6.545085e-04 | loss=0.040989
Epoch 005 | Step 1560 | lr=6.545085e-04 | loss=0.042111
Epoch 005 | Step 1570 | lr=6.545085e-04 | loss=0.041947
Epoch 005 | Step 1580 | lr=6.545085e-04 | loss=0.040839
Epoch 005 | Step 1590 | lr=6.545085e-04 | loss=0.042420
Epoch 005 | Step 1600 | lr=6.545085e-04 | loss=0.041045
Epoch 005 | Step 1610 | lr=6.545085e-04 | loss=0.042213
Epoch 005 | Step 1620 | lr=6.545085e-04 | loss=0.045730
Epoch 005 | Step 1630 | lr=6.545085e-04 | loss=0.041000
Epoch 005 | Step 1640 | lr=6.545085e-04 | loss=0.040895
Epoch 005 | Step 1650 | lr=6.545085e-04 | loss=0.043039
Epoch 005 | Step 1660 | lr=6.545085e-04 | loss=0.039340
Epoch 005 | Step 1670 | lr=6.545085e-04 | loss=0.041685
Epoch 005 | Step 1680 | lr=6.545085e-04 | loss=0.040508
Epoch 005 | Step 1690 | lr=6.545085e-04 | loss=0.039970
Epoch 005 | Step 1700 | lr=6.545085e-04 | loss=0.041842
Epoch 005 | Step 1710 | lr=6.545085e-04 | loss=0.042519
Epoch 005 | Step 1720 | lr=6.545085e-04 | loss=0.045743
Epoch 005 | Step 1730 | lr=6.545085e-04 | loss=0.040588
Epoch 005 | Step 1740 | lr=6.545085e-04 | loss=0.039860
Epoch 005 | Step 1750 | lr=6.545085e-04 | loss=0.044067
Epoch 005 | Step 1760 | lr=6.545085e-04 | loss=0.042222
Epoch 005 | Step 1770 | lr=6.545085e-04 | loss=0.041392
Epoch 005 | Step 1780 | lr=6.545085e-04 | loss=0.042091
Epoch 005 | Step 1790 | lr=6.545085e-04 | loss=0.043265
Epoch 005 | Step 1800 | lr=6.545085e-04 | loss=0.041156
Epoch 005 | Step 1810 | lr=6.545085e-04 | loss=0.042230
Epoch 005 | Step 1820 | lr=6.545085e-04 | loss=0.041183
Epoch 005 | Step 1830 | lr=6.545085e-04 | loss=0.041477
Epoch 005 | Step 1840 | lr=6.545085e-04 | loss=0.040771
Epoch 005 | Step 1850 | lr=6.545085e-04 | loss=0.043678
Epoch 005 | Step 1860 | lr=6.545085e-04 | loss=0.041509
Epoch 005 | Step 1870 | lr=6.545085e-04 | loss=0.041574
Epoch 005 | Step 1880 | lr=6.545085e-04 | loss=0.042233
Epoch 005 | Step 1890 | lr=6.545085e-04 | loss=0.042295
Epoch 005 | Step 1900 | lr=6.545085e-04 | loss=0.044474
Epoch 005 | Step 1910 | lr=6.545085e-04 | loss=0.039045
Epoch 005 | Step 1920 | lr=6.545085e-04 | loss=0.038579
Epoch 005 | Step 1930 | lr=6.545085e-04 | loss=0.041984
epoch 005 | train_kld=0.042364 | val_kld=0.041146 | val_mae=0.002810 | val_mse=0.000094 | ord_acc@10=0.3113 | recall@10=0.8291
Epoch 006 | Step 10 | lr=5.000000e-04 | loss=0.041473
Epoch 006 | Step 20 | lr=5.000000e-04 | loss=0.040738
Epoch 006 | Step 30 | lr=5.000000e-04 | loss=0.040453
Epoch 006 | Step 40 | lr=5.000000e-04 | loss=0.043339
Epoch 006 | Step 50 | lr=5.000000e-04 | loss=0.042883
Epoch 006 | Step 60 | lr=5.000000e-04 | loss=0.040687
Epoch 006 | Step 70 | lr=5.000000e-04 | loss=0.041235
Epoch 006 | Step 80 | lr=5.000000e-04 | loss=0.044040
Epoch 006 | Step 90 | lr=5.000000e-04 | loss=0.040764
Epoch 006 | Step 100 | lr=5.000000e-04 | loss=0.039308
Epoch 006 | Step 110 | lr=5.000000e-04 | loss=0.041098
Epoch 006 | Step 120 | lr=5.000000e-04 | loss=0.038492
Epoch 006 | Step 130 | lr=5.000000e-04 | loss=0.040562
Epoch 006 | Step 140 | lr=5.000000e-04 | loss=0.041254
Epoch 006 | Step 150 | lr=5.000000e-04 | loss=0.040403
Epoch 006 | Step 160 | lr=5.000000e-04 | loss=0.042029
Epoch 006 | Step 170 | lr=5.000000e-04 | loss=0.041404
Epoch 006 | Step 180 | lr=5.000000e-04 | loss=0.043776
Epoch 006 | Step 190 | lr=5.000000e-04 | loss=0.042088
Epoch 006 | Step 200 | lr=5.000000e-04 | loss=0.039325
Epoch 006 | Step 210 | lr=5.000000e-04 | loss=0.042075
Epoch 006 | Step 220 | lr=5.000000e-04 | loss=0.040474
Epoch 006 | Step 230 | lr=5.000000e-04 | loss=0.041549
Epoch 006 | Step 240 | lr=5.000000e-04 | loss=0.042073
Epoch 006 | Step 250 | lr=5.000000e-04 | loss=0.041923
Epoch 006 | Step 260 | lr=5.000000e-04 | loss=0.039237
Epoch 006 | Step 270 | lr=5.000000e-04 | loss=0.042001
Epoch 006 | Step 280 | lr=5.000000e-04 | loss=0.039084
Epoch 006 | Step 290 | lr=5.000000e-04 | loss=0.039744
Epoch 006 | Step 300 | lr=5.000000e-04 | loss=0.040883
Epoch 006 | Step 310 | lr=5.000000e-04 | loss=0.042097
Epoch 006 | Step 320 | lr=5.000000e-04 | loss=0.040598
Epoch 006 | Step 330 | lr=5.000000e-04 | loss=0.042110
Epoch 006 | Step 340 | lr=5.000000e-04 | loss=0.038200
Epoch 006 | Step 350 | lr=5.000000e-04 | loss=0.041376
Epoch 006 | Step 360 | lr=5.000000e-04 | loss=0.040032
Epoch 006 | Step 370 | lr=5.000000e-04 | loss=0.043687
Epoch 006 | Step 380 | lr=5.000000e-04 | loss=0.039063
Epoch 006 | Step 390 | lr=5.000000e-04 | loss=0.039425
Epoch 006 | Step 400 | lr=5.000000e-04 | loss=0.041174
Epoch 006 | Step 410 | lr=5.000000e-04 | loss=0.039996
Epoch 006 | Step 420 | lr=5.000000e-04 | loss=0.043447
Epoch 006 | Step 430 | lr=5.000000e-04 | loss=0.040954
Epoch 006 | Step 440 | lr=5.000000e-04 | loss=0.041094
Epoch 006 | Step 450 | lr=5.000000e-04 | loss=0.039347
Epoch 006 | Step 460 | lr=5.000000e-04 | loss=0.040299
Epoch 006 | Step 470 | lr=5.000000e-04 | loss=0.041602
Epoch 006 | Step 480 | lr=5.000000e-04 | loss=0.040288
Epoch 006 | Step 490 | lr=5.000000e-04 | loss=0.044547
Epoch 006 | Step 500 | lr=5.000000e-04 | loss=0.040648
Epoch 006 | Step 510 | lr=5.000000e-04 | loss=0.042043
Epoch 006 | Step 520 | lr=5.000000e-04 | loss=0.037829
Epoch 006 | Step 530 | lr=5.000000e-04 | loss=0.041257
Epoch 006 | Step 540 | lr=5.000000e-04 | loss=0.040223
Epoch 006 | Step 550 | lr=5.000000e-04 | loss=0.039558
Epoch 006 | Step 560 | lr=5.000000e-04 | loss=0.039294
Epoch 006 | Step 570 | lr=5.000000e-04 | loss=0.042078
Epoch 006 | Step 580 | lr=5.000000e-04 | loss=0.039265
Epoch 006 | Step 590 | lr=5.000000e-04 | loss=0.041610
Epoch 006 | Step 600 | lr=5.000000e-04 | loss=0.041114
Epoch 006 | Step 610 | lr=5.000000e-04 | loss=0.041054
Epoch 006 | Step 620 | lr=5.000000e-04 | loss=0.040284
Epoch 006 | Step 630 | lr=5.000000e-04 | loss=0.038030
Epoch 006 | Step 640 | lr=5.000000e-04 | loss=0.041413
Epoch 006 | Step 650 | lr=5.000000e-04 | loss=0.041193
Epoch 006 | Step 660 | lr=5.000000e-04 | loss=0.040588
Epoch 006 | Step 670 | lr=5.000000e-04 | loss=0.040030
Epoch 006 | Step 680 | lr=5.000000e-04 | loss=0.042184
Epoch 006 | Step 690 | lr=5.000000e-04 | loss=0.042329
Epoch 006 | Step 700 | lr=5.000000e-04 | loss=0.041683
Epoch 006 | Step 710 | lr=5.000000e-04 | loss=0.041831
Epoch 006 | Step 720 | lr=5.000000e-04 | loss=0.042229
Epoch 006 | Step 730 | lr=5.000000e-04 | loss=0.041464
Epoch 006 | Step 740 | lr=5.000000e-04 | loss=0.041815
Epoch 006 | Step 750 | lr=5.000000e-04 | loss=0.043148
Epoch 006 | Step 760 | lr=5.000000e-04 | loss=0.039486
Epoch 006 | Step 770 | lr=5.000000e-04 | loss=0.039991
Epoch 006 | Step 780 | lr=5.000000e-04 | loss=0.038416
Epoch 006 | Step 790 | lr=5.000000e-04 | loss=0.040445
Epoch 006 | Step 800 | lr=5.000000e-04 | loss=0.040309
Epoch 006 | Step 810 | lr=5.000000e-04 | loss=0.043369
Epoch 006 | Step 820 | lr=5.000000e-04 | loss=0.039483
Epoch 006 | Step 830 | lr=5.000000e-04 | loss=0.039408
Epoch 006 | Step 840 | lr=5.000000e-04 | loss=0.042803
Epoch 006 | Step 850 | lr=5.000000e-04 | loss=0.038861
Epoch 006 | Step 860 | lr=5.000000e-04 | loss=0.043463
Epoch 006 | Step 870 | lr=5.000000e-04 | loss=0.040784
Epoch 006 | Step 880 | lr=5.000000e-04 | loss=0.039692
Epoch 006 | Step 890 | lr=5.000000e-04 | loss=0.040934
Epoch 006 | Step 900 | lr=5.000000e-04 | loss=0.039735
Epoch 006 | Step 910 | lr=5.000000e-04 | loss=0.039322
Epoch 006 | Step 920 | lr=5.000000e-04 | loss=0.042580
Epoch 006 | Step 930 | lr=5.000000e-04 | loss=0.040608
Epoch 006 | Step 940 | lr=5.000000e-04 | loss=0.039282
Epoch 006 | Step 950 | lr=5.000000e-04 | loss=0.042769
Epoch 006 | Step 960 | lr=5.000000e-04 | loss=0.038038
Epoch 006 | Step 970 | lr=5.000000e-04 | loss=0.045291
Epoch 006 | Step 980 | lr=5.000000e-04 | loss=0.040762
Epoch 006 | Step 990 | lr=5.000000e-04 | loss=0.041314
Epoch 006 | Step 1000 | lr=5.000000e-04 | loss=0.040485
Epoch 006 | Step 1010 | lr=5.000000e-04 | loss=0.042541
Epoch 006 | Step 1020 | lr=5.000000e-04 | loss=0.042444
Epoch 006 | Step 1030 | lr=5.000000e-04 | loss=0.039260
Epoch 006 | Step 1040 | lr=5.000000e-04 | loss=0.040741
Epoch 006 | Step 1050 | lr=5.000000e-04 | loss=0.044190
Epoch 006 | Step 1060 | lr=5.000000e-04 | loss=0.044318
Epoch 006 | Step 1070 | lr=5.000000e-04 | loss=0.042594
Epoch 006 | Step 1080 | lr=5.000000e-04 | loss=0.038892
Epoch 006 | Step 1090 | lr=5.000000e-04 | loss=0.040323
Epoch 006 | Step 1100 | lr=5.000000e-04 | loss=0.040910
Epoch 006 | Step 1110 | lr=5.000000e-04 | loss=0.036249
Epoch 006 | Step 1120 | lr=5.000000e-04 | loss=0.041025
Epoch 006 | Step 1130 | lr=5.000000e-04 | loss=0.041200
Epoch 006 | Step 1140 | lr=5.000000e-04 | loss=0.040115
Epoch 006 | Step 1150 | lr=5.000000e-04 | loss=0.040038
Epoch 006 | Step 1160 | lr=5.000000e-04 | loss=0.040830
Epoch 006 | Step 1170 | lr=5.000000e-04 | loss=0.038952
Epoch 006 | Step 1180 | lr=5.000000e-04 | loss=0.044246
Epoch 006 | Step 1190 | lr=5.000000e-04 | loss=0.040983
Epoch 006 | Step 1200 | lr=5.000000e-04 | loss=0.040952
Epoch 006 | Step 1210 | lr=5.000000e-04 | loss=0.041556
Epoch 006 | Step 1220 | lr=5.000000e-04 | loss=0.041545
Epoch 006 | Step 1230 | lr=5.000000e-04 | loss=0.042080
Epoch 006 | Step 1240 | lr=5.000000e-04 | loss=0.041791
Epoch 006 | Step 1250 | lr=5.000000e-04 | loss=0.044211
Epoch 006 | Step 1260 | lr=5.000000e-04 | loss=0.043251
Epoch 006 | Step 1270 | lr=5.000000e-04 | loss=0.041332
Epoch 006 | Step 1280 | lr=5.000000e-04 | loss=0.042513
Epoch 006 | Step 1290 | lr=5.000000e-04 | loss=0.038521
Epoch 006 | Step 1300 | lr=5.000000e-04 | loss=0.039313
Epoch 006 | Step 1310 | lr=5.000000e-04 | loss=0.038666
Epoch 006 | Step 1320 | lr=5.000000e-04 | loss=0.041766
Epoch 006 | Step 1330 | lr=5.000000e-04 | loss=0.040979
Epoch 006 | Step 1340 | lr=5.000000e-04 | loss=0.041432
Epoch 006 | Step 1350 | lr=5.000000e-04 | loss=0.039350
Epoch 006 | Step 1360 | lr=5.000000e-04 | loss=0.040895
Epoch 006 | Step 1370 | lr=5.000000e-04 | loss=0.040554
Epoch 006 | Step 1380 | lr=5.000000e-04 | loss=0.039777
Epoch 006 | Step 1390 | lr=5.000000e-04 | loss=0.041980
Epoch 006 | Step 1400 | lr=5.000000e-04 | loss=0.041537
Epoch 006 | Step 1410 | lr=5.000000e-04 | loss=0.039891
Epoch 006 | Step 1420 | lr=5.000000e-04 | loss=0.042112
Epoch 006 | Step 1430 | lr=5.000000e-04 | loss=0.042283
Epoch 006 | Step 1440 | lr=5.000000e-04 | loss=0.040178
Epoch 006 | Step 1450 | lr=5.000000e-04 | loss=0.042667
Epoch 006 | Step 1460 | lr=5.000000e-04 | loss=0.042537
Epoch 006 | Step 1470 | lr=5.000000e-04 | loss=0.039580
Epoch 006 | Step 1480 | lr=5.000000e-04 | loss=0.040933
Epoch 006 | Step 1490 | lr=5.000000e-04 | loss=0.041947
Epoch 006 | Step 1500 | lr=5.000000e-04 | loss=0.040124
Epoch 006 | Step 1510 | lr=5.000000e-04 | loss=0.041737
Epoch 006 | Step 1520 | lr=5.000000e-04 | loss=0.041440
Epoch 006 | Step 1530 | lr=5.000000e-04 | loss=0.037277
Epoch 006 | Step 1540 | lr=5.000000e-04 | loss=0.040568
Epoch 006 | Step 1550 | lr=5.000000e-04 | loss=0.041064
Epoch 006 | Step 1560 | lr=5.000000e-04 | loss=0.041456
Epoch 006 | Step 1570 | lr=5.000000e-04 | loss=0.045246
Epoch 006 | Step 1580 | lr=5.000000e-04 | loss=0.040989
Epoch 006 | Step 1590 | lr=5.000000e-04 | loss=0.039706
Epoch 006 | Step 1600 | lr=5.000000e-04 | loss=0.041965
Epoch 006 | Step 1610 | lr=5.000000e-04 | loss=0.041786
Epoch 006 | Step 1620 | lr=5.000000e-04 | loss=0.037773
Epoch 006 | Step 1630 | lr=5.000000e-04 | loss=0.039726
Epoch 006 | Step 1640 | lr=5.000000e-04 | loss=0.040654
Epoch 006 | Step 1650 | lr=5.000000e-04 | loss=0.039625
Epoch 006 | Step 1660 | lr=5.000000e-04 | loss=0.038503
Epoch 006 | Step 1670 | lr=5.000000e-04 | loss=0.040431
Epoch 006 | Step 1680 | lr=5.000000e-04 | loss=0.041386
Epoch 006 | Step 1690 | lr=5.000000e-04 | loss=0.042486
Epoch 006 | Step 1700 | lr=5.000000e-04 | loss=0.040262
Epoch 006 | Step 1710 | lr=5.000000e-04 | loss=0.040175
Epoch 006 | Step 1720 | lr=5.000000e-04 | loss=0.040238
Epoch 006 | Step 1730 | lr=5.000000e-04 | loss=0.043526
Epoch 006 | Step 1740 | lr=5.000000e-04 | loss=0.039996
Epoch 006 | Step 1750 | lr=5.000000e-04 | loss=0.037978
Epoch 006 | Step 1760 | lr=5.000000e-04 | loss=0.042799
Epoch 006 | Step 1770 | lr=5.000000e-04 | loss=0.039813
Epoch 006 | Step 1780 | lr=5.000000e-04 | loss=0.040263
Epoch 006 | Step 1790 | lr=5.000000e-04 | loss=0.040512
Epoch 006 | Step 1800 | lr=5.000000e-04 | loss=0.041824
Epoch 006 | Step 1810 | lr=5.000000e-04 | loss=0.041189
Epoch 006 | Step 1820 | lr=5.000000e-04 | loss=0.036890
Epoch 006 | Step 1830 | lr=5.000000e-04 | loss=0.041083
Epoch 006 | Step 1840 | lr=5.000000e-04 | loss=0.040056
Epoch 006 | Step 1850 | lr=5.000000e-04 | loss=0.038350
Epoch 006 | Step 1860 | lr=5.000000e-04 | loss=0.041746
Epoch 006 | Step 1870 | lr=5.000000e-04 | loss=0.039539
Epoch 006 | Step 1880 | lr=5.000000e-04 | loss=0.039534
Epoch 006 | Step 1890 | lr=5.000000e-04 | loss=0.041043
Epoch 006 | Step 1900 | lr=5.000000e-04 | loss=0.039637
Epoch 006 | Step 1910 | lr=5.000000e-04 | loss=0.039387
Epoch 006 | Step 1920 | lr=5.000000e-04 | loss=0.040474
Epoch 006 | Step 1930 | lr=5.000000e-04 | loss=0.041139
epoch 006 | train_kld=0.040983 | val_kld=0.040117 | val_mae=0.002761 | val_mse=0.000090 | ord_acc@10=0.3084 | recall@10=0.8168
Epoch 007 | Step 10 | lr=3.454915e-04 | loss=0.041213
Epoch 007 | Step 20 | lr=3.454915e-04 | loss=0.037519
Epoch 007 | Step 30 | lr=3.454915e-04 | loss=0.041229
Epoch 007 | Step 40 | lr=3.454915e-04 | loss=0.041135
Epoch 007 | Step 50 | lr=3.454915e-04 | loss=0.040838
Epoch 007 | Step 60 | lr=3.454915e-04 | loss=0.038718
Epoch 007 | Step 70 | lr=3.454915e-04 | loss=0.038770
Epoch 007 | Step 80 | lr=3.454915e-04 | loss=0.040534
Epoch 007 | Step 90 | lr=3.454915e-04 | loss=0.039670
Epoch 007 | Step 100 | lr=3.454915e-04 | loss=0.039497
Epoch 007 | Step 110 | lr=3.454915e-04 | loss=0.039829
Epoch 007 | Step 120 | lr=3.454915e-04 | loss=0.038196
Epoch 007 | Step 130 | lr=3.454915e-04 | loss=0.038645
Epoch 007 | Step 140 | lr=3.454915e-04 | loss=0.039173
Epoch 007 | Step 150 | lr=3.454915e-04 | loss=0.043996
Epoch 007 | Step 160 | lr=3.454915e-04 | loss=0.039901
Epoch 007 | Step 170 | lr=3.454915e-04 | loss=0.038473
Epoch 007 | Step 180 | lr=3.454915e-04 | loss=0.038945
Epoch 007 | Step 190 | lr=3.454915e-04 | loss=0.041407
Epoch 007 | Step 200 | lr=3.454915e-04 | loss=0.038252
Epoch 007 | Step 210 | lr=3.454915e-04 | loss=0.040026
Epoch 007 | Step 220 | lr=3.454915e-04 | loss=0.042258
Epoch 007 | Step 230 | lr=3.454915e-04 | loss=0.041713
Epoch 007 | Step 240 | lr=3.454915e-04 | loss=0.038608
Epoch 007 | Step 250 | lr=3.454915e-04 | loss=0.039297
Epoch 007 | Step 260 | lr=3.454915e-04 | loss=0.040725
Epoch 007 | Step 270 | lr=3.454915e-04 | loss=0.040217
Epoch 007 | Step 280 | lr=3.454915e-04 | loss=0.042134
Epoch 007 | Step 290 | lr=3.454915e-04 | loss=0.042136
Epoch 007 | Step 300 | lr=3.454915e-04 | loss=0.039156
Epoch 007 | Step 310 | lr=3.454915e-04 | loss=0.038235
Epoch 007 | Step 320 | lr=3.454915e-04 | loss=0.041486
Epoch 007 | Step 330 | lr=3.454915e-04 | loss=0.040675
Epoch 007 | Step 340 | lr=3.454915e-04 | loss=0.039388
Epoch 007 | Step 350 | lr=3.454915e-04 | loss=0.038895
Epoch 007 | Step 360 | lr=3.454915e-04 | loss=0.038707
Epoch 007 | Step 370 | lr=3.454915e-04 | loss=0.040130
Epoch 007 | Step 380 | lr=3.454915e-04 | loss=0.039912
Epoch 007 | Step 390 | lr=3.454915e-04 | loss=0.037564
Epoch 007 | Step 400 | lr=3.454915e-04 | loss=0.041936
Epoch 007 | Step 410 | lr=3.454915e-04 | loss=0.038529
Epoch 007 | Step 420 | lr=3.454915e-04 | loss=0.039724
Epoch 007 | Step 430 | lr=3.454915e-04 | loss=0.040970
Epoch 007 | Step 440 | lr=3.454915e-04 | loss=0.037383
Epoch 007 | Step 450 | lr=3.454915e-04 | loss=0.039795
Epoch 007 | Step 460 | lr=3.454915e-04 | loss=0.039427
Epoch 007 | Step 470 | lr=3.454915e-04 | loss=0.039179
Epoch 007 | Step 480 | lr=3.454915e-04 | loss=0.038197
Epoch 007 | Step 490 | lr=3.454915e-04 | loss=0.036691
Epoch 007 | Step 500 | lr=3.454915e-04 | loss=0.039479
Epoch 007 | Step 510 | lr=3.454915e-04 | loss=0.038150
Epoch 007 | Step 520 | lr=3.454915e-04 | loss=0.039692
Epoch 007 | Step 530 | lr=3.454915e-04 | loss=0.038075
Epoch 007 | Step 540 | lr=3.454915e-04 | loss=0.038376
Epoch 007 | Step 550 | lr=3.454915e-04 | loss=0.035644
Epoch 007 | Step 560 | lr=3.454915e-04 | loss=0.039299
Epoch 007 | Step 570 | lr=3.454915e-04 | loss=0.041354
Epoch 007 | Step 580 | lr=3.454915e-04 | loss=0.042968
Epoch 007 | Step 590 | lr=3.454915e-04 | loss=0.039920
Epoch 007 | Step 600 | lr=3.454915e-04 | loss=0.035419
Epoch 007 | Step 610 | lr=3.454915e-04 | loss=0.039227
Epoch 007 | Step 620 | lr=3.454915e-04 | loss=0.039646
Epoch 007 | Step 630 | lr=3.454915e-04 | loss=0.039548
Epoch 007 | Step 640 | lr=3.454915e-04 | loss=0.038910
Epoch 007 | Step 650 | lr=3.454915e-04 | loss=0.042830
Epoch 007 | Step 660 | lr=3.454915e-04 | loss=0.038584
Epoch 007 | Step 670 | lr=3.454915e-04 | loss=0.041593
Epoch 007 | Step 680 | lr=3.454915e-04 | loss=0.040600
Epoch 007 | Step 690 | lr=3.454915e-04 | loss=0.039841
Epoch 007 | Step 700 | lr=3.454915e-04 | loss=0.039940
Epoch 007 | Step 710 | lr=3.454915e-04 | loss=0.037691
Epoch 007 | Step 720 | lr=3.454915e-04 | loss=0.039786
Epoch 007 | Step 730 | lr=3.454915e-04 | loss=0.038866
Epoch 007 | Step 740 | lr=3.454915e-04 | loss=0.036947
Epoch 007 | Step 750 | lr=3.454915e-04 | loss=0.038860
Epoch 007 | Step 760 | lr=3.454915e-04 | loss=0.039371
Epoch 007 | Step 770 | lr=3.454915e-04 | loss=0.040953
Epoch 007 | Step 780 | lr=3.454915e-04 | loss=0.038778
Epoch 007 | Step 790 | lr=3.454915e-04 | loss=0.039208
Epoch 007 | Step 800 | lr=3.454915e-04 | loss=0.040968
Epoch 007 | Step 810 | lr=3.454915e-04 | loss=0.037728
Epoch 007 | Step 820 | lr=3.454915e-04 | loss=0.040600
Epoch 007 | Step 830 | lr=3.454915e-04 | loss=0.041813
Epoch 007 | Step 840 | lr=3.454915e-04 | loss=0.039439
Epoch 007 | Step 850 | lr=3.454915e-04 | loss=0.036769
Epoch 007 | Step 860 | lr=3.454915e-04 | loss=0.039381
Epoch 007 | Step 870 | lr=3.454915e-04 | loss=0.041748
Epoch 007 | Step 880 | lr=3.454915e-04 | loss=0.040936
Epoch 007 | Step 890 | lr=3.454915e-04 | loss=0.041133
Epoch 007 | Step 900 | lr=3.454915e-04 | loss=0.040763
Epoch 007 | Step 910 | lr=3.454915e-04 | loss=0.039699
Epoch 007 | Step 920 | lr=3.454915e-04 | loss=0.039850
Epoch 007 | Step 930 | lr=3.454915e-04 | loss=0.038873
Epoch 007 | Step 940 | lr=3.454915e-04 | loss=0.040470
Epoch 007 | Step 950 | lr=3.454915e-04 | loss=0.040375
Epoch 007 | Step 960 | lr=3.454915e-04 | loss=0.040302
Epoch 007 | Step 970 | lr=3.454915e-04 | loss=0.042013
Epoch 007 | Step 980 | lr=3.454915e-04 | loss=0.041732
Epoch 007 | Step 990 | lr=3.454915e-04 | loss=0.040681
Epoch 007 | Step 1000 | lr=3.454915e-04 | loss=0.041207
Epoch 007 | Step 1010 | lr=3.454915e-04 | loss=0.039639
Epoch 007 | Step 1020 | lr=3.454915e-04 | loss=0.039637
Epoch 007 | Step 1030 | lr=3.454915e-04 | loss=0.037987
Epoch 007 | Step 1040 | lr=3.454915e-04 | loss=0.040965
Epoch 007 | Step 1050 | lr=3.454915e-04 | loss=0.040289
Epoch 007 | Step 1060 | lr=3.454915e-04 | loss=0.038819
Epoch 007 | Step 1070 | lr=3.454915e-04 | loss=0.037606
Epoch 007 | Step 1080 | lr=3.454915e-04 | loss=0.039992
Epoch 007 | Step 1090 | lr=3.454915e-04 | loss=0.042557
Epoch 007 | Step 1100 | lr=3.454915e-04 | loss=0.038390
Epoch 007 | Step 1110 | lr=3.454915e-04 | loss=0.037094
Epoch 007 | Step 1120 | lr=3.454915e-04 | loss=0.040357
Epoch 007 | Step 1130 | lr=3.454915e-04 | loss=0.038726
Epoch 007 | Step 1140 | lr=3.454915e-04 | loss=0.039270
Epoch 007 | Step 1150 | lr=3.454915e-04 | loss=0.039453
Epoch 007 | Step 1160 | lr=3.454915e-04 | loss=0.038054
Epoch 007 | Step 1170 | lr=3.454915e-04 | loss=0.038073
Epoch 007 | Step 1180 | lr=3.454915e-04 | loss=0.038696
Epoch 007 | Step 1190 | lr=3.454915e-04 | loss=0.037839
Epoch 007 | Step 1200 | lr=3.454915e-04 | loss=0.040847
Epoch 007 | Step 1210 | lr=3.454915e-04 | loss=0.040429
Epoch 007 | Step 1220 | lr=3.454915e-04 | loss=0.041071
Epoch 007 | Step 1230 | lr=3.454915e-04 | loss=0.039045
Epoch 007 | Step 1240 | lr=3.454915e-04 | loss=0.038408
Epoch 007 | Step 1250 | lr=3.454915e-04 | loss=0.040681
Epoch 007 | Step 1260 | lr=3.454915e-04 | loss=0.038439
Epoch 007 | Step 1270 | lr=3.454915e-04 | loss=0.040185
Epoch 007 | Step 1280 | lr=3.454915e-04 | loss=0.038973
Epoch 007 | Step 1290 | lr=3.454915e-04 | loss=0.040507
Epoch 007 | Step 1300 | lr=3.454915e-04 | loss=0.039544
Epoch 007 | Step 1310 | lr=3.454915e-04 | loss=0.042834
Epoch 007 | Step 1320 | lr=3.454915e-04 | loss=0.038229
Epoch 007 | Step 1330 | lr=3.454915e-04 | loss=0.042435
Epoch 007 | Step 1340 | lr=3.454915e-04 | loss=0.038486
Epoch 007 | Step 1350 | lr=3.454915e-04 | loss=0.039820
Epoch 007 | Step 1360 | lr=3.454915e-04 | loss=0.040080
Epoch 007 | Step 1370 | lr=3.454915e-04 | loss=0.042016
Epoch 007 | Step 1380 | lr=3.454915e-04 | loss=0.041689
Epoch 007 | Step 1390 | lr=3.454915e-04 | loss=0.038084
Epoch 007 | Step 1400 | lr=3.454915e-04 | loss=0.040406
Epoch 007 | Step 1410 | lr=3.454915e-04 | loss=0.039607
Epoch 007 | Step 1420 | lr=3.454915e-04 | loss=0.037850
Epoch 007 | Step 1430 | lr=3.454915e-04 | loss=0.039840
Epoch 007 | Step 1440 | lr=3.454915e-04 | loss=0.039173
Epoch 007 | Step 1450 | lr=3.454915e-04 | loss=0.039923
Epoch 007 | Step 1460 | lr=3.454915e-04 | loss=0.040415
Epoch 007 | Step 1470 | lr=3.454915e-04 | loss=0.040375
Epoch 007 | Step 1480 | lr=3.454915e-04 | loss=0.037759
Epoch 007 | Step 1490 | lr=3.454915e-04 | loss=0.038891
Epoch 007 | Step 1500 | lr=3.454915e-04 | loss=0.040377
Epoch 007 | Step 1510 | lr=3.454915e-04 | loss=0.042399
Epoch 007 | Step 1520 | lr=3.454915e-04 | loss=0.039634
Epoch 007 | Step 1530 | lr=3.454915e-04 | loss=0.039056
Epoch 007 | Step 1540 | lr=3.454915e-04 | loss=0.040973
Epoch 007 | Step 1550 | lr=3.454915e-04 | loss=0.038035
Epoch 007 | Step 1560 | lr=3.454915e-04 | loss=0.040091
Epoch 007 | Step 1570 | lr=3.454915e-04 | loss=0.041711
Epoch 007 | Step 1580 | lr=3.454915e-04 | loss=0.038766
Epoch 007 | Step 1590 | lr=3.454915e-04 | loss=0.041556
Epoch 007 | Step 1600 | lr=3.454915e-04 | loss=0.040642
Epoch 007 | Step 1610 | lr=3.454915e-04 | loss=0.041115
Epoch 007 | Step 1620 | lr=3.454915e-04 | loss=0.039909
Epoch 007 | Step 1630 | lr=3.454915e-04 | loss=0.039805
Epoch 007 | Step 1640 | lr=3.454915e-04 | loss=0.038234
Epoch 007 | Step 1650 | lr=3.454915e-04 | loss=0.037820
Epoch 007 | Step 1660 | lr=3.454915e-04 | loss=0.039981
Epoch 007 | Step 1670 | lr=3.454915e-04 | loss=0.039361
Epoch 007 | Step 1680 | lr=3.454915e-04 | loss=0.041021
Epoch 007 | Step 1690 | lr=3.454915e-04 | loss=0.039948
Epoch 007 | Step 1700 | lr=3.454915e-04 | loss=0.039885
Epoch 007 | Step 1710 | lr=3.454915e-04 | loss=0.039654
Epoch 007 | Step 1720 | lr=3.454915e-04 | loss=0.041417
Epoch 007 | Step 1730 | lr=3.454915e-04 | loss=0.042410
Epoch 007 | Step 1740 | lr=3.454915e-04 | loss=0.039133
Epoch 007 | Step 1750 | lr=3.454915e-04 | loss=0.040053
Epoch 007 | Step 1760 | lr=3.454915e-04 | loss=0.038279
Epoch 007 | Step 1770 | lr=3.454915e-04 | loss=0.040424
Epoch 007 | Step 1780 | lr=3.454915e-04 | loss=0.040416
Epoch 007 | Step 1790 | lr=3.454915e-04 | loss=0.039969
Epoch 007 | Step 1800 | lr=3.454915e-04 | loss=0.040613
Epoch 007 | Step 1810 | lr=3.454915e-04 | loss=0.041529
Epoch 007 | Step 1820 | lr=3.454915e-04 | loss=0.038850
Epoch 007 | Step 1830 | lr=3.454915e-04 | loss=0.037006
Epoch 007 | Step 1840 | lr=3.454915e-04 | loss=0.037951
Epoch 007 | Step 1850 | lr=3.454915e-04 | loss=0.038489
Epoch 007 | Step 1860 | lr=3.454915e-04 | loss=0.038726
Epoch 007 | Step 1870 | lr=3.454915e-04 | loss=0.040441
Epoch 007 | Step 1880 | lr=3.454915e-04 | loss=0.040531
Epoch 007 | Step 1890 | lr=3.454915e-04 | loss=0.039531
Epoch 007 | Step 1900 | lr=3.454915e-04 | loss=0.040468
Epoch 007 | Step 1910 | lr=3.454915e-04 | loss=0.040100
Epoch 007 | Step 1920 | lr=3.454915e-04 | loss=0.038696
Epoch 007 | Step 1930 | lr=3.454915e-04 | loss=0.043402
epoch 007 | train_kld=0.039815 | val_kld=0.039496 | val_mae=0.002732 | val_mse=0.000088 | ord_acc@10=0.3149 | recall@10=0.8282
Epoch 008 | Step 10 | lr=2.061074e-04 | loss=0.038198
Epoch 008 | Step 20 | lr=2.061074e-04 | loss=0.039189
Epoch 008 | Step 30 | lr=2.061074e-04 | loss=0.036801
Epoch 008 | Step 40 | lr=2.061074e-04 | loss=0.039072
Epoch 008 | Step 50 | lr=2.061074e-04 | loss=0.040212
Epoch 008 | Step 60 | lr=2.061074e-04 | loss=0.040963
Epoch 008 | Step 70 | lr=2.061074e-04 | loss=0.039509
Epoch 008 | Step 80 | lr=2.061074e-04 | loss=0.038452
Epoch 008 | Step 90 | lr=2.061074e-04 | loss=0.039843
Epoch 008 | Step 100 | lr=2.061074e-04 | loss=0.039308
Epoch 008 | Step 110 | lr=2.061074e-04 | loss=0.040843
Epoch 008 | Step 120 | lr=2.061074e-04 | loss=0.038525
Epoch 008 | Step 130 | lr=2.061074e-04 | loss=0.035762
Epoch 008 | Step 140 | lr=2.061074e-04 | loss=0.038125
Epoch 008 | Step 150 | lr=2.061074e-04 | loss=0.037550
Epoch 008 | Step 160 | lr=2.061074e-04 | loss=0.038412
Epoch 008 | Step 170 | lr=2.061074e-04 | loss=0.040417
Epoch 008 | Step 180 | lr=2.061074e-04 | loss=0.038642
Epoch 008 | Step 190 | lr=2.061074e-04 | loss=0.038279
Epoch 008 | Step 200 | lr=2.061074e-04 | loss=0.037754
Epoch 008 | Step 210 | lr=2.061074e-04 | loss=0.038178
Epoch 008 | Step 220 | lr=2.061074e-04 | loss=0.036586
Epoch 008 | Step 230 | lr=2.061074e-04 | loss=0.035548
Epoch 008 | Step 240 | lr=2.061074e-04 | loss=0.039730
Epoch 008 | Step 250 | lr=2.061074e-04 | loss=0.038813
Epoch 008 | Step 260 | lr=2.061074e-04 | loss=0.037985
Epoch 008 | Step 270 | lr=2.061074e-04 | loss=0.039015
Epoch 008 | Step 280 | lr=2.061074e-04 | loss=0.038715
Epoch 008 | Step 290 | lr=2.061074e-04 | loss=0.039907
Epoch 008 | Step 300 | lr=2.061074e-04 | loss=0.039633
Epoch 008 | Step 310 | lr=2.061074e-04 | loss=0.043055
Epoch 008 | Step 320 | lr=2.061074e-04 | loss=0.043536
Epoch 008 | Step 330 | lr=2.061074e-04 | loss=0.038191
Epoch 008 | Step 340 | lr=2.061074e-04 | loss=0.038754
Epoch 008 | Step 350 | lr=2.061074e-04 | loss=0.039083
Epoch 008 | Step 360 | lr=2.061074e-04 | loss=0.036639
Epoch 008 | Step 370 | lr=2.061074e-04 | loss=0.039751
Epoch 008 | Step 380 | lr=2.061074e-04 | loss=0.038685
Epoch 008 | Step 390 | lr=2.061074e-04 | loss=0.040192
Epoch 008 | Step 400 | lr=2.061074e-04 | loss=0.037546
Epoch 008 | Step 410 | lr=2.061074e-04 | loss=0.041598
Epoch 008 | Step 420 | lr=2.061074e-04 | loss=0.041427
Epoch 008 | Step 430 | lr=2.061074e-04 | loss=0.036391
Epoch 008 | Step 440 | lr=2.061074e-04 | loss=0.040887
Epoch 008 | Step 450 | lr=2.061074e-04 | loss=0.037711
Epoch 008 | Step 460 | lr=2.061074e-04 | loss=0.038557
Epoch 008 | Step 470 | lr=2.061074e-04 | loss=0.040570
Epoch 008 | Step 480 | lr=2.061074e-04 | loss=0.039769
Epoch 008 | Step 490 | lr=2.061074e-04 | loss=0.042629
Epoch 008 | Step 500 | lr=2.061074e-04 | loss=0.036927
Epoch 008 | Step 510 | lr=2.061074e-04 | loss=0.038336
Epoch 008 | Step 520 | lr=2.061074e-04 | loss=0.043007
Epoch 008 | Step 530 | lr=2.061074e-04 | loss=0.039022
Epoch 008 | Step 540 | lr=2.061074e-04 | loss=0.037485
Epoch 008 | Step 550 | lr=2.061074e-04 | loss=0.038182
Epoch 008 | Step 560 | lr=2.061074e-04 | loss=0.038258
Epoch 008 | Step 570 | lr=2.061074e-04 | loss=0.040674
Epoch 008 | Step 580 | lr=2.061074e-04 | loss=0.042481
Epoch 008 | Step 590 | lr=2.061074e-04 | loss=0.039977
Epoch 008 | Step 600 | lr=2.061074e-04 | loss=0.038297
Epoch 008 | Step 610 | lr=2.061074e-04 | loss=0.037098
Epoch 008 | Step 620 | lr=2.061074e-04 | loss=0.038729
Epoch 008 | Step 630 | lr=2.061074e-04 | loss=0.040162
Epoch 008 | Step 640 | lr=2.061074e-04 | loss=0.037665
Epoch 008 | Step 650 | lr=2.061074e-04 | loss=0.037904
Epoch 008 | Step 660 | lr=2.061074e-04 | loss=0.038663
Epoch 008 | Step 670 | lr=2.061074e-04 | loss=0.040741
Epoch 008 | Step 680 | lr=2.061074e-04 | loss=0.039811
Epoch 008 | Step 690 | lr=2.061074e-04 | loss=0.038088
Epoch 008 | Step 700 | lr=2.061074e-04 | loss=0.037143
Epoch 008 | Step 710 | lr=2.061074e-04 | loss=0.038185
Epoch 008 | Step 720 | lr=2.061074e-04 | loss=0.040091
Epoch 008 | Step 730 | lr=2.061074e-04 | loss=0.040567
Epoch 008 | Step 740 | lr=2.061074e-04 | loss=0.040600
Epoch 008 | Step 750 | lr=2.061074e-04 | loss=0.040816
Epoch 008 | Step 760 | lr=2.061074e-04 | loss=0.041027
Epoch 008 | Step 770 | lr=2.061074e-04 | loss=0.037777
Epoch 008 | Step 780 | lr=2.061074e-04 | loss=0.038142
Epoch 008 | Step 790 | lr=2.061074e-04 | loss=0.038315
Epoch 008 | Step 800 | lr=2.061074e-04 | loss=0.039224
Epoch 008 | Step 810 | lr=2.061074e-04 | loss=0.039430
Epoch 008 | Step 820 | lr=2.061074e-04 | loss=0.038558
Epoch 008 | Step 830 | lr=2.061074e-04 | loss=0.035450
Epoch 008 | Step 840 | lr=2.061074e-04 | loss=0.038240
Epoch 008 | Step 850 | lr=2.061074e-04 | loss=0.039720
Epoch 008 | Step 860 | lr=2.061074e-04 | loss=0.037815
Epoch 008 | Step 870 | lr=2.061074e-04 | loss=0.040485
Epoch 008 | Step 880 | lr=2.061074e-04 | loss=0.036774
Epoch 008 | Step 890 | lr=2.061074e-04 | loss=0.040718
Epoch 008 | Step 900 | lr=2.061074e-04 | loss=0.036893
Epoch 008 | Step 910 | lr=2.061074e-04 | loss=0.038077
Epoch 008 | Step 920 | lr=2.061074e-04 | loss=0.038489
Epoch 008 | Step 930 | lr=2.061074e-04 | loss=0.039953
Epoch 008 | Step 940 | lr=2.061074e-04 | loss=0.037974
Epoch 008 | Step 950 | lr=2.061074e-04 | loss=0.042757
Epoch 008 | Step 960 | lr=2.061074e-04 | loss=0.039845
Epoch 008 | Step 970 | lr=2.061074e-04 | loss=0.040906
Epoch 008 | Step 980 | lr=2.061074e-04 | loss=0.038738
Epoch 008 | Step 990 | lr=2.061074e-04 | loss=0.038274
Epoch 008 | Step 1000 | lr=2.061074e-04 | loss=0.037490
Epoch 008 | Step 1010 | lr=2.061074e-04 | loss=0.038551
Epoch 008 | Step 1020 | lr=2.061074e-04 | loss=0.038836
Epoch 008 | Step 1030 | lr=2.061074e-04 | loss=0.037603
Epoch 008 | Step 1040 | lr=2.061074e-04 | loss=0.039112
Epoch 008 | Step 1050 | lr=2.061074e-04 | loss=0.040288
Epoch 008 | Step 1060 | lr=2.061074e-04 | loss=0.039576
Epoch 008 | Step 1070 | lr=2.061074e-04 | loss=0.038057
Epoch 008 | Step 1080 | lr=2.061074e-04 | loss=0.041476
Epoch 008 | Step 1090 | lr=2.061074e-04 | loss=0.040224
Epoch 008 | Step 1100 | lr=2.061074e-04 | loss=0.040288
Epoch 008 | Step 1110 | lr=2.061074e-04 | loss=0.040334
Epoch 008 | Step 1120 | lr=2.061074e-04 | loss=0.037486
Epoch 008 | Step 1130 | lr=2.061074e-04 | loss=0.039321
Epoch 008 | Step 1140 | lr=2.061074e-04 | loss=0.038950
Epoch 008 | Step 1150 | lr=2.061074e-04 | loss=0.038214
Epoch 008 | Step 1160 | lr=2.061074e-04 | loss=0.037849
Epoch 008 | Step 1170 | lr=2.061074e-04 | loss=0.037888
Epoch 008 | Step 1180 | lr=2.061074e-04 | loss=0.038890
Epoch 008 | Step 1190 | lr=2.061074e-04 | loss=0.037451
Epoch 008 | Step 1200 | lr=2.061074e-04 | loss=0.039650
Epoch 008 | Step 1210 | lr=2.061074e-04 | loss=0.040874
Epoch 008 | Step 1220 | lr=2.061074e-04 | loss=0.039223
Epoch 008 | Step 1230 | lr=2.061074e-04 | loss=0.038112
Epoch 008 | Step 1240 | lr=2.061074e-04 | loss=0.039034
Epoch 008 | Step 1250 | lr=2.061074e-04 | loss=0.040932
Epoch 008 | Step 1260 | lr=2.061074e-04 | loss=0.039383
Epoch 008 | Step 1270 | lr=2.061074e-04 | loss=0.040320
Epoch 008 | Step 1280 | lr=2.061074e-04 | loss=0.037875
Epoch 008 | Step 1290 | lr=2.061074e-04 | loss=0.039773
Epoch 008 | Step 1300 | lr=2.061074e-04 | loss=0.038360
Epoch 008 | Step 1310 | lr=2.061074e-04 | loss=0.040159
Epoch 008 | Step 1320 | lr=2.061074e-04 | loss=0.040845
Epoch 008 | Step 1330 | lr=2.061074e-04 | loss=0.037700
Epoch 008 | Step 1340 | lr=2.061074e-04 | loss=0.040179
Epoch 008 | Step 1350 | lr=2.061074e-04 | loss=0.038144
Epoch 008 | Step 1360 | lr=2.061074e-04 | loss=0.038954
Epoch 008 | Step 1370 | lr=2.061074e-04 | loss=0.040345
Epoch 008 | Step 1380 | lr=2.061074e-04 | loss=0.036963
Epoch 008 | Step 1390 | lr=2.061074e-04 | loss=0.038492
Epoch 008 | Step 1400 | lr=2.061074e-04 | loss=0.040252
Epoch 008 | Step 1410 | lr=2.061074e-04 | loss=0.039241
Epoch 008 | Step 1420 | lr=2.061074e-04 | loss=0.037541
Epoch 008 | Step 1430 | lr=2.061074e-04 | loss=0.037685
Epoch 008 | Step 1440 | lr=2.061074e-04 | loss=0.038461
Epoch 008 | Step 1450 | lr=2.061074e-04 | loss=0.038611
Epoch 008 | Step 1460 | lr=2.061074e-04 | loss=0.040002
Epoch 008 | Step 1470 | lr=2.061074e-04 | loss=0.037387
Epoch 008 | Step 1480 | lr=2.061074e-04 | loss=0.040340
Epoch 008 | Step 1490 | lr=2.061074e-04 | loss=0.040620
Epoch 008 | Step 1500 | lr=2.061074e-04 | loss=0.037917
Epoch 008 | Step 1510 | lr=2.061074e-04 | loss=0.039936
Epoch 008 | Step 1520 | lr=2.061074e-04 | loss=0.037087
Epoch 008 | Step 1530 | lr=2.061074e-04 | loss=0.040545
Epoch 008 | Step 1540 | lr=2.061074e-04 | loss=0.037805
Epoch 008 | Step 1550 | lr=2.061074e-04 | loss=0.036483
Epoch 008 | Step 1560 | lr=2.061074e-04 | loss=0.041029
Epoch 008 | Step 1570 | lr=2.061074e-04 | loss=0.038915
Epoch 008 | Step 1580 | lr=2.061074e-04 | loss=0.037091
Epoch 008 | Step 1590 | lr=2.061074e-04 | loss=0.039016
Epoch 008 | Step 1600 | lr=2.061074e-04 | loss=0.038966
Epoch 008 | Step 1610 | lr=2.061074e-04 | loss=0.038075
Epoch 008 | Step 1620 | lr=2.061074e-04 | loss=0.037913
Epoch 008 | Step 1630 | lr=2.061074e-04 | loss=0.039478
Epoch 008 | Step 1640 | lr=2.061074e-04 | loss=0.036397
Epoch 008 | Step 1650 | lr=2.061074e-04 | loss=0.038329
Epoch 008 | Step 1660 | lr=2.061074e-04 | loss=0.039867
Epoch 008 | Step 1670 | lr=2.061074e-04 | loss=0.038981
Epoch 008 | Step 1680 | lr=2.061074e-04 | loss=0.039279
Epoch 008 | Step 1690 | lr=2.061074e-04 | loss=0.039062
Epoch 008 | Step 1700 | lr=2.061074e-04 | loss=0.040243
Epoch 008 | Step 1710 | lr=2.061074e-04 | loss=0.039052
Epoch 008 | Step 1720 | lr=2.061074e-04 | loss=0.036466
Epoch 008 | Step 1730 | lr=2.061074e-04 | loss=0.037854
Epoch 008 | Step 1740 | lr=2.061074e-04 | loss=0.038652
Epoch 008 | Step 1750 | lr=2.061074e-04 | loss=0.040570
Epoch 008 | Step 1760 | lr=2.061074e-04 | loss=0.040112
Epoch 008 | Step 1770 | lr=2.061074e-04 | loss=0.038834
Epoch 008 | Step 1780 | lr=2.061074e-04 | loss=0.038797
Epoch 008 | Step 1790 | lr=2.061074e-04 | loss=0.039658
Epoch 008 | Step 1800 | lr=2.061074e-04 | loss=0.038834
Epoch 008 | Step 1810 | lr=2.061074e-04 | loss=0.040193
Epoch 008 | Step 1820 | lr=2.061074e-04 | loss=0.039997
Epoch 008 | Step 1830 | lr=2.061074e-04 | loss=0.041222
Epoch 008 | Step 1840 | lr=2.061074e-04 | loss=0.038770
Epoch 008 | Step 1850 | lr=2.061074e-04 | loss=0.037631
Epoch 008 | Step 1860 | lr=2.061074e-04 | loss=0.038551
Epoch 008 | Step 1870 | lr=2.061074e-04 | loss=0.039059
Epoch 008 | Step 1880 | lr=2.061074e-04 | loss=0.041303
Epoch 008 | Step 1890 | lr=2.061074e-04 | loss=0.040630
Epoch 008 | Step 1900 | lr=2.061074e-04 | loss=0.036235
Epoch 008 | Step 1910 | lr=2.061074e-04 | loss=0.038685
Epoch 008 | Step 1920 | lr=2.061074e-04 | loss=0.038223
Epoch 008 | Step 1930 | lr=2.061074e-04 | loss=0.037726
epoch 008 | train_kld=0.038802 | val_kld=0.038246 | val_mae=0.002643 | val_mse=0.000081 | ord_acc@10=0.3216 | recall@10=0.8221
Epoch 009 | Step 10 | lr=9.549150e-05 | loss=0.039029
Epoch 009 | Step 20 | lr=9.549150e-05 | loss=0.038733
Epoch 009 | Step 30 | lr=9.549150e-05 | loss=0.038407
Epoch 009 | Step 40 | lr=9.549150e-05 | loss=0.038705
Epoch 009 | Step 50 | lr=9.549150e-05 | loss=0.037120
Epoch 009 | Step 60 | lr=9.549150e-05 | loss=0.038699
Epoch 009 | Step 70 | lr=9.549150e-05 | loss=0.037130
Epoch 009 | Step 80 | lr=9.549150e-05 | loss=0.038481
Epoch 009 | Step 90 | lr=9.549150e-05 | loss=0.036888
Epoch 009 | Step 100 | lr=9.549150e-05 | loss=0.038631
Epoch 009 | Step 110 | lr=9.549150e-05 | loss=0.036930
Epoch 009 | Step 120 | lr=9.549150e-05 | loss=0.037025
Epoch 009 | Step 130 | lr=9.549150e-05 | loss=0.036604
Epoch 009 | Step 140 | lr=9.549150e-05 | loss=0.038958
Epoch 009 | Step 150 | lr=9.549150e-05 | loss=0.037586
Epoch 009 | Step 160 | lr=9.549150e-05 | loss=0.036978
Epoch 009 | Step 170 | lr=9.549150e-05 | loss=0.038182
Epoch 009 | Step 180 | lr=9.549150e-05 | loss=0.038298
Epoch 009 | Step 190 | lr=9.549150e-05 | loss=0.039170
Epoch 009 | Step 200 | lr=9.549150e-05 | loss=0.038345
Epoch 009 | Step 210 | lr=9.549150e-05 | loss=0.041320
Epoch 009 | Step 220 | lr=9.549150e-05 | loss=0.038420
Epoch 009 | Step 230 | lr=9.549150e-05 | loss=0.038178
Epoch 009 | Step 240 | lr=9.549150e-05 | loss=0.038715
Epoch 009 | Step 250 | lr=9.549150e-05 | loss=0.040356
Epoch 009 | Step 260 | lr=9.549150e-05 | loss=0.038050
Epoch 009 | Step 270 | lr=9.549150e-05 | loss=0.037013
Epoch 009 | Step 280 | lr=9.549150e-05 | loss=0.037519
Epoch 009 | Step 290 | lr=9.549150e-05 | loss=0.036780
Epoch 009 | Step 300 | lr=9.549150e-05 | loss=0.039879
Epoch 009 | Step 310 | lr=9.549150e-05 | loss=0.039326
Epoch 009 | Step 320 | lr=9.549150e-05 | loss=0.036222
Epoch 009 | Step 330 | lr=9.549150e-05 | loss=0.037555
Epoch 009 | Step 340 | lr=9.549150e-05 | loss=0.038068
Epoch 009 | Step 350 | lr=9.549150e-05 | loss=0.039472
Epoch 009 | Step 360 | lr=9.549150e-05 | loss=0.038835
Epoch 009 | Step 370 | lr=9.549150e-05 | loss=0.038674
Epoch 009 | Step 380 | lr=9.549150e-05 | loss=0.039376
Epoch 009 | Step 390 | lr=9.549150e-05 | loss=0.036929
Epoch 009 | Step 400 | lr=9.549150e-05 | loss=0.039409
Epoch 009 | Step 410 | lr=9.549150e-05 | loss=0.039614
Epoch 009 | Step 420 | lr=9.549150e-05 | loss=0.035543
Epoch 009 | Step 430 | lr=9.549150e-05 | loss=0.037203
Epoch 009 | Step 440 | lr=9.549150e-05 | loss=0.036427
Epoch 009 | Step 450 | lr=9.549150e-05 | loss=0.036962
Epoch 009 | Step 460 | lr=9.549150e-05 | loss=0.040563
Epoch 009 | Step 470 | lr=9.549150e-05 | loss=0.036663
Epoch 009 | Step 480 | lr=9.549150e-05 | loss=0.036980
Epoch 009 | Step 490 | lr=9.549150e-05 | loss=0.036739
Epoch 009 | Step 500 | lr=9.549150e-05 | loss=0.036062
Epoch 009 | Step 510 | lr=9.549150e-05 | loss=0.038753
Epoch 009 | Step 520 | lr=9.549150e-05 | loss=0.037224
Epoch 009 | Step 530 | lr=9.549150e-05 | loss=0.037001
Epoch 009 | Step 540 | lr=9.549150e-05 | loss=0.037354
Epoch 009 | Step 550 | lr=9.549150e-05 | loss=0.039107
Epoch 009 | Step 560 | lr=9.549150e-05 | loss=0.036556
Epoch 009 | Step 570 | lr=9.549150e-05 | loss=0.037190
Epoch 009 | Step 580 | lr=9.549150e-05 | loss=0.038732
Epoch 009 | Step 590 | lr=9.549150e-05 | loss=0.040310
Epoch 009 | Step 600 | lr=9.549150e-05 | loss=0.036327
Epoch 009 | Step 610 | lr=9.549150e-05 | loss=0.039159
Epoch 009 | Step 620 | lr=9.549150e-05 | loss=0.038535
Epoch 009 | Step 630 | lr=9.549150e-05 | loss=0.038773
Epoch 009 | Step 640 | lr=9.549150e-05 | loss=0.037168
Epoch 009 | Step 650 | lr=9.549150e-05 | loss=0.036579
Epoch 009 | Step 660 | lr=9.549150e-05 | loss=0.038847
Epoch 009 | Step 670 | lr=9.549150e-05 | loss=0.037408
Epoch 009 | Step 680 | lr=9.549150e-05 | loss=0.039420
Epoch 009 | Step 690 | lr=9.549150e-05 | loss=0.038478
Epoch 009 | Step 700 | lr=9.549150e-05 | loss=0.034726
Epoch 009 | Step 710 | lr=9.549150e-05 | loss=0.037767
Epoch 009 | Step 720 | lr=9.549150e-05 | loss=0.039042
Epoch 009 | Step 730 | lr=9.549150e-05 | loss=0.037681
Epoch 009 | Step 740 | lr=9.549150e-05 | loss=0.038418
Epoch 009 | Step 750 | lr=9.549150e-05 | loss=0.038798
Epoch 009 | Step 760 | lr=9.549150e-05 | loss=0.038903
Epoch 009 | Step 770 | lr=9.549150e-05 | loss=0.038399
Epoch 009 | Step 780 | lr=9.549150e-05 | loss=0.038762
Epoch 009 | Step 790 | lr=9.549150e-05 | loss=0.036977
Epoch 009 | Step 800 | lr=9.549150e-05 | loss=0.035265
Epoch 009 | Step 810 | lr=9.549150e-05 | loss=0.035223
Epoch 009 | Step 820 | lr=9.549150e-05 | loss=0.037412
Epoch 009 | Step 830 | lr=9.549150e-05 | loss=0.039054
Epoch 009 | Step 840 | lr=9.549150e-05 | loss=0.038232
Epoch 009 | Step 850 | lr=9.549150e-05 | loss=0.036963
Epoch 009 | Step 860 | lr=9.549150e-05 | loss=0.037362
Epoch 009 | Step 870 | lr=9.549150e-05 | loss=0.040357
Epoch 009 | Step 880 | lr=9.549150e-05 | loss=0.038869
Epoch 009 | Step 890 | lr=9.549150e-05 | loss=0.035840
Epoch 009 | Step 900 | lr=9.549150e-05 | loss=0.038869
Epoch 009 | Step 910 | lr=9.549150e-05 | loss=0.037305
Epoch 009 | Step 920 | lr=9.549150e-05 | loss=0.036320
Epoch 009 | Step 930 | lr=9.549150e-05 | loss=0.039119
Epoch 009 | Step 940 | lr=9.549150e-05 | loss=0.036809
Epoch 009 | Step 950 | lr=9.549150e-05 | loss=0.038445
Epoch 009 | Step 960 | lr=9.549150e-05 | loss=0.039599
Epoch 009 | Step 970 | lr=9.549150e-05 | loss=0.036554
Epoch 009 | Step 980 | lr=9.549150e-05 | loss=0.037634
Epoch 009 | Step 990 | lr=9.549150e-05 | loss=0.038566
Epoch 009 | Step 1000 | lr=9.549150e-05 | loss=0.037924
Epoch 009 | Step 1010 | lr=9.549150e-05 | loss=0.036219
Epoch 009 | Step 1020 | lr=9.549150e-05 | loss=0.040765
Epoch 009 | Step 1030 | lr=9.549150e-05 | loss=0.039470
Epoch 009 | Step 1040 | lr=9.549150e-05 | loss=0.041144
Epoch 009 | Step 1050 | lr=9.549150e-05 | loss=0.039157
Epoch 009 | Step 1060 | lr=9.549150e-05 | loss=0.040460
Epoch 009 | Step 1070 | lr=9.549150e-05 | loss=0.037797
Epoch 009 | Step 1080 | lr=9.549150e-05 | loss=0.039368
Epoch 009 | Step 1090 | lr=9.549150e-05 | loss=0.039396
Epoch 009 | Step 1100 | lr=9.549150e-05 | loss=0.039228
Epoch 009 | Step 1110 | lr=9.549150e-05 | loss=0.037579
Epoch 009 | Step 1120 | lr=9.549150e-05 | loss=0.037816
Epoch 009 | Step 1130 | lr=9.549150e-05 | loss=0.038688
Epoch 009 | Step 1140 | lr=9.549150e-05 | loss=0.039099
Epoch 009 | Step 1150 | lr=9.549150e-05 | loss=0.036826
Epoch 009 | Step 1160 | lr=9.549150e-05 | loss=0.036608
Epoch 009 | Step 1170 | lr=9.549150e-05 | loss=0.038605
Epoch 009 | Step 1180 | lr=9.549150e-05 | loss=0.038448
Epoch 009 | Step 1190 | lr=9.549150e-05 | loss=0.038068
Epoch 009 | Step 1200 | lr=9.549150e-05 | loss=0.039473
Epoch 009 | Step 1210 | lr=9.549150e-05 | loss=0.039385
Epoch 009 | Step 1220 | lr=9.549150e-05 | loss=0.038941
Epoch 009 | Step 1230 | lr=9.549150e-05 | loss=0.036791
Epoch 009 | Step 1240 | lr=9.549150e-05 | loss=0.037098
Epoch 009 | Step 1250 | lr=9.549150e-05 | loss=0.038898
Epoch 009 | Step 1260 | lr=9.549150e-05 | loss=0.037752
Epoch 009 | Step 1270 | lr=9.549150e-05 | loss=0.038023
Epoch 009 | Step 1280 | lr=9.549150e-05 | loss=0.039752
Epoch 009 | Step 1290 | lr=9.549150e-05 | loss=0.040052
Epoch 009 | Step 1300 | lr=9.549150e-05 | loss=0.039745
Epoch 009 | Step 1310 | lr=9.549150e-05 | loss=0.037898
Epoch 009 | Step 1320 | lr=9.549150e-05 | loss=0.038446
Epoch 009 | Step 1330 | lr=9.549150e-05 | loss=0.035839
Epoch 009 | Step 1340 | lr=9.549150e-05 | loss=0.039337
Epoch 009 | Step 1350 | lr=9.549150e-05 | loss=0.039538
Epoch 009 | Step 1360 | lr=9.549150e-05 | loss=0.037018
Epoch 009 | Step 1370 | lr=9.549150e-05 | loss=0.037515
Epoch 009 | Step 1380 | lr=9.549150e-05 | loss=0.038860
Epoch 009 | Step 1390 | lr=9.549150e-05 | loss=0.037564
Epoch 009 | Step 1400 | lr=9.549150e-05 | loss=0.040056
Epoch 009 | Step 1410 | lr=9.549150e-05 | loss=0.037487
Epoch 009 | Step 1420 | lr=9.549150e-05 | loss=0.037329
Epoch 009 | Step 1430 | lr=9.549150e-05 | loss=0.037189
Epoch 009 | Step 1440 | lr=9.549150e-05 | loss=0.040146
Epoch 009 | Step 1450 | lr=9.549150e-05 | loss=0.041882
Epoch 009 | Step 1460 | lr=9.549150e-05 | loss=0.037794
Epoch 009 | Step 1470 | lr=9.549150e-05 | loss=0.039008
Epoch 009 | Step 1480 | lr=9.549150e-05 | loss=0.038266
Epoch 009 | Step 1490 | lr=9.549150e-05 | loss=0.039079
Epoch 009 | Step 1500 | lr=9.549150e-05 | loss=0.039009
Epoch 009 | Step 1510 | lr=9.549150e-05 | loss=0.036828
Epoch 009 | Step 1520 | lr=9.549150e-05 | loss=0.038087
Epoch 009 | Step 1530 | lr=9.549150e-05 | loss=0.040653
Epoch 009 | Step 1540 | lr=9.549150e-05 | loss=0.039032
Epoch 009 | Step 1550 | lr=9.549150e-05 | loss=0.038740
Epoch 009 | Step 1560 | lr=9.549150e-05 | loss=0.037017
Epoch 009 | Step 1570 | lr=9.549150e-05 | loss=0.040310
Epoch 009 | Step 1580 | lr=9.549150e-05 | loss=0.037544
Epoch 009 | Step 1590 | lr=9.549150e-05 | loss=0.039542
Epoch 009 | Step 1600 | lr=9.549150e-05 | loss=0.036664
Epoch 009 | Step 1610 | lr=9.549150e-05 | loss=0.037851
Epoch 009 | Step 1620 | lr=9.549150e-05 | loss=0.040265
Epoch 009 | Step 1630 | lr=9.549150e-05 | loss=0.037406
Epoch 009 | Step 1640 | lr=9.549150e-05 | loss=0.038960
Epoch 009 | Step 1650 | lr=9.549150e-05 | loss=0.039335
Epoch 009 | Step 1660 | lr=9.549150e-05 | loss=0.037943
Epoch 009 | Step 1670 | lr=9.549150e-05 | loss=0.040432
Epoch 009 | Step 1680 | lr=9.549150e-05 | loss=0.038367
Epoch 009 | Step 1690 | lr=9.549150e-05 | loss=0.038527
Epoch 009 | Step 1700 | lr=9.549150e-05 | loss=0.038966
Epoch 009 | Step 1710 | lr=9.549150e-05 | loss=0.037201
Epoch 009 | Step 1720 | lr=9.549150e-05 | loss=0.036288
Epoch 009 | Step 1730 | lr=9.549150e-05 | loss=0.035570
Epoch 009 | Step 1740 | lr=9.549150e-05 | loss=0.036965
Epoch 009 | Step 1750 | lr=9.549150e-05 | loss=0.038544
Epoch 009 | Step 1760 | lr=9.549150e-05 | loss=0.036961
Epoch 009 | Step 1770 | lr=9.549150e-05 | loss=0.039854
Epoch 009 | Step 1780 | lr=9.549150e-05 | loss=0.037675
Epoch 009 | Step 1790 | lr=9.549150e-05 | loss=0.037572
Epoch 009 | Step 1800 | lr=9.549150e-05 | loss=0.039693
Epoch 009 | Step 1810 | lr=9.549150e-05 | loss=0.039598
Epoch 009 | Step 1820 | lr=9.549150e-05 | loss=0.038749
Epoch 009 | Step 1830 | lr=9.549150e-05 | loss=0.037007
Epoch 009 | Step 1840 | lr=9.549150e-05 | loss=0.037546
Epoch 009 | Step 1850 | lr=9.549150e-05 | loss=0.040611
Epoch 009 | Step 1860 | lr=9.549150e-05 | loss=0.038283
Epoch 009 | Step 1870 | lr=9.549150e-05 | loss=0.037993
Epoch 009 | Step 1880 | lr=9.549150e-05 | loss=0.040095
Epoch 009 | Step 1890 | lr=9.549150e-05 | loss=0.037354
Epoch 009 | Step 1900 | lr=9.549150e-05 | loss=0.037176
Epoch 009 | Step 1910 | lr=9.549150e-05 | loss=0.037543
Epoch 009 | Step 1920 | lr=9.549150e-05 | loss=0.038256
Epoch 009 | Step 1930 | lr=9.549150e-05 | loss=0.038667
epoch 009 | train_kld=0.038042 | val_kld=0.037951 | val_mae=0.002643 | val_mse=0.000081 | ord_acc@10=0.3207 | recall@10=0.8225
Epoch 010 | Step 10 | lr=2.447174e-05 | loss=0.037653
Epoch 010 | Step 20 | lr=2.447174e-05 | loss=0.039062
Epoch 010 | Step 30 | lr=2.447174e-05 | loss=0.037151
Epoch 010 | Step 40 | lr=2.447174e-05 | loss=0.035218
Epoch 010 | Step 50 | lr=2.447174e-05 | loss=0.037107
Epoch 010 | Step 60 | lr=2.447174e-05 | loss=0.036598
Epoch 010 | Step 70 | lr=2.447174e-05 | loss=0.036446
Epoch 010 | Step 80 | lr=2.447174e-05 | loss=0.035523
Epoch 010 | Step 90 | lr=2.447174e-05 | loss=0.037094
Epoch 010 | Step 100 | lr=2.447174e-05 | loss=0.038577
Epoch 010 | Step 110 | lr=2.447174e-05 | loss=0.038832
Epoch 010 | Step 120 | lr=2.447174e-05 | loss=0.038716
Epoch 010 | Step 130 | lr=2.447174e-05 | loss=0.036955
Epoch 010 | Step 140 | lr=2.447174e-05 | loss=0.037958
Epoch 010 | Step 150 | lr=2.447174e-05 | loss=0.038928
Epoch 010 | Step 160 | lr=2.447174e-05 | loss=0.037338
Epoch 010 | Step 170 | lr=2.447174e-05 | loss=0.036879
Epoch 010 | Step 180 | lr=2.447174e-05 | loss=0.035596
Epoch 010 | Step 190 | lr=2.447174e-05 | loss=0.038565
Epoch 010 | Step 200 | lr=2.447174e-05 | loss=0.037249
Epoch 010 | Step 210 | lr=2.447174e-05 | loss=0.035995
Epoch 010 | Step 220 | lr=2.447174e-05 | loss=0.038537
Epoch 010 | Step 230 | lr=2.447174e-05 | loss=0.038494
Epoch 010 | Step 240 | lr=2.447174e-05 | loss=0.038337
Epoch 010 | Step 250 | lr=2.447174e-05 | loss=0.038527
Epoch 010 | Step 260 | lr=2.447174e-05 | loss=0.038804
Epoch 010 | Step 270 | lr=2.447174e-05 | loss=0.038324
Epoch 010 | Step 280 | lr=2.447174e-05 | loss=0.037257
Epoch 010 | Step 290 | lr=2.447174e-05 | loss=0.038132
Epoch 010 | Step 300 | lr=2.447174e-05 | loss=0.036702
Epoch 010 | Step 310 | lr=2.447174e-05 | loss=0.038314
Epoch 010 | Step 320 | lr=2.447174e-05 | loss=0.037118
Epoch 010 | Step 330 | lr=2.447174e-05 | loss=0.038150
Epoch 010 | Step 340 | lr=2.447174e-05 | loss=0.037421
Epoch 010 | Step 350 | lr=2.447174e-05 | loss=0.036873
Epoch 010 | Step 360 | lr=2.447174e-05 | loss=0.037554
Epoch 010 | Step 370 | lr=2.447174e-05 | loss=0.037234
Epoch 010 | Step 380 | lr=2.447174e-05 | loss=0.040538
Epoch 010 | Step 390 | lr=2.447174e-05 | loss=0.038191
Epoch 010 | Step 400 | lr=2.447174e-05 | loss=0.035795
Epoch 010 | Step 410 | lr=2.447174e-05 | loss=0.037811
Epoch 010 | Step 420 | lr=2.447174e-05 | loss=0.037205
Epoch 010 | Step 430 | lr=2.447174e-05 | loss=0.036298
Epoch 010 | Step 440 | lr=2.447174e-05 | loss=0.034879
Epoch 010 | Step 450 | lr=2.447174e-05 | loss=0.037390
Epoch 010 | Step 460 | lr=2.447174e-05 | loss=0.038607
Epoch 010 | Step 470 | lr=2.447174e-05 | loss=0.036712
Epoch 010 | Step 480 | lr=2.447174e-05 | loss=0.038220
Epoch 010 | Step 490 | lr=2.447174e-05 | loss=0.036552
Epoch 010 | Step 500 | lr=2.447174e-05 | loss=0.037499
Epoch 010 | Step 510 | lr=2.447174e-05 | loss=0.037027
Epoch 010 | Step 520 | lr=2.447174e-05 | loss=0.039454
Epoch 010 | Step 530 | lr=2.447174e-05 | loss=0.036591
Epoch 010 | Step 540 | lr=2.447174e-05 | loss=0.038850
Epoch 010 | Step 550 | lr=2.447174e-05 | loss=0.035844
Epoch 010 | Step 560 | lr=2.447174e-05 | loss=0.037019
Epoch 010 | Step 570 | lr=2.447174e-05 | loss=0.036764
Epoch 010 | Step 580 | lr=2.447174e-05 | loss=0.035002
Epoch 010 | Step 590 | lr=2.447174e-05 | loss=0.035500
Epoch 010 | Step 600 | lr=2.447174e-05 | loss=0.040124
Epoch 010 | Step 610 | lr=2.447174e-05 | loss=0.037948
Epoch 010 | Step 620 | lr=2.447174e-05 | loss=0.039408
Epoch 010 | Step 630 | lr=2.447174e-05 | loss=0.037325
Epoch 010 | Step 640 | lr=2.447174e-05 | loss=0.038030
Epoch 010 | Step 650 | lr=2.447174e-05 | loss=0.036022
Epoch 010 | Step 660 | lr=2.447174e-05 | loss=0.039685
Epoch 010 | Step 670 | lr=2.447174e-05 | loss=0.037442
Epoch 010 | Step 680 | lr=2.447174e-05 | loss=0.038552
Epoch 010 | Step 690 | lr=2.447174e-05 | loss=0.037934
Epoch 010 | Step 700 | lr=2.447174e-05 | loss=0.038818
Epoch 010 | Step 710 | lr=2.447174e-05 | loss=0.038529
Epoch 010 | Step 720 | lr=2.447174e-05 | loss=0.037360
Epoch 010 | Step 730 | lr=2.447174e-05 | loss=0.037482
Epoch 010 | Step 740 | lr=2.447174e-05 | loss=0.036466
Epoch 010 | Step 750 | lr=2.447174e-05 | loss=0.035873
Epoch 010 | Step 760 | lr=2.447174e-05 | loss=0.040329
Epoch 010 | Step 770 | lr=2.447174e-05 | loss=0.038628
Epoch 010 | Step 780 | lr=2.447174e-05 | loss=0.038232
Epoch 010 | Step 790 | lr=2.447174e-05 | loss=0.037187
Epoch 010 | Step 800 | lr=2.447174e-05 | loss=0.036886
Epoch 010 | Step 810 | lr=2.447174e-05 | loss=0.037640
Epoch 010 | Step 820 | lr=2.447174e-05 | loss=0.037371
Epoch 010 | Step 830 | lr=2.447174e-05 | loss=0.037639
Epoch 010 | Step 840 | lr=2.447174e-05 | loss=0.037330
Epoch 010 | Step 850 | lr=2.447174e-05 | loss=0.036652
Epoch 010 | Step 860 | lr=2.447174e-05 | loss=0.038020
Epoch 010 | Step 870 | lr=2.447174e-05 | loss=0.037633
Epoch 010 | Step 880 | lr=2.447174e-05 | loss=0.036364
Epoch 010 | Step 890 | lr=2.447174e-05 | loss=0.037698
Epoch 010 | Step 900 | lr=2.447174e-05 | loss=0.039251
Epoch 010 | Step 910 | lr=2.447174e-05 | loss=0.038796
Epoch 010 | Step 920 | lr=2.447174e-05 | loss=0.038550
Epoch 010 | Step 930 | lr=2.447174e-05 | loss=0.041319
Epoch 010 | Step 940 | lr=2.447174e-05 | loss=0.037893
Epoch 010 | Step 950 | lr=2.447174e-05 | loss=0.038577
Epoch 010 | Step 960 | lr=2.447174e-05 | loss=0.037532
Epoch 010 | Step 970 | lr=2.447174e-05 | loss=0.037158
Epoch 010 | Step 980 | lr=2.447174e-05 | loss=0.037563
Epoch 010 | Step 990 | lr=2.447174e-05 | loss=0.040757
Epoch 010 | Step 1000 | lr=2.447174e-05 | loss=0.038011
Epoch 010 | Step 1010 | lr=2.447174e-05 | loss=0.037119
Epoch 010 | Step 1020 | lr=2.447174e-05 | loss=0.032923
Epoch 010 | Step 1030 | lr=2.447174e-05 | loss=0.038885
Epoch 010 | Step 1040 | lr=2.447174e-05 | loss=0.036764
Epoch 010 | Step 1050 | lr=2.447174e-05 | loss=0.037678
Epoch 010 | Step 1060 | lr=2.447174e-05 | loss=0.037803
Epoch 010 | Step 1070 | lr=2.447174e-05 | loss=0.039110
Epoch 010 | Step 1080 | lr=2.447174e-05 | loss=0.038266
Epoch 010 | Step 1090 | lr=2.447174e-05 | loss=0.037392
Epoch 010 | Step 1100 | lr=2.447174e-05 | loss=0.036339
Epoch 010 | Step 1110 | lr=2.447174e-05 | loss=0.035328
Epoch 010 | Step 1120 | lr=2.447174e-05 | loss=0.038064
Epoch 010 | Step 1130 | lr=2.447174e-05 | loss=0.037234
Epoch 010 | Step 1140 | lr=2.447174e-05 | loss=0.039152
Epoch 010 | Step 1150 | lr=2.447174e-05 | loss=0.035505
Epoch 010 | Step 1160 | lr=2.447174e-05 | loss=0.037299
Epoch 010 | Step 1170 | lr=2.447174e-05 | loss=0.038186
Epoch 010 | Step 1180 | lr=2.447174e-05 | loss=0.034603
Epoch 010 | Step 1190 | lr=2.447174e-05 | loss=0.036221
Epoch 010 | Step 1200 | lr=2.447174e-05 | loss=0.036302
Epoch 010 | Step 1210 | lr=2.447174e-05 | loss=0.038359
Epoch 010 | Step 1220 | lr=2.447174e-05 | loss=0.038786
Epoch 010 | Step 1230 | lr=2.447174e-05 | loss=0.037444
Epoch 010 | Step 1240 | lr=2.447174e-05 | loss=0.038987
Epoch 010 | Step 1250 | lr=2.447174e-05 | loss=0.039206
Epoch 010 | Step 1260 | lr=2.447174e-05 | loss=0.036022
Epoch 010 | Step 1270 | lr=2.447174e-05 | loss=0.038762
Epoch 010 | Step 1280 | lr=2.447174e-05 | loss=0.037490
Epoch 010 | Step 1290 | lr=2.447174e-05 | loss=0.038591
Epoch 010 | Step 1300 | lr=2.447174e-05 | loss=0.037820
Epoch 010 | Step 1310 | lr=2.447174e-05 | loss=0.037886
Epoch 010 | Step 1320 | lr=2.447174e-05 | loss=0.039475
Epoch 010 | Step 1330 | lr=2.447174e-05 | loss=0.037144
Epoch 010 | Step 1340 | lr=2.447174e-05 | loss=0.038368
Epoch 010 | Step 1350 | lr=2.447174e-05 | loss=0.035935
Epoch 010 | Step 1360 | lr=2.447174e-05 | loss=0.037987
Epoch 010 | Step 1370 | lr=2.447174e-05 | loss=0.039275
Epoch 010 | Step 1380 | lr=2.447174e-05 | loss=0.036664
Epoch 010 | Step 1390 | lr=2.447174e-05 | loss=0.036265
Epoch 010 | Step 1400 | lr=2.447174e-05 | loss=0.035354
Epoch 010 | Step 1410 | lr=2.447174e-05 | loss=0.035107
Epoch 010 | Step 1420 | lr=2.447174e-05 | loss=0.035902
Epoch 010 | Step 1430 | lr=2.447174e-05 | loss=0.035107
Epoch 010 | Step 1440 | lr=2.447174e-05 | loss=0.039502
Epoch 010 | Step 1450 | lr=2.447174e-05 | loss=0.037549
Epoch 010 | Step 1460 | lr=2.447174e-05 | loss=0.037030
Epoch 010 | Step 1470 | lr=2.447174e-05 | loss=0.041067
Epoch 010 | Step 1480 | lr=2.447174e-05 | loss=0.037043
Epoch 010 | Step 1490 | lr=2.447174e-05 | loss=0.036560
Epoch 010 | Step 1500 | lr=2.447174e-05 | loss=0.038727
Epoch 010 | Step 1510 | lr=2.447174e-05 | loss=0.035693
Epoch 010 | Step 1520 | lr=2.447174e-05 | loss=0.037636
Epoch 010 | Step 1530 | lr=2.447174e-05 | loss=0.037602
Epoch 010 | Step 1540 | lr=2.447174e-05 | loss=0.038157
Epoch 010 | Step 1550 | lr=2.447174e-05 | loss=0.037202
Epoch 010 | Step 1560 | lr=2.447174e-05 | loss=0.038519
Epoch 010 | Step 1570 | lr=2.447174e-05 | loss=0.037096
Epoch 010 | Step 1580 | lr=2.447174e-05 | loss=0.036671
Epoch 010 | Step 1590 | lr=2.447174e-05 | loss=0.038029
Epoch 010 | Step 1600 | lr=2.447174e-05 | loss=0.037348
Epoch 010 | Step 1610 | lr=2.447174e-05 | loss=0.037676
Epoch 010 | Step 1620 | lr=2.447174e-05 | loss=0.037370
Epoch 010 | Step 1630 | lr=2.447174e-05 | loss=0.038623
Epoch 010 | Step 1640 | lr=2.447174e-05 | loss=0.036535
Epoch 010 | Step 1650 | lr=2.447174e-05 | loss=0.036727
Epoch 010 | Step 1660 | lr=2.447174e-05 | loss=0.036869
Epoch 010 | Step 1670 | lr=2.447174e-05 | loss=0.036985
Epoch 010 | Step 1680 | lr=2.447174e-05 | loss=0.036401
Epoch 010 | Step 1690 | lr=2.447174e-05 | loss=0.038357
Epoch 010 | Step 1700 | lr=2.447174e-05 | loss=0.038639
Epoch 010 | Step 1710 | lr=2.447174e-05 | loss=0.037204
Epoch 010 | Step 1720 | lr=2.447174e-05 | loss=0.037856
Epoch 010 | Step 1730 | lr=2.447174e-05 | loss=0.039762
Epoch 010 | Step 1740 | lr=2.447174e-05 | loss=0.036306
Epoch 010 | Step 1750 | lr=2.447174e-05 | loss=0.037754
Epoch 010 | Step 1760 | lr=2.447174e-05 | loss=0.036487
Epoch 010 | Step 1770 | lr=2.447174e-05 | loss=0.037234
Epoch 010 | Step 1780 | lr=2.447174e-05 | loss=0.038880
Epoch 010 | Step 1790 | lr=2.447174e-05 | loss=0.037858
Epoch 010 | Step 1800 | lr=2.447174e-05 | loss=0.037267
Epoch 010 | Step 1810 | lr=2.447174e-05 | loss=0.040038
Epoch 010 | Step 1820 | lr=2.447174e-05 | loss=0.038605
Epoch 010 | Step 1830 | lr=2.447174e-05 | loss=0.036633
Epoch 010 | Step 1840 | lr=2.447174e-05 | loss=0.035776
Epoch 010 | Step 1850 | lr=2.447174e-05 | loss=0.038744
Epoch 010 | Step 1860 | lr=2.447174e-05 | loss=0.039062
Epoch 010 | Step 1870 | lr=2.447174e-05 | loss=0.037267
Epoch 010 | Step 1880 | lr=2.447174e-05 | loss=0.039407
Epoch 010 | Step 1890 | lr=2.447174e-05 | loss=0.037492
Epoch 010 | Step 1900 | lr=2.447174e-05 | loss=0.035698
Epoch 010 | Step 1910 | lr=2.447174e-05 | loss=0.037910
Epoch 010 | Step 1920 | lr=2.447174e-05 | loss=0.036963
Epoch 010 | Step 1930 | lr=2.447174e-05 | loss=0.036501
epoch 010 | train_kld=0.037561 | val_kld=0.037288 | val_mae=0.002607 | val_mse=0.000077 | ord_acc@10=0.3244 | recall@10=0.8221
Saved epoch 1 batch metrics plot to input/Training_data/gist1M_learn/leafsize20K/model_d256_L4_H8_ff512_topk10_bs256_ep10_lr0.001_wd0.01_bilinear_normalizeFalse_posTrue_gatingTrue_loss_typehybrid/model_d256_L4_H8_ff512_topk10_bs256_ep10_lr0.001_wd0.01_bilinear_normalizeFalse_posTrue_gatingTrue_loss_typehybrid_epoch1_batch_metrics@10.png
Saved epoch metrics plot to input/Training_data/gist1M_learn/leafsize20K/model_d256_L4_H8_ff512_topk10_bs256_ep10_lr0.001_wd0.01_bilinear_normalizeFalse_posTrue_gatingTrue_loss_typehybrid/model_d256_L4_H8_ff512_topk10_bs256_ep10_lr0.001_wd0.01_bilinear_normalizeFalse_posTrue_gatingTrue_loss_typehybrid_epoch_metrics.png
best val_kld: 0.037288 at epoch 10
