/home/xln/miniconda3/envs/elpis_torch/lib/python3.12/site-packages/torch/nn/modules/transformer.py:379: UserWarning: enable_nested_tensor is True, but self.use_nested_tensor is False because encoder_layer.norm_first was True
  warnings.warn(
Detected K=116, D=960
Epoch 001 | Batch 10 | val_kld=2.414274 | val_ordacc@10=0.024797 | val_recall@10=0.249708
Epoch 001 | Step 10 | lr=1.000000e-03 | loss=2.459702
Epoch 001 | Batch 20 | val_kld=1.759310 | val_ordacc@10=0.059488 | val_recall@10=0.454373
Epoch 001 | Step 20 | lr=1.000000e-03 | loss=2.878545
Epoch 001 | Batch 30 | val_kld=1.707002 | val_ordacc@10=0.052641 | val_recall@10=0.452224
Epoch 001 | Step 30 | lr=1.000000e-03 | loss=1.636035
Epoch 001 | Batch 40 | val_kld=1.343970 | val_ordacc@10=0.074573 | val_recall@10=0.516097
Epoch 001 | Step 40 | lr=1.000000e-03 | loss=1.435545
Epoch 001 | Batch 50 | val_kld=1.229514 | val_ordacc@10=0.088265 | val_recall@10=0.559669
Epoch 001 | Step 50 | lr=1.000000e-03 | loss=1.361900
Epoch 001 | Batch 60 | val_kld=1.186273 | val_ordacc@10=0.081692 | val_recall@10=0.563868
Epoch 001 | Step 60 | lr=1.000000e-03 | loss=1.291658
Epoch 001 | Batch 70 | val_kld=1.114964 | val_ordacc@10=0.085588 | val_recall@10=0.595195
Epoch 001 | Step 70 | lr=1.000000e-03 | loss=1.197264
Epoch 001 | Batch 80 | val_kld=1.018010 | val_ordacc@10=0.092530 | val_recall@10=0.597129
Epoch 001 | Step 80 | lr=1.000000e-03 | loss=0.997454
Epoch 001 | Batch 90 | val_kld=0.802780 | val_ordacc@10=0.126587 | val_recall@10=0.646037
Epoch 001 | Step 90 | lr=1.000000e-03 | loss=0.911222
Epoch 001 | Batch 100 | val_kld=0.755916 | val_ordacc@10=0.118254 | val_recall@10=0.653923
Epoch 001 | Step 100 | lr=1.000000e-03 | loss=0.770197
Epoch 001 | Batch 110 | val_kld=0.619295 | val_ordacc@10=0.148363 | val_recall@10=0.694355
Epoch 001 | Step 110 | lr=1.000000e-03 | loss=0.894957
Epoch 001 | Batch 120 | val_kld=0.628434 | val_ordacc@10=0.139449 | val_recall@10=0.691500
Epoch 001 | Step 120 | lr=1.000000e-03 | loss=0.671201
Epoch 001 | Batch 130 | val_kld=0.586655 | val_ordacc@10=0.144038 | val_recall@10=0.706304
Epoch 001 | Step 130 | lr=1.000000e-03 | loss=0.595507
Epoch 001 | Batch 140 | val_kld=0.514671 | val_ordacc@10=0.155411 | val_recall@10=0.708699
Epoch 001 | Step 140 | lr=1.000000e-03 | loss=0.515657
Epoch 001 | Batch 150 | val_kld=0.517643 | val_ordacc@10=0.158046 | val_recall@10=0.717507
Epoch 001 | Step 150 | lr=1.000000e-03 | loss=0.532343
Epoch 001 | Batch 160 | val_kld=0.508403 | val_ordacc@10=0.162440 | val_recall@10=0.725780
Epoch 001 | Step 160 | lr=1.000000e-03 | loss=0.537819
Epoch 001 | Batch 170 | val_kld=0.488369 | val_ordacc@10=0.163702 | val_recall@10=0.711418
Epoch 001 | Step 170 | lr=1.000000e-03 | loss=0.542556
Epoch 001 | Batch 180 | val_kld=0.463129 | val_ordacc@10=0.166696 | val_recall@10=0.733510
Epoch 001 | Step 180 | lr=1.000000e-03 | loss=0.509878
Epoch 001 | Batch 190 | val_kld=0.453751 | val_ordacc@10=0.180253 | val_recall@10=0.733025
Epoch 001 | Step 190 | lr=1.000000e-03 | loss=0.439248
Epoch 001 | Batch 200 | val_kld=0.419189 | val_ordacc@10=0.182463 | val_recall@10=0.740770
Epoch 001 | Step 200 | lr=1.000000e-03 | loss=0.455381
Epoch 001 | Batch 210 | val_kld=0.398775 | val_ordacc@10=0.192807 | val_recall@10=0.744594
Epoch 001 | Step 210 | lr=1.000000e-03 | loss=0.472698
Epoch 001 | Batch 220 | val_kld=0.413560 | val_ordacc@10=0.187412 | val_recall@10=0.737634
Epoch 001 | Step 220 | lr=1.000000e-03 | loss=0.492784
Epoch 001 | Batch 230 | val_kld=0.382531 | val_ordacc@10=0.198347 | val_recall@10=0.742675
Epoch 001 | Step 230 | lr=1.000000e-03 | loss=0.406480
Epoch 001 | Batch 240 | val_kld=0.396355 | val_ordacc@10=0.183721 | val_recall@10=0.751653
Epoch 001 | Step 240 | lr=1.000000e-03 | loss=0.400527
Epoch 001 | Batch 250 | val_kld=0.381415 | val_ordacc@10=0.191145 | val_recall@10=0.749436
Epoch 001 | Step 250 | lr=1.000000e-03 | loss=0.427686
Epoch 001 | Batch 260 | val_kld=0.323152 | val_ordacc@10=0.215180 | val_recall@10=0.766438
Epoch 001 | Step 260 | lr=1.000000e-03 | loss=0.374860
Epoch 001 | Batch 270 | val_kld=0.322088 | val_ordacc@10=0.219967 | val_recall@10=0.764258
Epoch 001 | Step 270 | lr=1.000000e-03 | loss=0.356029
Epoch 001 | Batch 280 | val_kld=0.306865 | val_ordacc@10=0.229220 | val_recall@10=0.778242
Epoch 001 | Step 280 | lr=1.000000e-03 | loss=0.320748
Epoch 001 | Batch 290 | val_kld=0.312962 | val_ordacc@10=0.225636 | val_recall@10=0.773338
Epoch 001 | Step 290 | lr=1.000000e-03 | loss=0.325376
Epoch 001 | Batch 300 | val_kld=0.307875 | val_ordacc@10=0.225044 | val_recall@10=0.770151
Epoch 001 | Step 300 | lr=1.000000e-03 | loss=0.349259
Epoch 001 | Batch 310 | val_kld=0.301713 | val_ordacc@10=0.224342 | val_recall@10=0.769512
Epoch 001 | Step 310 | lr=1.000000e-03 | loss=0.337731
Epoch 001 | Batch 320 | val_kld=0.301249 | val_ordacc@10=0.224442 | val_recall@10=0.774507
Epoch 001 | Step 320 | lr=1.000000e-03 | loss=0.342507
Epoch 001 | Batch 330 | val_kld=0.294275 | val_ordacc@10=0.230207 | val_recall@10=0.779354
Epoch 001 | Step 330 | lr=1.000000e-03 | loss=0.303838
Epoch 001 | Batch 340 | val_kld=0.286443 | val_ordacc@10=0.230949 | val_recall@10=0.775046
Epoch 001 | Step 340 | lr=1.000000e-03 | loss=0.324974
Epoch 001 | Batch 350 | val_kld=0.289447 | val_ordacc@10=0.232038 | val_recall@10=0.780858
Epoch 001 | Step 350 | lr=1.000000e-03 | loss=0.306172
Epoch 001 | Batch 360 | val_kld=0.286168 | val_ordacc@10=0.234604 | val_recall@10=0.776396
Epoch 001 | Step 360 | lr=1.000000e-03 | loss=0.310276
Epoch 001 | Batch 370 | val_kld=0.278324 | val_ordacc@10=0.234446 | val_recall@10=0.785069
Epoch 001 | Step 370 | lr=1.000000e-03 | loss=0.298821
Epoch 001 | Batch 380 | val_kld=0.283874 | val_ordacc@10=0.237383 | val_recall@10=0.781098
Epoch 001 | Step 380 | lr=1.000000e-03 | loss=0.313067
Epoch 001 | Batch 390 | val_kld=0.284151 | val_ordacc@10=0.233744 | val_recall@10=0.786705
Epoch 001 | Step 390 | lr=1.000000e-03 | loss=0.318661
Epoch 001 | Batch 400 | val_kld=0.270092 | val_ordacc@10=0.242030 | val_recall@10=0.784221
Epoch 001 | Step 400 | lr=1.000000e-03 | loss=0.295797
Epoch 001 | Batch 410 | val_kld=0.265878 | val_ordacc@10=0.242934 | val_recall@10=0.787233
Epoch 001 | Step 410 | lr=1.000000e-03 | loss=0.286501
Epoch 001 | Batch 420 | val_kld=0.269492 | val_ordacc@10=0.239393 | val_recall@10=0.788208
Epoch 001 | Step 420 | lr=1.000000e-03 | loss=0.293441
Epoch 001 | Batch 430 | val_kld=0.270934 | val_ordacc@10=0.242529 | val_recall@10=0.782078
Epoch 001 | Step 430 | lr=1.000000e-03 | loss=0.306663
Epoch 001 | Batch 440 | val_kld=0.270650 | val_ordacc@10=0.237454 | val_recall@10=0.791707
Epoch 001 | Step 440 | lr=1.000000e-03 | loss=0.307100
Epoch 001 | Batch 450 | val_kld=0.263774 | val_ordacc@10=0.251178 | val_recall@10=0.794133
Epoch 001 | Step 450 | lr=1.000000e-03 | loss=0.270924
Epoch 001 | Batch 460 | val_kld=0.258688 | val_ordacc@10=0.246573 | val_recall@10=0.790779
Epoch 001 | Step 460 | lr=1.000000e-03 | loss=0.276367
Epoch 001 | Batch 470 | val_kld=0.269349 | val_ordacc@10=0.238511 | val_recall@10=0.782251
Epoch 001 | Step 470 | lr=1.000000e-03 | loss=0.299714
Epoch 001 | Batch 480 | val_kld=0.268509 | val_ordacc@10=0.240273 | val_recall@10=0.780371
Epoch 001 | Step 480 | lr=1.000000e-03 | loss=0.289352
Epoch 001 | Batch 490 | val_kld=0.267184 | val_ordacc@10=0.240262 | val_recall@10=0.790902
Epoch 001 | Step 490 | lr=1.000000e-03 | loss=0.267607
Epoch 001 | Batch 500 | val_kld=0.252886 | val_ordacc@10=0.246929 | val_recall@10=0.791284
Epoch 001 | Step 500 | lr=1.000000e-03 | loss=0.274904
Epoch 001 | Batch 510 | val_kld=0.252480 | val_ordacc@10=0.248578 | val_recall@10=0.786585
Epoch 001 | Step 510 | lr=1.000000e-03 | loss=0.287359
Epoch 001 | Batch 520 | val_kld=0.253381 | val_ordacc@10=0.249983 | val_recall@10=0.789343
Epoch 001 | Step 520 | lr=1.000000e-03 | loss=0.287209
Epoch 001 | Batch 530 | val_kld=0.252689 | val_ordacc@10=0.250963 | val_recall@10=0.786918
Epoch 001 | Step 530 | lr=1.000000e-03 | loss=0.284878
Epoch 001 | Batch 540 | val_kld=0.245869 | val_ordacc@10=0.254104 | val_recall@10=0.794389
Epoch 001 | Step 540 | lr=1.000000e-03 | loss=0.260600
Epoch 001 | Batch 550 | val_kld=0.247866 | val_ordacc@10=0.251372 | val_recall@10=0.789035
Epoch 001 | Step 550 | lr=1.000000e-03 | loss=0.261610
Epoch 001 | Batch 560 | val_kld=0.242167 | val_ordacc@10=0.252136 | val_recall@10=0.791885
Epoch 001 | Step 560 | lr=1.000000e-03 | loss=0.264532
Epoch 001 | Batch 570 | val_kld=0.238908 | val_ordacc@10=0.253578 | val_recall@10=0.794025
Epoch 001 | Step 570 | lr=1.000000e-03 | loss=0.266439
Epoch 001 | Batch 580 | val_kld=0.237580 | val_ordacc@10=0.253264 | val_recall@10=0.794373
Epoch 001 | Step 580 | lr=1.000000e-03 | loss=0.274628
Epoch 001 | Batch 590 | val_kld=0.237938 | val_ordacc@10=0.254679 | val_recall@10=0.799415
Epoch 001 | Step 590 | lr=1.000000e-03 | loss=0.289296
Epoch 001 | Batch 600 | val_kld=0.234582 | val_ordacc@10=0.253774 | val_recall@10=0.801309
Epoch 001 | Step 600 | lr=1.000000e-03 | loss=0.258601
Epoch 001 | Batch 610 | val_kld=0.235162 | val_ordacc@10=0.252753 | val_recall@10=0.797053
Epoch 001 | Step 610 | lr=1.000000e-03 | loss=0.252742
Epoch 001 | Batch 620 | val_kld=0.225077 | val_ordacc@10=0.259722 | val_recall@10=0.805191
Epoch 001 | Step 620 | lr=1.000000e-03 | loss=0.246131
Epoch 001 | Batch 630 | val_kld=0.241686 | val_ordacc@10=0.256476 | val_recall@10=0.798648
Epoch 001 | Step 630 | lr=1.000000e-03 | loss=0.243861
Epoch 001 | Batch 640 | val_kld=0.235058 | val_ordacc@10=0.255341 | val_recall@10=0.793009
Epoch 001 | Step 640 | lr=1.000000e-03 | loss=0.266849
Epoch 001 | Batch 650 | val_kld=0.236937 | val_ordacc@10=0.258315 | val_recall@10=0.796448
Epoch 001 | Step 650 | lr=1.000000e-03 | loss=0.253640
Epoch 001 | Batch 660 | val_kld=0.231713 | val_ordacc@10=0.257567 | val_recall@10=0.794886
Epoch 001 | Step 660 | lr=1.000000e-03 | loss=0.250810
Epoch 001 | Batch 670 | val_kld=0.235074 | val_ordacc@10=0.251511 | val_recall@10=0.793984
Epoch 001 | Step 670 | lr=1.000000e-03 | loss=0.253406
Epoch 001 | Batch 680 | val_kld=0.230068 | val_ordacc@10=0.257090 | val_recall@10=0.796225
Epoch 001 | Step 680 | lr=1.000000e-03 | loss=0.270133
Epoch 001 | Batch 690 | val_kld=0.234828 | val_ordacc@10=0.253494 | val_recall@10=0.800023
Epoch 001 | Step 690 | lr=1.000000e-03 | loss=0.247070
Epoch 001 | Batch 700 | val_kld=0.227611 | val_ordacc@10=0.256708 | val_recall@10=0.800416
Epoch 001 | Step 700 | lr=1.000000e-03 | loss=0.253908
Epoch 001 | Batch 710 | val_kld=0.226927 | val_ordacc@10=0.260118 | val_recall@10=0.797438
Epoch 001 | Step 710 | lr=1.000000e-03 | loss=0.248891
Epoch 001 | Batch 720 | val_kld=0.220681 | val_ordacc@10=0.259918 | val_recall@10=0.800566
Epoch 001 | Step 720 | lr=1.000000e-03 | loss=0.252690
Epoch 001 | Batch 730 | val_kld=0.219906 | val_ordacc@10=0.261526 | val_recall@10=0.798336
Epoch 001 | Step 730 | lr=1.000000e-03 | loss=0.224545
Epoch 001 | Batch 740 | val_kld=0.224011 | val_ordacc@10=0.260625 | val_recall@10=0.802687
Epoch 001 | Step 740 | lr=1.000000e-03 | loss=0.234677
Epoch 001 | Batch 750 | val_kld=0.221573 | val_ordacc@10=0.260746 | val_recall@10=0.797863
Epoch 001 | Step 750 | lr=1.000000e-03 | loss=0.246552
Epoch 001 | Batch 760 | val_kld=0.220231 | val_ordacc@10=0.261723 | val_recall@10=0.803637
Epoch 001 | Step 760 | lr=1.000000e-03 | loss=0.228315
Epoch 001 | Batch 770 | val_kld=0.231175 | val_ordacc@10=0.255527 | val_recall@10=0.793580
Epoch 001 | Step 770 | lr=1.000000e-03 | loss=0.252685
Epoch 001 | Batch 780 | val_kld=0.229483 | val_ordacc@10=0.258350 | val_recall@10=0.798104
Epoch 001 | Step 780 | lr=1.000000e-03 | loss=0.247742
Epoch 001 | Batch 790 | val_kld=0.216432 | val_ordacc@10=0.264778 | val_recall@10=0.795722
Epoch 001 | Step 790 | lr=1.000000e-03 | loss=0.243192
Epoch 001 | Batch 800 | val_kld=0.214525 | val_ordacc@10=0.264153 | val_recall@10=0.801240
Epoch 001 | Step 800 | lr=1.000000e-03 | loss=0.233724
Epoch 001 | Batch 810 | val_kld=0.216929 | val_ordacc@10=0.264593 | val_recall@10=0.798464
Epoch 001 | Step 810 | lr=1.000000e-03 | loss=0.242162
Epoch 001 | Batch 820 | val_kld=0.217631 | val_ordacc@10=0.264893 | val_recall@10=0.804003
Epoch 001 | Step 820 | lr=1.000000e-03 | loss=0.236400
Epoch 001 | Batch 830 | val_kld=0.211845 | val_ordacc@10=0.261154 | val_recall@10=0.805463
Epoch 001 | Step 830 | lr=1.000000e-03 | loss=0.221341
Epoch 001 | Batch 840 | val_kld=0.209793 | val_ordacc@10=0.264242 | val_recall@10=0.803303
Epoch 001 | Step 840 | lr=1.000000e-03 | loss=0.240346
Epoch 001 | Batch 850 | val_kld=0.210936 | val_ordacc@10=0.267744 | val_recall@10=0.802771
Epoch 001 | Step 850 | lr=1.000000e-03 | loss=0.209312
Epoch 001 | Batch 860 | val_kld=0.211577 | val_ordacc@10=0.267370 | val_recall@10=0.802263
Epoch 001 | Step 860 | lr=1.000000e-03 | loss=0.223324
Epoch 001 | Batch 870 | val_kld=0.215710 | val_ordacc@10=0.266134 | val_recall@10=0.799091
Epoch 001 | Step 870 | lr=1.000000e-03 | loss=0.239037
Epoch 001 | Batch 880 | val_kld=0.214643 | val_ordacc@10=0.264665 | val_recall@10=0.797097
Epoch 001 | Step 880 | lr=1.000000e-03 | loss=0.210433
Epoch 001 | Batch 890 | val_kld=0.205837 | val_ordacc@10=0.267030 | val_recall@10=0.807803
Epoch 001 | Step 890 | lr=1.000000e-03 | loss=0.225369
Epoch 001 | Batch 900 | val_kld=0.216175 | val_ordacc@10=0.256471 | val_recall@10=0.810602
Epoch 001 | Step 900 | lr=1.000000e-03 | loss=0.257031
Epoch 001 | Batch 910 | val_kld=0.209420 | val_ordacc@10=0.267121 | val_recall@10=0.808673
Epoch 001 | Step 910 | lr=1.000000e-03 | loss=0.224387
Epoch 001 | Batch 920 | val_kld=0.205250 | val_ordacc@10=0.266850 | val_recall@10=0.807482
Epoch 001 | Step 920 | lr=1.000000e-03 | loss=0.226480
Epoch 001 | Batch 930 | val_kld=0.202438 | val_ordacc@10=0.270185 | val_recall@10=0.804655
Epoch 001 | Step 930 | lr=1.000000e-03 | loss=0.229350
Epoch 001 | Batch 940 | val_kld=0.202464 | val_ordacc@10=0.271297 | val_recall@10=0.806540
Epoch 001 | Step 940 | lr=1.000000e-03 | loss=0.224283
Epoch 001 | Batch 950 | val_kld=0.202496 | val_ordacc@10=0.270068 | val_recall@10=0.804477
Epoch 001 | Step 950 | lr=1.000000e-03 | loss=0.222560
Epoch 001 | Batch 960 | val_kld=0.206007 | val_ordacc@10=0.267842 | val_recall@10=0.801584
Epoch 001 | Step 960 | lr=1.000000e-03 | loss=0.235264
Epoch 001 | Batch 970 | val_kld=0.206104 | val_ordacc@10=0.266668 | val_recall@10=0.806703
Epoch 001 | Step 970 | lr=1.000000e-03 | loss=0.226111
Epoch 001 | Batch 980 | val_kld=0.196337 | val_ordacc@10=0.274864 | val_recall@10=0.808332
Epoch 001 | Step 980 | lr=1.000000e-03 | loss=0.216185
Epoch 001 | Batch 990 | val_kld=0.203424 | val_ordacc@10=0.267480 | val_recall@10=0.801260
Epoch 001 | Step 990 | lr=1.000000e-03 | loss=0.226598
Epoch 001 | Batch 1000 | val_kld=0.199087 | val_ordacc@10=0.270699 | val_recall@10=0.800964
Epoch 001 | Step 1000 | lr=1.000000e-03 | loss=0.216561
Epoch 001 | Batch 1010 | val_kld=0.205652 | val_ordacc@10=0.264006 | val_recall@10=0.800634
Epoch 001 | Step 1010 | lr=1.000000e-03 | loss=0.221215
Epoch 001 | Batch 1020 | val_kld=0.200390 | val_ordacc@10=0.268807 | val_recall@10=0.803325
Epoch 001 | Step 1020 | lr=1.000000e-03 | loss=0.217333
Epoch 001 | Batch 1030 | val_kld=0.200882 | val_ordacc@10=0.269907 | val_recall@10=0.807958
Epoch 001 | Step 1030 | lr=1.000000e-03 | loss=0.213667
Epoch 001 | Batch 1040 | val_kld=0.206782 | val_ordacc@10=0.270214 | val_recall@10=0.807194
Epoch 001 | Step 1040 | lr=1.000000e-03 | loss=0.213411
Epoch 001 | Batch 1050 | val_kld=0.202451 | val_ordacc@10=0.264945 | val_recall@10=0.815296
Epoch 001 | Step 1050 | lr=1.000000e-03 | loss=0.198121
Epoch 001 | Batch 1060 | val_kld=0.195322 | val_ordacc@10=0.268071 | val_recall@10=0.808009
Epoch 001 | Step 1060 | lr=1.000000e-03 | loss=0.214498
Epoch 001 | Batch 1070 | val_kld=0.193380 | val_ordacc@10=0.278799 | val_recall@10=0.809984
Epoch 001 | Step 1070 | lr=1.000000e-03 | loss=0.226272
Epoch 001 | Batch 1080 | val_kld=0.193666 | val_ordacc@10=0.275708 | val_recall@10=0.809972
Epoch 001 | Step 1080 | lr=1.000000e-03 | loss=0.214235
Epoch 001 | Batch 1090 | val_kld=0.195767 | val_ordacc@10=0.273110 | val_recall@10=0.810054
Epoch 001 | Step 1090 | lr=1.000000e-03 | loss=0.209178
Epoch 001 | Batch 1100 | val_kld=0.194862 | val_ordacc@10=0.276319 | val_recall@10=0.809350
Epoch 001 | Step 1100 | lr=1.000000e-03 | loss=0.216655
Epoch 001 | Batch 1110 | val_kld=0.195104 | val_ordacc@10=0.268497 | val_recall@10=0.804375
Epoch 001 | Step 1110 | lr=1.000000e-03 | loss=0.219587
Epoch 001 | Batch 1120 | val_kld=0.192995 | val_ordacc@10=0.272532 | val_recall@10=0.810690
Epoch 001 | Step 1120 | lr=1.000000e-03 | loss=0.219401
Epoch 001 | Batch 1130 | val_kld=0.198153 | val_ordacc@10=0.268486 | val_recall@10=0.805037
Epoch 001 | Step 1130 | lr=1.000000e-03 | loss=0.218090
Epoch 001 | Batch 1140 | val_kld=0.196411 | val_ordacc@10=0.273035 | val_recall@10=0.811893
Epoch 001 | Step 1140 | lr=1.000000e-03 | loss=0.215654
Epoch 001 | Batch 1150 | val_kld=0.198073 | val_ordacc@10=0.269696 | val_recall@10=0.811263
Epoch 001 | Step 1150 | lr=1.000000e-03 | loss=0.215823
Epoch 001 | Batch 1160 | val_kld=0.188988 | val_ordacc@10=0.278409 | val_recall@10=0.813518
Epoch 001 | Step 1160 | lr=1.000000e-03 | loss=0.214091
Epoch 001 | Batch 1170 | val_kld=0.190957 | val_ordacc@10=0.277372 | val_recall@10=0.810939
Epoch 001 | Step 1170 | lr=1.000000e-03 | loss=0.194296
Epoch 001 | Batch 1180 | val_kld=0.191983 | val_ordacc@10=0.271438 | val_recall@10=0.807649
Epoch 001 | Step 1180 | lr=1.000000e-03 | loss=0.210192
Epoch 001 | Batch 1190 | val_kld=0.191667 | val_ordacc@10=0.272278 | val_recall@10=0.805022
Epoch 001 | Step 1190 | lr=1.000000e-03 | loss=0.205712
Epoch 001 | Batch 1200 | val_kld=0.188489 | val_ordacc@10=0.279909 | val_recall@10=0.809221
Epoch 001 | Step 1200 | lr=1.000000e-03 | loss=0.215774
Epoch 001 | Batch 1210 | val_kld=0.189939 | val_ordacc@10=0.271689 | val_recall@10=0.813139
Epoch 001 | Step 1210 | lr=1.000000e-03 | loss=0.191626
Epoch 001 | Batch 1220 | val_kld=0.189447 | val_ordacc@10=0.277670 | val_recall@10=0.808043
Epoch 001 | Step 1220 | lr=1.000000e-03 | loss=0.202680
Epoch 001 | Batch 1230 | val_kld=0.189409 | val_ordacc@10=0.277198 | val_recall@10=0.813410
Epoch 001 | Step 1230 | lr=1.000000e-03 | loss=0.203166
Epoch 001 | Batch 1240 | val_kld=0.188453 | val_ordacc@10=0.276589 | val_recall@10=0.816510
Epoch 001 | Step 1240 | lr=1.000000e-03 | loss=0.192739
Epoch 001 | Batch 1250 | val_kld=0.188982 | val_ordacc@10=0.277965 | val_recall@10=0.814914
Epoch 001 | Step 1250 | lr=1.000000e-03 | loss=0.205952
Epoch 001 | Batch 1260 | val_kld=0.187808 | val_ordacc@10=0.277997 | val_recall@10=0.815460
Epoch 001 | Step 1260 | lr=1.000000e-03 | loss=0.210786
Epoch 001 | Batch 1270 | val_kld=0.191006 | val_ordacc@10=0.275600 | val_recall@10=0.813983
Epoch 001 | Step 1270 | lr=1.000000e-03 | loss=0.219808
Epoch 001 | Batch 1280 | val_kld=0.191154 | val_ordacc@10=0.272969 | val_recall@10=0.809558
Epoch 001 | Step 1280 | lr=1.000000e-03 | loss=0.208040
Epoch 001 | Batch 1290 | val_kld=0.189107 | val_ordacc@10=0.276378 | val_recall@10=0.809391
Epoch 001 | Step 1290 | lr=1.000000e-03 | loss=0.193486
Epoch 001 | Batch 1300 | val_kld=0.184971 | val_ordacc@10=0.277891 | val_recall@10=0.812744
Epoch 001 | Step 1300 | lr=1.000000e-03 | loss=0.208134
Epoch 001 | Batch 1310 | val_kld=0.185441 | val_ordacc@10=0.280306 | val_recall@10=0.812281
Epoch 001 | Step 1310 | lr=1.000000e-03 | loss=0.200246
Epoch 001 | Batch 1320 | val_kld=0.187462 | val_ordacc@10=0.280080 | val_recall@10=0.812227
Epoch 001 | Step 1320 | lr=1.000000e-03 | loss=0.190611
Epoch 001 | Batch 1330 | val_kld=0.185134 | val_ordacc@10=0.280098 | val_recall@10=0.813948
Epoch 001 | Step 1330 | lr=1.000000e-03 | loss=0.208178
Epoch 001 | Batch 1340 | val_kld=0.185703 | val_ordacc@10=0.281506 | val_recall@10=0.814126
Epoch 001 | Step 1340 | lr=1.000000e-03 | loss=0.203282
Epoch 001 | Batch 1350 | val_kld=0.182665 | val_ordacc@10=0.280285 | val_recall@10=0.813303
Epoch 001 | Step 1350 | lr=1.000000e-03 | loss=0.214006
Epoch 001 | Batch 1360 | val_kld=0.190737 | val_ordacc@10=0.275614 | val_recall@10=0.811048
Epoch 001 | Step 1360 | lr=1.000000e-03 | loss=0.215239
Epoch 001 | Batch 1370 | val_kld=0.186549 | val_ordacc@10=0.278243 | val_recall@10=0.813440
Epoch 001 | Step 1370 | lr=1.000000e-03 | loss=0.188454
Epoch 001 | Batch 1380 | val_kld=0.183487 | val_ordacc@10=0.282337 | val_recall@10=0.813844
Epoch 001 | Step 1380 | lr=1.000000e-03 | loss=0.211469
Epoch 001 | Batch 1390 | val_kld=0.187366 | val_ordacc@10=0.275658 | val_recall@10=0.810341
Epoch 001 | Step 1390 | lr=1.000000e-03 | loss=0.202564
Epoch 001 | Batch 1400 | val_kld=0.190274 | val_ordacc@10=0.275322 | val_recall@10=0.805566
Epoch 001 | Step 1400 | lr=1.000000e-03 | loss=0.194424
Epoch 001 | Batch 1410 | val_kld=0.183489 | val_ordacc@10=0.278479 | val_recall@10=0.814463
Epoch 001 | Step 1410 | lr=1.000000e-03 | loss=0.199047
Epoch 001 | Batch 1420 | val_kld=0.184260 | val_ordacc@10=0.279377 | val_recall@10=0.815934
Epoch 001 | Step 1420 | lr=1.000000e-03 | loss=0.186002
Epoch 001 | Batch 1430 | val_kld=0.183801 | val_ordacc@10=0.278142 | val_recall@10=0.815231
Epoch 001 | Step 1430 | lr=1.000000e-03 | loss=0.210484
Epoch 001 | Batch 1440 | val_kld=0.183059 | val_ordacc@10=0.281403 | val_recall@10=0.812533
Epoch 001 | Step 1440 | lr=1.000000e-03 | loss=0.202844
Epoch 001 | Batch 1450 | val_kld=0.180742 | val_ordacc@10=0.281999 | val_recall@10=0.812718
Epoch 001 | Step 1450 | lr=1.000000e-03 | loss=0.203642
Epoch 001 | Batch 1460 | val_kld=0.182698 | val_ordacc@10=0.278760 | val_recall@10=0.813534
Epoch 001 | Step 1460 | lr=1.000000e-03 | loss=0.188098
Epoch 001 | Batch 1470 | val_kld=0.185312 | val_ordacc@10=0.277060 | val_recall@10=0.817811
Epoch 001 | Step 1470 | lr=1.000000e-03 | loss=0.205704
Epoch 001 | Batch 1480 | val_kld=0.180464 | val_ordacc@10=0.285028 | val_recall@10=0.814712
Epoch 001 | Step 1480 | lr=1.000000e-03 | loss=0.200989
Epoch 001 | Batch 1490 | val_kld=0.180120 | val_ordacc@10=0.285560 | val_recall@10=0.814752
Epoch 001 | Step 1490 | lr=1.000000e-03 | loss=0.198968
Epoch 001 | Batch 1500 | val_kld=0.180728 | val_ordacc@10=0.284128 | val_recall@10=0.812520
Epoch 001 | Step 1500 | lr=1.000000e-03 | loss=0.201089
Epoch 001 | Batch 1510 | val_kld=0.188003 | val_ordacc@10=0.276928 | val_recall@10=0.808644
Epoch 001 | Step 1510 | lr=1.000000e-03 | loss=0.202857
Epoch 001 | Batch 1520 | val_kld=0.181097 | val_ordacc@10=0.280031 | val_recall@10=0.817521
Epoch 001 | Step 1520 | lr=1.000000e-03 | loss=0.196001
Epoch 001 | Batch 1530 | val_kld=0.177928 | val_ordacc@10=0.285924 | val_recall@10=0.812346
Epoch 001 | Step 1530 | lr=1.000000e-03 | loss=0.187941
Epoch 001 | Batch 1540 | val_kld=0.180323 | val_ordacc@10=0.281801 | val_recall@10=0.812507
Epoch 001 | Step 1540 | lr=1.000000e-03 | loss=0.189740
Epoch 001 | Batch 1550 | val_kld=0.183326 | val_ordacc@10=0.278794 | val_recall@10=0.816527
Epoch 001 | Step 1550 | lr=1.000000e-03 | loss=0.198261
Epoch 001 | Batch 1560 | val_kld=0.183558 | val_ordacc@10=0.279822 | val_recall@10=0.818847
Epoch 001 | Step 1560 | lr=1.000000e-03 | loss=0.178976
Epoch 001 | Batch 1570 | val_kld=0.183444 | val_ordacc@10=0.280262 | val_recall@10=0.817215
Epoch 001 | Step 1570 | lr=1.000000e-03 | loss=0.195184
Epoch 001 | Batch 1580 | val_kld=0.180971 | val_ordacc@10=0.279593 | val_recall@10=0.815865
Epoch 001 | Step 1580 | lr=1.000000e-03 | loss=0.198429
Epoch 001 | Batch 1590 | val_kld=0.179293 | val_ordacc@10=0.286338 | val_recall@10=0.814313
Epoch 001 | Step 1590 | lr=1.000000e-03 | loss=0.190899
Epoch 001 | Batch 1600 | val_kld=0.180920 | val_ordacc@10=0.280966 | val_recall@10=0.814825
Epoch 001 | Step 1600 | lr=1.000000e-03 | loss=0.197108
Epoch 001 | Batch 1610 | val_kld=0.177799 | val_ordacc@10=0.285762 | val_recall@10=0.817963
Epoch 001 | Step 1610 | lr=1.000000e-03 | loss=0.196203
Epoch 001 | Batch 1620 | val_kld=0.178107 | val_ordacc@10=0.287700 | val_recall@10=0.813367
Epoch 001 | Step 1620 | lr=1.000000e-03 | loss=0.198381
Epoch 001 | Batch 1630 | val_kld=0.176572 | val_ordacc@10=0.286427 | val_recall@10=0.817044
Epoch 001 | Step 1630 | lr=1.000000e-03 | loss=0.184527
Epoch 001 | Batch 1640 | val_kld=0.176747 | val_ordacc@10=0.286787 | val_recall@10=0.817577
Epoch 001 | Step 1640 | lr=1.000000e-03 | loss=0.201528
Epoch 001 | Batch 1650 | val_kld=0.180211 | val_ordacc@10=0.279200 | val_recall@10=0.812717
Epoch 001 | Step 1650 | lr=1.000000e-03 | loss=0.197434
Epoch 001 | Batch 1660 | val_kld=0.186614 | val_ordacc@10=0.275628 | val_recall@10=0.806036
Epoch 001 | Step 1660 | lr=1.000000e-03 | loss=0.186147
Epoch 001 | Batch 1670 | val_kld=0.182998 | val_ordacc@10=0.276114 | val_recall@10=0.809567
Epoch 001 | Step 1670 | lr=1.000000e-03 | loss=0.191507
Epoch 001 | Batch 1680 | val_kld=0.180015 | val_ordacc@10=0.288373 | val_recall@10=0.814351
Epoch 001 | Step 1680 | lr=1.000000e-03 | loss=0.179128
Epoch 001 | Batch 1690 | val_kld=0.181331 | val_ordacc@10=0.282955 | val_recall@10=0.809268
Epoch 001 | Step 1690 | lr=1.000000e-03 | loss=0.214169
Epoch 001 | Batch 1700 | val_kld=0.188298 | val_ordacc@10=0.270242 | val_recall@10=0.803617
Epoch 001 | Step 1700 | lr=1.000000e-03 | loss=0.197016
Epoch 001 | Batch 1710 | val_kld=0.178174 | val_ordacc@10=0.282436 | val_recall@10=0.811042
Epoch 001 | Step 1710 | lr=1.000000e-03 | loss=0.189157
Epoch 001 | Batch 1720 | val_kld=0.179707 | val_ordacc@10=0.282137 | val_recall@10=0.812911
Epoch 001 | Step 1720 | lr=1.000000e-03 | loss=0.192959
Epoch 001 | Batch 1730 | val_kld=0.177145 | val_ordacc@10=0.284992 | val_recall@10=0.815504
Epoch 001 | Step 1730 | lr=1.000000e-03 | loss=0.201650
Epoch 001 | Batch 1740 | val_kld=0.181493 | val_ordacc@10=0.278435 | val_recall@10=0.813496
Epoch 001 | Step 1740 | lr=1.000000e-03 | loss=0.177104
Epoch 001 | Batch 1750 | val_kld=0.179086 | val_ordacc@10=0.280022 | val_recall@10=0.813663
Epoch 001 | Step 1750 | lr=1.000000e-03 | loss=0.186182
Epoch 001 | Batch 1760 | val_kld=0.176855 | val_ordacc@10=0.283233 | val_recall@10=0.817462
Epoch 001 | Step 1760 | lr=1.000000e-03 | loss=0.197817
Epoch 001 | Batch 1770 | val_kld=0.180675 | val_ordacc@10=0.278194 | val_recall@10=0.814833
Epoch 001 | Step 1770 | lr=1.000000e-03 | loss=0.207448
Epoch 001 | Batch 1780 | val_kld=0.179779 | val_ordacc@10=0.275299 | val_recall@10=0.819368
Epoch 001 | Step 1780 | lr=1.000000e-03 | loss=0.195274
Epoch 001 | Batch 1790 | val_kld=0.177638 | val_ordacc@10=0.282798 | val_recall@10=0.814774
Epoch 001 | Step 1790 | lr=1.000000e-03 | loss=0.196540
Epoch 001 | Batch 1800 | val_kld=0.179055 | val_ordacc@10=0.278953 | val_recall@10=0.813552
Epoch 001 | Step 1800 | lr=1.000000e-03 | loss=0.193248
Epoch 001 | Batch 1810 | val_kld=0.177680 | val_ordacc@10=0.281890 | val_recall@10=0.812931
Epoch 001 | Step 1810 | lr=1.000000e-03 | loss=0.183176
Epoch 001 | Batch 1820 | val_kld=0.179500 | val_ordacc@10=0.280512 | val_recall@10=0.814048
Epoch 001 | Step 1820 | lr=1.000000e-03 | loss=0.197918
Epoch 001 | Batch 1830 | val_kld=0.176397 | val_ordacc@10=0.282413 | val_recall@10=0.815670
Epoch 001 | Step 1830 | lr=1.000000e-03 | loss=0.188410
Epoch 001 | Batch 1840 | val_kld=0.175396 | val_ordacc@10=0.282304 | val_recall@10=0.814815
Epoch 001 | Step 1840 | lr=1.000000e-03 | loss=0.193156
Epoch 001 | Batch 1850 | val_kld=0.177528 | val_ordacc@10=0.282470 | val_recall@10=0.818172
Epoch 001 | Step 1850 | lr=1.000000e-03 | loss=0.188572
Epoch 001 | Batch 1860 | val_kld=0.177366 | val_ordacc@10=0.285842 | val_recall@10=0.818855
Epoch 001 | Step 1860 | lr=1.000000e-03 | loss=0.179829
Epoch 001 | Batch 1870 | val_kld=0.177802 | val_ordacc@10=0.282356 | val_recall@10=0.816389
Epoch 001 | Step 1870 | lr=1.000000e-03 | loss=0.187993
Epoch 001 | Batch 1880 | val_kld=0.173745 | val_ordacc@10=0.285389 | val_recall@10=0.813980
Epoch 001 | Step 1880 | lr=1.000000e-03 | loss=0.185349
Epoch 001 | Batch 1890 | val_kld=0.176757 | val_ordacc@10=0.282804 | val_recall@10=0.812479
Epoch 001 | Step 1890 | lr=1.000000e-03 | loss=0.196056
Epoch 001 | Batch 1900 | val_kld=0.175684 | val_ordacc@10=0.283833 | val_recall@10=0.817663
Epoch 001 | Step 1900 | lr=1.000000e-03 | loss=0.182615
Epoch 001 | Batch 1910 | val_kld=0.173632 | val_ordacc@10=0.286886 | val_recall@10=0.819637
Epoch 001 | Step 1910 | lr=1.000000e-03 | loss=0.186381
Epoch 001 | Batch 1920 | val_kld=0.171405 | val_ordacc@10=0.286398 | val_recall@10=0.819665
Epoch 001 | Step 1920 | lr=1.000000e-03 | loss=0.196782
Epoch 001 | Batch 1930 | val_kld=0.173669 | val_ordacc@10=0.288095 | val_recall@10=0.818523
Epoch 001 | Step 1930 | lr=1.000000e-03 | loss=0.179834
epoch 001 | train_kld=0.322797 | val_kld=0.175268 | val_mae=0.003135 | val_mse=0.000131 | ord_acc@10=0.2816 | recall@10=0.8196
Epoch 002 | Step 10 | lr=9.755283e-04 | loss=0.192730
Epoch 002 | Step 20 | lr=9.755283e-04 | loss=0.192349
Epoch 002 | Step 30 | lr=9.755283e-04 | loss=0.183882
Epoch 002 | Step 40 | lr=9.755283e-04 | loss=0.193865
Epoch 002 | Step 50 | lr=9.755283e-04 | loss=0.176277
Epoch 002 | Step 60 | lr=9.755283e-04 | loss=0.184889
Epoch 002 | Step 70 | lr=9.755283e-04 | loss=0.182737
Epoch 002 | Step 80 | lr=9.755283e-04 | loss=0.184414
Epoch 002 | Step 90 | lr=9.755283e-04 | loss=0.175946
Epoch 002 | Step 100 | lr=9.755283e-04 | loss=0.195171
Epoch 002 | Step 110 | lr=9.755283e-04 | loss=0.187787
Epoch 002 | Step 120 | lr=9.755283e-04 | loss=0.170587
Epoch 002 | Step 130 | lr=9.755283e-04 | loss=0.175425
Epoch 002 | Step 140 | lr=9.755283e-04 | loss=0.198438
Epoch 002 | Step 150 | lr=9.755283e-04 | loss=0.175089
Epoch 002 | Step 160 | lr=9.755283e-04 | loss=0.182228
Epoch 002 | Step 170 | lr=9.755283e-04 | loss=0.182105
Epoch 002 | Step 180 | lr=9.755283e-04 | loss=0.189467
Epoch 002 | Step 190 | lr=9.755283e-04 | loss=0.183755
Epoch 002 | Step 200 | lr=9.755283e-04 | loss=0.191167
Epoch 002 | Step 210 | lr=9.755283e-04 | loss=0.186856
Epoch 002 | Step 220 | lr=9.755283e-04 | loss=0.187268
Epoch 002 | Step 230 | lr=9.755283e-04 | loss=0.184900
Epoch 002 | Step 240 | lr=9.755283e-04 | loss=0.186415
Epoch 002 | Step 250 | lr=9.755283e-04 | loss=0.194581
Epoch 002 | Step 260 | lr=9.755283e-04 | loss=0.187805
Epoch 002 | Step 270 | lr=9.755283e-04 | loss=0.206499
Epoch 002 | Step 280 | lr=9.755283e-04 | loss=0.178660
Epoch 002 | Step 290 | lr=9.755283e-04 | loss=0.188582
Epoch 002 | Step 300 | lr=9.755283e-04 | loss=0.196835
Epoch 002 | Step 310 | lr=9.755283e-04 | loss=0.181929
Epoch 002 | Step 320 | lr=9.755283e-04 | loss=0.175415
Epoch 002 | Step 330 | lr=9.755283e-04 | loss=0.181698
Epoch 002 | Step 340 | lr=9.755283e-04 | loss=0.188355
Epoch 002 | Step 350 | lr=9.755283e-04 | loss=0.178381
Epoch 002 | Step 360 | lr=9.755283e-04 | loss=0.193765
Epoch 002 | Step 370 | lr=9.755283e-04 | loss=0.188103
Epoch 002 | Step 380 | lr=9.755283e-04 | loss=0.190666
Epoch 002 | Step 390 | lr=9.755283e-04 | loss=0.186464
Epoch 002 | Step 400 | lr=9.755283e-04 | loss=0.193957
Epoch 002 | Step 410 | lr=9.755283e-04 | loss=0.195439
Epoch 002 | Step 420 | lr=9.755283e-04 | loss=0.177717
Epoch 002 | Step 430 | lr=9.755283e-04 | loss=0.188794
Epoch 002 | Step 440 | lr=9.755283e-04 | loss=0.180431
Epoch 002 | Step 450 | lr=9.755283e-04 | loss=0.175040
Epoch 002 | Step 460 | lr=9.755283e-04 | loss=0.188632
Epoch 002 | Step 470 | lr=9.755283e-04 | loss=0.193199
Epoch 002 | Step 480 | lr=9.755283e-04 | loss=0.185613
Epoch 002 | Step 490 | lr=9.755283e-04 | loss=0.187405
Epoch 002 | Step 500 | lr=9.755283e-04 | loss=0.181251
Epoch 002 | Step 510 | lr=9.755283e-04 | loss=0.173358
Epoch 002 | Step 520 | lr=9.755283e-04 | loss=0.179072
Epoch 002 | Step 530 | lr=9.755283e-04 | loss=0.179341
Epoch 002 | Step 540 | lr=9.755283e-04 | loss=0.175099
Epoch 002 | Step 550 | lr=9.755283e-04 | loss=0.184446
Epoch 002 | Step 560 | lr=9.755283e-04 | loss=0.194168
Epoch 002 | Step 570 | lr=9.755283e-04 | loss=0.182829
Epoch 002 | Step 580 | lr=9.755283e-04 | loss=0.184253
Epoch 002 | Step 590 | lr=9.755283e-04 | loss=0.170449
Epoch 002 | Step 600 | lr=9.755283e-04 | loss=0.185486
Epoch 002 | Step 610 | lr=9.755283e-04 | loss=0.188646
Epoch 002 | Step 620 | lr=9.755283e-04 | loss=0.180806
Epoch 002 | Step 630 | lr=9.755283e-04 | loss=0.178252
Epoch 002 | Step 640 | lr=9.755283e-04 | loss=0.185955
Epoch 002 | Step 650 | lr=9.755283e-04 | loss=0.193332
Epoch 002 | Step 660 | lr=9.755283e-04 | loss=0.186583
Epoch 002 | Step 670 | lr=9.755283e-04 | loss=0.182041
Epoch 002 | Step 680 | lr=9.755283e-04 | loss=0.173147
Epoch 002 | Step 690 | lr=9.755283e-04 | loss=0.179061
Epoch 002 | Step 700 | lr=9.755283e-04 | loss=0.176877
Epoch 002 | Step 710 | lr=9.755283e-04 | loss=0.179009
Epoch 002 | Step 720 | lr=9.755283e-04 | loss=0.183164
Epoch 002 | Step 730 | lr=9.755283e-04 | loss=0.163946
Epoch 002 | Step 740 | lr=9.755283e-04 | loss=0.172873
Epoch 002 | Step 750 | lr=9.755283e-04 | loss=0.171597
Epoch 002 | Step 760 | lr=9.755283e-04 | loss=0.187060
Epoch 002 | Step 770 | lr=9.755283e-04 | loss=0.185227
Epoch 002 | Step 780 | lr=9.755283e-04 | loss=0.180603
Epoch 002 | Step 790 | lr=9.755283e-04 | loss=0.176333
Epoch 002 | Step 800 | lr=9.755283e-04 | loss=0.171794
Epoch 002 | Step 810 | lr=9.755283e-04 | loss=0.171856
Epoch 002 | Step 820 | lr=9.755283e-04 | loss=0.173530
Epoch 002 | Step 830 | lr=9.755283e-04 | loss=0.186019
Epoch 002 | Step 840 | lr=9.755283e-04 | loss=0.168864
Epoch 002 | Step 850 | lr=9.755283e-04 | loss=0.175593
Epoch 002 | Step 860 | lr=9.755283e-04 | loss=0.165446
Epoch 002 | Step 870 | lr=9.755283e-04 | loss=0.165149
Epoch 002 | Step 880 | lr=9.755283e-04 | loss=0.193139
Epoch 002 | Step 890 | lr=9.755283e-04 | loss=0.192571
Epoch 002 | Step 900 | lr=9.755283e-04 | loss=0.173382
Epoch 002 | Step 910 | lr=9.755283e-04 | loss=0.183415
Epoch 002 | Step 920 | lr=9.755283e-04 | loss=0.170275
Epoch 002 | Step 930 | lr=9.755283e-04 | loss=0.182875
Epoch 002 | Step 940 | lr=9.755283e-04 | loss=0.177403
Epoch 002 | Step 950 | lr=9.755283e-04 | loss=0.180424
Epoch 002 | Step 960 | lr=9.755283e-04 | loss=0.172345
Epoch 002 | Step 970 | lr=9.755283e-04 | loss=0.174240
Epoch 002 | Step 980 | lr=9.755283e-04 | loss=0.175897
Epoch 002 | Step 990 | lr=9.755283e-04 | loss=0.167029
Epoch 002 | Step 1000 | lr=9.755283e-04 | loss=0.189376
Epoch 002 | Step 1010 | lr=9.755283e-04 | loss=0.173134
Epoch 002 | Step 1020 | lr=9.755283e-04 | loss=0.200619
Epoch 002 | Step 1030 | lr=9.755283e-04 | loss=0.173025
Epoch 002 | Step 1040 | lr=9.755283e-04 | loss=0.183685
Epoch 002 | Step 1050 | lr=9.755283e-04 | loss=0.185503
Epoch 002 | Step 1060 | lr=9.755283e-04 | loss=0.179909
Epoch 002 | Step 1070 | lr=9.755283e-04 | loss=0.175376
Epoch 002 | Step 1080 | lr=9.755283e-04 | loss=0.182968
Epoch 002 | Step 1090 | lr=9.755283e-04 | loss=0.175602
Epoch 002 | Step 1100 | lr=9.755283e-04 | loss=0.187706
Epoch 002 | Step 1110 | lr=9.755283e-04 | loss=0.183260
Epoch 002 | Step 1120 | lr=9.755283e-04 | loss=0.179811
Epoch 002 | Step 1130 | lr=9.755283e-04 | loss=0.176693
Epoch 002 | Step 1140 | lr=9.755283e-04 | loss=0.173887
Epoch 002 | Step 1150 | lr=9.755283e-04 | loss=0.179199
Epoch 002 | Step 1160 | lr=9.755283e-04 | loss=0.176712
Epoch 002 | Step 1170 | lr=9.755283e-04 | loss=0.168249
Epoch 002 | Step 1180 | lr=9.755283e-04 | loss=0.180233
Epoch 002 | Step 1190 | lr=9.755283e-04 | loss=0.168295
Epoch 002 | Step 1200 | lr=9.755283e-04 | loss=0.172644
Epoch 002 | Step 1210 | lr=9.755283e-04 | loss=0.172556
Epoch 002 | Step 1220 | lr=9.755283e-04 | loss=0.171021
Epoch 002 | Step 1230 | lr=9.755283e-04 | loss=0.185730
Epoch 002 | Step 1240 | lr=9.755283e-04 | loss=0.170073
Epoch 002 | Step 1250 | lr=9.755283e-04 | loss=0.176567
Epoch 002 | Step 1260 | lr=9.755283e-04 | loss=0.173517
Epoch 002 | Step 1270 | lr=9.755283e-04 | loss=0.177159
Epoch 002 | Step 1280 | lr=9.755283e-04 | loss=0.161163
Epoch 002 | Step 1290 | lr=9.755283e-04 | loss=0.174493
Epoch 002 | Step 1300 | lr=9.755283e-04 | loss=0.174796
Epoch 002 | Step 1310 | lr=9.755283e-04 | loss=0.171847
Epoch 002 | Step 1320 | lr=9.755283e-04 | loss=0.162901
Epoch 002 | Step 1330 | lr=9.755283e-04 | loss=0.166883
Epoch 002 | Step 1340 | lr=9.755283e-04 | loss=0.173517
Epoch 002 | Step 1350 | lr=9.755283e-04 | loss=0.175932
Epoch 002 | Step 1360 | lr=9.755283e-04 | loss=0.173202
Epoch 002 | Step 1370 | lr=9.755283e-04 | loss=0.178636
Epoch 002 | Step 1380 | lr=9.755283e-04 | loss=0.184392
Epoch 002 | Step 1390 | lr=9.755283e-04 | loss=0.171458
Epoch 002 | Step 1400 | lr=9.755283e-04 | loss=0.182201
Epoch 002 | Step 1410 | lr=9.755283e-04 | loss=0.163253
Epoch 002 | Step 1420 | lr=9.755283e-04 | loss=0.166339
Epoch 002 | Step 1430 | lr=9.755283e-04 | loss=0.174643
Epoch 002 | Step 1440 | lr=9.755283e-04 | loss=0.173299
Epoch 002 | Step 1450 | lr=9.755283e-04 | loss=0.175580
Epoch 002 | Step 1460 | lr=9.755283e-04 | loss=0.169754
Epoch 002 | Step 1470 | lr=9.755283e-04 | loss=0.167723
Epoch 002 | Step 1480 | lr=9.755283e-04 | loss=0.173848
Epoch 002 | Step 1490 | lr=9.755283e-04 | loss=0.172948
Epoch 002 | Step 1500 | lr=9.755283e-04 | loss=0.171230
Epoch 002 | Step 1510 | lr=9.755283e-04 | loss=0.172287
Epoch 002 | Step 1520 | lr=9.755283e-04 | loss=0.169101
Epoch 002 | Step 1530 | lr=9.755283e-04 | loss=0.176176
Epoch 002 | Step 1540 | lr=9.755283e-04 | loss=0.166761
Epoch 002 | Step 1550 | lr=9.755283e-04 | loss=0.180483
Epoch 002 | Step 1560 | lr=9.755283e-04 | loss=0.178693
Epoch 002 | Step 1570 | lr=9.755283e-04 | loss=0.174901
Epoch 002 | Step 1580 | lr=9.755283e-04 | loss=0.164490
Epoch 002 | Step 1590 | lr=9.755283e-04 | loss=0.169383
Epoch 002 | Step 1600 | lr=9.755283e-04 | loss=0.160312
Epoch 002 | Step 1610 | lr=9.755283e-04 | loss=0.171817
Epoch 002 | Step 1620 | lr=9.755283e-04 | loss=0.176893
Epoch 002 | Step 1630 | lr=9.755283e-04 | loss=0.171689
Epoch 002 | Step 1640 | lr=9.755283e-04 | loss=0.169495
Epoch 002 | Step 1650 | lr=9.755283e-04 | loss=0.177021
Epoch 002 | Step 1660 | lr=9.755283e-04 | loss=0.164940
Epoch 002 | Step 1670 | lr=9.755283e-04 | loss=0.161102
Epoch 002 | Step 1680 | lr=9.755283e-04 | loss=0.190736
Epoch 002 | Step 1690 | lr=9.755283e-04 | loss=0.167361
Epoch 002 | Step 1700 | lr=9.755283e-04 | loss=0.167552
Epoch 002 | Step 1710 | lr=9.755283e-04 | loss=0.167045
Epoch 002 | Step 1720 | lr=9.755283e-04 | loss=0.166923
Epoch 002 | Step 1730 | lr=9.755283e-04 | loss=0.171246
Epoch 002 | Step 1740 | lr=9.755283e-04 | loss=0.166466
Epoch 002 | Step 1750 | lr=9.755283e-04 | loss=0.158037
Epoch 002 | Step 1760 | lr=9.755283e-04 | loss=0.172728
Epoch 002 | Step 1770 | lr=9.755283e-04 | loss=0.164309
Epoch 002 | Step 1780 | lr=9.755283e-04 | loss=0.170131
Epoch 002 | Step 1790 | lr=9.755283e-04 | loss=0.169667
Epoch 002 | Step 1800 | lr=9.755283e-04 | loss=0.168853
Epoch 002 | Step 1810 | lr=9.755283e-04 | loss=0.174101
Epoch 002 | Step 1820 | lr=9.755283e-04 | loss=0.175905
Epoch 002 | Step 1830 | lr=9.755283e-04 | loss=0.169819
Epoch 002 | Step 1840 | lr=9.755283e-04 | loss=0.163623
Epoch 002 | Step 1850 | lr=9.755283e-04 | loss=0.171927
Epoch 002 | Step 1860 | lr=9.755283e-04 | loss=0.161484
Epoch 002 | Step 1870 | lr=9.755283e-04 | loss=0.162045
Epoch 002 | Step 1880 | lr=9.755283e-04 | loss=0.169638
Epoch 002 | Step 1890 | lr=9.755283e-04 | loss=0.173186
Epoch 002 | Step 1900 | lr=9.755283e-04 | loss=0.172665
Epoch 002 | Step 1910 | lr=9.755283e-04 | loss=0.166923
Epoch 002 | Step 1920 | lr=9.755283e-04 | loss=0.158609
Epoch 002 | Step 1930 | lr=9.755283e-04 | loss=0.172285
epoch 002 | train_kld=0.177182 | val_kld=0.161372 | val_mae=0.002925 | val_mse=0.000118 | ord_acc@10=0.2934 | recall@10=0.8263
Epoch 003 | Step 10 | lr=9.045085e-04 | loss=0.175133
Epoch 003 | Step 20 | lr=9.045085e-04 | loss=0.168458
Epoch 003 | Step 30 | lr=9.045085e-04 | loss=0.165956
Epoch 003 | Step 40 | lr=9.045085e-04 | loss=0.174967
Epoch 003 | Step 50 | lr=9.045085e-04 | loss=0.174652
Epoch 003 | Step 60 | lr=9.045085e-04 | loss=0.169286
Epoch 003 | Step 70 | lr=9.045085e-04 | loss=0.172360
Epoch 003 | Step 80 | lr=9.045085e-04 | loss=0.167439
Epoch 003 | Step 90 | lr=9.045085e-04 | loss=0.170307
Epoch 003 | Step 100 | lr=9.045085e-04 | loss=0.165878
Epoch 003 | Step 110 | lr=9.045085e-04 | loss=0.168250
Epoch 003 | Step 120 | lr=9.045085e-04 | loss=0.167295
Epoch 003 | Step 130 | lr=9.045085e-04 | loss=0.169908
Epoch 003 | Step 140 | lr=9.045085e-04 | loss=0.169116
Epoch 003 | Step 150 | lr=9.045085e-04 | loss=0.175710
Epoch 003 | Step 160 | lr=9.045085e-04 | loss=0.169734
Epoch 003 | Step 170 | lr=9.045085e-04 | loss=0.165254
Epoch 003 | Step 180 | lr=9.045085e-04 | loss=0.170088
Epoch 003 | Step 190 | lr=9.045085e-04 | loss=0.165265
Epoch 003 | Step 200 | lr=9.045085e-04 | loss=0.155983
Epoch 003 | Step 210 | lr=9.045085e-04 | loss=0.165558
Epoch 003 | Step 220 | lr=9.045085e-04 | loss=0.169251
Epoch 003 | Step 230 | lr=9.045085e-04 | loss=0.172711
Epoch 003 | Step 240 | lr=9.045085e-04 | loss=0.152731
Epoch 003 | Step 250 | lr=9.045085e-04 | loss=0.172649
Epoch 003 | Step 260 | lr=9.045085e-04 | loss=0.166990
Epoch 003 | Step 270 | lr=9.045085e-04 | loss=0.155257
Epoch 003 | Step 280 | lr=9.045085e-04 | loss=0.170322
Epoch 003 | Step 290 | lr=9.045085e-04 | loss=0.172085
Epoch 003 | Step 300 | lr=9.045085e-04 | loss=0.173756
Epoch 003 | Step 310 | lr=9.045085e-04 | loss=0.166132
Epoch 003 | Step 320 | lr=9.045085e-04 | loss=0.179199
Epoch 003 | Step 330 | lr=9.045085e-04 | loss=0.169035
Epoch 003 | Step 340 | lr=9.045085e-04 | loss=0.164279
Epoch 003 | Step 350 | lr=9.045085e-04 | loss=0.164492
Epoch 003 | Step 360 | lr=9.045085e-04 | loss=0.159201
Epoch 003 | Step 370 | lr=9.045085e-04 | loss=0.169084
Epoch 003 | Step 380 | lr=9.045085e-04 | loss=0.154059
Epoch 003 | Step 390 | lr=9.045085e-04 | loss=0.164958
Epoch 003 | Step 400 | lr=9.045085e-04 | loss=0.169688
Epoch 003 | Step 410 | lr=9.045085e-04 | loss=0.168545
Epoch 003 | Step 420 | lr=9.045085e-04 | loss=0.172804
Epoch 003 | Step 430 | lr=9.045085e-04 | loss=0.173440
Epoch 003 | Step 440 | lr=9.045085e-04 | loss=0.164517
Epoch 003 | Step 450 | lr=9.045085e-04 | loss=0.175248
Epoch 003 | Step 460 | lr=9.045085e-04 | loss=0.161374
Epoch 003 | Step 470 | lr=9.045085e-04 | loss=0.158458
Epoch 003 | Step 480 | lr=9.045085e-04 | loss=0.165617
Epoch 003 | Step 490 | lr=9.045085e-04 | loss=0.166859
Epoch 003 | Step 500 | lr=9.045085e-04 | loss=0.161298
Epoch 003 | Step 510 | lr=9.045085e-04 | loss=0.171777
Epoch 003 | Step 520 | lr=9.045085e-04 | loss=0.162240
Epoch 003 | Step 530 | lr=9.045085e-04 | loss=0.164624
Epoch 003 | Step 540 | lr=9.045085e-04 | loss=0.177630
Epoch 003 | Step 550 | lr=9.045085e-04 | loss=0.171087
Epoch 003 | Step 560 | lr=9.045085e-04 | loss=0.171656
Epoch 003 | Step 570 | lr=9.045085e-04 | loss=0.157738
Epoch 003 | Step 580 | lr=9.045085e-04 | loss=0.165316
Epoch 003 | Step 590 | lr=9.045085e-04 | loss=0.165575
Epoch 003 | Step 600 | lr=9.045085e-04 | loss=0.160108
Epoch 003 | Step 610 | lr=9.045085e-04 | loss=0.163124
Epoch 003 | Step 620 | lr=9.045085e-04 | loss=0.169924
Epoch 003 | Step 630 | lr=9.045085e-04 | loss=0.176997
Epoch 003 | Step 640 | lr=9.045085e-04 | loss=0.162100
Epoch 003 | Step 650 | lr=9.045085e-04 | loss=0.162763
Epoch 003 | Step 660 | lr=9.045085e-04 | loss=0.157900
Epoch 003 | Step 670 | lr=9.045085e-04 | loss=0.164816
Epoch 003 | Step 680 | lr=9.045085e-04 | loss=0.166906
Epoch 003 | Step 690 | lr=9.045085e-04 | loss=0.156512
Epoch 003 | Step 700 | lr=9.045085e-04 | loss=0.169168
Epoch 003 | Step 710 | lr=9.045085e-04 | loss=0.165100
Epoch 003 | Step 720 | lr=9.045085e-04 | loss=0.169775
Epoch 003 | Step 730 | lr=9.045085e-04 | loss=0.165731
Epoch 003 | Step 740 | lr=9.045085e-04 | loss=0.162509
Epoch 003 | Step 750 | lr=9.045085e-04 | loss=0.159962
Epoch 003 | Step 760 | lr=9.045085e-04 | loss=0.161043
Epoch 003 | Step 770 | lr=9.045085e-04 | loss=0.166690
Epoch 003 | Step 780 | lr=9.045085e-04 | loss=0.163391
Epoch 003 | Step 790 | lr=9.045085e-04 | loss=0.169656
Epoch 003 | Step 800 | lr=9.045085e-04 | loss=0.168276
Epoch 003 | Step 810 | lr=9.045085e-04 | loss=0.158054
Epoch 003 | Step 820 | lr=9.045085e-04 | loss=0.160771
Epoch 003 | Step 830 | lr=9.045085e-04 | loss=0.162674
Epoch 003 | Step 840 | lr=9.045085e-04 | loss=0.151892
Epoch 003 | Step 850 | lr=9.045085e-04 | loss=0.160194
Epoch 003 | Step 860 | lr=9.045085e-04 | loss=0.156741
Epoch 003 | Step 870 | lr=9.045085e-04 | loss=0.163068
Epoch 003 | Step 880 | lr=9.045085e-04 | loss=0.175344
Epoch 003 | Step 890 | lr=9.045085e-04 | loss=0.160316
Epoch 003 | Step 900 | lr=9.045085e-04 | loss=0.158413
Epoch 003 | Step 910 | lr=9.045085e-04 | loss=0.159043
Epoch 003 | Step 920 | lr=9.045085e-04 | loss=0.154439
Epoch 003 | Step 930 | lr=9.045085e-04 | loss=0.148632
Epoch 003 | Step 940 | lr=9.045085e-04 | loss=0.170685
Epoch 003 | Step 950 | lr=9.045085e-04 | loss=0.162864
Epoch 003 | Step 960 | lr=9.045085e-04 | loss=0.169983
Epoch 003 | Step 970 | lr=9.045085e-04 | loss=0.156858
Epoch 003 | Step 980 | lr=9.045085e-04 | loss=0.162002
Epoch 003 | Step 990 | lr=9.045085e-04 | loss=0.152713
Epoch 003 | Step 1000 | lr=9.045085e-04 | loss=0.159703
Epoch 003 | Step 1010 | lr=9.045085e-04 | loss=0.149891
Epoch 003 | Step 1020 | lr=9.045085e-04 | loss=0.159600
Epoch 003 | Step 1030 | lr=9.045085e-04 | loss=0.157316
Epoch 003 | Step 1040 | lr=9.045085e-04 | loss=0.166699
Epoch 003 | Step 1050 | lr=9.045085e-04 | loss=0.162807
Epoch 003 | Step 1060 | lr=9.045085e-04 | loss=0.175626
Epoch 003 | Step 1070 | lr=9.045085e-04 | loss=0.155375
Epoch 003 | Step 1080 | lr=9.045085e-04 | loss=0.158420
Epoch 003 | Step 1090 | lr=9.045085e-04 | loss=0.165597
Epoch 003 | Step 1100 | lr=9.045085e-04 | loss=0.154596
Epoch 003 | Step 1110 | lr=9.045085e-04 | loss=0.155045
Epoch 003 | Step 1120 | lr=9.045085e-04 | loss=0.152648
Epoch 003 | Step 1130 | lr=9.045085e-04 | loss=0.152951
Epoch 003 | Step 1140 | lr=9.045085e-04 | loss=0.163063
Epoch 003 | Step 1150 | lr=9.045085e-04 | loss=0.171922
Epoch 003 | Step 1160 | lr=9.045085e-04 | loss=0.160955
Epoch 003 | Step 1170 | lr=9.045085e-04 | loss=0.167842
Epoch 003 | Step 1180 | lr=9.045085e-04 | loss=0.182546
Epoch 003 | Step 1190 | lr=9.045085e-04 | loss=0.153785
Epoch 003 | Step 1200 | lr=9.045085e-04 | loss=0.163069
Epoch 003 | Step 1210 | lr=9.045085e-04 | loss=0.159308
Epoch 003 | Step 1220 | lr=9.045085e-04 | loss=0.161211
Epoch 003 | Step 1230 | lr=9.045085e-04 | loss=0.165853
Epoch 003 | Step 1240 | lr=9.045085e-04 | loss=0.168956
Epoch 003 | Step 1250 | lr=9.045085e-04 | loss=0.160912
Epoch 003 | Step 1260 | lr=9.045085e-04 | loss=0.162985
Epoch 003 | Step 1270 | lr=9.045085e-04 | loss=0.173498
Epoch 003 | Step 1280 | lr=9.045085e-04 | loss=0.165721
Epoch 003 | Step 1290 | lr=9.045085e-04 | loss=0.157647
Epoch 003 | Step 1300 | lr=9.045085e-04 | loss=0.165092
Epoch 003 | Step 1310 | lr=9.045085e-04 | loss=0.159167
Epoch 003 | Step 1320 | lr=9.045085e-04 | loss=0.164638
Epoch 003 | Step 1330 | lr=9.045085e-04 | loss=0.163416
Epoch 003 | Step 1340 | lr=9.045085e-04 | loss=0.162054
Epoch 003 | Step 1350 | lr=9.045085e-04 | loss=0.167453
Epoch 003 | Step 1360 | lr=9.045085e-04 | loss=0.155035
Epoch 003 | Step 1370 | lr=9.045085e-04 | loss=0.171191
Epoch 003 | Step 1380 | lr=9.045085e-04 | loss=0.159128
Epoch 003 | Step 1390 | lr=9.045085e-04 | loss=0.172569
Epoch 003 | Step 1400 | lr=9.045085e-04 | loss=0.158177
Epoch 003 | Step 1410 | lr=9.045085e-04 | loss=0.162668
Epoch 003 | Step 1420 | lr=9.045085e-04 | loss=0.158630
Epoch 003 | Step 1430 | lr=9.045085e-04 | loss=0.165669
Epoch 003 | Step 1440 | lr=9.045085e-04 | loss=0.163425
Epoch 003 | Step 1450 | lr=9.045085e-04 | loss=0.159541
Epoch 003 | Step 1460 | lr=9.045085e-04 | loss=0.157813
Epoch 003 | Step 1470 | lr=9.045085e-04 | loss=0.156720
Epoch 003 | Step 1480 | lr=9.045085e-04 | loss=0.156321
Epoch 003 | Step 1490 | lr=9.045085e-04 | loss=0.155728
Epoch 003 | Step 1500 | lr=9.045085e-04 | loss=0.160982
Epoch 003 | Step 1510 | lr=9.045085e-04 | loss=0.158853
Epoch 003 | Step 1520 | lr=9.045085e-04 | loss=0.149068
Epoch 003 | Step 1530 | lr=9.045085e-04 | loss=0.168467
Epoch 003 | Step 1540 | lr=9.045085e-04 | loss=0.154176
Epoch 003 | Step 1550 | lr=9.045085e-04 | loss=0.150858
Epoch 003 | Step 1560 | lr=9.045085e-04 | loss=0.152844
Epoch 003 | Step 1570 | lr=9.045085e-04 | loss=0.155744
Epoch 003 | Step 1580 | lr=9.045085e-04 | loss=0.162229
Epoch 003 | Step 1590 | lr=9.045085e-04 | loss=0.158316
Epoch 003 | Step 1600 | lr=9.045085e-04 | loss=0.164087
Epoch 003 | Step 1610 | lr=9.045085e-04 | loss=0.173141
Epoch 003 | Step 1620 | lr=9.045085e-04 | loss=0.153316
Epoch 003 | Step 1630 | lr=9.045085e-04 | loss=0.166523
Epoch 003 | Step 1640 | lr=9.045085e-04 | loss=0.163627
Epoch 003 | Step 1650 | lr=9.045085e-04 | loss=0.156986
Epoch 003 | Step 1660 | lr=9.045085e-04 | loss=0.145974
Epoch 003 | Step 1670 | lr=9.045085e-04 | loss=0.163895
Epoch 003 | Step 1680 | lr=9.045085e-04 | loss=0.168029
Epoch 003 | Step 1690 | lr=9.045085e-04 | loss=0.146136
Epoch 003 | Step 1700 | lr=9.045085e-04 | loss=0.163048
Epoch 003 | Step 1710 | lr=9.045085e-04 | loss=0.160265
Epoch 003 | Step 1720 | lr=9.045085e-04 | loss=0.164256
Epoch 003 | Step 1730 | lr=9.045085e-04 | loss=0.163394
Epoch 003 | Step 1740 | lr=9.045085e-04 | loss=0.158233
Epoch 003 | Step 1750 | lr=9.045085e-04 | loss=0.156329
Epoch 003 | Step 1760 | lr=9.045085e-04 | loss=0.167655
Epoch 003 | Step 1770 | lr=9.045085e-04 | loss=0.161930
Epoch 003 | Step 1780 | lr=9.045085e-04 | loss=0.161294
Epoch 003 | Step 1790 | lr=9.045085e-04 | loss=0.159484
Epoch 003 | Step 1800 | lr=9.045085e-04 | loss=0.153973
Epoch 003 | Step 1810 | lr=9.045085e-04 | loss=0.160069
Epoch 003 | Step 1820 | lr=9.045085e-04 | loss=0.167956
Epoch 003 | Step 1830 | lr=9.045085e-04 | loss=0.161746
Epoch 003 | Step 1840 | lr=9.045085e-04 | loss=0.157909
Epoch 003 | Step 1850 | lr=9.045085e-04 | loss=0.155613
Epoch 003 | Step 1860 | lr=9.045085e-04 | loss=0.156927
Epoch 003 | Step 1870 | lr=9.045085e-04 | loss=0.156945
Epoch 003 | Step 1880 | lr=9.045085e-04 | loss=0.155390
Epoch 003 | Step 1890 | lr=9.045085e-04 | loss=0.161911
Epoch 003 | Step 1900 | lr=9.045085e-04 | loss=0.165433
Epoch 003 | Step 1910 | lr=9.045085e-04 | loss=0.163251
Epoch 003 | Step 1920 | lr=9.045085e-04 | loss=0.156055
Epoch 003 | Step 1930 | lr=9.045085e-04 | loss=0.161880
epoch 003 | train_kld=0.163216 | val_kld=0.152874 | val_mae=0.002855 | val_mse=0.000105 | ord_acc@10=0.2999 | recall@10=0.8260
Epoch 004 | Step 10 | lr=7.938926e-04 | loss=0.149561
Epoch 004 | Step 20 | lr=7.938926e-04 | loss=0.144349
Epoch 004 | Step 30 | lr=7.938926e-04 | loss=0.154747
Epoch 004 | Step 40 | lr=7.938926e-04 | loss=0.155150
Epoch 004 | Step 50 | lr=7.938926e-04 | loss=0.161580
Epoch 004 | Step 60 | lr=7.938926e-04 | loss=0.162711
Epoch 004 | Step 70 | lr=7.938926e-04 | loss=0.167813
Epoch 004 | Step 80 | lr=7.938926e-04 | loss=0.149893
Epoch 004 | Step 90 | lr=7.938926e-04 | loss=0.158031
Epoch 004 | Step 100 | lr=7.938926e-04 | loss=0.158283
Epoch 004 | Step 110 | lr=7.938926e-04 | loss=0.155067
Epoch 004 | Step 120 | lr=7.938926e-04 | loss=0.155389
Epoch 004 | Step 130 | lr=7.938926e-04 | loss=0.154930
Epoch 004 | Step 140 | lr=7.938926e-04 | loss=0.142960
Epoch 004 | Step 150 | lr=7.938926e-04 | loss=0.157001
Epoch 004 | Step 160 | lr=7.938926e-04 | loss=0.149996
Epoch 004 | Step 170 | lr=7.938926e-04 | loss=0.149391
Epoch 004 | Step 180 | lr=7.938926e-04 | loss=0.154163
Epoch 004 | Step 190 | lr=7.938926e-04 | loss=0.156533
Epoch 004 | Step 200 | lr=7.938926e-04 | loss=0.150383
Epoch 004 | Step 210 | lr=7.938926e-04 | loss=0.157890
Epoch 004 | Step 220 | lr=7.938926e-04 | loss=0.153747
Epoch 004 | Step 230 | lr=7.938926e-04 | loss=0.142202
Epoch 004 | Step 240 | lr=7.938926e-04 | loss=0.152826
Epoch 004 | Step 250 | lr=7.938926e-04 | loss=0.158402
Epoch 004 | Step 260 | lr=7.938926e-04 | loss=0.157328
Epoch 004 | Step 270 | lr=7.938926e-04 | loss=0.155196
Epoch 004 | Step 280 | lr=7.938926e-04 | loss=0.166386
Epoch 004 | Step 290 | lr=7.938926e-04 | loss=0.161675
Epoch 004 | Step 300 | lr=7.938926e-04 | loss=0.145823
Epoch 004 | Step 310 | lr=7.938926e-04 | loss=0.161956
Epoch 004 | Step 320 | lr=7.938926e-04 | loss=0.160067
Epoch 004 | Step 330 | lr=7.938926e-04 | loss=0.155734
Epoch 004 | Step 340 | lr=7.938926e-04 | loss=0.146325
Epoch 004 | Step 350 | lr=7.938926e-04 | loss=0.150093
Epoch 004 | Step 360 | lr=7.938926e-04 | loss=0.151871
Epoch 004 | Step 370 | lr=7.938926e-04 | loss=0.157266
Epoch 004 | Step 380 | lr=7.938926e-04 | loss=0.150588
Epoch 004 | Step 390 | lr=7.938926e-04 | loss=0.145036
Epoch 004 | Step 400 | lr=7.938926e-04 | loss=0.152021
Epoch 004 | Step 410 | lr=7.938926e-04 | loss=0.150729
Epoch 004 | Step 420 | lr=7.938926e-04 | loss=0.149692
Epoch 004 | Step 430 | lr=7.938926e-04 | loss=0.148471
Epoch 004 | Step 440 | lr=7.938926e-04 | loss=0.148491
Epoch 004 | Step 450 | lr=7.938926e-04 | loss=0.151678
Epoch 004 | Step 460 | lr=7.938926e-04 | loss=0.156324
Epoch 004 | Step 470 | lr=7.938926e-04 | loss=0.158741
Epoch 004 | Step 480 | lr=7.938926e-04 | loss=0.148709
Epoch 004 | Step 490 | lr=7.938926e-04 | loss=0.159629
Epoch 004 | Step 500 | lr=7.938926e-04 | loss=0.155992
Epoch 004 | Step 510 | lr=7.938926e-04 | loss=0.156371
Epoch 004 | Step 520 | lr=7.938926e-04 | loss=0.153854
Epoch 004 | Step 530 | lr=7.938926e-04 | loss=0.162600
Epoch 004 | Step 540 | lr=7.938926e-04 | loss=0.153372
Epoch 004 | Step 550 | lr=7.938926e-04 | loss=0.154390
Epoch 004 | Step 560 | lr=7.938926e-04 | loss=0.154819
Epoch 004 | Step 570 | lr=7.938926e-04 | loss=0.151625
Epoch 004 | Step 580 | lr=7.938926e-04 | loss=0.152941
Epoch 004 | Step 590 | lr=7.938926e-04 | loss=0.156680
Epoch 004 | Step 600 | lr=7.938926e-04 | loss=0.150651
Epoch 004 | Step 610 | lr=7.938926e-04 | loss=0.156781
Epoch 004 | Step 620 | lr=7.938926e-04 | loss=0.152242
Epoch 004 | Step 630 | lr=7.938926e-04 | loss=0.146864
Epoch 004 | Step 640 | lr=7.938926e-04 | loss=0.149458
Epoch 004 | Step 650 | lr=7.938926e-04 | loss=0.159438
Epoch 004 | Step 660 | lr=7.938926e-04 | loss=0.151700
Epoch 004 | Step 670 | lr=7.938926e-04 | loss=0.161774
Epoch 004 | Step 680 | lr=7.938926e-04 | loss=0.155582
Epoch 004 | Step 690 | lr=7.938926e-04 | loss=0.150515
Epoch 004 | Step 700 | lr=7.938926e-04 | loss=0.162725
Epoch 004 | Step 710 | lr=7.938926e-04 | loss=0.163267
Epoch 004 | Step 720 | lr=7.938926e-04 | loss=0.151675
Epoch 004 | Step 730 | lr=7.938926e-04 | loss=0.144228
Epoch 004 | Step 740 | lr=7.938926e-04 | loss=0.157480
Epoch 004 | Step 750 | lr=7.938926e-04 | loss=0.164158
Epoch 004 | Step 760 | lr=7.938926e-04 | loss=0.152287
Epoch 004 | Step 770 | lr=7.938926e-04 | loss=0.155408
Epoch 004 | Step 780 | lr=7.938926e-04 | loss=0.157997
Epoch 004 | Step 790 | lr=7.938926e-04 | loss=0.150397
Epoch 004 | Step 800 | lr=7.938926e-04 | loss=0.138862
Epoch 004 | Step 810 | lr=7.938926e-04 | loss=0.151049
Epoch 004 | Step 820 | lr=7.938926e-04 | loss=0.162445
Epoch 004 | Step 830 | lr=7.938926e-04 | loss=0.155567
Epoch 004 | Step 840 | lr=7.938926e-04 | loss=0.145962
Epoch 004 | Step 850 | lr=7.938926e-04 | loss=0.153437
Epoch 004 | Step 860 | lr=7.938926e-04 | loss=0.166223
Epoch 004 | Step 870 | lr=7.938926e-04 | loss=0.152014
Epoch 004 | Step 880 | lr=7.938926e-04 | loss=0.148152
Epoch 004 | Step 890 | lr=7.938926e-04 | loss=0.152209
Epoch 004 | Step 900 | lr=7.938926e-04 | loss=0.154320
Epoch 004 | Step 910 | lr=7.938926e-04 | loss=0.154368
Epoch 004 | Step 920 | lr=7.938926e-04 | loss=0.158992
Epoch 004 | Step 930 | lr=7.938926e-04 | loss=0.165962
Epoch 004 | Step 940 | lr=7.938926e-04 | loss=0.161524
Epoch 004 | Step 950 | lr=7.938926e-04 | loss=0.157437
Epoch 004 | Step 960 | lr=7.938926e-04 | loss=0.152577
Epoch 004 | Step 970 | lr=7.938926e-04 | loss=0.152023
Epoch 004 | Step 980 | lr=7.938926e-04 | loss=0.156807
Epoch 004 | Step 990 | lr=7.938926e-04 | loss=0.157475
Epoch 004 | Step 1000 | lr=7.938926e-04 | loss=0.154361
Epoch 004 | Step 1010 | lr=7.938926e-04 | loss=0.164608
Epoch 004 | Step 1020 | lr=7.938926e-04 | loss=0.145227
Epoch 004 | Step 1030 | lr=7.938926e-04 | loss=0.153334
Epoch 004 | Step 1040 | lr=7.938926e-04 | loss=0.155967
Epoch 004 | Step 1050 | lr=7.938926e-04 | loss=0.160036
Epoch 004 | Step 1060 | lr=7.938926e-04 | loss=0.149305
Epoch 004 | Step 1070 | lr=7.938926e-04 | loss=0.159196
Epoch 004 | Step 1080 | lr=7.938926e-04 | loss=0.158658
Epoch 004 | Step 1090 | lr=7.938926e-04 | loss=0.149606
Epoch 004 | Step 1100 | lr=7.938926e-04 | loss=0.163331
Epoch 004 | Step 1110 | lr=7.938926e-04 | loss=0.141472
Epoch 004 | Step 1120 | lr=7.938926e-04 | loss=0.155823
Epoch 004 | Step 1130 | lr=7.938926e-04 | loss=0.156099
Epoch 004 | Step 1140 | lr=7.938926e-04 | loss=0.157683
Epoch 004 | Step 1150 | lr=7.938926e-04 | loss=0.142902
Epoch 004 | Step 1160 | lr=7.938926e-04 | loss=0.153399
Epoch 004 | Step 1170 | lr=7.938926e-04 | loss=0.157282
Epoch 004 | Step 1180 | lr=7.938926e-04 | loss=0.159732
Epoch 004 | Step 1190 | lr=7.938926e-04 | loss=0.158346
Epoch 004 | Step 1200 | lr=7.938926e-04 | loss=0.149363
Epoch 004 | Step 1210 | lr=7.938926e-04 | loss=0.146175
Epoch 004 | Step 1220 | lr=7.938926e-04 | loss=0.164468
Epoch 004 | Step 1230 | lr=7.938926e-04 | loss=0.150075
Epoch 004 | Step 1240 | lr=7.938926e-04 | loss=0.159416
Epoch 004 | Step 1250 | lr=7.938926e-04 | loss=0.157674
Epoch 004 | Step 1260 | lr=7.938926e-04 | loss=0.156222
Epoch 004 | Step 1270 | lr=7.938926e-04 | loss=0.151626
Epoch 004 | Step 1280 | lr=7.938926e-04 | loss=0.166528
Epoch 004 | Step 1290 | lr=7.938926e-04 | loss=0.163670
Epoch 004 | Step 1300 | lr=7.938926e-04 | loss=0.157227
Epoch 004 | Step 1310 | lr=7.938926e-04 | loss=0.159760
Epoch 004 | Step 1320 | lr=7.938926e-04 | loss=0.145689
Epoch 004 | Step 1330 | lr=7.938926e-04 | loss=0.159604
Epoch 004 | Step 1340 | lr=7.938926e-04 | loss=0.150723
Epoch 004 | Step 1350 | lr=7.938926e-04 | loss=0.156589
Epoch 004 | Step 1360 | lr=7.938926e-04 | loss=0.158101
Epoch 004 | Step 1370 | lr=7.938926e-04 | loss=0.159284
Epoch 004 | Step 1380 | lr=7.938926e-04 | loss=0.139726
Epoch 004 | Step 1390 | lr=7.938926e-04 | loss=0.147304
Epoch 004 | Step 1400 | lr=7.938926e-04 | loss=0.160485
Epoch 004 | Step 1410 | lr=7.938926e-04 | loss=0.150056
Epoch 004 | Step 1420 | lr=7.938926e-04 | loss=0.147551
Epoch 004 | Step 1430 | lr=7.938926e-04 | loss=0.156584
Epoch 004 | Step 1440 | lr=7.938926e-04 | loss=0.163383
Epoch 004 | Step 1450 | lr=7.938926e-04 | loss=0.145721
Epoch 004 | Step 1460 | lr=7.938926e-04 | loss=0.149671
Epoch 004 | Step 1470 | lr=7.938926e-04 | loss=0.158128
Epoch 004 | Step 1480 | lr=7.938926e-04 | loss=0.145497
Epoch 004 | Step 1490 | lr=7.938926e-04 | loss=0.159993
Epoch 004 | Step 1500 | lr=7.938926e-04 | loss=0.156169
Epoch 004 | Step 1510 | lr=7.938926e-04 | loss=0.151349
Epoch 004 | Step 1520 | lr=7.938926e-04 | loss=0.159679
Epoch 004 | Step 1530 | lr=7.938926e-04 | loss=0.156512
Epoch 004 | Step 1540 | lr=7.938926e-04 | loss=0.145281
Epoch 004 | Step 1550 | lr=7.938926e-04 | loss=0.169626
Epoch 004 | Step 1560 | lr=7.938926e-04 | loss=0.165736
Epoch 004 | Step 1570 | lr=7.938926e-04 | loss=0.157814
Epoch 004 | Step 1580 | lr=7.938926e-04 | loss=0.148434
Epoch 004 | Step 1590 | lr=7.938926e-04 | loss=0.159353
Epoch 004 | Step 1600 | lr=7.938926e-04 | loss=0.147787
Epoch 004 | Step 1610 | lr=7.938926e-04 | loss=0.152832
Epoch 004 | Step 1620 | lr=7.938926e-04 | loss=0.156587
Epoch 004 | Step 1630 | lr=7.938926e-04 | loss=0.158011
Epoch 004 | Step 1640 | lr=7.938926e-04 | loss=0.151006
Epoch 004 | Step 1650 | lr=7.938926e-04 | loss=0.157569
Epoch 004 | Step 1660 | lr=7.938926e-04 | loss=0.149450
Epoch 004 | Step 1670 | lr=7.938926e-04 | loss=0.149111
Epoch 004 | Step 1680 | lr=7.938926e-04 | loss=0.155647
Epoch 004 | Step 1690 | lr=7.938926e-04 | loss=0.149699
Epoch 004 | Step 1700 | lr=7.938926e-04 | loss=0.152804
Epoch 004 | Step 1710 | lr=7.938926e-04 | loss=0.155489
Epoch 004 | Step 1720 | lr=7.938926e-04 | loss=0.153202
Epoch 004 | Step 1730 | lr=7.938926e-04 | loss=0.155587
Epoch 004 | Step 1740 | lr=7.938926e-04 | loss=0.150079
Epoch 004 | Step 1750 | lr=7.938926e-04 | loss=0.155656
Epoch 004 | Step 1760 | lr=7.938926e-04 | loss=0.158138
Epoch 004 | Step 1770 | lr=7.938926e-04 | loss=0.145203
Epoch 004 | Step 1780 | lr=7.938926e-04 | loss=0.157091
Epoch 004 | Step 1790 | lr=7.938926e-04 | loss=0.162099
Epoch 004 | Step 1800 | lr=7.938926e-04 | loss=0.151978
Epoch 004 | Step 1810 | lr=7.938926e-04 | loss=0.160012
Epoch 004 | Step 1820 | lr=7.938926e-04 | loss=0.163406
Epoch 004 | Step 1830 | lr=7.938926e-04 | loss=0.149188
Epoch 004 | Step 1840 | lr=7.938926e-04 | loss=0.160456
Epoch 004 | Step 1850 | lr=7.938926e-04 | loss=0.142627
Epoch 004 | Step 1860 | lr=7.938926e-04 | loss=0.150517
Epoch 004 | Step 1870 | lr=7.938926e-04 | loss=0.154163
Epoch 004 | Step 1880 | lr=7.938926e-04 | loss=0.156767
Epoch 004 | Step 1890 | lr=7.938926e-04 | loss=0.154362
Epoch 004 | Step 1900 | lr=7.938926e-04 | loss=0.153230
Epoch 004 | Step 1910 | lr=7.938926e-04 | loss=0.154774
Epoch 004 | Step 1920 | lr=7.938926e-04 | loss=0.149407
Epoch 004 | Step 1930 | lr=7.938926e-04 | loss=0.155587
epoch 004 | train_kld=0.155568 | val_kld=0.146933 | val_mae=0.002761 | val_mse=0.000098 | ord_acc@10=0.3072 | recall@10=0.8229
Epoch 005 | Step 10 | lr=6.545085e-04 | loss=0.150609
Epoch 005 | Step 20 | lr=6.545085e-04 | loss=0.139350
Epoch 005 | Step 30 | lr=6.545085e-04 | loss=0.152562
Epoch 005 | Step 40 | lr=6.545085e-04 | loss=0.145889
Epoch 005 | Step 50 | lr=6.545085e-04 | loss=0.150863
Epoch 005 | Step 60 | lr=6.545085e-04 | loss=0.147849
Epoch 005 | Step 70 | lr=6.545085e-04 | loss=0.147925
Epoch 005 | Step 80 | lr=6.545085e-04 | loss=0.155963
Epoch 005 | Step 90 | lr=6.545085e-04 | loss=0.149337
Epoch 005 | Step 100 | lr=6.545085e-04 | loss=0.144892
Epoch 005 | Step 110 | lr=6.545085e-04 | loss=0.143992
Epoch 005 | Step 120 | lr=6.545085e-04 | loss=0.148074
Epoch 005 | Step 130 | lr=6.545085e-04 | loss=0.158668
Epoch 005 | Step 140 | lr=6.545085e-04 | loss=0.143407
Epoch 005 | Step 150 | lr=6.545085e-04 | loss=0.149080
Epoch 005 | Step 160 | lr=6.545085e-04 | loss=0.153014
Epoch 005 | Step 170 | lr=6.545085e-04 | loss=0.157718
Epoch 005 | Step 180 | lr=6.545085e-04 | loss=0.151877
Epoch 005 | Step 190 | lr=6.545085e-04 | loss=0.150106
Epoch 005 | Step 200 | lr=6.545085e-04 | loss=0.142103
Epoch 005 | Step 210 | lr=6.545085e-04 | loss=0.149996
Epoch 005 | Step 220 | lr=6.545085e-04 | loss=0.150302
Epoch 005 | Step 230 | lr=6.545085e-04 | loss=0.148588
Epoch 005 | Step 240 | lr=6.545085e-04 | loss=0.143389
Epoch 005 | Step 250 | lr=6.545085e-04 | loss=0.148393
Epoch 005 | Step 260 | lr=6.545085e-04 | loss=0.153143
Epoch 005 | Step 270 | lr=6.545085e-04 | loss=0.140111
Epoch 005 | Step 280 | lr=6.545085e-04 | loss=0.157730
Epoch 005 | Step 290 | lr=6.545085e-04 | loss=0.143492
Epoch 005 | Step 300 | lr=6.545085e-04 | loss=0.158393
Epoch 005 | Step 310 | lr=6.545085e-04 | loss=0.157866
Epoch 005 | Step 320 | lr=6.545085e-04 | loss=0.148887
Epoch 005 | Step 330 | lr=6.545085e-04 | loss=0.154777
Epoch 005 | Step 340 | lr=6.545085e-04 | loss=0.159546
Epoch 005 | Step 350 | lr=6.545085e-04 | loss=0.156151
Epoch 005 | Step 360 | lr=6.545085e-04 | loss=0.154038
Epoch 005 | Step 370 | lr=6.545085e-04 | loss=0.152233
Epoch 005 | Step 380 | lr=6.545085e-04 | loss=0.156683
Epoch 005 | Step 390 | lr=6.545085e-04 | loss=0.146497
Epoch 005 | Step 400 | lr=6.545085e-04 | loss=0.149796
Epoch 005 | Step 410 | lr=6.545085e-04 | loss=0.148596
Epoch 005 | Step 420 | lr=6.545085e-04 | loss=0.151785
Epoch 005 | Step 430 | lr=6.545085e-04 | loss=0.153683
Epoch 005 | Step 440 | lr=6.545085e-04 | loss=0.154343
Epoch 005 | Step 450 | lr=6.545085e-04 | loss=0.155165
Epoch 005 | Step 460 | lr=6.545085e-04 | loss=0.157599
Epoch 005 | Step 470 | lr=6.545085e-04 | loss=0.159736
Epoch 005 | Step 480 | lr=6.545085e-04 | loss=0.148468
Epoch 005 | Step 490 | lr=6.545085e-04 | loss=0.141350
Epoch 005 | Step 500 | lr=6.545085e-04 | loss=0.150763
Epoch 005 | Step 510 | lr=6.545085e-04 | loss=0.141764
Epoch 005 | Step 520 | lr=6.545085e-04 | loss=0.151384
Epoch 005 | Step 530 | lr=6.545085e-04 | loss=0.140037
Epoch 005 | Step 540 | lr=6.545085e-04 | loss=0.147717
Epoch 005 | Step 550 | lr=6.545085e-04 | loss=0.146588
Epoch 005 | Step 560 | lr=6.545085e-04 | loss=0.136574
Epoch 005 | Step 570 | lr=6.545085e-04 | loss=0.150413
Epoch 005 | Step 580 | lr=6.545085e-04 | loss=0.149254
Epoch 005 | Step 590 | lr=6.545085e-04 | loss=0.143414
Epoch 005 | Step 600 | lr=6.545085e-04 | loss=0.152073
Epoch 005 | Step 610 | lr=6.545085e-04 | loss=0.151749
Epoch 005 | Step 620 | lr=6.545085e-04 | loss=0.156963
Epoch 005 | Step 630 | lr=6.545085e-04 | loss=0.154656
Epoch 005 | Step 640 | lr=6.545085e-04 | loss=0.155482
Epoch 005 | Step 650 | lr=6.545085e-04 | loss=0.156536
Epoch 005 | Step 660 | lr=6.545085e-04 | loss=0.147777
Epoch 005 | Step 670 | lr=6.545085e-04 | loss=0.151324
Epoch 005 | Step 680 | lr=6.545085e-04 | loss=0.147766
Epoch 005 | Step 690 | lr=6.545085e-04 | loss=0.149757
Epoch 005 | Step 700 | lr=6.545085e-04 | loss=0.151635
Epoch 005 | Step 710 | lr=6.545085e-04 | loss=0.165457
Epoch 005 | Step 720 | lr=6.545085e-04 | loss=0.149255
Epoch 005 | Step 730 | lr=6.545085e-04 | loss=0.151936
Epoch 005 | Step 740 | lr=6.545085e-04 | loss=0.151760
Epoch 005 | Step 750 | lr=6.545085e-04 | loss=0.146320
Epoch 005 | Step 760 | lr=6.545085e-04 | loss=0.141056
Epoch 005 | Step 770 | lr=6.545085e-04 | loss=0.159395
Epoch 005 | Step 780 | lr=6.545085e-04 | loss=0.146477
Epoch 005 | Step 790 | lr=6.545085e-04 | loss=0.146381
Epoch 005 | Step 800 | lr=6.545085e-04 | loss=0.160528
Epoch 005 | Step 810 | lr=6.545085e-04 | loss=0.146695
Epoch 005 | Step 820 | lr=6.545085e-04 | loss=0.154786
Epoch 005 | Step 830 | lr=6.545085e-04 | loss=0.159807
Epoch 005 | Step 840 | lr=6.545085e-04 | loss=0.145753
Epoch 005 | Step 850 | lr=6.545085e-04 | loss=0.154307
Epoch 005 | Step 860 | lr=6.545085e-04 | loss=0.151657
Epoch 005 | Step 870 | lr=6.545085e-04 | loss=0.152982
Epoch 005 | Step 880 | lr=6.545085e-04 | loss=0.155320
Epoch 005 | Step 890 | lr=6.545085e-04 | loss=0.143768
Epoch 005 | Step 900 | lr=6.545085e-04 | loss=0.147330
Epoch 005 | Step 910 | lr=6.545085e-04 | loss=0.148902
Epoch 005 | Step 920 | lr=6.545085e-04 | loss=0.150889
Epoch 005 | Step 930 | lr=6.545085e-04 | loss=0.153962
Epoch 005 | Step 940 | lr=6.545085e-04 | loss=0.149504
Epoch 005 | Step 950 | lr=6.545085e-04 | loss=0.154979
Epoch 005 | Step 960 | lr=6.545085e-04 | loss=0.153707
Epoch 005 | Step 970 | lr=6.545085e-04 | loss=0.144760
Epoch 005 | Step 980 | lr=6.545085e-04 | loss=0.143195
Epoch 005 | Step 990 | lr=6.545085e-04 | loss=0.147559
Epoch 005 | Step 1000 | lr=6.545085e-04 | loss=0.144840
Epoch 005 | Step 1010 | lr=6.545085e-04 | loss=0.149174
Epoch 005 | Step 1020 | lr=6.545085e-04 | loss=0.155409
Epoch 005 | Step 1030 | lr=6.545085e-04 | loss=0.157531
Epoch 005 | Step 1040 | lr=6.545085e-04 | loss=0.151870
Epoch 005 | Step 1050 | lr=6.545085e-04 | loss=0.156281
Epoch 005 | Step 1060 | lr=6.545085e-04 | loss=0.150721
Epoch 005 | Step 1070 | lr=6.545085e-04 | loss=0.150700
Epoch 005 | Step 1080 | lr=6.545085e-04 | loss=0.155580
Epoch 005 | Step 1090 | lr=6.545085e-04 | loss=0.149045
Epoch 005 | Step 1100 | lr=6.545085e-04 | loss=0.163897
Epoch 005 | Step 1110 | lr=6.545085e-04 | loss=0.151980
Epoch 005 | Step 1120 | lr=6.545085e-04 | loss=0.139578
Epoch 005 | Step 1130 | lr=6.545085e-04 | loss=0.144799
Epoch 005 | Step 1140 | lr=6.545085e-04 | loss=0.146762
Epoch 005 | Step 1150 | lr=6.545085e-04 | loss=0.156867
Epoch 005 | Step 1160 | lr=6.545085e-04 | loss=0.154361
Epoch 005 | Step 1170 | lr=6.545085e-04 | loss=0.144425
Epoch 005 | Step 1180 | lr=6.545085e-04 | loss=0.146656
Epoch 005 | Step 1190 | lr=6.545085e-04 | loss=0.152197
Epoch 005 | Step 1200 | lr=6.545085e-04 | loss=0.151498
Epoch 005 | Step 1210 | lr=6.545085e-04 | loss=0.154231
Epoch 005 | Step 1220 | lr=6.545085e-04 | loss=0.145465
Epoch 005 | Step 1230 | lr=6.545085e-04 | loss=0.146080
Epoch 005 | Step 1240 | lr=6.545085e-04 | loss=0.154612
Epoch 005 | Step 1250 | lr=6.545085e-04 | loss=0.142545
Epoch 005 | Step 1260 | lr=6.545085e-04 | loss=0.154428
Epoch 005 | Step 1270 | lr=6.545085e-04 | loss=0.154220
Epoch 005 | Step 1280 | lr=6.545085e-04 | loss=0.149085
Epoch 005 | Step 1290 | lr=6.545085e-04 | loss=0.148884
Epoch 005 | Step 1300 | lr=6.545085e-04 | loss=0.148581
Epoch 005 | Step 1310 | lr=6.545085e-04 | loss=0.151742
Epoch 005 | Step 1320 | lr=6.545085e-04 | loss=0.153201
Epoch 005 | Step 1330 | lr=6.545085e-04 | loss=0.164519
Epoch 005 | Step 1340 | lr=6.545085e-04 | loss=0.150750
Epoch 005 | Step 1350 | lr=6.545085e-04 | loss=0.149293
Epoch 005 | Step 1360 | lr=6.545085e-04 | loss=0.144428
Epoch 005 | Step 1370 | lr=6.545085e-04 | loss=0.145092
Epoch 005 | Step 1380 | lr=6.545085e-04 | loss=0.151125
Epoch 005 | Step 1390 | lr=6.545085e-04 | loss=0.158634
Epoch 005 | Step 1400 | lr=6.545085e-04 | loss=0.134716
Epoch 005 | Step 1410 | lr=6.545085e-04 | loss=0.148106
Epoch 005 | Step 1420 | lr=6.545085e-04 | loss=0.141474
Epoch 005 | Step 1430 | lr=6.545085e-04 | loss=0.140266
Epoch 005 | Step 1440 | lr=6.545085e-04 | loss=0.147684
Epoch 005 | Step 1450 | lr=6.545085e-04 | loss=0.146524
Epoch 005 | Step 1460 | lr=6.545085e-04 | loss=0.141811
Epoch 005 | Step 1470 | lr=6.545085e-04 | loss=0.141965
Epoch 005 | Step 1480 | lr=6.545085e-04 | loss=0.160122
Epoch 005 | Step 1490 | lr=6.545085e-04 | loss=0.155386
Epoch 005 | Step 1500 | lr=6.545085e-04 | loss=0.147408
Epoch 005 | Step 1510 | lr=6.545085e-04 | loss=0.147762
Epoch 005 | Step 1520 | lr=6.545085e-04 | loss=0.149372
Epoch 005 | Step 1530 | lr=6.545085e-04 | loss=0.152640
Epoch 005 | Step 1540 | lr=6.545085e-04 | loss=0.141043
Epoch 005 | Step 1550 | lr=6.545085e-04 | loss=0.149606
Epoch 005 | Step 1560 | lr=6.545085e-04 | loss=0.146393
Epoch 005 | Step 1570 | lr=6.545085e-04 | loss=0.150926
Epoch 005 | Step 1580 | lr=6.545085e-04 | loss=0.147736
Epoch 005 | Step 1590 | lr=6.545085e-04 | loss=0.150855
Epoch 005 | Step 1600 | lr=6.545085e-04 | loss=0.156233
Epoch 005 | Step 1610 | lr=6.545085e-04 | loss=0.146368
Epoch 005 | Step 1620 | lr=6.545085e-04 | loss=0.139770
Epoch 005 | Step 1630 | lr=6.545085e-04 | loss=0.152513
Epoch 005 | Step 1640 | lr=6.545085e-04 | loss=0.149900
Epoch 005 | Step 1650 | lr=6.545085e-04 | loss=0.148246
Epoch 005 | Step 1660 | lr=6.545085e-04 | loss=0.144730
Epoch 005 | Step 1670 | lr=6.545085e-04 | loss=0.152546
Epoch 005 | Step 1680 | lr=6.545085e-04 | loss=0.161811
Epoch 005 | Step 1690 | lr=6.545085e-04 | loss=0.142967
Epoch 005 | Step 1700 | lr=6.545085e-04 | loss=0.152944
Epoch 005 | Step 1710 | lr=6.545085e-04 | loss=0.146864
Epoch 005 | Step 1720 | lr=6.545085e-04 | loss=0.151588
Epoch 005 | Step 1730 | lr=6.545085e-04 | loss=0.157815
Epoch 005 | Step 1740 | lr=6.545085e-04 | loss=0.148691
Epoch 005 | Step 1750 | lr=6.545085e-04 | loss=0.147012
Epoch 005 | Step 1760 | lr=6.545085e-04 | loss=0.153920
Epoch 005 | Step 1770 | lr=6.545085e-04 | loss=0.143730
Epoch 005 | Step 1780 | lr=6.545085e-04 | loss=0.147597
Epoch 005 | Step 1790 | lr=6.545085e-04 | loss=0.140483
Epoch 005 | Step 1800 | lr=6.545085e-04 | loss=0.162537
Epoch 005 | Step 1810 | lr=6.545085e-04 | loss=0.150307
Epoch 005 | Step 1820 | lr=6.545085e-04 | loss=0.146965
Epoch 005 | Step 1830 | lr=6.545085e-04 | loss=0.152642
Epoch 005 | Step 1840 | lr=6.545085e-04 | loss=0.149706
Epoch 005 | Step 1850 | lr=6.545085e-04 | loss=0.151090
Epoch 005 | Step 1860 | lr=6.545085e-04 | loss=0.150779
Epoch 005 | Step 1870 | lr=6.545085e-04 | loss=0.156526
Epoch 005 | Step 1880 | lr=6.545085e-04 | loss=0.150579
Epoch 005 | Step 1890 | lr=6.545085e-04 | loss=0.144254
Epoch 005 | Step 1900 | lr=6.545085e-04 | loss=0.151995
Epoch 005 | Step 1910 | lr=6.545085e-04 | loss=0.145809
Epoch 005 | Step 1920 | lr=6.545085e-04 | loss=0.143858
Epoch 005 | Step 1930 | lr=6.545085e-04 | loss=0.160558
epoch 005 | train_kld=0.149881 | val_kld=0.145440 | val_mae=0.002729 | val_mse=0.000096 | ord_acc@10=0.3084 | recall@10=0.8297
Epoch 006 | Step 10 | lr=5.000000e-04 | loss=0.134807
Epoch 006 | Step 20 | lr=5.000000e-04 | loss=0.134585
Epoch 006 | Step 30 | lr=5.000000e-04 | loss=0.139896
Epoch 006 | Step 40 | lr=5.000000e-04 | loss=0.142140
Epoch 006 | Step 50 | lr=5.000000e-04 | loss=0.131251
Epoch 006 | Step 60 | lr=5.000000e-04 | loss=0.134154
Epoch 006 | Step 70 | lr=5.000000e-04 | loss=0.145027
Epoch 006 | Step 80 | lr=5.000000e-04 | loss=0.155625
Epoch 006 | Step 90 | lr=5.000000e-04 | loss=0.151026
Epoch 006 | Step 100 | lr=5.000000e-04 | loss=0.146213
Epoch 006 | Step 110 | lr=5.000000e-04 | loss=0.141773
Epoch 006 | Step 120 | lr=5.000000e-04 | loss=0.150644
Epoch 006 | Step 130 | lr=5.000000e-04 | loss=0.148719
Epoch 006 | Step 140 | lr=5.000000e-04 | loss=0.153570
Epoch 006 | Step 150 | lr=5.000000e-04 | loss=0.145256
Epoch 006 | Step 160 | lr=5.000000e-04 | loss=0.142338
Epoch 006 | Step 170 | lr=5.000000e-04 | loss=0.144806
Epoch 006 | Step 180 | lr=5.000000e-04 | loss=0.141262
Epoch 006 | Step 190 | lr=5.000000e-04 | loss=0.147160
Epoch 006 | Step 200 | lr=5.000000e-04 | loss=0.145552
Epoch 006 | Step 210 | lr=5.000000e-04 | loss=0.138772
Epoch 006 | Step 220 | lr=5.000000e-04 | loss=0.141543
Epoch 006 | Step 230 | lr=5.000000e-04 | loss=0.140686
Epoch 006 | Step 240 | lr=5.000000e-04 | loss=0.151269
Epoch 006 | Step 250 | lr=5.000000e-04 | loss=0.145927
Epoch 006 | Step 260 | lr=5.000000e-04 | loss=0.145714
Epoch 006 | Step 270 | lr=5.000000e-04 | loss=0.150129
Epoch 006 | Step 280 | lr=5.000000e-04 | loss=0.138818
Epoch 006 | Step 290 | lr=5.000000e-04 | loss=0.142486
Epoch 006 | Step 300 | lr=5.000000e-04 | loss=0.137041
Epoch 006 | Step 310 | lr=5.000000e-04 | loss=0.158614
Epoch 006 | Step 320 | lr=5.000000e-04 | loss=0.151835
Epoch 006 | Step 330 | lr=5.000000e-04 | loss=0.146651
Epoch 006 | Step 340 | lr=5.000000e-04 | loss=0.154334
Epoch 006 | Step 350 | lr=5.000000e-04 | loss=0.141338
Epoch 006 | Step 360 | lr=5.000000e-04 | loss=0.142943
Epoch 006 | Step 370 | lr=5.000000e-04 | loss=0.132602
Epoch 006 | Step 380 | lr=5.000000e-04 | loss=0.154253
Epoch 006 | Step 390 | lr=5.000000e-04 | loss=0.142111
Epoch 006 | Step 400 | lr=5.000000e-04 | loss=0.152526
Epoch 006 | Step 410 | lr=5.000000e-04 | loss=0.139026
Epoch 006 | Step 420 | lr=5.000000e-04 | loss=0.139174
Epoch 006 | Step 430 | lr=5.000000e-04 | loss=0.141690
Epoch 006 | Step 440 | lr=5.000000e-04 | loss=0.150310
Epoch 006 | Step 450 | lr=5.000000e-04 | loss=0.145680
Epoch 006 | Step 460 | lr=5.000000e-04 | loss=0.149519
Epoch 006 | Step 470 | lr=5.000000e-04 | loss=0.147145
Epoch 006 | Step 480 | lr=5.000000e-04 | loss=0.154946
Epoch 006 | Step 490 | lr=5.000000e-04 | loss=0.146159
Epoch 006 | Step 500 | lr=5.000000e-04 | loss=0.148164
Epoch 006 | Step 510 | lr=5.000000e-04 | loss=0.140327
Epoch 006 | Step 520 | lr=5.000000e-04 | loss=0.154532
Epoch 006 | Step 530 | lr=5.000000e-04 | loss=0.144737
Epoch 006 | Step 540 | lr=5.000000e-04 | loss=0.142724
Epoch 006 | Step 550 | lr=5.000000e-04 | loss=0.149529
Epoch 006 | Step 560 | lr=5.000000e-04 | loss=0.151511
Epoch 006 | Step 570 | lr=5.000000e-04 | loss=0.149849
Epoch 006 | Step 580 | lr=5.000000e-04 | loss=0.151807
Epoch 006 | Step 590 | lr=5.000000e-04 | loss=0.145521
Epoch 006 | Step 600 | lr=5.000000e-04 | loss=0.148533
Epoch 006 | Step 610 | lr=5.000000e-04 | loss=0.145292
Epoch 006 | Step 620 | lr=5.000000e-04 | loss=0.145255
Epoch 006 | Step 630 | lr=5.000000e-04 | loss=0.147307
Epoch 006 | Step 640 | lr=5.000000e-04 | loss=0.157785
Epoch 006 | Step 650 | lr=5.000000e-04 | loss=0.138311
Epoch 006 | Step 660 | lr=5.000000e-04 | loss=0.146312
Epoch 006 | Step 670 | lr=5.000000e-04 | loss=0.148758
Epoch 006 | Step 680 | lr=5.000000e-04 | loss=0.139275
Epoch 006 | Step 690 | lr=5.000000e-04 | loss=0.136978
Epoch 006 | Step 700 | lr=5.000000e-04 | loss=0.139739
Epoch 006 | Step 710 | lr=5.000000e-04 | loss=0.144710
Epoch 006 | Step 720 | lr=5.000000e-04 | loss=0.143506
Epoch 006 | Step 730 | lr=5.000000e-04 | loss=0.138089
Epoch 006 | Step 740 | lr=5.000000e-04 | loss=0.138166
Epoch 006 | Step 750 | lr=5.000000e-04 | loss=0.144549
Epoch 006 | Step 760 | lr=5.000000e-04 | loss=0.140598
Epoch 006 | Step 770 | lr=5.000000e-04 | loss=0.145085
Epoch 006 | Step 780 | lr=5.000000e-04 | loss=0.140321
Epoch 006 | Step 790 | lr=5.000000e-04 | loss=0.149680
Epoch 006 | Step 800 | lr=5.000000e-04 | loss=0.141887
Epoch 006 | Step 810 | lr=5.000000e-04 | loss=0.144916
Epoch 006 | Step 820 | lr=5.000000e-04 | loss=0.148094
Epoch 006 | Step 830 | lr=5.000000e-04 | loss=0.140854
Epoch 006 | Step 840 | lr=5.000000e-04 | loss=0.148238
Epoch 006 | Step 850 | lr=5.000000e-04 | loss=0.143934
Epoch 006 | Step 860 | lr=5.000000e-04 | loss=0.142771
Epoch 006 | Step 870 | lr=5.000000e-04 | loss=0.141057
Epoch 006 | Step 880 | lr=5.000000e-04 | loss=0.147069
Epoch 006 | Step 890 | lr=5.000000e-04 | loss=0.147606
Epoch 006 | Step 900 | lr=5.000000e-04 | loss=0.144216
Epoch 006 | Step 910 | lr=5.000000e-04 | loss=0.140913
Epoch 006 | Step 920 | lr=5.000000e-04 | loss=0.146991
Epoch 006 | Step 930 | lr=5.000000e-04 | loss=0.144197
Epoch 006 | Step 940 | lr=5.000000e-04 | loss=0.144092
Epoch 006 | Step 950 | lr=5.000000e-04 | loss=0.143440
Epoch 006 | Step 960 | lr=5.000000e-04 | loss=0.144898
Epoch 006 | Step 970 | lr=5.000000e-04 | loss=0.148174
Epoch 006 | Step 980 | lr=5.000000e-04 | loss=0.151846
Epoch 006 | Step 990 | lr=5.000000e-04 | loss=0.145335
Epoch 006 | Step 1000 | lr=5.000000e-04 | loss=0.158641
Epoch 006 | Step 1010 | lr=5.000000e-04 | loss=0.146812
Epoch 006 | Step 1020 | lr=5.000000e-04 | loss=0.139526
Epoch 006 | Step 1030 | lr=5.000000e-04 | loss=0.143139
Epoch 006 | Step 1040 | lr=5.000000e-04 | loss=0.145450
Epoch 006 | Step 1050 | lr=5.000000e-04 | loss=0.141723
Epoch 006 | Step 1060 | lr=5.000000e-04 | loss=0.153635
Epoch 006 | Step 1070 | lr=5.000000e-04 | loss=0.142911
Epoch 006 | Step 1080 | lr=5.000000e-04 | loss=0.146165
Epoch 006 | Step 1090 | lr=5.000000e-04 | loss=0.145599
Epoch 006 | Step 1100 | lr=5.000000e-04 | loss=0.144819
Epoch 006 | Step 1110 | lr=5.000000e-04 | loss=0.152303
Epoch 006 | Step 1120 | lr=5.000000e-04 | loss=0.148381
Epoch 006 | Step 1130 | lr=5.000000e-04 | loss=0.149273
Epoch 006 | Step 1140 | lr=5.000000e-04 | loss=0.141491
Epoch 006 | Step 1150 | lr=5.000000e-04 | loss=0.145410
Epoch 006 | Step 1160 | lr=5.000000e-04 | loss=0.138988
Epoch 006 | Step 1170 | lr=5.000000e-04 | loss=0.135245
Epoch 006 | Step 1180 | lr=5.000000e-04 | loss=0.148414
Epoch 006 | Step 1190 | lr=5.000000e-04 | loss=0.146009
Epoch 006 | Step 1200 | lr=5.000000e-04 | loss=0.143543
Epoch 006 | Step 1210 | lr=5.000000e-04 | loss=0.147800
Epoch 006 | Step 1220 | lr=5.000000e-04 | loss=0.146701
Epoch 006 | Step 1230 | lr=5.000000e-04 | loss=0.137862
Epoch 006 | Step 1240 | lr=5.000000e-04 | loss=0.156123
Epoch 006 | Step 1250 | lr=5.000000e-04 | loss=0.148359
Epoch 006 | Step 1260 | lr=5.000000e-04 | loss=0.151847
Epoch 006 | Step 1270 | lr=5.000000e-04 | loss=0.145300
Epoch 006 | Step 1280 | lr=5.000000e-04 | loss=0.145328
Epoch 006 | Step 1290 | lr=5.000000e-04 | loss=0.133771
Epoch 006 | Step 1300 | lr=5.000000e-04 | loss=0.145049
Epoch 006 | Step 1310 | lr=5.000000e-04 | loss=0.147936
Epoch 006 | Step 1320 | lr=5.000000e-04 | loss=0.148205
Epoch 006 | Step 1330 | lr=5.000000e-04 | loss=0.141128
Epoch 006 | Step 1340 | lr=5.000000e-04 | loss=0.145089
Epoch 006 | Step 1350 | lr=5.000000e-04 | loss=0.151287
Epoch 006 | Step 1360 | lr=5.000000e-04 | loss=0.134566
Epoch 006 | Step 1370 | lr=5.000000e-04 | loss=0.148840
Epoch 006 | Step 1380 | lr=5.000000e-04 | loss=0.148770
Epoch 006 | Step 1390 | lr=5.000000e-04 | loss=0.151347
Epoch 006 | Step 1400 | lr=5.000000e-04 | loss=0.137937
Epoch 006 | Step 1410 | lr=5.000000e-04 | loss=0.144230
Epoch 006 | Step 1420 | lr=5.000000e-04 | loss=0.136398
Epoch 006 | Step 1430 | lr=5.000000e-04 | loss=0.140871
Epoch 006 | Step 1440 | lr=5.000000e-04 | loss=0.149449
Epoch 006 | Step 1450 | lr=5.000000e-04 | loss=0.134975
Epoch 006 | Step 1460 | lr=5.000000e-04 | loss=0.148264
Epoch 006 | Step 1470 | lr=5.000000e-04 | loss=0.155218
Epoch 006 | Step 1480 | lr=5.000000e-04 | loss=0.150294
Epoch 006 | Step 1490 | lr=5.000000e-04 | loss=0.143396
Epoch 006 | Step 1500 | lr=5.000000e-04 | loss=0.149630
Epoch 006 | Step 1510 | lr=5.000000e-04 | loss=0.162832
Epoch 006 | Step 1520 | lr=5.000000e-04 | loss=0.142939
Epoch 006 | Step 1530 | lr=5.000000e-04 | loss=0.142936
Epoch 006 | Step 1540 | lr=5.000000e-04 | loss=0.139871
Epoch 006 | Step 1550 | lr=5.000000e-04 | loss=0.146912
Epoch 006 | Step 1560 | lr=5.000000e-04 | loss=0.152320
Epoch 006 | Step 1570 | lr=5.000000e-04 | loss=0.150775
Epoch 006 | Step 1580 | lr=5.000000e-04 | loss=0.140643
Epoch 006 | Step 1590 | lr=5.000000e-04 | loss=0.139393
Epoch 006 | Step 1600 | lr=5.000000e-04 | loss=0.138500
Epoch 006 | Step 1610 | lr=5.000000e-04 | loss=0.132431
Epoch 006 | Step 1620 | lr=5.000000e-04 | loss=0.135463
Epoch 006 | Step 1630 | lr=5.000000e-04 | loss=0.149523
Epoch 006 | Step 1640 | lr=5.000000e-04 | loss=0.139005
Epoch 006 | Step 1650 | lr=5.000000e-04 | loss=0.143586
Epoch 006 | Step 1660 | lr=5.000000e-04 | loss=0.149471
Epoch 006 | Step 1670 | lr=5.000000e-04 | loss=0.145677
Epoch 006 | Step 1680 | lr=5.000000e-04 | loss=0.138243
Epoch 006 | Step 1690 | lr=5.000000e-04 | loss=0.142136
Epoch 006 | Step 1700 | lr=5.000000e-04 | loss=0.140629
Epoch 006 | Step 1710 | lr=5.000000e-04 | loss=0.134235
Epoch 006 | Step 1720 | lr=5.000000e-04 | loss=0.143288
Epoch 006 | Step 1730 | lr=5.000000e-04 | loss=0.151406
Epoch 006 | Step 1740 | lr=5.000000e-04 | loss=0.137126
Epoch 006 | Step 1750 | lr=5.000000e-04 | loss=0.143473
Epoch 006 | Step 1760 | lr=5.000000e-04 | loss=0.145704
Epoch 006 | Step 1770 | lr=5.000000e-04 | loss=0.137634
Epoch 006 | Step 1780 | lr=5.000000e-04 | loss=0.153834
Epoch 006 | Step 1790 | lr=5.000000e-04 | loss=0.146661
Epoch 006 | Step 1800 | lr=5.000000e-04 | loss=0.148007
Epoch 006 | Step 1810 | lr=5.000000e-04 | loss=0.143556
Epoch 006 | Step 1820 | lr=5.000000e-04 | loss=0.149817
Epoch 006 | Step 1830 | lr=5.000000e-04 | loss=0.145354
Epoch 006 | Step 1840 | lr=5.000000e-04 | loss=0.149157
Epoch 006 | Step 1850 | lr=5.000000e-04 | loss=0.144359
Epoch 006 | Step 1860 | lr=5.000000e-04 | loss=0.149751
Epoch 006 | Step 1870 | lr=5.000000e-04 | loss=0.148700
Epoch 006 | Step 1880 | lr=5.000000e-04 | loss=0.158723
Epoch 006 | Step 1890 | lr=5.000000e-04 | loss=0.138643
Epoch 006 | Step 1900 | lr=5.000000e-04 | loss=0.140630
Epoch 006 | Step 1910 | lr=5.000000e-04 | loss=0.140145
Epoch 006 | Step 1920 | lr=5.000000e-04 | loss=0.141459
Epoch 006 | Step 1930 | lr=5.000000e-04 | loss=0.137023
epoch 006 | train_kld=0.145315 | val_kld=0.138515 | val_mae=0.002651 | val_mse=0.000088 | ord_acc@10=0.3144 | recall@10=0.8306
Epoch 007 | Step 10 | lr=3.454915e-04 | loss=0.136039
Epoch 007 | Step 20 | lr=3.454915e-04 | loss=0.143377
Epoch 007 | Step 30 | lr=3.454915e-04 | loss=0.140776
Epoch 007 | Step 40 | lr=3.454915e-04 | loss=0.138242
Epoch 007 | Step 50 | lr=3.454915e-04 | loss=0.146547
Epoch 007 | Step 60 | lr=3.454915e-04 | loss=0.148651
Epoch 007 | Step 70 | lr=3.454915e-04 | loss=0.145631
Epoch 007 | Step 80 | lr=3.454915e-04 | loss=0.141596
Epoch 007 | Step 90 | lr=3.454915e-04 | loss=0.141694
Epoch 007 | Step 100 | lr=3.454915e-04 | loss=0.132196
Epoch 007 | Step 110 | lr=3.454915e-04 | loss=0.139937
Epoch 007 | Step 120 | lr=3.454915e-04 | loss=0.153159
Epoch 007 | Step 130 | lr=3.454915e-04 | loss=0.140911
Epoch 007 | Step 140 | lr=3.454915e-04 | loss=0.139728
Epoch 007 | Step 150 | lr=3.454915e-04 | loss=0.139623
Epoch 007 | Step 160 | lr=3.454915e-04 | loss=0.139587
Epoch 007 | Step 170 | lr=3.454915e-04 | loss=0.141672
Epoch 007 | Step 180 | lr=3.454915e-04 | loss=0.148081
Epoch 007 | Step 190 | lr=3.454915e-04 | loss=0.134190
Epoch 007 | Step 200 | lr=3.454915e-04 | loss=0.141005
Epoch 007 | Step 210 | lr=3.454915e-04 | loss=0.151208
Epoch 007 | Step 220 | lr=3.454915e-04 | loss=0.147058
Epoch 007 | Step 230 | lr=3.454915e-04 | loss=0.136287
Epoch 007 | Step 240 | lr=3.454915e-04 | loss=0.131757
Epoch 007 | Step 250 | lr=3.454915e-04 | loss=0.138401
Epoch 007 | Step 260 | lr=3.454915e-04 | loss=0.149434
Epoch 007 | Step 270 | lr=3.454915e-04 | loss=0.144433
Epoch 007 | Step 280 | lr=3.454915e-04 | loss=0.137586
Epoch 007 | Step 290 | lr=3.454915e-04 | loss=0.135414
Epoch 007 | Step 300 | lr=3.454915e-04 | loss=0.142677
Epoch 007 | Step 310 | lr=3.454915e-04 | loss=0.142671
Epoch 007 | Step 320 | lr=3.454915e-04 | loss=0.133183
Epoch 007 | Step 330 | lr=3.454915e-04 | loss=0.148161
Epoch 007 | Step 340 | lr=3.454915e-04 | loss=0.144691
Epoch 007 | Step 350 | lr=3.454915e-04 | loss=0.132891
Epoch 007 | Step 360 | lr=3.454915e-04 | loss=0.137884
Epoch 007 | Step 370 | lr=3.454915e-04 | loss=0.135870
Epoch 007 | Step 380 | lr=3.454915e-04 | loss=0.139551
Epoch 007 | Step 390 | lr=3.454915e-04 | loss=0.144611
Epoch 007 | Step 400 | lr=3.454915e-04 | loss=0.134882
Epoch 007 | Step 410 | lr=3.454915e-04 | loss=0.135406
Epoch 007 | Step 420 | lr=3.454915e-04 | loss=0.147662
Epoch 007 | Step 430 | lr=3.454915e-04 | loss=0.135937
Epoch 007 | Step 440 | lr=3.454915e-04 | loss=0.137737
Epoch 007 | Step 450 | lr=3.454915e-04 | loss=0.139479
Epoch 007 | Step 460 | lr=3.454915e-04 | loss=0.143959
Epoch 007 | Step 470 | lr=3.454915e-04 | loss=0.141642
Epoch 007 | Step 480 | lr=3.454915e-04 | loss=0.137842
Epoch 007 | Step 490 | lr=3.454915e-04 | loss=0.139185
Epoch 007 | Step 500 | lr=3.454915e-04 | loss=0.139052
Epoch 007 | Step 510 | lr=3.454915e-04 | loss=0.139449
Epoch 007 | Step 520 | lr=3.454915e-04 | loss=0.144038
Epoch 007 | Step 530 | lr=3.454915e-04 | loss=0.139120
Epoch 007 | Step 540 | lr=3.454915e-04 | loss=0.147341
Epoch 007 | Step 550 | lr=3.454915e-04 | loss=0.136866
Epoch 007 | Step 560 | lr=3.454915e-04 | loss=0.141186
Epoch 007 | Step 570 | lr=3.454915e-04 | loss=0.138766
Epoch 007 | Step 580 | lr=3.454915e-04 | loss=0.141137
Epoch 007 | Step 590 | lr=3.454915e-04 | loss=0.132234
Epoch 007 | Step 600 | lr=3.454915e-04 | loss=0.141863
Epoch 007 | Step 610 | lr=3.454915e-04 | loss=0.138403
Epoch 007 | Step 620 | lr=3.454915e-04 | loss=0.136809
Epoch 007 | Step 630 | lr=3.454915e-04 | loss=0.147109
Epoch 007 | Step 640 | lr=3.454915e-04 | loss=0.136516
Epoch 007 | Step 650 | lr=3.454915e-04 | loss=0.145972
Epoch 007 | Step 660 | lr=3.454915e-04 | loss=0.142027
Epoch 007 | Step 670 | lr=3.454915e-04 | loss=0.139888
Epoch 007 | Step 680 | lr=3.454915e-04 | loss=0.140968
Epoch 007 | Step 690 | lr=3.454915e-04 | loss=0.142109
Epoch 007 | Step 700 | lr=3.454915e-04 | loss=0.143180
Epoch 007 | Step 710 | lr=3.454915e-04 | loss=0.141149
Epoch 007 | Step 720 | lr=3.454915e-04 | loss=0.138174
Epoch 007 | Step 730 | lr=3.454915e-04 | loss=0.147439
Epoch 007 | Step 740 | lr=3.454915e-04 | loss=0.142544
Epoch 007 | Step 750 | lr=3.454915e-04 | loss=0.148460
Epoch 007 | Step 760 | lr=3.454915e-04 | loss=0.132628
Epoch 007 | Step 770 | lr=3.454915e-04 | loss=0.151943
Epoch 007 | Step 780 | lr=3.454915e-04 | loss=0.132058
Epoch 007 | Step 790 | lr=3.454915e-04 | loss=0.144472
Epoch 007 | Step 800 | lr=3.454915e-04 | loss=0.146828
Epoch 007 | Step 810 | lr=3.454915e-04 | loss=0.139831
Epoch 007 | Step 820 | lr=3.454915e-04 | loss=0.146316
Epoch 007 | Step 830 | lr=3.454915e-04 | loss=0.140956
Epoch 007 | Step 840 | lr=3.454915e-04 | loss=0.141907
Epoch 007 | Step 850 | lr=3.454915e-04 | loss=0.153330
Epoch 007 | Step 860 | lr=3.454915e-04 | loss=0.149570
Epoch 007 | Step 870 | lr=3.454915e-04 | loss=0.137709
Epoch 007 | Step 880 | lr=3.454915e-04 | loss=0.139951
Epoch 007 | Step 890 | lr=3.454915e-04 | loss=0.136233
Epoch 007 | Step 900 | lr=3.454915e-04 | loss=0.141616
Epoch 007 | Step 910 | lr=3.454915e-04 | loss=0.149409
Epoch 007 | Step 920 | lr=3.454915e-04 | loss=0.136572
Epoch 007 | Step 930 | lr=3.454915e-04 | loss=0.139747
Epoch 007 | Step 940 | lr=3.454915e-04 | loss=0.138824
Epoch 007 | Step 950 | lr=3.454915e-04 | loss=0.149488
Epoch 007 | Step 960 | lr=3.454915e-04 | loss=0.140063
Epoch 007 | Step 970 | lr=3.454915e-04 | loss=0.142828
Epoch 007 | Step 980 | lr=3.454915e-04 | loss=0.137016
Epoch 007 | Step 990 | lr=3.454915e-04 | loss=0.139351
Epoch 007 | Step 1000 | lr=3.454915e-04 | loss=0.141742
Epoch 007 | Step 1010 | lr=3.454915e-04 | loss=0.141982
Epoch 007 | Step 1020 | lr=3.454915e-04 | loss=0.135222
Epoch 007 | Step 1030 | lr=3.454915e-04 | loss=0.141868
Epoch 007 | Step 1040 | lr=3.454915e-04 | loss=0.139103
Epoch 007 | Step 1050 | lr=3.454915e-04 | loss=0.137743
Epoch 007 | Step 1060 | lr=3.454915e-04 | loss=0.135997
Epoch 007 | Step 1070 | lr=3.454915e-04 | loss=0.142850
Epoch 007 | Step 1080 | lr=3.454915e-04 | loss=0.141230
Epoch 007 | Step 1090 | lr=3.454915e-04 | loss=0.139115
Epoch 007 | Step 1100 | lr=3.454915e-04 | loss=0.145358
Epoch 007 | Step 1110 | lr=3.454915e-04 | loss=0.139671
Epoch 007 | Step 1120 | lr=3.454915e-04 | loss=0.139902
Epoch 007 | Step 1130 | lr=3.454915e-04 | loss=0.135467
Epoch 007 | Step 1140 | lr=3.454915e-04 | loss=0.132600
Epoch 007 | Step 1150 | lr=3.454915e-04 | loss=0.146916
Epoch 007 | Step 1160 | lr=3.454915e-04 | loss=0.135499
Epoch 007 | Step 1170 | lr=3.454915e-04 | loss=0.145522
Epoch 007 | Step 1180 | lr=3.454915e-04 | loss=0.145721
Epoch 007 | Step 1190 | lr=3.454915e-04 | loss=0.149092
Epoch 007 | Step 1200 | lr=3.454915e-04 | loss=0.135253
Epoch 007 | Step 1210 | lr=3.454915e-04 | loss=0.136295
Epoch 007 | Step 1220 | lr=3.454915e-04 | loss=0.131331
Epoch 007 | Step 1230 | lr=3.454915e-04 | loss=0.137847
Epoch 007 | Step 1240 | lr=3.454915e-04 | loss=0.144686
Epoch 007 | Step 1250 | lr=3.454915e-04 | loss=0.148234
Epoch 007 | Step 1260 | lr=3.454915e-04 | loss=0.132474
Epoch 007 | Step 1270 | lr=3.454915e-04 | loss=0.138132
Epoch 007 | Step 1280 | lr=3.454915e-04 | loss=0.140983
Epoch 007 | Step 1290 | lr=3.454915e-04 | loss=0.143674
Epoch 007 | Step 1300 | lr=3.454915e-04 | loss=0.140936
Epoch 007 | Step 1310 | lr=3.454915e-04 | loss=0.131735
Epoch 007 | Step 1320 | lr=3.454915e-04 | loss=0.142026
Epoch 007 | Step 1330 | lr=3.454915e-04 | loss=0.143990
Epoch 007 | Step 1340 | lr=3.454915e-04 | loss=0.144229
Epoch 007 | Step 1350 | lr=3.454915e-04 | loss=0.146625
Epoch 007 | Step 1360 | lr=3.454915e-04 | loss=0.134952
Epoch 007 | Step 1370 | lr=3.454915e-04 | loss=0.141957
Epoch 007 | Step 1380 | lr=3.454915e-04 | loss=0.139752
Epoch 007 | Step 1390 | lr=3.454915e-04 | loss=0.146791
Epoch 007 | Step 1400 | lr=3.454915e-04 | loss=0.136583
Epoch 007 | Step 1410 | lr=3.454915e-04 | loss=0.148348
Epoch 007 | Step 1420 | lr=3.454915e-04 | loss=0.136606
Epoch 007 | Step 1430 | lr=3.454915e-04 | loss=0.143155
Epoch 007 | Step 1440 | lr=3.454915e-04 | loss=0.150392
Epoch 007 | Step 1450 | lr=3.454915e-04 | loss=0.147316
Epoch 007 | Step 1460 | lr=3.454915e-04 | loss=0.143088
Epoch 007 | Step 1470 | lr=3.454915e-04 | loss=0.146001
Epoch 007 | Step 1480 | lr=3.454915e-04 | loss=0.139455
Epoch 007 | Step 1490 | lr=3.454915e-04 | loss=0.144374
Epoch 007 | Step 1500 | lr=3.454915e-04 | loss=0.142155
Epoch 007 | Step 1510 | lr=3.454915e-04 | loss=0.143403
Epoch 007 | Step 1520 | lr=3.454915e-04 | loss=0.148034
Epoch 007 | Step 1530 | lr=3.454915e-04 | loss=0.145846
Epoch 007 | Step 1540 | lr=3.454915e-04 | loss=0.139694
Epoch 007 | Step 1550 | lr=3.454915e-04 | loss=0.146343
Epoch 007 | Step 1560 | lr=3.454915e-04 | loss=0.140505
Epoch 007 | Step 1570 | lr=3.454915e-04 | loss=0.137941
Epoch 007 | Step 1580 | lr=3.454915e-04 | loss=0.133779
Epoch 007 | Step 1590 | lr=3.454915e-04 | loss=0.135446
Epoch 007 | Step 1600 | lr=3.454915e-04 | loss=0.133556
Epoch 007 | Step 1610 | lr=3.454915e-04 | loss=0.139413
Epoch 007 | Step 1620 | lr=3.454915e-04 | loss=0.137821
Epoch 007 | Step 1630 | lr=3.454915e-04 | loss=0.141708
Epoch 007 | Step 1640 | lr=3.454915e-04 | loss=0.146813
Epoch 007 | Step 1650 | lr=3.454915e-04 | loss=0.139407
Epoch 007 | Step 1660 | lr=3.454915e-04 | loss=0.147983
Epoch 007 | Step 1670 | lr=3.454915e-04 | loss=0.137921
Epoch 007 | Step 1680 | lr=3.454915e-04 | loss=0.141560
Epoch 007 | Step 1690 | lr=3.454915e-04 | loss=0.135170
Epoch 007 | Step 1700 | lr=3.454915e-04 | loss=0.136991
Epoch 007 | Step 1710 | lr=3.454915e-04 | loss=0.141544
Epoch 007 | Step 1720 | lr=3.454915e-04 | loss=0.137442
Epoch 007 | Step 1730 | lr=3.454915e-04 | loss=0.136723
Epoch 007 | Step 1740 | lr=3.454915e-04 | loss=0.143422
Epoch 007 | Step 1750 | lr=3.454915e-04 | loss=0.143549
Epoch 007 | Step 1760 | lr=3.454915e-04 | loss=0.143018
Epoch 007 | Step 1770 | lr=3.454915e-04 | loss=0.144644
Epoch 007 | Step 1780 | lr=3.454915e-04 | loss=0.151649
Epoch 007 | Step 1790 | lr=3.454915e-04 | loss=0.138731
Epoch 007 | Step 1800 | lr=3.454915e-04 | loss=0.140472
Epoch 007 | Step 1810 | lr=3.454915e-04 | loss=0.145098
Epoch 007 | Step 1820 | lr=3.454915e-04 | loss=0.151939
Epoch 007 | Step 1830 | lr=3.454915e-04 | loss=0.144280
Epoch 007 | Step 1840 | lr=3.454915e-04 | loss=0.138214
Epoch 007 | Step 1850 | lr=3.454915e-04 | loss=0.141752
Epoch 007 | Step 1860 | lr=3.454915e-04 | loss=0.144337
Epoch 007 | Step 1870 | lr=3.454915e-04 | loss=0.146819
Epoch 007 | Step 1880 | lr=3.454915e-04 | loss=0.139710
Epoch 007 | Step 1890 | lr=3.454915e-04 | loss=0.144763
Epoch 007 | Step 1900 | lr=3.454915e-04 | loss=0.142924
Epoch 007 | Step 1910 | lr=3.454915e-04 | loss=0.138844
Epoch 007 | Step 1920 | lr=3.454915e-04 | loss=0.140105
Epoch 007 | Step 1930 | lr=3.454915e-04 | loss=0.137265
epoch 007 | train_kld=0.141328 | val_kld=0.135572 | val_mae=0.002603 | val_mse=0.000083 | ord_acc@10=0.3210 | recall@10=0.8319
Epoch 008 | Step 10 | lr=2.061074e-04 | loss=0.143751
Epoch 008 | Step 20 | lr=2.061074e-04 | loss=0.139872
Epoch 008 | Step 30 | lr=2.061074e-04 | loss=0.137787
Epoch 008 | Step 40 | lr=2.061074e-04 | loss=0.128779
Epoch 008 | Step 50 | lr=2.061074e-04 | loss=0.132038
Epoch 008 | Step 60 | lr=2.061074e-04 | loss=0.139904
Epoch 008 | Step 70 | lr=2.061074e-04 | loss=0.141146
Epoch 008 | Step 80 | lr=2.061074e-04 | loss=0.145845
Epoch 008 | Step 90 | lr=2.061074e-04 | loss=0.136861
Epoch 008 | Step 100 | lr=2.061074e-04 | loss=0.134566
Epoch 008 | Step 110 | lr=2.061074e-04 | loss=0.134732
Epoch 008 | Step 120 | lr=2.061074e-04 | loss=0.134387
Epoch 008 | Step 130 | lr=2.061074e-04 | loss=0.136573
Epoch 008 | Step 140 | lr=2.061074e-04 | loss=0.142315
Epoch 008 | Step 150 | lr=2.061074e-04 | loss=0.131760
Epoch 008 | Step 160 | lr=2.061074e-04 | loss=0.149106
Epoch 008 | Step 170 | lr=2.061074e-04 | loss=0.137871
Epoch 008 | Step 180 | lr=2.061074e-04 | loss=0.131560
Epoch 008 | Step 190 | lr=2.061074e-04 | loss=0.139126
Epoch 008 | Step 200 | lr=2.061074e-04 | loss=0.141858
Epoch 008 | Step 210 | lr=2.061074e-04 | loss=0.133155
Epoch 008 | Step 220 | lr=2.061074e-04 | loss=0.132690
Epoch 008 | Step 230 | lr=2.061074e-04 | loss=0.141791
Epoch 008 | Step 240 | lr=2.061074e-04 | loss=0.126297
Epoch 008 | Step 250 | lr=2.061074e-04 | loss=0.130159
Epoch 008 | Step 260 | lr=2.061074e-04 | loss=0.142023
Epoch 008 | Step 270 | lr=2.061074e-04 | loss=0.133494
Epoch 008 | Step 280 | lr=2.061074e-04 | loss=0.138556
Epoch 008 | Step 290 | lr=2.061074e-04 | loss=0.144691
Epoch 008 | Step 300 | lr=2.061074e-04 | loss=0.137885
Epoch 008 | Step 310 | lr=2.061074e-04 | loss=0.135398
Epoch 008 | Step 320 | lr=2.061074e-04 | loss=0.138198
Epoch 008 | Step 330 | lr=2.061074e-04 | loss=0.142806
Epoch 008 | Step 340 | lr=2.061074e-04 | loss=0.142134
Epoch 008 | Step 350 | lr=2.061074e-04 | loss=0.135798
Epoch 008 | Step 360 | lr=2.061074e-04 | loss=0.140124
Epoch 008 | Step 370 | lr=2.061074e-04 | loss=0.137760
Epoch 008 | Step 380 | lr=2.061074e-04 | loss=0.131845
Epoch 008 | Step 390 | lr=2.061074e-04 | loss=0.135890
Epoch 008 | Step 400 | lr=2.061074e-04 | loss=0.140594
Epoch 008 | Step 410 | lr=2.061074e-04 | loss=0.131619
Epoch 008 | Step 420 | lr=2.061074e-04 | loss=0.139194
Epoch 008 | Step 430 | lr=2.061074e-04 | loss=0.140468
Epoch 008 | Step 440 | lr=2.061074e-04 | loss=0.131165
Epoch 008 | Step 450 | lr=2.061074e-04 | loss=0.140760
Epoch 008 | Step 460 | lr=2.061074e-04 | loss=0.143521
Epoch 008 | Step 470 | lr=2.061074e-04 | loss=0.137001
Epoch 008 | Step 480 | lr=2.061074e-04 | loss=0.133889
Epoch 008 | Step 490 | lr=2.061074e-04 | loss=0.142956
Epoch 008 | Step 500 | lr=2.061074e-04 | loss=0.135611
Epoch 008 | Step 510 | lr=2.061074e-04 | loss=0.133978
Epoch 008 | Step 520 | lr=2.061074e-04 | loss=0.145456
Epoch 008 | Step 530 | lr=2.061074e-04 | loss=0.144978
Epoch 008 | Step 540 | lr=2.061074e-04 | loss=0.128493
Epoch 008 | Step 550 | lr=2.061074e-04 | loss=0.128545
Epoch 008 | Step 560 | lr=2.061074e-04 | loss=0.135796
Epoch 008 | Step 570 | lr=2.061074e-04 | loss=0.139127
Epoch 008 | Step 580 | lr=2.061074e-04 | loss=0.142677
Epoch 008 | Step 590 | lr=2.061074e-04 | loss=0.141425
Epoch 008 | Step 600 | lr=2.061074e-04 | loss=0.136665
Epoch 008 | Step 610 | lr=2.061074e-04 | loss=0.133027
Epoch 008 | Step 620 | lr=2.061074e-04 | loss=0.133465
Epoch 008 | Step 630 | lr=2.061074e-04 | loss=0.137813
Epoch 008 | Step 640 | lr=2.061074e-04 | loss=0.130934
Epoch 008 | Step 650 | lr=2.061074e-04 | loss=0.135595
Epoch 008 | Step 660 | lr=2.061074e-04 | loss=0.135550
Epoch 008 | Step 670 | lr=2.061074e-04 | loss=0.141625
Epoch 008 | Step 680 | lr=2.061074e-04 | loss=0.141095
Epoch 008 | Step 690 | lr=2.061074e-04 | loss=0.140483
Epoch 008 | Step 700 | lr=2.061074e-04 | loss=0.135264
Epoch 008 | Step 710 | lr=2.061074e-04 | loss=0.132840
Epoch 008 | Step 720 | lr=2.061074e-04 | loss=0.143448
Epoch 008 | Step 730 | lr=2.061074e-04 | loss=0.139544
Epoch 008 | Step 740 | lr=2.061074e-04 | loss=0.139225
Epoch 008 | Step 750 | lr=2.061074e-04 | loss=0.149440
Epoch 008 | Step 760 | lr=2.061074e-04 | loss=0.143669
Epoch 008 | Step 770 | lr=2.061074e-04 | loss=0.142358
Epoch 008 | Step 780 | lr=2.061074e-04 | loss=0.139602
Epoch 008 | Step 790 | lr=2.061074e-04 | loss=0.139506
Epoch 008 | Step 800 | lr=2.061074e-04 | loss=0.135228
Epoch 008 | Step 810 | lr=2.061074e-04 | loss=0.139349
Epoch 008 | Step 820 | lr=2.061074e-04 | loss=0.149090
Epoch 008 | Step 830 | lr=2.061074e-04 | loss=0.131081
Epoch 008 | Step 840 | lr=2.061074e-04 | loss=0.133312
Epoch 008 | Step 850 | lr=2.061074e-04 | loss=0.133293
Epoch 008 | Step 860 | lr=2.061074e-04 | loss=0.140177
Epoch 008 | Step 870 | lr=2.061074e-04 | loss=0.143399
Epoch 008 | Step 880 | lr=2.061074e-04 | loss=0.142276
Epoch 008 | Step 890 | lr=2.061074e-04 | loss=0.136504
Epoch 008 | Step 900 | lr=2.061074e-04 | loss=0.135724
Epoch 008 | Step 910 | lr=2.061074e-04 | loss=0.134161
Epoch 008 | Step 920 | lr=2.061074e-04 | loss=0.133501
Epoch 008 | Step 930 | lr=2.061074e-04 | loss=0.129784
Epoch 008 | Step 940 | lr=2.061074e-04 | loss=0.136889
Epoch 008 | Step 950 | lr=2.061074e-04 | loss=0.132627
Epoch 008 | Step 960 | lr=2.061074e-04 | loss=0.137505
Epoch 008 | Step 970 | lr=2.061074e-04 | loss=0.141165
Epoch 008 | Step 980 | lr=2.061074e-04 | loss=0.125709
Epoch 008 | Step 990 | lr=2.061074e-04 | loss=0.143051
Epoch 008 | Step 1000 | lr=2.061074e-04 | loss=0.142809
Epoch 008 | Step 1010 | lr=2.061074e-04 | loss=0.140566
Epoch 008 | Step 1020 | lr=2.061074e-04 | loss=0.137255
Epoch 008 | Step 1030 | lr=2.061074e-04 | loss=0.134414
Epoch 008 | Step 1040 | lr=2.061074e-04 | loss=0.136763
Epoch 008 | Step 1050 | lr=2.061074e-04 | loss=0.140274
Epoch 008 | Step 1060 | lr=2.061074e-04 | loss=0.140741
Epoch 008 | Step 1070 | lr=2.061074e-04 | loss=0.138943
Epoch 008 | Step 1080 | lr=2.061074e-04 | loss=0.135190
Epoch 008 | Step 1090 | lr=2.061074e-04 | loss=0.130816
Epoch 008 | Step 1100 | lr=2.061074e-04 | loss=0.136587
Epoch 008 | Step 1110 | lr=2.061074e-04 | loss=0.140160
Epoch 008 | Step 1120 | lr=2.061074e-04 | loss=0.135622
Epoch 008 | Step 1130 | lr=2.061074e-04 | loss=0.139587
Epoch 008 | Step 1140 | lr=2.061074e-04 | loss=0.140247
Epoch 008 | Step 1150 | lr=2.061074e-04 | loss=0.144705
Epoch 008 | Step 1160 | lr=2.061074e-04 | loss=0.135605
Epoch 008 | Step 1170 | lr=2.061074e-04 | loss=0.143206
Epoch 008 | Step 1180 | lr=2.061074e-04 | loss=0.139293
Epoch 008 | Step 1190 | lr=2.061074e-04 | loss=0.139352
Epoch 008 | Step 1200 | lr=2.061074e-04 | loss=0.134325
Epoch 008 | Step 1210 | lr=2.061074e-04 | loss=0.139939
Epoch 008 | Step 1220 | lr=2.061074e-04 | loss=0.141644
Epoch 008 | Step 1230 | lr=2.061074e-04 | loss=0.141282
Epoch 008 | Step 1240 | lr=2.061074e-04 | loss=0.146261
Epoch 008 | Step 1250 | lr=2.061074e-04 | loss=0.138034
Epoch 008 | Step 1260 | lr=2.061074e-04 | loss=0.140667
Epoch 008 | Step 1270 | lr=2.061074e-04 | loss=0.143375
Epoch 008 | Step 1280 | lr=2.061074e-04 | loss=0.135745
Epoch 008 | Step 1290 | lr=2.061074e-04 | loss=0.138520
Epoch 008 | Step 1300 | lr=2.061074e-04 | loss=0.135341
Epoch 008 | Step 1310 | lr=2.061074e-04 | loss=0.148032
Epoch 008 | Step 1320 | lr=2.061074e-04 | loss=0.138725
Epoch 008 | Step 1330 | lr=2.061074e-04 | loss=0.140171
Epoch 008 | Step 1340 | lr=2.061074e-04 | loss=0.132061
Epoch 008 | Step 1350 | lr=2.061074e-04 | loss=0.151633
Epoch 008 | Step 1360 | lr=2.061074e-04 | loss=0.140682
Epoch 008 | Step 1370 | lr=2.061074e-04 | loss=0.140539
Epoch 008 | Step 1380 | lr=2.061074e-04 | loss=0.139788
Epoch 008 | Step 1390 | lr=2.061074e-04 | loss=0.134173
Epoch 008 | Step 1400 | lr=2.061074e-04 | loss=0.146435
Epoch 008 | Step 1410 | lr=2.061074e-04 | loss=0.134358
Epoch 008 | Step 1420 | lr=2.061074e-04 | loss=0.140261
Epoch 008 | Step 1430 | lr=2.061074e-04 | loss=0.137080
Epoch 008 | Step 1440 | lr=2.061074e-04 | loss=0.146609
Epoch 008 | Step 1450 | lr=2.061074e-04 | loss=0.131818
Epoch 008 | Step 1460 | lr=2.061074e-04 | loss=0.141720
Epoch 008 | Step 1470 | lr=2.061074e-04 | loss=0.132331
Epoch 008 | Step 1480 | lr=2.061074e-04 | loss=0.139510
Epoch 008 | Step 1490 | lr=2.061074e-04 | loss=0.145170
Epoch 008 | Step 1500 | lr=2.061074e-04 | loss=0.144305
Epoch 008 | Step 1510 | lr=2.061074e-04 | loss=0.139684
Epoch 008 | Step 1520 | lr=2.061074e-04 | loss=0.143273
Epoch 008 | Step 1530 | lr=2.061074e-04 | loss=0.150190
Epoch 008 | Step 1540 | lr=2.061074e-04 | loss=0.142218
Epoch 008 | Step 1550 | lr=2.061074e-04 | loss=0.128469
Epoch 008 | Step 1560 | lr=2.061074e-04 | loss=0.137152
Epoch 008 | Step 1570 | lr=2.061074e-04 | loss=0.133014
Epoch 008 | Step 1580 | lr=2.061074e-04 | loss=0.141551
Epoch 008 | Step 1590 | lr=2.061074e-04 | loss=0.127302
Epoch 008 | Step 1600 | lr=2.061074e-04 | loss=0.140646
Epoch 008 | Step 1610 | lr=2.061074e-04 | loss=0.134037
Epoch 008 | Step 1620 | lr=2.061074e-04 | loss=0.142845
Epoch 008 | Step 1630 | lr=2.061074e-04 | loss=0.136466
Epoch 008 | Step 1640 | lr=2.061074e-04 | loss=0.148023
Epoch 008 | Step 1650 | lr=2.061074e-04 | loss=0.135713
Epoch 008 | Step 1660 | lr=2.061074e-04 | loss=0.131367
Epoch 008 | Step 1670 | lr=2.061074e-04 | loss=0.139422
Epoch 008 | Step 1680 | lr=2.061074e-04 | loss=0.134230
Epoch 008 | Step 1690 | lr=2.061074e-04 | loss=0.136088
Epoch 008 | Step 1700 | lr=2.061074e-04 | loss=0.143868
Epoch 008 | Step 1710 | lr=2.061074e-04 | loss=0.136142
Epoch 008 | Step 1720 | lr=2.061074e-04 | loss=0.143295
Epoch 008 | Step 1730 | lr=2.061074e-04 | loss=0.136484
Epoch 008 | Step 1740 | lr=2.061074e-04 | loss=0.137586
Epoch 008 | Step 1750 | lr=2.061074e-04 | loss=0.129718
Epoch 008 | Step 1760 | lr=2.061074e-04 | loss=0.137635
Epoch 008 | Step 1770 | lr=2.061074e-04 | loss=0.136225
Epoch 008 | Step 1780 | lr=2.061074e-04 | loss=0.136598
Epoch 008 | Step 1790 | lr=2.061074e-04 | loss=0.138290
Epoch 008 | Step 1800 | lr=2.061074e-04 | loss=0.139916
Epoch 008 | Step 1810 | lr=2.061074e-04 | loss=0.125374
Epoch 008 | Step 1820 | lr=2.061074e-04 | loss=0.134113
Epoch 008 | Step 1830 | lr=2.061074e-04 | loss=0.131482
Epoch 008 | Step 1840 | lr=2.061074e-04 | loss=0.130886
Epoch 008 | Step 1850 | lr=2.061074e-04 | loss=0.133157
Epoch 008 | Step 1860 | lr=2.061074e-04 | loss=0.129926
Epoch 008 | Step 1870 | lr=2.061074e-04 | loss=0.135005
Epoch 008 | Step 1880 | lr=2.061074e-04 | loss=0.129380
Epoch 008 | Step 1890 | lr=2.061074e-04 | loss=0.142786
Epoch 008 | Step 1900 | lr=2.061074e-04 | loss=0.140781
Epoch 008 | Step 1910 | lr=2.061074e-04 | loss=0.145298
Epoch 008 | Step 1920 | lr=2.061074e-04 | loss=0.143134
Epoch 008 | Step 1930 | lr=2.061074e-04 | loss=0.136121
epoch 008 | train_kld=0.138002 | val_kld=0.133259 | val_mae=0.002570 | val_mse=0.000080 | ord_acc@10=0.3233 | recall@10=0.8310
Epoch 009 | Step 10 | lr=9.549150e-05 | loss=0.130908
Epoch 009 | Step 20 | lr=9.549150e-05 | loss=0.137120
Epoch 009 | Step 30 | lr=9.549150e-05 | loss=0.131496
Epoch 009 | Step 40 | lr=9.549150e-05 | loss=0.140821
Epoch 009 | Step 50 | lr=9.549150e-05 | loss=0.135521
Epoch 009 | Step 60 | lr=9.549150e-05 | loss=0.141587
Epoch 009 | Step 70 | lr=9.549150e-05 | loss=0.136850
Epoch 009 | Step 80 | lr=9.549150e-05 | loss=0.134682
Epoch 009 | Step 90 | lr=9.549150e-05 | loss=0.129241
Epoch 009 | Step 100 | lr=9.549150e-05 | loss=0.135489
Epoch 009 | Step 110 | lr=9.549150e-05 | loss=0.131488
Epoch 009 | Step 120 | lr=9.549150e-05 | loss=0.135541
Epoch 009 | Step 130 | lr=9.549150e-05 | loss=0.139671
Epoch 009 | Step 140 | lr=9.549150e-05 | loss=0.142422
Epoch 009 | Step 150 | lr=9.549150e-05 | loss=0.130617
Epoch 009 | Step 160 | lr=9.549150e-05 | loss=0.140635
Epoch 009 | Step 170 | lr=9.549150e-05 | loss=0.138071
Epoch 009 | Step 180 | lr=9.549150e-05 | loss=0.137611
Epoch 009 | Step 190 | lr=9.549150e-05 | loss=0.136426
Epoch 009 | Step 200 | lr=9.549150e-05 | loss=0.130941
Epoch 009 | Step 210 | lr=9.549150e-05 | loss=0.127867
Epoch 009 | Step 220 | lr=9.549150e-05 | loss=0.128130
Epoch 009 | Step 230 | lr=9.549150e-05 | loss=0.128660
Epoch 009 | Step 240 | lr=9.549150e-05 | loss=0.133581
Epoch 009 | Step 250 | lr=9.549150e-05 | loss=0.131022
Epoch 009 | Step 260 | lr=9.549150e-05 | loss=0.123486
Epoch 009 | Step 270 | lr=9.549150e-05 | loss=0.141542
Epoch 009 | Step 280 | lr=9.549150e-05 | loss=0.137151
Epoch 009 | Step 290 | lr=9.549150e-05 | loss=0.143185
Epoch 009 | Step 300 | lr=9.549150e-05 | loss=0.124459
Epoch 009 | Step 310 | lr=9.549150e-05 | loss=0.144207
Epoch 009 | Step 320 | lr=9.549150e-05 | loss=0.141689
Epoch 009 | Step 330 | lr=9.549150e-05 | loss=0.138591
Epoch 009 | Step 340 | lr=9.549150e-05 | loss=0.127614
Epoch 009 | Step 350 | lr=9.549150e-05 | loss=0.134146
Epoch 009 | Step 360 | lr=9.549150e-05 | loss=0.132794
Epoch 009 | Step 370 | lr=9.549150e-05 | loss=0.140315
Epoch 009 | Step 380 | lr=9.549150e-05 | loss=0.143978
Epoch 009 | Step 390 | lr=9.549150e-05 | loss=0.133906
Epoch 009 | Step 400 | lr=9.549150e-05 | loss=0.139049
Epoch 009 | Step 410 | lr=9.549150e-05 | loss=0.139410
Epoch 009 | Step 420 | lr=9.549150e-05 | loss=0.134694
Epoch 009 | Step 430 | lr=9.549150e-05 | loss=0.136011
Epoch 009 | Step 440 | lr=9.549150e-05 | loss=0.140080
Epoch 009 | Step 450 | lr=9.549150e-05 | loss=0.137919
Epoch 009 | Step 460 | lr=9.549150e-05 | loss=0.139630
Epoch 009 | Step 470 | lr=9.549150e-05 | loss=0.147688
Epoch 009 | Step 480 | lr=9.549150e-05 | loss=0.145191
Epoch 009 | Step 490 | lr=9.549150e-05 | loss=0.142887
Epoch 009 | Step 500 | lr=9.549150e-05 | loss=0.135433
Epoch 009 | Step 510 | lr=9.549150e-05 | loss=0.144222
Epoch 009 | Step 520 | lr=9.549150e-05 | loss=0.134627
Epoch 009 | Step 530 | lr=9.549150e-05 | loss=0.136535
Epoch 009 | Step 540 | lr=9.549150e-05 | loss=0.142613
Epoch 009 | Step 550 | lr=9.549150e-05 | loss=0.129856
Epoch 009 | Step 560 | lr=9.549150e-05 | loss=0.130050
Epoch 009 | Step 570 | lr=9.549150e-05 | loss=0.132505
Epoch 009 | Step 580 | lr=9.549150e-05 | loss=0.132364
Epoch 009 | Step 590 | lr=9.549150e-05 | loss=0.139908
Epoch 009 | Step 600 | lr=9.549150e-05 | loss=0.135034
Epoch 009 | Step 610 | lr=9.549150e-05 | loss=0.135986
Epoch 009 | Step 620 | lr=9.549150e-05 | loss=0.143830
Epoch 009 | Step 630 | lr=9.549150e-05 | loss=0.142968
Epoch 009 | Step 640 | lr=9.549150e-05 | loss=0.139256
Epoch 009 | Step 650 | lr=9.549150e-05 | loss=0.143529
Epoch 009 | Step 660 | lr=9.549150e-05 | loss=0.130087
Epoch 009 | Step 670 | lr=9.549150e-05 | loss=0.140818
Epoch 009 | Step 680 | lr=9.549150e-05 | loss=0.134690
Epoch 009 | Step 690 | lr=9.549150e-05 | loss=0.132272
Epoch 009 | Step 700 | lr=9.549150e-05 | loss=0.126175
Epoch 009 | Step 710 | lr=9.549150e-05 | loss=0.138044
Epoch 009 | Step 720 | lr=9.549150e-05 | loss=0.136447
Epoch 009 | Step 730 | lr=9.549150e-05 | loss=0.122358
Epoch 009 | Step 740 | lr=9.549150e-05 | loss=0.138122
Epoch 009 | Step 750 | lr=9.549150e-05 | loss=0.134998
Epoch 009 | Step 760 | lr=9.549150e-05 | loss=0.135856
Epoch 009 | Step 770 | lr=9.549150e-05 | loss=0.131293
Epoch 009 | Step 780 | lr=9.549150e-05 | loss=0.141808
Epoch 009 | Step 790 | lr=9.549150e-05 | loss=0.129733
Epoch 009 | Step 800 | lr=9.549150e-05 | loss=0.139924
Epoch 009 | Step 810 | lr=9.549150e-05 | loss=0.134686
Epoch 009 | Step 820 | lr=9.549150e-05 | loss=0.144775
Epoch 009 | Step 830 | lr=9.549150e-05 | loss=0.134704
Epoch 009 | Step 840 | lr=9.549150e-05 | loss=0.141037
Epoch 009 | Step 850 | lr=9.549150e-05 | loss=0.144272
Epoch 009 | Step 860 | lr=9.549150e-05 | loss=0.142863
Epoch 009 | Step 870 | lr=9.549150e-05 | loss=0.138847
Epoch 009 | Step 880 | lr=9.549150e-05 | loss=0.136382
Epoch 009 | Step 890 | lr=9.549150e-05 | loss=0.129597
Epoch 009 | Step 900 | lr=9.549150e-05 | loss=0.133069
Epoch 009 | Step 910 | lr=9.549150e-05 | loss=0.134807
Epoch 009 | Step 920 | lr=9.549150e-05 | loss=0.132486
Epoch 009 | Step 930 | lr=9.549150e-05 | loss=0.126912
Epoch 009 | Step 940 | lr=9.549150e-05 | loss=0.127470
Epoch 009 | Step 950 | lr=9.549150e-05 | loss=0.148592
Epoch 009 | Step 960 | lr=9.549150e-05 | loss=0.132753
Epoch 009 | Step 970 | lr=9.549150e-05 | loss=0.130235
Epoch 009 | Step 980 | lr=9.549150e-05 | loss=0.128014
Epoch 009 | Step 990 | lr=9.549150e-05 | loss=0.127997
Epoch 009 | Step 1000 | lr=9.549150e-05 | loss=0.133277
Epoch 009 | Step 1010 | lr=9.549150e-05 | loss=0.129849
Epoch 009 | Step 1020 | lr=9.549150e-05 | loss=0.137241
Epoch 009 | Step 1030 | lr=9.549150e-05 | loss=0.135284
Epoch 009 | Step 1040 | lr=9.549150e-05 | loss=0.142428
Epoch 009 | Step 1050 | lr=9.549150e-05 | loss=0.130451
Epoch 009 | Step 1060 | lr=9.549150e-05 | loss=0.136114
Epoch 009 | Step 1070 | lr=9.549150e-05 | loss=0.139173
Epoch 009 | Step 1080 | lr=9.549150e-05 | loss=0.127412
Epoch 009 | Step 1090 | lr=9.549150e-05 | loss=0.136256
Epoch 009 | Step 1100 | lr=9.549150e-05 | loss=0.144331
Epoch 009 | Step 1110 | lr=9.549150e-05 | loss=0.141543
Epoch 009 | Step 1120 | lr=9.549150e-05 | loss=0.135115
Epoch 009 | Step 1130 | lr=9.549150e-05 | loss=0.140009
Epoch 009 | Step 1140 | lr=9.549150e-05 | loss=0.133364
Epoch 009 | Step 1150 | lr=9.549150e-05 | loss=0.142726
Epoch 009 | Step 1160 | lr=9.549150e-05 | loss=0.133720
Epoch 009 | Step 1170 | lr=9.549150e-05 | loss=0.138825
Epoch 009 | Step 1180 | lr=9.549150e-05 | loss=0.138266
Epoch 009 | Step 1190 | lr=9.549150e-05 | loss=0.132344
Epoch 009 | Step 1200 | lr=9.549150e-05 | loss=0.133174
Epoch 009 | Step 1210 | lr=9.549150e-05 | loss=0.124692
Epoch 009 | Step 1220 | lr=9.549150e-05 | loss=0.129565
Epoch 009 | Step 1230 | lr=9.549150e-05 | loss=0.135476
Epoch 009 | Step 1240 | lr=9.549150e-05 | loss=0.134434
Epoch 009 | Step 1250 | lr=9.549150e-05 | loss=0.132968
Epoch 009 | Step 1260 | lr=9.549150e-05 | loss=0.139223
Epoch 009 | Step 1270 | lr=9.549150e-05 | loss=0.135020
Epoch 009 | Step 1280 | lr=9.549150e-05 | loss=0.134656
Epoch 009 | Step 1290 | lr=9.549150e-05 | loss=0.149018
Epoch 009 | Step 1300 | lr=9.549150e-05 | loss=0.133638
Epoch 009 | Step 1310 | lr=9.549150e-05 | loss=0.141525
Epoch 009 | Step 1320 | lr=9.549150e-05 | loss=0.148016
Epoch 009 | Step 1330 | lr=9.549150e-05 | loss=0.130393
Epoch 009 | Step 1340 | lr=9.549150e-05 | loss=0.127420
Epoch 009 | Step 1350 | lr=9.549150e-05 | loss=0.143154
Epoch 009 | Step 1360 | lr=9.549150e-05 | loss=0.128282
Epoch 009 | Step 1370 | lr=9.549150e-05 | loss=0.137126
Epoch 009 | Step 1380 | lr=9.549150e-05 | loss=0.138100
Epoch 009 | Step 1390 | lr=9.549150e-05 | loss=0.129888
Epoch 009 | Step 1400 | lr=9.549150e-05 | loss=0.133183
Epoch 009 | Step 1410 | lr=9.549150e-05 | loss=0.132656
Epoch 009 | Step 1420 | lr=9.549150e-05 | loss=0.131681
Epoch 009 | Step 1430 | lr=9.549150e-05 | loss=0.130099
Epoch 009 | Step 1440 | lr=9.549150e-05 | loss=0.134613
Epoch 009 | Step 1450 | lr=9.549150e-05 | loss=0.131418
Epoch 009 | Step 1460 | lr=9.549150e-05 | loss=0.127710
Epoch 009 | Step 1470 | lr=9.549150e-05 | loss=0.135539
Epoch 009 | Step 1480 | lr=9.549150e-05 | loss=0.131766
Epoch 009 | Step 1490 | lr=9.549150e-05 | loss=0.133468
Epoch 009 | Step 1500 | lr=9.549150e-05 | loss=0.133089
Epoch 009 | Step 1510 | lr=9.549150e-05 | loss=0.139818
Epoch 009 | Step 1520 | lr=9.549150e-05 | loss=0.142316
Epoch 009 | Step 1530 | lr=9.549150e-05 | loss=0.132702
Epoch 009 | Step 1540 | lr=9.549150e-05 | loss=0.136507
Epoch 009 | Step 1550 | lr=9.549150e-05 | loss=0.146417
Epoch 009 | Step 1560 | lr=9.549150e-05 | loss=0.132124
Epoch 009 | Step 1570 | lr=9.549150e-05 | loss=0.137090
Epoch 009 | Step 1580 | lr=9.549150e-05 | loss=0.127005
Epoch 009 | Step 1590 | lr=9.549150e-05 | loss=0.140949
Epoch 009 | Step 1600 | lr=9.549150e-05 | loss=0.136399
Epoch 009 | Step 1610 | lr=9.549150e-05 | loss=0.136358
Epoch 009 | Step 1620 | lr=9.549150e-05 | loss=0.140084
Epoch 009 | Step 1630 | lr=9.549150e-05 | loss=0.134900
Epoch 009 | Step 1640 | lr=9.549150e-05 | loss=0.138286
Epoch 009 | Step 1650 | lr=9.549150e-05 | loss=0.133189
Epoch 009 | Step 1660 | lr=9.549150e-05 | loss=0.132161
Epoch 009 | Step 1670 | lr=9.549150e-05 | loss=0.134449
Epoch 009 | Step 1680 | lr=9.549150e-05 | loss=0.142310
Epoch 009 | Step 1690 | lr=9.549150e-05 | loss=0.136842
Epoch 009 | Step 1700 | lr=9.549150e-05 | loss=0.136095
Epoch 009 | Step 1710 | lr=9.549150e-05 | loss=0.128413
Epoch 009 | Step 1720 | lr=9.549150e-05 | loss=0.138258
Epoch 009 | Step 1730 | lr=9.549150e-05 | loss=0.133673
Epoch 009 | Step 1740 | lr=9.549150e-05 | loss=0.136371
Epoch 009 | Step 1750 | lr=9.549150e-05 | loss=0.130309
Epoch 009 | Step 1760 | lr=9.549150e-05 | loss=0.129759
Epoch 009 | Step 1770 | lr=9.549150e-05 | loss=0.136212
Epoch 009 | Step 1780 | lr=9.549150e-05 | loss=0.128999
Epoch 009 | Step 1790 | lr=9.549150e-05 | loss=0.128489
Epoch 009 | Step 1800 | lr=9.549150e-05 | loss=0.137121
Epoch 009 | Step 1810 | lr=9.549150e-05 | loss=0.139827
Epoch 009 | Step 1820 | lr=9.549150e-05 | loss=0.137699
Epoch 009 | Step 1830 | lr=9.549150e-05 | loss=0.138738
Epoch 009 | Step 1840 | lr=9.549150e-05 | loss=0.143460
Epoch 009 | Step 1850 | lr=9.549150e-05 | loss=0.142828
Epoch 009 | Step 1860 | lr=9.549150e-05 | loss=0.138576
Epoch 009 | Step 1870 | lr=9.549150e-05 | loss=0.135394
Epoch 009 | Step 1880 | lr=9.549150e-05 | loss=0.126938
Epoch 009 | Step 1890 | lr=9.549150e-05 | loss=0.128232
Epoch 009 | Step 1900 | lr=9.549150e-05 | loss=0.136010
Epoch 009 | Step 1910 | lr=9.549150e-05 | loss=0.131450
Epoch 009 | Step 1920 | lr=9.549150e-05 | loss=0.123912
Epoch 009 | Step 1930 | lr=9.549150e-05 | loss=0.125943
epoch 009 | train_kld=0.135342 | val_kld=0.131797 | val_mae=0.002552 | val_mse=0.000078 | ord_acc@10=0.3264 | recall@10=0.8339
Epoch 010 | Step 10 | lr=2.447174e-05 | loss=0.132686
Epoch 010 | Step 20 | lr=2.447174e-05 | loss=0.133165
Epoch 010 | Step 30 | lr=2.447174e-05 | loss=0.120737
Epoch 010 | Step 40 | lr=2.447174e-05 | loss=0.131248
Epoch 010 | Step 50 | lr=2.447174e-05 | loss=0.139439
Epoch 010 | Step 60 | lr=2.447174e-05 | loss=0.135140
Epoch 010 | Step 70 | lr=2.447174e-05 | loss=0.127827
Epoch 010 | Step 80 | lr=2.447174e-05 | loss=0.134028
Epoch 010 | Step 90 | lr=2.447174e-05 | loss=0.134561
Epoch 010 | Step 100 | lr=2.447174e-05 | loss=0.135250
Epoch 010 | Step 110 | lr=2.447174e-05 | loss=0.137869
Epoch 010 | Step 120 | lr=2.447174e-05 | loss=0.138775
Epoch 010 | Step 130 | lr=2.447174e-05 | loss=0.130467
Epoch 010 | Step 140 | lr=2.447174e-05 | loss=0.122030
Epoch 010 | Step 150 | lr=2.447174e-05 | loss=0.141050
Epoch 010 | Step 160 | lr=2.447174e-05 | loss=0.134822
Epoch 010 | Step 170 | lr=2.447174e-05 | loss=0.131460
Epoch 010 | Step 180 | lr=2.447174e-05 | loss=0.130139
Epoch 010 | Step 190 | lr=2.447174e-05 | loss=0.127527
Epoch 010 | Step 200 | lr=2.447174e-05 | loss=0.130817
Epoch 010 | Step 210 | lr=2.447174e-05 | loss=0.131022
Epoch 010 | Step 220 | lr=2.447174e-05 | loss=0.132932
Epoch 010 | Step 230 | lr=2.447174e-05 | loss=0.136838
Epoch 010 | Step 240 | lr=2.447174e-05 | loss=0.121876
Epoch 010 | Step 250 | lr=2.447174e-05 | loss=0.138862
Epoch 010 | Step 260 | lr=2.447174e-05 | loss=0.140602
Epoch 010 | Step 270 | lr=2.447174e-05 | loss=0.140931
Epoch 010 | Step 280 | lr=2.447174e-05 | loss=0.138003
Epoch 010 | Step 290 | lr=2.447174e-05 | loss=0.138207
Epoch 010 | Step 300 | lr=2.447174e-05 | loss=0.136665
Epoch 010 | Step 310 | lr=2.447174e-05 | loss=0.138350
Epoch 010 | Step 320 | lr=2.447174e-05 | loss=0.139179
Epoch 010 | Step 330 | lr=2.447174e-05 | loss=0.138026
Epoch 010 | Step 340 | lr=2.447174e-05 | loss=0.136012
Epoch 010 | Step 350 | lr=2.447174e-05 | loss=0.129771
Epoch 010 | Step 360 | lr=2.447174e-05 | loss=0.130325
Epoch 010 | Step 370 | lr=2.447174e-05 | loss=0.137214
Epoch 010 | Step 380 | lr=2.447174e-05 | loss=0.132033
Epoch 010 | Step 390 | lr=2.447174e-05 | loss=0.131812
Epoch 010 | Step 400 | lr=2.447174e-05 | loss=0.129672
Epoch 010 | Step 410 | lr=2.447174e-05 | loss=0.139470
Epoch 010 | Step 420 | lr=2.447174e-05 | loss=0.140167
Epoch 010 | Step 430 | lr=2.447174e-05 | loss=0.132933
Epoch 010 | Step 440 | lr=2.447174e-05 | loss=0.132566
Epoch 010 | Step 450 | lr=2.447174e-05 | loss=0.137151
Epoch 010 | Step 460 | lr=2.447174e-05 | loss=0.129519
Epoch 010 | Step 470 | lr=2.447174e-05 | loss=0.138356
Epoch 010 | Step 480 | lr=2.447174e-05 | loss=0.132521
Epoch 010 | Step 490 | lr=2.447174e-05 | loss=0.143018
Epoch 010 | Step 500 | lr=2.447174e-05 | loss=0.127645
Epoch 010 | Step 510 | lr=2.447174e-05 | loss=0.142426
Epoch 010 | Step 520 | lr=2.447174e-05 | loss=0.139933
Epoch 010 | Step 530 | lr=2.447174e-05 | loss=0.138644
Epoch 010 | Step 540 | lr=2.447174e-05 | loss=0.135500
Epoch 010 | Step 550 | lr=2.447174e-05 | loss=0.137165
Epoch 010 | Step 560 | lr=2.447174e-05 | loss=0.140404
Epoch 010 | Step 570 | lr=2.447174e-05 | loss=0.131593
Epoch 010 | Step 580 | lr=2.447174e-05 | loss=0.143389
Epoch 010 | Step 590 | lr=2.447174e-05 | loss=0.132344
Epoch 010 | Step 600 | lr=2.447174e-05 | loss=0.134560
Epoch 010 | Step 610 | lr=2.447174e-05 | loss=0.137495
Epoch 010 | Step 620 | lr=2.447174e-05 | loss=0.130360
Epoch 010 | Step 630 | lr=2.447174e-05 | loss=0.137582
Epoch 010 | Step 640 | lr=2.447174e-05 | loss=0.131367
Epoch 010 | Step 650 | lr=2.447174e-05 | loss=0.137133
Epoch 010 | Step 660 | lr=2.447174e-05 | loss=0.143053
Epoch 010 | Step 670 | lr=2.447174e-05 | loss=0.136053
Epoch 010 | Step 680 | lr=2.447174e-05 | loss=0.125958
Epoch 010 | Step 690 | lr=2.447174e-05 | loss=0.135574
Epoch 010 | Step 700 | lr=2.447174e-05 | loss=0.133362
Epoch 010 | Step 710 | lr=2.447174e-05 | loss=0.129951
Epoch 010 | Step 720 | lr=2.447174e-05 | loss=0.135271
Epoch 010 | Step 730 | lr=2.447174e-05 | loss=0.136842
Epoch 010 | Step 740 | lr=2.447174e-05 | loss=0.122921
Epoch 010 | Step 750 | lr=2.447174e-05 | loss=0.130724
Epoch 010 | Step 760 | lr=2.447174e-05 | loss=0.121526
Epoch 010 | Step 770 | lr=2.447174e-05 | loss=0.132827
Epoch 010 | Step 780 | lr=2.447174e-05 | loss=0.137102
Epoch 010 | Step 790 | lr=2.447174e-05 | loss=0.138929
Epoch 010 | Step 800 | lr=2.447174e-05 | loss=0.135910
Epoch 010 | Step 810 | lr=2.447174e-05 | loss=0.138072
Epoch 010 | Step 820 | lr=2.447174e-05 | loss=0.130152
Epoch 010 | Step 830 | lr=2.447174e-05 | loss=0.129920
Epoch 010 | Step 840 | lr=2.447174e-05 | loss=0.137137
Epoch 010 | Step 850 | lr=2.447174e-05 | loss=0.134796
Epoch 010 | Step 860 | lr=2.447174e-05 | loss=0.131862
Epoch 010 | Step 870 | lr=2.447174e-05 | loss=0.129804
Epoch 010 | Step 880 | lr=2.447174e-05 | loss=0.133440
Epoch 010 | Step 890 | lr=2.447174e-05 | loss=0.137108
Epoch 010 | Step 900 | lr=2.447174e-05 | loss=0.127491
Epoch 010 | Step 910 | lr=2.447174e-05 | loss=0.133573
Epoch 010 | Step 920 | lr=2.447174e-05 | loss=0.129223
Epoch 010 | Step 930 | lr=2.447174e-05 | loss=0.124196
Epoch 010 | Step 940 | lr=2.447174e-05 | loss=0.138386
Epoch 010 | Step 950 | lr=2.447174e-05 | loss=0.129976
Epoch 010 | Step 960 | lr=2.447174e-05 | loss=0.132074
Epoch 010 | Step 970 | lr=2.447174e-05 | loss=0.138044
Epoch 010 | Step 980 | lr=2.447174e-05 | loss=0.130532
Epoch 010 | Step 990 | lr=2.447174e-05 | loss=0.135199
Epoch 010 | Step 1000 | lr=2.447174e-05 | loss=0.127656
Epoch 010 | Step 1010 | lr=2.447174e-05 | loss=0.134916
Epoch 010 | Step 1020 | lr=2.447174e-05 | loss=0.135820
Epoch 010 | Step 1030 | lr=2.447174e-05 | loss=0.132697
Epoch 010 | Step 1040 | lr=2.447174e-05 | loss=0.129809
Epoch 010 | Step 1050 | lr=2.447174e-05 | loss=0.130719
Epoch 010 | Step 1060 | lr=2.447174e-05 | loss=0.128596
Epoch 010 | Step 1070 | lr=2.447174e-05 | loss=0.143780
Epoch 010 | Step 1080 | lr=2.447174e-05 | loss=0.131253
Epoch 010 | Step 1090 | lr=2.447174e-05 | loss=0.134707
Epoch 010 | Step 1100 | lr=2.447174e-05 | loss=0.141644
Epoch 010 | Step 1110 | lr=2.447174e-05 | loss=0.136172
Epoch 010 | Step 1120 | lr=2.447174e-05 | loss=0.147011
Epoch 010 | Step 1130 | lr=2.447174e-05 | loss=0.124778
Epoch 010 | Step 1140 | lr=2.447174e-05 | loss=0.127063
Epoch 010 | Step 1150 | lr=2.447174e-05 | loss=0.135259
Epoch 010 | Step 1160 | lr=2.447174e-05 | loss=0.133897
Epoch 010 | Step 1170 | lr=2.447174e-05 | loss=0.125688
Epoch 010 | Step 1180 | lr=2.447174e-05 | loss=0.126801
Epoch 010 | Step 1190 | lr=2.447174e-05 | loss=0.130207
Epoch 010 | Step 1200 | lr=2.447174e-05 | loss=0.135228
Epoch 010 | Step 1210 | lr=2.447174e-05 | loss=0.131504
Epoch 010 | Step 1220 | lr=2.447174e-05 | loss=0.137318
Epoch 010 | Step 1230 | lr=2.447174e-05 | loss=0.129139
Epoch 010 | Step 1240 | lr=2.447174e-05 | loss=0.133773
Epoch 010 | Step 1250 | lr=2.447174e-05 | loss=0.128560
Epoch 010 | Step 1260 | lr=2.447174e-05 | loss=0.135122
Epoch 010 | Step 1270 | lr=2.447174e-05 | loss=0.129519
Epoch 010 | Step 1280 | lr=2.447174e-05 | loss=0.133019
Epoch 010 | Step 1290 | lr=2.447174e-05 | loss=0.139815
Epoch 010 | Step 1300 | lr=2.447174e-05 | loss=0.132097
Epoch 010 | Step 1310 | lr=2.447174e-05 | loss=0.127632
Epoch 010 | Step 1320 | lr=2.447174e-05 | loss=0.137757
Epoch 010 | Step 1330 | lr=2.447174e-05 | loss=0.130171
Epoch 010 | Step 1340 | lr=2.447174e-05 | loss=0.124098
Epoch 010 | Step 1350 | lr=2.447174e-05 | loss=0.129833
Epoch 010 | Step 1360 | lr=2.447174e-05 | loss=0.138305
Epoch 010 | Step 1370 | lr=2.447174e-05 | loss=0.127719
Epoch 010 | Step 1380 | lr=2.447174e-05 | loss=0.132152
Epoch 010 | Step 1390 | lr=2.447174e-05 | loss=0.128905
Epoch 010 | Step 1400 | lr=2.447174e-05 | loss=0.126598
Epoch 010 | Step 1410 | lr=2.447174e-05 | loss=0.134492
Epoch 010 | Step 1420 | lr=2.447174e-05 | loss=0.131366
Epoch 010 | Step 1430 | lr=2.447174e-05 | loss=0.130209
Epoch 010 | Step 1440 | lr=2.447174e-05 | loss=0.133389
Epoch 010 | Step 1450 | lr=2.447174e-05 | loss=0.135877
Epoch 010 | Step 1460 | lr=2.447174e-05 | loss=0.138211
Epoch 010 | Step 1470 | lr=2.447174e-05 | loss=0.132907
Epoch 010 | Step 1480 | lr=2.447174e-05 | loss=0.125883
Epoch 010 | Step 1490 | lr=2.447174e-05 | loss=0.142407
Epoch 010 | Step 1500 | lr=2.447174e-05 | loss=0.131106
Epoch 010 | Step 1510 | lr=2.447174e-05 | loss=0.141272
Epoch 010 | Step 1520 | lr=2.447174e-05 | loss=0.134014
Epoch 010 | Step 1530 | lr=2.447174e-05 | loss=0.145685
Epoch 010 | Step 1540 | lr=2.447174e-05 | loss=0.132472
Epoch 010 | Step 1550 | lr=2.447174e-05 | loss=0.129333
Epoch 010 | Step 1560 | lr=2.447174e-05 | loss=0.125414
Epoch 010 | Step 1570 | lr=2.447174e-05 | loss=0.137090
Epoch 010 | Step 1580 | lr=2.447174e-05 | loss=0.140797
Epoch 010 | Step 1590 | lr=2.447174e-05 | loss=0.125942
Epoch 010 | Step 1600 | lr=2.447174e-05 | loss=0.131578
Epoch 010 | Step 1610 | lr=2.447174e-05 | loss=0.138630
Epoch 010 | Step 1620 | lr=2.447174e-05 | loss=0.138643
Epoch 010 | Step 1630 | lr=2.447174e-05 | loss=0.128466
Epoch 010 | Step 1640 | lr=2.447174e-05 | loss=0.137346
Epoch 010 | Step 1650 | lr=2.447174e-05 | loss=0.133284
Epoch 010 | Step 1660 | lr=2.447174e-05 | loss=0.130929
Epoch 010 | Step 1670 | lr=2.447174e-05 | loss=0.126864
Epoch 010 | Step 1680 | lr=2.447174e-05 | loss=0.127717
Epoch 010 | Step 1690 | lr=2.447174e-05 | loss=0.132915
Epoch 010 | Step 1700 | lr=2.447174e-05 | loss=0.134272
Epoch 010 | Step 1710 | lr=2.447174e-05 | loss=0.129637
Epoch 010 | Step 1720 | lr=2.447174e-05 | loss=0.128416
Epoch 010 | Step 1730 | lr=2.447174e-05 | loss=0.136504
Epoch 010 | Step 1740 | lr=2.447174e-05 | loss=0.129338
Epoch 010 | Step 1750 | lr=2.447174e-05 | loss=0.127702
Epoch 010 | Step 1760 | lr=2.447174e-05 | loss=0.129082
Epoch 010 | Step 1770 | lr=2.447174e-05 | loss=0.141452
Epoch 010 | Step 1780 | lr=2.447174e-05 | loss=0.126515
Epoch 010 | Step 1790 | lr=2.447174e-05 | loss=0.133471
Epoch 010 | Step 1800 | lr=2.447174e-05 | loss=0.128763
Epoch 010 | Step 1810 | lr=2.447174e-05 | loss=0.139732
Epoch 010 | Step 1820 | lr=2.447174e-05 | loss=0.131016
Epoch 010 | Step 1830 | lr=2.447174e-05 | loss=0.128811
Epoch 010 | Step 1840 | lr=2.447174e-05 | loss=0.131920
Epoch 010 | Step 1850 | lr=2.447174e-05 | loss=0.134342
Epoch 010 | Step 1860 | lr=2.447174e-05 | loss=0.133374
Epoch 010 | Step 1870 | lr=2.447174e-05 | loss=0.141229
Epoch 010 | Step 1880 | lr=2.447174e-05 | loss=0.137668
Epoch 010 | Step 1890 | lr=2.447174e-05 | loss=0.144988
Epoch 010 | Step 1900 | lr=2.447174e-05 | loss=0.142388
Epoch 010 | Step 1910 | lr=2.447174e-05 | loss=0.133710
Epoch 010 | Step 1920 | lr=2.447174e-05 | loss=0.134296
Epoch 010 | Step 1930 | lr=2.447174e-05 | loss=0.126647
epoch 010 | train_kld=0.133736 | val_kld=0.130345 | val_mae=0.002521 | val_mse=0.000076 | ord_acc@10=0.3280 | recall@10=0.8336
Saved epoch 1 batch metrics plot to input/Training_data/gist1M_learn/leafsize20K/model_d256_L4_H8_ff512_topk10_bs256_ep10_lr0.001_wd0.01_bilinear_normalizeFalse_posTrue_gatingFalse_loss_typekld_use_type_embedFalse/model_d256_L4_H8_ff512_topk10_bs256_ep10_lr0.001_wd0.01_bilinear_normalizeFalse_posTrue_gatingFalse_loss_typekld_use_type_embedFalse_epoch1_batch_metrics@10.png
Saved epoch metrics plot to input/Training_data/gist1M_learn/leafsize20K/model_d256_L4_H8_ff512_topk10_bs256_ep10_lr0.001_wd0.01_bilinear_normalizeFalse_posTrue_gatingFalse_loss_typekld_use_type_embedFalse/model_d256_L4_H8_ff512_topk10_bs256_ep10_lr0.001_wd0.01_bilinear_normalizeFalse_posTrue_gatingFalse_loss_typekld_use_type_embedFalse_epoch_metrics.png
best val_kld: 0.130345 at epoch 10
