/home/xln/miniconda3/envs/elpis_torch/lib/python3.12/site-packages/torch/nn/modules/transformer.py:379: UserWarning: enable_nested_tensor is True, but self.use_nested_tensor is False because encoder_layer.norm_first was True
  warnings.warn(
Detected K=116, D=960
Epoch 001 | Batch 10 | val_kld=2.434602 | val_ordacc@10=0.033207 | val_recall@10=0.252671
Epoch 001 | Step 10 | lr=1.000000e-03 | loss=2.471657
Epoch 001 | Batch 20 | val_kld=2.327621 | val_ordacc@10=0.032560 | val_recall@10=0.285736
Epoch 001 | Step 20 | lr=1.000000e-03 | loss=2.351917
Epoch 001 | Batch 30 | val_kld=1.460743 | val_ordacc@10=0.075510 | val_recall@10=0.520236
Epoch 001 | Step 30 | lr=1.000000e-03 | loss=1.494779
Epoch 001 | Batch 40 | val_kld=1.200572 | val_ordacc@10=0.083253 | val_recall@10=0.540061
Epoch 001 | Step 40 | lr=1.000000e-03 | loss=1.286814
Epoch 001 | Batch 50 | val_kld=1.046717 | val_ordacc@10=0.097032 | val_recall@10=0.584629
Epoch 001 | Step 50 | lr=1.000000e-03 | loss=1.053337
Epoch 001 | Batch 60 | val_kld=0.938945 | val_ordacc@10=0.112731 | val_recall@10=0.632834
Epoch 001 | Step 60 | lr=1.000000e-03 | loss=0.995125
Epoch 001 | Batch 70 | val_kld=0.811000 | val_ordacc@10=0.112468 | val_recall@10=0.654253
Epoch 001 | Step 70 | lr=1.000000e-03 | loss=0.907951
Epoch 001 | Batch 80 | val_kld=0.697629 | val_ordacc@10=0.133145 | val_recall@10=0.671290
Epoch 001 | Step 80 | lr=1.000000e-03 | loss=0.720986
Epoch 001 | Batch 90 | val_kld=0.645936 | val_ordacc@10=0.146600 | val_recall@10=0.690072
Epoch 001 | Step 90 | lr=1.000000e-03 | loss=0.716373
Epoch 001 | Batch 100 | val_kld=0.583987 | val_ordacc@10=0.146206 | val_recall@10=0.696239
Epoch 001 | Step 100 | lr=1.000000e-03 | loss=0.652229
Epoch 001 | Batch 110 | val_kld=0.536382 | val_ordacc@10=0.161437 | val_recall@10=0.711954
Epoch 001 | Step 110 | lr=1.000000e-03 | loss=0.562165
Epoch 001 | Batch 120 | val_kld=0.509071 | val_ordacc@10=0.169029 | val_recall@10=0.715833
Epoch 001 | Step 120 | lr=1.000000e-03 | loss=0.546500
Epoch 001 | Batch 130 | val_kld=0.458897 | val_ordacc@10=0.174478 | val_recall@10=0.730291
Epoch 001 | Step 130 | lr=1.000000e-03 | loss=0.463253
Epoch 001 | Batch 140 | val_kld=0.447896 | val_ordacc@10=0.180275 | val_recall@10=0.736746
Epoch 001 | Step 140 | lr=1.000000e-03 | loss=0.522966
Epoch 001 | Batch 150 | val_kld=0.452732 | val_ordacc@10=0.170704 | val_recall@10=0.718238
Epoch 001 | Step 150 | lr=1.000000e-03 | loss=0.476864
Epoch 001 | Batch 160 | val_kld=0.415991 | val_ordacc@10=0.182968 | val_recall@10=0.732497
Epoch 001 | Step 160 | lr=1.000000e-03 | loss=0.437319
Epoch 001 | Batch 170 | val_kld=0.414510 | val_ordacc@10=0.195603 | val_recall@10=0.751695
Epoch 001 | Step 170 | lr=1.000000e-03 | loss=0.410126
Epoch 001 | Batch 180 | val_kld=0.386157 | val_ordacc@10=0.196706 | val_recall@10=0.744597
Epoch 001 | Step 180 | lr=1.000000e-03 | loss=0.404076
Epoch 001 | Batch 190 | val_kld=0.393465 | val_ordacc@10=0.196088 | val_recall@10=0.754018
Epoch 001 | Step 190 | lr=1.000000e-03 | loss=0.405213
Epoch 001 | Batch 200 | val_kld=0.345897 | val_ordacc@10=0.208876 | val_recall@10=0.755838
Epoch 001 | Step 200 | lr=1.000000e-03 | loss=0.380468
Epoch 001 | Batch 210 | val_kld=0.343007 | val_ordacc@10=0.209622 | val_recall@10=0.760085
Epoch 001 | Step 210 | lr=1.000000e-03 | loss=0.383328
Epoch 001 | Batch 220 | val_kld=0.333988 | val_ordacc@10=0.211021 | val_recall@10=0.773366
Epoch 001 | Step 220 | lr=1.000000e-03 | loss=0.352014
Epoch 001 | Batch 230 | val_kld=0.371606 | val_ordacc@10=0.191309 | val_recall@10=0.755061
Epoch 001 | Step 230 | lr=1.000000e-03 | loss=0.387534
Epoch 001 | Batch 240 | val_kld=0.333806 | val_ordacc@10=0.209076 | val_recall@10=0.768894
Epoch 001 | Step 240 | lr=1.000000e-03 | loss=0.344209
Epoch 001 | Batch 250 | val_kld=0.328873 | val_ordacc@10=0.206638 | val_recall@10=0.765971
Epoch 001 | Step 250 | lr=1.000000e-03 | loss=0.329362
Epoch 001 | Batch 260 | val_kld=0.294685 | val_ordacc@10=0.232803 | val_recall@10=0.775942
Epoch 001 | Step 260 | lr=1.000000e-03 | loss=0.338630
Epoch 001 | Batch 270 | val_kld=0.300435 | val_ordacc@10=0.220595 | val_recall@10=0.769315
Epoch 001 | Step 270 | lr=1.000000e-03 | loss=0.376055
Epoch 001 | Batch 280 | val_kld=0.305410 | val_ordacc@10=0.215866 | val_recall@10=0.778598
Epoch 001 | Step 280 | lr=1.000000e-03 | loss=0.350781
Epoch 001 | Batch 290 | val_kld=0.285762 | val_ordacc@10=0.230340 | val_recall@10=0.780141
Epoch 001 | Step 290 | lr=1.000000e-03 | loss=0.315723
Epoch 001 | Batch 300 | val_kld=0.295927 | val_ordacc@10=0.222302 | val_recall@10=0.776999
Epoch 001 | Step 300 | lr=1.000000e-03 | loss=0.330296
Epoch 001 | Batch 310 | val_kld=0.279647 | val_ordacc@10=0.231866 | val_recall@10=0.776648
Epoch 001 | Step 310 | lr=1.000000e-03 | loss=0.311477
Epoch 001 | Batch 320 | val_kld=0.283411 | val_ordacc@10=0.235128 | val_recall@10=0.785833
Epoch 001 | Step 320 | lr=1.000000e-03 | loss=0.291274
Epoch 001 | Batch 330 | val_kld=0.268699 | val_ordacc@10=0.239608 | val_recall@10=0.790141
Epoch 001 | Step 330 | lr=1.000000e-03 | loss=0.296754
Epoch 001 | Batch 340 | val_kld=0.282111 | val_ordacc@10=0.235507 | val_recall@10=0.783451
Epoch 001 | Step 340 | lr=1.000000e-03 | loss=0.294782
Epoch 001 | Batch 350 | val_kld=0.289332 | val_ordacc@10=0.225618 | val_recall@10=0.770500
Epoch 001 | Step 350 | lr=1.000000e-03 | loss=0.312628
Epoch 001 | Batch 360 | val_kld=0.271945 | val_ordacc@10=0.242412 | val_recall@10=0.788382
Epoch 001 | Step 360 | lr=1.000000e-03 | loss=0.306557
Epoch 001 | Batch 370 | val_kld=0.254595 | val_ordacc@10=0.247691 | val_recall@10=0.789392
Epoch 001 | Step 370 | lr=1.000000e-03 | loss=0.274574
Epoch 001 | Batch 380 | val_kld=0.268108 | val_ordacc@10=0.234763 | val_recall@10=0.784906
Epoch 001 | Step 380 | lr=1.000000e-03 | loss=0.283539
Epoch 001 | Batch 390 | val_kld=0.284908 | val_ordacc@10=0.221679 | val_recall@10=0.785234
Epoch 001 | Step 390 | lr=1.000000e-03 | loss=0.265677
Epoch 001 | Batch 400 | val_kld=0.254681 | val_ordacc@10=0.245409 | val_recall@10=0.790138
Epoch 001 | Step 400 | lr=1.000000e-03 | loss=0.273652
Epoch 001 | Batch 410 | val_kld=0.253649 | val_ordacc@10=0.243545 | val_recall@10=0.789808
Epoch 001 | Step 410 | lr=1.000000e-03 | loss=0.283898
Epoch 001 | Batch 420 | val_kld=0.254511 | val_ordacc@10=0.249706 | val_recall@10=0.795487
Epoch 001 | Step 420 | lr=1.000000e-03 | loss=0.261515
Epoch 001 | Batch 430 | val_kld=0.250845 | val_ordacc@10=0.246356 | val_recall@10=0.787054
Epoch 001 | Step 430 | lr=1.000000e-03 | loss=0.279565
Epoch 001 | Batch 440 | val_kld=0.263600 | val_ordacc@10=0.238613 | val_recall@10=0.783119
Epoch 001 | Step 440 | lr=1.000000e-03 | loss=0.292259
Epoch 001 | Batch 450 | val_kld=0.251758 | val_ordacc@10=0.253264 | val_recall@10=0.791006
Epoch 001 | Step 450 | lr=1.000000e-03 | loss=0.266786
Epoch 001 | Batch 460 | val_kld=0.237823 | val_ordacc@10=0.258185 | val_recall@10=0.793868
Epoch 001 | Step 460 | lr=1.000000e-03 | loss=0.244079
Epoch 001 | Batch 470 | val_kld=0.244861 | val_ordacc@10=0.249799 | val_recall@10=0.790623
Epoch 001 | Step 470 | lr=1.000000e-03 | loss=0.278412
Epoch 001 | Batch 480 | val_kld=0.240448 | val_ordacc@10=0.252322 | val_recall@10=0.798359
Epoch 001 | Step 480 | lr=1.000000e-03 | loss=0.253272
Epoch 001 | Batch 490 | val_kld=0.251129 | val_ordacc@10=0.253428 | val_recall@10=0.797579
Epoch 001 | Step 490 | lr=1.000000e-03 | loss=0.259033
Epoch 001 | Batch 500 | val_kld=0.234442 | val_ordacc@10=0.253776 | val_recall@10=0.794103
Epoch 001 | Step 500 | lr=1.000000e-03 | loss=0.252677
Epoch 001 | Batch 510 | val_kld=0.252417 | val_ordacc@10=0.241836 | val_recall@10=0.799884
Epoch 001 | Step 510 | lr=1.000000e-03 | loss=0.261179
Epoch 001 | Batch 520 | val_kld=0.236946 | val_ordacc@10=0.251920 | val_recall@10=0.794007
Epoch 001 | Step 520 | lr=1.000000e-03 | loss=0.265743
Epoch 001 | Batch 530 | val_kld=0.241603 | val_ordacc@10=0.251325 | val_recall@10=0.795465
Epoch 001 | Step 530 | lr=1.000000e-03 | loss=0.292816
Epoch 001 | Batch 540 | val_kld=0.258786 | val_ordacc@10=0.246657 | val_recall@10=0.788297
Epoch 001 | Step 540 | lr=1.000000e-03 | loss=0.285625
Epoch 001 | Batch 550 | val_kld=0.261344 | val_ordacc@10=0.241965 | val_recall@10=0.779658
Epoch 001 | Step 550 | lr=1.000000e-03 | loss=0.277343
Epoch 001 | Batch 560 | val_kld=0.237644 | val_ordacc@10=0.250295 | val_recall@10=0.793850
Epoch 001 | Step 560 | lr=1.000000e-03 | loss=0.268791
Epoch 001 | Batch 570 | val_kld=0.242339 | val_ordacc@10=0.248732 | val_recall@10=0.792009
Epoch 001 | Step 570 | lr=1.000000e-03 | loss=0.263401
Epoch 001 | Batch 580 | val_kld=0.232857 | val_ordacc@10=0.253431 | val_recall@10=0.798127
Epoch 001 | Step 580 | lr=1.000000e-03 | loss=0.252220
Epoch 001 | Batch 590 | val_kld=0.227806 | val_ordacc@10=0.258091 | val_recall@10=0.800209
Epoch 001 | Step 590 | lr=1.000000e-03 | loss=0.250634
Epoch 001 | Batch 600 | val_kld=0.231483 | val_ordacc@10=0.249635 | val_recall@10=0.798653
Epoch 001 | Step 600 | lr=1.000000e-03 | loss=0.248899
Epoch 001 | Batch 610 | val_kld=0.225931 | val_ordacc@10=0.259528 | val_recall@10=0.799972
Epoch 001 | Step 610 | lr=1.000000e-03 | loss=0.250507
Epoch 001 | Batch 620 | val_kld=0.221854 | val_ordacc@10=0.261303 | val_recall@10=0.796391
Epoch 001 | Step 620 | lr=1.000000e-03 | loss=0.241538
Epoch 001 | Batch 630 | val_kld=0.219624 | val_ordacc@10=0.256918 | val_recall@10=0.796568
Epoch 001 | Step 630 | lr=1.000000e-03 | loss=0.271666
Epoch 001 | Batch 640 | val_kld=0.230972 | val_ordacc@10=0.252580 | val_recall@10=0.791249
Epoch 001 | Step 640 | lr=1.000000e-03 | loss=0.257944
Epoch 001 | Batch 650 | val_kld=0.241860 | val_ordacc@10=0.258340 | val_recall@10=0.795833
Epoch 001 | Step 650 | lr=1.000000e-03 | loss=0.257992
Epoch 001 | Batch 660 | val_kld=0.222345 | val_ordacc@10=0.267659 | val_recall@10=0.806012
Epoch 001 | Step 660 | lr=1.000000e-03 | loss=0.245219
Epoch 001 | Batch 670 | val_kld=0.216590 | val_ordacc@10=0.262094 | val_recall@10=0.800318
Epoch 001 | Step 670 | lr=1.000000e-03 | loss=0.258129
Epoch 001 | Batch 680 | val_kld=0.222240 | val_ordacc@10=0.255082 | val_recall@10=0.796051
Epoch 001 | Step 680 | lr=1.000000e-03 | loss=0.238005
Epoch 001 | Batch 690 | val_kld=0.231915 | val_ordacc@10=0.258964 | val_recall@10=0.805225
Epoch 001 | Step 690 | lr=1.000000e-03 | loss=0.241772
Epoch 001 | Batch 700 | val_kld=0.221665 | val_ordacc@10=0.256186 | val_recall@10=0.796681
Epoch 001 | Step 700 | lr=1.000000e-03 | loss=0.235830
Epoch 001 | Batch 710 | val_kld=0.211787 | val_ordacc@10=0.267484 | val_recall@10=0.802393
Epoch 001 | Step 710 | lr=1.000000e-03 | loss=0.236612
Epoch 001 | Batch 720 | val_kld=0.207079 | val_ordacc@10=0.269369 | val_recall@10=0.808026
Epoch 001 | Step 720 | lr=1.000000e-03 | loss=0.234977
Epoch 001 | Batch 730 | val_kld=0.211176 | val_ordacc@10=0.262688 | val_recall@10=0.806781
Epoch 001 | Step 730 | lr=1.000000e-03 | loss=0.237332
Epoch 001 | Batch 740 | val_kld=0.207174 | val_ordacc@10=0.267625 | val_recall@10=0.807278
Epoch 001 | Step 740 | lr=1.000000e-03 | loss=0.238209
Epoch 001 | Batch 750 | val_kld=0.207367 | val_ordacc@10=0.267840 | val_recall@10=0.807243
Epoch 001 | Step 750 | lr=1.000000e-03 | loss=0.232313
Epoch 001 | Batch 760 | val_kld=0.209289 | val_ordacc@10=0.269737 | val_recall@10=0.804568
Epoch 001 | Step 760 | lr=1.000000e-03 | loss=0.221020
Epoch 001 | Batch 770 | val_kld=0.209875 | val_ordacc@10=0.267873 | val_recall@10=0.806913
Epoch 001 | Step 770 | lr=1.000000e-03 | loss=0.225343
Epoch 001 | Batch 780 | val_kld=0.206256 | val_ordacc@10=0.267228 | val_recall@10=0.803604
Epoch 001 | Step 780 | lr=1.000000e-03 | loss=0.232202
Epoch 001 | Batch 790 | val_kld=0.206021 | val_ordacc@10=0.273706 | val_recall@10=0.808956
Epoch 001 | Step 790 | lr=1.000000e-03 | loss=0.222150
Epoch 001 | Batch 800 | val_kld=0.214834 | val_ordacc@10=0.260694 | val_recall@10=0.807354
Epoch 001 | Step 800 | lr=1.000000e-03 | loss=0.227709
Epoch 001 | Batch 810 | val_kld=0.204167 | val_ordacc@10=0.269646 | val_recall@10=0.807047
Epoch 001 | Step 810 | lr=1.000000e-03 | loss=0.227018
Epoch 001 | Batch 820 | val_kld=0.204317 | val_ordacc@10=0.269631 | val_recall@10=0.811063
Epoch 001 | Step 820 | lr=1.000000e-03 | loss=0.223768
Epoch 001 | Batch 830 | val_kld=0.210808 | val_ordacc@10=0.266716 | val_recall@10=0.801754
Epoch 001 | Step 830 | lr=1.000000e-03 | loss=0.207122
Epoch 001 | Batch 840 | val_kld=0.207776 | val_ordacc@10=0.264397 | val_recall@10=0.803987
Epoch 001 | Step 840 | lr=1.000000e-03 | loss=0.215589
Epoch 001 | Batch 850 | val_kld=0.202346 | val_ordacc@10=0.268643 | val_recall@10=0.808278
Epoch 001 | Step 850 | lr=1.000000e-03 | loss=0.214663
Epoch 001 | Batch 860 | val_kld=0.200163 | val_ordacc@10=0.269854 | val_recall@10=0.805950
Epoch 001 | Step 860 | lr=1.000000e-03 | loss=0.215415
Epoch 001 | Batch 870 | val_kld=0.198822 | val_ordacc@10=0.272255 | val_recall@10=0.805618
Epoch 001 | Step 870 | lr=1.000000e-03 | loss=0.213070
Epoch 001 | Batch 880 | val_kld=0.196395 | val_ordacc@10=0.275364 | val_recall@10=0.807397
Epoch 001 | Step 880 | lr=1.000000e-03 | loss=0.214144
Epoch 001 | Batch 890 | val_kld=0.193629 | val_ordacc@10=0.276758 | val_recall@10=0.809686
Epoch 001 | Step 890 | lr=1.000000e-03 | loss=0.217132
Epoch 001 | Batch 900 | val_kld=0.196943 | val_ordacc@10=0.273670 | val_recall@10=0.807796
Epoch 001 | Step 900 | lr=1.000000e-03 | loss=0.218632
Epoch 001 | Batch 910 | val_kld=0.200187 | val_ordacc@10=0.266843 | val_recall@10=0.808351
Epoch 001 | Step 910 | lr=1.000000e-03 | loss=0.209091
Epoch 001 | Batch 920 | val_kld=0.192806 | val_ordacc@10=0.275286 | val_recall@10=0.807804
Epoch 001 | Step 920 | lr=1.000000e-03 | loss=0.205822
Epoch 001 | Batch 930 | val_kld=0.199925 | val_ordacc@10=0.265651 | val_recall@10=0.810155
Epoch 001 | Step 930 | lr=1.000000e-03 | loss=0.217522
Epoch 001 | Batch 940 | val_kld=0.201355 | val_ordacc@10=0.274593 | val_recall@10=0.805126
Epoch 001 | Step 940 | lr=1.000000e-03 | loss=0.200410
Epoch 001 | Batch 950 | val_kld=0.199416 | val_ordacc@10=0.270796 | val_recall@10=0.799991
Epoch 001 | Step 950 | lr=1.000000e-03 | loss=0.220290
Epoch 001 | Batch 960 | val_kld=0.197952 | val_ordacc@10=0.267580 | val_recall@10=0.807568
Epoch 001 | Step 960 | lr=1.000000e-03 | loss=0.212235
Epoch 001 | Batch 970 | val_kld=0.198578 | val_ordacc@10=0.267835 | val_recall@10=0.811531
Epoch 001 | Step 970 | lr=1.000000e-03 | loss=0.213559
Epoch 001 | Batch 980 | val_kld=0.189804 | val_ordacc@10=0.282430 | val_recall@10=0.812745
Epoch 001 | Step 980 | lr=1.000000e-03 | loss=0.213045
Epoch 001 | Batch 990 | val_kld=0.187280 | val_ordacc@10=0.280614 | val_recall@10=0.815000
Epoch 001 | Step 990 | lr=1.000000e-03 | loss=0.211572
Epoch 001 | Batch 1000 | val_kld=0.194970 | val_ordacc@10=0.270144 | val_recall@10=0.813057
Epoch 001 | Step 1000 | lr=1.000000e-03 | loss=0.213574
Epoch 001 | Batch 1010 | val_kld=0.191837 | val_ordacc@10=0.276993 | val_recall@10=0.808200
Epoch 001 | Step 1010 | lr=1.000000e-03 | loss=0.208993
Epoch 001 | Batch 1020 | val_kld=0.190819 | val_ordacc@10=0.276127 | val_recall@10=0.811602
Epoch 001 | Step 1020 | lr=1.000000e-03 | loss=0.214714
Epoch 001 | Batch 1030 | val_kld=0.189489 | val_ordacc@10=0.273703 | val_recall@10=0.810725
Epoch 001 | Step 1030 | lr=1.000000e-03 | loss=0.207106
Epoch 001 | Batch 1040 | val_kld=0.188799 | val_ordacc@10=0.276392 | val_recall@10=0.812644
Epoch 001 | Step 1040 | lr=1.000000e-03 | loss=0.213599
Epoch 001 | Batch 1050 | val_kld=0.186581 | val_ordacc@10=0.282100 | val_recall@10=0.814108
Epoch 001 | Step 1050 | lr=1.000000e-03 | loss=0.210991
Epoch 001 | Batch 1060 | val_kld=0.185466 | val_ordacc@10=0.280017 | val_recall@10=0.811733
Epoch 001 | Step 1060 | lr=1.000000e-03 | loss=0.197943
Epoch 001 | Batch 1070 | val_kld=0.185089 | val_ordacc@10=0.280582 | val_recall@10=0.811197
Epoch 001 | Step 1070 | lr=1.000000e-03 | loss=0.200307
Epoch 001 | Batch 1080 | val_kld=0.190486 | val_ordacc@10=0.276838 | val_recall@10=0.812856
Epoch 001 | Step 1080 | lr=1.000000e-03 | loss=0.221506
Epoch 001 | Batch 1090 | val_kld=0.200532 | val_ordacc@10=0.264383 | val_recall@10=0.806589
Epoch 001 | Step 1090 | lr=1.000000e-03 | loss=0.209755
Epoch 001 | Batch 1100 | val_kld=0.189539 | val_ordacc@10=0.279698 | val_recall@10=0.815122
Epoch 001 | Step 1100 | lr=1.000000e-03 | loss=0.203274
Epoch 001 | Batch 1110 | val_kld=0.196114 | val_ordacc@10=0.274504 | val_recall@10=0.808317
Epoch 001 | Step 1110 | lr=1.000000e-03 | loss=0.202383
Epoch 001 | Batch 1120 | val_kld=0.187042 | val_ordacc@10=0.276742 | val_recall@10=0.812587
Epoch 001 | Step 1120 | lr=1.000000e-03 | loss=0.199623
Epoch 001 | Batch 1130 | val_kld=0.208469 | val_ordacc@10=0.258432 | val_recall@10=0.814404
Epoch 001 | Step 1130 | lr=1.000000e-03 | loss=0.211041
Epoch 001 | Batch 1140 | val_kld=0.191673 | val_ordacc@10=0.272253 | val_recall@10=0.808565
Epoch 001 | Step 1140 | lr=1.000000e-03 | loss=0.218467
Epoch 001 | Batch 1150 | val_kld=0.191434 | val_ordacc@10=0.275334 | val_recall@10=0.818560
Epoch 001 | Step 1150 | lr=1.000000e-03 | loss=0.204409
Epoch 001 | Batch 1160 | val_kld=0.186266 | val_ordacc@10=0.281002 | val_recall@10=0.813609
Epoch 001 | Step 1160 | lr=1.000000e-03 | loss=0.209633
Epoch 001 | Batch 1170 | val_kld=0.192977 | val_ordacc@10=0.269166 | val_recall@10=0.805966
Epoch 001 | Step 1170 | lr=1.000000e-03 | loss=0.221143
Epoch 001 | Batch 1180 | val_kld=0.182165 | val_ordacc@10=0.284554 | val_recall@10=0.815532
Epoch 001 | Step 1180 | lr=1.000000e-03 | loss=0.211789
Epoch 001 | Batch 1190 | val_kld=0.196585 | val_ordacc@10=0.275861 | val_recall@10=0.810774
Epoch 001 | Step 1190 | lr=1.000000e-03 | loss=0.207204
Epoch 001 | Batch 1200 | val_kld=0.182785 | val_ordacc@10=0.280773 | val_recall@10=0.812665
Epoch 001 | Step 1200 | lr=1.000000e-03 | loss=0.194551
Epoch 001 | Batch 1210 | val_kld=0.193168 | val_ordacc@10=0.266366 | val_recall@10=0.813392
Epoch 001 | Step 1210 | lr=1.000000e-03 | loss=0.199923
Epoch 001 | Batch 1220 | val_kld=0.183116 | val_ordacc@10=0.281023 | val_recall@10=0.815835
Epoch 001 | Step 1220 | lr=1.000000e-03 | loss=0.200123
Epoch 001 | Batch 1230 | val_kld=0.182662 | val_ordacc@10=0.280239 | val_recall@10=0.810466
Epoch 001 | Step 1230 | lr=1.000000e-03 | loss=0.208928
Epoch 001 | Batch 1240 | val_kld=0.186753 | val_ordacc@10=0.285805 | val_recall@10=0.814961
Epoch 001 | Step 1240 | lr=1.000000e-03 | loss=0.180465
Epoch 001 | Batch 1250 | val_kld=0.188458 | val_ordacc@10=0.271818 | val_recall@10=0.817915
Epoch 001 | Step 1250 | lr=1.000000e-03 | loss=0.194904
Epoch 001 | Batch 1260 | val_kld=0.183133 | val_ordacc@10=0.280288 | val_recall@10=0.814352
Epoch 001 | Step 1260 | lr=1.000000e-03 | loss=0.228625
Epoch 001 | Batch 1270 | val_kld=0.188920 | val_ordacc@10=0.280587 | val_recall@10=0.815540
Epoch 001 | Step 1270 | lr=1.000000e-03 | loss=0.204479
Epoch 001 | Batch 1280 | val_kld=0.178503 | val_ordacc@10=0.284059 | val_recall@10=0.816461
Epoch 001 | Step 1280 | lr=1.000000e-03 | loss=0.199555
Epoch 001 | Batch 1290 | val_kld=0.190204 | val_ordacc@10=0.280005 | val_recall@10=0.808703
Epoch 001 | Step 1290 | lr=1.000000e-03 | loss=0.193502
Epoch 001 | Batch 1300 | val_kld=0.177080 | val_ordacc@10=0.285944 | val_recall@10=0.813169
Epoch 001 | Step 1300 | lr=1.000000e-03 | loss=0.197099
Epoch 001 | Batch 1310 | val_kld=0.180439 | val_ordacc@10=0.281185 | val_recall@10=0.819485
Epoch 001 | Step 1310 | lr=1.000000e-03 | loss=0.196669
Epoch 001 | Batch 1320 | val_kld=0.176929 | val_ordacc@10=0.283199 | val_recall@10=0.814543
Epoch 001 | Step 1320 | lr=1.000000e-03 | loss=0.185087
Epoch 001 | Batch 1330 | val_kld=0.179095 | val_ordacc@10=0.282313 | val_recall@10=0.815208
Epoch 001 | Step 1330 | lr=1.000000e-03 | loss=0.202525
Epoch 001 | Batch 1340 | val_kld=0.177319 | val_ordacc@10=0.287989 | val_recall@10=0.817545
Epoch 001 | Step 1340 | lr=1.000000e-03 | loss=0.197357
Epoch 001 | Batch 1350 | val_kld=0.185055 | val_ordacc@10=0.285859 | val_recall@10=0.818085
Epoch 001 | Step 1350 | lr=1.000000e-03 | loss=0.199093
Epoch 001 | Batch 1360 | val_kld=0.176066 | val_ordacc@10=0.286542 | val_recall@10=0.817916
Epoch 001 | Step 1360 | lr=1.000000e-03 | loss=0.202080
Epoch 001 | Batch 1370 | val_kld=0.180373 | val_ordacc@10=0.280223 | val_recall@10=0.814151
Epoch 001 | Step 1370 | lr=1.000000e-03 | loss=0.199479
Epoch 001 | Batch 1380 | val_kld=0.177592 | val_ordacc@10=0.286625 | val_recall@10=0.815156
Epoch 001 | Step 1380 | lr=1.000000e-03 | loss=0.210464
Epoch 001 | Batch 1390 | val_kld=0.184809 | val_ordacc@10=0.285276 | val_recall@10=0.815034
Epoch 001 | Step 1390 | lr=1.000000e-03 | loss=0.191129
Epoch 001 | Batch 1400 | val_kld=0.184883 | val_ordacc@10=0.278531 | val_recall@10=0.818771
Epoch 001 | Step 1400 | lr=1.000000e-03 | loss=0.208875
Epoch 001 | Batch 1410 | val_kld=0.178973 | val_ordacc@10=0.282624 | val_recall@10=0.817278
Epoch 001 | Step 1410 | lr=1.000000e-03 | loss=0.179467
Epoch 001 | Batch 1420 | val_kld=0.176968 | val_ordacc@10=0.286677 | val_recall@10=0.815144
Epoch 001 | Step 1420 | lr=1.000000e-03 | loss=0.187339
Epoch 001 | Batch 1430 | val_kld=0.182372 | val_ordacc@10=0.275139 | val_recall@10=0.818909
Epoch 001 | Step 1430 | lr=1.000000e-03 | loss=0.190531
Epoch 001 | Batch 1440 | val_kld=0.176218 | val_ordacc@10=0.286330 | val_recall@10=0.818881
Epoch 001 | Step 1440 | lr=1.000000e-03 | loss=0.200947
Epoch 001 | Batch 1450 | val_kld=0.174581 | val_ordacc@10=0.286768 | val_recall@10=0.818668
Epoch 001 | Step 1450 | lr=1.000000e-03 | loss=0.197696
Epoch 001 | Batch 1460 | val_kld=0.182442 | val_ordacc@10=0.278689 | val_recall@10=0.812588
Epoch 001 | Step 1460 | lr=1.000000e-03 | loss=0.199158
Epoch 001 | Batch 1470 | val_kld=0.180242 | val_ordacc@10=0.284507 | val_recall@10=0.810943
Epoch 001 | Step 1470 | lr=1.000000e-03 | loss=0.187852
Epoch 001 | Batch 1480 | val_kld=0.174708 | val_ordacc@10=0.284952 | val_recall@10=0.817632
Epoch 001 | Step 1480 | lr=1.000000e-03 | loss=0.205840
Epoch 001 | Batch 1490 | val_kld=0.182412 | val_ordacc@10=0.277663 | val_recall@10=0.818336
Epoch 001 | Step 1490 | lr=1.000000e-03 | loss=0.206104
Epoch 001 | Batch 1500 | val_kld=0.178632 | val_ordacc@10=0.283014 | val_recall@10=0.812636
Epoch 001 | Step 1500 | lr=1.000000e-03 | loss=0.202779
Epoch 001 | Batch 1510 | val_kld=0.175473 | val_ordacc@10=0.287545 | val_recall@10=0.817163
Epoch 001 | Step 1510 | lr=1.000000e-03 | loss=0.184028
Epoch 001 | Batch 1520 | val_kld=0.181371 | val_ordacc@10=0.276191 | val_recall@10=0.811294
Epoch 001 | Step 1520 | lr=1.000000e-03 | loss=0.204899
Epoch 001 | Batch 1530 | val_kld=0.175731 | val_ordacc@10=0.282615 | val_recall@10=0.814924
Epoch 001 | Step 1530 | lr=1.000000e-03 | loss=0.189902
Epoch 001 | Batch 1540 | val_kld=0.173734 | val_ordacc@10=0.287400 | val_recall@10=0.815557
Epoch 001 | Step 1540 | lr=1.000000e-03 | loss=0.188916
Epoch 001 | Batch 1550 | val_kld=0.172844 | val_ordacc@10=0.287285 | val_recall@10=0.819885
Epoch 001 | Step 1550 | lr=1.000000e-03 | loss=0.188052
Epoch 001 | Batch 1560 | val_kld=0.173042 | val_ordacc@10=0.289580 | val_recall@10=0.814274
Epoch 001 | Step 1560 | lr=1.000000e-03 | loss=0.192219
Epoch 001 | Batch 1570 | val_kld=0.176693 | val_ordacc@10=0.284647 | val_recall@10=0.817000
Epoch 001 | Step 1570 | lr=1.000000e-03 | loss=0.184171
Epoch 001 | Batch 1580 | val_kld=0.177277 | val_ordacc@10=0.288415 | val_recall@10=0.816564
Epoch 001 | Step 1580 | lr=1.000000e-03 | loss=0.178732
Epoch 001 | Batch 1590 | val_kld=0.173980 | val_ordacc@10=0.287927 | val_recall@10=0.816173
Epoch 001 | Step 1590 | lr=1.000000e-03 | loss=0.196263
Epoch 001 | Batch 1600 | val_kld=0.176132 | val_ordacc@10=0.281870 | val_recall@10=0.816209
Epoch 001 | Step 1600 | lr=1.000000e-03 | loss=0.189075
Epoch 001 | Batch 1610 | val_kld=0.177868 | val_ordacc@10=0.284686 | val_recall@10=0.817925
Epoch 001 | Step 1610 | lr=1.000000e-03 | loss=0.204253
Epoch 001 | Batch 1620 | val_kld=0.179783 | val_ordacc@10=0.283524 | val_recall@10=0.816795
Epoch 001 | Step 1620 | lr=1.000000e-03 | loss=0.198291
Epoch 001 | Batch 1630 | val_kld=0.179320 | val_ordacc@10=0.279268 | val_recall@10=0.815809
Epoch 001 | Step 1630 | lr=1.000000e-03 | loss=0.189145
Epoch 001 | Batch 1640 | val_kld=0.177268 | val_ordacc@10=0.281978 | val_recall@10=0.821164
Epoch 001 | Step 1640 | lr=1.000000e-03 | loss=0.198209
Epoch 001 | Batch 1650 | val_kld=0.174071 | val_ordacc@10=0.284874 | val_recall@10=0.813513
Epoch 001 | Step 1650 | lr=1.000000e-03 | loss=0.189160
Epoch 001 | Batch 1660 | val_kld=0.175441 | val_ordacc@10=0.283753 | val_recall@10=0.813259
Epoch 001 | Step 1660 | lr=1.000000e-03 | loss=0.186987
Epoch 001 | Batch 1670 | val_kld=0.171053 | val_ordacc@10=0.291013 | val_recall@10=0.817462
Epoch 001 | Step 1670 | lr=1.000000e-03 | loss=0.170790
Epoch 001 | Batch 1680 | val_kld=0.177975 | val_ordacc@10=0.282753 | val_recall@10=0.815556
Epoch 001 | Step 1680 | lr=1.000000e-03 | loss=0.175935
Epoch 001 | Batch 1690 | val_kld=0.173975 | val_ordacc@10=0.284879 | val_recall@10=0.813889
Epoch 001 | Step 1690 | lr=1.000000e-03 | loss=0.185368
Epoch 001 | Batch 1700 | val_kld=0.177647 | val_ordacc@10=0.281606 | val_recall@10=0.819221
Epoch 001 | Step 1700 | lr=1.000000e-03 | loss=0.195994
Epoch 001 | Batch 1710 | val_kld=0.169631 | val_ordacc@10=0.286915 | val_recall@10=0.817031
Epoch 001 | Step 1710 | lr=1.000000e-03 | loss=0.192488
Epoch 001 | Batch 1720 | val_kld=0.172013 | val_ordacc@10=0.286886 | val_recall@10=0.815466
Epoch 001 | Step 1720 | lr=1.000000e-03 | loss=0.173235
Epoch 001 | Batch 1730 | val_kld=0.174356 | val_ordacc@10=0.285381 | val_recall@10=0.819214
Epoch 001 | Step 1730 | lr=1.000000e-03 | loss=0.198580
Epoch 001 | Batch 1740 | val_kld=0.173228 | val_ordacc@10=0.283580 | val_recall@10=0.816634
Epoch 001 | Step 1740 | lr=1.000000e-03 | loss=0.195847
Epoch 001 | Batch 1750 | val_kld=0.178399 | val_ordacc@10=0.281996 | val_recall@10=0.811737
Epoch 001 | Step 1750 | lr=1.000000e-03 | loss=0.181992
Epoch 001 | Batch 1760 | val_kld=0.171336 | val_ordacc@10=0.290097 | val_recall@10=0.815167
Epoch 001 | Step 1760 | lr=1.000000e-03 | loss=0.177598
Epoch 001 | Batch 1770 | val_kld=0.181962 | val_ordacc@10=0.278648 | val_recall@10=0.822693
Epoch 001 | Step 1770 | lr=1.000000e-03 | loss=0.208382
Epoch 001 | Batch 1780 | val_kld=0.177404 | val_ordacc@10=0.283307 | val_recall@10=0.813073
Epoch 001 | Step 1780 | lr=1.000000e-03 | loss=0.187851
Epoch 001 | Batch 1790 | val_kld=0.175328 | val_ordacc@10=0.283608 | val_recall@10=0.819452
Epoch 001 | Step 1790 | lr=1.000000e-03 | loss=0.191030
Epoch 001 | Batch 1800 | val_kld=0.174986 | val_ordacc@10=0.283909 | val_recall@10=0.813574
Epoch 001 | Step 1800 | lr=1.000000e-03 | loss=0.194133
Epoch 001 | Batch 1810 | val_kld=0.172710 | val_ordacc@10=0.290709 | val_recall@10=0.819296
Epoch 001 | Step 1810 | lr=1.000000e-03 | loss=0.178290
Epoch 001 | Batch 1820 | val_kld=0.173344 | val_ordacc@10=0.285515 | val_recall@10=0.814529
Epoch 001 | Step 1820 | lr=1.000000e-03 | loss=0.183150
Epoch 001 | Batch 1830 | val_kld=0.172841 | val_ordacc@10=0.286321 | val_recall@10=0.819064
Epoch 001 | Step 1830 | lr=1.000000e-03 | loss=0.184938
Epoch 001 | Batch 1840 | val_kld=0.170869 | val_ordacc@10=0.288952 | val_recall@10=0.822685
Epoch 001 | Step 1840 | lr=1.000000e-03 | loss=0.173162
Epoch 001 | Batch 1850 | val_kld=0.169058 | val_ordacc@10=0.291845 | val_recall@10=0.817367
Epoch 001 | Step 1850 | lr=1.000000e-03 | loss=0.194546
Epoch 001 | Batch 1860 | val_kld=0.168297 | val_ordacc@10=0.291213 | val_recall@10=0.820030
Epoch 001 | Step 1860 | lr=1.000000e-03 | loss=0.176652
Epoch 001 | Batch 1870 | val_kld=0.170288 | val_ordacc@10=0.285337 | val_recall@10=0.818104
Epoch 001 | Step 1870 | lr=1.000000e-03 | loss=0.182987
Epoch 001 | Batch 1880 | val_kld=0.171902 | val_ordacc@10=0.285600 | val_recall@10=0.821992
Epoch 001 | Step 1880 | lr=1.000000e-03 | loss=0.181397
Epoch 001 | Batch 1890 | val_kld=0.168533 | val_ordacc@10=0.290978 | val_recall@10=0.820819
Epoch 001 | Step 1890 | lr=1.000000e-03 | loss=0.186946
Epoch 001 | Batch 1900 | val_kld=0.171014 | val_ordacc@10=0.286561 | val_recall@10=0.823207
Epoch 001 | Step 1900 | lr=1.000000e-03 | loss=0.181009
Epoch 001 | Batch 1910 | val_kld=0.167749 | val_ordacc@10=0.290412 | val_recall@10=0.823019
Epoch 001 | Step 1910 | lr=1.000000e-03 | loss=0.195437
Epoch 001 | Batch 1920 | val_kld=0.176675 | val_ordacc@10=0.284853 | val_recall@10=0.815069
Epoch 001 | Step 1920 | lr=1.000000e-03 | loss=0.173312
Epoch 001 | Batch 1930 | val_kld=0.172872 | val_ordacc@10=0.287703 | val_recall@10=0.822378
Epoch 001 | Step 1930 | lr=1.000000e-03 | loss=0.188031
epoch 001 | train_kld=0.296722 | val_kld=0.171237 | val_mae=0.003096 | val_mse=0.000132 | ord_acc@10=0.2877 | recall@10=0.8185
Epoch 002 | Step 10 | lr=9.755283e-04 | loss=0.181895
Epoch 002 | Step 20 | lr=9.755283e-04 | loss=0.164212
Epoch 002 | Step 30 | lr=9.755283e-04 | loss=0.179223
Epoch 002 | Step 40 | lr=9.755283e-04 | loss=0.180084
Epoch 002 | Step 50 | lr=9.755283e-04 | loss=0.177173
Epoch 002 | Step 60 | lr=9.755283e-04 | loss=0.186217
Epoch 002 | Step 70 | lr=9.755283e-04 | loss=0.185132
Epoch 002 | Step 80 | lr=9.755283e-04 | loss=0.182502
Epoch 002 | Step 90 | lr=9.755283e-04 | loss=0.191205
Epoch 002 | Step 100 | lr=9.755283e-04 | loss=0.188728
Epoch 002 | Step 110 | lr=9.755283e-04 | loss=0.183521
Epoch 002 | Step 120 | lr=9.755283e-04 | loss=0.185315
Epoch 002 | Step 130 | lr=9.755283e-04 | loss=0.177562
Epoch 002 | Step 140 | lr=9.755283e-04 | loss=0.164993
Epoch 002 | Step 150 | lr=9.755283e-04 | loss=0.168160
Epoch 002 | Step 160 | lr=9.755283e-04 | loss=0.176691
Epoch 002 | Step 170 | lr=9.755283e-04 | loss=0.174378
Epoch 002 | Step 180 | lr=9.755283e-04 | loss=0.167703
Epoch 002 | Step 190 | lr=9.755283e-04 | loss=0.182321
Epoch 002 | Step 200 | lr=9.755283e-04 | loss=0.185539
Epoch 002 | Step 210 | lr=9.755283e-04 | loss=0.187321
Epoch 002 | Step 220 | lr=9.755283e-04 | loss=0.185913
Epoch 002 | Step 230 | lr=9.755283e-04 | loss=0.182310
Epoch 002 | Step 240 | lr=9.755283e-04 | loss=0.180681
Epoch 002 | Step 250 | lr=9.755283e-04 | loss=0.168212
Epoch 002 | Step 260 | lr=9.755283e-04 | loss=0.177266
Epoch 002 | Step 270 | lr=9.755283e-04 | loss=0.171780
Epoch 002 | Step 280 | lr=9.755283e-04 | loss=0.180785
Epoch 002 | Step 290 | lr=9.755283e-04 | loss=0.173292
Epoch 002 | Step 300 | lr=9.755283e-04 | loss=0.179521
Epoch 002 | Step 310 | lr=9.755283e-04 | loss=0.170910
Epoch 002 | Step 320 | lr=9.755283e-04 | loss=0.188356
Epoch 002 | Step 330 | lr=9.755283e-04 | loss=0.183591
Epoch 002 | Step 340 | lr=9.755283e-04 | loss=0.187184
Epoch 002 | Step 350 | lr=9.755283e-04 | loss=0.181739
Epoch 002 | Step 360 | lr=9.755283e-04 | loss=0.176646
Epoch 002 | Step 370 | lr=9.755283e-04 | loss=0.179063
Epoch 002 | Step 380 | lr=9.755283e-04 | loss=0.168504
Epoch 002 | Step 390 | lr=9.755283e-04 | loss=0.174365
Epoch 002 | Step 400 | lr=9.755283e-04 | loss=0.184894
Epoch 002 | Step 410 | lr=9.755283e-04 | loss=0.184866
Epoch 002 | Step 420 | lr=9.755283e-04 | loss=0.183888
Epoch 002 | Step 430 | lr=9.755283e-04 | loss=0.175164
Epoch 002 | Step 440 | lr=9.755283e-04 | loss=0.183031
Epoch 002 | Step 450 | lr=9.755283e-04 | loss=0.193632
Epoch 002 | Step 460 | lr=9.755283e-04 | loss=0.191055
Epoch 002 | Step 470 | lr=9.755283e-04 | loss=0.194430
Epoch 002 | Step 480 | lr=9.755283e-04 | loss=0.170998
Epoch 002 | Step 490 | lr=9.755283e-04 | loss=0.185364
Epoch 002 | Step 500 | lr=9.755283e-04 | loss=0.179314
Epoch 002 | Step 510 | lr=9.755283e-04 | loss=0.171616
Epoch 002 | Step 520 | lr=9.755283e-04 | loss=0.158939
Epoch 002 | Step 530 | lr=9.755283e-04 | loss=0.165223
Epoch 002 | Step 540 | lr=9.755283e-04 | loss=0.172010
Epoch 002 | Step 550 | lr=9.755283e-04 | loss=0.187644
Epoch 002 | Step 560 | lr=9.755283e-04 | loss=0.171881
Epoch 002 | Step 570 | lr=9.755283e-04 | loss=0.173997
Epoch 002 | Step 580 | lr=9.755283e-04 | loss=0.178566
Epoch 002 | Step 590 | lr=9.755283e-04 | loss=0.168994
Epoch 002 | Step 600 | lr=9.755283e-04 | loss=0.172334
Epoch 002 | Step 610 | lr=9.755283e-04 | loss=0.178360
Epoch 002 | Step 620 | lr=9.755283e-04 | loss=0.174592
Epoch 002 | Step 630 | lr=9.755283e-04 | loss=0.186648
Epoch 002 | Step 640 | lr=9.755283e-04 | loss=0.179343
Epoch 002 | Step 650 | lr=9.755283e-04 | loss=0.168565
Epoch 002 | Step 660 | lr=9.755283e-04 | loss=0.178306
Epoch 002 | Step 670 | lr=9.755283e-04 | loss=0.175232
Epoch 002 | Step 680 | lr=9.755283e-04 | loss=0.178685
Epoch 002 | Step 690 | lr=9.755283e-04 | loss=0.181404
Epoch 002 | Step 700 | lr=9.755283e-04 | loss=0.181151
Epoch 002 | Step 710 | lr=9.755283e-04 | loss=0.180262
Epoch 002 | Step 720 | lr=9.755283e-04 | loss=0.166275
Epoch 002 | Step 730 | lr=9.755283e-04 | loss=0.180192
Epoch 002 | Step 740 | lr=9.755283e-04 | loss=0.178943
Epoch 002 | Step 750 | lr=9.755283e-04 | loss=0.173979
Epoch 002 | Step 760 | lr=9.755283e-04 | loss=0.175811
Epoch 002 | Step 770 | lr=9.755283e-04 | loss=0.171834
Epoch 002 | Step 780 | lr=9.755283e-04 | loss=0.174526
Epoch 002 | Step 790 | lr=9.755283e-04 | loss=0.176296
Epoch 002 | Step 800 | lr=9.755283e-04 | loss=0.161443
Epoch 002 | Step 810 | lr=9.755283e-04 | loss=0.179141
Epoch 002 | Step 820 | lr=9.755283e-04 | loss=0.175163
Epoch 002 | Step 830 | lr=9.755283e-04 | loss=0.172773
Epoch 002 | Step 840 | lr=9.755283e-04 | loss=0.183173
Epoch 002 | Step 850 | lr=9.755283e-04 | loss=0.181535
Epoch 002 | Step 860 | lr=9.755283e-04 | loss=0.175847
Epoch 002 | Step 870 | lr=9.755283e-04 | loss=0.174163
Epoch 002 | Step 880 | lr=9.755283e-04 | loss=0.167108
Epoch 002 | Step 890 | lr=9.755283e-04 | loss=0.176159
Epoch 002 | Step 900 | lr=9.755283e-04 | loss=0.171263
Epoch 002 | Step 910 | lr=9.755283e-04 | loss=0.165559
Epoch 002 | Step 920 | lr=9.755283e-04 | loss=0.169992
Epoch 002 | Step 930 | lr=9.755283e-04 | loss=0.177178
Epoch 002 | Step 940 | lr=9.755283e-04 | loss=0.174516
Epoch 002 | Step 950 | lr=9.755283e-04 | loss=0.173744
Epoch 002 | Step 960 | lr=9.755283e-04 | loss=0.171991
Epoch 002 | Step 970 | lr=9.755283e-04 | loss=0.182598
Epoch 002 | Step 980 | lr=9.755283e-04 | loss=0.162077
Epoch 002 | Step 990 | lr=9.755283e-04 | loss=0.156538
Epoch 002 | Step 1000 | lr=9.755283e-04 | loss=0.174778
Epoch 002 | Step 1010 | lr=9.755283e-04 | loss=0.169767
Epoch 002 | Step 1020 | lr=9.755283e-04 | loss=0.173666
Epoch 002 | Step 1030 | lr=9.755283e-04 | loss=0.161813
Epoch 002 | Step 1040 | lr=9.755283e-04 | loss=0.169434
Epoch 002 | Step 1050 | lr=9.755283e-04 | loss=0.173452
Epoch 002 | Step 1060 | lr=9.755283e-04 | loss=0.170265
Epoch 002 | Step 1070 | lr=9.755283e-04 | loss=0.169000
Epoch 002 | Step 1080 | lr=9.755283e-04 | loss=0.172389
Epoch 002 | Step 1090 | lr=9.755283e-04 | loss=0.167002
Epoch 002 | Step 1100 | lr=9.755283e-04 | loss=0.167285
Epoch 002 | Step 1110 | lr=9.755283e-04 | loss=0.162695
Epoch 002 | Step 1120 | lr=9.755283e-04 | loss=0.168812
Epoch 002 | Step 1130 | lr=9.755283e-04 | loss=0.172722
Epoch 002 | Step 1140 | lr=9.755283e-04 | loss=0.162185
Epoch 002 | Step 1150 | lr=9.755283e-04 | loss=0.174651
Epoch 002 | Step 1160 | lr=9.755283e-04 | loss=0.169604
Epoch 002 | Step 1170 | lr=9.755283e-04 | loss=0.156950
Epoch 002 | Step 1180 | lr=9.755283e-04 | loss=0.167838
Epoch 002 | Step 1190 | lr=9.755283e-04 | loss=0.169227
Epoch 002 | Step 1200 | lr=9.755283e-04 | loss=0.179320
Epoch 002 | Step 1210 | lr=9.755283e-04 | loss=0.165755
Epoch 002 | Step 1220 | lr=9.755283e-04 | loss=0.174482
Epoch 002 | Step 1230 | lr=9.755283e-04 | loss=0.166277
Epoch 002 | Step 1240 | lr=9.755283e-04 | loss=0.180879
Epoch 002 | Step 1250 | lr=9.755283e-04 | loss=0.183621
Epoch 002 | Step 1260 | lr=9.755283e-04 | loss=0.180538
Epoch 002 | Step 1270 | lr=9.755283e-04 | loss=0.173785
Epoch 002 | Step 1280 | lr=9.755283e-04 | loss=0.167067
Epoch 002 | Step 1290 | lr=9.755283e-04 | loss=0.169846
Epoch 002 | Step 1300 | lr=9.755283e-04 | loss=0.172693
Epoch 002 | Step 1310 | lr=9.755283e-04 | loss=0.173577
Epoch 002 | Step 1320 | lr=9.755283e-04 | loss=0.184229
Epoch 002 | Step 1330 | lr=9.755283e-04 | loss=0.156574
Epoch 002 | Step 1340 | lr=9.755283e-04 | loss=0.169570
Epoch 002 | Step 1350 | lr=9.755283e-04 | loss=0.174735
Epoch 002 | Step 1360 | lr=9.755283e-04 | loss=0.180376
Epoch 002 | Step 1370 | lr=9.755283e-04 | loss=0.170511
Epoch 002 | Step 1380 | lr=9.755283e-04 | loss=0.181529
Epoch 002 | Step 1390 | lr=9.755283e-04 | loss=0.171334
Epoch 002 | Step 1400 | lr=9.755283e-04 | loss=0.166257
Epoch 002 | Step 1410 | lr=9.755283e-04 | loss=0.168445
Epoch 002 | Step 1420 | lr=9.755283e-04 | loss=0.164133
Epoch 002 | Step 1430 | lr=9.755283e-04 | loss=0.181222
Epoch 002 | Step 1440 | lr=9.755283e-04 | loss=0.162491
Epoch 002 | Step 1450 | lr=9.755283e-04 | loss=0.175913
Epoch 002 | Step 1460 | lr=9.755283e-04 | loss=0.165241
Epoch 002 | Step 1470 | lr=9.755283e-04 | loss=0.175554
Epoch 002 | Step 1480 | lr=9.755283e-04 | loss=0.176111
Epoch 002 | Step 1490 | lr=9.755283e-04 | loss=0.176531
Epoch 002 | Step 1500 | lr=9.755283e-04 | loss=0.172090
Epoch 002 | Step 1510 | lr=9.755283e-04 | loss=0.153742
Epoch 002 | Step 1520 | lr=9.755283e-04 | loss=0.174794
Epoch 002 | Step 1530 | lr=9.755283e-04 | loss=0.172982
Epoch 002 | Step 1540 | lr=9.755283e-04 | loss=0.166907
Epoch 002 | Step 1550 | lr=9.755283e-04 | loss=0.179376
Epoch 002 | Step 1560 | lr=9.755283e-04 | loss=0.168113
Epoch 002 | Step 1570 | lr=9.755283e-04 | loss=0.163960
Epoch 002 | Step 1580 | lr=9.755283e-04 | loss=0.173918
Epoch 002 | Step 1590 | lr=9.755283e-04 | loss=0.169267
Epoch 002 | Step 1600 | lr=9.755283e-04 | loss=0.163514
Epoch 002 | Step 1610 | lr=9.755283e-04 | loss=0.175646
Epoch 002 | Step 1620 | lr=9.755283e-04 | loss=0.181028
Epoch 002 | Step 1630 | lr=9.755283e-04 | loss=0.166431
Epoch 002 | Step 1640 | lr=9.755283e-04 | loss=0.173869
Epoch 002 | Step 1650 | lr=9.755283e-04 | loss=0.177268
Epoch 002 | Step 1660 | lr=9.755283e-04 | loss=0.159623
Epoch 002 | Step 1670 | lr=9.755283e-04 | loss=0.161229
Epoch 002 | Step 1680 | lr=9.755283e-04 | loss=0.178763
Epoch 002 | Step 1690 | lr=9.755283e-04 | loss=0.179685
Epoch 002 | Step 1700 | lr=9.755283e-04 | loss=0.178976
Epoch 002 | Step 1710 | lr=9.755283e-04 | loss=0.164863
Epoch 002 | Step 1720 | lr=9.755283e-04 | loss=0.160345
Epoch 002 | Step 1730 | lr=9.755283e-04 | loss=0.161819
Epoch 002 | Step 1740 | lr=9.755283e-04 | loss=0.163780
Epoch 002 | Step 1750 | lr=9.755283e-04 | loss=0.155911
Epoch 002 | Step 1760 | lr=9.755283e-04 | loss=0.177293
Epoch 002 | Step 1770 | lr=9.755283e-04 | loss=0.171347
Epoch 002 | Step 1780 | lr=9.755283e-04 | loss=0.179610
Epoch 002 | Step 1790 | lr=9.755283e-04 | loss=0.168646
Epoch 002 | Step 1800 | lr=9.755283e-04 | loss=0.162136
Epoch 002 | Step 1810 | lr=9.755283e-04 | loss=0.173726
Epoch 002 | Step 1820 | lr=9.755283e-04 | loss=0.165183
Epoch 002 | Step 1830 | lr=9.755283e-04 | loss=0.174352
Epoch 002 | Step 1840 | lr=9.755283e-04 | loss=0.168455
Epoch 002 | Step 1850 | lr=9.755283e-04 | loss=0.156144
Epoch 002 | Step 1860 | lr=9.755283e-04 | loss=0.167026
Epoch 002 | Step 1870 | lr=9.755283e-04 | loss=0.162662
Epoch 002 | Step 1880 | lr=9.755283e-04 | loss=0.166697
Epoch 002 | Step 1890 | lr=9.755283e-04 | loss=0.170240
Epoch 002 | Step 1900 | lr=9.755283e-04 | loss=0.171225
Epoch 002 | Step 1910 | lr=9.755283e-04 | loss=0.162818
Epoch 002 | Step 1920 | lr=9.755283e-04 | loss=0.182414
Epoch 002 | Step 1930 | lr=9.755283e-04 | loss=0.162136
epoch 002 | train_kld=0.173431 | val_kld=0.159223 | val_mae=0.002961 | val_mse=0.000115 | ord_acc@10=0.2942 | recall@10=0.8211
Epoch 003 | Step 10 | lr=9.045085e-04 | loss=0.165704
Epoch 003 | Step 20 | lr=9.045085e-04 | loss=0.160595
Epoch 003 | Step 30 | lr=9.045085e-04 | loss=0.167101
Epoch 003 | Step 40 | lr=9.045085e-04 | loss=0.169587
Epoch 003 | Step 50 | lr=9.045085e-04 | loss=0.159814
Epoch 003 | Step 60 | lr=9.045085e-04 | loss=0.168332
Epoch 003 | Step 70 | lr=9.045085e-04 | loss=0.163713
Epoch 003 | Step 80 | lr=9.045085e-04 | loss=0.163355
Epoch 003 | Step 90 | lr=9.045085e-04 | loss=0.167973
Epoch 003 | Step 100 | lr=9.045085e-04 | loss=0.156674
Epoch 003 | Step 110 | lr=9.045085e-04 | loss=0.159741
Epoch 003 | Step 120 | lr=9.045085e-04 | loss=0.163746
Epoch 003 | Step 130 | lr=9.045085e-04 | loss=0.168384
Epoch 003 | Step 140 | lr=9.045085e-04 | loss=0.160365
Epoch 003 | Step 150 | lr=9.045085e-04 | loss=0.160429
Epoch 003 | Step 160 | lr=9.045085e-04 | loss=0.162319
Epoch 003 | Step 170 | lr=9.045085e-04 | loss=0.167971
Epoch 003 | Step 180 | lr=9.045085e-04 | loss=0.163126
Epoch 003 | Step 190 | lr=9.045085e-04 | loss=0.162753
Epoch 003 | Step 200 | lr=9.045085e-04 | loss=0.176215
Epoch 003 | Step 210 | lr=9.045085e-04 | loss=0.159202
Epoch 003 | Step 220 | lr=9.045085e-04 | loss=0.156844
Epoch 003 | Step 230 | lr=9.045085e-04 | loss=0.157492
Epoch 003 | Step 240 | lr=9.045085e-04 | loss=0.161360
Epoch 003 | Step 250 | lr=9.045085e-04 | loss=0.173970
Epoch 003 | Step 260 | lr=9.045085e-04 | loss=0.164987
Epoch 003 | Step 270 | lr=9.045085e-04 | loss=0.152532
Epoch 003 | Step 280 | lr=9.045085e-04 | loss=0.161778
Epoch 003 | Step 290 | lr=9.045085e-04 | loss=0.156441
Epoch 003 | Step 300 | lr=9.045085e-04 | loss=0.166029
Epoch 003 | Step 310 | lr=9.045085e-04 | loss=0.170416
Epoch 003 | Step 320 | lr=9.045085e-04 | loss=0.168027
Epoch 003 | Step 330 | lr=9.045085e-04 | loss=0.157396
Epoch 003 | Step 340 | lr=9.045085e-04 | loss=0.159258
Epoch 003 | Step 350 | lr=9.045085e-04 | loss=0.165800
Epoch 003 | Step 360 | lr=9.045085e-04 | loss=0.164384
Epoch 003 | Step 370 | lr=9.045085e-04 | loss=0.162052
Epoch 003 | Step 380 | lr=9.045085e-04 | loss=0.166380
Epoch 003 | Step 390 | lr=9.045085e-04 | loss=0.168101
Epoch 003 | Step 400 | lr=9.045085e-04 | loss=0.157577
Epoch 003 | Step 410 | lr=9.045085e-04 | loss=0.166210
Epoch 003 | Step 420 | lr=9.045085e-04 | loss=0.164648
Epoch 003 | Step 430 | lr=9.045085e-04 | loss=0.172864
Epoch 003 | Step 440 | lr=9.045085e-04 | loss=0.161345
Epoch 003 | Step 450 | lr=9.045085e-04 | loss=0.163084
Epoch 003 | Step 460 | lr=9.045085e-04 | loss=0.155039
Epoch 003 | Step 470 | lr=9.045085e-04 | loss=0.163657
Epoch 003 | Step 480 | lr=9.045085e-04 | loss=0.168237
Epoch 003 | Step 490 | lr=9.045085e-04 | loss=0.163389
Epoch 003 | Step 500 | lr=9.045085e-04 | loss=0.160604
Epoch 003 | Step 510 | lr=9.045085e-04 | loss=0.151346
Epoch 003 | Step 520 | lr=9.045085e-04 | loss=0.159364
Epoch 003 | Step 530 | lr=9.045085e-04 | loss=0.152165
Epoch 003 | Step 540 | lr=9.045085e-04 | loss=0.157467
Epoch 003 | Step 550 | lr=9.045085e-04 | loss=0.158622
Epoch 003 | Step 560 | lr=9.045085e-04 | loss=0.155761
Epoch 003 | Step 570 | lr=9.045085e-04 | loss=0.165840
Epoch 003 | Step 580 | lr=9.045085e-04 | loss=0.147411
Epoch 003 | Step 590 | lr=9.045085e-04 | loss=0.156076
Epoch 003 | Step 600 | lr=9.045085e-04 | loss=0.167347
Epoch 003 | Step 610 | lr=9.045085e-04 | loss=0.160970
Epoch 003 | Step 620 | lr=9.045085e-04 | loss=0.166466
Epoch 003 | Step 630 | lr=9.045085e-04 | loss=0.164560
Epoch 003 | Step 640 | lr=9.045085e-04 | loss=0.154899
Epoch 003 | Step 650 | lr=9.045085e-04 | loss=0.161500
Epoch 003 | Step 660 | lr=9.045085e-04 | loss=0.160648
Epoch 003 | Step 670 | lr=9.045085e-04 | loss=0.165401
Epoch 003 | Step 680 | lr=9.045085e-04 | loss=0.157737
Epoch 003 | Step 690 | lr=9.045085e-04 | loss=0.160224
Epoch 003 | Step 700 | lr=9.045085e-04 | loss=0.157364
Epoch 003 | Step 710 | lr=9.045085e-04 | loss=0.168182
Epoch 003 | Step 720 | lr=9.045085e-04 | loss=0.167434
Epoch 003 | Step 730 | lr=9.045085e-04 | loss=0.167410
Epoch 003 | Step 740 | lr=9.045085e-04 | loss=0.161527
Epoch 003 | Step 750 | lr=9.045085e-04 | loss=0.157563
Epoch 003 | Step 760 | lr=9.045085e-04 | loss=0.166002
Epoch 003 | Step 770 | lr=9.045085e-04 | loss=0.155307
Epoch 003 | Step 780 | lr=9.045085e-04 | loss=0.163312
Epoch 003 | Step 790 | lr=9.045085e-04 | loss=0.162763
Epoch 003 | Step 800 | lr=9.045085e-04 | loss=0.160563
Epoch 003 | Step 810 | lr=9.045085e-04 | loss=0.158971
Epoch 003 | Step 820 | lr=9.045085e-04 | loss=0.162235
Epoch 003 | Step 830 | lr=9.045085e-04 | loss=0.155616
Epoch 003 | Step 840 | lr=9.045085e-04 | loss=0.146533
Epoch 003 | Step 850 | lr=9.045085e-04 | loss=0.167103
Epoch 003 | Step 860 | lr=9.045085e-04 | loss=0.144044
Epoch 003 | Step 870 | lr=9.045085e-04 | loss=0.163396
Epoch 003 | Step 880 | lr=9.045085e-04 | loss=0.153565
Epoch 003 | Step 890 | lr=9.045085e-04 | loss=0.158803
Epoch 003 | Step 900 | lr=9.045085e-04 | loss=0.157272
Epoch 003 | Step 910 | lr=9.045085e-04 | loss=0.172256
Epoch 003 | Step 920 | lr=9.045085e-04 | loss=0.153059
Epoch 003 | Step 930 | lr=9.045085e-04 | loss=0.156737
Epoch 003 | Step 940 | lr=9.045085e-04 | loss=0.167184
Epoch 003 | Step 950 | lr=9.045085e-04 | loss=0.158995
Epoch 003 | Step 960 | lr=9.045085e-04 | loss=0.156964
Epoch 003 | Step 970 | lr=9.045085e-04 | loss=0.153657
Epoch 003 | Step 980 | lr=9.045085e-04 | loss=0.158520
Epoch 003 | Step 990 | lr=9.045085e-04 | loss=0.151856
Epoch 003 | Step 1000 | lr=9.045085e-04 | loss=0.154546
Epoch 003 | Step 1010 | lr=9.045085e-04 | loss=0.164335
Epoch 003 | Step 1020 | lr=9.045085e-04 | loss=0.158532
Epoch 003 | Step 1030 | lr=9.045085e-04 | loss=0.178089
Epoch 003 | Step 1040 | lr=9.045085e-04 | loss=0.159173
Epoch 003 | Step 1050 | lr=9.045085e-04 | loss=0.164122
Epoch 003 | Step 1060 | lr=9.045085e-04 | loss=0.152897
Epoch 003 | Step 1070 | lr=9.045085e-04 | loss=0.161552
Epoch 003 | Step 1080 | lr=9.045085e-04 | loss=0.154326
Epoch 003 | Step 1090 | lr=9.045085e-04 | loss=0.166698
Epoch 003 | Step 1100 | lr=9.045085e-04 | loss=0.149993
Epoch 003 | Step 1110 | lr=9.045085e-04 | loss=0.159450
Epoch 003 | Step 1120 | lr=9.045085e-04 | loss=0.163947
Epoch 003 | Step 1130 | lr=9.045085e-04 | loss=0.162792
Epoch 003 | Step 1140 | lr=9.045085e-04 | loss=0.161252
Epoch 003 | Step 1150 | lr=9.045085e-04 | loss=0.157675
Epoch 003 | Step 1160 | lr=9.045085e-04 | loss=0.162562
Epoch 003 | Step 1170 | lr=9.045085e-04 | loss=0.171101
Epoch 003 | Step 1180 | lr=9.045085e-04 | loss=0.160962
Epoch 003 | Step 1190 | lr=9.045085e-04 | loss=0.170053
Epoch 003 | Step 1200 | lr=9.045085e-04 | loss=0.155901
Epoch 003 | Step 1210 | lr=9.045085e-04 | loss=0.157634
Epoch 003 | Step 1220 | lr=9.045085e-04 | loss=0.162681
Epoch 003 | Step 1230 | lr=9.045085e-04 | loss=0.158078
Epoch 003 | Step 1240 | lr=9.045085e-04 | loss=0.169683
Epoch 003 | Step 1250 | lr=9.045085e-04 | loss=0.155962
Epoch 003 | Step 1260 | lr=9.045085e-04 | loss=0.160542
Epoch 003 | Step 1270 | lr=9.045085e-04 | loss=0.162597
Epoch 003 | Step 1280 | lr=9.045085e-04 | loss=0.166056
Epoch 003 | Step 1290 | lr=9.045085e-04 | loss=0.155131
Epoch 003 | Step 1300 | lr=9.045085e-04 | loss=0.161230
Epoch 003 | Step 1310 | lr=9.045085e-04 | loss=0.157428
Epoch 003 | Step 1320 | lr=9.045085e-04 | loss=0.157262
Epoch 003 | Step 1330 | lr=9.045085e-04 | loss=0.160355
Epoch 003 | Step 1340 | lr=9.045085e-04 | loss=0.146138
Epoch 003 | Step 1350 | lr=9.045085e-04 | loss=0.169226
Epoch 003 | Step 1360 | lr=9.045085e-04 | loss=0.159954
Epoch 003 | Step 1370 | lr=9.045085e-04 | loss=0.165999
Epoch 003 | Step 1380 | lr=9.045085e-04 | loss=0.152220
Epoch 003 | Step 1390 | lr=9.045085e-04 | loss=0.158255
Epoch 003 | Step 1400 | lr=9.045085e-04 | loss=0.163162
Epoch 003 | Step 1410 | lr=9.045085e-04 | loss=0.164246
Epoch 003 | Step 1420 | lr=9.045085e-04 | loss=0.162640
Epoch 003 | Step 1430 | lr=9.045085e-04 | loss=0.166860
Epoch 003 | Step 1440 | lr=9.045085e-04 | loss=0.154124
Epoch 003 | Step 1450 | lr=9.045085e-04 | loss=0.159018
Epoch 003 | Step 1460 | lr=9.045085e-04 | loss=0.155897
Epoch 003 | Step 1470 | lr=9.045085e-04 | loss=0.164912
Epoch 003 | Step 1480 | lr=9.045085e-04 | loss=0.148524
Epoch 003 | Step 1490 | lr=9.045085e-04 | loss=0.157443
Epoch 003 | Step 1500 | lr=9.045085e-04 | loss=0.159398
Epoch 003 | Step 1510 | lr=9.045085e-04 | loss=0.161513
Epoch 003 | Step 1520 | lr=9.045085e-04 | loss=0.159232
Epoch 003 | Step 1530 | lr=9.045085e-04 | loss=0.148233
Epoch 003 | Step 1540 | lr=9.045085e-04 | loss=0.151477
Epoch 003 | Step 1550 | lr=9.045085e-04 | loss=0.165086
Epoch 003 | Step 1560 | lr=9.045085e-04 | loss=0.161511
Epoch 003 | Step 1570 | lr=9.045085e-04 | loss=0.157170
Epoch 003 | Step 1580 | lr=9.045085e-04 | loss=0.152594
Epoch 003 | Step 1590 | lr=9.045085e-04 | loss=0.153697
Epoch 003 | Step 1600 | lr=9.045085e-04 | loss=0.159678
Epoch 003 | Step 1610 | lr=9.045085e-04 | loss=0.147281
Epoch 003 | Step 1620 | lr=9.045085e-04 | loss=0.155055
Epoch 003 | Step 1630 | lr=9.045085e-04 | loss=0.153780
Epoch 003 | Step 1640 | lr=9.045085e-04 | loss=0.159387
Epoch 003 | Step 1650 | lr=9.045085e-04 | loss=0.154769
Epoch 003 | Step 1660 | lr=9.045085e-04 | loss=0.152904
Epoch 003 | Step 1670 | lr=9.045085e-04 | loss=0.153017
Epoch 003 | Step 1680 | lr=9.045085e-04 | loss=0.172529
Epoch 003 | Step 1690 | lr=9.045085e-04 | loss=0.161830
Epoch 003 | Step 1700 | lr=9.045085e-04 | loss=0.158805
Epoch 003 | Step 1710 | lr=9.045085e-04 | loss=0.153518
Epoch 003 | Step 1720 | lr=9.045085e-04 | loss=0.149573
Epoch 003 | Step 1730 | lr=9.045085e-04 | loss=0.160636
Epoch 003 | Step 1740 | lr=9.045085e-04 | loss=0.161353
Epoch 003 | Step 1750 | lr=9.045085e-04 | loss=0.156856
Epoch 003 | Step 1760 | lr=9.045085e-04 | loss=0.167608
Epoch 003 | Step 1770 | lr=9.045085e-04 | loss=0.160790
Epoch 003 | Step 1780 | lr=9.045085e-04 | loss=0.158766
Epoch 003 | Step 1790 | lr=9.045085e-04 | loss=0.159930
Epoch 003 | Step 1800 | lr=9.045085e-04 | loss=0.157448
Epoch 003 | Step 1810 | lr=9.045085e-04 | loss=0.165430
Epoch 003 | Step 1820 | lr=9.045085e-04 | loss=0.161557
Epoch 003 | Step 1830 | lr=9.045085e-04 | loss=0.159418
Epoch 003 | Step 1840 | lr=9.045085e-04 | loss=0.155660
Epoch 003 | Step 1850 | lr=9.045085e-04 | loss=0.153230
Epoch 003 | Step 1860 | lr=9.045085e-04 | loss=0.154063
Epoch 003 | Step 1870 | lr=9.045085e-04 | loss=0.174919
Epoch 003 | Step 1880 | lr=9.045085e-04 | loss=0.153001
Epoch 003 | Step 1890 | lr=9.045085e-04 | loss=0.159586
Epoch 003 | Step 1900 | lr=9.045085e-04 | loss=0.149036
Epoch 003 | Step 1910 | lr=9.045085e-04 | loss=0.152481
Epoch 003 | Step 1920 | lr=9.045085e-04 | loss=0.152521
Epoch 003 | Step 1930 | lr=9.045085e-04 | loss=0.160665
epoch 003 | train_kld=0.161002 | val_kld=0.150215 | val_mae=0.002805 | val_mse=0.000102 | ord_acc@10=0.3060 | recall@10=0.8259
Epoch 004 | Step 10 | lr=7.938926e-04 | loss=0.155425
Epoch 004 | Step 20 | lr=7.938926e-04 | loss=0.156849
Epoch 004 | Step 30 | lr=7.938926e-04 | loss=0.150904
Epoch 004 | Step 40 | lr=7.938926e-04 | loss=0.158498
Epoch 004 | Step 50 | lr=7.938926e-04 | loss=0.158599
Epoch 004 | Step 60 | lr=7.938926e-04 | loss=0.149838
Epoch 004 | Step 70 | lr=7.938926e-04 | loss=0.152705
Epoch 004 | Step 80 | lr=7.938926e-04 | loss=0.155451
Epoch 004 | Step 90 | lr=7.938926e-04 | loss=0.152548
Epoch 004 | Step 100 | lr=7.938926e-04 | loss=0.154837
Epoch 004 | Step 110 | lr=7.938926e-04 | loss=0.154750
Epoch 004 | Step 120 | lr=7.938926e-04 | loss=0.150177
Epoch 004 | Step 130 | lr=7.938926e-04 | loss=0.151926
Epoch 004 | Step 140 | lr=7.938926e-04 | loss=0.155256
Epoch 004 | Step 150 | lr=7.938926e-04 | loss=0.149910
Epoch 004 | Step 160 | lr=7.938926e-04 | loss=0.156862
Epoch 004 | Step 170 | lr=7.938926e-04 | loss=0.165521
Epoch 004 | Step 180 | lr=7.938926e-04 | loss=0.167074
Epoch 004 | Step 190 | lr=7.938926e-04 | loss=0.149596
Epoch 004 | Step 200 | lr=7.938926e-04 | loss=0.157722
Epoch 004 | Step 210 | lr=7.938926e-04 | loss=0.151640
Epoch 004 | Step 220 | lr=7.938926e-04 | loss=0.155917
Epoch 004 | Step 230 | lr=7.938926e-04 | loss=0.160304
Epoch 004 | Step 240 | lr=7.938926e-04 | loss=0.160070
Epoch 004 | Step 250 | lr=7.938926e-04 | loss=0.155579
Epoch 004 | Step 260 | lr=7.938926e-04 | loss=0.143667
Epoch 004 | Step 270 | lr=7.938926e-04 | loss=0.153379
Epoch 004 | Step 280 | lr=7.938926e-04 | loss=0.153627
Epoch 004 | Step 290 | lr=7.938926e-04 | loss=0.150517
Epoch 004 | Step 300 | lr=7.938926e-04 | loss=0.158406
Epoch 004 | Step 310 | lr=7.938926e-04 | loss=0.159052
Epoch 004 | Step 320 | lr=7.938926e-04 | loss=0.158650
Epoch 004 | Step 330 | lr=7.938926e-04 | loss=0.167991
Epoch 004 | Step 340 | lr=7.938926e-04 | loss=0.158275
Epoch 004 | Step 350 | lr=7.938926e-04 | loss=0.161429
Epoch 004 | Step 360 | lr=7.938926e-04 | loss=0.151169
Epoch 004 | Step 370 | lr=7.938926e-04 | loss=0.159595
Epoch 004 | Step 380 | lr=7.938926e-04 | loss=0.152601
Epoch 004 | Step 390 | lr=7.938926e-04 | loss=0.157416
Epoch 004 | Step 400 | lr=7.938926e-04 | loss=0.150370
Epoch 004 | Step 410 | lr=7.938926e-04 | loss=0.157365
Epoch 004 | Step 420 | lr=7.938926e-04 | loss=0.161064
Epoch 004 | Step 430 | lr=7.938926e-04 | loss=0.154855
Epoch 004 | Step 440 | lr=7.938926e-04 | loss=0.148510
Epoch 004 | Step 450 | lr=7.938926e-04 | loss=0.157227
Epoch 004 | Step 460 | lr=7.938926e-04 | loss=0.152455
Epoch 004 | Step 470 | lr=7.938926e-04 | loss=0.154413
Epoch 004 | Step 480 | lr=7.938926e-04 | loss=0.148287
Epoch 004 | Step 490 | lr=7.938926e-04 | loss=0.141647
Epoch 004 | Step 500 | lr=7.938926e-04 | loss=0.156497
Epoch 004 | Step 510 | lr=7.938926e-04 | loss=0.163346
Epoch 004 | Step 520 | lr=7.938926e-04 | loss=0.152668
Epoch 004 | Step 530 | lr=7.938926e-04 | loss=0.152915
Epoch 004 | Step 540 | lr=7.938926e-04 | loss=0.149716
Epoch 004 | Step 550 | lr=7.938926e-04 | loss=0.151229
Epoch 004 | Step 560 | lr=7.938926e-04 | loss=0.157514
Epoch 004 | Step 570 | lr=7.938926e-04 | loss=0.153784
Epoch 004 | Step 580 | lr=7.938926e-04 | loss=0.147738
Epoch 004 | Step 590 | lr=7.938926e-04 | loss=0.155180
Epoch 004 | Step 600 | lr=7.938926e-04 | loss=0.161229
Epoch 004 | Step 610 | lr=7.938926e-04 | loss=0.143929
Epoch 004 | Step 620 | lr=7.938926e-04 | loss=0.150565
Epoch 004 | Step 630 | lr=7.938926e-04 | loss=0.158578
Epoch 004 | Step 640 | lr=7.938926e-04 | loss=0.156205
Epoch 004 | Step 650 | lr=7.938926e-04 | loss=0.158716
Epoch 004 | Step 660 | lr=7.938926e-04 | loss=0.154246
Epoch 004 | Step 670 | lr=7.938926e-04 | loss=0.156606
Epoch 004 | Step 680 | lr=7.938926e-04 | loss=0.151149
Epoch 004 | Step 690 | lr=7.938926e-04 | loss=0.147924
Epoch 004 | Step 700 | lr=7.938926e-04 | loss=0.151872
Epoch 004 | Step 710 | lr=7.938926e-04 | loss=0.160330
Epoch 004 | Step 720 | lr=7.938926e-04 | loss=0.153531
Epoch 004 | Step 730 | lr=7.938926e-04 | loss=0.164322
Epoch 004 | Step 740 | lr=7.938926e-04 | loss=0.147032
Epoch 004 | Step 750 | lr=7.938926e-04 | loss=0.139834
Epoch 004 | Step 760 | lr=7.938926e-04 | loss=0.153860
Epoch 004 | Step 770 | lr=7.938926e-04 | loss=0.161711
Epoch 004 | Step 780 | lr=7.938926e-04 | loss=0.150671
Epoch 004 | Step 790 | lr=7.938926e-04 | loss=0.146024
Epoch 004 | Step 800 | lr=7.938926e-04 | loss=0.156512
Epoch 004 | Step 810 | lr=7.938926e-04 | loss=0.150995
Epoch 004 | Step 820 | lr=7.938926e-04 | loss=0.158288
Epoch 004 | Step 830 | lr=7.938926e-04 | loss=0.153487
Epoch 004 | Step 840 | lr=7.938926e-04 | loss=0.162569
Epoch 004 | Step 850 | lr=7.938926e-04 | loss=0.162058
Epoch 004 | Step 860 | lr=7.938926e-04 | loss=0.155163
Epoch 004 | Step 870 | lr=7.938926e-04 | loss=0.148413
Epoch 004 | Step 880 | lr=7.938926e-04 | loss=0.150223
Epoch 004 | Step 890 | lr=7.938926e-04 | loss=0.151267
Epoch 004 | Step 900 | lr=7.938926e-04 | loss=0.156872
Epoch 004 | Step 910 | lr=7.938926e-04 | loss=0.148784
Epoch 004 | Step 920 | lr=7.938926e-04 | loss=0.149558
Epoch 004 | Step 930 | lr=7.938926e-04 | loss=0.152130
Epoch 004 | Step 940 | lr=7.938926e-04 | loss=0.158136
Epoch 004 | Step 950 | lr=7.938926e-04 | loss=0.161701
Epoch 004 | Step 960 | lr=7.938926e-04 | loss=0.149887
Epoch 004 | Step 970 | lr=7.938926e-04 | loss=0.162954
Epoch 004 | Step 980 | lr=7.938926e-04 | loss=0.153675
Epoch 004 | Step 990 | lr=7.938926e-04 | loss=0.161744
Epoch 004 | Step 1000 | lr=7.938926e-04 | loss=0.150428
Epoch 004 | Step 1010 | lr=7.938926e-04 | loss=0.155338
Epoch 004 | Step 1020 | lr=7.938926e-04 | loss=0.155165
Epoch 004 | Step 1030 | lr=7.938926e-04 | loss=0.160457
Epoch 004 | Step 1040 | lr=7.938926e-04 | loss=0.153769
Epoch 004 | Step 1050 | lr=7.938926e-04 | loss=0.156292
Epoch 004 | Step 1060 | lr=7.938926e-04 | loss=0.150025
Epoch 004 | Step 1070 | lr=7.938926e-04 | loss=0.148739
Epoch 004 | Step 1080 | lr=7.938926e-04 | loss=0.157256
Epoch 004 | Step 1090 | lr=7.938926e-04 | loss=0.163439
Epoch 004 | Step 1100 | lr=7.938926e-04 | loss=0.154057
Epoch 004 | Step 1110 | lr=7.938926e-04 | loss=0.160696
Epoch 004 | Step 1120 | lr=7.938926e-04 | loss=0.162500
Epoch 004 | Step 1130 | lr=7.938926e-04 | loss=0.158991
Epoch 004 | Step 1140 | lr=7.938926e-04 | loss=0.157943
Epoch 004 | Step 1150 | lr=7.938926e-04 | loss=0.159969
Epoch 004 | Step 1160 | lr=7.938926e-04 | loss=0.152911
Epoch 004 | Step 1170 | lr=7.938926e-04 | loss=0.152833
Epoch 004 | Step 1180 | lr=7.938926e-04 | loss=0.156235
Epoch 004 | Step 1190 | lr=7.938926e-04 | loss=0.150396
Epoch 004 | Step 1200 | lr=7.938926e-04 | loss=0.157280
Epoch 004 | Step 1210 | lr=7.938926e-04 | loss=0.155021
Epoch 004 | Step 1220 | lr=7.938926e-04 | loss=0.156749
Epoch 004 | Step 1230 | lr=7.938926e-04 | loss=0.150993
Epoch 004 | Step 1240 | lr=7.938926e-04 | loss=0.146920
Epoch 004 | Step 1250 | lr=7.938926e-04 | loss=0.162248
Epoch 004 | Step 1260 | lr=7.938926e-04 | loss=0.151482
Epoch 004 | Step 1270 | lr=7.938926e-04 | loss=0.154986
Epoch 004 | Step 1280 | lr=7.938926e-04 | loss=0.153825
Epoch 004 | Step 1290 | lr=7.938926e-04 | loss=0.166104
Epoch 004 | Step 1300 | lr=7.938926e-04 | loss=0.153194
Epoch 004 | Step 1310 | lr=7.938926e-04 | loss=0.158493
Epoch 004 | Step 1320 | lr=7.938926e-04 | loss=0.154750
Epoch 004 | Step 1330 | lr=7.938926e-04 | loss=0.149857
Epoch 004 | Step 1340 | lr=7.938926e-04 | loss=0.143653
Epoch 004 | Step 1350 | lr=7.938926e-04 | loss=0.157914
Epoch 004 | Step 1360 | lr=7.938926e-04 | loss=0.144415
Epoch 004 | Step 1370 | lr=7.938926e-04 | loss=0.155678
Epoch 004 | Step 1380 | lr=7.938926e-04 | loss=0.149652
Epoch 004 | Step 1390 | lr=7.938926e-04 | loss=0.162788
Epoch 004 | Step 1400 | lr=7.938926e-04 | loss=0.153848
Epoch 004 | Step 1410 | lr=7.938926e-04 | loss=0.151059
Epoch 004 | Step 1420 | lr=7.938926e-04 | loss=0.150486
Epoch 004 | Step 1430 | lr=7.938926e-04 | loss=0.153092
Epoch 004 | Step 1440 | lr=7.938926e-04 | loss=0.151241
Epoch 004 | Step 1450 | lr=7.938926e-04 | loss=0.160501
Epoch 004 | Step 1460 | lr=7.938926e-04 | loss=0.148946
Epoch 004 | Step 1470 | lr=7.938926e-04 | loss=0.155151
Epoch 004 | Step 1480 | lr=7.938926e-04 | loss=0.156795
Epoch 004 | Step 1490 | lr=7.938926e-04 | loss=0.156881
Epoch 004 | Step 1500 | lr=7.938926e-04 | loss=0.152970
Epoch 004 | Step 1510 | lr=7.938926e-04 | loss=0.146879
Epoch 004 | Step 1520 | lr=7.938926e-04 | loss=0.146608
Epoch 004 | Step 1530 | lr=7.938926e-04 | loss=0.146206
Epoch 004 | Step 1540 | lr=7.938926e-04 | loss=0.150020
Epoch 004 | Step 1550 | lr=7.938926e-04 | loss=0.152108
Epoch 004 | Step 1560 | lr=7.938926e-04 | loss=0.157615
Epoch 004 | Step 1570 | lr=7.938926e-04 | loss=0.157858
Epoch 004 | Step 1580 | lr=7.938926e-04 | loss=0.147854
Epoch 004 | Step 1590 | lr=7.938926e-04 | loss=0.159644
Epoch 004 | Step 1600 | lr=7.938926e-04 | loss=0.155137
Epoch 004 | Step 1610 | lr=7.938926e-04 | loss=0.152205
Epoch 004 | Step 1620 | lr=7.938926e-04 | loss=0.157996
Epoch 004 | Step 1630 | lr=7.938926e-04 | loss=0.153332
Epoch 004 | Step 1640 | lr=7.938926e-04 | loss=0.152379
Epoch 004 | Step 1650 | lr=7.938926e-04 | loss=0.149164
Epoch 004 | Step 1660 | lr=7.938926e-04 | loss=0.161318
Epoch 004 | Step 1670 | lr=7.938926e-04 | loss=0.153176
Epoch 004 | Step 1680 | lr=7.938926e-04 | loss=0.153654
Epoch 004 | Step 1690 | lr=7.938926e-04 | loss=0.149521
Epoch 004 | Step 1700 | lr=7.938926e-04 | loss=0.150019
Epoch 004 | Step 1710 | lr=7.938926e-04 | loss=0.144390
Epoch 004 | Step 1720 | lr=7.938926e-04 | loss=0.155591
Epoch 004 | Step 1730 | lr=7.938926e-04 | loss=0.151347
Epoch 004 | Step 1740 | lr=7.938926e-04 | loss=0.150954
Epoch 004 | Step 1750 | lr=7.938926e-04 | loss=0.155117
Epoch 004 | Step 1760 | lr=7.938926e-04 | loss=0.156123
Epoch 004 | Step 1770 | lr=7.938926e-04 | loss=0.153719
Epoch 004 | Step 1780 | lr=7.938926e-04 | loss=0.158904
Epoch 004 | Step 1790 | lr=7.938926e-04 | loss=0.156360
Epoch 004 | Step 1800 | lr=7.938926e-04 | loss=0.153176
Epoch 004 | Step 1810 | lr=7.938926e-04 | loss=0.159466
Epoch 004 | Step 1820 | lr=7.938926e-04 | loss=0.148818
Epoch 004 | Step 1830 | lr=7.938926e-04 | loss=0.146206
Epoch 004 | Step 1840 | lr=7.938926e-04 | loss=0.153511
Epoch 004 | Step 1850 | lr=7.938926e-04 | loss=0.155396
Epoch 004 | Step 1860 | lr=7.938926e-04 | loss=0.141529
Epoch 004 | Step 1870 | lr=7.938926e-04 | loss=0.155523
Epoch 004 | Step 1880 | lr=7.938926e-04 | loss=0.153948
Epoch 004 | Step 1890 | lr=7.938926e-04 | loss=0.148726
Epoch 004 | Step 1900 | lr=7.938926e-04 | loss=0.152897
Epoch 004 | Step 1910 | lr=7.938926e-04 | loss=0.148568
Epoch 004 | Step 1920 | lr=7.938926e-04 | loss=0.151891
Epoch 004 | Step 1930 | lr=7.938926e-04 | loss=0.150544
epoch 004 | train_kld=0.154101 | val_kld=0.145941 | val_mae=0.002743 | val_mse=0.000096 | ord_acc@10=0.3109 | recall@10=0.8292
Epoch 005 | Step 10 | lr=6.545085e-04 | loss=0.152177
Epoch 005 | Step 20 | lr=6.545085e-04 | loss=0.155433
Epoch 005 | Step 30 | lr=6.545085e-04 | loss=0.144735
Epoch 005 | Step 40 | lr=6.545085e-04 | loss=0.149322
Epoch 005 | Step 50 | lr=6.545085e-04 | loss=0.152737
Epoch 005 | Step 60 | lr=6.545085e-04 | loss=0.154841
Epoch 005 | Step 70 | lr=6.545085e-04 | loss=0.155310
Epoch 005 | Step 80 | lr=6.545085e-04 | loss=0.164801
Epoch 005 | Step 90 | lr=6.545085e-04 | loss=0.153535
Epoch 005 | Step 100 | lr=6.545085e-04 | loss=0.149389
Epoch 005 | Step 110 | lr=6.545085e-04 | loss=0.145151
Epoch 005 | Step 120 | lr=6.545085e-04 | loss=0.151872
Epoch 005 | Step 130 | lr=6.545085e-04 | loss=0.161217
Epoch 005 | Step 140 | lr=6.545085e-04 | loss=0.154565
Epoch 005 | Step 150 | lr=6.545085e-04 | loss=0.150588
Epoch 005 | Step 160 | lr=6.545085e-04 | loss=0.156732
Epoch 005 | Step 170 | lr=6.545085e-04 | loss=0.141636
Epoch 005 | Step 180 | lr=6.545085e-04 | loss=0.152043
Epoch 005 | Step 190 | lr=6.545085e-04 | loss=0.145235
Epoch 005 | Step 200 | lr=6.545085e-04 | loss=0.142668
Epoch 005 | Step 210 | lr=6.545085e-04 | loss=0.141918
Epoch 005 | Step 220 | lr=6.545085e-04 | loss=0.149061
Epoch 005 | Step 230 | lr=6.545085e-04 | loss=0.148658
Epoch 005 | Step 240 | lr=6.545085e-04 | loss=0.145314
Epoch 005 | Step 250 | lr=6.545085e-04 | loss=0.163250
Epoch 005 | Step 260 | lr=6.545085e-04 | loss=0.138418
Epoch 005 | Step 270 | lr=6.545085e-04 | loss=0.150036
Epoch 005 | Step 280 | lr=6.545085e-04 | loss=0.139922
Epoch 005 | Step 290 | lr=6.545085e-04 | loss=0.148913
Epoch 005 | Step 300 | lr=6.545085e-04 | loss=0.141712
Epoch 005 | Step 310 | lr=6.545085e-04 | loss=0.136157
Epoch 005 | Step 320 | lr=6.545085e-04 | loss=0.141611
Epoch 005 | Step 330 | lr=6.545085e-04 | loss=0.145167
Epoch 005 | Step 340 | lr=6.545085e-04 | loss=0.152701
Epoch 005 | Step 350 | lr=6.545085e-04 | loss=0.150430
Epoch 005 | Step 360 | lr=6.545085e-04 | loss=0.146748
Epoch 005 | Step 370 | lr=6.545085e-04 | loss=0.151199
Epoch 005 | Step 380 | lr=6.545085e-04 | loss=0.151155
Epoch 005 | Step 390 | lr=6.545085e-04 | loss=0.148747
Epoch 005 | Step 400 | lr=6.545085e-04 | loss=0.148054
Epoch 005 | Step 410 | lr=6.545085e-04 | loss=0.140915
Epoch 005 | Step 420 | lr=6.545085e-04 | loss=0.149666
Epoch 005 | Step 430 | lr=6.545085e-04 | loss=0.136997
Epoch 005 | Step 440 | lr=6.545085e-04 | loss=0.142734
Epoch 005 | Step 450 | lr=6.545085e-04 | loss=0.148183
Epoch 005 | Step 460 | lr=6.545085e-04 | loss=0.150418
Epoch 005 | Step 470 | lr=6.545085e-04 | loss=0.150027
Epoch 005 | Step 480 | lr=6.545085e-04 | loss=0.140942
Epoch 005 | Step 490 | lr=6.545085e-04 | loss=0.148732
Epoch 005 | Step 500 | lr=6.545085e-04 | loss=0.143361
Epoch 005 | Step 510 | lr=6.545085e-04 | loss=0.146092
Epoch 005 | Step 520 | lr=6.545085e-04 | loss=0.150631
Epoch 005 | Step 530 | lr=6.545085e-04 | loss=0.149390
Epoch 005 | Step 540 | lr=6.545085e-04 | loss=0.151366
Epoch 005 | Step 550 | lr=6.545085e-04 | loss=0.158138
Epoch 005 | Step 560 | lr=6.545085e-04 | loss=0.141194
Epoch 005 | Step 570 | lr=6.545085e-04 | loss=0.150599
Epoch 005 | Step 580 | lr=6.545085e-04 | loss=0.147188
Epoch 005 | Step 590 | lr=6.545085e-04 | loss=0.157198
Epoch 005 | Step 600 | lr=6.545085e-04 | loss=0.144419
Epoch 005 | Step 610 | lr=6.545085e-04 | loss=0.153809
Epoch 005 | Step 620 | lr=6.545085e-04 | loss=0.145959
Epoch 005 | Step 630 | lr=6.545085e-04 | loss=0.137046
Epoch 005 | Step 640 | lr=6.545085e-04 | loss=0.150120
Epoch 005 | Step 650 | lr=6.545085e-04 | loss=0.149315
Epoch 005 | Step 660 | lr=6.545085e-04 | loss=0.149650
Epoch 005 | Step 670 | lr=6.545085e-04 | loss=0.149684
Epoch 005 | Step 680 | lr=6.545085e-04 | loss=0.153031
Epoch 005 | Step 690 | lr=6.545085e-04 | loss=0.152025
Epoch 005 | Step 700 | lr=6.545085e-04 | loss=0.145856
Epoch 005 | Step 710 | lr=6.545085e-04 | loss=0.142251
Epoch 005 | Step 720 | lr=6.545085e-04 | loss=0.140627
Epoch 005 | Step 730 | lr=6.545085e-04 | loss=0.150913
Epoch 005 | Step 740 | lr=6.545085e-04 | loss=0.153770
Epoch 005 | Step 750 | lr=6.545085e-04 | loss=0.138491
Epoch 005 | Step 760 | lr=6.545085e-04 | loss=0.143967
Epoch 005 | Step 770 | lr=6.545085e-04 | loss=0.148427
Epoch 005 | Step 780 | lr=6.545085e-04 | loss=0.155492
Epoch 005 | Step 790 | lr=6.545085e-04 | loss=0.144257
Epoch 005 | Step 800 | lr=6.545085e-04 | loss=0.150612
Epoch 005 | Step 810 | lr=6.545085e-04 | loss=0.142126
Epoch 005 | Step 820 | lr=6.545085e-04 | loss=0.141952
Epoch 005 | Step 830 | lr=6.545085e-04 | loss=0.158831
Epoch 005 | Step 840 | lr=6.545085e-04 | loss=0.148451
Epoch 005 | Step 850 | lr=6.545085e-04 | loss=0.146479
Epoch 005 | Step 860 | lr=6.545085e-04 | loss=0.141335
Epoch 005 | Step 870 | lr=6.545085e-04 | loss=0.145252
Epoch 005 | Step 880 | lr=6.545085e-04 | loss=0.147701
Epoch 005 | Step 890 | lr=6.545085e-04 | loss=0.143035
Epoch 005 | Step 900 | lr=6.545085e-04 | loss=0.141478
Epoch 005 | Step 910 | lr=6.545085e-04 | loss=0.155979
Epoch 005 | Step 920 | lr=6.545085e-04 | loss=0.150919
Epoch 005 | Step 930 | lr=6.545085e-04 | loss=0.149259
Epoch 005 | Step 940 | lr=6.545085e-04 | loss=0.148694
Epoch 005 | Step 950 | lr=6.545085e-04 | loss=0.147636
Epoch 005 | Step 960 | lr=6.545085e-04 | loss=0.150340
Epoch 005 | Step 970 | lr=6.545085e-04 | loss=0.142501
Epoch 005 | Step 980 | lr=6.545085e-04 | loss=0.147103
Epoch 005 | Step 990 | lr=6.545085e-04 | loss=0.151164
Epoch 005 | Step 1000 | lr=6.545085e-04 | loss=0.139155
Epoch 005 | Step 1010 | lr=6.545085e-04 | loss=0.150423
Epoch 005 | Step 1020 | lr=6.545085e-04 | loss=0.147105
Epoch 005 | Step 1030 | lr=6.545085e-04 | loss=0.148022
Epoch 005 | Step 1040 | lr=6.545085e-04 | loss=0.151060
Epoch 005 | Step 1050 | lr=6.545085e-04 | loss=0.143172
Epoch 005 | Step 1060 | lr=6.545085e-04 | loss=0.158665
Epoch 005 | Step 1070 | lr=6.545085e-04 | loss=0.149058
Epoch 005 | Step 1080 | lr=6.545085e-04 | loss=0.161728
Epoch 005 | Step 1090 | lr=6.545085e-04 | loss=0.152710
Epoch 005 | Step 1100 | lr=6.545085e-04 | loss=0.151852
Epoch 005 | Step 1110 | lr=6.545085e-04 | loss=0.144251
Epoch 005 | Step 1120 | lr=6.545085e-04 | loss=0.154461
Epoch 005 | Step 1130 | lr=6.545085e-04 | loss=0.138097
Epoch 005 | Step 1140 | lr=6.545085e-04 | loss=0.156636
Epoch 005 | Step 1150 | lr=6.545085e-04 | loss=0.146308
Epoch 005 | Step 1160 | lr=6.545085e-04 | loss=0.151518
Epoch 005 | Step 1170 | lr=6.545085e-04 | loss=0.147355
Epoch 005 | Step 1180 | lr=6.545085e-04 | loss=0.152886
Epoch 005 | Step 1190 | lr=6.545085e-04 | loss=0.135800
Epoch 005 | Step 1200 | lr=6.545085e-04 | loss=0.147155
Epoch 005 | Step 1210 | lr=6.545085e-04 | loss=0.146905
Epoch 005 | Step 1220 | lr=6.545085e-04 | loss=0.136962
Epoch 005 | Step 1230 | lr=6.545085e-04 | loss=0.152278
Epoch 005 | Step 1240 | lr=6.545085e-04 | loss=0.153643
Epoch 005 | Step 1250 | lr=6.545085e-04 | loss=0.150028
Epoch 005 | Step 1260 | lr=6.545085e-04 | loss=0.143042
Epoch 005 | Step 1270 | lr=6.545085e-04 | loss=0.149588
Epoch 005 | Step 1280 | lr=6.545085e-04 | loss=0.149258
Epoch 005 | Step 1290 | lr=6.545085e-04 | loss=0.150710
Epoch 005 | Step 1300 | lr=6.545085e-04 | loss=0.147614
Epoch 005 | Step 1310 | lr=6.545085e-04 | loss=0.147546
Epoch 005 | Step 1320 | lr=6.545085e-04 | loss=0.154604
Epoch 005 | Step 1330 | lr=6.545085e-04 | loss=0.146042
Epoch 005 | Step 1340 | lr=6.545085e-04 | loss=0.147603
Epoch 005 | Step 1350 | lr=6.545085e-04 | loss=0.153524
Epoch 005 | Step 1360 | lr=6.545085e-04 | loss=0.148065
Epoch 005 | Step 1370 | lr=6.545085e-04 | loss=0.147404
Epoch 005 | Step 1380 | lr=6.545085e-04 | loss=0.145941
Epoch 005 | Step 1390 | lr=6.545085e-04 | loss=0.146491
Epoch 005 | Step 1400 | lr=6.545085e-04 | loss=0.149490
Epoch 005 | Step 1410 | lr=6.545085e-04 | loss=0.155028
Epoch 005 | Step 1420 | lr=6.545085e-04 | loss=0.145141
Epoch 005 | Step 1430 | lr=6.545085e-04 | loss=0.153880
Epoch 005 | Step 1440 | lr=6.545085e-04 | loss=0.143749
Epoch 005 | Step 1450 | lr=6.545085e-04 | loss=0.147293
Epoch 005 | Step 1460 | lr=6.545085e-04 | loss=0.152296
Epoch 005 | Step 1470 | lr=6.545085e-04 | loss=0.146097
Epoch 005 | Step 1480 | lr=6.545085e-04 | loss=0.145687
Epoch 005 | Step 1490 | lr=6.545085e-04 | loss=0.146810
Epoch 005 | Step 1500 | lr=6.545085e-04 | loss=0.152642
Epoch 005 | Step 1510 | lr=6.545085e-04 | loss=0.153829
Epoch 005 | Step 1520 | lr=6.545085e-04 | loss=0.145599
Epoch 005 | Step 1530 | lr=6.545085e-04 | loss=0.154573
Epoch 005 | Step 1540 | lr=6.545085e-04 | loss=0.145654
Epoch 005 | Step 1550 | lr=6.545085e-04 | loss=0.143524
Epoch 005 | Step 1560 | lr=6.545085e-04 | loss=0.156267
Epoch 005 | Step 1570 | lr=6.545085e-04 | loss=0.144570
Epoch 005 | Step 1580 | lr=6.545085e-04 | loss=0.147067
Epoch 005 | Step 1590 | lr=6.545085e-04 | loss=0.155906
Epoch 005 | Step 1600 | lr=6.545085e-04 | loss=0.154360
Epoch 005 | Step 1610 | lr=6.545085e-04 | loss=0.144660
Epoch 005 | Step 1620 | lr=6.545085e-04 | loss=0.148521
Epoch 005 | Step 1630 | lr=6.545085e-04 | loss=0.145998
Epoch 005 | Step 1640 | lr=6.545085e-04 | loss=0.151996
Epoch 005 | Step 1650 | lr=6.545085e-04 | loss=0.152829
Epoch 005 | Step 1660 | lr=6.545085e-04 | loss=0.153077
Epoch 005 | Step 1670 | lr=6.545085e-04 | loss=0.147628
Epoch 005 | Step 1680 | lr=6.545085e-04 | loss=0.149607
Epoch 005 | Step 1690 | lr=6.545085e-04 | loss=0.148474
Epoch 005 | Step 1700 | lr=6.545085e-04 | loss=0.142144
Epoch 005 | Step 1710 | lr=6.545085e-04 | loss=0.142551
Epoch 005 | Step 1720 | lr=6.545085e-04 | loss=0.153960
Epoch 005 | Step 1730 | lr=6.545085e-04 | loss=0.148250
Epoch 005 | Step 1740 | lr=6.545085e-04 | loss=0.137404
Epoch 005 | Step 1750 | lr=6.545085e-04 | loss=0.152528
Epoch 005 | Step 1760 | lr=6.545085e-04 | loss=0.151151
Epoch 005 | Step 1770 | lr=6.545085e-04 | loss=0.152289
Epoch 005 | Step 1780 | lr=6.545085e-04 | loss=0.149644
Epoch 005 | Step 1790 | lr=6.545085e-04 | loss=0.155646
Epoch 005 | Step 1800 | lr=6.545085e-04 | loss=0.151543
Epoch 005 | Step 1810 | lr=6.545085e-04 | loss=0.147800
Epoch 005 | Step 1820 | lr=6.545085e-04 | loss=0.147278
Epoch 005 | Step 1830 | lr=6.545085e-04 | loss=0.157109
Epoch 005 | Step 1840 | lr=6.545085e-04 | loss=0.157178
Epoch 005 | Step 1850 | lr=6.545085e-04 | loss=0.142908
Epoch 005 | Step 1860 | lr=6.545085e-04 | loss=0.146196
Epoch 005 | Step 1870 | lr=6.545085e-04 | loss=0.141131
Epoch 005 | Step 1880 | lr=6.545085e-04 | loss=0.151157
Epoch 005 | Step 1890 | lr=6.545085e-04 | loss=0.150687
Epoch 005 | Step 1900 | lr=6.545085e-04 | loss=0.153430
Epoch 005 | Step 1910 | lr=6.545085e-04 | loss=0.138658
Epoch 005 | Step 1920 | lr=6.545085e-04 | loss=0.142680
Epoch 005 | Step 1930 | lr=6.545085e-04 | loss=0.153107
epoch 005 | train_kld=0.148793 | val_kld=0.141988 | val_mae=0.002702 | val_mse=0.000090 | ord_acc@10=0.3168 | recall@10=0.8275
Epoch 006 | Step 10 | lr=5.000000e-04 | loss=0.144851
Epoch 006 | Step 20 | lr=5.000000e-04 | loss=0.147239
Epoch 006 | Step 30 | lr=5.000000e-04 | loss=0.140383
Epoch 006 | Step 40 | lr=5.000000e-04 | loss=0.142348
Epoch 006 | Step 50 | lr=5.000000e-04 | loss=0.155319
Epoch 006 | Step 60 | lr=5.000000e-04 | loss=0.149441
Epoch 006 | Step 70 | lr=5.000000e-04 | loss=0.137929
Epoch 006 | Step 80 | lr=5.000000e-04 | loss=0.141675
Epoch 006 | Step 90 | lr=5.000000e-04 | loss=0.144687
Epoch 006 | Step 100 | lr=5.000000e-04 | loss=0.150039
Epoch 006 | Step 110 | lr=5.000000e-04 | loss=0.147747
Epoch 006 | Step 120 | lr=5.000000e-04 | loss=0.145716
Epoch 006 | Step 130 | lr=5.000000e-04 | loss=0.141897
Epoch 006 | Step 140 | lr=5.000000e-04 | loss=0.157721
Epoch 006 | Step 150 | lr=5.000000e-04 | loss=0.147527
Epoch 006 | Step 160 | lr=5.000000e-04 | loss=0.143335
Epoch 006 | Step 170 | lr=5.000000e-04 | loss=0.144259
Epoch 006 | Step 180 | lr=5.000000e-04 | loss=0.142118
Epoch 006 | Step 190 | lr=5.000000e-04 | loss=0.151294
Epoch 006 | Step 200 | lr=5.000000e-04 | loss=0.148976
Epoch 006 | Step 210 | lr=5.000000e-04 | loss=0.145787
Epoch 006 | Step 220 | lr=5.000000e-04 | loss=0.147022
Epoch 006 | Step 230 | lr=5.000000e-04 | loss=0.139459
Epoch 006 | Step 240 | lr=5.000000e-04 | loss=0.149496
Epoch 006 | Step 250 | lr=5.000000e-04 | loss=0.142220
Epoch 006 | Step 260 | lr=5.000000e-04 | loss=0.139924
Epoch 006 | Step 270 | lr=5.000000e-04 | loss=0.146277
Epoch 006 | Step 280 | lr=5.000000e-04 | loss=0.146539
Epoch 006 | Step 290 | lr=5.000000e-04 | loss=0.145570
Epoch 006 | Step 300 | lr=5.000000e-04 | loss=0.140798
Epoch 006 | Step 310 | lr=5.000000e-04 | loss=0.149614
Epoch 006 | Step 320 | lr=5.000000e-04 | loss=0.155535
Epoch 006 | Step 330 | lr=5.000000e-04 | loss=0.153192
Epoch 006 | Step 340 | lr=5.000000e-04 | loss=0.144932
Epoch 006 | Step 350 | lr=5.000000e-04 | loss=0.142849
Epoch 006 | Step 360 | lr=5.000000e-04 | loss=0.147173
Epoch 006 | Step 370 | lr=5.000000e-04 | loss=0.146090
Epoch 006 | Step 380 | lr=5.000000e-04 | loss=0.145534
Epoch 006 | Step 390 | lr=5.000000e-04 | loss=0.149151
Epoch 006 | Step 400 | lr=5.000000e-04 | loss=0.135274
Epoch 006 | Step 410 | lr=5.000000e-04 | loss=0.141385
Epoch 006 | Step 420 | lr=5.000000e-04 | loss=0.140871
Epoch 006 | Step 430 | lr=5.000000e-04 | loss=0.147490
Epoch 006 | Step 440 | lr=5.000000e-04 | loss=0.149595
Epoch 006 | Step 450 | lr=5.000000e-04 | loss=0.147638
Epoch 006 | Step 460 | lr=5.000000e-04 | loss=0.152914
Epoch 006 | Step 470 | lr=5.000000e-04 | loss=0.150336
Epoch 006 | Step 480 | lr=5.000000e-04 | loss=0.147296
Epoch 006 | Step 490 | lr=5.000000e-04 | loss=0.141608
Epoch 006 | Step 500 | lr=5.000000e-04 | loss=0.144657
Epoch 006 | Step 510 | lr=5.000000e-04 | loss=0.137597
Epoch 006 | Step 520 | lr=5.000000e-04 | loss=0.140772
Epoch 006 | Step 530 | lr=5.000000e-04 | loss=0.146376
Epoch 006 | Step 540 | lr=5.000000e-04 | loss=0.144544
Epoch 006 | Step 550 | lr=5.000000e-04 | loss=0.138676
Epoch 006 | Step 560 | lr=5.000000e-04 | loss=0.147210
Epoch 006 | Step 570 | lr=5.000000e-04 | loss=0.140587
Epoch 006 | Step 580 | lr=5.000000e-04 | loss=0.136826
Epoch 006 | Step 590 | lr=5.000000e-04 | loss=0.149909
Epoch 006 | Step 600 | lr=5.000000e-04 | loss=0.143851
Epoch 006 | Step 610 | lr=5.000000e-04 | loss=0.150200
Epoch 006 | Step 620 | lr=5.000000e-04 | loss=0.142788
Epoch 006 | Step 630 | lr=5.000000e-04 | loss=0.134188
Epoch 006 | Step 640 | lr=5.000000e-04 | loss=0.141869
Epoch 006 | Step 650 | lr=5.000000e-04 | loss=0.140597
Epoch 006 | Step 660 | lr=5.000000e-04 | loss=0.137601
Epoch 006 | Step 670 | lr=5.000000e-04 | loss=0.148247
Epoch 006 | Step 680 | lr=5.000000e-04 | loss=0.132381
Epoch 006 | Step 690 | lr=5.000000e-04 | loss=0.146132
Epoch 006 | Step 700 | lr=5.000000e-04 | loss=0.146080
Epoch 006 | Step 710 | lr=5.000000e-04 | loss=0.138641
Epoch 006 | Step 720 | lr=5.000000e-04 | loss=0.141555
Epoch 006 | Step 730 | lr=5.000000e-04 | loss=0.146009
Epoch 006 | Step 740 | lr=5.000000e-04 | loss=0.149014
Epoch 006 | Step 750 | lr=5.000000e-04 | loss=0.143702
Epoch 006 | Step 760 | lr=5.000000e-04 | loss=0.149904
Epoch 006 | Step 770 | lr=5.000000e-04 | loss=0.156999
Epoch 006 | Step 780 | lr=5.000000e-04 | loss=0.136811
Epoch 006 | Step 790 | lr=5.000000e-04 | loss=0.148990
Epoch 006 | Step 800 | lr=5.000000e-04 | loss=0.140141
Epoch 006 | Step 810 | lr=5.000000e-04 | loss=0.146543
Epoch 006 | Step 820 | lr=5.000000e-04 | loss=0.144130
Epoch 006 | Step 830 | lr=5.000000e-04 | loss=0.143659
Epoch 006 | Step 840 | lr=5.000000e-04 | loss=0.144996
Epoch 006 | Step 850 | lr=5.000000e-04 | loss=0.146450
Epoch 006 | Step 860 | lr=5.000000e-04 | loss=0.147785
Epoch 006 | Step 870 | lr=5.000000e-04 | loss=0.147533
Epoch 006 | Step 880 | lr=5.000000e-04 | loss=0.150351
Epoch 006 | Step 890 | lr=5.000000e-04 | loss=0.148724
Epoch 006 | Step 900 | lr=5.000000e-04 | loss=0.146321
Epoch 006 | Step 910 | lr=5.000000e-04 | loss=0.137206
Epoch 006 | Step 920 | lr=5.000000e-04 | loss=0.140141
Epoch 006 | Step 930 | lr=5.000000e-04 | loss=0.148468
Epoch 006 | Step 940 | lr=5.000000e-04 | loss=0.136010
Epoch 006 | Step 950 | lr=5.000000e-04 | loss=0.148488
Epoch 006 | Step 960 | lr=5.000000e-04 | loss=0.147598
Epoch 006 | Step 970 | lr=5.000000e-04 | loss=0.148335
Epoch 006 | Step 980 | lr=5.000000e-04 | loss=0.145600
Epoch 006 | Step 990 | lr=5.000000e-04 | loss=0.145868
Epoch 006 | Step 1000 | lr=5.000000e-04 | loss=0.140013
Epoch 006 | Step 1010 | lr=5.000000e-04 | loss=0.153777
Epoch 006 | Step 1020 | lr=5.000000e-04 | loss=0.145179
Epoch 006 | Step 1030 | lr=5.000000e-04 | loss=0.139370
Epoch 006 | Step 1040 | lr=5.000000e-04 | loss=0.153506
Epoch 006 | Step 1050 | lr=5.000000e-04 | loss=0.146214
Epoch 006 | Step 1060 | lr=5.000000e-04 | loss=0.136782
Epoch 006 | Step 1070 | lr=5.000000e-04 | loss=0.141607
Epoch 006 | Step 1080 | lr=5.000000e-04 | loss=0.145101
Epoch 006 | Step 1090 | lr=5.000000e-04 | loss=0.146692
Epoch 006 | Step 1100 | lr=5.000000e-04 | loss=0.147349
Epoch 006 | Step 1110 | lr=5.000000e-04 | loss=0.160641
Epoch 006 | Step 1120 | lr=5.000000e-04 | loss=0.140845
Epoch 006 | Step 1130 | lr=5.000000e-04 | loss=0.144049
Epoch 006 | Step 1140 | lr=5.000000e-04 | loss=0.145826
Epoch 006 | Step 1150 | lr=5.000000e-04 | loss=0.135622
Epoch 006 | Step 1160 | lr=5.000000e-04 | loss=0.142592
Epoch 006 | Step 1170 | lr=5.000000e-04 | loss=0.144221
Epoch 006 | Step 1180 | lr=5.000000e-04 | loss=0.146377
Epoch 006 | Step 1190 | lr=5.000000e-04 | loss=0.147051
Epoch 006 | Step 1200 | lr=5.000000e-04 | loss=0.141798
Epoch 006 | Step 1210 | lr=5.000000e-04 | loss=0.151402
Epoch 006 | Step 1220 | lr=5.000000e-04 | loss=0.144618
Epoch 006 | Step 1230 | lr=5.000000e-04 | loss=0.144746
Epoch 006 | Step 1240 | lr=5.000000e-04 | loss=0.133448
Epoch 006 | Step 1250 | lr=5.000000e-04 | loss=0.146364
Epoch 006 | Step 1260 | lr=5.000000e-04 | loss=0.143313
Epoch 006 | Step 1270 | lr=5.000000e-04 | loss=0.151096
Epoch 006 | Step 1280 | lr=5.000000e-04 | loss=0.144560
Epoch 006 | Step 1290 | lr=5.000000e-04 | loss=0.140041
Epoch 006 | Step 1300 | lr=5.000000e-04 | loss=0.140910
Epoch 006 | Step 1310 | lr=5.000000e-04 | loss=0.155458
Epoch 006 | Step 1320 | lr=5.000000e-04 | loss=0.147258
Epoch 006 | Step 1330 | lr=5.000000e-04 | loss=0.144208
Epoch 006 | Step 1340 | lr=5.000000e-04 | loss=0.140610
Epoch 006 | Step 1350 | lr=5.000000e-04 | loss=0.142170
Epoch 006 | Step 1360 | lr=5.000000e-04 | loss=0.137567
Epoch 006 | Step 1370 | lr=5.000000e-04 | loss=0.149338
Epoch 006 | Step 1380 | lr=5.000000e-04 | loss=0.147314
Epoch 006 | Step 1390 | lr=5.000000e-04 | loss=0.152315
Epoch 006 | Step 1400 | lr=5.000000e-04 | loss=0.141845
Epoch 006 | Step 1410 | lr=5.000000e-04 | loss=0.150576
Epoch 006 | Step 1420 | lr=5.000000e-04 | loss=0.142723
Epoch 006 | Step 1430 | lr=5.000000e-04 | loss=0.136889
Epoch 006 | Step 1440 | lr=5.000000e-04 | loss=0.152628
Epoch 006 | Step 1450 | lr=5.000000e-04 | loss=0.143683
Epoch 006 | Step 1460 | lr=5.000000e-04 | loss=0.140244
Epoch 006 | Step 1470 | lr=5.000000e-04 | loss=0.145091
Epoch 006 | Step 1480 | lr=5.000000e-04 | loss=0.133316
Epoch 006 | Step 1490 | lr=5.000000e-04 | loss=0.148704
Epoch 006 | Step 1500 | lr=5.000000e-04 | loss=0.148067
Epoch 006 | Step 1510 | lr=5.000000e-04 | loss=0.141067
Epoch 006 | Step 1520 | lr=5.000000e-04 | loss=0.143238
Epoch 006 | Step 1530 | lr=5.000000e-04 | loss=0.139982
Epoch 006 | Step 1540 | lr=5.000000e-04 | loss=0.139495
Epoch 006 | Step 1550 | lr=5.000000e-04 | loss=0.146567
Epoch 006 | Step 1560 | lr=5.000000e-04 | loss=0.148356
Epoch 006 | Step 1570 | lr=5.000000e-04 | loss=0.146051
Epoch 006 | Step 1580 | lr=5.000000e-04 | loss=0.134614
Epoch 006 | Step 1590 | lr=5.000000e-04 | loss=0.143979
Epoch 006 | Step 1600 | lr=5.000000e-04 | loss=0.138556
Epoch 006 | Step 1610 | lr=5.000000e-04 | loss=0.151483
Epoch 006 | Step 1620 | lr=5.000000e-04 | loss=0.146636
Epoch 006 | Step 1630 | lr=5.000000e-04 | loss=0.149244
Epoch 006 | Step 1640 | lr=5.000000e-04 | loss=0.143064
Epoch 006 | Step 1650 | lr=5.000000e-04 | loss=0.147238
Epoch 006 | Step 1660 | lr=5.000000e-04 | loss=0.144940
Epoch 006 | Step 1670 | lr=5.000000e-04 | loss=0.143686
Epoch 006 | Step 1680 | lr=5.000000e-04 | loss=0.144944
Epoch 006 | Step 1690 | lr=5.000000e-04 | loss=0.143937
Epoch 006 | Step 1700 | lr=5.000000e-04 | loss=0.142368
Epoch 006 | Step 1710 | lr=5.000000e-04 | loss=0.149927
Epoch 006 | Step 1720 | lr=5.000000e-04 | loss=0.139279
Epoch 006 | Step 1730 | lr=5.000000e-04 | loss=0.141617
Epoch 006 | Step 1740 | lr=5.000000e-04 | loss=0.135085
Epoch 006 | Step 1750 | lr=5.000000e-04 | loss=0.136741
Epoch 006 | Step 1760 | lr=5.000000e-04 | loss=0.130934
Epoch 006 | Step 1770 | lr=5.000000e-04 | loss=0.144882
Epoch 006 | Step 1780 | lr=5.000000e-04 | loss=0.143312
Epoch 006 | Step 1790 | lr=5.000000e-04 | loss=0.142899
Epoch 006 | Step 1800 | lr=5.000000e-04 | loss=0.140374
Epoch 006 | Step 1810 | lr=5.000000e-04 | loss=0.140517
Epoch 006 | Step 1820 | lr=5.000000e-04 | loss=0.138013
Epoch 006 | Step 1830 | lr=5.000000e-04 | loss=0.152476
Epoch 006 | Step 1840 | lr=5.000000e-04 | loss=0.143053
Epoch 006 | Step 1850 | lr=5.000000e-04 | loss=0.141069
Epoch 006 | Step 1860 | lr=5.000000e-04 | loss=0.140248
Epoch 006 | Step 1870 | lr=5.000000e-04 | loss=0.137719
Epoch 006 | Step 1880 | lr=5.000000e-04 | loss=0.144727
Epoch 006 | Step 1890 | lr=5.000000e-04 | loss=0.153876
Epoch 006 | Step 1900 | lr=5.000000e-04 | loss=0.151361
Epoch 006 | Step 1910 | lr=5.000000e-04 | loss=0.150832
Epoch 006 | Step 1920 | lr=5.000000e-04 | loss=0.140952
Epoch 006 | Step 1930 | lr=5.000000e-04 | loss=0.143970
epoch 006 | train_kld=0.144459 | val_kld=0.137816 | val_mae=0.002626 | val_mse=0.000086 | ord_acc@10=0.3191 | recall@10=0.8308
Epoch 007 | Step 10 | lr=3.454915e-04 | loss=0.146813
Epoch 007 | Step 20 | lr=3.454915e-04 | loss=0.145727
Epoch 007 | Step 30 | lr=3.454915e-04 | loss=0.138955
Epoch 007 | Step 40 | lr=3.454915e-04 | loss=0.133264
Epoch 007 | Step 50 | lr=3.454915e-04 | loss=0.138796
Epoch 007 | Step 60 | lr=3.454915e-04 | loss=0.132671
Epoch 007 | Step 70 | lr=3.454915e-04 | loss=0.146299
Epoch 007 | Step 80 | lr=3.454915e-04 | loss=0.139846
Epoch 007 | Step 90 | lr=3.454915e-04 | loss=0.138567
Epoch 007 | Step 100 | lr=3.454915e-04 | loss=0.135704
Epoch 007 | Step 110 | lr=3.454915e-04 | loss=0.134929
Epoch 007 | Step 120 | lr=3.454915e-04 | loss=0.136947
Epoch 007 | Step 130 | lr=3.454915e-04 | loss=0.131493
Epoch 007 | Step 140 | lr=3.454915e-04 | loss=0.130300
Epoch 007 | Step 150 | lr=3.454915e-04 | loss=0.142482
Epoch 007 | Step 160 | lr=3.454915e-04 | loss=0.136368
Epoch 007 | Step 170 | lr=3.454915e-04 | loss=0.141538
Epoch 007 | Step 180 | lr=3.454915e-04 | loss=0.133947
Epoch 007 | Step 190 | lr=3.454915e-04 | loss=0.141064
Epoch 007 | Step 200 | lr=3.454915e-04 | loss=0.136375
Epoch 007 | Step 210 | lr=3.454915e-04 | loss=0.138116
Epoch 007 | Step 220 | lr=3.454915e-04 | loss=0.139936
Epoch 007 | Step 230 | lr=3.454915e-04 | loss=0.144530
Epoch 007 | Step 240 | lr=3.454915e-04 | loss=0.145545
Epoch 007 | Step 250 | lr=3.454915e-04 | loss=0.140677
Epoch 007 | Step 260 | lr=3.454915e-04 | loss=0.140419
Epoch 007 | Step 270 | lr=3.454915e-04 | loss=0.142915
Epoch 007 | Step 280 | lr=3.454915e-04 | loss=0.137773
Epoch 007 | Step 290 | lr=3.454915e-04 | loss=0.150108
Epoch 007 | Step 300 | lr=3.454915e-04 | loss=0.142113
Epoch 007 | Step 310 | lr=3.454915e-04 | loss=0.141742
Epoch 007 | Step 320 | lr=3.454915e-04 | loss=0.139100
Epoch 007 | Step 330 | lr=3.454915e-04 | loss=0.149027
Epoch 007 | Step 340 | lr=3.454915e-04 | loss=0.140826
Epoch 007 | Step 350 | lr=3.454915e-04 | loss=0.144673
Epoch 007 | Step 360 | lr=3.454915e-04 | loss=0.146453
Epoch 007 | Step 370 | lr=3.454915e-04 | loss=0.147273
Epoch 007 | Step 380 | lr=3.454915e-04 | loss=0.139852
Epoch 007 | Step 390 | lr=3.454915e-04 | loss=0.147429
Epoch 007 | Step 400 | lr=3.454915e-04 | loss=0.145979
Epoch 007 | Step 410 | lr=3.454915e-04 | loss=0.144304
Epoch 007 | Step 420 | lr=3.454915e-04 | loss=0.143086
Epoch 007 | Step 430 | lr=3.454915e-04 | loss=0.143032
Epoch 007 | Step 440 | lr=3.454915e-04 | loss=0.133847
Epoch 007 | Step 450 | lr=3.454915e-04 | loss=0.140359
Epoch 007 | Step 460 | lr=3.454915e-04 | loss=0.148510
Epoch 007 | Step 470 | lr=3.454915e-04 | loss=0.142421
Epoch 007 | Step 480 | lr=3.454915e-04 | loss=0.153240
Epoch 007 | Step 490 | lr=3.454915e-04 | loss=0.147152
Epoch 007 | Step 500 | lr=3.454915e-04 | loss=0.142161
Epoch 007 | Step 510 | lr=3.454915e-04 | loss=0.141267
Epoch 007 | Step 520 | lr=3.454915e-04 | loss=0.148750
Epoch 007 | Step 530 | lr=3.454915e-04 | loss=0.143100
Epoch 007 | Step 540 | lr=3.454915e-04 | loss=0.143574
Epoch 007 | Step 550 | lr=3.454915e-04 | loss=0.149397
Epoch 007 | Step 560 | lr=3.454915e-04 | loss=0.148190
Epoch 007 | Step 570 | lr=3.454915e-04 | loss=0.134376
Epoch 007 | Step 580 | lr=3.454915e-04 | loss=0.135760
Epoch 007 | Step 590 | lr=3.454915e-04 | loss=0.142667
Epoch 007 | Step 600 | lr=3.454915e-04 | loss=0.143118
Epoch 007 | Step 610 | lr=3.454915e-04 | loss=0.129089
Epoch 007 | Step 620 | lr=3.454915e-04 | loss=0.142980
Epoch 007 | Step 630 | lr=3.454915e-04 | loss=0.141983
Epoch 007 | Step 640 | lr=3.454915e-04 | loss=0.137157
Epoch 007 | Step 650 | lr=3.454915e-04 | loss=0.143770
Epoch 007 | Step 660 | lr=3.454915e-04 | loss=0.147272
Epoch 007 | Step 670 | lr=3.454915e-04 | loss=0.140348
Epoch 007 | Step 680 | lr=3.454915e-04 | loss=0.142450
Epoch 007 | Step 690 | lr=3.454915e-04 | loss=0.133980
Epoch 007 | Step 700 | lr=3.454915e-04 | loss=0.142552
Epoch 007 | Step 710 | lr=3.454915e-04 | loss=0.143358
Epoch 007 | Step 720 | lr=3.454915e-04 | loss=0.140833
Epoch 007 | Step 730 | lr=3.454915e-04 | loss=0.144859
Epoch 007 | Step 740 | lr=3.454915e-04 | loss=0.137393
Epoch 007 | Step 750 | lr=3.454915e-04 | loss=0.144549
Epoch 007 | Step 760 | lr=3.454915e-04 | loss=0.140857
Epoch 007 | Step 770 | lr=3.454915e-04 | loss=0.148475
Epoch 007 | Step 780 | lr=3.454915e-04 | loss=0.139078
Epoch 007 | Step 790 | lr=3.454915e-04 | loss=0.141642
Epoch 007 | Step 800 | lr=3.454915e-04 | loss=0.143997
Epoch 007 | Step 810 | lr=3.454915e-04 | loss=0.138740
Epoch 007 | Step 820 | lr=3.454915e-04 | loss=0.137184
Epoch 007 | Step 830 | lr=3.454915e-04 | loss=0.143663
Epoch 007 | Step 840 | lr=3.454915e-04 | loss=0.133954
Epoch 007 | Step 850 | lr=3.454915e-04 | loss=0.139358
Epoch 007 | Step 860 | lr=3.454915e-04 | loss=0.136758
Epoch 007 | Step 870 | lr=3.454915e-04 | loss=0.139699
Epoch 007 | Step 880 | lr=3.454915e-04 | loss=0.140569
Epoch 007 | Step 890 | lr=3.454915e-04 | loss=0.145039
Epoch 007 | Step 900 | lr=3.454915e-04 | loss=0.135766
Epoch 007 | Step 910 | lr=3.454915e-04 | loss=0.149966
Epoch 007 | Step 920 | lr=3.454915e-04 | loss=0.148672
Epoch 007 | Step 930 | lr=3.454915e-04 | loss=0.147998
Epoch 007 | Step 940 | lr=3.454915e-04 | loss=0.139037
Epoch 007 | Step 950 | lr=3.454915e-04 | loss=0.145100
Epoch 007 | Step 960 | lr=3.454915e-04 | loss=0.149519
Epoch 007 | Step 970 | lr=3.454915e-04 | loss=0.145196
Epoch 007 | Step 980 | lr=3.454915e-04 | loss=0.137561
Epoch 007 | Step 990 | lr=3.454915e-04 | loss=0.143202
Epoch 007 | Step 1000 | lr=3.454915e-04 | loss=0.142221
Epoch 007 | Step 1010 | lr=3.454915e-04 | loss=0.136257
Epoch 007 | Step 1020 | lr=3.454915e-04 | loss=0.140354
Epoch 007 | Step 1030 | lr=3.454915e-04 | loss=0.138481
Epoch 007 | Step 1040 | lr=3.454915e-04 | loss=0.133621
Epoch 007 | Step 1050 | lr=3.454915e-04 | loss=0.138492
Epoch 007 | Step 1060 | lr=3.454915e-04 | loss=0.143058
Epoch 007 | Step 1070 | lr=3.454915e-04 | loss=0.136371
Epoch 007 | Step 1080 | lr=3.454915e-04 | loss=0.137048
Epoch 007 | Step 1090 | lr=3.454915e-04 | loss=0.144056
Epoch 007 | Step 1100 | lr=3.454915e-04 | loss=0.141498
Epoch 007 | Step 1110 | lr=3.454915e-04 | loss=0.143751
Epoch 007 | Step 1120 | lr=3.454915e-04 | loss=0.143927
Epoch 007 | Step 1130 | lr=3.454915e-04 | loss=0.131079
Epoch 007 | Step 1140 | lr=3.454915e-04 | loss=0.136300
Epoch 007 | Step 1150 | lr=3.454915e-04 | loss=0.137375
Epoch 007 | Step 1160 | lr=3.454915e-04 | loss=0.149691
Epoch 007 | Step 1170 | lr=3.454915e-04 | loss=0.139194
Epoch 007 | Step 1180 | lr=3.454915e-04 | loss=0.145195
Epoch 007 | Step 1190 | lr=3.454915e-04 | loss=0.133132
Epoch 007 | Step 1200 | lr=3.454915e-04 | loss=0.138555
Epoch 007 | Step 1210 | lr=3.454915e-04 | loss=0.132049
Epoch 007 | Step 1220 | lr=3.454915e-04 | loss=0.145854
Epoch 007 | Step 1230 | lr=3.454915e-04 | loss=0.145095
Epoch 007 | Step 1240 | lr=3.454915e-04 | loss=0.139147
Epoch 007 | Step 1250 | lr=3.454915e-04 | loss=0.139738
Epoch 007 | Step 1260 | lr=3.454915e-04 | loss=0.132090
Epoch 007 | Step 1270 | lr=3.454915e-04 | loss=0.145528
Epoch 007 | Step 1280 | lr=3.454915e-04 | loss=0.155542
Epoch 007 | Step 1290 | lr=3.454915e-04 | loss=0.140287
Epoch 007 | Step 1300 | lr=3.454915e-04 | loss=0.125006
Epoch 007 | Step 1310 | lr=3.454915e-04 | loss=0.147188
Epoch 007 | Step 1320 | lr=3.454915e-04 | loss=0.143049
Epoch 007 | Step 1330 | lr=3.454915e-04 | loss=0.146591
Epoch 007 | Step 1340 | lr=3.454915e-04 | loss=0.153043
Epoch 007 | Step 1350 | lr=3.454915e-04 | loss=0.140473
Epoch 007 | Step 1360 | lr=3.454915e-04 | loss=0.128400
Epoch 007 | Step 1370 | lr=3.454915e-04 | loss=0.136706
Epoch 007 | Step 1380 | lr=3.454915e-04 | loss=0.138797
Epoch 007 | Step 1390 | lr=3.454915e-04 | loss=0.132941
Epoch 007 | Step 1400 | lr=3.454915e-04 | loss=0.142296
Epoch 007 | Step 1410 | lr=3.454915e-04 | loss=0.147592
Epoch 007 | Step 1420 | lr=3.454915e-04 | loss=0.134863
Epoch 007 | Step 1430 | lr=3.454915e-04 | loss=0.143632
Epoch 007 | Step 1440 | lr=3.454915e-04 | loss=0.140541
Epoch 007 | Step 1450 | lr=3.454915e-04 | loss=0.135403
Epoch 007 | Step 1460 | lr=3.454915e-04 | loss=0.138137
Epoch 007 | Step 1470 | lr=3.454915e-04 | loss=0.146579
Epoch 007 | Step 1480 | lr=3.454915e-04 | loss=0.136125
Epoch 007 | Step 1490 | lr=3.454915e-04 | loss=0.142816
Epoch 007 | Step 1500 | lr=3.454915e-04 | loss=0.140692
Epoch 007 | Step 1510 | lr=3.454915e-04 | loss=0.138394
Epoch 007 | Step 1520 | lr=3.454915e-04 | loss=0.140730
Epoch 007 | Step 1530 | lr=3.454915e-04 | loss=0.137679
Epoch 007 | Step 1540 | lr=3.454915e-04 | loss=0.137862
Epoch 007 | Step 1550 | lr=3.454915e-04 | loss=0.138949
Epoch 007 | Step 1560 | lr=3.454915e-04 | loss=0.148399
Epoch 007 | Step 1570 | lr=3.454915e-04 | loss=0.145198
Epoch 007 | Step 1580 | lr=3.454915e-04 | loss=0.138112
Epoch 007 | Step 1590 | lr=3.454915e-04 | loss=0.147720
Epoch 007 | Step 1600 | lr=3.454915e-04 | loss=0.143068
Epoch 007 | Step 1610 | lr=3.454915e-04 | loss=0.130055
Epoch 007 | Step 1620 | lr=3.454915e-04 | loss=0.136566
Epoch 007 | Step 1630 | lr=3.454915e-04 | loss=0.135626
Epoch 007 | Step 1640 | lr=3.454915e-04 | loss=0.143637
Epoch 007 | Step 1650 | lr=3.454915e-04 | loss=0.137319
Epoch 007 | Step 1660 | lr=3.454915e-04 | loss=0.136203
Epoch 007 | Step 1670 | lr=3.454915e-04 | loss=0.138415
Epoch 007 | Step 1680 | lr=3.454915e-04 | loss=0.142416
Epoch 007 | Step 1690 | lr=3.454915e-04 | loss=0.145219
Epoch 007 | Step 1700 | lr=3.454915e-04 | loss=0.142814
Epoch 007 | Step 1710 | lr=3.454915e-04 | loss=0.137386
Epoch 007 | Step 1720 | lr=3.454915e-04 | loss=0.140886
Epoch 007 | Step 1730 | lr=3.454915e-04 | loss=0.137071
Epoch 007 | Step 1740 | lr=3.454915e-04 | loss=0.133921
Epoch 007 | Step 1750 | lr=3.454915e-04 | loss=0.142385
Epoch 007 | Step 1760 | lr=3.454915e-04 | loss=0.144699
Epoch 007 | Step 1770 | lr=3.454915e-04 | loss=0.144044
Epoch 007 | Step 1780 | lr=3.454915e-04 | loss=0.146996
Epoch 007 | Step 1790 | lr=3.454915e-04 | loss=0.143669
Epoch 007 | Step 1800 | lr=3.454915e-04 | loss=0.142147
Epoch 007 | Step 1810 | lr=3.454915e-04 | loss=0.135410
Epoch 007 | Step 1820 | lr=3.454915e-04 | loss=0.147291
Epoch 007 | Step 1830 | lr=3.454915e-04 | loss=0.134867
Epoch 007 | Step 1840 | lr=3.454915e-04 | loss=0.142588
Epoch 007 | Step 1850 | lr=3.454915e-04 | loss=0.134599
Epoch 007 | Step 1860 | lr=3.454915e-04 | loss=0.143447
Epoch 007 | Step 1870 | lr=3.454915e-04 | loss=0.133976
Epoch 007 | Step 1880 | lr=3.454915e-04 | loss=0.142579
Epoch 007 | Step 1890 | lr=3.454915e-04 | loss=0.147797
Epoch 007 | Step 1900 | lr=3.454915e-04 | loss=0.143466
Epoch 007 | Step 1910 | lr=3.454915e-04 | loss=0.136697
Epoch 007 | Step 1920 | lr=3.454915e-04 | loss=0.149190
Epoch 007 | Step 1930 | lr=3.454915e-04 | loss=0.145182
epoch 007 | train_kld=0.140564 | val_kld=0.135977 | val_mae=0.002616 | val_mse=0.000084 | ord_acc@10=0.3168 | recall@10=0.8316
Epoch 008 | Step 10 | lr=2.061074e-04 | loss=0.131670
Epoch 008 | Step 20 | lr=2.061074e-04 | loss=0.138410
Epoch 008 | Step 30 | lr=2.061074e-04 | loss=0.133700
Epoch 008 | Step 40 | lr=2.061074e-04 | loss=0.142505
Epoch 008 | Step 50 | lr=2.061074e-04 | loss=0.132818
Epoch 008 | Step 60 | lr=2.061074e-04 | loss=0.138086
Epoch 008 | Step 70 | lr=2.061074e-04 | loss=0.139129
Epoch 008 | Step 80 | lr=2.061074e-04 | loss=0.137253
Epoch 008 | Step 90 | lr=2.061074e-04 | loss=0.140662
Epoch 008 | Step 100 | lr=2.061074e-04 | loss=0.139399
Epoch 008 | Step 110 | lr=2.061074e-04 | loss=0.142720
Epoch 008 | Step 120 | lr=2.061074e-04 | loss=0.136828
Epoch 008 | Step 130 | lr=2.061074e-04 | loss=0.140116
Epoch 008 | Step 140 | lr=2.061074e-04 | loss=0.134314
Epoch 008 | Step 150 | lr=2.061074e-04 | loss=0.123755
Epoch 008 | Step 160 | lr=2.061074e-04 | loss=0.136648
Epoch 008 | Step 170 | lr=2.061074e-04 | loss=0.134413
Epoch 008 | Step 180 | lr=2.061074e-04 | loss=0.143824
Epoch 008 | Step 190 | lr=2.061074e-04 | loss=0.143863
Epoch 008 | Step 200 | lr=2.061074e-04 | loss=0.130680
Epoch 008 | Step 210 | lr=2.061074e-04 | loss=0.135388
Epoch 008 | Step 220 | lr=2.061074e-04 | loss=0.141252
Epoch 008 | Step 230 | lr=2.061074e-04 | loss=0.137106
Epoch 008 | Step 240 | lr=2.061074e-04 | loss=0.132890
Epoch 008 | Step 250 | lr=2.061074e-04 | loss=0.142545
Epoch 008 | Step 260 | lr=2.061074e-04 | loss=0.131121
Epoch 008 | Step 270 | lr=2.061074e-04 | loss=0.130913
Epoch 008 | Step 280 | lr=2.061074e-04 | loss=0.132989
Epoch 008 | Step 290 | lr=2.061074e-04 | loss=0.135498
Epoch 008 | Step 300 | lr=2.061074e-04 | loss=0.136774
Epoch 008 | Step 310 | lr=2.061074e-04 | loss=0.133828
Epoch 008 | Step 320 | lr=2.061074e-04 | loss=0.136671
Epoch 008 | Step 330 | lr=2.061074e-04 | loss=0.134811
Epoch 008 | Step 340 | lr=2.061074e-04 | loss=0.136439
Epoch 008 | Step 350 | lr=2.061074e-04 | loss=0.131118
Epoch 008 | Step 360 | lr=2.061074e-04 | loss=0.139961
Epoch 008 | Step 370 | lr=2.061074e-04 | loss=0.132185
Epoch 008 | Step 380 | lr=2.061074e-04 | loss=0.143804
Epoch 008 | Step 390 | lr=2.061074e-04 | loss=0.137750
Epoch 008 | Step 400 | lr=2.061074e-04 | loss=0.138927
Epoch 008 | Step 410 | lr=2.061074e-04 | loss=0.136063
Epoch 008 | Step 420 | lr=2.061074e-04 | loss=0.136682
Epoch 008 | Step 430 | lr=2.061074e-04 | loss=0.135304
Epoch 008 | Step 440 | lr=2.061074e-04 | loss=0.142203
Epoch 008 | Step 450 | lr=2.061074e-04 | loss=0.143992
Epoch 008 | Step 460 | lr=2.061074e-04 | loss=0.135828
Epoch 008 | Step 470 | lr=2.061074e-04 | loss=0.138749
Epoch 008 | Step 480 | lr=2.061074e-04 | loss=0.135947
Epoch 008 | Step 490 | lr=2.061074e-04 | loss=0.128472
Epoch 008 | Step 500 | lr=2.061074e-04 | loss=0.140017
Epoch 008 | Step 510 | lr=2.061074e-04 | loss=0.131093
Epoch 008 | Step 520 | lr=2.061074e-04 | loss=0.134280
Epoch 008 | Step 530 | lr=2.061074e-04 | loss=0.126053
Epoch 008 | Step 540 | lr=2.061074e-04 | loss=0.137717
Epoch 008 | Step 550 | lr=2.061074e-04 | loss=0.147974
Epoch 008 | Step 560 | lr=2.061074e-04 | loss=0.143686
Epoch 008 | Step 570 | lr=2.061074e-04 | loss=0.136769
Epoch 008 | Step 580 | lr=2.061074e-04 | loss=0.134275
Epoch 008 | Step 590 | lr=2.061074e-04 | loss=0.137936
Epoch 008 | Step 600 | lr=2.061074e-04 | loss=0.129955
Epoch 008 | Step 610 | lr=2.061074e-04 | loss=0.137530
Epoch 008 | Step 620 | lr=2.061074e-04 | loss=0.141957
Epoch 008 | Step 630 | lr=2.061074e-04 | loss=0.144196
Epoch 008 | Step 640 | lr=2.061074e-04 | loss=0.137900
Epoch 008 | Step 650 | lr=2.061074e-04 | loss=0.141247
Epoch 008 | Step 660 | lr=2.061074e-04 | loss=0.138934
Epoch 008 | Step 670 | lr=2.061074e-04 | loss=0.145292
Epoch 008 | Step 680 | lr=2.061074e-04 | loss=0.131301
Epoch 008 | Step 690 | lr=2.061074e-04 | loss=0.139948
Epoch 008 | Step 700 | lr=2.061074e-04 | loss=0.141056
Epoch 008 | Step 710 | lr=2.061074e-04 | loss=0.131424
Epoch 008 | Step 720 | lr=2.061074e-04 | loss=0.132621
Epoch 008 | Step 730 | lr=2.061074e-04 | loss=0.141052
Epoch 008 | Step 740 | lr=2.061074e-04 | loss=0.137913
Epoch 008 | Step 750 | lr=2.061074e-04 | loss=0.133067
Epoch 008 | Step 760 | lr=2.061074e-04 | loss=0.131126
Epoch 008 | Step 770 | lr=2.061074e-04 | loss=0.143959
Epoch 008 | Step 780 | lr=2.061074e-04 | loss=0.137605
Epoch 008 | Step 790 | lr=2.061074e-04 | loss=0.137132
Epoch 008 | Step 800 | lr=2.061074e-04 | loss=0.137203
Epoch 008 | Step 810 | lr=2.061074e-04 | loss=0.138326
Epoch 008 | Step 820 | lr=2.061074e-04 | loss=0.134201
Epoch 008 | Step 830 | lr=2.061074e-04 | loss=0.145337
Epoch 008 | Step 840 | lr=2.061074e-04 | loss=0.136525
Epoch 008 | Step 850 | lr=2.061074e-04 | loss=0.134329
Epoch 008 | Step 860 | lr=2.061074e-04 | loss=0.138733
Epoch 008 | Step 870 | lr=2.061074e-04 | loss=0.146651
Epoch 008 | Step 880 | lr=2.061074e-04 | loss=0.140570
Epoch 008 | Step 890 | lr=2.061074e-04 | loss=0.136682
Epoch 008 | Step 900 | lr=2.061074e-04 | loss=0.137750
Epoch 008 | Step 910 | lr=2.061074e-04 | loss=0.136456
Epoch 008 | Step 920 | lr=2.061074e-04 | loss=0.142708
Epoch 008 | Step 930 | lr=2.061074e-04 | loss=0.145001
Epoch 008 | Step 940 | lr=2.061074e-04 | loss=0.145170
Epoch 008 | Step 950 | lr=2.061074e-04 | loss=0.137332
Epoch 008 | Step 960 | lr=2.061074e-04 | loss=0.132705
Epoch 008 | Step 970 | lr=2.061074e-04 | loss=0.129130
Epoch 008 | Step 980 | lr=2.061074e-04 | loss=0.145686
Epoch 008 | Step 990 | lr=2.061074e-04 | loss=0.133624
Epoch 008 | Step 1000 | lr=2.061074e-04 | loss=0.140410
Epoch 008 | Step 1010 | lr=2.061074e-04 | loss=0.133625
Epoch 008 | Step 1020 | lr=2.061074e-04 | loss=0.140943
Epoch 008 | Step 1030 | lr=2.061074e-04 | loss=0.139536
Epoch 008 | Step 1040 | lr=2.061074e-04 | loss=0.136463
Epoch 008 | Step 1050 | lr=2.061074e-04 | loss=0.136947
Epoch 008 | Step 1060 | lr=2.061074e-04 | loss=0.136569
Epoch 008 | Step 1070 | lr=2.061074e-04 | loss=0.142027
Epoch 008 | Step 1080 | lr=2.061074e-04 | loss=0.140252
Epoch 008 | Step 1090 | lr=2.061074e-04 | loss=0.137435
Epoch 008 | Step 1100 | lr=2.061074e-04 | loss=0.127441
Epoch 008 | Step 1110 | lr=2.061074e-04 | loss=0.141118
Epoch 008 | Step 1120 | lr=2.061074e-04 | loss=0.140214
Epoch 008 | Step 1130 | lr=2.061074e-04 | loss=0.140578
Epoch 008 | Step 1140 | lr=2.061074e-04 | loss=0.148047
Epoch 008 | Step 1150 | lr=2.061074e-04 | loss=0.130843
Epoch 008 | Step 1160 | lr=2.061074e-04 | loss=0.140117
Epoch 008 | Step 1170 | lr=2.061074e-04 | loss=0.131637
Epoch 008 | Step 1180 | lr=2.061074e-04 | loss=0.142454
Epoch 008 | Step 1190 | lr=2.061074e-04 | loss=0.132981
Epoch 008 | Step 1200 | lr=2.061074e-04 | loss=0.142339
Epoch 008 | Step 1210 | lr=2.061074e-04 | loss=0.130759
Epoch 008 | Step 1220 | lr=2.061074e-04 | loss=0.131319
Epoch 008 | Step 1230 | lr=2.061074e-04 | loss=0.137244
Epoch 008 | Step 1240 | lr=2.061074e-04 | loss=0.130759
Epoch 008 | Step 1250 | lr=2.061074e-04 | loss=0.132721
Epoch 008 | Step 1260 | lr=2.061074e-04 | loss=0.140618
Epoch 008 | Step 1270 | lr=2.061074e-04 | loss=0.133080
Epoch 008 | Step 1280 | lr=2.061074e-04 | loss=0.130377
Epoch 008 | Step 1290 | lr=2.061074e-04 | loss=0.144342
Epoch 008 | Step 1300 | lr=2.061074e-04 | loss=0.129024
Epoch 008 | Step 1310 | lr=2.061074e-04 | loss=0.136155
Epoch 008 | Step 1320 | lr=2.061074e-04 | loss=0.141057
Epoch 008 | Step 1330 | lr=2.061074e-04 | loss=0.130755
Epoch 008 | Step 1340 | lr=2.061074e-04 | loss=0.140721
Epoch 008 | Step 1350 | lr=2.061074e-04 | loss=0.136167
Epoch 008 | Step 1360 | lr=2.061074e-04 | loss=0.138121
Epoch 008 | Step 1370 | lr=2.061074e-04 | loss=0.137687
Epoch 008 | Step 1380 | lr=2.061074e-04 | loss=0.133905
Epoch 008 | Step 1390 | lr=2.061074e-04 | loss=0.127352
Epoch 008 | Step 1400 | lr=2.061074e-04 | loss=0.139618
Epoch 008 | Step 1410 | lr=2.061074e-04 | loss=0.143360
Epoch 008 | Step 1420 | lr=2.061074e-04 | loss=0.136347
Epoch 008 | Step 1430 | lr=2.061074e-04 | loss=0.139040
Epoch 008 | Step 1440 | lr=2.061074e-04 | loss=0.133903
Epoch 008 | Step 1450 | lr=2.061074e-04 | loss=0.135140
Epoch 008 | Step 1460 | lr=2.061074e-04 | loss=0.141890
Epoch 008 | Step 1470 | lr=2.061074e-04 | loss=0.144715
Epoch 008 | Step 1480 | lr=2.061074e-04 | loss=0.135107
Epoch 008 | Step 1490 | lr=2.061074e-04 | loss=0.134006
Epoch 008 | Step 1500 | lr=2.061074e-04 | loss=0.147206
Epoch 008 | Step 1510 | lr=2.061074e-04 | loss=0.148214
Epoch 008 | Step 1520 | lr=2.061074e-04 | loss=0.133516
Epoch 008 | Step 1530 | lr=2.061074e-04 | loss=0.129784
Epoch 008 | Step 1540 | lr=2.061074e-04 | loss=0.139641
Epoch 008 | Step 1550 | lr=2.061074e-04 | loss=0.130194
Epoch 008 | Step 1560 | lr=2.061074e-04 | loss=0.139657
Epoch 008 | Step 1570 | lr=2.061074e-04 | loss=0.147725
Epoch 008 | Step 1580 | lr=2.061074e-04 | loss=0.135479
Epoch 008 | Step 1590 | lr=2.061074e-04 | loss=0.138888
Epoch 008 | Step 1600 | lr=2.061074e-04 | loss=0.132766
Epoch 008 | Step 1610 | lr=2.061074e-04 | loss=0.131477
Epoch 008 | Step 1620 | lr=2.061074e-04 | loss=0.136601
Epoch 008 | Step 1630 | lr=2.061074e-04 | loss=0.138740
Epoch 008 | Step 1640 | lr=2.061074e-04 | loss=0.136677
Epoch 008 | Step 1650 | lr=2.061074e-04 | loss=0.138637
Epoch 008 | Step 1660 | lr=2.061074e-04 | loss=0.128701
Epoch 008 | Step 1670 | lr=2.061074e-04 | loss=0.143482
Epoch 008 | Step 1680 | lr=2.061074e-04 | loss=0.140452
Epoch 008 | Step 1690 | lr=2.061074e-04 | loss=0.140055
Epoch 008 | Step 1700 | lr=2.061074e-04 | loss=0.135131
Epoch 008 | Step 1710 | lr=2.061074e-04 | loss=0.142197
Epoch 008 | Step 1720 | lr=2.061074e-04 | loss=0.141280
Epoch 008 | Step 1730 | lr=2.061074e-04 | loss=0.133075
Epoch 008 | Step 1740 | lr=2.061074e-04 | loss=0.135781
Epoch 008 | Step 1750 | lr=2.061074e-04 | loss=0.140707
Epoch 008 | Step 1760 | lr=2.061074e-04 | loss=0.140751
Epoch 008 | Step 1770 | lr=2.061074e-04 | loss=0.134168
Epoch 008 | Step 1780 | lr=2.061074e-04 | loss=0.136046
Epoch 008 | Step 1790 | lr=2.061074e-04 | loss=0.135225
Epoch 008 | Step 1800 | lr=2.061074e-04 | loss=0.138254
Epoch 008 | Step 1810 | lr=2.061074e-04 | loss=0.134375
Epoch 008 | Step 1820 | lr=2.061074e-04 | loss=0.136716
Epoch 008 | Step 1830 | lr=2.061074e-04 | loss=0.135989
Epoch 008 | Step 1840 | lr=2.061074e-04 | loss=0.143336
Epoch 008 | Step 1850 | lr=2.061074e-04 | loss=0.131172
Epoch 008 | Step 1860 | lr=2.061074e-04 | loss=0.140629
Epoch 008 | Step 1870 | lr=2.061074e-04 | loss=0.129277
Epoch 008 | Step 1880 | lr=2.061074e-04 | loss=0.133024
Epoch 008 | Step 1890 | lr=2.061074e-04 | loss=0.140379
Epoch 008 | Step 1900 | lr=2.061074e-04 | loss=0.141366
Epoch 008 | Step 1910 | lr=2.061074e-04 | loss=0.136858
Epoch 008 | Step 1920 | lr=2.061074e-04 | loss=0.128878
Epoch 008 | Step 1930 | lr=2.061074e-04 | loss=0.134643
epoch 008 | train_kld=0.137425 | val_kld=0.134061 | val_mae=0.002568 | val_mse=0.000082 | ord_acc@10=0.3213 | recall@10=0.8351
Epoch 009 | Step 10 | lr=9.549150e-05 | loss=0.139831
Epoch 009 | Step 20 | lr=9.549150e-05 | loss=0.141347
Epoch 009 | Step 30 | lr=9.549150e-05 | loss=0.141001
Epoch 009 | Step 40 | lr=9.549150e-05 | loss=0.137685
Epoch 009 | Step 50 | lr=9.549150e-05 | loss=0.139111
Epoch 009 | Step 60 | lr=9.549150e-05 | loss=0.143407
Epoch 009 | Step 70 | lr=9.549150e-05 | loss=0.135711
Epoch 009 | Step 80 | lr=9.549150e-05 | loss=0.129718
Epoch 009 | Step 90 | lr=9.549150e-05 | loss=0.140436
Epoch 009 | Step 100 | lr=9.549150e-05 | loss=0.136966
Epoch 009 | Step 110 | lr=9.549150e-05 | loss=0.136758
Epoch 009 | Step 120 | lr=9.549150e-05 | loss=0.136607
Epoch 009 | Step 130 | lr=9.549150e-05 | loss=0.141417
Epoch 009 | Step 140 | lr=9.549150e-05 | loss=0.143210
Epoch 009 | Step 150 | lr=9.549150e-05 | loss=0.141564
Epoch 009 | Step 160 | lr=9.549150e-05 | loss=0.129481
Epoch 009 | Step 170 | lr=9.549150e-05 | loss=0.136059
Epoch 009 | Step 180 | lr=9.549150e-05 | loss=0.133378
Epoch 009 | Step 190 | lr=9.549150e-05 | loss=0.136930
Epoch 009 | Step 200 | lr=9.549150e-05 | loss=0.135954
Epoch 009 | Step 210 | lr=9.549150e-05 | loss=0.132183
Epoch 009 | Step 220 | lr=9.549150e-05 | loss=0.132639
Epoch 009 | Step 230 | lr=9.549150e-05 | loss=0.128283
Epoch 009 | Step 240 | lr=9.549150e-05 | loss=0.124541
Epoch 009 | Step 250 | lr=9.549150e-05 | loss=0.129320
Epoch 009 | Step 260 | lr=9.549150e-05 | loss=0.132282
Epoch 009 | Step 270 | lr=9.549150e-05 | loss=0.137219
Epoch 009 | Step 280 | lr=9.549150e-05 | loss=0.122370
Epoch 009 | Step 290 | lr=9.549150e-05 | loss=0.132108
Epoch 009 | Step 300 | lr=9.549150e-05 | loss=0.131163
Epoch 009 | Step 310 | lr=9.549150e-05 | loss=0.139354
Epoch 009 | Step 320 | lr=9.549150e-05 | loss=0.128656
Epoch 009 | Step 330 | lr=9.549150e-05 | loss=0.138515
Epoch 009 | Step 340 | lr=9.549150e-05 | loss=0.137618
Epoch 009 | Step 350 | lr=9.549150e-05 | loss=0.140277
Epoch 009 | Step 360 | lr=9.549150e-05 | loss=0.137451
Epoch 009 | Step 370 | lr=9.549150e-05 | loss=0.132118
Epoch 009 | Step 380 | lr=9.549150e-05 | loss=0.136084
Epoch 009 | Step 390 | lr=9.549150e-05 | loss=0.130188
Epoch 009 | Step 400 | lr=9.549150e-05 | loss=0.139727
Epoch 009 | Step 410 | lr=9.549150e-05 | loss=0.136442
Epoch 009 | Step 420 | lr=9.549150e-05 | loss=0.134292
Epoch 009 | Step 430 | lr=9.549150e-05 | loss=0.137742
Epoch 009 | Step 440 | lr=9.549150e-05 | loss=0.138719
Epoch 009 | Step 450 | lr=9.549150e-05 | loss=0.132320
Epoch 009 | Step 460 | lr=9.549150e-05 | loss=0.138224
Epoch 009 | Step 470 | lr=9.549150e-05 | loss=0.132125
Epoch 009 | Step 480 | lr=9.549150e-05 | loss=0.137004
Epoch 009 | Step 490 | lr=9.549150e-05 | loss=0.136867
Epoch 009 | Step 500 | lr=9.549150e-05 | loss=0.134232
Epoch 009 | Step 510 | lr=9.549150e-05 | loss=0.131398
Epoch 009 | Step 520 | lr=9.549150e-05 | loss=0.131477
Epoch 009 | Step 530 | lr=9.549150e-05 | loss=0.137745
Epoch 009 | Step 540 | lr=9.549150e-05 | loss=0.130824
Epoch 009 | Step 550 | lr=9.549150e-05 | loss=0.127046
Epoch 009 | Step 560 | lr=9.549150e-05 | loss=0.129006
Epoch 009 | Step 570 | lr=9.549150e-05 | loss=0.139597
Epoch 009 | Step 580 | lr=9.549150e-05 | loss=0.126178
Epoch 009 | Step 590 | lr=9.549150e-05 | loss=0.132225
Epoch 009 | Step 600 | lr=9.549150e-05 | loss=0.136464
Epoch 009 | Step 610 | lr=9.549150e-05 | loss=0.128861
Epoch 009 | Step 620 | lr=9.549150e-05 | loss=0.129832
Epoch 009 | Step 630 | lr=9.549150e-05 | loss=0.140131
Epoch 009 | Step 640 | lr=9.549150e-05 | loss=0.128352
Epoch 009 | Step 650 | lr=9.549150e-05 | loss=0.139171
Epoch 009 | Step 660 | lr=9.549150e-05 | loss=0.145026
Epoch 009 | Step 670 | lr=9.549150e-05 | loss=0.134203
Epoch 009 | Step 680 | lr=9.549150e-05 | loss=0.133954
Epoch 009 | Step 690 | lr=9.549150e-05 | loss=0.136902
Epoch 009 | Step 700 | lr=9.549150e-05 | loss=0.129276
Epoch 009 | Step 710 | lr=9.549150e-05 | loss=0.132373
Epoch 009 | Step 720 | lr=9.549150e-05 | loss=0.130488
Epoch 009 | Step 730 | lr=9.549150e-05 | loss=0.129339
Epoch 009 | Step 740 | lr=9.549150e-05 | loss=0.127816
Epoch 009 | Step 750 | lr=9.549150e-05 | loss=0.145298
Epoch 009 | Step 760 | lr=9.549150e-05 | loss=0.134197
Epoch 009 | Step 770 | lr=9.549150e-05 | loss=0.138599
Epoch 009 | Step 780 | lr=9.549150e-05 | loss=0.138999
Epoch 009 | Step 790 | lr=9.549150e-05 | loss=0.133212
Epoch 009 | Step 800 | lr=9.549150e-05 | loss=0.134612
Epoch 009 | Step 810 | lr=9.549150e-05 | loss=0.138648
Epoch 009 | Step 820 | lr=9.549150e-05 | loss=0.133079
Epoch 009 | Step 830 | lr=9.549150e-05 | loss=0.128137
Epoch 009 | Step 840 | lr=9.549150e-05 | loss=0.140233
Epoch 009 | Step 850 | lr=9.549150e-05 | loss=0.129649
Epoch 009 | Step 860 | lr=9.549150e-05 | loss=0.140792
Epoch 009 | Step 870 | lr=9.549150e-05 | loss=0.137992
Epoch 009 | Step 880 | lr=9.549150e-05 | loss=0.134681
Epoch 009 | Step 890 | lr=9.549150e-05 | loss=0.132420
Epoch 009 | Step 900 | lr=9.549150e-05 | loss=0.136914
Epoch 009 | Step 910 | lr=9.549150e-05 | loss=0.132132
Epoch 009 | Step 920 | lr=9.549150e-05 | loss=0.137810
Epoch 009 | Step 930 | lr=9.549150e-05 | loss=0.134068
Epoch 009 | Step 940 | lr=9.549150e-05 | loss=0.131417
Epoch 009 | Step 950 | lr=9.549150e-05 | loss=0.141249
Epoch 009 | Step 960 | lr=9.549150e-05 | loss=0.133780
Epoch 009 | Step 970 | lr=9.549150e-05 | loss=0.128002
Epoch 009 | Step 980 | lr=9.549150e-05 | loss=0.134814
Epoch 009 | Step 990 | lr=9.549150e-05 | loss=0.137136
Epoch 009 | Step 1000 | lr=9.549150e-05 | loss=0.129890
Epoch 009 | Step 1010 | lr=9.549150e-05 | loss=0.132092
Epoch 009 | Step 1020 | lr=9.549150e-05 | loss=0.137555
Epoch 009 | Step 1030 | lr=9.549150e-05 | loss=0.133866
Epoch 009 | Step 1040 | lr=9.549150e-05 | loss=0.135161
Epoch 009 | Step 1050 | lr=9.549150e-05 | loss=0.142158
Epoch 009 | Step 1060 | lr=9.549150e-05 | loss=0.135481
Epoch 009 | Step 1070 | lr=9.549150e-05 | loss=0.132256
Epoch 009 | Step 1080 | lr=9.549150e-05 | loss=0.146413
Epoch 009 | Step 1090 | lr=9.549150e-05 | loss=0.125005
Epoch 009 | Step 1100 | lr=9.549150e-05 | loss=0.142532
Epoch 009 | Step 1110 | lr=9.549150e-05 | loss=0.144203
Epoch 009 | Step 1120 | lr=9.549150e-05 | loss=0.124459
Epoch 009 | Step 1130 | lr=9.549150e-05 | loss=0.138443
Epoch 009 | Step 1140 | lr=9.549150e-05 | loss=0.134860
Epoch 009 | Step 1150 | lr=9.549150e-05 | loss=0.137832
Epoch 009 | Step 1160 | lr=9.549150e-05 | loss=0.131910
Epoch 009 | Step 1170 | lr=9.549150e-05 | loss=0.142984
Epoch 009 | Step 1180 | lr=9.549150e-05 | loss=0.134144
Epoch 009 | Step 1190 | lr=9.549150e-05 | loss=0.134885
Epoch 009 | Step 1200 | lr=9.549150e-05 | loss=0.138209
Epoch 009 | Step 1210 | lr=9.549150e-05 | loss=0.133659
Epoch 009 | Step 1220 | lr=9.549150e-05 | loss=0.129937
Epoch 009 | Step 1230 | lr=9.549150e-05 | loss=0.136630
Epoch 009 | Step 1240 | lr=9.549150e-05 | loss=0.126783
Epoch 009 | Step 1250 | lr=9.549150e-05 | loss=0.131506
Epoch 009 | Step 1260 | lr=9.549150e-05 | loss=0.139454
Epoch 009 | Step 1270 | lr=9.549150e-05 | loss=0.129682
Epoch 009 | Step 1280 | lr=9.549150e-05 | loss=0.132577
Epoch 009 | Step 1290 | lr=9.549150e-05 | loss=0.132549
Epoch 009 | Step 1300 | lr=9.549150e-05 | loss=0.138997
Epoch 009 | Step 1310 | lr=9.549150e-05 | loss=0.127580
Epoch 009 | Step 1320 | lr=9.549150e-05 | loss=0.134982
Epoch 009 | Step 1330 | lr=9.549150e-05 | loss=0.130681
Epoch 009 | Step 1340 | lr=9.549150e-05 | loss=0.144554
Epoch 009 | Step 1350 | lr=9.549150e-05 | loss=0.132479
Epoch 009 | Step 1360 | lr=9.549150e-05 | loss=0.134009
Epoch 009 | Step 1370 | lr=9.549150e-05 | loss=0.142659
Epoch 009 | Step 1380 | lr=9.549150e-05 | loss=0.142404
Epoch 009 | Step 1390 | lr=9.549150e-05 | loss=0.138379
Epoch 009 | Step 1400 | lr=9.549150e-05 | loss=0.130436
Epoch 009 | Step 1410 | lr=9.549150e-05 | loss=0.139675
Epoch 009 | Step 1420 | lr=9.549150e-05 | loss=0.133301
Epoch 009 | Step 1430 | lr=9.549150e-05 | loss=0.142526
Epoch 009 | Step 1440 | lr=9.549150e-05 | loss=0.138970
Epoch 009 | Step 1450 | lr=9.549150e-05 | loss=0.133064
Epoch 009 | Step 1460 | lr=9.549150e-05 | loss=0.142319
Epoch 009 | Step 1470 | lr=9.549150e-05 | loss=0.135409
Epoch 009 | Step 1480 | lr=9.549150e-05 | loss=0.138337
Epoch 009 | Step 1490 | lr=9.549150e-05 | loss=0.139794
Epoch 009 | Step 1500 | lr=9.549150e-05 | loss=0.139890
Epoch 009 | Step 1510 | lr=9.549150e-05 | loss=0.139757
Epoch 009 | Step 1520 | lr=9.549150e-05 | loss=0.144028
Epoch 009 | Step 1530 | lr=9.549150e-05 | loss=0.129088
Epoch 009 | Step 1540 | lr=9.549150e-05 | loss=0.135294
Epoch 009 | Step 1550 | lr=9.549150e-05 | loss=0.136757
Epoch 009 | Step 1560 | lr=9.549150e-05 | loss=0.127714
Epoch 009 | Step 1570 | lr=9.549150e-05 | loss=0.129580
Epoch 009 | Step 1580 | lr=9.549150e-05 | loss=0.134288
Epoch 009 | Step 1590 | lr=9.549150e-05 | loss=0.135725
Epoch 009 | Step 1600 | lr=9.549150e-05 | loss=0.134544
Epoch 009 | Step 1610 | lr=9.549150e-05 | loss=0.130151
Epoch 009 | Step 1620 | lr=9.549150e-05 | loss=0.127768
Epoch 009 | Step 1630 | lr=9.549150e-05 | loss=0.137690
Epoch 009 | Step 1640 | lr=9.549150e-05 | loss=0.134898
Epoch 009 | Step 1650 | lr=9.549150e-05 | loss=0.134321
Epoch 009 | Step 1660 | lr=9.549150e-05 | loss=0.141050
Epoch 009 | Step 1670 | lr=9.549150e-05 | loss=0.136614
Epoch 009 | Step 1680 | lr=9.549150e-05 | loss=0.137881
Epoch 009 | Step 1690 | lr=9.549150e-05 | loss=0.134502
Epoch 009 | Step 1700 | lr=9.549150e-05 | loss=0.133560
Epoch 009 | Step 1710 | lr=9.549150e-05 | loss=0.131001
Epoch 009 | Step 1720 | lr=9.549150e-05 | loss=0.150012
Epoch 009 | Step 1730 | lr=9.549150e-05 | loss=0.132567
Epoch 009 | Step 1740 | lr=9.549150e-05 | loss=0.142451
Epoch 009 | Step 1750 | lr=9.549150e-05 | loss=0.131636
Epoch 009 | Step 1760 | lr=9.549150e-05 | loss=0.140982
Epoch 009 | Step 1770 | lr=9.549150e-05 | loss=0.137606
Epoch 009 | Step 1780 | lr=9.549150e-05 | loss=0.130747
Epoch 009 | Step 1790 | lr=9.549150e-05 | loss=0.143013
Epoch 009 | Step 1800 | lr=9.549150e-05 | loss=0.139264
Epoch 009 | Step 1810 | lr=9.549150e-05 | loss=0.137558
Epoch 009 | Step 1820 | lr=9.549150e-05 | loss=0.141128
Epoch 009 | Step 1830 | lr=9.549150e-05 | loss=0.139286
Epoch 009 | Step 1840 | lr=9.549150e-05 | loss=0.130417
Epoch 009 | Step 1850 | lr=9.549150e-05 | loss=0.130777
Epoch 009 | Step 1860 | lr=9.549150e-05 | loss=0.138553
Epoch 009 | Step 1870 | lr=9.549150e-05 | loss=0.131399
Epoch 009 | Step 1880 | lr=9.549150e-05 | loss=0.143659
Epoch 009 | Step 1890 | lr=9.549150e-05 | loss=0.129509
Epoch 009 | Step 1900 | lr=9.549150e-05 | loss=0.140807
Epoch 009 | Step 1910 | lr=9.549150e-05 | loss=0.134004
Epoch 009 | Step 1920 | lr=9.549150e-05 | loss=0.145681
Epoch 009 | Step 1930 | lr=9.549150e-05 | loss=0.140657
epoch 009 | train_kld=0.134922 | val_kld=0.131433 | val_mae=0.002523 | val_mse=0.000077 | ord_acc@10=0.3250 | recall@10=0.8347
Epoch 010 | Step 10 | lr=2.447174e-05 | loss=0.134645
Epoch 010 | Step 20 | lr=2.447174e-05 | loss=0.132121
Epoch 010 | Step 30 | lr=2.447174e-05 | loss=0.136975
Epoch 010 | Step 40 | lr=2.447174e-05 | loss=0.126839
Epoch 010 | Step 50 | lr=2.447174e-05 | loss=0.128774
Epoch 010 | Step 60 | lr=2.447174e-05 | loss=0.144689
Epoch 010 | Step 70 | lr=2.447174e-05 | loss=0.132446
Epoch 010 | Step 80 | lr=2.447174e-05 | loss=0.132614
Epoch 010 | Step 90 | lr=2.447174e-05 | loss=0.146062
Epoch 010 | Step 100 | lr=2.447174e-05 | loss=0.135429
Epoch 010 | Step 110 | lr=2.447174e-05 | loss=0.134801
Epoch 010 | Step 120 | lr=2.447174e-05 | loss=0.131911
Epoch 010 | Step 130 | lr=2.447174e-05 | loss=0.137339
Epoch 010 | Step 140 | lr=2.447174e-05 | loss=0.136110
Epoch 010 | Step 150 | lr=2.447174e-05 | loss=0.127249
Epoch 010 | Step 160 | lr=2.447174e-05 | loss=0.130524
Epoch 010 | Step 170 | lr=2.447174e-05 | loss=0.134424
Epoch 010 | Step 180 | lr=2.447174e-05 | loss=0.132659
Epoch 010 | Step 190 | lr=2.447174e-05 | loss=0.131575
Epoch 010 | Step 200 | lr=2.447174e-05 | loss=0.134954
Epoch 010 | Step 210 | lr=2.447174e-05 | loss=0.143072
Epoch 010 | Step 220 | lr=2.447174e-05 | loss=0.132139
Epoch 010 | Step 230 | lr=2.447174e-05 | loss=0.130727
Epoch 010 | Step 240 | lr=2.447174e-05 | loss=0.137718
Epoch 010 | Step 250 | lr=2.447174e-05 | loss=0.131129
Epoch 010 | Step 260 | lr=2.447174e-05 | loss=0.139570
Epoch 010 | Step 270 | lr=2.447174e-05 | loss=0.124743
Epoch 010 | Step 280 | lr=2.447174e-05 | loss=0.140998
Epoch 010 | Step 290 | lr=2.447174e-05 | loss=0.139362
Epoch 010 | Step 300 | lr=2.447174e-05 | loss=0.136920
Epoch 010 | Step 310 | lr=2.447174e-05 | loss=0.138640
Epoch 010 | Step 320 | lr=2.447174e-05 | loss=0.130814
Epoch 010 | Step 330 | lr=2.447174e-05 | loss=0.133068
Epoch 010 | Step 340 | lr=2.447174e-05 | loss=0.134788
Epoch 010 | Step 350 | lr=2.447174e-05 | loss=0.136996
Epoch 010 | Step 360 | lr=2.447174e-05 | loss=0.119652
Epoch 010 | Step 370 | lr=2.447174e-05 | loss=0.131445
Epoch 010 | Step 380 | lr=2.447174e-05 | loss=0.134383
Epoch 010 | Step 390 | lr=2.447174e-05 | loss=0.138769
Epoch 010 | Step 400 | lr=2.447174e-05 | loss=0.130888
Epoch 010 | Step 410 | lr=2.447174e-05 | loss=0.133958
Epoch 010 | Step 420 | lr=2.447174e-05 | loss=0.130931
Epoch 010 | Step 430 | lr=2.447174e-05 | loss=0.128037
Epoch 010 | Step 440 | lr=2.447174e-05 | loss=0.135817
Epoch 010 | Step 450 | lr=2.447174e-05 | loss=0.128200
Epoch 010 | Step 460 | lr=2.447174e-05 | loss=0.133230
Epoch 010 | Step 470 | lr=2.447174e-05 | loss=0.142233
Epoch 010 | Step 480 | lr=2.447174e-05 | loss=0.140564
Epoch 010 | Step 490 | lr=2.447174e-05 | loss=0.123861
Epoch 010 | Step 500 | lr=2.447174e-05 | loss=0.125727
Epoch 010 | Step 510 | lr=2.447174e-05 | loss=0.132500
Epoch 010 | Step 520 | lr=2.447174e-05 | loss=0.136811
Epoch 010 | Step 530 | lr=2.447174e-05 | loss=0.135851
Epoch 010 | Step 540 | lr=2.447174e-05 | loss=0.137463
Epoch 010 | Step 550 | lr=2.447174e-05 | loss=0.136912
Epoch 010 | Step 560 | lr=2.447174e-05 | loss=0.132090
Epoch 010 | Step 570 | lr=2.447174e-05 | loss=0.126678
Epoch 010 | Step 580 | lr=2.447174e-05 | loss=0.139740
Epoch 010 | Step 590 | lr=2.447174e-05 | loss=0.125563
Epoch 010 | Step 600 | lr=2.447174e-05 | loss=0.131255
Epoch 010 | Step 610 | lr=2.447174e-05 | loss=0.135167
Epoch 010 | Step 620 | lr=2.447174e-05 | loss=0.127490
Epoch 010 | Step 630 | lr=2.447174e-05 | loss=0.126538
Epoch 010 | Step 640 | lr=2.447174e-05 | loss=0.127412
Epoch 010 | Step 650 | lr=2.447174e-05 | loss=0.142452
Epoch 010 | Step 660 | lr=2.447174e-05 | loss=0.129145
Epoch 010 | Step 670 | lr=2.447174e-05 | loss=0.139663
Epoch 010 | Step 680 | lr=2.447174e-05 | loss=0.133312
Epoch 010 | Step 690 | lr=2.447174e-05 | loss=0.131061
Epoch 010 | Step 700 | lr=2.447174e-05 | loss=0.129091
Epoch 010 | Step 710 | lr=2.447174e-05 | loss=0.135440
Epoch 010 | Step 720 | lr=2.447174e-05 | loss=0.132532
Epoch 010 | Step 730 | lr=2.447174e-05 | loss=0.135138
Epoch 010 | Step 740 | lr=2.447174e-05 | loss=0.130953
Epoch 010 | Step 750 | lr=2.447174e-05 | loss=0.133385
Epoch 010 | Step 760 | lr=2.447174e-05 | loss=0.126772
Epoch 010 | Step 770 | lr=2.447174e-05 | loss=0.129003
Epoch 010 | Step 780 | lr=2.447174e-05 | loss=0.131266
Epoch 010 | Step 790 | lr=2.447174e-05 | loss=0.126968
Epoch 010 | Step 800 | lr=2.447174e-05 | loss=0.125460
Epoch 010 | Step 810 | lr=2.447174e-05 | loss=0.127562
Epoch 010 | Step 820 | lr=2.447174e-05 | loss=0.131706
Epoch 010 | Step 830 | lr=2.447174e-05 | loss=0.135603
Epoch 010 | Step 840 | lr=2.447174e-05 | loss=0.143123
Epoch 010 | Step 850 | lr=2.447174e-05 | loss=0.130231
Epoch 010 | Step 860 | lr=2.447174e-05 | loss=0.134965
Epoch 010 | Step 870 | lr=2.447174e-05 | loss=0.127432
Epoch 010 | Step 880 | lr=2.447174e-05 | loss=0.134869
Epoch 010 | Step 890 | lr=2.447174e-05 | loss=0.134697
Epoch 010 | Step 900 | lr=2.447174e-05 | loss=0.130797
Epoch 010 | Step 910 | lr=2.447174e-05 | loss=0.138590
Epoch 010 | Step 920 | lr=2.447174e-05 | loss=0.138887
Epoch 010 | Step 930 | lr=2.447174e-05 | loss=0.127728
Epoch 010 | Step 940 | lr=2.447174e-05 | loss=0.131472
Epoch 010 | Step 950 | lr=2.447174e-05 | loss=0.131099
Epoch 010 | Step 960 | lr=2.447174e-05 | loss=0.131357
Epoch 010 | Step 970 | lr=2.447174e-05 | loss=0.143001
Epoch 010 | Step 980 | lr=2.447174e-05 | loss=0.128225
Epoch 010 | Step 990 | lr=2.447174e-05 | loss=0.135758
Epoch 010 | Step 1000 | lr=2.447174e-05 | loss=0.136974
Epoch 010 | Step 1010 | lr=2.447174e-05 | loss=0.136229
Epoch 010 | Step 1020 | lr=2.447174e-05 | loss=0.123647
Epoch 010 | Step 1030 | lr=2.447174e-05 | loss=0.139919
Epoch 010 | Step 1040 | lr=2.447174e-05 | loss=0.133580
Epoch 010 | Step 1050 | lr=2.447174e-05 | loss=0.131138
Epoch 010 | Step 1060 | lr=2.447174e-05 | loss=0.136090
Epoch 010 | Step 1070 | lr=2.447174e-05 | loss=0.135022
Epoch 010 | Step 1080 | lr=2.447174e-05 | loss=0.130353
Epoch 010 | Step 1090 | lr=2.447174e-05 | loss=0.129763
Epoch 010 | Step 1100 | lr=2.447174e-05 | loss=0.135538
Epoch 010 | Step 1110 | lr=2.447174e-05 | loss=0.131833
Epoch 010 | Step 1120 | lr=2.447174e-05 | loss=0.136047
Epoch 010 | Step 1130 | lr=2.447174e-05 | loss=0.139403
Epoch 010 | Step 1140 | lr=2.447174e-05 | loss=0.137938
Epoch 010 | Step 1150 | lr=2.447174e-05 | loss=0.147263
Epoch 010 | Step 1160 | lr=2.447174e-05 | loss=0.133248
Epoch 010 | Step 1170 | lr=2.447174e-05 | loss=0.128800
Epoch 010 | Step 1180 | lr=2.447174e-05 | loss=0.136794
Epoch 010 | Step 1190 | lr=2.447174e-05 | loss=0.138205
Epoch 010 | Step 1200 | lr=2.447174e-05 | loss=0.131339
Epoch 010 | Step 1210 | lr=2.447174e-05 | loss=0.133492
Epoch 010 | Step 1220 | lr=2.447174e-05 | loss=0.130296
Epoch 010 | Step 1230 | lr=2.447174e-05 | loss=0.129403
Epoch 010 | Step 1240 | lr=2.447174e-05 | loss=0.136975
Epoch 010 | Step 1250 | lr=2.447174e-05 | loss=0.143349
Epoch 010 | Step 1260 | lr=2.447174e-05 | loss=0.129357
Epoch 010 | Step 1270 | lr=2.447174e-05 | loss=0.138441
Epoch 010 | Step 1280 | lr=2.447174e-05 | loss=0.131346
Epoch 010 | Step 1290 | lr=2.447174e-05 | loss=0.132538
Epoch 010 | Step 1300 | lr=2.447174e-05 | loss=0.135692
Epoch 010 | Step 1310 | lr=2.447174e-05 | loss=0.129901
Epoch 010 | Step 1320 | lr=2.447174e-05 | loss=0.128160
Epoch 010 | Step 1330 | lr=2.447174e-05 | loss=0.129928
Epoch 010 | Step 1340 | lr=2.447174e-05 | loss=0.132476
Epoch 010 | Step 1350 | lr=2.447174e-05 | loss=0.137837
Epoch 010 | Step 1360 | lr=2.447174e-05 | loss=0.136248
Epoch 010 | Step 1370 | lr=2.447174e-05 | loss=0.138425
Epoch 010 | Step 1380 | lr=2.447174e-05 | loss=0.133120
Epoch 010 | Step 1390 | lr=2.447174e-05 | loss=0.138017
Epoch 010 | Step 1400 | lr=2.447174e-05 | loss=0.132597
Epoch 010 | Step 1410 | lr=2.447174e-05 | loss=0.133440
Epoch 010 | Step 1420 | lr=2.447174e-05 | loss=0.130493
Epoch 010 | Step 1430 | lr=2.447174e-05 | loss=0.136949
Epoch 010 | Step 1440 | lr=2.447174e-05 | loss=0.126108
Epoch 010 | Step 1450 | lr=2.447174e-05 | loss=0.141083
Epoch 010 | Step 1460 | lr=2.447174e-05 | loss=0.130473
Epoch 010 | Step 1470 | lr=2.447174e-05 | loss=0.132824
Epoch 010 | Step 1480 | lr=2.447174e-05 | loss=0.138356
Epoch 010 | Step 1490 | lr=2.447174e-05 | loss=0.132758
Epoch 010 | Step 1500 | lr=2.447174e-05 | loss=0.130593
Epoch 010 | Step 1510 | lr=2.447174e-05 | loss=0.128042
Epoch 010 | Step 1520 | lr=2.447174e-05 | loss=0.140454
Epoch 010 | Step 1530 | lr=2.447174e-05 | loss=0.135691
Epoch 010 | Step 1540 | lr=2.447174e-05 | loss=0.129622
Epoch 010 | Step 1550 | lr=2.447174e-05 | loss=0.132627
Epoch 010 | Step 1560 | lr=2.447174e-05 | loss=0.130581
Epoch 010 | Step 1570 | lr=2.447174e-05 | loss=0.135551
Epoch 010 | Step 1580 | lr=2.447174e-05 | loss=0.137232
Epoch 010 | Step 1590 | lr=2.447174e-05 | loss=0.135817
Epoch 010 | Step 1600 | lr=2.447174e-05 | loss=0.128094
Epoch 010 | Step 1610 | lr=2.447174e-05 | loss=0.137121
Epoch 010 | Step 1620 | lr=2.447174e-05 | loss=0.135387
Epoch 010 | Step 1630 | lr=2.447174e-05 | loss=0.134246
Epoch 010 | Step 1640 | lr=2.447174e-05 | loss=0.142561
Epoch 010 | Step 1650 | lr=2.447174e-05 | loss=0.136196
Epoch 010 | Step 1660 | lr=2.447174e-05 | loss=0.128024
Epoch 010 | Step 1670 | lr=2.447174e-05 | loss=0.130697
Epoch 010 | Step 1680 | lr=2.447174e-05 | loss=0.128446
Epoch 010 | Step 1690 | lr=2.447174e-05 | loss=0.133248
Epoch 010 | Step 1700 | lr=2.447174e-05 | loss=0.136146
Epoch 010 | Step 1710 | lr=2.447174e-05 | loss=0.129167
Epoch 010 | Step 1720 | lr=2.447174e-05 | loss=0.144841
Epoch 010 | Step 1730 | lr=2.447174e-05 | loss=0.133535
Epoch 010 | Step 1740 | lr=2.447174e-05 | loss=0.142543
Epoch 010 | Step 1750 | lr=2.447174e-05 | loss=0.137879
Epoch 010 | Step 1760 | lr=2.447174e-05 | loss=0.126971
Epoch 010 | Step 1770 | lr=2.447174e-05 | loss=0.139012
Epoch 010 | Step 1780 | lr=2.447174e-05 | loss=0.132262
Epoch 010 | Step 1790 | lr=2.447174e-05 | loss=0.140243
Epoch 010 | Step 1800 | lr=2.447174e-05 | loss=0.139038
Epoch 010 | Step 1810 | lr=2.447174e-05 | loss=0.130723
Epoch 010 | Step 1820 | lr=2.447174e-05 | loss=0.124822
Epoch 010 | Step 1830 | lr=2.447174e-05 | loss=0.136922
Epoch 010 | Step 1840 | lr=2.447174e-05 | loss=0.128053
Epoch 010 | Step 1850 | lr=2.447174e-05 | loss=0.134281
Epoch 010 | Step 1860 | lr=2.447174e-05 | loss=0.143731
Epoch 010 | Step 1870 | lr=2.447174e-05 | loss=0.132188
Epoch 010 | Step 1880 | lr=2.447174e-05 | loss=0.135307
Epoch 010 | Step 1890 | lr=2.447174e-05 | loss=0.138168
Epoch 010 | Step 1900 | lr=2.447174e-05 | loss=0.138909
Epoch 010 | Step 1910 | lr=2.447174e-05 | loss=0.124069
Epoch 010 | Step 1920 | lr=2.447174e-05 | loss=0.129438
Epoch 010 | Step 1930 | lr=2.447174e-05 | loss=0.128685
epoch 010 | train_kld=0.133296 | val_kld=0.130367 | val_mae=0.002511 | val_mse=0.000076 | ord_acc@10=0.3253 | recall@10=0.8354
Saved epoch 1 batch metrics plot to input/Training_data/gist1M_learn/leafsize20K/model_d256_L4_H8_ff512_topk10_bs256_ep10_lr0.001_wd0.01_mlp_normalizeFalse_posTrue_gatingFalse_loss_typekld_use_type_embedFalse/model_d256_L4_H8_ff512_topk10_bs256_ep10_lr0.001_wd0.01_mlp_normalizeFalse_posTrue_gatingFalse_loss_typekld_use_type_embedFalse_epoch1_batch_metrics@10.png
Saved epoch metrics plot to input/Training_data/gist1M_learn/leafsize20K/model_d256_L4_H8_ff512_topk10_bs256_ep10_lr0.001_wd0.01_mlp_normalizeFalse_posTrue_gatingFalse_loss_typekld_use_type_embedFalse/model_d256_L4_H8_ff512_topk10_bs256_ep10_lr0.001_wd0.01_mlp_normalizeFalse_posTrue_gatingFalse_loss_typekld_use_type_embedFalse_epoch_metrics.png
best val_kld: 0.130367 at epoch 10
