/home/xln/miniconda3/envs/elpis_torch/lib/python3.12/site-packages/torch/nn/modules/transformer.py:379: UserWarning: enable_nested_tensor is True, but self.use_nested_tensor is False because encoder_layer.norm_first was True
  warnings.warn(
Detected K=116, D=960
Epoch 001 | Batch 10 | val_kld=0.001621 | val_ordacc@10=0.025801 | val_recall@10=0.216453
Epoch 001 | Step 10 | lr=1.000000e-03 | loss=0.001544
Epoch 001 | Batch 20 | val_kld=0.001606 | val_ordacc@10=0.023890 | val_recall@10=0.228068
Epoch 001 | Step 20 | lr=1.000000e-03 | loss=0.001578
Epoch 001 | Batch 30 | val_kld=0.001586 | val_ordacc@10=0.034847 | val_recall@10=0.274273
Epoch 001 | Step 30 | lr=1.000000e-03 | loss=0.001513
Epoch 001 | Batch 40 | val_kld=0.001501 | val_ordacc@10=0.045136 | val_recall@10=0.297130
Epoch 001 | Step 40 | lr=1.000000e-03 | loss=0.001520
Epoch 001 | Batch 50 | val_kld=0.001370 | val_ordacc@10=0.062384 | val_recall@10=0.495373
Epoch 001 | Step 50 | lr=1.000000e-03 | loss=0.001339
Epoch 001 | Batch 60 | val_kld=0.001343 | val_ordacc@10=0.054739 | val_recall@10=0.432077
Epoch 001 | Step 60 | lr=1.000000e-03 | loss=0.001206
Epoch 001 | Batch 70 | val_kld=0.001110 | val_ordacc@10=0.084975 | val_recall@10=0.535303
Epoch 001 | Step 70 | lr=1.000000e-03 | loss=0.001251
Epoch 001 | Batch 80 | val_kld=0.001141 | val_ordacc@10=0.070009 | val_recall@10=0.468981
Epoch 001 | Step 80 | lr=1.000000e-03 | loss=0.001066
Epoch 001 | Batch 90 | val_kld=0.001014 | val_ordacc@10=0.095230 | val_recall@10=0.539468
Epoch 001 | Step 90 | lr=1.000000e-03 | loss=0.001043
Epoch 001 | Batch 100 | val_kld=0.001004 | val_ordacc@10=0.089828 | val_recall@10=0.542399
Epoch 001 | Step 100 | lr=1.000000e-03 | loss=0.001050
Epoch 001 | Batch 110 | val_kld=0.000965 | val_ordacc@10=0.099044 | val_recall@10=0.556311
Epoch 001 | Step 110 | lr=1.000000e-03 | loss=0.000983
Epoch 001 | Batch 120 | val_kld=0.000935 | val_ordacc@10=0.104415 | val_recall@10=0.572794
Epoch 001 | Step 120 | lr=1.000000e-03 | loss=0.001041
Epoch 001 | Batch 130 | val_kld=0.000957 | val_ordacc@10=0.098227 | val_recall@10=0.558150
Epoch 001 | Step 130 | lr=1.000000e-03 | loss=0.000992
Epoch 001 | Batch 140 | val_kld=0.000910 | val_ordacc@10=0.103866 | val_recall@10=0.596702
Epoch 001 | Step 140 | lr=1.000000e-03 | loss=0.000894
Epoch 001 | Batch 150 | val_kld=0.000838 | val_ordacc@10=0.118346 | val_recall@10=0.615548
Epoch 001 | Step 150 | lr=1.000000e-03 | loss=0.000847
Epoch 001 | Batch 160 | val_kld=0.000836 | val_ordacc@10=0.117161 | val_recall@10=0.622426
Epoch 001 | Step 160 | lr=1.000000e-03 | loss=0.000877
Epoch 001 | Batch 170 | val_kld=0.000792 | val_ordacc@10=0.116700 | val_recall@10=0.607842
Epoch 001 | Step 170 | lr=1.000000e-03 | loss=0.000924
Epoch 001 | Batch 180 | val_kld=0.000719 | val_ordacc@10=0.134056 | val_recall@10=0.653018
Epoch 001 | Step 180 | lr=1.000000e-03 | loss=0.000813
Epoch 001 | Batch 190 | val_kld=0.000681 | val_ordacc@10=0.136739 | val_recall@10=0.661376
Epoch 001 | Step 190 | lr=1.000000e-03 | loss=0.000727
Epoch 001 | Batch 200 | val_kld=0.000650 | val_ordacc@10=0.138493 | val_recall@10=0.664311
Epoch 001 | Step 200 | lr=1.000000e-03 | loss=0.000680
Epoch 001 | Batch 210 | val_kld=0.000599 | val_ordacc@10=0.151936 | val_recall@10=0.679462
Epoch 001 | Step 210 | lr=1.000000e-03 | loss=0.000669
Epoch 001 | Batch 220 | val_kld=0.000575 | val_ordacc@10=0.161029 | val_recall@10=0.697999
Epoch 001 | Step 220 | lr=1.000000e-03 | loss=0.000646
Epoch 001 | Batch 230 | val_kld=0.000569 | val_ordacc@10=0.161365 | val_recall@10=0.695639
Epoch 001 | Step 230 | lr=1.000000e-03 | loss=0.000602
Epoch 001 | Batch 240 | val_kld=0.000551 | val_ordacc@10=0.159450 | val_recall@10=0.701653
Epoch 001 | Step 240 | lr=1.000000e-03 | loss=0.000548
Epoch 001 | Batch 250 | val_kld=0.000537 | val_ordacc@10=0.162372 | val_recall@10=0.705139
Epoch 001 | Step 250 | lr=1.000000e-03 | loss=0.000626
Epoch 001 | Batch 260 | val_kld=0.000517 | val_ordacc@10=0.158193 | val_recall@10=0.706615
Epoch 001 | Step 260 | lr=1.000000e-03 | loss=0.000547
Epoch 001 | Batch 270 | val_kld=0.000494 | val_ordacc@10=0.165801 | val_recall@10=0.711641
Epoch 001 | Step 270 | lr=1.000000e-03 | loss=0.000599
Epoch 001 | Batch 280 | val_kld=0.000472 | val_ordacc@10=0.176066 | val_recall@10=0.720700
Epoch 001 | Step 280 | lr=1.000000e-03 | loss=0.000502
Epoch 001 | Batch 290 | val_kld=0.000475 | val_ordacc@10=0.172253 | val_recall@10=0.725608
Epoch 001 | Step 290 | lr=1.000000e-03 | loss=0.000535
Epoch 001 | Batch 300 | val_kld=0.000508 | val_ordacc@10=0.160376 | val_recall@10=0.703481
Epoch 001 | Step 300 | lr=1.000000e-03 | loss=0.000539
Epoch 001 | Batch 310 | val_kld=0.000462 | val_ordacc@10=0.172549 | val_recall@10=0.724292
Epoch 001 | Step 310 | lr=1.000000e-03 | loss=0.000540
Epoch 001 | Batch 320 | val_kld=0.000431 | val_ordacc@10=0.182174 | val_recall@10=0.719106
Epoch 001 | Step 320 | lr=1.000000e-03 | loss=0.000510
Epoch 001 | Batch 330 | val_kld=0.000438 | val_ordacc@10=0.179736 | val_recall@10=0.706355
Epoch 001 | Step 330 | lr=1.000000e-03 | loss=0.000489
Epoch 001 | Batch 340 | val_kld=0.000410 | val_ordacc@10=0.187524 | val_recall@10=0.731037
Epoch 001 | Step 340 | lr=1.000000e-03 | loss=0.000456
Epoch 001 | Batch 350 | val_kld=0.000400 | val_ordacc@10=0.195607 | val_recall@10=0.732341
Epoch 001 | Step 350 | lr=1.000000e-03 | loss=0.000513
Epoch 001 | Batch 360 | val_kld=0.000384 | val_ordacc@10=0.194550 | val_recall@10=0.737273
Epoch 001 | Step 360 | lr=1.000000e-03 | loss=0.000451
Epoch 001 | Batch 370 | val_kld=0.000402 | val_ordacc@10=0.191358 | val_recall@10=0.734439
Epoch 001 | Step 370 | lr=1.000000e-03 | loss=0.000410
Epoch 001 | Batch 380 | val_kld=0.000406 | val_ordacc@10=0.192993 | val_recall@10=0.730909
Epoch 001 | Step 380 | lr=1.000000e-03 | loss=0.000433
Epoch 001 | Batch 390 | val_kld=0.000361 | val_ordacc@10=0.199864 | val_recall@10=0.742093
Epoch 001 | Step 390 | lr=1.000000e-03 | loss=0.000381
Epoch 001 | Batch 400 | val_kld=0.000390 | val_ordacc@10=0.186822 | val_recall@10=0.737279
Epoch 001 | Step 400 | lr=1.000000e-03 | loss=0.000382
Epoch 001 | Batch 410 | val_kld=0.000357 | val_ordacc@10=0.200070 | val_recall@10=0.739722
Epoch 001 | Step 410 | lr=1.000000e-03 | loss=0.000355
Epoch 001 | Batch 420 | val_kld=0.000345 | val_ordacc@10=0.210887 | val_recall@10=0.750067
Epoch 001 | Step 420 | lr=1.000000e-03 | loss=0.000404
Epoch 001 | Batch 430 | val_kld=0.000333 | val_ordacc@10=0.210001 | val_recall@10=0.755363
Epoch 001 | Step 430 | lr=1.000000e-03 | loss=0.000337
Epoch 001 | Batch 440 | val_kld=0.000350 | val_ordacc@10=0.202992 | val_recall@10=0.751251
Epoch 001 | Step 440 | lr=1.000000e-03 | loss=0.000406
Epoch 001 | Batch 450 | val_kld=0.000345 | val_ordacc@10=0.204014 | val_recall@10=0.744270
Epoch 001 | Step 450 | lr=1.000000e-03 | loss=0.000430
Epoch 001 | Batch 460 | val_kld=0.000327 | val_ordacc@10=0.214074 | val_recall@10=0.751548
Epoch 001 | Step 460 | lr=1.000000e-03 | loss=0.000365
Epoch 001 | Batch 470 | val_kld=0.000322 | val_ordacc@10=0.215969 | val_recall@10=0.752963
Epoch 001 | Step 470 | lr=1.000000e-03 | loss=0.000396
Epoch 001 | Batch 480 | val_kld=0.000332 | val_ordacc@10=0.206497 | val_recall@10=0.741982
Epoch 001 | Step 480 | lr=1.000000e-03 | loss=0.000364
Epoch 001 | Batch 490 | val_kld=0.000314 | val_ordacc@10=0.216193 | val_recall@10=0.751629
Epoch 001 | Step 490 | lr=1.000000e-03 | loss=0.000361
Epoch 001 | Batch 500 | val_kld=0.000322 | val_ordacc@10=0.206533 | val_recall@10=0.753305
Epoch 001 | Step 500 | lr=1.000000e-03 | loss=0.000360
Epoch 001 | Batch 510 | val_kld=0.000315 | val_ordacc@10=0.219374 | val_recall@10=0.758486
Epoch 001 | Step 510 | lr=1.000000e-03 | loss=0.000439
Epoch 001 | Batch 520 | val_kld=0.000311 | val_ordacc@10=0.219830 | val_recall@10=0.754457
Epoch 001 | Step 520 | lr=1.000000e-03 | loss=0.000332
Epoch 001 | Batch 530 | val_kld=0.000312 | val_ordacc@10=0.225203 | val_recall@10=0.764730
Epoch 001 | Step 530 | lr=1.000000e-03 | loss=0.000334
Epoch 001 | Batch 540 | val_kld=0.000315 | val_ordacc@10=0.217480 | val_recall@10=0.758124
Epoch 001 | Step 540 | lr=1.000000e-03 | loss=0.000344
Epoch 001 | Batch 550 | val_kld=0.000301 | val_ordacc@10=0.223311 | val_recall@10=0.760906
Epoch 001 | Step 550 | lr=1.000000e-03 | loss=0.000362
Epoch 001 | Batch 560 | val_kld=0.000298 | val_ordacc@10=0.226229 | val_recall@10=0.762014
Epoch 001 | Step 560 | lr=1.000000e-03 | loss=0.000308
Epoch 001 | Batch 570 | val_kld=0.000289 | val_ordacc@10=0.227188 | val_recall@10=0.767432
Epoch 001 | Step 570 | lr=1.000000e-03 | loss=0.000335
Epoch 001 | Batch 580 | val_kld=0.000288 | val_ordacc@10=0.222986 | val_recall@10=0.757332
Epoch 001 | Step 580 | lr=1.000000e-03 | loss=0.000351
Epoch 001 | Batch 590 | val_kld=0.000319 | val_ordacc@10=0.208386 | val_recall@10=0.750906
Epoch 001 | Step 590 | lr=1.000000e-03 | loss=0.000340
Epoch 001 | Batch 600 | val_kld=0.000268 | val_ordacc@10=0.230875 | val_recall@10=0.770177
Epoch 001 | Step 600 | lr=1.000000e-03 | loss=0.000328
Epoch 001 | Batch 610 | val_kld=0.000288 | val_ordacc@10=0.227737 | val_recall@10=0.762202
Epoch 001 | Step 610 | lr=1.000000e-03 | loss=0.000283
Epoch 001 | Batch 620 | val_kld=0.000275 | val_ordacc@10=0.230365 | val_recall@10=0.766213
Epoch 001 | Step 620 | lr=1.000000e-03 | loss=0.000271
Epoch 001 | Batch 630 | val_kld=0.000289 | val_ordacc@10=0.225591 | val_recall@10=0.768540
Epoch 001 | Step 630 | lr=1.000000e-03 | loss=0.000367
Epoch 001 | Batch 640 | val_kld=0.000298 | val_ordacc@10=0.225489 | val_recall@10=0.757775
Epoch 001 | Step 640 | lr=1.000000e-03 | loss=0.000351
Epoch 001 | Batch 650 | val_kld=0.000287 | val_ordacc@10=0.222847 | val_recall@10=0.762409
Epoch 001 | Step 650 | lr=1.000000e-03 | loss=0.000324
Epoch 001 | Batch 660 | val_kld=0.000274 | val_ordacc@10=0.233645 | val_recall@10=0.766975
Epoch 001 | Step 660 | lr=1.000000e-03 | loss=0.000272
Epoch 001 | Batch 670 | val_kld=0.000277 | val_ordacc@10=0.227588 | val_recall@10=0.770434
Epoch 001 | Step 670 | lr=1.000000e-03 | loss=0.000300
Epoch 001 | Batch 680 | val_kld=0.000266 | val_ordacc@10=0.235209 | val_recall@10=0.768652
Epoch 001 | Step 680 | lr=1.000000e-03 | loss=0.000300
Epoch 001 | Batch 690 | val_kld=0.000270 | val_ordacc@10=0.226403 | val_recall@10=0.768386
Epoch 001 | Step 690 | lr=1.000000e-03 | loss=0.000294
Epoch 001 | Batch 700 | val_kld=0.000252 | val_ordacc@10=0.237673 | val_recall@10=0.769999
Epoch 001 | Step 700 | lr=1.000000e-03 | loss=0.000277
Epoch 001 | Batch 710 | val_kld=0.000250 | val_ordacc@10=0.240855 | val_recall@10=0.777370
Epoch 001 | Step 710 | lr=1.000000e-03 | loss=0.000261
Epoch 001 | Batch 720 | val_kld=0.000235 | val_ordacc@10=0.241348 | val_recall@10=0.776440
Epoch 001 | Step 720 | lr=1.000000e-03 | loss=0.000276
Epoch 001 | Batch 730 | val_kld=0.000226 | val_ordacc@10=0.243771 | val_recall@10=0.771040
Epoch 001 | Step 730 | lr=1.000000e-03 | loss=0.000245
Epoch 001 | Batch 740 | val_kld=0.000231 | val_ordacc@10=0.238969 | val_recall@10=0.776293
Epoch 001 | Step 740 | lr=1.000000e-03 | loss=0.000222
Epoch 001 | Batch 750 | val_kld=0.000250 | val_ordacc@10=0.234738 | val_recall@10=0.779040
Epoch 001 | Step 750 | lr=1.000000e-03 | loss=0.000245
Epoch 001 | Batch 760 | val_kld=0.000242 | val_ordacc@10=0.240581 | val_recall@10=0.773693
Epoch 001 | Step 760 | lr=1.000000e-03 | loss=0.000298
Epoch 001 | Batch 770 | val_kld=0.000224 | val_ordacc@10=0.246918 | val_recall@10=0.780898
Epoch 001 | Step 770 | lr=1.000000e-03 | loss=0.000252
Epoch 001 | Batch 780 | val_kld=0.000232 | val_ordacc@10=0.236945 | val_recall@10=0.770862
Epoch 001 | Step 780 | lr=1.000000e-03 | loss=0.000295
Epoch 001 | Batch 790 | val_kld=0.000228 | val_ordacc@10=0.247736 | val_recall@10=0.780332
Epoch 001 | Step 790 | lr=1.000000e-03 | loss=0.000229
Epoch 001 | Batch 800 | val_kld=0.000230 | val_ordacc@10=0.238326 | val_recall@10=0.776054
Epoch 001 | Step 800 | lr=1.000000e-03 | loss=0.000273
Epoch 001 | Batch 810 | val_kld=0.000221 | val_ordacc@10=0.246317 | val_recall@10=0.779227
Epoch 001 | Step 810 | lr=1.000000e-03 | loss=0.000288
Epoch 001 | Batch 820 | val_kld=0.000248 | val_ordacc@10=0.235184 | val_recall@10=0.766263
Epoch 001 | Step 820 | lr=1.000000e-03 | loss=0.000226
Epoch 001 | Batch 830 | val_kld=0.000241 | val_ordacc@10=0.240624 | val_recall@10=0.777278
Epoch 001 | Step 830 | lr=1.000000e-03 | loss=0.000274
Epoch 001 | Batch 840 | val_kld=0.000222 | val_ordacc@10=0.250450 | val_recall@10=0.779299
Epoch 001 | Step 840 | lr=1.000000e-03 | loss=0.000258
Epoch 001 | Batch 850 | val_kld=0.000216 | val_ordacc@10=0.249977 | val_recall@10=0.783054
Epoch 001 | Step 850 | lr=1.000000e-03 | loss=0.000219
Epoch 001 | Batch 860 | val_kld=0.000216 | val_ordacc@10=0.244745 | val_recall@10=0.780929
Epoch 001 | Step 860 | lr=1.000000e-03 | loss=0.000260
Epoch 001 | Batch 870 | val_kld=0.000222 | val_ordacc@10=0.247052 | val_recall@10=0.785017
Epoch 001 | Step 870 | lr=1.000000e-03 | loss=0.000264
Epoch 001 | Batch 880 | val_kld=0.000217 | val_ordacc@10=0.249450 | val_recall@10=0.785504
Epoch 001 | Step 880 | lr=1.000000e-03 | loss=0.000235
Epoch 001 | Batch 890 | val_kld=0.000211 | val_ordacc@10=0.251963 | val_recall@10=0.784882
Epoch 001 | Step 890 | lr=1.000000e-03 | loss=0.000251
Epoch 001 | Batch 900 | val_kld=0.000218 | val_ordacc@10=0.246484 | val_recall@10=0.784020
Epoch 001 | Step 900 | lr=1.000000e-03 | loss=0.000228
Epoch 001 | Batch 910 | val_kld=0.000208 | val_ordacc@10=0.252134 | val_recall@10=0.783590
Epoch 001 | Step 910 | lr=1.000000e-03 | loss=0.000241
Epoch 001 | Batch 920 | val_kld=0.000219 | val_ordacc@10=0.252892 | val_recall@10=0.787497
Epoch 001 | Step 920 | lr=1.000000e-03 | loss=0.000242
Epoch 001 | Batch 930 | val_kld=0.000229 | val_ordacc@10=0.241689 | val_recall@10=0.778151
Epoch 001 | Step 930 | lr=1.000000e-03 | loss=0.000254
Epoch 001 | Batch 940 | val_kld=0.000227 | val_ordacc@10=0.249514 | val_recall@10=0.784252
Epoch 001 | Step 940 | lr=1.000000e-03 | loss=0.000222
Epoch 001 | Batch 950 | val_kld=0.000215 | val_ordacc@10=0.246311 | val_recall@10=0.785360
Epoch 001 | Step 950 | lr=1.000000e-03 | loss=0.000237
Epoch 001 | Batch 960 | val_kld=0.000212 | val_ordacc@10=0.248876 | val_recall@10=0.781727
Epoch 001 | Step 960 | lr=1.000000e-03 | loss=0.000235
Epoch 001 | Batch 970 | val_kld=0.000217 | val_ordacc@10=0.241247 | val_recall@10=0.778517
Epoch 001 | Step 970 | lr=1.000000e-03 | loss=0.000197
Epoch 001 | Batch 980 | val_kld=0.000217 | val_ordacc@10=0.248952 | val_recall@10=0.780788
Epoch 001 | Step 980 | lr=1.000000e-03 | loss=0.000253
Epoch 001 | Batch 990 | val_kld=0.000213 | val_ordacc@10=0.244213 | val_recall@10=0.783266
Epoch 001 | Step 990 | lr=1.000000e-03 | loss=0.000234
Epoch 001 | Batch 1000 | val_kld=0.000203 | val_ordacc@10=0.249108 | val_recall@10=0.788897
Epoch 001 | Step 1000 | lr=1.000000e-03 | loss=0.000214
Epoch 001 | Batch 1010 | val_kld=0.000200 | val_ordacc@10=0.255497 | val_recall@10=0.787122
Epoch 001 | Step 1010 | lr=1.000000e-03 | loss=0.000241
Epoch 001 | Batch 1020 | val_kld=0.000215 | val_ordacc@10=0.248493 | val_recall@10=0.781382
Epoch 001 | Step 1020 | lr=1.000000e-03 | loss=0.000210
Epoch 001 | Batch 1030 | val_kld=0.000200 | val_ordacc@10=0.258348 | val_recall@10=0.793024
Epoch 001 | Step 1030 | lr=1.000000e-03 | loss=0.000191
Epoch 001 | Batch 1040 | val_kld=0.000206 | val_ordacc@10=0.253580 | val_recall@10=0.784553
Epoch 001 | Step 1040 | lr=1.000000e-03 | loss=0.000237
Epoch 001 | Batch 1050 | val_kld=0.000209 | val_ordacc@10=0.251281 | val_recall@10=0.787501
Epoch 001 | Step 1050 | lr=1.000000e-03 | loss=0.000229
Epoch 001 | Batch 1060 | val_kld=0.000204 | val_ordacc@10=0.250502 | val_recall@10=0.784809
Epoch 001 | Step 1060 | lr=1.000000e-03 | loss=0.000221
Epoch 001 | Batch 1070 | val_kld=0.000207 | val_ordacc@10=0.249238 | val_recall@10=0.786001
Epoch 001 | Step 1070 | lr=1.000000e-03 | loss=0.000221
Epoch 001 | Batch 1080 | val_kld=0.000215 | val_ordacc@10=0.253346 | val_recall@10=0.783828
Epoch 001 | Step 1080 | lr=1.000000e-03 | loss=0.000218
Epoch 001 | Batch 1090 | val_kld=0.000212 | val_ordacc@10=0.255618 | val_recall@10=0.787044
Epoch 001 | Step 1090 | lr=1.000000e-03 | loss=0.000252
Epoch 001 | Batch 1100 | val_kld=0.000195 | val_ordacc@10=0.254861 | val_recall@10=0.794035
Epoch 001 | Step 1100 | lr=1.000000e-03 | loss=0.000216
Epoch 001 | Batch 1110 | val_kld=0.000196 | val_ordacc@10=0.256126 | val_recall@10=0.791499
Epoch 001 | Step 1110 | lr=1.000000e-03 | loss=0.000202
Epoch 001 | Batch 1120 | val_kld=0.000194 | val_ordacc@10=0.254313 | val_recall@10=0.787190
Epoch 001 | Step 1120 | lr=1.000000e-03 | loss=0.000217
Epoch 001 | Batch 1130 | val_kld=0.000196 | val_ordacc@10=0.253343 | val_recall@10=0.785800
Epoch 001 | Step 1130 | lr=1.000000e-03 | loss=0.000186
Epoch 001 | Batch 1140 | val_kld=0.000194 | val_ordacc@10=0.256280 | val_recall@10=0.785786
Epoch 001 | Step 1140 | lr=1.000000e-03 | loss=0.000230
Epoch 001 | Batch 1150 | val_kld=0.000188 | val_ordacc@10=0.259852 | val_recall@10=0.795259
Epoch 001 | Step 1150 | lr=1.000000e-03 | loss=0.000216
Epoch 001 | Batch 1160 | val_kld=0.000188 | val_ordacc@10=0.260528 | val_recall@10=0.789923
Epoch 001 | Step 1160 | lr=1.000000e-03 | loss=0.000202
Epoch 001 | Batch 1170 | val_kld=0.000189 | val_ordacc@10=0.258199 | val_recall@10=0.793177
Epoch 001 | Step 1170 | lr=1.000000e-03 | loss=0.000225
Epoch 001 | Batch 1180 | val_kld=0.000191 | val_ordacc@10=0.259184 | val_recall@10=0.792929
Epoch 001 | Step 1180 | lr=1.000000e-03 | loss=0.000218
Epoch 001 | Batch 1190 | val_kld=0.000183 | val_ordacc@10=0.258860 | val_recall@10=0.793725
Epoch 001 | Step 1190 | lr=1.000000e-03 | loss=0.000214
Epoch 001 | Batch 1200 | val_kld=0.000194 | val_ordacc@10=0.257707 | val_recall@10=0.790425
Epoch 001 | Step 1200 | lr=1.000000e-03 | loss=0.000193
Epoch 001 | Batch 1210 | val_kld=0.000193 | val_ordacc@10=0.252667 | val_recall@10=0.787864
Epoch 001 | Step 1210 | lr=1.000000e-03 | loss=0.000231
Epoch 001 | Batch 1220 | val_kld=0.000201 | val_ordacc@10=0.252462 | val_recall@10=0.792121
Epoch 001 | Step 1220 | lr=1.000000e-03 | loss=0.000186
Epoch 001 | Batch 1230 | val_kld=0.000200 | val_ordacc@10=0.257345 | val_recall@10=0.792531
Epoch 001 | Step 1230 | lr=1.000000e-03 | loss=0.000221
Epoch 001 | Batch 1240 | val_kld=0.000198 | val_ordacc@10=0.248338 | val_recall@10=0.787054
Epoch 001 | Step 1240 | lr=1.000000e-03 | loss=0.000194
Epoch 001 | Batch 1250 | val_kld=0.000187 | val_ordacc@10=0.256689 | val_recall@10=0.794971
Epoch 001 | Step 1250 | lr=1.000000e-03 | loss=0.000198
Epoch 001 | Batch 1260 | val_kld=0.000184 | val_ordacc@10=0.260485 | val_recall@10=0.791998
Epoch 001 | Step 1260 | lr=1.000000e-03 | loss=0.000191
Epoch 001 | Batch 1270 | val_kld=0.000173 | val_ordacc@10=0.265159 | val_recall@10=0.792840
Epoch 001 | Step 1270 | lr=1.000000e-03 | loss=0.000180
Epoch 001 | Batch 1280 | val_kld=0.000180 | val_ordacc@10=0.264779 | val_recall@10=0.792665
Epoch 001 | Step 1280 | lr=1.000000e-03 | loss=0.000205
Epoch 001 | Batch 1290 | val_kld=0.000178 | val_ordacc@10=0.259686 | val_recall@10=0.790323
Epoch 001 | Step 1290 | lr=1.000000e-03 | loss=0.000201
Epoch 001 | Batch 1300 | val_kld=0.000176 | val_ordacc@10=0.261914 | val_recall@10=0.797670
Epoch 001 | Step 1300 | lr=1.000000e-03 | loss=0.000174
Epoch 001 | Batch 1310 | val_kld=0.000176 | val_ordacc@10=0.259436 | val_recall@10=0.796855
Epoch 001 | Step 1310 | lr=1.000000e-03 | loss=0.000198
Epoch 001 | Batch 1320 | val_kld=0.000180 | val_ordacc@10=0.256777 | val_recall@10=0.798244
Epoch 001 | Step 1320 | lr=1.000000e-03 | loss=0.000196
Epoch 001 | Batch 1330 | val_kld=0.000171 | val_ordacc@10=0.267764 | val_recall@10=0.796137
Epoch 001 | Step 1330 | lr=1.000000e-03 | loss=0.000202
Epoch 001 | Batch 1340 | val_kld=0.000171 | val_ordacc@10=0.268271 | val_recall@10=0.799493
Epoch 001 | Step 1340 | lr=1.000000e-03 | loss=0.000175
Epoch 001 | Batch 1350 | val_kld=0.000184 | val_ordacc@10=0.263031 | val_recall@10=0.799535
Epoch 001 | Step 1350 | lr=1.000000e-03 | loss=0.000172
Epoch 001 | Batch 1360 | val_kld=0.000177 | val_ordacc@10=0.262023 | val_recall@10=0.796576
Epoch 001 | Step 1360 | lr=1.000000e-03 | loss=0.000210
Epoch 001 | Batch 1370 | val_kld=0.000179 | val_ordacc@10=0.260365 | val_recall@10=0.792800
Epoch 001 | Step 1370 | lr=1.000000e-03 | loss=0.000221
Epoch 001 | Batch 1380 | val_kld=0.000180 | val_ordacc@10=0.257556 | val_recall@10=0.788234
Epoch 001 | Step 1380 | lr=1.000000e-03 | loss=0.000198
Epoch 001 | Batch 1390 | val_kld=0.000200 | val_ordacc@10=0.249720 | val_recall@10=0.784720
Epoch 001 | Step 1390 | lr=1.000000e-03 | loss=0.000198
Epoch 001 | Batch 1400 | val_kld=0.000178 | val_ordacc@10=0.262106 | val_recall@10=0.794697
Epoch 001 | Step 1400 | lr=1.000000e-03 | loss=0.000196
Epoch 001 | Batch 1410 | val_kld=0.000170 | val_ordacc@10=0.261923 | val_recall@10=0.794365
Epoch 001 | Step 1410 | lr=1.000000e-03 | loss=0.000188
Epoch 001 | Batch 1420 | val_kld=0.000175 | val_ordacc@10=0.264740 | val_recall@10=0.800169
Epoch 001 | Step 1420 | lr=1.000000e-03 | loss=0.000189
Epoch 001 | Batch 1430 | val_kld=0.000173 | val_ordacc@10=0.265903 | val_recall@10=0.800523
Epoch 001 | Step 1430 | lr=1.000000e-03 | loss=0.000199
Epoch 001 | Batch 1440 | val_kld=0.000175 | val_ordacc@10=0.264315 | val_recall@10=0.798035
Epoch 001 | Step 1440 | lr=1.000000e-03 | loss=0.000180
Epoch 001 | Batch 1450 | val_kld=0.000171 | val_ordacc@10=0.263618 | val_recall@10=0.797053
Epoch 001 | Step 1450 | lr=1.000000e-03 | loss=0.000184
Epoch 001 | Batch 1460 | val_kld=0.000169 | val_ordacc@10=0.265748 | val_recall@10=0.796787
Epoch 001 | Step 1460 | lr=1.000000e-03 | loss=0.000169
Epoch 001 | Batch 1470 | val_kld=0.000166 | val_ordacc@10=0.266660 | val_recall@10=0.798049
Epoch 001 | Step 1470 | lr=1.000000e-03 | loss=0.000195
Epoch 001 | Batch 1480 | val_kld=0.000168 | val_ordacc@10=0.263551 | val_recall@10=0.798478
Epoch 001 | Step 1480 | lr=1.000000e-03 | loss=0.000177
Epoch 001 | Batch 1490 | val_kld=0.000167 | val_ordacc@10=0.268357 | val_recall@10=0.800278
Epoch 001 | Step 1490 | lr=1.000000e-03 | loss=0.000175
Epoch 001 | Batch 1500 | val_kld=0.000168 | val_ordacc@10=0.264637 | val_recall@10=0.797111
Epoch 001 | Step 1500 | lr=1.000000e-03 | loss=0.000190
Epoch 001 | Batch 1510 | val_kld=0.000162 | val_ordacc@10=0.269245 | val_recall@10=0.799781
Epoch 001 | Step 1510 | lr=1.000000e-03 | loss=0.000197
Epoch 001 | Batch 1520 | val_kld=0.000165 | val_ordacc@10=0.265433 | val_recall@10=0.791754
Epoch 001 | Step 1520 | lr=1.000000e-03 | loss=0.000181
Epoch 001 | Batch 1530 | val_kld=0.000180 | val_ordacc@10=0.261672 | val_recall@10=0.793284
Epoch 001 | Step 1530 | lr=1.000000e-03 | loss=0.000182
Epoch 001 | Batch 1540 | val_kld=0.000167 | val_ordacc@10=0.271211 | val_recall@10=0.797761
Epoch 001 | Step 1540 | lr=1.000000e-03 | loss=0.000191
Epoch 001 | Batch 1550 | val_kld=0.000166 | val_ordacc@10=0.266728 | val_recall@10=0.802416
Epoch 001 | Step 1550 | lr=1.000000e-03 | loss=0.000190
Epoch 001 | Batch 1560 | val_kld=0.000171 | val_ordacc@10=0.267040 | val_recall@10=0.799752
Epoch 001 | Step 1560 | lr=1.000000e-03 | loss=0.000205
Epoch 001 | Batch 1570 | val_kld=0.000167 | val_ordacc@10=0.265972 | val_recall@10=0.796443
Epoch 001 | Step 1570 | lr=1.000000e-03 | loss=0.000176
Epoch 001 | Batch 1580 | val_kld=0.000161 | val_ordacc@10=0.266029 | val_recall@10=0.800370
Epoch 001 | Step 1580 | lr=1.000000e-03 | loss=0.000173
Epoch 001 | Batch 1590 | val_kld=0.000158 | val_ordacc@10=0.268955 | val_recall@10=0.798248
Epoch 001 | Step 1590 | lr=1.000000e-03 | loss=0.000169
Epoch 001 | Batch 1600 | val_kld=0.000162 | val_ordacc@10=0.266056 | val_recall@10=0.798312
Epoch 001 | Step 1600 | lr=1.000000e-03 | loss=0.000179
Epoch 001 | Batch 1610 | val_kld=0.000161 | val_ordacc@10=0.269060 | val_recall@10=0.802563
Epoch 001 | Step 1610 | lr=1.000000e-03 | loss=0.000196
Epoch 001 | Batch 1620 | val_kld=0.000165 | val_ordacc@10=0.265769 | val_recall@10=0.795940
Epoch 001 | Step 1620 | lr=1.000000e-03 | loss=0.000186
Epoch 001 | Batch 1630 | val_kld=0.000166 | val_ordacc@10=0.264422 | val_recall@10=0.801384
Epoch 001 | Step 1630 | lr=1.000000e-03 | loss=0.000161
Epoch 001 | Batch 1640 | val_kld=0.000164 | val_ordacc@10=0.266560 | val_recall@10=0.800556
Epoch 001 | Step 1640 | lr=1.000000e-03 | loss=0.000196
Epoch 001 | Batch 1650 | val_kld=0.000165 | val_ordacc@10=0.272685 | val_recall@10=0.801962
Epoch 001 | Step 1650 | lr=1.000000e-03 | loss=0.000200
Epoch 001 | Batch 1660 | val_kld=0.000154 | val_ordacc@10=0.273566 | val_recall@10=0.799560
Epoch 001 | Step 1660 | lr=1.000000e-03 | loss=0.000196
Epoch 001 | Batch 1670 | val_kld=0.000163 | val_ordacc@10=0.268818 | val_recall@10=0.797526
Epoch 001 | Step 1670 | lr=1.000000e-03 | loss=0.000188
Epoch 001 | Batch 1680 | val_kld=0.000160 | val_ordacc@10=0.266374 | val_recall@10=0.796441
Epoch 001 | Step 1680 | lr=1.000000e-03 | loss=0.000181
Epoch 001 | Batch 1690 | val_kld=0.000160 | val_ordacc@10=0.266695 | val_recall@10=0.806984
Epoch 001 | Step 1690 | lr=1.000000e-03 | loss=0.000193
Epoch 001 | Batch 1700 | val_kld=0.000155 | val_ordacc@10=0.271099 | val_recall@10=0.803726
Epoch 001 | Step 1700 | lr=1.000000e-03 | loss=0.000180
Epoch 001 | Batch 1710 | val_kld=0.000156 | val_ordacc@10=0.271822 | val_recall@10=0.801494
Epoch 001 | Step 1710 | lr=1.000000e-03 | loss=0.000160
Epoch 001 | Batch 1720 | val_kld=0.000157 | val_ordacc@10=0.271282 | val_recall@10=0.802045
Epoch 001 | Step 1720 | lr=1.000000e-03 | loss=0.000152
Epoch 001 | Batch 1730 | val_kld=0.000162 | val_ordacc@10=0.269102 | val_recall@10=0.802077
Epoch 001 | Step 1730 | lr=1.000000e-03 | loss=0.000199
Epoch 001 | Batch 1740 | val_kld=0.000165 | val_ordacc@10=0.264623 | val_recall@10=0.795541
Epoch 001 | Step 1740 | lr=1.000000e-03 | loss=0.000173
Epoch 001 | Batch 1750 | val_kld=0.000154 | val_ordacc@10=0.268629 | val_recall@10=0.799816
Epoch 001 | Step 1750 | lr=1.000000e-03 | loss=0.000176
Epoch 001 | Batch 1760 | val_kld=0.000155 | val_ordacc@10=0.272185 | val_recall@10=0.800948
Epoch 001 | Step 1760 | lr=1.000000e-03 | loss=0.000198
Epoch 001 | Batch 1770 | val_kld=0.000158 | val_ordacc@10=0.273168 | val_recall@10=0.802533
Epoch 001 | Step 1770 | lr=1.000000e-03 | loss=0.000190
Epoch 001 | Batch 1780 | val_kld=0.000157 | val_ordacc@10=0.273235 | val_recall@10=0.803771
Epoch 001 | Step 1780 | lr=1.000000e-03 | loss=0.000189
Epoch 001 | Batch 1790 | val_kld=0.000152 | val_ordacc@10=0.271014 | val_recall@10=0.802561
Epoch 001 | Step 1790 | lr=1.000000e-03 | loss=0.000166
Epoch 001 | Batch 1800 | val_kld=0.000150 | val_ordacc@10=0.273427 | val_recall@10=0.804629
Epoch 001 | Step 1800 | lr=1.000000e-03 | loss=0.000163
Epoch 001 | Batch 1810 | val_kld=0.000151 | val_ordacc@10=0.275285 | val_recall@10=0.804867
Epoch 001 | Step 1810 | lr=1.000000e-03 | loss=0.000184
Epoch 001 | Batch 1820 | val_kld=0.000157 | val_ordacc@10=0.271945 | val_recall@10=0.801395
Epoch 001 | Step 1820 | lr=1.000000e-03 | loss=0.000175
Epoch 001 | Batch 1830 | val_kld=0.000153 | val_ordacc@10=0.275316 | val_recall@10=0.805903
Epoch 001 | Step 1830 | lr=1.000000e-03 | loss=0.000165
Epoch 001 | Batch 1840 | val_kld=0.000152 | val_ordacc@10=0.273108 | val_recall@10=0.802644
Epoch 001 | Step 1840 | lr=1.000000e-03 | loss=0.000169
Epoch 001 | Batch 1850 | val_kld=0.000153 | val_ordacc@10=0.275239 | val_recall@10=0.801945
Epoch 001 | Step 1850 | lr=1.000000e-03 | loss=0.000147
Epoch 001 | Batch 1860 | val_kld=0.000158 | val_ordacc@10=0.269231 | val_recall@10=0.802298
Epoch 001 | Step 1860 | lr=1.000000e-03 | loss=0.000166
Epoch 001 | Batch 1870 | val_kld=0.000157 | val_ordacc@10=0.270826 | val_recall@10=0.798710
Epoch 001 | Step 1870 | lr=1.000000e-03 | loss=0.000176
Epoch 001 | Batch 1880 | val_kld=0.000149 | val_ordacc@10=0.275340 | val_recall@10=0.804514
Epoch 001 | Step 1880 | lr=1.000000e-03 | loss=0.000174
Epoch 001 | Batch 1890 | val_kld=0.000155 | val_ordacc@10=0.271171 | val_recall@10=0.804161
Epoch 001 | Step 1890 | lr=1.000000e-03 | loss=0.000205
Epoch 001 | Batch 1900 | val_kld=0.000150 | val_ordacc@10=0.274297 | val_recall@10=0.804920
Epoch 001 | Step 1900 | lr=1.000000e-03 | loss=0.000166
Epoch 001 | Batch 1910 | val_kld=0.000148 | val_ordacc@10=0.269750 | val_recall@10=0.807075
Epoch 001 | Step 1910 | lr=1.000000e-03 | loss=0.000174
Epoch 001 | Batch 1920 | val_kld=0.000153 | val_ordacc@10=0.276990 | val_recall@10=0.803847
Epoch 001 | Step 1920 | lr=1.000000e-03 | loss=0.000178
Epoch 001 | Batch 1930 | val_kld=0.000150 | val_ordacc@10=0.275762 | val_recall@10=0.804345
Epoch 001 | Step 1930 | lr=1.000000e-03 | loss=0.000160
epoch 001 | train_kld=0.000358 | val_kld=0.000148 | val_mae=0.003477 | val_mse=0.000148 | ord_acc@10=0.2768 | recall@10=0.8022
Epoch 002 | Step 10 | lr=9.755283e-04 | loss=0.000157
Epoch 002 | Step 20 | lr=9.755283e-04 | loss=0.000162
Epoch 002 | Step 30 | lr=9.755283e-04 | loss=0.000181
Epoch 002 | Step 40 | lr=9.755283e-04 | loss=0.000198
Epoch 002 | Step 50 | lr=9.755283e-04 | loss=0.000156
Epoch 002 | Step 60 | lr=9.755283e-04 | loss=0.000162
Epoch 002 | Step 70 | lr=9.755283e-04 | loss=0.000182
Epoch 002 | Step 80 | lr=9.755283e-04 | loss=0.000153
Epoch 002 | Step 90 | lr=9.755283e-04 | loss=0.000150
Epoch 002 | Step 100 | lr=9.755283e-04 | loss=0.000160
Epoch 002 | Step 110 | lr=9.755283e-04 | loss=0.000159
Epoch 002 | Step 120 | lr=9.755283e-04 | loss=0.000173
Epoch 002 | Step 130 | lr=9.755283e-04 | loss=0.000159
Epoch 002 | Step 140 | lr=9.755283e-04 | loss=0.000170
Epoch 002 | Step 150 | lr=9.755283e-04 | loss=0.000180
Epoch 002 | Step 160 | lr=9.755283e-04 | loss=0.000166
Epoch 002 | Step 170 | lr=9.755283e-04 | loss=0.000161
Epoch 002 | Step 180 | lr=9.755283e-04 | loss=0.000153
Epoch 002 | Step 190 | lr=9.755283e-04 | loss=0.000166
Epoch 002 | Step 200 | lr=9.755283e-04 | loss=0.000170
Epoch 002 | Step 210 | lr=9.755283e-04 | loss=0.000154
Epoch 002 | Step 220 | lr=9.755283e-04 | loss=0.000160
Epoch 002 | Step 230 | lr=9.755283e-04 | loss=0.000148
Epoch 002 | Step 240 | lr=9.755283e-04 | loss=0.000168
Epoch 002 | Step 250 | lr=9.755283e-04 | loss=0.000178
Epoch 002 | Step 260 | lr=9.755283e-04 | loss=0.000157
Epoch 002 | Step 270 | lr=9.755283e-04 | loss=0.000163
Epoch 002 | Step 280 | lr=9.755283e-04 | loss=0.000149
Epoch 002 | Step 290 | lr=9.755283e-04 | loss=0.000147
Epoch 002 | Step 300 | lr=9.755283e-04 | loss=0.000189
Epoch 002 | Step 310 | lr=9.755283e-04 | loss=0.000149
Epoch 002 | Step 320 | lr=9.755283e-04 | loss=0.000158
Epoch 002 | Step 330 | lr=9.755283e-04 | loss=0.000151
Epoch 002 | Step 340 | lr=9.755283e-04 | loss=0.000159
Epoch 002 | Step 350 | lr=9.755283e-04 | loss=0.000198
Epoch 002 | Step 360 | lr=9.755283e-04 | loss=0.000169
Epoch 002 | Step 370 | lr=9.755283e-04 | loss=0.000153
Epoch 002 | Step 380 | lr=9.755283e-04 | loss=0.000153
Epoch 002 | Step 390 | lr=9.755283e-04 | loss=0.000150
Epoch 002 | Step 400 | lr=9.755283e-04 | loss=0.000154
Epoch 002 | Step 410 | lr=9.755283e-04 | loss=0.000146
Epoch 002 | Step 420 | lr=9.755283e-04 | loss=0.000153
Epoch 002 | Step 430 | lr=9.755283e-04 | loss=0.000175
Epoch 002 | Step 440 | lr=9.755283e-04 | loss=0.000146
Epoch 002 | Step 450 | lr=9.755283e-04 | loss=0.000130
Epoch 002 | Step 460 | lr=9.755283e-04 | loss=0.000147
Epoch 002 | Step 470 | lr=9.755283e-04 | loss=0.000138
Epoch 002 | Step 480 | lr=9.755283e-04 | loss=0.000157
Epoch 002 | Step 490 | lr=9.755283e-04 | loss=0.000154
Epoch 002 | Step 500 | lr=9.755283e-04 | loss=0.000146
Epoch 002 | Step 510 | lr=9.755283e-04 | loss=0.000169
Epoch 002 | Step 520 | lr=9.755283e-04 | loss=0.000148
Epoch 002 | Step 530 | lr=9.755283e-04 | loss=0.000143
Epoch 002 | Step 540 | lr=9.755283e-04 | loss=0.000155
Epoch 002 | Step 550 | lr=9.755283e-04 | loss=0.000170
Epoch 002 | Step 560 | lr=9.755283e-04 | loss=0.000154
Epoch 002 | Step 570 | lr=9.755283e-04 | loss=0.000152
Epoch 002 | Step 580 | lr=9.755283e-04 | loss=0.000155
Epoch 002 | Step 590 | lr=9.755283e-04 | loss=0.000139
Epoch 002 | Step 600 | lr=9.755283e-04 | loss=0.000151
Epoch 002 | Step 610 | lr=9.755283e-04 | loss=0.000145
Epoch 002 | Step 620 | lr=9.755283e-04 | loss=0.000148
Epoch 002 | Step 630 | lr=9.755283e-04 | loss=0.000161
Epoch 002 | Step 640 | lr=9.755283e-04 | loss=0.000159
Epoch 002 | Step 650 | lr=9.755283e-04 | loss=0.000171
Epoch 002 | Step 660 | lr=9.755283e-04 | loss=0.000165
Epoch 002 | Step 670 | lr=9.755283e-04 | loss=0.000149
Epoch 002 | Step 680 | lr=9.755283e-04 | loss=0.000148
Epoch 002 | Step 690 | lr=9.755283e-04 | loss=0.000164
Epoch 002 | Step 700 | lr=9.755283e-04 | loss=0.000131
Epoch 002 | Step 710 | lr=9.755283e-04 | loss=0.000161
Epoch 002 | Step 720 | lr=9.755283e-04 | loss=0.000150
Epoch 002 | Step 730 | lr=9.755283e-04 | loss=0.000165
Epoch 002 | Step 740 | lr=9.755283e-04 | loss=0.000154
Epoch 002 | Step 750 | lr=9.755283e-04 | loss=0.000147
Epoch 002 | Step 760 | lr=9.755283e-04 | loss=0.000147
Epoch 002 | Step 770 | lr=9.755283e-04 | loss=0.000156
Epoch 002 | Step 780 | lr=9.755283e-04 | loss=0.000156
Epoch 002 | Step 790 | lr=9.755283e-04 | loss=0.000135
Epoch 002 | Step 800 | lr=9.755283e-04 | loss=0.000159
Epoch 002 | Step 810 | lr=9.755283e-04 | loss=0.000167
Epoch 002 | Step 820 | lr=9.755283e-04 | loss=0.000163
Epoch 002 | Step 830 | lr=9.755283e-04 | loss=0.000146
Epoch 002 | Step 840 | lr=9.755283e-04 | loss=0.000149
Epoch 002 | Step 850 | lr=9.755283e-04 | loss=0.000156
Epoch 002 | Step 860 | lr=9.755283e-04 | loss=0.000143
Epoch 002 | Step 870 | lr=9.755283e-04 | loss=0.000140
Epoch 002 | Step 880 | lr=9.755283e-04 | loss=0.000144
Epoch 002 | Step 890 | lr=9.755283e-04 | loss=0.000149
Epoch 002 | Step 900 | lr=9.755283e-04 | loss=0.000151
Epoch 002 | Step 910 | lr=9.755283e-04 | loss=0.000145
Epoch 002 | Step 920 | lr=9.755283e-04 | loss=0.000150
Epoch 002 | Step 930 | lr=9.755283e-04 | loss=0.000141
Epoch 002 | Step 940 | lr=9.755283e-04 | loss=0.000139
Epoch 002 | Step 950 | lr=9.755283e-04 | loss=0.000151
Epoch 002 | Step 960 | lr=9.755283e-04 | loss=0.000145
Epoch 002 | Step 970 | lr=9.755283e-04 | loss=0.000160
Epoch 002 | Step 980 | lr=9.755283e-04 | loss=0.000162
Epoch 002 | Step 990 | lr=9.755283e-04 | loss=0.000160
Epoch 002 | Step 1000 | lr=9.755283e-04 | loss=0.000141
Epoch 002 | Step 1010 | lr=9.755283e-04 | loss=0.000152
Epoch 002 | Step 1020 | lr=9.755283e-04 | loss=0.000154
Epoch 002 | Step 1030 | lr=9.755283e-04 | loss=0.000152
Epoch 002 | Step 1040 | lr=9.755283e-04 | loss=0.000162
Epoch 002 | Step 1050 | lr=9.755283e-04 | loss=0.000168
Epoch 002 | Step 1060 | lr=9.755283e-04 | loss=0.000142
Epoch 002 | Step 1070 | lr=9.755283e-04 | loss=0.000160
Epoch 002 | Step 1080 | lr=9.755283e-04 | loss=0.000144
Epoch 002 | Step 1090 | lr=9.755283e-04 | loss=0.000135
Epoch 002 | Step 1100 | lr=9.755283e-04 | loss=0.000153
Epoch 002 | Step 1110 | lr=9.755283e-04 | loss=0.000133
Epoch 002 | Step 1120 | lr=9.755283e-04 | loss=0.000137
Epoch 002 | Step 1130 | lr=9.755283e-04 | loss=0.000139
Epoch 002 | Step 1140 | lr=9.755283e-04 | loss=0.000124
Epoch 002 | Step 1150 | lr=9.755283e-04 | loss=0.000144
Epoch 002 | Step 1160 | lr=9.755283e-04 | loss=0.000146
Epoch 002 | Step 1170 | lr=9.755283e-04 | loss=0.000127
Epoch 002 | Step 1180 | lr=9.755283e-04 | loss=0.000147
Epoch 002 | Step 1190 | lr=9.755283e-04 | loss=0.000147
Epoch 002 | Step 1200 | lr=9.755283e-04 | loss=0.000152
Epoch 002 | Step 1210 | lr=9.755283e-04 | loss=0.000166
Epoch 002 | Step 1220 | lr=9.755283e-04 | loss=0.000154
Epoch 002 | Step 1230 | lr=9.755283e-04 | loss=0.000145
Epoch 002 | Step 1240 | lr=9.755283e-04 | loss=0.000158
Epoch 002 | Step 1250 | lr=9.755283e-04 | loss=0.000137
Epoch 002 | Step 1260 | lr=9.755283e-04 | loss=0.000160
Epoch 002 | Step 1270 | lr=9.755283e-04 | loss=0.000151
Epoch 002 | Step 1280 | lr=9.755283e-04 | loss=0.000137
Epoch 002 | Step 1290 | lr=9.755283e-04 | loss=0.000133
Epoch 002 | Step 1300 | lr=9.755283e-04 | loss=0.000134
Epoch 002 | Step 1310 | lr=9.755283e-04 | loss=0.000129
Epoch 002 | Step 1320 | lr=9.755283e-04 | loss=0.000139
Epoch 002 | Step 1330 | lr=9.755283e-04 | loss=0.000140
Epoch 002 | Step 1340 | lr=9.755283e-04 | loss=0.000141
Epoch 002 | Step 1350 | lr=9.755283e-04 | loss=0.000141
Epoch 002 | Step 1360 | lr=9.755283e-04 | loss=0.000148
Epoch 002 | Step 1370 | lr=9.755283e-04 | loss=0.000148
Epoch 002 | Step 1380 | lr=9.755283e-04 | loss=0.000141
Epoch 002 | Step 1390 | lr=9.755283e-04 | loss=0.000131
Epoch 002 | Step 1400 | lr=9.755283e-04 | loss=0.000158
Epoch 002 | Step 1410 | lr=9.755283e-04 | loss=0.000158
Epoch 002 | Step 1420 | lr=9.755283e-04 | loss=0.000143
Epoch 002 | Step 1430 | lr=9.755283e-04 | loss=0.000139
Epoch 002 | Step 1440 | lr=9.755283e-04 | loss=0.000168
Epoch 002 | Step 1450 | lr=9.755283e-04 | loss=0.000144
Epoch 002 | Step 1460 | lr=9.755283e-04 | loss=0.000142
Epoch 002 | Step 1470 | lr=9.755283e-04 | loss=0.000122
Epoch 002 | Step 1480 | lr=9.755283e-04 | loss=0.000132
Epoch 002 | Step 1490 | lr=9.755283e-04 | loss=0.000149
Epoch 002 | Step 1500 | lr=9.755283e-04 | loss=0.000154
Epoch 002 | Step 1510 | lr=9.755283e-04 | loss=0.000146
Epoch 002 | Step 1520 | lr=9.755283e-04 | loss=0.000135
Epoch 002 | Step 1530 | lr=9.755283e-04 | loss=0.000141
Epoch 002 | Step 1540 | lr=9.755283e-04 | loss=0.000149
Epoch 002 | Step 1550 | lr=9.755283e-04 | loss=0.000133
Epoch 002 | Step 1560 | lr=9.755283e-04 | loss=0.000146
Epoch 002 | Step 1570 | lr=9.755283e-04 | loss=0.000124
Epoch 002 | Step 1580 | lr=9.755283e-04 | loss=0.000130
Epoch 002 | Step 1590 | lr=9.755283e-04 | loss=0.000123
Epoch 002 | Step 1600 | lr=9.755283e-04 | loss=0.000157
Epoch 002 | Step 1610 | lr=9.755283e-04 | loss=0.000140
Epoch 002 | Step 1620 | lr=9.755283e-04 | loss=0.000140
Epoch 002 | Step 1630 | lr=9.755283e-04 | loss=0.000134
Epoch 002 | Step 1640 | lr=9.755283e-04 | loss=0.000149
Epoch 002 | Step 1650 | lr=9.755283e-04 | loss=0.000128
Epoch 002 | Step 1660 | lr=9.755283e-04 | loss=0.000137
Epoch 002 | Step 1670 | lr=9.755283e-04 | loss=0.000133
Epoch 002 | Step 1680 | lr=9.755283e-04 | loss=0.000140
Epoch 002 | Step 1690 | lr=9.755283e-04 | loss=0.000138
Epoch 002 | Step 1700 | lr=9.755283e-04 | loss=0.000138
Epoch 002 | Step 1710 | lr=9.755283e-04 | loss=0.000124
Epoch 002 | Step 1720 | lr=9.755283e-04 | loss=0.000127
Epoch 002 | Step 1730 | lr=9.755283e-04 | loss=0.000140
Epoch 002 | Step 1740 | lr=9.755283e-04 | loss=0.000142
Epoch 002 | Step 1750 | lr=9.755283e-04 | loss=0.000143
Epoch 002 | Step 1760 | lr=9.755283e-04 | loss=0.000133
Epoch 002 | Step 1770 | lr=9.755283e-04 | loss=0.000141
Epoch 002 | Step 1780 | lr=9.755283e-04 | loss=0.000147
Epoch 002 | Step 1790 | lr=9.755283e-04 | loss=0.000145
Epoch 002 | Step 1800 | lr=9.755283e-04 | loss=0.000136
Epoch 002 | Step 1810 | lr=9.755283e-04 | loss=0.000130
Epoch 002 | Step 1820 | lr=9.755283e-04 | loss=0.000137
Epoch 002 | Step 1830 | lr=9.755283e-04 | loss=0.000150
Epoch 002 | Step 1840 | lr=9.755283e-04 | loss=0.000140
Epoch 002 | Step 1850 | lr=9.755283e-04 | loss=0.000139
Epoch 002 | Step 1860 | lr=9.755283e-04 | loss=0.000133
Epoch 002 | Step 1870 | lr=9.755283e-04 | loss=0.000123
Epoch 002 | Step 1880 | lr=9.755283e-04 | loss=0.000133
Epoch 002 | Step 1890 | lr=9.755283e-04 | loss=0.000131
Epoch 002 | Step 1900 | lr=9.755283e-04 | loss=0.000128
Epoch 002 | Step 1910 | lr=9.755283e-04 | loss=0.000140
Epoch 002 | Step 1920 | lr=9.755283e-04 | loss=0.000128
Epoch 002 | Step 1930 | lr=9.755283e-04 | loss=0.000134
epoch 002 | train_kld=0.000150 | val_kld=0.000127 | val_mae=0.003170 | val_mse=0.000127 | ord_acc@10=0.2857 | recall@10=0.8128
Epoch 003 | Step 10 | lr=9.045085e-04 | loss=0.000131
Epoch 003 | Step 20 | lr=9.045085e-04 | loss=0.000132
Epoch 003 | Step 30 | lr=9.045085e-04 | loss=0.000144
Epoch 003 | Step 40 | lr=9.045085e-04 | loss=0.000130
Epoch 003 | Step 50 | lr=9.045085e-04 | loss=0.000164
Epoch 003 | Step 60 | lr=9.045085e-04 | loss=0.000138
Epoch 003 | Step 70 | lr=9.045085e-04 | loss=0.000140
Epoch 003 | Step 80 | lr=9.045085e-04 | loss=0.000129
Epoch 003 | Step 90 | lr=9.045085e-04 | loss=0.000131
Epoch 003 | Step 100 | lr=9.045085e-04 | loss=0.000133
Epoch 003 | Step 110 | lr=9.045085e-04 | loss=0.000131
Epoch 003 | Step 120 | lr=9.045085e-04 | loss=0.000128
Epoch 003 | Step 130 | lr=9.045085e-04 | loss=0.000124
Epoch 003 | Step 140 | lr=9.045085e-04 | loss=0.000136
Epoch 003 | Step 150 | lr=9.045085e-04 | loss=0.000140
Epoch 003 | Step 160 | lr=9.045085e-04 | loss=0.000137
Epoch 003 | Step 170 | lr=9.045085e-04 | loss=0.000131
Epoch 003 | Step 180 | lr=9.045085e-04 | loss=0.000126
Epoch 003 | Step 190 | lr=9.045085e-04 | loss=0.000138
Epoch 003 | Step 200 | lr=9.045085e-04 | loss=0.000145
Epoch 003 | Step 210 | lr=9.045085e-04 | loss=0.000132
Epoch 003 | Step 220 | lr=9.045085e-04 | loss=0.000124
Epoch 003 | Step 230 | lr=9.045085e-04 | loss=0.000140
Epoch 003 | Step 240 | lr=9.045085e-04 | loss=0.000131
Epoch 003 | Step 250 | lr=9.045085e-04 | loss=0.000133
Epoch 003 | Step 260 | lr=9.045085e-04 | loss=0.000129
Epoch 003 | Step 270 | lr=9.045085e-04 | loss=0.000124
Epoch 003 | Step 280 | lr=9.045085e-04 | loss=0.000131
Epoch 003 | Step 290 | lr=9.045085e-04 | loss=0.000121
Epoch 003 | Step 300 | lr=9.045085e-04 | loss=0.000144
Epoch 003 | Step 310 | lr=9.045085e-04 | loss=0.000134
Epoch 003 | Step 320 | lr=9.045085e-04 | loss=0.000135
Epoch 003 | Step 330 | lr=9.045085e-04 | loss=0.000127
Epoch 003 | Step 340 | lr=9.045085e-04 | loss=0.000141
Epoch 003 | Step 350 | lr=9.045085e-04 | loss=0.000122
Epoch 003 | Step 360 | lr=9.045085e-04 | loss=0.000111
Epoch 003 | Step 370 | lr=9.045085e-04 | loss=0.000125
Epoch 003 | Step 380 | lr=9.045085e-04 | loss=0.000121
Epoch 003 | Step 390 | lr=9.045085e-04 | loss=0.000127
Epoch 003 | Step 400 | lr=9.045085e-04 | loss=0.000139
Epoch 003 | Step 410 | lr=9.045085e-04 | loss=0.000128
Epoch 003 | Step 420 | lr=9.045085e-04 | loss=0.000127
Epoch 003 | Step 430 | lr=9.045085e-04 | loss=0.000133
Epoch 003 | Step 440 | lr=9.045085e-04 | loss=0.000124
Epoch 003 | Step 450 | lr=9.045085e-04 | loss=0.000118
Epoch 003 | Step 460 | lr=9.045085e-04 | loss=0.000118
Epoch 003 | Step 470 | lr=9.045085e-04 | loss=0.000122
Epoch 003 | Step 480 | lr=9.045085e-04 | loss=0.000120
Epoch 003 | Step 490 | lr=9.045085e-04 | loss=0.000120
Epoch 003 | Step 500 | lr=9.045085e-04 | loss=0.000111
Epoch 003 | Step 510 | lr=9.045085e-04 | loss=0.000121
Epoch 003 | Step 520 | lr=9.045085e-04 | loss=0.000130
Epoch 003 | Step 530 | lr=9.045085e-04 | loss=0.000130
Epoch 003 | Step 540 | lr=9.045085e-04 | loss=0.000137
Epoch 003 | Step 550 | lr=9.045085e-04 | loss=0.000137
Epoch 003 | Step 560 | lr=9.045085e-04 | loss=0.000145
Epoch 003 | Step 570 | lr=9.045085e-04 | loss=0.000135
Epoch 003 | Step 580 | lr=9.045085e-04 | loss=0.000140
Epoch 003 | Step 590 | lr=9.045085e-04 | loss=0.000130
Epoch 003 | Step 600 | lr=9.045085e-04 | loss=0.000124
Epoch 003 | Step 610 | lr=9.045085e-04 | loss=0.000132
Epoch 003 | Step 620 | lr=9.045085e-04 | loss=0.000128
Epoch 003 | Step 630 | lr=9.045085e-04 | loss=0.000135
Epoch 003 | Step 640 | lr=9.045085e-04 | loss=0.000129
Epoch 003 | Step 650 | lr=9.045085e-04 | loss=0.000113
Epoch 003 | Step 660 | lr=9.045085e-04 | loss=0.000129
Epoch 003 | Step 670 | lr=9.045085e-04 | loss=0.000126
Epoch 003 | Step 680 | lr=9.045085e-04 | loss=0.000129
Epoch 003 | Step 690 | lr=9.045085e-04 | loss=0.000125
Epoch 003 | Step 700 | lr=9.045085e-04 | loss=0.000127
Epoch 003 | Step 710 | lr=9.045085e-04 | loss=0.000124
Epoch 003 | Step 720 | lr=9.045085e-04 | loss=0.000146
Epoch 003 | Step 730 | lr=9.045085e-04 | loss=0.000145
Epoch 003 | Step 740 | lr=9.045085e-04 | loss=0.000123
Epoch 003 | Step 750 | lr=9.045085e-04 | loss=0.000122
Epoch 003 | Step 760 | lr=9.045085e-04 | loss=0.000121
Epoch 003 | Step 770 | lr=9.045085e-04 | loss=0.000128
Epoch 003 | Step 780 | lr=9.045085e-04 | loss=0.000129
Epoch 003 | Step 790 | lr=9.045085e-04 | loss=0.000129
Epoch 003 | Step 800 | lr=9.045085e-04 | loss=0.000126
Epoch 003 | Step 810 | lr=9.045085e-04 | loss=0.000139
Epoch 003 | Step 820 | lr=9.045085e-04 | loss=0.000125
Epoch 003 | Step 830 | lr=9.045085e-04 | loss=0.000124
Epoch 003 | Step 840 | lr=9.045085e-04 | loss=0.000121
Epoch 003 | Step 850 | lr=9.045085e-04 | loss=0.000121
Epoch 003 | Step 860 | lr=9.045085e-04 | loss=0.000139
Epoch 003 | Step 870 | lr=9.045085e-04 | loss=0.000132
Epoch 003 | Step 880 | lr=9.045085e-04 | loss=0.000137
Epoch 003 | Step 890 | lr=9.045085e-04 | loss=0.000121
Epoch 003 | Step 900 | lr=9.045085e-04 | loss=0.000121
Epoch 003 | Step 910 | lr=9.045085e-04 | loss=0.000143
Epoch 003 | Step 920 | lr=9.045085e-04 | loss=0.000140
Epoch 003 | Step 930 | lr=9.045085e-04 | loss=0.000129
Epoch 003 | Step 940 | lr=9.045085e-04 | loss=0.000111
Epoch 003 | Step 950 | lr=9.045085e-04 | loss=0.000124
Epoch 003 | Step 960 | lr=9.045085e-04 | loss=0.000126
Epoch 003 | Step 970 | lr=9.045085e-04 | loss=0.000125
Epoch 003 | Step 980 | lr=9.045085e-04 | loss=0.000122
Epoch 003 | Step 990 | lr=9.045085e-04 | loss=0.000130
Epoch 003 | Step 1000 | lr=9.045085e-04 | loss=0.000128
Epoch 003 | Step 1010 | lr=9.045085e-04 | loss=0.000134
Epoch 003 | Step 1020 | lr=9.045085e-04 | loss=0.000128
Epoch 003 | Step 1030 | lr=9.045085e-04 | loss=0.000121
Epoch 003 | Step 1040 | lr=9.045085e-04 | loss=0.000132
Epoch 003 | Step 1050 | lr=9.045085e-04 | loss=0.000123
Epoch 003 | Step 1060 | lr=9.045085e-04 | loss=0.000143
Epoch 003 | Step 1070 | lr=9.045085e-04 | loss=0.000120
Epoch 003 | Step 1080 | lr=9.045085e-04 | loss=0.000125
Epoch 003 | Step 1090 | lr=9.045085e-04 | loss=0.000129
Epoch 003 | Step 1100 | lr=9.045085e-04 | loss=0.000125
Epoch 003 | Step 1110 | lr=9.045085e-04 | loss=0.000117
Epoch 003 | Step 1120 | lr=9.045085e-04 | loss=0.000118
Epoch 003 | Step 1130 | lr=9.045085e-04 | loss=0.000125
Epoch 003 | Step 1140 | lr=9.045085e-04 | loss=0.000115
Epoch 003 | Step 1150 | lr=9.045085e-04 | loss=0.000127
Epoch 003 | Step 1160 | lr=9.045085e-04 | loss=0.000122
Epoch 003 | Step 1170 | lr=9.045085e-04 | loss=0.000127
Epoch 003 | Step 1180 | lr=9.045085e-04 | loss=0.000132
Epoch 003 | Step 1190 | lr=9.045085e-04 | loss=0.000131
Epoch 003 | Step 1200 | lr=9.045085e-04 | loss=0.000139
Epoch 003 | Step 1210 | lr=9.045085e-04 | loss=0.000122
Epoch 003 | Step 1220 | lr=9.045085e-04 | loss=0.000132
Epoch 003 | Step 1230 | lr=9.045085e-04 | loss=0.000122
Epoch 003 | Step 1240 | lr=9.045085e-04 | loss=0.000125
Epoch 003 | Step 1250 | lr=9.045085e-04 | loss=0.000120
Epoch 003 | Step 1260 | lr=9.045085e-04 | loss=0.000139
Epoch 003 | Step 1270 | lr=9.045085e-04 | loss=0.000109
Epoch 003 | Step 1280 | lr=9.045085e-04 | loss=0.000131
Epoch 003 | Step 1290 | lr=9.045085e-04 | loss=0.000114
Epoch 003 | Step 1300 | lr=9.045085e-04 | loss=0.000121
Epoch 003 | Step 1310 | lr=9.045085e-04 | loss=0.000148
Epoch 003 | Step 1320 | lr=9.045085e-04 | loss=0.000117
Epoch 003 | Step 1330 | lr=9.045085e-04 | loss=0.000123
Epoch 003 | Step 1340 | lr=9.045085e-04 | loss=0.000131
Epoch 003 | Step 1350 | lr=9.045085e-04 | loss=0.000116
Epoch 003 | Step 1360 | lr=9.045085e-04 | loss=0.000121
Epoch 003 | Step 1370 | lr=9.045085e-04 | loss=0.000120
Epoch 003 | Step 1380 | lr=9.045085e-04 | loss=0.000119
Epoch 003 | Step 1390 | lr=9.045085e-04 | loss=0.000108
Epoch 003 | Step 1400 | lr=9.045085e-04 | loss=0.000125
Epoch 003 | Step 1410 | lr=9.045085e-04 | loss=0.000117
Epoch 003 | Step 1420 | lr=9.045085e-04 | loss=0.000140
Epoch 003 | Step 1430 | lr=9.045085e-04 | loss=0.000140
Epoch 003 | Step 1440 | lr=9.045085e-04 | loss=0.000115
Epoch 003 | Step 1450 | lr=9.045085e-04 | loss=0.000119
Epoch 003 | Step 1460 | lr=9.045085e-04 | loss=0.000120
Epoch 003 | Step 1470 | lr=9.045085e-04 | loss=0.000122
Epoch 003 | Step 1480 | lr=9.045085e-04 | loss=0.000127
Epoch 003 | Step 1490 | lr=9.045085e-04 | loss=0.000127
Epoch 003 | Step 1500 | lr=9.045085e-04 | loss=0.000125
Epoch 003 | Step 1510 | lr=9.045085e-04 | loss=0.000130
Epoch 003 | Step 1520 | lr=9.045085e-04 | loss=0.000117
Epoch 003 | Step 1530 | lr=9.045085e-04 | loss=0.000114
Epoch 003 | Step 1540 | lr=9.045085e-04 | loss=0.000125
Epoch 003 | Step 1550 | lr=9.045085e-04 | loss=0.000130
Epoch 003 | Step 1560 | lr=9.045085e-04 | loss=0.000118
Epoch 003 | Step 1570 | lr=9.045085e-04 | loss=0.000121
Epoch 003 | Step 1580 | lr=9.045085e-04 | loss=0.000121
Epoch 003 | Step 1590 | lr=9.045085e-04 | loss=0.000116
Epoch 003 | Step 1600 | lr=9.045085e-04 | loss=0.000122
Epoch 003 | Step 1610 | lr=9.045085e-04 | loss=0.000123
Epoch 003 | Step 1620 | lr=9.045085e-04 | loss=0.000116
Epoch 003 | Step 1630 | lr=9.045085e-04 | loss=0.000132
Epoch 003 | Step 1640 | lr=9.045085e-04 | loss=0.000119
Epoch 003 | Step 1650 | lr=9.045085e-04 | loss=0.000111
Epoch 003 | Step 1660 | lr=9.045085e-04 | loss=0.000124
Epoch 003 | Step 1670 | lr=9.045085e-04 | loss=0.000108
Epoch 003 | Step 1680 | lr=9.045085e-04 | loss=0.000119
Epoch 003 | Step 1690 | lr=9.045085e-04 | loss=0.000126
Epoch 003 | Step 1700 | lr=9.045085e-04 | loss=0.000130
Epoch 003 | Step 1710 | lr=9.045085e-04 | loss=0.000112
Epoch 003 | Step 1720 | lr=9.045085e-04 | loss=0.000116
Epoch 003 | Step 1730 | lr=9.045085e-04 | loss=0.000123
Epoch 003 | Step 1740 | lr=9.045085e-04 | loss=0.000123
Epoch 003 | Step 1750 | lr=9.045085e-04 | loss=0.000120
Epoch 003 | Step 1760 | lr=9.045085e-04 | loss=0.000119
Epoch 003 | Step 1770 | lr=9.045085e-04 | loss=0.000111
Epoch 003 | Step 1780 | lr=9.045085e-04 | loss=0.000128
Epoch 003 | Step 1790 | lr=9.045085e-04 | loss=0.000117
Epoch 003 | Step 1800 | lr=9.045085e-04 | loss=0.000113
Epoch 003 | Step 1810 | lr=9.045085e-04 | loss=0.000118
Epoch 003 | Step 1820 | lr=9.045085e-04 | loss=0.000113
Epoch 003 | Step 1830 | lr=9.045085e-04 | loss=0.000115
Epoch 003 | Step 1840 | lr=9.045085e-04 | loss=0.000119
Epoch 003 | Step 1850 | lr=9.045085e-04 | loss=0.000113
Epoch 003 | Step 1860 | lr=9.045085e-04 | loss=0.000106
Epoch 003 | Step 1870 | lr=9.045085e-04 | loss=0.000115
Epoch 003 | Step 1880 | lr=9.045085e-04 | loss=0.000122
Epoch 003 | Step 1890 | lr=9.045085e-04 | loss=0.000129
Epoch 003 | Step 1900 | lr=9.045085e-04 | loss=0.000139
Epoch 003 | Step 1910 | lr=9.045085e-04 | loss=0.000116
Epoch 003 | Step 1920 | lr=9.045085e-04 | loss=0.000111
Epoch 003 | Step 1930 | lr=9.045085e-04 | loss=0.000121
epoch 003 | train_kld=0.000126 | val_kld=0.000115 | val_mae=0.003038 | val_mse=0.000115 | ord_acc@10=0.2936 | recall@10=0.8193
Epoch 004 | Step 10 | lr=7.938926e-04 | loss=0.000116
Epoch 004 | Step 20 | lr=7.938926e-04 | loss=0.000123
Epoch 004 | Step 30 | lr=7.938926e-04 | loss=0.000117
Epoch 004 | Step 40 | lr=7.938926e-04 | loss=0.000111
Epoch 004 | Step 50 | lr=7.938926e-04 | loss=0.000117
Epoch 004 | Step 60 | lr=7.938926e-04 | loss=0.000121
Epoch 004 | Step 70 | lr=7.938926e-04 | loss=0.000119
Epoch 004 | Step 80 | lr=7.938926e-04 | loss=0.000121
Epoch 004 | Step 90 | lr=7.938926e-04 | loss=0.000107
Epoch 004 | Step 100 | lr=7.938926e-04 | loss=0.000116
Epoch 004 | Step 110 | lr=7.938926e-04 | loss=0.000106
Epoch 004 | Step 120 | lr=7.938926e-04 | loss=0.000120
Epoch 004 | Step 130 | lr=7.938926e-04 | loss=0.000119
Epoch 004 | Step 140 | lr=7.938926e-04 | loss=0.000113
Epoch 004 | Step 150 | lr=7.938926e-04 | loss=0.000120
Epoch 004 | Step 160 | lr=7.938926e-04 | loss=0.000124
Epoch 004 | Step 170 | lr=7.938926e-04 | loss=0.000117
Epoch 004 | Step 180 | lr=7.938926e-04 | loss=0.000109
Epoch 004 | Step 190 | lr=7.938926e-04 | loss=0.000106
Epoch 004 | Step 200 | lr=7.938926e-04 | loss=0.000107
Epoch 004 | Step 210 | lr=7.938926e-04 | loss=0.000118
Epoch 004 | Step 220 | lr=7.938926e-04 | loss=0.000127
Epoch 004 | Step 230 | lr=7.938926e-04 | loss=0.000111
Epoch 004 | Step 240 | lr=7.938926e-04 | loss=0.000107
Epoch 004 | Step 250 | lr=7.938926e-04 | loss=0.000104
Epoch 004 | Step 260 | lr=7.938926e-04 | loss=0.000126
Epoch 004 | Step 270 | lr=7.938926e-04 | loss=0.000115
Epoch 004 | Step 280 | lr=7.938926e-04 | loss=0.000127
Epoch 004 | Step 290 | lr=7.938926e-04 | loss=0.000118
Epoch 004 | Step 300 | lr=7.938926e-04 | loss=0.000118
Epoch 004 | Step 310 | lr=7.938926e-04 | loss=0.000113
Epoch 004 | Step 320 | lr=7.938926e-04 | loss=0.000124
Epoch 004 | Step 330 | lr=7.938926e-04 | loss=0.000112
Epoch 004 | Step 340 | lr=7.938926e-04 | loss=0.000113
Epoch 004 | Step 350 | lr=7.938926e-04 | loss=0.000118
Epoch 004 | Step 360 | lr=7.938926e-04 | loss=0.000107
Epoch 004 | Step 370 | lr=7.938926e-04 | loss=0.000119
Epoch 004 | Step 380 | lr=7.938926e-04 | loss=0.000110
Epoch 004 | Step 390 | lr=7.938926e-04 | loss=0.000115
Epoch 004 | Step 400 | lr=7.938926e-04 | loss=0.000119
Epoch 004 | Step 410 | lr=7.938926e-04 | loss=0.000124
Epoch 004 | Step 420 | lr=7.938926e-04 | loss=0.000114
Epoch 004 | Step 430 | lr=7.938926e-04 | loss=0.000108
Epoch 004 | Step 440 | lr=7.938926e-04 | loss=0.000116
Epoch 004 | Step 450 | lr=7.938926e-04 | loss=0.000123
Epoch 004 | Step 460 | lr=7.938926e-04 | loss=0.000110
Epoch 004 | Step 470 | lr=7.938926e-04 | loss=0.000123
Epoch 004 | Step 480 | lr=7.938926e-04 | loss=0.000122
Epoch 004 | Step 490 | lr=7.938926e-04 | loss=0.000128
Epoch 004 | Step 500 | lr=7.938926e-04 | loss=0.000115
Epoch 004 | Step 510 | lr=7.938926e-04 | loss=0.000121
Epoch 004 | Step 520 | lr=7.938926e-04 | loss=0.000110
Epoch 004 | Step 530 | lr=7.938926e-04 | loss=0.000103
Epoch 004 | Step 540 | lr=7.938926e-04 | loss=0.000124
Epoch 004 | Step 550 | lr=7.938926e-04 | loss=0.000107
Epoch 004 | Step 560 | lr=7.938926e-04 | loss=0.000120
Epoch 004 | Step 570 | lr=7.938926e-04 | loss=0.000117
Epoch 004 | Step 580 | lr=7.938926e-04 | loss=0.000126
Epoch 004 | Step 590 | lr=7.938926e-04 | loss=0.000119
Epoch 004 | Step 600 | lr=7.938926e-04 | loss=0.000119
Epoch 004 | Step 610 | lr=7.938926e-04 | loss=0.000105
Epoch 004 | Step 620 | lr=7.938926e-04 | loss=0.000104
Epoch 004 | Step 630 | lr=7.938926e-04 | loss=0.000117
Epoch 004 | Step 640 | lr=7.938926e-04 | loss=0.000112
Epoch 004 | Step 650 | lr=7.938926e-04 | loss=0.000116
Epoch 004 | Step 660 | lr=7.938926e-04 | loss=0.000113
Epoch 004 | Step 670 | lr=7.938926e-04 | loss=0.000125
Epoch 004 | Step 680 | lr=7.938926e-04 | loss=0.000134
Epoch 004 | Step 690 | lr=7.938926e-04 | loss=0.000107
Epoch 004 | Step 700 | lr=7.938926e-04 | loss=0.000107
Epoch 004 | Step 710 | lr=7.938926e-04 | loss=0.000115
Epoch 004 | Step 720 | lr=7.938926e-04 | loss=0.000105
Epoch 004 | Step 730 | lr=7.938926e-04 | loss=0.000123
Epoch 004 | Step 740 | lr=7.938926e-04 | loss=0.000120
Epoch 004 | Step 750 | lr=7.938926e-04 | loss=0.000116
Epoch 004 | Step 760 | lr=7.938926e-04 | loss=0.000110
Epoch 004 | Step 770 | lr=7.938926e-04 | loss=0.000130
Epoch 004 | Step 780 | lr=7.938926e-04 | loss=0.000108
Epoch 004 | Step 790 | lr=7.938926e-04 | loss=0.000112
Epoch 004 | Step 800 | lr=7.938926e-04 | loss=0.000128
Epoch 004 | Step 810 | lr=7.938926e-04 | loss=0.000112
Epoch 004 | Step 820 | lr=7.938926e-04 | loss=0.000109
Epoch 004 | Step 830 | lr=7.938926e-04 | loss=0.000121
Epoch 004 | Step 840 | lr=7.938926e-04 | loss=0.000109
Epoch 004 | Step 850 | lr=7.938926e-04 | loss=0.000109
Epoch 004 | Step 860 | lr=7.938926e-04 | loss=0.000115
Epoch 004 | Step 870 | lr=7.938926e-04 | loss=0.000121
Epoch 004 | Step 880 | lr=7.938926e-04 | loss=0.000110
Epoch 004 | Step 890 | lr=7.938926e-04 | loss=0.000112
Epoch 004 | Step 900 | lr=7.938926e-04 | loss=0.000103
Epoch 004 | Step 910 | lr=7.938926e-04 | loss=0.000119
Epoch 004 | Step 920 | lr=7.938926e-04 | loss=0.000121
Epoch 004 | Step 930 | lr=7.938926e-04 | loss=0.000123
Epoch 004 | Step 940 | lr=7.938926e-04 | loss=0.000112
Epoch 004 | Step 950 | lr=7.938926e-04 | loss=0.000103
Epoch 004 | Step 960 | lr=7.938926e-04 | loss=0.000115
Epoch 004 | Step 970 | lr=7.938926e-04 | loss=0.000115
Epoch 004 | Step 980 | lr=7.938926e-04 | loss=0.000111
Epoch 004 | Step 990 | lr=7.938926e-04 | loss=0.000109
Epoch 004 | Step 1000 | lr=7.938926e-04 | loss=0.000107
Epoch 004 | Step 1010 | lr=7.938926e-04 | loss=0.000111
Epoch 004 | Step 1020 | lr=7.938926e-04 | loss=0.000117
Epoch 004 | Step 1030 | lr=7.938926e-04 | loss=0.000121
Epoch 004 | Step 1040 | lr=7.938926e-04 | loss=0.000100
Epoch 004 | Step 1050 | lr=7.938926e-04 | loss=0.000123
Epoch 004 | Step 1060 | lr=7.938926e-04 | loss=0.000114
Epoch 004 | Step 1070 | lr=7.938926e-04 | loss=0.000105
Epoch 004 | Step 1080 | lr=7.938926e-04 | loss=0.000115
Epoch 004 | Step 1090 | lr=7.938926e-04 | loss=0.000109
Epoch 004 | Step 1100 | lr=7.938926e-04 | loss=0.000112
Epoch 004 | Step 1110 | lr=7.938926e-04 | loss=0.000114
Epoch 004 | Step 1120 | lr=7.938926e-04 | loss=0.000111
Epoch 004 | Step 1130 | lr=7.938926e-04 | loss=0.000113
Epoch 004 | Step 1140 | lr=7.938926e-04 | loss=0.000108
Epoch 004 | Step 1150 | lr=7.938926e-04 | loss=0.000098
Epoch 004 | Step 1160 | lr=7.938926e-04 | loss=0.000110
Epoch 004 | Step 1170 | lr=7.938926e-04 | loss=0.000112
Epoch 004 | Step 1180 | lr=7.938926e-04 | loss=0.000106
Epoch 004 | Step 1190 | lr=7.938926e-04 | loss=0.000113
Epoch 004 | Step 1200 | lr=7.938926e-04 | loss=0.000112
Epoch 004 | Step 1210 | lr=7.938926e-04 | loss=0.000120
Epoch 004 | Step 1220 | lr=7.938926e-04 | loss=0.000105
Epoch 004 | Step 1230 | lr=7.938926e-04 | loss=0.000111
Epoch 004 | Step 1240 | lr=7.938926e-04 | loss=0.000107
Epoch 004 | Step 1250 | lr=7.938926e-04 | loss=0.000103
Epoch 004 | Step 1260 | lr=7.938926e-04 | loss=0.000109
Epoch 004 | Step 1270 | lr=7.938926e-04 | loss=0.000117
Epoch 004 | Step 1280 | lr=7.938926e-04 | loss=0.000107
Epoch 004 | Step 1290 | lr=7.938926e-04 | loss=0.000106
Epoch 004 | Step 1300 | lr=7.938926e-04 | loss=0.000113
Epoch 004 | Step 1310 | lr=7.938926e-04 | loss=0.000115
Epoch 004 | Step 1320 | lr=7.938926e-04 | loss=0.000100
Epoch 004 | Step 1330 | lr=7.938926e-04 | loss=0.000111
Epoch 004 | Step 1340 | lr=7.938926e-04 | loss=0.000109
Epoch 004 | Step 1350 | lr=7.938926e-04 | loss=0.000115
Epoch 004 | Step 1360 | lr=7.938926e-04 | loss=0.000111
Epoch 004 | Step 1370 | lr=7.938926e-04 | loss=0.000112
Epoch 004 | Step 1380 | lr=7.938926e-04 | loss=0.000106
Epoch 004 | Step 1390 | lr=7.938926e-04 | loss=0.000114
Epoch 004 | Step 1400 | lr=7.938926e-04 | loss=0.000125
Epoch 004 | Step 1410 | lr=7.938926e-04 | loss=0.000107
Epoch 004 | Step 1420 | lr=7.938926e-04 | loss=0.000111
Epoch 004 | Step 1430 | lr=7.938926e-04 | loss=0.000106
Epoch 004 | Step 1440 | lr=7.938926e-04 | loss=0.000108
Epoch 004 | Step 1450 | lr=7.938926e-04 | loss=0.000116
Epoch 004 | Step 1460 | lr=7.938926e-04 | loss=0.000113
Epoch 004 | Step 1470 | lr=7.938926e-04 | loss=0.000107
Epoch 004 | Step 1480 | lr=7.938926e-04 | loss=0.000115
Epoch 004 | Step 1490 | lr=7.938926e-04 | loss=0.000122
Epoch 004 | Step 1500 | lr=7.938926e-04 | loss=0.000115
Epoch 004 | Step 1510 | lr=7.938926e-04 | loss=0.000112
Epoch 004 | Step 1520 | lr=7.938926e-04 | loss=0.000110
Epoch 004 | Step 1530 | lr=7.938926e-04 | loss=0.000111
Epoch 004 | Step 1540 | lr=7.938926e-04 | loss=0.000114
Epoch 004 | Step 1550 | lr=7.938926e-04 | loss=0.000107
Epoch 004 | Step 1560 | lr=7.938926e-04 | loss=0.000116
Epoch 004 | Step 1570 | lr=7.938926e-04 | loss=0.000113
Epoch 004 | Step 1580 | lr=7.938926e-04 | loss=0.000115
Epoch 004 | Step 1590 | lr=7.938926e-04 | loss=0.000111
Epoch 004 | Step 1600 | lr=7.938926e-04 | loss=0.000111
Epoch 004 | Step 1610 | lr=7.938926e-04 | loss=0.000113
Epoch 004 | Step 1620 | lr=7.938926e-04 | loss=0.000105
Epoch 004 | Step 1630 | lr=7.938926e-04 | loss=0.000105
Epoch 004 | Step 1640 | lr=7.938926e-04 | loss=0.000112
Epoch 004 | Step 1650 | lr=7.938926e-04 | loss=0.000099
Epoch 004 | Step 1660 | lr=7.938926e-04 | loss=0.000108
Epoch 004 | Step 1670 | lr=7.938926e-04 | loss=0.000113
Epoch 004 | Step 1680 | lr=7.938926e-04 | loss=0.000114
Epoch 004 | Step 1690 | lr=7.938926e-04 | loss=0.000108
Epoch 004 | Step 1700 | lr=7.938926e-04 | loss=0.000107
Epoch 004 | Step 1710 | lr=7.938926e-04 | loss=0.000122
Epoch 004 | Step 1720 | lr=7.938926e-04 | loss=0.000102
Epoch 004 | Step 1730 | lr=7.938926e-04 | loss=0.000107
Epoch 004 | Step 1740 | lr=7.938926e-04 | loss=0.000113
Epoch 004 | Step 1750 | lr=7.938926e-04 | loss=0.000115
Epoch 004 | Step 1760 | lr=7.938926e-04 | loss=0.000103
Epoch 004 | Step 1770 | lr=7.938926e-04 | loss=0.000106
Epoch 004 | Step 1780 | lr=7.938926e-04 | loss=0.000107
Epoch 004 | Step 1790 | lr=7.938926e-04 | loss=0.000117
Epoch 004 | Step 1800 | lr=7.938926e-04 | loss=0.000107
Epoch 004 | Step 1810 | lr=7.938926e-04 | loss=0.000125
Epoch 004 | Step 1820 | lr=7.938926e-04 | loss=0.000122
Epoch 004 | Step 1830 | lr=7.938926e-04 | loss=0.000120
Epoch 004 | Step 1840 | lr=7.938926e-04 | loss=0.000107
Epoch 004 | Step 1850 | lr=7.938926e-04 | loss=0.000111
Epoch 004 | Step 1860 | lr=7.938926e-04 | loss=0.000105
Epoch 004 | Step 1870 | lr=7.938926e-04 | loss=0.000113
Epoch 004 | Step 1880 | lr=7.938926e-04 | loss=0.000107
Epoch 004 | Step 1890 | lr=7.938926e-04 | loss=0.000108
Epoch 004 | Step 1900 | lr=7.938926e-04 | loss=0.000101
Epoch 004 | Step 1910 | lr=7.938926e-04 | loss=0.000099
Epoch 004 | Step 1920 | lr=7.938926e-04 | loss=0.000112
Epoch 004 | Step 1930 | lr=7.938926e-04 | loss=0.000110
epoch 004 | train_kld=0.000112 | val_kld=0.000105 | val_mae=0.002948 | val_mse=0.000105 | ord_acc@10=0.2991 | recall@10=0.8202
Epoch 005 | Step 10 | lr=6.545085e-04 | loss=0.000107
Epoch 005 | Step 20 | lr=6.545085e-04 | loss=0.000115
Epoch 005 | Step 30 | lr=6.545085e-04 | loss=0.000099
Epoch 005 | Step 40 | lr=6.545085e-04 | loss=0.000109
Epoch 005 | Step 50 | lr=6.545085e-04 | loss=0.000101
Epoch 005 | Step 60 | lr=6.545085e-04 | loss=0.000102
Epoch 005 | Step 70 | lr=6.545085e-04 | loss=0.000099
Epoch 005 | Step 80 | lr=6.545085e-04 | loss=0.000104
Epoch 005 | Step 90 | lr=6.545085e-04 | loss=0.000107
Epoch 005 | Step 100 | lr=6.545085e-04 | loss=0.000110
Epoch 005 | Step 110 | lr=6.545085e-04 | loss=0.000102
Epoch 005 | Step 120 | lr=6.545085e-04 | loss=0.000100
Epoch 005 | Step 130 | lr=6.545085e-04 | loss=0.000100
Epoch 005 | Step 140 | lr=6.545085e-04 | loss=0.000094
Epoch 005 | Step 150 | lr=6.545085e-04 | loss=0.000106
Epoch 005 | Step 160 | lr=6.545085e-04 | loss=0.000112
Epoch 005 | Step 170 | lr=6.545085e-04 | loss=0.000111
Epoch 005 | Step 180 | lr=6.545085e-04 | loss=0.000104
Epoch 005 | Step 190 | lr=6.545085e-04 | loss=0.000098
Epoch 005 | Step 200 | lr=6.545085e-04 | loss=0.000108
Epoch 005 | Step 210 | lr=6.545085e-04 | loss=0.000109
Epoch 005 | Step 220 | lr=6.545085e-04 | loss=0.000108
Epoch 005 | Step 230 | lr=6.545085e-04 | loss=0.000101
Epoch 005 | Step 240 | lr=6.545085e-04 | loss=0.000095
Epoch 005 | Step 250 | lr=6.545085e-04 | loss=0.000101
Epoch 005 | Step 260 | lr=6.545085e-04 | loss=0.000111
Epoch 005 | Step 270 | lr=6.545085e-04 | loss=0.000104
Epoch 005 | Step 280 | lr=6.545085e-04 | loss=0.000111
Epoch 005 | Step 290 | lr=6.545085e-04 | loss=0.000101
Epoch 005 | Step 300 | lr=6.545085e-04 | loss=0.000099
Epoch 005 | Step 310 | lr=6.545085e-04 | loss=0.000107
Epoch 005 | Step 320 | lr=6.545085e-04 | loss=0.000106
Epoch 005 | Step 330 | lr=6.545085e-04 | loss=0.000109
Epoch 005 | Step 340 | lr=6.545085e-04 | loss=0.000105
Epoch 005 | Step 350 | lr=6.545085e-04 | loss=0.000103
Epoch 005 | Step 360 | lr=6.545085e-04 | loss=0.000101
Epoch 005 | Step 370 | lr=6.545085e-04 | loss=0.000101
Epoch 005 | Step 380 | lr=6.545085e-04 | loss=0.000105
Epoch 005 | Step 390 | lr=6.545085e-04 | loss=0.000097
Epoch 005 | Step 400 | lr=6.545085e-04 | loss=0.000106
Epoch 005 | Step 410 | lr=6.545085e-04 | loss=0.000110
Epoch 005 | Step 420 | lr=6.545085e-04 | loss=0.000108
Epoch 005 | Step 430 | lr=6.545085e-04 | loss=0.000105
Epoch 005 | Step 440 | lr=6.545085e-04 | loss=0.000111
Epoch 005 | Step 450 | lr=6.545085e-04 | loss=0.000106
Epoch 005 | Step 460 | lr=6.545085e-04 | loss=0.000104
Epoch 005 | Step 470 | lr=6.545085e-04 | loss=0.000100
Epoch 005 | Step 480 | lr=6.545085e-04 | loss=0.000111
Epoch 005 | Step 490 | lr=6.545085e-04 | loss=0.000114
Epoch 005 | Step 500 | lr=6.545085e-04 | loss=0.000102
Epoch 005 | Step 510 | lr=6.545085e-04 | loss=0.000098
Epoch 005 | Step 520 | lr=6.545085e-04 | loss=0.000117
Epoch 005 | Step 530 | lr=6.545085e-04 | loss=0.000106
Epoch 005 | Step 540 | lr=6.545085e-04 | loss=0.000106
Epoch 005 | Step 550 | lr=6.545085e-04 | loss=0.000106
Epoch 005 | Step 560 | lr=6.545085e-04 | loss=0.000113
Epoch 005 | Step 570 | lr=6.545085e-04 | loss=0.000097
Epoch 005 | Step 580 | lr=6.545085e-04 | loss=0.000107
Epoch 005 | Step 590 | lr=6.545085e-04 | loss=0.000104
Epoch 005 | Step 600 | lr=6.545085e-04 | loss=0.000111
Epoch 005 | Step 610 | lr=6.545085e-04 | loss=0.000104
Epoch 005 | Step 620 | lr=6.545085e-04 | loss=0.000107
Epoch 005 | Step 630 | lr=6.545085e-04 | loss=0.000096
Epoch 005 | Step 640 | lr=6.545085e-04 | loss=0.000096
Epoch 005 | Step 650 | lr=6.545085e-04 | loss=0.000105
Epoch 005 | Step 660 | lr=6.545085e-04 | loss=0.000111
Epoch 005 | Step 670 | lr=6.545085e-04 | loss=0.000102
Epoch 005 | Step 680 | lr=6.545085e-04 | loss=0.000098
Epoch 005 | Step 690 | lr=6.545085e-04 | loss=0.000100
Epoch 005 | Step 700 | lr=6.545085e-04 | loss=0.000107
Epoch 005 | Step 710 | lr=6.545085e-04 | loss=0.000110
Epoch 005 | Step 720 | lr=6.545085e-04 | loss=0.000106
Epoch 005 | Step 730 | lr=6.545085e-04 | loss=0.000104
Epoch 005 | Step 740 | lr=6.545085e-04 | loss=0.000097
Epoch 005 | Step 750 | lr=6.545085e-04 | loss=0.000104
Epoch 005 | Step 760 | lr=6.545085e-04 | loss=0.000099
Epoch 005 | Step 770 | lr=6.545085e-04 | loss=0.000104
Epoch 005 | Step 780 | lr=6.545085e-04 | loss=0.000101
Epoch 005 | Step 790 | lr=6.545085e-04 | loss=0.000105
Epoch 005 | Step 800 | lr=6.545085e-04 | loss=0.000097
Epoch 005 | Step 810 | lr=6.545085e-04 | loss=0.000106
Epoch 005 | Step 820 | lr=6.545085e-04 | loss=0.000105
Epoch 005 | Step 830 | lr=6.545085e-04 | loss=0.000106
Epoch 005 | Step 840 | lr=6.545085e-04 | loss=0.000108
Epoch 005 | Step 850 | lr=6.545085e-04 | loss=0.000106
Epoch 005 | Step 860 | lr=6.545085e-04 | loss=0.000103
Epoch 005 | Step 870 | lr=6.545085e-04 | loss=0.000104
Epoch 005 | Step 880 | lr=6.545085e-04 | loss=0.000101
Epoch 005 | Step 890 | lr=6.545085e-04 | loss=0.000104
Epoch 005 | Step 900 | lr=6.545085e-04 | loss=0.000105
Epoch 005 | Step 910 | lr=6.545085e-04 | loss=0.000103
Epoch 005 | Step 920 | lr=6.545085e-04 | loss=0.000100
Epoch 005 | Step 930 | lr=6.545085e-04 | loss=0.000103
Epoch 005 | Step 940 | lr=6.545085e-04 | loss=0.000109
Epoch 005 | Step 950 | lr=6.545085e-04 | loss=0.000103
Epoch 005 | Step 960 | lr=6.545085e-04 | loss=0.000104
Epoch 005 | Step 970 | lr=6.545085e-04 | loss=0.000099
Epoch 005 | Step 980 | lr=6.545085e-04 | loss=0.000100
Epoch 005 | Step 990 | lr=6.545085e-04 | loss=0.000105
Epoch 005 | Step 1000 | lr=6.545085e-04 | loss=0.000099
Epoch 005 | Step 1010 | lr=6.545085e-04 | loss=0.000101
Epoch 005 | Step 1020 | lr=6.545085e-04 | loss=0.000105
Epoch 005 | Step 1030 | lr=6.545085e-04 | loss=0.000114
Epoch 005 | Step 1040 | lr=6.545085e-04 | loss=0.000111
Epoch 005 | Step 1050 | lr=6.545085e-04 | loss=0.000103
Epoch 005 | Step 1060 | lr=6.545085e-04 | loss=0.000103
Epoch 005 | Step 1070 | lr=6.545085e-04 | loss=0.000106
Epoch 005 | Step 1080 | lr=6.545085e-04 | loss=0.000100
Epoch 005 | Step 1090 | lr=6.545085e-04 | loss=0.000100
Epoch 005 | Step 1100 | lr=6.545085e-04 | loss=0.000105
Epoch 005 | Step 1110 | lr=6.545085e-04 | loss=0.000103
Epoch 005 | Step 1120 | lr=6.545085e-04 | loss=0.000102
Epoch 005 | Step 1130 | lr=6.545085e-04 | loss=0.000101
Epoch 005 | Step 1140 | lr=6.545085e-04 | loss=0.000100
Epoch 005 | Step 1150 | lr=6.545085e-04 | loss=0.000097
Epoch 005 | Step 1160 | lr=6.545085e-04 | loss=0.000103
Epoch 005 | Step 1170 | lr=6.545085e-04 | loss=0.000104
Epoch 005 | Step 1180 | lr=6.545085e-04 | loss=0.000093
Epoch 005 | Step 1190 | lr=6.545085e-04 | loss=0.000098
Epoch 005 | Step 1200 | lr=6.545085e-04 | loss=0.000105
Epoch 005 | Step 1210 | lr=6.545085e-04 | loss=0.000100
Epoch 005 | Step 1220 | lr=6.545085e-04 | loss=0.000113
Epoch 005 | Step 1230 | lr=6.545085e-04 | loss=0.000100
Epoch 005 | Step 1240 | lr=6.545085e-04 | loss=0.000110
Epoch 005 | Step 1250 | lr=6.545085e-04 | loss=0.000111
Epoch 005 | Step 1260 | lr=6.545085e-04 | loss=0.000106
Epoch 005 | Step 1270 | lr=6.545085e-04 | loss=0.000107
Epoch 005 | Step 1280 | lr=6.545085e-04 | loss=0.000099
Epoch 005 | Step 1290 | lr=6.545085e-04 | loss=0.000105
Epoch 005 | Step 1300 | lr=6.545085e-04 | loss=0.000102
Epoch 005 | Step 1310 | lr=6.545085e-04 | loss=0.000103
Epoch 005 | Step 1320 | lr=6.545085e-04 | loss=0.000117
Epoch 005 | Step 1330 | lr=6.545085e-04 | loss=0.000111
Epoch 005 | Step 1340 | lr=6.545085e-04 | loss=0.000103
Epoch 005 | Step 1350 | lr=6.545085e-04 | loss=0.000101
Epoch 005 | Step 1360 | lr=6.545085e-04 | loss=0.000115
Epoch 005 | Step 1370 | lr=6.545085e-04 | loss=0.000100
Epoch 005 | Step 1380 | lr=6.545085e-04 | loss=0.000100
Epoch 005 | Step 1390 | lr=6.545085e-04 | loss=0.000098
Epoch 005 | Step 1400 | lr=6.545085e-04 | loss=0.000101
Epoch 005 | Step 1410 | lr=6.545085e-04 | loss=0.000097
Epoch 005 | Step 1420 | lr=6.545085e-04 | loss=0.000102
Epoch 005 | Step 1430 | lr=6.545085e-04 | loss=0.000097
Epoch 005 | Step 1440 | lr=6.545085e-04 | loss=0.000105
Epoch 005 | Step 1450 | lr=6.545085e-04 | loss=0.000099
Epoch 005 | Step 1460 | lr=6.545085e-04 | loss=0.000100
Epoch 005 | Step 1470 | lr=6.545085e-04 | loss=0.000110
Epoch 005 | Step 1480 | lr=6.545085e-04 | loss=0.000098
Epoch 005 | Step 1490 | lr=6.545085e-04 | loss=0.000103
Epoch 005 | Step 1500 | lr=6.545085e-04 | loss=0.000097
Epoch 005 | Step 1510 | lr=6.545085e-04 | loss=0.000096
Epoch 005 | Step 1520 | lr=6.545085e-04 | loss=0.000101
Epoch 005 | Step 1530 | lr=6.545085e-04 | loss=0.000104
Epoch 005 | Step 1540 | lr=6.545085e-04 | loss=0.000107
Epoch 005 | Step 1550 | lr=6.545085e-04 | loss=0.000098
Epoch 005 | Step 1560 | lr=6.545085e-04 | loss=0.000099
Epoch 005 | Step 1570 | lr=6.545085e-04 | loss=0.000099
Epoch 005 | Step 1580 | lr=6.545085e-04 | loss=0.000105
Epoch 005 | Step 1590 | lr=6.545085e-04 | loss=0.000102
Epoch 005 | Step 1600 | lr=6.545085e-04 | loss=0.000093
Epoch 005 | Step 1610 | lr=6.545085e-04 | loss=0.000099
Epoch 005 | Step 1620 | lr=6.545085e-04 | loss=0.000100
Epoch 005 | Step 1630 | lr=6.545085e-04 | loss=0.000101
Epoch 005 | Step 1640 | lr=6.545085e-04 | loss=0.000115
Epoch 005 | Step 1650 | lr=6.545085e-04 | loss=0.000111
Epoch 005 | Step 1660 | lr=6.545085e-04 | loss=0.000100
Epoch 005 | Step 1670 | lr=6.545085e-04 | loss=0.000106
Epoch 005 | Step 1680 | lr=6.545085e-04 | loss=0.000108
Epoch 005 | Step 1690 | lr=6.545085e-04 | loss=0.000096
Epoch 005 | Step 1700 | lr=6.545085e-04 | loss=0.000100
Epoch 005 | Step 1710 | lr=6.545085e-04 | loss=0.000091
Epoch 005 | Step 1720 | lr=6.545085e-04 | loss=0.000099
Epoch 005 | Step 1730 | lr=6.545085e-04 | loss=0.000104
Epoch 005 | Step 1740 | lr=6.545085e-04 | loss=0.000101
Epoch 005 | Step 1750 | lr=6.545085e-04 | loss=0.000104
Epoch 005 | Step 1760 | lr=6.545085e-04 | loss=0.000092
Epoch 005 | Step 1770 | lr=6.545085e-04 | loss=0.000107
Epoch 005 | Step 1780 | lr=6.545085e-04 | loss=0.000100
Epoch 005 | Step 1790 | lr=6.545085e-04 | loss=0.000110
Epoch 005 | Step 1800 | lr=6.545085e-04 | loss=0.000108
Epoch 005 | Step 1810 | lr=6.545085e-04 | loss=0.000103
Epoch 005 | Step 1820 | lr=6.545085e-04 | loss=0.000101
Epoch 005 | Step 1830 | lr=6.545085e-04 | loss=0.000100
Epoch 005 | Step 1840 | lr=6.545085e-04 | loss=0.000104
Epoch 005 | Step 1850 | lr=6.545085e-04 | loss=0.000101
Epoch 005 | Step 1860 | lr=6.545085e-04 | loss=0.000104
Epoch 005 | Step 1870 | lr=6.545085e-04 | loss=0.000112
Epoch 005 | Step 1880 | lr=6.545085e-04 | loss=0.000103
Epoch 005 | Step 1890 | lr=6.545085e-04 | loss=0.000101
Epoch 005 | Step 1900 | lr=6.545085e-04 | loss=0.000104
Epoch 005 | Step 1910 | lr=6.545085e-04 | loss=0.000097
Epoch 005 | Step 1920 | lr=6.545085e-04 | loss=0.000102
Epoch 005 | Step 1930 | lr=6.545085e-04 | loss=0.000096
epoch 005 | train_kld=0.000104 | val_kld=0.000098 | val_mae=0.002856 | val_mse=0.000098 | ord_acc@10=0.3038 | recall@10=0.8188
Epoch 006 | Step 10 | lr=5.000000e-04 | loss=0.000101
Epoch 006 | Step 20 | lr=5.000000e-04 | loss=0.000101
Epoch 006 | Step 30 | lr=5.000000e-04 | loss=0.000094
Epoch 006 | Step 40 | lr=5.000000e-04 | loss=0.000096
Epoch 006 | Step 50 | lr=5.000000e-04 | loss=0.000113
Epoch 006 | Step 60 | lr=5.000000e-04 | loss=0.000096
Epoch 006 | Step 70 | lr=5.000000e-04 | loss=0.000100
Epoch 006 | Step 80 | lr=5.000000e-04 | loss=0.000097
Epoch 006 | Step 90 | lr=5.000000e-04 | loss=0.000100
Epoch 006 | Step 100 | lr=5.000000e-04 | loss=0.000103
Epoch 006 | Step 110 | lr=5.000000e-04 | loss=0.000106
Epoch 006 | Step 120 | lr=5.000000e-04 | loss=0.000101
Epoch 006 | Step 130 | lr=5.000000e-04 | loss=0.000098
Epoch 006 | Step 140 | lr=5.000000e-04 | loss=0.000095
Epoch 006 | Step 150 | lr=5.000000e-04 | loss=0.000096
Epoch 006 | Step 160 | lr=5.000000e-04 | loss=0.000093
Epoch 006 | Step 170 | lr=5.000000e-04 | loss=0.000092
Epoch 006 | Step 180 | lr=5.000000e-04 | loss=0.000097
Epoch 006 | Step 190 | lr=5.000000e-04 | loss=0.000104
Epoch 006 | Step 200 | lr=5.000000e-04 | loss=0.000101
Epoch 006 | Step 210 | lr=5.000000e-04 | loss=0.000106
Epoch 006 | Step 220 | lr=5.000000e-04 | loss=0.000107
Epoch 006 | Step 230 | lr=5.000000e-04 | loss=0.000099
Epoch 006 | Step 240 | lr=5.000000e-04 | loss=0.000095
Epoch 006 | Step 250 | lr=5.000000e-04 | loss=0.000101
Epoch 006 | Step 260 | lr=5.000000e-04 | loss=0.000093
Epoch 006 | Step 270 | lr=5.000000e-04 | loss=0.000100
Epoch 006 | Step 280 | lr=5.000000e-04 | loss=0.000101
Epoch 006 | Step 290 | lr=5.000000e-04 | loss=0.000097
Epoch 006 | Step 300 | lr=5.000000e-04 | loss=0.000098
Epoch 006 | Step 310 | lr=5.000000e-04 | loss=0.000101
Epoch 006 | Step 320 | lr=5.000000e-04 | loss=0.000102
Epoch 006 | Step 330 | lr=5.000000e-04 | loss=0.000093
Epoch 006 | Step 340 | lr=5.000000e-04 | loss=0.000092
Epoch 006 | Step 350 | lr=5.000000e-04 | loss=0.000098
Epoch 006 | Step 360 | lr=5.000000e-04 | loss=0.000092
Epoch 006 | Step 370 | lr=5.000000e-04 | loss=0.000095
Epoch 006 | Step 380 | lr=5.000000e-04 | loss=0.000094
Epoch 006 | Step 390 | lr=5.000000e-04 | loss=0.000093
Epoch 006 | Step 400 | lr=5.000000e-04 | loss=0.000092
Epoch 006 | Step 410 | lr=5.000000e-04 | loss=0.000097
Epoch 006 | Step 420 | lr=5.000000e-04 | loss=0.000096
Epoch 006 | Step 430 | lr=5.000000e-04 | loss=0.000096
Epoch 006 | Step 440 | lr=5.000000e-04 | loss=0.000094
Epoch 006 | Step 450 | lr=5.000000e-04 | loss=0.000094
Epoch 006 | Step 460 | lr=5.000000e-04 | loss=0.000100
Epoch 006 | Step 470 | lr=5.000000e-04 | loss=0.000102
Epoch 006 | Step 480 | lr=5.000000e-04 | loss=0.000096
Epoch 006 | Step 490 | lr=5.000000e-04 | loss=0.000099
Epoch 006 | Step 500 | lr=5.000000e-04 | loss=0.000092
Epoch 006 | Step 510 | lr=5.000000e-04 | loss=0.000100
Epoch 006 | Step 520 | lr=5.000000e-04 | loss=0.000097
Epoch 006 | Step 530 | lr=5.000000e-04 | loss=0.000093
Epoch 006 | Step 540 | lr=5.000000e-04 | loss=0.000098
Epoch 006 | Step 550 | lr=5.000000e-04 | loss=0.000093
Epoch 006 | Step 560 | lr=5.000000e-04 | loss=0.000090
Epoch 006 | Step 570 | lr=5.000000e-04 | loss=0.000101
Epoch 006 | Step 580 | lr=5.000000e-04 | loss=0.000094
Epoch 006 | Step 590 | lr=5.000000e-04 | loss=0.000096
Epoch 006 | Step 600 | lr=5.000000e-04 | loss=0.000099
Epoch 006 | Step 610 | lr=5.000000e-04 | loss=0.000105
Epoch 006 | Step 620 | lr=5.000000e-04 | loss=0.000098
Epoch 006 | Step 630 | lr=5.000000e-04 | loss=0.000097
Epoch 006 | Step 640 | lr=5.000000e-04 | loss=0.000090
Epoch 006 | Step 650 | lr=5.000000e-04 | loss=0.000100
Epoch 006 | Step 660 | lr=5.000000e-04 | loss=0.000100
Epoch 006 | Step 670 | lr=5.000000e-04 | loss=0.000098
Epoch 006 | Step 680 | lr=5.000000e-04 | loss=0.000099
Epoch 006 | Step 690 | lr=5.000000e-04 | loss=0.000098
Epoch 006 | Step 700 | lr=5.000000e-04 | loss=0.000101
Epoch 006 | Step 710 | lr=5.000000e-04 | loss=0.000092
Epoch 006 | Step 720 | lr=5.000000e-04 | loss=0.000096
Epoch 006 | Step 730 | lr=5.000000e-04 | loss=0.000093
Epoch 006 | Step 740 | lr=5.000000e-04 | loss=0.000094
Epoch 006 | Step 750 | lr=5.000000e-04 | loss=0.000090
Epoch 006 | Step 760 | lr=5.000000e-04 | loss=0.000095
Epoch 006 | Step 770 | lr=5.000000e-04 | loss=0.000100
Epoch 006 | Step 780 | lr=5.000000e-04 | loss=0.000096
Epoch 006 | Step 790 | lr=5.000000e-04 | loss=0.000096
Epoch 006 | Step 800 | lr=5.000000e-04 | loss=0.000093
Epoch 006 | Step 810 | lr=5.000000e-04 | loss=0.000093
Epoch 006 | Step 820 | lr=5.000000e-04 | loss=0.000093
Epoch 006 | Step 830 | lr=5.000000e-04 | loss=0.000099
Epoch 006 | Step 840 | lr=5.000000e-04 | loss=0.000094
Epoch 006 | Step 850 | lr=5.000000e-04 | loss=0.000091
Epoch 006 | Step 860 | lr=5.000000e-04 | loss=0.000099
Epoch 006 | Step 870 | lr=5.000000e-04 | loss=0.000094
Epoch 006 | Step 880 | lr=5.000000e-04 | loss=0.000095
Epoch 006 | Step 890 | lr=5.000000e-04 | loss=0.000096
Epoch 006 | Step 900 | lr=5.000000e-04 | loss=0.000102
Epoch 006 | Step 910 | lr=5.000000e-04 | loss=0.000094
Epoch 006 | Step 920 | lr=5.000000e-04 | loss=0.000095
Epoch 006 | Step 930 | lr=5.000000e-04 | loss=0.000090
Epoch 006 | Step 940 | lr=5.000000e-04 | loss=0.000102
Epoch 006 | Step 950 | lr=5.000000e-04 | loss=0.000102
Epoch 006 | Step 960 | lr=5.000000e-04 | loss=0.000105
Epoch 006 | Step 970 | lr=5.000000e-04 | loss=0.000095
Epoch 006 | Step 980 | lr=5.000000e-04 | loss=0.000089
Epoch 006 | Step 990 | lr=5.000000e-04 | loss=0.000098
Epoch 006 | Step 1000 | lr=5.000000e-04 | loss=0.000101
Epoch 006 | Step 1010 | lr=5.000000e-04 | loss=0.000085
Epoch 006 | Step 1020 | lr=5.000000e-04 | loss=0.000094
Epoch 006 | Step 1030 | lr=5.000000e-04 | loss=0.000097
Epoch 006 | Step 1040 | lr=5.000000e-04 | loss=0.000096
Epoch 006 | Step 1050 | lr=5.000000e-04 | loss=0.000103
Epoch 006 | Step 1060 | lr=5.000000e-04 | loss=0.000089
Epoch 006 | Step 1070 | lr=5.000000e-04 | loss=0.000095
Epoch 006 | Step 1080 | lr=5.000000e-04 | loss=0.000099
Epoch 006 | Step 1090 | lr=5.000000e-04 | loss=0.000098
Epoch 006 | Step 1100 | lr=5.000000e-04 | loss=0.000095
Epoch 006 | Step 1110 | lr=5.000000e-04 | loss=0.000102
Epoch 006 | Step 1120 | lr=5.000000e-04 | loss=0.000092
Epoch 006 | Step 1130 | lr=5.000000e-04 | loss=0.000093
Epoch 006 | Step 1140 | lr=5.000000e-04 | loss=0.000096
Epoch 006 | Step 1150 | lr=5.000000e-04 | loss=0.000101
Epoch 006 | Step 1160 | lr=5.000000e-04 | loss=0.000098
Epoch 006 | Step 1170 | lr=5.000000e-04 | loss=0.000100
Epoch 006 | Step 1180 | lr=5.000000e-04 | loss=0.000099
Epoch 006 | Step 1190 | lr=5.000000e-04 | loss=0.000102
Epoch 006 | Step 1200 | lr=5.000000e-04 | loss=0.000101
Epoch 006 | Step 1210 | lr=5.000000e-04 | loss=0.000102
Epoch 006 | Step 1220 | lr=5.000000e-04 | loss=0.000097
Epoch 006 | Step 1230 | lr=5.000000e-04 | loss=0.000108
Epoch 006 | Step 1240 | lr=5.000000e-04 | loss=0.000097
Epoch 006 | Step 1250 | lr=5.000000e-04 | loss=0.000095
Epoch 006 | Step 1260 | lr=5.000000e-04 | loss=0.000097
Epoch 006 | Step 1270 | lr=5.000000e-04 | loss=0.000102
Epoch 006 | Step 1280 | lr=5.000000e-04 | loss=0.000098
Epoch 006 | Step 1290 | lr=5.000000e-04 | loss=0.000100
Epoch 006 | Step 1300 | lr=5.000000e-04 | loss=0.000093
Epoch 006 | Step 1310 | lr=5.000000e-04 | loss=0.000097
Epoch 006 | Step 1320 | lr=5.000000e-04 | loss=0.000091
Epoch 006 | Step 1330 | lr=5.000000e-04 | loss=0.000093
Epoch 006 | Step 1340 | lr=5.000000e-04 | loss=0.000089
Epoch 006 | Step 1350 | lr=5.000000e-04 | loss=0.000100
Epoch 006 | Step 1360 | lr=5.000000e-04 | loss=0.000089
Epoch 006 | Step 1370 | lr=5.000000e-04 | loss=0.000101
Epoch 006 | Step 1380 | lr=5.000000e-04 | loss=0.000105
Epoch 006 | Step 1390 | lr=5.000000e-04 | loss=0.000100
Epoch 006 | Step 1400 | lr=5.000000e-04 | loss=0.000098
Epoch 006 | Step 1410 | lr=5.000000e-04 | loss=0.000095
Epoch 006 | Step 1420 | lr=5.000000e-04 | loss=0.000096
Epoch 006 | Step 1430 | lr=5.000000e-04 | loss=0.000101
Epoch 006 | Step 1440 | lr=5.000000e-04 | loss=0.000092
Epoch 006 | Step 1450 | lr=5.000000e-04 | loss=0.000094
Epoch 006 | Step 1460 | lr=5.000000e-04 | loss=0.000087
Epoch 006 | Step 1470 | lr=5.000000e-04 | loss=0.000101
Epoch 006 | Step 1480 | lr=5.000000e-04 | loss=0.000099
Epoch 006 | Step 1490 | lr=5.000000e-04 | loss=0.000102
Epoch 006 | Step 1500 | lr=5.000000e-04 | loss=0.000100
Epoch 006 | Step 1510 | lr=5.000000e-04 | loss=0.000098
Epoch 006 | Step 1520 | lr=5.000000e-04 | loss=0.000089
Epoch 006 | Step 1530 | lr=5.000000e-04 | loss=0.000097
Epoch 006 | Step 1540 | lr=5.000000e-04 | loss=0.000090
Epoch 006 | Step 1550 | lr=5.000000e-04 | loss=0.000091
Epoch 006 | Step 1560 | lr=5.000000e-04 | loss=0.000094
Epoch 006 | Step 1570 | lr=5.000000e-04 | loss=0.000100
Epoch 006 | Step 1580 | lr=5.000000e-04 | loss=0.000093
Epoch 006 | Step 1590 | lr=5.000000e-04 | loss=0.000086
Epoch 006 | Step 1600 | lr=5.000000e-04 | loss=0.000098
Epoch 006 | Step 1610 | lr=5.000000e-04 | loss=0.000095
Epoch 006 | Step 1620 | lr=5.000000e-04 | loss=0.000095
Epoch 006 | Step 1630 | lr=5.000000e-04 | loss=0.000101
Epoch 006 | Step 1640 | lr=5.000000e-04 | loss=0.000103
Epoch 006 | Step 1650 | lr=5.000000e-04 | loss=0.000096
Epoch 006 | Step 1660 | lr=5.000000e-04 | loss=0.000096
Epoch 006 | Step 1670 | lr=5.000000e-04 | loss=0.000100
Epoch 006 | Step 1680 | lr=5.000000e-04 | loss=0.000107
Epoch 006 | Step 1690 | lr=5.000000e-04 | loss=0.000095
Epoch 006 | Step 1700 | lr=5.000000e-04 | loss=0.000093
Epoch 006 | Step 1710 | lr=5.000000e-04 | loss=0.000090
Epoch 006 | Step 1720 | lr=5.000000e-04 | loss=0.000091
Epoch 006 | Step 1730 | lr=5.000000e-04 | loss=0.000099
Epoch 006 | Step 1740 | lr=5.000000e-04 | loss=0.000093
Epoch 006 | Step 1750 | lr=5.000000e-04 | loss=0.000093
Epoch 006 | Step 1760 | lr=5.000000e-04 | loss=0.000097
Epoch 006 | Step 1770 | lr=5.000000e-04 | loss=0.000096
Epoch 006 | Step 1780 | lr=5.000000e-04 | loss=0.000095
Epoch 006 | Step 1790 | lr=5.000000e-04 | loss=0.000103
Epoch 006 | Step 1800 | lr=5.000000e-04 | loss=0.000091
Epoch 006 | Step 1810 | lr=5.000000e-04 | loss=0.000094
Epoch 006 | Step 1820 | lr=5.000000e-04 | loss=0.000104
Epoch 006 | Step 1830 | lr=5.000000e-04 | loss=0.000097
Epoch 006 | Step 1840 | lr=5.000000e-04 | loss=0.000088
Epoch 006 | Step 1850 | lr=5.000000e-04 | loss=0.000090
Epoch 006 | Step 1860 | lr=5.000000e-04 | loss=0.000100
Epoch 006 | Step 1870 | lr=5.000000e-04 | loss=0.000096
Epoch 006 | Step 1880 | lr=5.000000e-04 | loss=0.000090
Epoch 006 | Step 1890 | lr=5.000000e-04 | loss=0.000091
Epoch 006 | Step 1900 | lr=5.000000e-04 | loss=0.000084
Epoch 006 | Step 1910 | lr=5.000000e-04 | loss=0.000094
Epoch 006 | Step 1920 | lr=5.000000e-04 | loss=0.000094
Epoch 006 | Step 1930 | lr=5.000000e-04 | loss=0.000096
epoch 006 | train_kld=0.000097 | val_kld=0.000092 | val_mae=0.002792 | val_mse=0.000092 | ord_acc@10=0.3089 | recall@10=0.8222
Epoch 007 | Step 10 | lr=3.454915e-04 | loss=0.000098
Epoch 007 | Step 20 | lr=3.454915e-04 | loss=0.000094
Epoch 007 | Step 30 | lr=3.454915e-04 | loss=0.000086
Epoch 007 | Step 40 | lr=3.454915e-04 | loss=0.000105
Epoch 007 | Step 50 | lr=3.454915e-04 | loss=0.000088
Epoch 007 | Step 60 | lr=3.454915e-04 | loss=0.000103
Epoch 007 | Step 70 | lr=3.454915e-04 | loss=0.000092
Epoch 007 | Step 80 | lr=3.454915e-04 | loss=0.000092
Epoch 007 | Step 90 | lr=3.454915e-04 | loss=0.000096
Epoch 007 | Step 100 | lr=3.454915e-04 | loss=0.000096
Epoch 007 | Step 110 | lr=3.454915e-04 | loss=0.000097
Epoch 007 | Step 120 | lr=3.454915e-04 | loss=0.000092
Epoch 007 | Step 130 | lr=3.454915e-04 | loss=0.000087
Epoch 007 | Step 140 | lr=3.454915e-04 | loss=0.000096
Epoch 007 | Step 150 | lr=3.454915e-04 | loss=0.000093
Epoch 007 | Step 160 | lr=3.454915e-04 | loss=0.000087
Epoch 007 | Step 170 | lr=3.454915e-04 | loss=0.000090
Epoch 007 | Step 180 | lr=3.454915e-04 | loss=0.000090
Epoch 007 | Step 190 | lr=3.454915e-04 | loss=0.000093
Epoch 007 | Step 200 | lr=3.454915e-04 | loss=0.000088
Epoch 007 | Step 210 | lr=3.454915e-04 | loss=0.000095
Epoch 007 | Step 220 | lr=3.454915e-04 | loss=0.000090
Epoch 007 | Step 230 | lr=3.454915e-04 | loss=0.000096
Epoch 007 | Step 240 | lr=3.454915e-04 | loss=0.000104
Epoch 007 | Step 250 | lr=3.454915e-04 | loss=0.000089
Epoch 007 | Step 260 | lr=3.454915e-04 | loss=0.000101
Epoch 007 | Step 270 | lr=3.454915e-04 | loss=0.000092
Epoch 007 | Step 280 | lr=3.454915e-04 | loss=0.000086
Epoch 007 | Step 290 | lr=3.454915e-04 | loss=0.000098
Epoch 007 | Step 300 | lr=3.454915e-04 | loss=0.000087
Epoch 007 | Step 310 | lr=3.454915e-04 | loss=0.000088
Epoch 007 | Step 320 | lr=3.454915e-04 | loss=0.000094
Epoch 007 | Step 330 | lr=3.454915e-04 | loss=0.000087
Epoch 007 | Step 340 | lr=3.454915e-04 | loss=0.000093
Epoch 007 | Step 350 | lr=3.454915e-04 | loss=0.000092
Epoch 007 | Step 360 | lr=3.454915e-04 | loss=0.000091
Epoch 007 | Step 370 | lr=3.454915e-04 | loss=0.000095
Epoch 007 | Step 380 | lr=3.454915e-04 | loss=0.000094
Epoch 007 | Step 390 | lr=3.454915e-04 | loss=0.000088
Epoch 007 | Step 400 | lr=3.454915e-04 | loss=0.000090
Epoch 007 | Step 410 | lr=3.454915e-04 | loss=0.000094
Epoch 007 | Step 420 | lr=3.454915e-04 | loss=0.000091
Epoch 007 | Step 430 | lr=3.454915e-04 | loss=0.000092
Epoch 007 | Step 440 | lr=3.454915e-04 | loss=0.000100
Epoch 007 | Step 450 | lr=3.454915e-04 | loss=0.000091
Epoch 007 | Step 460 | lr=3.454915e-04 | loss=0.000100
Epoch 007 | Step 470 | lr=3.454915e-04 | loss=0.000090
Epoch 007 | Step 480 | lr=3.454915e-04 | loss=0.000088
Epoch 007 | Step 490 | lr=3.454915e-04 | loss=0.000086
Epoch 007 | Step 500 | lr=3.454915e-04 | loss=0.000101
Epoch 007 | Step 510 | lr=3.454915e-04 | loss=0.000092
Epoch 007 | Step 520 | lr=3.454915e-04 | loss=0.000087
Epoch 007 | Step 530 | lr=3.454915e-04 | loss=0.000099
Epoch 007 | Step 540 | lr=3.454915e-04 | loss=0.000089
Epoch 007 | Step 550 | lr=3.454915e-04 | loss=0.000090
Epoch 007 | Step 560 | lr=3.454915e-04 | loss=0.000103
Epoch 007 | Step 570 | lr=3.454915e-04 | loss=0.000087
Epoch 007 | Step 580 | lr=3.454915e-04 | loss=0.000086
Epoch 007 | Step 590 | lr=3.454915e-04 | loss=0.000095
Epoch 007 | Step 600 | lr=3.454915e-04 | loss=0.000092
Epoch 007 | Step 610 | lr=3.454915e-04 | loss=0.000090
Epoch 007 | Step 620 | lr=3.454915e-04 | loss=0.000096
Epoch 007 | Step 630 | lr=3.454915e-04 | loss=0.000090
Epoch 007 | Step 640 | lr=3.454915e-04 | loss=0.000090
Epoch 007 | Step 650 | lr=3.454915e-04 | loss=0.000105
Epoch 007 | Step 660 | lr=3.454915e-04 | loss=0.000087
Epoch 007 | Step 670 | lr=3.454915e-04 | loss=0.000100
Epoch 007 | Step 680 | lr=3.454915e-04 | loss=0.000086
Epoch 007 | Step 690 | lr=3.454915e-04 | loss=0.000086
Epoch 007 | Step 700 | lr=3.454915e-04 | loss=0.000086
Epoch 007 | Step 710 | lr=3.454915e-04 | loss=0.000085
Epoch 007 | Step 720 | lr=3.454915e-04 | loss=0.000095
Epoch 007 | Step 730 | lr=3.454915e-04 | loss=0.000086
Epoch 007 | Step 740 | lr=3.454915e-04 | loss=0.000086
Epoch 007 | Step 750 | lr=3.454915e-04 | loss=0.000087
Epoch 007 | Step 760 | lr=3.454915e-04 | loss=0.000088
Epoch 007 | Step 770 | lr=3.454915e-04 | loss=0.000079
Epoch 007 | Step 780 | lr=3.454915e-04 | loss=0.000085
Epoch 007 | Step 790 | lr=3.454915e-04 | loss=0.000091
Epoch 007 | Step 800 | lr=3.454915e-04 | loss=0.000093
Epoch 007 | Step 810 | lr=3.454915e-04 | loss=0.000095
Epoch 007 | Step 820 | lr=3.454915e-04 | loss=0.000097
Epoch 007 | Step 830 | lr=3.454915e-04 | loss=0.000091
Epoch 007 | Step 840 | lr=3.454915e-04 | loss=0.000094
Epoch 007 | Step 850 | lr=3.454915e-04 | loss=0.000091
Epoch 007 | Step 860 | lr=3.454915e-04 | loss=0.000095
Epoch 007 | Step 870 | lr=3.454915e-04 | loss=0.000100
Epoch 007 | Step 880 | lr=3.454915e-04 | loss=0.000098
Epoch 007 | Step 890 | lr=3.454915e-04 | loss=0.000092
Epoch 007 | Step 900 | lr=3.454915e-04 | loss=0.000089
Epoch 007 | Step 910 | lr=3.454915e-04 | loss=0.000088
Epoch 007 | Step 920 | lr=3.454915e-04 | loss=0.000090
Epoch 007 | Step 930 | lr=3.454915e-04 | loss=0.000090
Epoch 007 | Step 940 | lr=3.454915e-04 | loss=0.000090
Epoch 007 | Step 950 | lr=3.454915e-04 | loss=0.000104
Epoch 007 | Step 960 | lr=3.454915e-04 | loss=0.000091
Epoch 007 | Step 970 | lr=3.454915e-04 | loss=0.000094
Epoch 007 | Step 980 | lr=3.454915e-04 | loss=0.000095
Epoch 007 | Step 990 | lr=3.454915e-04 | loss=0.000095
Epoch 007 | Step 1000 | lr=3.454915e-04 | loss=0.000089
Epoch 007 | Step 1010 | lr=3.454915e-04 | loss=0.000099
Epoch 007 | Step 1020 | lr=3.454915e-04 | loss=0.000092
Epoch 007 | Step 1030 | lr=3.454915e-04 | loss=0.000091
Epoch 007 | Step 1040 | lr=3.454915e-04 | loss=0.000086
Epoch 007 | Step 1050 | lr=3.454915e-04 | loss=0.000105
Epoch 007 | Step 1060 | lr=3.454915e-04 | loss=0.000089
Epoch 007 | Step 1070 | lr=3.454915e-04 | loss=0.000092
Epoch 007 | Step 1080 | lr=3.454915e-04 | loss=0.000092
Epoch 007 | Step 1090 | lr=3.454915e-04 | loss=0.000097
Epoch 007 | Step 1100 | lr=3.454915e-04 | loss=0.000094
Epoch 007 | Step 1110 | lr=3.454915e-04 | loss=0.000102
Epoch 007 | Step 1120 | lr=3.454915e-04 | loss=0.000088
Epoch 007 | Step 1130 | lr=3.454915e-04 | loss=0.000086
Epoch 007 | Step 1140 | lr=3.454915e-04 | loss=0.000092
Epoch 007 | Step 1150 | lr=3.454915e-04 | loss=0.000091
Epoch 007 | Step 1160 | lr=3.454915e-04 | loss=0.000092
Epoch 007 | Step 1170 | lr=3.454915e-04 | loss=0.000090
Epoch 007 | Step 1180 | lr=3.454915e-04 | loss=0.000092
Epoch 007 | Step 1190 | lr=3.454915e-04 | loss=0.000091
Epoch 007 | Step 1200 | lr=3.454915e-04 | loss=0.000092
Epoch 007 | Step 1210 | lr=3.454915e-04 | loss=0.000090
Epoch 007 | Step 1220 | lr=3.454915e-04 | loss=0.000093
Epoch 007 | Step 1230 | lr=3.454915e-04 | loss=0.000087
Epoch 007 | Step 1240 | lr=3.454915e-04 | loss=0.000090
Epoch 007 | Step 1250 | lr=3.454915e-04 | loss=0.000086
Epoch 007 | Step 1260 | lr=3.454915e-04 | loss=0.000090
Epoch 007 | Step 1270 | lr=3.454915e-04 | loss=0.000090
Epoch 007 | Step 1280 | lr=3.454915e-04 | loss=0.000098
Epoch 007 | Step 1290 | lr=3.454915e-04 | loss=0.000093
Epoch 007 | Step 1300 | lr=3.454915e-04 | loss=0.000090
Epoch 007 | Step 1310 | lr=3.454915e-04 | loss=0.000084
Epoch 007 | Step 1320 | lr=3.454915e-04 | loss=0.000093
Epoch 007 | Step 1330 | lr=3.454915e-04 | loss=0.000088
Epoch 007 | Step 1340 | lr=3.454915e-04 | loss=0.000089
Epoch 007 | Step 1350 | lr=3.454915e-04 | loss=0.000098
Epoch 007 | Step 1360 | lr=3.454915e-04 | loss=0.000097
Epoch 007 | Step 1370 | lr=3.454915e-04 | loss=0.000089
Epoch 007 | Step 1380 | lr=3.454915e-04 | loss=0.000091
Epoch 007 | Step 1390 | lr=3.454915e-04 | loss=0.000090
Epoch 007 | Step 1400 | lr=3.454915e-04 | loss=0.000098
Epoch 007 | Step 1410 | lr=3.454915e-04 | loss=0.000081
Epoch 007 | Step 1420 | lr=3.454915e-04 | loss=0.000098
Epoch 007 | Step 1430 | lr=3.454915e-04 | loss=0.000094
Epoch 007 | Step 1440 | lr=3.454915e-04 | loss=0.000090
Epoch 007 | Step 1450 | lr=3.454915e-04 | loss=0.000093
Epoch 007 | Step 1460 | lr=3.454915e-04 | loss=0.000092
Epoch 007 | Step 1470 | lr=3.454915e-04 | loss=0.000088
Epoch 007 | Step 1480 | lr=3.454915e-04 | loss=0.000088
Epoch 007 | Step 1490 | lr=3.454915e-04 | loss=0.000092
Epoch 007 | Step 1500 | lr=3.454915e-04 | loss=0.000087
Epoch 007 | Step 1510 | lr=3.454915e-04 | loss=0.000096
Epoch 007 | Step 1520 | lr=3.454915e-04 | loss=0.000087
Epoch 007 | Step 1530 | lr=3.454915e-04 | loss=0.000095
Epoch 007 | Step 1540 | lr=3.454915e-04 | loss=0.000092
Epoch 007 | Step 1550 | lr=3.454915e-04 | loss=0.000089
Epoch 007 | Step 1560 | lr=3.454915e-04 | loss=0.000088
Epoch 007 | Step 1570 | lr=3.454915e-04 | loss=0.000087
Epoch 007 | Step 1580 | lr=3.454915e-04 | loss=0.000086
Epoch 007 | Step 1590 | lr=3.454915e-04 | loss=0.000090
Epoch 007 | Step 1600 | lr=3.454915e-04 | loss=0.000091
Epoch 007 | Step 1610 | lr=3.454915e-04 | loss=0.000087
Epoch 007 | Step 1620 | lr=3.454915e-04 | loss=0.000087
Epoch 007 | Step 1630 | lr=3.454915e-04 | loss=0.000086
Epoch 007 | Step 1640 | lr=3.454915e-04 | loss=0.000090
Epoch 007 | Step 1650 | lr=3.454915e-04 | loss=0.000095
Epoch 007 | Step 1660 | lr=3.454915e-04 | loss=0.000092
Epoch 007 | Step 1670 | lr=3.454915e-04 | loss=0.000100
Epoch 007 | Step 1680 | lr=3.454915e-04 | loss=0.000090
Epoch 007 | Step 1690 | lr=3.454915e-04 | loss=0.000086
Epoch 007 | Step 1700 | lr=3.454915e-04 | loss=0.000092
Epoch 007 | Step 1710 | lr=3.454915e-04 | loss=0.000088
Epoch 007 | Step 1720 | lr=3.454915e-04 | loss=0.000096
Epoch 007 | Step 1730 | lr=3.454915e-04 | loss=0.000086
Epoch 007 | Step 1740 | lr=3.454915e-04 | loss=0.000092
Epoch 007 | Step 1750 | lr=3.454915e-04 | loss=0.000088
Epoch 007 | Step 1760 | lr=3.454915e-04 | loss=0.000102
Epoch 007 | Step 1770 | lr=3.454915e-04 | loss=0.000085
Epoch 007 | Step 1780 | lr=3.454915e-04 | loss=0.000093
Epoch 007 | Step 1790 | lr=3.454915e-04 | loss=0.000104
Epoch 007 | Step 1800 | lr=3.454915e-04 | loss=0.000086
Epoch 007 | Step 1810 | lr=3.454915e-04 | loss=0.000094
Epoch 007 | Step 1820 | lr=3.454915e-04 | loss=0.000090
Epoch 007 | Step 1830 | lr=3.454915e-04 | loss=0.000086
Epoch 007 | Step 1840 | lr=3.454915e-04 | loss=0.000090
Epoch 007 | Step 1850 | lr=3.454915e-04 | loss=0.000091
Epoch 007 | Step 1860 | lr=3.454915e-04 | loss=0.000091
Epoch 007 | Step 1870 | lr=3.454915e-04 | loss=0.000088
Epoch 007 | Step 1880 | lr=3.454915e-04 | loss=0.000090
Epoch 007 | Step 1890 | lr=3.454915e-04 | loss=0.000087
Epoch 007 | Step 1900 | lr=3.454915e-04 | loss=0.000086
Epoch 007 | Step 1910 | lr=3.454915e-04 | loss=0.000085
Epoch 007 | Step 1920 | lr=3.454915e-04 | loss=0.000091
Epoch 007 | Step 1930 | lr=3.454915e-04 | loss=0.000093
epoch 007 | train_kld=0.000092 | val_kld=0.000089 | val_mae=0.002759 | val_mse=0.000089 | ord_acc@10=0.3136 | recall@10=0.8229
Epoch 008 | Step 10 | lr=2.061074e-04 | loss=0.000092
Epoch 008 | Step 20 | lr=2.061074e-04 | loss=0.000089
Epoch 008 | Step 30 | lr=2.061074e-04 | loss=0.000089
Epoch 008 | Step 40 | lr=2.061074e-04 | loss=0.000085
Epoch 008 | Step 50 | lr=2.061074e-04 | loss=0.000090
Epoch 008 | Step 60 | lr=2.061074e-04 | loss=0.000089
Epoch 008 | Step 70 | lr=2.061074e-04 | loss=0.000087
Epoch 008 | Step 80 | lr=2.061074e-04 | loss=0.000093
Epoch 008 | Step 90 | lr=2.061074e-04 | loss=0.000086
Epoch 008 | Step 100 | lr=2.061074e-04 | loss=0.000093
Epoch 008 | Step 110 | lr=2.061074e-04 | loss=0.000093
Epoch 008 | Step 120 | lr=2.061074e-04 | loss=0.000095
Epoch 008 | Step 130 | lr=2.061074e-04 | loss=0.000088
Epoch 008 | Step 140 | lr=2.061074e-04 | loss=0.000085
Epoch 008 | Step 150 | lr=2.061074e-04 | loss=0.000089
Epoch 008 | Step 160 | lr=2.061074e-04 | loss=0.000083
Epoch 008 | Step 170 | lr=2.061074e-04 | loss=0.000087
Epoch 008 | Step 180 | lr=2.061074e-04 | loss=0.000085
Epoch 008 | Step 190 | lr=2.061074e-04 | loss=0.000089
Epoch 008 | Step 200 | lr=2.061074e-04 | loss=0.000086
Epoch 008 | Step 210 | lr=2.061074e-04 | loss=0.000090
Epoch 008 | Step 220 | lr=2.061074e-04 | loss=0.000085
Epoch 008 | Step 230 | lr=2.061074e-04 | loss=0.000094
Epoch 008 | Step 240 | lr=2.061074e-04 | loss=0.000089
Epoch 008 | Step 250 | lr=2.061074e-04 | loss=0.000082
Epoch 008 | Step 260 | lr=2.061074e-04 | loss=0.000083
Epoch 008 | Step 270 | lr=2.061074e-04 | loss=0.000083
Epoch 008 | Step 280 | lr=2.061074e-04 | loss=0.000095
Epoch 008 | Step 290 | lr=2.061074e-04 | loss=0.000095
Epoch 008 | Step 300 | lr=2.061074e-04 | loss=0.000081
Epoch 008 | Step 310 | lr=2.061074e-04 | loss=0.000086
Epoch 008 | Step 320 | lr=2.061074e-04 | loss=0.000093
Epoch 008 | Step 330 | lr=2.061074e-04 | loss=0.000085
Epoch 008 | Step 340 | lr=2.061074e-04 | loss=0.000093
Epoch 008 | Step 350 | lr=2.061074e-04 | loss=0.000099
Epoch 008 | Step 360 | lr=2.061074e-04 | loss=0.000093
Epoch 008 | Step 370 | lr=2.061074e-04 | loss=0.000083
Epoch 008 | Step 380 | lr=2.061074e-04 | loss=0.000090
Epoch 008 | Step 390 | lr=2.061074e-04 | loss=0.000085
Epoch 008 | Step 400 | lr=2.061074e-04 | loss=0.000082
Epoch 008 | Step 410 | lr=2.061074e-04 | loss=0.000090
Epoch 008 | Step 420 | lr=2.061074e-04 | loss=0.000091
Epoch 008 | Step 430 | lr=2.061074e-04 | loss=0.000085
Epoch 008 | Step 440 | lr=2.061074e-04 | loss=0.000089
Epoch 008 | Step 450 | lr=2.061074e-04 | loss=0.000083
Epoch 008 | Step 460 | lr=2.061074e-04 | loss=0.000090
Epoch 008 | Step 470 | lr=2.061074e-04 | loss=0.000091
Epoch 008 | Step 480 | lr=2.061074e-04 | loss=0.000086
Epoch 008 | Step 490 | lr=2.061074e-04 | loss=0.000090
Epoch 008 | Step 500 | lr=2.061074e-04 | loss=0.000089
Epoch 008 | Step 510 | lr=2.061074e-04 | loss=0.000082
Epoch 008 | Step 520 | lr=2.061074e-04 | loss=0.000089
Epoch 008 | Step 530 | lr=2.061074e-04 | loss=0.000085
Epoch 008 | Step 540 | lr=2.061074e-04 | loss=0.000090
Epoch 008 | Step 550 | lr=2.061074e-04 | loss=0.000082
Epoch 008 | Step 560 | lr=2.061074e-04 | loss=0.000085
Epoch 008 | Step 570 | lr=2.061074e-04 | loss=0.000083
Epoch 008 | Step 580 | lr=2.061074e-04 | loss=0.000085
Epoch 008 | Step 590 | lr=2.061074e-04 | loss=0.000084
Epoch 008 | Step 600 | lr=2.061074e-04 | loss=0.000083
Epoch 008 | Step 610 | lr=2.061074e-04 | loss=0.000087
Epoch 008 | Step 620 | lr=2.061074e-04 | loss=0.000094
Epoch 008 | Step 630 | lr=2.061074e-04 | loss=0.000085
Epoch 008 | Step 640 | lr=2.061074e-04 | loss=0.000093
Epoch 008 | Step 650 | lr=2.061074e-04 | loss=0.000084
Epoch 008 | Step 660 | lr=2.061074e-04 | loss=0.000088
Epoch 008 | Step 670 | lr=2.061074e-04 | loss=0.000086
Epoch 008 | Step 680 | lr=2.061074e-04 | loss=0.000083
Epoch 008 | Step 690 | lr=2.061074e-04 | loss=0.000090
Epoch 008 | Step 700 | lr=2.061074e-04 | loss=0.000089
Epoch 008 | Step 710 | lr=2.061074e-04 | loss=0.000087
Epoch 008 | Step 720 | lr=2.061074e-04 | loss=0.000090
Epoch 008 | Step 730 | lr=2.061074e-04 | loss=0.000100
Epoch 008 | Step 740 | lr=2.061074e-04 | loss=0.000083
Epoch 008 | Step 750 | lr=2.061074e-04 | loss=0.000088
Epoch 008 | Step 760 | lr=2.061074e-04 | loss=0.000083
Epoch 008 | Step 770 | lr=2.061074e-04 | loss=0.000087
Epoch 008 | Step 780 | lr=2.061074e-04 | loss=0.000088
Epoch 008 | Step 790 | lr=2.061074e-04 | loss=0.000092
Epoch 008 | Step 800 | lr=2.061074e-04 | loss=0.000089
Epoch 008 | Step 810 | lr=2.061074e-04 | loss=0.000089
Epoch 008 | Step 820 | lr=2.061074e-04 | loss=0.000082
Epoch 008 | Step 830 | lr=2.061074e-04 | loss=0.000093
Epoch 008 | Step 840 | lr=2.061074e-04 | loss=0.000083
Epoch 008 | Step 850 | lr=2.061074e-04 | loss=0.000092
Epoch 008 | Step 860 | lr=2.061074e-04 | loss=0.000089
Epoch 008 | Step 870 | lr=2.061074e-04 | loss=0.000095
Epoch 008 | Step 880 | lr=2.061074e-04 | loss=0.000083
Epoch 008 | Step 890 | lr=2.061074e-04 | loss=0.000080
Epoch 008 | Step 900 | lr=2.061074e-04 | loss=0.000089
Epoch 008 | Step 910 | lr=2.061074e-04 | loss=0.000090
Epoch 008 | Step 920 | lr=2.061074e-04 | loss=0.000087
Epoch 008 | Step 930 | lr=2.061074e-04 | loss=0.000081
Epoch 008 | Step 940 | lr=2.061074e-04 | loss=0.000092
Epoch 008 | Step 950 | lr=2.061074e-04 | loss=0.000085
Epoch 008 | Step 960 | lr=2.061074e-04 | loss=0.000089
Epoch 008 | Step 970 | lr=2.061074e-04 | loss=0.000090
Epoch 008 | Step 980 | lr=2.061074e-04 | loss=0.000085
Epoch 008 | Step 990 | lr=2.061074e-04 | loss=0.000089
Epoch 008 | Step 1000 | lr=2.061074e-04 | loss=0.000090
Epoch 008 | Step 1010 | lr=2.061074e-04 | loss=0.000083
Epoch 008 | Step 1020 | lr=2.061074e-04 | loss=0.000088
Epoch 008 | Step 1030 | lr=2.061074e-04 | loss=0.000086
Epoch 008 | Step 1040 | lr=2.061074e-04 | loss=0.000107
Epoch 008 | Step 1050 | lr=2.061074e-04 | loss=0.000086
Epoch 008 | Step 1060 | lr=2.061074e-04 | loss=0.000090
Epoch 008 | Step 1070 | lr=2.061074e-04 | loss=0.000081
Epoch 008 | Step 1080 | lr=2.061074e-04 | loss=0.000089
Epoch 008 | Step 1090 | lr=2.061074e-04 | loss=0.000084
Epoch 008 | Step 1100 | lr=2.061074e-04 | loss=0.000093
Epoch 008 | Step 1110 | lr=2.061074e-04 | loss=0.000091
Epoch 008 | Step 1120 | lr=2.061074e-04 | loss=0.000083
Epoch 008 | Step 1130 | lr=2.061074e-04 | loss=0.000088
Epoch 008 | Step 1140 | lr=2.061074e-04 | loss=0.000085
Epoch 008 | Step 1150 | lr=2.061074e-04 | loss=0.000086
Epoch 008 | Step 1160 | lr=2.061074e-04 | loss=0.000088
Epoch 008 | Step 1170 | lr=2.061074e-04 | loss=0.000092
Epoch 008 | Step 1180 | lr=2.061074e-04 | loss=0.000080
Epoch 008 | Step 1190 | lr=2.061074e-04 | loss=0.000089
Epoch 008 | Step 1200 | lr=2.061074e-04 | loss=0.000091
Epoch 008 | Step 1210 | lr=2.061074e-04 | loss=0.000085
Epoch 008 | Step 1220 | lr=2.061074e-04 | loss=0.000085
Epoch 008 | Step 1230 | lr=2.061074e-04 | loss=0.000085
Epoch 008 | Step 1240 | lr=2.061074e-04 | loss=0.000092
Epoch 008 | Step 1250 | lr=2.061074e-04 | loss=0.000092
Epoch 008 | Step 1260 | lr=2.061074e-04 | loss=0.000085
Epoch 008 | Step 1270 | lr=2.061074e-04 | loss=0.000087
Epoch 008 | Step 1280 | lr=2.061074e-04 | loss=0.000090
Epoch 008 | Step 1290 | lr=2.061074e-04 | loss=0.000083
Epoch 008 | Step 1300 | lr=2.061074e-04 | loss=0.000078
Epoch 008 | Step 1310 | lr=2.061074e-04 | loss=0.000082
Epoch 008 | Step 1320 | lr=2.061074e-04 | loss=0.000090
Epoch 008 | Step 1330 | lr=2.061074e-04 | loss=0.000092
Epoch 008 | Step 1340 | lr=2.061074e-04 | loss=0.000088
Epoch 008 | Step 1350 | lr=2.061074e-04 | loss=0.000088
Epoch 008 | Step 1360 | lr=2.061074e-04 | loss=0.000100
Epoch 008 | Step 1370 | lr=2.061074e-04 | loss=0.000083
Epoch 008 | Step 1380 | lr=2.061074e-04 | loss=0.000092
Epoch 008 | Step 1390 | lr=2.061074e-04 | loss=0.000087
Epoch 008 | Step 1400 | lr=2.061074e-04 | loss=0.000099
Epoch 008 | Step 1410 | lr=2.061074e-04 | loss=0.000097
Epoch 008 | Step 1420 | lr=2.061074e-04 | loss=0.000085
Epoch 008 | Step 1430 | lr=2.061074e-04 | loss=0.000090
Epoch 008 | Step 1440 | lr=2.061074e-04 | loss=0.000085
Epoch 008 | Step 1450 | lr=2.061074e-04 | loss=0.000088
Epoch 008 | Step 1460 | lr=2.061074e-04 | loss=0.000089
Epoch 008 | Step 1470 | lr=2.061074e-04 | loss=0.000087
Epoch 008 | Step 1480 | lr=2.061074e-04 | loss=0.000094
Epoch 008 | Step 1490 | lr=2.061074e-04 | loss=0.000089
Epoch 008 | Step 1500 | lr=2.061074e-04 | loss=0.000086
Epoch 008 | Step 1510 | lr=2.061074e-04 | loss=0.000091
Epoch 008 | Step 1520 | lr=2.061074e-04 | loss=0.000084
Epoch 008 | Step 1530 | lr=2.061074e-04 | loss=0.000082
Epoch 008 | Step 1540 | lr=2.061074e-04 | loss=0.000086
Epoch 008 | Step 1550 | lr=2.061074e-04 | loss=0.000085
Epoch 008 | Step 1560 | lr=2.061074e-04 | loss=0.000090
Epoch 008 | Step 1570 | lr=2.061074e-04 | loss=0.000087
Epoch 008 | Step 1580 | lr=2.061074e-04 | loss=0.000086
Epoch 008 | Step 1590 | lr=2.061074e-04 | loss=0.000088
Epoch 008 | Step 1600 | lr=2.061074e-04 | loss=0.000094
Epoch 008 | Step 1610 | lr=2.061074e-04 | loss=0.000084
Epoch 008 | Step 1620 | lr=2.061074e-04 | loss=0.000083
Epoch 008 | Step 1630 | lr=2.061074e-04 | loss=0.000083
Epoch 008 | Step 1640 | lr=2.061074e-04 | loss=0.000089
Epoch 008 | Step 1650 | lr=2.061074e-04 | loss=0.000088
Epoch 008 | Step 1660 | lr=2.061074e-04 | loss=0.000089
Epoch 008 | Step 1670 | lr=2.061074e-04 | loss=0.000085
Epoch 008 | Step 1680 | lr=2.061074e-04 | loss=0.000088
Epoch 008 | Step 1690 | lr=2.061074e-04 | loss=0.000090
Epoch 008 | Step 1700 | lr=2.061074e-04 | loss=0.000088
Epoch 008 | Step 1710 | lr=2.061074e-04 | loss=0.000095
Epoch 008 | Step 1720 | lr=2.061074e-04 | loss=0.000077
Epoch 008 | Step 1730 | lr=2.061074e-04 | loss=0.000090
Epoch 008 | Step 1740 | lr=2.061074e-04 | loss=0.000086
Epoch 008 | Step 1750 | lr=2.061074e-04 | loss=0.000080
Epoch 008 | Step 1760 | lr=2.061074e-04 | loss=0.000088
Epoch 008 | Step 1770 | lr=2.061074e-04 | loss=0.000089
Epoch 008 | Step 1780 | lr=2.061074e-04 | loss=0.000084
Epoch 008 | Step 1790 | lr=2.061074e-04 | loss=0.000088
Epoch 008 | Step 1800 | lr=2.061074e-04 | loss=0.000085
Epoch 008 | Step 1810 | lr=2.061074e-04 | loss=0.000087
Epoch 008 | Step 1820 | lr=2.061074e-04 | loss=0.000084
Epoch 008 | Step 1830 | lr=2.061074e-04 | loss=0.000085
Epoch 008 | Step 1840 | lr=2.061074e-04 | loss=0.000091
Epoch 008 | Step 1850 | lr=2.061074e-04 | loss=0.000086
Epoch 008 | Step 1860 | lr=2.061074e-04 | loss=0.000089
Epoch 008 | Step 1870 | lr=2.061074e-04 | loss=0.000090
Epoch 008 | Step 1880 | lr=2.061074e-04 | loss=0.000091
Epoch 008 | Step 1890 | lr=2.061074e-04 | loss=0.000086
Epoch 008 | Step 1900 | lr=2.061074e-04 | loss=0.000089
Epoch 008 | Step 1910 | lr=2.061074e-04 | loss=0.000091
Epoch 008 | Step 1920 | lr=2.061074e-04 | loss=0.000081
Epoch 008 | Step 1930 | lr=2.061074e-04 | loss=0.000086
epoch 008 | train_kld=0.000088 | val_kld=0.000085 | val_mae=0.002699 | val_mse=0.000085 | ord_acc@10=0.3169 | recall@10=0.8253
Epoch 009 | Step 10 | lr=9.549150e-05 | loss=0.000083
Epoch 009 | Step 20 | lr=9.549150e-05 | loss=0.000084
Epoch 009 | Step 30 | lr=9.549150e-05 | loss=0.000081
Epoch 009 | Step 40 | lr=9.549150e-05 | loss=0.000085
Epoch 009 | Step 50 | lr=9.549150e-05 | loss=0.000083
Epoch 009 | Step 60 | lr=9.549150e-05 | loss=0.000080
Epoch 009 | Step 70 | lr=9.549150e-05 | loss=0.000090
Epoch 009 | Step 80 | lr=9.549150e-05 | loss=0.000085
Epoch 009 | Step 90 | lr=9.549150e-05 | loss=0.000088
Epoch 009 | Step 100 | lr=9.549150e-05 | loss=0.000083
Epoch 009 | Step 110 | lr=9.549150e-05 | loss=0.000082
Epoch 009 | Step 120 | lr=9.549150e-05 | loss=0.000081
Epoch 009 | Step 130 | lr=9.549150e-05 | loss=0.000085
Epoch 009 | Step 140 | lr=9.549150e-05 | loss=0.000080
Epoch 009 | Step 150 | lr=9.549150e-05 | loss=0.000083
Epoch 009 | Step 160 | lr=9.549150e-05 | loss=0.000080
Epoch 009 | Step 170 | lr=9.549150e-05 | loss=0.000090
Epoch 009 | Step 180 | lr=9.549150e-05 | loss=0.000078
Epoch 009 | Step 190 | lr=9.549150e-05 | loss=0.000093
Epoch 009 | Step 200 | lr=9.549150e-05 | loss=0.000083
Epoch 009 | Step 210 | lr=9.549150e-05 | loss=0.000088
Epoch 009 | Step 220 | lr=9.549150e-05 | loss=0.000081
Epoch 009 | Step 230 | lr=9.549150e-05 | loss=0.000089
Epoch 009 | Step 240 | lr=9.549150e-05 | loss=0.000100
Epoch 009 | Step 250 | lr=9.549150e-05 | loss=0.000084
Epoch 009 | Step 260 | lr=9.549150e-05 | loss=0.000084
Epoch 009 | Step 270 | lr=9.549150e-05 | loss=0.000089
Epoch 009 | Step 280 | lr=9.549150e-05 | loss=0.000089
Epoch 009 | Step 290 | lr=9.549150e-05 | loss=0.000085
Epoch 009 | Step 300 | lr=9.549150e-05 | loss=0.000093
Epoch 009 | Step 310 | lr=9.549150e-05 | loss=0.000080
Epoch 009 | Step 320 | lr=9.549150e-05 | loss=0.000089
Epoch 009 | Step 330 | lr=9.549150e-05 | loss=0.000085
Epoch 009 | Step 340 | lr=9.549150e-05 | loss=0.000082
Epoch 009 | Step 350 | lr=9.549150e-05 | loss=0.000088
Epoch 009 | Step 360 | lr=9.549150e-05 | loss=0.000078
Epoch 009 | Step 370 | lr=9.549150e-05 | loss=0.000086
Epoch 009 | Step 380 | lr=9.549150e-05 | loss=0.000089
Epoch 009 | Step 390 | lr=9.549150e-05 | loss=0.000086
Epoch 009 | Step 400 | lr=9.549150e-05 | loss=0.000082
Epoch 009 | Step 410 | lr=9.549150e-05 | loss=0.000106
Epoch 009 | Step 420 | lr=9.549150e-05 | loss=0.000088
Epoch 009 | Step 430 | lr=9.549150e-05 | loss=0.000079
Epoch 009 | Step 440 | lr=9.549150e-05 | loss=0.000083
Epoch 009 | Step 450 | lr=9.549150e-05 | loss=0.000084
Epoch 009 | Step 460 | lr=9.549150e-05 | loss=0.000085
Epoch 009 | Step 470 | lr=9.549150e-05 | loss=0.000081
Epoch 009 | Step 480 | lr=9.549150e-05 | loss=0.000086
Epoch 009 | Step 490 | lr=9.549150e-05 | loss=0.000094
Epoch 009 | Step 500 | lr=9.549150e-05 | loss=0.000091
Epoch 009 | Step 510 | lr=9.549150e-05 | loss=0.000091
Epoch 009 | Step 520 | lr=9.549150e-05 | loss=0.000084
Epoch 009 | Step 530 | lr=9.549150e-05 | loss=0.000090
Epoch 009 | Step 540 | lr=9.549150e-05 | loss=0.000091
Epoch 009 | Step 550 | lr=9.549150e-05 | loss=0.000081
Epoch 009 | Step 560 | lr=9.549150e-05 | loss=0.000079
Epoch 009 | Step 570 | lr=9.549150e-05 | loss=0.000089
Epoch 009 | Step 580 | lr=9.549150e-05 | loss=0.000084
Epoch 009 | Step 590 | lr=9.549150e-05 | loss=0.000080
Epoch 009 | Step 600 | lr=9.549150e-05 | loss=0.000083
Epoch 009 | Step 610 | lr=9.549150e-05 | loss=0.000083
Epoch 009 | Step 620 | lr=9.549150e-05 | loss=0.000082
Epoch 009 | Step 630 | lr=9.549150e-05 | loss=0.000082
Epoch 009 | Step 640 | lr=9.549150e-05 | loss=0.000085
Epoch 009 | Step 650 | lr=9.549150e-05 | loss=0.000085
Epoch 009 | Step 660 | lr=9.549150e-05 | loss=0.000092
Epoch 009 | Step 670 | lr=9.549150e-05 | loss=0.000086
Epoch 009 | Step 680 | lr=9.549150e-05 | loss=0.000082
Epoch 009 | Step 690 | lr=9.549150e-05 | loss=0.000086
Epoch 009 | Step 700 | lr=9.549150e-05 | loss=0.000086
Epoch 009 | Step 710 | lr=9.549150e-05 | loss=0.000085
Epoch 009 | Step 720 | lr=9.549150e-05 | loss=0.000085
Epoch 009 | Step 730 | lr=9.549150e-05 | loss=0.000089
Epoch 009 | Step 740 | lr=9.549150e-05 | loss=0.000078
Epoch 009 | Step 750 | lr=9.549150e-05 | loss=0.000085
Epoch 009 | Step 760 | lr=9.549150e-05 | loss=0.000082
Epoch 009 | Step 770 | lr=9.549150e-05 | loss=0.000081
Epoch 009 | Step 780 | lr=9.549150e-05 | loss=0.000087
Epoch 009 | Step 790 | lr=9.549150e-05 | loss=0.000085
Epoch 009 | Step 800 | lr=9.549150e-05 | loss=0.000083
Epoch 009 | Step 810 | lr=9.549150e-05 | loss=0.000084
Epoch 009 | Step 820 | lr=9.549150e-05 | loss=0.000093
Epoch 009 | Step 830 | lr=9.549150e-05 | loss=0.000087
Epoch 009 | Step 840 | lr=9.549150e-05 | loss=0.000085
Epoch 009 | Step 850 | lr=9.549150e-05 | loss=0.000082
Epoch 009 | Step 860 | lr=9.549150e-05 | loss=0.000083
Epoch 009 | Step 870 | lr=9.549150e-05 | loss=0.000082
Epoch 009 | Step 880 | lr=9.549150e-05 | loss=0.000086
Epoch 009 | Step 890 | lr=9.549150e-05 | loss=0.000084
Epoch 009 | Step 900 | lr=9.549150e-05 | loss=0.000088
Epoch 009 | Step 910 | lr=9.549150e-05 | loss=0.000082
Epoch 009 | Step 920 | lr=9.549150e-05 | loss=0.000085
Epoch 009 | Step 930 | lr=9.549150e-05 | loss=0.000083
Epoch 009 | Step 940 | lr=9.549150e-05 | loss=0.000089
Epoch 009 | Step 950 | lr=9.549150e-05 | loss=0.000088
Epoch 009 | Step 960 | lr=9.549150e-05 | loss=0.000088
Epoch 009 | Step 970 | lr=9.549150e-05 | loss=0.000079
Epoch 009 | Step 980 | lr=9.549150e-05 | loss=0.000088
Epoch 009 | Step 990 | lr=9.549150e-05 | loss=0.000092
Epoch 009 | Step 1000 | lr=9.549150e-05 | loss=0.000090
Epoch 009 | Step 1010 | lr=9.549150e-05 | loss=0.000082
Epoch 009 | Step 1020 | lr=9.549150e-05 | loss=0.000084
Epoch 009 | Step 1030 | lr=9.549150e-05 | loss=0.000085
Epoch 009 | Step 1040 | lr=9.549150e-05 | loss=0.000090
Epoch 009 | Step 1050 | lr=9.549150e-05 | loss=0.000087
Epoch 009 | Step 1060 | lr=9.549150e-05 | loss=0.000080
Epoch 009 | Step 1070 | lr=9.549150e-05 | loss=0.000091
Epoch 009 | Step 1080 | lr=9.549150e-05 | loss=0.000089
Epoch 009 | Step 1090 | lr=9.549150e-05 | loss=0.000089
Epoch 009 | Step 1100 | lr=9.549150e-05 | loss=0.000085
Epoch 009 | Step 1110 | lr=9.549150e-05 | loss=0.000088
Epoch 009 | Step 1120 | lr=9.549150e-05 | loss=0.000085
Epoch 009 | Step 1130 | lr=9.549150e-05 | loss=0.000085
Epoch 009 | Step 1140 | lr=9.549150e-05 | loss=0.000084
Epoch 009 | Step 1150 | lr=9.549150e-05 | loss=0.000090
Epoch 009 | Step 1160 | lr=9.549150e-05 | loss=0.000084
Epoch 009 | Step 1170 | lr=9.549150e-05 | loss=0.000088
Epoch 009 | Step 1180 | lr=9.549150e-05 | loss=0.000084
Epoch 009 | Step 1190 | lr=9.549150e-05 | loss=0.000083
Epoch 009 | Step 1200 | lr=9.549150e-05 | loss=0.000091
Epoch 009 | Step 1210 | lr=9.549150e-05 | loss=0.000079
Epoch 009 | Step 1220 | lr=9.549150e-05 | loss=0.000082
Epoch 009 | Step 1230 | lr=9.549150e-05 | loss=0.000092
Epoch 009 | Step 1240 | lr=9.549150e-05 | loss=0.000087
Epoch 009 | Step 1250 | lr=9.549150e-05 | loss=0.000089
Epoch 009 | Step 1260 | lr=9.549150e-05 | loss=0.000084
Epoch 009 | Step 1270 | lr=9.549150e-05 | loss=0.000087
Epoch 009 | Step 1280 | lr=9.549150e-05 | loss=0.000079
Epoch 009 | Step 1290 | lr=9.549150e-05 | loss=0.000085
Epoch 009 | Step 1300 | lr=9.549150e-05 | loss=0.000081
Epoch 009 | Step 1310 | lr=9.549150e-05 | loss=0.000081
Epoch 009 | Step 1320 | lr=9.549150e-05 | loss=0.000083
Epoch 009 | Step 1330 | lr=9.549150e-05 | loss=0.000084
Epoch 009 | Step 1340 | lr=9.549150e-05 | loss=0.000089
Epoch 009 | Step 1350 | lr=9.549150e-05 | loss=0.000084
Epoch 009 | Step 1360 | lr=9.549150e-05 | loss=0.000084
Epoch 009 | Step 1370 | lr=9.549150e-05 | loss=0.000086
Epoch 009 | Step 1380 | lr=9.549150e-05 | loss=0.000081
Epoch 009 | Step 1390 | lr=9.549150e-05 | loss=0.000091
Epoch 009 | Step 1400 | lr=9.549150e-05 | loss=0.000084
Epoch 009 | Step 1410 | lr=9.549150e-05 | loss=0.000083
Epoch 009 | Step 1420 | lr=9.549150e-05 | loss=0.000085
Epoch 009 | Step 1430 | lr=9.549150e-05 | loss=0.000082
Epoch 009 | Step 1440 | lr=9.549150e-05 | loss=0.000083
Epoch 009 | Step 1450 | lr=9.549150e-05 | loss=0.000081
Epoch 009 | Step 1460 | lr=9.549150e-05 | loss=0.000089
Epoch 009 | Step 1470 | lr=9.549150e-05 | loss=0.000077
Epoch 009 | Step 1480 | lr=9.549150e-05 | loss=0.000084
Epoch 009 | Step 1490 | lr=9.549150e-05 | loss=0.000079
Epoch 009 | Step 1500 | lr=9.549150e-05 | loss=0.000092
Epoch 009 | Step 1510 | lr=9.549150e-05 | loss=0.000083
Epoch 009 | Step 1520 | lr=9.549150e-05 | loss=0.000084
Epoch 009 | Step 1530 | lr=9.549150e-05 | loss=0.000085
Epoch 009 | Step 1540 | lr=9.549150e-05 | loss=0.000080
Epoch 009 | Step 1550 | lr=9.549150e-05 | loss=0.000086
Epoch 009 | Step 1560 | lr=9.549150e-05 | loss=0.000088
Epoch 009 | Step 1570 | lr=9.549150e-05 | loss=0.000083
Epoch 009 | Step 1580 | lr=9.549150e-05 | loss=0.000082
Epoch 009 | Step 1590 | lr=9.549150e-05 | loss=0.000086
Epoch 009 | Step 1600 | lr=9.549150e-05 | loss=0.000094
Epoch 009 | Step 1610 | lr=9.549150e-05 | loss=0.000080
Epoch 009 | Step 1620 | lr=9.549150e-05 | loss=0.000085
Epoch 009 | Step 1630 | lr=9.549150e-05 | loss=0.000086
Epoch 009 | Step 1640 | lr=9.549150e-05 | loss=0.000093
Epoch 009 | Step 1650 | lr=9.549150e-05 | loss=0.000085
Epoch 009 | Step 1660 | lr=9.549150e-05 | loss=0.000087
Epoch 009 | Step 1670 | lr=9.549150e-05 | loss=0.000083
Epoch 009 | Step 1680 | lr=9.549150e-05 | loss=0.000082
Epoch 009 | Step 1690 | lr=9.549150e-05 | loss=0.000088
Epoch 009 | Step 1700 | lr=9.549150e-05 | loss=0.000084
Epoch 009 | Step 1710 | lr=9.549150e-05 | loss=0.000087
Epoch 009 | Step 1720 | lr=9.549150e-05 | loss=0.000087
Epoch 009 | Step 1730 | lr=9.549150e-05 | loss=0.000085
Epoch 009 | Step 1740 | lr=9.549150e-05 | loss=0.000088
Epoch 009 | Step 1750 | lr=9.549150e-05 | loss=0.000082
Epoch 009 | Step 1760 | lr=9.549150e-05 | loss=0.000079
Epoch 009 | Step 1770 | lr=9.549150e-05 | loss=0.000085
Epoch 009 | Step 1780 | lr=9.549150e-05 | loss=0.000088
Epoch 009 | Step 1790 | lr=9.549150e-05 | loss=0.000081
Epoch 009 | Step 1800 | lr=9.549150e-05 | loss=0.000082
Epoch 009 | Step 1810 | lr=9.549150e-05 | loss=0.000090
Epoch 009 | Step 1820 | lr=9.549150e-05 | loss=0.000086
Epoch 009 | Step 1830 | lr=9.549150e-05 | loss=0.000088
Epoch 009 | Step 1840 | lr=9.549150e-05 | loss=0.000084
Epoch 009 | Step 1850 | lr=9.549150e-05 | loss=0.000077
Epoch 009 | Step 1860 | lr=9.549150e-05 | loss=0.000087
Epoch 009 | Step 1870 | lr=9.549150e-05 | loss=0.000085
Epoch 009 | Step 1880 | lr=9.549150e-05 | loss=0.000081
Epoch 009 | Step 1890 | lr=9.549150e-05 | loss=0.000081
Epoch 009 | Step 1900 | lr=9.549150e-05 | loss=0.000084
Epoch 009 | Step 1910 | lr=9.549150e-05 | loss=0.000088
Epoch 009 | Step 1920 | lr=9.549150e-05 | loss=0.000079
Epoch 009 | Step 1930 | lr=9.549150e-05 | loss=0.000092
epoch 009 | train_kld=0.000085 | val_kld=0.000084 | val_mae=0.002674 | val_mse=0.000084 | ord_acc@10=0.3181 | recall@10=0.8258
Epoch 010 | Step 10 | lr=2.447174e-05 | loss=0.000084
Epoch 010 | Step 20 | lr=2.447174e-05 | loss=0.000086
Epoch 010 | Step 30 | lr=2.447174e-05 | loss=0.000084
Epoch 010 | Step 40 | lr=2.447174e-05 | loss=0.000086
Epoch 010 | Step 50 | lr=2.447174e-05 | loss=0.000090
Epoch 010 | Step 60 | lr=2.447174e-05 | loss=0.000086
Epoch 010 | Step 70 | lr=2.447174e-05 | loss=0.000089
Epoch 010 | Step 80 | lr=2.447174e-05 | loss=0.000089
Epoch 010 | Step 90 | lr=2.447174e-05 | loss=0.000084
Epoch 010 | Step 100 | lr=2.447174e-05 | loss=0.000092
Epoch 010 | Step 110 | lr=2.447174e-05 | loss=0.000081
Epoch 010 | Step 120 | lr=2.447174e-05 | loss=0.000079
Epoch 010 | Step 130 | lr=2.447174e-05 | loss=0.000079
Epoch 010 | Step 140 | lr=2.447174e-05 | loss=0.000089
Epoch 010 | Step 150 | lr=2.447174e-05 | loss=0.000087
Epoch 010 | Step 160 | lr=2.447174e-05 | loss=0.000092
Epoch 010 | Step 170 | lr=2.447174e-05 | loss=0.000081
Epoch 010 | Step 180 | lr=2.447174e-05 | loss=0.000088
Epoch 010 | Step 190 | lr=2.447174e-05 | loss=0.000091
Epoch 010 | Step 200 | lr=2.447174e-05 | loss=0.000086
Epoch 010 | Step 210 | lr=2.447174e-05 | loss=0.000080
Epoch 010 | Step 220 | lr=2.447174e-05 | loss=0.000084
Epoch 010 | Step 230 | lr=2.447174e-05 | loss=0.000093
Epoch 010 | Step 240 | lr=2.447174e-05 | loss=0.000083
Epoch 010 | Step 250 | lr=2.447174e-05 | loss=0.000081
Epoch 010 | Step 260 | lr=2.447174e-05 | loss=0.000078
Epoch 010 | Step 270 | lr=2.447174e-05 | loss=0.000087
Epoch 010 | Step 280 | lr=2.447174e-05 | loss=0.000079
Epoch 010 | Step 290 | lr=2.447174e-05 | loss=0.000078
Epoch 010 | Step 300 | lr=2.447174e-05 | loss=0.000087
Epoch 010 | Step 310 | lr=2.447174e-05 | loss=0.000085
Epoch 010 | Step 320 | lr=2.447174e-05 | loss=0.000087
Epoch 010 | Step 330 | lr=2.447174e-05 | loss=0.000088
Epoch 010 | Step 340 | lr=2.447174e-05 | loss=0.000081
Epoch 010 | Step 350 | lr=2.447174e-05 | loss=0.000085
Epoch 010 | Step 360 | lr=2.447174e-05 | loss=0.000084
Epoch 010 | Step 370 | lr=2.447174e-05 | loss=0.000079
Epoch 010 | Step 380 | lr=2.447174e-05 | loss=0.000081
Epoch 010 | Step 390 | lr=2.447174e-05 | loss=0.000088
Epoch 010 | Step 400 | lr=2.447174e-05 | loss=0.000085
Epoch 010 | Step 410 | lr=2.447174e-05 | loss=0.000086
Epoch 010 | Step 420 | lr=2.447174e-05 | loss=0.000083
Epoch 010 | Step 430 | lr=2.447174e-05 | loss=0.000075
Epoch 010 | Step 440 | lr=2.447174e-05 | loss=0.000080
Epoch 010 | Step 450 | lr=2.447174e-05 | loss=0.000084
Epoch 010 | Step 460 | lr=2.447174e-05 | loss=0.000079
Epoch 010 | Step 470 | lr=2.447174e-05 | loss=0.000081
Epoch 010 | Step 480 | lr=2.447174e-05 | loss=0.000075
Epoch 010 | Step 490 | lr=2.447174e-05 | loss=0.000077
Epoch 010 | Step 500 | lr=2.447174e-05 | loss=0.000084
Epoch 010 | Step 510 | lr=2.447174e-05 | loss=0.000084
Epoch 010 | Step 520 | lr=2.447174e-05 | loss=0.000085
Epoch 010 | Step 530 | lr=2.447174e-05 | loss=0.000089
Epoch 010 | Step 540 | lr=2.447174e-05 | loss=0.000079
Epoch 010 | Step 550 | lr=2.447174e-05 | loss=0.000079
Epoch 010 | Step 560 | lr=2.447174e-05 | loss=0.000083
Epoch 010 | Step 570 | lr=2.447174e-05 | loss=0.000082
Epoch 010 | Step 580 | lr=2.447174e-05 | loss=0.000085
Epoch 010 | Step 590 | lr=2.447174e-05 | loss=0.000086
Epoch 010 | Step 600 | lr=2.447174e-05 | loss=0.000083
Epoch 010 | Step 610 | lr=2.447174e-05 | loss=0.000087
Epoch 010 | Step 620 | lr=2.447174e-05 | loss=0.000080
Epoch 010 | Step 630 | lr=2.447174e-05 | loss=0.000085
Epoch 010 | Step 640 | lr=2.447174e-05 | loss=0.000079
Epoch 010 | Step 650 | lr=2.447174e-05 | loss=0.000085
Epoch 010 | Step 660 | lr=2.447174e-05 | loss=0.000081
Epoch 010 | Step 670 | lr=2.447174e-05 | loss=0.000088
Epoch 010 | Step 680 | lr=2.447174e-05 | loss=0.000089
Epoch 010 | Step 690 | lr=2.447174e-05 | loss=0.000085
Epoch 010 | Step 700 | lr=2.447174e-05 | loss=0.000085
Epoch 010 | Step 710 | lr=2.447174e-05 | loss=0.000085
Epoch 010 | Step 720 | lr=2.447174e-05 | loss=0.000083
Epoch 010 | Step 730 | lr=2.447174e-05 | loss=0.000081
Epoch 010 | Step 740 | lr=2.447174e-05 | loss=0.000084
Epoch 010 | Step 750 | lr=2.447174e-05 | loss=0.000083
Epoch 010 | Step 760 | lr=2.447174e-05 | loss=0.000079
Epoch 010 | Step 770 | lr=2.447174e-05 | loss=0.000089
Epoch 010 | Step 780 | lr=2.447174e-05 | loss=0.000084
Epoch 010 | Step 790 | lr=2.447174e-05 | loss=0.000085
Epoch 010 | Step 800 | lr=2.447174e-05 | loss=0.000084
Epoch 010 | Step 810 | lr=2.447174e-05 | loss=0.000079
Epoch 010 | Step 820 | lr=2.447174e-05 | loss=0.000082
Epoch 010 | Step 830 | lr=2.447174e-05 | loss=0.000079
Epoch 010 | Step 840 | lr=2.447174e-05 | loss=0.000086
Epoch 010 | Step 850 | lr=2.447174e-05 | loss=0.000090
Epoch 010 | Step 860 | lr=2.447174e-05 | loss=0.000081
Epoch 010 | Step 870 | lr=2.447174e-05 | loss=0.000084
Epoch 010 | Step 880 | lr=2.447174e-05 | loss=0.000085
Epoch 010 | Step 890 | lr=2.447174e-05 | loss=0.000075
Epoch 010 | Step 900 | lr=2.447174e-05 | loss=0.000081
Epoch 010 | Step 910 | lr=2.447174e-05 | loss=0.000082
Epoch 010 | Step 920 | lr=2.447174e-05 | loss=0.000087
Epoch 010 | Step 930 | lr=2.447174e-05 | loss=0.000084
Epoch 010 | Step 940 | lr=2.447174e-05 | loss=0.000088
Epoch 010 | Step 950 | lr=2.447174e-05 | loss=0.000095
Epoch 010 | Step 960 | lr=2.447174e-05 | loss=0.000087
Epoch 010 | Step 970 | lr=2.447174e-05 | loss=0.000081
Epoch 010 | Step 980 | lr=2.447174e-05 | loss=0.000081
Epoch 010 | Step 990 | lr=2.447174e-05 | loss=0.000084
Epoch 010 | Step 1000 | lr=2.447174e-05 | loss=0.000080
Epoch 010 | Step 1010 | lr=2.447174e-05 | loss=0.000087
Epoch 010 | Step 1020 | lr=2.447174e-05 | loss=0.000085
Epoch 010 | Step 1030 | lr=2.447174e-05 | loss=0.000080
Epoch 010 | Step 1040 | lr=2.447174e-05 | loss=0.000083
Epoch 010 | Step 1050 | lr=2.447174e-05 | loss=0.000082
Epoch 010 | Step 1060 | lr=2.447174e-05 | loss=0.000083
Epoch 010 | Step 1070 | lr=2.447174e-05 | loss=0.000081
Epoch 010 | Step 1080 | lr=2.447174e-05 | loss=0.000079
Epoch 010 | Step 1090 | lr=2.447174e-05 | loss=0.000086
Epoch 010 | Step 1100 | lr=2.447174e-05 | loss=0.000074
Epoch 010 | Step 1110 | lr=2.447174e-05 | loss=0.000082
Epoch 010 | Step 1120 | lr=2.447174e-05 | loss=0.000086
Epoch 010 | Step 1130 | lr=2.447174e-05 | loss=0.000085
Epoch 010 | Step 1140 | lr=2.447174e-05 | loss=0.000082
Epoch 010 | Step 1150 | lr=2.447174e-05 | loss=0.000091
Epoch 010 | Step 1160 | lr=2.447174e-05 | loss=0.000082
Epoch 010 | Step 1170 | lr=2.447174e-05 | loss=0.000083
Epoch 010 | Step 1180 | lr=2.447174e-05 | loss=0.000078
Epoch 010 | Step 1190 | lr=2.447174e-05 | loss=0.000085
Epoch 010 | Step 1200 | lr=2.447174e-05 | loss=0.000087
Epoch 010 | Step 1210 | lr=2.447174e-05 | loss=0.000078
Epoch 010 | Step 1220 | lr=2.447174e-05 | loss=0.000085
Epoch 010 | Step 1230 | lr=2.447174e-05 | loss=0.000087
Epoch 010 | Step 1240 | lr=2.447174e-05 | loss=0.000080
Epoch 010 | Step 1250 | lr=2.447174e-05 | loss=0.000080
Epoch 010 | Step 1260 | lr=2.447174e-05 | loss=0.000085
Epoch 010 | Step 1270 | lr=2.447174e-05 | loss=0.000084
Epoch 010 | Step 1280 | lr=2.447174e-05 | loss=0.000084
Epoch 010 | Step 1290 | lr=2.447174e-05 | loss=0.000087
Epoch 010 | Step 1300 | lr=2.447174e-05 | loss=0.000081
Epoch 010 | Step 1310 | lr=2.447174e-05 | loss=0.000084
Epoch 010 | Step 1320 | lr=2.447174e-05 | loss=0.000087
Epoch 010 | Step 1330 | lr=2.447174e-05 | loss=0.000089
Epoch 010 | Step 1340 | lr=2.447174e-05 | loss=0.000089
Epoch 010 | Step 1350 | lr=2.447174e-05 | loss=0.000076
Epoch 010 | Step 1360 | lr=2.447174e-05 | loss=0.000078
Epoch 010 | Step 1370 | lr=2.447174e-05 | loss=0.000081
Epoch 010 | Step 1380 | lr=2.447174e-05 | loss=0.000086
Epoch 010 | Step 1390 | lr=2.447174e-05 | loss=0.000087
Epoch 010 | Step 1400 | lr=2.447174e-05 | loss=0.000083
Epoch 010 | Step 1410 | lr=2.447174e-05 | loss=0.000089
Epoch 010 | Step 1420 | lr=2.447174e-05 | loss=0.000087
Epoch 010 | Step 1430 | lr=2.447174e-05 | loss=0.000079
Epoch 010 | Step 1440 | lr=2.447174e-05 | loss=0.000084
Epoch 010 | Step 1450 | lr=2.447174e-05 | loss=0.000079
Epoch 010 | Step 1460 | lr=2.447174e-05 | loss=0.000087
Epoch 010 | Step 1470 | lr=2.447174e-05 | loss=0.000083
Epoch 010 | Step 1480 | lr=2.447174e-05 | loss=0.000085
Epoch 010 | Step 1490 | lr=2.447174e-05 | loss=0.000083
Epoch 010 | Step 1500 | lr=2.447174e-05 | loss=0.000082
Epoch 010 | Step 1510 | lr=2.447174e-05 | loss=0.000089
Epoch 010 | Step 1520 | lr=2.447174e-05 | loss=0.000087
Epoch 010 | Step 1530 | lr=2.447174e-05 | loss=0.000084
Epoch 010 | Step 1540 | lr=2.447174e-05 | loss=0.000080
Epoch 010 | Step 1550 | lr=2.447174e-05 | loss=0.000085
Epoch 010 | Step 1560 | lr=2.447174e-05 | loss=0.000083
Epoch 010 | Step 1570 | lr=2.447174e-05 | loss=0.000086
Epoch 010 | Step 1580 | lr=2.447174e-05 | loss=0.000079
Epoch 010 | Step 1590 | lr=2.447174e-05 | loss=0.000082
Epoch 010 | Step 1600 | lr=2.447174e-05 | loss=0.000084
Epoch 010 | Step 1610 | lr=2.447174e-05 | loss=0.000081
Epoch 010 | Step 1620 | lr=2.447174e-05 | loss=0.000087
Epoch 010 | Step 1630 | lr=2.447174e-05 | loss=0.000081
Epoch 010 | Step 1640 | lr=2.447174e-05 | loss=0.000084
Epoch 010 | Step 1650 | lr=2.447174e-05 | loss=0.000087
Epoch 010 | Step 1660 | lr=2.447174e-05 | loss=0.000078
Epoch 010 | Step 1670 | lr=2.447174e-05 | loss=0.000085
Epoch 010 | Step 1680 | lr=2.447174e-05 | loss=0.000088
Epoch 010 | Step 1690 | lr=2.447174e-05 | loss=0.000080
Epoch 010 | Step 1700 | lr=2.447174e-05 | loss=0.000085
Epoch 010 | Step 1710 | lr=2.447174e-05 | loss=0.000080
Epoch 010 | Step 1720 | lr=2.447174e-05 | loss=0.000077
Epoch 010 | Step 1730 | lr=2.447174e-05 | loss=0.000083
Epoch 010 | Step 1740 | lr=2.447174e-05 | loss=0.000087
Epoch 010 | Step 1750 | lr=2.447174e-05 | loss=0.000082
Epoch 010 | Step 1760 | lr=2.447174e-05 | loss=0.000081
Epoch 010 | Step 1770 | lr=2.447174e-05 | loss=0.000081
Epoch 010 | Step 1780 | lr=2.447174e-05 | loss=0.000092
Epoch 010 | Step 1790 | lr=2.447174e-05 | loss=0.000078
Epoch 010 | Step 1800 | lr=2.447174e-05 | loss=0.000083
Epoch 010 | Step 1810 | lr=2.447174e-05 | loss=0.000076
Epoch 010 | Step 1820 | lr=2.447174e-05 | loss=0.000088
Epoch 010 | Step 1830 | lr=2.447174e-05 | loss=0.000082
Epoch 010 | Step 1840 | lr=2.447174e-05 | loss=0.000085
Epoch 010 | Step 1850 | lr=2.447174e-05 | loss=0.000087
Epoch 010 | Step 1860 | lr=2.447174e-05 | loss=0.000084
Epoch 010 | Step 1870 | lr=2.447174e-05 | loss=0.000090
Epoch 010 | Step 1880 | lr=2.447174e-05 | loss=0.000087
Epoch 010 | Step 1890 | lr=2.447174e-05 | loss=0.000088
Epoch 010 | Step 1900 | lr=2.447174e-05 | loss=0.000082
Epoch 010 | Step 1910 | lr=2.447174e-05 | loss=0.000086
Epoch 010 | Step 1920 | lr=2.447174e-05 | loss=0.000095
Epoch 010 | Step 1930 | lr=2.447174e-05 | loss=0.000081
epoch 010 | train_kld=0.000083 | val_kld=0.000083 | val_mae=0.002664 | val_mse=0.000083 | ord_acc@10=0.3211 | recall@10=0.8269
Saved epoch 1 batch metrics plot to input/Training_data/gist1M_learn/leafsize20K/model_d256_L4_H8_ff512_topk10_bs256_ep10_lr0.001_wd0.01_mlp_normalizeFalse_posTrue_gatingTrue_loss_typemse/model_d256_L4_H8_ff512_topk10_bs256_ep10_lr0.001_wd0.01_mlp_normalizeFalse_posTrue_gatingTrue_loss_typemse_epoch1_batch_metrics@10.png
Saved epoch metrics plot to input/Training_data/gist1M_learn/leafsize20K/model_d256_L4_H8_ff512_topk10_bs256_ep10_lr0.001_wd0.01_mlp_normalizeFalse_posTrue_gatingTrue_loss_typemse/model_d256_L4_H8_ff512_topk10_bs256_ep10_lr0.001_wd0.01_mlp_normalizeFalse_posTrue_gatingTrue_loss_typemse_epoch_metrics.png
best val_kld: 0.000083 at epoch 10
